File accession	File format	File type	File format type	Output type	File assembly	Experiment accession	Assay	Donor(s)	Biosample term id	Biosample term name	Biosample type	Biosample organism	Biosample treatments	Biosample treatments amount	Biosample treatments duration	Biosample genetic modifications methods	Biosample genetic modifications categories	Biosample genetic modifications targets	Biosample genetic modifications gene targets	Biosample genetic modifications site coordinates	Biosample genetic modifications zygosity	Experiment target	Library made from	Library depleted in	Library extraction method	Library lysis method	Library crosslinking method	Library strand specific	Experiment date released	Project	RBNS protein concentration	Library fragmentation method	Library size range	Biological replicate(s)	Technical replicate(s)	Read length	Mapped read length	Run type	Paired end	Paired with	Index of	Derived from	Size	Lab	md5sum	dbxrefs	File download URL	Genome annotation	Platform	Controlled by	File Status	s3_uri	Azure URL	File analysis title	File analysis status	Audit WARNING	Audit NOT_COMPLIANT	Audit ERROR
ENCFF297CPZ	bam	bam		alignments	hg19	ENCSR069EVH	eCLIP	/human-donors/ENCDO000AAD/	EFO:0002067	K562	cell line	Homo sapiens										FUS-human	RNA				ultraviolet irradiation	strand-specific	2018-08-30	ENCODE		see document	175-300	1	1_1		40					/files/ENCFF307BRQ/, /files/ENCFF841ZLV/	1246437424	Gene Yeo, UCSD	1179c72b5ab93e40ce7b3a57af8324c1		https://www.encodeproject.org/files/ENCFF297CPZ/@@download/ENCFF297CPZ.bam				released	s3://encode-public/2018/04/29/119fdc0d-436a-474a-ab67-f700db39d6b5/ENCFF297CPZ.bam	https://datasetencode.blob.core.windows.net/dataset/2018/04/29/119fdc0d-436a-474a-ab67-f700db39d6b5/ENCFF297CPZ.bam?sv=2019-10-10&si=prod&sr=c&sig=9qSQZo4ggrCNpybBExU8SypuUZV33igI11xw0P7rB3c%3D	Lab custom hg19	archived			
ENCFF763LLF	bam	bam		alignments	hg19	ENCSR069EVH	eCLIP	/human-donors/ENCDO000AAD/	EFO:0002067	K562	cell line	Homo sapiens										FUS-human	RNA				ultraviolet irradiation	strand-specific	2018-08-30	ENCODE		see document	175-300	2	2_1		40					/files/ENCFF336ZEJ/, /files/ENCFF554AWP/	1035483880	Gene Yeo, UCSD	422f1a44e1d8d518048e16d0d17395ff		https://www.encodeproject.org/files/ENCFF763LLF/@@download/ENCFF763LLF.bam				released	s3://encode-public/2018/04/29/4cc2bc46-59fb-48a7-8b9f-eae329858432/ENCFF763LLF.bam	https://datasetencode.blob.core.windows.net/dataset/2018/04/29/4cc2bc46-59fb-48a7-8b9f-eae329858432/ENCFF763LLF.bam?sv=2019-10-10&si=prod&sr=c&sig=9qSQZo4ggrCNpybBExU8SypuUZV33igI11xw0P7rB3c%3D	Lab custom hg19	archived			
ENCFF210ZRQ	bam	bam		alignments	GRCh38	ENCSR069EVH	eCLIP	/human-donors/ENCDO000AAD/	EFO:0002067	K562	cell line	Homo sapiens										FUS-human	RNA				ultraviolet irradiation	strand-specific	2018-08-30	ENCODE		see document	175-300	1	1_1		40					/files/ENCFF307BRQ/, /files/ENCFF841ZLV/	1172640539	Gene Yeo, UCSD	66aea4966d7b513f067b6c4d0c70b58d		https://www.encodeproject.org/files/ENCFF210ZRQ/@@download/ENCFF210ZRQ.bam				released	s3://encode-public/2018/04/29/125b6770-4bc2-43c2-8eac-c31a0c4038da/ENCFF210ZRQ.bam	https://datasetencode.blob.core.windows.net/dataset/2018/04/29/125b6770-4bc2-43c2-8eac-c31a0c4038da/ENCFF210ZRQ.bam?sv=2019-10-10&si=prod&sr=c&sig=9qSQZo4ggrCNpybBExU8SypuUZV33igI11xw0P7rB3c%3D	Lab custom GRCh38	released			
ENCFF341YQM	bam	bam		alignments	GRCh38	ENCSR069EVH	eCLIP	/human-donors/ENCDO000AAD/	EFO:0002067	K562	cell line	Homo sapiens										FUS-human	RNA				ultraviolet irradiation	strand-specific	2018-08-30	ENCODE		see document	175-300	2	2_1		40					/files/ENCFF336ZEJ/, /files/ENCFF554AWP/	992938436	Gene Yeo, UCSD	6f7a863a060f688be80d4fc821afd1cf		https://www.encodeproject.org/files/ENCFF341YQM/@@download/ENCFF341YQM.bam				released	s3://encode-public/2018/04/29/26223093-8568-4d74-a5f9-08f44eb9eedd/ENCFF341YQM.bam	https://datasetencode.blob.core.windows.net/dataset/2018/04/29/26223093-8568-4d74-a5f9-08f44eb9eedd/ENCFF341YQM.bam?sv=2019-10-10&si=prod&sr=c&sig=9qSQZo4ggrCNpybBExU8SypuUZV33igI11xw0P7rB3c%3D	Lab custom GRCh38	released			
ENCFF270YPL	bam	bam		alignments	hg19	ENCSR586DGV	eCLIP	/human-donors/ENCDO000AAD/	EFO:0002067	K562	cell line	Homo sapiens										ZNF800-human	RNA				ultraviolet irradiation	strand-specific	2018-08-30	ENCODE		see document	175-300	1	1_1		40					/files/ENCFF737XQX/, /files/ENCFF631INY/	137544845	Gene Yeo, UCSD	38e5f3f62ece6d866af5d3a2170aaff4		https://www.encodeproject.org/files/ENCFF270YPL/@@download/ENCFF270YPL.bam				released	s3://encode-public/2018/04/29/7480aba6-df9f-4dd4-889a-90c78cecf423/ENCFF270YPL.bam	https://datasetencode.blob.core.windows.net/dataset/2018/04/29/7480aba6-df9f-4dd4-889a-90c78cecf423/ENCFF270YPL.bam?sv=2019-10-10&si=prod&sr=c&sig=9qSQZo4ggrCNpybBExU8SypuUZV33igI11xw0P7rB3c%3D	Lab custom hg19	archived	antibody characterized with exemption, mixed read lengths		
ENCFF303MEM	bam	bam		alignments	hg19	ENCSR586DGV	eCLIP	/human-donors/ENCDO000AAD/	EFO:0002067	K562	cell line	Homo sapiens										ZNF800-human	RNA				ultraviolet irradiation	strand-specific	2018-08-30	ENCODE		see document	175-300	2	2_1		43					/files/ENCFF642EHH/, /files/ENCFF009EJC/	198574035	Gene Yeo, UCSD	0f59d31582f2d7f4ce843d3b2429d960		https://www.encodeproject.org/files/ENCFF303MEM/@@download/ENCFF303MEM.bam				released	s3://encode-public/2018/04/29/2d501b3f-2792-4f05-8f2b-e42ddfe92f33/ENCFF303MEM.bam	https://datasetencode.blob.core.windows.net/dataset/2018/04/29/2d501b3f-2792-4f05-8f2b-e42ddfe92f33/ENCFF303MEM.bam?sv=2019-10-10&si=prod&sr=c&sig=9qSQZo4ggrCNpybBExU8SypuUZV33igI11xw0P7rB3c%3D	Lab custom hg19	archived	antibody characterized with exemption, mixed read lengths		
ENCFF693MLV	bam	bam		alignments	GRCh38	ENCSR586DGV	eCLIP	/human-donors/ENCDO000AAD/	EFO:0002067	K562	cell line	Homo sapiens										ZNF800-human	RNA				ultraviolet irradiation	strand-specific	2018-08-30	ENCODE		see document	175-300	1	1_1		40					/files/ENCFF737XQX/, /files/ENCFF631INY/	129622690	Gene Yeo, UCSD	d78b12646b3d41d6b74185c7ec8f04b0		https://www.encodeproject.org/files/ENCFF693MLV/@@download/ENCFF693MLV.bam				released	s3://encode-public/2018/04/29/1e2de08e-4b50-467b-80b0-cc5c4bc6c023/ENCFF693MLV.bam	https://datasetencode.blob.core.windows.net/dataset/2018/04/29/1e2de08e-4b50-467b-80b0-cc5c4bc6c023/ENCFF693MLV.bam?sv=2019-10-10&si=prod&sr=c&sig=9qSQZo4ggrCNpybBExU8SypuUZV33igI11xw0P7rB3c%3D	Lab custom GRCh38	released	antibody characterized with exemption, mixed read lengths		
ENCFF420ZEI	bam	bam		alignments	GRCh38	ENCSR586DGV	eCLIP	/human-donors/ENCDO000AAD/	EFO:0002067	K562	cell line	Homo sapiens										ZNF800-human	RNA				ultraviolet irradiation	strand-specific	2018-08-30	ENCODE		see document	175-300	2	2_1		43					/files/ENCFF642EHH/, /files/ENCFF009EJC/	193379750	Gene Yeo, UCSD	8597dd9595aa418c85f41682a3bdb3e5		https://www.encodeproject.org/files/ENCFF420ZEI/@@download/ENCFF420ZEI.bam				released	s3://encode-public/2018/04/29/c3078fea-6cc9-40ad-9d43-6357834aef80/ENCFF420ZEI.bam	https://datasetencode.blob.core.windows.net/dataset/2018/04/29/c3078fea-6cc9-40ad-9d43-6357834aef80/ENCFF420ZEI.bam?sv=2019-10-10&si=prod&sr=c&sig=9qSQZo4ggrCNpybBExU8SypuUZV33igI11xw0P7rB3c%3D	Lab custom GRCh38	released	antibody characterized with exemption, mixed read lengths		
ENCFF356MCF	bam	bam		alignments	hg19	ENCSR970FEW	eCLIP	/human-donors/ENCDO000AAC/	EFO:0001187	HepG2	cell line	Homo sapiens										DDX52-human	RNA				ultraviolet irradiation	strand-specific	2018-08-30	ENCODE		see document	175-300	2	2_1		41					/files/ENCFF560TLH/, /files/ENCFF522NFJ/	393232437	Gene Yeo, UCSD	64fc164125124e66e6bd96f0f0866d4a		https://www.encodeproject.org/files/ENCFF356MCF/@@download/ENCFF356MCF.bam				released	s3://encode-public/2018/04/29/62fb3305-0dcf-4686-9533-3b6af52a8d33/ENCFF356MCF.bam	https://datasetencode.blob.core.windows.net/dataset/2018/04/29/62fb3305-0dcf-4686-9533-3b6af52a8d33/ENCFF356MCF.bam?sv=2019-10-10&si=prod&sr=c&sig=9qSQZo4ggrCNpybBExU8SypuUZV33igI11xw0P7rB3c%3D	Lab custom hg19	archived			
ENCFF879GTY	bam	bam		alignments	hg19	ENCSR970FEW	eCLIP	/human-donors/ENCDO000AAC/	EFO:0001187	HepG2	cell line	Homo sapiens										DDX52-human	RNA				ultraviolet irradiation	strand-specific	2018-08-30	ENCODE		see document	175-300	1	1_1		41					/files/ENCFF479WLK/, /files/ENCFF939HML/	363873337	Gene Yeo, UCSD	be13189c1253d161e3b73c0203cba9da		https://www.encodeproject.org/files/ENCFF879GTY/@@download/ENCFF879GTY.bam				released	s3://encode-public/2018/04/29/08ca9376-18d5-4ea1-bda9-d62b1c18d235/ENCFF879GTY.bam	https://datasetencode.blob.core.windows.net/dataset/2018/04/29/08ca9376-18d5-4ea1-bda9-d62b1c18d235/ENCFF879GTY.bam?sv=2019-10-10&si=prod&sr=c&sig=9qSQZo4ggrCNpybBExU8SypuUZV33igI11xw0P7rB3c%3D	Lab custom hg19	archived			
ENCFF340WIB	bam	bam		alignments	GRCh38	ENCSR970FEW	eCLIP	/human-donors/ENCDO000AAC/	EFO:0001187	HepG2	cell line	Homo sapiens										DDX52-human	RNA				ultraviolet irradiation	strand-specific	2018-08-30	ENCODE		see document	175-300	1	1_1		41					/files/ENCFF479WLK/, /files/ENCFF939HML/	351158609	Gene Yeo, UCSD	491ff6e60b35e42740399dfe58f4a1e4		https://www.encodeproject.org/files/ENCFF340WIB/@@download/ENCFF340WIB.bam				released	s3://encode-public/2018/04/29/6a23a852-d1ca-4abe-9fcc-311ba779be22/ENCFF340WIB.bam	https://datasetencode.blob.core.windows.net/dataset/2018/04/29/6a23a852-d1ca-4abe-9fcc-311ba779be22/ENCFF340WIB.bam?sv=2019-10-10&si=prod&sr=c&sig=9qSQZo4ggrCNpybBExU8SypuUZV33igI11xw0P7rB3c%3D	Lab custom GRCh38	released			
ENCFF618EON	bam	bam		alignments	GRCh38	ENCSR970FEW	eCLIP	/human-donors/ENCDO000AAC/	EFO:0001187	HepG2	cell line	Homo sapiens										DDX52-human	RNA				ultraviolet irradiation	strand-specific	2018-08-30	ENCODE		see document	175-300	2	2_1		41					/files/ENCFF560TLH/, /files/ENCFF522NFJ/	375830548	Gene Yeo, UCSD	d5b89ddd48f24b486c85be56d301f95d		https://www.encodeproject.org/files/ENCFF618EON/@@download/ENCFF618EON.bam				released	s3://encode-public/2018/04/29/b3bb6850-15df-4fb7-982a-f3491c835d03/ENCFF618EON.bam	https://datasetencode.blob.core.windows.net/dataset/2018/04/29/b3bb6850-15df-4fb7-982a-f3491c835d03/ENCFF618EON.bam?sv=2019-10-10&si=prod&sr=c&sig=9qSQZo4ggrCNpybBExU8SypuUZV33igI11xw0P7rB3c%3D	Lab custom GRCh38	released			
ENCFF376EDQ	bam	bam		alignments	hg19	ENCSR876EYA	eCLIP	/human-donors/ENCDO000AAC/	EFO:0001187	HepG2	cell line	Homo sapiens										BCLAF1-human	RNA				ultraviolet irradiation	strand-specific	2018-08-30	ENCODE		see document	175-300	1	1_1		41					/files/ENCFF463HOI/, /files/ENCFF695FAB/	485596352	Gene Yeo, UCSD	8a25fa9642b99560affc739eb9d0bd52		https://www.encodeproject.org/files/ENCFF376EDQ/@@download/ENCFF376EDQ.bam				released	s3://encode-public/2018/04/29/c8a5be28-c7c9-4b50-98f3-9d65f53dea60/ENCFF376EDQ.bam	https://datasetencode.blob.core.windows.net/dataset/2018/04/29/c8a5be28-c7c9-4b50-98f3-9d65f53dea60/ENCFF376EDQ.bam?sv=2019-10-10&si=prod&sr=c&sig=9qSQZo4ggrCNpybBExU8SypuUZV33igI11xw0P7rB3c%3D	Lab custom hg19	archived			
ENCFF139XGO	bam	bam		alignments	hg19	ENCSR876EYA	eCLIP	/human-donors/ENCDO000AAC/	EFO:0001187	HepG2	cell line	Homo sapiens										BCLAF1-human	RNA				ultraviolet irradiation	strand-specific	2018-08-30	ENCODE		see document	175-300	2	2_1		41					/files/ENCFF033JHH/, /files/ENCFF490SCE/	738960066	Gene Yeo, UCSD	f6d19b149f5ed1bd81de68065c33fd74		https://www.encodeproject.org/files/ENCFF139XGO/@@download/ENCFF139XGO.bam				released	s3://encode-public/2018/04/29/456a94ce-14ee-4156-a416-58a63e1b05ee/ENCFF139XGO.bam	https://datasetencode.blob.core.windows.net/dataset/2018/04/29/456a94ce-14ee-4156-a416-58a63e1b05ee/ENCFF139XGO.bam?sv=2019-10-10&si=prod&sr=c&sig=9qSQZo4ggrCNpybBExU8SypuUZV33igI11xw0P7rB3c%3D	Lab custom hg19	archived			
ENCFF510PFS	bam	bam		alignments	GRCh38	ENCSR876EYA	eCLIP	/human-donors/ENCDO000AAC/	EFO:0001187	HepG2	cell line	Homo sapiens										BCLAF1-human	RNA				ultraviolet irradiation	strand-specific	2018-08-30	ENCODE		see document	175-300	1	1_1		41					/files/ENCFF463HOI/, /files/ENCFF695FAB/	472616637	Gene Yeo, UCSD	d4f7cfe7ebc7767203eab883cf572a88		https://www.encodeproject.org/files/ENCFF510PFS/@@download/ENCFF510PFS.bam				released	s3://encode-public/2018/04/29/660ea5a3-09da-44ec-a686-d8d66abc38c5/ENCFF510PFS.bam	https://datasetencode.blob.core.windows.net/dataset/2018/04/29/660ea5a3-09da-44ec-a686-d8d66abc38c5/ENCFF510PFS.bam?sv=2019-10-10&si=prod&sr=c&sig=9qSQZo4ggrCNpybBExU8SypuUZV33igI11xw0P7rB3c%3D	Lab custom GRCh38	released			
ENCFF673LOJ	bam	bam		alignments	GRCh38	ENCSR876EYA	eCLIP	/human-donors/ENCDO000AAC/	EFO:0001187	HepG2	cell line	Homo sapiens										BCLAF1-human	RNA				ultraviolet irradiation	strand-specific	2018-08-30	ENCODE		see document	175-300	2	2_1		41					/files/ENCFF033JHH/, /files/ENCFF490SCE/	709611825	Gene Yeo, UCSD	e2d7f9eb1d58325e4da0257dd0f70371		https://www.encodeproject.org/files/ENCFF673LOJ/@@download/ENCFF673LOJ.bam				released	s3://encode-public/2018/04/29/9708f41d-b9b6-4eaf-9f0b-408f85425a3a/ENCFF673LOJ.bam	https://datasetencode.blob.core.windows.net/dataset/2018/04/29/9708f41d-b9b6-4eaf-9f0b-408f85425a3a/ENCFF673LOJ.bam?sv=2019-10-10&si=prod&sr=c&sig=9qSQZo4ggrCNpybBExU8SypuUZV33igI11xw0P7rB3c%3D	Lab custom GRCh38	released			
ENCFF144JVB	bam	bam		alignments	hg19	ENCSR693JWP	eCLIP	/human-donors/ENCDO000AAC/	EFO:0001187	HepG2	cell line	Homo sapiens										EXOSC5-human	RNA				ultraviolet irradiation	strand-specific	2018-08-30	ENCODE		see document	175-300	2	2_1		38					/files/ENCFF578XQC/, /files/ENCFF383ASP/, /files/ENCFF735QHY/, /files/ENCFF261AZU/, /files/ENCFF603RJN/, /files/ENCFF622OZH/, /files/ENCFF165IYB/, /files/ENCFF050JGG/	120213669	Gene Yeo, UCSD	812f551995f8198faefbaaad47ed5655		https://www.encodeproject.org/files/ENCFF144JVB/@@download/ENCFF144JVB.bam				released	s3://encode-public/2018/04/29/6cf7d522-8adf-4239-b1a8-f9edaae1fc2c/ENCFF144JVB.bam	https://datasetencode.blob.core.windows.net/dataset/2018/04/29/6cf7d522-8adf-4239-b1a8-f9edaae1fc2c/ENCFF144JVB.bam?sv=2019-10-10&si=prod&sr=c&sig=9qSQZo4ggrCNpybBExU8SypuUZV33igI11xw0P7rB3c%3D	Lab custom hg19	archived	mixed read lengths		
ENCFF535JNJ	bam	bam		alignments	hg19	ENCSR693JWP	eCLIP	/human-donors/ENCDO000AAC/	EFO:0001187	HepG2	cell line	Homo sapiens										EXOSC5-human	RNA				ultraviolet irradiation	strand-specific	2018-08-30	ENCODE		see document	175-300	1	1_1		43					/files/ENCFF173ODI/, /files/ENCFF507EGU/	122349208	Gene Yeo, UCSD	02965feea7350e8caf03db4445f19a65		https://www.encodeproject.org/files/ENCFF535JNJ/@@download/ENCFF535JNJ.bam				released	s3://encode-public/2018/04/29/014284b5-ef06-4f2f-a858-c198ab78e361/ENCFF535JNJ.bam	https://datasetencode.blob.core.windows.net/dataset/2018/04/29/014284b5-ef06-4f2f-a858-c198ab78e361/ENCFF535JNJ.bam?sv=2019-10-10&si=prod&sr=c&sig=9qSQZo4ggrCNpybBExU8SypuUZV33igI11xw0P7rB3c%3D	Lab custom hg19	archived	mixed read lengths		
ENCFF216VBT	bam	bam		alignments	GRCh38	ENCSR693JWP	eCLIP	/human-donors/ENCDO000AAC/	EFO:0001187	HepG2	cell line	Homo sapiens										EXOSC5-human	RNA				ultraviolet irradiation	strand-specific	2018-08-30	ENCODE		see document	175-300	1	1_1		43					/files/ENCFF173ODI/, /files/ENCFF507EGU/	116664099	Gene Yeo, UCSD	110dee30062ed60c5fe8b98945a06951		https://www.encodeproject.org/files/ENCFF216VBT/@@download/ENCFF216VBT.bam				released	s3://encode-public/2018/04/29/7d683561-f80d-48de-ab94-2cd9493a291a/ENCFF216VBT.bam	https://datasetencode.blob.core.windows.net/dataset/2018/04/29/7d683561-f80d-48de-ab94-2cd9493a291a/ENCFF216VBT.bam?sv=2019-10-10&si=prod&sr=c&sig=9qSQZo4ggrCNpybBExU8SypuUZV33igI11xw0P7rB3c%3D	Lab custom GRCh38	released	mixed read lengths		
ENCFF405ERW	bam	bam		alignments	GRCh38	ENCSR693JWP	eCLIP	/human-donors/ENCDO000AAC/	EFO:0001187	HepG2	cell line	Homo sapiens										EXOSC5-human	RNA				ultraviolet irradiation	strand-specific	2018-08-30	ENCODE		see document	175-300	2	2_1		38					/files/ENCFF578XQC/, /files/ENCFF383ASP/, /files/ENCFF735QHY/, /files/ENCFF261AZU/, /files/ENCFF603RJN/, /files/ENCFF622OZH/, /files/ENCFF165IYB/, /files/ENCFF050JGG/	115175424	Gene Yeo, UCSD	9cb92ce97842be52796cb7e2f25bc9c4		https://www.encodeproject.org/files/ENCFF405ERW/@@download/ENCFF405ERW.bam				released	s3://encode-public/2018/04/29/e28e9531-5029-49b2-8852-5243264577f9/ENCFF405ERW.bam	https://datasetencode.blob.core.windows.net/dataset/2018/04/29/e28e9531-5029-49b2-8852-5243264577f9/ENCFF405ERW.bam?sv=2019-10-10&si=prod&sr=c&sig=9qSQZo4ggrCNpybBExU8SypuUZV33igI11xw0P7rB3c%3D	Lab custom GRCh38	released	mixed read lengths		
ENCFF262TRZ	bam	bam		alignments	hg19	ENCSR906ZJF	eCLIP	/human-donors/ENCDO000AAD/	EFO:0002067	K562	cell line	Homo sapiens										SDAD1-human	RNA				ultraviolet irradiation	strand-specific	2018-08-30	ENCODE		see document	175-300	2	2_1		38					/files/ENCFF646DAJ/, /files/ENCFF856AGT/	64296890	Gene Yeo, UCSD	7d1eb9eca5dd6df8d0336a02ba5da31a		https://www.encodeproject.org/files/ENCFF262TRZ/@@download/ENCFF262TRZ.bam				released	s3://encode-public/2018/04/29/edc0f237-56f4-4214-94e1-21b1a454848a/ENCFF262TRZ.bam	https://datasetencode.blob.core.windows.net/dataset/2018/04/29/edc0f237-56f4-4214-94e1-21b1a454848a/ENCFF262TRZ.bam?sv=2019-10-10&si=prod&sr=c&sig=9qSQZo4ggrCNpybBExU8SypuUZV33igI11xw0P7rB3c%3D	Lab custom hg19	archived	mixed read lengths		
ENCFF998XEU	bam	bam		alignments	hg19	ENCSR906ZJF	eCLIP	/human-donors/ENCDO000AAD/	EFO:0002067	K562	cell line	Homo sapiens										SDAD1-human	RNA				ultraviolet irradiation	strand-specific	2018-08-30	ENCODE		see document	175-300	1	1_1		35					/files/ENCFF012LSN/, /files/ENCFF019OYM/	35063393	Gene Yeo, UCSD	098b4f7a24fae03caba39a1a9dcd7823		https://www.encodeproject.org/files/ENCFF998XEU/@@download/ENCFF998XEU.bam				released	s3://encode-public/2018/04/29/ea799f6b-5fc5-44b0-807c-fd191643e515/ENCFF998XEU.bam	https://datasetencode.blob.core.windows.net/dataset/2018/04/29/ea799f6b-5fc5-44b0-807c-fd191643e515/ENCFF998XEU.bam?sv=2019-10-10&si=prod&sr=c&sig=9qSQZo4ggrCNpybBExU8SypuUZV33igI11xw0P7rB3c%3D	Lab custom hg19	archived	mixed read lengths		
ENCFF113QBT	bam	bam		alignments	GRCh38	ENCSR906ZJF	eCLIP	/human-donors/ENCDO000AAD/	EFO:0002067	K562	cell line	Homo sapiens										SDAD1-human	RNA				ultraviolet irradiation	strand-specific	2018-08-30	ENCODE		see document	175-300	1	1_1		35					/files/ENCFF012LSN/, /files/ENCFF019OYM/	33577396	Gene Yeo, UCSD	e9aa211810141c602d55262fd419c32c		https://www.encodeproject.org/files/ENCFF113QBT/@@download/ENCFF113QBT.bam				released	s3://encode-public/2018/04/29/2a2d4574-e969-4416-b7cb-094f5af1d2b8/ENCFF113QBT.bam	https://datasetencode.blob.core.windows.net/dataset/2018/04/29/2a2d4574-e969-4416-b7cb-094f5af1d2b8/ENCFF113QBT.bam?sv=2019-10-10&si=prod&sr=c&sig=9qSQZo4ggrCNpybBExU8SypuUZV33igI11xw0P7rB3c%3D	Lab custom GRCh38	released	mixed read lengths		
ENCFF946AMH	bam	bam		alignments	GRCh38	ENCSR906ZJF	eCLIP	/human-donors/ENCDO000AAD/	EFO:0002067	K562	cell line	Homo sapiens										SDAD1-human	RNA				ultraviolet irradiation	strand-specific	2018-08-30	ENCODE		see document	175-300	2	2_1		38					/files/ENCFF646DAJ/, /files/ENCFF856AGT/	62239477	Gene Yeo, UCSD	c4d1b6ccf6627806c96e07bacee9b173		https://www.encodeproject.org/files/ENCFF946AMH/@@download/ENCFF946AMH.bam				released	s3://encode-public/2018/04/29/d214e778-c613-4c31-9a59-483ba10e0e64/ENCFF946AMH.bam	https://datasetencode.blob.core.windows.net/dataset/2018/04/29/d214e778-c613-4c31-9a59-483ba10e0e64/ENCFF946AMH.bam?sv=2019-10-10&si=prod&sr=c&sig=9qSQZo4ggrCNpybBExU8SypuUZV33igI11xw0P7rB3c%3D	Lab custom GRCh38	released	mixed read lengths		
ENCFF251ZRM	bam	bam		alignments	hg19	ENCSR361OCV	eCLIP	/human-donors/ENCDO000AAC/	EFO:0001187	HepG2	cell line	Homo sapiens										NIP7-human	RNA				ultraviolet irradiation	strand-specific	2018-08-30	ENCODE		see document	175-300	1	1_1		40					/files/ENCFF125GZY/, /files/ENCFF134AMO/	48030381	Gene Yeo, UCSD	f00f0b170e5ab61d63d880dd50df3416		https://www.encodeproject.org/files/ENCFF251ZRM/@@download/ENCFF251ZRM.bam				released	s3://encode-public/2018/04/29/af3d16d6-e622-4d48-baa3-723100ac5129/ENCFF251ZRM.bam	https://datasetencode.blob.core.windows.net/dataset/2018/04/29/af3d16d6-e622-4d48-baa3-723100ac5129/ENCFF251ZRM.bam?sv=2019-10-10&si=prod&sr=c&sig=9qSQZo4ggrCNpybBExU8SypuUZV33igI11xw0P7rB3c%3D	Lab custom hg19	archived			
ENCFF048BEP	bam	bam		alignments	hg19	ENCSR361OCV	eCLIP	/human-donors/ENCDO000AAC/	EFO:0001187	HepG2	cell line	Homo sapiens										NIP7-human	RNA				ultraviolet irradiation	strand-specific	2018-08-30	ENCODE		see document	175-300	2	2_1		40					/files/ENCFF260EIZ/, /files/ENCFF427MET/	54277348	Gene Yeo, UCSD	cc4f56f11d7a2fae2682e0ae5d700ad4		https://www.encodeproject.org/files/ENCFF048BEP/@@download/ENCFF048BEP.bam				released	s3://encode-public/2018/04/29/135cfd8b-a72d-4aab-9dfd-d73ba1b32163/ENCFF048BEP.bam	https://datasetencode.blob.core.windows.net/dataset/2018/04/29/135cfd8b-a72d-4aab-9dfd-d73ba1b32163/ENCFF048BEP.bam?sv=2019-10-10&si=prod&sr=c&sig=9qSQZo4ggrCNpybBExU8SypuUZV33igI11xw0P7rB3c%3D	Lab custom hg19	archived			
ENCFF216MCK	bam	bam		alignments	GRCh38	ENCSR361OCV	eCLIP	/human-donors/ENCDO000AAC/	EFO:0001187	HepG2	cell line	Homo sapiens										NIP7-human	RNA				ultraviolet irradiation	strand-specific	2018-08-30	ENCODE		see document	175-300	1	1_1		40					/files/ENCFF125GZY/, /files/ENCFF134AMO/	45909116	Gene Yeo, UCSD	2b0358bae17531c1f809b87960d8e399		https://www.encodeproject.org/files/ENCFF216MCK/@@download/ENCFF216MCK.bam				released	s3://encode-public/2018/04/29/0c04b008-112b-4072-addc-aa68e607e223/ENCFF216MCK.bam	https://datasetencode.blob.core.windows.net/dataset/2018/04/29/0c04b008-112b-4072-addc-aa68e607e223/ENCFF216MCK.bam?sv=2019-10-10&si=prod&sr=c&sig=9qSQZo4ggrCNpybBExU8SypuUZV33igI11xw0P7rB3c%3D	Lab custom GRCh38	released			
ENCFF169ABN	bam	bam		alignments	GRCh38	ENCSR361OCV	eCLIP	/human-donors/ENCDO000AAC/	EFO:0001187	HepG2	cell line	Homo sapiens										NIP7-human	RNA				ultraviolet irradiation	strand-specific	2018-08-30	ENCODE		see document	175-300	2	2_1		40					/files/ENCFF260EIZ/, /files/ENCFF427MET/	51617166	Gene Yeo, UCSD	e03f2c38faedd90502599f7f7cda37f0		https://www.encodeproject.org/files/ENCFF169ABN/@@download/ENCFF169ABN.bam				released	s3://encode-public/2018/04/29/5978f663-ea41-48e2-b410-6ba7f064a3cc/ENCFF169ABN.bam	https://datasetencode.blob.core.windows.net/dataset/2018/04/29/5978f663-ea41-48e2-b410-6ba7f064a3cc/ENCFF169ABN.bam?sv=2019-10-10&si=prod&sr=c&sig=9qSQZo4ggrCNpybBExU8SypuUZV33igI11xw0P7rB3c%3D	Lab custom GRCh38	released			
ENCFF773TEB	bam	bam		alignments	hg19	ENCSR647HOX	eCLIP	/human-donors/ENCDO000AAC/	EFO:0001187	HepG2	cell line	Homo sapiens										HLTF-human	RNA				ultraviolet irradiation	strand-specific	2018-08-30	ENCODE		see document	175-300	2	2_1		41					/files/ENCFF255ZCV/, /files/ENCFF150BXG/	795499440	Gene Yeo, UCSD	dabc9bb9211bced6541dd5ef7a874a09		https://www.encodeproject.org/files/ENCFF773TEB/@@download/ENCFF773TEB.bam				released	s3://encode-public/2018/04/29/04e2afa2-ef96-4896-a617-03f4e9da968d/ENCFF773TEB.bam	https://datasetencode.blob.core.windows.net/dataset/2018/04/29/04e2afa2-ef96-4896-a617-03f4e9da968d/ENCFF773TEB.bam?sv=2019-10-10&si=prod&sr=c&sig=9qSQZo4ggrCNpybBExU8SypuUZV33igI11xw0P7rB3c%3D	Lab custom hg19	archived			
ENCFF748PZV	bam	bam		alignments	hg19	ENCSR647HOX	eCLIP	/human-donors/ENCDO000AAC/	EFO:0001187	HepG2	cell line	Homo sapiens										HLTF-human	RNA				ultraviolet irradiation	strand-specific	2018-08-30	ENCODE		see document	175-300	1	1_1		41					/files/ENCFF992EIC/, /files/ENCFF622ZDB/	810961355	Gene Yeo, UCSD	da3e141715c2b3a44ca5b33e4c9f69df		https://www.encodeproject.org/files/ENCFF748PZV/@@download/ENCFF748PZV.bam				released	s3://encode-public/2018/04/29/5172117f-6c38-4ed7-91ca-c0eeed5d6a19/ENCFF748PZV.bam	https://datasetencode.blob.core.windows.net/dataset/2018/04/29/5172117f-6c38-4ed7-91ca-c0eeed5d6a19/ENCFF748PZV.bam?sv=2019-10-10&si=prod&sr=c&sig=9qSQZo4ggrCNpybBExU8SypuUZV33igI11xw0P7rB3c%3D	Lab custom hg19	archived			
ENCFF293ZZT	bam	bam		alignments	GRCh38	ENCSR647HOX	eCLIP	/human-donors/ENCDO000AAC/	EFO:0001187	HepG2	cell line	Homo sapiens										HLTF-human	RNA				ultraviolet irradiation	strand-specific	2018-08-30	ENCODE		see document	175-300	1	1_1		41					/files/ENCFF992EIC/, /files/ENCFF622ZDB/	785053774	Gene Yeo, UCSD	a804969b31c57d318d152d0798a29390		https://www.encodeproject.org/files/ENCFF293ZZT/@@download/ENCFF293ZZT.bam				released	s3://encode-public/2018/04/29/c13b4564-ee81-4f60-b184-32b71e1b0059/ENCFF293ZZT.bam	https://datasetencode.blob.core.windows.net/dataset/2018/04/29/c13b4564-ee81-4f60-b184-32b71e1b0059/ENCFF293ZZT.bam?sv=2019-10-10&si=prod&sr=c&sig=9qSQZo4ggrCNpybBExU8SypuUZV33igI11xw0P7rB3c%3D	Lab custom GRCh38	released			
ENCFF757PDP	bam	bam		alignments	GRCh38	ENCSR647HOX	eCLIP	/human-donors/ENCDO000AAC/	EFO:0001187	HepG2	cell line	Homo sapiens										HLTF-human	RNA				ultraviolet irradiation	strand-specific	2018-08-30	ENCODE		see document	175-300	2	2_1		41					/files/ENCFF255ZCV/, /files/ENCFF150BXG/	757985122	Gene Yeo, UCSD	6566f714353071096a6eb9c9c09e377f		https://www.encodeproject.org/files/ENCFF757PDP/@@download/ENCFF757PDP.bam				released	s3://encode-public/2018/04/29/1328dec0-31a2-44e7-87e5-fa8bb00bf0a3/ENCFF757PDP.bam	https://datasetencode.blob.core.windows.net/dataset/2018/04/29/1328dec0-31a2-44e7-87e5-fa8bb00bf0a3/ENCFF757PDP.bam?sv=2019-10-10&si=prod&sr=c&sig=9qSQZo4ggrCNpybBExU8SypuUZV33igI11xw0P7rB3c%3D	Lab custom GRCh38	released			
ENCFF235BMH	bam	bam		alignments	hg19	ENCSR606BPV	eCLIP	/human-donors/ENCDO000AAD/	EFO:0002067	K562	cell line	Homo sapiens										AQR-human	RNA				ultraviolet irradiation	strand-specific	2018-08-30	ENCODE		see document	175-300	2	2_1		41					/files/ENCFF761MCX/, /files/ENCFF300ZIN/	238841854	Gene Yeo, UCSD	6f1ee88a469f59cc6ce65929393a1d50		https://www.encodeproject.org/files/ENCFF235BMH/@@download/ENCFF235BMH.bam				released	s3://encode-public/2018/04/29/3c791c7a-87c1-48b7-8a06-90697cf378a4/ENCFF235BMH.bam	https://datasetencode.blob.core.windows.net/dataset/2018/04/29/3c791c7a-87c1-48b7-8a06-90697cf378a4/ENCFF235BMH.bam?sv=2019-10-10&si=prod&sr=c&sig=9qSQZo4ggrCNpybBExU8SypuUZV33igI11xw0P7rB3c%3D	Lab custom hg19	archived			
ENCFF345VSH	bam	bam		alignments	hg19	ENCSR606BPV	eCLIP	/human-donors/ENCDO000AAD/	EFO:0002067	K562	cell line	Homo sapiens										AQR-human	RNA				ultraviolet irradiation	strand-specific	2018-08-30	ENCODE		see document	175-300	1	1_1		41					/files/ENCFF053NWA/, /files/ENCFF441OJX/	370953110	Gene Yeo, UCSD	4bdcc6459470cc5760dca4f0d4883983		https://www.encodeproject.org/files/ENCFF345VSH/@@download/ENCFF345VSH.bam				released	s3://encode-public/2018/04/29/c42eac39-27b2-480e-a642-814d08f7f42a/ENCFF345VSH.bam	https://datasetencode.blob.core.windows.net/dataset/2018/04/29/c42eac39-27b2-480e-a642-814d08f7f42a/ENCFF345VSH.bam?sv=2019-10-10&si=prod&sr=c&sig=9qSQZo4ggrCNpybBExU8SypuUZV33igI11xw0P7rB3c%3D	Lab custom hg19	archived			
ENCFF374DAW	bam	bam		alignments	GRCh38	ENCSR606BPV	eCLIP	/human-donors/ENCDO000AAD/	EFO:0002067	K562	cell line	Homo sapiens										AQR-human	RNA				ultraviolet irradiation	strand-specific	2018-08-30	ENCODE		see document	175-300	1	1_1		41					/files/ENCFF053NWA/, /files/ENCFF441OJX/	346339990	Gene Yeo, UCSD	cd3b423337b63720cd3e980d410251cd		https://www.encodeproject.org/files/ENCFF374DAW/@@download/ENCFF374DAW.bam				released	s3://encode-public/2018/04/29/6ab5f5a6-3512-4cdd-94a3-9c42b15872fe/ENCFF374DAW.bam	https://datasetencode.blob.core.windows.net/dataset/2018/04/29/6ab5f5a6-3512-4cdd-94a3-9c42b15872fe/ENCFF374DAW.bam?sv=2019-10-10&si=prod&sr=c&sig=9qSQZo4ggrCNpybBExU8SypuUZV33igI11xw0P7rB3c%3D	Lab custom GRCh38	released			
ENCFF436KLO	bam	bam		alignments	GRCh38	ENCSR606BPV	eCLIP	/human-donors/ENCDO000AAD/	EFO:0002067	K562	cell line	Homo sapiens										AQR-human	RNA				ultraviolet irradiation	strand-specific	2018-08-30	ENCODE		see document	175-300	2	2_1		41					/files/ENCFF761MCX/, /files/ENCFF300ZIN/	228728978	Gene Yeo, UCSD	410fc076801856d219d23b53973d461b		https://www.encodeproject.org/files/ENCFF436KLO/@@download/ENCFF436KLO.bam				released	s3://encode-public/2018/04/29/ea20153f-05bc-43d3-8e70-9b7b9db3faf8/ENCFF436KLO.bam	https://datasetencode.blob.core.windows.net/dataset/2018/04/29/ea20153f-05bc-43d3-8e70-9b7b9db3faf8/ENCFF436KLO.bam?sv=2019-10-10&si=prod&sr=c&sig=9qSQZo4ggrCNpybBExU8SypuUZV33igI11xw0P7rB3c%3D	Lab custom GRCh38	released			
ENCFF165CFI	bam	bam		alignments	hg19	ENCSR046JHH	eCLIP	/human-donors/ENCDO000AAD/	EFO:0002067	K562	cell line	Homo sapiens										CPEB4-human	RNA				ultraviolet irradiation	strand-specific	2018-08-30	ENCODE		see document	175-300	1	1_1		40					/files/ENCFF445MTV/, /files/ENCFF423MRZ/	96729835	Gene Yeo, UCSD	52610343c575fc7690adbaadbcba3667		https://www.encodeproject.org/files/ENCFF165CFI/@@download/ENCFF165CFI.bam				released	s3://encode-public/2018/04/29/6eed0d9b-4ae5-4136-aaef-99f424f6b5b5/ENCFF165CFI.bam	https://datasetencode.blob.core.windows.net/dataset/2018/04/29/6eed0d9b-4ae5-4136-aaef-99f424f6b5b5/ENCFF165CFI.bam?sv=2019-10-10&si=prod&sr=c&sig=9qSQZo4ggrCNpybBExU8SypuUZV33igI11xw0P7rB3c%3D	Lab custom hg19	archived			
ENCFF161SFX	bam	bam		alignments	hg19	ENCSR046JHH	eCLIP	/human-donors/ENCDO000AAD/	EFO:0002067	K562	cell line	Homo sapiens										CPEB4-human	RNA				ultraviolet irradiation	strand-specific	2018-08-30	ENCODE		see document	175-300	2	2_1		40					/files/ENCFF764VBB/, /files/ENCFF854FIH/	81392955	Gene Yeo, UCSD	cad8b48e6eeb843241c7de760fdeccad		https://www.encodeproject.org/files/ENCFF161SFX/@@download/ENCFF161SFX.bam				released	s3://encode-public/2018/04/29/9d0b1931-80f9-45c5-a1d1-3f1d158a631f/ENCFF161SFX.bam	https://datasetencode.blob.core.windows.net/dataset/2018/04/29/9d0b1931-80f9-45c5-a1d1-3f1d158a631f/ENCFF161SFX.bam?sv=2019-10-10&si=prod&sr=c&sig=9qSQZo4ggrCNpybBExU8SypuUZV33igI11xw0P7rB3c%3D	Lab custom hg19	archived			
ENCFF038VZO	bam	bam		alignments	GRCh38	ENCSR046JHH	eCLIP	/human-donors/ENCDO000AAD/	EFO:0002067	K562	cell line	Homo sapiens										CPEB4-human	RNA				ultraviolet irradiation	strand-specific	2018-08-30	ENCODE		see document	175-300	2	2_1		40					/files/ENCFF764VBB/, /files/ENCFF854FIH/	78127181	Gene Yeo, UCSD	f02b73b7bddbf4ad4f10bcbe794f1712		https://www.encodeproject.org/files/ENCFF038VZO/@@download/ENCFF038VZO.bam				released	s3://encode-public/2018/04/29/48e60929-2319-4027-aaa7-137f6eae992d/ENCFF038VZO.bam	https://datasetencode.blob.core.windows.net/dataset/2018/04/29/48e60929-2319-4027-aaa7-137f6eae992d/ENCFF038VZO.bam?sv=2019-10-10&si=prod&sr=c&sig=9qSQZo4ggrCNpybBExU8SypuUZV33igI11xw0P7rB3c%3D	Lab custom GRCh38	released			
ENCFF216ENA	bam	bam		alignments	GRCh38	ENCSR046JHH	eCLIP	/human-donors/ENCDO000AAD/	EFO:0002067	K562	cell line	Homo sapiens										CPEB4-human	RNA				ultraviolet irradiation	strand-specific	2018-08-30	ENCODE		see document	175-300	1	1_1		40					/files/ENCFF445MTV/, /files/ENCFF423MRZ/	90483602	Gene Yeo, UCSD	dd26384c663a61e7829fc6e98eda70bf		https://www.encodeproject.org/files/ENCFF216ENA/@@download/ENCFF216ENA.bam				released	s3://encode-public/2018/04/29/9c58550a-fb9a-4819-b4e7-9d26aeabafcf/ENCFF216ENA.bam	https://datasetencode.blob.core.windows.net/dataset/2018/04/29/9c58550a-fb9a-4819-b4e7-9d26aeabafcf/ENCFF216ENA.bam?sv=2019-10-10&si=prod&sr=c&sig=9qSQZo4ggrCNpybBExU8SypuUZV33igI11xw0P7rB3c%3D	Lab custom GRCh38	released			
ENCFF213NMK	bam	bam		alignments	hg19	ENCSR001KKZ	eCLIP	/human-donors/ENCDO000AAD/	EFO:0002067	K562	cell line	Homo sapiens										PHF6-human	RNA				ultraviolet irradiation	strand-specific	2018-08-30	ENCODE		see document	175-300	1	1_1		40					/files/ENCFF877HWY/, /files/ENCFF042XJN/	119909436	Gene Yeo, UCSD	96eb1d159d54879cfaf9aa416a0fb154		https://www.encodeproject.org/files/ENCFF213NMK/@@download/ENCFF213NMK.bam				released	s3://encode-public/2018/04/29/ebee5ce8-c5f7-4305-8396-9cc89faffe06/ENCFF213NMK.bam	https://datasetencode.blob.core.windows.net/dataset/2018/04/29/ebee5ce8-c5f7-4305-8396-9cc89faffe06/ENCFF213NMK.bam?sv=2019-10-10&si=prod&sr=c&sig=9qSQZo4ggrCNpybBExU8SypuUZV33igI11xw0P7rB3c%3D	Lab custom hg19	archived			
ENCFF153JFX	bam	bam		alignments	hg19	ENCSR001KKZ	eCLIP	/human-donors/ENCDO000AAD/	EFO:0002067	K562	cell line	Homo sapiens										PHF6-human	RNA				ultraviolet irradiation	strand-specific	2018-08-30	ENCODE		see document	175-300	2	2_1		40					/files/ENCFF461CTN/, /files/ENCFF165KAR/	99237562	Gene Yeo, UCSD	af698dce75b3b70c98b541a45b1bce52		https://www.encodeproject.org/files/ENCFF153JFX/@@download/ENCFF153JFX.bam				released	s3://encode-public/2018/04/29/6e407a86-184b-44cf-b122-554f571addc4/ENCFF153JFX.bam	https://datasetencode.blob.core.windows.net/dataset/2018/04/29/6e407a86-184b-44cf-b122-554f571addc4/ENCFF153JFX.bam?sv=2019-10-10&si=prod&sr=c&sig=9qSQZo4ggrCNpybBExU8SypuUZV33igI11xw0P7rB3c%3D	Lab custom hg19	archived			
ENCFF282OCB	bam	bam		alignments	GRCh38	ENCSR001KKZ	eCLIP	/human-donors/ENCDO000AAD/	EFO:0002067	K562	cell line	Homo sapiens										PHF6-human	RNA				ultraviolet irradiation	strand-specific	2018-08-30	ENCODE		see document	175-300	1	1_1		40					/files/ENCFF877HWY/, /files/ENCFF042XJN/	116981562	Gene Yeo, UCSD	c79bbcd6835bbc2255aa4acd9122ed12		https://www.encodeproject.org/files/ENCFF282OCB/@@download/ENCFF282OCB.bam				released	s3://encode-public/2018/04/29/cb6f1164-f6b5-4f36-9ff9-e0933efc8f27/ENCFF282OCB.bam	https://datasetencode.blob.core.windows.net/dataset/2018/04/29/cb6f1164-f6b5-4f36-9ff9-e0933efc8f27/ENCFF282OCB.bam?sv=2019-10-10&si=prod&sr=c&sig=9qSQZo4ggrCNpybBExU8SypuUZV33igI11xw0P7rB3c%3D	Lab custom GRCh38	released			
ENCFF885ZMH	bam	bam		alignments	GRCh38	ENCSR001KKZ	eCLIP	/human-donors/ENCDO000AAD/	EFO:0002067	K562	cell line	Homo sapiens										PHF6-human	RNA				ultraviolet irradiation	strand-specific	2018-08-30	ENCODE		see document	175-300	2	2_1		40					/files/ENCFF461CTN/, /files/ENCFF165KAR/	93715199	Gene Yeo, UCSD	0e68324194e003aa895ebfe48186766a		https://www.encodeproject.org/files/ENCFF885ZMH/@@download/ENCFF885ZMH.bam				released	s3://encode-public/2018/04/29/d9188636-e4a7-435a-ae3f-1937c6851db2/ENCFF885ZMH.bam	https://datasetencode.blob.core.windows.net/dataset/2018/04/29/d9188636-e4a7-435a-ae3f-1937c6851db2/ENCFF885ZMH.bam?sv=2019-10-10&si=prod&sr=c&sig=9qSQZo4ggrCNpybBExU8SypuUZV33igI11xw0P7rB3c%3D	Lab custom GRCh38	released			
ENCFF564AEK	bam	bam		alignments	hg19	ENCSR721HPX	eCLIP	/human-donors/ENCDO000AAC/	EFO:0001187	HepG2	cell line	Homo sapiens										G3BP1-human	RNA				ultraviolet irradiation	strand-specific	2018-08-30	ENCODE		see document	175-300	1	1_1		40					/files/ENCFF557CZU/, /files/ENCFF342WGS/	261054997	Gene Yeo, UCSD	acb7a18fb255b0f64d45ac09cfc016b1		https://www.encodeproject.org/files/ENCFF564AEK/@@download/ENCFF564AEK.bam				released	s3://encode-public/2018/04/29/1c823e9f-3913-4cce-8adc-4e21efbd929e/ENCFF564AEK.bam	https://datasetencode.blob.core.windows.net/dataset/2018/04/29/1c823e9f-3913-4cce-8adc-4e21efbd929e/ENCFF564AEK.bam?sv=2019-10-10&si=prod&sr=c&sig=9qSQZo4ggrCNpybBExU8SypuUZV33igI11xw0P7rB3c%3D	Lab custom hg19	archived			
ENCFF340DMM	bam	bam		alignments	hg19	ENCSR721HPX	eCLIP	/human-donors/ENCDO000AAC/	EFO:0001187	HepG2	cell line	Homo sapiens										G3BP1-human	RNA				ultraviolet irradiation	strand-specific	2018-08-30	ENCODE		see document	175-300	2	2_1		40					/files/ENCFF486NTL/, /files/ENCFF065SWB/	319166892	Gene Yeo, UCSD	5c98453837a9bcde9896a5d7f7f4a882		https://www.encodeproject.org/files/ENCFF340DMM/@@download/ENCFF340DMM.bam				released	s3://encode-public/2018/04/29/0b356108-0dd0-47ab-8b62-ae6ef63c7f6b/ENCFF340DMM.bam	https://datasetencode.blob.core.windows.net/dataset/2018/04/29/0b356108-0dd0-47ab-8b62-ae6ef63c7f6b/ENCFF340DMM.bam?sv=2019-10-10&si=prod&sr=c&sig=9qSQZo4ggrCNpybBExU8SypuUZV33igI11xw0P7rB3c%3D	Lab custom hg19	archived			
ENCFF395MJO	bam	bam		alignments	GRCh38	ENCSR721HPX	eCLIP	/human-donors/ENCDO000AAC/	EFO:0001187	HepG2	cell line	Homo sapiens										G3BP1-human	RNA				ultraviolet irradiation	strand-specific	2018-08-30	ENCODE		see document	175-300	1	1_1		40					/files/ENCFF557CZU/, /files/ENCFF342WGS/	247372569	Gene Yeo, UCSD	ebfe7e1bb6ac3aa6c29692db2631f012		https://www.encodeproject.org/files/ENCFF395MJO/@@download/ENCFF395MJO.bam				released	s3://encode-public/2018/04/29/6d69c20b-2931-4305-bb4b-5b8329a48dba/ENCFF395MJO.bam	https://datasetencode.blob.core.windows.net/dataset/2018/04/29/6d69c20b-2931-4305-bb4b-5b8329a48dba/ENCFF395MJO.bam?sv=2019-10-10&si=prod&sr=c&sig=9qSQZo4ggrCNpybBExU8SypuUZV33igI11xw0P7rB3c%3D	Lab custom GRCh38	released			
ENCFF288LEG	bam	bam		alignments	GRCh38	ENCSR721HPX	eCLIP	/human-donors/ENCDO000AAC/	EFO:0001187	HepG2	cell line	Homo sapiens										G3BP1-human	RNA				ultraviolet irradiation	strand-specific	2018-08-30	ENCODE		see document	175-300	2	2_1		40					/files/ENCFF486NTL/, /files/ENCFF065SWB/	306550634	Gene Yeo, UCSD	8eb5e9863b90d95f9174d36ca3f29764		https://www.encodeproject.org/files/ENCFF288LEG/@@download/ENCFF288LEG.bam				released	s3://encode-public/2018/04/29/16ef87fb-c11a-4540-8c87-4188db039329/ENCFF288LEG.bam	https://datasetencode.blob.core.windows.net/dataset/2018/04/29/16ef87fb-c11a-4540-8c87-4188db039329/ENCFF288LEG.bam?sv=2019-10-10&si=prod&sr=c&sig=9qSQZo4ggrCNpybBExU8SypuUZV33igI11xw0P7rB3c%3D	Lab custom GRCh38	released			
ENCFF759SQV	bam	bam		alignments	hg19	ENCSR484LAB	eCLIP	/human-donors/ENCDO000AAD/	EFO:0002067	K562	cell line	Homo sapiens										SAFB-human	RNA				ultraviolet irradiation	strand-specific	2018-08-30	ENCODE		see document	175-300	1	1_1		43					/files/ENCFF484YDH/, /files/ENCFF983WHV/	876959637	Gene Yeo, UCSD	8b5b4b5aae46bc7b8be5a953bd458aae		https://www.encodeproject.org/files/ENCFF759SQV/@@download/ENCFF759SQV.bam				released	s3://encode-public/2018/04/29/716095f2-8e8c-475c-92d5-33c94aab1d5b/ENCFF759SQV.bam	https://datasetencode.blob.core.windows.net/dataset/2018/04/29/716095f2-8e8c-475c-92d5-33c94aab1d5b/ENCFF759SQV.bam?sv=2019-10-10&si=prod&sr=c&sig=9qSQZo4ggrCNpybBExU8SypuUZV33igI11xw0P7rB3c%3D	Lab custom hg19	archived	mixed read lengths		
ENCFF251LGV	bam	bam		alignments	hg19	ENCSR484LAB	eCLIP	/human-donors/ENCDO000AAD/	EFO:0002067	K562	cell line	Homo sapiens										SAFB-human	RNA				ultraviolet irradiation	strand-specific	2018-08-30	ENCODE		see document	175-300	2	2_1		43					/files/ENCFF198ESK/, /files/ENCFF607DEZ/	869259454	Gene Yeo, UCSD	dfd585aa9f5914d044d5a6f14975408e		https://www.encodeproject.org/files/ENCFF251LGV/@@download/ENCFF251LGV.bam				released	s3://encode-public/2018/04/29/bdfbe077-72ad-4be4-a587-8ea9d4f6cb4a/ENCFF251LGV.bam	https://datasetencode.blob.core.windows.net/dataset/2018/04/29/bdfbe077-72ad-4be4-a587-8ea9d4f6cb4a/ENCFF251LGV.bam?sv=2019-10-10&si=prod&sr=c&sig=9qSQZo4ggrCNpybBExU8SypuUZV33igI11xw0P7rB3c%3D	Lab custom hg19	archived	mixed read lengths		
ENCFF722JMT	bam	bam		alignments	GRCh38	ENCSR484LAB	eCLIP	/human-donors/ENCDO000AAD/	EFO:0002067	K562	cell line	Homo sapiens										SAFB-human	RNA				ultraviolet irradiation	strand-specific	2018-08-30	ENCODE		see document	175-300	2	2_1		43					/files/ENCFF198ESK/, /files/ENCFF607DEZ/	861878265	Gene Yeo, UCSD	c46bad447d208514e49d177893a1f598		https://www.encodeproject.org/files/ENCFF722JMT/@@download/ENCFF722JMT.bam				released	s3://encode-public/2018/04/29/b7f39821-4db9-463e-8ea8-ef71df3e15f4/ENCFF722JMT.bam	https://datasetencode.blob.core.windows.net/dataset/2018/04/29/b7f39821-4db9-463e-8ea8-ef71df3e15f4/ENCFF722JMT.bam?sv=2019-10-10&si=prod&sr=c&sig=9qSQZo4ggrCNpybBExU8SypuUZV33igI11xw0P7rB3c%3D	Lab custom GRCh38	released	mixed read lengths		
ENCFF973VXO	bam	bam		alignments	GRCh38	ENCSR484LAB	eCLIP	/human-donors/ENCDO000AAD/	EFO:0002067	K562	cell line	Homo sapiens										SAFB-human	RNA				ultraviolet irradiation	strand-specific	2018-08-30	ENCODE		see document	175-300	1	1_1		43					/files/ENCFF484YDH/, /files/ENCFF983WHV/	868851982	Gene Yeo, UCSD	29bebd84966c0373e1656e1a3f78f80c		https://www.encodeproject.org/files/ENCFF973VXO/@@download/ENCFF973VXO.bam				released	s3://encode-public/2018/04/29/ee490caa-b27e-4aa3-aa90-443cb498bd4d/ENCFF973VXO.bam	https://datasetencode.blob.core.windows.net/dataset/2018/04/29/ee490caa-b27e-4aa3-aa90-443cb498bd4d/ENCFF973VXO.bam?sv=2019-10-10&si=prod&sr=c&sig=9qSQZo4ggrCNpybBExU8SypuUZV33igI11xw0P7rB3c%3D	Lab custom GRCh38	released	mixed read lengths		
ENCFF709VHF	bam	bam		alignments	hg19	ENCSR979EWD	eCLIP	/human-donors/ENCDO000AAC/	EFO:0001187	HepG2	cell line	Homo sapiens										STAU2-human	RNA				ultraviolet irradiation	strand-specific	2018-08-30	ENCODE		see document	175-300	1	1_1		40					/files/ENCFF920RKR/, /files/ENCFF048PWH/	991787571	Gene Yeo, UCSD	59a0c72e27c8fe7190f460c274bb4a99		https://www.encodeproject.org/files/ENCFF709VHF/@@download/ENCFF709VHF.bam				released	s3://encode-public/2018/05/23/873042f8-37df-44e3-97c1-ae8865e1ce8c/ENCFF709VHF.bam	https://datasetencode.blob.core.windows.net/dataset/2018/05/23/873042f8-37df-44e3-97c1-ae8865e1ce8c/ENCFF709VHF.bam?sv=2019-10-10&si=prod&sr=c&sig=9qSQZo4ggrCNpybBExU8SypuUZV33igI11xw0P7rB3c%3D	Lab custom hg19	archived			
ENCFF884DMT	bam	bam		alignments	hg19	ENCSR979EWD	eCLIP	/human-donors/ENCDO000AAC/	EFO:0001187	HepG2	cell line	Homo sapiens										STAU2-human	RNA				ultraviolet irradiation	strand-specific	2018-08-30	ENCODE		see document	175-300	2	2_1		40					/files/ENCFF659GPS/, /files/ENCFF366NPD/	672710785	Gene Yeo, UCSD	d8436ce69db7458f8e722a053b0fc226		https://www.encodeproject.org/files/ENCFF884DMT/@@download/ENCFF884DMT.bam				released	s3://encode-public/2018/05/23/384b38ed-b890-4da2-95af-7e7014bb6586/ENCFF884DMT.bam	https://datasetencode.blob.core.windows.net/dataset/2018/05/23/384b38ed-b890-4da2-95af-7e7014bb6586/ENCFF884DMT.bam?sv=2019-10-10&si=prod&sr=c&sig=9qSQZo4ggrCNpybBExU8SypuUZV33igI11xw0P7rB3c%3D	Lab custom hg19	archived			
ENCFF559ATC	bam	bam		alignments	GRCh38	ENCSR979EWD	eCLIP	/human-donors/ENCDO000AAC/	EFO:0001187	HepG2	cell line	Homo sapiens										STAU2-human	RNA				ultraviolet irradiation	strand-specific	2018-08-30	ENCODE		see document	175-300	1	1_1		40					/files/ENCFF920RKR/, /files/ENCFF048PWH/	958011535	Gene Yeo, UCSD	5000e35ccac73fa94169174d4d185df1		https://www.encodeproject.org/files/ENCFF559ATC/@@download/ENCFF559ATC.bam				released	s3://encode-public/2018/05/23/59c2f50d-7227-49e7-b5eb-d874bc22aecf/ENCFF559ATC.bam	https://datasetencode.blob.core.windows.net/dataset/2018/05/23/59c2f50d-7227-49e7-b5eb-d874bc22aecf/ENCFF559ATC.bam?sv=2019-10-10&si=prod&sr=c&sig=9qSQZo4ggrCNpybBExU8SypuUZV33igI11xw0P7rB3c%3D	Lab custom GRCh38	released			
ENCFF202ITE	bam	bam		alignments	GRCh38	ENCSR979EWD	eCLIP	/human-donors/ENCDO000AAC/	EFO:0001187	HepG2	cell line	Homo sapiens										STAU2-human	RNA				ultraviolet irradiation	strand-specific	2018-08-30	ENCODE		see document	175-300	2	2_1		40					/files/ENCFF659GPS/, /files/ENCFF366NPD/	646443738	Gene Yeo, UCSD	13415863a3abaa7e1101bca794883afc		https://www.encodeproject.org/files/ENCFF202ITE/@@download/ENCFF202ITE.bam				released	s3://encode-public/2018/05/23/27fb68ae-96e6-4b0c-8aa1-d9a33716f646/ENCFF202ITE.bam	https://datasetencode.blob.core.windows.net/dataset/2018/05/23/27fb68ae-96e6-4b0c-8aa1-d9a33716f646/ENCFF202ITE.bam?sv=2019-10-10&si=prod&sr=c&sig=9qSQZo4ggrCNpybBExU8SypuUZV33igI11xw0P7rB3c%3D	Lab custom GRCh38	released			
ENCFF536UEG	bam	bam		alignments	hg19	ENCSR145NLR	eCLIP	/human-donors/ENCDO000AAD/	EFO:0002067	K562	cell line	Homo sapiens										DDX51-human	RNA				ultraviolet irradiation	strand-specific	2018-08-30	ENCODE		see document	175-300	1	1_1		39					/files/ENCFF402STK/, /files/ENCFF258EAW/	146068991	Gene Yeo, UCSD	242b454fce7eae4c33d516fac02c0579		https://www.encodeproject.org/files/ENCFF536UEG/@@download/ENCFF536UEG.bam				released	s3://encode-public/2018/04/29/e8f98cfc-8412-4bbd-a619-c940beaf9115/ENCFF536UEG.bam	https://datasetencode.blob.core.windows.net/dataset/2018/04/29/e8f98cfc-8412-4bbd-a619-c940beaf9115/ENCFF536UEG.bam?sv=2019-10-10&si=prod&sr=c&sig=9qSQZo4ggrCNpybBExU8SypuUZV33igI11xw0P7rB3c%3D	Lab custom hg19	archived			
ENCFF924PFV	bam	bam		alignments	hg19	ENCSR145NLR	eCLIP	/human-donors/ENCDO000AAD/	EFO:0002067	K562	cell line	Homo sapiens										DDX51-human	RNA				ultraviolet irradiation	strand-specific	2018-08-30	ENCODE		see document	175-300	2	2_1		39					/files/ENCFF447BHR/, /files/ENCFF143MWR/	116683555	Gene Yeo, UCSD	df21f6878472ab61672cc0428de6c9a7		https://www.encodeproject.org/files/ENCFF924PFV/@@download/ENCFF924PFV.bam				released	s3://encode-public/2018/04/29/e39efd89-7ab8-44af-b601-d2cf140bf2d5/ENCFF924PFV.bam	https://datasetencode.blob.core.windows.net/dataset/2018/04/29/e39efd89-7ab8-44af-b601-d2cf140bf2d5/ENCFF924PFV.bam?sv=2019-10-10&si=prod&sr=c&sig=9qSQZo4ggrCNpybBExU8SypuUZV33igI11xw0P7rB3c%3D	Lab custom hg19	archived			
ENCFF486XDM	bam	bam		alignments	GRCh38	ENCSR145NLR	eCLIP	/human-donors/ENCDO000AAD/	EFO:0002067	K562	cell line	Homo sapiens										DDX51-human	RNA				ultraviolet irradiation	strand-specific	2018-08-30	ENCODE		see document	175-300	2	2_1		39					/files/ENCFF447BHR/, /files/ENCFF143MWR/	109798913	Gene Yeo, UCSD	b64a7ed5079144552b16003f60c299b1		https://www.encodeproject.org/files/ENCFF486XDM/@@download/ENCFF486XDM.bam				released	s3://encode-public/2018/04/29/95fc8bd5-14e6-4367-af4f-fac763060adc/ENCFF486XDM.bam	https://datasetencode.blob.core.windows.net/dataset/2018/04/29/95fc8bd5-14e6-4367-af4f-fac763060adc/ENCFF486XDM.bam?sv=2019-10-10&si=prod&sr=c&sig=9qSQZo4ggrCNpybBExU8SypuUZV33igI11xw0P7rB3c%3D	Lab custom GRCh38	released			
ENCFF931ZGZ	bam	bam		alignments	GRCh38	ENCSR145NLR	eCLIP	/human-donors/ENCDO000AAD/	EFO:0002067	K562	cell line	Homo sapiens										DDX51-human	RNA				ultraviolet irradiation	strand-specific	2018-08-30	ENCODE		see document	175-300	1	1_1		39					/files/ENCFF402STK/, /files/ENCFF258EAW/	142253424	Gene Yeo, UCSD	1426eae99b91b6a67f53d027a2f2137b		https://www.encodeproject.org/files/ENCFF931ZGZ/@@download/ENCFF931ZGZ.bam				released	s3://encode-public/2018/04/29/87d1e021-c13b-4a3c-a5df-8389ce1770e8/ENCFF931ZGZ.bam	https://datasetencode.blob.core.windows.net/dataset/2018/04/29/87d1e021-c13b-4a3c-a5df-8389ce1770e8/ENCFF931ZGZ.bam?sv=2019-10-10&si=prod&sr=c&sig=9qSQZo4ggrCNpybBExU8SypuUZV33igI11xw0P7rB3c%3D	Lab custom GRCh38	released			
ENCFF302NJT	bam	bam		alignments	hg19	ENCSR181NRW	eCLIP	/human-donors/ENCDO000AAD/	EFO:0002067	K562	cell line	Homo sapiens										ZC3H8-human	RNA				ultraviolet irradiation	strand-specific	2018-08-30	ENCODE		see document	175-300	2	2_1		40					/files/ENCFF361EVD/, /files/ENCFF172VCZ/	96987327	Gene Yeo, UCSD	846731aec37cef97c89cb487bdb74e8d		https://www.encodeproject.org/files/ENCFF302NJT/@@download/ENCFF302NJT.bam				released	s3://encode-public/2018/04/29/488cfbc6-59a2-4edb-b0d2-47ecb4d96899/ENCFF302NJT.bam	https://datasetencode.blob.core.windows.net/dataset/2018/04/29/488cfbc6-59a2-4edb-b0d2-47ecb4d96899/ENCFF302NJT.bam?sv=2019-10-10&si=prod&sr=c&sig=9qSQZo4ggrCNpybBExU8SypuUZV33igI11xw0P7rB3c%3D	Lab custom hg19	archived			
ENCFF717DIZ	bam	bam		alignments	hg19	ENCSR181NRW	eCLIP	/human-donors/ENCDO000AAD/	EFO:0002067	K562	cell line	Homo sapiens										ZC3H8-human	RNA				ultraviolet irradiation	strand-specific	2018-08-30	ENCODE		see document	175-300	1	1_1		40					/files/ENCFF411LMS/, /files/ENCFF222OHT/	49992722	Gene Yeo, UCSD	9daa86e380435ffb24e91ecf93fae778		https://www.encodeproject.org/files/ENCFF717DIZ/@@download/ENCFF717DIZ.bam				released	s3://encode-public/2018/04/29/bd408919-1429-4e18-905b-48374bf59809/ENCFF717DIZ.bam	https://datasetencode.blob.core.windows.net/dataset/2018/04/29/bd408919-1429-4e18-905b-48374bf59809/ENCFF717DIZ.bam?sv=2019-10-10&si=prod&sr=c&sig=9qSQZo4ggrCNpybBExU8SypuUZV33igI11xw0P7rB3c%3D	Lab custom hg19	archived			
ENCFF409GUM	bam	bam		alignments	GRCh38	ENCSR181NRW	eCLIP	/human-donors/ENCDO000AAD/	EFO:0002067	K562	cell line	Homo sapiens										ZC3H8-human	RNA				ultraviolet irradiation	strand-specific	2018-08-30	ENCODE		see document	175-300	1	1_1		40					/files/ENCFF411LMS/, /files/ENCFF222OHT/	47191103	Gene Yeo, UCSD	7b45f6be60f740d1be3bcbbef163ce30		https://www.encodeproject.org/files/ENCFF409GUM/@@download/ENCFF409GUM.bam				released	s3://encode-public/2018/04/29/977a3a98-68f0-4f0e-b085-e0bb16924cb6/ENCFF409GUM.bam	https://datasetencode.blob.core.windows.net/dataset/2018/04/29/977a3a98-68f0-4f0e-b085-e0bb16924cb6/ENCFF409GUM.bam?sv=2019-10-10&si=prod&sr=c&sig=9qSQZo4ggrCNpybBExU8SypuUZV33igI11xw0P7rB3c%3D	Lab custom GRCh38	released			
ENCFF892SVF	bam	bam		alignments	GRCh38	ENCSR181NRW	eCLIP	/human-donors/ENCDO000AAD/	EFO:0002067	K562	cell line	Homo sapiens										ZC3H8-human	RNA				ultraviolet irradiation	strand-specific	2018-08-30	ENCODE		see document	175-300	2	2_1		40					/files/ENCFF361EVD/, /files/ENCFF172VCZ/	93562866	Gene Yeo, UCSD	51a940d5bfb0bc0be63b66b5e7cd5b56		https://www.encodeproject.org/files/ENCFF892SVF/@@download/ENCFF892SVF.bam				released	s3://encode-public/2018/04/29/4fda37c2-ae99-4225-b179-8508e8233713/ENCFF892SVF.bam	https://datasetencode.blob.core.windows.net/dataset/2018/04/29/4fda37c2-ae99-4225-b179-8508e8233713/ENCFF892SVF.bam?sv=2019-10-10&si=prod&sr=c&sig=9qSQZo4ggrCNpybBExU8SypuUZV33igI11xw0P7rB3c%3D	Lab custom GRCh38	released			
ENCFF463VDB	bam	bam		alignments	hg19	ENCSR308YNT	eCLIP	/human-donors/ENCDO000AAD/	EFO:0002067	K562	cell line	Homo sapiens										PUM1-human	RNA				ultraviolet irradiation	strand-specific	2018-08-30	ENCODE		see document	175-300	2	2_1		40					/files/ENCFF116YKN/, /files/ENCFF019LLG/	197117748	Gene Yeo, UCSD	d2bf84cdf2504152a41463aceffa5226		https://www.encodeproject.org/files/ENCFF463VDB/@@download/ENCFF463VDB.bam				released	s3://encode-public/2018/04/29/360733fd-f96c-45e4-9f6a-e470e0d77b79/ENCFF463VDB.bam	https://datasetencode.blob.core.windows.net/dataset/2018/04/29/360733fd-f96c-45e4-9f6a-e470e0d77b79/ENCFF463VDB.bam?sv=2019-10-10&si=prod&sr=c&sig=9qSQZo4ggrCNpybBExU8SypuUZV33igI11xw0P7rB3c%3D	Lab custom hg19	archived			
ENCFF353WDF	bam	bam		alignments	hg19	ENCSR308YNT	eCLIP	/human-donors/ENCDO000AAD/	EFO:0002067	K562	cell line	Homo sapiens										PUM1-human	RNA				ultraviolet irradiation	strand-specific	2018-08-30	ENCODE		see document	175-300	1	1_1		40					/files/ENCFF046QBX/, /files/ENCFF353ZJC/	191897037	Gene Yeo, UCSD	e92b595f753277cedeff8376450f352d		https://www.encodeproject.org/files/ENCFF353WDF/@@download/ENCFF353WDF.bam				released	s3://encode-public/2018/04/29/cb7bbf7e-a8c7-4db8-bc57-fb0caf21e679/ENCFF353WDF.bam	https://datasetencode.blob.core.windows.net/dataset/2018/04/29/cb7bbf7e-a8c7-4db8-bc57-fb0caf21e679/ENCFF353WDF.bam?sv=2019-10-10&si=prod&sr=c&sig=9qSQZo4ggrCNpybBExU8SypuUZV33igI11xw0P7rB3c%3D	Lab custom hg19	archived			
ENCFF064COB	bam	bam		alignments	GRCh38	ENCSR308YNT	eCLIP	/human-donors/ENCDO000AAD/	EFO:0002067	K562	cell line	Homo sapiens										PUM1-human	RNA				ultraviolet irradiation	strand-specific	2018-08-30	ENCODE		see document	175-300	1	1_1		40					/files/ENCFF046QBX/, /files/ENCFF353ZJC/	180830379	Gene Yeo, UCSD	b19b35c0712e898157e07beace274bb9		https://www.encodeproject.org/files/ENCFF064COB/@@download/ENCFF064COB.bam				released	s3://encode-public/2018/04/29/7fa8956f-8a57-4e58-a3ce-f2323897a740/ENCFF064COB.bam	https://datasetencode.blob.core.windows.net/dataset/2018/04/29/7fa8956f-8a57-4e58-a3ce-f2323897a740/ENCFF064COB.bam?sv=2019-10-10&si=prod&sr=c&sig=9qSQZo4ggrCNpybBExU8SypuUZV33igI11xw0P7rB3c%3D	Lab custom GRCh38	released			
ENCFF583QFB	bam	bam		alignments	GRCh38	ENCSR308YNT	eCLIP	/human-donors/ENCDO000AAD/	EFO:0002067	K562	cell line	Homo sapiens										PUM1-human	RNA				ultraviolet irradiation	strand-specific	2018-08-30	ENCODE		see document	175-300	2	2_1		40					/files/ENCFF116YKN/, /files/ENCFF019LLG/	190216587	Gene Yeo, UCSD	a2464450c03bfd527d9fb3706c61a319		https://www.encodeproject.org/files/ENCFF583QFB/@@download/ENCFF583QFB.bam				released	s3://encode-public/2018/04/29/827ca9e8-eb62-42f3-80cc-623a85ab71d3/ENCFF583QFB.bam	https://datasetencode.blob.core.windows.net/dataset/2018/04/29/827ca9e8-eb62-42f3-80cc-623a85ab71d3/ENCFF583QFB.bam?sv=2019-10-10&si=prod&sr=c&sig=9qSQZo4ggrCNpybBExU8SypuUZV33igI11xw0P7rB3c%3D	Lab custom GRCh38	released			
ENCFF783AKB	bam	bam		alignments	hg19	ENCSR819XBT	eCLIP	/human-donors/ENCDO000AAD/	EFO:0002067	K562	cell line	Homo sapiens										AATF-human	RNA				ultraviolet irradiation	strand-specific	2018-08-30	ENCODE		see document	175-300	2	2_1		40					/files/ENCFF057BVQ/, /files/ENCFF990ZCZ/	97563381	Gene Yeo, UCSD	d063e5edef7e8bde7c0539cddca93417		https://www.encodeproject.org/files/ENCFF783AKB/@@download/ENCFF783AKB.bam				released	s3://encode-public/2018/04/29/d568c184-902f-468b-8943-e9339bff6d03/ENCFF783AKB.bam	https://datasetencode.blob.core.windows.net/dataset/2018/04/29/d568c184-902f-468b-8943-e9339bff6d03/ENCFF783AKB.bam?sv=2019-10-10&si=prod&sr=c&sig=9qSQZo4ggrCNpybBExU8SypuUZV33igI11xw0P7rB3c%3D	Lab custom hg19	archived			
ENCFF906MGJ	bam	bam		alignments	hg19	ENCSR819XBT	eCLIP	/human-donors/ENCDO000AAD/	EFO:0002067	K562	cell line	Homo sapiens										AATF-human	RNA				ultraviolet irradiation	strand-specific	2018-08-30	ENCODE		see document	175-300	1	1_1		40					/files/ENCFF268XIQ/, /files/ENCFF647ZMG/	164982115	Gene Yeo, UCSD	4687fd948df367904102b05a54553b20		https://www.encodeproject.org/files/ENCFF906MGJ/@@download/ENCFF906MGJ.bam				released	s3://encode-public/2018/04/29/2d2fad7b-9c21-4fe4-80d4-171269206ac2/ENCFF906MGJ.bam	https://datasetencode.blob.core.windows.net/dataset/2018/04/29/2d2fad7b-9c21-4fe4-80d4-171269206ac2/ENCFF906MGJ.bam?sv=2019-10-10&si=prod&sr=c&sig=9qSQZo4ggrCNpybBExU8SypuUZV33igI11xw0P7rB3c%3D	Lab custom hg19	archived			
ENCFF473EVT	bam	bam		alignments	GRCh38	ENCSR819XBT	eCLIP	/human-donors/ENCDO000AAD/	EFO:0002067	K562	cell line	Homo sapiens										AATF-human	RNA				ultraviolet irradiation	strand-specific	2018-08-30	ENCODE		see document	175-300	1	1_1		40					/files/ENCFF268XIQ/, /files/ENCFF647ZMG/	158222201	Gene Yeo, UCSD	91aa69a33f70039671d4d112900f96b7		https://www.encodeproject.org/files/ENCFF473EVT/@@download/ENCFF473EVT.bam				released	s3://encode-public/2018/04/29/950e5685-b80a-4a02-9ac1-fd4556b082e3/ENCFF473EVT.bam	https://datasetencode.blob.core.windows.net/dataset/2018/04/29/950e5685-b80a-4a02-9ac1-fd4556b082e3/ENCFF473EVT.bam?sv=2019-10-10&si=prod&sr=c&sig=9qSQZo4ggrCNpybBExU8SypuUZV33igI11xw0P7rB3c%3D	Lab custom GRCh38	released			
ENCFF645UGJ	bam	bam		alignments	GRCh38	ENCSR819XBT	eCLIP	/human-donors/ENCDO000AAD/	EFO:0002067	K562	cell line	Homo sapiens										AATF-human	RNA				ultraviolet irradiation	strand-specific	2018-08-30	ENCODE		see document	175-300	2	2_1		40					/files/ENCFF057BVQ/, /files/ENCFF990ZCZ/	91852859	Gene Yeo, UCSD	cd48117996fb3c99480dfefee3390e9d		https://www.encodeproject.org/files/ENCFF645UGJ/@@download/ENCFF645UGJ.bam				released	s3://encode-public/2018/04/29/f758809e-9052-4af0-ae7c-61e6381d8f73/ENCFF645UGJ.bam	https://datasetencode.blob.core.windows.net/dataset/2018/04/29/f758809e-9052-4af0-ae7c-61e6381d8f73/ENCFF645UGJ.bam?sv=2019-10-10&si=prod&sr=c&sig=9qSQZo4ggrCNpybBExU8SypuUZV33igI11xw0P7rB3c%3D	Lab custom GRCh38	released			
ENCFF643WBT	bam	bam		alignments	hg19	ENCSR685AUR	eCLIP	/human-donors/ENCDO000AAC/	EFO:0001187	HepG2	cell line	Homo sapiens										ZNF800-human	RNA				ultraviolet irradiation	strand-specific	2018-08-30	ENCODE		see document	175-300	2	2_1		43					/files/ENCFF348GPW/, /files/ENCFF959DLJ/	194669363	Gene Yeo, UCSD	dd1cd57dbdeccda04ab5bcc91fd561d9		https://www.encodeproject.org/files/ENCFF643WBT/@@download/ENCFF643WBT.bam				released	s3://encode-public/2018/04/29/81194acb-d539-4746-aeef-39be2adb4b59/ENCFF643WBT.bam	https://datasetencode.blob.core.windows.net/dataset/2018/04/29/81194acb-d539-4746-aeef-39be2adb4b59/ENCFF643WBT.bam?sv=2019-10-10&si=prod&sr=c&sig=9qSQZo4ggrCNpybBExU8SypuUZV33igI11xw0P7rB3c%3D	Lab custom hg19	archived	antibody characterized with exemption, mixed read lengths		
ENCFF248VYV	bam	bam		alignments	hg19	ENCSR685AUR	eCLIP	/human-donors/ENCDO000AAC/	EFO:0001187	HepG2	cell line	Homo sapiens										ZNF800-human	RNA				ultraviolet irradiation	strand-specific	2018-08-30	ENCODE		see document	175-300	1	1_1		43					/files/ENCFF160MKE/, /files/ENCFF343DKZ/	279561225	Gene Yeo, UCSD	0b98a87711d566daa006492c96ea3b1a		https://www.encodeproject.org/files/ENCFF248VYV/@@download/ENCFF248VYV.bam				released	s3://encode-public/2018/04/29/6b630996-9011-4cc4-a0e5-e7d69c489085/ENCFF248VYV.bam	https://datasetencode.blob.core.windows.net/dataset/2018/04/29/6b630996-9011-4cc4-a0e5-e7d69c489085/ENCFF248VYV.bam?sv=2019-10-10&si=prod&sr=c&sig=9qSQZo4ggrCNpybBExU8SypuUZV33igI11xw0P7rB3c%3D	Lab custom hg19	archived	antibody characterized with exemption, mixed read lengths		
ENCFF474PGR	bam	bam		alignments	GRCh38	ENCSR685AUR	eCLIP	/human-donors/ENCDO000AAC/	EFO:0001187	HepG2	cell line	Homo sapiens										ZNF800-human	RNA				ultraviolet irradiation	strand-specific	2018-08-30	ENCODE		see document	175-300	2	2_1		43					/files/ENCFF348GPW/, /files/ENCFF959DLJ/	191259832	Gene Yeo, UCSD	d2c90bbd9a6a9896e265367a3214d108		https://www.encodeproject.org/files/ENCFF474PGR/@@download/ENCFF474PGR.bam				released	s3://encode-public/2018/04/29/cd7f4191-ef3b-44f1-83f9-dd836c235f0e/ENCFF474PGR.bam	https://datasetencode.blob.core.windows.net/dataset/2018/04/29/cd7f4191-ef3b-44f1-83f9-dd836c235f0e/ENCFF474PGR.bam?sv=2019-10-10&si=prod&sr=c&sig=9qSQZo4ggrCNpybBExU8SypuUZV33igI11xw0P7rB3c%3D	Lab custom GRCh38	released	antibody characterized with exemption, mixed read lengths		
ENCFF265GVT	bam	bam		alignments	GRCh38	ENCSR685AUR	eCLIP	/human-donors/ENCDO000AAC/	EFO:0001187	HepG2	cell line	Homo sapiens										ZNF800-human	RNA				ultraviolet irradiation	strand-specific	2018-08-30	ENCODE		see document	175-300	1	1_1		43					/files/ENCFF160MKE/, /files/ENCFF343DKZ/	274284589	Gene Yeo, UCSD	22bbc9d97e75216c179313e18e24faae		https://www.encodeproject.org/files/ENCFF265GVT/@@download/ENCFF265GVT.bam				released	s3://encode-public/2018/04/29/f942d965-7bd5-4bd4-b663-c4476a4ea2df/ENCFF265GVT.bam	https://datasetencode.blob.core.windows.net/dataset/2018/04/29/f942d965-7bd5-4bd4-b663-c4476a4ea2df/ENCFF265GVT.bam?sv=2019-10-10&si=prod&sr=c&sig=9qSQZo4ggrCNpybBExU8SypuUZV33igI11xw0P7rB3c%3D	Lab custom GRCh38	released	antibody characterized with exemption, mixed read lengths		
ENCFF875HEP	bam	bam		alignments	hg19	ENCSR050BDZ	eCLIP	/human-donors/ENCDO000AAC/	EFO:0001187	HepG2	cell line	Homo sapiens										SDAD1-human	RNA				ultraviolet irradiation	strand-specific	2018-08-30	ENCODE		see document	175-300	1	1_1		43					/files/ENCFF522VGK/, /files/ENCFF861PYS/	111121208	Gene Yeo, UCSD	9cb5da85cb81bdff21a9afde4a946abd		https://www.encodeproject.org/files/ENCFF875HEP/@@download/ENCFF875HEP.bam				released	s3://encode-public/2018/04/29/36bb6496-20f9-4cf4-9247-d957144be234/ENCFF875HEP.bam	https://datasetencode.blob.core.windows.net/dataset/2018/04/29/36bb6496-20f9-4cf4-9247-d957144be234/ENCFF875HEP.bam?sv=2019-10-10&si=prod&sr=c&sig=9qSQZo4ggrCNpybBExU8SypuUZV33igI11xw0P7rB3c%3D	Lab custom hg19	archived	mixed read lengths		
ENCFF004ZSD	bam	bam		alignments	hg19	ENCSR050BDZ	eCLIP	/human-donors/ENCDO000AAC/	EFO:0001187	HepG2	cell line	Homo sapiens										SDAD1-human	RNA				ultraviolet irradiation	strand-specific	2018-08-30	ENCODE		see document	175-300	2	2_1		43					/files/ENCFF283KXT/, /files/ENCFF772OQA/	102488181	Gene Yeo, UCSD	32a4c2c84e5be4cb3b52bcf665244f22		https://www.encodeproject.org/files/ENCFF004ZSD/@@download/ENCFF004ZSD.bam				released	s3://encode-public/2018/04/29/79027517-b077-483f-97e8-18f9b0855184/ENCFF004ZSD.bam	https://datasetencode.blob.core.windows.net/dataset/2018/04/29/79027517-b077-483f-97e8-18f9b0855184/ENCFF004ZSD.bam?sv=2019-10-10&si=prod&sr=c&sig=9qSQZo4ggrCNpybBExU8SypuUZV33igI11xw0P7rB3c%3D	Lab custom hg19	archived	mixed read lengths		
ENCFF346NQQ	bam	bam		alignments	GRCh38	ENCSR050BDZ	eCLIP	/human-donors/ENCDO000AAC/	EFO:0001187	HepG2	cell line	Homo sapiens										SDAD1-human	RNA				ultraviolet irradiation	strand-specific	2018-08-30	ENCODE		see document	175-300	1	1_1		43					/files/ENCFF522VGK/, /files/ENCFF861PYS/	110281304	Gene Yeo, UCSD	be239024199c3ebc47b4723c54a2efa9		https://www.encodeproject.org/files/ENCFF346NQQ/@@download/ENCFF346NQQ.bam				released	s3://encode-public/2018/04/29/55fd157e-b390-466e-b466-81f7f8f7daa2/ENCFF346NQQ.bam	https://datasetencode.blob.core.windows.net/dataset/2018/04/29/55fd157e-b390-466e-b466-81f7f8f7daa2/ENCFF346NQQ.bam?sv=2019-10-10&si=prod&sr=c&sig=9qSQZo4ggrCNpybBExU8SypuUZV33igI11xw0P7rB3c%3D	Lab custom GRCh38	released	mixed read lengths		
ENCFF079MBG	bam	bam		alignments	GRCh38	ENCSR050BDZ	eCLIP	/human-donors/ENCDO000AAC/	EFO:0001187	HepG2	cell line	Homo sapiens										SDAD1-human	RNA				ultraviolet irradiation	strand-specific	2018-08-30	ENCODE		see document	175-300	2	2_1		43					/files/ENCFF283KXT/, /files/ENCFF772OQA/	101820515	Gene Yeo, UCSD	c20a3fd9daee0dd15700b6333d8ef4bb		https://www.encodeproject.org/files/ENCFF079MBG/@@download/ENCFF079MBG.bam				released	s3://encode-public/2018/04/29/a690b907-1755-490f-9200-268d8609f6b5/ENCFF079MBG.bam	https://datasetencode.blob.core.windows.net/dataset/2018/04/29/a690b907-1755-490f-9200-268d8609f6b5/ENCFF079MBG.bam?sv=2019-10-10&si=prod&sr=c&sig=9qSQZo4ggrCNpybBExU8SypuUZV33igI11xw0P7rB3c%3D	Lab custom GRCh38	released	mixed read lengths		
ENCFF191ZAK	bam	bam		unfiltered alignments	GRCh38	ENCSR150QBS	eCLIP	/human-donors/ENCDO000AAC/	EFO:0001187	HepG2	cell line	Homo sapiens										CACTIN-human	RNA				ultraviolet irradiation	reverse	2023-02-03	ENCODE		see document	175-300	2	2_1		64					/files/ENCFF919JNQ/	495947569	Gene Yeo, UCSD	3e6f469f73a31f67a29ceb9d9603a081		https://www.encodeproject.org/files/ENCFF191ZAK/@@download/ENCFF191ZAK.bam	V29			archived	s3://encode-public/2022/01/12/720e33c1-92aa-40f3-b8a0-cfd81976f4e4/ENCFF191ZAK.bam	https://datasetencode.blob.core.windows.net/dataset/2022/01/12/720e33c1-92aa-40f3-b8a0-cfd81976f4e4/ENCFF191ZAK.bam?sv=2019-10-10&si=prod&sr=c&sig=9qSQZo4ggrCNpybBExU8SypuUZV33igI11xw0P7rB3c%3D	Lab custom GRCh38 V29	archived		partially characterized antibody	
ENCFF994KMC	bam	bam		alignments	GRCh38	ENCSR150QBS	eCLIP	/human-donors/ENCDO000AAC/	EFO:0001187	HepG2	cell line	Homo sapiens										CACTIN-human	RNA				ultraviolet irradiation	reverse	2023-02-03	ENCODE		see document	175-300	2	2_1		63					/files/ENCFF191ZAK/	264500779	Gene Yeo, UCSD	fff1c236d0e302cb5f8608cdab3deaec		https://www.encodeproject.org/files/ENCFF994KMC/@@download/ENCFF994KMC.bam	V29			archived	s3://encode-public/2022/01/12/aacab576-8816-41ab-98a6-a78f0bb316cc/ENCFF994KMC.bam	https://datasetencode.blob.core.windows.net/dataset/2022/01/12/aacab576-8816-41ab-98a6-a78f0bb316cc/ENCFF994KMC.bam?sv=2019-10-10&si=prod&sr=c&sig=9qSQZo4ggrCNpybBExU8SypuUZV33igI11xw0P7rB3c%3D	Lab custom GRCh38 V29	archived		partially characterized antibody	
ENCFF145ZPO	bam	bam		unfiltered alignments	GRCh38	ENCSR150QBS	eCLIP	/human-donors/ENCDO000AAC/	EFO:0001187	HepG2	cell line	Homo sapiens										CACTIN-human	RNA				ultraviolet irradiation	reverse	2023-02-03	ENCODE		see document	175-300	1	1_1		64					/files/ENCFF754UAK/	470193627	Gene Yeo, UCSD	7bf338d0c8917a9da9e835795e364515		https://www.encodeproject.org/files/ENCFF145ZPO/@@download/ENCFF145ZPO.bam	V29			archived	s3://encode-public/2022/01/12/ad274813-bfc4-476e-853e-3e6437076171/ENCFF145ZPO.bam	https://datasetencode.blob.core.windows.net/dataset/2022/01/12/ad274813-bfc4-476e-853e-3e6437076171/ENCFF145ZPO.bam?sv=2019-10-10&si=prod&sr=c&sig=9qSQZo4ggrCNpybBExU8SypuUZV33igI11xw0P7rB3c%3D	Lab custom GRCh38 V29	archived		partially characterized antibody	
ENCFF784XRY	bam	bam		alignments	GRCh38	ENCSR150QBS	eCLIP	/human-donors/ENCDO000AAC/	EFO:0001187	HepG2	cell line	Homo sapiens										CACTIN-human	RNA				ultraviolet irradiation	reverse	2023-02-03	ENCODE		see document	175-300	1	1_1		63					/files/ENCFF145ZPO/	184910337	Gene Yeo, UCSD	187b3af03a19ca11ffddbe1131825601		https://www.encodeproject.org/files/ENCFF784XRY/@@download/ENCFF784XRY.bam	V29			archived	s3://encode-public/2022/01/12/1424ffc2-069a-4174-874d-cdbfcd7bdb91/ENCFF784XRY.bam	https://datasetencode.blob.core.windows.net/dataset/2022/01/12/1424ffc2-069a-4174-874d-cdbfcd7bdb91/ENCFF784XRY.bam?sv=2019-10-10&si=prod&sr=c&sig=9qSQZo4ggrCNpybBExU8SypuUZV33igI11xw0P7rB3c%3D	Lab custom GRCh38 V29	archived		partially characterized antibody	
ENCFF032TZM	bam	bam		alignments	hg19	ENCSR973HOJ	eCLIP	/human-donors/ENCDO000AAC/	EFO:0001187	HepG2	cell line	Homo sapiens										FXR2-human	RNA				ultraviolet irradiation	strand-specific	2018-08-30	ENCODE		see document	175-300	1	1_1		40					/files/ENCFF733GMZ/, /files/ENCFF300OPL/	252823386	Gene Yeo, UCSD	d6181bae077226f219e2617194752722		https://www.encodeproject.org/files/ENCFF032TZM/@@download/ENCFF032TZM.bam				released	s3://encode-public/2018/04/29/6245c6a0-22bf-4e3a-9ce4-15f483e1ca96/ENCFF032TZM.bam	https://datasetencode.blob.core.windows.net/dataset/2018/04/29/6245c6a0-22bf-4e3a-9ce4-15f483e1ca96/ENCFF032TZM.bam?sv=2019-10-10&si=prod&sr=c&sig=9qSQZo4ggrCNpybBExU8SypuUZV33igI11xw0P7rB3c%3D	Lab custom hg19	archived	antibody characterized with exemption		
ENCFF385GCC	bam	bam		alignments	hg19	ENCSR973HOJ	eCLIP	/human-donors/ENCDO000AAC/	EFO:0001187	HepG2	cell line	Homo sapiens										FXR2-human	RNA				ultraviolet irradiation	strand-specific	2018-08-30	ENCODE		see document	175-300	2	2_1		40					/files/ENCFF074OYO/, /files/ENCFF034XGK/	197046500	Gene Yeo, UCSD	6c9b2c655ad2d408072152d5c6da0ffe		https://www.encodeproject.org/files/ENCFF385GCC/@@download/ENCFF385GCC.bam				released	s3://encode-public/2018/04/29/b0e707f3-5d24-4a88-a39b-73348d1f67e3/ENCFF385GCC.bam	https://datasetencode.blob.core.windows.net/dataset/2018/04/29/b0e707f3-5d24-4a88-a39b-73348d1f67e3/ENCFF385GCC.bam?sv=2019-10-10&si=prod&sr=c&sig=9qSQZo4ggrCNpybBExU8SypuUZV33igI11xw0P7rB3c%3D	Lab custom hg19	archived	antibody characterized with exemption		
ENCFF157JBC	bam	bam		alignments	GRCh38	ENCSR973HOJ	eCLIP	/human-donors/ENCDO000AAC/	EFO:0001187	HepG2	cell line	Homo sapiens										FXR2-human	RNA				ultraviolet irradiation	strand-specific	2018-08-30	ENCODE		see document	175-300	1	1_1		40					/files/ENCFF733GMZ/, /files/ENCFF300OPL/	237919756	Gene Yeo, UCSD	13d27029c9eefe487cf06f026abc3c6f		https://www.encodeproject.org/files/ENCFF157JBC/@@download/ENCFF157JBC.bam				released	s3://encode-public/2018/04/29/694af1b9-f629-4b2a-b36b-a30b2ad970c2/ENCFF157JBC.bam	https://datasetencode.blob.core.windows.net/dataset/2018/04/29/694af1b9-f629-4b2a-b36b-a30b2ad970c2/ENCFF157JBC.bam?sv=2019-10-10&si=prod&sr=c&sig=9qSQZo4ggrCNpybBExU8SypuUZV33igI11xw0P7rB3c%3D	Lab custom GRCh38	released	antibody characterized with exemption		
ENCFF500VOG	bam	bam		alignments	GRCh38	ENCSR973HOJ	eCLIP	/human-donors/ENCDO000AAC/	EFO:0001187	HepG2	cell line	Homo sapiens										FXR2-human	RNA				ultraviolet irradiation	strand-specific	2018-08-30	ENCODE		see document	175-300	2	2_1		40					/files/ENCFF074OYO/, /files/ENCFF034XGK/	189656920	Gene Yeo, UCSD	d00d0bac5e82addb8cdc53e14b02eed7		https://www.encodeproject.org/files/ENCFF500VOG/@@download/ENCFF500VOG.bam				released	s3://encode-public/2018/04/29/f9a70df7-408c-4254-924f-458d04dff555/ENCFF500VOG.bam	https://datasetencode.blob.core.windows.net/dataset/2018/04/29/f9a70df7-408c-4254-924f-458d04dff555/ENCFF500VOG.bam?sv=2019-10-10&si=prod&sr=c&sig=9qSQZo4ggrCNpybBExU8SypuUZV33igI11xw0P7rB3c%3D	Lab custom GRCh38	released	antibody characterized with exemption		
ENCFF620GJH	bam	bam		alignments	hg19	ENCSR580OFI	eCLIP	/human-donors/ENCDO000AAD/	EFO:0002067	K562	cell line	Homo sapiens										SUPV3L1-human	RNA				ultraviolet irradiation	strand-specific	2018-08-30	ENCODE		see document	175-300	1	1_1		40					/files/ENCFF171KZO/, /files/ENCFF126HSF/	24996789	Gene Yeo, UCSD	f93215cd4ee9b8e690528fd5283b62ec		https://www.encodeproject.org/files/ENCFF620GJH/@@download/ENCFF620GJH.bam				released	s3://encode-public/2018/04/29/7b0d5a84-1b16-476a-9390-ee736399313d/ENCFF620GJH.bam	https://datasetencode.blob.core.windows.net/dataset/2018/04/29/7b0d5a84-1b16-476a-9390-ee736399313d/ENCFF620GJH.bam?sv=2019-10-10&si=prod&sr=c&sig=9qSQZo4ggrCNpybBExU8SypuUZV33igI11xw0P7rB3c%3D	Lab custom hg19	archived			
ENCFF852ZSI	bam	bam		alignments	hg19	ENCSR580OFI	eCLIP	/human-donors/ENCDO000AAD/	EFO:0002067	K562	cell line	Homo sapiens										SUPV3L1-human	RNA				ultraviolet irradiation	strand-specific	2018-08-30	ENCODE		see document	175-300	2	2_1		40					/files/ENCFF987DVU/, /files/ENCFF813UKO/	41022553	Gene Yeo, UCSD	963388a87cb32f51ac2b72d19eb11564		https://www.encodeproject.org/files/ENCFF852ZSI/@@download/ENCFF852ZSI.bam				released	s3://encode-public/2018/04/29/0c0fa00d-21e9-4a7c-b4f9-f62859862441/ENCFF852ZSI.bam	https://datasetencode.blob.core.windows.net/dataset/2018/04/29/0c0fa00d-21e9-4a7c-b4f9-f62859862441/ENCFF852ZSI.bam?sv=2019-10-10&si=prod&sr=c&sig=9qSQZo4ggrCNpybBExU8SypuUZV33igI11xw0P7rB3c%3D	Lab custom hg19	archived			
ENCFF829FDR	bam	bam		alignments	GRCh38	ENCSR580OFI	eCLIP	/human-donors/ENCDO000AAD/	EFO:0002067	K562	cell line	Homo sapiens										SUPV3L1-human	RNA				ultraviolet irradiation	strand-specific	2018-08-30	ENCODE		see document	175-300	2	2_1		40					/files/ENCFF987DVU/, /files/ENCFF813UKO/	39393326	Gene Yeo, UCSD	aec6b5437fa38c7e3b812eec2498a291		https://www.encodeproject.org/files/ENCFF829FDR/@@download/ENCFF829FDR.bam				released	s3://encode-public/2018/04/29/3182cf65-2b5f-43e1-9c28-4b71419f67bc/ENCFF829FDR.bam	https://datasetencode.blob.core.windows.net/dataset/2018/04/29/3182cf65-2b5f-43e1-9c28-4b71419f67bc/ENCFF829FDR.bam?sv=2019-10-10&si=prod&sr=c&sig=9qSQZo4ggrCNpybBExU8SypuUZV33igI11xw0P7rB3c%3D	Lab custom GRCh38	released			
ENCFF496FIX	bam	bam		alignments	GRCh38	ENCSR580OFI	eCLIP	/human-donors/ENCDO000AAD/	EFO:0002067	K562	cell line	Homo sapiens										SUPV3L1-human	RNA				ultraviolet irradiation	strand-specific	2018-08-30	ENCODE		see document	175-300	1	1_1		40					/files/ENCFF171KZO/, /files/ENCFF126HSF/	23470286	Gene Yeo, UCSD	d3af3f250946e053982232b23036214c		https://www.encodeproject.org/files/ENCFF496FIX/@@download/ENCFF496FIX.bam				released	s3://encode-public/2018/04/29/be003ef9-0064-4453-8c78-1a567693d599/ENCFF496FIX.bam	https://datasetencode.blob.core.windows.net/dataset/2018/04/29/be003ef9-0064-4453-8c78-1a567693d599/ENCFF496FIX.bam?sv=2019-10-10&si=prod&sr=c&sig=9qSQZo4ggrCNpybBExU8SypuUZV33igI11xw0P7rB3c%3D	Lab custom GRCh38	released			
ENCFF602XTO	bam	bam		unfiltered alignments	GRCh38	ENCSR789YZZ	eCLIP	/human-donors/ENCDO000AAC/	EFO:0001187	HepG2	cell line	Homo sapiens										SNRNP200-human	RNA				ultraviolet irradiation	reverse	2023-02-03	ENCODE		see document	175-300	1	1_1		64					/files/ENCFF133QUA/	577942552	Gene Yeo, UCSD	0b52dfff539a9b57216490886f3a4b84		https://www.encodeproject.org/files/ENCFF602XTO/@@download/ENCFF602XTO.bam	V29			archived	s3://encode-public/2022/01/12/981cba62-122c-4677-a00e-8e761ca0a15a/ENCFF602XTO.bam	https://datasetencode.blob.core.windows.net/dataset/2022/01/12/981cba62-122c-4677-a00e-8e761ca0a15a/ENCFF602XTO.bam?sv=2019-10-10&si=prod&sr=c&sig=9qSQZo4ggrCNpybBExU8SypuUZV33igI11xw0P7rB3c%3D	Lab custom GRCh38 V29	archived		uncharacterized antibody	
ENCFF048BKH	bam	bam		alignments	GRCh38	ENCSR789YZZ	eCLIP	/human-donors/ENCDO000AAC/	EFO:0001187	HepG2	cell line	Homo sapiens										SNRNP200-human	RNA				ultraviolet irradiation	reverse	2023-02-03	ENCODE		see document	175-300	1	1_1		19					/files/ENCFF602XTO/	38612899	Gene Yeo, UCSD	652809149d3fbc453f9fd708323121f9		https://www.encodeproject.org/files/ENCFF048BKH/@@download/ENCFF048BKH.bam	V29			archived	s3://encode-public/2022/01/12/5b9e4ea1-499e-4820-8c86-cd5e057138e5/ENCFF048BKH.bam	https://datasetencode.blob.core.windows.net/dataset/2022/01/12/5b9e4ea1-499e-4820-8c86-cd5e057138e5/ENCFF048BKH.bam?sv=2019-10-10&si=prod&sr=c&sig=9qSQZo4ggrCNpybBExU8SypuUZV33igI11xw0P7rB3c%3D	Lab custom GRCh38 V29	archived		uncharacterized antibody	
ENCFF964OWA	bam	bam		unfiltered alignments	GRCh38	ENCSR789YZZ	eCLIP	/human-donors/ENCDO000AAC/	EFO:0001187	HepG2	cell line	Homo sapiens										SNRNP200-human	RNA				ultraviolet irradiation	reverse	2023-02-03	ENCODE		see document	175-300	2	2_1		64					/files/ENCFF029XAQ/	529084743	Gene Yeo, UCSD	53e17adaa7cbdd39e03e2c76f9a47ce2		https://www.encodeproject.org/files/ENCFF964OWA/@@download/ENCFF964OWA.bam	V29			archived	s3://encode-public/2022/01/12/492322f6-a1fd-4fca-a24b-2c33aba15002/ENCFF964OWA.bam	https://datasetencode.blob.core.windows.net/dataset/2022/01/12/492322f6-a1fd-4fca-a24b-2c33aba15002/ENCFF964OWA.bam?sv=2019-10-10&si=prod&sr=c&sig=9qSQZo4ggrCNpybBExU8SypuUZV33igI11xw0P7rB3c%3D	Lab custom GRCh38 V29	archived		uncharacterized antibody	
ENCFF256RJB	bam	bam		alignments	GRCh38	ENCSR789YZZ	eCLIP	/human-donors/ENCDO000AAC/	EFO:0001187	HepG2	cell line	Homo sapiens										SNRNP200-human	RNA				ultraviolet irradiation	reverse	2023-02-03	ENCODE		see document	175-300	2	2_1		64					/files/ENCFF964OWA/	146694143	Gene Yeo, UCSD	ae0f96fcb1e8004ed64eecd3e70afd5e		https://www.encodeproject.org/files/ENCFF256RJB/@@download/ENCFF256RJB.bam	V29			archived	s3://encode-public/2022/01/12/7b091349-8a77-44dd-acb9-2a1fb2b7821a/ENCFF256RJB.bam	https://datasetencode.blob.core.windows.net/dataset/2022/01/12/7b091349-8a77-44dd-acb9-2a1fb2b7821a/ENCFF256RJB.bam?sv=2019-10-10&si=prod&sr=c&sig=9qSQZo4ggrCNpybBExU8SypuUZV33igI11xw0P7rB3c%3D	Lab custom GRCh38 V29	archived		uncharacterized antibody	
ENCFF641FOC	bam	bam		unfiltered alignments	GRCh38	ENCSR491HUW	eCLIP	/human-donors/ENCDO000AAD/	EFO:0002067	K562	cell line	Homo sapiens										MFAP1-human	RNA				ultraviolet irradiation	reverse	2023-02-03	ENCODE		see document	175-300	2	2_1		64					/files/ENCFF089NUQ/	641764624	Gene Yeo, UCSD	d0f08277008e626896e16a8e05fa53ec		https://www.encodeproject.org/files/ENCFF641FOC/@@download/ENCFF641FOC.bam	V29			archived	s3://encode-public/2022/01/12/15d002f4-100e-4ca4-8570-7d0c01eca9b7/ENCFF641FOC.bam	https://datasetencode.blob.core.windows.net/dataset/2022/01/12/15d002f4-100e-4ca4-8570-7d0c01eca9b7/ENCFF641FOC.bam?sv=2019-10-10&si=prod&sr=c&sig=9qSQZo4ggrCNpybBExU8SypuUZV33igI11xw0P7rB3c%3D	Lab custom GRCh38 V29	archived		uncharacterized antibody	
ENCFF766SIC	bam	bam		unfiltered alignments	GRCh38	ENCSR491HUW	eCLIP	/human-donors/ENCDO000AAD/	EFO:0002067	K562	cell line	Homo sapiens										MFAP1-human	RNA				ultraviolet irradiation	reverse	2023-02-03	ENCODE		see document	175-300	1	1_1		64					/files/ENCFF350MVS/	305727550	Gene Yeo, UCSD	3a210d6216b129b3576c91a7f954ef1f		https://www.encodeproject.org/files/ENCFF766SIC/@@download/ENCFF766SIC.bam	V29			archived	s3://encode-public/2022/01/12/5d06fe5e-deb3-4b34-9417-1b2680c94be0/ENCFF766SIC.bam	https://datasetencode.blob.core.windows.net/dataset/2022/01/12/5d06fe5e-deb3-4b34-9417-1b2680c94be0/ENCFF766SIC.bam?sv=2019-10-10&si=prod&sr=c&sig=9qSQZo4ggrCNpybBExU8SypuUZV33igI11xw0P7rB3c%3D	Lab custom GRCh38 V29	archived		uncharacterized antibody	
ENCFF826KMG	bam	bam		alignments	GRCh38	ENCSR491HUW	eCLIP	/human-donors/ENCDO000AAD/	EFO:0002067	K562	cell line	Homo sapiens										MFAP1-human	RNA				ultraviolet irradiation	reverse	2023-02-03	ENCODE		see document	175-300	1	1_1		64					/files/ENCFF766SIC/	146662901	Gene Yeo, UCSD	d6a74150f9e3c54c2fcfbd57ded6e32b		https://www.encodeproject.org/files/ENCFF826KMG/@@download/ENCFF826KMG.bam	V29			archived	s3://encode-public/2022/01/12/4f1676cc-8a55-44f0-a4b9-8e904bb0183b/ENCFF826KMG.bam	https://datasetencode.blob.core.windows.net/dataset/2022/01/12/4f1676cc-8a55-44f0-a4b9-8e904bb0183b/ENCFF826KMG.bam?sv=2019-10-10&si=prod&sr=c&sig=9qSQZo4ggrCNpybBExU8SypuUZV33igI11xw0P7rB3c%3D	Lab custom GRCh38 V29	archived		uncharacterized antibody	
ENCFF896AIC	bam	bam		alignments	GRCh38	ENCSR491HUW	eCLIP	/human-donors/ENCDO000AAD/	EFO:0002067	K562	cell line	Homo sapiens										MFAP1-human	RNA				ultraviolet irradiation	reverse	2023-02-03	ENCODE		see document	175-300	2	2_1		64					/files/ENCFF641FOC/	276071587	Gene Yeo, UCSD	25e1a4c0c8d8de32e77bdf98b51ea58b		https://www.encodeproject.org/files/ENCFF896AIC/@@download/ENCFF896AIC.bam	V29			archived	s3://encode-public/2022/01/12/1f72ff1b-6fd2-47bc-8754-2b4e7f0d317f/ENCFF896AIC.bam	https://datasetencode.blob.core.windows.net/dataset/2022/01/12/1f72ff1b-6fd2-47bc-8754-2b4e7f0d317f/ENCFF896AIC.bam?sv=2019-10-10&si=prod&sr=c&sig=9qSQZo4ggrCNpybBExU8SypuUZV33igI11xw0P7rB3c%3D	Lab custom GRCh38 V29	archived		uncharacterized antibody	
ENCFF598UHA	bam	bam		alignments	GRCh38	ENCSR285QHT	eCLIP	/human-donors/ENCDO000AAD/	EFO:0002067	K562	cell line	Homo sapiens										NONO-human	RNA				ultraviolet irradiation	reverse	2023-02-03	ENCODE		see document	175-300	2	2_1		63					/files/ENCFF698LBS/	195687620	Gene Yeo, UCSD	0bc1847d831b4ee5e55cdd9e6b9de65a		https://www.encodeproject.org/files/ENCFF598UHA/@@download/ENCFF598UHA.bam	V29			archived	s3://encode-public/2022/01/12/eb0fe75d-418f-4312-ac8e-7dd21b571c96/ENCFF598UHA.bam	https://datasetencode.blob.core.windows.net/dataset/2022/01/12/eb0fe75d-418f-4312-ac8e-7dd21b571c96/ENCFF598UHA.bam?sv=2019-10-10&si=prod&sr=c&sig=9qSQZo4ggrCNpybBExU8SypuUZV33igI11xw0P7rB3c%3D	Lab custom GRCh38 V29	archived		partially characterized antibody	
ENCFF605EDS	bam	bam		unfiltered alignments	GRCh38	ENCSR285QHT	eCLIP	/human-donors/ENCDO000AAD/	EFO:0002067	K562	cell line	Homo sapiens										NONO-human	RNA				ultraviolet irradiation	reverse	2023-02-03	ENCODE		see document	175-300	1	1_1		63					/files/ENCFF839YNO/	232064823	Gene Yeo, UCSD	bfb3e4d6a63c59c3e112b82b6512819a		https://www.encodeproject.org/files/ENCFF605EDS/@@download/ENCFF605EDS.bam	V29			archived	s3://encode-public/2022/01/12/4deeae9d-3749-4d7b-91f5-0a9edf32543f/ENCFF605EDS.bam	https://datasetencode.blob.core.windows.net/dataset/2022/01/12/4deeae9d-3749-4d7b-91f5-0a9edf32543f/ENCFF605EDS.bam?sv=2019-10-10&si=prod&sr=c&sig=9qSQZo4ggrCNpybBExU8SypuUZV33igI11xw0P7rB3c%3D	Lab custom GRCh38 V29	archived		partially characterized antibody	
ENCFF698LBS	bam	bam		unfiltered alignments	GRCh38	ENCSR285QHT	eCLIP	/human-donors/ENCDO000AAD/	EFO:0002067	K562	cell line	Homo sapiens										NONO-human	RNA				ultraviolet irradiation	reverse	2023-02-03	ENCODE		see document	175-300	2	2_1		63					/files/ENCFF060HVC/	298795587	Gene Yeo, UCSD	7b2131d1c0660fe9529857f7f7660ea4		https://www.encodeproject.org/files/ENCFF698LBS/@@download/ENCFF698LBS.bam	V29			archived	s3://encode-public/2022/01/12/862b75d1-3514-4df5-ac4f-2216e7b26845/ENCFF698LBS.bam	https://datasetencode.blob.core.windows.net/dataset/2022/01/12/862b75d1-3514-4df5-ac4f-2216e7b26845/ENCFF698LBS.bam?sv=2019-10-10&si=prod&sr=c&sig=9qSQZo4ggrCNpybBExU8SypuUZV33igI11xw0P7rB3c%3D	Lab custom GRCh38 V29	archived		partially characterized antibody	
ENCFF492OOJ	bam	bam		alignments	GRCh38	ENCSR285QHT	eCLIP	/human-donors/ENCDO000AAD/	EFO:0002067	K562	cell line	Homo sapiens										NONO-human	RNA				ultraviolet irradiation	reverse	2023-02-03	ENCODE		see document	175-300	1	1_1		63					/files/ENCFF605EDS/	146239184	Gene Yeo, UCSD	43cfa0fe702d9cd2891b57d39d228e23		https://www.encodeproject.org/files/ENCFF492OOJ/@@download/ENCFF492OOJ.bam	V29			archived	s3://encode-public/2022/01/12/25f3f2cf-7bbd-413a-9585-f35b22c3d2c0/ENCFF492OOJ.bam	https://datasetencode.blob.core.windows.net/dataset/2022/01/12/25f3f2cf-7bbd-413a-9585-f35b22c3d2c0/ENCFF492OOJ.bam?sv=2019-10-10&si=prod&sr=c&sig=9qSQZo4ggrCNpybBExU8SypuUZV33igI11xw0P7rB3c%3D	Lab custom GRCh38 V29	archived		partially characterized antibody	
ENCFF483TEX	bam	bam		unfiltered alignments	GRCh38	ENCSR293FWY	eCLIP	/human-donors/ENCDO000AAD/	EFO:0002067	K562	cell line	Homo sapiens										DDX1-human	RNA				ultraviolet irradiation	reverse	2023-02-03	ENCODE		see document	175-300	2	2_1		64					/files/ENCFF507WKA/	465729224	Gene Yeo, UCSD	4bb8bc1830a82d9e99e943e90b38da9e		https://www.encodeproject.org/files/ENCFF483TEX/@@download/ENCFF483TEX.bam	V29			released	s3://encode-public/2022/01/12/ee1f12f8-9c2d-45a3-8d3b-48ce89bb26a1/ENCFF483TEX.bam	https://datasetencode.blob.core.windows.net/dataset/2022/01/12/ee1f12f8-9c2d-45a3-8d3b-48ce89bb26a1/ENCFF483TEX.bam?sv=2019-10-10&si=prod&sr=c&sig=9qSQZo4ggrCNpybBExU8SypuUZV33igI11xw0P7rB3c%3D	Lab custom GRCh38 V29	released			
ENCFF171YQS	bam	bam		unfiltered alignments	GRCh38	ENCSR293FWY	eCLIP	/human-donors/ENCDO000AAD/	EFO:0002067	K562	cell line	Homo sapiens										DDX1-human	RNA				ultraviolet irradiation	reverse	2023-02-03	ENCODE		see document	175-300	1	1_1		64					/files/ENCFF926UWX/	380881974	Gene Yeo, UCSD	0061eef4ab1c940a3af730d1ed5c1a9b		https://www.encodeproject.org/files/ENCFF171YQS/@@download/ENCFF171YQS.bam	V29			released	s3://encode-public/2022/01/12/280defe8-a784-49b3-a2c7-6b73af3a2a4d/ENCFF171YQS.bam	https://datasetencode.blob.core.windows.net/dataset/2022/01/12/280defe8-a784-49b3-a2c7-6b73af3a2a4d/ENCFF171YQS.bam?sv=2019-10-10&si=prod&sr=c&sig=9qSQZo4ggrCNpybBExU8SypuUZV33igI11xw0P7rB3c%3D	Lab custom GRCh38 V29	released			
ENCFF484APP	bam	bam		alignments	GRCh38	ENCSR293FWY	eCLIP	/human-donors/ENCDO000AAD/	EFO:0002067	K562	cell line	Homo sapiens										DDX1-human	RNA				ultraviolet irradiation	reverse	2023-02-03	ENCODE		see document	175-300	2	2_1		64					/files/ENCFF483TEX/	233152420	Gene Yeo, UCSD	5165ac0db2011662642084bfaa4283df		https://www.encodeproject.org/files/ENCFF484APP/@@download/ENCFF484APP.bam	V29			released	s3://encode-public/2022/01/12/55d31353-666c-4f46-9d4b-c51ac178e997/ENCFF484APP.bam	https://datasetencode.blob.core.windows.net/dataset/2022/01/12/55d31353-666c-4f46-9d4b-c51ac178e997/ENCFF484APP.bam?sv=2019-10-10&si=prod&sr=c&sig=9qSQZo4ggrCNpybBExU8SypuUZV33igI11xw0P7rB3c%3D	Lab custom GRCh38 V29	released			
ENCFF184QVM	bam	bam		alignments	GRCh38	ENCSR293FWY	eCLIP	/human-donors/ENCDO000AAD/	EFO:0002067	K562	cell line	Homo sapiens										DDX1-human	RNA				ultraviolet irradiation	reverse	2023-02-03	ENCODE		see document	175-300	1	1_1		64					/files/ENCFF171YQS/	174280434	Gene Yeo, UCSD	5e69cd0722da7daa6f35d7f7221b56e7		https://www.encodeproject.org/files/ENCFF184QVM/@@download/ENCFF184QVM.bam	V29			released	s3://encode-public/2022/01/12/57cebc78-919d-45bf-84ac-4698f011f96c/ENCFF184QVM.bam	https://datasetencode.blob.core.windows.net/dataset/2022/01/12/57cebc78-919d-45bf-84ac-4698f011f96c/ENCFF184QVM.bam?sv=2019-10-10&si=prod&sr=c&sig=9qSQZo4ggrCNpybBExU8SypuUZV33igI11xw0P7rB3c%3D	Lab custom GRCh38 V29	released			
ENCFF369DFE	bam	bam		alignments	GRCh38	ENCSR171XCR	eCLIP	/human-donors/ENCDO000AAD/	EFO:0002067	K562	cell line	Homo sapiens										EED-human	RNA				ultraviolet irradiation	reverse	2023-02-03	ENCODE		see document	175-300	1	1_1		64					/files/ENCFF038HGR/	280567984	Gene Yeo, UCSD	8e9ca59a89e3782e3b3dff213177505f		https://www.encodeproject.org/files/ENCFF369DFE/@@download/ENCFF369DFE.bam	V29			archived	s3://encode-public/2022/01/12/43d9d049-ab73-4b58-83f1-435cfd863362/ENCFF369DFE.bam	https://datasetencode.blob.core.windows.net/dataset/2022/01/12/43d9d049-ab73-4b58-83f1-435cfd863362/ENCFF369DFE.bam?sv=2019-10-10&si=prod&sr=c&sig=9qSQZo4ggrCNpybBExU8SypuUZV33igI11xw0P7rB3c%3D	Lab custom GRCh38 V29	archived		uncharacterized antibody	
ENCFF067FDO	bam	bam		unfiltered alignments	GRCh38	ENCSR171XCR	eCLIP	/human-donors/ENCDO000AAD/	EFO:0002067	K562	cell line	Homo sapiens										EED-human	RNA				ultraviolet irradiation	reverse	2023-02-03	ENCODE		see document	175-300	2	2_1		64					/files/ENCFF288VIR/	440965362	Gene Yeo, UCSD	b6e0dc9b667d5b0a896cf7c1d9be1d4a		https://www.encodeproject.org/files/ENCFF067FDO/@@download/ENCFF067FDO.bam	V29			archived	s3://encode-public/2022/01/12/120285b1-77d4-4b08-badf-0900bbc45984/ENCFF067FDO.bam	https://datasetencode.blob.core.windows.net/dataset/2022/01/12/120285b1-77d4-4b08-badf-0900bbc45984/ENCFF067FDO.bam?sv=2019-10-10&si=prod&sr=c&sig=9qSQZo4ggrCNpybBExU8SypuUZV33igI11xw0P7rB3c%3D	Lab custom GRCh38 V29	archived		uncharacterized antibody	
ENCFF038HGR	bam	bam		unfiltered alignments	GRCh38	ENCSR171XCR	eCLIP	/human-donors/ENCDO000AAD/	EFO:0002067	K562	cell line	Homo sapiens										EED-human	RNA				ultraviolet irradiation	reverse	2023-02-03	ENCODE		see document	175-300	1	1_1		64					/files/ENCFF711WKM/	418542216	Gene Yeo, UCSD	9bf4680475cabc5312fe9def3fc54b27		https://www.encodeproject.org/files/ENCFF038HGR/@@download/ENCFF038HGR.bam	V29			archived	s3://encode-public/2022/01/12/2fb961a6-81ca-4021-b4ae-50ba204104a4/ENCFF038HGR.bam	https://datasetencode.blob.core.windows.net/dataset/2022/01/12/2fb961a6-81ca-4021-b4ae-50ba204104a4/ENCFF038HGR.bam?sv=2019-10-10&si=prod&sr=c&sig=9qSQZo4ggrCNpybBExU8SypuUZV33igI11xw0P7rB3c%3D	Lab custom GRCh38 V29	archived		uncharacterized antibody	
ENCFF201GCL	bam	bam		alignments	GRCh38	ENCSR171XCR	eCLIP	/human-donors/ENCDO000AAD/	EFO:0002067	K562	cell line	Homo sapiens										EED-human	RNA				ultraviolet irradiation	reverse	2023-02-03	ENCODE		see document	175-300	2	2_1		64					/files/ENCFF067FDO/	271384862	Gene Yeo, UCSD	b8c6b07f359b96c4e495ee3e5761ec15		https://www.encodeproject.org/files/ENCFF201GCL/@@download/ENCFF201GCL.bam	V29			archived	s3://encode-public/2022/01/12/5a28c196-37a8-450b-86b4-8a7316badfed/ENCFF201GCL.bam	https://datasetencode.blob.core.windows.net/dataset/2022/01/12/5a28c196-37a8-450b-86b4-8a7316badfed/ENCFF201GCL.bam?sv=2019-10-10&si=prod&sr=c&sig=9qSQZo4ggrCNpybBExU8SypuUZV33igI11xw0P7rB3c%3D	Lab custom GRCh38 V29	archived		uncharacterized antibody	
ENCFF749EYB	bam	bam		alignments	GRCh38	ENCSR332LFL	eCLIP	/human-donors/ENCDO000AAC/	EFO:0001187	HepG2	cell line	Homo sapiens										DEK-human	RNA				ultraviolet irradiation	reverse	2023-02-03	ENCODE		see document	175-300	1	1_1		64					/files/ENCFF813JVY/	36860363	Gene Yeo, UCSD	97ad9039b7c2075b57a2ee64c55a1a97		https://www.encodeproject.org/files/ENCFF749EYB/@@download/ENCFF749EYB.bam	V29			archived	s3://encode-public/2022/01/12/33daa1da-4df4-43d7-a075-1ee3943bcf2d/ENCFF749EYB.bam	https://datasetencode.blob.core.windows.net/dataset/2022/01/12/33daa1da-4df4-43d7-a075-1ee3943bcf2d/ENCFF749EYB.bam?sv=2019-10-10&si=prod&sr=c&sig=9qSQZo4ggrCNpybBExU8SypuUZV33igI11xw0P7rB3c%3D	Lab custom GRCh38 V29	archived		partially characterized antibody	
ENCFF813JVY	bam	bam		unfiltered alignments	GRCh38	ENCSR332LFL	eCLIP	/human-donors/ENCDO000AAC/	EFO:0001187	HepG2	cell line	Homo sapiens										DEK-human	RNA				ultraviolet irradiation	reverse	2023-02-03	ENCODE		see document	175-300	1	1_1		64					/files/ENCFF653TSZ/	369550552	Gene Yeo, UCSD	fe38f8334100feca16e5f6ee45f055c3		https://www.encodeproject.org/files/ENCFF813JVY/@@download/ENCFF813JVY.bam	V29			archived	s3://encode-public/2022/01/12/d35e2df5-d7d7-4ab9-b047-b856472180bb/ENCFF813JVY.bam	https://datasetencode.blob.core.windows.net/dataset/2022/01/12/d35e2df5-d7d7-4ab9-b047-b856472180bb/ENCFF813JVY.bam?sv=2019-10-10&si=prod&sr=c&sig=9qSQZo4ggrCNpybBExU8SypuUZV33igI11xw0P7rB3c%3D	Lab custom GRCh38 V29	archived		partially characterized antibody	
ENCFF863DGL	bam	bam		alignments	GRCh38	ENCSR332LFL	eCLIP	/human-donors/ENCDO000AAC/	EFO:0001187	HepG2	cell line	Homo sapiens										DEK-human	RNA				ultraviolet irradiation	reverse	2023-02-03	ENCODE		see document	175-300	2	2_1		64					/files/ENCFF661AIR/	65850779	Gene Yeo, UCSD	5d7f1ad803aeff9dbc2aeabecdf460e0		https://www.encodeproject.org/files/ENCFF863DGL/@@download/ENCFF863DGL.bam	V29			archived	s3://encode-public/2022/01/12/3a9b45b3-9a9d-4fb6-88a4-d03922d524c9/ENCFF863DGL.bam	https://datasetencode.blob.core.windows.net/dataset/2022/01/12/3a9b45b3-9a9d-4fb6-88a4-d03922d524c9/ENCFF863DGL.bam?sv=2019-10-10&si=prod&sr=c&sig=9qSQZo4ggrCNpybBExU8SypuUZV33igI11xw0P7rB3c%3D	Lab custom GRCh38 V29	archived		partially characterized antibody	
ENCFF661AIR	bam	bam		unfiltered alignments	GRCh38	ENCSR332LFL	eCLIP	/human-donors/ENCDO000AAC/	EFO:0001187	HepG2	cell line	Homo sapiens										DEK-human	RNA				ultraviolet irradiation	reverse	2023-02-03	ENCODE		see document	175-300	2	2_1		64					/files/ENCFF994ULB/	344554333	Gene Yeo, UCSD	203e03dc1e0ab8bbdf4b382b1e6e372c		https://www.encodeproject.org/files/ENCFF661AIR/@@download/ENCFF661AIR.bam	V29			archived	s3://encode-public/2022/01/12/1b485dd6-a227-4a14-ac1f-26aae3054b54/ENCFF661AIR.bam	https://datasetencode.blob.core.windows.net/dataset/2022/01/12/1b485dd6-a227-4a14-ac1f-26aae3054b54/ENCFF661AIR.bam?sv=2019-10-10&si=prod&sr=c&sig=9qSQZo4ggrCNpybBExU8SypuUZV33igI11xw0P7rB3c%3D	Lab custom GRCh38 V29	archived		partially characterized antibody	
ENCFF960IGR	bam	bam		unfiltered alignments	GRCh38	ENCSR379GZS	eCLIP	/human-donors/ENCDO000AAC/	EFO:0001187	HepG2	cell line	Homo sapiens										NSUN2-human	RNA				ultraviolet irradiation	reverse	2022-11-16	ENCODE		see document	175-300	2	2_1		64					/files/ENCFF143ZYE/	299790627	Gene Yeo, UCSD	02ff790fa41ace4e8f5118452ff6b593		https://www.encodeproject.org/files/ENCFF960IGR/@@download/ENCFF960IGR.bam	V29			released	s3://encode-public/2022/01/12/ee1e2209-4996-48c0-91da-1995632a8d88/ENCFF960IGR.bam	https://datasetencode.blob.core.windows.net/dataset/2022/01/12/ee1e2209-4996-48c0-91da-1995632a8d88/ENCFF960IGR.bam?sv=2019-10-10&si=prod&sr=c&sig=9qSQZo4ggrCNpybBExU8SypuUZV33igI11xw0P7rB3c%3D	Lab custom GRCh38 V29	released			
ENCFF553TKS	bam	bam		unfiltered alignments	GRCh38	ENCSR379GZS	eCLIP	/human-donors/ENCDO000AAC/	EFO:0001187	HepG2	cell line	Homo sapiens										NSUN2-human	RNA				ultraviolet irradiation	reverse	2022-11-16	ENCODE		see document	175-300	1	1_1		64					/files/ENCFF311FHF/	239465731	Gene Yeo, UCSD	e838ac6fd74938c120c1dfefb1c8db45		https://www.encodeproject.org/files/ENCFF553TKS/@@download/ENCFF553TKS.bam	V29			released	s3://encode-public/2022/01/12/06eca3d2-ec78-4dfe-900f-64516f409988/ENCFF553TKS.bam	https://datasetencode.blob.core.windows.net/dataset/2022/01/12/06eca3d2-ec78-4dfe-900f-64516f409988/ENCFF553TKS.bam?sv=2019-10-10&si=prod&sr=c&sig=9qSQZo4ggrCNpybBExU8SypuUZV33igI11xw0P7rB3c%3D	Lab custom GRCh38 V29	released			
ENCFF261FNR	bam	bam		alignments	GRCh38	ENCSR379GZS	eCLIP	/human-donors/ENCDO000AAC/	EFO:0001187	HepG2	cell line	Homo sapiens										NSUN2-human	RNA				ultraviolet irradiation	reverse	2022-11-16	ENCODE		see document	175-300	2	2_1		20					/files/ENCFF960IGR/	148860308	Gene Yeo, UCSD	f1920f6c7115d33994f9985792edbbf9		https://www.encodeproject.org/files/ENCFF261FNR/@@download/ENCFF261FNR.bam	V29			released	s3://encode-public/2022/01/12/e3679858-f862-4126-af5b-ea7d0f57d96b/ENCFF261FNR.bam	https://datasetencode.blob.core.windows.net/dataset/2022/01/12/e3679858-f862-4126-af5b-ea7d0f57d96b/ENCFF261FNR.bam?sv=2019-10-10&si=prod&sr=c&sig=9qSQZo4ggrCNpybBExU8SypuUZV33igI11xw0P7rB3c%3D	Lab custom GRCh38 V29	released			
ENCFF141HNK	bam	bam		alignments	GRCh38	ENCSR379GZS	eCLIP	/human-donors/ENCDO000AAC/	EFO:0001187	HepG2	cell line	Homo sapiens										NSUN2-human	RNA				ultraviolet irradiation	reverse	2022-11-16	ENCODE		see document	175-300	1	1_1		19					/files/ENCFF553TKS/	111382868	Gene Yeo, UCSD	f5111f70b67877646cfaa4286e30a332		https://www.encodeproject.org/files/ENCFF141HNK/@@download/ENCFF141HNK.bam	V29			released	s3://encode-public/2022/01/12/c028cb8a-0f0f-4672-bb95-2597208aaf36/ENCFF141HNK.bam	https://datasetencode.blob.core.windows.net/dataset/2022/01/12/c028cb8a-0f0f-4672-bb95-2597208aaf36/ENCFF141HNK.bam?sv=2019-10-10&si=prod&sr=c&sig=9qSQZo4ggrCNpybBExU8SypuUZV33igI11xw0P7rB3c%3D	Lab custom GRCh38 V29	released			
ENCFF811DAM	bam	bam		unfiltered alignments	GRCh38	ENCSR124DES	eCLIP	/human-donors/ENCDO000AAD/	EFO:0002067	K562	cell line	Homo sapiens										SRSF5-human	RNA				ultraviolet irradiation	reverse	2023-02-03	ENCODE		see document	175-300	1	1_1		64					/files/ENCFF734CKL/	227400120	Gene Yeo, UCSD	9fab64342b753cf3296d20d5334d63c1		https://www.encodeproject.org/files/ENCFF811DAM/@@download/ENCFF811DAM.bam	V29			archived	s3://encode-public/2022/01/12/ce95aa70-cb21-432d-8fd4-24a355eee6fb/ENCFF811DAM.bam	https://datasetencode.blob.core.windows.net/dataset/2022/01/12/ce95aa70-cb21-432d-8fd4-24a355eee6fb/ENCFF811DAM.bam?sv=2019-10-10&si=prod&sr=c&sig=9qSQZo4ggrCNpybBExU8SypuUZV33igI11xw0P7rB3c%3D	Lab custom GRCh38 V29	archived		partially characterized antibody	
ENCFF411MNN	bam	bam		alignments	GRCh38	ENCSR124DES	eCLIP	/human-donors/ENCDO000AAD/	EFO:0002067	K562	cell line	Homo sapiens										SRSF5-human	RNA				ultraviolet irradiation	reverse	2023-02-03	ENCODE		see document	175-300	1	1_1		64					/files/ENCFF811DAM/	79236156	Gene Yeo, UCSD	73e3aba12f30dd3cec25b52e01ab7feb		https://www.encodeproject.org/files/ENCFF411MNN/@@download/ENCFF411MNN.bam	V29			archived	s3://encode-public/2022/01/12/5ea36558-fddc-475b-9db1-6e169d8c060a/ENCFF411MNN.bam	https://datasetencode.blob.core.windows.net/dataset/2022/01/12/5ea36558-fddc-475b-9db1-6e169d8c060a/ENCFF411MNN.bam?sv=2019-10-10&si=prod&sr=c&sig=9qSQZo4ggrCNpybBExU8SypuUZV33igI11xw0P7rB3c%3D	Lab custom GRCh38 V29	archived		partially characterized antibody	
ENCFF054XDL	bam	bam		unfiltered alignments	GRCh38	ENCSR124DES	eCLIP	/human-donors/ENCDO000AAD/	EFO:0002067	K562	cell line	Homo sapiens										SRSF5-human	RNA				ultraviolet irradiation	reverse	2023-02-03	ENCODE		see document	175-300	2	2_1		64					/files/ENCFF347XFC/	323478696	Gene Yeo, UCSD	2df3068cd64ff7abd45050a8b37cd5d7		https://www.encodeproject.org/files/ENCFF054XDL/@@download/ENCFF054XDL.bam	V29			archived	s3://encode-public/2022/01/12/db1349d8-702a-4bdd-b580-8c3920366c6e/ENCFF054XDL.bam	https://datasetencode.blob.core.windows.net/dataset/2022/01/12/db1349d8-702a-4bdd-b580-8c3920366c6e/ENCFF054XDL.bam?sv=2019-10-10&si=prod&sr=c&sig=9qSQZo4ggrCNpybBExU8SypuUZV33igI11xw0P7rB3c%3D	Lab custom GRCh38 V29	archived		partially characterized antibody	
ENCFF702NBW	bam	bam		alignments	GRCh38	ENCSR124DES	eCLIP	/human-donors/ENCDO000AAD/	EFO:0002067	K562	cell line	Homo sapiens										SRSF5-human	RNA				ultraviolet irradiation	reverse	2023-02-03	ENCODE		see document	175-300	2	2_1		64					/files/ENCFF054XDL/	121806823	Gene Yeo, UCSD	58904ca488e927c8d7f9a49ee0fea724		https://www.encodeproject.org/files/ENCFF702NBW/@@download/ENCFF702NBW.bam	V29			archived	s3://encode-public/2022/01/12/b0754d64-a81d-4eb9-8e4e-3be229b3be8c/ENCFF702NBW.bam	https://datasetencode.blob.core.windows.net/dataset/2022/01/12/b0754d64-a81d-4eb9-8e4e-3be229b3be8c/ENCFF702NBW.bam?sv=2019-10-10&si=prod&sr=c&sig=9qSQZo4ggrCNpybBExU8SypuUZV33igI11xw0P7rB3c%3D	Lab custom GRCh38 V29	archived		partially characterized antibody	
ENCFF056ICL	bam	bam		unfiltered alignments	GRCh38	ENCSR317QOX	eCLIP	/human-donors/ENCDO000AAC/	EFO:0001187	HepG2	cell line	Homo sapiens										SF3A1-human	RNA				ultraviolet irradiation	reverse	2023-02-03	ENCODE		see document	175-300	1	1_1		89					/files/ENCFF767OYS/	551915993	Gene Yeo, UCSD	cdb59d4e6c692761ca706c26685d705a		https://www.encodeproject.org/files/ENCFF056ICL/@@download/ENCFF056ICL.bam	V29			archived	s3://encode-public/2022/01/12/6f50d808-8020-4de9-8c74-b4f14be568b2/ENCFF056ICL.bam	https://datasetencode.blob.core.windows.net/dataset/2022/01/12/6f50d808-8020-4de9-8c74-b4f14be568b2/ENCFF056ICL.bam?sv=2019-10-10&si=prod&sr=c&sig=9qSQZo4ggrCNpybBExU8SypuUZV33igI11xw0P7rB3c%3D	Lab custom GRCh38 V29	archived		partially characterized antibody	
ENCFF685NCN	bam	bam		alignments	GRCh38	ENCSR317QOX	eCLIP	/human-donors/ENCDO000AAC/	EFO:0001187	HepG2	cell line	Homo sapiens										SF3A1-human	RNA				ultraviolet irradiation	reverse	2023-02-03	ENCODE		see document	175-300	1	1_1		88					/files/ENCFF056ICL/	281993257	Gene Yeo, UCSD	4549378f7166db2ccbe52d5bf5e0e5c0		https://www.encodeproject.org/files/ENCFF685NCN/@@download/ENCFF685NCN.bam	V29			archived	s3://encode-public/2022/01/12/3845bf3f-9c1a-4d03-952d-abb9cfd2874c/ENCFF685NCN.bam	https://datasetencode.blob.core.windows.net/dataset/2022/01/12/3845bf3f-9c1a-4d03-952d-abb9cfd2874c/ENCFF685NCN.bam?sv=2019-10-10&si=prod&sr=c&sig=9qSQZo4ggrCNpybBExU8SypuUZV33igI11xw0P7rB3c%3D	Lab custom GRCh38 V29	archived		partially characterized antibody	
ENCFF306ZUJ	bam	bam		unfiltered alignments	GRCh38	ENCSR317QOX	eCLIP	/human-donors/ENCDO000AAC/	EFO:0001187	HepG2	cell line	Homo sapiens										SF3A1-human	RNA				ultraviolet irradiation	reverse	2023-02-03	ENCODE		see document	175-300	2	2_1		89					/files/ENCFF350YIN/	530134220	Gene Yeo, UCSD	7231d7634a168f4d9524dffff8505d4f		https://www.encodeproject.org/files/ENCFF306ZUJ/@@download/ENCFF306ZUJ.bam	V29			archived	s3://encode-public/2022/01/12/b3da4465-cbe5-4354-a3de-c7dfbc5e01bf/ENCFF306ZUJ.bam	https://datasetencode.blob.core.windows.net/dataset/2022/01/12/b3da4465-cbe5-4354-a3de-c7dfbc5e01bf/ENCFF306ZUJ.bam?sv=2019-10-10&si=prod&sr=c&sig=9qSQZo4ggrCNpybBExU8SypuUZV33igI11xw0P7rB3c%3D	Lab custom GRCh38 V29	archived		partially characterized antibody	
ENCFF152ARZ	bam	bam		alignments	GRCh38	ENCSR317QOX	eCLIP	/human-donors/ENCDO000AAC/	EFO:0001187	HepG2	cell line	Homo sapiens										SF3A1-human	RNA				ultraviolet irradiation	reverse	2023-02-03	ENCODE		see document	175-300	2	2_1		88					/files/ENCFF306ZUJ/	256751166	Gene Yeo, UCSD	217ae114fd9867105f9af0f5173b7f74		https://www.encodeproject.org/files/ENCFF152ARZ/@@download/ENCFF152ARZ.bam	V29			archived	s3://encode-public/2022/01/12/002f3c8c-827a-4562-bd32-9bab00981841/ENCFF152ARZ.bam	https://datasetencode.blob.core.windows.net/dataset/2022/01/12/002f3c8c-827a-4562-bd32-9bab00981841/ENCFF152ARZ.bam?sv=2019-10-10&si=prod&sr=c&sig=9qSQZo4ggrCNpybBExU8SypuUZV33igI11xw0P7rB3c%3D	Lab custom GRCh38 V29	archived		partially characterized antibody	
ENCFF060CWR	bam	bam		unfiltered alignments	GRCh38	ENCSR497XZI	eCLIP	/human-donors/ENCDO000AAD/	EFO:0002067	K562	cell line	Homo sapiens										MBNL1-human	RNA				ultraviolet irradiation	reverse	2022-07-19	ENCODE		see document	175-300	1	1_1		64					/files/ENCFF508CMO/	549262211	Gene Yeo, UCSD	052b25ec9117fdb787041f8a58b48011		https://www.encodeproject.org/files/ENCFF060CWR/@@download/ENCFF060CWR.bam	V29			released	s3://encode-public/2022/01/12/a68a9175-1676-4acb-bcfb-512f314c0e13/ENCFF060CWR.bam	https://datasetencode.blob.core.windows.net/dataset/2022/01/12/a68a9175-1676-4acb-bcfb-512f314c0e13/ENCFF060CWR.bam?sv=2019-10-10&si=prod&sr=c&sig=9qSQZo4ggrCNpybBExU8SypuUZV33igI11xw0P7rB3c%3D	Lab custom GRCh38 V29	released			
ENCFF452ZSY	bam	bam		alignments	GRCh38	ENCSR497XZI	eCLIP	/human-donors/ENCDO000AAD/	EFO:0002067	K562	cell line	Homo sapiens										MBNL1-human	RNA				ultraviolet irradiation	reverse	2022-07-19	ENCODE		see document	175-300	1	1_1		64					/files/ENCFF060CWR/	283408444	Gene Yeo, UCSD	1190b8ef03177766b79d1df54bd6369f		https://www.encodeproject.org/files/ENCFF452ZSY/@@download/ENCFF452ZSY.bam	V29			released	s3://encode-public/2022/01/12/ab7cf36e-2c40-48ad-8dbb-0e475aeba392/ENCFF452ZSY.bam	https://datasetencode.blob.core.windows.net/dataset/2022/01/12/ab7cf36e-2c40-48ad-8dbb-0e475aeba392/ENCFF452ZSY.bam?sv=2019-10-10&si=prod&sr=c&sig=9qSQZo4ggrCNpybBExU8SypuUZV33igI11xw0P7rB3c%3D	Lab custom GRCh38 V29	released			
ENCFF400SGM	bam	bam		unfiltered alignments	GRCh38	ENCSR497XZI	eCLIP	/human-donors/ENCDO000AAD/	EFO:0002067	K562	cell line	Homo sapiens										MBNL1-human	RNA				ultraviolet irradiation	reverse	2022-07-19	ENCODE		see document	175-300	2	2_1		64					/files/ENCFF287XKI/	586917898	Gene Yeo, UCSD	0d3a0b093d33ed094a1858905d799edd		https://www.encodeproject.org/files/ENCFF400SGM/@@download/ENCFF400SGM.bam	V29			released	s3://encode-public/2022/01/12/25620328-ba8d-4a75-954b-6eb87da8f09d/ENCFF400SGM.bam	https://datasetencode.blob.core.windows.net/dataset/2022/01/12/25620328-ba8d-4a75-954b-6eb87da8f09d/ENCFF400SGM.bam?sv=2019-10-10&si=prod&sr=c&sig=9qSQZo4ggrCNpybBExU8SypuUZV33igI11xw0P7rB3c%3D	Lab custom GRCh38 V29	released			
ENCFF380QZK	bam	bam		alignments	GRCh38	ENCSR497XZI	eCLIP	/human-donors/ENCDO000AAD/	EFO:0002067	K562	cell line	Homo sapiens										MBNL1-human	RNA				ultraviolet irradiation	reverse	2022-07-19	ENCODE		see document	175-300	2	2_1		64					/files/ENCFF400SGM/	315129937	Gene Yeo, UCSD	61e7ebcf05347dec1b1f3cce3e187b94		https://www.encodeproject.org/files/ENCFF380QZK/@@download/ENCFF380QZK.bam	V29			released	s3://encode-public/2022/01/12/4704b2f6-45ef-4910-adbb-8283860d93f0/ENCFF380QZK.bam	https://datasetencode.blob.core.windows.net/dataset/2022/01/12/4704b2f6-45ef-4910-adbb-8283860d93f0/ENCFF380QZK.bam?sv=2019-10-10&si=prod&sr=c&sig=9qSQZo4ggrCNpybBExU8SypuUZV33igI11xw0P7rB3c%3D	Lab custom GRCh38 V29	released			
ENCFF958TEE	bam	bam		unfiltered alignments	GRCh38	ENCSR187VEQ	eCLIP	/human-donors/ENCDO000AAC/	EFO:0001187	HepG2	cell line	Homo sapiens										TARDBP-human	RNA				ultraviolet irradiation	reverse	2022-12-17	ENCODE		see document	175-300	2	2_1		64					/files/ENCFF868WQR/	566113720	Gene Yeo, UCSD	a7f0bc86f9eaace241452878f418b9ea		https://www.encodeproject.org/files/ENCFF958TEE/@@download/ENCFF958TEE.bam	V29			released	s3://encode-public/2022/01/12/8465755b-727d-4ea1-9265-9c4b273de5fa/ENCFF958TEE.bam	https://datasetencode.blob.core.windows.net/dataset/2022/01/12/8465755b-727d-4ea1-9265-9c4b273de5fa/ENCFF958TEE.bam?sv=2019-10-10&si=prod&sr=c&sig=9qSQZo4ggrCNpybBExU8SypuUZV33igI11xw0P7rB3c%3D	Lab custom GRCh38 V29	released			
ENCFF174CYH	bam	bam		unfiltered alignments	GRCh38	ENCSR187VEQ	eCLIP	/human-donors/ENCDO000AAC/	EFO:0001187	HepG2	cell line	Homo sapiens										TARDBP-human	RNA				ultraviolet irradiation	reverse	2022-12-17	ENCODE		see document	175-300	1	1_1		64					/files/ENCFF137LSG/	592671726	Gene Yeo, UCSD	149fe79a7b2cfd402da41bf63bd933bf		https://www.encodeproject.org/files/ENCFF174CYH/@@download/ENCFF174CYH.bam	V29			released	s3://encode-public/2022/01/12/0818ce59-3466-4bd6-ac1b-0dda7d522ba8/ENCFF174CYH.bam	https://datasetencode.blob.core.windows.net/dataset/2022/01/12/0818ce59-3466-4bd6-ac1b-0dda7d522ba8/ENCFF174CYH.bam?sv=2019-10-10&si=prod&sr=c&sig=9qSQZo4ggrCNpybBExU8SypuUZV33igI11xw0P7rB3c%3D	Lab custom GRCh38 V29	released			
ENCFF792QOH	bam	bam		alignments	GRCh38	ENCSR187VEQ	eCLIP	/human-donors/ENCDO000AAC/	EFO:0001187	HepG2	cell line	Homo sapiens										TARDBP-human	RNA				ultraviolet irradiation	reverse	2022-12-17	ENCODE		see document	175-300	2	2_1		63					/files/ENCFF958TEE/	356942621	Gene Yeo, UCSD	ab3926d1b612d1fe8f0cd0aab29e798a		https://www.encodeproject.org/files/ENCFF792QOH/@@download/ENCFF792QOH.bam	V29			released	s3://encode-public/2022/01/12/3cff5909-96c6-43a1-ae90-b878b376929a/ENCFF792QOH.bam	https://datasetencode.blob.core.windows.net/dataset/2022/01/12/3cff5909-96c6-43a1-ae90-b878b376929a/ENCFF792QOH.bam?sv=2019-10-10&si=prod&sr=c&sig=9qSQZo4ggrCNpybBExU8SypuUZV33igI11xw0P7rB3c%3D	Lab custom GRCh38 V29	released			
ENCFF918MZV	bam	bam		alignments	GRCh38	ENCSR187VEQ	eCLIP	/human-donors/ENCDO000AAC/	EFO:0001187	HepG2	cell line	Homo sapiens										TARDBP-human	RNA				ultraviolet irradiation	reverse	2022-12-17	ENCODE		see document	175-300	1	1_1		63					/files/ENCFF174CYH/	369094226	Gene Yeo, UCSD	1ad832f6dba674d3f67085b7d35f7497		https://www.encodeproject.org/files/ENCFF918MZV/@@download/ENCFF918MZV.bam	V29			released	s3://encode-public/2022/01/12/e384b67f-f71a-4907-9f68-20b170fb6f06/ENCFF918MZV.bam	https://datasetencode.blob.core.windows.net/dataset/2022/01/12/e384b67f-f71a-4907-9f68-20b170fb6f06/ENCFF918MZV.bam?sv=2019-10-10&si=prod&sr=c&sig=9qSQZo4ggrCNpybBExU8SypuUZV33igI11xw0P7rB3c%3D	Lab custom GRCh38 V29	released			
ENCFF033LZI	bam	bam		unfiltered alignments	GRCh38	ENCSR678OKJ	eCLIP	/human-donors/ENCDO000AAC/	EFO:0001187	HepG2	cell line	Homo sapiens										PRP16-human	RNA				ultraviolet irradiation	reverse	2023-02-03	ENCODE		see document	175-300	2	2_1		64					/files/ENCFF739SVT/	305636170	Gene Yeo, UCSD	892bfdd2acc71064a94dea9abfddda5a		https://www.encodeproject.org/files/ENCFF033LZI/@@download/ENCFF033LZI.bam	V29			archived	s3://encode-public/2022/01/12/98cd4490-bd37-47b5-93dd-a433eadf5bf5/ENCFF033LZI.bam	https://datasetencode.blob.core.windows.net/dataset/2022/01/12/98cd4490-bd37-47b5-93dd-a433eadf5bf5/ENCFF033LZI.bam?sv=2019-10-10&si=prod&sr=c&sig=9qSQZo4ggrCNpybBExU8SypuUZV33igI11xw0P7rB3c%3D	Lab custom GRCh38 V29	archived		partially characterized antibody	
ENCFF072JJJ	bam	bam		alignments	GRCh38	ENCSR678OKJ	eCLIP	/human-donors/ENCDO000AAC/	EFO:0001187	HepG2	cell line	Homo sapiens										PRP16-human	RNA				ultraviolet irradiation	reverse	2023-02-03	ENCODE		see document	175-300	1	1_1		63					/files/ENCFF619SVW/	34778312	Gene Yeo, UCSD	a2e8ba33e4a72198d9f823be785e3203		https://www.encodeproject.org/files/ENCFF072JJJ/@@download/ENCFF072JJJ.bam	V29			archived	s3://encode-public/2022/01/12/3ae93ed2-8cd4-487c-8a70-e10816bcfa6f/ENCFF072JJJ.bam	https://datasetencode.blob.core.windows.net/dataset/2022/01/12/3ae93ed2-8cd4-487c-8a70-e10816bcfa6f/ENCFF072JJJ.bam?sv=2019-10-10&si=prod&sr=c&sig=9qSQZo4ggrCNpybBExU8SypuUZV33igI11xw0P7rB3c%3D	Lab custom GRCh38 V29	archived		partially characterized antibody	
ENCFF619SVW	bam	bam		unfiltered alignments	GRCh38	ENCSR678OKJ	eCLIP	/human-donors/ENCDO000AAC/	EFO:0001187	HepG2	cell line	Homo sapiens										PRP16-human	RNA				ultraviolet irradiation	reverse	2023-02-03	ENCODE		see document	175-300	1	1_1		64					/files/ENCFF302UCJ/	467008554	Gene Yeo, UCSD	be4fc32457656a4c0f844be84f743bc3		https://www.encodeproject.org/files/ENCFF619SVW/@@download/ENCFF619SVW.bam	V29			archived	s3://encode-public/2022/01/12/094cf1f8-548a-44f9-8c1c-1b7c5dd4b539/ENCFF619SVW.bam	https://datasetencode.blob.core.windows.net/dataset/2022/01/12/094cf1f8-548a-44f9-8c1c-1b7c5dd4b539/ENCFF619SVW.bam?sv=2019-10-10&si=prod&sr=c&sig=9qSQZo4ggrCNpybBExU8SypuUZV33igI11xw0P7rB3c%3D	Lab custom GRCh38 V29	archived		partially characterized antibody	
ENCFF227FPP	bam	bam		alignments	GRCh38	ENCSR678OKJ	eCLIP	/human-donors/ENCDO000AAC/	EFO:0001187	HepG2	cell line	Homo sapiens										PRP16-human	RNA				ultraviolet irradiation	reverse	2023-02-03	ENCODE		see document	175-300	2	2_1		63					/files/ENCFF033LZI/	41179258	Gene Yeo, UCSD	0e01bac7d84ec082b391ad79edaf20ec		https://www.encodeproject.org/files/ENCFF227FPP/@@download/ENCFF227FPP.bam	V29			archived	s3://encode-public/2022/01/12/0a063f6b-eaf6-47ae-a617-4546776a4a1b/ENCFF227FPP.bam	https://datasetencode.blob.core.windows.net/dataset/2022/01/12/0a063f6b-eaf6-47ae-a617-4546776a4a1b/ENCFF227FPP.bam?sv=2019-10-10&si=prod&sr=c&sig=9qSQZo4ggrCNpybBExU8SypuUZV33igI11xw0P7rB3c%3D	Lab custom GRCh38 V29	archived		partially characterized antibody	
ENCFF946DDI	bam	bam		unfiltered alignments	GRCh38	ENCSR720BJU	eCLIP	/human-donors/ENCDO000AAD/	EFO:0002067	K562	cell line	Homo sapiens										TARDBP-human	RNA				ultraviolet irradiation	reverse	2022-07-19	ENCODE		see document	175-300	1	1_1		63					/files/ENCFF673VEJ/	248292408	Gene Yeo, UCSD	9b1f137b222af4b38be3badf8b0b297f		https://www.encodeproject.org/files/ENCFF946DDI/@@download/ENCFF946DDI.bam	V29			released	s3://encode-public/2022/01/12/2bec1e79-10fc-43b0-b64e-6a732e9bfea6/ENCFF946DDI.bam	https://datasetencode.blob.core.windows.net/dataset/2022/01/12/2bec1e79-10fc-43b0-b64e-6a732e9bfea6/ENCFF946DDI.bam?sv=2019-10-10&si=prod&sr=c&sig=9qSQZo4ggrCNpybBExU8SypuUZV33igI11xw0P7rB3c%3D	Lab custom GRCh38 V29	released			
ENCFF862SNV	bam	bam		alignments	GRCh38	ENCSR720BJU	eCLIP	/human-donors/ENCDO000AAD/	EFO:0002067	K562	cell line	Homo sapiens										TARDBP-human	RNA				ultraviolet irradiation	reverse	2022-07-19	ENCODE		see document	175-300	1	1_1		63					/files/ENCFF946DDI/	88337076	Gene Yeo, UCSD	eb94de02e9a2580c35700ceb4166fe70		https://www.encodeproject.org/files/ENCFF862SNV/@@download/ENCFF862SNV.bam	V29			released	s3://encode-public/2022/01/12/77c3feeb-f2a4-4516-9ecc-c2e153481b88/ENCFF862SNV.bam	https://datasetencode.blob.core.windows.net/dataset/2022/01/12/77c3feeb-f2a4-4516-9ecc-c2e153481b88/ENCFF862SNV.bam?sv=2019-10-10&si=prod&sr=c&sig=9qSQZo4ggrCNpybBExU8SypuUZV33igI11xw0P7rB3c%3D	Lab custom GRCh38 V29	released			
ENCFF198BGK	bam	bam		unfiltered alignments	GRCh38	ENCSR720BJU	eCLIP	/human-donors/ENCDO000AAD/	EFO:0002067	K562	cell line	Homo sapiens										TARDBP-human	RNA				ultraviolet irradiation	reverse	2022-07-19	ENCODE		see document	175-300	2	2_1		63					/files/ENCFF679SNJ/	174078036	Gene Yeo, UCSD	b4252eaa1e494e669be647f574951503		https://www.encodeproject.org/files/ENCFF198BGK/@@download/ENCFF198BGK.bam	V29			released	s3://encode-public/2022/01/12/25093cc8-1e91-45b0-b4af-905ed36969b6/ENCFF198BGK.bam	https://datasetencode.blob.core.windows.net/dataset/2022/01/12/25093cc8-1e91-45b0-b4af-905ed36969b6/ENCFF198BGK.bam?sv=2019-10-10&si=prod&sr=c&sig=9qSQZo4ggrCNpybBExU8SypuUZV33igI11xw0P7rB3c%3D	Lab custom GRCh38 V29	released			
ENCFF748KMS	bam	bam		alignments	GRCh38	ENCSR720BJU	eCLIP	/human-donors/ENCDO000AAD/	EFO:0002067	K562	cell line	Homo sapiens										TARDBP-human	RNA				ultraviolet irradiation	reverse	2022-07-19	ENCODE		see document	175-300	2	2_1		63					/files/ENCFF198BGK/	87504408	Gene Yeo, UCSD	1705ddcb363e2cf1e53ab36108315fa3		https://www.encodeproject.org/files/ENCFF748KMS/@@download/ENCFF748KMS.bam	V29			released	s3://encode-public/2022/01/12/d0c5ede1-9e1a-4484-aa07-34e2b77998e3/ENCFF748KMS.bam	https://datasetencode.blob.core.windows.net/dataset/2022/01/12/d0c5ede1-9e1a-4484-aa07-34e2b77998e3/ENCFF748KMS.bam?sv=2019-10-10&si=prod&sr=c&sig=9qSQZo4ggrCNpybBExU8SypuUZV33igI11xw0P7rB3c%3D	Lab custom GRCh38 V29	released			
ENCFF654VBH	bam	bam		unfiltered alignments	GRCh38	ENCSR884RBW	eCLIP	/human-donors/ENCDO000AAC/	EFO:0001187	HepG2	cell line	Homo sapiens										PRPF39-human	RNA				ultraviolet irradiation	reverse	2023-02-03	ENCODE		see document	175-300	2	2_1		64					/files/ENCFF349OCZ/	531311493	Gene Yeo, UCSD	07fab73f45882b8bca10ed23afdfe1ad		https://www.encodeproject.org/files/ENCFF654VBH/@@download/ENCFF654VBH.bam	V29			archived	s3://encode-public/2022/01/12/ee049a5b-b25b-4abb-9205-3f8d5f5911c2/ENCFF654VBH.bam	https://datasetencode.blob.core.windows.net/dataset/2022/01/12/ee049a5b-b25b-4abb-9205-3f8d5f5911c2/ENCFF654VBH.bam?sv=2019-10-10&si=prod&sr=c&sig=9qSQZo4ggrCNpybBExU8SypuUZV33igI11xw0P7rB3c%3D	Lab custom GRCh38 V29	archived		partially characterized antibody	
ENCFF479PLV	bam	bam		alignments	GRCh38	ENCSR884RBW	eCLIP	/human-donors/ENCDO000AAC/	EFO:0001187	HepG2	cell line	Homo sapiens										PRPF39-human	RNA				ultraviolet irradiation	reverse	2023-02-03	ENCODE		see document	175-300	2	2_1		64					/files/ENCFF654VBH/	333177830	Gene Yeo, UCSD	d54b668020bd7aae73aca11c2f327cc1		https://www.encodeproject.org/files/ENCFF479PLV/@@download/ENCFF479PLV.bam	V29			archived	s3://encode-public/2022/01/12/db566db3-059d-4a9e-a19a-53c3b191665a/ENCFF479PLV.bam	https://datasetencode.blob.core.windows.net/dataset/2022/01/12/db566db3-059d-4a9e-a19a-53c3b191665a/ENCFF479PLV.bam?sv=2019-10-10&si=prod&sr=c&sig=9qSQZo4ggrCNpybBExU8SypuUZV33igI11xw0P7rB3c%3D	Lab custom GRCh38 V29	archived		partially characterized antibody	
ENCFF146JLY	bam	bam		unfiltered alignments	GRCh38	ENCSR884RBW	eCLIP	/human-donors/ENCDO000AAC/	EFO:0001187	HepG2	cell line	Homo sapiens										PRPF39-human	RNA				ultraviolet irradiation	reverse	2023-02-03	ENCODE		see document	175-300	1	1_1		64					/files/ENCFF487RVK/	528746821	Gene Yeo, UCSD	d46b4789c21d4cc642343c8eac360884		https://www.encodeproject.org/files/ENCFF146JLY/@@download/ENCFF146JLY.bam	V29			archived	s3://encode-public/2022/01/12/84a3dfe2-797e-434b-b5b0-a38f6da01854/ENCFF146JLY.bam	https://datasetencode.blob.core.windows.net/dataset/2022/01/12/84a3dfe2-797e-434b-b5b0-a38f6da01854/ENCFF146JLY.bam?sv=2019-10-10&si=prod&sr=c&sig=9qSQZo4ggrCNpybBExU8SypuUZV33igI11xw0P7rB3c%3D	Lab custom GRCh38 V29	archived		partially characterized antibody	
ENCFF408GLB	bam	bam		alignments	GRCh38	ENCSR884RBW	eCLIP	/human-donors/ENCDO000AAC/	EFO:0001187	HepG2	cell line	Homo sapiens										PRPF39-human	RNA				ultraviolet irradiation	reverse	2023-02-03	ENCODE		see document	175-300	1	1_1		64					/files/ENCFF146JLY/	260301900	Gene Yeo, UCSD	0d7e5ae33df0ef6d7168e2ac8339f9f2		https://www.encodeproject.org/files/ENCFF408GLB/@@download/ENCFF408GLB.bam	V29			archived	s3://encode-public/2022/01/12/53c641a9-f7a7-4ec8-9205-fd3a69559f4a/ENCFF408GLB.bam	https://datasetencode.blob.core.windows.net/dataset/2022/01/12/53c641a9-f7a7-4ec8-9205-fd3a69559f4a/ENCFF408GLB.bam?sv=2019-10-10&si=prod&sr=c&sig=9qSQZo4ggrCNpybBExU8SypuUZV33igI11xw0P7rB3c%3D	Lab custom GRCh38 V29	archived		partially characterized antibody	
ENCFF138IFT	bam	bam		unfiltered alignments	GRCh38	ENCSR203ACR	eCLIP	/human-donors/ENCDO000AAC/	EFO:0001187	HepG2	cell line	Homo sapiens										SNRPA1-human	RNA				ultraviolet irradiation	reverse	2023-02-03	ENCODE		see document	175-300	1	1_1		64					/files/ENCFF935YWA/	595447933	Gene Yeo, UCSD	603878cbddaa9f46a2036d16b99e81b4		https://www.encodeproject.org/files/ENCFF138IFT/@@download/ENCFF138IFT.bam	V29			archived	s3://encode-public/2022/01/12/2f928bf7-ae9a-4cf5-ad9b-56af92fb68cd/ENCFF138IFT.bam	https://datasetencode.blob.core.windows.net/dataset/2022/01/12/2f928bf7-ae9a-4cf5-ad9b-56af92fb68cd/ENCFF138IFT.bam?sv=2019-10-10&si=prod&sr=c&sig=9qSQZo4ggrCNpybBExU8SypuUZV33igI11xw0P7rB3c%3D	Lab custom GRCh38 V29	archived		uncharacterized antibody	
ENCFF285QUL	bam	bam		alignments	GRCh38	ENCSR203ACR	eCLIP	/human-donors/ENCDO000AAC/	EFO:0001187	HepG2	cell line	Homo sapiens										SNRPA1-human	RNA				ultraviolet irradiation	reverse	2023-02-03	ENCODE		see document	175-300	1	1_1		63					/files/ENCFF138IFT/	27176306	Gene Yeo, UCSD	c549124edb66a93521cd1b5997f12a17		https://www.encodeproject.org/files/ENCFF285QUL/@@download/ENCFF285QUL.bam	V29			archived	s3://encode-public/2022/01/12/1b3980ad-fa63-4b34-97c2-bdedfc7da4fd/ENCFF285QUL.bam	https://datasetencode.blob.core.windows.net/dataset/2022/01/12/1b3980ad-fa63-4b34-97c2-bdedfc7da4fd/ENCFF285QUL.bam?sv=2019-10-10&si=prod&sr=c&sig=9qSQZo4ggrCNpybBExU8SypuUZV33igI11xw0P7rB3c%3D	Lab custom GRCh38 V29	archived		uncharacterized antibody	
ENCFF289OQZ	bam	bam		unfiltered alignments	GRCh38	ENCSR203ACR	eCLIP	/human-donors/ENCDO000AAC/	EFO:0001187	HepG2	cell line	Homo sapiens										SNRPA1-human	RNA				ultraviolet irradiation	reverse	2023-02-03	ENCODE		see document	175-300	2	2_1		64					/files/ENCFF141GNN/	378519940	Gene Yeo, UCSD	b7ba38cf0307651fb7b00d00dd3aa6ad		https://www.encodeproject.org/files/ENCFF289OQZ/@@download/ENCFF289OQZ.bam	V29			archived	s3://encode-public/2022/01/12/0147136f-4967-469d-9fb6-6a8c0d1a9fe6/ENCFF289OQZ.bam	https://datasetencode.blob.core.windows.net/dataset/2022/01/12/0147136f-4967-469d-9fb6-6a8c0d1a9fe6/ENCFF289OQZ.bam?sv=2019-10-10&si=prod&sr=c&sig=9qSQZo4ggrCNpybBExU8SypuUZV33igI11xw0P7rB3c%3D	Lab custom GRCh38 V29	archived		uncharacterized antibody	
ENCFF800LOA	bam	bam		alignments	GRCh38	ENCSR203ACR	eCLIP	/human-donors/ENCDO000AAC/	EFO:0001187	HepG2	cell line	Homo sapiens										SNRPA1-human	RNA				ultraviolet irradiation	reverse	2023-02-03	ENCODE		see document	175-300	2	2_1		63					/files/ENCFF289OQZ/	99412975	Gene Yeo, UCSD	c30b5ead034e21042846061ec40643ac		https://www.encodeproject.org/files/ENCFF800LOA/@@download/ENCFF800LOA.bam	V29			archived	s3://encode-public/2022/01/12/cba6a207-636a-4241-be6f-caac6ca18494/ENCFF800LOA.bam	https://datasetencode.blob.core.windows.net/dataset/2022/01/12/cba6a207-636a-4241-be6f-caac6ca18494/ENCFF800LOA.bam?sv=2019-10-10&si=prod&sr=c&sig=9qSQZo4ggrCNpybBExU8SypuUZV33igI11xw0P7rB3c%3D	Lab custom GRCh38 V29	archived		uncharacterized antibody	
ENCFF276OBL	bam	bam		alignments	GRCh38	ENCSR145KZO	eCLIP	/human-donors/ENCDO000AAD/	EFO:0002067	K562	cell line	Homo sapiens										CACTIN-human	RNA				ultraviolet irradiation	reverse	2023-02-03	ENCODE		see document	175-300	1	1_1		64					/files/ENCFF895IWQ/	109381132	Gene Yeo, UCSD	863b685580ede5a032479b1cef6d2555		https://www.encodeproject.org/files/ENCFF276OBL/@@download/ENCFF276OBL.bam	V29			archived	s3://encode-public/2022/01/12/ede75996-9658-4d90-a377-3437fa5d2ae5/ENCFF276OBL.bam	https://datasetencode.blob.core.windows.net/dataset/2022/01/12/ede75996-9658-4d90-a377-3437fa5d2ae5/ENCFF276OBL.bam?sv=2019-10-10&si=prod&sr=c&sig=9qSQZo4ggrCNpybBExU8SypuUZV33igI11xw0P7rB3c%3D	Lab custom GRCh38 V29	archived		partially characterized antibody	
ENCFF281FDO	bam	bam		unfiltered alignments	GRCh38	ENCSR145KZO	eCLIP	/human-donors/ENCDO000AAD/	EFO:0002067	K562	cell line	Homo sapiens										CACTIN-human	RNA				ultraviolet irradiation	reverse	2023-02-03	ENCODE		see document	175-300	2	2_1		64					/files/ENCFF853WAD/	474648026	Gene Yeo, UCSD	7f219d15159e74d9d96b2c9e0da600e3		https://www.encodeproject.org/files/ENCFF281FDO/@@download/ENCFF281FDO.bam	V29			archived	s3://encode-public/2022/01/12/6aba2ff1-2686-4f1a-804d-730ee240c156/ENCFF281FDO.bam	https://datasetencode.blob.core.windows.net/dataset/2022/01/12/6aba2ff1-2686-4f1a-804d-730ee240c156/ENCFF281FDO.bam?sv=2019-10-10&si=prod&sr=c&sig=9qSQZo4ggrCNpybBExU8SypuUZV33igI11xw0P7rB3c%3D	Lab custom GRCh38 V29	archived		partially characterized antibody	
ENCFF895IWQ	bam	bam		unfiltered alignments	GRCh38	ENCSR145KZO	eCLIP	/human-donors/ENCDO000AAD/	EFO:0002067	K562	cell line	Homo sapiens										CACTIN-human	RNA				ultraviolet irradiation	reverse	2023-02-03	ENCODE		see document	175-300	1	1_1		64					/files/ENCFF203HUB/	412854614	Gene Yeo, UCSD	4d95f1b1dcb3794afda2ca3f0acfbf22		https://www.encodeproject.org/files/ENCFF895IWQ/@@download/ENCFF895IWQ.bam	V29			archived	s3://encode-public/2022/01/12/451fc7c4-bddc-4e93-9448-8276178932d2/ENCFF895IWQ.bam	https://datasetencode.blob.core.windows.net/dataset/2022/01/12/451fc7c4-bddc-4e93-9448-8276178932d2/ENCFF895IWQ.bam?sv=2019-10-10&si=prod&sr=c&sig=9qSQZo4ggrCNpybBExU8SypuUZV33igI11xw0P7rB3c%3D	Lab custom GRCh38 V29	archived		partially characterized antibody	
ENCFF146IAV	bam	bam		alignments	GRCh38	ENCSR145KZO	eCLIP	/human-donors/ENCDO000AAD/	EFO:0002067	K562	cell line	Homo sapiens										CACTIN-human	RNA				ultraviolet irradiation	reverse	2023-02-03	ENCODE		see document	175-300	2	2_1		64					/files/ENCFF281FDO/	161093802	Gene Yeo, UCSD	a38386abb1f95c827ef7885355e384cd		https://www.encodeproject.org/files/ENCFF146IAV/@@download/ENCFF146IAV.bam	V29			archived	s3://encode-public/2022/01/12/a1cf8285-4ec3-4fe3-95b8-154cb416b1df/ENCFF146IAV.bam	https://datasetencode.blob.core.windows.net/dataset/2022/01/12/a1cf8285-4ec3-4fe3-95b8-154cb416b1df/ENCFF146IAV.bam?sv=2019-10-10&si=prod&sr=c&sig=9qSQZo4ggrCNpybBExU8SypuUZV33igI11xw0P7rB3c%3D	Lab custom GRCh38 V29	archived		partially characterized antibody	
ENCFF669UWF	bam	bam		unfiltered alignments	GRCh38	ENCSR168VUE	eCLIP	/human-donors/ENCDO000AAD/	EFO:0002067	K562	cell line	Homo sapiens										MORC2-human	RNA				ultraviolet irradiation	reverse	2022-11-16	ENCODE		see document	175-300	1	1_1		64					/files/ENCFF470SFI/	451060805	Gene Yeo, UCSD	513e67092657cc93af897ffb6cd4a66f		https://www.encodeproject.org/files/ENCFF669UWF/@@download/ENCFF669UWF.bam	V29			released	s3://encode-public/2022/01/12/239eda67-6b34-4424-afc5-784c655e061c/ENCFF669UWF.bam	https://datasetencode.blob.core.windows.net/dataset/2022/01/12/239eda67-6b34-4424-afc5-784c655e061c/ENCFF669UWF.bam?sv=2019-10-10&si=prod&sr=c&sig=9qSQZo4ggrCNpybBExU8SypuUZV33igI11xw0P7rB3c%3D	Lab custom GRCh38 V29	released			
ENCFF463FPE	bam	bam		alignments	GRCh38	ENCSR168VUE	eCLIP	/human-donors/ENCDO000AAD/	EFO:0002067	K562	cell line	Homo sapiens										MORC2-human	RNA				ultraviolet irradiation	reverse	2022-11-16	ENCODE		see document	175-300	2	2_1		64					/files/ENCFF200RUC/	218505775	Gene Yeo, UCSD	c470b8bcfadd4f7c3932912ca34f28e4		https://www.encodeproject.org/files/ENCFF463FPE/@@download/ENCFF463FPE.bam	V29			released	s3://encode-public/2022/01/12/b3161342-c07b-4608-8dd5-055a40cb90d2/ENCFF463FPE.bam	https://datasetencode.blob.core.windows.net/dataset/2022/01/12/b3161342-c07b-4608-8dd5-055a40cb90d2/ENCFF463FPE.bam?sv=2019-10-10&si=prod&sr=c&sig=9qSQZo4ggrCNpybBExU8SypuUZV33igI11xw0P7rB3c%3D	Lab custom GRCh38 V29	released			
ENCFF695ABL	bam	bam		alignments	GRCh38	ENCSR168VUE	eCLIP	/human-donors/ENCDO000AAD/	EFO:0002067	K562	cell line	Homo sapiens										MORC2-human	RNA				ultraviolet irradiation	reverse	2022-11-16	ENCODE		see document	175-300	1	1_1		64					/files/ENCFF669UWF/	207912233	Gene Yeo, UCSD	e81b16df002be8c4127b6644d63fba42		https://www.encodeproject.org/files/ENCFF695ABL/@@download/ENCFF695ABL.bam	V29			released	s3://encode-public/2022/01/12/d21d6a9f-9f8a-4c30-8424-2a4084f8a459/ENCFF695ABL.bam	https://datasetencode.blob.core.windows.net/dataset/2022/01/12/d21d6a9f-9f8a-4c30-8424-2a4084f8a459/ENCFF695ABL.bam?sv=2019-10-10&si=prod&sr=c&sig=9qSQZo4ggrCNpybBExU8SypuUZV33igI11xw0P7rB3c%3D	Lab custom GRCh38 V29	released			
ENCFF200RUC	bam	bam		unfiltered alignments	GRCh38	ENCSR168VUE	eCLIP	/human-donors/ENCDO000AAD/	EFO:0002067	K562	cell line	Homo sapiens										MORC2-human	RNA				ultraviolet irradiation	reverse	2022-11-16	ENCODE		see document	175-300	2	2_1		64					/files/ENCFF456NCY/	456190288	Gene Yeo, UCSD	cdc8cca63a03362890a70c63bd5e3c12		https://www.encodeproject.org/files/ENCFF200RUC/@@download/ENCFF200RUC.bam	V29			released	s3://encode-public/2022/01/12/bfd0d318-b5ba-4d55-a543-1f67770ef5e2/ENCFF200RUC.bam	https://datasetencode.blob.core.windows.net/dataset/2022/01/12/bfd0d318-b5ba-4d55-a543-1f67770ef5e2/ENCFF200RUC.bam?sv=2019-10-10&si=prod&sr=c&sig=9qSQZo4ggrCNpybBExU8SypuUZV33igI11xw0P7rB3c%3D	Lab custom GRCh38 V29	released			
ENCFF384MOC	bam	bam		unfiltered alignments	GRCh38	ENCSR937RSF	eCLIP	/human-donors/ENCDO000AAD/	EFO:0002067	K562	cell line	Homo sapiens										RPS10-human	RNA				ultraviolet irradiation	reverse	2022-07-19	ENCODE		see document	175-300	2	2_1		64					/files/ENCFF101IFB/	297688679	Gene Yeo, UCSD	6119acdbe2769bf79b4ef361ed9c81ce		https://www.encodeproject.org/files/ENCFF384MOC/@@download/ENCFF384MOC.bam	V29			released	s3://encode-public/2022/01/12/fb7cb4a7-08da-494c-b1c5-45ee4916d017/ENCFF384MOC.bam	https://datasetencode.blob.core.windows.net/dataset/2022/01/12/fb7cb4a7-08da-494c-b1c5-45ee4916d017/ENCFF384MOC.bam?sv=2019-10-10&si=prod&sr=c&sig=9qSQZo4ggrCNpybBExU8SypuUZV33igI11xw0P7rB3c%3D	Lab custom GRCh38 V29	released			
ENCFF207WNP	bam	bam		unfiltered alignments	GRCh38	ENCSR937RSF	eCLIP	/human-donors/ENCDO000AAD/	EFO:0002067	K562	cell line	Homo sapiens										RPS10-human	RNA				ultraviolet irradiation	reverse	2022-07-19	ENCODE		see document	175-300	1	1_1		64					/files/ENCFF136QXT/	243684574	Gene Yeo, UCSD	5b509b83faa8ca525ca197528cda05b9		https://www.encodeproject.org/files/ENCFF207WNP/@@download/ENCFF207WNP.bam	V29			released	s3://encode-public/2022/01/12/7c546bbf-56ab-4d1e-bc4e-3ace30dbf83b/ENCFF207WNP.bam	https://datasetencode.blob.core.windows.net/dataset/2022/01/12/7c546bbf-56ab-4d1e-bc4e-3ace30dbf83b/ENCFF207WNP.bam?sv=2019-10-10&si=prod&sr=c&sig=9qSQZo4ggrCNpybBExU8SypuUZV33igI11xw0P7rB3c%3D	Lab custom GRCh38 V29	released			
ENCFF773AYO	bam	bam		alignments	GRCh38	ENCSR937RSF	eCLIP	/human-donors/ENCDO000AAD/	EFO:0002067	K562	cell line	Homo sapiens										RPS10-human	RNA				ultraviolet irradiation	reverse	2022-07-19	ENCODE		see document	175-300	1	1_1		64					/files/ENCFF207WNP/	157783148	Gene Yeo, UCSD	916ee60ff676208ab7ef3c234aea0839		https://www.encodeproject.org/files/ENCFF773AYO/@@download/ENCFF773AYO.bam	V29			released	s3://encode-public/2022/01/12/922fca42-4ff0-411c-bab7-e71b03107ff0/ENCFF773AYO.bam	https://datasetencode.blob.core.windows.net/dataset/2022/01/12/922fca42-4ff0-411c-bab7-e71b03107ff0/ENCFF773AYO.bam?sv=2019-10-10&si=prod&sr=c&sig=9qSQZo4ggrCNpybBExU8SypuUZV33igI11xw0P7rB3c%3D	Lab custom GRCh38 V29	released			
ENCFF838AUI	bam	bam		alignments	GRCh38	ENCSR937RSF	eCLIP	/human-donors/ENCDO000AAD/	EFO:0002067	K562	cell line	Homo sapiens										RPS10-human	RNA				ultraviolet irradiation	reverse	2022-07-19	ENCODE		see document	175-300	2	2_1		64					/files/ENCFF384MOC/	122178126	Gene Yeo, UCSD	43552bd19c6342c7431856084a4784b1		https://www.encodeproject.org/files/ENCFF838AUI/@@download/ENCFF838AUI.bam	V29			released	s3://encode-public/2022/01/12/1f03492a-9774-47a7-bf79-882fbc0bcd27/ENCFF838AUI.bam	https://datasetencode.blob.core.windows.net/dataset/2022/01/12/1f03492a-9774-47a7-bf79-882fbc0bcd27/ENCFF838AUI.bam?sv=2019-10-10&si=prod&sr=c&sig=9qSQZo4ggrCNpybBExU8SypuUZV33igI11xw0P7rB3c%3D	Lab custom GRCh38 V29	released			
ENCFF746AWW	bam	bam		alignments	hg19	ENCSR352STY	eCLIP	/human-donors/ENCDO000AAC/	EFO:0001187	HepG2	cell line	Homo sapiens										SSB-human	RNA				ultraviolet irradiation	strand-specific	2018-08-30	ENCODE		see document	175-300	1	1_1		40					/files/ENCFF916XEL/, /files/ENCFF432KDL/	568075503	Gene Yeo, UCSD	c96c26cb949b8ebe57ffd97622f6e9c9		https://www.encodeproject.org/files/ENCFF746AWW/@@download/ENCFF746AWW.bam				released	s3://encode-public/2018/04/29/c1ad68de-2eb6-482c-b020-7f8f27bf08d0/ENCFF746AWW.bam	https://datasetencode.blob.core.windows.net/dataset/2018/04/29/c1ad68de-2eb6-482c-b020-7f8f27bf08d0/ENCFF746AWW.bam?sv=2019-10-10&si=prod&sr=c&sig=9qSQZo4ggrCNpybBExU8SypuUZV33igI11xw0P7rB3c%3D	Lab custom hg19	archived			
ENCFF856EEK	bam	bam		alignments	hg19	ENCSR352STY	eCLIP	/human-donors/ENCDO000AAC/	EFO:0001187	HepG2	cell line	Homo sapiens										SSB-human	RNA				ultraviolet irradiation	strand-specific	2018-08-30	ENCODE		see document	175-300	2	2_1		40					/files/ENCFF527CYH/, /files/ENCFF120ZCK/	463511594	Gene Yeo, UCSD	35a670ca4f05fdec25d4fc421b2d6fdd		https://www.encodeproject.org/files/ENCFF856EEK/@@download/ENCFF856EEK.bam				released	s3://encode-public/2018/04/29/b6224f81-df9f-4180-bbf1-2d7732bb49ae/ENCFF856EEK.bam	https://datasetencode.blob.core.windows.net/dataset/2018/04/29/b6224f81-df9f-4180-bbf1-2d7732bb49ae/ENCFF856EEK.bam?sv=2019-10-10&si=prod&sr=c&sig=9qSQZo4ggrCNpybBExU8SypuUZV33igI11xw0P7rB3c%3D	Lab custom hg19	archived			
ENCFF343FAD	bam	bam		alignments	GRCh38	ENCSR352STY	eCLIP	/human-donors/ENCDO000AAC/	EFO:0001187	HepG2	cell line	Homo sapiens										SSB-human	RNA				ultraviolet irradiation	strand-specific	2018-08-30	ENCODE		see document	175-300	2	2_1		40					/files/ENCFF527CYH/, /files/ENCFF120ZCK/	437682630	Gene Yeo, UCSD	8cbdf710b92ac8bc91982a5400390e02		https://www.encodeproject.org/files/ENCFF343FAD/@@download/ENCFF343FAD.bam				released	s3://encode-public/2018/04/29/2ddc36aa-85a6-40e3-9924-fdb111db64b6/ENCFF343FAD.bam	https://datasetencode.blob.core.windows.net/dataset/2018/04/29/2ddc36aa-85a6-40e3-9924-fdb111db64b6/ENCFF343FAD.bam?sv=2019-10-10&si=prod&sr=c&sig=9qSQZo4ggrCNpybBExU8SypuUZV33igI11xw0P7rB3c%3D	Lab custom GRCh38	released			
ENCFF264DBW	bam	bam		alignments	GRCh38	ENCSR352STY	eCLIP	/human-donors/ENCDO000AAC/	EFO:0001187	HepG2	cell line	Homo sapiens										SSB-human	RNA				ultraviolet irradiation	strand-specific	2018-08-30	ENCODE		see document	175-300	1	1_1		40					/files/ENCFF916XEL/, /files/ENCFF432KDL/	542181696	Gene Yeo, UCSD	d1fe41701f9c486bf235c872554ee89b		https://www.encodeproject.org/files/ENCFF264DBW/@@download/ENCFF264DBW.bam				released	s3://encode-public/2018/04/29/809fc450-4c00-44fc-9ada-f1ddcf33dff0/ENCFF264DBW.bam	https://datasetencode.blob.core.windows.net/dataset/2018/04/29/809fc450-4c00-44fc-9ada-f1ddcf33dff0/ENCFF264DBW.bam?sv=2019-10-10&si=prod&sr=c&sig=9qSQZo4ggrCNpybBExU8SypuUZV33igI11xw0P7rB3c%3D	Lab custom GRCh38	released			
ENCFF203DRR	bam	bam		alignments	hg19	ENCSR089BXO	eCLIP	/human-donors/ENCDO000AAD/	EFO:0002067	K562	cell line	Homo sapiens										ABCF1-human	RNA				ultraviolet irradiation	strand-specific	2018-08-30	ENCODE		see document	175-300	1	1_1		35					/files/ENCFF087VMD/, /files/ENCFF212LWQ/	71924511	Gene Yeo, UCSD	a7e86865baeac80c9399fdb4a6cec8bb		https://www.encodeproject.org/files/ENCFF203DRR/@@download/ENCFF203DRR.bam				released	s3://encode-public/2018/04/29/386263d6-70f8-4d3c-94c4-acc0e1b44013/ENCFF203DRR.bam	https://datasetencode.blob.core.windows.net/dataset/2018/04/29/386263d6-70f8-4d3c-94c4-acc0e1b44013/ENCFF203DRR.bam?sv=2019-10-10&si=prod&sr=c&sig=9qSQZo4ggrCNpybBExU8SypuUZV33igI11xw0P7rB3c%3D	Lab custom hg19	archived			
ENCFF906OCW	bam	bam		alignments	hg19	ENCSR089BXO	eCLIP	/human-donors/ENCDO000AAD/	EFO:0002067	K562	cell line	Homo sapiens										ABCF1-human	RNA				ultraviolet irradiation	strand-specific	2018-08-30	ENCODE		see document	175-300	2	2_1		35					/files/ENCFF241MTQ/, /files/ENCFF781LAN/	50459380	Gene Yeo, UCSD	7e4f8fccbfffd83010837562e5dd97f3		https://www.encodeproject.org/files/ENCFF906OCW/@@download/ENCFF906OCW.bam				released	s3://encode-public/2018/04/29/b2a69b0b-82fb-47f5-a464-ef0d3f691a1b/ENCFF906OCW.bam	https://datasetencode.blob.core.windows.net/dataset/2018/04/29/b2a69b0b-82fb-47f5-a464-ef0d3f691a1b/ENCFF906OCW.bam?sv=2019-10-10&si=prod&sr=c&sig=9qSQZo4ggrCNpybBExU8SypuUZV33igI11xw0P7rB3c%3D	Lab custom hg19	archived			
ENCFF983ABI	bam	bam		alignments	GRCh38	ENCSR089BXO	eCLIP	/human-donors/ENCDO000AAD/	EFO:0002067	K562	cell line	Homo sapiens										ABCF1-human	RNA				ultraviolet irradiation	strand-specific	2018-08-30	ENCODE		see document	175-300	2	2_1		35					/files/ENCFF241MTQ/, /files/ENCFF781LAN/	48022162	Gene Yeo, UCSD	a825625901049419a3f4bcc9c9a11738		https://www.encodeproject.org/files/ENCFF983ABI/@@download/ENCFF983ABI.bam				released	s3://encode-public/2018/04/29/b14a5c5a-d3b1-4196-ba90-8f3ffdb73874/ENCFF983ABI.bam	https://datasetencode.blob.core.windows.net/dataset/2018/04/29/b14a5c5a-d3b1-4196-ba90-8f3ffdb73874/ENCFF983ABI.bam?sv=2019-10-10&si=prod&sr=c&sig=9qSQZo4ggrCNpybBExU8SypuUZV33igI11xw0P7rB3c%3D	Lab custom GRCh38	released			
ENCFF811EXB	bam	bam		alignments	GRCh38	ENCSR089BXO	eCLIP	/human-donors/ENCDO000AAD/	EFO:0002067	K562	cell line	Homo sapiens										ABCF1-human	RNA				ultraviolet irradiation	strand-specific	2018-08-30	ENCODE		see document	175-300	1	1_1		35					/files/ENCFF087VMD/, /files/ENCFF212LWQ/	67305487	Gene Yeo, UCSD	6a19139a3344d4ac33a2785aeec99c99		https://www.encodeproject.org/files/ENCFF811EXB/@@download/ENCFF811EXB.bam				released	s3://encode-public/2018/04/29/f5e43f71-33af-47b3-bd29-ef1113fd8d10/ENCFF811EXB.bam	https://datasetencode.blob.core.windows.net/dataset/2018/04/29/f5e43f71-33af-47b3-bd29-ef1113fd8d10/ENCFF811EXB.bam?sv=2019-10-10&si=prod&sr=c&sig=9qSQZo4ggrCNpybBExU8SypuUZV33igI11xw0P7rB3c%3D	Lab custom GRCh38	released			
ENCFF014VCG	bam	bam		alignments	hg19	ENCSR464OSH	eCLIP	/human-donors/ENCDO000AAC/	EFO:0001187	HepG2	cell line	Homo sapiens										FUS-human	RNA				ultraviolet irradiation	strand-specific	2018-08-30	ENCODE		see document	175-300	1	1_1		39					/files/ENCFF400CXS/, /files/ENCFF161SRN/	822862570	Gene Yeo, UCSD	86566a972c6306cab45fac668bcdc170		https://www.encodeproject.org/files/ENCFF014VCG/@@download/ENCFF014VCG.bam				released	s3://encode-public/2018/04/29/09740a7c-cbf3-41fe-9f5f-52c2aa1001fe/ENCFF014VCG.bam	https://datasetencode.blob.core.windows.net/dataset/2018/04/29/09740a7c-cbf3-41fe-9f5f-52c2aa1001fe/ENCFF014VCG.bam?sv=2019-10-10&si=prod&sr=c&sig=9qSQZo4ggrCNpybBExU8SypuUZV33igI11xw0P7rB3c%3D	Lab custom hg19	archived			
ENCFF311LXM	bam	bam		alignments	hg19	ENCSR464OSH	eCLIP	/human-donors/ENCDO000AAC/	EFO:0001187	HepG2	cell line	Homo sapiens										FUS-human	RNA				ultraviolet irradiation	strand-specific	2018-08-30	ENCODE		see document	175-300	2	2_1		39					/files/ENCFF331AAL/, /files/ENCFF821CAW/	664371830	Gene Yeo, UCSD	3c8cad3ec434617844781c31664ec0c5		https://www.encodeproject.org/files/ENCFF311LXM/@@download/ENCFF311LXM.bam				released	s3://encode-public/2018/04/29/42124254-752e-4ffc-8957-ad9300f8c241/ENCFF311LXM.bam	https://datasetencode.blob.core.windows.net/dataset/2018/04/29/42124254-752e-4ffc-8957-ad9300f8c241/ENCFF311LXM.bam?sv=2019-10-10&si=prod&sr=c&sig=9qSQZo4ggrCNpybBExU8SypuUZV33igI11xw0P7rB3c%3D	Lab custom hg19	archived			
ENCFF181DXK	bam	bam		alignments	GRCh38	ENCSR464OSH	eCLIP	/human-donors/ENCDO000AAC/	EFO:0001187	HepG2	cell line	Homo sapiens										FUS-human	RNA				ultraviolet irradiation	strand-specific	2018-08-30	ENCODE		see document	175-300	2	2_1		39					/files/ENCFF331AAL/, /files/ENCFF821CAW/	625897413	Gene Yeo, UCSD	bbfb9bdcb0e3113d1b2ff97566ee395f		https://www.encodeproject.org/files/ENCFF181DXK/@@download/ENCFF181DXK.bam				released	s3://encode-public/2018/04/29/b422a6bc-51e4-4ae9-9ab1-783252362f90/ENCFF181DXK.bam	https://datasetencode.blob.core.windows.net/dataset/2018/04/29/b422a6bc-51e4-4ae9-9ab1-783252362f90/ENCFF181DXK.bam?sv=2019-10-10&si=prod&sr=c&sig=9qSQZo4ggrCNpybBExU8SypuUZV33igI11xw0P7rB3c%3D	Lab custom GRCh38	released			
ENCFF177YJA	bam	bam		alignments	GRCh38	ENCSR464OSH	eCLIP	/human-donors/ENCDO000AAC/	EFO:0001187	HepG2	cell line	Homo sapiens										FUS-human	RNA				ultraviolet irradiation	strand-specific	2018-08-30	ENCODE		see document	175-300	1	1_1		39					/files/ENCFF400CXS/, /files/ENCFF161SRN/	800746967	Gene Yeo, UCSD	0dda25166ee333c03b7738d6d8255699		https://www.encodeproject.org/files/ENCFF177YJA/@@download/ENCFF177YJA.bam				released	s3://encode-public/2018/04/29/b39341a7-ff13-4e82-9060-24788ec69039/ENCFF177YJA.bam	https://datasetencode.blob.core.windows.net/dataset/2018/04/29/b39341a7-ff13-4e82-9060-24788ec69039/ENCFF177YJA.bam?sv=2019-10-10&si=prod&sr=c&sig=9qSQZo4ggrCNpybBExU8SypuUZV33igI11xw0P7rB3c%3D	Lab custom GRCh38	released			
ENCFF845KUG	bam	bam		alignments	hg19	ENCSR040QLV	eCLIP	/human-donors/ENCDO000AAD/	EFO:0002067	K562	cell line	Homo sapiens										DDX21-human	RNA				ultraviolet irradiation	strand-specific	2018-08-30	ENCODE		see document	175-300	1	1_1		43					/files/ENCFF671GCD/, /files/ENCFF946SJB/	178166834	Gene Yeo, UCSD	a93f56b93d645111a2424af308cc4eb2		https://www.encodeproject.org/files/ENCFF845KUG/@@download/ENCFF845KUG.bam				released	s3://encode-public/2018/04/29/92845ff9-b96a-48fd-adb5-e273c2198d26/ENCFF845KUG.bam	https://datasetencode.blob.core.windows.net/dataset/2018/04/29/92845ff9-b96a-48fd-adb5-e273c2198d26/ENCFF845KUG.bam?sv=2019-10-10&si=prod&sr=c&sig=9qSQZo4ggrCNpybBExU8SypuUZV33igI11xw0P7rB3c%3D	Lab custom hg19	archived	mixed read lengths		
ENCFF099RYM	bam	bam		alignments	hg19	ENCSR040QLV	eCLIP	/human-donors/ENCDO000AAD/	EFO:0002067	K562	cell line	Homo sapiens										DDX21-human	RNA				ultraviolet irradiation	strand-specific	2018-08-30	ENCODE		see document	175-300	2	2_1		40					/files/ENCFF363TSA/, /files/ENCFF253EGX/	92471070	Gene Yeo, UCSD	4e1b67a7881fc2fba03c691e830f82f7		https://www.encodeproject.org/files/ENCFF099RYM/@@download/ENCFF099RYM.bam				released	s3://encode-public/2018/04/29/d4783c82-ba1e-4e2c-bcff-c8d2ef579f8a/ENCFF099RYM.bam	https://datasetencode.blob.core.windows.net/dataset/2018/04/29/d4783c82-ba1e-4e2c-bcff-c8d2ef579f8a/ENCFF099RYM.bam?sv=2019-10-10&si=prod&sr=c&sig=9qSQZo4ggrCNpybBExU8SypuUZV33igI11xw0P7rB3c%3D	Lab custom hg19	archived	mixed read lengths		
ENCFF455REV	bam	bam		alignments	GRCh38	ENCSR040QLV	eCLIP	/human-donors/ENCDO000AAD/	EFO:0002067	K562	cell line	Homo sapiens										DDX21-human	RNA				ultraviolet irradiation	strand-specific	2018-08-30	ENCODE		see document	175-300	1	1_1		43					/files/ENCFF671GCD/, /files/ENCFF946SJB/	174128080	Gene Yeo, UCSD	49068cbff72301f46b9b98aea3244b76		https://www.encodeproject.org/files/ENCFF455REV/@@download/ENCFF455REV.bam				released	s3://encode-public/2018/04/29/a372e411-bbe3-4269-8ec3-fa219ef0fb38/ENCFF455REV.bam	https://datasetencode.blob.core.windows.net/dataset/2018/04/29/a372e411-bbe3-4269-8ec3-fa219ef0fb38/ENCFF455REV.bam?sv=2019-10-10&si=prod&sr=c&sig=9qSQZo4ggrCNpybBExU8SypuUZV33igI11xw0P7rB3c%3D	Lab custom GRCh38	released	mixed read lengths		
ENCFF655QSG	bam	bam		alignments	GRCh38	ENCSR040QLV	eCLIP	/human-donors/ENCDO000AAD/	EFO:0002067	K562	cell line	Homo sapiens										DDX21-human	RNA				ultraviolet irradiation	strand-specific	2018-08-30	ENCODE		see document	175-300	2	2_1		40					/files/ENCFF363TSA/, /files/ENCFF253EGX/	90088805	Gene Yeo, UCSD	717c682851fd277a08bc45fe3edbb5da		https://www.encodeproject.org/files/ENCFF655QSG/@@download/ENCFF655QSG.bam				released	s3://encode-public/2018/04/29/482687e0-fa20-4185-bd38-fe3ec3b8bd78/ENCFF655QSG.bam	https://datasetencode.blob.core.windows.net/dataset/2018/04/29/482687e0-fa20-4185-bd38-fe3ec3b8bd78/ENCFF655QSG.bam?sv=2019-10-10&si=prod&sr=c&sig=9qSQZo4ggrCNpybBExU8SypuUZV33igI11xw0P7rB3c%3D	Lab custom GRCh38	released	mixed read lengths		
ENCFF430MTS	bam	bam		alignments	hg19	ENCSR356ZMO	eCLIP	/human-donors/ENCDO000AAC/	EFO:0001187	HepG2	cell line	Homo sapiens										AKAP1-human	RNA				ultraviolet irradiation	strand-specific	2018-08-30	ENCODE		see document	175-300	2	2_1		40					/files/ENCFF852ECZ/, /files/ENCFF990EAG/	315135193	Gene Yeo, UCSD	63391d00b9421347af00cc9afd9e80f4		https://www.encodeproject.org/files/ENCFF430MTS/@@download/ENCFF430MTS.bam				released	s3://encode-public/2018/04/29/22126ad0-310b-499e-b38f-69a6a4c7c6a1/ENCFF430MTS.bam	https://datasetencode.blob.core.windows.net/dataset/2018/04/29/22126ad0-310b-499e-b38f-69a6a4c7c6a1/ENCFF430MTS.bam?sv=2019-10-10&si=prod&sr=c&sig=9qSQZo4ggrCNpybBExU8SypuUZV33igI11xw0P7rB3c%3D	Lab custom hg19	archived			
ENCFF847SYN	bam	bam		alignments	hg19	ENCSR356ZMO	eCLIP	/human-donors/ENCDO000AAC/	EFO:0001187	HepG2	cell line	Homo sapiens										AKAP1-human	RNA				ultraviolet irradiation	strand-specific	2018-08-30	ENCODE		see document	175-300	1	1_1		40					/files/ENCFF672HYO/, /files/ENCFF075DAU/	291144117	Gene Yeo, UCSD	5f67b72ee90a3522c2a18b2ae18184e9		https://www.encodeproject.org/files/ENCFF847SYN/@@download/ENCFF847SYN.bam				released	s3://encode-public/2018/04/29/c444cc95-8639-4f8a-b07b-896e1c4a1904/ENCFF847SYN.bam	https://datasetencode.blob.core.windows.net/dataset/2018/04/29/c444cc95-8639-4f8a-b07b-896e1c4a1904/ENCFF847SYN.bam?sv=2019-10-10&si=prod&sr=c&sig=9qSQZo4ggrCNpybBExU8SypuUZV33igI11xw0P7rB3c%3D	Lab custom hg19	archived			
ENCFF127MXD	bam	bam		alignments	GRCh38	ENCSR356ZMO	eCLIP	/human-donors/ENCDO000AAC/	EFO:0001187	HepG2	cell line	Homo sapiens										AKAP1-human	RNA				ultraviolet irradiation	strand-specific	2018-08-30	ENCODE		see document	175-300	2	2_1		40					/files/ENCFF852ECZ/, /files/ENCFF990EAG/	297855273	Gene Yeo, UCSD	54fea4911c8e4113776968dd4c4d5317		https://www.encodeproject.org/files/ENCFF127MXD/@@download/ENCFF127MXD.bam				released	s3://encode-public/2018/04/29/26c67dee-c408-42d5-97e2-2f8b5b9308ef/ENCFF127MXD.bam	https://datasetencode.blob.core.windows.net/dataset/2018/04/29/26c67dee-c408-42d5-97e2-2f8b5b9308ef/ENCFF127MXD.bam?sv=2019-10-10&si=prod&sr=c&sig=9qSQZo4ggrCNpybBExU8SypuUZV33igI11xw0P7rB3c%3D	Lab custom GRCh38	released			
ENCFF780HTF	bam	bam		alignments	GRCh38	ENCSR356ZMO	eCLIP	/human-donors/ENCDO000AAC/	EFO:0001187	HepG2	cell line	Homo sapiens										AKAP1-human	RNA				ultraviolet irradiation	strand-specific	2018-08-30	ENCODE		see document	175-300	1	1_1		40					/files/ENCFF672HYO/, /files/ENCFF075DAU/	278775840	Gene Yeo, UCSD	fe59a718892a60b452b69e3e7d4ba2dd		https://www.encodeproject.org/files/ENCFF780HTF/@@download/ENCFF780HTF.bam				released	s3://encode-public/2018/04/29/6defb6bf-032e-466b-bc79-0251668b28b4/ENCFF780HTF.bam	https://datasetencode.blob.core.windows.net/dataset/2018/04/29/6defb6bf-032e-466b-bc79-0251668b28b4/ENCFF780HTF.bam?sv=2019-10-10&si=prod&sr=c&sig=9qSQZo4ggrCNpybBExU8SypuUZV33igI11xw0P7rB3c%3D	Lab custom GRCh38	released			
ENCFF315BLR	bam	bam		alignments	hg19	ENCSR539BEV	eCLIP	/human-donors/ENCDO000AAC/	EFO:0001187	HepG2	cell line	Homo sapiens										UPF1-human	RNA				ultraviolet irradiation	strand-specific	2018-08-30	ENCODE		see document	175-300	2	2_1		43					/files/ENCFF881UQQ/, /files/ENCFF528BUU/	195916814	Gene Yeo, UCSD	eda1ce72bda23293d6dced9987df4107		https://www.encodeproject.org/files/ENCFF315BLR/@@download/ENCFF315BLR.bam				released	s3://encode-public/2018/04/29/1fdc65c7-a615-4f7b-8617-d543eb3b3c5b/ENCFF315BLR.bam	https://datasetencode.blob.core.windows.net/dataset/2018/04/29/1fdc65c7-a615-4f7b-8617-d543eb3b3c5b/ENCFF315BLR.bam?sv=2019-10-10&si=prod&sr=c&sig=9qSQZo4ggrCNpybBExU8SypuUZV33igI11xw0P7rB3c%3D	Lab custom hg19	archived	mixed read lengths		
ENCFF787DWG	bam	bam		alignments	hg19	ENCSR539BEV	eCLIP	/human-donors/ENCDO000AAC/	EFO:0001187	HepG2	cell line	Homo sapiens										UPF1-human	RNA				ultraviolet irradiation	strand-specific	2018-08-30	ENCODE		see document	175-300	1	1_1		43					/files/ENCFF022DHH/, /files/ENCFF943HIX/	266186917	Gene Yeo, UCSD	fe487a79f09de70fe0aa65980f50ddea		https://www.encodeproject.org/files/ENCFF787DWG/@@download/ENCFF787DWG.bam				released	s3://encode-public/2018/04/29/a4a91da2-a415-462c-abf4-433834e0c8ac/ENCFF787DWG.bam	https://datasetencode.blob.core.windows.net/dataset/2018/04/29/a4a91da2-a415-462c-abf4-433834e0c8ac/ENCFF787DWG.bam?sv=2019-10-10&si=prod&sr=c&sig=9qSQZo4ggrCNpybBExU8SypuUZV33igI11xw0P7rB3c%3D	Lab custom hg19	archived	mixed read lengths		
ENCFF811KHK	bam	bam		alignments	GRCh38	ENCSR539BEV	eCLIP	/human-donors/ENCDO000AAC/	EFO:0001187	HepG2	cell line	Homo sapiens										UPF1-human	RNA				ultraviolet irradiation	strand-specific	2018-08-30	ENCODE		see document	175-300	1	1_1		43					/files/ENCFF022DHH/, /files/ENCFF943HIX/	258053679	Gene Yeo, UCSD	b745ad8457bc07701970bd9cd9818660		https://www.encodeproject.org/files/ENCFF811KHK/@@download/ENCFF811KHK.bam				released	s3://encode-public/2018/04/29/5b89fc97-9101-4a95-81ac-c2af5d181e7a/ENCFF811KHK.bam	https://datasetencode.blob.core.windows.net/dataset/2018/04/29/5b89fc97-9101-4a95-81ac-c2af5d181e7a/ENCFF811KHK.bam?sv=2019-10-10&si=prod&sr=c&sig=9qSQZo4ggrCNpybBExU8SypuUZV33igI11xw0P7rB3c%3D	Lab custom GRCh38	released	mixed read lengths		
ENCFF699EEF	bam	bam		alignments	GRCh38	ENCSR539BEV	eCLIP	/human-donors/ENCDO000AAC/	EFO:0001187	HepG2	cell line	Homo sapiens										UPF1-human	RNA				ultraviolet irradiation	strand-specific	2018-08-30	ENCODE		see document	175-300	2	2_1		43					/files/ENCFF881UQQ/, /files/ENCFF528BUU/	189452312	Gene Yeo, UCSD	ed6ace840099627c95fd430d69dba3c6		https://www.encodeproject.org/files/ENCFF699EEF/@@download/ENCFF699EEF.bam				released	s3://encode-public/2018/04/29/29dd6cee-0b78-4804-a589-77ec15c7b958/ENCFF699EEF.bam	https://datasetencode.blob.core.windows.net/dataset/2018/04/29/29dd6cee-0b78-4804-a589-77ec15c7b958/ENCFF699EEF.bam?sv=2019-10-10&si=prod&sr=c&sig=9qSQZo4ggrCNpybBExU8SypuUZV33igI11xw0P7rB3c%3D	Lab custom GRCh38	released	mixed read lengths		
ENCFF380CNM	bam	bam		alignments	hg19	ENCSR349CMI	eCLIP	/human-donors/ENCDO000AAD/	EFO:0002067	K562	cell line	Homo sapiens										WDR43-human	RNA				ultraviolet irradiation	strand-specific	2018-08-30	ENCODE		see document	175-300	1	1_1		43					/files/ENCFF899IIA/, /files/ENCFF522XKE/	66502596	Gene Yeo, UCSD	3cd6793ec4e55edeab3558f86245805c		https://www.encodeproject.org/files/ENCFF380CNM/@@download/ENCFF380CNM.bam				released	s3://encode-public/2018/04/29/9dcb226e-10da-4417-9a71-92502c5814fd/ENCFF380CNM.bam	https://datasetencode.blob.core.windows.net/dataset/2018/04/29/9dcb226e-10da-4417-9a71-92502c5814fd/ENCFF380CNM.bam?sv=2019-10-10&si=prod&sr=c&sig=9qSQZo4ggrCNpybBExU8SypuUZV33igI11xw0P7rB3c%3D	Lab custom hg19	archived	mixed read lengths		
ENCFF748FDO	bam	bam		alignments	hg19	ENCSR349CMI	eCLIP	/human-donors/ENCDO000AAD/	EFO:0002067	K562	cell line	Homo sapiens										WDR43-human	RNA				ultraviolet irradiation	strand-specific	2018-08-30	ENCODE		see document	175-300	2	2_1		43					/files/ENCFF083HOA/, /files/ENCFF188RTW/	123597388	Gene Yeo, UCSD	1eded5aa39bc2af5697c45251326f6e0		https://www.encodeproject.org/files/ENCFF748FDO/@@download/ENCFF748FDO.bam				released	s3://encode-public/2018/04/29/672e47be-05d5-42b1-a929-b972ab4badb7/ENCFF748FDO.bam	https://datasetencode.blob.core.windows.net/dataset/2018/04/29/672e47be-05d5-42b1-a929-b972ab4badb7/ENCFF748FDO.bam?sv=2019-10-10&si=prod&sr=c&sig=9qSQZo4ggrCNpybBExU8SypuUZV33igI11xw0P7rB3c%3D	Lab custom hg19	archived	mixed read lengths		
ENCFF580XQC	bam	bam		alignments	GRCh38	ENCSR349CMI	eCLIP	/human-donors/ENCDO000AAD/	EFO:0002067	K562	cell line	Homo sapiens										WDR43-human	RNA				ultraviolet irradiation	strand-specific	2018-08-30	ENCODE		see document	175-300	1	1_1		43					/files/ENCFF899IIA/, /files/ENCFF522XKE/	65135475	Gene Yeo, UCSD	574a3423066e347b169394e710c34ee7		https://www.encodeproject.org/files/ENCFF580XQC/@@download/ENCFF580XQC.bam				released	s3://encode-public/2018/04/29/47d2e84d-d1ff-4980-8bf9-395164c1f2c0/ENCFF580XQC.bam	https://datasetencode.blob.core.windows.net/dataset/2018/04/29/47d2e84d-d1ff-4980-8bf9-395164c1f2c0/ENCFF580XQC.bam?sv=2019-10-10&si=prod&sr=c&sig=9qSQZo4ggrCNpybBExU8SypuUZV33igI11xw0P7rB3c%3D	Lab custom GRCh38	released	mixed read lengths		
ENCFF912BRE	bam	bam		alignments	GRCh38	ENCSR349CMI	eCLIP	/human-donors/ENCDO000AAD/	EFO:0002067	K562	cell line	Homo sapiens										WDR43-human	RNA				ultraviolet irradiation	strand-specific	2018-08-30	ENCODE		see document	175-300	2	2_1		43					/files/ENCFF083HOA/, /files/ENCFF188RTW/	120758300	Gene Yeo, UCSD	cf2c13f994c399ebf0d2396e5f983c42		https://www.encodeproject.org/files/ENCFF912BRE/@@download/ENCFF912BRE.bam				released	s3://encode-public/2018/04/29/473436f0-4880-4c04-ae5f-5f1b013f5dd0/ENCFF912BRE.bam	https://datasetencode.blob.core.windows.net/dataset/2018/04/29/473436f0-4880-4c04-ae5f-5f1b013f5dd0/ENCFF912BRE.bam?sv=2019-10-10&si=prod&sr=c&sig=9qSQZo4ggrCNpybBExU8SypuUZV33igI11xw0P7rB3c%3D	Lab custom GRCh38	released	mixed read lengths		
ENCFF714PLV	bam	bam		alignments	hg19	ENCSR977OXG	eCLIP	/human-donors/ENCDO000AAC/	EFO:0001187	HepG2	cell line	Homo sapiens										PRPF4-human	RNA				ultraviolet irradiation	strand-specific	2018-08-30	ENCODE		see document	175-300	2	2_1		40					/files/ENCFF601DRB/, /files/ENCFF541DXC/	454881305	Gene Yeo, UCSD	0a38aa4e2a26a35163341fd40f1a2d4a		https://www.encodeproject.org/files/ENCFF714PLV/@@download/ENCFF714PLV.bam				released	s3://encode-public/2018/04/29/60f1d837-c993-457f-aaa0-95e3141182d4/ENCFF714PLV.bam	https://datasetencode.blob.core.windows.net/dataset/2018/04/29/60f1d837-c993-457f-aaa0-95e3141182d4/ENCFF714PLV.bam?sv=2019-10-10&si=prod&sr=c&sig=9qSQZo4ggrCNpybBExU8SypuUZV33igI11xw0P7rB3c%3D	Lab custom hg19	archived			
ENCFF690QDN	bam	bam		alignments	hg19	ENCSR977OXG	eCLIP	/human-donors/ENCDO000AAC/	EFO:0001187	HepG2	cell line	Homo sapiens										PRPF4-human	RNA				ultraviolet irradiation	strand-specific	2018-08-30	ENCODE		see document	175-300	1	1_1		40					/files/ENCFF397TFH/, /files/ENCFF041DDW/	613678563	Gene Yeo, UCSD	c2b16e22911402fde649b277e40e7911		https://www.encodeproject.org/files/ENCFF690QDN/@@download/ENCFF690QDN.bam				released	s3://encode-public/2018/04/29/7c4ae557-db52-46be-94f2-3d5bb8a7a3cc/ENCFF690QDN.bam	https://datasetencode.blob.core.windows.net/dataset/2018/04/29/7c4ae557-db52-46be-94f2-3d5bb8a7a3cc/ENCFF690QDN.bam?sv=2019-10-10&si=prod&sr=c&sig=9qSQZo4ggrCNpybBExU8SypuUZV33igI11xw0P7rB3c%3D	Lab custom hg19	archived			
ENCFF404WOP	bam	bam		alignments	GRCh38	ENCSR977OXG	eCLIP	/human-donors/ENCDO000AAC/	EFO:0001187	HepG2	cell line	Homo sapiens										PRPF4-human	RNA				ultraviolet irradiation	strand-specific	2018-08-30	ENCODE		see document	175-300	1	1_1		40					/files/ENCFF397TFH/, /files/ENCFF041DDW/	608363820	Gene Yeo, UCSD	61387474405ff74ebce5633ea845570d		https://www.encodeproject.org/files/ENCFF404WOP/@@download/ENCFF404WOP.bam				released	s3://encode-public/2018/04/29/1458851f-4eea-49d1-bda6-25da46fc7642/ENCFF404WOP.bam	https://datasetencode.blob.core.windows.net/dataset/2018/04/29/1458851f-4eea-49d1-bda6-25da46fc7642/ENCFF404WOP.bam?sv=2019-10-10&si=prod&sr=c&sig=9qSQZo4ggrCNpybBExU8SypuUZV33igI11xw0P7rB3c%3D	Lab custom GRCh38	released			
ENCFF080HMO	bam	bam		alignments	GRCh38	ENCSR977OXG	eCLIP	/human-donors/ENCDO000AAC/	EFO:0001187	HepG2	cell line	Homo sapiens										PRPF4-human	RNA				ultraviolet irradiation	strand-specific	2018-08-30	ENCODE		see document	175-300	2	2_1		40					/files/ENCFF601DRB/, /files/ENCFF541DXC/	437291883	Gene Yeo, UCSD	17dcefd1305b260a76e1380334486317		https://www.encodeproject.org/files/ENCFF080HMO/@@download/ENCFF080HMO.bam				released	s3://encode-public/2018/04/29/4f972b21-cdae-4f70-87a3-2cc1511ecfa3/ENCFF080HMO.bam	https://datasetencode.blob.core.windows.net/dataset/2018/04/29/4f972b21-cdae-4f70-87a3-2cc1511ecfa3/ENCFF080HMO.bam?sv=2019-10-10&si=prod&sr=c&sig=9qSQZo4ggrCNpybBExU8SypuUZV33igI11xw0P7rB3c%3D	Lab custom GRCh38	released			
ENCFF255QDJ	bam	bam		alignments	hg19	ENCSR337XGI	eCLIP	/human-donors/ENCDO000AAC/	EFO:0001187	HepG2	cell line	Homo sapiens										SAFB-human	RNA				ultraviolet irradiation	strand-specific	2018-08-30	ENCODE		see document	175-300	1	1_1		43					/files/ENCFF272SVX/, /files/ENCFF134UTH/	861346787	Gene Yeo, UCSD	73101592b394eebb5d15cbdedd251905		https://www.encodeproject.org/files/ENCFF255QDJ/@@download/ENCFF255QDJ.bam				released	s3://encode-public/2018/04/29/0e10e4f8-f940-4005-bf8a-a1ddecfebf91/ENCFF255QDJ.bam	https://datasetencode.blob.core.windows.net/dataset/2018/04/29/0e10e4f8-f940-4005-bf8a-a1ddecfebf91/ENCFF255QDJ.bam?sv=2019-10-10&si=prod&sr=c&sig=9qSQZo4ggrCNpybBExU8SypuUZV33igI11xw0P7rB3c%3D	Lab custom hg19	archived	mixed read lengths		
ENCFF669OQB	bam	bam		alignments	hg19	ENCSR337XGI	eCLIP	/human-donors/ENCDO000AAC/	EFO:0001187	HepG2	cell line	Homo sapiens										SAFB-human	RNA				ultraviolet irradiation	strand-specific	2018-08-30	ENCODE		see document	175-300	2	2_1		43					/files/ENCFF040MFF/, /files/ENCFF707BBC/	958914013	Gene Yeo, UCSD	da0e21da1587b36f2851129c0b9ca530		https://www.encodeproject.org/files/ENCFF669OQB/@@download/ENCFF669OQB.bam				released	s3://encode-public/2018/04/29/39135308-3e8f-4d80-b059-b30087f56be0/ENCFF669OQB.bam	https://datasetencode.blob.core.windows.net/dataset/2018/04/29/39135308-3e8f-4d80-b059-b30087f56be0/ENCFF669OQB.bam?sv=2019-10-10&si=prod&sr=c&sig=9qSQZo4ggrCNpybBExU8SypuUZV33igI11xw0P7rB3c%3D	Lab custom hg19	archived	mixed read lengths		
ENCFF112CRX	bam	bam		alignments	GRCh38	ENCSR337XGI	eCLIP	/human-donors/ENCDO000AAC/	EFO:0001187	HepG2	cell line	Homo sapiens										SAFB-human	RNA				ultraviolet irradiation	strand-specific	2018-08-30	ENCODE		see document	175-300	2	2_1		43					/files/ENCFF040MFF/, /files/ENCFF707BBC/	948603894	Gene Yeo, UCSD	a906429485c5042b66eddb0474f431f2		https://www.encodeproject.org/files/ENCFF112CRX/@@download/ENCFF112CRX.bam				released	s3://encode-public/2018/04/29/a398f3f9-0724-4ab6-be9a-a62968cf2f6f/ENCFF112CRX.bam	https://datasetencode.blob.core.windows.net/dataset/2018/04/29/a398f3f9-0724-4ab6-be9a-a62968cf2f6f/ENCFF112CRX.bam?sv=2019-10-10&si=prod&sr=c&sig=9qSQZo4ggrCNpybBExU8SypuUZV33igI11xw0P7rB3c%3D	Lab custom GRCh38	released	mixed read lengths		
ENCFF535RVD	bam	bam		alignments	GRCh38	ENCSR337XGI	eCLIP	/human-donors/ENCDO000AAC/	EFO:0001187	HepG2	cell line	Homo sapiens										SAFB-human	RNA				ultraviolet irradiation	strand-specific	2018-08-30	ENCODE		see document	175-300	1	1_1		43					/files/ENCFF272SVX/, /files/ENCFF134UTH/	855973513	Gene Yeo, UCSD	954935dba00a3a53220e94b8cbd7e2f3		https://www.encodeproject.org/files/ENCFF535RVD/@@download/ENCFF535RVD.bam				released	s3://encode-public/2018/04/29/6126a1ec-410d-4453-9fa4-6149229062b3/ENCFF535RVD.bam	https://datasetencode.blob.core.windows.net/dataset/2018/04/29/6126a1ec-410d-4453-9fa4-6149229062b3/ENCFF535RVD.bam?sv=2019-10-10&si=prod&sr=c&sig=9qSQZo4ggrCNpybBExU8SypuUZV33igI11xw0P7rB3c%3D	Lab custom GRCh38	released	mixed read lengths		
ENCFF981APU	bam	bam		alignments	hg19	ENCSR177QQY	eCLIP	/human-donors/ENCDO000AAD/	EFO:0002067	K562	cell line	Homo sapiens										AKAP1-human	RNA				ultraviolet irradiation	strand-specific	2018-08-30	ENCODE		see document	175-300	2	2_1		40					/files/ENCFF413SVN/, /files/ENCFF187YLY/	217360416	Gene Yeo, UCSD	b9970f5b65b23003d9888c1eaa3cf420		https://www.encodeproject.org/files/ENCFF981APU/@@download/ENCFF981APU.bam				released	s3://encode-public/2018/04/29/f47d6dd5-5b73-4e2d-8430-a15fa4731505/ENCFF981APU.bam	https://datasetencode.blob.core.windows.net/dataset/2018/04/29/f47d6dd5-5b73-4e2d-8430-a15fa4731505/ENCFF981APU.bam?sv=2019-10-10&si=prod&sr=c&sig=9qSQZo4ggrCNpybBExU8SypuUZV33igI11xw0P7rB3c%3D	Lab custom hg19	archived			
ENCFF581UEA	bam	bam		alignments	hg19	ENCSR177QQY	eCLIP	/human-donors/ENCDO000AAD/	EFO:0002067	K562	cell line	Homo sapiens										AKAP1-human	RNA				ultraviolet irradiation	strand-specific	2018-08-30	ENCODE		see document	175-300	1	1_1		40					/files/ENCFF916SOX/, /files/ENCFF013IBR/	106002508	Gene Yeo, UCSD	d41ab6c1dc2a4d67b1e07572a0ff0279		https://www.encodeproject.org/files/ENCFF581UEA/@@download/ENCFF581UEA.bam				released	s3://encode-public/2018/04/29/8415b74c-1718-409b-9345-d6a7c49c3381/ENCFF581UEA.bam	https://datasetencode.blob.core.windows.net/dataset/2018/04/29/8415b74c-1718-409b-9345-d6a7c49c3381/ENCFF581UEA.bam?sv=2019-10-10&si=prod&sr=c&sig=9qSQZo4ggrCNpybBExU8SypuUZV33igI11xw0P7rB3c%3D	Lab custom hg19	archived			
ENCFF710RUU	bam	bam		alignments	GRCh38	ENCSR177QQY	eCLIP	/human-donors/ENCDO000AAD/	EFO:0002067	K562	cell line	Homo sapiens										AKAP1-human	RNA				ultraviolet irradiation	strand-specific	2018-08-30	ENCODE		see document	175-300	2	2_1		40					/files/ENCFF413SVN/, /files/ENCFF187YLY/	208109233	Gene Yeo, UCSD	9e983837ba13135a12db7ac2e253d6df		https://www.encodeproject.org/files/ENCFF710RUU/@@download/ENCFF710RUU.bam				released	s3://encode-public/2018/04/29/3b786d7e-7a5a-4c98-8502-4cfa255938e8/ENCFF710RUU.bam	https://datasetencode.blob.core.windows.net/dataset/2018/04/29/3b786d7e-7a5a-4c98-8502-4cfa255938e8/ENCFF710RUU.bam?sv=2019-10-10&si=prod&sr=c&sig=9qSQZo4ggrCNpybBExU8SypuUZV33igI11xw0P7rB3c%3D	Lab custom GRCh38	released			
ENCFF016YOC	bam	bam		alignments	GRCh38	ENCSR177QQY	eCLIP	/human-donors/ENCDO000AAD/	EFO:0002067	K562	cell line	Homo sapiens										AKAP1-human	RNA				ultraviolet irradiation	strand-specific	2018-08-30	ENCODE		see document	175-300	1	1_1		40					/files/ENCFF916SOX/, /files/ENCFF013IBR/	99022696	Gene Yeo, UCSD	9ea44d463e8996b42aa81a7f8b767d26		https://www.encodeproject.org/files/ENCFF016YOC/@@download/ENCFF016YOC.bam				released	s3://encode-public/2018/04/29/f8c6ee7a-5005-463c-9a75-bc762df691c6/ENCFF016YOC.bam	https://datasetencode.blob.core.windows.net/dataset/2018/04/29/f8c6ee7a-5005-463c-9a75-bc762df691c6/ENCFF016YOC.bam?sv=2019-10-10&si=prod&sr=c&sig=9qSQZo4ggrCNpybBExU8SypuUZV33igI11xw0P7rB3c%3D	Lab custom GRCh38	released			
ENCFF118ANT	bam	bam		alignments	hg19	ENCSR322HHA	eCLIP	/human-donors/ENCDO000AAC/	EFO:0001187	HepG2	cell line	Homo sapiens										TIAL1-human	RNA				ultraviolet irradiation	strand-specific	2018-08-30	ENCODE		see document	175-300	1	1_1		39					/files/ENCFF959XKN/, /files/ENCFF708YAL/	306272475	Gene Yeo, UCSD	f00aae3bbc677916512f2fdb911678d8		https://www.encodeproject.org/files/ENCFF118ANT/@@download/ENCFF118ANT.bam				released	s3://encode-public/2018/04/29/599ab05c-ac17-48ea-87b6-a1aefacbef2e/ENCFF118ANT.bam	https://datasetencode.blob.core.windows.net/dataset/2018/04/29/599ab05c-ac17-48ea-87b6-a1aefacbef2e/ENCFF118ANT.bam?sv=2019-10-10&si=prod&sr=c&sig=9qSQZo4ggrCNpybBExU8SypuUZV33igI11xw0P7rB3c%3D	Lab custom hg19	archived			
ENCFF620WSX	bam	bam		alignments	hg19	ENCSR322HHA	eCLIP	/human-donors/ENCDO000AAC/	EFO:0001187	HepG2	cell line	Homo sapiens										TIAL1-human	RNA				ultraviolet irradiation	strand-specific	2018-08-30	ENCODE		see document	175-300	2	2_1		39					/files/ENCFF164ZGA/, /files/ENCFF430UQQ/	239173321	Gene Yeo, UCSD	dc41bb5c3574474acc9b866acbf1c019		https://www.encodeproject.org/files/ENCFF620WSX/@@download/ENCFF620WSX.bam				released	s3://encode-public/2018/04/29/3d582ad3-474c-4470-81bd-eaa96b0f13a6/ENCFF620WSX.bam	https://datasetencode.blob.core.windows.net/dataset/2018/04/29/3d582ad3-474c-4470-81bd-eaa96b0f13a6/ENCFF620WSX.bam?sv=2019-10-10&si=prod&sr=c&sig=9qSQZo4ggrCNpybBExU8SypuUZV33igI11xw0P7rB3c%3D	Lab custom hg19	archived			
ENCFF413UKK	bam	bam		alignments	GRCh38	ENCSR322HHA	eCLIP	/human-donors/ENCDO000AAC/	EFO:0001187	HepG2	cell line	Homo sapiens										TIAL1-human	RNA				ultraviolet irradiation	strand-specific	2018-08-30	ENCODE		see document	175-300	2	2_1		39					/files/ENCFF164ZGA/, /files/ENCFF430UQQ/	222990189	Gene Yeo, UCSD	f80826f323350ad222bb0470c2fcd459		https://www.encodeproject.org/files/ENCFF413UKK/@@download/ENCFF413UKK.bam				released	s3://encode-public/2018/04/29/bcb7006b-fa76-4061-aa5c-67db312611c2/ENCFF413UKK.bam	https://datasetencode.blob.core.windows.net/dataset/2018/04/29/bcb7006b-fa76-4061-aa5c-67db312611c2/ENCFF413UKK.bam?sv=2019-10-10&si=prod&sr=c&sig=9qSQZo4ggrCNpybBExU8SypuUZV33igI11xw0P7rB3c%3D	Lab custom GRCh38	released			
ENCFF902OZA	bam	bam		alignments	GRCh38	ENCSR322HHA	eCLIP	/human-donors/ENCDO000AAC/	EFO:0001187	HepG2	cell line	Homo sapiens										TIAL1-human	RNA				ultraviolet irradiation	strand-specific	2018-08-30	ENCODE		see document	175-300	1	1_1		39					/files/ENCFF959XKN/, /files/ENCFF708YAL/	296149705	Gene Yeo, UCSD	256eb1053385183b524102566a7938e1		https://www.encodeproject.org/files/ENCFF902OZA/@@download/ENCFF902OZA.bam				released	s3://encode-public/2018/04/29/934dc3a5-1460-4101-8325-2497802abd42/ENCFF902OZA.bam	https://datasetencode.blob.core.windows.net/dataset/2018/04/29/934dc3a5-1460-4101-8325-2497802abd42/ENCFF902OZA.bam?sv=2019-10-10&si=prod&sr=c&sig=9qSQZo4ggrCNpybBExU8SypuUZV33igI11xw0P7rB3c%3D	Lab custom GRCh38	released			
ENCFF885NJW	bam	bam		alignments	hg19	ENCSR999YGP	eCLIP	/human-donors/ENCDO000AAD/	EFO:0002067	K562	cell line	Homo sapiens										GRWD1-human	RNA				ultraviolet irradiation	strand-specific	2018-08-30	ENCODE		see document	175-300	1	1_1		40					/files/ENCFF248ZFV/, /files/ENCFF569HJH/	343810959	Gene Yeo, UCSD	7da39fd98550fc3a1b060d7c60721916		https://www.encodeproject.org/files/ENCFF885NJW/@@download/ENCFF885NJW.bam				released	s3://encode-public/2018/04/29/c9c047b6-063f-4631-b85f-f13130b23174/ENCFF885NJW.bam	https://datasetencode.blob.core.windows.net/dataset/2018/04/29/c9c047b6-063f-4631-b85f-f13130b23174/ENCFF885NJW.bam?sv=2019-10-10&si=prod&sr=c&sig=9qSQZo4ggrCNpybBExU8SypuUZV33igI11xw0P7rB3c%3D	Lab custom hg19	archived			
ENCFF491DNL	bam	bam		alignments	hg19	ENCSR999YGP	eCLIP	/human-donors/ENCDO000AAD/	EFO:0002067	K562	cell line	Homo sapiens										GRWD1-human	RNA				ultraviolet irradiation	strand-specific	2018-08-30	ENCODE		see document	175-300	2	2_1		40					/files/ENCFF939DRW/, /files/ENCFF727IRZ/	550716051	Gene Yeo, UCSD	c3fe2794769328d77d79870ac5fe357b		https://www.encodeproject.org/files/ENCFF491DNL/@@download/ENCFF491DNL.bam				released	s3://encode-public/2018/04/29/ae35dfac-6f93-4898-80bf-ac3bbe5e2546/ENCFF491DNL.bam	https://datasetencode.blob.core.windows.net/dataset/2018/04/29/ae35dfac-6f93-4898-80bf-ac3bbe5e2546/ENCFF491DNL.bam?sv=2019-10-10&si=prod&sr=c&sig=9qSQZo4ggrCNpybBExU8SypuUZV33igI11xw0P7rB3c%3D	Lab custom hg19	archived			
ENCFF217MRO	bam	bam		alignments	GRCh38	ENCSR999YGP	eCLIP	/human-donors/ENCDO000AAD/	EFO:0002067	K562	cell line	Homo sapiens										GRWD1-human	RNA				ultraviolet irradiation	strand-specific	2018-08-30	ENCODE		see document	175-300	2	2_1		40					/files/ENCFF939DRW/, /files/ENCFF727IRZ/	528872067	Gene Yeo, UCSD	996efdb96c8309784100a5d6eabb4362		https://www.encodeproject.org/files/ENCFF217MRO/@@download/ENCFF217MRO.bam				released	s3://encode-public/2018/04/29/90ff2d5b-2297-4253-a1d3-900d14446d20/ENCFF217MRO.bam	https://datasetencode.blob.core.windows.net/dataset/2018/04/29/90ff2d5b-2297-4253-a1d3-900d14446d20/ENCFF217MRO.bam?sv=2019-10-10&si=prod&sr=c&sig=9qSQZo4ggrCNpybBExU8SypuUZV33igI11xw0P7rB3c%3D	Lab custom GRCh38	released			
ENCFF330PVJ	bam	bam		alignments	GRCh38	ENCSR999YGP	eCLIP	/human-donors/ENCDO000AAD/	EFO:0002067	K562	cell line	Homo sapiens										GRWD1-human	RNA				ultraviolet irradiation	strand-specific	2018-08-30	ENCODE		see document	175-300	1	1_1		40					/files/ENCFF248ZFV/, /files/ENCFF569HJH/	336114648	Gene Yeo, UCSD	81f589d645b2582106fa2d89c52649c6		https://www.encodeproject.org/files/ENCFF330PVJ/@@download/ENCFF330PVJ.bam				released	s3://encode-public/2018/04/29/306ba793-9094-4632-8777-a37031e3c1b2/ENCFF330PVJ.bam	https://datasetencode.blob.core.windows.net/dataset/2018/04/29/306ba793-9094-4632-8777-a37031e3c1b2/ENCFF330PVJ.bam?sv=2019-10-10&si=prod&sr=c&sig=9qSQZo4ggrCNpybBExU8SypuUZV33igI11xw0P7rB3c%3D	Lab custom GRCh38	released			
ENCFF175YZC	bam	bam		alignments	hg19	ENCSR922WJV	eCLIP	/human-donors/ENCDO000AAD/	EFO:0002067	K562	cell line	Homo sapiens										PCBP1-human	RNA				ultraviolet irradiation	strand-specific	2018-08-30	ENCODE		see document	175-300	2	2_1		40					/files/ENCFF754BZY/, /files/ENCFF466YKR/	105689933	Gene Yeo, UCSD	ac3f3f73d4150c631129988f9ec10101		https://www.encodeproject.org/files/ENCFF175YZC/@@download/ENCFF175YZC.bam				released	s3://encode-public/2018/04/29/7bc3bd00-672d-453d-8275-e5f7735681ea/ENCFF175YZC.bam	https://datasetencode.blob.core.windows.net/dataset/2018/04/29/7bc3bd00-672d-453d-8275-e5f7735681ea/ENCFF175YZC.bam?sv=2019-10-10&si=prod&sr=c&sig=9qSQZo4ggrCNpybBExU8SypuUZV33igI11xw0P7rB3c%3D	Lab custom hg19	archived			
ENCFF030CFW	bam	bam		alignments	hg19	ENCSR922WJV	eCLIP	/human-donors/ENCDO000AAD/	EFO:0002067	K562	cell line	Homo sapiens										PCBP1-human	RNA				ultraviolet irradiation	strand-specific	2018-08-30	ENCODE		see document	175-300	1	1_1		40					/files/ENCFF010ECT/, /files/ENCFF795GKY/	98121561	Gene Yeo, UCSD	1290cefa4d9b3aae16e65f1b975403bd		https://www.encodeproject.org/files/ENCFF030CFW/@@download/ENCFF030CFW.bam				released	s3://encode-public/2018/04/29/e85314a0-3574-47ba-92f5-a925bf49ca97/ENCFF030CFW.bam	https://datasetencode.blob.core.windows.net/dataset/2018/04/29/e85314a0-3574-47ba-92f5-a925bf49ca97/ENCFF030CFW.bam?sv=2019-10-10&si=prod&sr=c&sig=9qSQZo4ggrCNpybBExU8SypuUZV33igI11xw0P7rB3c%3D	Lab custom hg19	archived			
ENCFF041ETC	bam	bam		alignments	GRCh38	ENCSR922WJV	eCLIP	/human-donors/ENCDO000AAD/	EFO:0002067	K562	cell line	Homo sapiens										PCBP1-human	RNA				ultraviolet irradiation	strand-specific	2018-08-30	ENCODE		see document	175-300	1	1_1		40					/files/ENCFF010ECT/, /files/ENCFF795GKY/	93080178	Gene Yeo, UCSD	e54909a68f90985cdd08c7fcf8c6e423		https://www.encodeproject.org/files/ENCFF041ETC/@@download/ENCFF041ETC.bam				released	s3://encode-public/2018/04/29/65c3d61f-6a57-4a32-a661-445b56f509a0/ENCFF041ETC.bam	https://datasetencode.blob.core.windows.net/dataset/2018/04/29/65c3d61f-6a57-4a32-a661-445b56f509a0/ENCFF041ETC.bam?sv=2019-10-10&si=prod&sr=c&sig=9qSQZo4ggrCNpybBExU8SypuUZV33igI11xw0P7rB3c%3D	Lab custom GRCh38	released			
ENCFF345TZP	bam	bam		alignments	GRCh38	ENCSR922WJV	eCLIP	/human-donors/ENCDO000AAD/	EFO:0002067	K562	cell line	Homo sapiens										PCBP1-human	RNA				ultraviolet irradiation	strand-specific	2018-08-30	ENCODE		see document	175-300	2	2_1		40					/files/ENCFF754BZY/, /files/ENCFF466YKR/	101564035	Gene Yeo, UCSD	65ba222e9082ea9efa76e3b56af9524f		https://www.encodeproject.org/files/ENCFF345TZP/@@download/ENCFF345TZP.bam				released	s3://encode-public/2018/04/29/65adfec9-c10d-48d3-a806-cf336c03add3/ENCFF345TZP.bam	https://datasetencode.blob.core.windows.net/dataset/2018/04/29/65adfec9-c10d-48d3-a806-cf336c03add3/ENCFF345TZP.bam?sv=2019-10-10&si=prod&sr=c&sig=9qSQZo4ggrCNpybBExU8SypuUZV33igI11xw0P7rB3c%3D	Lab custom GRCh38	released			
ENCFF464FAG	bam	bam		alignments	hg19	ENCSR366DGX	eCLIP	/human-donors/ENCDO000AAC/	EFO:0001187	HepG2	cell line	Homo sapiens										KHSRP-human	RNA				ultraviolet irradiation	strand-specific	2018-08-30	ENCODE		see document	175-300	1	1_1		40					/files/ENCFF950SML/, /files/ENCFF840EOA/	783054260	Gene Yeo, UCSD	900bda2efe71dd275e4697fcf4f2935e		https://www.encodeproject.org/files/ENCFF464FAG/@@download/ENCFF464FAG.bam				released	s3://encode-public/2018/04/29/aed2c7ee-07db-43d3-8111-18229b0fb92b/ENCFF464FAG.bam	https://datasetencode.blob.core.windows.net/dataset/2018/04/29/aed2c7ee-07db-43d3-8111-18229b0fb92b/ENCFF464FAG.bam?sv=2019-10-10&si=prod&sr=c&sig=9qSQZo4ggrCNpybBExU8SypuUZV33igI11xw0P7rB3c%3D	Lab custom hg19	archived			
ENCFF963RSK	bam	bam		alignments	hg19	ENCSR366DGX	eCLIP	/human-donors/ENCDO000AAC/	EFO:0001187	HepG2	cell line	Homo sapiens										KHSRP-human	RNA				ultraviolet irradiation	strand-specific	2018-08-30	ENCODE		see document	175-300	2	2_1		40					/files/ENCFF503GYR/, /files/ENCFF844XLZ/	789421772	Gene Yeo, UCSD	848ddaab5320e3e0e775957e924819bd		https://www.encodeproject.org/files/ENCFF963RSK/@@download/ENCFF963RSK.bam				released	s3://encode-public/2018/04/29/4e27d7c4-204a-4fe7-9130-213dc3e93ea6/ENCFF963RSK.bam	https://datasetencode.blob.core.windows.net/dataset/2018/04/29/4e27d7c4-204a-4fe7-9130-213dc3e93ea6/ENCFF963RSK.bam?sv=2019-10-10&si=prod&sr=c&sig=9qSQZo4ggrCNpybBExU8SypuUZV33igI11xw0P7rB3c%3D	Lab custom hg19	archived			
ENCFF961WNO	bam	bam		alignments	GRCh38	ENCSR366DGX	eCLIP	/human-donors/ENCDO000AAC/	EFO:0001187	HepG2	cell line	Homo sapiens										KHSRP-human	RNA				ultraviolet irradiation	strand-specific	2018-08-30	ENCODE		see document	175-300	1	1_1		40					/files/ENCFF950SML/, /files/ENCFF840EOA/	745732561	Gene Yeo, UCSD	05cbf83d729f6b42887562e64ce392d0		https://www.encodeproject.org/files/ENCFF961WNO/@@download/ENCFF961WNO.bam				released	s3://encode-public/2018/04/29/9959986b-d31a-4a5d-a223-145a3f9a77ba/ENCFF961WNO.bam	https://datasetencode.blob.core.windows.net/dataset/2018/04/29/9959986b-d31a-4a5d-a223-145a3f9a77ba/ENCFF961WNO.bam?sv=2019-10-10&si=prod&sr=c&sig=9qSQZo4ggrCNpybBExU8SypuUZV33igI11xw0P7rB3c%3D	Lab custom GRCh38	released			
ENCFF701PJM	bam	bam		alignments	GRCh38	ENCSR366DGX	eCLIP	/human-donors/ENCDO000AAC/	EFO:0001187	HepG2	cell line	Homo sapiens										KHSRP-human	RNA				ultraviolet irradiation	strand-specific	2018-08-30	ENCODE		see document	175-300	2	2_1		40					/files/ENCFF503GYR/, /files/ENCFF844XLZ/	764979155	Gene Yeo, UCSD	9f6a4efc006e4ae614a92e1d8ad7c239		https://www.encodeproject.org/files/ENCFF701PJM/@@download/ENCFF701PJM.bam				released	s3://encode-public/2018/04/29/9255a203-a797-45b6-ae16-d28d8a1b1fcd/ENCFF701PJM.bam	https://datasetencode.blob.core.windows.net/dataset/2018/04/29/9255a203-a797-45b6-ae16-d28d8a1b1fcd/ENCFF701PJM.bam?sv=2019-10-10&si=prod&sr=c&sig=9qSQZo4ggrCNpybBExU8SypuUZV33igI11xw0P7rB3c%3D	Lab custom GRCh38	released			
ENCFF615YND	bam	bam		alignments	hg19	ENCSR018WPY	eCLIP	/human-donors/ENCDO000AAC/	EFO:0001187	HepG2	cell line	Homo sapiens										AQR-human	RNA				ultraviolet irradiation	strand-specific	2018-08-30	ENCODE		see document	175-300	2	2_1		38					/files/ENCFF455ERC/, /files/ENCFF985BEH/	292798188	Gene Yeo, UCSD	9eb1920aa4e5510f3408ab2c799db640		https://www.encodeproject.org/files/ENCFF615YND/@@download/ENCFF615YND.bam				released	s3://encode-public/2018/04/29/82f78349-3a0c-40a4-8b19-47482744c422/ENCFF615YND.bam	https://datasetencode.blob.core.windows.net/dataset/2018/04/29/82f78349-3a0c-40a4-8b19-47482744c422/ENCFF615YND.bam?sv=2019-10-10&si=prod&sr=c&sig=9qSQZo4ggrCNpybBExU8SypuUZV33igI11xw0P7rB3c%3D	Lab custom hg19	archived	mixed read lengths		
ENCFF072DMC	bam	bam		alignments	hg19	ENCSR018WPY	eCLIP	/human-donors/ENCDO000AAC/	EFO:0001187	HepG2	cell line	Homo sapiens										AQR-human	RNA				ultraviolet irradiation	strand-specific	2018-08-30	ENCODE		see document	175-300	1	1_1		35					/files/ENCFF019WXR/, /files/ENCFF166EBF/	338335260	Gene Yeo, UCSD	5f2ce286ee91a12b32e37a657d7bbb3f		https://www.encodeproject.org/files/ENCFF072DMC/@@download/ENCFF072DMC.bam				released	s3://encode-public/2018/04/29/9b3b4047-971e-4591-8b7a-c411f7f88558/ENCFF072DMC.bam	https://datasetencode.blob.core.windows.net/dataset/2018/04/29/9b3b4047-971e-4591-8b7a-c411f7f88558/ENCFF072DMC.bam?sv=2019-10-10&si=prod&sr=c&sig=9qSQZo4ggrCNpybBExU8SypuUZV33igI11xw0P7rB3c%3D	Lab custom hg19	archived	mixed read lengths		
ENCFF882PEQ	bam	bam		alignments	GRCh38	ENCSR018WPY	eCLIP	/human-donors/ENCDO000AAC/	EFO:0001187	HepG2	cell line	Homo sapiens										AQR-human	RNA				ultraviolet irradiation	strand-specific	2018-08-30	ENCODE		see document	175-300	1	1_1		35					/files/ENCFF019WXR/, /files/ENCFF166EBF/	316564224	Gene Yeo, UCSD	5c44315cd7528374bc7a938945b19af4		https://www.encodeproject.org/files/ENCFF882PEQ/@@download/ENCFF882PEQ.bam				released	s3://encode-public/2018/04/29/c4ea75d2-b2a5-4a63-9af6-5c295ce6b341/ENCFF882PEQ.bam	https://datasetencode.blob.core.windows.net/dataset/2018/04/29/c4ea75d2-b2a5-4a63-9af6-5c295ce6b341/ENCFF882PEQ.bam?sv=2019-10-10&si=prod&sr=c&sig=9qSQZo4ggrCNpybBExU8SypuUZV33igI11xw0P7rB3c%3D	Lab custom GRCh38	released	mixed read lengths		
ENCFF947JHV	bam	bam		alignments	GRCh38	ENCSR018WPY	eCLIP	/human-donors/ENCDO000AAC/	EFO:0001187	HepG2	cell line	Homo sapiens										AQR-human	RNA				ultraviolet irradiation	strand-specific	2018-08-30	ENCODE		see document	175-300	2	2_1		38					/files/ENCFF455ERC/, /files/ENCFF985BEH/	284189887	Gene Yeo, UCSD	36231872a0eef6269009cdb604dab9e3		https://www.encodeproject.org/files/ENCFF947JHV/@@download/ENCFF947JHV.bam				released	s3://encode-public/2018/04/29/f6b9b84b-4f5c-4f81-9c62-36c05e7c5e1a/ENCFF947JHV.bam	https://datasetencode.blob.core.windows.net/dataset/2018/04/29/f6b9b84b-4f5c-4f81-9c62-36c05e7c5e1a/ENCFF947JHV.bam?sv=2019-10-10&si=prod&sr=c&sig=9qSQZo4ggrCNpybBExU8SypuUZV33igI11xw0P7rB3c%3D	Lab custom GRCh38	released	mixed read lengths		
ENCFF381SDJ	bam	bam		alignments	hg19	ENCSR249ROI	eCLIP	/human-donors/ENCDO000AAD/	EFO:0002067	K562	cell line	Homo sapiens										HNRNPC-human	RNA				ultraviolet irradiation	strand-specific	2018-08-30	ENCODE		see document	175-300	2	2_1		40					/files/ENCFF937KFG/, /files/ENCFF669MUY/	2013863725	Gene Yeo, UCSD	be9c32d493ab928fdcd49530c54a8a75		https://www.encodeproject.org/files/ENCFF381SDJ/@@download/ENCFF381SDJ.bam				released	s3://encode-public/2018/04/29/4ac122a8-4c87-4bfc-96fc-3cd29296c41e/ENCFF381SDJ.bam	https://datasetencode.blob.core.windows.net/dataset/2018/04/29/4ac122a8-4c87-4bfc-96fc-3cd29296c41e/ENCFF381SDJ.bam?sv=2019-10-10&si=prod&sr=c&sig=9qSQZo4ggrCNpybBExU8SypuUZV33igI11xw0P7rB3c%3D	Lab custom hg19	archived			
ENCFF669YBJ	bam	bam		alignments	hg19	ENCSR249ROI	eCLIP	/human-donors/ENCDO000AAD/	EFO:0002067	K562	cell line	Homo sapiens										HNRNPC-human	RNA				ultraviolet irradiation	strand-specific	2018-08-30	ENCODE		see document	175-300	1	1_1		40					/files/ENCFF734JPC/, /files/ENCFF149LRA/	667569941	Gene Yeo, UCSD	9d311c0d58ec8fac330d01f527ac57ad		https://www.encodeproject.org/files/ENCFF669YBJ/@@download/ENCFF669YBJ.bam				released	s3://encode-public/2018/04/29/2a825367-945e-4ab6-a9e2-a71413737691/ENCFF669YBJ.bam	https://datasetencode.blob.core.windows.net/dataset/2018/04/29/2a825367-945e-4ab6-a9e2-a71413737691/ENCFF669YBJ.bam?sv=2019-10-10&si=prod&sr=c&sig=9qSQZo4ggrCNpybBExU8SypuUZV33igI11xw0P7rB3c%3D	Lab custom hg19	archived			
ENCFF048BIQ	bam	bam		alignments	GRCh38	ENCSR249ROI	eCLIP	/human-donors/ENCDO000AAD/	EFO:0002067	K562	cell line	Homo sapiens										HNRNPC-human	RNA				ultraviolet irradiation	strand-specific	2018-08-30	ENCODE		see document	175-300	1	1_1		40					/files/ENCFF734JPC/, /files/ENCFF149LRA/	622539892	Gene Yeo, UCSD	c35a6f783bff631fa6853c7d246d54bf		https://www.encodeproject.org/files/ENCFF048BIQ/@@download/ENCFF048BIQ.bam				released	s3://encode-public/2018/04/29/bb352220-11c5-4563-bc03-3e6623599a7d/ENCFF048BIQ.bam	https://datasetencode.blob.core.windows.net/dataset/2018/04/29/bb352220-11c5-4563-bc03-3e6623599a7d/ENCFF048BIQ.bam?sv=2019-10-10&si=prod&sr=c&sig=9qSQZo4ggrCNpybBExU8SypuUZV33igI11xw0P7rB3c%3D	Lab custom GRCh38	released			
ENCFF935AZO	bam	bam		alignments	GRCh38	ENCSR249ROI	eCLIP	/human-donors/ENCDO000AAD/	EFO:0002067	K562	cell line	Homo sapiens										HNRNPC-human	RNA				ultraviolet irradiation	strand-specific	2018-08-30	ENCODE		see document	175-300	2	2_1		40					/files/ENCFF937KFG/, /files/ENCFF669MUY/	1916673614	Gene Yeo, UCSD	6e1a956ca8902d69bd1067fc451248a9		https://www.encodeproject.org/files/ENCFF935AZO/@@download/ENCFF935AZO.bam				released	s3://encode-public/2018/04/29/a10c5e91-afcf-482d-b253-7ef33c380e5b/ENCFF935AZO.bam	https://datasetencode.blob.core.windows.net/dataset/2018/04/29/a10c5e91-afcf-482d-b253-7ef33c380e5b/ENCFF935AZO.bam?sv=2019-10-10&si=prod&sr=c&sig=9qSQZo4ggrCNpybBExU8SypuUZV33igI11xw0P7rB3c%3D	Lab custom GRCh38	released			
ENCFF613CYM	bam	bam		alignments	hg19	ENCSR023PKW	eCLIP	/human-donors/ENCDO000AAD/	EFO:0002067	K562	cell line	Homo sapiens										EIF3G-human	RNA				ultraviolet irradiation	strand-specific	2018-08-30	ENCODE		see document	175-300	1	1_1		40					/files/ENCFF548DYX/, /files/ENCFF908IVH/	57955350	Gene Yeo, UCSD	3035f8160660539ca3c973e135b35a84		https://www.encodeproject.org/files/ENCFF613CYM/@@download/ENCFF613CYM.bam				released	s3://encode-public/2018/04/29/06bb4d07-6ee6-4e97-9a90-005c49dd6714/ENCFF613CYM.bam	https://datasetencode.blob.core.windows.net/dataset/2018/04/29/06bb4d07-6ee6-4e97-9a90-005c49dd6714/ENCFF613CYM.bam?sv=2019-10-10&si=prod&sr=c&sig=9qSQZo4ggrCNpybBExU8SypuUZV33igI11xw0P7rB3c%3D	Lab custom hg19	archived			
ENCFF083KKV	bam	bam		alignments	hg19	ENCSR023PKW	eCLIP	/human-donors/ENCDO000AAD/	EFO:0002067	K562	cell line	Homo sapiens										EIF3G-human	RNA				ultraviolet irradiation	strand-specific	2018-08-30	ENCODE		see document	175-300	2	2_1		40					/files/ENCFF627GSD/, /files/ENCFF364MMW/	192808352	Gene Yeo, UCSD	3e420a3334f1a37bb64633105a9cfd7c		https://www.encodeproject.org/files/ENCFF083KKV/@@download/ENCFF083KKV.bam				released	s3://encode-public/2018/04/29/b91605f2-7ceb-46b8-93ff-df97f45cbb75/ENCFF083KKV.bam	https://datasetencode.blob.core.windows.net/dataset/2018/04/29/b91605f2-7ceb-46b8-93ff-df97f45cbb75/ENCFF083KKV.bam?sv=2019-10-10&si=prod&sr=c&sig=9qSQZo4ggrCNpybBExU8SypuUZV33igI11xw0P7rB3c%3D	Lab custom hg19	archived			
ENCFF724QGF	bam	bam		alignments	GRCh38	ENCSR023PKW	eCLIP	/human-donors/ENCDO000AAD/	EFO:0002067	K562	cell line	Homo sapiens										EIF3G-human	RNA				ultraviolet irradiation	strand-specific	2018-08-30	ENCODE		see document	175-300	1	1_1		40					/files/ENCFF548DYX/, /files/ENCFF908IVH/	53684866	Gene Yeo, UCSD	cc68c4126cebf949012b640bc11f86ce		https://www.encodeproject.org/files/ENCFF724QGF/@@download/ENCFF724QGF.bam				released	s3://encode-public/2018/04/29/f37b4f76-4e41-4c05-9101-dd1597411be0/ENCFF724QGF.bam	https://datasetencode.blob.core.windows.net/dataset/2018/04/29/f37b4f76-4e41-4c05-9101-dd1597411be0/ENCFF724QGF.bam?sv=2019-10-10&si=prod&sr=c&sig=9qSQZo4ggrCNpybBExU8SypuUZV33igI11xw0P7rB3c%3D	Lab custom GRCh38	released			
ENCFF605PZM	bam	bam		alignments	GRCh38	ENCSR023PKW	eCLIP	/human-donors/ENCDO000AAD/	EFO:0002067	K562	cell line	Homo sapiens										EIF3G-human	RNA				ultraviolet irradiation	strand-specific	2018-08-30	ENCODE		see document	175-300	2	2_1		40					/files/ENCFF627GSD/, /files/ENCFF364MMW/	184313473	Gene Yeo, UCSD	6a2610873c5a72785440f98df996dc1e		https://www.encodeproject.org/files/ENCFF605PZM/@@download/ENCFF605PZM.bam				released	s3://encode-public/2018/04/29/7d52a7a2-cb98-4628-815b-122a3ecdf2e3/ENCFF605PZM.bam	https://datasetencode.blob.core.windows.net/dataset/2018/04/29/7d52a7a2-cb98-4628-815b-122a3ecdf2e3/ENCFF605PZM.bam?sv=2019-10-10&si=prod&sr=c&sig=9qSQZo4ggrCNpybBExU8SypuUZV33igI11xw0P7rB3c%3D	Lab custom GRCh38	released			
ENCFF460HUE	bam	bam		alignments	GRCh38	ENCSR552TNU	eCLIP	/human-donors/ENCDO000AAD/	EFO:0002067	K562	cell line	Homo sapiens										SNRPD3-human	RNA				ultraviolet irradiation	reverse	2023-02-03	ENCODE		see document	175-300	1	1_1		64					/files/ENCFF331NRS/	240403189	Gene Yeo, UCSD	1aaba58d15bd44adfc7ee62dd99eea01		https://www.encodeproject.org/files/ENCFF460HUE/@@download/ENCFF460HUE.bam	V29			archived	s3://encode-public/2022/01/12/a11f5c70-69a6-4c90-ac60-d364ac2c07a7/ENCFF460HUE.bam	https://datasetencode.blob.core.windows.net/dataset/2022/01/12/a11f5c70-69a6-4c90-ac60-d364ac2c07a7/ENCFF460HUE.bam?sv=2019-10-10&si=prod&sr=c&sig=9qSQZo4ggrCNpybBExU8SypuUZV33igI11xw0P7rB3c%3D	Lab custom GRCh38 V29	archived		partially characterized antibody	
ENCFF545VBB	bam	bam		unfiltered alignments	GRCh38	ENCSR552TNU	eCLIP	/human-donors/ENCDO000AAD/	EFO:0002067	K562	cell line	Homo sapiens										SNRPD3-human	RNA				ultraviolet irradiation	reverse	2023-02-03	ENCODE		see document	175-300	2	2_1		64					/files/ENCFF411BVQ/	393613379	Gene Yeo, UCSD	f4262da6318075d1bd306c98cd891f81		https://www.encodeproject.org/files/ENCFF545VBB/@@download/ENCFF545VBB.bam	V29			archived	s3://encode-public/2022/01/12/1ac69956-3f8b-44a5-949e-25c12fa9ff1b/ENCFF545VBB.bam	https://datasetencode.blob.core.windows.net/dataset/2022/01/12/1ac69956-3f8b-44a5-949e-25c12fa9ff1b/ENCFF545VBB.bam?sv=2019-10-10&si=prod&sr=c&sig=9qSQZo4ggrCNpybBExU8SypuUZV33igI11xw0P7rB3c%3D	Lab custom GRCh38 V29	archived		partially characterized antibody	
ENCFF331NRS	bam	bam		unfiltered alignments	GRCh38	ENCSR552TNU	eCLIP	/human-donors/ENCDO000AAD/	EFO:0002067	K562	cell line	Homo sapiens										SNRPD3-human	RNA				ultraviolet irradiation	reverse	2023-02-03	ENCODE		see document	175-300	1	1_1		64					/files/ENCFF672QML/	350348960	Gene Yeo, UCSD	c3b8b5ff9a4fd25668a11d8f78a5f193		https://www.encodeproject.org/files/ENCFF331NRS/@@download/ENCFF331NRS.bam	V29			archived	s3://encode-public/2022/01/12/64e62a1c-d9e0-4f78-a447-15cfaf8a2e29/ENCFF331NRS.bam	https://datasetencode.blob.core.windows.net/dataset/2022/01/12/64e62a1c-d9e0-4f78-a447-15cfaf8a2e29/ENCFF331NRS.bam?sv=2019-10-10&si=prod&sr=c&sig=9qSQZo4ggrCNpybBExU8SypuUZV33igI11xw0P7rB3c%3D	Lab custom GRCh38 V29	archived		partially characterized antibody	
ENCFF065SQD	bam	bam		alignments	GRCh38	ENCSR552TNU	eCLIP	/human-donors/ENCDO000AAD/	EFO:0002067	K562	cell line	Homo sapiens										SNRPD3-human	RNA				ultraviolet irradiation	reverse	2023-02-03	ENCODE		see document	175-300	2	2_1		64					/files/ENCFF545VBB/	269114709	Gene Yeo, UCSD	1336bac86ccfd1754063f2a3f90da687		https://www.encodeproject.org/files/ENCFF065SQD/@@download/ENCFF065SQD.bam	V29			archived	s3://encode-public/2022/01/12/2fcf5bad-8287-47fb-9790-57bd86a09d77/ENCFF065SQD.bam	https://datasetencode.blob.core.windows.net/dataset/2022/01/12/2fcf5bad-8287-47fb-9790-57bd86a09d77/ENCFF065SQD.bam?sv=2019-10-10&si=prod&sr=c&sig=9qSQZo4ggrCNpybBExU8SypuUZV33igI11xw0P7rB3c%3D	Lab custom GRCh38 V29	archived		partially characterized antibody	
ENCFF318NRI	bam	bam		alignments	GRCh38	ENCSR270FOD	eCLIP	/human-donors/ENCDO000AAC/	EFO:0001187	HepG2	cell line	Homo sapiens										FXR2-human	RNA				ultraviolet irradiation	reverse	2023-02-03	ENCODE		see document	175-300	1	1_1		64					/files/ENCFF002YMI/	336612796	Gene Yeo, UCSD	d3b06982fec1ec125b9348c502f18dee		https://www.encodeproject.org/files/ENCFF318NRI/@@download/ENCFF318NRI.bam	V29			archived	s3://encode-public/2022/01/12/67c7f784-c351-4420-9717-f89482a4aef4/ENCFF318NRI.bam	https://datasetencode.blob.core.windows.net/dataset/2022/01/12/67c7f784-c351-4420-9717-f89482a4aef4/ENCFF318NRI.bam?sv=2019-10-10&si=prod&sr=c&sig=9qSQZo4ggrCNpybBExU8SypuUZV33igI11xw0P7rB3c%3D	Lab custom GRCh38 V29	archived		partially characterized antibody	
ENCFF593UDA	bam	bam		unfiltered alignments	GRCh38	ENCSR270FOD	eCLIP	/human-donors/ENCDO000AAC/	EFO:0001187	HepG2	cell line	Homo sapiens										FXR2-human	RNA				ultraviolet irradiation	reverse	2023-02-03	ENCODE		see document	175-300	2	2_1		64					/files/ENCFF762RHJ/	536360763	Gene Yeo, UCSD	3fbe0631cba694c42cc31c53627ce862		https://www.encodeproject.org/files/ENCFF593UDA/@@download/ENCFF593UDA.bam	V29			archived	s3://encode-public/2022/01/12/db7d7b58-2a8f-4781-a38f-ecc49ad91d0a/ENCFF593UDA.bam	https://datasetencode.blob.core.windows.net/dataset/2022/01/12/db7d7b58-2a8f-4781-a38f-ecc49ad91d0a/ENCFF593UDA.bam?sv=2019-10-10&si=prod&sr=c&sig=9qSQZo4ggrCNpybBExU8SypuUZV33igI11xw0P7rB3c%3D	Lab custom GRCh38 V29	archived		partially characterized antibody	
ENCFF002YMI	bam	bam		unfiltered alignments	GRCh38	ENCSR270FOD	eCLIP	/human-donors/ENCDO000AAC/	EFO:0001187	HepG2	cell line	Homo sapiens										FXR2-human	RNA				ultraviolet irradiation	reverse	2023-02-03	ENCODE		see document	175-300	1	1_1		64					/files/ENCFF102DWE/	478112594	Gene Yeo, UCSD	640597ce288eb1ba8060b774c7c453c5		https://www.encodeproject.org/files/ENCFF002YMI/@@download/ENCFF002YMI.bam	V29			archived	s3://encode-public/2022/01/12/80cbf7a7-1887-43b1-96ca-9fc02f36ac53/ENCFF002YMI.bam	https://datasetencode.blob.core.windows.net/dataset/2022/01/12/80cbf7a7-1887-43b1-96ca-9fc02f36ac53/ENCFF002YMI.bam?sv=2019-10-10&si=prod&sr=c&sig=9qSQZo4ggrCNpybBExU8SypuUZV33igI11xw0P7rB3c%3D	Lab custom GRCh38 V29	archived		partially characterized antibody	
ENCFF449FBJ	bam	bam		alignments	GRCh38	ENCSR270FOD	eCLIP	/human-donors/ENCDO000AAC/	EFO:0001187	HepG2	cell line	Homo sapiens										FXR2-human	RNA				ultraviolet irradiation	reverse	2023-02-03	ENCODE		see document	175-300	2	2_1		64					/files/ENCFF593UDA/	364643970	Gene Yeo, UCSD	4040358b2d832014418f2c692cfb57d1		https://www.encodeproject.org/files/ENCFF449FBJ/@@download/ENCFF449FBJ.bam	V29			archived	s3://encode-public/2022/01/12/e893c0dd-98d7-40f7-9aa4-47b7e03a635d/ENCFF449FBJ.bam	https://datasetencode.blob.core.windows.net/dataset/2022/01/12/e893c0dd-98d7-40f7-9aa4-47b7e03a635d/ENCFF449FBJ.bam?sv=2019-10-10&si=prod&sr=c&sig=9qSQZo4ggrCNpybBExU8SypuUZV33igI11xw0P7rB3c%3D	Lab custom GRCh38 V29	archived		partially characterized antibody	
ENCFF354DPT	bam	bam		alignments	hg19	ENCSR154CSN	eCLIP	/human-donors/ENCDO000AAD/	EFO:0002067	K562	cell line	Homo sapiens										DDX52-human	RNA				ultraviolet irradiation	strand-specific	2018-08-30	ENCODE		see document	175-300	1	1_1		40					/files/ENCFF794QAR/, /files/ENCFF018JZA/	197838636	Gene Yeo, UCSD	08faeb7e5d11b533f506fb39603a6ba6		https://www.encodeproject.org/files/ENCFF354DPT/@@download/ENCFF354DPT.bam				released	s3://encode-public/2018/04/29/1596d643-5fd0-4571-9148-8cbd10f286f8/ENCFF354DPT.bam	https://datasetencode.blob.core.windows.net/dataset/2018/04/29/1596d643-5fd0-4571-9148-8cbd10f286f8/ENCFF354DPT.bam?sv=2019-10-10&si=prod&sr=c&sig=9qSQZo4ggrCNpybBExU8SypuUZV33igI11xw0P7rB3c%3D	Lab custom hg19	archived			
ENCFF698DHB	bam	bam		alignments	hg19	ENCSR154CSN	eCLIP	/human-donors/ENCDO000AAD/	EFO:0002067	K562	cell line	Homo sapiens										DDX52-human	RNA				ultraviolet irradiation	strand-specific	2018-08-30	ENCODE		see document	175-300	2	2_1		40					/files/ENCFF533ART/, /files/ENCFF592QGC/	205893967	Gene Yeo, UCSD	b5d06a74d7f2ddc0a053ef705dc73697		https://www.encodeproject.org/files/ENCFF698DHB/@@download/ENCFF698DHB.bam				released	s3://encode-public/2018/04/29/4f25a6e4-cd88-40e7-b547-3360e7d36f3d/ENCFF698DHB.bam	https://datasetencode.blob.core.windows.net/dataset/2018/04/29/4f25a6e4-cd88-40e7-b547-3360e7d36f3d/ENCFF698DHB.bam?sv=2019-10-10&si=prod&sr=c&sig=9qSQZo4ggrCNpybBExU8SypuUZV33igI11xw0P7rB3c%3D	Lab custom hg19	archived			
ENCFF529NNX	bam	bam		alignments	GRCh38	ENCSR154CSN	eCLIP	/human-donors/ENCDO000AAD/	EFO:0002067	K562	cell line	Homo sapiens										DDX52-human	RNA				ultraviolet irradiation	strand-specific	2018-08-30	ENCODE		see document	175-300	1	1_1		40					/files/ENCFF794QAR/, /files/ENCFF018JZA/	191703953	Gene Yeo, UCSD	2b2f2e639bd4eef86a05a10055b6e970		https://www.encodeproject.org/files/ENCFF529NNX/@@download/ENCFF529NNX.bam				released	s3://encode-public/2018/04/29/f3bc499c-884b-424e-a7cc-16f95421dafa/ENCFF529NNX.bam	https://datasetencode.blob.core.windows.net/dataset/2018/04/29/f3bc499c-884b-424e-a7cc-16f95421dafa/ENCFF529NNX.bam?sv=2019-10-10&si=prod&sr=c&sig=9qSQZo4ggrCNpybBExU8SypuUZV33igI11xw0P7rB3c%3D	Lab custom GRCh38	released			
ENCFF729XQQ	bam	bam		alignments	GRCh38	ENCSR154CSN	eCLIP	/human-donors/ENCDO000AAD/	EFO:0002067	K562	cell line	Homo sapiens										DDX52-human	RNA				ultraviolet irradiation	strand-specific	2018-08-30	ENCODE		see document	175-300	2	2_1		40					/files/ENCFF533ART/, /files/ENCFF592QGC/	193721613	Gene Yeo, UCSD	68ee56afa6074ebaea1f63d36f7e5e00		https://www.encodeproject.org/files/ENCFF729XQQ/@@download/ENCFF729XQQ.bam				released	s3://encode-public/2018/04/29/53abc4bf-02dd-4195-9608-99dcbcc4c03e/ENCFF729XQQ.bam	https://datasetencode.blob.core.windows.net/dataset/2018/04/29/53abc4bf-02dd-4195-9608-99dcbcc4c03e/ENCFF729XQQ.bam?sv=2019-10-10&si=prod&sr=c&sig=9qSQZo4ggrCNpybBExU8SypuUZV33igI11xw0P7rB3c%3D	Lab custom GRCh38	released			
ENCFF723DFF	bam	bam		alignments	hg19	ENCSR903PRV	eCLIP	/human-donors/ENCDO000AAC/	EFO:0001187	HepG2	cell line	Homo sapiens										FTO-human	RNA				ultraviolet irradiation	strand-specific	2018-08-30	ENCODE		see document	175-300	2	2_1		43					/files/ENCFF580QMH/, /files/ENCFF820YSI/	83759904	Gene Yeo, UCSD	e2d5bde2840f45f44582ae340002dfb9		https://www.encodeproject.org/files/ENCFF723DFF/@@download/ENCFF723DFF.bam				released	s3://encode-public/2018/04/29/189674e5-3695-4f25-9a84-8d212a68b968/ENCFF723DFF.bam	https://datasetencode.blob.core.windows.net/dataset/2018/04/29/189674e5-3695-4f25-9a84-8d212a68b968/ENCFF723DFF.bam?sv=2019-10-10&si=prod&sr=c&sig=9qSQZo4ggrCNpybBExU8SypuUZV33igI11xw0P7rB3c%3D	Lab custom hg19	archived	mixed read lengths		
ENCFF063UTV	bam	bam		alignments	hg19	ENCSR903PRV	eCLIP	/human-donors/ENCDO000AAC/	EFO:0001187	HepG2	cell line	Homo sapiens										FTO-human	RNA				ultraviolet irradiation	strand-specific	2018-08-30	ENCODE		see document	175-300	1	1_1		38					/files/ENCFF099LFN/, /files/ENCFF233ZOI/, /files/ENCFF428MRF/, /files/ENCFF460IHR/, /files/ENCFF214SLR/, /files/ENCFF096YYD/, /files/ENCFF844HAH/, /files/ENCFF790KRT/	179058549	Gene Yeo, UCSD	7f28278b41e886d9eec91092e8600585		https://www.encodeproject.org/files/ENCFF063UTV/@@download/ENCFF063UTV.bam				released	s3://encode-public/2018/04/29/276d269e-5b07-4b7b-a46c-420cc9b893bd/ENCFF063UTV.bam	https://datasetencode.blob.core.windows.net/dataset/2018/04/29/276d269e-5b07-4b7b-a46c-420cc9b893bd/ENCFF063UTV.bam?sv=2019-10-10&si=prod&sr=c&sig=9qSQZo4ggrCNpybBExU8SypuUZV33igI11xw0P7rB3c%3D	Lab custom hg19	archived	mixed read lengths		
ENCFF385LTB	bam	bam		alignments	GRCh38	ENCSR903PRV	eCLIP	/human-donors/ENCDO000AAC/	EFO:0001187	HepG2	cell line	Homo sapiens										FTO-human	RNA				ultraviolet irradiation	strand-specific	2018-08-30	ENCODE		see document	175-300	1	1_1		38					/files/ENCFF099LFN/, /files/ENCFF233ZOI/, /files/ENCFF428MRF/, /files/ENCFF460IHR/, /files/ENCFF214SLR/, /files/ENCFF096YYD/, /files/ENCFF844HAH/, /files/ENCFF790KRT/	173796949	Gene Yeo, UCSD	659348e162c053fd0343b9f0b85cf61d		https://www.encodeproject.org/files/ENCFF385LTB/@@download/ENCFF385LTB.bam				released	s3://encode-public/2018/04/29/8ebe7a9e-e378-4fd4-ae17-5f3da373f9ce/ENCFF385LTB.bam	https://datasetencode.blob.core.windows.net/dataset/2018/04/29/8ebe7a9e-e378-4fd4-ae17-5f3da373f9ce/ENCFF385LTB.bam?sv=2019-10-10&si=prod&sr=c&sig=9qSQZo4ggrCNpybBExU8SypuUZV33igI11xw0P7rB3c%3D	Lab custom GRCh38	released	mixed read lengths		
ENCFF040XCG	bam	bam		alignments	GRCh38	ENCSR903PRV	eCLIP	/human-donors/ENCDO000AAC/	EFO:0001187	HepG2	cell line	Homo sapiens										FTO-human	RNA				ultraviolet irradiation	strand-specific	2018-08-30	ENCODE		see document	175-300	2	2_1		43					/files/ENCFF580QMH/, /files/ENCFF820YSI/	80782028	Gene Yeo, UCSD	02573074c2eb3713377f019b856f9838		https://www.encodeproject.org/files/ENCFF040XCG/@@download/ENCFF040XCG.bam				released	s3://encode-public/2018/04/29/c4880e0b-7483-4d78-a5ea-2cfbbbbbdf24/ENCFF040XCG.bam	https://datasetencode.blob.core.windows.net/dataset/2018/04/29/c4880e0b-7483-4d78-a5ea-2cfbbbbbdf24/ENCFF040XCG.bam?sv=2019-10-10&si=prod&sr=c&sig=9qSQZo4ggrCNpybBExU8SypuUZV33igI11xw0P7rB3c%3D	Lab custom GRCh38	released	mixed read lengths		
ENCFF457BSQ	bam	bam		alignments	hg19	ENCSR440SUX	eCLIP	/human-donors/ENCDO000AAD/	EFO:0002067	K562	cell line	Homo sapiens										MATR3-human	RNA				ultraviolet irradiation	strand-specific	2018-08-30	ENCODE		see document	175-300	1	1_1		40					/files/ENCFF991YSW/, /files/ENCFF806OBL/	218135324	Gene Yeo, UCSD	ac63ff222d7568439ec8c07ee7a2c244		https://www.encodeproject.org/files/ENCFF457BSQ/@@download/ENCFF457BSQ.bam				released	s3://encode-public/2018/04/29/6d5c850b-39b1-4bde-b5ae-f5b2300cd1b6/ENCFF457BSQ.bam	https://datasetencode.blob.core.windows.net/dataset/2018/04/29/6d5c850b-39b1-4bde-b5ae-f5b2300cd1b6/ENCFF457BSQ.bam?sv=2019-10-10&si=prod&sr=c&sig=9qSQZo4ggrCNpybBExU8SypuUZV33igI11xw0P7rB3c%3D	Lab custom hg19	archived			
ENCFF010BJI	bam	bam		alignments	hg19	ENCSR440SUX	eCLIP	/human-donors/ENCDO000AAD/	EFO:0002067	K562	cell line	Homo sapiens										MATR3-human	RNA				ultraviolet irradiation	strand-specific	2018-08-30	ENCODE		see document	175-300	2	2_1		40					/files/ENCFF365CXY/, /files/ENCFF358JCT/	288249859	Gene Yeo, UCSD	73e0eaf2b88f5b5c127432aab73e0441		https://www.encodeproject.org/files/ENCFF010BJI/@@download/ENCFF010BJI.bam				released	s3://encode-public/2018/04/29/d3e6e8f2-ebc5-44a6-8937-db98edcb1cf9/ENCFF010BJI.bam	https://datasetencode.blob.core.windows.net/dataset/2018/04/29/d3e6e8f2-ebc5-44a6-8937-db98edcb1cf9/ENCFF010BJI.bam?sv=2019-10-10&si=prod&sr=c&sig=9qSQZo4ggrCNpybBExU8SypuUZV33igI11xw0P7rB3c%3D	Lab custom hg19	archived			
ENCFF162SAS	bam	bam		alignments	GRCh38	ENCSR440SUX	eCLIP	/human-donors/ENCDO000AAD/	EFO:0002067	K562	cell line	Homo sapiens										MATR3-human	RNA				ultraviolet irradiation	strand-specific	2018-08-30	ENCODE		see document	175-300	1	1_1		40					/files/ENCFF991YSW/, /files/ENCFF806OBL/	202482440	Gene Yeo, UCSD	fe9598717340c3352ec4ea1e8a40470d		https://www.encodeproject.org/files/ENCFF162SAS/@@download/ENCFF162SAS.bam				released	s3://encode-public/2018/04/29/2f7e77ba-2154-4e2d-b781-ecd23f11c3c7/ENCFF162SAS.bam	https://datasetencode.blob.core.windows.net/dataset/2018/04/29/2f7e77ba-2154-4e2d-b781-ecd23f11c3c7/ENCFF162SAS.bam?sv=2019-10-10&si=prod&sr=c&sig=9qSQZo4ggrCNpybBExU8SypuUZV33igI11xw0P7rB3c%3D	Lab custom GRCh38	released			
ENCFF014KBZ	bam	bam		alignments	GRCh38	ENCSR440SUX	eCLIP	/human-donors/ENCDO000AAD/	EFO:0002067	K562	cell line	Homo sapiens										MATR3-human	RNA				ultraviolet irradiation	strand-specific	2018-08-30	ENCODE		see document	175-300	2	2_1		41					/files/ENCFF365CXY/, /files/ENCFF358JCT/	273589771	Gene Yeo, UCSD	084d152e8b9fe235738e50a9714a70a9		https://www.encodeproject.org/files/ENCFF014KBZ/@@download/ENCFF014KBZ.bam				released	s3://encode-public/2018/04/29/3e8735c0-78ec-443f-85bd-8e2032b82604/ENCFF014KBZ.bam	https://datasetencode.blob.core.windows.net/dataset/2018/04/29/3e8735c0-78ec-443f-85bd-8e2032b82604/ENCFF014KBZ.bam?sv=2019-10-10&si=prod&sr=c&sig=9qSQZo4ggrCNpybBExU8SypuUZV33igI11xw0P7rB3c%3D	Lab custom GRCh38	released			
ENCFF946YXD	bam	bam		alignments	hg19	ENCSR964VOX	eCLIP	/human-donors/ENCDO000AAD/	EFO:0002067	K562	cell line	Homo sapiens										UTP18-human	RNA				ultraviolet irradiation	strand-specific	2018-08-30	ENCODE		see document	175-300	2	2_1		40					/files/ENCFF386YUM/, /files/ENCFF038OVY/	90592864	Gene Yeo, UCSD	5585c0978fba6614dab88cb72d2c9280		https://www.encodeproject.org/files/ENCFF946YXD/@@download/ENCFF946YXD.bam				released	s3://encode-public/2018/04/29/c313e9bb-d02c-4113-a6df-fc38464afede/ENCFF946YXD.bam	https://datasetencode.blob.core.windows.net/dataset/2018/04/29/c313e9bb-d02c-4113-a6df-fc38464afede/ENCFF946YXD.bam?sv=2019-10-10&si=prod&sr=c&sig=9qSQZo4ggrCNpybBExU8SypuUZV33igI11xw0P7rB3c%3D	Lab custom hg19	archived			
ENCFF724EMZ	bam	bam		alignments	hg19	ENCSR964VOX	eCLIP	/human-donors/ENCDO000AAD/	EFO:0002067	K562	cell line	Homo sapiens										UTP18-human	RNA				ultraviolet irradiation	strand-specific	2018-08-30	ENCODE		see document	175-300	1	1_1		40					/files/ENCFF656OVN/, /files/ENCFF795DXS/	81561135	Gene Yeo, UCSD	a184d0f0dbb41a9db5049e16062c4b04		https://www.encodeproject.org/files/ENCFF724EMZ/@@download/ENCFF724EMZ.bam				released	s3://encode-public/2018/04/29/b97afbc7-d09c-44a5-a548-05b7e50d3b8e/ENCFF724EMZ.bam	https://datasetencode.blob.core.windows.net/dataset/2018/04/29/b97afbc7-d09c-44a5-a548-05b7e50d3b8e/ENCFF724EMZ.bam?sv=2019-10-10&si=prod&sr=c&sig=9qSQZo4ggrCNpybBExU8SypuUZV33igI11xw0P7rB3c%3D	Lab custom hg19	archived			
ENCFF046FNK	bam	bam		alignments	GRCh38	ENCSR964VOX	eCLIP	/human-donors/ENCDO000AAD/	EFO:0002067	K562	cell line	Homo sapiens										UTP18-human	RNA				ultraviolet irradiation	strand-specific	2018-08-30	ENCODE		see document	175-300	2	2_1		40					/files/ENCFF386YUM/, /files/ENCFF038OVY/	87563906	Gene Yeo, UCSD	4c3f957c8aca81a49812d7dd43bd0f0a		https://www.encodeproject.org/files/ENCFF046FNK/@@download/ENCFF046FNK.bam				released	s3://encode-public/2018/04/29/ac8c9b62-0426-425e-8e40-28a282dab047/ENCFF046FNK.bam	https://datasetencode.blob.core.windows.net/dataset/2018/04/29/ac8c9b62-0426-425e-8e40-28a282dab047/ENCFF046FNK.bam?sv=2019-10-10&si=prod&sr=c&sig=9qSQZo4ggrCNpybBExU8SypuUZV33igI11xw0P7rB3c%3D	Lab custom GRCh38	released			
ENCFF211AAW	bam	bam		alignments	GRCh38	ENCSR964VOX	eCLIP	/human-donors/ENCDO000AAD/	EFO:0002067	K562	cell line	Homo sapiens										UTP18-human	RNA				ultraviolet irradiation	strand-specific	2018-08-30	ENCODE		see document	175-300	1	1_1		40					/files/ENCFF656OVN/, /files/ENCFF795DXS/	77228162	Gene Yeo, UCSD	40eddb9a099d1f0c488edbd0f5c63192		https://www.encodeproject.org/files/ENCFF211AAW/@@download/ENCFF211AAW.bam				released	s3://encode-public/2018/04/29/e4928466-7066-45d1-9f61-53d3218ebc9a/ENCFF211AAW.bam	https://datasetencode.blob.core.windows.net/dataset/2018/04/29/e4928466-7066-45d1-9f61-53d3218ebc9a/ENCFF211AAW.bam?sv=2019-10-10&si=prod&sr=c&sig=9qSQZo4ggrCNpybBExU8SypuUZV33igI11xw0P7rB3c%3D	Lab custom GRCh38	released			
ENCFF547HEQ	bam	bam		alignments	hg19	ENCSR256CHX	eCLIP	/human-donors/ENCDO000AAC/	EFO:0001187	HepG2	cell line	Homo sapiens										PCBP1-human	RNA				ultraviolet irradiation	strand-specific	2018-08-30	ENCODE		see document	175-300	1	1_1		40					/files/ENCFF125HTS/, /files/ENCFF627OUC/	125175016	Gene Yeo, UCSD	818ba9585a7dae435c77d8fe5ed0a8dd		https://www.encodeproject.org/files/ENCFF547HEQ/@@download/ENCFF547HEQ.bam				released	s3://encode-public/2018/04/29/2a7828e6-39e7-4903-a820-c2a2660badb1/ENCFF547HEQ.bam	https://datasetencode.blob.core.windows.net/dataset/2018/04/29/2a7828e6-39e7-4903-a820-c2a2660badb1/ENCFF547HEQ.bam?sv=2019-10-10&si=prod&sr=c&sig=9qSQZo4ggrCNpybBExU8SypuUZV33igI11xw0P7rB3c%3D	Lab custom hg19	archived			
ENCFF041ULU	bam	bam		alignments	hg19	ENCSR256CHX	eCLIP	/human-donors/ENCDO000AAC/	EFO:0001187	HepG2	cell line	Homo sapiens										PCBP1-human	RNA				ultraviolet irradiation	strand-specific	2018-08-30	ENCODE		see document	175-300	2	2_1		40					/files/ENCFF725CBA/, /files/ENCFF973FFS/	76551184	Gene Yeo, UCSD	c80fd8970b43f5a8eac17d98ff2edc50		https://www.encodeproject.org/files/ENCFF041ULU/@@download/ENCFF041ULU.bam				released	s3://encode-public/2018/04/29/f02d8843-b707-43d4-af22-9ddeaf7a5f3e/ENCFF041ULU.bam	https://datasetencode.blob.core.windows.net/dataset/2018/04/29/f02d8843-b707-43d4-af22-9ddeaf7a5f3e/ENCFF041ULU.bam?sv=2019-10-10&si=prod&sr=c&sig=9qSQZo4ggrCNpybBExU8SypuUZV33igI11xw0P7rB3c%3D	Lab custom hg19	archived			
ENCFF933ESS	bam	bam		alignments	GRCh38	ENCSR256CHX	eCLIP	/human-donors/ENCDO000AAC/	EFO:0001187	HepG2	cell line	Homo sapiens										PCBP1-human	RNA				ultraviolet irradiation	strand-specific	2018-08-30	ENCODE		see document	175-300	2	2_1		40					/files/ENCFF725CBA/, /files/ENCFF973FFS/	70617030	Gene Yeo, UCSD	c19134220a2efbbf19afbd70b1e2f43f		https://www.encodeproject.org/files/ENCFF933ESS/@@download/ENCFF933ESS.bam				released	s3://encode-public/2018/04/29/75c751d5-8404-4f12-ab4c-acd3faba63c9/ENCFF933ESS.bam	https://datasetencode.blob.core.windows.net/dataset/2018/04/29/75c751d5-8404-4f12-ab4c-acd3faba63c9/ENCFF933ESS.bam?sv=2019-10-10&si=prod&sr=c&sig=9qSQZo4ggrCNpybBExU8SypuUZV33igI11xw0P7rB3c%3D	Lab custom GRCh38	released			
ENCFF138HUE	bam	bam		alignments	GRCh38	ENCSR256CHX	eCLIP	/human-donors/ENCDO000AAC/	EFO:0001187	HepG2	cell line	Homo sapiens										PCBP1-human	RNA				ultraviolet irradiation	strand-specific	2018-08-30	ENCODE		see document	175-300	1	1_1		40					/files/ENCFF125HTS/, /files/ENCFF627OUC/	120268142	Gene Yeo, UCSD	453c115f6fae9243d310acc5e269b3c7		https://www.encodeproject.org/files/ENCFF138HUE/@@download/ENCFF138HUE.bam				released	s3://encode-public/2018/04/29/8354059b-3479-4eb1-9218-25ee61190a40/ENCFF138HUE.bam	https://datasetencode.blob.core.windows.net/dataset/2018/04/29/8354059b-3479-4eb1-9218-25ee61190a40/ENCFF138HUE.bam?sv=2019-10-10&si=prod&sr=c&sig=9qSQZo4ggrCNpybBExU8SypuUZV33igI11xw0P7rB3c%3D	Lab custom GRCh38	released			
ENCFF022MBI	bam	bam		unfiltered alignments	GRCh38	ENCSR090LNQ	eCLIP	/human-donors/ENCDO000AAD/	EFO:0002067	K562	cell line	Homo sapiens										ELAVL1-human	RNA				ultraviolet irradiation	reverse	2022-07-19	ENCODE		see document	175-300	1	1_1		64					/files/ENCFF786UGT/	1291077169	Gene Yeo, UCSD	6c9650a815b05d7c8d049805b9f3e54d		https://www.encodeproject.org/files/ENCFF022MBI/@@download/ENCFF022MBI.bam	V29			released	s3://encode-public/2022/01/12/ce3c8b03-8791-4485-adb6-3492e548d836/ENCFF022MBI.bam	https://datasetencode.blob.core.windows.net/dataset/2022/01/12/ce3c8b03-8791-4485-adb6-3492e548d836/ENCFF022MBI.bam?sv=2019-10-10&si=prod&sr=c&sig=9qSQZo4ggrCNpybBExU8SypuUZV33igI11xw0P7rB3c%3D	Lab custom GRCh38 V29	released			
ENCFF150XON	bam	bam		unfiltered alignments	GRCh38	ENCSR090LNQ	eCLIP	/human-donors/ENCDO000AAD/	EFO:0002067	K562	cell line	Homo sapiens										ELAVL1-human	RNA				ultraviolet irradiation	reverse	2022-07-19	ENCODE		see document	175-300	2	2_1		64					/files/ENCFF452ZWM/	1054308037	Gene Yeo, UCSD	e6db98f7c5d58d06c1e425d4fccc2008		https://www.encodeproject.org/files/ENCFF150XON/@@download/ENCFF150XON.bam	V29			released	s3://encode-public/2022/01/12/02c0c2e0-a146-4baa-bd40-33747a3195cd/ENCFF150XON.bam	https://datasetencode.blob.core.windows.net/dataset/2022/01/12/02c0c2e0-a146-4baa-bd40-33747a3195cd/ENCFF150XON.bam?sv=2019-10-10&si=prod&sr=c&sig=9qSQZo4ggrCNpybBExU8SypuUZV33igI11xw0P7rB3c%3D	Lab custom GRCh38 V29	released			
ENCFF085ZSE	bam	bam		alignments	GRCh38	ENCSR090LNQ	eCLIP	/human-donors/ENCDO000AAD/	EFO:0002067	K562	cell line	Homo sapiens										ELAVL1-human	RNA				ultraviolet irradiation	reverse	2022-07-19	ENCODE		see document	175-300	1	1_1		64					/files/ENCFF022MBI/	863723366	Gene Yeo, UCSD	efbbcf98ce90c25e8266d58d2641c8fc		https://www.encodeproject.org/files/ENCFF085ZSE/@@download/ENCFF085ZSE.bam	V29			released	s3://encode-public/2022/01/12/5b1bfca3-afd6-40c4-b1c5-dabc24633eda/ENCFF085ZSE.bam	https://datasetencode.blob.core.windows.net/dataset/2022/01/12/5b1bfca3-afd6-40c4-b1c5-dabc24633eda/ENCFF085ZSE.bam?sv=2019-10-10&si=prod&sr=c&sig=9qSQZo4ggrCNpybBExU8SypuUZV33igI11xw0P7rB3c%3D	Lab custom GRCh38 V29	released			
ENCFF245TBA	bam	bam		alignments	GRCh38	ENCSR090LNQ	eCLIP	/human-donors/ENCDO000AAD/	EFO:0002067	K562	cell line	Homo sapiens										ELAVL1-human	RNA				ultraviolet irradiation	reverse	2022-07-19	ENCODE		see document	175-300	2	2_1		64					/files/ENCFF150XON/	598511804	Gene Yeo, UCSD	14b8a912c63af73c41facdb323fd2d63		https://www.encodeproject.org/files/ENCFF245TBA/@@download/ENCFF245TBA.bam	V29			released	s3://encode-public/2022/01/12/c0a19e15-6ced-424f-9ee5-fa3d1f37ded3/ENCFF245TBA.bam	https://datasetencode.blob.core.windows.net/dataset/2022/01/12/c0a19e15-6ced-424f-9ee5-fa3d1f37ded3/ENCFF245TBA.bam?sv=2019-10-10&si=prod&sr=c&sig=9qSQZo4ggrCNpybBExU8SypuUZV33igI11xw0P7rB3c%3D	Lab custom GRCh38 V29	released			
ENCFF747AWV	bam	bam		alignments	hg19	ENCSR488JKQ	eCLIP	/human-donors/ENCDO000AAC/	EFO:0001187	HepG2	cell line	Homo sapiens										UTP18-human	RNA				ultraviolet irradiation	strand-specific	2018-08-30	ENCODE		see document	175-300	1	1_1		40					/files/ENCFF555EML/, /files/ENCFF466WOW/	122333878	Gene Yeo, UCSD	859eff09e34b6e5ed7e94b6bc20915a2		https://www.encodeproject.org/files/ENCFF747AWV/@@download/ENCFF747AWV.bam				released	s3://encode-public/2018/04/29/a5b7b4aa-967b-466c-b2c2-015d71f58747/ENCFF747AWV.bam	https://datasetencode.blob.core.windows.net/dataset/2018/04/29/a5b7b4aa-967b-466c-b2c2-015d71f58747/ENCFF747AWV.bam?sv=2019-10-10&si=prod&sr=c&sig=9qSQZo4ggrCNpybBExU8SypuUZV33igI11xw0P7rB3c%3D	Lab custom hg19	archived			
ENCFF220TVR	bam	bam		alignments	hg19	ENCSR488JKQ	eCLIP	/human-donors/ENCDO000AAC/	EFO:0001187	HepG2	cell line	Homo sapiens										UTP18-human	RNA				ultraviolet irradiation	strand-specific	2018-08-30	ENCODE		see document	175-300	2	2_1		40					/files/ENCFF117YFR/, /files/ENCFF019ITV/	135152087	Gene Yeo, UCSD	45c3331be1af705e1ed082bd542a5254		https://www.encodeproject.org/files/ENCFF220TVR/@@download/ENCFF220TVR.bam				released	s3://encode-public/2018/04/29/0d8fd0cc-6cb7-4b48-a3de-aacc15324899/ENCFF220TVR.bam	https://datasetencode.blob.core.windows.net/dataset/2018/04/29/0d8fd0cc-6cb7-4b48-a3de-aacc15324899/ENCFF220TVR.bam?sv=2019-10-10&si=prod&sr=c&sig=9qSQZo4ggrCNpybBExU8SypuUZV33igI11xw0P7rB3c%3D	Lab custom hg19	archived			
ENCFF978BQG	bam	bam		alignments	GRCh38	ENCSR488JKQ	eCLIP	/human-donors/ENCDO000AAC/	EFO:0001187	HepG2	cell line	Homo sapiens										UTP18-human	RNA				ultraviolet irradiation	strand-specific	2018-08-30	ENCODE		see document	175-300	2	2_1		40					/files/ENCFF117YFR/, /files/ENCFF019ITV/	129183711	Gene Yeo, UCSD	3b843d892233b39b4732c0c4b77cc75e		https://www.encodeproject.org/files/ENCFF978BQG/@@download/ENCFF978BQG.bam				released	s3://encode-public/2018/04/29/2e009624-6715-4bff-8892-5cdf3e84489b/ENCFF978BQG.bam	https://datasetencode.blob.core.windows.net/dataset/2018/04/29/2e009624-6715-4bff-8892-5cdf3e84489b/ENCFF978BQG.bam?sv=2019-10-10&si=prod&sr=c&sig=9qSQZo4ggrCNpybBExU8SypuUZV33igI11xw0P7rB3c%3D	Lab custom GRCh38	released			
ENCFF511WWE	bam	bam		alignments	GRCh38	ENCSR488JKQ	eCLIP	/human-donors/ENCDO000AAC/	EFO:0001187	HepG2	cell line	Homo sapiens										UTP18-human	RNA				ultraviolet irradiation	strand-specific	2018-08-30	ENCODE		see document	175-300	1	1_1		40					/files/ENCFF555EML/, /files/ENCFF466WOW/	118366836	Gene Yeo, UCSD	ed4b3586cf0be47b948357178569db86		https://www.encodeproject.org/files/ENCFF511WWE/@@download/ENCFF511WWE.bam				released	s3://encode-public/2018/04/29/2d7ce69a-f59c-4efe-ae87-a79d0f6d1d10/ENCFF511WWE.bam	https://datasetencode.blob.core.windows.net/dataset/2018/04/29/2d7ce69a-f59c-4efe-ae87-a79d0f6d1d10/ENCFF511WWE.bam?sv=2019-10-10&si=prod&sr=c&sig=9qSQZo4ggrCNpybBExU8SypuUZV33igI11xw0P7rB3c%3D	Lab custom GRCh38	released			
ENCFF231YMW	bam	bam		unfiltered alignments	GRCh38	ENCSR100ARZ	eCLIP	/human-donors/ENCDO000AAD/	EFO:0002067	K562	cell line	Homo sapiens										RPS6-human	RNA				ultraviolet irradiation	reverse	2022-07-19	ENCODE		see document	175-300	1	1_1		63					/files/ENCFF182GNB/	213733388	Gene Yeo, UCSD	c2226c7d44ea31c3c2c21384fd7bd5f1		https://www.encodeproject.org/files/ENCFF231YMW/@@download/ENCFF231YMW.bam	V29			released	s3://encode-public/2022/01/12/f48b0a23-916e-46ce-a867-d08b0ce60a32/ENCFF231YMW.bam	https://datasetencode.blob.core.windows.net/dataset/2022/01/12/f48b0a23-916e-46ce-a867-d08b0ce60a32/ENCFF231YMW.bam?sv=2019-10-10&si=prod&sr=c&sig=9qSQZo4ggrCNpybBExU8SypuUZV33igI11xw0P7rB3c%3D	Lab custom GRCh38 V29	released			
ENCFF508QDD	bam	bam		unfiltered alignments	GRCh38	ENCSR100ARZ	eCLIP	/human-donors/ENCDO000AAD/	EFO:0002067	K562	cell line	Homo sapiens										RPS6-human	RNA				ultraviolet irradiation	reverse	2022-07-19	ENCODE		see document	175-300	2	2_1		63					/files/ENCFF915ASX/	154385621	Gene Yeo, UCSD	55dc17cd59610bd7ee8ea1ef59468597		https://www.encodeproject.org/files/ENCFF508QDD/@@download/ENCFF508QDD.bam	V29			released	s3://encode-public/2022/01/12/04a210a3-0743-4c9f-9f2d-a7ca2ab0350f/ENCFF508QDD.bam	https://datasetencode.blob.core.windows.net/dataset/2022/01/12/04a210a3-0743-4c9f-9f2d-a7ca2ab0350f/ENCFF508QDD.bam?sv=2019-10-10&si=prod&sr=c&sig=9qSQZo4ggrCNpybBExU8SypuUZV33igI11xw0P7rB3c%3D	Lab custom GRCh38 V29	released			
ENCFF414VIJ	bam	bam		alignments	GRCh38	ENCSR100ARZ	eCLIP	/human-donors/ENCDO000AAD/	EFO:0002067	K562	cell line	Homo sapiens										RPS6-human	RNA				ultraviolet irradiation	reverse	2022-07-19	ENCODE		see document	175-300	1	1_1		63					/files/ENCFF231YMW/	87392002	Gene Yeo, UCSD	27898bd02be4448fd3b8b2b63817ba9f		https://www.encodeproject.org/files/ENCFF414VIJ/@@download/ENCFF414VIJ.bam	V29			released	s3://encode-public/2022/01/12/c86eab09-c7e3-4a9b-b113-581eaf3d837f/ENCFF414VIJ.bam	https://datasetencode.blob.core.windows.net/dataset/2022/01/12/c86eab09-c7e3-4a9b-b113-581eaf3d837f/ENCFF414VIJ.bam?sv=2019-10-10&si=prod&sr=c&sig=9qSQZo4ggrCNpybBExU8SypuUZV33igI11xw0P7rB3c%3D	Lab custom GRCh38 V29	released			
ENCFF931MCZ	bam	bam		alignments	GRCh38	ENCSR100ARZ	eCLIP	/human-donors/ENCDO000AAD/	EFO:0002067	K562	cell line	Homo sapiens										RPS6-human	RNA				ultraviolet irradiation	reverse	2022-07-19	ENCODE		see document	175-300	2	2_1		63					/files/ENCFF508QDD/	69464298	Gene Yeo, UCSD	b759b5e5ef080d168b5c158067ca6053		https://www.encodeproject.org/files/ENCFF931MCZ/@@download/ENCFF931MCZ.bam	V29			released	s3://encode-public/2022/01/12/6c1d3530-a5e8-4a86-a42c-c1a61260755a/ENCFF931MCZ.bam	https://datasetencode.blob.core.windows.net/dataset/2022/01/12/6c1d3530-a5e8-4a86-a42c-c1a61260755a/ENCFF931MCZ.bam?sv=2019-10-10&si=prod&sr=c&sig=9qSQZo4ggrCNpybBExU8SypuUZV33igI11xw0P7rB3c%3D	Lab custom GRCh38 V29	released			
ENCFF697IZA	bam	bam		unfiltered alignments	GRCh38	ENCSR448IDP	eCLIP	/human-donors/ENCDO000AAD/	EFO:0002067	K562	cell line	Homo sapiens										NPM1-human	RNA				ultraviolet irradiation	reverse	2023-02-03	ENCODE		see document	175-300	1	1_1		63					/files/ENCFF583EBH/	183415072	Gene Yeo, UCSD	50eb9935c9df3687adb239f049d175bc		https://www.encodeproject.org/files/ENCFF697IZA/@@download/ENCFF697IZA.bam	V29			archived	s3://encode-public/2022/01/12/e279febc-8610-4f5c-9be1-4a5b29608985/ENCFF697IZA.bam	https://datasetencode.blob.core.windows.net/dataset/2022/01/12/e279febc-8610-4f5c-9be1-4a5b29608985/ENCFF697IZA.bam?sv=2019-10-10&si=prod&sr=c&sig=9qSQZo4ggrCNpybBExU8SypuUZV33igI11xw0P7rB3c%3D	Lab custom GRCh38 V29	archived		antibody not characterized to standard	
ENCFF539FUU	bam	bam		unfiltered alignments	GRCh38	ENCSR448IDP	eCLIP	/human-donors/ENCDO000AAD/	EFO:0002067	K562	cell line	Homo sapiens										NPM1-human	RNA				ultraviolet irradiation	reverse	2023-02-03	ENCODE		see document	175-300	2	2_1		63					/files/ENCFF302QIO/	128399428	Gene Yeo, UCSD	febf9a0030e222b5abe01eb015e8f30f		https://www.encodeproject.org/files/ENCFF539FUU/@@download/ENCFF539FUU.bam	V29			archived	s3://encode-public/2022/01/12/15f6d5c2-1de4-459d-be82-a23a6cbc27e6/ENCFF539FUU.bam	https://datasetencode.blob.core.windows.net/dataset/2022/01/12/15f6d5c2-1de4-459d-be82-a23a6cbc27e6/ENCFF539FUU.bam?sv=2019-10-10&si=prod&sr=c&sig=9qSQZo4ggrCNpybBExU8SypuUZV33igI11xw0P7rB3c%3D	Lab custom GRCh38 V29	archived		antibody not characterized to standard	
ENCFF617WKC	bam	bam		alignments	GRCh38	ENCSR448IDP	eCLIP	/human-donors/ENCDO000AAD/	EFO:0002067	K562	cell line	Homo sapiens										NPM1-human	RNA				ultraviolet irradiation	reverse	2023-02-03	ENCODE		see document	175-300	1	1_1		63					/files/ENCFF697IZA/	18394860	Gene Yeo, UCSD	61ffc6522ba29ff12f6fb9bb1fee5152		https://www.encodeproject.org/files/ENCFF617WKC/@@download/ENCFF617WKC.bam	V29			archived	s3://encode-public/2022/01/12/4e9a20ff-4979-4598-b3ec-826285175164/ENCFF617WKC.bam	https://datasetencode.blob.core.windows.net/dataset/2022/01/12/4e9a20ff-4979-4598-b3ec-826285175164/ENCFF617WKC.bam?sv=2019-10-10&si=prod&sr=c&sig=9qSQZo4ggrCNpybBExU8SypuUZV33igI11xw0P7rB3c%3D	Lab custom GRCh38 V29	archived		antibody not characterized to standard	
ENCFF260IBI	bam	bam		alignments	GRCh38	ENCSR448IDP	eCLIP	/human-donors/ENCDO000AAD/	EFO:0002067	K562	cell line	Homo sapiens										NPM1-human	RNA				ultraviolet irradiation	reverse	2023-02-03	ENCODE		see document	175-300	2	2_1		63					/files/ENCFF539FUU/	12876567	Gene Yeo, UCSD	0600b66179ee0f0b59f55cc9b97903c8		https://www.encodeproject.org/files/ENCFF260IBI/@@download/ENCFF260IBI.bam	V29			archived	s3://encode-public/2022/01/12/79589662-04ef-4990-8b98-0aeb33c01069/ENCFF260IBI.bam	https://datasetencode.blob.core.windows.net/dataset/2022/01/12/79589662-04ef-4990-8b98-0aeb33c01069/ENCFF260IBI.bam?sv=2019-10-10&si=prod&sr=c&sig=9qSQZo4ggrCNpybBExU8SypuUZV33igI11xw0P7rB3c%3D	Lab custom GRCh38 V29	archived		antibody not characterized to standard	
ENCFF680DLI	bam	bam		unfiltered alignments	GRCh38	ENCSR296TSJ	eCLIP	/human-donors/ENCDO000AAC/	EFO:0001187	HepG2	cell line	Homo sapiens										ELAVL1-human	RNA				ultraviolet irradiation	reverse	2023-02-03	ENCODE		see document	175-300	1	1_1		89					/files/ENCFF555QVU/	1179465295	Gene Yeo, UCSD	7bf23e4f4bf833a7ca444b19b5fdccf6		https://www.encodeproject.org/files/ENCFF680DLI/@@download/ENCFF680DLI.bam	V29			archived	s3://encode-public/2022/01/12/7c2b3241-fd4c-4711-8584-b9908d7c77b2/ENCFF680DLI.bam	https://datasetencode.blob.core.windows.net/dataset/2022/01/12/7c2b3241-fd4c-4711-8584-b9908d7c77b2/ENCFF680DLI.bam?sv=2019-10-10&si=prod&sr=c&sig=9qSQZo4ggrCNpybBExU8SypuUZV33igI11xw0P7rB3c%3D	Lab custom GRCh38 V29	archived		partially characterized antibody	
ENCFF250JRA	bam	bam		unfiltered alignments	GRCh38	ENCSR296TSJ	eCLIP	/human-donors/ENCDO000AAC/	EFO:0001187	HepG2	cell line	Homo sapiens										ELAVL1-human	RNA				ultraviolet irradiation	reverse	2023-02-03	ENCODE		see document	175-300	2	2_1		88					/files/ENCFF144YIL/	543996727	Gene Yeo, UCSD	3ea67db57a582304be43a88dbf828a59		https://www.encodeproject.org/files/ENCFF250JRA/@@download/ENCFF250JRA.bam	V29			archived	s3://encode-public/2022/01/12/92a07d6e-5223-48e4-8710-bcba48abd236/ENCFF250JRA.bam	https://datasetencode.blob.core.windows.net/dataset/2022/01/12/92a07d6e-5223-48e4-8710-bcba48abd236/ENCFF250JRA.bam?sv=2019-10-10&si=prod&sr=c&sig=9qSQZo4ggrCNpybBExU8SypuUZV33igI11xw0P7rB3c%3D	Lab custom GRCh38 V29	archived		partially characterized antibody	
ENCFF299GKP	bam	bam		alignments	GRCh38	ENCSR296TSJ	eCLIP	/human-donors/ENCDO000AAC/	EFO:0001187	HepG2	cell line	Homo sapiens										ELAVL1-human	RNA				ultraviolet irradiation	reverse	2023-02-03	ENCODE		see document	175-300	1	1_1		88					/files/ENCFF680DLI/	706476323	Gene Yeo, UCSD	d2143e63ad4ce3f975ee917e6434d527		https://www.encodeproject.org/files/ENCFF299GKP/@@download/ENCFF299GKP.bam	V29			archived	s3://encode-public/2022/01/12/ae4df4d7-a6b7-43bc-ab3b-36d22503d18f/ENCFF299GKP.bam	https://datasetencode.blob.core.windows.net/dataset/2022/01/12/ae4df4d7-a6b7-43bc-ab3b-36d22503d18f/ENCFF299GKP.bam?sv=2019-10-10&si=prod&sr=c&sig=9qSQZo4ggrCNpybBExU8SypuUZV33igI11xw0P7rB3c%3D	Lab custom GRCh38 V29	archived		partially characterized antibody	
ENCFF777LGD	bam	bam		alignments	GRCh38	ENCSR296TSJ	eCLIP	/human-donors/ENCDO000AAC/	EFO:0001187	HepG2	cell line	Homo sapiens										ELAVL1-human	RNA				ultraviolet irradiation	reverse	2023-02-03	ENCODE		see document	175-300	2	2_1		88					/files/ENCFF250JRA/	416778748	Gene Yeo, UCSD	e687e4f1e7f396be54035d52d48f14a6		https://www.encodeproject.org/files/ENCFF777LGD/@@download/ENCFF777LGD.bam	V29			archived	s3://encode-public/2022/01/12/d5d11764-a5d2-4892-adea-e7759b470a9e/ENCFF777LGD.bam	https://datasetencode.blob.core.windows.net/dataset/2022/01/12/d5d11764-a5d2-4892-adea-e7759b470a9e/ENCFF777LGD.bam?sv=2019-10-10&si=prod&sr=c&sig=9qSQZo4ggrCNpybBExU8SypuUZV33igI11xw0P7rB3c%3D	Lab custom GRCh38 V29	archived		partially characterized antibody	
ENCFF212MXS	bam	bam		unfiltered alignments	GRCh38	ENCSR448GXJ	eCLIP	/human-donors/ENCDO000AAD/	EFO:0002067	K562	cell line	Homo sapiens										GARS-human	RNA				ultraviolet irradiation	reverse	2022-07-19	ENCODE		see document	175-300	1	1_1		64					/files/ENCFF530TJP/	202601149	Gene Yeo, UCSD	2d1bf24b33bfb05e78e08168484b1305		https://www.encodeproject.org/files/ENCFF212MXS/@@download/ENCFF212MXS.bam	V29			released	s3://encode-public/2022/01/12/d2d6185f-79d3-49ed-8cd0-a23557c21df4/ENCFF212MXS.bam	https://datasetencode.blob.core.windows.net/dataset/2022/01/12/d2d6185f-79d3-49ed-8cd0-a23557c21df4/ENCFF212MXS.bam?sv=2019-10-10&si=prod&sr=c&sig=9qSQZo4ggrCNpybBExU8SypuUZV33igI11xw0P7rB3c%3D	Lab custom GRCh38 V29	released			
ENCFF548HWJ	bam	bam		alignments	GRCh38	ENCSR448GXJ	eCLIP	/human-donors/ENCDO000AAD/	EFO:0002067	K562	cell line	Homo sapiens										GARS-human	RNA				ultraviolet irradiation	reverse	2022-07-19	ENCODE		see document	175-300	1	1_1		64					/files/ENCFF212MXS/	37012062	Gene Yeo, UCSD	e4777fa58d0c592e78a7fb120bb94890		https://www.encodeproject.org/files/ENCFF548HWJ/@@download/ENCFF548HWJ.bam	V29			released	s3://encode-public/2022/01/12/ed1b01e4-9748-4f8a-8411-cd32027defb2/ENCFF548HWJ.bam	https://datasetencode.blob.core.windows.net/dataset/2022/01/12/ed1b01e4-9748-4f8a-8411-cd32027defb2/ENCFF548HWJ.bam?sv=2019-10-10&si=prod&sr=c&sig=9qSQZo4ggrCNpybBExU8SypuUZV33igI11xw0P7rB3c%3D	Lab custom GRCh38 V29	released			
ENCFF221NHT	bam	bam		unfiltered alignments	GRCh38	ENCSR448GXJ	eCLIP	/human-donors/ENCDO000AAD/	EFO:0002067	K562	cell line	Homo sapiens										GARS-human	RNA				ultraviolet irradiation	reverse	2022-07-19	ENCODE		see document	175-300	2	2_1		64					/files/ENCFF432GIZ/	353687102	Gene Yeo, UCSD	a635cef2e23b666174258f5608bdf54e		https://www.encodeproject.org/files/ENCFF221NHT/@@download/ENCFF221NHT.bam	V29			released	s3://encode-public/2022/01/12/77173ae7-598d-4593-b1a8-ccf1d4961abd/ENCFF221NHT.bam	https://datasetencode.blob.core.windows.net/dataset/2022/01/12/77173ae7-598d-4593-b1a8-ccf1d4961abd/ENCFF221NHT.bam?sv=2019-10-10&si=prod&sr=c&sig=9qSQZo4ggrCNpybBExU8SypuUZV33igI11xw0P7rB3c%3D	Lab custom GRCh38 V29	released			
ENCFF852FHN	bam	bam		alignments	GRCh38	ENCSR448GXJ	eCLIP	/human-donors/ENCDO000AAD/	EFO:0002067	K562	cell line	Homo sapiens										GARS-human	RNA				ultraviolet irradiation	reverse	2022-07-19	ENCODE		see document	175-300	2	2_1		64					/files/ENCFF221NHT/	86617454	Gene Yeo, UCSD	fbe397243793fa98762c74a9ad864663		https://www.encodeproject.org/files/ENCFF852FHN/@@download/ENCFF852FHN.bam	V29			released	s3://encode-public/2022/01/12/c579d587-801f-4cdf-8e71-949dfe33b3d2/ENCFF852FHN.bam	https://datasetencode.blob.core.windows.net/dataset/2022/01/12/c579d587-801f-4cdf-8e71-949dfe33b3d2/ENCFF852FHN.bam?sv=2019-10-10&si=prod&sr=c&sig=9qSQZo4ggrCNpybBExU8SypuUZV33igI11xw0P7rB3c%3D	Lab custom GRCh38 V29	released			
ENCFF708JIN	bam	bam		unfiltered alignments	GRCh38	ENCSR048YXG	eCLIP	/human-donors/ENCDO000AAD/	EFO:0002067	K562	cell line	Homo sapiens										AGO2-human	RNA				ultraviolet irradiation	reverse	2023-02-03	ENCODE		see document	175-300	1	1_1		89					/files/ENCFF417HAO/	495833732	Gene Yeo, UCSD	f818b221df4c24f494c86f5dad68f5d1		https://www.encodeproject.org/files/ENCFF708JIN/@@download/ENCFF708JIN.bam	V29			archived	s3://encode-public/2022/01/12/366e2450-1618-4f73-9a76-716639adc51f/ENCFF708JIN.bam	https://datasetencode.blob.core.windows.net/dataset/2022/01/12/366e2450-1618-4f73-9a76-716639adc51f/ENCFF708JIN.bam?sv=2019-10-10&si=prod&sr=c&sig=9qSQZo4ggrCNpybBExU8SypuUZV33igI11xw0P7rB3c%3D	Lab custom GRCh38 V29	archived		uncharacterized antibody	
ENCFF072MIC	bam	bam		alignments	GRCh38	ENCSR048YXG	eCLIP	/human-donors/ENCDO000AAD/	EFO:0002067	K562	cell line	Homo sapiens										AGO2-human	RNA				ultraviolet irradiation	reverse	2023-02-03	ENCODE		see document	175-300	1	1_1		23					/files/ENCFF708JIN/	256730306	Gene Yeo, UCSD	5d8ad7e569e9e853726cb12441afff60		https://www.encodeproject.org/files/ENCFF072MIC/@@download/ENCFF072MIC.bam	V29			archived	s3://encode-public/2022/01/12/65737a11-9af2-4506-8dfb-92bf9013747a/ENCFF072MIC.bam	https://datasetencode.blob.core.windows.net/dataset/2022/01/12/65737a11-9af2-4506-8dfb-92bf9013747a/ENCFF072MIC.bam?sv=2019-10-10&si=prod&sr=c&sig=9qSQZo4ggrCNpybBExU8SypuUZV33igI11xw0P7rB3c%3D	Lab custom GRCh38 V29	archived		uncharacterized antibody	
ENCFF170ZIN	bam	bam		unfiltered alignments	GRCh38	ENCSR048YXG	eCLIP	/human-donors/ENCDO000AAD/	EFO:0002067	K562	cell line	Homo sapiens										AGO2-human	RNA				ultraviolet irradiation	reverse	2023-02-03	ENCODE		see document	175-300	2	2_1		89					/files/ENCFF463PDJ/	456619626	Gene Yeo, UCSD	46d98ba33c1fa4d502eb6b4ccbe30ce4		https://www.encodeproject.org/files/ENCFF170ZIN/@@download/ENCFF170ZIN.bam	V29			archived	s3://encode-public/2022/01/12/7a150869-7de6-46f4-aa99-cbba84777ae2/ENCFF170ZIN.bam	https://datasetencode.blob.core.windows.net/dataset/2022/01/12/7a150869-7de6-46f4-aa99-cbba84777ae2/ENCFF170ZIN.bam?sv=2019-10-10&si=prod&sr=c&sig=9qSQZo4ggrCNpybBExU8SypuUZV33igI11xw0P7rB3c%3D	Lab custom GRCh38 V29	archived		uncharacterized antibody	
ENCFF920OWJ	bam	bam		alignments	GRCh38	ENCSR048YXG	eCLIP	/human-donors/ENCDO000AAD/	EFO:0002067	K562	cell line	Homo sapiens										AGO2-human	RNA				ultraviolet irradiation	reverse	2023-02-03	ENCODE		see document	175-300	2	2_1		23					/files/ENCFF170ZIN/	236399866	Gene Yeo, UCSD	c563c28c6e368a1cf104ac7a6e436370		https://www.encodeproject.org/files/ENCFF920OWJ/@@download/ENCFF920OWJ.bam	V29			archived	s3://encode-public/2022/01/12/d87c6fa6-34cf-490a-b19d-30f586a2f578/ENCFF920OWJ.bam	https://datasetencode.blob.core.windows.net/dataset/2022/01/12/d87c6fa6-34cf-490a-b19d-30f586a2f578/ENCFF920OWJ.bam?sv=2019-10-10&si=prod&sr=c&sig=9qSQZo4ggrCNpybBExU8SypuUZV33igI11xw0P7rB3c%3D	Lab custom GRCh38 V29	archived		uncharacterized antibody	
ENCFF835HHO	bam	bam		alignments	GRCh38	ENCSR352IFB	eCLIP	/human-donors/ENCDO000AAC/	EFO:0001187	HepG2	cell line	Homo sapiens										PARP1-human	RNA				ultraviolet irradiation	reverse	2023-02-03	ENCODE		see document	175-300	1	1_1		64					/files/ENCFF682SBX/	167026494	Gene Yeo, UCSD	25326c7ead8235f4f829a3f6cafc9ddf		https://www.encodeproject.org/files/ENCFF835HHO/@@download/ENCFF835HHO.bam	V29			archived	s3://encode-public/2022/01/12/cd3ba19c-15de-4a85-8c52-7e2777ed48ef/ENCFF835HHO.bam	https://datasetencode.blob.core.windows.net/dataset/2022/01/12/cd3ba19c-15de-4a85-8c52-7e2777ed48ef/ENCFF835HHO.bam?sv=2019-10-10&si=prod&sr=c&sig=9qSQZo4ggrCNpybBExU8SypuUZV33igI11xw0P7rB3c%3D	Lab custom GRCh38 V29	archived		partially characterized antibody	
ENCFF373SLN	bam	bam		unfiltered alignments	GRCh38	ENCSR352IFB	eCLIP	/human-donors/ENCDO000AAC/	EFO:0001187	HepG2	cell line	Homo sapiens										PARP1-human	RNA				ultraviolet irradiation	reverse	2023-02-03	ENCODE		see document	175-300	2	2_1		64					/files/ENCFF404CBN/	390477867	Gene Yeo, UCSD	3210d93fec420c00397789d3cd2d1ba1		https://www.encodeproject.org/files/ENCFF373SLN/@@download/ENCFF373SLN.bam	V29			archived	s3://encode-public/2022/01/12/f426791c-ca2f-49d9-a3e2-fc9b127ef0f5/ENCFF373SLN.bam	https://datasetencode.blob.core.windows.net/dataset/2022/01/12/f426791c-ca2f-49d9-a3e2-fc9b127ef0f5/ENCFF373SLN.bam?sv=2019-10-10&si=prod&sr=c&sig=9qSQZo4ggrCNpybBExU8SypuUZV33igI11xw0P7rB3c%3D	Lab custom GRCh38 V29	archived		partially characterized antibody	
ENCFF682SBX	bam	bam		unfiltered alignments	GRCh38	ENCSR352IFB	eCLIP	/human-donors/ENCDO000AAC/	EFO:0001187	HepG2	cell line	Homo sapiens										PARP1-human	RNA				ultraviolet irradiation	reverse	2023-02-03	ENCODE		see document	175-300	1	1_1		64					/files/ENCFF809CRE/	351424529	Gene Yeo, UCSD	162043c22da37322d85c7eca1145939a		https://www.encodeproject.org/files/ENCFF682SBX/@@download/ENCFF682SBX.bam	V29			archived	s3://encode-public/2022/01/12/04312d54-86ee-44d1-bebf-5918dcab931d/ENCFF682SBX.bam	https://datasetencode.blob.core.windows.net/dataset/2022/01/12/04312d54-86ee-44d1-bebf-5918dcab931d/ENCFF682SBX.bam?sv=2019-10-10&si=prod&sr=c&sig=9qSQZo4ggrCNpybBExU8SypuUZV33igI11xw0P7rB3c%3D	Lab custom GRCh38 V29	archived		partially characterized antibody	
ENCFF831OOQ	bam	bam		alignments	GRCh38	ENCSR352IFB	eCLIP	/human-donors/ENCDO000AAC/	EFO:0001187	HepG2	cell line	Homo sapiens										PARP1-human	RNA				ultraviolet irradiation	reverse	2023-02-03	ENCODE		see document	175-300	2	2_1		64					/files/ENCFF373SLN/	234061943	Gene Yeo, UCSD	24b698e5223dd7ef8551694e54c168cc		https://www.encodeproject.org/files/ENCFF831OOQ/@@download/ENCFF831OOQ.bam	V29			archived	s3://encode-public/2022/01/12/4138dcab-9e4c-4ce1-8544-0d5655a7863e/ENCFF831OOQ.bam	https://datasetencode.blob.core.windows.net/dataset/2022/01/12/4138dcab-9e4c-4ce1-8544-0d5655a7863e/ENCFF831OOQ.bam?sv=2019-10-10&si=prod&sr=c&sig=9qSQZo4ggrCNpybBExU8SypuUZV33igI11xw0P7rB3c%3D	Lab custom GRCh38 V29	archived		partially characterized antibody	
ENCFF661YAR	bam	bam		unfiltered alignments	GRCh38	ENCSR554GSW	eCLIP	/human-donors/ENCDO000AAC/	EFO:0001187	HepG2	cell line	Homo sapiens										APEX1-human	RNA				ultraviolet irradiation	reverse	2023-02-03	ENCODE		see document	175-300	2	2_1		89					/files/ENCFF975RYQ/	279512300	Gene Yeo, UCSD	3777c133b58db607a95e84ce817f757f		https://www.encodeproject.org/files/ENCFF661YAR/@@download/ENCFF661YAR.bam	V29			archived	s3://encode-public/2022/01/12/e0fcb229-7997-48b5-8913-823424580cf2/ENCFF661YAR.bam	https://datasetencode.blob.core.windows.net/dataset/2022/01/12/e0fcb229-7997-48b5-8913-823424580cf2/ENCFF661YAR.bam?sv=2019-10-10&si=prod&sr=c&sig=9qSQZo4ggrCNpybBExU8SypuUZV33igI11xw0P7rB3c%3D	Lab custom GRCh38 V29	archived		partially characterized antibody	
ENCFF943BHJ	bam	bam		unfiltered alignments	GRCh38	ENCSR554GSW	eCLIP	/human-donors/ENCDO000AAC/	EFO:0001187	HepG2	cell line	Homo sapiens										APEX1-human	RNA				ultraviolet irradiation	reverse	2023-02-03	ENCODE		see document	175-300	1	1_1		89					/files/ENCFF746UYA/	313809583	Gene Yeo, UCSD	5379d0abdf8de5cde5812ea7591e5813		https://www.encodeproject.org/files/ENCFF943BHJ/@@download/ENCFF943BHJ.bam	V29			archived	s3://encode-public/2022/01/12/9e16e7f0-c4e1-4456-b73f-a17d26c44f42/ENCFF943BHJ.bam	https://datasetencode.blob.core.windows.net/dataset/2022/01/12/9e16e7f0-c4e1-4456-b73f-a17d26c44f42/ENCFF943BHJ.bam?sv=2019-10-10&si=prod&sr=c&sig=9qSQZo4ggrCNpybBExU8SypuUZV33igI11xw0P7rB3c%3D	Lab custom GRCh38 V29	archived		partially characterized antibody	
ENCFF733AZU	bam	bam		alignments	GRCh38	ENCSR554GSW	eCLIP	/human-donors/ENCDO000AAC/	EFO:0001187	HepG2	cell line	Homo sapiens										APEX1-human	RNA				ultraviolet irradiation	reverse	2023-02-03	ENCODE		see document	175-300	1	1_1		89					/files/ENCFF943BHJ/	113082060	Gene Yeo, UCSD	862a4e4a65e3d4da000df35bace31e81		https://www.encodeproject.org/files/ENCFF733AZU/@@download/ENCFF733AZU.bam	V29			archived	s3://encode-public/2022/01/12/d1744953-3e40-4a2e-808e-264629e31874/ENCFF733AZU.bam	https://datasetencode.blob.core.windows.net/dataset/2022/01/12/d1744953-3e40-4a2e-808e-264629e31874/ENCFF733AZU.bam?sv=2019-10-10&si=prod&sr=c&sig=9qSQZo4ggrCNpybBExU8SypuUZV33igI11xw0P7rB3c%3D	Lab custom GRCh38 V29	archived		partially characterized antibody	
ENCFF380JRS	bam	bam		alignments	GRCh38	ENCSR554GSW	eCLIP	/human-donors/ENCDO000AAC/	EFO:0001187	HepG2	cell line	Homo sapiens										APEX1-human	RNA				ultraviolet irradiation	reverse	2023-02-03	ENCODE		see document	175-300	2	2_1		88					/files/ENCFF661YAR/	137908413	Gene Yeo, UCSD	05f1c031c2755d1bd1fbe39e7946432e		https://www.encodeproject.org/files/ENCFF380JRS/@@download/ENCFF380JRS.bam	V29			archived	s3://encode-public/2022/01/12/9b03d6f7-4117-492d-8652-ab47c9c102dc/ENCFF380JRS.bam	https://datasetencode.blob.core.windows.net/dataset/2022/01/12/9b03d6f7-4117-492d-8652-ab47c9c102dc/ENCFF380JRS.bam?sv=2019-10-10&si=prod&sr=c&sig=9qSQZo4ggrCNpybBExU8SypuUZV33igI11xw0P7rB3c%3D	Lab custom GRCh38 V29	archived		partially characterized antibody	
ENCFF582JEX	bam	bam		unfiltered alignments	GRCh38	ENCSR311SHM	eCLIP	/human-donors/ENCDO000AAD/	EFO:0002067	K562	cell line	Homo sapiens										EIF3A-human	RNA				ultraviolet irradiation	reverse	2023-02-03	ENCODE		see document	175-300	1	1_1		63					/files/ENCFF242KYF/	232031951	Gene Yeo, UCSD	f1a2d3b73b0b1719e6152d36afd17649		https://www.encodeproject.org/files/ENCFF582JEX/@@download/ENCFF582JEX.bam	V29			archived	s3://encode-public/2022/01/12/4b57b0ee-a829-4283-8608-b7b9f64372a6/ENCFF582JEX.bam	https://datasetencode.blob.core.windows.net/dataset/2022/01/12/4b57b0ee-a829-4283-8608-b7b9f64372a6/ENCFF582JEX.bam?sv=2019-10-10&si=prod&sr=c&sig=9qSQZo4ggrCNpybBExU8SypuUZV33igI11xw0P7rB3c%3D	Lab custom GRCh38 V29	archived		partially characterized antibody	
ENCFF931JWU	bam	bam		alignments	GRCh38	ENCSR311SHM	eCLIP	/human-donors/ENCDO000AAD/	EFO:0002067	K562	cell line	Homo sapiens										EIF3A-human	RNA				ultraviolet irradiation	reverse	2023-02-03	ENCODE		see document	175-300	1	1_1		64					/files/ENCFF582JEX/	125864322	Gene Yeo, UCSD	f1bf20858b4752ceab4c6f37de483d99		https://www.encodeproject.org/files/ENCFF931JWU/@@download/ENCFF931JWU.bam	V29			archived	s3://encode-public/2022/01/12/1c0e4423-2277-4ff5-b2d4-cf3e516f8d3e/ENCFF931JWU.bam	https://datasetencode.blob.core.windows.net/dataset/2022/01/12/1c0e4423-2277-4ff5-b2d4-cf3e516f8d3e/ENCFF931JWU.bam?sv=2019-10-10&si=prod&sr=c&sig=9qSQZo4ggrCNpybBExU8SypuUZV33igI11xw0P7rB3c%3D	Lab custom GRCh38 V29	archived		partially characterized antibody	
ENCFF456WQV	bam	bam		unfiltered alignments	GRCh38	ENCSR311SHM	eCLIP	/human-donors/ENCDO000AAD/	EFO:0002067	K562	cell line	Homo sapiens										EIF3A-human	RNA				ultraviolet irradiation	reverse	2023-02-03	ENCODE		see document	175-300	2	2_1		64					/files/ENCFF541MEL/	274396164	Gene Yeo, UCSD	79c8594449a19ccc951d42a8c6efd9f1		https://www.encodeproject.org/files/ENCFF456WQV/@@download/ENCFF456WQV.bam	V29			archived	s3://encode-public/2022/01/12/50e6ee70-8e74-41df-a6e5-e4d96097ee54/ENCFF456WQV.bam	https://datasetencode.blob.core.windows.net/dataset/2022/01/12/50e6ee70-8e74-41df-a6e5-e4d96097ee54/ENCFF456WQV.bam?sv=2019-10-10&si=prod&sr=c&sig=9qSQZo4ggrCNpybBExU8SypuUZV33igI11xw0P7rB3c%3D	Lab custom GRCh38 V29	archived		partially characterized antibody	
ENCFF409BXG	bam	bam		alignments	GRCh38	ENCSR311SHM	eCLIP	/human-donors/ENCDO000AAD/	EFO:0002067	K562	cell line	Homo sapiens										EIF3A-human	RNA				ultraviolet irradiation	reverse	2023-02-03	ENCODE		see document	175-300	2	2_1		64					/files/ENCFF456WQV/	170647160	Gene Yeo, UCSD	213e7f582ff6ea16fada8ac497b31194		https://www.encodeproject.org/files/ENCFF409BXG/@@download/ENCFF409BXG.bam	V29			archived	s3://encode-public/2022/01/12/eacc5c72-40b0-4179-8aea-8754c4b4f923/ENCFF409BXG.bam	https://datasetencode.blob.core.windows.net/dataset/2022/01/12/eacc5c72-40b0-4179-8aea-8754c4b4f923/ENCFF409BXG.bam?sv=2019-10-10&si=prod&sr=c&sig=9qSQZo4ggrCNpybBExU8SypuUZV33igI11xw0P7rB3c%3D	Lab custom GRCh38 V29	archived		partially characterized antibody	
ENCFF357ULL	bam	bam		unfiltered alignments	GRCh38	ENCSR585SMS	eCLIP	/human-donors/ENCDO000AAC/	EFO:0001187	HepG2	cell line	Homo sapiens										NONO-human	RNA				ultraviolet irradiation	reverse	2023-02-03	ENCODE		see document	175-300	2	2_1		63					/files/ENCFF711MRT/	463762961	Gene Yeo, UCSD	58a0cccc9be56fa1c3375cdd968c93b4		https://www.encodeproject.org/files/ENCFF357ULL/@@download/ENCFF357ULL.bam	V29			archived	s3://encode-public/2022/01/12/217d1eb5-f221-41ee-9a84-d6486efea05c/ENCFF357ULL.bam	https://datasetencode.blob.core.windows.net/dataset/2022/01/12/217d1eb5-f221-41ee-9a84-d6486efea05c/ENCFF357ULL.bam?sv=2019-10-10&si=prod&sr=c&sig=9qSQZo4ggrCNpybBExU8SypuUZV33igI11xw0P7rB3c%3D	Lab custom GRCh38 V29	archived		partially characterized antibody	
ENCFF797FLR	bam	bam		alignments	GRCh38	ENCSR585SMS	eCLIP	/human-donors/ENCDO000AAC/	EFO:0001187	HepG2	cell line	Homo sapiens										NONO-human	RNA				ultraviolet irradiation	reverse	2023-02-03	ENCODE		see document	175-300	2	2_1		63					/files/ENCFF357ULL/	379355945	Gene Yeo, UCSD	061cdbfdd01d3d4f57566aed7af4edf9		https://www.encodeproject.org/files/ENCFF797FLR/@@download/ENCFF797FLR.bam	V29			archived	s3://encode-public/2022/01/12/3223133a-920d-45f7-9d28-262a9c93ca43/ENCFF797FLR.bam	https://datasetencode.blob.core.windows.net/dataset/2022/01/12/3223133a-920d-45f7-9d28-262a9c93ca43/ENCFF797FLR.bam?sv=2019-10-10&si=prod&sr=c&sig=9qSQZo4ggrCNpybBExU8SypuUZV33igI11xw0P7rB3c%3D	Lab custom GRCh38 V29	archived		partially characterized antibody	
ENCFF772WBN	bam	bam		unfiltered alignments	GRCh38	ENCSR585SMS	eCLIP	/human-donors/ENCDO000AAC/	EFO:0001187	HepG2	cell line	Homo sapiens										NONO-human	RNA				ultraviolet irradiation	reverse	2023-02-03	ENCODE		see document	175-300	1	1_1		63					/files/ENCFF249GCT/	882597755	Gene Yeo, UCSD	edf23884aecd58b5242656aacd37da88		https://www.encodeproject.org/files/ENCFF772WBN/@@download/ENCFF772WBN.bam	V29			archived	s3://encode-public/2022/01/12/ebe3903e-dd28-4109-b20f-69c74a1a5221/ENCFF772WBN.bam	https://datasetencode.blob.core.windows.net/dataset/2022/01/12/ebe3903e-dd28-4109-b20f-69c74a1a5221/ENCFF772WBN.bam?sv=2019-10-10&si=prod&sr=c&sig=9qSQZo4ggrCNpybBExU8SypuUZV33igI11xw0P7rB3c%3D	Lab custom GRCh38 V29	archived		partially characterized antibody	
ENCFF381HOL	bam	bam		alignments	GRCh38	ENCSR585SMS	eCLIP	/human-donors/ENCDO000AAC/	EFO:0001187	HepG2	cell line	Homo sapiens										NONO-human	RNA				ultraviolet irradiation	reverse	2023-02-03	ENCODE		see document	175-300	1	1_1		63					/files/ENCFF772WBN/	714254422	Gene Yeo, UCSD	5802d1ee51b5fd9b5bfc0d4a98114620		https://www.encodeproject.org/files/ENCFF381HOL/@@download/ENCFF381HOL.bam	V29			archived	s3://encode-public/2022/01/12/3e5ea9f7-295f-4b59-800c-50f2bc567688/ENCFF381HOL.bam	https://datasetencode.blob.core.windows.net/dataset/2022/01/12/3e5ea9f7-295f-4b59-800c-50f2bc567688/ENCFF381HOL.bam?sv=2019-10-10&si=prod&sr=c&sig=9qSQZo4ggrCNpybBExU8SypuUZV33igI11xw0P7rB3c%3D	Lab custom GRCh38 V29	archived		partially characterized antibody	
ENCFF301ANL	bam	bam		alignments	GRCh38	ENCSR767OEY	eCLIP	/human-donors/ENCDO000AAD/	EFO:0002067	K562	cell line	Homo sapiens										FXR2-human	RNA				ultraviolet irradiation	reverse	2022-07-19	ENCODE		see document	175-300	1	1_1		63					/files/ENCFF262HKO/	107015448	Gene Yeo, UCSD	14d5b9ade4ddc7c5e115d1ef508ad404		https://www.encodeproject.org/files/ENCFF301ANL/@@download/ENCFF301ANL.bam	V29			released	s3://encode-public/2022/01/12/74772c8f-8adf-4d6f-b63d-c54d9df4eb97/ENCFF301ANL.bam	https://datasetencode.blob.core.windows.net/dataset/2022/01/12/74772c8f-8adf-4d6f-b63d-c54d9df4eb97/ENCFF301ANL.bam?sv=2019-10-10&si=prod&sr=c&sig=9qSQZo4ggrCNpybBExU8SypuUZV33igI11xw0P7rB3c%3D	Lab custom GRCh38 V29	released			
ENCFF262HKO	bam	bam		unfiltered alignments	GRCh38	ENCSR767OEY	eCLIP	/human-donors/ENCDO000AAD/	EFO:0002067	K562	cell line	Homo sapiens										FXR2-human	RNA				ultraviolet irradiation	reverse	2022-07-19	ENCODE		see document	175-300	1	1_1		63					/files/ENCFF232ODO/	242768162	Gene Yeo, UCSD	6b91dc520a5414761d6d8536f3771b8a		https://www.encodeproject.org/files/ENCFF262HKO/@@download/ENCFF262HKO.bam	V29			released	s3://encode-public/2022/01/12/0d6fa865-b972-4b2e-83e5-10e4a57defd4/ENCFF262HKO.bam	https://datasetencode.blob.core.windows.net/dataset/2022/01/12/0d6fa865-b972-4b2e-83e5-10e4a57defd4/ENCFF262HKO.bam?sv=2019-10-10&si=prod&sr=c&sig=9qSQZo4ggrCNpybBExU8SypuUZV33igI11xw0P7rB3c%3D	Lab custom GRCh38 V29	released			
ENCFF272ZMQ	bam	bam		alignments	GRCh38	ENCSR767OEY	eCLIP	/human-donors/ENCDO000AAD/	EFO:0002067	K562	cell line	Homo sapiens										FXR2-human	RNA				ultraviolet irradiation	reverse	2022-07-19	ENCODE		see document	175-300	2	2_1		63					/files/ENCFF409EJS/	88737431	Gene Yeo, UCSD	fdaa5912543efb5564e6d99d7aa1005e		https://www.encodeproject.org/files/ENCFF272ZMQ/@@download/ENCFF272ZMQ.bam	V29			released	s3://encode-public/2022/01/12/b1d0a6d2-5b76-4e60-bb17-e6ab1d7df716/ENCFF272ZMQ.bam	https://datasetencode.blob.core.windows.net/dataset/2022/01/12/b1d0a6d2-5b76-4e60-bb17-e6ab1d7df716/ENCFF272ZMQ.bam?sv=2019-10-10&si=prod&sr=c&sig=9qSQZo4ggrCNpybBExU8SypuUZV33igI11xw0P7rB3c%3D	Lab custom GRCh38 V29	released			
ENCFF409EJS	bam	bam		unfiltered alignments	GRCh38	ENCSR767OEY	eCLIP	/human-donors/ENCDO000AAD/	EFO:0002067	K562	cell line	Homo sapiens										FXR2-human	RNA				ultraviolet irradiation	reverse	2022-07-19	ENCODE		see document	175-300	2	2_1		63					/files/ENCFF581HLQ/	216018340	Gene Yeo, UCSD	e9bff2fd6eaeae959c50c713ba27d42a		https://www.encodeproject.org/files/ENCFF409EJS/@@download/ENCFF409EJS.bam	V29			released	s3://encode-public/2022/01/12/77d8b2f9-3528-4495-937a-093e94fec381/ENCFF409EJS.bam	https://datasetencode.blob.core.windows.net/dataset/2022/01/12/77d8b2f9-3528-4495-937a-093e94fec381/ENCFF409EJS.bam?sv=2019-10-10&si=prod&sr=c&sig=9qSQZo4ggrCNpybBExU8SypuUZV33igI11xw0P7rB3c%3D	Lab custom GRCh38 V29	released			
ENCFF229VXP	bam	bam		unfiltered alignments	GRCh38	ENCSR256NCI	eCLIP	/human-donors/ENCDO000AAD/	EFO:0002067	K562	cell line	Homo sapiens										APEX1-human	RNA				ultraviolet irradiation	reverse	2022-09-12	ENCODE		see document	175-300	1	1_1		88					/files/ENCFF785OLO/	209686719	Gene Yeo, UCSD	0ab64c6f4217dbb747a34c51d5a83bc1		https://www.encodeproject.org/files/ENCFF229VXP/@@download/ENCFF229VXP.bam	V29			released	s3://encode-public/2022/01/12/452d40a8-be81-4f4d-a84f-60f5deae6f98/ENCFF229VXP.bam	https://datasetencode.blob.core.windows.net/dataset/2022/01/12/452d40a8-be81-4f4d-a84f-60f5deae6f98/ENCFF229VXP.bam?sv=2019-10-10&si=prod&sr=c&sig=9qSQZo4ggrCNpybBExU8SypuUZV33igI11xw0P7rB3c%3D	Lab custom GRCh38 V29	released			
ENCFF111VDP	bam	bam		alignments	GRCh38	ENCSR256NCI	eCLIP	/human-donors/ENCDO000AAD/	EFO:0002067	K562	cell line	Homo sapiens										APEX1-human	RNA				ultraviolet irradiation	reverse	2022-09-12	ENCODE		see document	175-300	1	1_1		89					/files/ENCFF229VXP/	39936167	Gene Yeo, UCSD	c52e249162e9e8b08db880370493af10		https://www.encodeproject.org/files/ENCFF111VDP/@@download/ENCFF111VDP.bam	V29			released	s3://encode-public/2022/01/12/6a864680-833a-4333-9e1b-a4fac6e9ca21/ENCFF111VDP.bam	https://datasetencode.blob.core.windows.net/dataset/2022/01/12/6a864680-833a-4333-9e1b-a4fac6e9ca21/ENCFF111VDP.bam?sv=2019-10-10&si=prod&sr=c&sig=9qSQZo4ggrCNpybBExU8SypuUZV33igI11xw0P7rB3c%3D	Lab custom GRCh38 V29	released			
ENCFF055GIW	bam	bam		unfiltered alignments	GRCh38	ENCSR256NCI	eCLIP	/human-donors/ENCDO000AAD/	EFO:0002067	K562	cell line	Homo sapiens										APEX1-human	RNA				ultraviolet irradiation	reverse	2022-09-12	ENCODE		see document	175-300	2	2_1		88					/files/ENCFF495VVD/	192838503	Gene Yeo, UCSD	aabf67e71214150858c2f4307c21b373		https://www.encodeproject.org/files/ENCFF055GIW/@@download/ENCFF055GIW.bam	V29			released	s3://encode-public/2022/01/12/70e59b6c-84a6-4875-b495-30fd22597009/ENCFF055GIW.bam	https://datasetencode.blob.core.windows.net/dataset/2022/01/12/70e59b6c-84a6-4875-b495-30fd22597009/ENCFF055GIW.bam?sv=2019-10-10&si=prod&sr=c&sig=9qSQZo4ggrCNpybBExU8SypuUZV33igI11xw0P7rB3c%3D	Lab custom GRCh38 V29	released			
ENCFF504OBG	bam	bam		alignments	GRCh38	ENCSR256NCI	eCLIP	/human-donors/ENCDO000AAD/	EFO:0002067	K562	cell line	Homo sapiens										APEX1-human	RNA				ultraviolet irradiation	reverse	2022-09-12	ENCODE		see document	175-300	2	2_1		89					/files/ENCFF055GIW/	55259634	Gene Yeo, UCSD	0e70a4198f61360bb2d3364afe337d2c		https://www.encodeproject.org/files/ENCFF504OBG/@@download/ENCFF504OBG.bam	V29			released	s3://encode-public/2022/01/12/df17486e-08e9-4b1e-95a3-6db0fd55332d/ENCFF504OBG.bam	https://datasetencode.blob.core.windows.net/dataset/2022/01/12/df17486e-08e9-4b1e-95a3-6db0fd55332d/ENCFF504OBG.bam?sv=2019-10-10&si=prod&sr=c&sig=9qSQZo4ggrCNpybBExU8SypuUZV33igI11xw0P7rB3c%3D	Lab custom GRCh38 V29	released			
ENCFF116JQY	bam	bam		alignments	GRCh38	ENCSR554UVB	eCLIP	/human-donors/ENCDO000AAD/	EFO:0002067	K562	cell line	Homo sapiens										FMR1-human	RNA				ultraviolet irradiation	reverse	2022-07-19	ENCODE		see document	175-300	1	1_1		89					/files/ENCFF368DCQ/	78629349	Gene Yeo, UCSD	810a5903576b6e24895c0f12c6ceb4ed		https://www.encodeproject.org/files/ENCFF116JQY/@@download/ENCFF116JQY.bam	V29			released	s3://encode-public/2022/01/12/ebde7b88-410f-41e7-b66d-d0ecc75b2d06/ENCFF116JQY.bam	https://datasetencode.blob.core.windows.net/dataset/2022/01/12/ebde7b88-410f-41e7-b66d-d0ecc75b2d06/ENCFF116JQY.bam?sv=2019-10-10&si=prod&sr=c&sig=9qSQZo4ggrCNpybBExU8SypuUZV33igI11xw0P7rB3c%3D	Lab custom GRCh38 V29	released			
ENCFF060SQN	bam	bam		alignments	GRCh38	ENCSR554UVB	eCLIP	/human-donors/ENCDO000AAD/	EFO:0002067	K562	cell line	Homo sapiens										FMR1-human	RNA				ultraviolet irradiation	reverse	2022-07-19	ENCODE		see document	175-300	2	2_1		89					/files/ENCFF245BWO/	185296115	Gene Yeo, UCSD	857e9a18e0e8ed702127e0a0fa12ae65		https://www.encodeproject.org/files/ENCFF060SQN/@@download/ENCFF060SQN.bam	V29			released	s3://encode-public/2022/01/12/1b35c0bd-284d-427a-882d-4e0bbb71ceca/ENCFF060SQN.bam	https://datasetencode.blob.core.windows.net/dataset/2022/01/12/1b35c0bd-284d-427a-882d-4e0bbb71ceca/ENCFF060SQN.bam?sv=2019-10-10&si=prod&sr=c&sig=9qSQZo4ggrCNpybBExU8SypuUZV33igI11xw0P7rB3c%3D	Lab custom GRCh38 V29	released			
ENCFF245BWO	bam	bam		unfiltered alignments	GRCh38	ENCSR554UVB	eCLIP	/human-donors/ENCDO000AAD/	EFO:0002067	K562	cell line	Homo sapiens										FMR1-human	RNA				ultraviolet irradiation	reverse	2022-07-19	ENCODE		see document	175-300	2	2_1		88					/files/ENCFF491YJX/	322511426	Gene Yeo, UCSD	0a9ec42595b558dc719b27064f23df12		https://www.encodeproject.org/files/ENCFF245BWO/@@download/ENCFF245BWO.bam	V29			released	s3://encode-public/2022/01/12/5572e2b5-139f-47ea-a81f-848247817968/ENCFF245BWO.bam	https://datasetencode.blob.core.windows.net/dataset/2022/01/12/5572e2b5-139f-47ea-a81f-848247817968/ENCFF245BWO.bam?sv=2019-10-10&si=prod&sr=c&sig=9qSQZo4ggrCNpybBExU8SypuUZV33igI11xw0P7rB3c%3D	Lab custom GRCh38 V29	released			
ENCFF368DCQ	bam	bam		unfiltered alignments	GRCh38	ENCSR554UVB	eCLIP	/human-donors/ENCDO000AAD/	EFO:0002067	K562	cell line	Homo sapiens										FMR1-human	RNA				ultraviolet irradiation	reverse	2022-07-19	ENCODE		see document	175-300	1	1_1		88					/files/ENCFF348IRX/	193784077	Gene Yeo, UCSD	66965a91619e9b0025c73f5f90575a51		https://www.encodeproject.org/files/ENCFF368DCQ/@@download/ENCFF368DCQ.bam	V29			released	s3://encode-public/2022/01/12/1185e96d-9a25-4504-a01d-1c3acb727d76/ENCFF368DCQ.bam	https://datasetencode.blob.core.windows.net/dataset/2022/01/12/1185e96d-9a25-4504-a01d-1c3acb727d76/ENCFF368DCQ.bam?sv=2019-10-10&si=prod&sr=c&sig=9qSQZo4ggrCNpybBExU8SypuUZV33igI11xw0P7rB3c%3D	Lab custom GRCh38 V29	released			
ENCFF824YGM	bam	bam		alignments	GRCh38	ENCSR179MPN	eCLIP	/human-donors/ENCDO000AAD/	EFO:0002067	K562	cell line	Homo sapiens										RYBP-human	RNA				ultraviolet irradiation	reverse	2022-11-16	ENCODE		see document	175-300	2	2_1		64					/files/ENCFF945ORL/	135733869	Gene Yeo, UCSD	fb403684f171eb9bfd4b76eae7c65e20		https://www.encodeproject.org/files/ENCFF824YGM/@@download/ENCFF824YGM.bam	V29			released	s3://encode-public/2022/01/12/b6eeccf6-ef4b-459e-804d-d4e8f5e61d94/ENCFF824YGM.bam	https://datasetencode.blob.core.windows.net/dataset/2022/01/12/b6eeccf6-ef4b-459e-804d-d4e8f5e61d94/ENCFF824YGM.bam?sv=2019-10-10&si=prod&sr=c&sig=9qSQZo4ggrCNpybBExU8SypuUZV33igI11xw0P7rB3c%3D	Lab custom GRCh38 V29	released			
ENCFF422UZN	bam	bam		unfiltered alignments	GRCh38	ENCSR179MPN	eCLIP	/human-donors/ENCDO000AAD/	EFO:0002067	K562	cell line	Homo sapiens										RYBP-human	RNA				ultraviolet irradiation	reverse	2022-11-16	ENCODE		see document	175-300	1	1_1		64					/files/ENCFF604OCB/	415623171	Gene Yeo, UCSD	fbbc6f62672146dc8b2aa0ddec11efc2		https://www.encodeproject.org/files/ENCFF422UZN/@@download/ENCFF422UZN.bam	V29			released	s3://encode-public/2022/01/12/3298edd4-9b04-4419-b8d3-1f7001896769/ENCFF422UZN.bam	https://datasetencode.blob.core.windows.net/dataset/2022/01/12/3298edd4-9b04-4419-b8d3-1f7001896769/ENCFF422UZN.bam?sv=2019-10-10&si=prod&sr=c&sig=9qSQZo4ggrCNpybBExU8SypuUZV33igI11xw0P7rB3c%3D	Lab custom GRCh38 V29	released			
ENCFF501SLN	bam	bam		alignments	GRCh38	ENCSR179MPN	eCLIP	/human-donors/ENCDO000AAD/	EFO:0002067	K562	cell line	Homo sapiens										RYBP-human	RNA				ultraviolet irradiation	reverse	2022-11-16	ENCODE		see document	175-300	1	1_1		64					/files/ENCFF422UZN/	294074406	Gene Yeo, UCSD	9d1e0c54b6194d5bb53e034ac4177415		https://www.encodeproject.org/files/ENCFF501SLN/@@download/ENCFF501SLN.bam	V29			released	s3://encode-public/2022/01/12/1b722f51-2940-4c26-a237-a33b345008bd/ENCFF501SLN.bam	https://datasetencode.blob.core.windows.net/dataset/2022/01/12/1b722f51-2940-4c26-a237-a33b345008bd/ENCFF501SLN.bam?sv=2019-10-10&si=prod&sr=c&sig=9qSQZo4ggrCNpybBExU8SypuUZV33igI11xw0P7rB3c%3D	Lab custom GRCh38 V29	released			
ENCFF945ORL	bam	bam		unfiltered alignments	GRCh38	ENCSR179MPN	eCLIP	/human-donors/ENCDO000AAD/	EFO:0002067	K562	cell line	Homo sapiens										RYBP-human	RNA				ultraviolet irradiation	reverse	2022-11-16	ENCODE		see document	175-300	2	2_1		64					/files/ENCFF264WXA/	242280934	Gene Yeo, UCSD	41005bc68b23d0d2e0cbc5ad2e896b90		https://www.encodeproject.org/files/ENCFF945ORL/@@download/ENCFF945ORL.bam	V29			released	s3://encode-public/2022/01/12/8bb02b5a-7e64-4255-b406-17632b8b4611/ENCFF945ORL.bam	https://datasetencode.blob.core.windows.net/dataset/2022/01/12/8bb02b5a-7e64-4255-b406-17632b8b4611/ENCFF945ORL.bam?sv=2019-10-10&si=prod&sr=c&sig=9qSQZo4ggrCNpybBExU8SypuUZV33igI11xw0P7rB3c%3D	Lab custom GRCh38 V29	released			
ENCFF709YPU	bam	bam		alignments	hg19	ENCSR486YGP	eCLIP	/human-donors/ENCDO000AAC/	EFO:0001187	HepG2	cell line	Homo sapiens										FUBP3-human	RNA				ultraviolet irradiation	strand-specific	2016-09-21	ENCODE		see document	175-300	1	1_1		43					/files/ENCFF442NVV/, /files/ENCFF938RNB/	249881578	Gene Yeo, UCSD	a45c0c163c23663b946d969842bc9f50		https://www.encodeproject.org/files/ENCFF709YPU/@@download/ENCFF709YPU.bam				released	s3://encode-public/2016/08/04/2e24a8b2-1234-4876-b7fb-51db03a971e5/ENCFF709YPU.bam	https://datasetencode.blob.core.windows.net/dataset/2016/08/04/2e24a8b2-1234-4876-b7fb-51db03a971e5/ENCFF709YPU.bam?sv=2019-10-10&si=prod&sr=c&sig=9qSQZo4ggrCNpybBExU8SypuUZV33igI11xw0P7rB3c%3D	Lab custom hg19	archived	mixed read lengths		
ENCFF565TFN	bam	bam		alignments	hg19	ENCSR486YGP	eCLIP	/human-donors/ENCDO000AAC/	EFO:0001187	HepG2	cell line	Homo sapiens										FUBP3-human	RNA				ultraviolet irradiation	strand-specific	2016-09-21	ENCODE		see document	175-300	2	2_1		43					/files/ENCFF231PRV/, /files/ENCFF126AZS/	145475936	Gene Yeo, UCSD	c59b4622d176dedf3b4687b86c947668		https://www.encodeproject.org/files/ENCFF565TFN/@@download/ENCFF565TFN.bam				released	s3://encode-public/2016/08/04/888c8183-468b-47b3-bcaa-a4bc32856a3e/ENCFF565TFN.bam	https://datasetencode.blob.core.windows.net/dataset/2016/08/04/888c8183-468b-47b3-bcaa-a4bc32856a3e/ENCFF565TFN.bam?sv=2019-10-10&si=prod&sr=c&sig=9qSQZo4ggrCNpybBExU8SypuUZV33igI11xw0P7rB3c%3D	Lab custom hg19	archived	mixed read lengths		
ENCFF836HIK	bam	bam		alignments	GRCh38	ENCSR486YGP	eCLIP	/human-donors/ENCDO000AAC/	EFO:0001187	HepG2	cell line	Homo sapiens										FUBP3-human	RNA				ultraviolet irradiation	strand-specific	2016-09-21	ENCODE		see document	175-300	2	2_1		43					/files/ENCFF231PRV/, /files/ENCFF126AZS/	142916027	Gene Yeo, UCSD	365084e538bffeac0456ea388c18c23d		https://www.encodeproject.org/files/ENCFF836HIK/@@download/ENCFF836HIK.bam				released	s3://encode-public/2016/09/09/3d7fdf62-ec88-4968-8238-ef2003d11348/ENCFF836HIK.bam	https://datasetencode.blob.core.windows.net/dataset/2016/09/09/3d7fdf62-ec88-4968-8238-ef2003d11348/ENCFF836HIK.bam?sv=2019-10-10&si=prod&sr=c&sig=9qSQZo4ggrCNpybBExU8SypuUZV33igI11xw0P7rB3c%3D	Lab custom GRCh38	released	mixed read lengths		
ENCFF149SFF	bam	bam		alignments	GRCh38	ENCSR486YGP	eCLIP	/human-donors/ENCDO000AAC/	EFO:0001187	HepG2	cell line	Homo sapiens										FUBP3-human	RNA				ultraviolet irradiation	strand-specific	2016-09-21	ENCODE		see document	175-300	1	1_1		43					/files/ENCFF442NVV/, /files/ENCFF938RNB/	243799674	Gene Yeo, UCSD	f7ce191cf5ae5f9abb805a46a6955976		https://www.encodeproject.org/files/ENCFF149SFF/@@download/ENCFF149SFF.bam				released	s3://encode-public/2016/09/09/857b9834-40d1-4f00-bffa-c404c7d896d3/ENCFF149SFF.bam	https://datasetencode.blob.core.windows.net/dataset/2016/09/09/857b9834-40d1-4f00-bffa-c404c7d896d3/ENCFF149SFF.bam?sv=2019-10-10&si=prod&sr=c&sig=9qSQZo4ggrCNpybBExU8SypuUZV33igI11xw0P7rB3c%3D	Lab custom GRCh38	released	mixed read lengths		
ENCFF550ABZ	bam	bam		alignments	hg19	ENCSR532VUB	eCLIP	/human-donors/ENCDO000AAD/	EFO:0002067	K562	cell line	Homo sapiens										CPSF6-human	RNA				ultraviolet irradiation	strand-specific	2015-07-15	ENCODE		see document	175-300	2	2_1		43					/files/ENCFF975ABT/, /files/ENCFF420PXR/	184307883	Gene Yeo, UCSD	a3b2192e0295d16d59e47674e2aee3cd		https://www.encodeproject.org/files/ENCFF550ABZ/@@download/ENCFF550ABZ.bam				released	s3://encode-public/2016/03/23/39d6402d-c8c5-4108-996a-ef4a852732ae/ENCFF550ABZ.bam	https://datasetencode.blob.core.windows.net/dataset/2016/03/23/39d6402d-c8c5-4108-996a-ef4a852732ae/ENCFF550ABZ.bam?sv=2019-10-10&si=prod&sr=c&sig=9qSQZo4ggrCNpybBExU8SypuUZV33igI11xw0P7rB3c%3D	Lab custom hg19	archived			
ENCFF185XTD	bam	bam		alignments	hg19	ENCSR532VUB	eCLIP	/human-donors/ENCDO000AAD/	EFO:0002067	K562	cell line	Homo sapiens										CPSF6-human	RNA				ultraviolet irradiation	strand-specific	2015-07-15	ENCODE		see document	175-300	1	1_1		43					/files/ENCFF776TRJ/, /files/ENCFF394FNH/	226982475	Gene Yeo, UCSD	6f7f1173f367735037543d34d567f024		https://www.encodeproject.org/files/ENCFF185XTD/@@download/ENCFF185XTD.bam				released	s3://encode-public/2016/03/23/b90b4ed8-9662-4d25-a68e-5c795a96a3a7/ENCFF185XTD.bam	https://datasetencode.blob.core.windows.net/dataset/2016/03/23/b90b4ed8-9662-4d25-a68e-5c795a96a3a7/ENCFF185XTD.bam?sv=2019-10-10&si=prod&sr=c&sig=9qSQZo4ggrCNpybBExU8SypuUZV33igI11xw0P7rB3c%3D	Lab custom hg19	archived			
ENCFF550ZSZ	bam	bam		alignments	GRCh38	ENCSR532VUB	eCLIP	/human-donors/ENCDO000AAD/	EFO:0002067	K562	cell line	Homo sapiens										CPSF6-human	RNA				ultraviolet irradiation	strand-specific	2015-07-15	ENCODE		see document	175-300	2	2_1		43					/files/ENCFF975ABT/, /files/ENCFF420PXR/	181752940	Gene Yeo, UCSD	b6e62b0bebd13a82a4f0406e473c30f5		https://www.encodeproject.org/files/ENCFF550ZSZ/@@download/ENCFF550ZSZ.bam				released	s3://encode-public/2016/09/09/973707d2-ecdc-4d60-8ee5-9d7f2f072a71/ENCFF550ZSZ.bam	https://datasetencode.blob.core.windows.net/dataset/2016/09/09/973707d2-ecdc-4d60-8ee5-9d7f2f072a71/ENCFF550ZSZ.bam?sv=2019-10-10&si=prod&sr=c&sig=9qSQZo4ggrCNpybBExU8SypuUZV33igI11xw0P7rB3c%3D	Lab custom GRCh38	released			
ENCFF751GZQ	bam	bam		alignments	GRCh38	ENCSR532VUB	eCLIP	/human-donors/ENCDO000AAD/	EFO:0002067	K562	cell line	Homo sapiens										CPSF6-human	RNA				ultraviolet irradiation	strand-specific	2015-07-15	ENCODE		see document	175-300	1	1_1		43					/files/ENCFF776TRJ/, /files/ENCFF394FNH/	224188853	Gene Yeo, UCSD	b742b7d69b9446fdc3dda3c9c39710a5		https://www.encodeproject.org/files/ENCFF751GZQ/@@download/ENCFF751GZQ.bam				released	s3://encode-public/2016/09/09/3283857f-e1fd-4652-add0-c79e5824b59c/ENCFF751GZQ.bam	https://datasetencode.blob.core.windows.net/dataset/2016/09/09/3283857f-e1fd-4652-add0-c79e5824b59c/ENCFF751GZQ.bam?sv=2019-10-10&si=prod&sr=c&sig=9qSQZo4ggrCNpybBExU8SypuUZV33igI11xw0P7rB3c%3D	Lab custom GRCh38	released			
ENCFF092WRE	bam	bam		alignments	hg19	ENCSR893RAV	eCLIP	/human-donors/ENCDO000AAD/	EFO:0002067	K562	cell line	Homo sapiens										U2AF2-human	RNA				ultraviolet irradiation	strand-specific	2015-07-15	ENCODE		see document	175-300	1	1_1		43					/files/ENCFF567UMG/, /files/ENCFF886IXX/	330542763	Gene Yeo, UCSD	12866a1d57bc99acbdce084d94d14d21		https://www.encodeproject.org/files/ENCFF092WRE/@@download/ENCFF092WRE.bam				released	s3://encode-public/2016/03/23/50682564-7d18-4694-bb35-ce4d334146f7/ENCFF092WRE.bam	https://datasetencode.blob.core.windows.net/dataset/2016/03/23/50682564-7d18-4694-bb35-ce4d334146f7/ENCFF092WRE.bam?sv=2019-10-10&si=prod&sr=c&sig=9qSQZo4ggrCNpybBExU8SypuUZV33igI11xw0P7rB3c%3D	Lab custom hg19	archived			
ENCFF783DTX	bam	bam		alignments	hg19	ENCSR893RAV	eCLIP	/human-donors/ENCDO000AAD/	EFO:0002067	K562	cell line	Homo sapiens										U2AF2-human	RNA				ultraviolet irradiation	strand-specific	2015-07-15	ENCODE		see document	175-300	2	2_1		43					/files/ENCFF270BLT/, /files/ENCFF708UWK/	478366149	Gene Yeo, UCSD	91d6305ec2bd4ec9c712bdd4187c16cd		https://www.encodeproject.org/files/ENCFF783DTX/@@download/ENCFF783DTX.bam				released	s3://encode-public/2016/03/23/ccc4b614-4deb-40d9-8bea-e9fb519eed34/ENCFF783DTX.bam	https://datasetencode.blob.core.windows.net/dataset/2016/03/23/ccc4b614-4deb-40d9-8bea-e9fb519eed34/ENCFF783DTX.bam?sv=2019-10-10&si=prod&sr=c&sig=9qSQZo4ggrCNpybBExU8SypuUZV33igI11xw0P7rB3c%3D	Lab custom hg19	archived			
ENCFF835KXL	bam	bam		alignments	GRCh38	ENCSR893RAV	eCLIP	/human-donors/ENCDO000AAD/	EFO:0002067	K562	cell line	Homo sapiens										U2AF2-human	RNA				ultraviolet irradiation	strand-specific	2015-07-15	ENCODE		see document	175-300	1	1_1		43					/files/ENCFF567UMG/, /files/ENCFF886IXX/	326860015	Gene Yeo, UCSD	6e4e0f11631bd537ce756196e9dcfbb0		https://www.encodeproject.org/files/ENCFF835KXL/@@download/ENCFF835KXL.bam				released	s3://encode-public/2016/09/09/1ba6c81f-3313-457b-82f9-ea7965b68e2d/ENCFF835KXL.bam	https://datasetencode.blob.core.windows.net/dataset/2016/09/09/1ba6c81f-3313-457b-82f9-ea7965b68e2d/ENCFF835KXL.bam?sv=2019-10-10&si=prod&sr=c&sig=9qSQZo4ggrCNpybBExU8SypuUZV33igI11xw0P7rB3c%3D	Lab custom GRCh38	released			
ENCFF936JSP	bam	bam		alignments	GRCh38	ENCSR893RAV	eCLIP	/human-donors/ENCDO000AAD/	EFO:0002067	K562	cell line	Homo sapiens										U2AF2-human	RNA				ultraviolet irradiation	strand-specific	2015-07-15	ENCODE		see document	175-300	2	2_1		43					/files/ENCFF270BLT/, /files/ENCFF708UWK/	473668143	Gene Yeo, UCSD	7fb35a0512555fc8382edf7c9488dae1		https://www.encodeproject.org/files/ENCFF936JSP/@@download/ENCFF936JSP.bam				released	s3://encode-public/2016/09/09/19d2133e-5f85-4ce6-989e-f85e0babbea0/ENCFF936JSP.bam	https://datasetencode.blob.core.windows.net/dataset/2016/09/09/19d2133e-5f85-4ce6-989e-f85e0babbea0/ENCFF936JSP.bam?sv=2019-10-10&si=prod&sr=c&sig=9qSQZo4ggrCNpybBExU8SypuUZV33igI11xw0P7rB3c%3D	Lab custom GRCh38	released			
ENCFF160ZHG	bam	bam		alignments	hg19	ENCSR820DQJ	eCLIP	/human-donors/ENCDO000AAC/	EFO:0001187	HepG2	cell line	Homo sapiens										NOL12-human	RNA				ultraviolet irradiation	strand-specific	2016-04-26	ENCODE		see document	175-300	2	2_1		35					/files/ENCFF241ABH/, /files/ENCFF906PLZ/	110824371	Gene Yeo, UCSD	45b8206258cd314b0f12c4921cf8e2cb		https://www.encodeproject.org/files/ENCFF160ZHG/@@download/ENCFF160ZHG.bam				released	s3://encode-public/2016/03/11/8095d0c3-d322-4f0a-a6aa-5d5efa51460e/ENCFF160ZHG.bam	https://datasetencode.blob.core.windows.net/dataset/2016/03/11/8095d0c3-d322-4f0a-a6aa-5d5efa51460e/ENCFF160ZHG.bam?sv=2019-10-10&si=prod&sr=c&sig=9qSQZo4ggrCNpybBExU8SypuUZV33igI11xw0P7rB3c%3D	Lab custom hg19	archived			
ENCFF821NNN	bam	bam		alignments	hg19	ENCSR820DQJ	eCLIP	/human-donors/ENCDO000AAC/	EFO:0001187	HepG2	cell line	Homo sapiens										NOL12-human	RNA				ultraviolet irradiation	strand-specific	2016-04-26	ENCODE		see document	175-300	1	1_1		35					/files/ENCFF483TJU/, /files/ENCFF765OCP/	203022645	Gene Yeo, UCSD	4ec5074270555eefb0566c19535e57d0		https://www.encodeproject.org/files/ENCFF821NNN/@@download/ENCFF821NNN.bam				released	s3://encode-public/2016/03/11/349d9e03-342b-444f-84b3-f3004f593f98/ENCFF821NNN.bam	https://datasetencode.blob.core.windows.net/dataset/2016/03/11/349d9e03-342b-444f-84b3-f3004f593f98/ENCFF821NNN.bam?sv=2019-10-10&si=prod&sr=c&sig=9qSQZo4ggrCNpybBExU8SypuUZV33igI11xw0P7rB3c%3D	Lab custom hg19	archived			
ENCFF722JFH	bam	bam		alignments	GRCh38	ENCSR820DQJ	eCLIP	/human-donors/ENCDO000AAC/	EFO:0001187	HepG2	cell line	Homo sapiens										NOL12-human	RNA				ultraviolet irradiation	strand-specific	2016-04-26	ENCODE		see document	175-300	1	1_1		35					/files/ENCFF483TJU/, /files/ENCFF765OCP/	195981725	Gene Yeo, UCSD	b58edffa17ef6dd2cafebed56e342909		https://www.encodeproject.org/files/ENCFF722JFH/@@download/ENCFF722JFH.bam				released	s3://encode-public/2016/09/09/84b65493-3ae9-4263-8a85-570aa6c1f507/ENCFF722JFH.bam	https://datasetencode.blob.core.windows.net/dataset/2016/09/09/84b65493-3ae9-4263-8a85-570aa6c1f507/ENCFF722JFH.bam?sv=2019-10-10&si=prod&sr=c&sig=9qSQZo4ggrCNpybBExU8SypuUZV33igI11xw0P7rB3c%3D	Lab custom GRCh38	released			
ENCFF134IIH	bam	bam		alignments	GRCh38	ENCSR820DQJ	eCLIP	/human-donors/ENCDO000AAC/	EFO:0001187	HepG2	cell line	Homo sapiens										NOL12-human	RNA				ultraviolet irradiation	strand-specific	2016-04-26	ENCODE		see document	175-300	2	2_1		35					/files/ENCFF241ABH/, /files/ENCFF906PLZ/	104477436	Gene Yeo, UCSD	5c2f5f44911eba821f3aa90933ce1b05		https://www.encodeproject.org/files/ENCFF134IIH/@@download/ENCFF134IIH.bam				released	s3://encode-public/2016/09/09/cf582262-b231-4ab6-9fa9-8c508c22eda5/ENCFF134IIH.bam	https://datasetencode.blob.core.windows.net/dataset/2016/09/09/cf582262-b231-4ab6-9fa9-8c508c22eda5/ENCFF134IIH.bam?sv=2019-10-10&si=prod&sr=c&sig=9qSQZo4ggrCNpybBExU8SypuUZV33igI11xw0P7rB3c%3D	Lab custom GRCh38	released			
ENCFF383PNX	bam	bam		unfiltered alignments	GRCh38	ENCSR750YOM	eCLIP	/human-donors/ENCDO000AAD/	EFO:0002067	K562	cell line	Homo sapiens										ADAT1-human	RNA				ultraviolet irradiation	reverse	2022-11-16	ENCODE		see document	175-300	1	1_1		64					/files/ENCFF139SOX/	631001270	Gene Yeo, UCSD	2a81252b5a2498e99d8cf60482d83683		https://www.encodeproject.org/files/ENCFF383PNX/@@download/ENCFF383PNX.bam	V29			released	s3://encode-public/2022/01/12/7a60e611-30d3-4b45-8cc0-2a16e4a12071/ENCFF383PNX.bam	https://datasetencode.blob.core.windows.net/dataset/2022/01/12/7a60e611-30d3-4b45-8cc0-2a16e4a12071/ENCFF383PNX.bam?sv=2019-10-10&si=prod&sr=c&sig=9qSQZo4ggrCNpybBExU8SypuUZV33igI11xw0P7rB3c%3D	Lab custom GRCh38 V29	released			
ENCFF863PXE	bam	bam		alignments	GRCh38	ENCSR750YOM	eCLIP	/human-donors/ENCDO000AAD/	EFO:0002067	K562	cell line	Homo sapiens										ADAT1-human	RNA				ultraviolet irradiation	reverse	2022-11-16	ENCODE		see document	175-300	1	1_1		64					/files/ENCFF383PNX/	147718164	Gene Yeo, UCSD	98d543734f8ef29fef394295e2ad697b		https://www.encodeproject.org/files/ENCFF863PXE/@@download/ENCFF863PXE.bam	V29			released	s3://encode-public/2022/01/12/ab25db37-5c36-4d16-816a-8d3a5e3f2606/ENCFF863PXE.bam	https://datasetencode.blob.core.windows.net/dataset/2022/01/12/ab25db37-5c36-4d16-816a-8d3a5e3f2606/ENCFF863PXE.bam?sv=2019-10-10&si=prod&sr=c&sig=9qSQZo4ggrCNpybBExU8SypuUZV33igI11xw0P7rB3c%3D	Lab custom GRCh38 V29	released			
ENCFF082DUL	bam	bam		unfiltered alignments	GRCh38	ENCSR750YOM	eCLIP	/human-donors/ENCDO000AAD/	EFO:0002067	K562	cell line	Homo sapiens										ADAT1-human	RNA				ultraviolet irradiation	reverse	2022-11-16	ENCODE		see document	175-300	2	2_1		64					/files/ENCFF306CFO/	814324096	Gene Yeo, UCSD	7a04c73d6098138f48664691ae66c76e		https://www.encodeproject.org/files/ENCFF082DUL/@@download/ENCFF082DUL.bam	V29			released	s3://encode-public/2022/01/12/98cf691d-8ecd-4368-bf09-1a3a7a961285/ENCFF082DUL.bam	https://datasetencode.blob.core.windows.net/dataset/2022/01/12/98cf691d-8ecd-4368-bf09-1a3a7a961285/ENCFF082DUL.bam?sv=2019-10-10&si=prod&sr=c&sig=9qSQZo4ggrCNpybBExU8SypuUZV33igI11xw0P7rB3c%3D	Lab custom GRCh38 V29	released			
ENCFF409XLY	bam	bam		alignments	GRCh38	ENCSR750YOM	eCLIP	/human-donors/ENCDO000AAD/	EFO:0002067	K562	cell line	Homo sapiens										ADAT1-human	RNA				ultraviolet irradiation	reverse	2022-11-16	ENCODE		see document	175-300	2	2_1		64					/files/ENCFF082DUL/	230840134	Gene Yeo, UCSD	6502821f5a8153d7a53e51ce65810930		https://www.encodeproject.org/files/ENCFF409XLY/@@download/ENCFF409XLY.bam	V29			released	s3://encode-public/2022/01/12/8c7dd064-2935-421b-b26f-dcd615f6bc65/ENCFF409XLY.bam	https://datasetencode.blob.core.windows.net/dataset/2022/01/12/8c7dd064-2935-421b-b26f-dcd615f6bc65/ENCFF409XLY.bam?sv=2019-10-10&si=prod&sr=c&sig=9qSQZo4ggrCNpybBExU8SypuUZV33igI11xw0P7rB3c%3D	Lab custom GRCh38 V29	released			
ENCFF043RMT	bam	bam		alignments	hg19	ENCSR589YHM	eCLIP	/human-donors/ENCDO000AAD/	EFO:0002067	K562	cell line	Homo sapiens										HLTF-human	RNA				ultraviolet irradiation	strand-specific	2016-04-26	ENCODE		see document	175-300	1	1_1		43					/files/ENCFF325PJW/, /files/ENCFF442CAN/	424507577	Gene Yeo, UCSD	a864ce93e83161b0e3d034ac0fae3ae1		https://www.encodeproject.org/files/ENCFF043RMT/@@download/ENCFF043RMT.bam				released	s3://encode-public/2016/03/17/7f035d9d-2d17-42ff-86a7-3b0685cc32fa/ENCFF043RMT.bam	https://datasetencode.blob.core.windows.net/dataset/2016/03/17/7f035d9d-2d17-42ff-86a7-3b0685cc32fa/ENCFF043RMT.bam?sv=2019-10-10&si=prod&sr=c&sig=9qSQZo4ggrCNpybBExU8SypuUZV33igI11xw0P7rB3c%3D	Lab custom hg19	archived	mixed read lengths		
ENCFF370ROE	bam	bam		alignments	hg19	ENCSR589YHM	eCLIP	/human-donors/ENCDO000AAD/	EFO:0002067	K562	cell line	Homo sapiens										HLTF-human	RNA				ultraviolet irradiation	strand-specific	2016-04-26	ENCODE		see document	175-300	2	2_1		43					/files/ENCFF538MPL/, /files/ENCFF814HAY/	448587934	Gene Yeo, UCSD	b3ee66a9d33c5eeeca9b6091db849bf3		https://www.encodeproject.org/files/ENCFF370ROE/@@download/ENCFF370ROE.bam				released	s3://encode-public/2016/03/17/bd0de4e3-4387-4044-a8e6-4230e959d8c4/ENCFF370ROE.bam	https://datasetencode.blob.core.windows.net/dataset/2016/03/17/bd0de4e3-4387-4044-a8e6-4230e959d8c4/ENCFF370ROE.bam?sv=2019-10-10&si=prod&sr=c&sig=9qSQZo4ggrCNpybBExU8SypuUZV33igI11xw0P7rB3c%3D	Lab custom hg19	archived	mixed read lengths		
ENCFF115CKY	bam	bam		alignments	GRCh38	ENCSR589YHM	eCLIP	/human-donors/ENCDO000AAD/	EFO:0002067	K562	cell line	Homo sapiens										HLTF-human	RNA				ultraviolet irradiation	strand-specific	2016-04-26	ENCODE		see document	175-300	1	1_1		43					/files/ENCFF325PJW/, /files/ENCFF442CAN/	415794083	Gene Yeo, UCSD	a7215a0e18b793e07f52c98971c56182		https://www.encodeproject.org/files/ENCFF115CKY/@@download/ENCFF115CKY.bam				released	s3://encode-public/2016/09/09/e677df21-bc98-4ae2-87fe-c134d5186818/ENCFF115CKY.bam	https://datasetencode.blob.core.windows.net/dataset/2016/09/09/e677df21-bc98-4ae2-87fe-c134d5186818/ENCFF115CKY.bam?sv=2019-10-10&si=prod&sr=c&sig=9qSQZo4ggrCNpybBExU8SypuUZV33igI11xw0P7rB3c%3D	Lab custom GRCh38	released	mixed read lengths		
ENCFF057MVG	bam	bam		alignments	GRCh38	ENCSR589YHM	eCLIP	/human-donors/ENCDO000AAD/	EFO:0002067	K562	cell line	Homo sapiens										HLTF-human	RNA				ultraviolet irradiation	strand-specific	2016-04-26	ENCODE		see document	175-300	2	2_1		43					/files/ENCFF538MPL/, /files/ENCFF814HAY/	439450900	Gene Yeo, UCSD	f0e5cf8ce728dd6abc41fd552fd467b6		https://www.encodeproject.org/files/ENCFF057MVG/@@download/ENCFF057MVG.bam				released	s3://encode-public/2016/09/09/bb55463f-b3df-4c89-8569-192a1b47f393/ENCFF057MVG.bam	https://datasetencode.blob.core.windows.net/dataset/2016/09/09/bb55463f-b3df-4c89-8569-192a1b47f393/ENCFF057MVG.bam?sv=2019-10-10&si=prod&sr=c&sig=9qSQZo4ggrCNpybBExU8SypuUZV33igI11xw0P7rB3c%3D	Lab custom GRCh38	released	mixed read lengths		
ENCFF963VIU	bam	bam		alignments	hg19	ENCSR769UEW	eCLIP	/human-donors/ENCDO000AAC/	EFO:0001187	HepG2	cell line	Homo sapiens										HNRNPA1-human	RNA				ultraviolet irradiation	strand-specific	2015-07-15	ENCODE		see document	175-300	1	1_1		43					/files/ENCFF068NOP/, /files/ENCFF224UUW/	1006528680	Gene Yeo, UCSD	5de33c458a06f17207d458cae781d61e		https://www.encodeproject.org/files/ENCFF963VIU/@@download/ENCFF963VIU.bam				released	s3://encode-public/2016/03/24/22086372-1ad7-4675-b24b-d28c3c0b611c/ENCFF963VIU.bam	https://datasetencode.blob.core.windows.net/dataset/2016/03/24/22086372-1ad7-4675-b24b-d28c3c0b611c/ENCFF963VIU.bam?sv=2019-10-10&si=prod&sr=c&sig=9qSQZo4ggrCNpybBExU8SypuUZV33igI11xw0P7rB3c%3D	Lab custom hg19	archived	mixed read lengths		
ENCFF804BLC	bam	bam		alignments	hg19	ENCSR769UEW	eCLIP	/human-donors/ENCDO000AAC/	EFO:0001187	HepG2	cell line	Homo sapiens										HNRNPA1-human	RNA				ultraviolet irradiation	strand-specific	2015-07-15	ENCODE		see document	175-300	2	2_1		40					/files/ENCFF997GSC/, /files/ENCFF361AWK/	510941448	Gene Yeo, UCSD	76e7e5b62704e78accc6a8ee3afacb63		https://www.encodeproject.org/files/ENCFF804BLC/@@download/ENCFF804BLC.bam				released	s3://encode-public/2016/03/24/64e38aaf-d9df-4461-9cae-7124b9944173/ENCFF804BLC.bam	https://datasetencode.blob.core.windows.net/dataset/2016/03/24/64e38aaf-d9df-4461-9cae-7124b9944173/ENCFF804BLC.bam?sv=2019-10-10&si=prod&sr=c&sig=9qSQZo4ggrCNpybBExU8SypuUZV33igI11xw0P7rB3c%3D	Lab custom hg19	archived	mixed read lengths		
ENCFF690NVV	bam	bam		alignments	GRCh38	ENCSR769UEW	eCLIP	/human-donors/ENCDO000AAC/	EFO:0001187	HepG2	cell line	Homo sapiens										HNRNPA1-human	RNA				ultraviolet irradiation	strand-specific	2015-07-15	ENCODE		see document	175-300	2	2_1		40					/files/ENCFF997GSC/, /files/ENCFF361AWK/	529351831	Gene Yeo, UCSD	07ea091365e5a25b13d6a2019a6bc739		https://www.encodeproject.org/files/ENCFF690NVV/@@download/ENCFF690NVV.bam				released	s3://encode-public/2016/09/09/c4727dd0-7e13-439e-aa94-1c1268e79373/ENCFF690NVV.bam	https://datasetencode.blob.core.windows.net/dataset/2016/09/09/c4727dd0-7e13-439e-aa94-1c1268e79373/ENCFF690NVV.bam?sv=2019-10-10&si=prod&sr=c&sig=9qSQZo4ggrCNpybBExU8SypuUZV33igI11xw0P7rB3c%3D	Lab custom GRCh38	released	mixed read lengths		
ENCFF330OFU	bam	bam		alignments	GRCh38	ENCSR769UEW	eCLIP	/human-donors/ENCDO000AAC/	EFO:0001187	HepG2	cell line	Homo sapiens										HNRNPA1-human	RNA				ultraviolet irradiation	strand-specific	2015-07-15	ENCODE		see document	175-300	1	1_1		43					/files/ENCFF068NOP/, /files/ENCFF224UUW/	1001251920	Gene Yeo, UCSD	d078175781e7430d44c319e8712fe950		https://www.encodeproject.org/files/ENCFF330OFU/@@download/ENCFF330OFU.bam				released	s3://encode-public/2016/09/09/98513536-7ec2-4660-80b1-8d8e32c8ac93/ENCFF330OFU.bam	https://datasetencode.blob.core.windows.net/dataset/2016/09/09/98513536-7ec2-4660-80b1-8d8e32c8ac93/ENCFF330OFU.bam?sv=2019-10-10&si=prod&sr=c&sig=9qSQZo4ggrCNpybBExU8SypuUZV33igI11xw0P7rB3c%3D	Lab custom GRCh38	released	mixed read lengths		
ENCFF665BIZ	bam	bam		alignments	hg19	ENCSR438GZQ	eCLIP	/human-donors/ENCDO000AAD/	EFO:0002067	K562	cell line	Homo sapiens										KHSRP-human	RNA				ultraviolet irradiation	strand-specific	2015-12-16	ENCODE		see document	175-300	2	2_1		43					/files/ENCFF538QCY/, /files/ENCFF901KIG/	1201401225	Gene Yeo, UCSD	051dcba7ae7eca3ddc720cb136d6a954		https://www.encodeproject.org/files/ENCFF665BIZ/@@download/ENCFF665BIZ.bam				released	s3://encode-public/2016/03/24/fa350a90-7a29-4486-a0ca-0c9e42fc2767/ENCFF665BIZ.bam	https://datasetencode.blob.core.windows.net/dataset/2016/03/24/fa350a90-7a29-4486-a0ca-0c9e42fc2767/ENCFF665BIZ.bam?sv=2019-10-10&si=prod&sr=c&sig=9qSQZo4ggrCNpybBExU8SypuUZV33igI11xw0P7rB3c%3D	Lab custom hg19	archived	mixed read lengths		
ENCFF133EJA	bam	bam		alignments	hg19	ENCSR438GZQ	eCLIP	/human-donors/ENCDO000AAD/	EFO:0002067	K562	cell line	Homo sapiens										KHSRP-human	RNA				ultraviolet irradiation	strand-specific	2015-12-16	ENCODE		see document	175-300	1	1_1		43					/files/ENCFF014LLF/, /files/ENCFF973MWU/	1132274336	Gene Yeo, UCSD	9cb79d866018062d552f1b8fdcd8c8da		https://www.encodeproject.org/files/ENCFF133EJA/@@download/ENCFF133EJA.bam				released	s3://encode-public/2016/03/24/aa3383f3-5ff3-422f-b6b6-d3262e192f68/ENCFF133EJA.bam	https://datasetencode.blob.core.windows.net/dataset/2016/03/24/aa3383f3-5ff3-422f-b6b6-d3262e192f68/ENCFF133EJA.bam?sv=2019-10-10&si=prod&sr=c&sig=9qSQZo4ggrCNpybBExU8SypuUZV33igI11xw0P7rB3c%3D	Lab custom hg19	archived	mixed read lengths		
ENCFF698TGL	bam	bam		alignments	GRCh38	ENCSR438GZQ	eCLIP	/human-donors/ENCDO000AAD/	EFO:0002067	K562	cell line	Homo sapiens										KHSRP-human	RNA				ultraviolet irradiation	strand-specific	2015-12-16	ENCODE		see document	175-300	1	1_1		43					/files/ENCFF014LLF/, /files/ENCFF973MWU/	1109294855	Gene Yeo, UCSD	a7018325b268f9ffdd2540c928640680		https://www.encodeproject.org/files/ENCFF698TGL/@@download/ENCFF698TGL.bam				released	s3://encode-public/2016/09/09/22be7e5e-b483-4cff-82f6-8cc83643fa74/ENCFF698TGL.bam	https://datasetencode.blob.core.windows.net/dataset/2016/09/09/22be7e5e-b483-4cff-82f6-8cc83643fa74/ENCFF698TGL.bam?sv=2019-10-10&si=prod&sr=c&sig=9qSQZo4ggrCNpybBExU8SypuUZV33igI11xw0P7rB3c%3D	Lab custom GRCh38	released	mixed read lengths		
ENCFF394THC	bam	bam		alignments	GRCh38	ENCSR438GZQ	eCLIP	/human-donors/ENCDO000AAD/	EFO:0002067	K562	cell line	Homo sapiens										KHSRP-human	RNA				ultraviolet irradiation	strand-specific	2015-12-16	ENCODE		see document	175-300	2	2_1		43					/files/ENCFF538QCY/, /files/ENCFF901KIG/	1173261171	Gene Yeo, UCSD	4548e45ce2ce3fce5ad1adec5057a02d		https://www.encodeproject.org/files/ENCFF394THC/@@download/ENCFF394THC.bam				released	s3://encode-public/2016/09/09/77f86373-cff6-46e2-babd-3e57a4bfc8c1/ENCFF394THC.bam	https://datasetencode.blob.core.windows.net/dataset/2016/09/09/77f86373-cff6-46e2-babd-3e57a4bfc8c1/ENCFF394THC.bam?sv=2019-10-10&si=prod&sr=c&sig=9qSQZo4ggrCNpybBExU8SypuUZV33igI11xw0P7rB3c%3D	Lab custom GRCh38	released	mixed read lengths		
ENCFF362IRW	bam	bam		alignments	hg19	ENCSR001VAC	eCLIP	/human-donors/ENCDO000AAD/	EFO:0002067	K562	cell line	Homo sapiens										NOLC1-human	RNA				ultraviolet irradiation	strand-specific	2017-11-19	ENCODE		see document	175-300	2	2_1		35					/files/ENCFF498BYQ/, /files/ENCFF678KRL/	482936400	Gene Yeo, UCSD	4008251eb9586004b323c078c83715a7		https://www.encodeproject.org/files/ENCFF362IRW/@@download/ENCFF362IRW.bam				released	s3://encode-public/2016/03/11/75f3c5a4-5964-4c14-bd60-424a8f13c29b/ENCFF362IRW.bam	https://datasetencode.blob.core.windows.net/dataset/2016/03/11/75f3c5a4-5964-4c14-bd60-424a8f13c29b/ENCFF362IRW.bam?sv=2019-10-10&si=prod&sr=c&sig=9qSQZo4ggrCNpybBExU8SypuUZV33igI11xw0P7rB3c%3D	Lab custom hg19	archived			
ENCFF624HKO	bam	bam		alignments	hg19	ENCSR001VAC	eCLIP	/human-donors/ENCDO000AAD/	EFO:0002067	K562	cell line	Homo sapiens										NOLC1-human	RNA				ultraviolet irradiation	strand-specific	2017-11-19	ENCODE		see document	175-300	1	1_1		35					/files/ENCFF120UIK/, /files/ENCFF974GXQ/	299270092	Gene Yeo, UCSD	7b311b65f44c5986bf647c6a7462bf66		https://www.encodeproject.org/files/ENCFF624HKO/@@download/ENCFF624HKO.bam				released	s3://encode-public/2016/03/11/8f4f3040-216e-4d22-ac1a-03c6dd6ef287/ENCFF624HKO.bam	https://datasetencode.blob.core.windows.net/dataset/2016/03/11/8f4f3040-216e-4d22-ac1a-03c6dd6ef287/ENCFF624HKO.bam?sv=2019-10-10&si=prod&sr=c&sig=9qSQZo4ggrCNpybBExU8SypuUZV33igI11xw0P7rB3c%3D	Lab custom hg19	archived			
ENCFF315OLY	bam	bam		alignments	GRCh38	ENCSR001VAC	eCLIP	/human-donors/ENCDO000AAD/	EFO:0002067	K562	cell line	Homo sapiens										NOLC1-human	RNA				ultraviolet irradiation	strand-specific	2017-11-19	ENCODE		see document	175-300	2	2_1		35					/files/ENCFF498BYQ/, /files/ENCFF678KRL/	459581447	Gene Yeo, UCSD	a6b54c2501f2c855c62ccc96ba36a8cb		https://www.encodeproject.org/files/ENCFF315OLY/@@download/ENCFF315OLY.bam				released	s3://encode-public/2016/09/09/779fef7c-96c2-4414-ae2a-9168596beb34/ENCFF315OLY.bam	https://datasetencode.blob.core.windows.net/dataset/2016/09/09/779fef7c-96c2-4414-ae2a-9168596beb34/ENCFF315OLY.bam?sv=2019-10-10&si=prod&sr=c&sig=9qSQZo4ggrCNpybBExU8SypuUZV33igI11xw0P7rB3c%3D	Lab custom GRCh38	released			
ENCFF102JHG	bam	bam		alignments	GRCh38	ENCSR001VAC	eCLIP	/human-donors/ENCDO000AAD/	EFO:0002067	K562	cell line	Homo sapiens										NOLC1-human	RNA				ultraviolet irradiation	strand-specific	2017-11-19	ENCODE		see document	175-300	1	1_1		35					/files/ENCFF120UIK/, /files/ENCFF974GXQ/	286557427	Gene Yeo, UCSD	feae3534f100ee4ea45cc51c9229c9ec		https://www.encodeproject.org/files/ENCFF102JHG/@@download/ENCFF102JHG.bam				released	s3://encode-public/2016/09/09/6716c4b8-7b21-4443-8d0a-6aab9f4ac5d0/ENCFF102JHG.bam	https://datasetencode.blob.core.windows.net/dataset/2016/09/09/6716c4b8-7b21-4443-8d0a-6aab9f4ac5d0/ENCFF102JHG.bam?sv=2019-10-10&si=prod&sr=c&sig=9qSQZo4ggrCNpybBExU8SypuUZV33igI11xw0P7rB3c%3D	Lab custom GRCh38	released			
ENCFF719KGK	bam	bam		alignments	hg19	ENCSR290VLT	eCLIP	/human-donors/ENCDO000AAC/	EFO:0001187	HepG2	cell line	Homo sapiens										MATR3-human	RNA				ultraviolet irradiation	strand-specific	2018-04-24	ENCODE		see document	175-300	2	2_1		39					/files/ENCFF891MFI/, /files/ENCFF527QLM/	378830749	Gene Yeo, UCSD	89cdd2e549cdbb0909286fcd8be9c272		https://www.encodeproject.org/files/ENCFF719KGK/@@download/ENCFF719KGK.bam				released	s3://encode-public/2016/08/04/bc0ec114-4e6e-47f0-920a-960888715e99/ENCFF719KGK.bam	https://datasetencode.blob.core.windows.net/dataset/2016/08/04/bc0ec114-4e6e-47f0-920a-960888715e99/ENCFF719KGK.bam?sv=2019-10-10&si=prod&sr=c&sig=9qSQZo4ggrCNpybBExU8SypuUZV33igI11xw0P7rB3c%3D	Lab custom hg19	archived			
ENCFF764PHF	bam	bam		alignments	hg19	ENCSR290VLT	eCLIP	/human-donors/ENCDO000AAC/	EFO:0001187	HepG2	cell line	Homo sapiens										MATR3-human	RNA				ultraviolet irradiation	strand-specific	2018-04-24	ENCODE		see document	175-300	1	1_1		40					/files/ENCFF453ITV/, /files/ENCFF927IJF/	546170714	Gene Yeo, UCSD	620efdcd447fdb7631b7a28d76292986		https://www.encodeproject.org/files/ENCFF764PHF/@@download/ENCFF764PHF.bam				released	s3://encode-public/2016/08/04/45a5133d-9f41-42d0-83f7-8728544d14b0/ENCFF764PHF.bam	https://datasetencode.blob.core.windows.net/dataset/2016/08/04/45a5133d-9f41-42d0-83f7-8728544d14b0/ENCFF764PHF.bam?sv=2019-10-10&si=prod&sr=c&sig=9qSQZo4ggrCNpybBExU8SypuUZV33igI11xw0P7rB3c%3D	Lab custom hg19	archived			
ENCFF601NWD	bam	bam		alignments	GRCh38	ENCSR290VLT	eCLIP	/human-donors/ENCDO000AAC/	EFO:0001187	HepG2	cell line	Homo sapiens										MATR3-human	RNA				ultraviolet irradiation	strand-specific	2018-04-24	ENCODE		see document	175-300	2	2_1		39					/files/ENCFF891MFI/, /files/ENCFF527QLM/	350924840	Gene Yeo, UCSD	620b72afb962b2a578b9ddecb9a0575a		https://www.encodeproject.org/files/ENCFF601NWD/@@download/ENCFF601NWD.bam				released	s3://encode-public/2016/09/09/33acec19-d925-4015-a397-95d4fbd6eaf7/ENCFF601NWD.bam	https://datasetencode.blob.core.windows.net/dataset/2016/09/09/33acec19-d925-4015-a397-95d4fbd6eaf7/ENCFF601NWD.bam?sv=2019-10-10&si=prod&sr=c&sig=9qSQZo4ggrCNpybBExU8SypuUZV33igI11xw0P7rB3c%3D	Lab custom GRCh38	released			
ENCFF619UHD	bam	bam		alignments	GRCh38	ENCSR290VLT	eCLIP	/human-donors/ENCDO000AAC/	EFO:0001187	HepG2	cell line	Homo sapiens										MATR3-human	RNA				ultraviolet irradiation	strand-specific	2018-04-24	ENCODE		see document	175-300	1	1_1		40					/files/ENCFF453ITV/, /files/ENCFF927IJF/	528858144	Gene Yeo, UCSD	3f7b542aedd760609e88a08a62b37cfb		https://www.encodeproject.org/files/ENCFF619UHD/@@download/ENCFF619UHD.bam				released	s3://encode-public/2016/09/09/db6473ec-a0f2-48f4-a11f-6a49085a0d3b/ENCFF619UHD.bam	https://datasetencode.blob.core.windows.net/dataset/2016/09/09/db6473ec-a0f2-48f4-a11f-6a49085a0d3b/ENCFF619UHD.bam?sv=2019-10-10&si=prod&sr=c&sig=9qSQZo4ggrCNpybBExU8SypuUZV33igI11xw0P7rB3c%3D	Lab custom GRCh38	released			
ENCFF869PNM	bam	bam		alignments	hg19	ENCSR550DVK	eCLIP	/human-donors/ENCDO000AAC/	EFO:0001187	HepG2	cell line	Homo sapiens										HNRNPC-human	RNA				ultraviolet irradiation	strand-specific	2015-11-09	ENCODE		see document	175-300	2	2_1		48					/files/ENCFF035QUK/, /files/ENCFF065BIC/	824030355	Gene Yeo, UCSD	90a60568f2ec49c07cfea93fa81ab74d		https://www.encodeproject.org/files/ENCFF869PNM/@@download/ENCFF869PNM.bam				released	s3://encode-public/2016/03/23/e60b9f24-4345-4181-a376-2d7518b4092e/ENCFF869PNM.bam	https://datasetencode.blob.core.windows.net/dataset/2016/03/23/e60b9f24-4345-4181-a376-2d7518b4092e/ENCFF869PNM.bam?sv=2019-10-10&si=prod&sr=c&sig=9qSQZo4ggrCNpybBExU8SypuUZV33igI11xw0P7rB3c%3D	Lab custom hg19	archived	mixed read lengths		
ENCFF736ZQQ	bam	bam		alignments	hg19	ENCSR550DVK	eCLIP	/human-donors/ENCDO000AAC/	EFO:0001187	HepG2	cell line	Homo sapiens										HNRNPC-human	RNA				ultraviolet irradiation	strand-specific	2015-11-09	ENCODE		see document	175-300	1	1_1		45					/files/ENCFF584MZO/, /files/ENCFF040BGS/	1126832924	Gene Yeo, UCSD	f626b9aac2bb8ba4d651375255f2031f		https://www.encodeproject.org/files/ENCFF736ZQQ/@@download/ENCFF736ZQQ.bam				released	s3://encode-public/2016/03/23/8c2b3c64-9f4f-4ad9-90a0-7864f4b9c9ae/ENCFF736ZQQ.bam	https://datasetencode.blob.core.windows.net/dataset/2016/03/23/8c2b3c64-9f4f-4ad9-90a0-7864f4b9c9ae/ENCFF736ZQQ.bam?sv=2019-10-10&si=prod&sr=c&sig=9qSQZo4ggrCNpybBExU8SypuUZV33igI11xw0P7rB3c%3D	Lab custom hg19	archived	mixed read lengths		
ENCFF162FHQ	bam	bam		alignments	GRCh38	ENCSR550DVK	eCLIP	/human-donors/ENCDO000AAC/	EFO:0001187	HepG2	cell line	Homo sapiens										HNRNPC-human	RNA				ultraviolet irradiation	strand-specific	2015-11-09	ENCODE		see document	175-300	2	2_1		48					/files/ENCFF035QUK/, /files/ENCFF065BIC/	819109195	Gene Yeo, UCSD	e923f9e8162b081a9181fe3ecdd6299a		https://www.encodeproject.org/files/ENCFF162FHQ/@@download/ENCFF162FHQ.bam				released	s3://encode-public/2016/09/06/efb669a8-bacc-4e02-bc9d-c2129536e3ff/ENCFF162FHQ.bam	https://datasetencode.blob.core.windows.net/dataset/2016/09/06/efb669a8-bacc-4e02-bc9d-c2129536e3ff/ENCFF162FHQ.bam?sv=2019-10-10&si=prod&sr=c&sig=9qSQZo4ggrCNpybBExU8SypuUZV33igI11xw0P7rB3c%3D	Lab custom GRCh38	released	mixed read lengths		
ENCFF630YNF	bam	bam		alignments	GRCh38	ENCSR550DVK	eCLIP	/human-donors/ENCDO000AAC/	EFO:0001187	HepG2	cell line	Homo sapiens										HNRNPC-human	RNA				ultraviolet irradiation	strand-specific	2015-11-09	ENCODE		see document	175-300	1	1_1		45					/files/ENCFF584MZO/, /files/ENCFF040BGS/	1139754697	Gene Yeo, UCSD	51eade0ea16c8499ef86c3f1668ecc56		https://www.encodeproject.org/files/ENCFF630YNF/@@download/ENCFF630YNF.bam				released	s3://encode-public/2016/09/06/c95de0a4-56e0-4a42-8fc6-dd4491b784cb/ENCFF630YNF.bam	https://datasetencode.blob.core.windows.net/dataset/2016/09/06/c95de0a4-56e0-4a42-8fc6-dd4491b784cb/ENCFF630YNF.bam?sv=2019-10-10&si=prod&sr=c&sig=9qSQZo4ggrCNpybBExU8SypuUZV33igI11xw0P7rB3c%3D	Lab custom GRCh38	released	mixed read lengths		
ENCFF171ATE	bam	bam		alignments	hg19	ENCSR861PAR	eCLIP	/human-donors/ENCDO000AAD/	EFO:0002067	K562	cell line	Homo sapiens										NONO-human	RNA				ultraviolet irradiation	strand-specific	2015-11-09	ENCODE		see document	175-300	1	1_1		35					/files/ENCFF109GPL/, /files/ENCFF896KWG/	612254413	Gene Yeo, UCSD	b21044d416112ccc174745abec7941a1		https://www.encodeproject.org/files/ENCFF171ATE/@@download/ENCFF171ATE.bam				released	s3://encode-public/2016/03/24/d112cfbb-77f4-4312-af4e-ed20191404e2/ENCFF171ATE.bam	https://datasetencode.blob.core.windows.net/dataset/2016/03/24/d112cfbb-77f4-4312-af4e-ed20191404e2/ENCFF171ATE.bam?sv=2019-10-10&si=prod&sr=c&sig=9qSQZo4ggrCNpybBExU8SypuUZV33igI11xw0P7rB3c%3D	Lab custom hg19	archived			
ENCFF224NTR	bam	bam		alignments	hg19	ENCSR861PAR	eCLIP	/human-donors/ENCDO000AAD/	EFO:0002067	K562	cell line	Homo sapiens										NONO-human	RNA				ultraviolet irradiation	strand-specific	2015-11-09	ENCODE		see document	175-300	2	2_1		35					/files/ENCFF724ERL/, /files/ENCFF008LDP/	494924279	Gene Yeo, UCSD	19b77740a85693754cdd93e6c838f06c		https://www.encodeproject.org/files/ENCFF224NTR/@@download/ENCFF224NTR.bam				released	s3://encode-public/2016/03/24/c2e1401f-66ef-4e9d-8257-7d6a3efc7d95/ENCFF224NTR.bam	https://datasetencode.blob.core.windows.net/dataset/2016/03/24/c2e1401f-66ef-4e9d-8257-7d6a3efc7d95/ENCFF224NTR.bam?sv=2019-10-10&si=prod&sr=c&sig=9qSQZo4ggrCNpybBExU8SypuUZV33igI11xw0P7rB3c%3D	Lab custom hg19	archived			
ENCFF888NYK	bam	bam		alignments	GRCh38	ENCSR861PAR	eCLIP	/human-donors/ENCDO000AAD/	EFO:0002067	K562	cell line	Homo sapiens										NONO-human	RNA				ultraviolet irradiation	strand-specific	2015-11-09	ENCODE		see document	175-300	2	2_1		35					/files/ENCFF724ERL/, /files/ENCFF008LDP/	470648721	Gene Yeo, UCSD	c4d128004bea99d72c999c12b19dbeba		https://www.encodeproject.org/files/ENCFF888NYK/@@download/ENCFF888NYK.bam				released	s3://encode-public/2016/09/09/cb8ee233-6fe7-4609-9f78-e06340baf03c/ENCFF888NYK.bam	https://datasetencode.blob.core.windows.net/dataset/2016/09/09/cb8ee233-6fe7-4609-9f78-e06340baf03c/ENCFF888NYK.bam?sv=2019-10-10&si=prod&sr=c&sig=9qSQZo4ggrCNpybBExU8SypuUZV33igI11xw0P7rB3c%3D	Lab custom GRCh38	released			
ENCFF351ATM	bam	bam		alignments	GRCh38	ENCSR861PAR	eCLIP	/human-donors/ENCDO000AAD/	EFO:0002067	K562	cell line	Homo sapiens										NONO-human	RNA				ultraviolet irradiation	strand-specific	2015-11-09	ENCODE		see document	175-300	1	1_1		35					/files/ENCFF109GPL/, /files/ENCFF896KWG/	586369132	Gene Yeo, UCSD	b07efb5c4e6ba960a2ddf0b1cf837c6c		https://www.encodeproject.org/files/ENCFF351ATM/@@download/ENCFF351ATM.bam				released	s3://encode-public/2016/09/09/f850b877-3e77-46ea-9e16-ba2d1d141682/ENCFF351ATM.bam	https://datasetencode.blob.core.windows.net/dataset/2016/09/09/f850b877-3e77-46ea-9e16-ba2d1d141682/ENCFF351ATM.bam?sv=2019-10-10&si=prod&sr=c&sig=9qSQZo4ggrCNpybBExU8SypuUZV33igI11xw0P7rB3c%3D	Lab custom GRCh38	released			
ENCFF352NIP	bam	bam		alignments	hg19	ENCSR867ZVK	eCLIP	/human-donors/ENCDO000AAD/	EFO:0002067	K562	cell line	Homo sapiens										YWHAG-human	RNA				ultraviolet irradiation	strand-specific	2015-11-09	ENCODE		see document	175-300	2	2_1		35					/files/ENCFF010GZO/, /files/ENCFF803FES/	180966414	Gene Yeo, UCSD	bc31594bdb62726b763284160fd2c3ae		https://www.encodeproject.org/files/ENCFF352NIP/@@download/ENCFF352NIP.bam				released	s3://encode-public/2016/03/24/c81320cb-2a63-4fe2-a935-7c91aa090955/ENCFF352NIP.bam	https://datasetencode.blob.core.windows.net/dataset/2016/03/24/c81320cb-2a63-4fe2-a935-7c91aa090955/ENCFF352NIP.bam?sv=2019-10-10&si=prod&sr=c&sig=9qSQZo4ggrCNpybBExU8SypuUZV33igI11xw0P7rB3c%3D	Lab custom hg19	archived			
ENCFF463WLQ	bam	bam		alignments	hg19	ENCSR867ZVK	eCLIP	/human-donors/ENCDO000AAD/	EFO:0002067	K562	cell line	Homo sapiens										YWHAG-human	RNA				ultraviolet irradiation	strand-specific	2015-11-09	ENCODE		see document	175-300	1	1_1		35					/files/ENCFF498FKK/, /files/ENCFF973PMP/	217210695	Gene Yeo, UCSD	978d33580ee6f0e2723ee806961b97e5		https://www.encodeproject.org/files/ENCFF463WLQ/@@download/ENCFF463WLQ.bam				released	s3://encode-public/2016/03/24/9753fec3-bcfa-4990-aa50-1c470fa79cbe/ENCFF463WLQ.bam	https://datasetencode.blob.core.windows.net/dataset/2016/03/24/9753fec3-bcfa-4990-aa50-1c470fa79cbe/ENCFF463WLQ.bam?sv=2019-10-10&si=prod&sr=c&sig=9qSQZo4ggrCNpybBExU8SypuUZV33igI11xw0P7rB3c%3D	Lab custom hg19	archived			
ENCFF186FHG	bam	bam		alignments	GRCh38	ENCSR867ZVK	eCLIP	/human-donors/ENCDO000AAD/	EFO:0002067	K562	cell line	Homo sapiens										YWHAG-human	RNA				ultraviolet irradiation	strand-specific	2015-11-09	ENCODE		see document	175-300	1	1_1		35					/files/ENCFF498FKK/, /files/ENCFF973PMP/	207927856	Gene Yeo, UCSD	cc65b928daa24c58baa5d367cbe9cc89		https://www.encodeproject.org/files/ENCFF186FHG/@@download/ENCFF186FHG.bam				released	s3://encode-public/2016/09/09/2b2bfd98-7ce0-404f-bfa5-5ed6ceb88dcc/ENCFF186FHG.bam	https://datasetencode.blob.core.windows.net/dataset/2016/09/09/2b2bfd98-7ce0-404f-bfa5-5ed6ceb88dcc/ENCFF186FHG.bam?sv=2019-10-10&si=prod&sr=c&sig=9qSQZo4ggrCNpybBExU8SypuUZV33igI11xw0P7rB3c%3D	Lab custom GRCh38	released			
ENCFF052ORJ	bam	bam		alignments	GRCh38	ENCSR867ZVK	eCLIP	/human-donors/ENCDO000AAD/	EFO:0002067	K562	cell line	Homo sapiens										YWHAG-human	RNA				ultraviolet irradiation	strand-specific	2015-11-09	ENCODE		see document	175-300	2	2_1		35					/files/ENCFF010GZO/, /files/ENCFF803FES/	171432053	Gene Yeo, UCSD	571878f704d3bd0b525ef4b3140dc14d		https://www.encodeproject.org/files/ENCFF052ORJ/@@download/ENCFF052ORJ.bam				released	s3://encode-public/2016/09/09/97ec313b-9439-45b6-903f-ddea519eeadb/ENCFF052ORJ.bam	https://datasetencode.blob.core.windows.net/dataset/2016/09/09/97ec313b-9439-45b6-903f-ddea519eeadb/ENCFF052ORJ.bam?sv=2019-10-10&si=prod&sr=c&sig=9qSQZo4ggrCNpybBExU8SypuUZV33igI11xw0P7rB3c%3D	Lab custom GRCh38	released			
ENCFF827JFL	bam	bam		alignments	hg19	ENCSR061EVO	eCLIP	/human-donors/ENCDO000AAC/	EFO:0001187	HepG2	cell line	Homo sapiens										SND1-human	RNA				ultraviolet irradiation	strand-specific	2015-11-09	ENCODE		see document	175-300	1	1_1		40					/files/ENCFF886NVW/, /files/ENCFF169YJW/	272067039	Gene Yeo, UCSD	b95745f2935c55e3c6939b8fd5d6dfe3		https://www.encodeproject.org/files/ENCFF827JFL/@@download/ENCFF827JFL.bam				released	s3://encode-public/2016/03/24/92187ca8-2684-4a04-8761-f7a7d91bb62b/ENCFF827JFL.bam	https://datasetencode.blob.core.windows.net/dataset/2016/03/24/92187ca8-2684-4a04-8761-f7a7d91bb62b/ENCFF827JFL.bam?sv=2019-10-10&si=prod&sr=c&sig=9qSQZo4ggrCNpybBExU8SypuUZV33igI11xw0P7rB3c%3D	Lab custom hg19	archived	mixed read lengths		
ENCFF174TXM	bam	bam		alignments	hg19	ENCSR061EVO	eCLIP	/human-donors/ENCDO000AAC/	EFO:0001187	HepG2	cell line	Homo sapiens										SND1-human	RNA				ultraviolet irradiation	strand-specific	2015-11-09	ENCODE		see document	175-300	2	2_1		40					/files/ENCFF303YBI/, /files/ENCFF335KAS/	229214119	Gene Yeo, UCSD	8d869a5b34b6828f65c4feb461fdddcb		https://www.encodeproject.org/files/ENCFF174TXM/@@download/ENCFF174TXM.bam				released	s3://encode-public/2016/03/24/2c5d5466-1bd5-40d6-8fd3-a72619b35578/ENCFF174TXM.bam	https://datasetencode.blob.core.windows.net/dataset/2016/03/24/2c5d5466-1bd5-40d6-8fd3-a72619b35578/ENCFF174TXM.bam?sv=2019-10-10&si=prod&sr=c&sig=9qSQZo4ggrCNpybBExU8SypuUZV33igI11xw0P7rB3c%3D	Lab custom hg19	archived	mixed read lengths		
ENCFF655NIG	bam	bam		alignments	GRCh38	ENCSR061EVO	eCLIP	/human-donors/ENCDO000AAC/	EFO:0001187	HepG2	cell line	Homo sapiens										SND1-human	RNA				ultraviolet irradiation	strand-specific	2015-11-09	ENCODE		see document	175-300	2	2_1		40					/files/ENCFF303YBI/, /files/ENCFF335KAS/	230901238	Gene Yeo, UCSD	025c8255aa6c9f76c334531b09f2fddf		https://www.encodeproject.org/files/ENCFF655NIG/@@download/ENCFF655NIG.bam				released	s3://encode-public/2016/09/09/f583311b-7e3b-42f7-80a1-2954c7965f12/ENCFF655NIG.bam	https://datasetencode.blob.core.windows.net/dataset/2016/09/09/f583311b-7e3b-42f7-80a1-2954c7965f12/ENCFF655NIG.bam?sv=2019-10-10&si=prod&sr=c&sig=9qSQZo4ggrCNpybBExU8SypuUZV33igI11xw0P7rB3c%3D	Lab custom GRCh38	released	mixed read lengths		
ENCFF296HGS	bam	bam		alignments	GRCh38	ENCSR061EVO	eCLIP	/human-donors/ENCDO000AAC/	EFO:0001187	HepG2	cell line	Homo sapiens										SND1-human	RNA				ultraviolet irradiation	strand-specific	2015-11-09	ENCODE		see document	175-300	1	1_1		40					/files/ENCFF886NVW/, /files/ENCFF169YJW/	272243097	Gene Yeo, UCSD	4488758d1db2ce6193ec5e307c14c227		https://www.encodeproject.org/files/ENCFF296HGS/@@download/ENCFF296HGS.bam				released	s3://encode-public/2016/09/09/66096c30-77ef-427d-af25-68d8a46fa4c5/ENCFF296HGS.bam	https://datasetencode.blob.core.windows.net/dataset/2016/09/09/66096c30-77ef-427d-af25-68d8a46fa4c5/ENCFF296HGS.bam?sv=2019-10-10&si=prod&sr=c&sig=9qSQZo4ggrCNpybBExU8SypuUZV33igI11xw0P7rB3c%3D	Lab custom GRCh38	released	mixed read lengths		
ENCFF259ZLG	bam	bam		alignments	hg19	ENCSR565DGW	eCLIP	/human-donors/ENCDO000AAC/	EFO:0001187	HepG2	cell line	Homo sapiens										DHX30-human	RNA				ultraviolet irradiation	strand-specific	2016-08-19	ENCODE		see document	175-300	2	2_1		41					/files/ENCFF831CXB/, /files/ENCFF827KOV/	225956576	Gene Yeo, UCSD	b9f6e1e50483476ed3e26e92886b45b0		https://www.encodeproject.org/files/ENCFF259ZLG/@@download/ENCFF259ZLG.bam				released	s3://encode-public/2016/08/04/88edc5d5-c4ec-49ea-b99e-4646c39601ee/ENCFF259ZLG.bam	https://datasetencode.blob.core.windows.net/dataset/2016/08/04/88edc5d5-c4ec-49ea-b99e-4646c39601ee/ENCFF259ZLG.bam?sv=2019-10-10&si=prod&sr=c&sig=9qSQZo4ggrCNpybBExU8SypuUZV33igI11xw0P7rB3c%3D	Lab custom hg19	archived			
ENCFF678OCJ	bam	bam		alignments	hg19	ENCSR565DGW	eCLIP	/human-donors/ENCDO000AAC/	EFO:0001187	HepG2	cell line	Homo sapiens										DHX30-human	RNA				ultraviolet irradiation	strand-specific	2016-08-19	ENCODE		see document	175-300	1	1_1		41					/files/ENCFF797NFN/, /files/ENCFF969FSD/	290369691	Gene Yeo, UCSD	fde764c0555017c3b2e2d8bc3016983f		https://www.encodeproject.org/files/ENCFF678OCJ/@@download/ENCFF678OCJ.bam				released	s3://encode-public/2016/08/04/2daa509d-c355-4fe2-a91a-6c9dcf3242c0/ENCFF678OCJ.bam	https://datasetencode.blob.core.windows.net/dataset/2016/08/04/2daa509d-c355-4fe2-a91a-6c9dcf3242c0/ENCFF678OCJ.bam?sv=2019-10-10&si=prod&sr=c&sig=9qSQZo4ggrCNpybBExU8SypuUZV33igI11xw0P7rB3c%3D	Lab custom hg19	archived			
ENCFF705YYZ	bam	bam		alignments	GRCh38	ENCSR565DGW	eCLIP	/human-donors/ENCDO000AAC/	EFO:0001187	HepG2	cell line	Homo sapiens										DHX30-human	RNA				ultraviolet irradiation	strand-specific	2016-08-19	ENCODE		see document	175-300	1	1_1		41					/files/ENCFF797NFN/, /files/ENCFF969FSD/	280333750	Gene Yeo, UCSD	fae30adcbba0a0d001fcc30fcb7ac5d3		https://www.encodeproject.org/files/ENCFF705YYZ/@@download/ENCFF705YYZ.bam				released	s3://encode-public/2016/09/09/160c0e02-6500-4e75-b92d-a3cda07a71dd/ENCFF705YYZ.bam	https://datasetencode.blob.core.windows.net/dataset/2016/09/09/160c0e02-6500-4e75-b92d-a3cda07a71dd/ENCFF705YYZ.bam?sv=2019-10-10&si=prod&sr=c&sig=9qSQZo4ggrCNpybBExU8SypuUZV33igI11xw0P7rB3c%3D	Lab custom GRCh38	released			
ENCFF809XHX	bam	bam		alignments	GRCh38	ENCSR565DGW	eCLIP	/human-donors/ENCDO000AAC/	EFO:0001187	HepG2	cell line	Homo sapiens										DHX30-human	RNA				ultraviolet irradiation	strand-specific	2016-08-19	ENCODE		see document	175-300	2	2_1		41					/files/ENCFF831CXB/, /files/ENCFF827KOV/	215465307	Gene Yeo, UCSD	762c6285546a9939e551e233380bf817		https://www.encodeproject.org/files/ENCFF809XHX/@@download/ENCFF809XHX.bam				released	s3://encode-public/2016/09/09/b4027efb-5f83-4cb1-bd61-7cf8d8a9f59f/ENCFF809XHX.bam	https://datasetencode.blob.core.windows.net/dataset/2016/09/09/b4027efb-5f83-4cb1-bd61-7cf8d8a9f59f/ENCFF809XHX.bam?sv=2019-10-10&si=prod&sr=c&sig=9qSQZo4ggrCNpybBExU8SypuUZV33igI11xw0P7rB3c%3D	Lab custom GRCh38	released			
ENCFF284OHP	bam	bam		alignments	hg19	ENCSR805SRN	eCLIP	/human-donors/ENCDO000AAC/	EFO:0001187	HepG2	cell line	Homo sapiens										LARP4-human	RNA				ultraviolet irradiation	strand-specific	2016-04-26	ENCODE		see document	175-300	1	1_1		35					/files/ENCFF365UUW/, /files/ENCFF276CTM/	524197786	Gene Yeo, UCSD	1ee491bef7d181ada370e769aeb548b9		https://www.encodeproject.org/files/ENCFF284OHP/@@download/ENCFF284OHP.bam				released	s3://encode-public/2016/03/11/0e109ab0-1288-4337-8754-ad45063b2e89/ENCFF284OHP.bam	https://datasetencode.blob.core.windows.net/dataset/2016/03/11/0e109ab0-1288-4337-8754-ad45063b2e89/ENCFF284OHP.bam?sv=2019-10-10&si=prod&sr=c&sig=9qSQZo4ggrCNpybBExU8SypuUZV33igI11xw0P7rB3c%3D	Lab custom hg19	archived			
ENCFF080EMQ	bam	bam		alignments	hg19	ENCSR805SRN	eCLIP	/human-donors/ENCDO000AAC/	EFO:0001187	HepG2	cell line	Homo sapiens										LARP4-human	RNA				ultraviolet irradiation	strand-specific	2016-04-26	ENCODE		see document	175-300	2	2_1		35					/files/ENCFF362EMN/, /files/ENCFF163HLQ/	514521334	Gene Yeo, UCSD	7afedb04fecc5b8f97d13ea5ce03a016		https://www.encodeproject.org/files/ENCFF080EMQ/@@download/ENCFF080EMQ.bam				released	s3://encode-public/2016/03/11/788e49f6-c63a-4c1a-9821-1dbced095db3/ENCFF080EMQ.bam	https://datasetencode.blob.core.windows.net/dataset/2016/03/11/788e49f6-c63a-4c1a-9821-1dbced095db3/ENCFF080EMQ.bam?sv=2019-10-10&si=prod&sr=c&sig=9qSQZo4ggrCNpybBExU8SypuUZV33igI11xw0P7rB3c%3D	Lab custom hg19	archived			
ENCFF202RTW	bam	bam		alignments	GRCh38	ENCSR805SRN	eCLIP	/human-donors/ENCDO000AAC/	EFO:0001187	HepG2	cell line	Homo sapiens										LARP4-human	RNA				ultraviolet irradiation	strand-specific	2016-04-26	ENCODE		see document	175-300	1	1_1		35					/files/ENCFF365UUW/, /files/ENCFF276CTM/	490353942	Gene Yeo, UCSD	a0a48f4d7dc0131cf61df7897835a9af		https://www.encodeproject.org/files/ENCFF202RTW/@@download/ENCFF202RTW.bam				released	s3://encode-public/2016/09/09/2e272308-9db8-44e1-ad8d-d68116dad849/ENCFF202RTW.bam	https://datasetencode.blob.core.windows.net/dataset/2016/09/09/2e272308-9db8-44e1-ad8d-d68116dad849/ENCFF202RTW.bam?sv=2019-10-10&si=prod&sr=c&sig=9qSQZo4ggrCNpybBExU8SypuUZV33igI11xw0P7rB3c%3D	Lab custom GRCh38	released			
ENCFF259KVP	bam	bam		alignments	GRCh38	ENCSR805SRN	eCLIP	/human-donors/ENCDO000AAC/	EFO:0001187	HepG2	cell line	Homo sapiens										LARP4-human	RNA				ultraviolet irradiation	strand-specific	2016-04-26	ENCODE		see document	175-300	2	2_1		35					/files/ENCFF362EMN/, /files/ENCFF163HLQ/	493701444	Gene Yeo, UCSD	e7eccf97229e6c77514cd03caf46fec2		https://www.encodeproject.org/files/ENCFF259KVP/@@download/ENCFF259KVP.bam				released	s3://encode-public/2016/09/09/eeafc9fd-5830-4ef7-8e28-dcc7a895a985/ENCFF259KVP.bam	https://datasetencode.blob.core.windows.net/dataset/2016/09/09/eeafc9fd-5830-4ef7-8e28-dcc7a895a985/ENCFF259KVP.bam?sv=2019-10-10&si=prod&sr=c&sig=9qSQZo4ggrCNpybBExU8SypuUZV33igI11xw0P7rB3c%3D	Lab custom GRCh38	released			
ENCFF903QKL	bam	bam		alignments	hg19	ENCSR023UHL	eCLIP	/human-donors/ENCDO000AAC/	EFO:0001187	HepG2	cell line	Homo sapiens										FASTKD2-human	RNA				ultraviolet irradiation	strand-specific	2016-08-19	ENCODE		see document	175-300	1	1_1		41					/files/ENCFF891HJO/, /files/ENCFF540UVX/	620673414	Gene Yeo, UCSD	cfb9ac2a21e3154e546691e159aa581a		https://www.encodeproject.org/files/ENCFF903QKL/@@download/ENCFF903QKL.bam				released	s3://encode-public/2016/08/04/3402c262-03ff-49b0-be73-11aae4df3049/ENCFF903QKL.bam	https://datasetencode.blob.core.windows.net/dataset/2016/08/04/3402c262-03ff-49b0-be73-11aae4df3049/ENCFF903QKL.bam?sv=2019-10-10&si=prod&sr=c&sig=9qSQZo4ggrCNpybBExU8SypuUZV33igI11xw0P7rB3c%3D	Lab custom hg19	archived			
ENCFF121OYK	bam	bam		alignments	hg19	ENCSR023UHL	eCLIP	/human-donors/ENCDO000AAC/	EFO:0001187	HepG2	cell line	Homo sapiens										FASTKD2-human	RNA				ultraviolet irradiation	strand-specific	2016-08-19	ENCODE		see document	175-300	2	2_1		41					/files/ENCFF128ROY/, /files/ENCFF761ZXY/	386056921	Gene Yeo, UCSD	b1d1c985c1323b2d6b7547e72bda1252		https://www.encodeproject.org/files/ENCFF121OYK/@@download/ENCFF121OYK.bam				released	s3://encode-public/2016/08/04/bd7cc90f-0fa9-4b9d-bf82-c7aab54bbc24/ENCFF121OYK.bam	https://datasetencode.blob.core.windows.net/dataset/2016/08/04/bd7cc90f-0fa9-4b9d-bf82-c7aab54bbc24/ENCFF121OYK.bam?sv=2019-10-10&si=prod&sr=c&sig=9qSQZo4ggrCNpybBExU8SypuUZV33igI11xw0P7rB3c%3D	Lab custom hg19	archived			
ENCFF064QSN	bam	bam		alignments	GRCh38	ENCSR023UHL	eCLIP	/human-donors/ENCDO000AAC/	EFO:0001187	HepG2	cell line	Homo sapiens										FASTKD2-human	RNA				ultraviolet irradiation	strand-specific	2016-08-19	ENCODE		see document	175-300	1	1_1		41					/files/ENCFF891HJO/, /files/ENCFF540UVX/	599019546	Gene Yeo, UCSD	76b316447a62db85d7fe99d91c8427d1		https://www.encodeproject.org/files/ENCFF064QSN/@@download/ENCFF064QSN.bam				released	s3://encode-public/2016/09/09/e2e3c054-377c-46b5-b918-b0a58a77a38d/ENCFF064QSN.bam	https://datasetencode.blob.core.windows.net/dataset/2016/09/09/e2e3c054-377c-46b5-b918-b0a58a77a38d/ENCFF064QSN.bam?sv=2019-10-10&si=prod&sr=c&sig=9qSQZo4ggrCNpybBExU8SypuUZV33igI11xw0P7rB3c%3D	Lab custom GRCh38	released			
ENCFF307ZHU	bam	bam		alignments	GRCh38	ENCSR023UHL	eCLIP	/human-donors/ENCDO000AAC/	EFO:0001187	HepG2	cell line	Homo sapiens										FASTKD2-human	RNA				ultraviolet irradiation	strand-specific	2016-08-19	ENCODE		see document	175-300	2	2_1		41					/files/ENCFF128ROY/, /files/ENCFF761ZXY/	365445483	Gene Yeo, UCSD	6082ce4c358fe62b53fdbda2fd57bdfc		https://www.encodeproject.org/files/ENCFF307ZHU/@@download/ENCFF307ZHU.bam				released	s3://encode-public/2016/09/09/c7ecbd96-6014-4d57-b9b2-62033254cc62/ENCFF307ZHU.bam	https://datasetencode.blob.core.windows.net/dataset/2016/09/09/c7ecbd96-6014-4d57-b9b2-62033254cc62/ENCFF307ZHU.bam?sv=2019-10-10&si=prod&sr=c&sig=9qSQZo4ggrCNpybBExU8SypuUZV33igI11xw0P7rB3c%3D	Lab custom GRCh38	released			
ENCFF307RJJ	bam	bam		alignments	hg19	ENCSR655NZA	eCLIP	/human-donors/ENCDO000AAC/	EFO:0001187	HepG2	cell line	Homo sapiens										XRN2-human	RNA				ultraviolet irradiation	strand-specific	2016-04-26	ENCODE		see document	175-300	2	2_1		40					/files/ENCFF470XOZ/, /files/ENCFF184DUX/	183708388	Gene Yeo, UCSD	30819846b74b79e5e23780bb0827cc4a		https://www.encodeproject.org/files/ENCFF307RJJ/@@download/ENCFF307RJJ.bam				released	s3://encode-public/2016/03/17/a3f05705-5547-4c18-8698-e65bd69dfb0d/ENCFF307RJJ.bam	https://datasetencode.blob.core.windows.net/dataset/2016/03/17/a3f05705-5547-4c18-8698-e65bd69dfb0d/ENCFF307RJJ.bam?sv=2019-10-10&si=prod&sr=c&sig=9qSQZo4ggrCNpybBExU8SypuUZV33igI11xw0P7rB3c%3D	Lab custom hg19	archived			
ENCFF260PAC	bam	bam		alignments	hg19	ENCSR655NZA	eCLIP	/human-donors/ENCDO000AAC/	EFO:0001187	HepG2	cell line	Homo sapiens										XRN2-human	RNA				ultraviolet irradiation	strand-specific	2016-04-26	ENCODE		see document	175-300	1	1_1		40					/files/ENCFF008SMT/, /files/ENCFF017XXT/	618270952	Gene Yeo, UCSD	08570dd9097a292192a51c44a728b1d8		https://www.encodeproject.org/files/ENCFF260PAC/@@download/ENCFF260PAC.bam				released	s3://encode-public/2016/03/17/7e94463b-9315-43cd-9f19-4749cecef4a4/ENCFF260PAC.bam	https://datasetencode.blob.core.windows.net/dataset/2016/03/17/7e94463b-9315-43cd-9f19-4749cecef4a4/ENCFF260PAC.bam?sv=2019-10-10&si=prod&sr=c&sig=9qSQZo4ggrCNpybBExU8SypuUZV33igI11xw0P7rB3c%3D	Lab custom hg19	archived			
ENCFF584DZW	bam	bam		alignments	GRCh38	ENCSR655NZA	eCLIP	/human-donors/ENCDO000AAC/	EFO:0001187	HepG2	cell line	Homo sapiens										XRN2-human	RNA				ultraviolet irradiation	strand-specific	2016-04-26	ENCODE		see document	175-300	2	2_1		40					/files/ENCFF470XOZ/, /files/ENCFF184DUX/	178683756	Gene Yeo, UCSD	c60633df43e3f65d63f5709ca01d71ef		https://www.encodeproject.org/files/ENCFF584DZW/@@download/ENCFF584DZW.bam				released	s3://encode-public/2016/09/09/7b5ad1cc-eeb4-45e4-8202-0d51cce19156/ENCFF584DZW.bam	https://datasetencode.blob.core.windows.net/dataset/2016/09/09/7b5ad1cc-eeb4-45e4-8202-0d51cce19156/ENCFF584DZW.bam?sv=2019-10-10&si=prod&sr=c&sig=9qSQZo4ggrCNpybBExU8SypuUZV33igI11xw0P7rB3c%3D	Lab custom GRCh38	released			
ENCFF689OKB	bam	bam		alignments	GRCh38	ENCSR655NZA	eCLIP	/human-donors/ENCDO000AAC/	EFO:0001187	HepG2	cell line	Homo sapiens										XRN2-human	RNA				ultraviolet irradiation	strand-specific	2016-04-26	ENCODE		see document	175-300	1	1_1		40					/files/ENCFF008SMT/, /files/ENCFF017XXT/	601883895	Gene Yeo, UCSD	d651631917b93dadcc0739212a798e82		https://www.encodeproject.org/files/ENCFF689OKB/@@download/ENCFF689OKB.bam				released	s3://encode-public/2016/09/09/77495b7a-cb79-4855-abca-b2cf351773e9/ENCFF689OKB.bam	https://datasetencode.blob.core.windows.net/dataset/2016/09/09/77495b7a-cb79-4855-abca-b2cf351773e9/ENCFF689OKB.bam?sv=2019-10-10&si=prod&sr=c&sig=9qSQZo4ggrCNpybBExU8SypuUZV33igI11xw0P7rB3c%3D	Lab custom GRCh38	released			
ENCFF352PAK	bam	bam		alignments	hg19	ENCSR279UJF	eCLIP	/human-donors/ENCDO000AAC/	EFO:0001187	HepG2	cell line	Homo sapiens										SF3B4-human	RNA				ultraviolet irradiation	strand-specific	2015-11-09	ENCODE		see document	175-300	2	2_1		43					/files/ENCFF702GTT/, /files/ENCFF722QLW/	118049047	Gene Yeo, UCSD	c4e9e031fc206f22da1050eb75d0f436		https://www.encodeproject.org/files/ENCFF352PAK/@@download/ENCFF352PAK.bam				released	s3://encode-public/2016/03/23/c6b8ef09-965c-4592-9d15-48d6b71b3890/ENCFF352PAK.bam	https://datasetencode.blob.core.windows.net/dataset/2016/03/23/c6b8ef09-965c-4592-9d15-48d6b71b3890/ENCFF352PAK.bam?sv=2019-10-10&si=prod&sr=c&sig=9qSQZo4ggrCNpybBExU8SypuUZV33igI11xw0P7rB3c%3D	Lab custom hg19	archived			
ENCFF855AZI	bam	bam		alignments	hg19	ENCSR279UJF	eCLIP	/human-donors/ENCDO000AAC/	EFO:0001187	HepG2	cell line	Homo sapiens										SF3B4-human	RNA				ultraviolet irradiation	strand-specific	2015-11-09	ENCODE		see document	175-300	1	1_1		43					/files/ENCFF992GNI/, /files/ENCFF869UXX/	120526784	Gene Yeo, UCSD	1da70c64f46b29b4332496bd05d02055		https://www.encodeproject.org/files/ENCFF855AZI/@@download/ENCFF855AZI.bam				released	s3://encode-public/2016/03/23/c0ddb2b7-a616-4de6-b85e-4349ac4f6bdf/ENCFF855AZI.bam	https://datasetencode.blob.core.windows.net/dataset/2016/03/23/c0ddb2b7-a616-4de6-b85e-4349ac4f6bdf/ENCFF855AZI.bam?sv=2019-10-10&si=prod&sr=c&sig=9qSQZo4ggrCNpybBExU8SypuUZV33igI11xw0P7rB3c%3D	Lab custom hg19	archived			
ENCFF040BYE	bam	bam		alignments	GRCh38	ENCSR279UJF	eCLIP	/human-donors/ENCDO000AAC/	EFO:0001187	HepG2	cell line	Homo sapiens										SF3B4-human	RNA				ultraviolet irradiation	strand-specific	2015-11-09	ENCODE		see document	175-300	1	1_1		43					/files/ENCFF992GNI/, /files/ENCFF869UXX/	120477441	Gene Yeo, UCSD	a18c2060678f8f159daf8da395a34414		https://www.encodeproject.org/files/ENCFF040BYE/@@download/ENCFF040BYE.bam				released	s3://encode-public/2016/09/09/8da08d57-f737-44ae-90f0-1a207f7b1cde/ENCFF040BYE.bam	https://datasetencode.blob.core.windows.net/dataset/2016/09/09/8da08d57-f737-44ae-90f0-1a207f7b1cde/ENCFF040BYE.bam?sv=2019-10-10&si=prod&sr=c&sig=9qSQZo4ggrCNpybBExU8SypuUZV33igI11xw0P7rB3c%3D	Lab custom GRCh38	released			
ENCFF483VLR	bam	bam		alignments	GRCh38	ENCSR279UJF	eCLIP	/human-donors/ENCDO000AAC/	EFO:0001187	HepG2	cell line	Homo sapiens										SF3B4-human	RNA				ultraviolet irradiation	strand-specific	2015-11-09	ENCODE		see document	175-300	2	2_1		43					/files/ENCFF702GTT/, /files/ENCFF722QLW/	117600462	Gene Yeo, UCSD	1d55e01ca0c6f57bd9f93c86b458bae5		https://www.encodeproject.org/files/ENCFF483VLR/@@download/ENCFF483VLR.bam				released	s3://encode-public/2016/09/09/4ff58968-f3ab-4ad4-b5af-a12e9eb299ae/ENCFF483VLR.bam	https://datasetencode.blob.core.windows.net/dataset/2016/09/09/4ff58968-f3ab-4ad4-b5af-a12e9eb299ae/ENCFF483VLR.bam?sv=2019-10-10&si=prod&sr=c&sig=9qSQZo4ggrCNpybBExU8SypuUZV33igI11xw0P7rB3c%3D	Lab custom GRCh38	released			
ENCFF953OZR	bam	bam		alignments	hg19	ENCSR989VIY	eCLIP	/human-donors/ENCDO000AAC/	EFO:0001187	HepG2	cell line	Homo sapiens										SRSF1-human	RNA				ultraviolet irradiation	strand-specific	2015-11-09	ENCODE		see document	175-300	1	1_1		43					/files/ENCFF017IOI/, /files/ENCFF851FZF/	503848992	Gene Yeo, UCSD	e3ce350b78dac7f752ad0a4aa16889e7		https://www.encodeproject.org/files/ENCFF953OZR/@@download/ENCFF953OZR.bam				released	s3://encode-public/2016/03/24/1f421d0e-acef-4691-88fd-780cec7aeb26/ENCFF953OZR.bam	https://datasetencode.blob.core.windows.net/dataset/2016/03/24/1f421d0e-acef-4691-88fd-780cec7aeb26/ENCFF953OZR.bam?sv=2019-10-10&si=prod&sr=c&sig=9qSQZo4ggrCNpybBExU8SypuUZV33igI11xw0P7rB3c%3D	Lab custom hg19	archived			
ENCFF832WNY	bam	bam		alignments	hg19	ENCSR989VIY	eCLIP	/human-donors/ENCDO000AAC/	EFO:0001187	HepG2	cell line	Homo sapiens										SRSF1-human	RNA				ultraviolet irradiation	strand-specific	2015-11-09	ENCODE		see document	175-300	2	2_1		43					/files/ENCFF816JAS/, /files/ENCFF286FKW/	367243193	Gene Yeo, UCSD	959558d458be4d49e518b725e1bfcf19		https://www.encodeproject.org/files/ENCFF832WNY/@@download/ENCFF832WNY.bam				released	s3://encode-public/2016/03/24/ab37b26a-d565-4d67-a0a2-37905c8b0153/ENCFF832WNY.bam	https://datasetencode.blob.core.windows.net/dataset/2016/03/24/ab37b26a-d565-4d67-a0a2-37905c8b0153/ENCFF832WNY.bam?sv=2019-10-10&si=prod&sr=c&sig=9qSQZo4ggrCNpybBExU8SypuUZV33igI11xw0P7rB3c%3D	Lab custom hg19	archived			
ENCFF867TIG	bam	bam		alignments	GRCh38	ENCSR989VIY	eCLIP	/human-donors/ENCDO000AAC/	EFO:0001187	HepG2	cell line	Homo sapiens										SRSF1-human	RNA				ultraviolet irradiation	strand-specific	2015-11-09	ENCODE		see document	175-300	1	1_1		43					/files/ENCFF017IOI/, /files/ENCFF851FZF/	499207641	Gene Yeo, UCSD	a95db631b4e20ae8f33dbce944cfa2f1		https://www.encodeproject.org/files/ENCFF867TIG/@@download/ENCFF867TIG.bam				released	s3://encode-public/2016/09/09/21a736d9-0ab5-42fb-b97d-0c362682aa14/ENCFF867TIG.bam	https://datasetencode.blob.core.windows.net/dataset/2016/09/09/21a736d9-0ab5-42fb-b97d-0c362682aa14/ENCFF867TIG.bam?sv=2019-10-10&si=prod&sr=c&sig=9qSQZo4ggrCNpybBExU8SypuUZV33igI11xw0P7rB3c%3D	Lab custom GRCh38	released			
ENCFF418ZXO	bam	bam		alignments	GRCh38	ENCSR989VIY	eCLIP	/human-donors/ENCDO000AAC/	EFO:0001187	HepG2	cell line	Homo sapiens										SRSF1-human	RNA				ultraviolet irradiation	strand-specific	2015-11-09	ENCODE		see document	175-300	2	2_1		43					/files/ENCFF816JAS/, /files/ENCFF286FKW/	363849509	Gene Yeo, UCSD	b61f7a26c754e0c495bdcc83101278d1		https://www.encodeproject.org/files/ENCFF418ZXO/@@download/ENCFF418ZXO.bam				released	s3://encode-public/2016/09/09/ac705105-ba74-4aed-bb2f-908e16d45a77/ENCFF418ZXO.bam	https://datasetencode.blob.core.windows.net/dataset/2016/09/09/ac705105-ba74-4aed-bb2f-908e16d45a77/ENCFF418ZXO.bam?sv=2019-10-10&si=prod&sr=c&sig=9qSQZo4ggrCNpybBExU8SypuUZV33igI11xw0P7rB3c%3D	Lab custom GRCh38	released			
ENCFF744ELJ	bam	bam		alignments	hg19	ENCSR845VGB	eCLIP	/human-donors/ENCDO000AAC/	EFO:0001187	HepG2	cell line	Homo sapiens										DDX55-human	RNA				ultraviolet irradiation	strand-specific	2016-04-26	ENCODE		see document	175-300	2	2_1		41					/files/ENCFF341WEI/, /files/ENCFF718DYI/	132372034	Gene Yeo, UCSD	e9f26823df0ad518c41bfe38b1337405		https://www.encodeproject.org/files/ENCFF744ELJ/@@download/ENCFF744ELJ.bam				released	s3://encode-public/2016/03/17/52eb1379-ef5e-45c2-b534-e536928b8b84/ENCFF744ELJ.bam	https://datasetencode.blob.core.windows.net/dataset/2016/03/17/52eb1379-ef5e-45c2-b534-e536928b8b84/ENCFF744ELJ.bam?sv=2019-10-10&si=prod&sr=c&sig=9qSQZo4ggrCNpybBExU8SypuUZV33igI11xw0P7rB3c%3D	Lab custom hg19	archived			
ENCFF825UNM	bam	bam		alignments	hg19	ENCSR845VGB	eCLIP	/human-donors/ENCDO000AAC/	EFO:0001187	HepG2	cell line	Homo sapiens										DDX55-human	RNA				ultraviolet irradiation	strand-specific	2016-04-26	ENCODE		see document	175-300	1	1_1		41					/files/ENCFF669BXQ/, /files/ENCFF802XHE/	266284342	Gene Yeo, UCSD	dae4699240e962e57d65d0999553e510		https://www.encodeproject.org/files/ENCFF825UNM/@@download/ENCFF825UNM.bam				released	s3://encode-public/2016/03/17/a95c3c4d-cdf2-47e1-9b4c-2fbf5dab7a6b/ENCFF825UNM.bam	https://datasetencode.blob.core.windows.net/dataset/2016/03/17/a95c3c4d-cdf2-47e1-9b4c-2fbf5dab7a6b/ENCFF825UNM.bam?sv=2019-10-10&si=prod&sr=c&sig=9qSQZo4ggrCNpybBExU8SypuUZV33igI11xw0P7rB3c%3D	Lab custom hg19	archived			
ENCFF714YUM	bam	bam		alignments	GRCh38	ENCSR845VGB	eCLIP	/human-donors/ENCDO000AAC/	EFO:0001187	HepG2	cell line	Homo sapiens										DDX55-human	RNA				ultraviolet irradiation	strand-specific	2016-04-26	ENCODE		see document	175-300	2	2_1		41					/files/ENCFF341WEI/, /files/ENCFF718DYI/	125791696	Gene Yeo, UCSD	e29a7ce5a53079ead57b5922f17eeca8		https://www.encodeproject.org/files/ENCFF714YUM/@@download/ENCFF714YUM.bam				released	s3://encode-public/2016/09/09/900c5b70-9098-4b0a-b74d-3081e900ba96/ENCFF714YUM.bam	https://datasetencode.blob.core.windows.net/dataset/2016/09/09/900c5b70-9098-4b0a-b74d-3081e900ba96/ENCFF714YUM.bam?sv=2019-10-10&si=prod&sr=c&sig=9qSQZo4ggrCNpybBExU8SypuUZV33igI11xw0P7rB3c%3D	Lab custom GRCh38	released			
ENCFF145NQB	bam	bam		alignments	GRCh38	ENCSR845VGB	eCLIP	/human-donors/ENCDO000AAC/	EFO:0001187	HepG2	cell line	Homo sapiens										DDX55-human	RNA				ultraviolet irradiation	strand-specific	2016-04-26	ENCODE		see document	175-300	1	1_1		41					/files/ENCFF669BXQ/, /files/ENCFF802XHE/	257045320	Gene Yeo, UCSD	7944261313fdb4c01e45db030e59b188		https://www.encodeproject.org/files/ENCFF145NQB/@@download/ENCFF145NQB.bam				released	s3://encode-public/2016/09/09/1932952e-e9ae-40e8-bcf0-fd62d4b3390d/ENCFF145NQB.bam	https://datasetencode.blob.core.windows.net/dataset/2016/09/09/1932952e-e9ae-40e8-bcf0-fd62d4b3390d/ENCFF145NQB.bam?sv=2019-10-10&si=prod&sr=c&sig=9qSQZo4ggrCNpybBExU8SypuUZV33igI11xw0P7rB3c%3D	Lab custom GRCh38	released			
ENCFF473ESV	bam	bam		alignments	hg19	ENCSR456KXI	eCLIP	/human-donors/ENCDO000AAD/	EFO:0002067	K562	cell line	Homo sapiens										LARP7-human	RNA				ultraviolet irradiation	strand-specific	2015-07-15	ENCODE		see document	175-300	1	1_1		43					/files/ENCFF905YHV/, /files/ENCFF327HGP/	67371641	Gene Yeo, UCSD	aa430e1f064ddc1a537a12bf72952cf7		https://www.encodeproject.org/files/ENCFF473ESV/@@download/ENCFF473ESV.bam				released	s3://encode-public/2016/03/23/a279b7b2-e6e0-4178-a0c6-46b1889295c4/ENCFF473ESV.bam	https://datasetencode.blob.core.windows.net/dataset/2016/03/23/a279b7b2-e6e0-4178-a0c6-46b1889295c4/ENCFF473ESV.bam?sv=2019-10-10&si=prod&sr=c&sig=9qSQZo4ggrCNpybBExU8SypuUZV33igI11xw0P7rB3c%3D	Lab custom hg19	archived			
ENCFF918NSS	bam	bam		alignments	hg19	ENCSR456KXI	eCLIP	/human-donors/ENCDO000AAD/	EFO:0002067	K562	cell line	Homo sapiens										LARP7-human	RNA				ultraviolet irradiation	strand-specific	2015-07-15	ENCODE		see document	175-300	2	2_1		43					/files/ENCFF803VTZ/, /files/ENCFF256RGM/	52649356	Gene Yeo, UCSD	d38cb261a94606aaedd726e4ef063bd2		https://www.encodeproject.org/files/ENCFF918NSS/@@download/ENCFF918NSS.bam				released	s3://encode-public/2016/03/23/92d70097-c1cb-4d4a-8d2c-1f9e96d49953/ENCFF918NSS.bam	https://datasetencode.blob.core.windows.net/dataset/2016/03/23/92d70097-c1cb-4d4a-8d2c-1f9e96d49953/ENCFF918NSS.bam?sv=2019-10-10&si=prod&sr=c&sig=9qSQZo4ggrCNpybBExU8SypuUZV33igI11xw0P7rB3c%3D	Lab custom hg19	archived			
ENCFF863HRM	bam	bam		alignments	GRCh38	ENCSR456KXI	eCLIP	/human-donors/ENCDO000AAD/	EFO:0002067	K562	cell line	Homo sapiens										LARP7-human	RNA				ultraviolet irradiation	strand-specific	2015-07-15	ENCODE		see document	175-300	1	1_1		43					/files/ENCFF905YHV/, /files/ENCFF327HGP/	66450770	Gene Yeo, UCSD	a90e6d11db1c4459c45aec9f810f4199		https://www.encodeproject.org/files/ENCFF863HRM/@@download/ENCFF863HRM.bam				released	s3://encode-public/2016/09/09/f794703c-ac3d-41e9-819e-48995434265b/ENCFF863HRM.bam	https://datasetencode.blob.core.windows.net/dataset/2016/09/09/f794703c-ac3d-41e9-819e-48995434265b/ENCFF863HRM.bam?sv=2019-10-10&si=prod&sr=c&sig=9qSQZo4ggrCNpybBExU8SypuUZV33igI11xw0P7rB3c%3D	Lab custom GRCh38	released			
ENCFF476VSU	bam	bam		alignments	GRCh38	ENCSR456KXI	eCLIP	/human-donors/ENCDO000AAD/	EFO:0002067	K562	cell line	Homo sapiens										LARP7-human	RNA				ultraviolet irradiation	strand-specific	2015-07-15	ENCODE		see document	175-300	2	2_1		43					/files/ENCFF803VTZ/, /files/ENCFF256RGM/	52464584	Gene Yeo, UCSD	b21c5c747bc95d5d13e87fdd1732f18d		https://www.encodeproject.org/files/ENCFF476VSU/@@download/ENCFF476VSU.bam				released	s3://encode-public/2016/09/09/f634f901-b841-401d-b3c6-8219a9fa9986/ENCFF476VSU.bam	https://datasetencode.blob.core.windows.net/dataset/2016/09/09/f634f901-b841-401d-b3c6-8219a9fa9986/ENCFF476VSU.bam?sv=2019-10-10&si=prod&sr=c&sig=9qSQZo4ggrCNpybBExU8SypuUZV33igI11xw0P7rB3c%3D	Lab custom GRCh38	released			
ENCFF118NIZ	bam	bam		alignments	hg19	ENCSR307YIW	eCLIP	/human-donors/ENCDO000AAD/	EFO:0002067	K562	cell line	Homo sapiens										EIF4G2-human	RNA				ultraviolet irradiation	strand-specific	2015-07-15	ENCODE		see document	175-300	1	1_1		43					/files/ENCFF699HKX/, /files/ENCFF723JSM/	144160075	Gene Yeo, UCSD	620f67834934b8d055a537e551cbc264		https://www.encodeproject.org/files/ENCFF118NIZ/@@download/ENCFF118NIZ.bam				released	s3://encode-public/2016/03/23/f0c6a3aa-372a-4929-96bf-5403afc30a8e/ENCFF118NIZ.bam	https://datasetencode.blob.core.windows.net/dataset/2016/03/23/f0c6a3aa-372a-4929-96bf-5403afc30a8e/ENCFF118NIZ.bam?sv=2019-10-10&si=prod&sr=c&sig=9qSQZo4ggrCNpybBExU8SypuUZV33igI11xw0P7rB3c%3D	Lab custom hg19	archived			
ENCFF873WNB	bam	bam		alignments	hg19	ENCSR307YIW	eCLIP	/human-donors/ENCDO000AAD/	EFO:0002067	K562	cell line	Homo sapiens										EIF4G2-human	RNA				ultraviolet irradiation	strand-specific	2015-07-15	ENCODE		see document	175-300	2	2_1		43					/files/ENCFF537IFC/, /files/ENCFF683WKJ/	179456546	Gene Yeo, UCSD	56edae109f6dc5b8becae63d4385c6e8		https://www.encodeproject.org/files/ENCFF873WNB/@@download/ENCFF873WNB.bam				released	s3://encode-public/2016/03/23/cfb78555-7959-4742-9224-6648acf26f35/ENCFF873WNB.bam	https://datasetencode.blob.core.windows.net/dataset/2016/03/23/cfb78555-7959-4742-9224-6648acf26f35/ENCFF873WNB.bam?sv=2019-10-10&si=prod&sr=c&sig=9qSQZo4ggrCNpybBExU8SypuUZV33igI11xw0P7rB3c%3D	Lab custom hg19	archived			
ENCFF626NQT	bam	bam		alignments	GRCh38	ENCSR307YIW	eCLIP	/human-donors/ENCDO000AAD/	EFO:0002067	K562	cell line	Homo sapiens										EIF4G2-human	RNA				ultraviolet irradiation	strand-specific	2015-07-15	ENCODE		see document	175-300	2	2_1		43					/files/ENCFF537IFC/, /files/ENCFF683WKJ/	177028183	Gene Yeo, UCSD	3170c956a4c2a5021ee960af3f9a205c		https://www.encodeproject.org/files/ENCFF626NQT/@@download/ENCFF626NQT.bam				released	s3://encode-public/2016/09/09/efd5850d-a07a-4fa0-a145-cc76d3af77d0/ENCFF626NQT.bam	https://datasetencode.blob.core.windows.net/dataset/2016/09/09/efd5850d-a07a-4fa0-a145-cc76d3af77d0/ENCFF626NQT.bam?sv=2019-10-10&si=prod&sr=c&sig=9qSQZo4ggrCNpybBExU8SypuUZV33igI11xw0P7rB3c%3D	Lab custom GRCh38	released			
ENCFF996PFW	bam	bam		alignments	GRCh38	ENCSR307YIW	eCLIP	/human-donors/ENCDO000AAD/	EFO:0002067	K562	cell line	Homo sapiens										EIF4G2-human	RNA				ultraviolet irradiation	strand-specific	2015-07-15	ENCODE		see document	175-300	1	1_1		43					/files/ENCFF699HKX/, /files/ENCFF723JSM/	141879741	Gene Yeo, UCSD	8a58fe5e0e6c4b55eebc84f62cc2a089		https://www.encodeproject.org/files/ENCFF996PFW/@@download/ENCFF996PFW.bam				released	s3://encode-public/2016/09/09/19704737-cb61-4a74-9719-7137e884c960/ENCFF996PFW.bam	https://datasetencode.blob.core.windows.net/dataset/2016/09/09/19704737-cb61-4a74-9719-7137e884c960/ENCFF996PFW.bam?sv=2019-10-10&si=prod&sr=c&sig=9qSQZo4ggrCNpybBExU8SypuUZV33igI11xw0P7rB3c%3D	Lab custom GRCh38	released			
ENCFF488QYF	bam	bam		alignments	hg19	ENCSR349KMG	eCLIP	/human-donors/ENCDO000AAD/	EFO:0002067	K562	cell line	Homo sapiens										UCHL5-human	RNA				ultraviolet irradiation	strand-specific	2016-08-19	ENCODE		see document	175-300	2	2_1		44					/files/ENCFF155EKG/, /files/ENCFF807WFX/	726083057	Gene Yeo, UCSD	dc55141dff4a2177a3c6071f4a49abd3		https://www.encodeproject.org/files/ENCFF488QYF/@@download/ENCFF488QYF.bam				released	s3://encode-public/2016/08/04/f1e9aa99-995a-4e11-a0c5-23a1860f92fb/ENCFF488QYF.bam	https://datasetencode.blob.core.windows.net/dataset/2016/08/04/f1e9aa99-995a-4e11-a0c5-23a1860f92fb/ENCFF488QYF.bam?sv=2019-10-10&si=prod&sr=c&sig=9qSQZo4ggrCNpybBExU8SypuUZV33igI11xw0P7rB3c%3D	Lab custom hg19	archived	mixed read lengths		
ENCFF922LSS	bam	bam		alignments	hg19	ENCSR349KMG	eCLIP	/human-donors/ENCDO000AAD/	EFO:0002067	K562	cell line	Homo sapiens										UCHL5-human	RNA				ultraviolet irradiation	strand-specific	2016-08-19	ENCODE		see document	175-300	1	1_1		44					/files/ENCFF096AKL/, /files/ENCFF787FER/	523977398	Gene Yeo, UCSD	ebe6770004e080b4035b66f72bddd5d8		https://www.encodeproject.org/files/ENCFF922LSS/@@download/ENCFF922LSS.bam				released	s3://encode-public/2016/08/04/f40b7817-be29-44d7-875a-212354e4fe66/ENCFF922LSS.bam	https://datasetencode.blob.core.windows.net/dataset/2016/08/04/f40b7817-be29-44d7-875a-212354e4fe66/ENCFF922LSS.bam?sv=2019-10-10&si=prod&sr=c&sig=9qSQZo4ggrCNpybBExU8SypuUZV33igI11xw0P7rB3c%3D	Lab custom hg19	archived	mixed read lengths		
ENCFF952TJF	bam	bam		alignments	GRCh38	ENCSR349KMG	eCLIP	/human-donors/ENCDO000AAD/	EFO:0002067	K562	cell line	Homo sapiens										UCHL5-human	RNA				ultraviolet irradiation	strand-specific	2016-08-19	ENCODE		see document	175-300	2	2_1		44					/files/ENCFF155EKG/, /files/ENCFF807WFX/	713509175	Gene Yeo, UCSD	4fd34962a99a083a0875ebb84b77a0d8		https://www.encodeproject.org/files/ENCFF952TJF/@@download/ENCFF952TJF.bam				released	s3://encode-public/2016/09/09/4dbcb66b-dda1-4752-8db2-a3a8cc4d2365/ENCFF952TJF.bam	https://datasetencode.blob.core.windows.net/dataset/2016/09/09/4dbcb66b-dda1-4752-8db2-a3a8cc4d2365/ENCFF952TJF.bam?sv=2019-10-10&si=prod&sr=c&sig=9qSQZo4ggrCNpybBExU8SypuUZV33igI11xw0P7rB3c%3D	Lab custom GRCh38	released	mixed read lengths		
ENCFF903GDN	bam	bam		alignments	GRCh38	ENCSR349KMG	eCLIP	/human-donors/ENCDO000AAD/	EFO:0002067	K562	cell line	Homo sapiens										UCHL5-human	RNA				ultraviolet irradiation	strand-specific	2016-08-19	ENCODE		see document	175-300	1	1_1		44					/files/ENCFF096AKL/, /files/ENCFF787FER/	515369263	Gene Yeo, UCSD	651cb32b44d52fdeb17a5bd0b7776b54		https://www.encodeproject.org/files/ENCFF903GDN/@@download/ENCFF903GDN.bam				released	s3://encode-public/2016/09/09/15d1f358-784d-4f92-97d3-fb4560b706db/ENCFF903GDN.bam	https://datasetencode.blob.core.windows.net/dataset/2016/09/09/15d1f358-784d-4f92-97d3-fb4560b706db/ENCFF903GDN.bam?sv=2019-10-10&si=prod&sr=c&sig=9qSQZo4ggrCNpybBExU8SypuUZV33igI11xw0P7rB3c%3D	Lab custom GRCh38	released	mixed read lengths		
ENCFF011GOV	bam	bam		unfiltered alignments	GRCh38	ENCSR383BCQ	eCLIP	/human-donors/ENCDO000AAC/	EFO:0001187	HepG2	cell line	Homo sapiens										EIF4E-human	RNA				ultraviolet irradiation	reverse	2023-02-03	ENCODE		see document	175-300	1	1_1		89					/files/ENCFF964OHP/	271207755	Gene Yeo, UCSD	23208edb49b7e2cca074f2e1a52aa7c0		https://www.encodeproject.org/files/ENCFF011GOV/@@download/ENCFF011GOV.bam	V29			archived	s3://encode-public/2022/01/12/e45d4ab5-53b8-45ae-88f1-b37895be9b03/ENCFF011GOV.bam	https://datasetencode.blob.core.windows.net/dataset/2022/01/12/e45d4ab5-53b8-45ae-88f1-b37895be9b03/ENCFF011GOV.bam?sv=2019-10-10&si=prod&sr=c&sig=9qSQZo4ggrCNpybBExU8SypuUZV33igI11xw0P7rB3c%3D	Lab custom GRCh38 V29	archived		partially characterized antibody	
ENCFF494OVU	bam	bam		alignments	GRCh38	ENCSR383BCQ	eCLIP	/human-donors/ENCDO000AAC/	EFO:0001187	HepG2	cell line	Homo sapiens										EIF4E-human	RNA				ultraviolet irradiation	reverse	2023-02-03	ENCODE		see document	175-300	1	1_1		89					/files/ENCFF011GOV/	130069244	Gene Yeo, UCSD	c1ae0b174dbdf27daf42f1cd2a0a6113		https://www.encodeproject.org/files/ENCFF494OVU/@@download/ENCFF494OVU.bam	V29			archived	s3://encode-public/2022/01/12/a0a63413-6223-4ac5-8605-88c328bb6a67/ENCFF494OVU.bam	https://datasetencode.blob.core.windows.net/dataset/2022/01/12/a0a63413-6223-4ac5-8605-88c328bb6a67/ENCFF494OVU.bam?sv=2019-10-10&si=prod&sr=c&sig=9qSQZo4ggrCNpybBExU8SypuUZV33igI11xw0P7rB3c%3D	Lab custom GRCh38 V29	archived		partially characterized antibody	
ENCFF488YEQ	bam	bam		alignments	GRCh38	ENCSR383BCQ	eCLIP	/human-donors/ENCDO000AAC/	EFO:0001187	HepG2	cell line	Homo sapiens										EIF4E-human	RNA				ultraviolet irradiation	reverse	2023-02-03	ENCODE		see document	175-300	2	2_1		89					/files/ENCFF484FDL/	151974448	Gene Yeo, UCSD	45688a1f25255fb0baa2407589ae3a4f		https://www.encodeproject.org/files/ENCFF488YEQ/@@download/ENCFF488YEQ.bam	V29			archived	s3://encode-public/2022/01/12/e0d63880-438b-4970-9535-d0cbc58d76f9/ENCFF488YEQ.bam	https://datasetencode.blob.core.windows.net/dataset/2022/01/12/e0d63880-438b-4970-9535-d0cbc58d76f9/ENCFF488YEQ.bam?sv=2019-10-10&si=prod&sr=c&sig=9qSQZo4ggrCNpybBExU8SypuUZV33igI11xw0P7rB3c%3D	Lab custom GRCh38 V29	archived		partially characterized antibody	
ENCFF484FDL	bam	bam		unfiltered alignments	GRCh38	ENCSR383BCQ	eCLIP	/human-donors/ENCDO000AAC/	EFO:0001187	HepG2	cell line	Homo sapiens										EIF4E-human	RNA				ultraviolet irradiation	reverse	2023-02-03	ENCODE		see document	175-300	2	2_1		89					/files/ENCFF635WKW/	289512117	Gene Yeo, UCSD	a598f5cc08c02f995cb0a83259a981c3		https://www.encodeproject.org/files/ENCFF484FDL/@@download/ENCFF484FDL.bam	V29			archived	s3://encode-public/2022/01/12/98b69efe-f560-470d-9bb2-e3b5a78b30bd/ENCFF484FDL.bam	https://datasetencode.blob.core.windows.net/dataset/2022/01/12/98b69efe-f560-470d-9bb2-e3b5a78b30bd/ENCFF484FDL.bam?sv=2019-10-10&si=prod&sr=c&sig=9qSQZo4ggrCNpybBExU8SypuUZV33igI11xw0P7rB3c%3D	Lab custom GRCh38 V29	archived		partially characterized antibody	
ENCFF116JFD	bam	bam		alignments	hg19	ENCSR712IAG	eCLIP	/human-donors/ENCDO000AAD/	EFO:0002067	K562	cell line	Homo sapiens										ZC3H11A-human	RNA				ultraviolet irradiation	strand-specific	2018-04-24	ENCODE		see document	175-300	1	1_1		40					/files/ENCFF696WFR/, /files/ENCFF730ZZF/	132766878	Gene Yeo, UCSD	a49ec372cbb3dae34b3cda7ed28b39e8		https://www.encodeproject.org/files/ENCFF116JFD/@@download/ENCFF116JFD.bam				released	s3://encode-public/2016/08/04/82e33468-f225-410b-971b-fe2f1d441910/ENCFF116JFD.bam	https://datasetencode.blob.core.windows.net/dataset/2016/08/04/82e33468-f225-410b-971b-fe2f1d441910/ENCFF116JFD.bam?sv=2019-10-10&si=prod&sr=c&sig=9qSQZo4ggrCNpybBExU8SypuUZV33igI11xw0P7rB3c%3D	Lab custom hg19	archived			
ENCFF462QFK	bam	bam		alignments	hg19	ENCSR712IAG	eCLIP	/human-donors/ENCDO000AAD/	EFO:0002067	K562	cell line	Homo sapiens										ZC3H11A-human	RNA				ultraviolet irradiation	strand-specific	2018-04-24	ENCODE		see document	175-300	2	2_1		40					/files/ENCFF735ZUW/, /files/ENCFF378WQX/	294400818	Gene Yeo, UCSD	1664172922a942f19a17f11874261d64		https://www.encodeproject.org/files/ENCFF462QFK/@@download/ENCFF462QFK.bam				released	s3://encode-public/2016/08/04/eed84fc3-f3cc-4a3a-b322-4cb9a881c632/ENCFF462QFK.bam	https://datasetencode.blob.core.windows.net/dataset/2016/08/04/eed84fc3-f3cc-4a3a-b322-4cb9a881c632/ENCFF462QFK.bam?sv=2019-10-10&si=prod&sr=c&sig=9qSQZo4ggrCNpybBExU8SypuUZV33igI11xw0P7rB3c%3D	Lab custom hg19	archived			
ENCFF709BYW	bam	bam		alignments	GRCh38	ENCSR712IAG	eCLIP	/human-donors/ENCDO000AAD/	EFO:0002067	K562	cell line	Homo sapiens										ZC3H11A-human	RNA				ultraviolet irradiation	strand-specific	2018-04-24	ENCODE		see document	175-300	1	1_1		40					/files/ENCFF696WFR/, /files/ENCFF730ZZF/	126444196	Gene Yeo, UCSD	401cac41fa3d06dbb9ea77e73cc2bc2d		https://www.encodeproject.org/files/ENCFF709BYW/@@download/ENCFF709BYW.bam				released	s3://encode-public/2016/09/09/867cdbf5-bd06-4cbc-b986-51c28479d405/ENCFF709BYW.bam	https://datasetencode.blob.core.windows.net/dataset/2016/09/09/867cdbf5-bd06-4cbc-b986-51c28479d405/ENCFF709BYW.bam?sv=2019-10-10&si=prod&sr=c&sig=9qSQZo4ggrCNpybBExU8SypuUZV33igI11xw0P7rB3c%3D	Lab custom GRCh38	released			
ENCFF715RSI	bam	bam		alignments	GRCh38	ENCSR712IAG	eCLIP	/human-donors/ENCDO000AAD/	EFO:0002067	K562	cell line	Homo sapiens										ZC3H11A-human	RNA				ultraviolet irradiation	strand-specific	2018-04-24	ENCODE		see document	175-300	2	2_1		40					/files/ENCFF735ZUW/, /files/ENCFF378WQX/	283598317	Gene Yeo, UCSD	cce675bf1dc23696b6c93139341772b2		https://www.encodeproject.org/files/ENCFF715RSI/@@download/ENCFF715RSI.bam				released	s3://encode-public/2016/09/09/fb763eb4-a9b0-406e-94bf-b9ca628e875b/ENCFF715RSI.bam	https://datasetencode.blob.core.windows.net/dataset/2016/09/09/fb763eb4-a9b0-406e-94bf-b9ca628e875b/ENCFF715RSI.bam?sv=2019-10-10&si=prod&sr=c&sig=9qSQZo4ggrCNpybBExU8SypuUZV33igI11xw0P7rB3c%3D	Lab custom GRCh38	released			
ENCFF565CEU	bam	bam		alignments	hg19	ENCSR584TCR	eCLIP	/human-donors/ENCDO000AAD/	EFO:0002067	K562	cell line	Homo sapiens										TARDBP-human	RNA				ultraviolet irradiation	strand-specific	2015-11-09	ENCODE		see document	175-300	2	2_1		43					/files/ENCFF661TYX/, /files/ENCFF218BOC/	264367602	Gene Yeo, UCSD	aa5183e07a074e8fac92753dc8d70b8f		https://www.encodeproject.org/files/ENCFF565CEU/@@download/ENCFF565CEU.bam				released	s3://encode-public/2016/03/24/63fcf427-0858-4c85-a6b3-9eea5d09da24/ENCFF565CEU.bam	https://datasetencode.blob.core.windows.net/dataset/2016/03/24/63fcf427-0858-4c85-a6b3-9eea5d09da24/ENCFF565CEU.bam?sv=2019-10-10&si=prod&sr=c&sig=9qSQZo4ggrCNpybBExU8SypuUZV33igI11xw0P7rB3c%3D	Lab custom hg19	archived			
ENCFF453YOD	bam	bam		alignments	hg19	ENCSR584TCR	eCLIP	/human-donors/ENCDO000AAD/	EFO:0002067	K562	cell line	Homo sapiens										TARDBP-human	RNA				ultraviolet irradiation	strand-specific	2015-11-09	ENCODE		see document	175-300	1	1_1		43					/files/ENCFF734UEC/, /files/ENCFF147JYD/	199950194	Gene Yeo, UCSD	d16cc03ef2a8556643de382faadbbc97		https://www.encodeproject.org/files/ENCFF453YOD/@@download/ENCFF453YOD.bam				released	s3://encode-public/2016/03/24/8e1b93bc-bc94-40c0-9407-e3144e207f02/ENCFF453YOD.bam	https://datasetencode.blob.core.windows.net/dataset/2016/03/24/8e1b93bc-bc94-40c0-9407-e3144e207f02/ENCFF453YOD.bam?sv=2019-10-10&si=prod&sr=c&sig=9qSQZo4ggrCNpybBExU8SypuUZV33igI11xw0P7rB3c%3D	Lab custom hg19	archived			
ENCFF524PYO	bam	bam		alignments	GRCh38	ENCSR584TCR	eCLIP	/human-donors/ENCDO000AAD/	EFO:0002067	K562	cell line	Homo sapiens										TARDBP-human	RNA				ultraviolet irradiation	strand-specific	2015-11-09	ENCODE		see document	175-300	2	2_1		43					/files/ENCFF661TYX/, /files/ENCFF218BOC/	261663602	Gene Yeo, UCSD	7287cf3fa083dc4af4059b5965c75cac		https://www.encodeproject.org/files/ENCFF524PYO/@@download/ENCFF524PYO.bam				released	s3://encode-public/2016/09/09/b1ec8628-cb4e-47b0-aec4-aec7295a2013/ENCFF524PYO.bam	https://datasetencode.blob.core.windows.net/dataset/2016/09/09/b1ec8628-cb4e-47b0-aec4-aec7295a2013/ENCFF524PYO.bam?sv=2019-10-10&si=prod&sr=c&sig=9qSQZo4ggrCNpybBExU8SypuUZV33igI11xw0P7rB3c%3D	Lab custom GRCh38	released			
ENCFF923ZPC	bam	bam		alignments	GRCh38	ENCSR584TCR	eCLIP	/human-donors/ENCDO000AAD/	EFO:0002067	K562	cell line	Homo sapiens										TARDBP-human	RNA				ultraviolet irradiation	strand-specific	2015-11-09	ENCODE		see document	175-300	1	1_1		43					/files/ENCFF734UEC/, /files/ENCFF147JYD/	198188581	Gene Yeo, UCSD	0f8f354fd14c6bbe559f586028e1fa10		https://www.encodeproject.org/files/ENCFF923ZPC/@@download/ENCFF923ZPC.bam				released	s3://encode-public/2016/09/09/27e0243e-1a63-4765-b6fa-af3ccf513797/ENCFF923ZPC.bam	https://datasetencode.blob.core.windows.net/dataset/2016/09/09/27e0243e-1a63-4765-b6fa-af3ccf513797/ENCFF923ZPC.bam?sv=2019-10-10&si=prod&sr=c&sig=9qSQZo4ggrCNpybBExU8SypuUZV33igI11xw0P7rB3c%3D	Lab custom GRCh38	released			
ENCFF259KQL	bam	bam		alignments	hg19	ENCSR725ARB	eCLIP	/human-donors/ENCDO000AAD/	EFO:0002067	K562	cell line	Homo sapiens										AGGF1-human	RNA				ultraviolet irradiation	strand-specific	2016-04-26	ENCODE		see document	175-300	1	1_1		35					/files/ENCFF505DQW/, /files/ENCFF243EOW/	112493338	Gene Yeo, UCSD	51e9bc3e646574b37b9dff2d70f14398		https://www.encodeproject.org/files/ENCFF259KQL/@@download/ENCFF259KQL.bam				released	s3://encode-public/2016/03/11/130ca2d1-f8e0-4c68-acd4-d79fd1e6ed28/ENCFF259KQL.bam	https://datasetencode.blob.core.windows.net/dataset/2016/03/11/130ca2d1-f8e0-4c68-acd4-d79fd1e6ed28/ENCFF259KQL.bam?sv=2019-10-10&si=prod&sr=c&sig=9qSQZo4ggrCNpybBExU8SypuUZV33igI11xw0P7rB3c%3D	Lab custom hg19	archived			
ENCFF606WSU	bam	bam		alignments	hg19	ENCSR725ARB	eCLIP	/human-donors/ENCDO000AAD/	EFO:0002067	K562	cell line	Homo sapiens										AGGF1-human	RNA				ultraviolet irradiation	strand-specific	2016-04-26	ENCODE		see document	175-300	2	2_1		35					/files/ENCFF290RMT/, /files/ENCFF914VHS/	702981303	Gene Yeo, UCSD	cb821f3f9d2872c464968201b73b8d6d		https://www.encodeproject.org/files/ENCFF606WSU/@@download/ENCFF606WSU.bam				released	s3://encode-public/2016/03/11/62f3275b-3720-492d-bc25-d721045b6c98/ENCFF606WSU.bam	https://datasetencode.blob.core.windows.net/dataset/2016/03/11/62f3275b-3720-492d-bc25-d721045b6c98/ENCFF606WSU.bam?sv=2019-10-10&si=prod&sr=c&sig=9qSQZo4ggrCNpybBExU8SypuUZV33igI11xw0P7rB3c%3D	Lab custom hg19	archived			
ENCFF251DMV	bam	bam		alignments	GRCh38	ENCSR725ARB	eCLIP	/human-donors/ENCDO000AAD/	EFO:0002067	K562	cell line	Homo sapiens										AGGF1-human	RNA				ultraviolet irradiation	strand-specific	2016-04-26	ENCODE		see document	175-300	2	2_1		35					/files/ENCFF290RMT/, /files/ENCFF914VHS/	677421772	Gene Yeo, UCSD	9fb5984d86020e30295c09505ab0c0f4		https://www.encodeproject.org/files/ENCFF251DMV/@@download/ENCFF251DMV.bam				released	s3://encode-public/2016/09/09/e719f950-0c59-4018-a21b-5ee02973cfcd/ENCFF251DMV.bam	https://datasetencode.blob.core.windows.net/dataset/2016/09/09/e719f950-0c59-4018-a21b-5ee02973cfcd/ENCFF251DMV.bam?sv=2019-10-10&si=prod&sr=c&sig=9qSQZo4ggrCNpybBExU8SypuUZV33igI11xw0P7rB3c%3D	Lab custom GRCh38	released			
ENCFF604NYA	bam	bam		alignments	GRCh38	ENCSR725ARB	eCLIP	/human-donors/ENCDO000AAD/	EFO:0002067	K562	cell line	Homo sapiens										AGGF1-human	RNA				ultraviolet irradiation	strand-specific	2016-04-26	ENCODE		see document	175-300	1	1_1		35					/files/ENCFF505DQW/, /files/ENCFF243EOW/	335372244	Gene Yeo, UCSD	a9abf39a06a666599fd524fa6b8d9f0d		https://www.encodeproject.org/files/ENCFF604NYA/@@download/ENCFF604NYA.bam				released	s3://encode-public/2016/09/09/d869363d-f6a7-487d-be96-d1763f5b4f42/ENCFF604NYA.bam	https://datasetencode.blob.core.windows.net/dataset/2016/09/09/d869363d-f6a7-487d-be96-d1763f5b4f42/ENCFF604NYA.bam?sv=2019-10-10&si=prod&sr=c&sig=9qSQZo4ggrCNpybBExU8SypuUZV33igI11xw0P7rB3c%3D	Lab custom GRCh38	released			
ENCFF319LAK	bam	bam		alignments	hg19	ENCSR534YOI	eCLIP	/human-donors/ENCDO000AAD/	EFO:0002067	K562	cell line	Homo sapiens										PRPF8-human	RNA				ultraviolet irradiation	strand-specific	2015-07-15	ENCODE		see document	175-300	2	2_1		40					/files/ENCFF792GSE/, /files/ENCFF343JQN/	441155984	Gene Yeo, UCSD	73e48711eb49aed5d0394fd9b12d2b58		https://www.encodeproject.org/files/ENCFF319LAK/@@download/ENCFF319LAK.bam				released	s3://encode-public/2016/03/24/150e3058-de49-4a98-ace2-eb8414f54bd6/ENCFF319LAK.bam	https://datasetencode.blob.core.windows.net/dataset/2016/03/24/150e3058-de49-4a98-ace2-eb8414f54bd6/ENCFF319LAK.bam?sv=2019-10-10&si=prod&sr=c&sig=9qSQZo4ggrCNpybBExU8SypuUZV33igI11xw0P7rB3c%3D	Lab custom hg19	archived	mixed read lengths		
ENCFF689MJF	bam	bam		alignments	hg19	ENCSR534YOI	eCLIP	/human-donors/ENCDO000AAD/	EFO:0002067	K562	cell line	Homo sapiens										PRPF8-human	RNA				ultraviolet irradiation	strand-specific	2015-07-15	ENCODE		see document	175-300	1	1_1		40					/files/ENCFF378HIP/, /files/ENCFF975SKP/	357617170	Gene Yeo, UCSD	72b5200bf1a20984912fa35304e17c08		https://www.encodeproject.org/files/ENCFF689MJF/@@download/ENCFF689MJF.bam				released	s3://encode-public/2016/03/24/75a49d36-1088-423d-b3cf-e964dd429c7a/ENCFF689MJF.bam	https://datasetencode.blob.core.windows.net/dataset/2016/03/24/75a49d36-1088-423d-b3cf-e964dd429c7a/ENCFF689MJF.bam?sv=2019-10-10&si=prod&sr=c&sig=9qSQZo4ggrCNpybBExU8SypuUZV33igI11xw0P7rB3c%3D	Lab custom hg19	archived	mixed read lengths		
ENCFF987VDX	bam	bam		alignments	GRCh38	ENCSR534YOI	eCLIP	/human-donors/ENCDO000AAD/	EFO:0002067	K562	cell line	Homo sapiens										PRPF8-human	RNA				ultraviolet irradiation	strand-specific	2015-07-15	ENCODE		see document	175-300	1	1_1		40					/files/ENCFF378HIP/, /files/ENCFF975SKP/	361287564	Gene Yeo, UCSD	69bc10b6fd2cb649cf35a6d377b99c8e		https://www.encodeproject.org/files/ENCFF987VDX/@@download/ENCFF987VDX.bam				released	s3://encode-public/2016/09/09/4f2d7080-05e4-4524-a51e-91f9fb32425f/ENCFF987VDX.bam	https://datasetencode.blob.core.windows.net/dataset/2016/09/09/4f2d7080-05e4-4524-a51e-91f9fb32425f/ENCFF987VDX.bam?sv=2019-10-10&si=prod&sr=c&sig=9qSQZo4ggrCNpybBExU8SypuUZV33igI11xw0P7rB3c%3D	Lab custom GRCh38	released	mixed read lengths		
ENCFF558FAR	bam	bam		alignments	GRCh38	ENCSR534YOI	eCLIP	/human-donors/ENCDO000AAD/	EFO:0002067	K562	cell line	Homo sapiens										PRPF8-human	RNA				ultraviolet irradiation	strand-specific	2015-07-15	ENCODE		see document	175-300	2	2_1		40					/files/ENCFF792GSE/, /files/ENCFF343JQN/	442043254	Gene Yeo, UCSD	0c8535f4842d28b3b44fc4bee55255e4		https://www.encodeproject.org/files/ENCFF558FAR/@@download/ENCFF558FAR.bam				released	s3://encode-public/2016/09/09/4d5336c1-f640-4c2f-ad75-f06b2645a94e/ENCFF558FAR.bam	https://datasetencode.blob.core.windows.net/dataset/2016/09/09/4d5336c1-f640-4c2f-ad75-f06b2645a94e/ENCFF558FAR.bam?sv=2019-10-10&si=prod&sr=c&sig=9qSQZo4ggrCNpybBExU8SypuUZV33igI11xw0P7rB3c%3D	Lab custom GRCh38	released	mixed read lengths		
ENCFF849HII	bam	bam		alignments	hg19	ENCSR965DLL	eCLIP	/human-donors/ENCDO000AAC/	EFO:0001187	HepG2	cell line	Homo sapiens										SFPQ-human	RNA				ultraviolet irradiation	strand-specific	2016-04-26	ENCODE		see document	175-300	2	2_1		43					/files/ENCFF617MDS/, /files/ENCFF822GVL/	291406087	Gene Yeo, UCSD	0d2410822dc3596916a6e3150820402e		https://www.encodeproject.org/files/ENCFF849HII/@@download/ENCFF849HII.bam				released	s3://encode-public/2016/03/11/e36f4f94-8a3f-4902-a24e-d7a1072d0383/ENCFF849HII.bam	https://datasetencode.blob.core.windows.net/dataset/2016/03/11/e36f4f94-8a3f-4902-a24e-d7a1072d0383/ENCFF849HII.bam?sv=2019-10-10&si=prod&sr=c&sig=9qSQZo4ggrCNpybBExU8SypuUZV33igI11xw0P7rB3c%3D	Lab custom hg19	archived	mixed read lengths		
ENCFF862AWU	bam	bam		alignments	hg19	ENCSR965DLL	eCLIP	/human-donors/ENCDO000AAC/	EFO:0001187	HepG2	cell line	Homo sapiens										SFPQ-human	RNA				ultraviolet irradiation	strand-specific	2016-04-26	ENCODE		see document	175-300	1	1_1		43					/files/ENCFF315AQY/, /files/ENCFF981KZD/	588857001	Gene Yeo, UCSD	ef4fcc7a7a2f12325ac6f95bd7bc0bca		https://www.encodeproject.org/files/ENCFF862AWU/@@download/ENCFF862AWU.bam				released	s3://encode-public/2016/03/11/21d22cb9-3807-44fa-b14e-e5552a09b634/ENCFF862AWU.bam	https://datasetencode.blob.core.windows.net/dataset/2016/03/11/21d22cb9-3807-44fa-b14e-e5552a09b634/ENCFF862AWU.bam?sv=2019-10-10&si=prod&sr=c&sig=9qSQZo4ggrCNpybBExU8SypuUZV33igI11xw0P7rB3c%3D	Lab custom hg19	archived	mixed read lengths		
ENCFF056KWN	bam	bam		alignments	GRCh38	ENCSR965DLL	eCLIP	/human-donors/ENCDO000AAC/	EFO:0001187	HepG2	cell line	Homo sapiens										SFPQ-human	RNA				ultraviolet irradiation	strand-specific	2016-04-26	ENCODE		see document	175-300	2	2_1		43					/files/ENCFF617MDS/, /files/ENCFF822GVL/	289603602	Gene Yeo, UCSD	f3b17f00c564d48c180221423eb5e65c		https://www.encodeproject.org/files/ENCFF056KWN/@@download/ENCFF056KWN.bam				released	s3://encode-public/2016/09/09/b5f757bd-2a72-4e7f-8b61-1fa91b0900ca/ENCFF056KWN.bam	https://datasetencode.blob.core.windows.net/dataset/2016/09/09/b5f757bd-2a72-4e7f-8b61-1fa91b0900ca/ENCFF056KWN.bam?sv=2019-10-10&si=prod&sr=c&sig=9qSQZo4ggrCNpybBExU8SypuUZV33igI11xw0P7rB3c%3D	Lab custom GRCh38	released	mixed read lengths		
ENCFF857OFG	bam	bam		alignments	GRCh38	ENCSR965DLL	eCLIP	/human-donors/ENCDO000AAC/	EFO:0001187	HepG2	cell line	Homo sapiens										SFPQ-human	RNA				ultraviolet irradiation	strand-specific	2016-04-26	ENCODE		see document	175-300	1	1_1		43					/files/ENCFF315AQY/, /files/ENCFF981KZD/	583823198	Gene Yeo, UCSD	b9cec018d298d4a71334c66ff4c02ea1		https://www.encodeproject.org/files/ENCFF857OFG/@@download/ENCFF857OFG.bam				released	s3://encode-public/2016/09/09/68b55c3b-34e1-48e0-9c12-ccac1f9b332b/ENCFF857OFG.bam	https://datasetencode.blob.core.windows.net/dataset/2016/09/09/68b55c3b-34e1-48e0-9c12-ccac1f9b332b/ENCFF857OFG.bam?sv=2019-10-10&si=prod&sr=c&sig=9qSQZo4ggrCNpybBExU8SypuUZV33igI11xw0P7rB3c%3D	Lab custom GRCh38	released	mixed read lengths		
ENCFF880NPI	bam	bam		alignments	hg19	ENCSR224QWC	eCLIP	/human-donors/ENCDO000AAD/	EFO:0002067	K562	cell line	Homo sapiens										FXR2-human	RNA				ultraviolet irradiation	strand-specific	2015-11-09	ENCODE		see document	175-300	1	1_1		40					/files/ENCFF390XNM/, /files/ENCFF179VQL/	150600467	Gene Yeo, UCSD	01e152360b06832ee54f5b9260b6c04c		https://www.encodeproject.org/files/ENCFF880NPI/@@download/ENCFF880NPI.bam				released	s3://encode-public/2016/03/23/11c00c72-e153-4bf1-8ef9-5b213da69ad8/ENCFF880NPI.bam	https://datasetencode.blob.core.windows.net/dataset/2016/03/23/11c00c72-e153-4bf1-8ef9-5b213da69ad8/ENCFF880NPI.bam?sv=2019-10-10&si=prod&sr=c&sig=9qSQZo4ggrCNpybBExU8SypuUZV33igI11xw0P7rB3c%3D	Lab custom hg19	archived	mixed read lengths		
ENCFF950NHZ	bam	bam		alignments	hg19	ENCSR224QWC	eCLIP	/human-donors/ENCDO000AAD/	EFO:0002067	K562	cell line	Homo sapiens										FXR2-human	RNA				ultraviolet irradiation	strand-specific	2015-11-09	ENCODE		see document	175-300	2	2_1		40					/files/ENCFF487CVX/, /files/ENCFF616XVI/	152850072	Gene Yeo, UCSD	a87339d7b9fadaa1e406c982e8f165d8		https://www.encodeproject.org/files/ENCFF950NHZ/@@download/ENCFF950NHZ.bam				released	s3://encode-public/2016/03/23/3b6b2aee-7480-4752-a95a-d038c1a01b71/ENCFF950NHZ.bam	https://datasetencode.blob.core.windows.net/dataset/2016/03/23/3b6b2aee-7480-4752-a95a-d038c1a01b71/ENCFF950NHZ.bam?sv=2019-10-10&si=prod&sr=c&sig=9qSQZo4ggrCNpybBExU8SypuUZV33igI11xw0P7rB3c%3D	Lab custom hg19	archived	mixed read lengths		
ENCFF039HYM	bam	bam		alignments	GRCh38	ENCSR224QWC	eCLIP	/human-donors/ENCDO000AAD/	EFO:0002067	K562	cell line	Homo sapiens										FXR2-human	RNA				ultraviolet irradiation	strand-specific	2015-11-09	ENCODE		see document	175-300	1	1_1		40					/files/ENCFF390XNM/, /files/ENCFF179VQL/	151450278	Gene Yeo, UCSD	545f96cdb136d3b55465c8e86104aa54		https://www.encodeproject.org/files/ENCFF039HYM/@@download/ENCFF039HYM.bam				released	s3://encode-public/2016/09/09/36e5ade6-9cba-4818-aa64-66e98e8af1ae/ENCFF039HYM.bam	https://datasetencode.blob.core.windows.net/dataset/2016/09/09/36e5ade6-9cba-4818-aa64-66e98e8af1ae/ENCFF039HYM.bam?sv=2019-10-10&si=prod&sr=c&sig=9qSQZo4ggrCNpybBExU8SypuUZV33igI11xw0P7rB3c%3D	Lab custom GRCh38	released	mixed read lengths		
ENCFF459RQT	bam	bam		alignments	GRCh38	ENCSR224QWC	eCLIP	/human-donors/ENCDO000AAD/	EFO:0002067	K562	cell line	Homo sapiens										FXR2-human	RNA				ultraviolet irradiation	strand-specific	2015-11-09	ENCODE		see document	175-300	2	2_1		40					/files/ENCFF487CVX/, /files/ENCFF616XVI/	153964069	Gene Yeo, UCSD	4754e71675810c735614517e076683c8		https://www.encodeproject.org/files/ENCFF459RQT/@@download/ENCFF459RQT.bam				released	s3://encode-public/2016/09/09/c3e8c58a-a977-4800-a464-06999dde0944/ENCFF459RQT.bam	https://datasetencode.blob.core.windows.net/dataset/2016/09/09/c3e8c58a-a977-4800-a464-06999dde0944/ENCFF459RQT.bam?sv=2019-10-10&si=prod&sr=c&sig=9qSQZo4ggrCNpybBExU8SypuUZV33igI11xw0P7rB3c%3D	Lab custom GRCh38	released	mixed read lengths		
ENCFF012EDL	bam	bam		alignments	hg19	ENCSR154HRN	eCLIP	/human-donors/ENCDO000AAD/	EFO:0002067	K562	cell line	Homo sapiens										HNRNPA1-human	RNA				ultraviolet irradiation	strand-specific	2015-07-15	ENCODE		see document	175-300	1	1_1		43					/files/ENCFF107UYK/, /files/ENCFF546OAU/	521167959	Gene Yeo, UCSD	4bb868e3354dcadab91c6a62f2d0078d		https://www.encodeproject.org/files/ENCFF012EDL/@@download/ENCFF012EDL.bam				released	s3://encode-public/2016/03/23/d4e06d98-a1b2-46a6-8be8-6f1ce62d530d/ENCFF012EDL.bam	https://datasetencode.blob.core.windows.net/dataset/2016/03/23/d4e06d98-a1b2-46a6-8be8-6f1ce62d530d/ENCFF012EDL.bam?sv=2019-10-10&si=prod&sr=c&sig=9qSQZo4ggrCNpybBExU8SypuUZV33igI11xw0P7rB3c%3D	Lab custom hg19	archived			
ENCFF292CIT	bam	bam		alignments	hg19	ENCSR154HRN	eCLIP	/human-donors/ENCDO000AAD/	EFO:0002067	K562	cell line	Homo sapiens										HNRNPA1-human	RNA				ultraviolet irradiation	strand-specific	2015-07-15	ENCODE		see document	175-300	2	2_1		43					/files/ENCFF352GSS/, /files/ENCFF850NCY/	226041416	Gene Yeo, UCSD	a1722269a4d82ed5cf1703ba240c0fe7		https://www.encodeproject.org/files/ENCFF292CIT/@@download/ENCFF292CIT.bam				released	s3://encode-public/2016/03/23/3813e18a-0b02-4164-8306-473fbdecfe07/ENCFF292CIT.bam	https://datasetencode.blob.core.windows.net/dataset/2016/03/23/3813e18a-0b02-4164-8306-473fbdecfe07/ENCFF292CIT.bam?sv=2019-10-10&si=prod&sr=c&sig=9qSQZo4ggrCNpybBExU8SypuUZV33igI11xw0P7rB3c%3D	Lab custom hg19	archived			
ENCFF571IRN	bam	bam		alignments	GRCh38	ENCSR154HRN	eCLIP	/human-donors/ENCDO000AAD/	EFO:0002067	K562	cell line	Homo sapiens										HNRNPA1-human	RNA				ultraviolet irradiation	strand-specific	2015-07-15	ENCODE		see document	175-300	1	1_1		43					/files/ENCFF107UYK/, /files/ENCFF546OAU/	519716041	Gene Yeo, UCSD	1019a0f0a6a6230bd73544f40d9d56c6		https://www.encodeproject.org/files/ENCFF571IRN/@@download/ENCFF571IRN.bam				released	s3://encode-public/2016/09/09/23486b5d-7199-4bd0-9ace-d7d10cd6dd53/ENCFF571IRN.bam	https://datasetencode.blob.core.windows.net/dataset/2016/09/09/23486b5d-7199-4bd0-9ace-d7d10cd6dd53/ENCFF571IRN.bam?sv=2019-10-10&si=prod&sr=c&sig=9qSQZo4ggrCNpybBExU8SypuUZV33igI11xw0P7rB3c%3D	Lab custom GRCh38	released			
ENCFF876SGL	bam	bam		alignments	GRCh38	ENCSR154HRN	eCLIP	/human-donors/ENCDO000AAD/	EFO:0002067	K562	cell line	Homo sapiens										HNRNPA1-human	RNA				ultraviolet irradiation	strand-specific	2015-07-15	ENCODE		see document	175-300	2	2_1		43					/files/ENCFF352GSS/, /files/ENCFF850NCY/	224462938	Gene Yeo, UCSD	eb795315fe38169d64234e230d05573e		https://www.encodeproject.org/files/ENCFF876SGL/@@download/ENCFF876SGL.bam				released	s3://encode-public/2016/09/09/86b14b08-b2ac-49a0-8b46-3f4d0cbd7493/ENCFF876SGL.bam	https://datasetencode.blob.core.windows.net/dataset/2016/09/09/86b14b08-b2ac-49a0-8b46-3f4d0cbd7493/ENCFF876SGL.bam?sv=2019-10-10&si=prod&sr=c&sig=9qSQZo4ggrCNpybBExU8SypuUZV33igI11xw0P7rB3c%3D	Lab custom GRCh38	released			
ENCFF106RNO	bam	bam		alignments	hg19	ENCSR840DRD	eCLIP	/human-donors/ENCDO000AAD/	EFO:0002067	K562	cell line	Homo sapiens										CSTF2T-human	RNA				ultraviolet irradiation	strand-specific	2015-11-09	ENCODE		see document	175-300	1	1_1		43					/files/ENCFF305FQD/, /files/ENCFF251DNT/	466292681	Gene Yeo, UCSD	d5fb2f9dc124c6d8bd1f13767829e2ac		https://www.encodeproject.org/files/ENCFF106RNO/@@download/ENCFF106RNO.bam				released	s3://encode-public/2016/03/24/592e7214-4c58-4882-94e6-ac3a3ed0d287/ENCFF106RNO.bam	https://datasetencode.blob.core.windows.net/dataset/2016/03/24/592e7214-4c58-4882-94e6-ac3a3ed0d287/ENCFF106RNO.bam?sv=2019-10-10&si=prod&sr=c&sig=9qSQZo4ggrCNpybBExU8SypuUZV33igI11xw0P7rB3c%3D	Lab custom hg19	archived			
ENCFF926RLW	bam	bam		alignments	hg19	ENCSR840DRD	eCLIP	/human-donors/ENCDO000AAD/	EFO:0002067	K562	cell line	Homo sapiens										CSTF2T-human	RNA				ultraviolet irradiation	strand-specific	2015-11-09	ENCODE		see document	175-300	2	2_1		43					/files/ENCFF480LCY/, /files/ENCFF084WXF/	702720717	Gene Yeo, UCSD	220d91dcc953d830c1e6ad4bf3088e08		https://www.encodeproject.org/files/ENCFF926RLW/@@download/ENCFF926RLW.bam				released	s3://encode-public/2016/03/24/ab618df8-9d47-4412-bfc3-e492180e4eb9/ENCFF926RLW.bam	https://datasetencode.blob.core.windows.net/dataset/2016/03/24/ab618df8-9d47-4412-bfc3-e492180e4eb9/ENCFF926RLW.bam?sv=2019-10-10&si=prod&sr=c&sig=9qSQZo4ggrCNpybBExU8SypuUZV33igI11xw0P7rB3c%3D	Lab custom hg19	archived			
ENCFF859CZM	bam	bam		alignments	GRCh38	ENCSR840DRD	eCLIP	/human-donors/ENCDO000AAD/	EFO:0002067	K562	cell line	Homo sapiens										CSTF2T-human	RNA				ultraviolet irradiation	strand-specific	2015-11-09	ENCODE		see document	175-300	1	1_1		43					/files/ENCFF305FQD/, /files/ENCFF251DNT/	461334307	Gene Yeo, UCSD	0a6e13471514b5b3d1e6347229a582de		https://www.encodeproject.org/files/ENCFF859CZM/@@download/ENCFF859CZM.bam				released	s3://encode-public/2016/09/09/eae9bd09-1e38-4b82-9406-6fc7812b63ed/ENCFF859CZM.bam	https://datasetencode.blob.core.windows.net/dataset/2016/09/09/eae9bd09-1e38-4b82-9406-6fc7812b63ed/ENCFF859CZM.bam?sv=2019-10-10&si=prod&sr=c&sig=9qSQZo4ggrCNpybBExU8SypuUZV33igI11xw0P7rB3c%3D	Lab custom GRCh38	released			
ENCFF513VDW	bam	bam		alignments	GRCh38	ENCSR840DRD	eCLIP	/human-donors/ENCDO000AAD/	EFO:0002067	K562	cell line	Homo sapiens										CSTF2T-human	RNA				ultraviolet irradiation	strand-specific	2015-11-09	ENCODE		see document	175-300	2	2_1		43					/files/ENCFF480LCY/, /files/ENCFF084WXF/	695749812	Gene Yeo, UCSD	7426497b44234cb459dbe59da72baacc		https://www.encodeproject.org/files/ENCFF513VDW/@@download/ENCFF513VDW.bam				released	s3://encode-public/2016/09/09/08939ba0-57df-4d0e-82fd-0aa2becf8363/ENCFF513VDW.bam	https://datasetencode.blob.core.windows.net/dataset/2016/09/09/08939ba0-57df-4d0e-82fd-0aa2becf8363/ENCFF513VDW.bam?sv=2019-10-10&si=prod&sr=c&sig=9qSQZo4ggrCNpybBExU8SypuUZV33igI11xw0P7rB3c%3D	Lab custom GRCh38	released			
ENCFF485LRS	bam	bam		alignments	hg19	ENCSR623VEQ	eCLIP	/human-donors/ENCDO000AAC/	EFO:0001187	HepG2	cell line	Homo sapiens										TIA1-human	RNA				ultraviolet irradiation	strand-specific	2015-07-15	ENCODE		see document	175-300	2	2_1		44					/files/ENCFF181GFC/, /files/ENCFF643ZXH/	457392867	Gene Yeo, UCSD	9be2a7d7dca51c3f681c36e4f2a13bf0		https://www.encodeproject.org/files/ENCFF485LRS/@@download/ENCFF485LRS.bam				released	s3://encode-public/2016/03/23/25f023f0-9f43-4f8d-872e-6a01f3315dcd/ENCFF485LRS.bam	https://datasetencode.blob.core.windows.net/dataset/2016/03/23/25f023f0-9f43-4f8d-872e-6a01f3315dcd/ENCFF485LRS.bam?sv=2019-10-10&si=prod&sr=c&sig=9qSQZo4ggrCNpybBExU8SypuUZV33igI11xw0P7rB3c%3D	Lab custom hg19	archived			
ENCFF878IQT	bam	bam		alignments	hg19	ENCSR623VEQ	eCLIP	/human-donors/ENCDO000AAC/	EFO:0001187	HepG2	cell line	Homo sapiens										TIA1-human	RNA				ultraviolet irradiation	strand-specific	2015-07-15	ENCODE		see document	175-300	1	1_1		44					/files/ENCFF482SRR/, /files/ENCFF506BUC/	351124247	Gene Yeo, UCSD	981356ca6ee503fdd980a48ccbd40ddd		https://www.encodeproject.org/files/ENCFF878IQT/@@download/ENCFF878IQT.bam				released	s3://encode-public/2016/03/23/70f8b753-b142-45f0-af76-682576d000bd/ENCFF878IQT.bam	https://datasetencode.blob.core.windows.net/dataset/2016/03/23/70f8b753-b142-45f0-af76-682576d000bd/ENCFF878IQT.bam?sv=2019-10-10&si=prod&sr=c&sig=9qSQZo4ggrCNpybBExU8SypuUZV33igI11xw0P7rB3c%3D	Lab custom hg19	archived			
ENCFF681JJG	bam	bam		alignments	GRCh38	ENCSR623VEQ	eCLIP	/human-donors/ENCDO000AAC/	EFO:0001187	HepG2	cell line	Homo sapiens										TIA1-human	RNA				ultraviolet irradiation	strand-specific	2015-07-15	ENCODE		see document	175-300	2	2_1		44					/files/ENCFF181GFC/, /files/ENCFF643ZXH/	458384632	Gene Yeo, UCSD	c287a071ec93a54dc9ca9d0de3b1bca1		https://www.encodeproject.org/files/ENCFF681JJG/@@download/ENCFF681JJG.bam				released	s3://encode-public/2016/09/09/00a4a8f6-c65c-4a9f-aa60-842a846ca8c4/ENCFF681JJG.bam	https://datasetencode.blob.core.windows.net/dataset/2016/09/09/00a4a8f6-c65c-4a9f-aa60-842a846ca8c4/ENCFF681JJG.bam?sv=2019-10-10&si=prod&sr=c&sig=9qSQZo4ggrCNpybBExU8SypuUZV33igI11xw0P7rB3c%3D	Lab custom GRCh38	released			
ENCFF258DPQ	bam	bam		alignments	GRCh38	ENCSR623VEQ	eCLIP	/human-donors/ENCDO000AAC/	EFO:0001187	HepG2	cell line	Homo sapiens										TIA1-human	RNA				ultraviolet irradiation	strand-specific	2015-07-15	ENCODE		see document	175-300	1	1_1		44					/files/ENCFF482SRR/, /files/ENCFF506BUC/	352719227	Gene Yeo, UCSD	a70c497229d00105fc64ef8947ab7110		https://www.encodeproject.org/files/ENCFF258DPQ/@@download/ENCFF258DPQ.bam				released	s3://encode-public/2016/09/09/c6b43078-ae33-4869-b5cd-68fa7e1119b1/ENCFF258DPQ.bam	https://datasetencode.blob.core.windows.net/dataset/2016/09/09/c6b43078-ae33-4869-b5cd-68fa7e1119b1/ENCFF258DPQ.bam?sv=2019-10-10&si=prod&sr=c&sig=9qSQZo4ggrCNpybBExU8SypuUZV33igI11xw0P7rB3c%3D	Lab custom GRCh38	released			
ENCFF592BEM	bam	bam		alignments	hg19	ENCSR830BSQ	eCLIP	/human-donors/ENCDO000AAC/	EFO:0001187	HepG2	cell line	Homo sapiens										BUD13-human	RNA				ultraviolet irradiation	strand-specific	2015-12-15	ENCODE		see document	175-300	1	1_1		40					/files/ENCFF363NIE/, /files/ENCFF918HTG/	472738997	Gene Yeo, UCSD	7fd7ce3e4e1a9f0419da09f95b378c6b		https://www.encodeproject.org/files/ENCFF592BEM/@@download/ENCFF592BEM.bam				released	s3://encode-public/2016/03/24/cbae5ae0-1231-40f0-921a-4d19ffdc28d1/ENCFF592BEM.bam	https://datasetencode.blob.core.windows.net/dataset/2016/03/24/cbae5ae0-1231-40f0-921a-4d19ffdc28d1/ENCFF592BEM.bam?sv=2019-10-10&si=prod&sr=c&sig=9qSQZo4ggrCNpybBExU8SypuUZV33igI11xw0P7rB3c%3D	Lab custom hg19	archived			
ENCFF094VWE	bam	bam		alignments	hg19	ENCSR830BSQ	eCLIP	/human-donors/ENCDO000AAC/	EFO:0001187	HepG2	cell line	Homo sapiens										BUD13-human	RNA				ultraviolet irradiation	strand-specific	2015-12-15	ENCODE		see document	175-300	2	2_1		40					/files/ENCFF793PYD/, /files/ENCFF201ZNG/	445321862	Gene Yeo, UCSD	dce2fcac9796973a5da16aae56173755		https://www.encodeproject.org/files/ENCFF094VWE/@@download/ENCFF094VWE.bam				released	s3://encode-public/2016/03/24/d20ce5af-b1fa-4613-b8a0-517a4719e4eb/ENCFF094VWE.bam	https://datasetencode.blob.core.windows.net/dataset/2016/03/24/d20ce5af-b1fa-4613-b8a0-517a4719e4eb/ENCFF094VWE.bam?sv=2019-10-10&si=prod&sr=c&sig=9qSQZo4ggrCNpybBExU8SypuUZV33igI11xw0P7rB3c%3D	Lab custom hg19	archived			
ENCFF536HGU	bam	bam		alignments	GRCh38	ENCSR830BSQ	eCLIP	/human-donors/ENCDO000AAC/	EFO:0001187	HepG2	cell line	Homo sapiens										BUD13-human	RNA				ultraviolet irradiation	strand-specific	2015-12-15	ENCODE		see document	175-300	1	1_1		40					/files/ENCFF363NIE/, /files/ENCFF918HTG/	451253474	Gene Yeo, UCSD	8b0e0bbd24bf40de01906dc9c13b4bcc		https://www.encodeproject.org/files/ENCFF536HGU/@@download/ENCFF536HGU.bam				released	s3://encode-public/2016/09/09/a3ab0f4d-ab26-44e4-9f08-14bbc684c806/ENCFF536HGU.bam	https://datasetencode.blob.core.windows.net/dataset/2016/09/09/a3ab0f4d-ab26-44e4-9f08-14bbc684c806/ENCFF536HGU.bam?sv=2019-10-10&si=prod&sr=c&sig=9qSQZo4ggrCNpybBExU8SypuUZV33igI11xw0P7rB3c%3D	Lab custom GRCh38	released			
ENCFF644DWW	bam	bam		alignments	GRCh38	ENCSR830BSQ	eCLIP	/human-donors/ENCDO000AAC/	EFO:0001187	HepG2	cell line	Homo sapiens										BUD13-human	RNA				ultraviolet irradiation	strand-specific	2015-12-15	ENCODE		see document	175-300	2	2_1		40					/files/ENCFF793PYD/, /files/ENCFF201ZNG/	430406888	Gene Yeo, UCSD	6daa581e6b506406a45dc51638693013		https://www.encodeproject.org/files/ENCFF644DWW/@@download/ENCFF644DWW.bam				released	s3://encode-public/2016/09/09/8dbb3f08-1f45-41ad-ba4c-75a91d0f516b/ENCFF644DWW.bam	https://datasetencode.blob.core.windows.net/dataset/2016/09/09/8dbb3f08-1f45-41ad-ba4c-75a91d0f516b/ENCFF644DWW.bam?sv=2019-10-10&si=prod&sr=c&sig=9qSQZo4ggrCNpybBExU8SypuUZV33igI11xw0P7rB3c%3D	Lab custom GRCh38	released			
ENCFF260CNL	bam	bam		alignments	hg19	ENCSR930BZL	eCLIP	/human-donors/ENCDO000AAD/	EFO:0002067	K562	cell line	Homo sapiens										DDX3X-human	RNA				ultraviolet irradiation	strand-specific	2015-11-09	ENCODE		see document	175-300	2	2_1		35					/files/ENCFF943MML/, /files/ENCFF357NSP/	208564632	Gene Yeo, UCSD	de2056059165b88acd80ae3377b3ece8		https://www.encodeproject.org/files/ENCFF260CNL/@@download/ENCFF260CNL.bam				released	s3://encode-public/2016/03/24/e0c86235-ffce-4f45-9238-b328f4fb0aa3/ENCFF260CNL.bam	https://datasetencode.blob.core.windows.net/dataset/2016/03/24/e0c86235-ffce-4f45-9238-b328f4fb0aa3/ENCFF260CNL.bam?sv=2019-10-10&si=prod&sr=c&sig=9qSQZo4ggrCNpybBExU8SypuUZV33igI11xw0P7rB3c%3D	Lab custom hg19	archived	mixed read lengths		
ENCFF188BJH	bam	bam		alignments	hg19	ENCSR930BZL	eCLIP	/human-donors/ENCDO000AAD/	EFO:0002067	K562	cell line	Homo sapiens										DDX3X-human	RNA				ultraviolet irradiation	strand-specific	2015-11-09	ENCODE		see document	175-300	1	1_1		38					/files/ENCFF151JUK/, /files/ENCFF029BAQ/	228374164	Gene Yeo, UCSD	a68b7b00959b3ebfe988dfec35503ab8		https://www.encodeproject.org/files/ENCFF188BJH/@@download/ENCFF188BJH.bam				released	s3://encode-public/2016/03/24/1c4d6a92-c2e5-494b-bba7-46f24023cf4e/ENCFF188BJH.bam	https://datasetencode.blob.core.windows.net/dataset/2016/03/24/1c4d6a92-c2e5-494b-bba7-46f24023cf4e/ENCFF188BJH.bam?sv=2019-10-10&si=prod&sr=c&sig=9qSQZo4ggrCNpybBExU8SypuUZV33igI11xw0P7rB3c%3D	Lab custom hg19	archived	mixed read lengths		
ENCFF969SMQ	bam	bam		alignments	GRCh38	ENCSR930BZL	eCLIP	/human-donors/ENCDO000AAD/	EFO:0002067	K562	cell line	Homo sapiens										DDX3X-human	RNA				ultraviolet irradiation	strand-specific	2015-11-09	ENCODE		see document	175-300	1	1_1		38					/files/ENCFF151JUK/, /files/ENCFF029BAQ/	222275025	Gene Yeo, UCSD	144084e8764207d2b06c1320f1299bf5		https://www.encodeproject.org/files/ENCFF969SMQ/@@download/ENCFF969SMQ.bam				released	s3://encode-public/2016/09/09/98755f04-f64b-4568-b16e-901ab39c9d3c/ENCFF969SMQ.bam	https://datasetencode.blob.core.windows.net/dataset/2016/09/09/98755f04-f64b-4568-b16e-901ab39c9d3c/ENCFF969SMQ.bam?sv=2019-10-10&si=prod&sr=c&sig=9qSQZo4ggrCNpybBExU8SypuUZV33igI11xw0P7rB3c%3D	Lab custom GRCh38	released	mixed read lengths		
ENCFF343OME	bam	bam		alignments	GRCh38	ENCSR930BZL	eCLIP	/human-donors/ENCDO000AAD/	EFO:0002067	K562	cell line	Homo sapiens										DDX3X-human	RNA				ultraviolet irradiation	strand-specific	2015-11-09	ENCODE		see document	175-300	2	2_1		35					/files/ENCFF943MML/, /files/ENCFF357NSP/	200586906	Gene Yeo, UCSD	34a43dc248a9e8563a48a90dc620fe18		https://www.encodeproject.org/files/ENCFF343OME/@@download/ENCFF343OME.bam				released	s3://encode-public/2016/09/09/d0dc44a6-4fd7-4dbf-ae9d-3e264aa9972b/ENCFF343OME.bam	https://datasetencode.blob.core.windows.net/dataset/2016/09/09/d0dc44a6-4fd7-4dbf-ae9d-3e264aa9972b/ENCFF343OME.bam?sv=2019-10-10&si=prod&sr=c&sig=9qSQZo4ggrCNpybBExU8SypuUZV33igI11xw0P7rB3c%3D	Lab custom GRCh38	released	mixed read lengths		
ENCFF499LMU	bam	bam		alignments	hg19	ENCSR754NDA	eCLIP	/human-donors/ENCDO000AAC/	EFO:0001187	HepG2	cell line	Homo sapiens										RBM15-human	RNA				ultraviolet irradiation	strand-specific	2016-04-26	ENCODE		see document	175-300	2	2_1		35					/files/ENCFF923FKJ/, /files/ENCFF869TEZ/	126028232	Gene Yeo, UCSD	21c2e38468323dd18b50be22a22e3910		https://www.encodeproject.org/files/ENCFF499LMU/@@download/ENCFF499LMU.bam				released	s3://encode-public/2016/03/11/9813b728-fdd5-4de2-a577-e1405030ff62/ENCFF499LMU.bam	https://datasetencode.blob.core.windows.net/dataset/2016/03/11/9813b728-fdd5-4de2-a577-e1405030ff62/ENCFF499LMU.bam?sv=2019-10-10&si=prod&sr=c&sig=9qSQZo4ggrCNpybBExU8SypuUZV33igI11xw0P7rB3c%3D	Lab custom hg19	archived			
ENCFF415HAC	bam	bam		alignments	hg19	ENCSR754NDA	eCLIP	/human-donors/ENCDO000AAC/	EFO:0001187	HepG2	cell line	Homo sapiens										RBM15-human	RNA				ultraviolet irradiation	strand-specific	2016-04-26	ENCODE		see document	175-300	1	1_1		35					/files/ENCFF060IFR/, /files/ENCFF172MCY/	481606422	Gene Yeo, UCSD	9f6d26c5482aae33504d852d2cd930de		https://www.encodeproject.org/files/ENCFF415HAC/@@download/ENCFF415HAC.bam				released	s3://encode-public/2016/03/11/6b14f06e-918e-45a4-95dc-75a58f15248c/ENCFF415HAC.bam	https://datasetencode.blob.core.windows.net/dataset/2016/03/11/6b14f06e-918e-45a4-95dc-75a58f15248c/ENCFF415HAC.bam?sv=2019-10-10&si=prod&sr=c&sig=9qSQZo4ggrCNpybBExU8SypuUZV33igI11xw0P7rB3c%3D	Lab custom hg19	archived			
ENCFF562QVD	bam	bam		alignments	GRCh38	ENCSR754NDA	eCLIP	/human-donors/ENCDO000AAC/	EFO:0001187	HepG2	cell line	Homo sapiens										RBM15-human	RNA				ultraviolet irradiation	strand-specific	2016-04-26	ENCODE		see document	175-300	1	1_1		35					/files/ENCFF060IFR/, /files/ENCFF172MCY/	458855392	Gene Yeo, UCSD	5f73c09eee3987e50f02882f5b573798		https://www.encodeproject.org/files/ENCFF562QVD/@@download/ENCFF562QVD.bam				released	s3://encode-public/2016/09/09/6667b33d-b64f-4d35-bee7-2d9c5a4d9987/ENCFF562QVD.bam	https://datasetencode.blob.core.windows.net/dataset/2016/09/09/6667b33d-b64f-4d35-bee7-2d9c5a4d9987/ENCFF562QVD.bam?sv=2019-10-10&si=prod&sr=c&sig=9qSQZo4ggrCNpybBExU8SypuUZV33igI11xw0P7rB3c%3D	Lab custom GRCh38	released			
ENCFF261SEG	bam	bam		alignments	GRCh38	ENCSR754NDA	eCLIP	/human-donors/ENCDO000AAC/	EFO:0001187	HepG2	cell line	Homo sapiens										RBM15-human	RNA				ultraviolet irradiation	strand-specific	2016-04-26	ENCODE		see document	175-300	2	2_1		35					/files/ENCFF923FKJ/, /files/ENCFF869TEZ/	119752794	Gene Yeo, UCSD	a3366a751a7737621f71f6ce793a9573		https://www.encodeproject.org/files/ENCFF261SEG/@@download/ENCFF261SEG.bam				released	s3://encode-public/2016/09/09/4ddd9e34-2255-425f-bb26-b62369743ce0/ENCFF261SEG.bam	https://datasetencode.blob.core.windows.net/dataset/2016/09/09/4ddd9e34-2255-425f-bb26-b62369743ce0/ENCFF261SEG.bam?sv=2019-10-10&si=prod&sr=c&sig=9qSQZo4ggrCNpybBExU8SypuUZV33igI11xw0P7rB3c%3D	Lab custom GRCh38	released			
ENCFF668AFD	bam	bam		alignments	hg19	ENCSR006OEQ	eCLIP	/human-donors/ENCDO000AAD/	EFO:0002067	K562	cell line	Homo sapiens										FAM120A-human	RNA				ultraviolet irradiation	strand-specific	2015-11-09	ENCODE		see document	175-300	2	2_1		40					/files/ENCFF874PCG/, /files/ENCFF820TME/	410917986	Gene Yeo, UCSD	3fbdc972805d05834eb50ce732067e05		https://www.encodeproject.org/files/ENCFF668AFD/@@download/ENCFF668AFD.bam				released	s3://encode-public/2016/03/24/a794c300-0c27-4096-bb7f-efc668467ccb/ENCFF668AFD.bam	https://datasetencode.blob.core.windows.net/dataset/2016/03/24/a794c300-0c27-4096-bb7f-efc668467ccb/ENCFF668AFD.bam?sv=2019-10-10&si=prod&sr=c&sig=9qSQZo4ggrCNpybBExU8SypuUZV33igI11xw0P7rB3c%3D	Lab custom hg19	archived	mixed read lengths		
ENCFF225RJI	bam	bam		alignments	hg19	ENCSR006OEQ	eCLIP	/human-donors/ENCDO000AAD/	EFO:0002067	K562	cell line	Homo sapiens										FAM120A-human	RNA				ultraviolet irradiation	strand-specific	2015-11-09	ENCODE		see document	175-300	1	1_1		40					/files/ENCFF352HXC/, /files/ENCFF094VBR/	174781337	Gene Yeo, UCSD	7dee92b1d5fee87e085565dddaa497b7		https://www.encodeproject.org/files/ENCFF225RJI/@@download/ENCFF225RJI.bam				released	s3://encode-public/2016/03/24/2fb43b88-6c74-44a3-83fc-99def1bfe589/ENCFF225RJI.bam	https://datasetencode.blob.core.windows.net/dataset/2016/03/24/2fb43b88-6c74-44a3-83fc-99def1bfe589/ENCFF225RJI.bam?sv=2019-10-10&si=prod&sr=c&sig=9qSQZo4ggrCNpybBExU8SypuUZV33igI11xw0P7rB3c%3D	Lab custom hg19	archived	mixed read lengths		
ENCFF499ZKI	bam	bam		alignments	GRCh38	ENCSR006OEQ	eCLIP	/human-donors/ENCDO000AAD/	EFO:0002067	K562	cell line	Homo sapiens										FAM120A-human	RNA				ultraviolet irradiation	strand-specific	2015-11-09	ENCODE		see document	175-300	2	2_1		40					/files/ENCFF874PCG/, /files/ENCFF820TME/	407195023	Gene Yeo, UCSD	248fd2a4a87f636eb93b27c659a93bbe		https://www.encodeproject.org/files/ENCFF499ZKI/@@download/ENCFF499ZKI.bam				released	s3://encode-public/2016/09/09/19f8afcc-ad44-4d91-b697-764d0aba71f5/ENCFF499ZKI.bam	https://datasetencode.blob.core.windows.net/dataset/2016/09/09/19f8afcc-ad44-4d91-b697-764d0aba71f5/ENCFF499ZKI.bam?sv=2019-10-10&si=prod&sr=c&sig=9qSQZo4ggrCNpybBExU8SypuUZV33igI11xw0P7rB3c%3D	Lab custom GRCh38	released	mixed read lengths		
ENCFF184QYU	bam	bam		alignments	GRCh38	ENCSR006OEQ	eCLIP	/human-donors/ENCDO000AAD/	EFO:0002067	K562	cell line	Homo sapiens										FAM120A-human	RNA				ultraviolet irradiation	strand-specific	2015-11-09	ENCODE		see document	175-300	1	1_1		40					/files/ENCFF352HXC/, /files/ENCFF094VBR/	179253700	Gene Yeo, UCSD	bdb0ab8e2f25c17192c722c61e6d9d3f		https://www.encodeproject.org/files/ENCFF184QYU/@@download/ENCFF184QYU.bam				released	s3://encode-public/2016/09/09/ccd4721e-23d6-42af-bdbd-478f8217d4a2/ENCFF184QYU.bam	https://datasetencode.blob.core.windows.net/dataset/2016/09/09/ccd4721e-23d6-42af-bdbd-478f8217d4a2/ENCFF184QYU.bam?sv=2019-10-10&si=prod&sr=c&sig=9qSQZo4ggrCNpybBExU8SypuUZV33igI11xw0P7rB3c%3D	Lab custom GRCh38	released	mixed read lengths		
ENCFF977DLI	bam	bam		alignments	hg19	ENCSR206RXT	eCLIP	/human-donors/ENCDO000AAD/	EFO:0002067	K562	cell line	Homo sapiens										AKAP8L-human	RNA				ultraviolet irradiation	strand-specific	2016-04-26	ENCODE		see document	175-300	1	1_1		38					/files/ENCFF941NZR/, /files/ENCFF443KRX/	446200726	Gene Yeo, UCSD	10561955ef06387f9dbc9fd52a174c3a		https://www.encodeproject.org/files/ENCFF977DLI/@@download/ENCFF977DLI.bam				released	s3://encode-public/2016/03/11/64b59363-9cee-4c3a-ba37-9515c96217ce/ENCFF977DLI.bam	https://datasetencode.blob.core.windows.net/dataset/2016/03/11/64b59363-9cee-4c3a-ba37-9515c96217ce/ENCFF977DLI.bam?sv=2019-10-10&si=prod&sr=c&sig=9qSQZo4ggrCNpybBExU8SypuUZV33igI11xw0P7rB3c%3D	Lab custom hg19	archived	mixed read lengths		
ENCFF127ULN	bam	bam		alignments	hg19	ENCSR206RXT	eCLIP	/human-donors/ENCDO000AAD/	EFO:0002067	K562	cell line	Homo sapiens										AKAP8L-human	RNA				ultraviolet irradiation	strand-specific	2016-04-26	ENCODE		see document	175-300	2	2_1		38					/files/ENCFF368HXQ/, /files/ENCFF228RUA/	302963136	Gene Yeo, UCSD	17f2e03cb9004f30d1fb7e0bd54bcd83		https://www.encodeproject.org/files/ENCFF127ULN/@@download/ENCFF127ULN.bam				released	s3://encode-public/2016/03/11/9e2b2a67-796d-4f2a-ada7-10d1e782f6cb/ENCFF127ULN.bam	https://datasetencode.blob.core.windows.net/dataset/2016/03/11/9e2b2a67-796d-4f2a-ada7-10d1e782f6cb/ENCFF127ULN.bam?sv=2019-10-10&si=prod&sr=c&sig=9qSQZo4ggrCNpybBExU8SypuUZV33igI11xw0P7rB3c%3D	Lab custom hg19	archived	mixed read lengths		
ENCFF941SIX	bam	bam		alignments	GRCh38	ENCSR206RXT	eCLIP	/human-donors/ENCDO000AAD/	EFO:0002067	K562	cell line	Homo sapiens										AKAP8L-human	RNA				ultraviolet irradiation	strand-specific	2016-04-26	ENCODE		see document	175-300	1	1_1		38					/files/ENCFF941NZR/, /files/ENCFF443KRX/	427210388	Gene Yeo, UCSD	b9074ba5550585f7826c4153f40cf5f7		https://www.encodeproject.org/files/ENCFF941SIX/@@download/ENCFF941SIX.bam				released	s3://encode-public/2016/09/09/b77ac6c9-8532-48d7-ac27-17ca8b843e78/ENCFF941SIX.bam	https://datasetencode.blob.core.windows.net/dataset/2016/09/09/b77ac6c9-8532-48d7-ac27-17ca8b843e78/ENCFF941SIX.bam?sv=2019-10-10&si=prod&sr=c&sig=9qSQZo4ggrCNpybBExU8SypuUZV33igI11xw0P7rB3c%3D	Lab custom GRCh38	released	mixed read lengths		
ENCFF143KCR	bam	bam		alignments	GRCh38	ENCSR206RXT	eCLIP	/human-donors/ENCDO000AAD/	EFO:0002067	K562	cell line	Homo sapiens										AKAP8L-human	RNA				ultraviolet irradiation	strand-specific	2016-04-26	ENCODE		see document	175-300	2	2_1		38					/files/ENCFF368HXQ/, /files/ENCFF228RUA/	291046811	Gene Yeo, UCSD	38b2475cac579217cae49c27f76c055a		https://www.encodeproject.org/files/ENCFF143KCR/@@download/ENCFF143KCR.bam				released	s3://encode-public/2016/09/09/01a08515-78fd-4ff6-a6d5-3d8177b1f85d/ENCFF143KCR.bam	https://datasetencode.blob.core.windows.net/dataset/2016/09/09/01a08515-78fd-4ff6-a6d5-3d8177b1f85d/ENCFF143KCR.bam?sv=2019-10-10&si=prod&sr=c&sig=9qSQZo4ggrCNpybBExU8SypuUZV33igI11xw0P7rB3c%3D	Lab custom GRCh38	released	mixed read lengths		
ENCFF175HHG	bam	bam		alignments	hg19	ENCSR384MWO	eCLIP	/human-donors/ENCDO000AAC/	EFO:0001187	HepG2	cell line	Homo sapiens										CSTF2-human	RNA				ultraviolet irradiation	strand-specific	2016-08-19	ENCODE		see document	175-300	1	1_1		44					/files/ENCFF366XCA/, /files/ENCFF180MDZ/	686297696	Gene Yeo, UCSD	af5b105781a86ee82f1efbec7ff66a8d		https://www.encodeproject.org/files/ENCFF175HHG/@@download/ENCFF175HHG.bam				released	s3://encode-public/2016/08/04/0f743bc1-9629-4aa0-a27d-748a9bdaa4e2/ENCFF175HHG.bam	https://datasetencode.blob.core.windows.net/dataset/2016/08/04/0f743bc1-9629-4aa0-a27d-748a9bdaa4e2/ENCFF175HHG.bam?sv=2019-10-10&si=prod&sr=c&sig=9qSQZo4ggrCNpybBExU8SypuUZV33igI11xw0P7rB3c%3D	Lab custom hg19	archived	mixed read lengths		
ENCFF103BFG	bam	bam		alignments	hg19	ENCSR384MWO	eCLIP	/human-donors/ENCDO000AAC/	EFO:0001187	HepG2	cell line	Homo sapiens										CSTF2-human	RNA				ultraviolet irradiation	strand-specific	2016-08-19	ENCODE		see document	175-300	2	2_1		44					/files/ENCFF597QAD/, /files/ENCFF408GJH/	1089285048	Gene Yeo, UCSD	b59c236d543e4f6886fbb05d2bce2653		https://www.encodeproject.org/files/ENCFF103BFG/@@download/ENCFF103BFG.bam				released	s3://encode-public/2016/08/04/6cf88687-2e3a-4b3a-a3ab-ad43cfc6cc36/ENCFF103BFG.bam	https://datasetencode.blob.core.windows.net/dataset/2016/08/04/6cf88687-2e3a-4b3a-a3ab-ad43cfc6cc36/ENCFF103BFG.bam?sv=2019-10-10&si=prod&sr=c&sig=9qSQZo4ggrCNpybBExU8SypuUZV33igI11xw0P7rB3c%3D	Lab custom hg19	archived	mixed read lengths		
ENCFF616EZQ	bam	bam		alignments	GRCh38	ENCSR384MWO	eCLIP	/human-donors/ENCDO000AAC/	EFO:0001187	HepG2	cell line	Homo sapiens										CSTF2-human	RNA				ultraviolet irradiation	strand-specific	2016-08-19	ENCODE		see document	175-300	1	1_1		44					/files/ENCFF366XCA/, /files/ENCFF180MDZ/	677859806	Gene Yeo, UCSD	b40874e2e0248bcf125239dff96e26b8		https://www.encodeproject.org/files/ENCFF616EZQ/@@download/ENCFF616EZQ.bam				released	s3://encode-public/2016/09/09/c9a73150-0564-440f-970f-77a33ee4a008/ENCFF616EZQ.bam	https://datasetencode.blob.core.windows.net/dataset/2016/09/09/c9a73150-0564-440f-970f-77a33ee4a008/ENCFF616EZQ.bam?sv=2019-10-10&si=prod&sr=c&sig=9qSQZo4ggrCNpybBExU8SypuUZV33igI11xw0P7rB3c%3D	Lab custom GRCh38	released	mixed read lengths		
ENCFF399CRA	bam	bam		alignments	GRCh38	ENCSR384MWO	eCLIP	/human-donors/ENCDO000AAC/	EFO:0001187	HepG2	cell line	Homo sapiens										CSTF2-human	RNA				ultraviolet irradiation	strand-specific	2016-08-19	ENCODE		see document	175-300	2	2_1		44					/files/ENCFF597QAD/, /files/ENCFF408GJH/	1074199796	Gene Yeo, UCSD	c645ab7e3908d91f9aeda49514733eb2		https://www.encodeproject.org/files/ENCFF399CRA/@@download/ENCFF399CRA.bam				released	s3://encode-public/2016/09/09/384c6c68-2e21-4d41-8130-0965991bf4c1/ENCFF399CRA.bam	https://datasetencode.blob.core.windows.net/dataset/2016/09/09/384c6c68-2e21-4d41-8130-0965991bf4c1/ENCFF399CRA.bam?sv=2019-10-10&si=prod&sr=c&sig=9qSQZo4ggrCNpybBExU8SypuUZV33igI11xw0P7rB3c%3D	Lab custom GRCh38	released	mixed read lengths		
ENCFF517FVN	bam	bam		alignments	hg19	ENCSR981WKN	eCLIP	/human-donors/ENCDO000AAD/	EFO:0002067	K562	cell line	Homo sapiens										PTBP1-human	RNA				ultraviolet irradiation	strand-specific	2015-11-09	ENCODE		see document	175-300	2	2_1		38					/files/ENCFF989UNR/, /files/ENCFF273VIJ/	309738700	Gene Yeo, UCSD	a329cc7f3777b8b8a110db4439265b0a		https://www.encodeproject.org/files/ENCFF517FVN/@@download/ENCFF517FVN.bam				released	s3://encode-public/2016/03/24/db687d9f-3b9c-466f-8b9f-98fd0cc74bd7/ENCFF517FVN.bam	https://datasetencode.blob.core.windows.net/dataset/2016/03/24/db687d9f-3b9c-466f-8b9f-98fd0cc74bd7/ENCFF517FVN.bam?sv=2019-10-10&si=prod&sr=c&sig=9qSQZo4ggrCNpybBExU8SypuUZV33igI11xw0P7rB3c%3D	Lab custom hg19	archived	mixed read lengths		
ENCFF247DQN	bam	bam		alignments	hg19	ENCSR981WKN	eCLIP	/human-donors/ENCDO000AAD/	EFO:0002067	K562	cell line	Homo sapiens										PTBP1-human	RNA				ultraviolet irradiation	strand-specific	2015-11-09	ENCODE		see document	175-300	1	1_1		38					/files/ENCFF019TEQ/, /files/ENCFF689XJE/	201771366	Gene Yeo, UCSD	52e1133753e9b36e83f8a5d9679e1fa7		https://www.encodeproject.org/files/ENCFF247DQN/@@download/ENCFF247DQN.bam				released	s3://encode-public/2016/03/24/03f6a721-812e-48a4-8077-6be9e0169ff8/ENCFF247DQN.bam	https://datasetencode.blob.core.windows.net/dataset/2016/03/24/03f6a721-812e-48a4-8077-6be9e0169ff8/ENCFF247DQN.bam?sv=2019-10-10&si=prod&sr=c&sig=9qSQZo4ggrCNpybBExU8SypuUZV33igI11xw0P7rB3c%3D	Lab custom hg19	archived	mixed read lengths		
ENCFF765BPN	bam	bam		alignments	GRCh38	ENCSR981WKN	eCLIP	/human-donors/ENCDO000AAD/	EFO:0002067	K562	cell line	Homo sapiens										PTBP1-human	RNA				ultraviolet irradiation	strand-specific	2015-11-09	ENCODE		see document	175-300	1	1_1		38					/files/ENCFF019TEQ/, /files/ENCFF689XJE/	196651656	Gene Yeo, UCSD	4e2a1340c6464b46560898d93cdaf028		https://www.encodeproject.org/files/ENCFF765BPN/@@download/ENCFF765BPN.bam				released	s3://encode-public/2016/09/09/ff251c6f-494d-48e7-a733-0d5f4fdf3ed3/ENCFF765BPN.bam	https://datasetencode.blob.core.windows.net/dataset/2016/09/09/ff251c6f-494d-48e7-a733-0d5f4fdf3ed3/ENCFF765BPN.bam?sv=2019-10-10&si=prod&sr=c&sig=9qSQZo4ggrCNpybBExU8SypuUZV33igI11xw0P7rB3c%3D	Lab custom GRCh38	released	mixed read lengths		
ENCFF659RKW	bam	bam		alignments	GRCh38	ENCSR981WKN	eCLIP	/human-donors/ENCDO000AAD/	EFO:0002067	K562	cell line	Homo sapiens										PTBP1-human	RNA				ultraviolet irradiation	strand-specific	2015-11-09	ENCODE		see document	175-300	2	2_1		38					/files/ENCFF989UNR/, /files/ENCFF273VIJ/	299561120	Gene Yeo, UCSD	e37e0eb9dc0b0577f4275d4bb5f68629		https://www.encodeproject.org/files/ENCFF659RKW/@@download/ENCFF659RKW.bam				released	s3://encode-public/2016/09/09/b759ae50-70e8-4a40-a1f4-c9f6fd214d05/ENCFF659RKW.bam	https://datasetencode.blob.core.windows.net/dataset/2016/09/09/b759ae50-70e8-4a40-a1f4-c9f6fd214d05/ENCFF659RKW.bam?sv=2019-10-10&si=prod&sr=c&sig=9qSQZo4ggrCNpybBExU8SypuUZV33igI11xw0P7rB3c%3D	Lab custom GRCh38	released	mixed read lengths		
ENCFF286FBL	bam	bam		alignments	hg19	ENCSR786TSC	eCLIP	/human-donors/ENCDO000AAC/	EFO:0001187	HepG2	cell line	Homo sapiens										ILF3-human	RNA				ultraviolet irradiation	strand-specific	2016-08-19	ENCODE		see document	175-300	1	1_1		41					/files/ENCFF479BNC/, /files/ENCFF431PMM/	671354878	Gene Yeo, UCSD	05520be36daecd15c4393f66f09a32b7		https://www.encodeproject.org/files/ENCFF286FBL/@@download/ENCFF286FBL.bam				released	s3://encode-public/2016/08/04/50a6ab42-0bee-42e8-b344-f1e4cf5e4314/ENCFF286FBL.bam	https://datasetencode.blob.core.windows.net/dataset/2016/08/04/50a6ab42-0bee-42e8-b344-f1e4cf5e4314/ENCFF286FBL.bam?sv=2019-10-10&si=prod&sr=c&sig=9qSQZo4ggrCNpybBExU8SypuUZV33igI11xw0P7rB3c%3D	Lab custom hg19	archived			
ENCFF409NUO	bam	bam		alignments	hg19	ENCSR786TSC	eCLIP	/human-donors/ENCDO000AAC/	EFO:0001187	HepG2	cell line	Homo sapiens										ILF3-human	RNA				ultraviolet irradiation	strand-specific	2016-08-19	ENCODE		see document	175-300	2	2_1		41					/files/ENCFF568MYZ/, /files/ENCFF357DPL/	311308108	Gene Yeo, UCSD	ad4c88a32fe5eedfff1401b8b43d5021		https://www.encodeproject.org/files/ENCFF409NUO/@@download/ENCFF409NUO.bam				released	s3://encode-public/2016/08/04/cdfcfb80-0969-4fe8-a338-f3e4275a8388/ENCFF409NUO.bam	https://datasetencode.blob.core.windows.net/dataset/2016/08/04/cdfcfb80-0969-4fe8-a338-f3e4275a8388/ENCFF409NUO.bam?sv=2019-10-10&si=prod&sr=c&sig=9qSQZo4ggrCNpybBExU8SypuUZV33igI11xw0P7rB3c%3D	Lab custom hg19	archived			
ENCFF702XFC	bam	bam		alignments	GRCh38	ENCSR786TSC	eCLIP	/human-donors/ENCDO000AAC/	EFO:0001187	HepG2	cell line	Homo sapiens										ILF3-human	RNA				ultraviolet irradiation	strand-specific	2016-08-19	ENCODE		see document	175-300	1	1_1		41					/files/ENCFF479BNC/, /files/ENCFF431PMM/	652065969	Gene Yeo, UCSD	ec71766c799f269c8657675c4d94d740		https://www.encodeproject.org/files/ENCFF702XFC/@@download/ENCFF702XFC.bam				released	s3://encode-public/2016/09/09/cbaa409b-78bf-4057-92ba-1a649e85955e/ENCFF702XFC.bam	https://datasetencode.blob.core.windows.net/dataset/2016/09/09/cbaa409b-78bf-4057-92ba-1a649e85955e/ENCFF702XFC.bam?sv=2019-10-10&si=prod&sr=c&sig=9qSQZo4ggrCNpybBExU8SypuUZV33igI11xw0P7rB3c%3D	Lab custom GRCh38	released			
ENCFF245KXT	bam	bam		alignments	GRCh38	ENCSR786TSC	eCLIP	/human-donors/ENCDO000AAC/	EFO:0001187	HepG2	cell line	Homo sapiens										ILF3-human	RNA				ultraviolet irradiation	strand-specific	2016-08-19	ENCODE		see document	175-300	2	2_1		41					/files/ENCFF568MYZ/, /files/ENCFF357DPL/	303452632	Gene Yeo, UCSD	129e94be4472cec7ca466e009636b382		https://www.encodeproject.org/files/ENCFF245KXT/@@download/ENCFF245KXT.bam				released	s3://encode-public/2016/09/09/8ed04a8f-0d46-42a1-8a7e-c0c72c763a66/ENCFF245KXT.bam	https://datasetencode.blob.core.windows.net/dataset/2016/09/09/8ed04a8f-0d46-42a1-8a7e-c0c72c763a66/ENCFF245KXT.bam?sv=2019-10-10&si=prod&sr=c&sig=9qSQZo4ggrCNpybBExU8SypuUZV33igI11xw0P7rB3c%3D	Lab custom GRCh38	released			
ENCFF637FTL	bam	bam		alignments	hg19	ENCSR653HQC	eCLIP	/human-donors/ENCDO000AAD/	EFO:0002067	K562	cell line	Homo sapiens										DROSHA-human	RNA				ultraviolet irradiation	strand-specific	2016-04-26	ENCODE		see document	175-300	1	1_1		43					/files/ENCFF073ILV/, /files/ENCFF307CXZ/	183949047	Gene Yeo, UCSD	b41bc262f394304fa08f8314487dbcd3		https://www.encodeproject.org/files/ENCFF637FTL/@@download/ENCFF637FTL.bam				released	s3://encode-public/2016/03/24/6e51b48f-34bb-4c80-a9bb-913037a64279/ENCFF637FTL.bam	https://datasetencode.blob.core.windows.net/dataset/2016/03/24/6e51b48f-34bb-4c80-a9bb-913037a64279/ENCFF637FTL.bam?sv=2019-10-10&si=prod&sr=c&sig=9qSQZo4ggrCNpybBExU8SypuUZV33igI11xw0P7rB3c%3D	Lab custom hg19	archived	mixed read lengths		
ENCFF434GPP	bam	bam		alignments	hg19	ENCSR653HQC	eCLIP	/human-donors/ENCDO000AAD/	EFO:0002067	K562	cell line	Homo sapiens										DROSHA-human	RNA				ultraviolet irradiation	strand-specific	2016-04-26	ENCODE		see document	175-300	2	2_1		43					/files/ENCFF541YAM/, /files/ENCFF521GGC/	441174255	Gene Yeo, UCSD	ba19928f863b19508852b44735c5c7b3		https://www.encodeproject.org/files/ENCFF434GPP/@@download/ENCFF434GPP.bam				released	s3://encode-public/2016/03/24/0d0bb74e-a9b8-4343-a7e9-9cdbd4822976/ENCFF434GPP.bam	https://datasetencode.blob.core.windows.net/dataset/2016/03/24/0d0bb74e-a9b8-4343-a7e9-9cdbd4822976/ENCFF434GPP.bam?sv=2019-10-10&si=prod&sr=c&sig=9qSQZo4ggrCNpybBExU8SypuUZV33igI11xw0P7rB3c%3D	Lab custom hg19	archived	mixed read lengths		
ENCFF233UZH	bam	bam		alignments	GRCh38	ENCSR653HQC	eCLIP	/human-donors/ENCDO000AAD/	EFO:0002067	K562	cell line	Homo sapiens										DROSHA-human	RNA				ultraviolet irradiation	strand-specific	2016-04-26	ENCODE		see document	175-300	2	2_1		43					/files/ENCFF541YAM/, /files/ENCFF521GGC/	429724209	Gene Yeo, UCSD	5be2825b974a31333ef19b5376a4dc37		https://www.encodeproject.org/files/ENCFF233UZH/@@download/ENCFF233UZH.bam				released	s3://encode-public/2016/09/09/f24d72b2-9bce-4289-9448-e99345a50c61/ENCFF233UZH.bam	https://datasetencode.blob.core.windows.net/dataset/2016/09/09/f24d72b2-9bce-4289-9448-e99345a50c61/ENCFF233UZH.bam?sv=2019-10-10&si=prod&sr=c&sig=9qSQZo4ggrCNpybBExU8SypuUZV33igI11xw0P7rB3c%3D	Lab custom GRCh38	released	mixed read lengths		
ENCFF773TEA	bam	bam		alignments	GRCh38	ENCSR653HQC	eCLIP	/human-donors/ENCDO000AAD/	EFO:0002067	K562	cell line	Homo sapiens										DROSHA-human	RNA				ultraviolet irradiation	strand-specific	2016-04-26	ENCODE		see document	175-300	1	1_1		43					/files/ENCFF073ILV/, /files/ENCFF307CXZ/	179884940	Gene Yeo, UCSD	9c9fd042ce988c3de3c31108e3982677		https://www.encodeproject.org/files/ENCFF773TEA/@@download/ENCFF773TEA.bam				released	s3://encode-public/2016/09/09/ee7ee2c1-d941-4051-bb64-4d953a24347a/ENCFF773TEA.bam	https://datasetencode.blob.core.windows.net/dataset/2016/09/09/ee7ee2c1-d941-4051-bb64-4d953a24347a/ENCFF773TEA.bam?sv=2019-10-10&si=prod&sr=c&sig=9qSQZo4ggrCNpybBExU8SypuUZV33igI11xw0P7rB3c%3D	Lab custom GRCh38	released	mixed read lengths		
ENCFF002KWR	bam	bam		alignments	hg19	ENCSR975KIR	eCLIP	/human-donors/ENCDO000AAD/	EFO:0002067	K562	cell line	Homo sapiens										IGF2BP1-human	RNA				ultraviolet irradiation	strand-specific	2015-07-15	ENCODE		see document	175-300	1	1_1		44					/files/ENCFF399XVR/, /files/ENCFF088JXR/	276834805	Gene Yeo, UCSD	b2cbb72e96d2fc6801bdc4e31d721aa4		https://www.encodeproject.org/files/ENCFF002KWR/@@download/ENCFF002KWR.bam				released	s3://encode-public/2016/03/23/880b2add-95a6-48d2-a15f-b1f21bfe8f03/ENCFF002KWR.bam	https://datasetencode.blob.core.windows.net/dataset/2016/03/23/880b2add-95a6-48d2-a15f-b1f21bfe8f03/ENCFF002KWR.bam?sv=2019-10-10&si=prod&sr=c&sig=9qSQZo4ggrCNpybBExU8SypuUZV33igI11xw0P7rB3c%3D	Lab custom hg19	archived			
ENCFF956NTH	bam	bam		alignments	hg19	ENCSR975KIR	eCLIP	/human-donors/ENCDO000AAD/	EFO:0002067	K562	cell line	Homo sapiens										IGF2BP1-human	RNA				ultraviolet irradiation	strand-specific	2015-07-15	ENCODE		see document	175-300	2	2_1		44					/files/ENCFF383VVS/, /files/ENCFF271KYF/	196345398	Gene Yeo, UCSD	435c8b657bf46b9a03cab0a52b070567		https://www.encodeproject.org/files/ENCFF956NTH/@@download/ENCFF956NTH.bam				released	s3://encode-public/2016/03/23/bbe39014-0bfb-4521-9407-d55f48595adb/ENCFF956NTH.bam	https://datasetencode.blob.core.windows.net/dataset/2016/03/23/bbe39014-0bfb-4521-9407-d55f48595adb/ENCFF956NTH.bam?sv=2019-10-10&si=prod&sr=c&sig=9qSQZo4ggrCNpybBExU8SypuUZV33igI11xw0P7rB3c%3D	Lab custom hg19	archived			
ENCFF449VXW	bam	bam		alignments	GRCh38	ENCSR975KIR	eCLIP	/human-donors/ENCDO000AAD/	EFO:0002067	K562	cell line	Homo sapiens										IGF2BP1-human	RNA				ultraviolet irradiation	strand-specific	2015-07-15	ENCODE		see document	175-300	2	2_1		44					/files/ENCFF383VVS/, /files/ENCFF271KYF/	195926047	Gene Yeo, UCSD	b98cd5dbc18e68cdbc5b7b5f8bec997d		https://www.encodeproject.org/files/ENCFF449VXW/@@download/ENCFF449VXW.bam				released	s3://encode-public/2016/09/09/2abf6d71-0950-4eaa-a773-ee330cb34400/ENCFF449VXW.bam	https://datasetencode.blob.core.windows.net/dataset/2016/09/09/2abf6d71-0950-4eaa-a773-ee330cb34400/ENCFF449VXW.bam?sv=2019-10-10&si=prod&sr=c&sig=9qSQZo4ggrCNpybBExU8SypuUZV33igI11xw0P7rB3c%3D	Lab custom GRCh38	released			
ENCFF544NQL	bam	bam		alignments	GRCh38	ENCSR975KIR	eCLIP	/human-donors/ENCDO000AAD/	EFO:0002067	K562	cell line	Homo sapiens										IGF2BP1-human	RNA				ultraviolet irradiation	strand-specific	2015-07-15	ENCODE		see document	175-300	1	1_1		44					/files/ENCFF399XVR/, /files/ENCFF088JXR/	276522464	Gene Yeo, UCSD	5f55bf4b2fd45fbd4304aae60a80c08c		https://www.encodeproject.org/files/ENCFF544NQL/@@download/ENCFF544NQL.bam				released	s3://encode-public/2016/09/09/4017999e-423f-4937-bf64-ebfabd31c581/ENCFF544NQL.bam	https://datasetencode.blob.core.windows.net/dataset/2016/09/09/4017999e-423f-4937-bf64-ebfabd31c581/ENCFF544NQL.bam?sv=2019-10-10&si=prod&sr=c&sig=9qSQZo4ggrCNpybBExU8SypuUZV33igI11xw0P7rB3c%3D	Lab custom GRCh38	released			
ENCFF731PVT	bam	bam		alignments	hg19	ENCSR202HKN	eCLIP	/human-donors/ENCDO000AAD/	EFO:0002067	K562	cell line	Homo sapiens										WDR3-human	RNA				ultraviolet irradiation	strand-specific	2018-08-30	ENCODE		see document	175-300	1	1_1		40					/files/ENCFF915BUQ/, /files/ENCFF270QTE/	73615425	Gene Yeo, UCSD	127f49c2127f21ec04f1a2980dd126f8		https://www.encodeproject.org/files/ENCFF731PVT/@@download/ENCFF731PVT.bam				released	s3://encode-public/2018/04/29/4ed6f044-7968-4120-9815-24c0d5e73a6c/ENCFF731PVT.bam	https://datasetencode.blob.core.windows.net/dataset/2018/04/29/4ed6f044-7968-4120-9815-24c0d5e73a6c/ENCFF731PVT.bam?sv=2019-10-10&si=prod&sr=c&sig=9qSQZo4ggrCNpybBExU8SypuUZV33igI11xw0P7rB3c%3D	Lab custom hg19	archived			
ENCFF444UFA	bam	bam		alignments	hg19	ENCSR202HKN	eCLIP	/human-donors/ENCDO000AAD/	EFO:0002067	K562	cell line	Homo sapiens										WDR3-human	RNA				ultraviolet irradiation	strand-specific	2018-08-30	ENCODE		see document	175-300	2	2_1		41					/files/ENCFF953XOY/, /files/ENCFF733LSZ/	59945335	Gene Yeo, UCSD	8a47db4ab9d9335e5cad3f72c9ff912f		https://www.encodeproject.org/files/ENCFF444UFA/@@download/ENCFF444UFA.bam				released	s3://encode-public/2018/04/29/bf9a3ab9-c974-453a-acae-ee0c0a2d27ed/ENCFF444UFA.bam	https://datasetencode.blob.core.windows.net/dataset/2018/04/29/bf9a3ab9-c974-453a-acae-ee0c0a2d27ed/ENCFF444UFA.bam?sv=2019-10-10&si=prod&sr=c&sig=9qSQZo4ggrCNpybBExU8SypuUZV33igI11xw0P7rB3c%3D	Lab custom hg19	archived			
ENCFF416OND	bam	bam		alignments	GRCh38	ENCSR202HKN	eCLIP	/human-donors/ENCDO000AAD/	EFO:0002067	K562	cell line	Homo sapiens										WDR3-human	RNA				ultraviolet irradiation	strand-specific	2018-08-30	ENCODE		see document	175-300	1	1_1		40					/files/ENCFF915BUQ/, /files/ENCFF270QTE/	69144213	Gene Yeo, UCSD	6fb7b5799ae0262efdbfa6552c971ecd		https://www.encodeproject.org/files/ENCFF416OND/@@download/ENCFF416OND.bam				released	s3://encode-public/2018/04/29/d6bbd35e-ed7e-4e5b-ad6e-823e89ad3bb9/ENCFF416OND.bam	https://datasetencode.blob.core.windows.net/dataset/2018/04/29/d6bbd35e-ed7e-4e5b-ad6e-823e89ad3bb9/ENCFF416OND.bam?sv=2019-10-10&si=prod&sr=c&sig=9qSQZo4ggrCNpybBExU8SypuUZV33igI11xw0P7rB3c%3D	Lab custom GRCh38	released			
ENCFF372YUO	bam	bam		alignments	GRCh38	ENCSR202HKN	eCLIP	/human-donors/ENCDO000AAD/	EFO:0002067	K562	cell line	Homo sapiens										WDR3-human	RNA				ultraviolet irradiation	strand-specific	2018-08-30	ENCODE		see document	175-300	2	2_1		41					/files/ENCFF953XOY/, /files/ENCFF733LSZ/	57725380	Gene Yeo, UCSD	ab881e55bbea5c39f7cfa107dc91d166		https://www.encodeproject.org/files/ENCFF372YUO/@@download/ENCFF372YUO.bam				released	s3://encode-public/2018/04/29/6041b65f-de5f-44d0-92f0-322db474e8f1/ENCFF372YUO.bam	https://datasetencode.blob.core.windows.net/dataset/2018/04/29/6041b65f-de5f-44d0-92f0-322db474e8f1/ENCFF372YUO.bam?sv=2019-10-10&si=prod&sr=c&sig=9qSQZo4ggrCNpybBExU8SypuUZV33igI11xw0P7rB3c%3D	Lab custom GRCh38	released			
ENCFF843MHP	bam	bam		alignments	hg19	ENCSR735HOK	eCLIP	/human-donors/ENCDO000AAC/	EFO:0001187	HepG2	cell line	Homo sapiens										YBX3-human	RNA				ultraviolet irradiation	strand-specific	2018-08-30	ENCODE		see document	175-300	1	1_1		40					/files/ENCFF070GQY/, /files/ENCFF593QXS/	767678647	Gene Yeo, UCSD	303a0db5f990c7aba532e601d6ce0a5e		https://www.encodeproject.org/files/ENCFF843MHP/@@download/ENCFF843MHP.bam				released	s3://encode-public/2018/04/29/a93bc30f-728e-41bd-a3bb-402a1efb14fd/ENCFF843MHP.bam	https://datasetencode.blob.core.windows.net/dataset/2018/04/29/a93bc30f-728e-41bd-a3bb-402a1efb14fd/ENCFF843MHP.bam?sv=2019-10-10&si=prod&sr=c&sig=9qSQZo4ggrCNpybBExU8SypuUZV33igI11xw0P7rB3c%3D	Lab custom hg19	archived	antibody characterized with exemption		
ENCFF331WIZ	bam	bam		alignments	hg19	ENCSR735HOK	eCLIP	/human-donors/ENCDO000AAC/	EFO:0001187	HepG2	cell line	Homo sapiens										YBX3-human	RNA				ultraviolet irradiation	strand-specific	2018-08-30	ENCODE		see document	175-300	2	2_1		40					/files/ENCFF428UJW/, /files/ENCFF594XZD/	1069061247	Gene Yeo, UCSD	fd4494402f09e86d426553e66a45f0a1		https://www.encodeproject.org/files/ENCFF331WIZ/@@download/ENCFF331WIZ.bam				released	s3://encode-public/2018/04/29/0e297b8f-2bb2-4483-ad93-d4ac6bbba019/ENCFF331WIZ.bam	https://datasetencode.blob.core.windows.net/dataset/2018/04/29/0e297b8f-2bb2-4483-ad93-d4ac6bbba019/ENCFF331WIZ.bam?sv=2019-10-10&si=prod&sr=c&sig=9qSQZo4ggrCNpybBExU8SypuUZV33igI11xw0P7rB3c%3D	Lab custom hg19	archived	antibody characterized with exemption		
ENCFF148DUH	bam	bam		alignments	GRCh38	ENCSR735HOK	eCLIP	/human-donors/ENCDO000AAC/	EFO:0001187	HepG2	cell line	Homo sapiens										YBX3-human	RNA				ultraviolet irradiation	strand-specific	2018-08-30	ENCODE		see document	175-300	1	1_1		40					/files/ENCFF070GQY/, /files/ENCFF593QXS/	742560430	Gene Yeo, UCSD	ffabb4ec78a7f27e7984243f8d221c72		https://www.encodeproject.org/files/ENCFF148DUH/@@download/ENCFF148DUH.bam				released	s3://encode-public/2018/04/29/630b8fc9-1186-437f-ae03-c28cef0254e0/ENCFF148DUH.bam	https://datasetencode.blob.core.windows.net/dataset/2018/04/29/630b8fc9-1186-437f-ae03-c28cef0254e0/ENCFF148DUH.bam?sv=2019-10-10&si=prod&sr=c&sig=9qSQZo4ggrCNpybBExU8SypuUZV33igI11xw0P7rB3c%3D	Lab custom GRCh38	released	antibody characterized with exemption		
ENCFF560ZTA	bam	bam		alignments	GRCh38	ENCSR735HOK	eCLIP	/human-donors/ENCDO000AAC/	EFO:0001187	HepG2	cell line	Homo sapiens										YBX3-human	RNA				ultraviolet irradiation	strand-specific	2018-08-30	ENCODE		see document	175-300	2	2_1		40					/files/ENCFF428UJW/, /files/ENCFF594XZD/	1013938466	Gene Yeo, UCSD	db475648fc90edb3d0d8782a0910a086		https://www.encodeproject.org/files/ENCFF560ZTA/@@download/ENCFF560ZTA.bam				released	s3://encode-public/2018/04/29/b0c125a6-bb4d-44df-97a5-54226bbd05ed/ENCFF560ZTA.bam	https://datasetencode.blob.core.windows.net/dataset/2018/04/29/b0c125a6-bb4d-44df-97a5-54226bbd05ed/ENCFF560ZTA.bam?sv=2019-10-10&si=prod&sr=c&sig=9qSQZo4ggrCNpybBExU8SypuUZV33igI11xw0P7rB3c%3D	Lab custom GRCh38	released	antibody characterized with exemption		
ENCFF189QBX	bam	bam		alignments	hg19	ENCSR736AAG	eCLIP	/human-donors/ENCDO000AAD/	EFO:0002067	K562	cell line	Homo sapiens										GTF2F1-human	RNA				ultraviolet irradiation	strand-specific	2015-11-09	ENCODE		see document	175-300	2	2_1		40					/files/ENCFF372THP/, /files/ENCFF634ATL/	222733512	Gene Yeo, UCSD	b774f1c46fdffa4f82a37c5273f1a06f		https://www.encodeproject.org/files/ENCFF189QBX/@@download/ENCFF189QBX.bam				released	s3://encode-public/2016/03/24/2ee9f88f-9b46-49e6-a98a-7ded9098ca4e/ENCFF189QBX.bam	https://datasetencode.blob.core.windows.net/dataset/2016/03/24/2ee9f88f-9b46-49e6-a98a-7ded9098ca4e/ENCFF189QBX.bam?sv=2019-10-10&si=prod&sr=c&sig=9qSQZo4ggrCNpybBExU8SypuUZV33igI11xw0P7rB3c%3D	Lab custom hg19	archived	mixed read lengths		
ENCFF215OMD	bam	bam		alignments	hg19	ENCSR736AAG	eCLIP	/human-donors/ENCDO000AAD/	EFO:0002067	K562	cell line	Homo sapiens										GTF2F1-human	RNA				ultraviolet irradiation	strand-specific	2015-11-09	ENCODE		see document	175-300	1	1_1		40					/files/ENCFF044HRW/, /files/ENCFF520MEC/	328976645	Gene Yeo, UCSD	78f2032dcb9e6712dbcf6d05fd50bc54		https://www.encodeproject.org/files/ENCFF215OMD/@@download/ENCFF215OMD.bam				released	s3://encode-public/2016/03/24/505b0191-0235-4a0f-8427-4f29524ea996/ENCFF215OMD.bam	https://datasetencode.blob.core.windows.net/dataset/2016/03/24/505b0191-0235-4a0f-8427-4f29524ea996/ENCFF215OMD.bam?sv=2019-10-10&si=prod&sr=c&sig=9qSQZo4ggrCNpybBExU8SypuUZV33igI11xw0P7rB3c%3D	Lab custom hg19	archived	mixed read lengths		
ENCFF864GYL	bam	bam		alignments	GRCh38	ENCSR736AAG	eCLIP	/human-donors/ENCDO000AAD/	EFO:0002067	K562	cell line	Homo sapiens										GTF2F1-human	RNA				ultraviolet irradiation	strand-specific	2015-11-09	ENCODE		see document	175-300	1	1_1		40					/files/ENCFF044HRW/, /files/ENCFF520MEC/	327903384	Gene Yeo, UCSD	ec61d034fe7136dadda1075b57eb0664		https://www.encodeproject.org/files/ENCFF864GYL/@@download/ENCFF864GYL.bam				released	s3://encode-public/2016/09/09/2e2a605d-3d54-4750-a455-c797ec4fdfaa/ENCFF864GYL.bam	https://datasetencode.blob.core.windows.net/dataset/2016/09/09/2e2a605d-3d54-4750-a455-c797ec4fdfaa/ENCFF864GYL.bam?sv=2019-10-10&si=prod&sr=c&sig=9qSQZo4ggrCNpybBExU8SypuUZV33igI11xw0P7rB3c%3D	Lab custom GRCh38	released	mixed read lengths		
ENCFF985HWL	bam	bam		alignments	GRCh38	ENCSR736AAG	eCLIP	/human-donors/ENCDO000AAD/	EFO:0002067	K562	cell line	Homo sapiens										GTF2F1-human	RNA				ultraviolet irradiation	strand-specific	2015-11-09	ENCODE		see document	175-300	2	2_1		40					/files/ENCFF372THP/, /files/ENCFF634ATL/	221907602	Gene Yeo, UCSD	84550dbb87015e66e0eace30dacf3cb5		https://www.encodeproject.org/files/ENCFF985HWL/@@download/ENCFF985HWL.bam				released	s3://encode-public/2016/09/09/8a7d82d8-5a6b-4098-8cd7-f103f6966c69/ENCFF985HWL.bam	https://datasetencode.blob.core.windows.net/dataset/2016/09/09/8a7d82d8-5a6b-4098-8cd7-f103f6966c69/ENCFF985HWL.bam?sv=2019-10-10&si=prod&sr=c&sig=9qSQZo4ggrCNpybBExU8SypuUZV33igI11xw0P7rB3c%3D	Lab custom GRCh38	released	mixed read lengths		
ENCFF321VYR	bam	bam		alignments	hg19	ENCSR916XIV	eCLIP	/human-donors/ENCDO000AAC/	EFO:0001187	HepG2	cell line	Homo sapiens										EIF3H-human	RNA				ultraviolet irradiation	strand-specific	2017-08-15	ENCODE		see document	175-300	1	1_1		43					/files/ENCFF834HXI/, /files/ENCFF146VOH/	251263925	Gene Yeo, UCSD	0716bdc81ab27598bbe2e7cfa8e697b4		https://www.encodeproject.org/files/ENCFF321VYR/@@download/ENCFF321VYR.bam				released	s3://encode-public/2016/03/17/b189a22f-8cdb-40b8-b8d1-19753bea410b/ENCFF321VYR.bam	https://datasetencode.blob.core.windows.net/dataset/2016/03/17/b189a22f-8cdb-40b8-b8d1-19753bea410b/ENCFF321VYR.bam?sv=2019-10-10&si=prod&sr=c&sig=9qSQZo4ggrCNpybBExU8SypuUZV33igI11xw0P7rB3c%3D	Lab custom hg19	archived			
ENCFF135UVS	bam	bam		alignments	hg19	ENCSR916XIV	eCLIP	/human-donors/ENCDO000AAC/	EFO:0001187	HepG2	cell line	Homo sapiens										EIF3H-human	RNA				ultraviolet irradiation	strand-specific	2017-08-15	ENCODE		see document	175-300	2	2_1		43					/files/ENCFF408PDH/, /files/ENCFF105SXR/	221515350	Gene Yeo, UCSD	761bd2e30c07c862207ad639dd433943		https://www.encodeproject.org/files/ENCFF135UVS/@@download/ENCFF135UVS.bam				released	s3://encode-public/2016/03/17/6272ed10-143b-4bc3-9175-673ecd0dcfe0/ENCFF135UVS.bam	https://datasetencode.blob.core.windows.net/dataset/2016/03/17/6272ed10-143b-4bc3-9175-673ecd0dcfe0/ENCFF135UVS.bam?sv=2019-10-10&si=prod&sr=c&sig=9qSQZo4ggrCNpybBExU8SypuUZV33igI11xw0P7rB3c%3D	Lab custom hg19	archived			
ENCFF810ZZO	bam	bam		alignments	GRCh38	ENCSR916XIV	eCLIP	/human-donors/ENCDO000AAC/	EFO:0001187	HepG2	cell line	Homo sapiens										EIF3H-human	RNA				ultraviolet irradiation	strand-specific	2017-08-15	ENCODE		see document	175-300	1	1_1		43					/files/ENCFF834HXI/, /files/ENCFF146VOH/	244275841	Gene Yeo, UCSD	dd008131fe8cfaa50f6a32e1fc6e39ed		https://www.encodeproject.org/files/ENCFF810ZZO/@@download/ENCFF810ZZO.bam				released	s3://encode-public/2016/09/09/708b610a-dfde-4d98-99bd-83165e49bd2e/ENCFF810ZZO.bam	https://datasetencode.blob.core.windows.net/dataset/2016/09/09/708b610a-dfde-4d98-99bd-83165e49bd2e/ENCFF810ZZO.bam?sv=2019-10-10&si=prod&sr=c&sig=9qSQZo4ggrCNpybBExU8SypuUZV33igI11xw0P7rB3c%3D	Lab custom GRCh38	released			
ENCFF815GWX	bam	bam		alignments	GRCh38	ENCSR916XIV	eCLIP	/human-donors/ENCDO000AAC/	EFO:0001187	HepG2	cell line	Homo sapiens										EIF3H-human	RNA				ultraviolet irradiation	strand-specific	2017-08-15	ENCODE		see document	175-300	2	2_1		43					/files/ENCFF408PDH/, /files/ENCFF105SXR/	216004110	Gene Yeo, UCSD	b0ed54b3beb605117374a17b1566fce7		https://www.encodeproject.org/files/ENCFF815GWX/@@download/ENCFF815GWX.bam				released	s3://encode-public/2016/09/09/bd2ae1c9-e9b9-4509-865b-1ff337375ad9/ENCFF815GWX.bam	https://datasetencode.blob.core.windows.net/dataset/2016/09/09/bd2ae1c9-e9b9-4509-865b-1ff337375ad9/ENCFF815GWX.bam?sv=2019-10-10&si=prod&sr=c&sig=9qSQZo4ggrCNpybBExU8SypuUZV33igI11xw0P7rB3c%3D	Lab custom GRCh38	released			
ENCFF861ARK	bam	bam		alignments	hg19	ENCSR891RIC	eCLIP	/human-donors/ENCDO000AAD/	EFO:0002067	K562	cell line	Homo sapiens										NIPBL-human	RNA				ultraviolet irradiation	strand-specific	2018-08-30	ENCODE		see document	175-300	2	2_1		40					/files/ENCFF658FIC/, /files/ENCFF325XUV/	144461658	Gene Yeo, UCSD	df078b2780c72363b3a6133a70798ac7		https://www.encodeproject.org/files/ENCFF861ARK/@@download/ENCFF861ARK.bam				released	s3://encode-public/2018/04/29/bd86b225-6d88-48ed-a4e0-1e4b5bccfb6a/ENCFF861ARK.bam	https://datasetencode.blob.core.windows.net/dataset/2018/04/29/bd86b225-6d88-48ed-a4e0-1e4b5bccfb6a/ENCFF861ARK.bam?sv=2019-10-10&si=prod&sr=c&sig=9qSQZo4ggrCNpybBExU8SypuUZV33igI11xw0P7rB3c%3D	Lab custom hg19	archived			
ENCFF472YSO	bam	bam		alignments	hg19	ENCSR891RIC	eCLIP	/human-donors/ENCDO000AAD/	EFO:0002067	K562	cell line	Homo sapiens										NIPBL-human	RNA				ultraviolet irradiation	strand-specific	2018-08-30	ENCODE		see document	175-300	1	1_1		40					/files/ENCFF742IAV/, /files/ENCFF022RTU/	262712894	Gene Yeo, UCSD	d5387b74906971f22403c763ee0d670a		https://www.encodeproject.org/files/ENCFF472YSO/@@download/ENCFF472YSO.bam				released	s3://encode-public/2018/04/29/f8b1df7f-8011-4edf-ae34-909f7470f171/ENCFF472YSO.bam	https://datasetencode.blob.core.windows.net/dataset/2018/04/29/f8b1df7f-8011-4edf-ae34-909f7470f171/ENCFF472YSO.bam?sv=2019-10-10&si=prod&sr=c&sig=9qSQZo4ggrCNpybBExU8SypuUZV33igI11xw0P7rB3c%3D	Lab custom hg19	archived			
ENCFF532OLG	bam	bam		alignments	GRCh38	ENCSR891RIC	eCLIP	/human-donors/ENCDO000AAD/	EFO:0002067	K562	cell line	Homo sapiens										NIPBL-human	RNA				ultraviolet irradiation	strand-specific	2018-08-30	ENCODE		see document	175-300	1	1_1		40					/files/ENCFF742IAV/, /files/ENCFF022RTU/	253030664	Gene Yeo, UCSD	fe7798fa5328a7548a2ba0e080180f65		https://www.encodeproject.org/files/ENCFF532OLG/@@download/ENCFF532OLG.bam				released	s3://encode-public/2018/04/29/da08e87b-6e57-4e8f-a183-5efcef349790/ENCFF532OLG.bam	https://datasetencode.blob.core.windows.net/dataset/2018/04/29/da08e87b-6e57-4e8f-a183-5efcef349790/ENCFF532OLG.bam?sv=2019-10-10&si=prod&sr=c&sig=9qSQZo4ggrCNpybBExU8SypuUZV33igI11xw0P7rB3c%3D	Lab custom GRCh38	released			
ENCFF400EPM	bam	bam		alignments	GRCh38	ENCSR891RIC	eCLIP	/human-donors/ENCDO000AAD/	EFO:0002067	K562	cell line	Homo sapiens										NIPBL-human	RNA				ultraviolet irradiation	strand-specific	2018-08-30	ENCODE		see document	175-300	2	2_1		40					/files/ENCFF658FIC/, /files/ENCFF325XUV/	141394627	Gene Yeo, UCSD	1220ce074fc94b1adcb22d76af550140		https://www.encodeproject.org/files/ENCFF400EPM/@@download/ENCFF400EPM.bam				released	s3://encode-public/2018/04/29/31dca890-0c6e-4212-83b5-bde1a55794bf/ENCFF400EPM.bam	https://datasetencode.blob.core.windows.net/dataset/2018/04/29/31dca890-0c6e-4212-83b5-bde1a55794bf/ENCFF400EPM.bam?sv=2019-10-10&si=prod&sr=c&sig=9qSQZo4ggrCNpybBExU8SypuUZV33igI11xw0P7rB3c%3D	Lab custom GRCh38	released			
ENCFF047TLS	bam	bam		alignments	hg19	ENCSR958FKZ	eCLIP	/human-donors/ENCDO000AAD/	EFO:0002067	K562	cell line	Homo sapiens										PABPC4-human	RNA				ultraviolet irradiation	strand-specific	2018-08-30	ENCODE		see document	175-300	1	1_1		35					/files/ENCFF662IWF/, /files/ENCFF440SQF/	294180870	Gene Yeo, UCSD	583edd7d40002b06e46bef2d406d89c8		https://www.encodeproject.org/files/ENCFF047TLS/@@download/ENCFF047TLS.bam				released	s3://encode-public/2018/04/29/ab408c02-e8da-4041-83fb-5312672c2425/ENCFF047TLS.bam	https://datasetencode.blob.core.windows.net/dataset/2018/04/29/ab408c02-e8da-4041-83fb-5312672c2425/ENCFF047TLS.bam?sv=2019-10-10&si=prod&sr=c&sig=9qSQZo4ggrCNpybBExU8SypuUZV33igI11xw0P7rB3c%3D	Lab custom hg19	archived			
ENCFF953EUQ	bam	bam		alignments	hg19	ENCSR958FKZ	eCLIP	/human-donors/ENCDO000AAD/	EFO:0002067	K562	cell line	Homo sapiens										PABPC4-human	RNA				ultraviolet irradiation	strand-specific	2018-08-30	ENCODE		see document	175-300	2	2_1		35					/files/ENCFF484RUL/, /files/ENCFF478YTR/	65292061	Gene Yeo, UCSD	03a43bb0b9743a2cc58d6841869677cc		https://www.encodeproject.org/files/ENCFF953EUQ/@@download/ENCFF953EUQ.bam				released	s3://encode-public/2018/04/29/8b005074-19fd-404c-a650-773f830f6613/ENCFF953EUQ.bam	https://datasetencode.blob.core.windows.net/dataset/2018/04/29/8b005074-19fd-404c-a650-773f830f6613/ENCFF953EUQ.bam?sv=2019-10-10&si=prod&sr=c&sig=9qSQZo4ggrCNpybBExU8SypuUZV33igI11xw0P7rB3c%3D	Lab custom hg19	archived			
ENCFF692YDC	bam	bam		alignments	GRCh38	ENCSR958FKZ	eCLIP	/human-donors/ENCDO000AAD/	EFO:0002067	K562	cell line	Homo sapiens										PABPC4-human	RNA				ultraviolet irradiation	strand-specific	2018-08-30	ENCODE		see document	175-300	2	2_1		35					/files/ENCFF484RUL/, /files/ENCFF478YTR/	63649763	Gene Yeo, UCSD	e0fff97ec2f6aa7e3bd20bda8975f1b3		https://www.encodeproject.org/files/ENCFF692YDC/@@download/ENCFF692YDC.bam				released	s3://encode-public/2018/04/29/081a585d-57aa-4e7d-9668-4437c160a95e/ENCFF692YDC.bam	https://datasetencode.blob.core.windows.net/dataset/2018/04/29/081a585d-57aa-4e7d-9668-4437c160a95e/ENCFF692YDC.bam?sv=2019-10-10&si=prod&sr=c&sig=9qSQZo4ggrCNpybBExU8SypuUZV33igI11xw0P7rB3c%3D	Lab custom GRCh38	released			
ENCFF551NSA	bam	bam		alignments	GRCh38	ENCSR958FKZ	eCLIP	/human-donors/ENCDO000AAD/	EFO:0002067	K562	cell line	Homo sapiens										PABPC4-human	RNA				ultraviolet irradiation	strand-specific	2018-08-30	ENCODE		see document	175-300	1	1_1		35					/files/ENCFF662IWF/, /files/ENCFF440SQF/	278141440	Gene Yeo, UCSD	99c740bb95b2123999756557e8575bac		https://www.encodeproject.org/files/ENCFF551NSA/@@download/ENCFF551NSA.bam				released	s3://encode-public/2018/04/29/529fdae2-bdf6-46bd-855c-b56b421367a8/ENCFF551NSA.bam	https://datasetencode.blob.core.windows.net/dataset/2018/04/29/529fdae2-bdf6-46bd-855c-b56b421367a8/ENCFF551NSA.bam?sv=2019-10-10&si=prod&sr=c&sig=9qSQZo4ggrCNpybBExU8SypuUZV33igI11xw0P7rB3c%3D	Lab custom GRCh38	released			
ENCFF441BOM	bam	bam		alignments	hg19	ENCSR820UYE	eCLIP	/human-donors/ENCDO000AAC/	EFO:0001187	HepG2	cell line	Homo sapiens										PABPN1-human	RNA				ultraviolet irradiation	strand-specific	2018-08-30	ENCODE		see document	175-300	2	2_1		39					/files/ENCFF937NJC/, /files/ENCFF049DAF/	354087013	Gene Yeo, UCSD	e63d875ebbde844e3784810d708bd646		https://www.encodeproject.org/files/ENCFF441BOM/@@download/ENCFF441BOM.bam				released	s3://encode-public/2018/04/29/3d733123-81f7-4f16-a185-c37069531f98/ENCFF441BOM.bam	https://datasetencode.blob.core.windows.net/dataset/2018/04/29/3d733123-81f7-4f16-a185-c37069531f98/ENCFF441BOM.bam?sv=2019-10-10&si=prod&sr=c&sig=9qSQZo4ggrCNpybBExU8SypuUZV33igI11xw0P7rB3c%3D	Lab custom hg19	archived			
ENCFF922VHA	bam	bam		alignments	hg19	ENCSR820UYE	eCLIP	/human-donors/ENCDO000AAC/	EFO:0001187	HepG2	cell line	Homo sapiens										PABPN1-human	RNA				ultraviolet irradiation	strand-specific	2018-08-30	ENCODE		see document	175-300	1	1_1		39					/files/ENCFF009PZB/, /files/ENCFF482ULC/	387509747	Gene Yeo, UCSD	64569ab4ac7a7089c0b204cd90de1ab9		https://www.encodeproject.org/files/ENCFF922VHA/@@download/ENCFF922VHA.bam				released	s3://encode-public/2018/04/29/1413fb22-0e36-4daf-a5ae-8e08546e6c23/ENCFF922VHA.bam	https://datasetencode.blob.core.windows.net/dataset/2018/04/29/1413fb22-0e36-4daf-a5ae-8e08546e6c23/ENCFF922VHA.bam?sv=2019-10-10&si=prod&sr=c&sig=9qSQZo4ggrCNpybBExU8SypuUZV33igI11xw0P7rB3c%3D	Lab custom hg19	archived			
ENCFF145LAD	bam	bam		alignments	GRCh38	ENCSR820UYE	eCLIP	/human-donors/ENCDO000AAC/	EFO:0001187	HepG2	cell line	Homo sapiens										PABPN1-human	RNA				ultraviolet irradiation	strand-specific	2018-08-30	ENCODE		see document	175-300	2	2_1		39					/files/ENCFF937NJC/, /files/ENCFF049DAF/	332523351	Gene Yeo, UCSD	08dd8571db1dc6f1c06a9651c9b6e2d1		https://www.encodeproject.org/files/ENCFF145LAD/@@download/ENCFF145LAD.bam				released	s3://encode-public/2018/04/29/91c740de-6d85-47e3-9662-644bed8e7b52/ENCFF145LAD.bam	https://datasetencode.blob.core.windows.net/dataset/2018/04/29/91c740de-6d85-47e3-9662-644bed8e7b52/ENCFF145LAD.bam?sv=2019-10-10&si=prod&sr=c&sig=9qSQZo4ggrCNpybBExU8SypuUZV33igI11xw0P7rB3c%3D	Lab custom GRCh38	released			
ENCFF974AOE	bam	bam		alignments	GRCh38	ENCSR820UYE	eCLIP	/human-donors/ENCDO000AAC/	EFO:0001187	HepG2	cell line	Homo sapiens										PABPN1-human	RNA				ultraviolet irradiation	strand-specific	2018-08-30	ENCODE		see document	175-300	1	1_1		39					/files/ENCFF009PZB/, /files/ENCFF482ULC/	375484015	Gene Yeo, UCSD	b2c6ad9565ab5eebd944a372bf0ab8f4		https://www.encodeproject.org/files/ENCFF974AOE/@@download/ENCFF974AOE.bam				released	s3://encode-public/2018/04/29/2dee6e03-3001-4441-b832-c9fb1c735868/ENCFF974AOE.bam	https://datasetencode.blob.core.windows.net/dataset/2018/04/29/2dee6e03-3001-4441-b832-c9fb1c735868/ENCFF974AOE.bam?sv=2019-10-10&si=prod&sr=c&sig=9qSQZo4ggrCNpybBExU8SypuUZV33igI11xw0P7rB3c%3D	Lab custom GRCh38	released			
ENCFF400PVK	bam	bam		alignments	hg19	ENCSR647CLF	eCLIP	/human-donors/ENCDO000AAD/	EFO:0002067	K562	cell line	Homo sapiens										GPKOW-human	RNA				ultraviolet irradiation	strand-specific	2016-10-31	ENCODE		see document	175-300	1	1_1		43					/files/ENCFF776RIX/, /files/ENCFF062JEH/	173184491	Gene Yeo, UCSD	4bce36b0840b7164e1a6c3e23ec4a4ed		https://www.encodeproject.org/files/ENCFF400PVK/@@download/ENCFF400PVK.bam				released	s3://encode-public/2016/03/24/22c3223b-f8b6-4aee-bcba-54d74759a120/ENCFF400PVK.bam	https://datasetencode.blob.core.windows.net/dataset/2016/03/24/22c3223b-f8b6-4aee-bcba-54d74759a120/ENCFF400PVK.bam?sv=2019-10-10&si=prod&sr=c&sig=9qSQZo4ggrCNpybBExU8SypuUZV33igI11xw0P7rB3c%3D	Lab custom hg19	archived	mixed read lengths		
ENCFF636IYL	bam	bam		alignments	hg19	ENCSR647CLF	eCLIP	/human-donors/ENCDO000AAD/	EFO:0002067	K562	cell line	Homo sapiens										GPKOW-human	RNA				ultraviolet irradiation	strand-specific	2016-10-31	ENCODE		see document	175-300	2	2_1		43					/files/ENCFF357GNY/, /files/ENCFF085PPS/	204266646	Gene Yeo, UCSD	1fb43b77ade6e685102a5a5ea08c3a3c		https://www.encodeproject.org/files/ENCFF636IYL/@@download/ENCFF636IYL.bam				released	s3://encode-public/2016/03/24/e5947280-28a6-4c54-b9d9-399e812ec77f/ENCFF636IYL.bam	https://datasetencode.blob.core.windows.net/dataset/2016/03/24/e5947280-28a6-4c54-b9d9-399e812ec77f/ENCFF636IYL.bam?sv=2019-10-10&si=prod&sr=c&sig=9qSQZo4ggrCNpybBExU8SypuUZV33igI11xw0P7rB3c%3D	Lab custom hg19	archived	mixed read lengths		
ENCFF739BZK	bam	bam		alignments	GRCh38	ENCSR647CLF	eCLIP	/human-donors/ENCDO000AAD/	EFO:0002067	K562	cell line	Homo sapiens										GPKOW-human	RNA				ultraviolet irradiation	strand-specific	2016-10-31	ENCODE		see document	175-300	1	1_1		43					/files/ENCFF776RIX/, /files/ENCFF062JEH/	168953896	Gene Yeo, UCSD	0ff907bf1532ce204246d2a975bb645d		https://www.encodeproject.org/files/ENCFF739BZK/@@download/ENCFF739BZK.bam				released	s3://encode-public/2016/09/09/58a078a8-4385-49e4-b47d-e272cf95c7cb/ENCFF739BZK.bam	https://datasetencode.blob.core.windows.net/dataset/2016/09/09/58a078a8-4385-49e4-b47d-e272cf95c7cb/ENCFF739BZK.bam?sv=2019-10-10&si=prod&sr=c&sig=9qSQZo4ggrCNpybBExU8SypuUZV33igI11xw0P7rB3c%3D	Lab custom GRCh38	released	mixed read lengths		
ENCFF966HIC	bam	bam		alignments	GRCh38	ENCSR647CLF	eCLIP	/human-donors/ENCDO000AAD/	EFO:0002067	K562	cell line	Homo sapiens										GPKOW-human	RNA				ultraviolet irradiation	strand-specific	2016-10-31	ENCODE		see document	175-300	2	2_1		43					/files/ENCFF357GNY/, /files/ENCFF085PPS/	199953076	Gene Yeo, UCSD	ad1d75e61c7900ef414be26971821988		https://www.encodeproject.org/files/ENCFF966HIC/@@download/ENCFF966HIC.bam				released	s3://encode-public/2016/09/09/7027d02b-a833-4fba-a1cb-666ad2314c84/ENCFF966HIC.bam	https://datasetencode.blob.core.windows.net/dataset/2016/09/09/7027d02b-a833-4fba-a1cb-666ad2314c84/ENCFF966HIC.bam?sv=2019-10-10&si=prod&sr=c&sig=9qSQZo4ggrCNpybBExU8SypuUZV33igI11xw0P7rB3c%3D	Lab custom GRCh38	released	mixed read lengths		
ENCFF630LQE	bam	bam		alignments	hg19	ENCSR657TZB	eCLIP	/human-donors/ENCDO000AAD/	EFO:0002067	K562	cell line	Homo sapiens										XRN2-human	RNA				ultraviolet irradiation	strand-specific	2015-07-15	ENCODE		see document	175-300	2	2_1		43					/files/ENCFF963JOW/, /files/ENCFF096SEZ/	193326048	Gene Yeo, UCSD	9388b13fb4d89223c8889cb8741c60c9		https://www.encodeproject.org/files/ENCFF630LQE/@@download/ENCFF630LQE.bam				released	s3://encode-public/2016/03/23/64c5f07d-32d8-434b-b577-b97e7aaa27aa/ENCFF630LQE.bam	https://datasetencode.blob.core.windows.net/dataset/2016/03/23/64c5f07d-32d8-434b-b577-b97e7aaa27aa/ENCFF630LQE.bam?sv=2019-10-10&si=prod&sr=c&sig=9qSQZo4ggrCNpybBExU8SypuUZV33igI11xw0P7rB3c%3D	Lab custom hg19	archived			
ENCFF752ZYN	bam	bam		alignments	hg19	ENCSR657TZB	eCLIP	/human-donors/ENCDO000AAD/	EFO:0002067	K562	cell line	Homo sapiens										XRN2-human	RNA				ultraviolet irradiation	strand-specific	2015-07-15	ENCODE		see document	175-300	1	1_1		43					/files/ENCFF032DOJ/, /files/ENCFF107DSH/	246913943	Gene Yeo, UCSD	5cf5d0fa2a32773d3349e986318516c7		https://www.encodeproject.org/files/ENCFF752ZYN/@@download/ENCFF752ZYN.bam				released	s3://encode-public/2016/03/23/7a3742b6-ef21-4a40-9204-4c665801b276/ENCFF752ZYN.bam	https://datasetencode.blob.core.windows.net/dataset/2016/03/23/7a3742b6-ef21-4a40-9204-4c665801b276/ENCFF752ZYN.bam?sv=2019-10-10&si=prod&sr=c&sig=9qSQZo4ggrCNpybBExU8SypuUZV33igI11xw0P7rB3c%3D	Lab custom hg19	archived			
ENCFF862IYK	bam	bam		alignments	GRCh38	ENCSR657TZB	eCLIP	/human-donors/ENCDO000AAD/	EFO:0002067	K562	cell line	Homo sapiens										XRN2-human	RNA				ultraviolet irradiation	strand-specific	2015-07-15	ENCODE		see document	175-300	2	2_1		43					/files/ENCFF963JOW/, /files/ENCFF096SEZ/	190764213	Gene Yeo, UCSD	c477f4420ef58339cab872c20965451f		https://www.encodeproject.org/files/ENCFF862IYK/@@download/ENCFF862IYK.bam				released	s3://encode-public/2016/09/09/cbe55669-8043-4874-8522-fa4a36b5234d/ENCFF862IYK.bam	https://datasetencode.blob.core.windows.net/dataset/2016/09/09/cbe55669-8043-4874-8522-fa4a36b5234d/ENCFF862IYK.bam?sv=2019-10-10&si=prod&sr=c&sig=9qSQZo4ggrCNpybBExU8SypuUZV33igI11xw0P7rB3c%3D	Lab custom GRCh38	released			
ENCFF794JUI	bam	bam		alignments	GRCh38	ENCSR657TZB	eCLIP	/human-donors/ENCDO000AAD/	EFO:0002067	K562	cell line	Homo sapiens										XRN2-human	RNA				ultraviolet irradiation	strand-specific	2015-07-15	ENCODE		see document	175-300	1	1_1		43					/files/ENCFF032DOJ/, /files/ENCFF107DSH/	243164005	Gene Yeo, UCSD	c3e932b98be4c893527884e0d0f00e6b		https://www.encodeproject.org/files/ENCFF794JUI/@@download/ENCFF794JUI.bam				released	s3://encode-public/2016/09/09/04709af6-2144-418d-865c-4b9e7acdedd6/ENCFF794JUI.bam	https://datasetencode.blob.core.windows.net/dataset/2016/09/09/04709af6-2144-418d-865c-4b9e7acdedd6/ENCFF794JUI.bam?sv=2019-10-10&si=prod&sr=c&sig=9qSQZo4ggrCNpybBExU8SypuUZV33igI11xw0P7rB3c%3D	Lab custom GRCh38	released			
ENCFF569JWF	bam	bam		alignments	hg19	ENCSR085JPB	eCLIP	/human-donors/ENCDO000AAC/	EFO:0001187	HepG2	cell line	Homo sapiens										WDR43-human	RNA				ultraviolet irradiation	strand-specific	2018-08-30	ENCODE		see document	175-300	2	2_1		35					/files/ENCFF577MTW/, /files/ENCFF291FNE/	146393496	Gene Yeo, UCSD	437ea3a3af53e7c326ba37fb8c4eb0a5		https://www.encodeproject.org/files/ENCFF569JWF/@@download/ENCFF569JWF.bam				released	s3://encode-public/2018/04/29/1634c98c-cdd1-432b-b1a5-edb5700eabeb/ENCFF569JWF.bam	https://datasetencode.blob.core.windows.net/dataset/2018/04/29/1634c98c-cdd1-432b-b1a5-edb5700eabeb/ENCFF569JWF.bam?sv=2019-10-10&si=prod&sr=c&sig=9qSQZo4ggrCNpybBExU8SypuUZV33igI11xw0P7rB3c%3D	Lab custom hg19	archived			
ENCFF938XEE	bam	bam		alignments	hg19	ENCSR085JPB	eCLIP	/human-donors/ENCDO000AAC/	EFO:0001187	HepG2	cell line	Homo sapiens										WDR43-human	RNA				ultraviolet irradiation	strand-specific	2018-08-30	ENCODE		see document	175-300	1	1_1		35					/files/ENCFF503AHN/, /files/ENCFF133XVB/	146597722	Gene Yeo, UCSD	9cebf7fcb869d3a548eb1bb5e43a2827		https://www.encodeproject.org/files/ENCFF938XEE/@@download/ENCFF938XEE.bam				released	s3://encode-public/2018/04/29/02d02562-f1e1-4912-8262-6d64b47f1b85/ENCFF938XEE.bam	https://datasetencode.blob.core.windows.net/dataset/2018/04/29/02d02562-f1e1-4912-8262-6d64b47f1b85/ENCFF938XEE.bam?sv=2019-10-10&si=prod&sr=c&sig=9qSQZo4ggrCNpybBExU8SypuUZV33igI11xw0P7rB3c%3D	Lab custom hg19	archived			
ENCFF847AOM	bam	bam		alignments	GRCh38	ENCSR085JPB	eCLIP	/human-donors/ENCDO000AAC/	EFO:0001187	HepG2	cell line	Homo sapiens										WDR43-human	RNA				ultraviolet irradiation	strand-specific	2018-08-30	ENCODE		see document	175-300	1	1_1		35					/files/ENCFF503AHN/, /files/ENCFF133XVB/	141616152	Gene Yeo, UCSD	540cf88a58db2ec54fd8467d2c0fb5bc		https://www.encodeproject.org/files/ENCFF847AOM/@@download/ENCFF847AOM.bam				released	s3://encode-public/2018/04/29/4fe0169a-dd6b-4a56-ad7a-214229ce8136/ENCFF847AOM.bam	https://datasetencode.blob.core.windows.net/dataset/2018/04/29/4fe0169a-dd6b-4a56-ad7a-214229ce8136/ENCFF847AOM.bam?sv=2019-10-10&si=prod&sr=c&sig=9qSQZo4ggrCNpybBExU8SypuUZV33igI11xw0P7rB3c%3D	Lab custom GRCh38	released			
ENCFF060BRD	bam	bam		alignments	GRCh38	ENCSR085JPB	eCLIP	/human-donors/ENCDO000AAC/	EFO:0001187	HepG2	cell line	Homo sapiens										WDR43-human	RNA				ultraviolet irradiation	strand-specific	2018-08-30	ENCODE		see document	175-300	2	2_1		35					/files/ENCFF577MTW/, /files/ENCFF291FNE/	139540068	Gene Yeo, UCSD	002d73f09c1f994507e5be77b1637446		https://www.encodeproject.org/files/ENCFF060BRD/@@download/ENCFF060BRD.bam				released	s3://encode-public/2018/04/29/0d182ec1-0c40-4902-82c3-8054fbb16b84/ENCFF060BRD.bam	https://datasetencode.blob.core.windows.net/dataset/2018/04/29/0d182ec1-0c40-4902-82c3-8054fbb16b84/ENCFF060BRD.bam?sv=2019-10-10&si=prod&sr=c&sig=9qSQZo4ggrCNpybBExU8SypuUZV33igI11xw0P7rB3c%3D	Lab custom GRCh38	released			
ENCFF737JZP	bam	bam		alignments	hg19	ENCSR844RVX	eCLIP	/human-donors/ENCDO000AAD/	EFO:0002067	K562	cell line	Homo sapiens										EFTUD2-human	RNA				ultraviolet irradiation	strand-specific	2016-04-26	ENCODE		see document	175-300	2	2_1		43					/files/ENCFF701RMR/, /files/ENCFF688KVW/	229804209	Gene Yeo, UCSD	0b820e5ae9331800bbd822fe0e5bb079		https://www.encodeproject.org/files/ENCFF737JZP/@@download/ENCFF737JZP.bam				released	s3://encode-public/2016/03/17/a9aab5c1-b631-471b-83c0-1922299abd0b/ENCFF737JZP.bam	https://datasetencode.blob.core.windows.net/dataset/2016/03/17/a9aab5c1-b631-471b-83c0-1922299abd0b/ENCFF737JZP.bam?sv=2019-10-10&si=prod&sr=c&sig=9qSQZo4ggrCNpybBExU8SypuUZV33igI11xw0P7rB3c%3D	Lab custom hg19	archived	mixed read lengths		
ENCFF652IOV	bam	bam		alignments	hg19	ENCSR844RVX	eCLIP	/human-donors/ENCDO000AAD/	EFO:0002067	K562	cell line	Homo sapiens										EFTUD2-human	RNA				ultraviolet irradiation	strand-specific	2016-04-26	ENCODE		see document	175-300	1	1_1		43					/files/ENCFF073SAE/, /files/ENCFF273YUG/	208573313	Gene Yeo, UCSD	64b00bc5e2ea1a67699d12533255228e		https://www.encodeproject.org/files/ENCFF652IOV/@@download/ENCFF652IOV.bam				released	s3://encode-public/2016/03/17/b02ba5f0-ce95-4cdb-95c5-b4a1bd96bb52/ENCFF652IOV.bam	https://datasetencode.blob.core.windows.net/dataset/2016/03/17/b02ba5f0-ce95-4cdb-95c5-b4a1bd96bb52/ENCFF652IOV.bam?sv=2019-10-10&si=prod&sr=c&sig=9qSQZo4ggrCNpybBExU8SypuUZV33igI11xw0P7rB3c%3D	Lab custom hg19	archived	mixed read lengths		
ENCFF187FER	bam	bam		alignments	GRCh38	ENCSR844RVX	eCLIP	/human-donors/ENCDO000AAD/	EFO:0002067	K562	cell line	Homo sapiens										EFTUD2-human	RNA				ultraviolet irradiation	strand-specific	2016-04-26	ENCODE		see document	175-300	1	1_1		43					/files/ENCFF073SAE/, /files/ENCFF273YUG/	203755757	Gene Yeo, UCSD	0d09f859c23f0e5cdad1b6ce5152e205		https://www.encodeproject.org/files/ENCFF187FER/@@download/ENCFF187FER.bam				released	s3://encode-public/2016/09/09/5e6c1084-d89b-46f1-a0d2-f6af5a720215/ENCFF187FER.bam	https://datasetencode.blob.core.windows.net/dataset/2016/09/09/5e6c1084-d89b-46f1-a0d2-f6af5a720215/ENCFF187FER.bam?sv=2019-10-10&si=prod&sr=c&sig=9qSQZo4ggrCNpybBExU8SypuUZV33igI11xw0P7rB3c%3D	Lab custom GRCh38	released	mixed read lengths		
ENCFF703QKL	bam	bam		alignments	GRCh38	ENCSR844RVX	eCLIP	/human-donors/ENCDO000AAD/	EFO:0002067	K562	cell line	Homo sapiens										EFTUD2-human	RNA				ultraviolet irradiation	strand-specific	2016-04-26	ENCODE		see document	175-300	2	2_1		43					/files/ENCFF701RMR/, /files/ENCFF688KVW/	225224271	Gene Yeo, UCSD	b10dd35645269448e486fd09175b3ef5		https://www.encodeproject.org/files/ENCFF703QKL/@@download/ENCFF703QKL.bam				released	s3://encode-public/2016/09/09/b10ee328-595d-4575-9fa9-5abedc7becd8/ENCFF703QKL.bam	https://datasetencode.blob.core.windows.net/dataset/2016/09/09/b10ee328-595d-4575-9fa9-5abedc7becd8/ENCFF703QKL.bam?sv=2019-10-10&si=prod&sr=c&sig=9qSQZo4ggrCNpybBExU8SypuUZV33igI11xw0P7rB3c%3D	Lab custom GRCh38	released	mixed read lengths		
ENCFF449TUS	bam	bam		alignments	hg19	ENCSR893NWB	eCLIP	/human-donors/ENCDO000AAC/	EFO:0001187	HepG2	cell line	Homo sapiens										GRWD1-human	RNA				ultraviolet irradiation	strand-specific	2016-04-26	ENCODE		see document	175-300	1	1_1		40					/files/ENCFF500BLJ/, /files/ENCFF874PLO/	1008267327	Gene Yeo, UCSD	52417502d5e1d98a0e7e64105ee8efa6		https://www.encodeproject.org/files/ENCFF449TUS/@@download/ENCFF449TUS.bam				released	s3://encode-public/2016/03/17/7dba8d01-183e-45bb-8a2b-b0fa01823e09/ENCFF449TUS.bam	https://datasetencode.blob.core.windows.net/dataset/2016/03/17/7dba8d01-183e-45bb-8a2b-b0fa01823e09/ENCFF449TUS.bam?sv=2019-10-10&si=prod&sr=c&sig=9qSQZo4ggrCNpybBExU8SypuUZV33igI11xw0P7rB3c%3D	Lab custom hg19	archived			
ENCFF459XDE	bam	bam		alignments	hg19	ENCSR893NWB	eCLIP	/human-donors/ENCDO000AAC/	EFO:0001187	HepG2	cell line	Homo sapiens										GRWD1-human	RNA				ultraviolet irradiation	strand-specific	2016-04-26	ENCODE		see document	175-300	2	2_1		40					/files/ENCFF451BKG/, /files/ENCFF933DLG/	981018819	Gene Yeo, UCSD	149fa0293906f4559c1551b25b3f88ff		https://www.encodeproject.org/files/ENCFF459XDE/@@download/ENCFF459XDE.bam				released	s3://encode-public/2016/03/17/6c8a982e-6357-4a99-ba80-48a03e3bb30a/ENCFF459XDE.bam	https://datasetencode.blob.core.windows.net/dataset/2016/03/17/6c8a982e-6357-4a99-ba80-48a03e3bb30a/ENCFF459XDE.bam?sv=2019-10-10&si=prod&sr=c&sig=9qSQZo4ggrCNpybBExU8SypuUZV33igI11xw0P7rB3c%3D	Lab custom hg19	archived			
ENCFF591FGE	bam	bam		alignments	GRCh38	ENCSR893NWB	eCLIP	/human-donors/ENCDO000AAC/	EFO:0001187	HepG2	cell line	Homo sapiens										GRWD1-human	RNA				ultraviolet irradiation	strand-specific	2016-04-26	ENCODE		see document	175-300	1	1_1		40					/files/ENCFF500BLJ/, /files/ENCFF874PLO/	979222446	Gene Yeo, UCSD	9858933a8e99b432c0ebb79349b325ae		https://www.encodeproject.org/files/ENCFF591FGE/@@download/ENCFF591FGE.bam				released	s3://encode-public/2016/09/09/bc3cfd06-681d-4c9b-885e-9ca74f6b88ca/ENCFF591FGE.bam	https://datasetencode.blob.core.windows.net/dataset/2016/09/09/bc3cfd06-681d-4c9b-885e-9ca74f6b88ca/ENCFF591FGE.bam?sv=2019-10-10&si=prod&sr=c&sig=9qSQZo4ggrCNpybBExU8SypuUZV33igI11xw0P7rB3c%3D	Lab custom GRCh38	released			
ENCFF869UTD	bam	bam		alignments	GRCh38	ENCSR893NWB	eCLIP	/human-donors/ENCDO000AAC/	EFO:0001187	HepG2	cell line	Homo sapiens										GRWD1-human	RNA				ultraviolet irradiation	strand-specific	2016-04-26	ENCODE		see document	175-300	2	2_1		40					/files/ENCFF451BKG/, /files/ENCFF933DLG/	938850509	Gene Yeo, UCSD	74a7dfd206d65c4a056c4c749c17efa8		https://www.encodeproject.org/files/ENCFF869UTD/@@download/ENCFF869UTD.bam				released	s3://encode-public/2016/09/09/7d52670a-f508-4097-bbc8-f5dced797fde/ENCFF869UTD.bam	https://datasetencode.blob.core.windows.net/dataset/2016/09/09/7d52670a-f508-4097-bbc8-f5dced797fde/ENCFF869UTD.bam?sv=2019-10-10&si=prod&sr=c&sig=9qSQZo4ggrCNpybBExU8SypuUZV33igI11xw0P7rB3c%3D	Lab custom GRCh38	released			
ENCFF659FQL	bam	bam		alignments	hg19	ENCSR356MSW	eCLIP	/human-donors/ENCDO000AAD/	EFO:0002067	K562	cell line	Homo sapiens										SSB-human	RNA				ultraviolet irradiation	strand-specific	2018-08-30	ENCODE		see document	175-300	2	2_1		43					/files/ENCFF258RPS/, /files/ENCFF676BHH/	169024766	Gene Yeo, UCSD	48a340977f5a97a9596198416b372748		https://www.encodeproject.org/files/ENCFF659FQL/@@download/ENCFF659FQL.bam				released	s3://encode-public/2018/04/29/c2e33eaa-ac66-4847-9ac3-6d84cf2e347f/ENCFF659FQL.bam	https://datasetencode.blob.core.windows.net/dataset/2018/04/29/c2e33eaa-ac66-4847-9ac3-6d84cf2e347f/ENCFF659FQL.bam?sv=2019-10-10&si=prod&sr=c&sig=9qSQZo4ggrCNpybBExU8SypuUZV33igI11xw0P7rB3c%3D	Lab custom hg19	archived	mixed read lengths		
ENCFF022SQB	bam	bam		alignments	hg19	ENCSR356MSW	eCLIP	/human-donors/ENCDO000AAD/	EFO:0002067	K562	cell line	Homo sapiens										SSB-human	RNA				ultraviolet irradiation	strand-specific	2018-08-30	ENCODE		see document	175-300	1	1_1		40					/files/ENCFF734LCT/, /files/ENCFF677KYJ/	194057660	Gene Yeo, UCSD	78eea2105e2b7b47fe7785c62fcc2286		https://www.encodeproject.org/files/ENCFF022SQB/@@download/ENCFF022SQB.bam				released	s3://encode-public/2018/04/29/cff6f8ef-6292-4797-b9fa-5cadc08a46d2/ENCFF022SQB.bam	https://datasetencode.blob.core.windows.net/dataset/2018/04/29/cff6f8ef-6292-4797-b9fa-5cadc08a46d2/ENCFF022SQB.bam?sv=2019-10-10&si=prod&sr=c&sig=9qSQZo4ggrCNpybBExU8SypuUZV33igI11xw0P7rB3c%3D	Lab custom hg19	archived	mixed read lengths		
ENCFF566TDO	bam	bam		alignments	GRCh38	ENCSR356MSW	eCLIP	/human-donors/ENCDO000AAD/	EFO:0002067	K562	cell line	Homo sapiens										SSB-human	RNA				ultraviolet irradiation	strand-specific	2018-08-30	ENCODE		see document	175-300	1	1_1		40					/files/ENCFF734LCT/, /files/ENCFF677KYJ/	185616736	Gene Yeo, UCSD	4c0de16a513f4b083523d23ad7852e59		https://www.encodeproject.org/files/ENCFF566TDO/@@download/ENCFF566TDO.bam				released	s3://encode-public/2018/04/29/1529cd5d-5a66-423d-84a5-0b5010e2b193/ENCFF566TDO.bam	https://datasetencode.blob.core.windows.net/dataset/2018/04/29/1529cd5d-5a66-423d-84a5-0b5010e2b193/ENCFF566TDO.bam?sv=2019-10-10&si=prod&sr=c&sig=9qSQZo4ggrCNpybBExU8SypuUZV33igI11xw0P7rB3c%3D	Lab custom GRCh38	released	mixed read lengths		
ENCFF205JFL	bam	bam		alignments	GRCh38	ENCSR356MSW	eCLIP	/human-donors/ENCDO000AAD/	EFO:0002067	K562	cell line	Homo sapiens										SSB-human	RNA				ultraviolet irradiation	strand-specific	2018-08-30	ENCODE		see document	175-300	2	2_1		43					/files/ENCFF258RPS/, /files/ENCFF676BHH/	164158145	Gene Yeo, UCSD	ff54712cbf2579de8d7b1c39a9f43cda		https://www.encodeproject.org/files/ENCFF205JFL/@@download/ENCFF205JFL.bam				released	s3://encode-public/2018/04/29/7cbb943f-a5bf-4b19-9a6b-4cee11550bfb/ENCFF205JFL.bam	https://datasetencode.blob.core.windows.net/dataset/2018/04/29/7cbb943f-a5bf-4b19-9a6b-4cee11550bfb/ENCFF205JFL.bam?sv=2019-10-10&si=prod&sr=c&sig=9qSQZo4ggrCNpybBExU8SypuUZV33igI11xw0P7rB3c%3D	Lab custom GRCh38	released	mixed read lengths		
ENCFF736XNI	bam	bam		alignments	hg19	ENCSR331VNX	eCLIP	/human-donors/ENCDO000AAD/	EFO:0002067	K562	cell line	Homo sapiens										FMR1-human	RNA				ultraviolet irradiation	strand-specific	2015-07-15	ENCODE		see document	175-300	2	2_1		40					/files/ENCFF319MIE/, /files/ENCFF217LJP/	159121304	Gene Yeo, UCSD	333b400378f2e7cc737cd437d8b35d8e		https://www.encodeproject.org/files/ENCFF736XNI/@@download/ENCFF736XNI.bam				released	s3://encode-public/2016/03/23/add22463-085d-4777-924a-e776af3d8313/ENCFF736XNI.bam	https://datasetencode.blob.core.windows.net/dataset/2016/03/23/add22463-085d-4777-924a-e776af3d8313/ENCFF736XNI.bam?sv=2019-10-10&si=prod&sr=c&sig=9qSQZo4ggrCNpybBExU8SypuUZV33igI11xw0P7rB3c%3D	Lab custom hg19	archived	mixed read lengths		
ENCFF436TNC	bam	bam		alignments	hg19	ENCSR331VNX	eCLIP	/human-donors/ENCDO000AAD/	EFO:0002067	K562	cell line	Homo sapiens										FMR1-human	RNA				ultraviolet irradiation	strand-specific	2015-07-15	ENCODE		see document	175-300	1	1_1		40					/files/ENCFF647ULQ/, /files/ENCFF111LIY/	127619394	Gene Yeo, UCSD	ada908a45395b658e3b486398aa23936		https://www.encodeproject.org/files/ENCFF436TNC/@@download/ENCFF436TNC.bam				released	s3://encode-public/2016/03/23/402dfaff-f060-4605-bb3d-31e46dceb1ab/ENCFF436TNC.bam	https://datasetencode.blob.core.windows.net/dataset/2016/03/23/402dfaff-f060-4605-bb3d-31e46dceb1ab/ENCFF436TNC.bam?sv=2019-10-10&si=prod&sr=c&sig=9qSQZo4ggrCNpybBExU8SypuUZV33igI11xw0P7rB3c%3D	Lab custom hg19	archived	mixed read lengths		
ENCFF525EHR	bam	bam		alignments	GRCh38	ENCSR331VNX	eCLIP	/human-donors/ENCDO000AAD/	EFO:0002067	K562	cell line	Homo sapiens										FMR1-human	RNA				ultraviolet irradiation	strand-specific	2015-07-15	ENCODE		see document	175-300	1	1_1		40					/files/ENCFF647ULQ/, /files/ENCFF111LIY/	128357752	Gene Yeo, UCSD	d687fcab25d041e382e6dafe55dafaa4		https://www.encodeproject.org/files/ENCFF525EHR/@@download/ENCFF525EHR.bam				released	s3://encode-public/2016/09/09/c67127f3-0e28-49fd-9eff-0bbcdde3a94c/ENCFF525EHR.bam	https://datasetencode.blob.core.windows.net/dataset/2016/09/09/c67127f3-0e28-49fd-9eff-0bbcdde3a94c/ENCFF525EHR.bam?sv=2019-10-10&si=prod&sr=c&sig=9qSQZo4ggrCNpybBExU8SypuUZV33igI11xw0P7rB3c%3D	Lab custom GRCh38	released	mixed read lengths		
ENCFF693DNX	bam	bam		alignments	GRCh38	ENCSR331VNX	eCLIP	/human-donors/ENCDO000AAD/	EFO:0002067	K562	cell line	Homo sapiens										FMR1-human	RNA				ultraviolet irradiation	strand-specific	2015-07-15	ENCODE		see document	175-300	2	2_1		40					/files/ENCFF319MIE/, /files/ENCFF217LJP/	161698131	Gene Yeo, UCSD	c173233c8eb6a4694cfa8c87e8bc2294		https://www.encodeproject.org/files/ENCFF693DNX/@@download/ENCFF693DNX.bam				released	s3://encode-public/2016/09/09/26fe3fdd-ebe4-4ce5-86b7-b8ce38c8de90/ENCFF693DNX.bam	https://datasetencode.blob.core.windows.net/dataset/2016/09/09/26fe3fdd-ebe4-4ce5-86b7-b8ce38c8de90/ENCFF693DNX.bam?sv=2019-10-10&si=prod&sr=c&sig=9qSQZo4ggrCNpybBExU8SypuUZV33igI11xw0P7rB3c%3D	Lab custom GRCh38	released	mixed read lengths		
ENCFF480XQJ	bam	bam		alignments	hg19	ENCSR038JME	eCLIP	/human-donors/ENCDO000AAD/	EFO:0002067	K562	cell line	Homo sapiens										WRN-human	RNA				ultraviolet irradiation	strand-specific	2018-08-30	ENCODE		see document	175-300	2	2_1		43					/files/ENCFF673VLP/, /files/ENCFF548GPO/	84083070	Gene Yeo, UCSD	6b94e99e54106111c9f1424e6f6f1292		https://www.encodeproject.org/files/ENCFF480XQJ/@@download/ENCFF480XQJ.bam				released	s3://encode-public/2018/04/29/bd6a6209-800b-4561-8148-da9178eef213/ENCFF480XQJ.bam	https://datasetencode.blob.core.windows.net/dataset/2018/04/29/bd6a6209-800b-4561-8148-da9178eef213/ENCFF480XQJ.bam?sv=2019-10-10&si=prod&sr=c&sig=9qSQZo4ggrCNpybBExU8SypuUZV33igI11xw0P7rB3c%3D	Lab custom hg19	archived	mixed read lengths		
ENCFF264AQP	bam	bam		alignments	hg19	ENCSR038JME	eCLIP	/human-donors/ENCDO000AAD/	EFO:0002067	K562	cell line	Homo sapiens										WRN-human	RNA				ultraviolet irradiation	strand-specific	2018-08-30	ENCODE		see document	175-300	1	1_1		43					/files/ENCFF553UKA/, /files/ENCFF137XEJ/	113520937	Gene Yeo, UCSD	42435255f7d64f55f3a48f71580781fa		https://www.encodeproject.org/files/ENCFF264AQP/@@download/ENCFF264AQP.bam				released	s3://encode-public/2018/04/29/82b8ffe1-5071-4293-9414-40d59230335d/ENCFF264AQP.bam	https://datasetencode.blob.core.windows.net/dataset/2018/04/29/82b8ffe1-5071-4293-9414-40d59230335d/ENCFF264AQP.bam?sv=2019-10-10&si=prod&sr=c&sig=9qSQZo4ggrCNpybBExU8SypuUZV33igI11xw0P7rB3c%3D	Lab custom hg19	archived	mixed read lengths		
ENCFF945HNC	bam	bam		alignments	GRCh38	ENCSR038JME	eCLIP	/human-donors/ENCDO000AAD/	EFO:0002067	K562	cell line	Homo sapiens										WRN-human	RNA				ultraviolet irradiation	strand-specific	2018-08-30	ENCODE		see document	175-300	2	2_1		43					/files/ENCFF673VLP/, /files/ENCFF548GPO/	82787279	Gene Yeo, UCSD	477b00c99a093bbfca95cb1da1398b25		https://www.encodeproject.org/files/ENCFF945HNC/@@download/ENCFF945HNC.bam				released	s3://encode-public/2018/04/29/36b6c7f8-b62e-4098-baa6-a3b8c649cce2/ENCFF945HNC.bam	https://datasetencode.blob.core.windows.net/dataset/2018/04/29/36b6c7f8-b62e-4098-baa6-a3b8c649cce2/ENCFF945HNC.bam?sv=2019-10-10&si=prod&sr=c&sig=9qSQZo4ggrCNpybBExU8SypuUZV33igI11xw0P7rB3c%3D	Lab custom GRCh38	released	mixed read lengths		
ENCFF526BOW	bam	bam		alignments	GRCh38	ENCSR038JME	eCLIP	/human-donors/ENCDO000AAD/	EFO:0002067	K562	cell line	Homo sapiens										WRN-human	RNA				ultraviolet irradiation	strand-specific	2018-08-30	ENCODE		see document	175-300	1	1_1		43					/files/ENCFF553UKA/, /files/ENCFF137XEJ/	111487525	Gene Yeo, UCSD	836643f2e60b5440a0e46cb74f3ba408		https://www.encodeproject.org/files/ENCFF526BOW/@@download/ENCFF526BOW.bam				released	s3://encode-public/2018/04/29/0bd0b59d-f5bc-47ab-a763-a5f9b29fb875/ENCFF526BOW.bam	https://datasetencode.blob.core.windows.net/dataset/2018/04/29/0bd0b59d-f5bc-47ab-a763-a5f9b29fb875/ENCFF526BOW.bam?sv=2019-10-10&si=prod&sr=c&sig=9qSQZo4ggrCNpybBExU8SypuUZV33igI11xw0P7rB3c%3D	Lab custom GRCh38	released	mixed read lengths		
ENCFF410UTY	bam	bam		alignments	hg19	ENCSR238CLX	eCLIP	/human-donors/ENCDO000AAD/	EFO:0002067	K562	cell line	Homo sapiens										GEMIN5-human	RNA				ultraviolet irradiation	strand-specific	2016-09-21	ENCODE		see document	175-300	2	2_1		40					/files/ENCFF384BDA/, /files/ENCFF175TMY/	180680102	Gene Yeo, UCSD	66078b5e9658bdb0d80c11b5f53b8650		https://www.encodeproject.org/files/ENCFF410UTY/@@download/ENCFF410UTY.bam				released	s3://encode-public/2016/08/04/ae1ede6e-e1dc-41e5-8be6-832f28ede9f8/ENCFF410UTY.bam	https://datasetencode.blob.core.windows.net/dataset/2016/08/04/ae1ede6e-e1dc-41e5-8be6-832f28ede9f8/ENCFF410UTY.bam?sv=2019-10-10&si=prod&sr=c&sig=9qSQZo4ggrCNpybBExU8SypuUZV33igI11xw0P7rB3c%3D	Lab custom hg19	archived			
ENCFF620MFE	bam	bam		alignments	hg19	ENCSR238CLX	eCLIP	/human-donors/ENCDO000AAD/	EFO:0002067	K562	cell line	Homo sapiens										GEMIN5-human	RNA				ultraviolet irradiation	strand-specific	2016-09-21	ENCODE		see document	175-300	1	1_1		40					/files/ENCFF447WDR/, /files/ENCFF921PTG/	270111566	Gene Yeo, UCSD	6609203d5bf6035d1204acd65c8a35e6		https://www.encodeproject.org/files/ENCFF620MFE/@@download/ENCFF620MFE.bam				released	s3://encode-public/2016/08/04/6b99b972-2033-463c-bd99-034685688ce4/ENCFF620MFE.bam	https://datasetencode.blob.core.windows.net/dataset/2016/08/04/6b99b972-2033-463c-bd99-034685688ce4/ENCFF620MFE.bam?sv=2019-10-10&si=prod&sr=c&sig=9qSQZo4ggrCNpybBExU8SypuUZV33igI11xw0P7rB3c%3D	Lab custom hg19	archived			
ENCFF091VCD	bam	bam		alignments	GRCh38	ENCSR238CLX	eCLIP	/human-donors/ENCDO000AAD/	EFO:0002067	K562	cell line	Homo sapiens										GEMIN5-human	RNA				ultraviolet irradiation	strand-specific	2016-09-21	ENCODE		see document	175-300	1	1_1		40					/files/ENCFF447WDR/, /files/ENCFF921PTG/	262824613	Gene Yeo, UCSD	2d06ff0d9f5f2b545469e37d5a6f8eb9		https://www.encodeproject.org/files/ENCFF091VCD/@@download/ENCFF091VCD.bam				released	s3://encode-public/2016/09/09/e9b78749-a6ff-4833-ab95-77fd89bf073f/ENCFF091VCD.bam	https://datasetencode.blob.core.windows.net/dataset/2016/09/09/e9b78749-a6ff-4833-ab95-77fd89bf073f/ENCFF091VCD.bam?sv=2019-10-10&si=prod&sr=c&sig=9qSQZo4ggrCNpybBExU8SypuUZV33igI11xw0P7rB3c%3D	Lab custom GRCh38	released			
ENCFF072KEM	bam	bam		alignments	GRCh38	ENCSR238CLX	eCLIP	/human-donors/ENCDO000AAD/	EFO:0002067	K562	cell line	Homo sapiens										GEMIN5-human	RNA				ultraviolet irradiation	strand-specific	2016-09-21	ENCODE		see document	175-300	2	2_1		40					/files/ENCFF384BDA/, /files/ENCFF175TMY/	169424780	Gene Yeo, UCSD	77b277116ac849111555d97985294cdb		https://www.encodeproject.org/files/ENCFF072KEM/@@download/ENCFF072KEM.bam				released	s3://encode-public/2016/09/09/d4f647a8-3477-4295-a66d-f772aed0f7e8/ENCFF072KEM.bam	https://datasetencode.blob.core.windows.net/dataset/2016/09/09/d4f647a8-3477-4295-a66d-f772aed0f7e8/ENCFF072KEM.bam?sv=2019-10-10&si=prod&sr=c&sig=9qSQZo4ggrCNpybBExU8SypuUZV33igI11xw0P7rB3c%3D	Lab custom GRCh38	released			
ENCFF182NRE	bam	bam		alignments	hg19	ENCSR734ZHL	eCLIP	/human-donors/ENCDO000AAD/	EFO:0002067	K562	cell line	Homo sapiens										UTP3-human	RNA				ultraviolet irradiation	strand-specific	2018-08-30	ENCODE		see document	175-300	1	1_1		41					/files/ENCFF037SFC/, /files/ENCFF085FSS/	30263029	Gene Yeo, UCSD	1ca4d07ee7448122b5c0625a7750ab13		https://www.encodeproject.org/files/ENCFF182NRE/@@download/ENCFF182NRE.bam				released	s3://encode-public/2018/04/29/8ffda245-40d9-444f-b1f7-263f5d25708b/ENCFF182NRE.bam	https://datasetencode.blob.core.windows.net/dataset/2018/04/29/8ffda245-40d9-444f-b1f7-263f5d25708b/ENCFF182NRE.bam?sv=2019-10-10&si=prod&sr=c&sig=9qSQZo4ggrCNpybBExU8SypuUZV33igI11xw0P7rB3c%3D	Lab custom hg19	archived			
ENCFF317ALA	bam	bam		alignments	hg19	ENCSR734ZHL	eCLIP	/human-donors/ENCDO000AAD/	EFO:0002067	K562	cell line	Homo sapiens										UTP3-human	RNA				ultraviolet irradiation	strand-specific	2018-08-30	ENCODE		see document	175-300	2	2_1		41					/files/ENCFF901ESA/, /files/ENCFF612CUM/	13837952	Gene Yeo, UCSD	d69974fbfd183463af113216379eaaf1		https://www.encodeproject.org/files/ENCFF317ALA/@@download/ENCFF317ALA.bam				released	s3://encode-public/2018/04/29/b894e3f2-eacb-46ce-9cb5-04c12f9a0595/ENCFF317ALA.bam	https://datasetencode.blob.core.windows.net/dataset/2018/04/29/b894e3f2-eacb-46ce-9cb5-04c12f9a0595/ENCFF317ALA.bam?sv=2019-10-10&si=prod&sr=c&sig=9qSQZo4ggrCNpybBExU8SypuUZV33igI11xw0P7rB3c%3D	Lab custom hg19	archived			
ENCFF826UUS	bam	bam		alignments	GRCh38	ENCSR734ZHL	eCLIP	/human-donors/ENCDO000AAD/	EFO:0002067	K562	cell line	Homo sapiens										UTP3-human	RNA				ultraviolet irradiation	strand-specific	2018-08-30	ENCODE		see document	175-300	1	1_1		41					/files/ENCFF037SFC/, /files/ENCFF085FSS/	29777902	Gene Yeo, UCSD	a97bd6863b9f13e33ec106e307713660		https://www.encodeproject.org/files/ENCFF826UUS/@@download/ENCFF826UUS.bam				released	s3://encode-public/2018/04/29/01b087f2-2b67-45b4-af46-46645e7129e0/ENCFF826UUS.bam	https://datasetencode.blob.core.windows.net/dataset/2018/04/29/01b087f2-2b67-45b4-af46-46645e7129e0/ENCFF826UUS.bam?sv=2019-10-10&si=prod&sr=c&sig=9qSQZo4ggrCNpybBExU8SypuUZV33igI11xw0P7rB3c%3D	Lab custom GRCh38	released			
ENCFF612HAQ	bam	bam		alignments	GRCh38	ENCSR734ZHL	eCLIP	/human-donors/ENCDO000AAD/	EFO:0002067	K562	cell line	Homo sapiens										UTP3-human	RNA				ultraviolet irradiation	strand-specific	2018-08-30	ENCODE		see document	175-300	2	2_1		41					/files/ENCFF901ESA/, /files/ENCFF612CUM/	13772749	Gene Yeo, UCSD	5354ee86dd6bd7d418e01b47e303607f		https://www.encodeproject.org/files/ENCFF612HAQ/@@download/ENCFF612HAQ.bam				released	s3://encode-public/2018/04/29/13ff373b-3557-424b-8fa2-715843d2394e/ENCFF612HAQ.bam	https://datasetencode.blob.core.windows.net/dataset/2018/04/29/13ff373b-3557-424b-8fa2-715843d2394e/ENCFF612HAQ.bam?sv=2019-10-10&si=prod&sr=c&sig=9qSQZo4ggrCNpybBExU8SypuUZV33igI11xw0P7rB3c%3D	Lab custom GRCh38	released			
ENCFF346VFW	bam	bam		alignments	hg19	ENCSR739VVT	eCLIP	/human-donors/ENCDO000AAD/	EFO:0002067	K562	cell line	Homo sapiens										APOBEC3C-human	RNA				ultraviolet irradiation	strand-specific	2018-08-30	ENCODE		see document	175-300	1	1_1		38					/files/ENCFF260KKZ/, /files/ENCFF713YLQ/, /files/ENCFF655HJD/, /files/ENCFF774VNR/, /files/ENCFF023SPX/, /files/ENCFF285GQG/, /files/ENCFF082VYL/, /files/ENCFF392MTE/	110418980	Gene Yeo, UCSD	e48ecc6429d918f40c3764b1d2194427		https://www.encodeproject.org/files/ENCFF346VFW/@@download/ENCFF346VFW.bam				released	s3://encode-public/2018/04/29/6ed421a9-5138-4417-b6a8-4458313fdddb/ENCFF346VFW.bam	https://datasetencode.blob.core.windows.net/dataset/2018/04/29/6ed421a9-5138-4417-b6a8-4458313fdddb/ENCFF346VFW.bam?sv=2019-10-10&si=prod&sr=c&sig=9qSQZo4ggrCNpybBExU8SypuUZV33igI11xw0P7rB3c%3D	Lab custom hg19	archived	mixed read lengths		
ENCFF398XYR	bam	bam		alignments	hg19	ENCSR739VVT	eCLIP	/human-donors/ENCDO000AAD/	EFO:0002067	K562	cell line	Homo sapiens										APOBEC3C-human	RNA				ultraviolet irradiation	strand-specific	2018-08-30	ENCODE		see document	175-300	2	2_1		38					/files/ENCFF315VJK/, /files/ENCFF315EQH/	209286768	Gene Yeo, UCSD	9c7c6b864e020311faf4a5ff685157ea		https://www.encodeproject.org/files/ENCFF398XYR/@@download/ENCFF398XYR.bam				released	s3://encode-public/2018/04/29/aceb503b-edae-4b60-8153-50b140bcd6c0/ENCFF398XYR.bam	https://datasetencode.blob.core.windows.net/dataset/2018/04/29/aceb503b-edae-4b60-8153-50b140bcd6c0/ENCFF398XYR.bam?sv=2019-10-10&si=prod&sr=c&sig=9qSQZo4ggrCNpybBExU8SypuUZV33igI11xw0P7rB3c%3D	Lab custom hg19	archived	mixed read lengths		
ENCFF943EZJ	bam	bam		alignments	GRCh38	ENCSR739VVT	eCLIP	/human-donors/ENCDO000AAD/	EFO:0002067	K562	cell line	Homo sapiens										APOBEC3C-human	RNA				ultraviolet irradiation	strand-specific	2018-08-30	ENCODE		see document	175-300	1	1_1		38					/files/ENCFF260KKZ/, /files/ENCFF713YLQ/, /files/ENCFF655HJD/, /files/ENCFF774VNR/, /files/ENCFF023SPX/, /files/ENCFF285GQG/, /files/ENCFF082VYL/, /files/ENCFF392MTE/	108174215	Gene Yeo, UCSD	e8f32bbb0edcae34f9fa439186018836		https://www.encodeproject.org/files/ENCFF943EZJ/@@download/ENCFF943EZJ.bam				released	s3://encode-public/2018/04/29/ee262d47-c748-430f-8aca-cb0bd76cb670/ENCFF943EZJ.bam	https://datasetencode.blob.core.windows.net/dataset/2018/04/29/ee262d47-c748-430f-8aca-cb0bd76cb670/ENCFF943EZJ.bam?sv=2019-10-10&si=prod&sr=c&sig=9qSQZo4ggrCNpybBExU8SypuUZV33igI11xw0P7rB3c%3D	Lab custom GRCh38	released	mixed read lengths		
ENCFF284TAX	bam	bam		alignments	GRCh38	ENCSR739VVT	eCLIP	/human-donors/ENCDO000AAD/	EFO:0002067	K562	cell line	Homo sapiens										APOBEC3C-human	RNA				ultraviolet irradiation	strand-specific	2018-08-30	ENCODE		see document	175-300	2	2_1		38					/files/ENCFF315VJK/, /files/ENCFF315EQH/	203644159	Gene Yeo, UCSD	cb9dd7d69357c0f2b989c4e1a427df67		https://www.encodeproject.org/files/ENCFF284TAX/@@download/ENCFF284TAX.bam				released	s3://encode-public/2018/04/29/efe7d9bf-8aa1-4449-ae94-b3c89941dabc/ENCFF284TAX.bam	https://datasetencode.blob.core.windows.net/dataset/2018/04/29/efe7d9bf-8aa1-4449-ae94-b3c89941dabc/ENCFF284TAX.bam?sv=2019-10-10&si=prod&sr=c&sig=9qSQZo4ggrCNpybBExU8SypuUZV33igI11xw0P7rB3c%3D	Lab custom GRCh38	released	mixed read lengths		
ENCFF681CLC	bam	bam		alignments	hg19	ENCSR269AJF	eCLIP	/human-donors/ENCDO000AAD/	EFO:0002067	K562	cell line	Homo sapiens										RPS11-human	RNA				ultraviolet irradiation	strand-specific	2016-04-26	ENCODE		see document	175-300	2	2_1		40					/files/ENCFF005DWR/, /files/ENCFF463FQZ/	63877581	Gene Yeo, UCSD	552a48e9a9160a429c901a7eca2f2d93		https://www.encodeproject.org/files/ENCFF681CLC/@@download/ENCFF681CLC.bam				released	s3://encode-public/2016/03/17/5974f8fe-e676-4c14-b659-1875fc24347c/ENCFF681CLC.bam	https://datasetencode.blob.core.windows.net/dataset/2016/03/17/5974f8fe-e676-4c14-b659-1875fc24347c/ENCFF681CLC.bam?sv=2019-10-10&si=prod&sr=c&sig=9qSQZo4ggrCNpybBExU8SypuUZV33igI11xw0P7rB3c%3D	Lab custom hg19	archived			
ENCFF430NNZ	bam	bam		alignments	hg19	ENCSR269AJF	eCLIP	/human-donors/ENCDO000AAD/	EFO:0002067	K562	cell line	Homo sapiens										RPS11-human	RNA				ultraviolet irradiation	strand-specific	2016-04-26	ENCODE		see document	175-300	1	1_1		40					/files/ENCFF268WIE/, /files/ENCFF449AWG/	49149874	Gene Yeo, UCSD	49c180660db139f6081d0b5bd63866ff		https://www.encodeproject.org/files/ENCFF430NNZ/@@download/ENCFF430NNZ.bam				released	s3://encode-public/2016/03/17/7d84303e-1f14-4a83-b9b8-90e7c941a878/ENCFF430NNZ.bam	https://datasetencode.blob.core.windows.net/dataset/2016/03/17/7d84303e-1f14-4a83-b9b8-90e7c941a878/ENCFF430NNZ.bam?sv=2019-10-10&si=prod&sr=c&sig=9qSQZo4ggrCNpybBExU8SypuUZV33igI11xw0P7rB3c%3D	Lab custom hg19	archived			
ENCFF646GUE	bam	bam		alignments	GRCh38	ENCSR269AJF	eCLIP	/human-donors/ENCDO000AAD/	EFO:0002067	K562	cell line	Homo sapiens										RPS11-human	RNA				ultraviolet irradiation	strand-specific	2016-04-26	ENCODE		see document	175-300	1	1_1		40					/files/ENCFF268WIE/, /files/ENCFF449AWG/	46599661	Gene Yeo, UCSD	436658e7a13f48ec8a5cd66b8a1fb825		https://www.encodeproject.org/files/ENCFF646GUE/@@download/ENCFF646GUE.bam				released	s3://encode-public/2016/09/09/65753443-0f53-4492-ba2a-9682a5b4b5fb/ENCFF646GUE.bam	https://datasetencode.blob.core.windows.net/dataset/2016/09/09/65753443-0f53-4492-ba2a-9682a5b4b5fb/ENCFF646GUE.bam?sv=2019-10-10&si=prod&sr=c&sig=9qSQZo4ggrCNpybBExU8SypuUZV33igI11xw0P7rB3c%3D	Lab custom GRCh38	released			
ENCFF896PKL	bam	bam		alignments	GRCh38	ENCSR269AJF	eCLIP	/human-donors/ENCDO000AAD/	EFO:0002067	K562	cell line	Homo sapiens										RPS11-human	RNA				ultraviolet irradiation	strand-specific	2016-04-26	ENCODE		see document	175-300	2	2_1		40					/files/ENCFF005DWR/, /files/ENCFF463FQZ/	61452669	Gene Yeo, UCSD	68cffb66e58fbc780082e05263885325		https://www.encodeproject.org/files/ENCFF896PKL/@@download/ENCFF896PKL.bam				released	s3://encode-public/2016/09/09/0568e602-527e-44cb-9d0a-9bb096f8bb3f/ENCFF896PKL.bam	https://datasetencode.blob.core.windows.net/dataset/2016/09/09/0568e602-527e-44cb-9d0a-9bb096f8bb3f/ENCFF896PKL.bam?sv=2019-10-10&si=prod&sr=c&sig=9qSQZo4ggrCNpybBExU8SypuUZV33igI11xw0P7rB3c%3D	Lab custom GRCh38	released			
ENCFF581UJN	bam	bam		alignments	hg19	ENCSR921SXC	eCLIP	/human-donors/ENCDO000AAC/	EFO:0001187	HepG2	cell line	Homo sapiens										XPO5-human	RNA				ultraviolet irradiation	strand-specific	2016-08-19	ENCODE		see document	175-300	1	1_1		41					/files/ENCFF039NQM/, /files/ENCFF865ZYB/	309568095	Gene Yeo, UCSD	d293453376f6e03a18d983a230699379		https://www.encodeproject.org/files/ENCFF581UJN/@@download/ENCFF581UJN.bam				released	s3://encode-public/2016/08/04/602fffab-2bed-4d1f-b7e2-8134b1c48f0a/ENCFF581UJN.bam	https://datasetencode.blob.core.windows.net/dataset/2016/08/04/602fffab-2bed-4d1f-b7e2-8134b1c48f0a/ENCFF581UJN.bam?sv=2019-10-10&si=prod&sr=c&sig=9qSQZo4ggrCNpybBExU8SypuUZV33igI11xw0P7rB3c%3D	Lab custom hg19	archived			
ENCFF679AXS	bam	bam		alignments	hg19	ENCSR921SXC	eCLIP	/human-donors/ENCDO000AAC/	EFO:0001187	HepG2	cell line	Homo sapiens										XPO5-human	RNA				ultraviolet irradiation	strand-specific	2016-08-19	ENCODE		see document	175-300	2	2_1		41					/files/ENCFF172XZS/, /files/ENCFF989AWZ/	272484431	Gene Yeo, UCSD	4cf8edb8d7cb6854c7bf5a2d33c8ec91		https://www.encodeproject.org/files/ENCFF679AXS/@@download/ENCFF679AXS.bam				released	s3://encode-public/2016/08/04/d7ca346c-1095-4e69-9aea-ca82890e8779/ENCFF679AXS.bam	https://datasetencode.blob.core.windows.net/dataset/2016/08/04/d7ca346c-1095-4e69-9aea-ca82890e8779/ENCFF679AXS.bam?sv=2019-10-10&si=prod&sr=c&sig=9qSQZo4ggrCNpybBExU8SypuUZV33igI11xw0P7rB3c%3D	Lab custom hg19	archived			
ENCFF207XKP	bam	bam		alignments	GRCh38	ENCSR921SXC	eCLIP	/human-donors/ENCDO000AAC/	EFO:0001187	HepG2	cell line	Homo sapiens										XPO5-human	RNA				ultraviolet irradiation	strand-specific	2016-08-19	ENCODE		see document	175-300	1	1_1		41					/files/ENCFF039NQM/, /files/ENCFF865ZYB/	299668040	Gene Yeo, UCSD	177d12b6479b64beae20a9096d63b9ef		https://www.encodeproject.org/files/ENCFF207XKP/@@download/ENCFF207XKP.bam				released	s3://encode-public/2016/09/09/d8d2c28e-6262-4559-91a6-ec55a6ec2dfd/ENCFF207XKP.bam	https://datasetencode.blob.core.windows.net/dataset/2016/09/09/d8d2c28e-6262-4559-91a6-ec55a6ec2dfd/ENCFF207XKP.bam?sv=2019-10-10&si=prod&sr=c&sig=9qSQZo4ggrCNpybBExU8SypuUZV33igI11xw0P7rB3c%3D	Lab custom GRCh38	released			
ENCFF764UJQ	bam	bam		alignments	GRCh38	ENCSR921SXC	eCLIP	/human-donors/ENCDO000AAC/	EFO:0001187	HepG2	cell line	Homo sapiens										XPO5-human	RNA				ultraviolet irradiation	strand-specific	2016-08-19	ENCODE		see document	175-300	2	2_1		41					/files/ENCFF172XZS/, /files/ENCFF989AWZ/	260931326	Gene Yeo, UCSD	4e3f3f962919a8872a7e181c6cf5a219		https://www.encodeproject.org/files/ENCFF764UJQ/@@download/ENCFF764UJQ.bam				released	s3://encode-public/2016/09/09/22cd6f95-0e6b-43ea-9a6a-c30baa273ba7/ENCFF764UJQ.bam	https://datasetencode.blob.core.windows.net/dataset/2016/09/09/22cd6f95-0e6b-43ea-9a6a-c30baa273ba7/ENCFF764UJQ.bam?sv=2019-10-10&si=prod&sr=c&sig=9qSQZo4ggrCNpybBExU8SypuUZV33igI11xw0P7rB3c%3D	Lab custom GRCh38	released			
ENCFF125BHF	bam	bam		alignments	hg19	ENCSR351PVI	eCLIP	/human-donors/ENCDO000AAC/	EFO:0001187	HepG2	cell line	Homo sapiens										SLTM-human	RNA				ultraviolet irradiation	strand-specific	2015-11-09	ENCODE		see document	175-300	1	1_1		43					/files/ENCFF065END/, /files/ENCFF142LPF/	150048625	Gene Yeo, UCSD	72b3debad1e70b4c1591f432c6cfce5a		https://www.encodeproject.org/files/ENCFF125BHF/@@download/ENCFF125BHF.bam				released	s3://encode-public/2016/03/23/ebb63a16-172d-4fec-8ca5-f528b66faa43/ENCFF125BHF.bam	https://datasetencode.blob.core.windows.net/dataset/2016/03/23/ebb63a16-172d-4fec-8ca5-f528b66faa43/ENCFF125BHF.bam?sv=2019-10-10&si=prod&sr=c&sig=9qSQZo4ggrCNpybBExU8SypuUZV33igI11xw0P7rB3c%3D	Lab custom hg19	archived			
ENCFF736YMC	bam	bam		alignments	hg19	ENCSR351PVI	eCLIP	/human-donors/ENCDO000AAC/	EFO:0001187	HepG2	cell line	Homo sapiens										SLTM-human	RNA				ultraviolet irradiation	strand-specific	2015-11-09	ENCODE		see document	175-300	2	2_1		43					/files/ENCFF958NRC/, /files/ENCFF208JVP/	379116543	Gene Yeo, UCSD	12628503826baae191151b58305a9b25		https://www.encodeproject.org/files/ENCFF736YMC/@@download/ENCFF736YMC.bam				released	s3://encode-public/2016/03/23/176a5baa-8602-40e2-aff0-df4fdc0ff6f7/ENCFF736YMC.bam	https://datasetencode.blob.core.windows.net/dataset/2016/03/23/176a5baa-8602-40e2-aff0-df4fdc0ff6f7/ENCFF736YMC.bam?sv=2019-10-10&si=prod&sr=c&sig=9qSQZo4ggrCNpybBExU8SypuUZV33igI11xw0P7rB3c%3D	Lab custom hg19	archived			
ENCFF021KOR	bam	bam		alignments	GRCh38	ENCSR351PVI	eCLIP	/human-donors/ENCDO000AAC/	EFO:0001187	HepG2	cell line	Homo sapiens										SLTM-human	RNA				ultraviolet irradiation	strand-specific	2015-11-09	ENCODE		see document	175-300	2	2_1		43					/files/ENCFF958NRC/, /files/ENCFF208JVP/	375842164	Gene Yeo, UCSD	c04c0b07f0212fc22d3c0bb788c9d86e		https://www.encodeproject.org/files/ENCFF021KOR/@@download/ENCFF021KOR.bam				released	s3://encode-public/2016/09/09/69e95118-c15e-484b-ba84-7fbed758c195/ENCFF021KOR.bam	https://datasetencode.blob.core.windows.net/dataset/2016/09/09/69e95118-c15e-484b-ba84-7fbed758c195/ENCFF021KOR.bam?sv=2019-10-10&si=prod&sr=c&sig=9qSQZo4ggrCNpybBExU8SypuUZV33igI11xw0P7rB3c%3D	Lab custom GRCh38	released			
ENCFF201XIY	bam	bam		alignments	GRCh38	ENCSR351PVI	eCLIP	/human-donors/ENCDO000AAC/	EFO:0001187	HepG2	cell line	Homo sapiens										SLTM-human	RNA				ultraviolet irradiation	strand-specific	2015-11-09	ENCODE		see document	175-300	1	1_1		43					/files/ENCFF065END/, /files/ENCFF142LPF/	148866440	Gene Yeo, UCSD	803e0904d1200174fe6dea5a65fd8acf		https://www.encodeproject.org/files/ENCFF201XIY/@@download/ENCFF201XIY.bam				released	s3://encode-public/2016/09/09/a53cd8fd-43aa-44f1-8fcc-37256f46903e/ENCFF201XIY.bam	https://datasetencode.blob.core.windows.net/dataset/2016/09/09/a53cd8fd-43aa-44f1-8fcc-37256f46903e/ENCFF201XIY.bam?sv=2019-10-10&si=prod&sr=c&sig=9qSQZo4ggrCNpybBExU8SypuUZV33igI11xw0P7rB3c%3D	Lab custom GRCh38	released			
ENCFF240HDP	bam	bam		alignments	hg19	ENCSR999WKT	eCLIP	/human-donors/ENCDO000AAD/	EFO:0002067	K562	cell line	Homo sapiens										DDX24-human	RNA				ultraviolet irradiation	strand-specific	2016-04-26	ENCODE		see document	175-300	2	2_1		43					/files/ENCFF795YLW/, /files/ENCFF091DPF/	177851567	Gene Yeo, UCSD	448e59e98edd7557043ac371ef1fdcf1		https://www.encodeproject.org/files/ENCFF240HDP/@@download/ENCFF240HDP.bam				released	s3://encode-public/2016/03/11/b8bbf1cc-bb93-4e1b-abb7-abf93604a2d1/ENCFF240HDP.bam	https://datasetencode.blob.core.windows.net/dataset/2016/03/11/b8bbf1cc-bb93-4e1b-abb7-abf93604a2d1/ENCFF240HDP.bam?sv=2019-10-10&si=prod&sr=c&sig=9qSQZo4ggrCNpybBExU8SypuUZV33igI11xw0P7rB3c%3D	Lab custom hg19	archived	mixed read lengths		
ENCFF280ZCF	bam	bam		alignments	hg19	ENCSR999WKT	eCLIP	/human-donors/ENCDO000AAD/	EFO:0002067	K562	cell line	Homo sapiens										DDX24-human	RNA				ultraviolet irradiation	strand-specific	2016-04-26	ENCODE		see document	175-300	1	1_1		43					/files/ENCFF692JAV/, /files/ENCFF661UCF/	196517934	Gene Yeo, UCSD	23156a9405ab224d1b863e4bd7c356eb		https://www.encodeproject.org/files/ENCFF280ZCF/@@download/ENCFF280ZCF.bam				released	s3://encode-public/2016/03/11/665e51dc-7a70-43df-8d4c-50659e3a884a/ENCFF280ZCF.bam	https://datasetencode.blob.core.windows.net/dataset/2016/03/11/665e51dc-7a70-43df-8d4c-50659e3a884a/ENCFF280ZCF.bam?sv=2019-10-10&si=prod&sr=c&sig=9qSQZo4ggrCNpybBExU8SypuUZV33igI11xw0P7rB3c%3D	Lab custom hg19	archived	mixed read lengths		
ENCFF023VLF	bam	bam		alignments	GRCh38	ENCSR999WKT	eCLIP	/human-donors/ENCDO000AAD/	EFO:0002067	K562	cell line	Homo sapiens										DDX24-human	RNA				ultraviolet irradiation	strand-specific	2016-04-26	ENCODE		see document	175-300	2	2_1		43					/files/ENCFF795YLW/, /files/ENCFF091DPF/	174224811	Gene Yeo, UCSD	fd8b5cec4bc34b95f91f26e6f8daadf3		https://www.encodeproject.org/files/ENCFF023VLF/@@download/ENCFF023VLF.bam				released	s3://encode-public/2016/09/09/32fa7095-b06e-4c90-8a49-ba6ccb0f78bd/ENCFF023VLF.bam	https://datasetencode.blob.core.windows.net/dataset/2016/09/09/32fa7095-b06e-4c90-8a49-ba6ccb0f78bd/ENCFF023VLF.bam?sv=2019-10-10&si=prod&sr=c&sig=9qSQZo4ggrCNpybBExU8SypuUZV33igI11xw0P7rB3c%3D	Lab custom GRCh38	released	mixed read lengths		
ENCFF768FYI	bam	bam		alignments	GRCh38	ENCSR999WKT	eCLIP	/human-donors/ENCDO000AAD/	EFO:0002067	K562	cell line	Homo sapiens										DDX24-human	RNA				ultraviolet irradiation	strand-specific	2016-04-26	ENCODE		see document	175-300	1	1_1		43					/files/ENCFF692JAV/, /files/ENCFF661UCF/	192946192	Gene Yeo, UCSD	5f5dcebce49510dc9958aebc839ac608		https://www.encodeproject.org/files/ENCFF768FYI/@@download/ENCFF768FYI.bam				released	s3://encode-public/2016/09/09/8565968c-a77e-432c-834a-a2b9b993f815/ENCFF768FYI.bam	https://datasetencode.blob.core.windows.net/dataset/2016/09/09/8565968c-a77e-432c-834a-a2b9b993f815/ENCFF768FYI.bam?sv=2019-10-10&si=prod&sr=c&sig=9qSQZo4ggrCNpybBExU8SypuUZV33igI11xw0P7rB3c%3D	Lab custom GRCh38	released	mixed read lengths		
ENCFF265BFS	bam	bam		alignments	hg19	ENCSR506UPY	eCLIP	/human-donors/ENCDO000AAC/	EFO:0001187	HepG2	cell line	Homo sapiens										SUGP2-human	RNA				ultraviolet irradiation	strand-specific	2016-08-19	ENCODE		see document	175-300	1	1_1		41					/files/ENCFF451TDR/, /files/ENCFF873UBU/	1043843867	Gene Yeo, UCSD	8f9df4514599194962f8dc3d7de2fa15		https://www.encodeproject.org/files/ENCFF265BFS/@@download/ENCFF265BFS.bam				released	s3://encode-public/2016/08/04/58cfafa7-c6f6-41a6-a558-c03de94a0f9a/ENCFF265BFS.bam	https://datasetencode.blob.core.windows.net/dataset/2016/08/04/58cfafa7-c6f6-41a6-a558-c03de94a0f9a/ENCFF265BFS.bam?sv=2019-10-10&si=prod&sr=c&sig=9qSQZo4ggrCNpybBExU8SypuUZV33igI11xw0P7rB3c%3D	Lab custom hg19	archived			
ENCFF556QBW	bam	bam		alignments	hg19	ENCSR506UPY	eCLIP	/human-donors/ENCDO000AAC/	EFO:0001187	HepG2	cell line	Homo sapiens										SUGP2-human	RNA				ultraviolet irradiation	strand-specific	2016-08-19	ENCODE		see document	175-300	2	2_1		41					/files/ENCFF179OBF/, /files/ENCFF358YCG/	939415383	Gene Yeo, UCSD	4e59b45a682668711f7e28702c7cb1c5		https://www.encodeproject.org/files/ENCFF556QBW/@@download/ENCFF556QBW.bam				released	s3://encode-public/2016/08/04/cd0df770-e570-4621-83b4-0d5c957819cc/ENCFF556QBW.bam	https://datasetencode.blob.core.windows.net/dataset/2016/08/04/cd0df770-e570-4621-83b4-0d5c957819cc/ENCFF556QBW.bam?sv=2019-10-10&si=prod&sr=c&sig=9qSQZo4ggrCNpybBExU8SypuUZV33igI11xw0P7rB3c%3D	Lab custom hg19	archived			
ENCFF600AXE	bam	bam		alignments	GRCh38	ENCSR506UPY	eCLIP	/human-donors/ENCDO000AAC/	EFO:0001187	HepG2	cell line	Homo sapiens										SUGP2-human	RNA				ultraviolet irradiation	strand-specific	2016-08-19	ENCODE		see document	175-300	1	1_1		41					/files/ENCFF451TDR/, /files/ENCFF873UBU/	1008378571	Gene Yeo, UCSD	82a597f23f6fea345486f3f2b557013d		https://www.encodeproject.org/files/ENCFF600AXE/@@download/ENCFF600AXE.bam				released	s3://encode-public/2016/09/09/f6e8d05a-e97e-44e5-a99b-7d69d27f91be/ENCFF600AXE.bam	https://datasetencode.blob.core.windows.net/dataset/2016/09/09/f6e8d05a-e97e-44e5-a99b-7d69d27f91be/ENCFF600AXE.bam?sv=2019-10-10&si=prod&sr=c&sig=9qSQZo4ggrCNpybBExU8SypuUZV33igI11xw0P7rB3c%3D	Lab custom GRCh38	released			
ENCFF699QMT	bam	bam		alignments	GRCh38	ENCSR506UPY	eCLIP	/human-donors/ENCDO000AAC/	EFO:0001187	HepG2	cell line	Homo sapiens										SUGP2-human	RNA				ultraviolet irradiation	strand-specific	2016-08-19	ENCODE		see document	175-300	2	2_1		41					/files/ENCFF179OBF/, /files/ENCFF358YCG/	895895686	Gene Yeo, UCSD	c9b056b2fb4bc535cf3fec62b6713e59		https://www.encodeproject.org/files/ENCFF699QMT/@@download/ENCFF699QMT.bam				released	s3://encode-public/2016/09/09/d800f82b-66cf-49c8-97a7-0d00214fa334/ENCFF699QMT.bam	https://datasetencode.blob.core.windows.net/dataset/2016/09/09/d800f82b-66cf-49c8-97a7-0d00214fa334/ENCFF699QMT.bam?sv=2019-10-10&si=prod&sr=c&sig=9qSQZo4ggrCNpybBExU8SypuUZV33igI11xw0P7rB3c%3D	Lab custom GRCh38	released			
ENCFF489AEX	bam	bam		alignments	hg19	ENCSR291XPT	eCLIP	/human-donors/ENCDO000AAD/	EFO:0002067	K562	cell line	Homo sapiens										PUS1-human	RNA				ultraviolet irradiation	strand-specific	2016-09-21	ENCODE		see document	175-300	2	2_1		40					/files/ENCFF049SUS/, /files/ENCFF320HAD/	182422767	Gene Yeo, UCSD	a70476ec585bf114b9608c5c632fab74		https://www.encodeproject.org/files/ENCFF489AEX/@@download/ENCFF489AEX.bam				released	s3://encode-public/2016/08/04/69fa141f-6490-433c-be0c-c766dbed9b68/ENCFF489AEX.bam	https://datasetencode.blob.core.windows.net/dataset/2016/08/04/69fa141f-6490-433c-be0c-c766dbed9b68/ENCFF489AEX.bam?sv=2019-10-10&si=prod&sr=c&sig=9qSQZo4ggrCNpybBExU8SypuUZV33igI11xw0P7rB3c%3D	Lab custom hg19	archived			
ENCFF334MWZ	bam	bam		alignments	hg19	ENCSR291XPT	eCLIP	/human-donors/ENCDO000AAD/	EFO:0002067	K562	cell line	Homo sapiens										PUS1-human	RNA				ultraviolet irradiation	strand-specific	2016-09-21	ENCODE		see document	175-300	1	1_1		40					/files/ENCFF906EMD/, /files/ENCFF479SQA/	49373312	Gene Yeo, UCSD	5bc093624f85a47ab89ff339cfe6d5ce		https://www.encodeproject.org/files/ENCFF334MWZ/@@download/ENCFF334MWZ.bam				released	s3://encode-public/2016/08/04/a999964f-23d8-4170-b141-518b0926b827/ENCFF334MWZ.bam	https://datasetencode.blob.core.windows.net/dataset/2016/08/04/a999964f-23d8-4170-b141-518b0926b827/ENCFF334MWZ.bam?sv=2019-10-10&si=prod&sr=c&sig=9qSQZo4ggrCNpybBExU8SypuUZV33igI11xw0P7rB3c%3D	Lab custom hg19	archived			
ENCFF098UHH	bam	bam		alignments	GRCh38	ENCSR291XPT	eCLIP	/human-donors/ENCDO000AAD/	EFO:0002067	K562	cell line	Homo sapiens										PUS1-human	RNA				ultraviolet irradiation	strand-specific	2016-09-21	ENCODE		see document	175-300	2	2_1		40					/files/ENCFF049SUS/, /files/ENCFF320HAD/	174762247	Gene Yeo, UCSD	e5b988e365f081d73a1611038c4268ac		https://www.encodeproject.org/files/ENCFF098UHH/@@download/ENCFF098UHH.bam				released	s3://encode-public/2016/09/09/5c15ce57-8454-40ee-accb-1d0f302fd9ea/ENCFF098UHH.bam	https://datasetencode.blob.core.windows.net/dataset/2016/09/09/5c15ce57-8454-40ee-accb-1d0f302fd9ea/ENCFF098UHH.bam?sv=2019-10-10&si=prod&sr=c&sig=9qSQZo4ggrCNpybBExU8SypuUZV33igI11xw0P7rB3c%3D	Lab custom GRCh38	released			
ENCFF824TUZ	bam	bam		alignments	GRCh38	ENCSR291XPT	eCLIP	/human-donors/ENCDO000AAD/	EFO:0002067	K562	cell line	Homo sapiens										PUS1-human	RNA				ultraviolet irradiation	strand-specific	2016-09-21	ENCODE		see document	175-300	1	1_1		40					/files/ENCFF906EMD/, /files/ENCFF479SQA/	48153803	Gene Yeo, UCSD	b9557ed53e6ae903bc3af99727eb4f4f		https://www.encodeproject.org/files/ENCFF824TUZ/@@download/ENCFF824TUZ.bam				released	s3://encode-public/2016/09/09/b2df3e8b-b586-40f2-814d-49bab8c6052b/ENCFF824TUZ.bam	https://datasetencode.blob.core.windows.net/dataset/2016/09/09/b2df3e8b-b586-40f2-814d-49bab8c6052b/ENCFF824TUZ.bam?sv=2019-10-10&si=prod&sr=c&sig=9qSQZo4ggrCNpybBExU8SypuUZV33igI11xw0P7rB3c%3D	Lab custom GRCh38	released			
ENCFF480MRD	bam	bam		alignments	hg19	ENCSR214BZA	eCLIP	/human-donors/ENCDO000AAC/	EFO:0001187	HepG2	cell line	Homo sapiens										DDX59-human	RNA				ultraviolet irradiation	strand-specific	2016-10-31	ENCODE		see document	175-300	1	1_1		35					/files/ENCFF735YZN/, /files/ENCFF298QDG/	418213030	Gene Yeo, UCSD	65f77e2df7aafb1f7fb2e3bc6bdbb8f0		https://www.encodeproject.org/files/ENCFF480MRD/@@download/ENCFF480MRD.bam				released	s3://encode-public/2016/03/11/0132b250-06f2-40f1-b674-ab19952140ab/ENCFF480MRD.bam	https://datasetencode.blob.core.windows.net/dataset/2016/03/11/0132b250-06f2-40f1-b674-ab19952140ab/ENCFF480MRD.bam?sv=2019-10-10&si=prod&sr=c&sig=9qSQZo4ggrCNpybBExU8SypuUZV33igI11xw0P7rB3c%3D	Lab custom hg19	archived			
ENCFF112UBR	bam	bam		alignments	hg19	ENCSR214BZA	eCLIP	/human-donors/ENCDO000AAC/	EFO:0001187	HepG2	cell line	Homo sapiens										DDX59-human	RNA				ultraviolet irradiation	strand-specific	2016-10-31	ENCODE		see document	175-300	2	2_1		35					/files/ENCFF828OKI/, /files/ENCFF191WAJ/	277033329	Gene Yeo, UCSD	904cb5be702067b736def54f8de5274b		https://www.encodeproject.org/files/ENCFF112UBR/@@download/ENCFF112UBR.bam				released	s3://encode-public/2016/03/11/df3845e3-1e93-4e43-9557-7eb2c41de1f0/ENCFF112UBR.bam	https://datasetencode.blob.core.windows.net/dataset/2016/03/11/df3845e3-1e93-4e43-9557-7eb2c41de1f0/ENCFF112UBR.bam?sv=2019-10-10&si=prod&sr=c&sig=9qSQZo4ggrCNpybBExU8SypuUZV33igI11xw0P7rB3c%3D	Lab custom hg19	archived			
ENCFF538KWA	bam	bam		alignments	GRCh38	ENCSR214BZA	eCLIP	/human-donors/ENCDO000AAC/	EFO:0001187	HepG2	cell line	Homo sapiens										DDX59-human	RNA				ultraviolet irradiation	strand-specific	2016-10-31	ENCODE		see document	175-300	1	1_1		35					/files/ENCFF735YZN/, /files/ENCFF298QDG/	404875573	Gene Yeo, UCSD	339642340445b94839d21d173855de25		https://www.encodeproject.org/files/ENCFF538KWA/@@download/ENCFF538KWA.bam				released	s3://encode-public/2016/09/09/033c8729-8ad7-4c1c-9a81-7cfd8041ed4f/ENCFF538KWA.bam	https://datasetencode.blob.core.windows.net/dataset/2016/09/09/033c8729-8ad7-4c1c-9a81-7cfd8041ed4f/ENCFF538KWA.bam?sv=2019-10-10&si=prod&sr=c&sig=9qSQZo4ggrCNpybBExU8SypuUZV33igI11xw0P7rB3c%3D	Lab custom GRCh38	released			
ENCFF362KWY	bam	bam		alignments	GRCh38	ENCSR214BZA	eCLIP	/human-donors/ENCDO000AAC/	EFO:0001187	HepG2	cell line	Homo sapiens										DDX59-human	RNA				ultraviolet irradiation	strand-specific	2016-10-31	ENCODE		see document	175-300	2	2_1		35					/files/ENCFF828OKI/, /files/ENCFF191WAJ/	266957018	Gene Yeo, UCSD	76406b012ae02824467f415aef93bc11		https://www.encodeproject.org/files/ENCFF362KWY/@@download/ENCFF362KWY.bam				released	s3://encode-public/2016/09/09/5729a7fd-f687-413a-a09b-e5f769188ae1/ENCFF362KWY.bam	https://datasetencode.blob.core.windows.net/dataset/2016/09/09/5729a7fd-f687-413a-a09b-e5f769188ae1/ENCFF362KWY.bam?sv=2019-10-10&si=prod&sr=c&sig=9qSQZo4ggrCNpybBExU8SypuUZV33igI11xw0P7rB3c%3D	Lab custom GRCh38	released			
ENCFF184RSE	bam	bam		alignments	hg19	ENCSR489ABS	eCLIP	/human-donors/ENCDO000AAC/	EFO:0001187	HepG2	cell line	Homo sapiens										RBM5-human	RNA				ultraviolet irradiation	strand-specific	2017-08-15	ENCODE		see document	175-300	1	1_1		43					/files/ENCFF391YUD/, /files/ENCFF253SAE/	451010060	Gene Yeo, UCSD	3a8beabc2bd93319470e8a31a65e8cea		https://www.encodeproject.org/files/ENCFF184RSE/@@download/ENCFF184RSE.bam				released	s3://encode-public/2016/03/17/48d97004-1349-40cd-8ba5-e50c0f6f3f70/ENCFF184RSE.bam	https://datasetencode.blob.core.windows.net/dataset/2016/03/17/48d97004-1349-40cd-8ba5-e50c0f6f3f70/ENCFF184RSE.bam?sv=2019-10-10&si=prod&sr=c&sig=9qSQZo4ggrCNpybBExU8SypuUZV33igI11xw0P7rB3c%3D	Lab custom hg19	archived			
ENCFF949ENR	bam	bam		alignments	hg19	ENCSR489ABS	eCLIP	/human-donors/ENCDO000AAC/	EFO:0001187	HepG2	cell line	Homo sapiens										RBM5-human	RNA				ultraviolet irradiation	strand-specific	2017-08-15	ENCODE		see document	175-300	2	2_1		43					/files/ENCFF068IRI/, /files/ENCFF797BGS/	410020844	Gene Yeo, UCSD	c2a76048182eb52f2658a91f72d64608		https://www.encodeproject.org/files/ENCFF949ENR/@@download/ENCFF949ENR.bam				released	s3://encode-public/2016/03/17/14250e54-2d87-471a-ae13-cf05ec596be2/ENCFF949ENR.bam	https://datasetencode.blob.core.windows.net/dataset/2016/03/17/14250e54-2d87-471a-ae13-cf05ec596be2/ENCFF949ENR.bam?sv=2019-10-10&si=prod&sr=c&sig=9qSQZo4ggrCNpybBExU8SypuUZV33igI11xw0P7rB3c%3D	Lab custom hg19	archived			
ENCFF545KJU	bam	bam		alignments	GRCh38	ENCSR489ABS	eCLIP	/human-donors/ENCDO000AAC/	EFO:0001187	HepG2	cell line	Homo sapiens										RBM5-human	RNA				ultraviolet irradiation	strand-specific	2017-08-15	ENCODE		see document	175-300	1	1_1		43					/files/ENCFF391YUD/, /files/ENCFF253SAE/	445982155	Gene Yeo, UCSD	50fac7e2cdf6f0b9d7a1ebea670c7085		https://www.encodeproject.org/files/ENCFF545KJU/@@download/ENCFF545KJU.bam				released	s3://encode-public/2016/09/09/8dba3f88-b256-4131-aabe-518fd9282af1/ENCFF545KJU.bam	https://datasetencode.blob.core.windows.net/dataset/2016/09/09/8dba3f88-b256-4131-aabe-518fd9282af1/ENCFF545KJU.bam?sv=2019-10-10&si=prod&sr=c&sig=9qSQZo4ggrCNpybBExU8SypuUZV33igI11xw0P7rB3c%3D	Lab custom GRCh38	released			
ENCFF723UHT	bam	bam		alignments	GRCh38	ENCSR489ABS	eCLIP	/human-donors/ENCDO000AAC/	EFO:0001187	HepG2	cell line	Homo sapiens										RBM5-human	RNA				ultraviolet irradiation	strand-specific	2017-08-15	ENCODE		see document	175-300	2	2_1		43					/files/ENCFF068IRI/, /files/ENCFF797BGS/	405526171	Gene Yeo, UCSD	bf1d6b0b6ea40f2a201484e60dd0de50		https://www.encodeproject.org/files/ENCFF723UHT/@@download/ENCFF723UHT.bam				released	s3://encode-public/2016/09/09/a99f75c2-5ad4-4b61-af96-6d6c4e18ed50/ENCFF723UHT.bam	https://datasetencode.blob.core.windows.net/dataset/2016/09/09/a99f75c2-5ad4-4b61-af96-6d6c4e18ed50/ENCFF723UHT.bam?sv=2019-10-10&si=prod&sr=c&sig=9qSQZo4ggrCNpybBExU8SypuUZV33igI11xw0P7rB3c%3D	Lab custom GRCh38	released			
ENCFF415BMS	bam	bam		alignments	hg19	ENCSR867DSZ	eCLIP	/human-donors/ENCDO000AAD/	EFO:0002067	K562	cell line	Homo sapiens										NPM1-human	RNA				ultraviolet irradiation	strand-specific	2015-11-09	ENCODE		see document	175-300	1	1_1		38					/files/ENCFF217PBP/, /files/ENCFF996KND/	44656164	Gene Yeo, UCSD	cd4d55139154b7ff628d7e3ba0d4cd73		https://www.encodeproject.org/files/ENCFF415BMS/@@download/ENCFF415BMS.bam				released	s3://encode-public/2016/03/24/4859ac9c-8b6e-465f-80cb-35c77b7fff09/ENCFF415BMS.bam	https://datasetencode.blob.core.windows.net/dataset/2016/03/24/4859ac9c-8b6e-465f-80cb-35c77b7fff09/ENCFF415BMS.bam?sv=2019-10-10&si=prod&sr=c&sig=9qSQZo4ggrCNpybBExU8SypuUZV33igI11xw0P7rB3c%3D	Lab custom hg19	archived	mixed read lengths		
ENCFF531FNJ	bam	bam		alignments	hg19	ENCSR867DSZ	eCLIP	/human-donors/ENCDO000AAD/	EFO:0002067	K562	cell line	Homo sapiens										NPM1-human	RNA				ultraviolet irradiation	strand-specific	2015-11-09	ENCODE		see document	175-300	2	2_1		38					/files/ENCFF741BIN/, /files/ENCFF938BSK/	110240762	Gene Yeo, UCSD	28e81b7c00f970121ec06a484184abac		https://www.encodeproject.org/files/ENCFF531FNJ/@@download/ENCFF531FNJ.bam				released	s3://encode-public/2016/03/24/29bf8d8b-e273-4b75-b4c1-e0171cd34401/ENCFF531FNJ.bam	https://datasetencode.blob.core.windows.net/dataset/2016/03/24/29bf8d8b-e273-4b75-b4c1-e0171cd34401/ENCFF531FNJ.bam?sv=2019-10-10&si=prod&sr=c&sig=9qSQZo4ggrCNpybBExU8SypuUZV33igI11xw0P7rB3c%3D	Lab custom hg19	archived	mixed read lengths		
ENCFF945CYO	bam	bam		alignments	GRCh38	ENCSR867DSZ	eCLIP	/human-donors/ENCDO000AAD/	EFO:0002067	K562	cell line	Homo sapiens										NPM1-human	RNA				ultraviolet irradiation	strand-specific	2015-11-09	ENCODE		see document	175-300	1	1_1		38					/files/ENCFF217PBP/, /files/ENCFF996KND/	43525273	Gene Yeo, UCSD	e748214083e33bf53fb52f08862f3fa2		https://www.encodeproject.org/files/ENCFF945CYO/@@download/ENCFF945CYO.bam				released	s3://encode-public/2016/09/09/b8428e7c-4994-45e5-b39a-479ba632d112/ENCFF945CYO.bam	https://datasetencode.blob.core.windows.net/dataset/2016/09/09/b8428e7c-4994-45e5-b39a-479ba632d112/ENCFF945CYO.bam?sv=2019-10-10&si=prod&sr=c&sig=9qSQZo4ggrCNpybBExU8SypuUZV33igI11xw0P7rB3c%3D	Lab custom GRCh38	released	mixed read lengths		
ENCFF954XWJ	bam	bam		alignments	GRCh38	ENCSR867DSZ	eCLIP	/human-donors/ENCDO000AAD/	EFO:0002067	K562	cell line	Homo sapiens										NPM1-human	RNA				ultraviolet irradiation	strand-specific	2015-11-09	ENCODE		see document	175-300	2	2_1		38					/files/ENCFF741BIN/, /files/ENCFF938BSK/	107306257	Gene Yeo, UCSD	9a6b2f802b5f694ab091cdd52b4e9b10		https://www.encodeproject.org/files/ENCFF954XWJ/@@download/ENCFF954XWJ.bam				released	s3://encode-public/2016/09/09/4d52401b-3f95-4811-8425-ae357a510763/ENCFF954XWJ.bam	https://datasetencode.blob.core.windows.net/dataset/2016/09/09/4d52401b-3f95-4811-8425-ae357a510763/ENCFF954XWJ.bam?sv=2019-10-10&si=prod&sr=c&sig=9qSQZo4ggrCNpybBExU8SypuUZV33igI11xw0P7rB3c%3D	Lab custom GRCh38	released	mixed read lengths		
ENCFF071ZJE	bam	bam		alignments	hg19	ENCSR018RVZ	eCLIP	/human-donors/ENCDO000AAC/	EFO:0001187	HepG2	cell line	Homo sapiens										NCBP2-human	RNA				ultraviolet irradiation	strand-specific	2016-04-26	ENCODE		see document	175-300	2	2_1		40					/files/ENCFF841ZMA/, /files/ENCFF444ZHJ/	383109593	Gene Yeo, UCSD	448743068aa630b5cedb97f88b8890a7		https://www.encodeproject.org/files/ENCFF071ZJE/@@download/ENCFF071ZJE.bam				released	s3://encode-public/2016/03/24/7eb4ab28-db5f-41b3-9e6d-977d351cc696/ENCFF071ZJE.bam	https://datasetencode.blob.core.windows.net/dataset/2016/03/24/7eb4ab28-db5f-41b3-9e6d-977d351cc696/ENCFF071ZJE.bam?sv=2019-10-10&si=prod&sr=c&sig=9qSQZo4ggrCNpybBExU8SypuUZV33igI11xw0P7rB3c%3D	Lab custom hg19	archived			
ENCFF457IKB	bam	bam		alignments	hg19	ENCSR018RVZ	eCLIP	/human-donors/ENCDO000AAC/	EFO:0001187	HepG2	cell line	Homo sapiens										NCBP2-human	RNA				ultraviolet irradiation	strand-specific	2016-04-26	ENCODE		see document	175-300	1	1_1		40					/files/ENCFF731KNX/, /files/ENCFF838SXG/	358867758	Gene Yeo, UCSD	8378ebc3a7e4ffd2c31c2b92f95cccd8		https://www.encodeproject.org/files/ENCFF457IKB/@@download/ENCFF457IKB.bam				released	s3://encode-public/2016/03/24/bcb40450-c04b-430d-8ac6-d3c9232bc314/ENCFF457IKB.bam	https://datasetencode.blob.core.windows.net/dataset/2016/03/24/bcb40450-c04b-430d-8ac6-d3c9232bc314/ENCFF457IKB.bam?sv=2019-10-10&si=prod&sr=c&sig=9qSQZo4ggrCNpybBExU8SypuUZV33igI11xw0P7rB3c%3D	Lab custom hg19	archived			
ENCFF025VQL	bam	bam		alignments	GRCh38	ENCSR018RVZ	eCLIP	/human-donors/ENCDO000AAC/	EFO:0001187	HepG2	cell line	Homo sapiens										NCBP2-human	RNA				ultraviolet irradiation	strand-specific	2016-04-26	ENCODE		see document	175-300	2	2_1		40					/files/ENCFF841ZMA/, /files/ENCFF444ZHJ/	369139143	Gene Yeo, UCSD	314105abb690e68633dda34adf6036aa		https://www.encodeproject.org/files/ENCFF025VQL/@@download/ENCFF025VQL.bam				released	s3://encode-public/2016/09/09/ed1dbb57-ab77-4bdd-88b7-9dec71ca3863/ENCFF025VQL.bam	https://datasetencode.blob.core.windows.net/dataset/2016/09/09/ed1dbb57-ab77-4bdd-88b7-9dec71ca3863/ENCFF025VQL.bam?sv=2019-10-10&si=prod&sr=c&sig=9qSQZo4ggrCNpybBExU8SypuUZV33igI11xw0P7rB3c%3D	Lab custom GRCh38	released			
ENCFF138FXS	bam	bam		alignments	GRCh38	ENCSR018RVZ	eCLIP	/human-donors/ENCDO000AAC/	EFO:0001187	HepG2	cell line	Homo sapiens										NCBP2-human	RNA				ultraviolet irradiation	strand-specific	2016-04-26	ENCODE		see document	175-300	1	1_1		40					/files/ENCFF731KNX/, /files/ENCFF838SXG/	340619519	Gene Yeo, UCSD	25c76b1df9bbc7ee44ca78a6c6994227		https://www.encodeproject.org/files/ENCFF138FXS/@@download/ENCFF138FXS.bam				released	s3://encode-public/2016/09/09/435bf3be-b76c-47ff-83b0-fe6b2711d327/ENCFF138FXS.bam	https://datasetencode.blob.core.windows.net/dataset/2016/09/09/435bf3be-b76c-47ff-83b0-fe6b2711d327/ENCFF138FXS.bam?sv=2019-10-10&si=prod&sr=c&sig=9qSQZo4ggrCNpybBExU8SypuUZV33igI11xw0P7rB3c%3D	Lab custom GRCh38	released			
ENCFF783TNF	bam	bam		alignments	hg19	ENCSR820WHR	eCLIP	/human-donors/ENCDO000AAC/	EFO:0001187	HepG2	cell line	Homo sapiens										POLR2G-human	RNA				ultraviolet irradiation	strand-specific	2017-11-19	ENCODE		see document	175-300	1	1_1		43					/files/ENCFF497VHY/, /files/ENCFF086EHM/	363113560	Gene Yeo, UCSD	23f0e73340bece39c4f3401345da700f		https://www.encodeproject.org/files/ENCFF783TNF/@@download/ENCFF783TNF.bam				released	s3://encode-public/2016/03/24/95e37e1c-cea5-4351-afa3-02d69e24575b/ENCFF783TNF.bam	https://datasetencode.blob.core.windows.net/dataset/2016/03/24/95e37e1c-cea5-4351-afa3-02d69e24575b/ENCFF783TNF.bam?sv=2019-10-10&si=prod&sr=c&sig=9qSQZo4ggrCNpybBExU8SypuUZV33igI11xw0P7rB3c%3D	Lab custom hg19	archived			
ENCFF429JCN	bam	bam		alignments	hg19	ENCSR820WHR	eCLIP	/human-donors/ENCDO000AAC/	EFO:0001187	HepG2	cell line	Homo sapiens										POLR2G-human	RNA				ultraviolet irradiation	strand-specific	2017-11-19	ENCODE		see document	175-300	2	2_1		43					/files/ENCFF865UYY/, /files/ENCFF219FAE/	275656352	Gene Yeo, UCSD	e32ed2099d38257b921070306a0006ce		https://www.encodeproject.org/files/ENCFF429JCN/@@download/ENCFF429JCN.bam				released	s3://encode-public/2016/03/24/6f5583c1-6c55-49dc-b74c-821b89b20c0d/ENCFF429JCN.bam	https://datasetencode.blob.core.windows.net/dataset/2016/03/24/6f5583c1-6c55-49dc-b74c-821b89b20c0d/ENCFF429JCN.bam?sv=2019-10-10&si=prod&sr=c&sig=9qSQZo4ggrCNpybBExU8SypuUZV33igI11xw0P7rB3c%3D	Lab custom hg19	archived			
ENCFF385AIL	bam	bam		alignments	GRCh38	ENCSR820WHR	eCLIP	/human-donors/ENCDO000AAC/	EFO:0001187	HepG2	cell line	Homo sapiens										POLR2G-human	RNA				ultraviolet irradiation	strand-specific	2017-11-19	ENCODE		see document	175-300	2	2_1		43					/files/ENCFF865UYY/, /files/ENCFF219FAE/	267014946	Gene Yeo, UCSD	3eaf3f796c9e16bc546f3ba70de16f7b		https://www.encodeproject.org/files/ENCFF385AIL/@@download/ENCFF385AIL.bam				released	s3://encode-public/2016/09/09/adacb44c-32d4-4e3a-8c6e-9893bbb73ac6/ENCFF385AIL.bam	https://datasetencode.blob.core.windows.net/dataset/2016/09/09/adacb44c-32d4-4e3a-8c6e-9893bbb73ac6/ENCFF385AIL.bam?sv=2019-10-10&si=prod&sr=c&sig=9qSQZo4ggrCNpybBExU8SypuUZV33igI11xw0P7rB3c%3D	Lab custom GRCh38	released			
ENCFF460SKC	bam	bam		alignments	GRCh38	ENCSR820WHR	eCLIP	/human-donors/ENCDO000AAC/	EFO:0001187	HepG2	cell line	Homo sapiens										POLR2G-human	RNA				ultraviolet irradiation	strand-specific	2017-11-19	ENCODE		see document	175-300	1	1_1		43					/files/ENCFF497VHY/, /files/ENCFF086EHM/	356053887	Gene Yeo, UCSD	60d573f9fd2ceb28eab88d08cd3f39a5		https://www.encodeproject.org/files/ENCFF460SKC/@@download/ENCFF460SKC.bam				released	s3://encode-public/2016/09/09/370ee60c-6bd8-43bb-813b-6fd3cf9b3ea7/ENCFF460SKC.bam	https://datasetencode.blob.core.windows.net/dataset/2016/09/09/370ee60c-6bd8-43bb-813b-6fd3cf9b3ea7/ENCFF460SKC.bam?sv=2019-10-10&si=prod&sr=c&sig=9qSQZo4ggrCNpybBExU8SypuUZV33igI11xw0P7rB3c%3D	Lab custom GRCh38	released			
ENCFF111YEH	bam	bam		alignments	hg19	ENCSR301TFY	eCLIP	/human-donors/ENCDO000AAC/	EFO:0001187	HepG2	cell line	Homo sapiens										DKC1-human	RNA				ultraviolet irradiation	strand-specific	2016-04-26	ENCODE		see document	175-300	2	2_1		38					/files/ENCFF462ZYJ/, /files/ENCFF494NKD/	348736546	Gene Yeo, UCSD	dd70b4128b6d62ea940bbf0b31b1d16f		https://www.encodeproject.org/files/ENCFF111YEH/@@download/ENCFF111YEH.bam				released	s3://encode-public/2016/03/11/f3bbcb2d-b3a4-47b7-8d0e-1a1afdff2e88/ENCFF111YEH.bam	https://datasetencode.blob.core.windows.net/dataset/2016/03/11/f3bbcb2d-b3a4-47b7-8d0e-1a1afdff2e88/ENCFF111YEH.bam?sv=2019-10-10&si=prod&sr=c&sig=9qSQZo4ggrCNpybBExU8SypuUZV33igI11xw0P7rB3c%3D	Lab custom hg19	archived	mixed read lengths		
ENCFF568RRM	bam	bam		alignments	hg19	ENCSR301TFY	eCLIP	/human-donors/ENCDO000AAC/	EFO:0001187	HepG2	cell line	Homo sapiens										DKC1-human	RNA				ultraviolet irradiation	strand-specific	2016-04-26	ENCODE		see document	175-300	1	1_1		38					/files/ENCFF850VGF/, /files/ENCFF565YYP/	190338085	Gene Yeo, UCSD	e0ddb47516ebe4791d50b2fca61b552d		https://www.encodeproject.org/files/ENCFF568RRM/@@download/ENCFF568RRM.bam				released	s3://encode-public/2016/03/11/fdff9597-4fda-4d49-8ed5-98ae4fcbea3a/ENCFF568RRM.bam	https://datasetencode.blob.core.windows.net/dataset/2016/03/11/fdff9597-4fda-4d49-8ed5-98ae4fcbea3a/ENCFF568RRM.bam?sv=2019-10-10&si=prod&sr=c&sig=9qSQZo4ggrCNpybBExU8SypuUZV33igI11xw0P7rB3c%3D	Lab custom hg19	archived	mixed read lengths		
ENCFF732TFX	bam	bam		alignments	GRCh38	ENCSR301TFY	eCLIP	/human-donors/ENCDO000AAC/	EFO:0001187	HepG2	cell line	Homo sapiens										DKC1-human	RNA				ultraviolet irradiation	strand-specific	2016-04-26	ENCODE		see document	175-300	1	1_1		38					/files/ENCFF850VGF/, /files/ENCFF565YYP/	182815467	Gene Yeo, UCSD	16ce90c8ef20c397b3904624ab4b13cd		https://www.encodeproject.org/files/ENCFF732TFX/@@download/ENCFF732TFX.bam				released	s3://encode-public/2016/09/09/10d2924d-4f06-40d6-b32c-ba97d1899d96/ENCFF732TFX.bam	https://datasetencode.blob.core.windows.net/dataset/2016/09/09/10d2924d-4f06-40d6-b32c-ba97d1899d96/ENCFF732TFX.bam?sv=2019-10-10&si=prod&sr=c&sig=9qSQZo4ggrCNpybBExU8SypuUZV33igI11xw0P7rB3c%3D	Lab custom GRCh38	released	mixed read lengths		
ENCFF252TQP	bam	bam		alignments	GRCh38	ENCSR301TFY	eCLIP	/human-donors/ENCDO000AAC/	EFO:0001187	HepG2	cell line	Homo sapiens										DKC1-human	RNA				ultraviolet irradiation	strand-specific	2016-04-26	ENCODE		see document	175-300	2	2_1		38					/files/ENCFF462ZYJ/, /files/ENCFF494NKD/	337169689	Gene Yeo, UCSD	4ea7cf2cd440e0ec41988e458d305b4a		https://www.encodeproject.org/files/ENCFF252TQP/@@download/ENCFF252TQP.bam				released	s3://encode-public/2016/09/09/77373392-97da-472d-b5b5-8d579c621b95/ENCFF252TQP.bam	https://datasetencode.blob.core.windows.net/dataset/2016/09/09/77373392-97da-472d-b5b5-8d579c621b95/ENCFF252TQP.bam?sv=2019-10-10&si=prod&sr=c&sig=9qSQZo4ggrCNpybBExU8SypuUZV33igI11xw0P7rB3c%3D	Lab custom GRCh38	released	mixed read lengths		
ENCFF525XIM	bam	bam		alignments	hg19	ENCSR268ETU	eCLIP	/human-donors/ENCDO000AAD/	EFO:0002067	K562	cell line	Homo sapiens										HNRNPK-human	RNA				ultraviolet irradiation	strand-specific	2015-11-09	ENCODE		see document	175-300	1	1_1		40					/files/ENCFF335HRO/, /files/ENCFF900FEK/	187777612	Gene Yeo, UCSD	f721327af2a77ab75d84d9bde7ef3bc9		https://www.encodeproject.org/files/ENCFF525XIM/@@download/ENCFF525XIM.bam				released	s3://encode-public/2016/03/24/25194cf5-9add-493b-b079-e80bb690a06b/ENCFF525XIM.bam	https://datasetencode.blob.core.windows.net/dataset/2016/03/24/25194cf5-9add-493b-b079-e80bb690a06b/ENCFF525XIM.bam?sv=2019-10-10&si=prod&sr=c&sig=9qSQZo4ggrCNpybBExU8SypuUZV33igI11xw0P7rB3c%3D	Lab custom hg19	archived	mixed read lengths		
ENCFF049KXT	bam	bam		alignments	hg19	ENCSR268ETU	eCLIP	/human-donors/ENCDO000AAD/	EFO:0002067	K562	cell line	Homo sapiens										HNRNPK-human	RNA				ultraviolet irradiation	strand-specific	2015-11-09	ENCODE		see document	175-300	2	2_1		40					/files/ENCFF228HUK/, /files/ENCFF169OLG/	275548946	Gene Yeo, UCSD	1ad63417b99da56742730afc14d9923c		https://www.encodeproject.org/files/ENCFF049KXT/@@download/ENCFF049KXT.bam				released	s3://encode-public/2016/03/24/58c11f0d-571a-4d1b-a79f-da23a52b09a5/ENCFF049KXT.bam	https://datasetencode.blob.core.windows.net/dataset/2016/03/24/58c11f0d-571a-4d1b-a79f-da23a52b09a5/ENCFF049KXT.bam?sv=2019-10-10&si=prod&sr=c&sig=9qSQZo4ggrCNpybBExU8SypuUZV33igI11xw0P7rB3c%3D	Lab custom hg19	archived	mixed read lengths		
ENCFF894NKS	bam	bam		alignments	GRCh38	ENCSR268ETU	eCLIP	/human-donors/ENCDO000AAD/	EFO:0002067	K562	cell line	Homo sapiens										HNRNPK-human	RNA				ultraviolet irradiation	strand-specific	2015-11-09	ENCODE		see document	175-300	1	1_1		40					/files/ENCFF335HRO/, /files/ENCFF900FEK/	187176995	Gene Yeo, UCSD	c1f09c6195bcbcaf511d34c171367b92		https://www.encodeproject.org/files/ENCFF894NKS/@@download/ENCFF894NKS.bam				released	s3://encode-public/2016/09/09/d7776e92-181b-47b0-9eba-62e9eed17133/ENCFF894NKS.bam	https://datasetencode.blob.core.windows.net/dataset/2016/09/09/d7776e92-181b-47b0-9eba-62e9eed17133/ENCFF894NKS.bam?sv=2019-10-10&si=prod&sr=c&sig=9qSQZo4ggrCNpybBExU8SypuUZV33igI11xw0P7rB3c%3D	Lab custom GRCh38	released	mixed read lengths		
ENCFF405ESF	bam	bam		alignments	GRCh38	ENCSR268ETU	eCLIP	/human-donors/ENCDO000AAD/	EFO:0002067	K562	cell line	Homo sapiens										HNRNPK-human	RNA				ultraviolet irradiation	strand-specific	2015-11-09	ENCODE		see document	175-300	2	2_1		40					/files/ENCFF228HUK/, /files/ENCFF169OLG/	275987492	Gene Yeo, UCSD	f47590b17bfd2e66ea8a968c5cc82fd9		https://www.encodeproject.org/files/ENCFF405ESF/@@download/ENCFF405ESF.bam				released	s3://encode-public/2016/09/09/283a856e-0b76-48ce-829c-289e9f7ddb95/ENCFF405ESF.bam	https://datasetencode.blob.core.windows.net/dataset/2016/09/09/283a856e-0b76-48ce-829c-289e9f7ddb95/ENCFF405ESF.bam?sv=2019-10-10&si=prod&sr=c&sig=9qSQZo4ggrCNpybBExU8SypuUZV33igI11xw0P7rB3c%3D	Lab custom GRCh38	released	mixed read lengths		
ENCFF318ITR	bam	bam		alignments	hg19	ENCSR328LLU	eCLIP	/human-donors/ENCDO000AAC/	EFO:0001187	HepG2	cell line	Homo sapiens										U2AF1-human	RNA				ultraviolet irradiation	strand-specific	2015-11-09	ENCODE		see document	175-300	1	1_1		40					/files/ENCFF222RBX/, /files/ENCFF084CWF/	566472655	Gene Yeo, UCSD	b4c457feb0260fc0d709ee8b74c25fe8		https://www.encodeproject.org/files/ENCFF318ITR/@@download/ENCFF318ITR.bam				released	s3://encode-public/2016/03/24/9a35a82c-47e6-49bf-9830-46014624e7b6/ENCFF318ITR.bam	https://datasetencode.blob.core.windows.net/dataset/2016/03/24/9a35a82c-47e6-49bf-9830-46014624e7b6/ENCFF318ITR.bam?sv=2019-10-10&si=prod&sr=c&sig=9qSQZo4ggrCNpybBExU8SypuUZV33igI11xw0P7rB3c%3D	Lab custom hg19	archived	mixed read lengths		
ENCFF062APM	bam	bam		alignments	hg19	ENCSR328LLU	eCLIP	/human-donors/ENCDO000AAC/	EFO:0001187	HepG2	cell line	Homo sapiens										U2AF1-human	RNA				ultraviolet irradiation	strand-specific	2015-11-09	ENCODE		see document	175-300	2	2_1		43					/files/ENCFF249GEL/, /files/ENCFF569ESD/	460437950	Gene Yeo, UCSD	c119e03f6a9ee258142076cd2131ba37		https://www.encodeproject.org/files/ENCFF062APM/@@download/ENCFF062APM.bam				released	s3://encode-public/2016/03/24/79348524-2053-446f-b145-7d84559a600f/ENCFF062APM.bam	https://datasetencode.blob.core.windows.net/dataset/2016/03/24/79348524-2053-446f-b145-7d84559a600f/ENCFF062APM.bam?sv=2019-10-10&si=prod&sr=c&sig=9qSQZo4ggrCNpybBExU8SypuUZV33igI11xw0P7rB3c%3D	Lab custom hg19	archived	mixed read lengths		
ENCFF755DUB	bam	bam		alignments	GRCh38	ENCSR328LLU	eCLIP	/human-donors/ENCDO000AAC/	EFO:0001187	HepG2	cell line	Homo sapiens										U2AF1-human	RNA				ultraviolet irradiation	strand-specific	2015-11-09	ENCODE		see document	175-300	1	1_1		40					/files/ENCFF222RBX/, /files/ENCFF084CWF/	572682968	Gene Yeo, UCSD	f3f05be23036c0caca5c08be203f3720		https://www.encodeproject.org/files/ENCFF755DUB/@@download/ENCFF755DUB.bam				released	s3://encode-public/2016/09/09/c70f147b-b82d-4808-be2c-b4ff8e21ad11/ENCFF755DUB.bam	https://datasetencode.blob.core.windows.net/dataset/2016/09/09/c70f147b-b82d-4808-be2c-b4ff8e21ad11/ENCFF755DUB.bam?sv=2019-10-10&si=prod&sr=c&sig=9qSQZo4ggrCNpybBExU8SypuUZV33igI11xw0P7rB3c%3D	Lab custom GRCh38	released	mixed read lengths		
ENCFF059KEP	bam	bam		alignments	GRCh38	ENCSR328LLU	eCLIP	/human-donors/ENCDO000AAC/	EFO:0001187	HepG2	cell line	Homo sapiens										U2AF1-human	RNA				ultraviolet irradiation	strand-specific	2015-11-09	ENCODE		see document	175-300	2	2_1		43					/files/ENCFF249GEL/, /files/ENCFF569ESD/	454344101	Gene Yeo, UCSD	033482590441cd2f181a1cd5cb51e01e		https://www.encodeproject.org/files/ENCFF059KEP/@@download/ENCFF059KEP.bam				released	s3://encode-public/2016/09/09/4bc60e98-f7b5-40d9-be55-a068407e15e0/ENCFF059KEP.bam	https://datasetencode.blob.core.windows.net/dataset/2016/09/09/4bc60e98-f7b5-40d9-be55-a068407e15e0/ENCFF059KEP.bam?sv=2019-10-10&si=prod&sr=c&sig=9qSQZo4ggrCNpybBExU8SypuUZV33igI11xw0P7rB3c%3D	Lab custom GRCh38	released	mixed read lengths		
ENCFF693CSS	bam	bam		alignments	hg19	ENCSR314UMJ	eCLIP	/human-donors/ENCDO000AAC/	EFO:0001187	HepG2	cell line	Homo sapiens										TRA2A-human	RNA				ultraviolet irradiation	strand-specific	2015-07-15	ENCODE		see document	175-300	2	2_1		44					/files/ENCFF267TXP/, /files/ENCFF253TTK/	153531440	Gene Yeo, UCSD	5b752a1d70caf498d4f5376faf6be333		https://www.encodeproject.org/files/ENCFF693CSS/@@download/ENCFF693CSS.bam				released	s3://encode-public/2016/03/23/eb550ff4-7343-419b-a0f9-94c9fa45ba99/ENCFF693CSS.bam	https://datasetencode.blob.core.windows.net/dataset/2016/03/23/eb550ff4-7343-419b-a0f9-94c9fa45ba99/ENCFF693CSS.bam?sv=2019-10-10&si=prod&sr=c&sig=9qSQZo4ggrCNpybBExU8SypuUZV33igI11xw0P7rB3c%3D	Lab custom hg19	archived			
ENCFF832CEI	bam	bam		alignments	hg19	ENCSR314UMJ	eCLIP	/human-donors/ENCDO000AAC/	EFO:0001187	HepG2	cell line	Homo sapiens										TRA2A-human	RNA				ultraviolet irradiation	strand-specific	2015-07-15	ENCODE		see document	175-300	1	1_1		43					/files/ENCFF836WPZ/, /files/ENCFF065AKB/	85552565	Gene Yeo, UCSD	35450a384df7a04fa32a9ad80817fece		https://www.encodeproject.org/files/ENCFF832CEI/@@download/ENCFF832CEI.bam				released	s3://encode-public/2016/03/23/2b5f5031-3899-41ab-bb45-3dba2e9b577a/ENCFF832CEI.bam	https://datasetencode.blob.core.windows.net/dataset/2016/03/23/2b5f5031-3899-41ab-bb45-3dba2e9b577a/ENCFF832CEI.bam?sv=2019-10-10&si=prod&sr=c&sig=9qSQZo4ggrCNpybBExU8SypuUZV33igI11xw0P7rB3c%3D	Lab custom hg19	archived			
ENCFF372BZV	bam	bam		alignments	GRCh38	ENCSR314UMJ	eCLIP	/human-donors/ENCDO000AAC/	EFO:0001187	HepG2	cell line	Homo sapiens										TRA2A-human	RNA				ultraviolet irradiation	strand-specific	2015-07-15	ENCODE		see document	175-300	2	2_1		44					/files/ENCFF267TXP/, /files/ENCFF253TTK/	152532533	Gene Yeo, UCSD	1c1ee3a8c290eed016949208b265d804		https://www.encodeproject.org/files/ENCFF372BZV/@@download/ENCFF372BZV.bam				released	s3://encode-public/2016/09/09/dbd97d21-87f1-437c-b0ae-bc51897dc9c8/ENCFF372BZV.bam	https://datasetencode.blob.core.windows.net/dataset/2016/09/09/dbd97d21-87f1-437c-b0ae-bc51897dc9c8/ENCFF372BZV.bam?sv=2019-10-10&si=prod&sr=c&sig=9qSQZo4ggrCNpybBExU8SypuUZV33igI11xw0P7rB3c%3D	Lab custom GRCh38	released			
ENCFF745EHU	bam	bam		alignments	GRCh38	ENCSR314UMJ	eCLIP	/human-donors/ENCDO000AAC/	EFO:0001187	HepG2	cell line	Homo sapiens										TRA2A-human	RNA				ultraviolet irradiation	strand-specific	2015-07-15	ENCODE		see document	175-300	1	1_1		43					/files/ENCFF836WPZ/, /files/ENCFF065AKB/	85362307	Gene Yeo, UCSD	3da43051c0b1765da7bbdfed8e6a766e		https://www.encodeproject.org/files/ENCFF745EHU/@@download/ENCFF745EHU.bam				released	s3://encode-public/2016/09/09/faf7be60-7540-40dc-9fe7-bca7294e1191/ENCFF745EHU.bam	https://datasetencode.blob.core.windows.net/dataset/2016/09/09/faf7be60-7540-40dc-9fe7-bca7294e1191/ENCFF745EHU.bam?sv=2019-10-10&si=prod&sr=c&sig=9qSQZo4ggrCNpybBExU8SypuUZV33igI11xw0P7rB3c%3D	Lab custom GRCh38	released			
ENCFF846CJI	bam	bam		alignments	hg19	ENCSR529GSJ	eCLIP	/human-donors/ENCDO000AAD/	EFO:0002067	K562	cell line	Homo sapiens										DHX30-human	RNA				ultraviolet irradiation	strand-specific	2016-09-21	ENCODE		see document	175-300	2	2_1		40					/files/ENCFF238BOS/, /files/ENCFF510RNY/	140807573	Gene Yeo, UCSD	12e213ca73f0bf470e0ec4f0404a54fb		https://www.encodeproject.org/files/ENCFF846CJI/@@download/ENCFF846CJI.bam				released	s3://encode-public/2016/08/04/66f79f95-e781-48bd-ab75-fd26605b069b/ENCFF846CJI.bam	https://datasetencode.blob.core.windows.net/dataset/2016/08/04/66f79f95-e781-48bd-ab75-fd26605b069b/ENCFF846CJI.bam?sv=2019-10-10&si=prod&sr=c&sig=9qSQZo4ggrCNpybBExU8SypuUZV33igI11xw0P7rB3c%3D	Lab custom hg19	archived			
ENCFF301IKV	bam	bam		alignments	hg19	ENCSR529GSJ	eCLIP	/human-donors/ENCDO000AAD/	EFO:0002067	K562	cell line	Homo sapiens										DHX30-human	RNA				ultraviolet irradiation	strand-specific	2016-09-21	ENCODE		see document	175-300	1	1_1		40					/files/ENCFF116KYR/, /files/ENCFF413RCX/	207124200	Gene Yeo, UCSD	51022588c70f469a6319d81869b976cd		https://www.encodeproject.org/files/ENCFF301IKV/@@download/ENCFF301IKV.bam				released	s3://encode-public/2016/08/04/d25d0a47-8ebf-4b5f-8b75-277f2de981c5/ENCFF301IKV.bam	https://datasetencode.blob.core.windows.net/dataset/2016/08/04/d25d0a47-8ebf-4b5f-8b75-277f2de981c5/ENCFF301IKV.bam?sv=2019-10-10&si=prod&sr=c&sig=9qSQZo4ggrCNpybBExU8SypuUZV33igI11xw0P7rB3c%3D	Lab custom hg19	archived			
ENCFF445FRC	bam	bam		alignments	GRCh38	ENCSR529GSJ	eCLIP	/human-donors/ENCDO000AAD/	EFO:0002067	K562	cell line	Homo sapiens										DHX30-human	RNA				ultraviolet irradiation	strand-specific	2016-09-21	ENCODE		see document	175-300	2	2_1		40					/files/ENCFF238BOS/, /files/ENCFF510RNY/	131436250	Gene Yeo, UCSD	1b49d1c31b9b255297b9e1d4ea568048		https://www.encodeproject.org/files/ENCFF445FRC/@@download/ENCFF445FRC.bam				released	s3://encode-public/2016/09/09/fc19dfb6-3382-42e8-a392-d0f628d5990e/ENCFF445FRC.bam	https://datasetencode.blob.core.windows.net/dataset/2016/09/09/fc19dfb6-3382-42e8-a392-d0f628d5990e/ENCFF445FRC.bam?sv=2019-10-10&si=prod&sr=c&sig=9qSQZo4ggrCNpybBExU8SypuUZV33igI11xw0P7rB3c%3D	Lab custom GRCh38	released			
ENCFF845MNN	bam	bam		alignments	GRCh38	ENCSR529GSJ	eCLIP	/human-donors/ENCDO000AAD/	EFO:0002067	K562	cell line	Homo sapiens										DHX30-human	RNA				ultraviolet irradiation	strand-specific	2016-09-21	ENCODE		see document	175-300	1	1_1		40					/files/ENCFF116KYR/, /files/ENCFF413RCX/	200702300	Gene Yeo, UCSD	9c8f09a08c28fde733151c64413b5a3d		https://www.encodeproject.org/files/ENCFF845MNN/@@download/ENCFF845MNN.bam				released	s3://encode-public/2016/09/09/7827caca-961f-44f9-8239-0af282a48236/ENCFF845MNN.bam	https://datasetencode.blob.core.windows.net/dataset/2016/09/09/7827caca-961f-44f9-8239-0af282a48236/ENCFF845MNN.bam?sv=2019-10-10&si=prod&sr=c&sig=9qSQZo4ggrCNpybBExU8SypuUZV33igI11xw0P7rB3c%3D	Lab custom GRCh38	released			
ENCFF222FBC	bam	bam		alignments	hg19	ENCSR365NVO	eCLIP	/human-donors/ENCDO000AAD/	EFO:0002067	K562	cell line	Homo sapiens										TRA2A-human	RNA				ultraviolet irradiation	strand-specific	2015-07-15	ENCODE		see document	175-300	1	1_1		43					/files/ENCFF917GQR/, /files/ENCFF116QDH/	237306466	Gene Yeo, UCSD	be284b312981a99534729c8a2f0ab3cf		https://www.encodeproject.org/files/ENCFF222FBC/@@download/ENCFF222FBC.bam				released	s3://encode-public/2016/03/23/7c567e03-b8d4-41b6-a042-703b58263511/ENCFF222FBC.bam	https://datasetencode.blob.core.windows.net/dataset/2016/03/23/7c567e03-b8d4-41b6-a042-703b58263511/ENCFF222FBC.bam?sv=2019-10-10&si=prod&sr=c&sig=9qSQZo4ggrCNpybBExU8SypuUZV33igI11xw0P7rB3c%3D	Lab custom hg19	archived			
ENCFF059QDI	bam	bam		alignments	hg19	ENCSR365NVO	eCLIP	/human-donors/ENCDO000AAD/	EFO:0002067	K562	cell line	Homo sapiens										TRA2A-human	RNA				ultraviolet irradiation	strand-specific	2015-07-15	ENCODE		see document	175-300	2	2_1		43					/files/ENCFF795IGM/, /files/ENCFF349ZAH/	160981896	Gene Yeo, UCSD	cc80b889890d37cb925005d0bff07229		https://www.encodeproject.org/files/ENCFF059QDI/@@download/ENCFF059QDI.bam				released	s3://encode-public/2016/03/23/c8f24eae-08e4-4d42-8473-92bfec8bd5f7/ENCFF059QDI.bam	https://datasetencode.blob.core.windows.net/dataset/2016/03/23/c8f24eae-08e4-4d42-8473-92bfec8bd5f7/ENCFF059QDI.bam?sv=2019-10-10&si=prod&sr=c&sig=9qSQZo4ggrCNpybBExU8SypuUZV33igI11xw0P7rB3c%3D	Lab custom hg19	archived			
ENCFF846XXE	bam	bam		alignments	GRCh38	ENCSR365NVO	eCLIP	/human-donors/ENCDO000AAD/	EFO:0002067	K562	cell line	Homo sapiens										TRA2A-human	RNA				ultraviolet irradiation	strand-specific	2015-07-15	ENCODE		see document	175-300	2	2_1		43					/files/ENCFF795IGM/, /files/ENCFF349ZAH/	158892736	Gene Yeo, UCSD	76c9924688e1781092c4da922e54d1cc		https://www.encodeproject.org/files/ENCFF846XXE/@@download/ENCFF846XXE.bam				released	s3://encode-public/2016/09/09/fb715c91-6805-4d51-815a-c1a55c68d7b2/ENCFF846XXE.bam	https://datasetencode.blob.core.windows.net/dataset/2016/09/09/fb715c91-6805-4d51-815a-c1a55c68d7b2/ENCFF846XXE.bam?sv=2019-10-10&si=prod&sr=c&sig=9qSQZo4ggrCNpybBExU8SypuUZV33igI11xw0P7rB3c%3D	Lab custom GRCh38	released			
ENCFF159MVB	bam	bam		alignments	GRCh38	ENCSR365NVO	eCLIP	/human-donors/ENCDO000AAD/	EFO:0002067	K562	cell line	Homo sapiens										TRA2A-human	RNA				ultraviolet irradiation	strand-specific	2015-07-15	ENCODE		see document	175-300	1	1_1		43					/files/ENCFF917GQR/, /files/ENCFF116QDH/	234950666	Gene Yeo, UCSD	3494983f0f35c091e40937edc648f028		https://www.encodeproject.org/files/ENCFF159MVB/@@download/ENCFF159MVB.bam				released	s3://encode-public/2016/09/09/7ab1a801-a261-4899-a27b-7ba8b3ea11aa/ENCFF159MVB.bam	https://datasetencode.blob.core.windows.net/dataset/2016/09/09/7ab1a801-a261-4899-a27b-7ba8b3ea11aa/ENCFF159MVB.bam?sv=2019-10-10&si=prod&sr=c&sig=9qSQZo4ggrCNpybBExU8SypuUZV33igI11xw0P7rB3c%3D	Lab custom GRCh38	released			
ENCFF978UYI	bam	bam		alignments	hg19	ENCSR141OIM	eCLIP	/human-donors/ENCDO000AAC/	EFO:0001187	HepG2	cell line	Homo sapiens										DDX6-human	RNA				ultraviolet irradiation	strand-specific	2016-04-26	ENCODE		see document	175-300	2	2_1		39					/files/ENCFF102XRX/, /files/ENCFF566VWD/	65448408	Gene Yeo, UCSD	057ec8ddaad42d756708a6688d1a9729		https://www.encodeproject.org/files/ENCFF978UYI/@@download/ENCFF978UYI.bam				released	s3://encode-public/2016/03/17/9ea70302-6419-4b68-b1c5-bfd3dc4c5883/ENCFF978UYI.bam	https://datasetencode.blob.core.windows.net/dataset/2016/03/17/9ea70302-6419-4b68-b1c5-bfd3dc4c5883/ENCFF978UYI.bam?sv=2019-10-10&si=prod&sr=c&sig=9qSQZo4ggrCNpybBExU8SypuUZV33igI11xw0P7rB3c%3D	Lab custom hg19	archived			
ENCFF293PUM	bam	bam		alignments	hg19	ENCSR141OIM	eCLIP	/human-donors/ENCDO000AAC/	EFO:0001187	HepG2	cell line	Homo sapiens										DDX6-human	RNA				ultraviolet irradiation	strand-specific	2016-04-26	ENCODE		see document	175-300	1	1_1		39					/files/ENCFF513AFK/, /files/ENCFF057WYD/	140976324	Gene Yeo, UCSD	b0d2c1bcf630f305d9cff467af6863ad		https://www.encodeproject.org/files/ENCFF293PUM/@@download/ENCFF293PUM.bam				released	s3://encode-public/2016/03/17/a032c6d7-4565-4e5b-ab69-6b87940c4aed/ENCFF293PUM.bam	https://datasetencode.blob.core.windows.net/dataset/2016/03/17/a032c6d7-4565-4e5b-ab69-6b87940c4aed/ENCFF293PUM.bam?sv=2019-10-10&si=prod&sr=c&sig=9qSQZo4ggrCNpybBExU8SypuUZV33igI11xw0P7rB3c%3D	Lab custom hg19	archived			
ENCFF901JSX	bam	bam		alignments	GRCh38	ENCSR141OIM	eCLIP	/human-donors/ENCDO000AAC/	EFO:0001187	HepG2	cell line	Homo sapiens										DDX6-human	RNA				ultraviolet irradiation	strand-specific	2016-04-26	ENCODE		see document	175-300	1	1_1		39					/files/ENCFF513AFK/, /files/ENCFF057WYD/	137197035	Gene Yeo, UCSD	a66414e047ded43514b08de5b21d6100		https://www.encodeproject.org/files/ENCFF901JSX/@@download/ENCFF901JSX.bam				released	s3://encode-public/2016/09/09/e4226943-1fd4-48bf-b829-df75ce5c15fd/ENCFF901JSX.bam	https://datasetencode.blob.core.windows.net/dataset/2016/09/09/e4226943-1fd4-48bf-b829-df75ce5c15fd/ENCFF901JSX.bam?sv=2019-10-10&si=prod&sr=c&sig=9qSQZo4ggrCNpybBExU8SypuUZV33igI11xw0P7rB3c%3D	Lab custom GRCh38	released			
ENCFF398FGK	bam	bam		alignments	GRCh38	ENCSR141OIM	eCLIP	/human-donors/ENCDO000AAC/	EFO:0001187	HepG2	cell line	Homo sapiens										DDX6-human	RNA				ultraviolet irradiation	strand-specific	2016-04-26	ENCODE		see document	175-300	2	2_1		39					/files/ENCFF102XRX/, /files/ENCFF566VWD/	61573686	Gene Yeo, UCSD	88ac43af0efa106eaa16281b51ac79c2		https://www.encodeproject.org/files/ENCFF398FGK/@@download/ENCFF398FGK.bam				released	s3://encode-public/2016/09/09/a75b4724-8042-4799-aaae-6291ad74ac00/ENCFF398FGK.bam	https://datasetencode.blob.core.windows.net/dataset/2016/09/09/a75b4724-8042-4799-aaae-6291ad74ac00/ENCFF398FGK.bam?sv=2019-10-10&si=prod&sr=c&sig=9qSQZo4ggrCNpybBExU8SypuUZV33igI11xw0P7rB3c%3D	Lab custom GRCh38	released			
ENCFF282DMO	bam	bam		alignments	hg19	ENCSR301UQM	eCLIP	/human-donors/ENCDO000AAD/	EFO:0002067	K562	cell line	Homo sapiens										GNL3-human	RNA				ultraviolet irradiation	strand-specific	2015-11-09	ENCODE		see document	175-300	1	1_1		38					/files/ENCFF424ZQP/, /files/ENCFF509YYT/	61787113	Gene Yeo, UCSD	2671a52931d0328f32127b55173c3286		https://www.encodeproject.org/files/ENCFF282DMO/@@download/ENCFF282DMO.bam				released	s3://encode-public/2016/03/24/0a14e2af-e938-4e55-90e5-e45b1696d519/ENCFF282DMO.bam	https://datasetencode.blob.core.windows.net/dataset/2016/03/24/0a14e2af-e938-4e55-90e5-e45b1696d519/ENCFF282DMO.bam?sv=2019-10-10&si=prod&sr=c&sig=9qSQZo4ggrCNpybBExU8SypuUZV33igI11xw0P7rB3c%3D	Lab custom hg19	archived	mixed read lengths		
ENCFF379DSY	bam	bam		alignments	hg19	ENCSR301UQM	eCLIP	/human-donors/ENCDO000AAD/	EFO:0002067	K562	cell line	Homo sapiens										GNL3-human	RNA				ultraviolet irradiation	strand-specific	2015-11-09	ENCODE		see document	175-300	2	2_1		38					/files/ENCFF364XWE/, /files/ENCFF410KLG/	125424141	Gene Yeo, UCSD	167092d62adc362ab9f9f0737c52d397		https://www.encodeproject.org/files/ENCFF379DSY/@@download/ENCFF379DSY.bam				released	s3://encode-public/2016/03/24/e942ae48-f6a0-4cba-8183-11c79677d17a/ENCFF379DSY.bam	https://datasetencode.blob.core.windows.net/dataset/2016/03/24/e942ae48-f6a0-4cba-8183-11c79677d17a/ENCFF379DSY.bam?sv=2019-10-10&si=prod&sr=c&sig=9qSQZo4ggrCNpybBExU8SypuUZV33igI11xw0P7rB3c%3D	Lab custom hg19	archived	mixed read lengths		
ENCFF484XJQ	bam	bam		alignments	GRCh38	ENCSR301UQM	eCLIP	/human-donors/ENCDO000AAD/	EFO:0002067	K562	cell line	Homo sapiens										GNL3-human	RNA				ultraviolet irradiation	strand-specific	2015-11-09	ENCODE		see document	175-300	1	1_1		38					/files/ENCFF424ZQP/, /files/ENCFF509YYT/	60130994	Gene Yeo, UCSD	f142da35a1603c9c835c9c42118988af		https://www.encodeproject.org/files/ENCFF484XJQ/@@download/ENCFF484XJQ.bam				released	s3://encode-public/2016/09/09/48c12999-6d3b-4c7d-820d-572739966e3b/ENCFF484XJQ.bam	https://datasetencode.blob.core.windows.net/dataset/2016/09/09/48c12999-6d3b-4c7d-820d-572739966e3b/ENCFF484XJQ.bam?sv=2019-10-10&si=prod&sr=c&sig=9qSQZo4ggrCNpybBExU8SypuUZV33igI11xw0P7rB3c%3D	Lab custom GRCh38	released	mixed read lengths		
ENCFF372XJQ	bam	bam		alignments	GRCh38	ENCSR301UQM	eCLIP	/human-donors/ENCDO000AAD/	EFO:0002067	K562	cell line	Homo sapiens										GNL3-human	RNA				ultraviolet irradiation	strand-specific	2015-11-09	ENCODE		see document	175-300	2	2_1		38					/files/ENCFF364XWE/, /files/ENCFF410KLG/	122334295	Gene Yeo, UCSD	a64c2bd81431204c6379b24567afcc61		https://www.encodeproject.org/files/ENCFF372XJQ/@@download/ENCFF372XJQ.bam				released	s3://encode-public/2016/09/09/d3bdb27d-c15c-4663-8280-425232a51116/ENCFF372XJQ.bam	https://datasetencode.blob.core.windows.net/dataset/2016/09/09/d3bdb27d-c15c-4663-8280-425232a51116/ENCFF372XJQ.bam?sv=2019-10-10&si=prod&sr=c&sig=9qSQZo4ggrCNpybBExU8SypuUZV33igI11xw0P7rB3c%3D	Lab custom GRCh38	released	mixed read lengths		
ENCFF176ZDX	bam	bam		alignments	hg19	ENCSR529FKI	eCLIP	/human-donors/ENCDO000AAD/	EFO:0002067	K562	cell line	Homo sapiens										YBX3-human	RNA				ultraviolet irradiation	strand-specific	2016-04-26	ENCODE		see document	175-300	2	2_1		39					/files/ENCFF631SCU/, /files/ENCFF047HLT/	742099655	Gene Yeo, UCSD	1b7d424b4b9e5d5a5321704fac5fcb1f		https://www.encodeproject.org/files/ENCFF176ZDX/@@download/ENCFF176ZDX.bam				released	s3://encode-public/2016/03/17/6e46d5b0-2a6d-4079-95b6-e50ec0992caf/ENCFF176ZDX.bam	https://datasetencode.blob.core.windows.net/dataset/2016/03/17/6e46d5b0-2a6d-4079-95b6-e50ec0992caf/ENCFF176ZDX.bam?sv=2019-10-10&si=prod&sr=c&sig=9qSQZo4ggrCNpybBExU8SypuUZV33igI11xw0P7rB3c%3D	Lab custom hg19	archived			
ENCFF916BBS	bam	bam		alignments	hg19	ENCSR529FKI	eCLIP	/human-donors/ENCDO000AAD/	EFO:0002067	K562	cell line	Homo sapiens										YBX3-human	RNA				ultraviolet irradiation	strand-specific	2016-04-26	ENCODE		see document	175-300	1	1_1		39					/files/ENCFF655OVT/, /files/ENCFF841ECJ/	717327794	Gene Yeo, UCSD	a091cfb7701ae7c33bd4d94bbd93986d		https://www.encodeproject.org/files/ENCFF916BBS/@@download/ENCFF916BBS.bam				released	s3://encode-public/2016/03/17/a12eca41-3fca-4382-90b6-55b18c425cd6/ENCFF916BBS.bam	https://datasetencode.blob.core.windows.net/dataset/2016/03/17/a12eca41-3fca-4382-90b6-55b18c425cd6/ENCFF916BBS.bam?sv=2019-10-10&si=prod&sr=c&sig=9qSQZo4ggrCNpybBExU8SypuUZV33igI11xw0P7rB3c%3D	Lab custom hg19	archived			
ENCFF184OIG	bam	bam		alignments	GRCh38	ENCSR529FKI	eCLIP	/human-donors/ENCDO000AAD/	EFO:0002067	K562	cell line	Homo sapiens										YBX3-human	RNA				ultraviolet irradiation	strand-specific	2016-04-26	ENCODE		see document	175-300	1	1_1		39					/files/ENCFF655OVT/, /files/ENCFF841ECJ/	692678538	Gene Yeo, UCSD	be9bcc23be6cd843a7e62eef70e1fdb8		https://www.encodeproject.org/files/ENCFF184OIG/@@download/ENCFF184OIG.bam				released	s3://encode-public/2016/09/09/8e5eacde-32ee-487e-88f9-6f21629569a2/ENCFF184OIG.bam	https://datasetencode.blob.core.windows.net/dataset/2016/09/09/8e5eacde-32ee-487e-88f9-6f21629569a2/ENCFF184OIG.bam?sv=2019-10-10&si=prod&sr=c&sig=9qSQZo4ggrCNpybBExU8SypuUZV33igI11xw0P7rB3c%3D	Lab custom GRCh38	released			
ENCFF279AVU	bam	bam		alignments	GRCh38	ENCSR529FKI	eCLIP	/human-donors/ENCDO000AAD/	EFO:0002067	K562	cell line	Homo sapiens										YBX3-human	RNA				ultraviolet irradiation	strand-specific	2016-04-26	ENCODE		see document	175-300	2	2_1		40					/files/ENCFF631SCU/, /files/ENCFF047HLT/	696492126	Gene Yeo, UCSD	098dbc9f3705fe9e2d25fef79e2111e6		https://www.encodeproject.org/files/ENCFF279AVU/@@download/ENCFF279AVU.bam				released	s3://encode-public/2016/09/09/18424d28-e597-475e-8593-3c1a4fa6f229/ENCFF279AVU.bam	https://datasetencode.blob.core.windows.net/dataset/2016/09/09/18424d28-e597-475e-8593-3c1a4fa6f229/ENCFF279AVU.bam?sv=2019-10-10&si=prod&sr=c&sig=9qSQZo4ggrCNpybBExU8SypuUZV33igI11xw0P7rB3c%3D	Lab custom GRCh38	released			
ENCFF733DRI	bam	bam		alignments	hg19	ENCSR097NEE	eCLIP	/human-donors/ENCDO000AAC/	EFO:0001187	HepG2	cell line	Homo sapiens										PPIG-human	RNA				ultraviolet irradiation	strand-specific	2016-04-26	ENCODE		see document	175-300	1	1_1		40					/files/ENCFF647KKB/, /files/ENCFF193XUL/	516319733	Gene Yeo, UCSD	079ed8490a77252a89509c7f15e57ee2		https://www.encodeproject.org/files/ENCFF733DRI/@@download/ENCFF733DRI.bam				released	s3://encode-public/2016/03/24/8398b595-3543-4a43-9b44-802b6579e0e9/ENCFF733DRI.bam	https://datasetencode.blob.core.windows.net/dataset/2016/03/24/8398b595-3543-4a43-9b44-802b6579e0e9/ENCFF733DRI.bam?sv=2019-10-10&si=prod&sr=c&sig=9qSQZo4ggrCNpybBExU8SypuUZV33igI11xw0P7rB3c%3D	Lab custom hg19	archived			
ENCFF144GBK	bam	bam		alignments	hg19	ENCSR097NEE	eCLIP	/human-donors/ENCDO000AAC/	EFO:0001187	HepG2	cell line	Homo sapiens										PPIG-human	RNA				ultraviolet irradiation	strand-specific	2016-04-26	ENCODE		see document	175-300	2	2_1		40					/files/ENCFF477APU/, /files/ENCFF343FWV/	422692508	Gene Yeo, UCSD	babf2f0511a72ae8750bff6bc6198b87		https://www.encodeproject.org/files/ENCFF144GBK/@@download/ENCFF144GBK.bam				released	s3://encode-public/2016/03/24/c727c1e6-b462-41f1-a587-928433ff7546/ENCFF144GBK.bam	https://datasetencode.blob.core.windows.net/dataset/2016/03/24/c727c1e6-b462-41f1-a587-928433ff7546/ENCFF144GBK.bam?sv=2019-10-10&si=prod&sr=c&sig=9qSQZo4ggrCNpybBExU8SypuUZV33igI11xw0P7rB3c%3D	Lab custom hg19	archived			
ENCFF756NJB	bam	bam		alignments	GRCh38	ENCSR097NEE	eCLIP	/human-donors/ENCDO000AAC/	EFO:0001187	HepG2	cell line	Homo sapiens										PPIG-human	RNA				ultraviolet irradiation	strand-specific	2016-04-26	ENCODE		see document	175-300	1	1_1		40					/files/ENCFF647KKB/, /files/ENCFF193XUL/	502794637	Gene Yeo, UCSD	daa5f84cfaa12f77d320fd68d48eeb0f		https://www.encodeproject.org/files/ENCFF756NJB/@@download/ENCFF756NJB.bam				released	s3://encode-public/2016/09/09/de8a0315-5237-46e3-88c7-488f1af156ae/ENCFF756NJB.bam	https://datasetencode.blob.core.windows.net/dataset/2016/09/09/de8a0315-5237-46e3-88c7-488f1af156ae/ENCFF756NJB.bam?sv=2019-10-10&si=prod&sr=c&sig=9qSQZo4ggrCNpybBExU8SypuUZV33igI11xw0P7rB3c%3D	Lab custom GRCh38	released			
ENCFF555MNK	bam	bam		alignments	GRCh38	ENCSR097NEE	eCLIP	/human-donors/ENCDO000AAC/	EFO:0001187	HepG2	cell line	Homo sapiens										PPIG-human	RNA				ultraviolet irradiation	strand-specific	2016-04-26	ENCODE		see document	175-300	2	2_1		40					/files/ENCFF477APU/, /files/ENCFF343FWV/	406425171	Gene Yeo, UCSD	5756a3a211460c8e33e421909813ed0c		https://www.encodeproject.org/files/ENCFF555MNK/@@download/ENCFF555MNK.bam				released	s3://encode-public/2016/09/09/677569f8-bd04-46b0-b8d6-d6d277c9660e/ENCFF555MNK.bam	https://datasetencode.blob.core.windows.net/dataset/2016/09/09/677569f8-bd04-46b0-b8d6-d6d277c9660e/ENCFF555MNK.bam?sv=2019-10-10&si=prod&sr=c&sig=9qSQZo4ggrCNpybBExU8SypuUZV33igI11xw0P7rB3c%3D	Lab custom GRCh38	released			
ENCFF160MZO	bam	bam		alignments	hg19	ENCSR267UCX	eCLIP	/human-donors/ENCDO000AAC/	EFO:0001187	HepG2	cell line	Homo sapiens										HNRNPM-human	RNA				ultraviolet irradiation	strand-specific	2015-07-15	ENCODE		see document	175-300	1	1_1		43					/files/ENCFF503KDE/, /files/ENCFF817WMP/	383769832	Gene Yeo, UCSD	def2cb5868f42d7dd93bec5fd2f2d290		https://www.encodeproject.org/files/ENCFF160MZO/@@download/ENCFF160MZO.bam				released	s3://encode-public/2016/03/23/8d325f10-53dd-4344-b2f3-57591fe740e0/ENCFF160MZO.bam	https://datasetencode.blob.core.windows.net/dataset/2016/03/23/8d325f10-53dd-4344-b2f3-57591fe740e0/ENCFF160MZO.bam?sv=2019-10-10&si=prod&sr=c&sig=9qSQZo4ggrCNpybBExU8SypuUZV33igI11xw0P7rB3c%3D	Lab custom hg19	archived			
ENCFF450IJF	bam	bam		alignments	hg19	ENCSR267UCX	eCLIP	/human-donors/ENCDO000AAC/	EFO:0001187	HepG2	cell line	Homo sapiens										HNRNPM-human	RNA				ultraviolet irradiation	strand-specific	2015-07-15	ENCODE		see document	175-300	2	2_1		43					/files/ENCFF600EOC/, /files/ENCFF136GAI/	214632407	Gene Yeo, UCSD	899f0359ad974fd200f64b8b6f3c6d88		https://www.encodeproject.org/files/ENCFF450IJF/@@download/ENCFF450IJF.bam				released	s3://encode-public/2016/03/23/7130cb07-60ee-4531-9e64-9a7377ef4526/ENCFF450IJF.bam	https://datasetencode.blob.core.windows.net/dataset/2016/03/23/7130cb07-60ee-4531-9e64-9a7377ef4526/ENCFF450IJF.bam?sv=2019-10-10&si=prod&sr=c&sig=9qSQZo4ggrCNpybBExU8SypuUZV33igI11xw0P7rB3c%3D	Lab custom hg19	archived			
ENCFF633FLY	bam	bam		alignments	GRCh38	ENCSR267UCX	eCLIP	/human-donors/ENCDO000AAC/	EFO:0001187	HepG2	cell line	Homo sapiens										HNRNPM-human	RNA				ultraviolet irradiation	strand-specific	2015-07-15	ENCODE		see document	175-300	2	2_1		43					/files/ENCFF600EOC/, /files/ENCFF136GAI/	212843432	Gene Yeo, UCSD	45708d93460382cf05ed7ca9f65f39c3		https://www.encodeproject.org/files/ENCFF633FLY/@@download/ENCFF633FLY.bam				released	s3://encode-public/2016/09/09/36806d43-7234-4de5-be1f-b2a655aa7e94/ENCFF633FLY.bam	https://datasetencode.blob.core.windows.net/dataset/2016/09/09/36806d43-7234-4de5-be1f-b2a655aa7e94/ENCFF633FLY.bam?sv=2019-10-10&si=prod&sr=c&sig=9qSQZo4ggrCNpybBExU8SypuUZV33igI11xw0P7rB3c%3D	Lab custom GRCh38	released			
ENCFF950RRY	bam	bam		alignments	GRCh38	ENCSR267UCX	eCLIP	/human-donors/ENCDO000AAC/	EFO:0001187	HepG2	cell line	Homo sapiens										HNRNPM-human	RNA				ultraviolet irradiation	strand-specific	2015-07-15	ENCODE		see document	175-300	1	1_1		43					/files/ENCFF503KDE/, /files/ENCFF817WMP/	380220620	Gene Yeo, UCSD	3a5b7de284374e6bc64ae182d4fad345		https://www.encodeproject.org/files/ENCFF950RRY/@@download/ENCFF950RRY.bam				released	s3://encode-public/2016/09/09/e9a81cdb-7e95-47f1-926b-0b9a4293b17d/ENCFF950RRY.bam	https://datasetencode.blob.core.windows.net/dataset/2016/09/09/e9a81cdb-7e95-47f1-926b-0b9a4293b17d/ENCFF950RRY.bam?sv=2019-10-10&si=prod&sr=c&sig=9qSQZo4ggrCNpybBExU8SypuUZV33igI11xw0P7rB3c%3D	Lab custom GRCh38	released			
ENCFF468CQU	bam	bam		alignments	hg19	ENCSR373ODC	eCLIP	/human-donors/ENCDO000AAC/	EFO:0001187	HepG2	cell line	Homo sapiens										SMNDC1-human	RNA				ultraviolet irradiation	strand-specific	2015-11-09	ENCODE		see document	175-300	2	2_1		38					/files/ENCFF347ARQ/, /files/ENCFF911CAB/	179677285	Gene Yeo, UCSD	fa07871328b9f9dc10523b337b7f6673		https://www.encodeproject.org/files/ENCFF468CQU/@@download/ENCFF468CQU.bam				released	s3://encode-public/2016/03/24/abb3b446-af96-402b-87d6-44c0250f7bad/ENCFF468CQU.bam	https://datasetencode.blob.core.windows.net/dataset/2016/03/24/abb3b446-af96-402b-87d6-44c0250f7bad/ENCFF468CQU.bam?sv=2019-10-10&si=prod&sr=c&sig=9qSQZo4ggrCNpybBExU8SypuUZV33igI11xw0P7rB3c%3D	Lab custom hg19	archived	mixed read lengths		
ENCFF966TSJ	bam	bam		alignments	hg19	ENCSR373ODC	eCLIP	/human-donors/ENCDO000AAC/	EFO:0001187	HepG2	cell line	Homo sapiens										SMNDC1-human	RNA				ultraviolet irradiation	strand-specific	2015-11-09	ENCODE		see document	175-300	1	1_1		38					/files/ENCFF643XEW/, /files/ENCFF963AVW/	158556960	Gene Yeo, UCSD	c1c3a7cbe1bb9193d8794b4c70f2a392		https://www.encodeproject.org/files/ENCFF966TSJ/@@download/ENCFF966TSJ.bam				released	s3://encode-public/2016/03/24/b3e584f8-690c-4796-8327-861a44e02a98/ENCFF966TSJ.bam	https://datasetencode.blob.core.windows.net/dataset/2016/03/24/b3e584f8-690c-4796-8327-861a44e02a98/ENCFF966TSJ.bam?sv=2019-10-10&si=prod&sr=c&sig=9qSQZo4ggrCNpybBExU8SypuUZV33igI11xw0P7rB3c%3D	Lab custom hg19	archived	mixed read lengths		
ENCFF125BMO	bam	bam		alignments	GRCh38	ENCSR373ODC	eCLIP	/human-donors/ENCDO000AAC/	EFO:0001187	HepG2	cell line	Homo sapiens										SMNDC1-human	RNA				ultraviolet irradiation	strand-specific	2015-11-09	ENCODE		see document	175-300	2	2_1		38					/files/ENCFF347ARQ/, /files/ENCFF911CAB/	175543050	Gene Yeo, UCSD	53b9e7c2708d6aa1d5f3a4cbe85840a8		https://www.encodeproject.org/files/ENCFF125BMO/@@download/ENCFF125BMO.bam				released	s3://encode-public/2016/09/09/11ba321b-e05e-42c5-8a0e-5ab2c42969b4/ENCFF125BMO.bam	https://datasetencode.blob.core.windows.net/dataset/2016/09/09/11ba321b-e05e-42c5-8a0e-5ab2c42969b4/ENCFF125BMO.bam?sv=2019-10-10&si=prod&sr=c&sig=9qSQZo4ggrCNpybBExU8SypuUZV33igI11xw0P7rB3c%3D	Lab custom GRCh38	released	mixed read lengths		
ENCFF110YDG	bam	bam		alignments	GRCh38	ENCSR373ODC	eCLIP	/human-donors/ENCDO000AAC/	EFO:0001187	HepG2	cell line	Homo sapiens										SMNDC1-human	RNA				ultraviolet irradiation	strand-specific	2015-11-09	ENCODE		see document	175-300	1	1_1		38					/files/ENCFF643XEW/, /files/ENCFF963AVW/	154894430	Gene Yeo, UCSD	c2b8bb15df2548ea8bec9a584a06b2e6		https://www.encodeproject.org/files/ENCFF110YDG/@@download/ENCFF110YDG.bam				released	s3://encode-public/2016/09/09/aa8a5915-bb28-4cd9-898d-6cb18e9b63e3/ENCFF110YDG.bam	https://datasetencode.blob.core.windows.net/dataset/2016/09/09/aa8a5915-bb28-4cd9-898d-6cb18e9b63e3/ENCFF110YDG.bam?sv=2019-10-10&si=prod&sr=c&sig=9qSQZo4ggrCNpybBExU8SypuUZV33igI11xw0P7rB3c%3D	Lab custom GRCh38	released	mixed read lengths		
ENCFF280ONP	bam	bam		alignments	hg19	ENCSR661ICQ	eCLIP	/human-donors/ENCDO000AAD/	EFO:0002067	K562	cell line	Homo sapiens										PUM2-human	RNA				ultraviolet irradiation	strand-specific	2016-04-26	ENCODE		see document	175-300	2	2_1		40					/files/ENCFF041KJT/, /files/ENCFF462SCV/	229282966	Gene Yeo, UCSD	04838f53b528923858814aef7c3eb196		https://www.encodeproject.org/files/ENCFF280ONP/@@download/ENCFF280ONP.bam				released	s3://encode-public/2016/03/24/7130e5d4-ace4-4e49-b85d-3c57c6005c5b/ENCFF280ONP.bam	https://datasetencode.blob.core.windows.net/dataset/2016/03/24/7130e5d4-ace4-4e49-b85d-3c57c6005c5b/ENCFF280ONP.bam?sv=2019-10-10&si=prod&sr=c&sig=9qSQZo4ggrCNpybBExU8SypuUZV33igI11xw0P7rB3c%3D	Lab custom hg19	archived			
ENCFF177VQI	bam	bam		alignments	hg19	ENCSR661ICQ	eCLIP	/human-donors/ENCDO000AAD/	EFO:0002067	K562	cell line	Homo sapiens										PUM2-human	RNA				ultraviolet irradiation	strand-specific	2016-04-26	ENCODE		see document	175-300	1	1_1		40					/files/ENCFF956TOZ/, /files/ENCFF133DNM/	118935050	Gene Yeo, UCSD	77af07ed8e4303c468ec7db5c23ecb82		https://www.encodeproject.org/files/ENCFF177VQI/@@download/ENCFF177VQI.bam				released	s3://encode-public/2016/03/24/ff24e946-5c45-44ec-baa4-e2b09956f1c6/ENCFF177VQI.bam	https://datasetencode.blob.core.windows.net/dataset/2016/03/24/ff24e946-5c45-44ec-baa4-e2b09956f1c6/ENCFF177VQI.bam?sv=2019-10-10&si=prod&sr=c&sig=9qSQZo4ggrCNpybBExU8SypuUZV33igI11xw0P7rB3c%3D	Lab custom hg19	archived			
ENCFF732EQX	bam	bam		alignments	GRCh38	ENCSR661ICQ	eCLIP	/human-donors/ENCDO000AAD/	EFO:0002067	K562	cell line	Homo sapiens										PUM2-human	RNA				ultraviolet irradiation	strand-specific	2016-04-26	ENCODE		see document	175-300	2	2_1		40					/files/ENCFF041KJT/, /files/ENCFF462SCV/	222814501	Gene Yeo, UCSD	0eac465636e58bd0a352ab966ee0ac45		https://www.encodeproject.org/files/ENCFF732EQX/@@download/ENCFF732EQX.bam				released	s3://encode-public/2016/09/09/00e66e19-bba5-4f2e-8253-a65c3140278d/ENCFF732EQX.bam	https://datasetencode.blob.core.windows.net/dataset/2016/09/09/00e66e19-bba5-4f2e-8253-a65c3140278d/ENCFF732EQX.bam?sv=2019-10-10&si=prod&sr=c&sig=9qSQZo4ggrCNpybBExU8SypuUZV33igI11xw0P7rB3c%3D	Lab custom GRCh38	released			
ENCFF231WHF	bam	bam		alignments	GRCh38	ENCSR661ICQ	eCLIP	/human-donors/ENCDO000AAD/	EFO:0002067	K562	cell line	Homo sapiens										PUM2-human	RNA				ultraviolet irradiation	strand-specific	2016-04-26	ENCODE		see document	175-300	1	1_1		40					/files/ENCFF956TOZ/, /files/ENCFF133DNM/	113325576	Gene Yeo, UCSD	2694a27bf92336f3c4576a81bf8556ac		https://www.encodeproject.org/files/ENCFF231WHF/@@download/ENCFF231WHF.bam				released	s3://encode-public/2016/09/09/bf0817de-d76d-4b82-a6b4-ac65eb2791f9/ENCFF231WHF.bam	https://datasetencode.blob.core.windows.net/dataset/2016/09/09/bf0817de-d76d-4b82-a6b4-ac65eb2791f9/ENCFF231WHF.bam?sv=2019-10-10&si=prod&sr=c&sig=9qSQZo4ggrCNpybBExU8SypuUZV33igI11xw0P7rB3c%3D	Lab custom GRCh38	released			
ENCFF134BOJ	bam	bam		alignments	hg19	ENCSR970NKP	eCLIP	/human-donors/ENCDO000AAD/	EFO:0002067	K562	cell line	Homo sapiens										LIN28B-human	RNA				ultraviolet irradiation	strand-specific	2015-11-09	ENCODE		see document	175-300	2	2_1		40					/files/ENCFF961JRQ/, /files/ENCFF557FKM/	239944842	Gene Yeo, UCSD	400a44b3d6bdcb30b8a9a52a485af60a		https://www.encodeproject.org/files/ENCFF134BOJ/@@download/ENCFF134BOJ.bam				released	s3://encode-public/2016/03/24/13769678-e989-4e1e-9750-6e7e735f4b8a/ENCFF134BOJ.bam	https://datasetencode.blob.core.windows.net/dataset/2016/03/24/13769678-e989-4e1e-9750-6e7e735f4b8a/ENCFF134BOJ.bam?sv=2019-10-10&si=prod&sr=c&sig=9qSQZo4ggrCNpybBExU8SypuUZV33igI11xw0P7rB3c%3D	Lab custom hg19	archived	mixed read lengths		
ENCFF103UQK	bam	bam		alignments	hg19	ENCSR970NKP	eCLIP	/human-donors/ENCDO000AAD/	EFO:0002067	K562	cell line	Homo sapiens										LIN28B-human	RNA				ultraviolet irradiation	strand-specific	2015-11-09	ENCODE		see document	175-300	1	1_1		40					/files/ENCFF110KUU/, /files/ENCFF594JCF/	309883964	Gene Yeo, UCSD	75174d1ea09f826c755d582ff4322558		https://www.encodeproject.org/files/ENCFF103UQK/@@download/ENCFF103UQK.bam				released	s3://encode-public/2016/03/24/10621ea0-1649-46d5-a870-e2703ac49f04/ENCFF103UQK.bam	https://datasetencode.blob.core.windows.net/dataset/2016/03/24/10621ea0-1649-46d5-a870-e2703ac49f04/ENCFF103UQK.bam?sv=2019-10-10&si=prod&sr=c&sig=9qSQZo4ggrCNpybBExU8SypuUZV33igI11xw0P7rB3c%3D	Lab custom hg19	archived	mixed read lengths		
ENCFF492GWE	bam	bam		alignments	GRCh38	ENCSR970NKP	eCLIP	/human-donors/ENCDO000AAD/	EFO:0002067	K562	cell line	Homo sapiens										LIN28B-human	RNA				ultraviolet irradiation	strand-specific	2015-11-09	ENCODE		see document	175-300	2	2_1		40					/files/ENCFF961JRQ/, /files/ENCFF557FKM/	242463028	Gene Yeo, UCSD	c568c270d28fa0f3ccd07086bc3dc2d8		https://www.encodeproject.org/files/ENCFF492GWE/@@download/ENCFF492GWE.bam				released	s3://encode-public/2016/09/09/dff4c962-56a2-4257-ab10-c8361cdd8072/ENCFF492GWE.bam	https://datasetencode.blob.core.windows.net/dataset/2016/09/09/dff4c962-56a2-4257-ab10-c8361cdd8072/ENCFF492GWE.bam?sv=2019-10-10&si=prod&sr=c&sig=9qSQZo4ggrCNpybBExU8SypuUZV33igI11xw0P7rB3c%3D	Lab custom GRCh38	released	mixed read lengths		
ENCFF068KXE	bam	bam		alignments	GRCh38	ENCSR970NKP	eCLIP	/human-donors/ENCDO000AAD/	EFO:0002067	K562	cell line	Homo sapiens										LIN28B-human	RNA				ultraviolet irradiation	strand-specific	2015-11-09	ENCODE		see document	175-300	1	1_1		40					/files/ENCFF110KUU/, /files/ENCFF594JCF/	314601900	Gene Yeo, UCSD	406e2f4689ce7b8481c39410c76208ad		https://www.encodeproject.org/files/ENCFF068KXE/@@download/ENCFF068KXE.bam				released	s3://encode-public/2016/09/09/b80327f5-ea38-41c5-af3b-5eb3ef9f7a17/ENCFF068KXE.bam	https://datasetencode.blob.core.windows.net/dataset/2016/09/09/b80327f5-ea38-41c5-af3b-5eb3ef9f7a17/ENCFF068KXE.bam?sv=2019-10-10&si=prod&sr=c&sig=9qSQZo4ggrCNpybBExU8SypuUZV33igI11xw0P7rB3c%3D	Lab custom GRCh38	released	mixed read lengths		
ENCFF323IDR	bam	bam		alignments	hg19	ENCSR240MVJ	eCLIP	/human-donors/ENCDO000AAC/	EFO:0001187	HepG2	cell line	Homo sapiens										HNRNPU-human	RNA				ultraviolet irradiation	strand-specific	2015-07-15	ENCODE		see document	175-300	2	2_1		43					/files/ENCFF195JRZ/, /files/ENCFF942SSU/	565730011	Gene Yeo, UCSD	cdda33a63e053af5fdd6c41e7b616a0b		https://www.encodeproject.org/files/ENCFF323IDR/@@download/ENCFF323IDR.bam				released	s3://encode-public/2016/03/24/9cafb9fd-9dd1-4ae5-a63b-6cd61b04614a/ENCFF323IDR.bam	https://datasetencode.blob.core.windows.net/dataset/2016/03/24/9cafb9fd-9dd1-4ae5-a63b-6cd61b04614a/ENCFF323IDR.bam?sv=2019-10-10&si=prod&sr=c&sig=9qSQZo4ggrCNpybBExU8SypuUZV33igI11xw0P7rB3c%3D	Lab custom hg19	archived	mixed read lengths		
ENCFF979DWE	bam	bam		alignments	hg19	ENCSR240MVJ	eCLIP	/human-donors/ENCDO000AAC/	EFO:0001187	HepG2	cell line	Homo sapiens										HNRNPU-human	RNA				ultraviolet irradiation	strand-specific	2015-07-15	ENCODE		see document	175-300	1	1_1		40					/files/ENCFF383SFO/, /files/ENCFF739PWI/	577714584	Gene Yeo, UCSD	1c567104f1806cfdba0939e2255d4b81		https://www.encodeproject.org/files/ENCFF979DWE/@@download/ENCFF979DWE.bam				released	s3://encode-public/2016/03/24/05bdee5a-a922-448b-a03a-fc9892b85bc2/ENCFF979DWE.bam	https://datasetencode.blob.core.windows.net/dataset/2016/03/24/05bdee5a-a922-448b-a03a-fc9892b85bc2/ENCFF979DWE.bam?sv=2019-10-10&si=prod&sr=c&sig=9qSQZo4ggrCNpybBExU8SypuUZV33igI11xw0P7rB3c%3D	Lab custom hg19	archived	mixed read lengths		
ENCFF125EPG	bam	bam		alignments	GRCh38	ENCSR240MVJ	eCLIP	/human-donors/ENCDO000AAC/	EFO:0001187	HepG2	cell line	Homo sapiens										HNRNPU-human	RNA				ultraviolet irradiation	strand-specific	2015-07-15	ENCODE		see document	175-300	2	2_1		43					/files/ENCFF195JRZ/, /files/ENCFF942SSU/	561197346	Gene Yeo, UCSD	41ceabb5688ed1d06e7c465841ebc7b2		https://www.encodeproject.org/files/ENCFF125EPG/@@download/ENCFF125EPG.bam				released	s3://encode-public/2016/09/09/fb2bd5c3-b869-48a2-8520-9a9c5bfc8d0f/ENCFF125EPG.bam	https://datasetencode.blob.core.windows.net/dataset/2016/09/09/fb2bd5c3-b869-48a2-8520-9a9c5bfc8d0f/ENCFF125EPG.bam?sv=2019-10-10&si=prod&sr=c&sig=9qSQZo4ggrCNpybBExU8SypuUZV33igI11xw0P7rB3c%3D	Lab custom GRCh38	released	mixed read lengths		
ENCFF587PLY	bam	bam		alignments	GRCh38	ENCSR240MVJ	eCLIP	/human-donors/ENCDO000AAC/	EFO:0001187	HepG2	cell line	Homo sapiens										HNRNPU-human	RNA				ultraviolet irradiation	strand-specific	2015-07-15	ENCODE		see document	175-300	1	1_1		40					/files/ENCFF383SFO/, /files/ENCFF739PWI/	583740977	Gene Yeo, UCSD	4227f33f613c6dc0808a84d1b89e7e1b		https://www.encodeproject.org/files/ENCFF587PLY/@@download/ENCFF587PLY.bam				released	s3://encode-public/2016/09/13/7d490045-2999-42c5-967e-08f0139100ea/ENCFF587PLY.bam	https://datasetencode.blob.core.windows.net/dataset/2016/09/13/7d490045-2999-42c5-967e-08f0139100ea/ENCFF587PLY.bam?sv=2019-10-10&si=prod&sr=c&sig=9qSQZo4ggrCNpybBExU8SypuUZV33igI11xw0P7rB3c%3D	Lab custom GRCh38	released	mixed read lengths		
ENCFF494AKD	bam	bam		alignments	hg19	ENCSR366YOG	eCLIP	/human-donors/ENCDO000AAD/	EFO:0002067	K562	cell line	Homo sapiens										QKI-human	RNA				ultraviolet irradiation	strand-specific	2016-04-26	ENCODE		see document	175-300	2	2_1		43					/files/ENCFF475LRP/, /files/ENCFF776ISN/	257301581	Gene Yeo, UCSD	01eeeef921e05a9cb4c7a6e98ca5bf51		https://www.encodeproject.org/files/ENCFF494AKD/@@download/ENCFF494AKD.bam				released	s3://encode-public/2016/03/24/ac8697b9-e572-4ab3-95f4-6b9cd5213144/ENCFF494AKD.bam	https://datasetencode.blob.core.windows.net/dataset/2016/03/24/ac8697b9-e572-4ab3-95f4-6b9cd5213144/ENCFF494AKD.bam?sv=2019-10-10&si=prod&sr=c&sig=9qSQZo4ggrCNpybBExU8SypuUZV33igI11xw0P7rB3c%3D	Lab custom hg19	archived	mixed read lengths		
ENCFF372LCI	bam	bam		alignments	hg19	ENCSR366YOG	eCLIP	/human-donors/ENCDO000AAD/	EFO:0002067	K562	cell line	Homo sapiens										QKI-human	RNA				ultraviolet irradiation	strand-specific	2016-04-26	ENCODE		see document	175-300	1	1_1		43					/files/ENCFF823SQL/, /files/ENCFF120WPV/	116543512	Gene Yeo, UCSD	f3f67393c193b0962b5afab634bc6813		https://www.encodeproject.org/files/ENCFF372LCI/@@download/ENCFF372LCI.bam				released	s3://encode-public/2016/03/24/f2fd328e-44c9-4b24-8c5c-2373f31c4d09/ENCFF372LCI.bam	https://datasetencode.blob.core.windows.net/dataset/2016/03/24/f2fd328e-44c9-4b24-8c5c-2373f31c4d09/ENCFF372LCI.bam?sv=2019-10-10&si=prod&sr=c&sig=9qSQZo4ggrCNpybBExU8SypuUZV33igI11xw0P7rB3c%3D	Lab custom hg19	archived	mixed read lengths		
ENCFF698BKX	bam	bam		alignments	GRCh38	ENCSR366YOG	eCLIP	/human-donors/ENCDO000AAD/	EFO:0002067	K562	cell line	Homo sapiens										QKI-human	RNA				ultraviolet irradiation	strand-specific	2016-04-26	ENCODE		see document	175-300	1	1_1		43					/files/ENCFF823SQL/, /files/ENCFF120WPV/	114066026	Gene Yeo, UCSD	363a012a884fc28e4acc3e0f754f7d17		https://www.encodeproject.org/files/ENCFF698BKX/@@download/ENCFF698BKX.bam				released	s3://encode-public/2016/09/09/ce312269-fc9e-4a9f-a148-ab22f64282c0/ENCFF698BKX.bam	https://datasetencode.blob.core.windows.net/dataset/2016/09/09/ce312269-fc9e-4a9f-a148-ab22f64282c0/ENCFF698BKX.bam?sv=2019-10-10&si=prod&sr=c&sig=9qSQZo4ggrCNpybBExU8SypuUZV33igI11xw0P7rB3c%3D	Lab custom GRCh38	released	mixed read lengths		
ENCFF012WMS	bam	bam		alignments	GRCh38	ENCSR366YOG	eCLIP	/human-donors/ENCDO000AAD/	EFO:0002067	K562	cell line	Homo sapiens										QKI-human	RNA				ultraviolet irradiation	strand-specific	2016-04-26	ENCODE		see document	175-300	2	2_1		43					/files/ENCFF475LRP/, /files/ENCFF776ISN/	251751249	Gene Yeo, UCSD	0ef2d6fa175032e1f6eafe0873461e09		https://www.encodeproject.org/files/ENCFF012WMS/@@download/ENCFF012WMS.bam				released	s3://encode-public/2016/09/09/a86c4cc9-5db8-4c22-aed9-75386a6dc761/ENCFF012WMS.bam	https://datasetencode.blob.core.windows.net/dataset/2016/09/09/a86c4cc9-5db8-4c22-aed9-75386a6dc761/ENCFF012WMS.bam?sv=2019-10-10&si=prod&sr=c&sig=9qSQZo4ggrCNpybBExU8SypuUZV33igI11xw0P7rB3c%3D	Lab custom GRCh38	released	mixed read lengths		
ENCFF644NKM	bam	bam		alignments	hg19	ENCSR888YTT	eCLIP	/human-donors/ENCDO000AAD/	EFO:0002067	K562	cell line	Homo sapiens										LARP4-human	RNA				ultraviolet irradiation	strand-specific	2016-04-26	ENCODE		see document	175-300	1	1_1		43					/files/ENCFF984MPJ/, /files/ENCFF780ORI/	216124712	Gene Yeo, UCSD	4bd8640af79be4cefb5d22885e141eb4		https://www.encodeproject.org/files/ENCFF644NKM/@@download/ENCFF644NKM.bam				released	s3://encode-public/2016/03/11/b930691e-2aa4-4977-8a81-eb8e50eec65f/ENCFF644NKM.bam	https://datasetencode.blob.core.windows.net/dataset/2016/03/11/b930691e-2aa4-4977-8a81-eb8e50eec65f/ENCFF644NKM.bam?sv=2019-10-10&si=prod&sr=c&sig=9qSQZo4ggrCNpybBExU8SypuUZV33igI11xw0P7rB3c%3D	Lab custom hg19	archived	mixed read lengths		
ENCFF528CMP	bam	bam		alignments	hg19	ENCSR888YTT	eCLIP	/human-donors/ENCDO000AAD/	EFO:0002067	K562	cell line	Homo sapiens										LARP4-human	RNA				ultraviolet irradiation	strand-specific	2016-04-26	ENCODE		see document	175-300	2	2_1		43					/files/ENCFF109RNC/, /files/ENCFF498JIR/	149268289	Gene Yeo, UCSD	fdb3d399695fe7a6f8b50e4e525f84fe		https://www.encodeproject.org/files/ENCFF528CMP/@@download/ENCFF528CMP.bam				released	s3://encode-public/2016/03/11/9e7f7323-70fd-4fc9-a682-59aa748fbdb1/ENCFF528CMP.bam	https://datasetencode.blob.core.windows.net/dataset/2016/03/11/9e7f7323-70fd-4fc9-a682-59aa748fbdb1/ENCFF528CMP.bam?sv=2019-10-10&si=prod&sr=c&sig=9qSQZo4ggrCNpybBExU8SypuUZV33igI11xw0P7rB3c%3D	Lab custom hg19	archived	mixed read lengths		
ENCFF685FNB	bam	bam		alignments	GRCh38	ENCSR888YTT	eCLIP	/human-donors/ENCDO000AAD/	EFO:0002067	K562	cell line	Homo sapiens										LARP4-human	RNA				ultraviolet irradiation	strand-specific	2016-04-26	ENCODE		see document	175-300	1	1_1		43					/files/ENCFF984MPJ/, /files/ENCFF780ORI/	212979109	Gene Yeo, UCSD	cef3f335e58f882c73254617c7485672		https://www.encodeproject.org/files/ENCFF685FNB/@@download/ENCFF685FNB.bam				released	s3://encode-public/2016/09/09/25089ae9-5862-4c1d-b8d1-6b9f683d3f5b/ENCFF685FNB.bam	https://datasetencode.blob.core.windows.net/dataset/2016/09/09/25089ae9-5862-4c1d-b8d1-6b9f683d3f5b/ENCFF685FNB.bam?sv=2019-10-10&si=prod&sr=c&sig=9qSQZo4ggrCNpybBExU8SypuUZV33igI11xw0P7rB3c%3D	Lab custom GRCh38	released	mixed read lengths		
ENCFF773GGY	bam	bam		alignments	GRCh38	ENCSR888YTT	eCLIP	/human-donors/ENCDO000AAD/	EFO:0002067	K562	cell line	Homo sapiens										LARP4-human	RNA				ultraviolet irradiation	strand-specific	2016-04-26	ENCODE		see document	175-300	2	2_1		43					/files/ENCFF109RNC/, /files/ENCFF498JIR/	146498436	Gene Yeo, UCSD	fdc8e5a490c91d0634a63d994e5947fe		https://www.encodeproject.org/files/ENCFF773GGY/@@download/ENCFF773GGY.bam				released	s3://encode-public/2016/09/09/47c47ebc-d9ef-4752-8ab6-63988ba9a453/ENCFF773GGY.bam	https://datasetencode.blob.core.windows.net/dataset/2016/09/09/47c47ebc-d9ef-4752-8ab6-63988ba9a453/ENCFF773GGY.bam?sv=2019-10-10&si=prod&sr=c&sig=9qSQZo4ggrCNpybBExU8SypuUZV33igI11xw0P7rB3c%3D	Lab custom GRCh38	released	mixed read lengths		
ENCFF415SOY	bam	bam		unfiltered alignments	GRCh38	ENCSR691HQP	eCLIP	/human-donors/ENCDO000AAD/	EFO:0002067	K562	cell line	Homo sapiens										DEK-human	RNA				ultraviolet irradiation	reverse	2023-02-03	ENCODE		see document	175-300	1	1_1		63					/files/ENCFF685AEC/	91001134	Gene Yeo, UCSD	3bf55a5e54f8a2f9876c3143d80531d3		https://www.encodeproject.org/files/ENCFF415SOY/@@download/ENCFF415SOY.bam	V29			archived	s3://encode-public/2022/01/12/a07b6bf2-ff79-4997-9187-6553647cca91/ENCFF415SOY.bam	https://datasetencode.blob.core.windows.net/dataset/2022/01/12/a07b6bf2-ff79-4997-9187-6553647cca91/ENCFF415SOY.bam?sv=2019-10-10&si=prod&sr=c&sig=9qSQZo4ggrCNpybBExU8SypuUZV33igI11xw0P7rB3c%3D	Lab custom GRCh38 V29	archived		partially characterized antibody	
ENCFF290HNR	bam	bam		alignments	GRCh38	ENCSR691HQP	eCLIP	/human-donors/ENCDO000AAD/	EFO:0002067	K562	cell line	Homo sapiens										DEK-human	RNA				ultraviolet irradiation	reverse	2023-02-03	ENCODE		see document	175-300	1	1_1		63					/files/ENCFF415SOY/	36544695	Gene Yeo, UCSD	bf1ede64f13e81b1dc1071ccd4477b4e		https://www.encodeproject.org/files/ENCFF290HNR/@@download/ENCFF290HNR.bam	V29			archived	s3://encode-public/2022/01/12/c13607f5-a18e-4cb7-8e93-bf7f2a917234/ENCFF290HNR.bam	https://datasetencode.blob.core.windows.net/dataset/2022/01/12/c13607f5-a18e-4cb7-8e93-bf7f2a917234/ENCFF290HNR.bam?sv=2019-10-10&si=prod&sr=c&sig=9qSQZo4ggrCNpybBExU8SypuUZV33igI11xw0P7rB3c%3D	Lab custom GRCh38 V29	archived		partially characterized antibody	
ENCFF645JPQ	bam	bam		unfiltered alignments	GRCh38	ENCSR691HQP	eCLIP	/human-donors/ENCDO000AAD/	EFO:0002067	K562	cell line	Homo sapiens										DEK-human	RNA				ultraviolet irradiation	reverse	2023-02-03	ENCODE		see document	175-300	2	2_1		63					/files/ENCFF527VKC/	59675080	Gene Yeo, UCSD	9c20f21d8dcd22c7120017c9f501aa7d		https://www.encodeproject.org/files/ENCFF645JPQ/@@download/ENCFF645JPQ.bam	V29			archived	s3://encode-public/2022/01/12/06c1b712-6fd3-40b6-8313-0e053b5d3683/ENCFF645JPQ.bam	https://datasetencode.blob.core.windows.net/dataset/2022/01/12/06c1b712-6fd3-40b6-8313-0e053b5d3683/ENCFF645JPQ.bam?sv=2019-10-10&si=prod&sr=c&sig=9qSQZo4ggrCNpybBExU8SypuUZV33igI11xw0P7rB3c%3D	Lab custom GRCh38 V29	archived		partially characterized antibody	
ENCFF569WIZ	bam	bam		alignments	GRCh38	ENCSR691HQP	eCLIP	/human-donors/ENCDO000AAD/	EFO:0002067	K562	cell line	Homo sapiens										DEK-human	RNA				ultraviolet irradiation	reverse	2023-02-03	ENCODE		see document	175-300	2	2_1		63					/files/ENCFF645JPQ/	29381347	Gene Yeo, UCSD	84cc5379cab42e26715cf8cfbc1300c3		https://www.encodeproject.org/files/ENCFF569WIZ/@@download/ENCFF569WIZ.bam	V29			archived	s3://encode-public/2022/01/12/70b071d2-6e35-40aa-82ca-2abd49f29ce3/ENCFF569WIZ.bam	https://datasetencode.blob.core.windows.net/dataset/2022/01/12/70b071d2-6e35-40aa-82ca-2abd49f29ce3/ENCFF569WIZ.bam?sv=2019-10-10&si=prod&sr=c&sig=9qSQZo4ggrCNpybBExU8SypuUZV33igI11xw0P7rB3c%3D	Lab custom GRCh38 V29	archived		partially characterized antibody	
ENCFF891QNV	bam	bam		alignments	hg19	ENCSR484LTQ	eCLIP	/human-donors/ENCDO000AAD/	EFO:0002067	K562	cell line	Homo sapiens										NCBP2-human	RNA				ultraviolet irradiation	strand-specific	2016-04-26	ENCODE		see document	175-300	1	1_1		35					/files/ENCFF205RFL/, /files/ENCFF608TLJ/	109981772	Gene Yeo, UCSD	a6d4d6e00ac2c5a2a51723ae7bb1cba8		https://www.encodeproject.org/files/ENCFF891QNV/@@download/ENCFF891QNV.bam				released	s3://encode-public/2016/03/11/a25bb07a-8325-438b-9a05-762b391ee349/ENCFF891QNV.bam	https://datasetencode.blob.core.windows.net/dataset/2016/03/11/a25bb07a-8325-438b-9a05-762b391ee349/ENCFF891QNV.bam?sv=2019-10-10&si=prod&sr=c&sig=9qSQZo4ggrCNpybBExU8SypuUZV33igI11xw0P7rB3c%3D	Lab custom hg19	archived			
ENCFF771UZR	bam	bam		alignments	hg19	ENCSR484LTQ	eCLIP	/human-donors/ENCDO000AAD/	EFO:0002067	K562	cell line	Homo sapiens										NCBP2-human	RNA				ultraviolet irradiation	strand-specific	2016-04-26	ENCODE		see document	175-300	2	2_1		35					/files/ENCFF053VCT/, /files/ENCFF098RUK/	192980560	Gene Yeo, UCSD	e77152fc84da782cf47891b798f856fa		https://www.encodeproject.org/files/ENCFF771UZR/@@download/ENCFF771UZR.bam				released	s3://encode-public/2016/03/11/1f5e6d66-6ed3-493b-9fd7-aeb077e94e70/ENCFF771UZR.bam	https://datasetencode.blob.core.windows.net/dataset/2016/03/11/1f5e6d66-6ed3-493b-9fd7-aeb077e94e70/ENCFF771UZR.bam?sv=2019-10-10&si=prod&sr=c&sig=9qSQZo4ggrCNpybBExU8SypuUZV33igI11xw0P7rB3c%3D	Lab custom hg19	archived			
ENCFF913QVA	bam	bam		alignments	GRCh38	ENCSR484LTQ	eCLIP	/human-donors/ENCDO000AAD/	EFO:0002067	K562	cell line	Homo sapiens										NCBP2-human	RNA				ultraviolet irradiation	strand-specific	2016-04-26	ENCODE		see document	175-300	1	1_1		35					/files/ENCFF205RFL/, /files/ENCFF608TLJ/	103443356	Gene Yeo, UCSD	27218b82281482966fb01941ec429f26		https://www.encodeproject.org/files/ENCFF913QVA/@@download/ENCFF913QVA.bam				released	s3://encode-public/2016/09/09/e68f751e-1d2d-4db9-afc4-d3f9c956c3f4/ENCFF913QVA.bam	https://datasetencode.blob.core.windows.net/dataset/2016/09/09/e68f751e-1d2d-4db9-afc4-d3f9c956c3f4/ENCFF913QVA.bam?sv=2019-10-10&si=prod&sr=c&sig=9qSQZo4ggrCNpybBExU8SypuUZV33igI11xw0P7rB3c%3D	Lab custom GRCh38	released			
ENCFF308LKS	bam	bam		alignments	GRCh38	ENCSR484LTQ	eCLIP	/human-donors/ENCDO000AAD/	EFO:0002067	K562	cell line	Homo sapiens										NCBP2-human	RNA				ultraviolet irradiation	strand-specific	2016-04-26	ENCODE		see document	175-300	2	2_1		35					/files/ENCFF053VCT/, /files/ENCFF098RUK/	185103951	Gene Yeo, UCSD	034e3ed9463855be7d30214c163fbf32		https://www.encodeproject.org/files/ENCFF308LKS/@@download/ENCFF308LKS.bam				released	s3://encode-public/2016/09/09/25beec53-aa2d-4dca-8cc7-d7f7a9273d94/ENCFF308LKS.bam	https://datasetencode.blob.core.windows.net/dataset/2016/09/09/25beec53-aa2d-4dca-8cc7-d7f7a9273d94/ENCFF308LKS.bam?sv=2019-10-10&si=prod&sr=c&sig=9qSQZo4ggrCNpybBExU8SypuUZV33igI11xw0P7rB3c%3D	Lab custom GRCh38	released			
ENCFF608XEX	bam	bam		alignments	hg19	ENCSR022BVV	eCLIP	/human-donors/ENCDO000AAD/	EFO:0002067	K562	cell line	Homo sapiens										LSM11-human	RNA				ultraviolet irradiation	strand-specific	2015-12-16	ENCODE		see document	175-300	2	2_1		40					/files/ENCFF408YYK/, /files/ENCFF875THF/	433302180	Gene Yeo, UCSD	dbc131b9614f536390307f72af303a8c		https://www.encodeproject.org/files/ENCFF608XEX/@@download/ENCFF608XEX.bam				released	s3://encode-public/2016/03/24/c04ec29b-aeef-412c-bdde-2853b8bb439f/ENCFF608XEX.bam	https://datasetencode.blob.core.windows.net/dataset/2016/03/24/c04ec29b-aeef-412c-bdde-2853b8bb439f/ENCFF608XEX.bam?sv=2019-10-10&si=prod&sr=c&sig=9qSQZo4ggrCNpybBExU8SypuUZV33igI11xw0P7rB3c%3D	Lab custom hg19	archived			
ENCFF636BMJ	bam	bam		alignments	hg19	ENCSR022BVV	eCLIP	/human-donors/ENCDO000AAD/	EFO:0002067	K562	cell line	Homo sapiens										LSM11-human	RNA				ultraviolet irradiation	strand-specific	2015-12-16	ENCODE		see document	175-300	1	1_1		40					/files/ENCFF924IHY/, /files/ENCFF203JSP/	243694992	Gene Yeo, UCSD	b0f7fac543e48f4ff82bd1b93977eb7f		https://www.encodeproject.org/files/ENCFF636BMJ/@@download/ENCFF636BMJ.bam				released	s3://encode-public/2016/03/24/31f8ecfe-ad4c-4298-b485-f9292d71b81b/ENCFF636BMJ.bam	https://datasetencode.blob.core.windows.net/dataset/2016/03/24/31f8ecfe-ad4c-4298-b485-f9292d71b81b/ENCFF636BMJ.bam?sv=2019-10-10&si=prod&sr=c&sig=9qSQZo4ggrCNpybBExU8SypuUZV33igI11xw0P7rB3c%3D	Lab custom hg19	archived			
ENCFF938CFK	bam	bam		alignments	GRCh38	ENCSR022BVV	eCLIP	/human-donors/ENCDO000AAD/	EFO:0002067	K562	cell line	Homo sapiens										LSM11-human	RNA				ultraviolet irradiation	strand-specific	2015-12-16	ENCODE		see document	175-300	1	1_1		40					/files/ENCFF924IHY/, /files/ENCFF203JSP/	232127809	Gene Yeo, UCSD	1ea7fba173a74c96fcd67af62d37cd57		https://www.encodeproject.org/files/ENCFF938CFK/@@download/ENCFF938CFK.bam				released	s3://encode-public/2016/09/09/0c7c57ef-a66e-4bd9-8004-fec5e8e665eb/ENCFF938CFK.bam	https://datasetencode.blob.core.windows.net/dataset/2016/09/09/0c7c57ef-a66e-4bd9-8004-fec5e8e665eb/ENCFF938CFK.bam?sv=2019-10-10&si=prod&sr=c&sig=9qSQZo4ggrCNpybBExU8SypuUZV33igI11xw0P7rB3c%3D	Lab custom GRCh38	released			
ENCFF989NBF	bam	bam		alignments	GRCh38	ENCSR022BVV	eCLIP	/human-donors/ENCDO000AAD/	EFO:0002067	K562	cell line	Homo sapiens										LSM11-human	RNA				ultraviolet irradiation	strand-specific	2015-12-16	ENCODE		see document	175-300	2	2_1		40					/files/ENCFF408YYK/, /files/ENCFF875THF/	420229071	Gene Yeo, UCSD	1c7beba18e37f7b5c455f65911cdb361		https://www.encodeproject.org/files/ENCFF989NBF/@@download/ENCFF989NBF.bam				released	s3://encode-public/2016/09/09/a0372409-0f28-46dc-b0b2-f70c4aaac9e6/ENCFF989NBF.bam	https://datasetencode.blob.core.windows.net/dataset/2016/09/09/a0372409-0f28-46dc-b0b2-f70c4aaac9e6/ENCFF989NBF.bam?sv=2019-10-10&si=prod&sr=c&sig=9qSQZo4ggrCNpybBExU8SypuUZV33igI11xw0P7rB3c%3D	Lab custom GRCh38	released			
ENCFF071RPR	bam	bam		unfiltered alignments	GRCh38	ENCSR539DEW	eCLIP	/human-donors/ENCDO000AAD/	EFO:0002067	K562	cell line	Homo sapiens										TIAL1-human	RNA				ultraviolet irradiation	reverse	2023-02-03	ENCODE		see document	175-300	2	2_1		64					/files/ENCFF460CNR/	839385757	Gene Yeo, UCSD	28ee842d1d6a0066364dc9e8747eee35		https://www.encodeproject.org/files/ENCFF071RPR/@@download/ENCFF071RPR.bam	V29			archived	s3://encode-public/2022/01/12/63701932-ee66-481f-b5a3-a5d0e0b6e5f9/ENCFF071RPR.bam	https://datasetencode.blob.core.windows.net/dataset/2022/01/12/63701932-ee66-481f-b5a3-a5d0e0b6e5f9/ENCFF071RPR.bam?sv=2019-10-10&si=prod&sr=c&sig=9qSQZo4ggrCNpybBExU8SypuUZV33igI11xw0P7rB3c%3D	Lab custom GRCh38 V29	archived		partially characterized antibody	
ENCFF077EYK	bam	bam		unfiltered alignments	GRCh38	ENCSR539DEW	eCLIP	/human-donors/ENCDO000AAD/	EFO:0002067	K562	cell line	Homo sapiens										TIAL1-human	RNA				ultraviolet irradiation	reverse	2023-02-03	ENCODE		see document	175-300	1	1_1		64					/files/ENCFF846ROY/	631296328	Gene Yeo, UCSD	c92029c88f94057cad5bd2d58f8afa95		https://www.encodeproject.org/files/ENCFF077EYK/@@download/ENCFF077EYK.bam	V29			archived	s3://encode-public/2022/01/12/763a0b11-9ab8-4770-af30-11d9d7229069/ENCFF077EYK.bam	https://datasetencode.blob.core.windows.net/dataset/2022/01/12/763a0b11-9ab8-4770-af30-11d9d7229069/ENCFF077EYK.bam?sv=2019-10-10&si=prod&sr=c&sig=9qSQZo4ggrCNpybBExU8SypuUZV33igI11xw0P7rB3c%3D	Lab custom GRCh38 V29	archived		partially characterized antibody	
ENCFF197WPO	bam	bam		alignments	GRCh38	ENCSR539DEW	eCLIP	/human-donors/ENCDO000AAD/	EFO:0002067	K562	cell line	Homo sapiens										TIAL1-human	RNA				ultraviolet irradiation	reverse	2023-02-03	ENCODE		see document	175-300	1	1_1		64					/files/ENCFF077EYK/	505163948	Gene Yeo, UCSD	b8f9106f2207c31908661ac287a9244f		https://www.encodeproject.org/files/ENCFF197WPO/@@download/ENCFF197WPO.bam	V29			archived	s3://encode-public/2022/01/12/70e103f9-0f24-4aec-be5a-007cc02c7ca4/ENCFF197WPO.bam	https://datasetencode.blob.core.windows.net/dataset/2022/01/12/70e103f9-0f24-4aec-be5a-007cc02c7ca4/ENCFF197WPO.bam?sv=2019-10-10&si=prod&sr=c&sig=9qSQZo4ggrCNpybBExU8SypuUZV33igI11xw0P7rB3c%3D	Lab custom GRCh38 V29	archived		partially characterized antibody	
ENCFF832PGP	bam	bam		alignments	GRCh38	ENCSR539DEW	eCLIP	/human-donors/ENCDO000AAD/	EFO:0002067	K562	cell line	Homo sapiens										TIAL1-human	RNA				ultraviolet irradiation	reverse	2023-02-03	ENCODE		see document	175-300	2	2_1		64					/files/ENCFF071RPR/	628233996	Gene Yeo, UCSD	db5804c302305f0818fe84a3d4d0e860		https://www.encodeproject.org/files/ENCFF832PGP/@@download/ENCFF832PGP.bam	V29			archived	s3://encode-public/2022/01/12/2dae5e73-0a3e-4410-bab6-cda2322d4cf0/ENCFF832PGP.bam	https://datasetencode.blob.core.windows.net/dataset/2022/01/12/2dae5e73-0a3e-4410-bab6-cda2322d4cf0/ENCFF832PGP.bam?sv=2019-10-10&si=prod&sr=c&sig=9qSQZo4ggrCNpybBExU8SypuUZV33igI11xw0P7rB3c%3D	Lab custom GRCh38 V29	archived		partially characterized antibody	
ENCFF558ZVR	bam	bam		unfiltered alignments	GRCh38	ENCSR498DQS	eCLIP	/human-donors/ENCDO000AAD/	EFO:0002067	K562	cell line	Homo sapiens										METTL1-human	RNA				ultraviolet irradiation	reverse	2022-11-16	ENCODE		see document	175-300	2	2_1		64					/files/ENCFF459PMF/	569984976	Gene Yeo, UCSD	34e801b7afcd409e8d7a0bcd83516279		https://www.encodeproject.org/files/ENCFF558ZVR/@@download/ENCFF558ZVR.bam	V29			released	s3://encode-public/2022/01/12/536af1e8-0b2d-4955-9401-6c925ebe5727/ENCFF558ZVR.bam	https://datasetencode.blob.core.windows.net/dataset/2022/01/12/536af1e8-0b2d-4955-9401-6c925ebe5727/ENCFF558ZVR.bam?sv=2019-10-10&si=prod&sr=c&sig=9qSQZo4ggrCNpybBExU8SypuUZV33igI11xw0P7rB3c%3D	Lab custom GRCh38 V29	released			
ENCFF923EBZ	bam	bam		alignments	GRCh38	ENCSR498DQS	eCLIP	/human-donors/ENCDO000AAD/	EFO:0002067	K562	cell line	Homo sapiens										METTL1-human	RNA				ultraviolet irradiation	reverse	2022-11-16	ENCODE		see document	175-300	1	1_1		64					/files/ENCFF170CLJ/	370330143	Gene Yeo, UCSD	bcae466500bdc00ecd689fee50221cd4		https://www.encodeproject.org/files/ENCFF923EBZ/@@download/ENCFF923EBZ.bam	V29			released	s3://encode-public/2022/01/12/16a4bef2-7e88-4512-b17a-ba5def117a5d/ENCFF923EBZ.bam	https://datasetencode.blob.core.windows.net/dataset/2022/01/12/16a4bef2-7e88-4512-b17a-ba5def117a5d/ENCFF923EBZ.bam?sv=2019-10-10&si=prod&sr=c&sig=9qSQZo4ggrCNpybBExU8SypuUZV33igI11xw0P7rB3c%3D	Lab custom GRCh38 V29	released			
ENCFF163QHZ	bam	bam		alignments	GRCh38	ENCSR498DQS	eCLIP	/human-donors/ENCDO000AAD/	EFO:0002067	K562	cell line	Homo sapiens										METTL1-human	RNA				ultraviolet irradiation	reverse	2022-11-16	ENCODE		see document	175-300	2	2_1		64					/files/ENCFF558ZVR/	423307440	Gene Yeo, UCSD	32eb07c23ced86ca15e2a404dad2a37c		https://www.encodeproject.org/files/ENCFF163QHZ/@@download/ENCFF163QHZ.bam	V29			released	s3://encode-public/2022/01/12/aa37fecd-480e-4bf0-9fa5-c729271e2775/ENCFF163QHZ.bam	https://datasetencode.blob.core.windows.net/dataset/2022/01/12/aa37fecd-480e-4bf0-9fa5-c729271e2775/ENCFF163QHZ.bam?sv=2019-10-10&si=prod&sr=c&sig=9qSQZo4ggrCNpybBExU8SypuUZV33igI11xw0P7rB3c%3D	Lab custom GRCh38 V29	released			
ENCFF170CLJ	bam	bam		unfiltered alignments	GRCh38	ENCSR498DQS	eCLIP	/human-donors/ENCDO000AAD/	EFO:0002067	K562	cell line	Homo sapiens										METTL1-human	RNA				ultraviolet irradiation	reverse	2022-11-16	ENCODE		see document	175-300	1	1_1		64					/files/ENCFF924RUW/	524233409	Gene Yeo, UCSD	23bf72f7df5fc7dff4557ebec9bec3ea		https://www.encodeproject.org/files/ENCFF170CLJ/@@download/ENCFF170CLJ.bam	V29			released	s3://encode-public/2022/01/12/674ef0f5-affb-4c23-9ce3-24675f9d4598/ENCFF170CLJ.bam	https://datasetencode.blob.core.windows.net/dataset/2022/01/12/674ef0f5-affb-4c23-9ce3-24675f9d4598/ENCFF170CLJ.bam?sv=2019-10-10&si=prod&sr=c&sig=9qSQZo4ggrCNpybBExU8SypuUZV33igI11xw0P7rB3c%3D	Lab custom GRCh38 V29	released			
ENCFF310LDP	bam	bam		unfiltered alignments	GRCh38	ENCSR959OKB	eCLIP	/human-donors/ENCDO000AAC/	EFO:0001187	HepG2	cell line	Homo sapiens										SNRPC-human	RNA				ultraviolet irradiation	reverse	2023-02-03	ENCODE		see document	175-300	2	2_1		64					/files/ENCFF977WMX/	259591285	Gene Yeo, UCSD	6e63fdbac4875afa3a3795f302af5796		https://www.encodeproject.org/files/ENCFF310LDP/@@download/ENCFF310LDP.bam	V29			archived	s3://encode-public/2022/01/12/1e193363-1194-4ad9-aa8e-a439f8e07245/ENCFF310LDP.bam	https://datasetencode.blob.core.windows.net/dataset/2022/01/12/1e193363-1194-4ad9-aa8e-a439f8e07245/ENCFF310LDP.bam?sv=2019-10-10&si=prod&sr=c&sig=9qSQZo4ggrCNpybBExU8SypuUZV33igI11xw0P7rB3c%3D	Lab custom GRCh38 V29	archived		partially characterized antibody	
ENCFF688DWO	bam	bam		alignments	GRCh38	ENCSR959OKB	eCLIP	/human-donors/ENCDO000AAC/	EFO:0001187	HepG2	cell line	Homo sapiens										SNRPC-human	RNA				ultraviolet irradiation	reverse	2023-02-03	ENCODE		see document	175-300	2	2_1		64					/files/ENCFF310LDP/	166653122	Gene Yeo, UCSD	7f94e5dba7ac5a07be5ea6088b95aa3a		https://www.encodeproject.org/files/ENCFF688DWO/@@download/ENCFF688DWO.bam	V29			archived	s3://encode-public/2022/01/12/7e0a1e26-85a2-46d6-a618-06acaee4beb8/ENCFF688DWO.bam	https://datasetencode.blob.core.windows.net/dataset/2022/01/12/7e0a1e26-85a2-46d6-a618-06acaee4beb8/ENCFF688DWO.bam?sv=2019-10-10&si=prod&sr=c&sig=9qSQZo4ggrCNpybBExU8SypuUZV33igI11xw0P7rB3c%3D	Lab custom GRCh38 V29	archived		partially characterized antibody	
ENCFF737EBL	bam	bam		unfiltered alignments	GRCh38	ENCSR959OKB	eCLIP	/human-donors/ENCDO000AAC/	EFO:0001187	HepG2	cell line	Homo sapiens										SNRPC-human	RNA				ultraviolet irradiation	reverse	2023-02-03	ENCODE		see document	175-300	1	1_1		64					/files/ENCFF797QDP/	367300737	Gene Yeo, UCSD	a08e754619fbb5180ebb717941ddaec4		https://www.encodeproject.org/files/ENCFF737EBL/@@download/ENCFF737EBL.bam	V29			archived	s3://encode-public/2022/01/12/b6b970c7-19e1-461a-9f17-6df82a5a1f36/ENCFF737EBL.bam	https://datasetencode.blob.core.windows.net/dataset/2022/01/12/b6b970c7-19e1-461a-9f17-6df82a5a1f36/ENCFF737EBL.bam?sv=2019-10-10&si=prod&sr=c&sig=9qSQZo4ggrCNpybBExU8SypuUZV33igI11xw0P7rB3c%3D	Lab custom GRCh38 V29	archived		partially characterized antibody	
ENCFF165TAF	bam	bam		alignments	GRCh38	ENCSR959OKB	eCLIP	/human-donors/ENCDO000AAC/	EFO:0001187	HepG2	cell line	Homo sapiens										SNRPC-human	RNA				ultraviolet irradiation	reverse	2023-02-03	ENCODE		see document	175-300	1	1_1		64					/files/ENCFF737EBL/	255448288	Gene Yeo, UCSD	25ab8f2e290892b6568b4fc87c7ff777		https://www.encodeproject.org/files/ENCFF165TAF/@@download/ENCFF165TAF.bam	V29			archived	s3://encode-public/2022/01/12/cc03f48e-971d-42b4-b092-a4a466700cfc/ENCFF165TAF.bam	https://datasetencode.blob.core.windows.net/dataset/2022/01/12/cc03f48e-971d-42b4-b092-a4a466700cfc/ENCFF165TAF.bam?sv=2019-10-10&si=prod&sr=c&sig=9qSQZo4ggrCNpybBExU8SypuUZV33igI11xw0P7rB3c%3D	Lab custom GRCh38 V29	archived		partially characterized antibody	
ENCFF811PSC	bam	bam		unfiltered alignments	GRCh38	ENCSR440MSY	eCLIP	/human-donors/ENCDO000AAD/	EFO:0002067	K562	cell line	Homo sapiens										ELAC2-human	RNA				ultraviolet irradiation	reverse	2022-11-16	ENCODE		see document	175-300	1	1_1		64					/files/ENCFF893MRC/	696865907	Gene Yeo, UCSD	a362f8f213662d0728325bb0a3975ee4		https://www.encodeproject.org/files/ENCFF811PSC/@@download/ENCFF811PSC.bam	V29			released	s3://encode-public/2022/01/12/08090cb8-c958-4c94-bf6e-00e431936b29/ENCFF811PSC.bam	https://datasetencode.blob.core.windows.net/dataset/2022/01/12/08090cb8-c958-4c94-bf6e-00e431936b29/ENCFF811PSC.bam?sv=2019-10-10&si=prod&sr=c&sig=9qSQZo4ggrCNpybBExU8SypuUZV33igI11xw0P7rB3c%3D	Lab custom GRCh38 V29	released			
ENCFF871ZNQ	bam	bam		alignments	GRCh38	ENCSR440MSY	eCLIP	/human-donors/ENCDO000AAD/	EFO:0002067	K562	cell line	Homo sapiens										ELAC2-human	RNA				ultraviolet irradiation	reverse	2022-11-16	ENCODE		see document	175-300	1	1_1		64					/files/ENCFF811PSC/	395271290	Gene Yeo, UCSD	1c3142abaf13fb2f5b3e781845d5dacc		https://www.encodeproject.org/files/ENCFF871ZNQ/@@download/ENCFF871ZNQ.bam	V29			released	s3://encode-public/2022/01/12/61e8842e-ea19-4673-ae4b-b18ca9f05eae/ENCFF871ZNQ.bam	https://datasetencode.blob.core.windows.net/dataset/2022/01/12/61e8842e-ea19-4673-ae4b-b18ca9f05eae/ENCFF871ZNQ.bam?sv=2019-10-10&si=prod&sr=c&sig=9qSQZo4ggrCNpybBExU8SypuUZV33igI11xw0P7rB3c%3D	Lab custom GRCh38 V29	released			
ENCFF726IYX	bam	bam		unfiltered alignments	GRCh38	ENCSR440MSY	eCLIP	/human-donors/ENCDO000AAD/	EFO:0002067	K562	cell line	Homo sapiens										ELAC2-human	RNA				ultraviolet irradiation	reverse	2022-11-16	ENCODE		see document	175-300	2	2_1		64					/files/ENCFF908GRB/	585746587	Gene Yeo, UCSD	447f077252a649f2a97a9c76dff035f0		https://www.encodeproject.org/files/ENCFF726IYX/@@download/ENCFF726IYX.bam	V29			released	s3://encode-public/2022/01/12/cdaf98a6-b6b3-472e-85a9-613ee051f017/ENCFF726IYX.bam	https://datasetencode.blob.core.windows.net/dataset/2022/01/12/cdaf98a6-b6b3-472e-85a9-613ee051f017/ENCFF726IYX.bam?sv=2019-10-10&si=prod&sr=c&sig=9qSQZo4ggrCNpybBExU8SypuUZV33igI11xw0P7rB3c%3D	Lab custom GRCh38 V29	released			
ENCFF121HUI	bam	bam		alignments	GRCh38	ENCSR440MSY	eCLIP	/human-donors/ENCDO000AAD/	EFO:0002067	K562	cell line	Homo sapiens										ELAC2-human	RNA				ultraviolet irradiation	reverse	2022-11-16	ENCODE		see document	175-300	2	2_1		64					/files/ENCFF726IYX/	342458020	Gene Yeo, UCSD	56c6a3b19a9d4f7a32cbc1516d9e783f		https://www.encodeproject.org/files/ENCFF121HUI/@@download/ENCFF121HUI.bam	V29			released	s3://encode-public/2022/01/12/63114577-377b-41c8-a0c2-858a76f1f7fc/ENCFF121HUI.bam	https://datasetencode.blob.core.windows.net/dataset/2022/01/12/63114577-377b-41c8-a0c2-858a76f1f7fc/ENCFF121HUI.bam?sv=2019-10-10&si=prod&sr=c&sig=9qSQZo4ggrCNpybBExU8SypuUZV33igI11xw0P7rB3c%3D	Lab custom GRCh38 V29	released			
ENCFF920WRR	bam	bam		unfiltered alignments	GRCh38	ENCSR181SOG	eCLIP	/human-donors/ENCDO000AAC/	EFO:0001187	HepG2	cell line	Homo sapiens										GARS-human	RNA				ultraviolet irradiation	reverse	2023-02-03	ENCODE		see document	175-300	1	1_1		89					/files/ENCFF211HPI/	265353396	Gene Yeo, UCSD	beb5f98a394dcfc626e760f7c9296bad		https://www.encodeproject.org/files/ENCFF920WRR/@@download/ENCFF920WRR.bam	V29			archived	s3://encode-public/2022/01/12/9372008d-a457-4f9e-a4ed-4edd3be998a8/ENCFF920WRR.bam	https://datasetencode.blob.core.windows.net/dataset/2022/01/12/9372008d-a457-4f9e-a4ed-4edd3be998a8/ENCFF920WRR.bam?sv=2019-10-10&si=prod&sr=c&sig=9qSQZo4ggrCNpybBExU8SypuUZV33igI11xw0P7rB3c%3D	Lab custom GRCh38 V29	archived		partially characterized antibody	
ENCFF351KUC	bam	bam		alignments	GRCh38	ENCSR181SOG	eCLIP	/human-donors/ENCDO000AAC/	EFO:0001187	HepG2	cell line	Homo sapiens										GARS-human	RNA				ultraviolet irradiation	reverse	2023-02-03	ENCODE		see document	175-300	1	1_1		88					/files/ENCFF920WRR/	100470571	Gene Yeo, UCSD	e66c9ba9d717c805050ef7c750a84c25		https://www.encodeproject.org/files/ENCFF351KUC/@@download/ENCFF351KUC.bam	V29			archived	s3://encode-public/2022/01/12/bc6da9bf-e0a6-40b5-bc46-ddb393e54ea5/ENCFF351KUC.bam	https://datasetencode.blob.core.windows.net/dataset/2022/01/12/bc6da9bf-e0a6-40b5-bc46-ddb393e54ea5/ENCFF351KUC.bam?sv=2019-10-10&si=prod&sr=c&sig=9qSQZo4ggrCNpybBExU8SypuUZV33igI11xw0P7rB3c%3D	Lab custom GRCh38 V29	archived		partially characterized antibody	
ENCFF151COU	bam	bam		unfiltered alignments	GRCh38	ENCSR181SOG	eCLIP	/human-donors/ENCDO000AAC/	EFO:0001187	HepG2	cell line	Homo sapiens										GARS-human	RNA				ultraviolet irradiation	reverse	2023-02-03	ENCODE		see document	175-300	2	2_1		89					/files/ENCFF057UEA/	389520492	Gene Yeo, UCSD	5c2f73d0fece89c18033dedc09553a23		https://www.encodeproject.org/files/ENCFF151COU/@@download/ENCFF151COU.bam	V29			archived	s3://encode-public/2022/01/12/616a8f91-723f-4166-b011-76c4eaadcd75/ENCFF151COU.bam	https://datasetencode.blob.core.windows.net/dataset/2022/01/12/616a8f91-723f-4166-b011-76c4eaadcd75/ENCFF151COU.bam?sv=2019-10-10&si=prod&sr=c&sig=9qSQZo4ggrCNpybBExU8SypuUZV33igI11xw0P7rB3c%3D	Lab custom GRCh38 V29	archived		partially characterized antibody	
ENCFF941ZXJ	bam	bam		alignments	GRCh38	ENCSR181SOG	eCLIP	/human-donors/ENCDO000AAC/	EFO:0001187	HepG2	cell line	Homo sapiens										GARS-human	RNA				ultraviolet irradiation	reverse	2023-02-03	ENCODE		see document	175-300	2	2_1		88					/files/ENCFF151COU/	173718771	Gene Yeo, UCSD	71ca5d1310be9f118438c9ba0bfc0d6f		https://www.encodeproject.org/files/ENCFF941ZXJ/@@download/ENCFF941ZXJ.bam	V29			archived	s3://encode-public/2022/01/12/04ae1b1f-117b-4d51-ac0c-119b504191e3/ENCFF941ZXJ.bam	https://datasetencode.blob.core.windows.net/dataset/2022/01/12/04ae1b1f-117b-4d51-ac0c-119b504191e3/ENCFF941ZXJ.bam?sv=2019-10-10&si=prod&sr=c&sig=9qSQZo4ggrCNpybBExU8SypuUZV33igI11xw0P7rB3c%3D	Lab custom GRCh38 V29	archived		partially characterized antibody	
ENCFF704FID	bam	bam		alignments	GRCh38	ENCSR953ZOA	eCLIP	/human-donors/ENCDO000AAD/	EFO:0002067	K562	cell line	Homo sapiens										HNRNPK-human	RNA				ultraviolet irradiation	reverse	2022-07-19	ENCODE		see document	175-300	1	1_1		63					/files/ENCFF827GTT/	209182377	Gene Yeo, UCSD	b20a3844ec0052b1728356b5398ed84a		https://www.encodeproject.org/files/ENCFF704FID/@@download/ENCFF704FID.bam	V29			released	s3://encode-public/2022/01/12/8c9ccf98-b9c5-4f26-b714-793ef08789c4/ENCFF704FID.bam	https://datasetencode.blob.core.windows.net/dataset/2022/01/12/8c9ccf98-b9c5-4f26-b714-793ef08789c4/ENCFF704FID.bam?sv=2019-10-10&si=prod&sr=c&sig=9qSQZo4ggrCNpybBExU8SypuUZV33igI11xw0P7rB3c%3D	Lab custom GRCh38 V29	released			
ENCFF827GTT	bam	bam		unfiltered alignments	GRCh38	ENCSR953ZOA	eCLIP	/human-donors/ENCDO000AAD/	EFO:0002067	K562	cell line	Homo sapiens										HNRNPK-human	RNA				ultraviolet irradiation	reverse	2022-07-19	ENCODE		see document	175-300	1	1_1		63					/files/ENCFF935EPG/	470666752	Gene Yeo, UCSD	bcb8d4dff7c997c00e552cf4873927dc		https://www.encodeproject.org/files/ENCFF827GTT/@@download/ENCFF827GTT.bam	V29			released	s3://encode-public/2022/01/12/3efcb319-d160-4698-98c4-f92434c73249/ENCFF827GTT.bam	https://datasetencode.blob.core.windows.net/dataset/2022/01/12/3efcb319-d160-4698-98c4-f92434c73249/ENCFF827GTT.bam?sv=2019-10-10&si=prod&sr=c&sig=9qSQZo4ggrCNpybBExU8SypuUZV33igI11xw0P7rB3c%3D	Lab custom GRCh38 V29	released			
ENCFF826OYP	bam	bam		unfiltered alignments	GRCh38	ENCSR953ZOA	eCLIP	/human-donors/ENCDO000AAD/	EFO:0002067	K562	cell line	Homo sapiens										HNRNPK-human	RNA				ultraviolet irradiation	reverse	2022-07-19	ENCODE		see document	175-300	2	2_1		63					/files/ENCFF244ZIB/	549399235	Gene Yeo, UCSD	0a73db063a997016750aa06401356532		https://www.encodeproject.org/files/ENCFF826OYP/@@download/ENCFF826OYP.bam	V29			released	s3://encode-public/2022/01/12/9b68791b-3914-4a12-a3d6-c4db895817d4/ENCFF826OYP.bam	https://datasetencode.blob.core.windows.net/dataset/2022/01/12/9b68791b-3914-4a12-a3d6-c4db895817d4/ENCFF826OYP.bam?sv=2019-10-10&si=prod&sr=c&sig=9qSQZo4ggrCNpybBExU8SypuUZV33igI11xw0P7rB3c%3D	Lab custom GRCh38 V29	released			
ENCFF570EJV	bam	bam		alignments	GRCh38	ENCSR953ZOA	eCLIP	/human-donors/ENCDO000AAD/	EFO:0002067	K562	cell line	Homo sapiens										HNRNPK-human	RNA				ultraviolet irradiation	reverse	2022-07-19	ENCODE		see document	175-300	2	2_1		63					/files/ENCFF826OYP/	356972785	Gene Yeo, UCSD	770fe70a82ea431fce7fd0e62068ca7c		https://www.encodeproject.org/files/ENCFF570EJV/@@download/ENCFF570EJV.bam	V29			released	s3://encode-public/2022/01/12/f8444d90-b373-471a-9ca6-99cd479f500b/ENCFF570EJV.bam	https://datasetencode.blob.core.windows.net/dataset/2022/01/12/f8444d90-b373-471a-9ca6-99cd479f500b/ENCFF570EJV.bam?sv=2019-10-10&si=prod&sr=c&sig=9qSQZo4ggrCNpybBExU8SypuUZV33igI11xw0P7rB3c%3D	Lab custom GRCh38 V29	released			
ENCFF395VNE	bam	bam		alignments	hg19	ENCSR384KAN	eCLIP	/human-donors/ENCDO000AAC/	EFO:0001187	HepG2	cell line	Homo sapiens										PTBP1-human	RNA				ultraviolet irradiation	strand-specific	2016-09-21	ENCODE		see document	175-300	2	2_1		39					/files/ENCFF921MMF/, /files/ENCFF515WDT/	382007651	Gene Yeo, UCSD	81ea08fbbd346f360318b883efa862be		https://www.encodeproject.org/files/ENCFF395VNE/@@download/ENCFF395VNE.bam				released	s3://encode-public/2016/08/04/03e89324-2351-41e1-9b27-e9b8bba03544/ENCFF395VNE.bam	https://datasetencode.blob.core.windows.net/dataset/2016/08/04/03e89324-2351-41e1-9b27-e9b8bba03544/ENCFF395VNE.bam?sv=2019-10-10&si=prod&sr=c&sig=9qSQZo4ggrCNpybBExU8SypuUZV33igI11xw0P7rB3c%3D	Lab custom hg19	archived			
ENCFF938PTT	bam	bam		alignments	hg19	ENCSR384KAN	eCLIP	/human-donors/ENCDO000AAC/	EFO:0001187	HepG2	cell line	Homo sapiens										PTBP1-human	RNA				ultraviolet irradiation	strand-specific	2016-09-21	ENCODE		see document	175-300	1	1_1		40					/files/ENCFF824TZM/, /files/ENCFF176JNE/	596699470	Gene Yeo, UCSD	57d99d8636161d93f3c021f5f201e434		https://www.encodeproject.org/files/ENCFF938PTT/@@download/ENCFF938PTT.bam				released	s3://encode-public/2016/08/04/c0020954-2e61-46a7-b0da-5d2209ea07ab/ENCFF938PTT.bam	https://datasetencode.blob.core.windows.net/dataset/2016/08/04/c0020954-2e61-46a7-b0da-5d2209ea07ab/ENCFF938PTT.bam?sv=2019-10-10&si=prod&sr=c&sig=9qSQZo4ggrCNpybBExU8SypuUZV33igI11xw0P7rB3c%3D	Lab custom hg19	archived			
ENCFF295MQP	bam	bam		alignments	GRCh38	ENCSR384KAN	eCLIP	/human-donors/ENCDO000AAC/	EFO:0001187	HepG2	cell line	Homo sapiens										PTBP1-human	RNA				ultraviolet irradiation	strand-specific	2016-09-21	ENCODE		see document	175-300	1	1_1		40					/files/ENCFF824TZM/, /files/ENCFF176JNE/	580267503	Gene Yeo, UCSD	9104af6920020fc2d8274f77febe6465		https://www.encodeproject.org/files/ENCFF295MQP/@@download/ENCFF295MQP.bam				released	s3://encode-public/2016/09/09/a8e9172c-4677-4ead-b122-da5cd76479a5/ENCFF295MQP.bam	https://datasetencode.blob.core.windows.net/dataset/2016/09/09/a8e9172c-4677-4ead-b122-da5cd76479a5/ENCFF295MQP.bam?sv=2019-10-10&si=prod&sr=c&sig=9qSQZo4ggrCNpybBExU8SypuUZV33igI11xw0P7rB3c%3D	Lab custom GRCh38	released			
ENCFF386UIG	bam	bam		alignments	GRCh38	ENCSR384KAN	eCLIP	/human-donors/ENCDO000AAC/	EFO:0001187	HepG2	cell line	Homo sapiens										PTBP1-human	RNA				ultraviolet irradiation	strand-specific	2016-09-21	ENCODE		see document	175-300	2	2_1		39					/files/ENCFF921MMF/, /files/ENCFF515WDT/	360602065	Gene Yeo, UCSD	6919add951e9849d177611a8c163a363		https://www.encodeproject.org/files/ENCFF386UIG/@@download/ENCFF386UIG.bam				released	s3://encode-public/2016/09/09/f8fe114f-a81d-491e-8469-ef0c29ec56e1/ENCFF386UIG.bam	https://datasetencode.blob.core.windows.net/dataset/2016/09/09/f8fe114f-a81d-491e-8469-ef0c29ec56e1/ENCFF386UIG.bam?sv=2019-10-10&si=prod&sr=c&sig=9qSQZo4ggrCNpybBExU8SypuUZV33igI11xw0P7rB3c%3D	Lab custom GRCh38	released			
ENCFF379LAL	bam	bam		alignments	hg19	ENCSR267OLV	eCLIP	/human-donors/ENCDO000AAD/	EFO:0002067	K562	cell line	Homo sapiens										SF3B4-human	RNA				ultraviolet irradiation	strand-specific	2016-04-26	ENCODE		see document	175-300	1	1_1		43					/files/ENCFF036ZJT/, /files/ENCFF063MAF/	207845843	Gene Yeo, UCSD	963d35d5674c8658af19043db9a7fc6d		https://www.encodeproject.org/files/ENCFF379LAL/@@download/ENCFF379LAL.bam				released	s3://encode-public/2016/03/11/86232c8a-2d1d-418e-99c6-dd614258df46/ENCFF379LAL.bam	https://datasetencode.blob.core.windows.net/dataset/2016/03/11/86232c8a-2d1d-418e-99c6-dd614258df46/ENCFF379LAL.bam?sv=2019-10-10&si=prod&sr=c&sig=9qSQZo4ggrCNpybBExU8SypuUZV33igI11xw0P7rB3c%3D	Lab custom hg19	archived	mixed read lengths		
ENCFF477PBU	bam	bam		alignments	hg19	ENCSR267OLV	eCLIP	/human-donors/ENCDO000AAD/	EFO:0002067	K562	cell line	Homo sapiens										SF3B4-human	RNA				ultraviolet irradiation	strand-specific	2016-04-26	ENCODE		see document	175-300	2	2_1		43					/files/ENCFF363ZXR/, /files/ENCFF900YPE/	254448798	Gene Yeo, UCSD	b5166b7ea6a45899dd95f4e275947875		https://www.encodeproject.org/files/ENCFF477PBU/@@download/ENCFF477PBU.bam				released	s3://encode-public/2016/03/11/890cb02b-bd05-42e1-847f-66d10f3f4f83/ENCFF477PBU.bam	https://datasetencode.blob.core.windows.net/dataset/2016/03/11/890cb02b-bd05-42e1-847f-66d10f3f4f83/ENCFF477PBU.bam?sv=2019-10-10&si=prod&sr=c&sig=9qSQZo4ggrCNpybBExU8SypuUZV33igI11xw0P7rB3c%3D	Lab custom hg19	archived	mixed read lengths		
ENCFF095KWC	bam	bam		alignments	GRCh38	ENCSR267OLV	eCLIP	/human-donors/ENCDO000AAD/	EFO:0002067	K562	cell line	Homo sapiens										SF3B4-human	RNA				ultraviolet irradiation	strand-specific	2016-04-26	ENCODE		see document	175-300	1	1_1		43					/files/ENCFF036ZJT/, /files/ENCFF063MAF/	202465453	Gene Yeo, UCSD	f474ab2494b3349783f408ee7348b8ff		https://www.encodeproject.org/files/ENCFF095KWC/@@download/ENCFF095KWC.bam				released	s3://encode-public/2016/09/09/b6b211a9-c652-4e3c-9684-b07bd39e4487/ENCFF095KWC.bam	https://datasetencode.blob.core.windows.net/dataset/2016/09/09/b6b211a9-c652-4e3c-9684-b07bd39e4487/ENCFF095KWC.bam?sv=2019-10-10&si=prod&sr=c&sig=9qSQZo4ggrCNpybBExU8SypuUZV33igI11xw0P7rB3c%3D	Lab custom GRCh38	released	mixed read lengths		
ENCFF173BOO	bam	bam		alignments	GRCh38	ENCSR267OLV	eCLIP	/human-donors/ENCDO000AAD/	EFO:0002067	K562	cell line	Homo sapiens										SF3B4-human	RNA				ultraviolet irradiation	strand-specific	2016-04-26	ENCODE		see document	175-300	2	2_1		43					/files/ENCFF363ZXR/, /files/ENCFF900YPE/	247704209	Gene Yeo, UCSD	14e87f480670ff87f489641dfbfac9a7		https://www.encodeproject.org/files/ENCFF173BOO/@@download/ENCFF173BOO.bam				released	s3://encode-public/2016/09/09/7c9ccb57-4fa0-4171-85ff-88227723e99c/ENCFF173BOO.bam	https://datasetencode.blob.core.windows.net/dataset/2016/09/09/7c9ccb57-4fa0-4171-85ff-88227723e99c/ENCFF173BOO.bam?sv=2019-10-10&si=prod&sr=c&sig=9qSQZo4ggrCNpybBExU8SypuUZV33igI11xw0P7rB3c%3D	Lab custom GRCh38	released	mixed read lengths		
ENCFF614EMY	bam	bam		alignments	hg19	ENCSR947JVR	eCLIP	/human-donors/ENCDO000AAD/	EFO:0002067	K562	cell line	Homo sapiens										DGCR8-human	RNA				ultraviolet irradiation	strand-specific	2015-11-09	ENCODE		see document	175-300	2	2_1		40					/files/ENCFF370UVC/, /files/ENCFF905DBX/	193781838	Gene Yeo, UCSD	c6e5792834dc90e739b69d9025ab2e58		https://www.encodeproject.org/files/ENCFF614EMY/@@download/ENCFF614EMY.bam				released	s3://encode-public/2016/03/24/179f496f-149b-4c5f-bb55-5825343d6a19/ENCFF614EMY.bam	https://datasetencode.blob.core.windows.net/dataset/2016/03/24/179f496f-149b-4c5f-bb55-5825343d6a19/ENCFF614EMY.bam?sv=2019-10-10&si=prod&sr=c&sig=9qSQZo4ggrCNpybBExU8SypuUZV33igI11xw0P7rB3c%3D	Lab custom hg19	archived	mixed read lengths		
ENCFF491LUG	bam	bam		alignments	hg19	ENCSR947JVR	eCLIP	/human-donors/ENCDO000AAD/	EFO:0002067	K562	cell line	Homo sapiens										DGCR8-human	RNA				ultraviolet irradiation	strand-specific	2015-11-09	ENCODE		see document	175-300	1	1_1		40					/files/ENCFF969KXX/, /files/ENCFF162KZD/	182374628	Gene Yeo, UCSD	b5c064abc6f24330b66e190034508a94		https://www.encodeproject.org/files/ENCFF491LUG/@@download/ENCFF491LUG.bam				released	s3://encode-public/2016/03/24/a92e5d30-e858-4697-9bc0-368b91e9e906/ENCFF491LUG.bam	https://datasetencode.blob.core.windows.net/dataset/2016/03/24/a92e5d30-e858-4697-9bc0-368b91e9e906/ENCFF491LUG.bam?sv=2019-10-10&si=prod&sr=c&sig=9qSQZo4ggrCNpybBExU8SypuUZV33igI11xw0P7rB3c%3D	Lab custom hg19	archived	mixed read lengths		
ENCFF843HDQ	bam	bam		alignments	GRCh38	ENCSR947JVR	eCLIP	/human-donors/ENCDO000AAD/	EFO:0002067	K562	cell line	Homo sapiens										DGCR8-human	RNA				ultraviolet irradiation	strand-specific	2015-11-09	ENCODE		see document	175-300	1	1_1		40					/files/ENCFF969KXX/, /files/ENCFF162KZD/	181469635	Gene Yeo, UCSD	7859a73b58bbef31ac6d95b4fef31938		https://www.encodeproject.org/files/ENCFF843HDQ/@@download/ENCFF843HDQ.bam				released	s3://encode-public/2016/09/09/a45ced4a-d355-46c7-af62-693ad0301405/ENCFF843HDQ.bam	https://datasetencode.blob.core.windows.net/dataset/2016/09/09/a45ced4a-d355-46c7-af62-693ad0301405/ENCFF843HDQ.bam?sv=2019-10-10&si=prod&sr=c&sig=9qSQZo4ggrCNpybBExU8SypuUZV33igI11xw0P7rB3c%3D	Lab custom GRCh38	released	mixed read lengths		
ENCFF023RGT	bam	bam		alignments	GRCh38	ENCSR947JVR	eCLIP	/human-donors/ENCDO000AAD/	EFO:0002067	K562	cell line	Homo sapiens										DGCR8-human	RNA				ultraviolet irradiation	strand-specific	2015-11-09	ENCODE		see document	175-300	2	2_1		40					/files/ENCFF370UVC/, /files/ENCFF905DBX/	193143554	Gene Yeo, UCSD	c08d3aaebb72210909a676222077c09a		https://www.encodeproject.org/files/ENCFF023RGT/@@download/ENCFF023RGT.bam				released	s3://encode-public/2016/09/09/85347c5a-a123-4335-a29f-2941809154cc/ENCFF023RGT.bam	https://datasetencode.blob.core.windows.net/dataset/2016/09/09/85347c5a-a123-4335-a29f-2941809154cc/ENCFF023RGT.bam?sv=2019-10-10&si=prod&sr=c&sig=9qSQZo4ggrCNpybBExU8SypuUZV33igI11xw0P7rB3c%3D	Lab custom GRCh38	released	mixed read lengths		
ENCFF659VQW	bam	bam		alignments	hg19	ENCSR368GER	eCLIP	/human-donors/ENCDO845WKR/	UBERON:0002369	adrenal gland	tissue	Homo sapiens										HNRNPU-human	RNA				ultraviolet irradiation	strand-specific	2016-04-26	ENCODE		see document	175-300	2	2_1		35					/files/ENCFF821SEE/, /files/ENCFF444KRB/	483981851	Gene Yeo, UCSD	94dc7be8ff6995131657f7461c956fec		https://www.encodeproject.org/files/ENCFF659VQW/@@download/ENCFF659VQW.bam				released	s3://encode-public/2016/03/17/0aff6d2c-0ecb-4786-abe6-dc2fb7b91ece/ENCFF659VQW.bam	https://datasetencode.blob.core.windows.net/dataset/2016/03/17/0aff6d2c-0ecb-4786-abe6-dc2fb7b91ece/ENCFF659VQW.bam?sv=2019-10-10&si=prod&sr=c&sig=9qSQZo4ggrCNpybBExU8SypuUZV33igI11xw0P7rB3c%3D	Lab custom hg19	archived	antibody characterized with exemption		
ENCFF324XHT	bam	bam		alignments	hg19	ENCSR368GER	eCLIP	/human-donors/ENCDO845WKR/	UBERON:0002369	adrenal gland	tissue	Homo sapiens										HNRNPU-human	RNA				ultraviolet irradiation	strand-specific	2016-04-26	ENCODE		see document	175-300	1	1_1		35					/files/ENCFF398WKO/, /files/ENCFF517EXT/	498284938	Gene Yeo, UCSD	3691fbee2ef1bfde49f56a3aefc3a0fc		https://www.encodeproject.org/files/ENCFF324XHT/@@download/ENCFF324XHT.bam				released	s3://encode-public/2016/03/17/ca07c921-8bc3-4feb-aee6-54abf98154e2/ENCFF324XHT.bam	https://datasetencode.blob.core.windows.net/dataset/2016/03/17/ca07c921-8bc3-4feb-aee6-54abf98154e2/ENCFF324XHT.bam?sv=2019-10-10&si=prod&sr=c&sig=9qSQZo4ggrCNpybBExU8SypuUZV33igI11xw0P7rB3c%3D	Lab custom hg19	archived	antibody characterized with exemption		
ENCFF669JAT	bam	bam		alignments	GRCh38	ENCSR368GER	eCLIP	/human-donors/ENCDO845WKR/	UBERON:0002369	adrenal gland	tissue	Homo sapiens										HNRNPU-human	RNA				ultraviolet irradiation	strand-specific	2016-04-26	ENCODE		see document	175-300	1	1_1		35					/files/ENCFF398WKO/, /files/ENCFF517EXT/	478693123	Gene Yeo, UCSD	9cf77f9e33ff8a8b65835f3e36075180		https://www.encodeproject.org/files/ENCFF669JAT/@@download/ENCFF669JAT.bam				released	s3://encode-public/2017/01/25/ff5dfe0f-4aa6-405e-b70e-951c585c0f3a/ENCFF669JAT.bam	https://datasetencode.blob.core.windows.net/dataset/2017/01/25/ff5dfe0f-4aa6-405e-b70e-951c585c0f3a/ENCFF669JAT.bam?sv=2019-10-10&si=prod&sr=c&sig=9qSQZo4ggrCNpybBExU8SypuUZV33igI11xw0P7rB3c%3D	Lab custom GRCh38	released	antibody characterized with exemption		
ENCFF173RZH	bam	bam		alignments	GRCh38	ENCSR368GER	eCLIP	/human-donors/ENCDO845WKR/	UBERON:0002369	adrenal gland	tissue	Homo sapiens										HNRNPU-human	RNA				ultraviolet irradiation	strand-specific	2016-04-26	ENCODE		see document	175-300	2	2_1		35					/files/ENCFF821SEE/, /files/ENCFF444KRB/	452669447	Gene Yeo, UCSD	9b0136dc1aae0cff92474f1c81d6c54f		https://www.encodeproject.org/files/ENCFF173RZH/@@download/ENCFF173RZH.bam				released	s3://encode-public/2017/01/25/e2a1742c-3e5a-46d7-81fd-641e690e3399/ENCFF173RZH.bam	https://datasetencode.blob.core.windows.net/dataset/2017/01/25/e2a1742c-3e5a-46d7-81fd-641e690e3399/ENCFF173RZH.bam?sv=2019-10-10&si=prod&sr=c&sig=9qSQZo4ggrCNpybBExU8SypuUZV33igI11xw0P7rB3c%3D	Lab custom GRCh38	released	antibody characterized with exemption		
ENCFF981SIK	bam	bam		alignments	hg19	ENCSR841EQA	eCLIP	/human-donors/ENCDO000AAC/	EFO:0001187	HepG2	cell line	Homo sapiens										TAF15-human	RNA				ultraviolet irradiation	strand-specific	2015-11-09	ENCODE		see document	175-300	1	1_1		38					/files/ENCFF456KCB/, /files/ENCFF718IXR/	814234462	Gene Yeo, UCSD	436e9a94013177dd77213fc167fc2693		https://www.encodeproject.org/files/ENCFF981SIK/@@download/ENCFF981SIK.bam				released	s3://encode-public/2016/03/24/49e83455-4505-4585-a92b-860f34c9bfae/ENCFF981SIK.bam	https://datasetencode.blob.core.windows.net/dataset/2016/03/24/49e83455-4505-4585-a92b-860f34c9bfae/ENCFF981SIK.bam?sv=2019-10-10&si=prod&sr=c&sig=9qSQZo4ggrCNpybBExU8SypuUZV33igI11xw0P7rB3c%3D	Lab custom hg19	archived	mixed read lengths		
ENCFF730OHC	bam	bam		alignments	hg19	ENCSR841EQA	eCLIP	/human-donors/ENCDO000AAC/	EFO:0001187	HepG2	cell line	Homo sapiens										TAF15-human	RNA				ultraviolet irradiation	strand-specific	2015-11-09	ENCODE		see document	175-300	2	2_1		38					/files/ENCFF185GGV/, /files/ENCFF192XSY/	742865589	Gene Yeo, UCSD	6e077473d66965e3816fae23ebfba5e9		https://www.encodeproject.org/files/ENCFF730OHC/@@download/ENCFF730OHC.bam				released	s3://encode-public/2016/03/24/b7d3348e-cd4f-42d8-927d-b807774c663b/ENCFF730OHC.bam	https://datasetencode.blob.core.windows.net/dataset/2016/03/24/b7d3348e-cd4f-42d8-927d-b807774c663b/ENCFF730OHC.bam?sv=2019-10-10&si=prod&sr=c&sig=9qSQZo4ggrCNpybBExU8SypuUZV33igI11xw0P7rB3c%3D	Lab custom hg19	archived	mixed read lengths		
ENCFF420FTB	bam	bam		alignments	GRCh38	ENCSR841EQA	eCLIP	/human-donors/ENCDO000AAC/	EFO:0001187	HepG2	cell line	Homo sapiens										TAF15-human	RNA				ultraviolet irradiation	strand-specific	2015-11-09	ENCODE		see document	175-300	1	1_1		38					/files/ENCFF456KCB/, /files/ENCFF718IXR/	795529568	Gene Yeo, UCSD	811ec402a0da9eac48cfd47bf87fae86		https://www.encodeproject.org/files/ENCFF420FTB/@@download/ENCFF420FTB.bam				released	s3://encode-public/2016/09/09/98c61817-11a0-4d6d-b81c-c2d225cb2e2b/ENCFF420FTB.bam	https://datasetencode.blob.core.windows.net/dataset/2016/09/09/98c61817-11a0-4d6d-b81c-c2d225cb2e2b/ENCFF420FTB.bam?sv=2019-10-10&si=prod&sr=c&sig=9qSQZo4ggrCNpybBExU8SypuUZV33igI11xw0P7rB3c%3D	Lab custom GRCh38	released	mixed read lengths		
ENCFF701ZSE	bam	bam		alignments	GRCh38	ENCSR841EQA	eCLIP	/human-donors/ENCDO000AAC/	EFO:0001187	HepG2	cell line	Homo sapiens										TAF15-human	RNA				ultraviolet irradiation	strand-specific	2015-11-09	ENCODE		see document	175-300	2	2_1		38					/files/ENCFF185GGV/, /files/ENCFF192XSY/	725130147	Gene Yeo, UCSD	92fe04353c46a01ba6f47b7de7cfc81c		https://www.encodeproject.org/files/ENCFF701ZSE/@@download/ENCFF701ZSE.bam				released	s3://encode-public/2016/09/09/90e8769b-5974-4c19-9d17-07581e4877f5/ENCFF701ZSE.bam	https://datasetencode.blob.core.windows.net/dataset/2016/09/09/90e8769b-5974-4c19-9d17-07581e4877f5/ENCFF701ZSE.bam?sv=2019-10-10&si=prod&sr=c&sig=9qSQZo4ggrCNpybBExU8SypuUZV33igI11xw0P7rB3c%3D	Lab custom GRCh38	released	mixed read lengths		
ENCFF367JCV	bam	bam		alignments	hg19	ENCSR862QCH	eCLIP	/human-donors/ENCDO000AAD/	EFO:0002067	K562	cell line	Homo sapiens										U2AF1-human	RNA				ultraviolet irradiation	strand-specific	2015-07-15	ENCODE		see document	175-300	2	2_1		43					/files/ENCFF818OSI/, /files/ENCFF208AKL/	135319921	Gene Yeo, UCSD	ab28e57e38cf736fc4c16f09658d7f1c		https://www.encodeproject.org/files/ENCFF367JCV/@@download/ENCFF367JCV.bam				released	s3://encode-public/2016/03/23/0692c8e3-cc04-40bc-8f31-e192a3b91702/ENCFF367JCV.bam	https://datasetencode.blob.core.windows.net/dataset/2016/03/23/0692c8e3-cc04-40bc-8f31-e192a3b91702/ENCFF367JCV.bam?sv=2019-10-10&si=prod&sr=c&sig=9qSQZo4ggrCNpybBExU8SypuUZV33igI11xw0P7rB3c%3D	Lab custom hg19	archived			
ENCFF425GCF	bam	bam		alignments	hg19	ENCSR862QCH	eCLIP	/human-donors/ENCDO000AAD/	EFO:0002067	K562	cell line	Homo sapiens										U2AF1-human	RNA				ultraviolet irradiation	strand-specific	2015-07-15	ENCODE		see document	175-300	1	1_1		43					/files/ENCFF936MBM/, /files/ENCFF663SQD/	196212799	Gene Yeo, UCSD	43caf42d13fd59bc1f0969098f10de1e		https://www.encodeproject.org/files/ENCFF425GCF/@@download/ENCFF425GCF.bam				released	s3://encode-public/2016/03/23/b7c7324a-32d2-4d7b-94a2-7b2fe91079ca/ENCFF425GCF.bam	https://datasetencode.blob.core.windows.net/dataset/2016/03/23/b7c7324a-32d2-4d7b-94a2-7b2fe91079ca/ENCFF425GCF.bam?sv=2019-10-10&si=prod&sr=c&sig=9qSQZo4ggrCNpybBExU8SypuUZV33igI11xw0P7rB3c%3D	Lab custom hg19	archived			
ENCFF314SWS	bam	bam		alignments	GRCh38	ENCSR862QCH	eCLIP	/human-donors/ENCDO000AAD/	EFO:0002067	K562	cell line	Homo sapiens										U2AF1-human	RNA				ultraviolet irradiation	strand-specific	2015-07-15	ENCODE		see document	175-300	1	1_1		43					/files/ENCFF936MBM/, /files/ENCFF663SQD/	194198929	Gene Yeo, UCSD	950b1a19c3e938c2d30476ec4ff92869		https://www.encodeproject.org/files/ENCFF314SWS/@@download/ENCFF314SWS.bam				released	s3://encode-public/2016/09/09/62d30034-b034-401b-936a-5b77c6ae44d8/ENCFF314SWS.bam	https://datasetencode.blob.core.windows.net/dataset/2016/09/09/62d30034-b034-401b-936a-5b77c6ae44d8/ENCFF314SWS.bam?sv=2019-10-10&si=prod&sr=c&sig=9qSQZo4ggrCNpybBExU8SypuUZV33igI11xw0P7rB3c%3D	Lab custom GRCh38	released			
ENCFF132PVT	bam	bam		alignments	GRCh38	ENCSR862QCH	eCLIP	/human-donors/ENCDO000AAD/	EFO:0002067	K562	cell line	Homo sapiens										U2AF1-human	RNA				ultraviolet irradiation	strand-specific	2015-07-15	ENCODE		see document	175-300	2	2_1		43					/files/ENCFF818OSI/, /files/ENCFF208AKL/	133899800	Gene Yeo, UCSD	6bc1f6cc2a2ac74f786064a4560b8ec0		https://www.encodeproject.org/files/ENCFF132PVT/@@download/ENCFF132PVT.bam				released	s3://encode-public/2016/09/09/4c50c6d7-14d9-42ec-a637-ce97b385b08b/ENCFF132PVT.bam	https://datasetencode.blob.core.windows.net/dataset/2016/09/09/4c50c6d7-14d9-42ec-a637-ce97b385b08b/ENCFF132PVT.bam?sv=2019-10-10&si=prod&sr=c&sig=9qSQZo4ggrCNpybBExU8SypuUZV33igI11xw0P7rB3c%3D	Lab custom GRCh38	released			
ENCFF119DJS	bam	bam		alignments	hg19	ENCSR456ASB	eCLIP	/human-donors/ENCDO000AAD/	EFO:0002067	K562	cell line	Homo sapiens										UPF1-human	RNA				ultraviolet irradiation	strand-specific	2016-04-26	ENCODE		see document	175-300	1	1_1		40					/files/ENCFF170KCT/, /files/ENCFF493EKO/	274497718	Gene Yeo, UCSD	5ed877c3f1213143257e8d182a55ccc5		https://www.encodeproject.org/files/ENCFF119DJS/@@download/ENCFF119DJS.bam				released	s3://encode-public/2016/03/24/9d4eccd4-00e4-41e8-bfb5-a3a64c6a39b5/ENCFF119DJS.bam	https://datasetencode.blob.core.windows.net/dataset/2016/03/24/9d4eccd4-00e4-41e8-bfb5-a3a64c6a39b5/ENCFF119DJS.bam?sv=2019-10-10&si=prod&sr=c&sig=9qSQZo4ggrCNpybBExU8SypuUZV33igI11xw0P7rB3c%3D	Lab custom hg19	archived			
ENCFF174FBV	bam	bam		alignments	hg19	ENCSR456ASB	eCLIP	/human-donors/ENCDO000AAD/	EFO:0002067	K562	cell line	Homo sapiens										UPF1-human	RNA				ultraviolet irradiation	strand-specific	2016-04-26	ENCODE		see document	175-300	2	2_1		40					/files/ENCFF425NCO/, /files/ENCFF466HWF/	326518857	Gene Yeo, UCSD	12edb59de5f8957274199ce0addae4fe		https://www.encodeproject.org/files/ENCFF174FBV/@@download/ENCFF174FBV.bam				released	s3://encode-public/2016/03/24/1aea3fa3-2a37-4576-a392-d72237da8e35/ENCFF174FBV.bam	https://datasetencode.blob.core.windows.net/dataset/2016/03/24/1aea3fa3-2a37-4576-a392-d72237da8e35/ENCFF174FBV.bam?sv=2019-10-10&si=prod&sr=c&sig=9qSQZo4ggrCNpybBExU8SypuUZV33igI11xw0P7rB3c%3D	Lab custom hg19	archived			
ENCFF701TPG	bam	bam		alignments	GRCh38	ENCSR456ASB	eCLIP	/human-donors/ENCDO000AAD/	EFO:0002067	K562	cell line	Homo sapiens										UPF1-human	RNA				ultraviolet irradiation	strand-specific	2016-04-26	ENCODE		see document	175-300	2	2_1		40					/files/ENCFF425NCO/, /files/ENCFF466HWF/	315225685	Gene Yeo, UCSD	db3d57751d5baafd95a8ce382bd71e91		https://www.encodeproject.org/files/ENCFF701TPG/@@download/ENCFF701TPG.bam				released	s3://encode-public/2016/09/09/66b3f8c4-545f-4040-bc40-11808e3654e0/ENCFF701TPG.bam	https://datasetencode.blob.core.windows.net/dataset/2016/09/09/66b3f8c4-545f-4040-bc40-11808e3654e0/ENCFF701TPG.bam?sv=2019-10-10&si=prod&sr=c&sig=9qSQZo4ggrCNpybBExU8SypuUZV33igI11xw0P7rB3c%3D	Lab custom GRCh38	released			
ENCFF948AOR	bam	bam		alignments	GRCh38	ENCSR456ASB	eCLIP	/human-donors/ENCDO000AAD/	EFO:0002067	K562	cell line	Homo sapiens										UPF1-human	RNA				ultraviolet irradiation	strand-specific	2016-04-26	ENCODE		see document	175-300	1	1_1		40					/files/ENCFF170KCT/, /files/ENCFF493EKO/	259182068	Gene Yeo, UCSD	223d23b06ea540d966151d51cfc33209		https://www.encodeproject.org/files/ENCFF948AOR/@@download/ENCFF948AOR.bam				released	s3://encode-public/2016/09/09/9317b5d5-716a-4ebd-bffa-c63e7681d673/ENCFF948AOR.bam	https://datasetencode.blob.core.windows.net/dataset/2016/09/09/9317b5d5-716a-4ebd-bffa-c63e7681d673/ENCFF948AOR.bam?sv=2019-10-10&si=prod&sr=c&sig=9qSQZo4ggrCNpybBExU8SypuUZV33igI11xw0P7rB3c%3D	Lab custom GRCh38	released			
ENCFF070QII	bam	bam		alignments	hg19	ENCSR013CTQ	eCLIP	/human-donors/ENCDO000AAD/	EFO:0002067	K562	cell line	Homo sapiens										EXOSC5-human	RNA				ultraviolet irradiation	strand-specific	2017-11-19	ENCODE		see document	175-300	2	2_1		43					/files/ENCFF357QDX/, /files/ENCFF193VEK/	269749629	Gene Yeo, UCSD	27c98d3da5e75b27a685e59729d23075		https://www.encodeproject.org/files/ENCFF070QII/@@download/ENCFF070QII.bam				released	s3://encode-public/2016/03/17/b9670826-9e3a-4563-88f7-f25dd9a7060b/ENCFF070QII.bam	https://datasetencode.blob.core.windows.net/dataset/2016/03/17/b9670826-9e3a-4563-88f7-f25dd9a7060b/ENCFF070QII.bam?sv=2019-10-10&si=prod&sr=c&sig=9qSQZo4ggrCNpybBExU8SypuUZV33igI11xw0P7rB3c%3D	Lab custom hg19	archived			
ENCFF710TEK	bam	bam		alignments	hg19	ENCSR013CTQ	eCLIP	/human-donors/ENCDO000AAD/	EFO:0002067	K562	cell line	Homo sapiens										EXOSC5-human	RNA				ultraviolet irradiation	strand-specific	2017-11-19	ENCODE		see document	175-300	1	1_1		43					/files/ENCFF609MDJ/, /files/ENCFF293TAU/	271248454	Gene Yeo, UCSD	0912333c3f474f342e33591406d9c450		https://www.encodeproject.org/files/ENCFF710TEK/@@download/ENCFF710TEK.bam				released	s3://encode-public/2016/03/17/5d3e5990-a65f-4ab8-b802-db8ba11b60f9/ENCFF710TEK.bam	https://datasetencode.blob.core.windows.net/dataset/2016/03/17/5d3e5990-a65f-4ab8-b802-db8ba11b60f9/ENCFF710TEK.bam?sv=2019-10-10&si=prod&sr=c&sig=9qSQZo4ggrCNpybBExU8SypuUZV33igI11xw0P7rB3c%3D	Lab custom hg19	archived			
ENCFF344ZBI	bam	bam		alignments	GRCh38	ENCSR013CTQ	eCLIP	/human-donors/ENCDO000AAD/	EFO:0002067	K562	cell line	Homo sapiens										EXOSC5-human	RNA				ultraviolet irradiation	strand-specific	2017-11-19	ENCODE		see document	175-300	1	1_1		43					/files/ENCFF609MDJ/, /files/ENCFF293TAU/	267500336	Gene Yeo, UCSD	86f096f1b94194723cf572f0c41bec56		https://www.encodeproject.org/files/ENCFF344ZBI/@@download/ENCFF344ZBI.bam				released	s3://encode-public/2016/09/09/246dbf01-6c3a-4754-88c5-05b5a41389d8/ENCFF344ZBI.bam	https://datasetencode.blob.core.windows.net/dataset/2016/09/09/246dbf01-6c3a-4754-88c5-05b5a41389d8/ENCFF344ZBI.bam?sv=2019-10-10&si=prod&sr=c&sig=9qSQZo4ggrCNpybBExU8SypuUZV33igI11xw0P7rB3c%3D	Lab custom GRCh38	released			
ENCFF925JID	bam	bam		alignments	GRCh38	ENCSR013CTQ	eCLIP	/human-donors/ENCDO000AAD/	EFO:0002067	K562	cell line	Homo sapiens										EXOSC5-human	RNA				ultraviolet irradiation	strand-specific	2017-11-19	ENCODE		see document	175-300	2	2_1		43					/files/ENCFF357QDX/, /files/ENCFF193VEK/	266094731	Gene Yeo, UCSD	e128cc786af73ef6823531012ae42433		https://www.encodeproject.org/files/ENCFF925JID/@@download/ENCFF925JID.bam				released	s3://encode-public/2016/09/09/8b80b046-9bf2-4b3f-a3ba-89ae02e52246/ENCFF925JID.bam	https://datasetencode.blob.core.windows.net/dataset/2016/09/09/8b80b046-9bf2-4b3f-a3ba-89ae02e52246/ENCFF925JID.bam?sv=2019-10-10&si=prod&sr=c&sig=9qSQZo4ggrCNpybBExU8SypuUZV33igI11xw0P7rB3c%3D	Lab custom GRCh38	released			
ENCFF552FOU	bam	bam		alignments	hg19	ENCSR989SMC	eCLIP	/human-donors/ENCDO000AAD/	EFO:0002067	K562	cell line	Homo sapiens										FTO-human	RNA				ultraviolet irradiation	strand-specific	2016-10-31	ENCODE		see document	175-300	2	2_1		43					/files/ENCFF836JKJ/, /files/ENCFF185EIE/	223009347	Gene Yeo, UCSD	d4564201c63f8cdd909301c753322150		https://www.encodeproject.org/files/ENCFF552FOU/@@download/ENCFF552FOU.bam				released	s3://encode-public/2016/03/24/2427a597-fde6-4861-ad72-0acd1d3a4be1/ENCFF552FOU.bam	https://datasetencode.blob.core.windows.net/dataset/2016/03/24/2427a597-fde6-4861-ad72-0acd1d3a4be1/ENCFF552FOU.bam?sv=2019-10-10&si=prod&sr=c&sig=9qSQZo4ggrCNpybBExU8SypuUZV33igI11xw0P7rB3c%3D	Lab custom hg19	archived	mixed read lengths		
ENCFF589ZWA	bam	bam		alignments	hg19	ENCSR989SMC	eCLIP	/human-donors/ENCDO000AAD/	EFO:0002067	K562	cell line	Homo sapiens										FTO-human	RNA				ultraviolet irradiation	strand-specific	2016-10-31	ENCODE		see document	175-300	1	1_1		43					/files/ENCFF374PSI/, /files/ENCFF877URW/	262571138	Gene Yeo, UCSD	a69fea600a0766cd042f3d7de7c3b8f1		https://www.encodeproject.org/files/ENCFF589ZWA/@@download/ENCFF589ZWA.bam				released	s3://encode-public/2016/03/24/25ef1e91-886f-4328-90ed-717e518f24c1/ENCFF589ZWA.bam	https://datasetencode.blob.core.windows.net/dataset/2016/03/24/25ef1e91-886f-4328-90ed-717e518f24c1/ENCFF589ZWA.bam?sv=2019-10-10&si=prod&sr=c&sig=9qSQZo4ggrCNpybBExU8SypuUZV33igI11xw0P7rB3c%3D	Lab custom hg19	archived	mixed read lengths		
ENCFF462TDG	bam	bam		alignments	GRCh38	ENCSR989SMC	eCLIP	/human-donors/ENCDO000AAD/	EFO:0002067	K562	cell line	Homo sapiens										FTO-human	RNA				ultraviolet irradiation	strand-specific	2016-10-31	ENCODE		see document	175-300	1	1_1		43					/files/ENCFF374PSI/, /files/ENCFF877URW/	256893665	Gene Yeo, UCSD	edcff1d17fad43793e6667f41dc4c5a9		https://www.encodeproject.org/files/ENCFF462TDG/@@download/ENCFF462TDG.bam				released	s3://encode-public/2016/09/09/a1da22f2-6f5f-4cff-8d09-8b5b1f760c81/ENCFF462TDG.bam	https://datasetencode.blob.core.windows.net/dataset/2016/09/09/a1da22f2-6f5f-4cff-8d09-8b5b1f760c81/ENCFF462TDG.bam?sv=2019-10-10&si=prod&sr=c&sig=9qSQZo4ggrCNpybBExU8SypuUZV33igI11xw0P7rB3c%3D	Lab custom GRCh38	released	mixed read lengths		
ENCFF666GWV	bam	bam		alignments	GRCh38	ENCSR989SMC	eCLIP	/human-donors/ENCDO000AAD/	EFO:0002067	K562	cell line	Homo sapiens										FTO-human	RNA				ultraviolet irradiation	strand-specific	2016-10-31	ENCODE		see document	175-300	2	2_1		43					/files/ENCFF836JKJ/, /files/ENCFF185EIE/	217442476	Gene Yeo, UCSD	e04f8e152882fe406c974c74ec7cf680		https://www.encodeproject.org/files/ENCFF666GWV/@@download/ENCFF666GWV.bam				released	s3://encode-public/2016/09/09/6cfb125e-0bd6-41ba-bc95-d7e1f82e46a2/ENCFF666GWV.bam	https://datasetencode.blob.core.windows.net/dataset/2016/09/09/6cfb125e-0bd6-41ba-bc95-d7e1f82e46a2/ENCFF666GWV.bam?sv=2019-10-10&si=prod&sr=c&sig=9qSQZo4ggrCNpybBExU8SypuUZV33igI11xw0P7rB3c%3D	Lab custom GRCh38	released	mixed read lengths		
ENCFF854QQW	bam	bam		alignments	hg19	ENCSR412NOW	eCLIP	/human-donors/ENCDO000AAD/	EFO:0002067	K562	cell line	Homo sapiens										HNRNPM-human	RNA				ultraviolet irradiation	strand-specific	2015-07-15	ENCODE		see document	175-300	1	1_1		43					/files/ENCFF169FPF/, /files/ENCFF024KBB/	244170681	Gene Yeo, UCSD	dd86719cbe7de01a2754a94e9b7d9bfd		https://www.encodeproject.org/files/ENCFF854QQW/@@download/ENCFF854QQW.bam				released	s3://encode-public/2016/03/23/12644c94-e815-483d-8489-770f9c5f0531/ENCFF854QQW.bam	https://datasetencode.blob.core.windows.net/dataset/2016/03/23/12644c94-e815-483d-8489-770f9c5f0531/ENCFF854QQW.bam?sv=2019-10-10&si=prod&sr=c&sig=9qSQZo4ggrCNpybBExU8SypuUZV33igI11xw0P7rB3c%3D	Lab custom hg19	archived			
ENCFF259AUE	bam	bam		alignments	hg19	ENCSR412NOW	eCLIP	/human-donors/ENCDO000AAD/	EFO:0002067	K562	cell line	Homo sapiens										HNRNPM-human	RNA				ultraviolet irradiation	strand-specific	2015-07-15	ENCODE		see document	175-300	2	2_1		43					/files/ENCFF389NRU/, /files/ENCFF315KYY/	241594288	Gene Yeo, UCSD	f86d55dc62514f99f27be51b9dded506		https://www.encodeproject.org/files/ENCFF259AUE/@@download/ENCFF259AUE.bam				released	s3://encode-public/2016/03/23/82512c36-055b-4bf7-8b65-71aff99f7d2c/ENCFF259AUE.bam	https://datasetencode.blob.core.windows.net/dataset/2016/03/23/82512c36-055b-4bf7-8b65-71aff99f7d2c/ENCFF259AUE.bam?sv=2019-10-10&si=prod&sr=c&sig=9qSQZo4ggrCNpybBExU8SypuUZV33igI11xw0P7rB3c%3D	Lab custom hg19	archived			
ENCFF379LZD	bam	bam		alignments	GRCh38	ENCSR412NOW	eCLIP	/human-donors/ENCDO000AAD/	EFO:0002067	K562	cell line	Homo sapiens										HNRNPM-human	RNA				ultraviolet irradiation	strand-specific	2015-07-15	ENCODE		see document	175-300	2	2_1		43					/files/ENCFF389NRU/, /files/ENCFF315KYY/	239582027	Gene Yeo, UCSD	f4dbc8328b5754397aef179ec7a0b4cf		https://www.encodeproject.org/files/ENCFF379LZD/@@download/ENCFF379LZD.bam				released	s3://encode-public/2016/09/09/664beb23-21a5-48a0-b18b-0aca204a449e/ENCFF379LZD.bam	https://datasetencode.blob.core.windows.net/dataset/2016/09/09/664beb23-21a5-48a0-b18b-0aca204a449e/ENCFF379LZD.bam?sv=2019-10-10&si=prod&sr=c&sig=9qSQZo4ggrCNpybBExU8SypuUZV33igI11xw0P7rB3c%3D	Lab custom GRCh38	released			
ENCFF050PTL	bam	bam		alignments	GRCh38	ENCSR412NOW	eCLIP	/human-donors/ENCDO000AAD/	EFO:0002067	K562	cell line	Homo sapiens										HNRNPM-human	RNA				ultraviolet irradiation	strand-specific	2015-07-15	ENCODE		see document	175-300	1	1_1		43					/files/ENCFF169FPF/, /files/ENCFF024KBB/	241505505	Gene Yeo, UCSD	a9018f081a2990e7c4b45daa9467d3c0		https://www.encodeproject.org/files/ENCFF050PTL/@@download/ENCFF050PTL.bam				released	s3://encode-public/2016/09/09/07fd0bc5-3916-4218-b0e2-40472847fa74/ENCFF050PTL.bam	https://datasetencode.blob.core.windows.net/dataset/2016/09/09/07fd0bc5-3916-4218-b0e2-40472847fa74/ENCFF050PTL.bam?sv=2019-10-10&si=prod&sr=c&sig=9qSQZo4ggrCNpybBExU8SypuUZV33igI11xw0P7rB3c%3D	Lab custom GRCh38	released			
ENCFF561HQU	bam	bam		unfiltered alignments	GRCh38	ENCSR008MQM	eCLIP	/human-donors/ENCDO000AAD/	EFO:0002067	K562	cell line	Homo sapiens										DDX43-human	RNA				ultraviolet irradiation	reverse	2022-11-16	ENCODE		see document	175-300	2	2_1		63					/files/ENCFF338ZLQ/	692040258	Gene Yeo, UCSD	fff1c184105becc2534014997c7a2c7b		https://www.encodeproject.org/files/ENCFF561HQU/@@download/ENCFF561HQU.bam	V29			released	s3://encode-public/2022/01/12/38dee3a3-184b-4d11-b99b-5cf2e4098111/ENCFF561HQU.bam	https://datasetencode.blob.core.windows.net/dataset/2022/01/12/38dee3a3-184b-4d11-b99b-5cf2e4098111/ENCFF561HQU.bam?sv=2019-10-10&si=prod&sr=c&sig=9qSQZo4ggrCNpybBExU8SypuUZV33igI11xw0P7rB3c%3D	Lab custom GRCh38 V29	released			
ENCFF781FNG	bam	bam		alignments	GRCh38	ENCSR008MQM	eCLIP	/human-donors/ENCDO000AAD/	EFO:0002067	K562	cell line	Homo sapiens										DDX43-human	RNA				ultraviolet irradiation	reverse	2022-11-16	ENCODE		see document	175-300	2	2_1		63					/files/ENCFF561HQU/	296655727	Gene Yeo, UCSD	44ac0c30718c23d7f1a1c5b018904fac		https://www.encodeproject.org/files/ENCFF781FNG/@@download/ENCFF781FNG.bam	V29			released	s3://encode-public/2022/01/12/df893d7d-d269-4559-a5b3-cf6c789ee28e/ENCFF781FNG.bam	https://datasetencode.blob.core.windows.net/dataset/2022/01/12/df893d7d-d269-4559-a5b3-cf6c789ee28e/ENCFF781FNG.bam?sv=2019-10-10&si=prod&sr=c&sig=9qSQZo4ggrCNpybBExU8SypuUZV33igI11xw0P7rB3c%3D	Lab custom GRCh38 V29	released			
ENCFF353FMJ	bam	bam		unfiltered alignments	GRCh38	ENCSR008MQM	eCLIP	/human-donors/ENCDO000AAD/	EFO:0002067	K562	cell line	Homo sapiens										DDX43-human	RNA				ultraviolet irradiation	reverse	2022-11-16	ENCODE		see document	175-300	1	1_1		63					/files/ENCFF884KLU/	700309738	Gene Yeo, UCSD	e0b8dd4dd968665d8337b71957ccd7eb		https://www.encodeproject.org/files/ENCFF353FMJ/@@download/ENCFF353FMJ.bam	V29			released	s3://encode-public/2022/01/12/8e4dd845-3ea6-4ffc-8edb-e009029eeb72/ENCFF353FMJ.bam	https://datasetencode.blob.core.windows.net/dataset/2022/01/12/8e4dd845-3ea6-4ffc-8edb-e009029eeb72/ENCFF353FMJ.bam?sv=2019-10-10&si=prod&sr=c&sig=9qSQZo4ggrCNpybBExU8SypuUZV33igI11xw0P7rB3c%3D	Lab custom GRCh38 V29	released			
ENCFF006VBB	bam	bam		alignments	GRCh38	ENCSR008MQM	eCLIP	/human-donors/ENCDO000AAD/	EFO:0002067	K562	cell line	Homo sapiens										DDX43-human	RNA				ultraviolet irradiation	reverse	2022-11-16	ENCODE		see document	175-300	1	1_1		63					/files/ENCFF353FMJ/	294592116	Gene Yeo, UCSD	3b176744e091da332fefda92cb9e2491		https://www.encodeproject.org/files/ENCFF006VBB/@@download/ENCFF006VBB.bam	V29			released	s3://encode-public/2022/01/12/9955c82f-ecad-445c-a712-811c26fbca7a/ENCFF006VBB.bam	https://datasetencode.blob.core.windows.net/dataset/2022/01/12/9955c82f-ecad-445c-a712-811c26fbca7a/ENCFF006VBB.bam?sv=2019-10-10&si=prod&sr=c&sig=9qSQZo4ggrCNpybBExU8SypuUZV33igI11xw0P7rB3c%3D	Lab custom GRCh38 V29	released			
ENCFF719CCI	bam	bam		alignments	hg19	ENCSR062NNB	eCLIP	/human-donors/ENCDO000AAD/	EFO:0002067	K562	cell line	Homo sapiens										IGF2BP2-human	RNA				ultraviolet irradiation	strand-specific	2015-07-15	ENCODE		see document	175-300	1	1_1		43					/files/ENCFF307AUO/, /files/ENCFF563WIX/	201121575	Gene Yeo, UCSD	4ff1b5c67573e246a8cfa116fbed012d		https://www.encodeproject.org/files/ENCFF719CCI/@@download/ENCFF719CCI.bam				released	s3://encode-public/2016/03/23/258e99c5-a436-490a-bc4a-4ba2fe2c359b/ENCFF719CCI.bam	https://datasetencode.blob.core.windows.net/dataset/2016/03/23/258e99c5-a436-490a-bc4a-4ba2fe2c359b/ENCFF719CCI.bam?sv=2019-10-10&si=prod&sr=c&sig=9qSQZo4ggrCNpybBExU8SypuUZV33igI11xw0P7rB3c%3D	Lab custom hg19	archived			
ENCFF446VVE	bam	bam		alignments	hg19	ENCSR062NNB	eCLIP	/human-donors/ENCDO000AAD/	EFO:0002067	K562	cell line	Homo sapiens										IGF2BP2-human	RNA				ultraviolet irradiation	strand-specific	2015-07-15	ENCODE		see document	175-300	2	2_1		43					/files/ENCFF643OXD/, /files/ENCFF418NBV/	265288729	Gene Yeo, UCSD	bc29c47f5465dea798370aace0e440d4		https://www.encodeproject.org/files/ENCFF446VVE/@@download/ENCFF446VVE.bam				released	s3://encode-public/2016/03/23/72979b34-a5d7-4950-b618-eead50126845/ENCFF446VVE.bam	https://datasetencode.blob.core.windows.net/dataset/2016/03/23/72979b34-a5d7-4950-b618-eead50126845/ENCFF446VVE.bam?sv=2019-10-10&si=prod&sr=c&sig=9qSQZo4ggrCNpybBExU8SypuUZV33igI11xw0P7rB3c%3D	Lab custom hg19	archived			
ENCFF589JKO	bam	bam		alignments	GRCh38	ENCSR062NNB	eCLIP	/human-donors/ENCDO000AAD/	EFO:0002067	K562	cell line	Homo sapiens										IGF2BP2-human	RNA				ultraviolet irradiation	strand-specific	2015-07-15	ENCODE		see document	175-300	1	1_1		43					/files/ENCFF307AUO/, /files/ENCFF563WIX/	198823764	Gene Yeo, UCSD	f6562ccf8d797117b9fbb0200cef952a		https://www.encodeproject.org/files/ENCFF589JKO/@@download/ENCFF589JKO.bam				released	s3://encode-public/2016/09/09/dced36ec-ebda-4c09-a0a2-2d0564bbce3a/ENCFF589JKO.bam	https://datasetencode.blob.core.windows.net/dataset/2016/09/09/dced36ec-ebda-4c09-a0a2-2d0564bbce3a/ENCFF589JKO.bam?sv=2019-10-10&si=prod&sr=c&sig=9qSQZo4ggrCNpybBExU8SypuUZV33igI11xw0P7rB3c%3D	Lab custom GRCh38	released			
ENCFF904VAH	bam	bam		alignments	GRCh38	ENCSR062NNB	eCLIP	/human-donors/ENCDO000AAD/	EFO:0002067	K562	cell line	Homo sapiens										IGF2BP2-human	RNA				ultraviolet irradiation	strand-specific	2015-07-15	ENCODE		see document	175-300	2	2_1		43					/files/ENCFF643OXD/, /files/ENCFF418NBV/	262500893	Gene Yeo, UCSD	0e2c72ba293af2c0fc169a816dccd80f		https://www.encodeproject.org/files/ENCFF904VAH/@@download/ENCFF904VAH.bam				released	s3://encode-public/2016/09/09/4f6a06eb-29b0-4aa7-a475-cb5dcae62d80/ENCFF904VAH.bam	https://datasetencode.blob.core.windows.net/dataset/2016/09/09/4f6a06eb-29b0-4aa7-a475-cb5dcae62d80/ENCFF904VAH.bam?sv=2019-10-10&si=prod&sr=c&sig=9qSQZo4ggrCNpybBExU8SypuUZV33igI11xw0P7rB3c%3D	Lab custom GRCh38	released			
ENCFF856GQF	bam	bam		unfiltered alignments	GRCh38	ENCSR521GON	eCLIP	/human-donors/ENCDO000AAD/	EFO:0002067	K562	cell line	Homo sapiens										EXOSC10-human	RNA				ultraviolet irradiation	reverse	2022-11-16	ENCODE		see document	175-300	1	1_1		64					/files/ENCFF219AFL/	731289989	Gene Yeo, UCSD	6eef43c445ff57a209144e41110c1ec2		https://www.encodeproject.org/files/ENCFF856GQF/@@download/ENCFF856GQF.bam	V29			released	s3://encode-public/2022/01/12/e73ad63d-f4da-4a1c-be7f-0864049485a8/ENCFF856GQF.bam	https://datasetencode.blob.core.windows.net/dataset/2022/01/12/e73ad63d-f4da-4a1c-be7f-0864049485a8/ENCFF856GQF.bam?sv=2019-10-10&si=prod&sr=c&sig=9qSQZo4ggrCNpybBExU8SypuUZV33igI11xw0P7rB3c%3D	Lab custom GRCh38 V29	released			
ENCFF338WDB	bam	bam		alignments	GRCh38	ENCSR521GON	eCLIP	/human-donors/ENCDO000AAD/	EFO:0002067	K562	cell line	Homo sapiens										EXOSC10-human	RNA				ultraviolet irradiation	reverse	2022-11-16	ENCODE		see document	175-300	1	1_1		63					/files/ENCFF856GQF/	190896915	Gene Yeo, UCSD	61b4c71411273dc57c588774f49ad124		https://www.encodeproject.org/files/ENCFF338WDB/@@download/ENCFF338WDB.bam	V29			released	s3://encode-public/2022/01/12/48d775bb-587a-4fb9-8f46-c625fb8d1a6a/ENCFF338WDB.bam	https://datasetencode.blob.core.windows.net/dataset/2022/01/12/48d775bb-587a-4fb9-8f46-c625fb8d1a6a/ENCFF338WDB.bam?sv=2019-10-10&si=prod&sr=c&sig=9qSQZo4ggrCNpybBExU8SypuUZV33igI11xw0P7rB3c%3D	Lab custom GRCh38 V29	released			
ENCFF667MZG	bam	bam		unfiltered alignments	GRCh38	ENCSR521GON	eCLIP	/human-donors/ENCDO000AAD/	EFO:0002067	K562	cell line	Homo sapiens										EXOSC10-human	RNA				ultraviolet irradiation	reverse	2022-11-16	ENCODE		see document	175-300	2	2_1		64					/files/ENCFF538WWX/	381452317	Gene Yeo, UCSD	0b9ecd77f45f051befd3f19e0fc8b5dd		https://www.encodeproject.org/files/ENCFF667MZG/@@download/ENCFF667MZG.bam	V29			released	s3://encode-public/2022/01/12/4d46faaa-ab20-4100-bb1a-6861a8f5e2ab/ENCFF667MZG.bam	https://datasetencode.blob.core.windows.net/dataset/2022/01/12/4d46faaa-ab20-4100-bb1a-6861a8f5e2ab/ENCFF667MZG.bam?sv=2019-10-10&si=prod&sr=c&sig=9qSQZo4ggrCNpybBExU8SypuUZV33igI11xw0P7rB3c%3D	Lab custom GRCh38 V29	released			
ENCFF267USI	bam	bam		alignments	GRCh38	ENCSR521GON	eCLIP	/human-donors/ENCDO000AAD/	EFO:0002067	K562	cell line	Homo sapiens										EXOSC10-human	RNA				ultraviolet irradiation	reverse	2022-11-16	ENCODE		see document	175-300	2	2_1		63					/files/ENCFF667MZG/	114247375	Gene Yeo, UCSD	b7bfe45b82816f5d5fe67173a6cb6c5b		https://www.encodeproject.org/files/ENCFF267USI/@@download/ENCFF267USI.bam	V29			released	s3://encode-public/2022/01/12/2dff4b47-d0ba-4c14-91fd-bbae367c421b/ENCFF267USI.bam	https://datasetencode.blob.core.windows.net/dataset/2022/01/12/2dff4b47-d0ba-4c14-91fd-bbae367c421b/ENCFF267USI.bam?sv=2019-10-10&si=prod&sr=c&sig=9qSQZo4ggrCNpybBExU8SypuUZV33igI11xw0P7rB3c%3D	Lab custom GRCh38 V29	released			
ENCFF070XXP	bam	bam		alignments	hg19	ENCSR774RFN	eCLIP	/human-donors/ENCDO000AAD/	EFO:0002067	K562	cell line	Homo sapiens										FXR1-human	RNA				ultraviolet irradiation	strand-specific	2015-11-09	ENCODE		see document	175-300	1	1_1		40					/files/ENCFF004KTT/, /files/ENCFF205KCE/	358068524	Gene Yeo, UCSD	f5e46d6ca4830b075fd1aa4eb0f857e6		https://www.encodeproject.org/files/ENCFF070XXP/@@download/ENCFF070XXP.bam				released	s3://encode-public/2016/03/24/107732b2-7c95-4dda-af90-7a1c6defb0b2/ENCFF070XXP.bam	https://datasetencode.blob.core.windows.net/dataset/2016/03/24/107732b2-7c95-4dda-af90-7a1c6defb0b2/ENCFF070XXP.bam?sv=2019-10-10&si=prod&sr=c&sig=9qSQZo4ggrCNpybBExU8SypuUZV33igI11xw0P7rB3c%3D	Lab custom hg19	archived	mixed read lengths		
ENCFF716VUM	bam	bam		alignments	hg19	ENCSR774RFN	eCLIP	/human-donors/ENCDO000AAD/	EFO:0002067	K562	cell line	Homo sapiens										FXR1-human	RNA				ultraviolet irradiation	strand-specific	2015-11-09	ENCODE		see document	175-300	2	2_1		40					/files/ENCFF191BRO/, /files/ENCFF956CKP/	427506588	Gene Yeo, UCSD	db7fe80cb94462085f85b65b94280ceb		https://www.encodeproject.org/files/ENCFF716VUM/@@download/ENCFF716VUM.bam				released	s3://encode-public/2016/03/24/0f2da916-6532-4eff-8f1a-7082f605871b/ENCFF716VUM.bam	https://datasetencode.blob.core.windows.net/dataset/2016/03/24/0f2da916-6532-4eff-8f1a-7082f605871b/ENCFF716VUM.bam?sv=2019-10-10&si=prod&sr=c&sig=9qSQZo4ggrCNpybBExU8SypuUZV33igI11xw0P7rB3c%3D	Lab custom hg19	archived	mixed read lengths		
ENCFF830ZKB	bam	bam		alignments	GRCh38	ENCSR774RFN	eCLIP	/human-donors/ENCDO000AAD/	EFO:0002067	K562	cell line	Homo sapiens										FXR1-human	RNA				ultraviolet irradiation	strand-specific	2015-11-09	ENCODE		see document	175-300	2	2_1		40					/files/ENCFF191BRO/, /files/ENCFF956CKP/	419897839	Gene Yeo, UCSD	9616891dc9881efabfff93c4d20c2fc3		https://www.encodeproject.org/files/ENCFF830ZKB/@@download/ENCFF830ZKB.bam				released	s3://encode-public/2016/09/09/ca1a5658-b738-493a-bd89-c177de1b335e/ENCFF830ZKB.bam	https://datasetencode.blob.core.windows.net/dataset/2016/09/09/ca1a5658-b738-493a-bd89-c177de1b335e/ENCFF830ZKB.bam?sv=2019-10-10&si=prod&sr=c&sig=9qSQZo4ggrCNpybBExU8SypuUZV33igI11xw0P7rB3c%3D	Lab custom GRCh38	released	mixed read lengths		
ENCFF949QUY	bam	bam		alignments	GRCh38	ENCSR774RFN	eCLIP	/human-donors/ENCDO000AAD/	EFO:0002067	K562	cell line	Homo sapiens										FXR1-human	RNA				ultraviolet irradiation	strand-specific	2015-11-09	ENCODE		see document	175-300	1	1_1		40					/files/ENCFF004KTT/, /files/ENCFF205KCE/	356282358	Gene Yeo, UCSD	114e366d8288daa80db3352cd38ba8ee		https://www.encodeproject.org/files/ENCFF949QUY/@@download/ENCFF949QUY.bam				released	s3://encode-public/2016/09/09/2c45437a-5e03-4dcf-a289-30c15d071fdf/ENCFF949QUY.bam	https://datasetencode.blob.core.windows.net/dataset/2016/09/09/2c45437a-5e03-4dcf-a289-30c15d071fdf/ENCFF949QUY.bam?sv=2019-10-10&si=prod&sr=c&sig=9qSQZo4ggrCNpybBExU8SypuUZV33igI11xw0P7rB3c%3D	Lab custom GRCh38	released	mixed read lengths		
ENCFF021CNP	bam	bam		alignments	hg19	ENCSR571ROL	eCLIP	/human-donors/ENCDO000AAC/	EFO:0001187	HepG2	cell line	Homo sapiens										XRCC6-human	RNA				ultraviolet irradiation	strand-specific	2016-09-21	ENCODE		see document	175-300	1	1_1		43					/files/ENCFF464GUK/, /files/ENCFF632XDW/	338142886	Gene Yeo, UCSD	f3252d979cdf7514fd22843b596e6be8		https://www.encodeproject.org/files/ENCFF021CNP/@@download/ENCFF021CNP.bam				released	s3://encode-public/2016/03/24/00cf1cc9-3c49-4122-94ae-41c0352cc404/ENCFF021CNP.bam	https://datasetencode.blob.core.windows.net/dataset/2016/03/24/00cf1cc9-3c49-4122-94ae-41c0352cc404/ENCFF021CNP.bam?sv=2019-10-10&si=prod&sr=c&sig=9qSQZo4ggrCNpybBExU8SypuUZV33igI11xw0P7rB3c%3D	Lab custom hg19	archived			
ENCFF128IDP	bam	bam		alignments	hg19	ENCSR571ROL	eCLIP	/human-donors/ENCDO000AAC/	EFO:0001187	HepG2	cell line	Homo sapiens										XRCC6-human	RNA				ultraviolet irradiation	strand-specific	2016-09-21	ENCODE		see document	175-300	2	2_1		43					/files/ENCFF202EFD/, /files/ENCFF246PWB/	158381662	Gene Yeo, UCSD	65d01d92df087eb877456979f5e1db12		https://www.encodeproject.org/files/ENCFF128IDP/@@download/ENCFF128IDP.bam				released	s3://encode-public/2016/03/24/d11c741b-d068-43d7-b9a9-2919cfef340d/ENCFF128IDP.bam	https://datasetencode.blob.core.windows.net/dataset/2016/03/24/d11c741b-d068-43d7-b9a9-2919cfef340d/ENCFF128IDP.bam?sv=2019-10-10&si=prod&sr=c&sig=9qSQZo4ggrCNpybBExU8SypuUZV33igI11xw0P7rB3c%3D	Lab custom hg19	archived			
ENCFF438ULK	bam	bam		alignments	GRCh38	ENCSR571ROL	eCLIP	/human-donors/ENCDO000AAC/	EFO:0001187	HepG2	cell line	Homo sapiens										XRCC6-human	RNA				ultraviolet irradiation	strand-specific	2016-09-21	ENCODE		see document	175-300	1	1_1		43					/files/ENCFF464GUK/, /files/ENCFF632XDW/	334707580	Gene Yeo, UCSD	cdf684ef8aeafc4cb86492563259db25		https://www.encodeproject.org/files/ENCFF438ULK/@@download/ENCFF438ULK.bam				released	s3://encode-public/2016/09/09/083a2125-bfdd-4100-b8b6-1b3e579c2528/ENCFF438ULK.bam	https://datasetencode.blob.core.windows.net/dataset/2016/09/09/083a2125-bfdd-4100-b8b6-1b3e579c2528/ENCFF438ULK.bam?sv=2019-10-10&si=prod&sr=c&sig=9qSQZo4ggrCNpybBExU8SypuUZV33igI11xw0P7rB3c%3D	Lab custom GRCh38	released			
ENCFF474WKB	bam	bam		alignments	GRCh38	ENCSR571ROL	eCLIP	/human-donors/ENCDO000AAC/	EFO:0001187	HepG2	cell line	Homo sapiens										XRCC6-human	RNA				ultraviolet irradiation	strand-specific	2016-09-21	ENCODE		see document	175-300	2	2_1		43					/files/ENCFF202EFD/, /files/ENCFF246PWB/	156604294	Gene Yeo, UCSD	f2a5577ab74d7b7ec4ee59f287e6ca24		https://www.encodeproject.org/files/ENCFF474WKB/@@download/ENCFF474WKB.bam				released	s3://encode-public/2016/09/09/2088e55c-6115-4e62-8845-9111b46a8ebc/ENCFF474WKB.bam	https://datasetencode.blob.core.windows.net/dataset/2016/09/09/2088e55c-6115-4e62-8845-9111b46a8ebc/ENCFF474WKB.bam?sv=2019-10-10&si=prod&sr=c&sig=9qSQZo4ggrCNpybBExU8SypuUZV33igI11xw0P7rB3c%3D	Lab custom GRCh38	released			
ENCFF634IHJ	bam	bam		alignments	hg19	ENCSR766FAC	eCLIP	/human-donors/ENCDO000AAC/	EFO:0001187	HepG2	cell line	Homo sapiens										RPS3-human	RNA				ultraviolet irradiation	strand-specific	2017-08-15	ENCODE		see document	175-300	1	1_1		35					/files/ENCFF574FKW/, /files/ENCFF048FYV/	168199858	Gene Yeo, UCSD	b0656e1f093890dbdaf7bcffe15cf03a		https://www.encodeproject.org/files/ENCFF634IHJ/@@download/ENCFF634IHJ.bam				released	s3://encode-public/2016/03/11/697c26df-354e-416f-9536-54c73cd049fb/ENCFF634IHJ.bam	https://datasetencode.blob.core.windows.net/dataset/2016/03/11/697c26df-354e-416f-9536-54c73cd049fb/ENCFF634IHJ.bam?sv=2019-10-10&si=prod&sr=c&sig=9qSQZo4ggrCNpybBExU8SypuUZV33igI11xw0P7rB3c%3D	Lab custom hg19	archived			
ENCFF055PDH	bam	bam		alignments	hg19	ENCSR766FAC	eCLIP	/human-donors/ENCDO000AAC/	EFO:0001187	HepG2	cell line	Homo sapiens										RPS3-human	RNA				ultraviolet irradiation	strand-specific	2017-08-15	ENCODE		see document	175-300	2	2_1		35					/files/ENCFF850KGS/, /files/ENCFF368GUH/	175935075	Gene Yeo, UCSD	e6b99bcd2bec1f4ed43f05799df86eae		https://www.encodeproject.org/files/ENCFF055PDH/@@download/ENCFF055PDH.bam				released	s3://encode-public/2016/03/11/d49493e3-443b-4a23-8fd8-a5a908bf57b6/ENCFF055PDH.bam	https://datasetencode.blob.core.windows.net/dataset/2016/03/11/d49493e3-443b-4a23-8fd8-a5a908bf57b6/ENCFF055PDH.bam?sv=2019-10-10&si=prod&sr=c&sig=9qSQZo4ggrCNpybBExU8SypuUZV33igI11xw0P7rB3c%3D	Lab custom hg19	archived			
ENCFF233HCD	bam	bam		alignments	GRCh38	ENCSR766FAC	eCLIP	/human-donors/ENCDO000AAC/	EFO:0001187	HepG2	cell line	Homo sapiens										RPS3-human	RNA				ultraviolet irradiation	strand-specific	2017-08-15	ENCODE		see document	175-300	1	1_1		35					/files/ENCFF574FKW/, /files/ENCFF048FYV/	158836946	Gene Yeo, UCSD	566e6cdc5247751ea1ea6947f4f41a7f		https://www.encodeproject.org/files/ENCFF233HCD/@@download/ENCFF233HCD.bam				released	s3://encode-public/2016/09/09/1d0c1860-5432-4d7f-8883-4adc98d3dc7c/ENCFF233HCD.bam	https://datasetencode.blob.core.windows.net/dataset/2016/09/09/1d0c1860-5432-4d7f-8883-4adc98d3dc7c/ENCFF233HCD.bam?sv=2019-10-10&si=prod&sr=c&sig=9qSQZo4ggrCNpybBExU8SypuUZV33igI11xw0P7rB3c%3D	Lab custom GRCh38	released			
ENCFF959SXJ	bam	bam		alignments	GRCh38	ENCSR766FAC	eCLIP	/human-donors/ENCDO000AAC/	EFO:0001187	HepG2	cell line	Homo sapiens										RPS3-human	RNA				ultraviolet irradiation	strand-specific	2017-08-15	ENCODE		see document	175-300	2	2_1		35					/files/ENCFF850KGS/, /files/ENCFF368GUH/	168412005	Gene Yeo, UCSD	7a04517ad17004464a2a72c4b80046bb		https://www.encodeproject.org/files/ENCFF959SXJ/@@download/ENCFF959SXJ.bam				released	s3://encode-public/2016/09/09/82625160-3472-4964-b682-a0d9bc90f081/ENCFF959SXJ.bam	https://datasetencode.blob.core.windows.net/dataset/2016/09/09/82625160-3472-4964-b682-a0d9bc90f081/ENCFF959SXJ.bam?sv=2019-10-10&si=prod&sr=c&sig=9qSQZo4ggrCNpybBExU8SypuUZV33igI11xw0P7rB3c%3D	Lab custom GRCh38	released			
ENCFF435XJI	bam	bam		unfiltered alignments	GRCh38	ENCSR714FKK	eCLIP	/human-donors/ENCDO000AAD/	EFO:0002067	K562	cell line	Homo sapiens										SNRPC-human	RNA				ultraviolet irradiation	reverse	2023-02-03	ENCODE		see document	175-300	1	1_1		64					/files/ENCFF825RGY/	397486802	Gene Yeo, UCSD	24f5091e05d84646f3310b4cad219d19		https://www.encodeproject.org/files/ENCFF435XJI/@@download/ENCFF435XJI.bam	V29			archived	s3://encode-public/2022/01/12/ae390cef-12f3-4904-b545-d619c79d05b6/ENCFF435XJI.bam	https://datasetencode.blob.core.windows.net/dataset/2022/01/12/ae390cef-12f3-4904-b545-d619c79d05b6/ENCFF435XJI.bam?sv=2019-10-10&si=prod&sr=c&sig=9qSQZo4ggrCNpybBExU8SypuUZV33igI11xw0P7rB3c%3D	Lab custom GRCh38 V29	archived		partially characterized antibody	
ENCFF403KDR	bam	bam		alignments	GRCh38	ENCSR714FKK	eCLIP	/human-donors/ENCDO000AAD/	EFO:0002067	K562	cell line	Homo sapiens										SNRPC-human	RNA				ultraviolet irradiation	reverse	2023-02-03	ENCODE		see document	175-300	2	2_1		64					/files/ENCFF691SCP/	221298240	Gene Yeo, UCSD	ee3af7b0cb83f7e6e9ad47b175134ca1		https://www.encodeproject.org/files/ENCFF403KDR/@@download/ENCFF403KDR.bam	V29			archived	s3://encode-public/2022/01/12/33550891-79b1-4ef6-8c9b-4556ed8afc81/ENCFF403KDR.bam	https://datasetencode.blob.core.windows.net/dataset/2022/01/12/33550891-79b1-4ef6-8c9b-4556ed8afc81/ENCFF403KDR.bam?sv=2019-10-10&si=prod&sr=c&sig=9qSQZo4ggrCNpybBExU8SypuUZV33igI11xw0P7rB3c%3D	Lab custom GRCh38 V29	archived		partially characterized antibody	
ENCFF162QKV	bam	bam		alignments	GRCh38	ENCSR714FKK	eCLIP	/human-donors/ENCDO000AAD/	EFO:0002067	K562	cell line	Homo sapiens										SNRPC-human	RNA				ultraviolet irradiation	reverse	2023-02-03	ENCODE		see document	175-300	1	1_1		64					/files/ENCFF435XJI/	284594071	Gene Yeo, UCSD	cc94e6c2c39c919262cf3a1fcbee5d1f		https://www.encodeproject.org/files/ENCFF162QKV/@@download/ENCFF162QKV.bam	V29			archived	s3://encode-public/2022/01/12/17b0b61b-4b98-439c-b647-5c1c4de08a6c/ENCFF162QKV.bam	https://datasetencode.blob.core.windows.net/dataset/2022/01/12/17b0b61b-4b98-439c-b647-5c1c4de08a6c/ENCFF162QKV.bam?sv=2019-10-10&si=prod&sr=c&sig=9qSQZo4ggrCNpybBExU8SypuUZV33igI11xw0P7rB3c%3D	Lab custom GRCh38 V29	archived		partially characterized antibody	
ENCFF691SCP	bam	bam		unfiltered alignments	GRCh38	ENCSR714FKK	eCLIP	/human-donors/ENCDO000AAD/	EFO:0002067	K562	cell line	Homo sapiens										SNRPC-human	RNA				ultraviolet irradiation	reverse	2023-02-03	ENCODE		see document	175-300	2	2_1		64					/files/ENCFF416FHZ/	309952114	Gene Yeo, UCSD	a2d241031af9793339fffbcdcad38857		https://www.encodeproject.org/files/ENCFF691SCP/@@download/ENCFF691SCP.bam	V29			archived	s3://encode-public/2022/01/12/db10b765-fa73-4a1a-831f-fa311817582d/ENCFF691SCP.bam	https://datasetencode.blob.core.windows.net/dataset/2022/01/12/db10b765-fa73-4a1a-831f-fa311817582d/ENCFF691SCP.bam?sv=2019-10-10&si=prod&sr=c&sig=9qSQZo4ggrCNpybBExU8SypuUZV33igI11xw0P7rB3c%3D	Lab custom GRCh38 V29	archived		partially characterized antibody	
ENCFF851QPV	bam	bam		alignments	hg19	ENCSR658IQB	eCLIP	/human-donors/ENCDO000AAD/	EFO:0002067	K562	cell line	Homo sapiens										SMNDC1-human	RNA				ultraviolet irradiation	strand-specific	2015-12-16	ENCODE		see document	175-300	2	2_1		40					/files/ENCFF909OTT/, /files/ENCFF372GBO/	262721429	Gene Yeo, UCSD	6c6ea7f629338efdafbb8ddeb937f218		https://www.encodeproject.org/files/ENCFF851QPV/@@download/ENCFF851QPV.bam				released	s3://encode-public/2016/03/24/78571c18-9cd8-4deb-b546-29007930384b/ENCFF851QPV.bam	https://datasetencode.blob.core.windows.net/dataset/2016/03/24/78571c18-9cd8-4deb-b546-29007930384b/ENCFF851QPV.bam?sv=2019-10-10&si=prod&sr=c&sig=9qSQZo4ggrCNpybBExU8SypuUZV33igI11xw0P7rB3c%3D	Lab custom hg19	archived			
ENCFF817JQS	bam	bam		alignments	hg19	ENCSR658IQB	eCLIP	/human-donors/ENCDO000AAD/	EFO:0002067	K562	cell line	Homo sapiens										SMNDC1-human	RNA				ultraviolet irradiation	strand-specific	2015-12-16	ENCODE		see document	175-300	1	1_1		40					/files/ENCFF317RZD/, /files/ENCFF457GTR/	355879529	Gene Yeo, UCSD	05b6ce77a76a673e466a1a125bbc1d6f		https://www.encodeproject.org/files/ENCFF817JQS/@@download/ENCFF817JQS.bam				released	s3://encode-public/2016/03/24/9cc0ae38-f63c-4562-a59e-d98c480479bc/ENCFF817JQS.bam	https://datasetencode.blob.core.windows.net/dataset/2016/03/24/9cc0ae38-f63c-4562-a59e-d98c480479bc/ENCFF817JQS.bam?sv=2019-10-10&si=prod&sr=c&sig=9qSQZo4ggrCNpybBExU8SypuUZV33igI11xw0P7rB3c%3D	Lab custom hg19	archived			
ENCFF253SPF	bam	bam		alignments	GRCh38	ENCSR658IQB	eCLIP	/human-donors/ENCDO000AAD/	EFO:0002067	K562	cell line	Homo sapiens										SMNDC1-human	RNA				ultraviolet irradiation	strand-specific	2015-12-16	ENCODE		see document	175-300	1	1_1		40					/files/ENCFF317RZD/, /files/ENCFF457GTR/	339165919	Gene Yeo, UCSD	e1712284cd0bd8ee8e40bae6b78bed37		https://www.encodeproject.org/files/ENCFF253SPF/@@download/ENCFF253SPF.bam				released	s3://encode-public/2016/09/09/da179cd1-aca7-4e6d-a7ab-c93a1377ece1/ENCFF253SPF.bam	https://datasetencode.blob.core.windows.net/dataset/2016/09/09/da179cd1-aca7-4e6d-a7ab-c93a1377ece1/ENCFF253SPF.bam?sv=2019-10-10&si=prod&sr=c&sig=9qSQZo4ggrCNpybBExU8SypuUZV33igI11xw0P7rB3c%3D	Lab custom GRCh38	released			
ENCFF770DEI	bam	bam		alignments	GRCh38	ENCSR658IQB	eCLIP	/human-donors/ENCDO000AAD/	EFO:0002067	K562	cell line	Homo sapiens										SMNDC1-human	RNA				ultraviolet irradiation	strand-specific	2015-12-16	ENCODE		see document	175-300	2	2_1		40					/files/ENCFF909OTT/, /files/ENCFF372GBO/	258416064	Gene Yeo, UCSD	7b164dedbf690f154545937d95e644af		https://www.encodeproject.org/files/ENCFF770DEI/@@download/ENCFF770DEI.bam				released	s3://encode-public/2016/09/09/7a6b0316-918d-4857-8193-ff7cb4293c6f/ENCFF770DEI.bam	https://datasetencode.blob.core.windows.net/dataset/2016/09/09/7a6b0316-918d-4857-8193-ff7cb4293c6f/ENCFF770DEI.bam?sv=2019-10-10&si=prod&sr=c&sig=9qSQZo4ggrCNpybBExU8SypuUZV33igI11xw0P7rB3c%3D	Lab custom GRCh38	released			
ENCFF994WPX	bam	bam		alignments	hg19	ENCSR987FTF	eCLIP	/human-donors/ENCDO000AAC/	EFO:0001187	HepG2	cell line	Homo sapiens										RBFOX2-human	RNA				ultraviolet irradiation	strand-specific	2015-07-15	ENCODE		see document	175-300	1	1_1		44					/files/ENCFF172GUS/, /files/ENCFF647KDW/	383183079	Gene Yeo, UCSD	2e0754be30d5e2dc58f91686a89b4ae3		https://www.encodeproject.org/files/ENCFF994WPX/@@download/ENCFF994WPX.bam				released	s3://encode-public/2016/03/23/c9faf9ee-b89a-4a20-9ed9-0af68f1bda28/ENCFF994WPX.bam	https://datasetencode.blob.core.windows.net/dataset/2016/03/23/c9faf9ee-b89a-4a20-9ed9-0af68f1bda28/ENCFF994WPX.bam?sv=2019-10-10&si=prod&sr=c&sig=9qSQZo4ggrCNpybBExU8SypuUZV33igI11xw0P7rB3c%3D	Lab custom hg19	archived	mixed read lengths		
ENCFF154BQS	bam	bam		alignments	hg19	ENCSR987FTF	eCLIP	/human-donors/ENCDO000AAC/	EFO:0001187	HepG2	cell line	Homo sapiens										RBFOX2-human	RNA				ultraviolet irradiation	strand-specific	2015-07-15	ENCODE		see document	175-300	2	2_1		44					/files/ENCFF591SSP/, /files/ENCFF289OFA/	376339189	Gene Yeo, UCSD	b6e5026390e5a04adeb7d337556125e5		https://www.encodeproject.org/files/ENCFF154BQS/@@download/ENCFF154BQS.bam				released	s3://encode-public/2016/03/23/8ca65929-e9ff-44a4-ac32-4780accdf7e4/ENCFF154BQS.bam	https://datasetencode.blob.core.windows.net/dataset/2016/03/23/8ca65929-e9ff-44a4-ac32-4780accdf7e4/ENCFF154BQS.bam?sv=2019-10-10&si=prod&sr=c&sig=9qSQZo4ggrCNpybBExU8SypuUZV33igI11xw0P7rB3c%3D	Lab custom hg19	archived	mixed read lengths		
ENCFF239CML	bam	bam		alignments	GRCh38	ENCSR987FTF	eCLIP	/human-donors/ENCDO000AAC/	EFO:0001187	HepG2	cell line	Homo sapiens										RBFOX2-human	RNA				ultraviolet irradiation	strand-specific	2015-07-15	ENCODE		see document	175-300	1	1_1		44					/files/ENCFF172GUS/, /files/ENCFF647KDW/	381425464	Gene Yeo, UCSD	b9e69f61aec8bb4c8f4cf890ab4793fd		https://www.encodeproject.org/files/ENCFF239CML/@@download/ENCFF239CML.bam				released	s3://encode-public/2016/09/09/cabacacb-1452-4658-983f-0925a00ff58b/ENCFF239CML.bam	https://datasetencode.blob.core.windows.net/dataset/2016/09/09/cabacacb-1452-4658-983f-0925a00ff58b/ENCFF239CML.bam?sv=2019-10-10&si=prod&sr=c&sig=9qSQZo4ggrCNpybBExU8SypuUZV33igI11xw0P7rB3c%3D	Lab custom GRCh38	released	mixed read lengths		
ENCFF170YQV	bam	bam		alignments	GRCh38	ENCSR987FTF	eCLIP	/human-donors/ENCDO000AAC/	EFO:0001187	HepG2	cell line	Homo sapiens										RBFOX2-human	RNA				ultraviolet irradiation	strand-specific	2015-07-15	ENCODE		see document	175-300	2	2_1		44					/files/ENCFF591SSP/, /files/ENCFF289OFA/	373157016	Gene Yeo, UCSD	ad56fe4df04dc9755db3f20aecdff002		https://www.encodeproject.org/files/ENCFF170YQV/@@download/ENCFF170YQV.bam				released	s3://encode-public/2016/09/09/e8bc0129-4450-4adb-9196-687b9cb7bf77/ENCFF170YQV.bam	https://datasetencode.blob.core.windows.net/dataset/2016/09/09/e8bc0129-4450-4adb-9196-687b9cb7bf77/ENCFF170YQV.bam?sv=2019-10-10&si=prod&sr=c&sig=9qSQZo4ggrCNpybBExU8SypuUZV33igI11xw0P7rB3c%3D	Lab custom GRCh38	released	mixed read lengths		
ENCFF994CFH	bam	bam		alignments	hg19	ENCSR406OOZ	eCLIP	/human-donors/ENCDO000AAC/	EFO:0001187	HepG2	cell line	Homo sapiens										SUB1-human	RNA				ultraviolet irradiation	strand-specific	2016-08-19	ENCODE		see document	175-300	1	1_1		39					/files/ENCFF811LOQ/, /files/ENCFF514SOO/	83919732	Gene Yeo, UCSD	ed371b766f4d94f47ab77d1da6d5877d		https://www.encodeproject.org/files/ENCFF994CFH/@@download/ENCFF994CFH.bam				released	s3://encode-public/2016/08/04/09cb23f3-7196-4b7d-be48-dc01b4e88336/ENCFF994CFH.bam	https://datasetencode.blob.core.windows.net/dataset/2016/08/04/09cb23f3-7196-4b7d-be48-dc01b4e88336/ENCFF994CFH.bam?sv=2019-10-10&si=prod&sr=c&sig=9qSQZo4ggrCNpybBExU8SypuUZV33igI11xw0P7rB3c%3D	Lab custom hg19	archived			
ENCFF908VRY	bam	bam		alignments	hg19	ENCSR406OOZ	eCLIP	/human-donors/ENCDO000AAC/	EFO:0001187	HepG2	cell line	Homo sapiens										SUB1-human	RNA				ultraviolet irradiation	strand-specific	2016-08-19	ENCODE		see document	175-300	2	2_1		39					/files/ENCFF457GXO/, /files/ENCFF513BPQ/	87607209	Gene Yeo, UCSD	5687326d2b80add2aa5fd7ca02f625f7		https://www.encodeproject.org/files/ENCFF908VRY/@@download/ENCFF908VRY.bam				released	s3://encode-public/2016/08/04/d1b10300-79f9-4ee0-970b-57ac83d368ce/ENCFF908VRY.bam	https://datasetencode.blob.core.windows.net/dataset/2016/08/04/d1b10300-79f9-4ee0-970b-57ac83d368ce/ENCFF908VRY.bam?sv=2019-10-10&si=prod&sr=c&sig=9qSQZo4ggrCNpybBExU8SypuUZV33igI11xw0P7rB3c%3D	Lab custom hg19	archived			
ENCFF228FAK	bam	bam		alignments	GRCh38	ENCSR406OOZ	eCLIP	/human-donors/ENCDO000AAC/	EFO:0001187	HepG2	cell line	Homo sapiens										SUB1-human	RNA				ultraviolet irradiation	strand-specific	2016-08-19	ENCODE		see document	175-300	2	2_1		39					/files/ENCFF457GXO/, /files/ENCFF513BPQ/	82870040	Gene Yeo, UCSD	f5926631b22675e5e6fd1ebe3cb8c3b4		https://www.encodeproject.org/files/ENCFF228FAK/@@download/ENCFF228FAK.bam				released	s3://encode-public/2016/09/09/dad834e4-3715-448a-acb5-2e03bf8e5139/ENCFF228FAK.bam	https://datasetencode.blob.core.windows.net/dataset/2016/09/09/dad834e4-3715-448a-acb5-2e03bf8e5139/ENCFF228FAK.bam?sv=2019-10-10&si=prod&sr=c&sig=9qSQZo4ggrCNpybBExU8SypuUZV33igI11xw0P7rB3c%3D	Lab custom GRCh38	released			
ENCFF416HFS	bam	bam		alignments	GRCh38	ENCSR406OOZ	eCLIP	/human-donors/ENCDO000AAC/	EFO:0001187	HepG2	cell line	Homo sapiens										SUB1-human	RNA				ultraviolet irradiation	strand-specific	2016-08-19	ENCODE		see document	175-300	1	1_1		39					/files/ENCFF811LOQ/, /files/ENCFF514SOO/	81907404	Gene Yeo, UCSD	f2184c69a223c52f2d49fd53b5a6a242		https://www.encodeproject.org/files/ENCFF416HFS/@@download/ENCFF416HFS.bam				released	s3://encode-public/2016/09/09/8bc12bc5-ba02-4818-ac3f-a7d3fdf0b06b/ENCFF416HFS.bam	https://datasetencode.blob.core.windows.net/dataset/2016/09/09/8bc12bc5-ba02-4818-ac3f-a7d3fdf0b06b/ENCFF416HFS.bam?sv=2019-10-10&si=prod&sr=c&sig=9qSQZo4ggrCNpybBExU8SypuUZV33igI11xw0P7rB3c%3D	Lab custom GRCh38	released			
ENCFF141MFP	bam	bam		alignments	hg19	ENCSR196INN	eCLIP	/human-donors/ENCDO000AAD/	EFO:0002067	K562	cell line	Homo sapiens										RBM15-human	RNA				ultraviolet irradiation	strand-specific	2016-04-26	ENCODE		see document	175-300	1	1_1		40					/files/ENCFF008EYG/, /files/ENCFF452DMI/	282470646	Gene Yeo, UCSD	9d1e5fd9a7369a9ca9865378794d0f6d		https://www.encodeproject.org/files/ENCFF141MFP/@@download/ENCFF141MFP.bam				released	s3://encode-public/2016/03/11/04598dce-5cc9-4ffa-af7f-3ae35a28fc14/ENCFF141MFP.bam	https://datasetencode.blob.core.windows.net/dataset/2016/03/11/04598dce-5cc9-4ffa-af7f-3ae35a28fc14/ENCFF141MFP.bam?sv=2019-10-10&si=prod&sr=c&sig=9qSQZo4ggrCNpybBExU8SypuUZV33igI11xw0P7rB3c%3D	Lab custom hg19	archived			
ENCFF532QNF	bam	bam		alignments	hg19	ENCSR196INN	eCLIP	/human-donors/ENCDO000AAD/	EFO:0002067	K562	cell line	Homo sapiens										RBM15-human	RNA				ultraviolet irradiation	strand-specific	2016-04-26	ENCODE		see document	175-300	2	2_1		40					/files/ENCFF688FME/, /files/ENCFF418DFE/	546269824	Gene Yeo, UCSD	fe40f86925a50a8622334a068eaf8d5f		https://www.encodeproject.org/files/ENCFF532QNF/@@download/ENCFF532QNF.bam				released	s3://encode-public/2016/03/11/f6984c6e-87c0-46f2-be14-287e446b43d1/ENCFF532QNF.bam	https://datasetencode.blob.core.windows.net/dataset/2016/03/11/f6984c6e-87c0-46f2-be14-287e446b43d1/ENCFF532QNF.bam?sv=2019-10-10&si=prod&sr=c&sig=9qSQZo4ggrCNpybBExU8SypuUZV33igI11xw0P7rB3c%3D	Lab custom hg19	archived			
ENCFF086HIT	bam	bam		alignments	GRCh38	ENCSR196INN	eCLIP	/human-donors/ENCDO000AAD/	EFO:0002067	K562	cell line	Homo sapiens										RBM15-human	RNA				ultraviolet irradiation	strand-specific	2016-04-26	ENCODE		see document	175-300	2	2_1		40					/files/ENCFF688FME/, /files/ENCFF418DFE/	521121174	Gene Yeo, UCSD	698024fc7dad5b94d92ee4eace9c70ee		https://www.encodeproject.org/files/ENCFF086HIT/@@download/ENCFF086HIT.bam				released	s3://encode-public/2016/09/09/144299c9-f7d2-47bc-9a73-cb99970d7073/ENCFF086HIT.bam	https://datasetencode.blob.core.windows.net/dataset/2016/09/09/144299c9-f7d2-47bc-9a73-cb99970d7073/ENCFF086HIT.bam?sv=2019-10-10&si=prod&sr=c&sig=9qSQZo4ggrCNpybBExU8SypuUZV33igI11xw0P7rB3c%3D	Lab custom GRCh38	released			
ENCFF739LLZ	bam	bam		alignments	GRCh38	ENCSR196INN	eCLIP	/human-donors/ENCDO000AAD/	EFO:0002067	K562	cell line	Homo sapiens										RBM15-human	RNA				ultraviolet irradiation	strand-specific	2016-04-26	ENCODE		see document	175-300	1	1_1		40					/files/ENCFF008EYG/, /files/ENCFF452DMI/	272759574	Gene Yeo, UCSD	733fdc38d843eb2f44ec9c64fec9a4ef		https://www.encodeproject.org/files/ENCFF739LLZ/@@download/ENCFF739LLZ.bam				released	s3://encode-public/2016/09/09/047363cc-3628-4beb-8e0f-b55aea4f78f6/ENCFF739LLZ.bam	https://datasetencode.blob.core.windows.net/dataset/2016/09/09/047363cc-3628-4beb-8e0f-b55aea4f78f6/ENCFF739LLZ.bam?sv=2019-10-10&si=prod&sr=c&sig=9qSQZo4ggrCNpybBExU8SypuUZV33igI11xw0P7rB3c%3D	Lab custom GRCh38	released			
ENCFF374XWQ	bam	bam		alignments	hg19	ENCSR432XUP	eCLIP	/human-donors/ENCDO000AAD/	EFO:0002067	K562	cell line	Homo sapiens										SRSF1-human	RNA				ultraviolet irradiation	strand-specific	2015-11-09	ENCODE		see document	175-300	1	1_1		43					/files/ENCFF776RIU/, /files/ENCFF632XBD/	285634856	Gene Yeo, UCSD	934918809f4457fc0f71d6b50c4d72af		https://www.encodeproject.org/files/ENCFF374XWQ/@@download/ENCFF374XWQ.bam				released	s3://encode-public/2016/03/24/ef33408d-ab85-45ff-9691-20529b93187c/ENCFF374XWQ.bam	https://datasetencode.blob.core.windows.net/dataset/2016/03/24/ef33408d-ab85-45ff-9691-20529b93187c/ENCFF374XWQ.bam?sv=2019-10-10&si=prod&sr=c&sig=9qSQZo4ggrCNpybBExU8SypuUZV33igI11xw0P7rB3c%3D	Lab custom hg19	archived			
ENCFF833PXB	bam	bam		alignments	hg19	ENCSR432XUP	eCLIP	/human-donors/ENCDO000AAD/	EFO:0002067	K562	cell line	Homo sapiens										SRSF1-human	RNA				ultraviolet irradiation	strand-specific	2015-11-09	ENCODE		see document	175-300	2	2_1		43					/files/ENCFF982ZPQ/, /files/ENCFF559MWF/	454137674	Gene Yeo, UCSD	99bf2398850a9394668b9a250647ffbc		https://www.encodeproject.org/files/ENCFF833PXB/@@download/ENCFF833PXB.bam				released	s3://encode-public/2016/03/24/c2298cb6-74ab-461d-aeb9-7a2f61f3e594/ENCFF833PXB.bam	https://datasetencode.blob.core.windows.net/dataset/2016/03/24/c2298cb6-74ab-461d-aeb9-7a2f61f3e594/ENCFF833PXB.bam?sv=2019-10-10&si=prod&sr=c&sig=9qSQZo4ggrCNpybBExU8SypuUZV33igI11xw0P7rB3c%3D	Lab custom hg19	archived			
ENCFF696TJG	bam	bam		alignments	GRCh38	ENCSR432XUP	eCLIP	/human-donors/ENCDO000AAD/	EFO:0002067	K562	cell line	Homo sapiens										SRSF1-human	RNA				ultraviolet irradiation	strand-specific	2015-11-09	ENCODE		see document	175-300	1	1_1		43					/files/ENCFF776RIU/, /files/ENCFF632XBD/	281087236	Gene Yeo, UCSD	90f076337383dcf8b7afc5804d924761		https://www.encodeproject.org/files/ENCFF696TJG/@@download/ENCFF696TJG.bam				released	s3://encode-public/2016/09/09/d125dc23-52c7-4af1-9a26-f61feb8c3e96/ENCFF696TJG.bam	https://datasetencode.blob.core.windows.net/dataset/2016/09/09/d125dc23-52c7-4af1-9a26-f61feb8c3e96/ENCFF696TJG.bam?sv=2019-10-10&si=prod&sr=c&sig=9qSQZo4ggrCNpybBExU8SypuUZV33igI11xw0P7rB3c%3D	Lab custom GRCh38	released			
ENCFF664EPV	bam	bam		alignments	GRCh38	ENCSR432XUP	eCLIP	/human-donors/ENCDO000AAD/	EFO:0002067	K562	cell line	Homo sapiens										SRSF1-human	RNA				ultraviolet irradiation	strand-specific	2015-11-09	ENCODE		see document	175-300	2	2_1		43					/files/ENCFF982ZPQ/, /files/ENCFF559MWF/	446923955	Gene Yeo, UCSD	5dccdb1fe94a77df8f6137825eac9564		https://www.encodeproject.org/files/ENCFF664EPV/@@download/ENCFF664EPV.bam				released	s3://encode-public/2016/09/09/4954d216-cc4c-4a1e-9f62-0b066bcceeab/ENCFF664EPV.bam	https://datasetencode.blob.core.windows.net/dataset/2016/09/09/4954d216-cc4c-4a1e-9f62-0b066bcceeab/ENCFF664EPV.bam?sv=2019-10-10&si=prod&sr=c&sig=9qSQZo4ggrCNpybBExU8SypuUZV33igI11xw0P7rB3c%3D	Lab custom GRCh38	released			
ENCFF457EXY	bam	bam		alignments	hg19	ENCSR828ZID	eCLIP	/human-donors/ENCDO000AAC/	EFO:0001187	HepG2	cell line	Homo sapiens										HNRNPK-human	RNA				ultraviolet irradiation	strand-specific	2015-11-09	ENCODE		see document	175-300	1	1_1		44					/files/ENCFF016HQT/, /files/ENCFF120AAW/	325301016	Gene Yeo, UCSD	df26f5d0645ef1866e156cd01bae63c7		https://www.encodeproject.org/files/ENCFF457EXY/@@download/ENCFF457EXY.bam				released	s3://encode-public/2016/03/23/442e95e2-ef1c-43e8-982c-0d92227cf443/ENCFF457EXY.bam	https://datasetencode.blob.core.windows.net/dataset/2016/03/23/442e95e2-ef1c-43e8-982c-0d92227cf443/ENCFF457EXY.bam?sv=2019-10-10&si=prod&sr=c&sig=9qSQZo4ggrCNpybBExU8SypuUZV33igI11xw0P7rB3c%3D	Lab custom hg19	archived			
ENCFF329QRR	bam	bam		alignments	hg19	ENCSR828ZID	eCLIP	/human-donors/ENCDO000AAC/	EFO:0001187	HepG2	cell line	Homo sapiens										HNRNPK-human	RNA				ultraviolet irradiation	strand-specific	2015-11-09	ENCODE		see document	175-300	2	2_1		44					/files/ENCFF118YMC/, /files/ENCFF924WZQ/	304793367	Gene Yeo, UCSD	6252d7feb571fa972434a6ce5cd376be		https://www.encodeproject.org/files/ENCFF329QRR/@@download/ENCFF329QRR.bam				released	s3://encode-public/2016/03/23/353de655-46a5-401c-a603-84dec28ccecc/ENCFF329QRR.bam	https://datasetencode.blob.core.windows.net/dataset/2016/03/23/353de655-46a5-401c-a603-84dec28ccecc/ENCFF329QRR.bam?sv=2019-10-10&si=prod&sr=c&sig=9qSQZo4ggrCNpybBExU8SypuUZV33igI11xw0P7rB3c%3D	Lab custom hg19	archived			
ENCFF553XCL	bam	bam		alignments	GRCh38	ENCSR828ZID	eCLIP	/human-donors/ENCDO000AAC/	EFO:0001187	HepG2	cell line	Homo sapiens										HNRNPK-human	RNA				ultraviolet irradiation	strand-specific	2015-11-09	ENCODE		see document	175-300	2	2_1		44					/files/ENCFF118YMC/, /files/ENCFF924WZQ/	303608555	Gene Yeo, UCSD	ad32d5267e5aa230be83105aad0a4c40		https://www.encodeproject.org/files/ENCFF553XCL/@@download/ENCFF553XCL.bam				released	s3://encode-public/2016/09/09/7dbf6bbc-2504-43f6-b8c0-e59b80f15e79/ENCFF553XCL.bam	https://datasetencode.blob.core.windows.net/dataset/2016/09/09/7dbf6bbc-2504-43f6-b8c0-e59b80f15e79/ENCFF553XCL.bam?sv=2019-10-10&si=prod&sr=c&sig=9qSQZo4ggrCNpybBExU8SypuUZV33igI11xw0P7rB3c%3D	Lab custom GRCh38	released			
ENCFF198ISB	bam	bam		alignments	GRCh38	ENCSR828ZID	eCLIP	/human-donors/ENCDO000AAC/	EFO:0001187	HepG2	cell line	Homo sapiens										HNRNPK-human	RNA				ultraviolet irradiation	strand-specific	2015-11-09	ENCODE		see document	175-300	1	1_1		44					/files/ENCFF016HQT/, /files/ENCFF120AAW/	326086390	Gene Yeo, UCSD	c62c4b5f5a4cd6da9702c3ed18278c13		https://www.encodeproject.org/files/ENCFF198ISB/@@download/ENCFF198ISB.bam				released	s3://encode-public/2016/09/09/6099d61c-5aad-4de0-91f1-014c0619f98f/ENCFF198ISB.bam	https://datasetencode.blob.core.windows.net/dataset/2016/09/09/6099d61c-5aad-4de0-91f1-014c0619f98f/ENCFF198ISB.bam?sv=2019-10-10&si=prod&sr=c&sig=9qSQZo4ggrCNpybBExU8SypuUZV33igI11xw0P7rB3c%3D	Lab custom GRCh38	released			
ENCFF384EMH	bam	bam		alignments	hg19	ENCSR081JYH	eCLIP	/human-donors/ENCDO000AAD/	EFO:0002067	K562	cell line	Homo sapiens										NSUN2-human	RNA				ultraviolet irradiation	strand-specific	2016-09-21	ENCODE		see document	175-300	2	2_1		21					/files/ENCFF839INY/, /files/ENCFF852NUQ/	156147688	Gene Yeo, UCSD	3dde8e0d4de3be2448ffbf5bbdadfb73		https://www.encodeproject.org/files/ENCFF384EMH/@@download/ENCFF384EMH.bam				released	s3://encode-public/2016/03/24/890a8f77-fca7-4018-abfe-9e155f265f0e/ENCFF384EMH.bam	https://datasetencode.blob.core.windows.net/dataset/2016/03/24/890a8f77-fca7-4018-abfe-9e155f265f0e/ENCFF384EMH.bam?sv=2019-10-10&si=prod&sr=c&sig=9qSQZo4ggrCNpybBExU8SypuUZV33igI11xw0P7rB3c%3D	Lab custom hg19	archived	mixed read lengths		
ENCFF479GVM	bam	bam		alignments	hg19	ENCSR081JYH	eCLIP	/human-donors/ENCDO000AAD/	EFO:0002067	K562	cell line	Homo sapiens										NSUN2-human	RNA				ultraviolet irradiation	strand-specific	2016-09-21	ENCODE		see document	175-300	1	1_1		21					/files/ENCFF149VKG/, /files/ENCFF877FZZ/	270157532	Gene Yeo, UCSD	4c1458ee1cdda39bcbe95c399f2feb91		https://www.encodeproject.org/files/ENCFF479GVM/@@download/ENCFF479GVM.bam				released	s3://encode-public/2016/03/24/e76509da-d1d3-431b-9513-c0186c0f7031/ENCFF479GVM.bam	https://datasetencode.blob.core.windows.net/dataset/2016/03/24/e76509da-d1d3-431b-9513-c0186c0f7031/ENCFF479GVM.bam?sv=2019-10-10&si=prod&sr=c&sig=9qSQZo4ggrCNpybBExU8SypuUZV33igI11xw0P7rB3c%3D	Lab custom hg19	archived	mixed read lengths		
ENCFF862LPP	bam	bam		alignments	GRCh38	ENCSR081JYH	eCLIP	/human-donors/ENCDO000AAD/	EFO:0002067	K562	cell line	Homo sapiens										NSUN2-human	RNA				ultraviolet irradiation	strand-specific	2016-09-21	ENCODE		see document	175-300	1	1_1		21					/files/ENCFF149VKG/, /files/ENCFF877FZZ/	264984540	Gene Yeo, UCSD	160b14ddba0645eba5f8ed1c423febdb		https://www.encodeproject.org/files/ENCFF862LPP/@@download/ENCFF862LPP.bam				released	s3://encode-public/2016/09/09/a1054ad5-f011-4318-8b10-195f1a041602/ENCFF862LPP.bam	https://datasetencode.blob.core.windows.net/dataset/2016/09/09/a1054ad5-f011-4318-8b10-195f1a041602/ENCFF862LPP.bam?sv=2019-10-10&si=prod&sr=c&sig=9qSQZo4ggrCNpybBExU8SypuUZV33igI11xw0P7rB3c%3D	Lab custom GRCh38	released	mixed read lengths		
ENCFF790KXQ	bam	bam		alignments	GRCh38	ENCSR081JYH	eCLIP	/human-donors/ENCDO000AAD/	EFO:0002067	K562	cell line	Homo sapiens										NSUN2-human	RNA				ultraviolet irradiation	strand-specific	2016-09-21	ENCODE		see document	175-300	2	2_1		21					/files/ENCFF839INY/, /files/ENCFF852NUQ/	154665089	Gene Yeo, UCSD	efe0639879400d02cc43491cdb0941a1		https://www.encodeproject.org/files/ENCFF790KXQ/@@download/ENCFF790KXQ.bam				released	s3://encode-public/2016/09/09/51cb6ea9-07d2-43ef-85f4-2230df688ea3/ENCFF790KXQ.bam	https://datasetencode.blob.core.windows.net/dataset/2016/09/09/51cb6ea9-07d2-43ef-85f4-2230df688ea3/ENCFF790KXQ.bam?sv=2019-10-10&si=prod&sr=c&sig=9qSQZo4ggrCNpybBExU8SypuUZV33igI11xw0P7rB3c%3D	Lab custom GRCh38	released	mixed read lengths		
ENCFF085NPT	bam	bam		unfiltered alignments	GRCh38	ENCSR348MQL	eCLIP	/human-donors/ENCDO000AAC/	EFO:0001187	HepG2	cell line	Homo sapiens										PRPF39-human	RNA				ultraviolet irradiation	reverse	2023-02-03	ENCODE		see document	175-300	1	1_1		89					/files/ENCFF865FYT/	485769981	Gene Yeo, UCSD	c1ed0499d2807e44cefd53c0cc60750b		https://www.encodeproject.org/files/ENCFF085NPT/@@download/ENCFF085NPT.bam	V29			archived	s3://encode-public/2022/01/12/3b7c8164-8523-4f1c-b83c-44ce30594128/ENCFF085NPT.bam	https://datasetencode.blob.core.windows.net/dataset/2022/01/12/3b7c8164-8523-4f1c-b83c-44ce30594128/ENCFF085NPT.bam?sv=2019-10-10&si=prod&sr=c&sig=9qSQZo4ggrCNpybBExU8SypuUZV33igI11xw0P7rB3c%3D	Lab custom GRCh38 V29	archived		partially characterized antibody	
ENCFF805HBA	bam	bam		alignments	GRCh38	ENCSR348MQL	eCLIP	/human-donors/ENCDO000AAC/	EFO:0001187	HepG2	cell line	Homo sapiens										PRPF39-human	RNA				ultraviolet irradiation	reverse	2023-02-03	ENCODE		see document	175-300	1	1_1		89					/files/ENCFF085NPT/	275181590	Gene Yeo, UCSD	f8613ab13a9e16b3f3fb0d6c1cc71fba		https://www.encodeproject.org/files/ENCFF805HBA/@@download/ENCFF805HBA.bam	V29			archived	s3://encode-public/2022/01/12/52693ec2-3e3c-4264-8479-fe2f00c59c84/ENCFF805HBA.bam	https://datasetencode.blob.core.windows.net/dataset/2022/01/12/52693ec2-3e3c-4264-8479-fe2f00c59c84/ENCFF805HBA.bam?sv=2019-10-10&si=prod&sr=c&sig=9qSQZo4ggrCNpybBExU8SypuUZV33igI11xw0P7rB3c%3D	Lab custom GRCh38 V29	archived		partially characterized antibody	
ENCFF042RCD	bam	bam		unfiltered alignments	GRCh38	ENCSR348MQL	eCLIP	/human-donors/ENCDO000AAC/	EFO:0001187	HepG2	cell line	Homo sapiens										PRPF39-human	RNA				ultraviolet irradiation	reverse	2023-02-03	ENCODE		see document	175-300	2	2_1		89					/files/ENCFF764BHJ/	532931786	Gene Yeo, UCSD	d046d082dfdee435ebb0ff72a2576d68		https://www.encodeproject.org/files/ENCFF042RCD/@@download/ENCFF042RCD.bam	V29			archived	s3://encode-public/2022/01/12/2abe5fe9-9abf-4243-9157-3e450edbaf32/ENCFF042RCD.bam	https://datasetencode.blob.core.windows.net/dataset/2022/01/12/2abe5fe9-9abf-4243-9157-3e450edbaf32/ENCFF042RCD.bam?sv=2019-10-10&si=prod&sr=c&sig=9qSQZo4ggrCNpybBExU8SypuUZV33igI11xw0P7rB3c%3D	Lab custom GRCh38 V29	archived		partially characterized antibody	
ENCFF499DGT	bam	bam		alignments	GRCh38	ENCSR348MQL	eCLIP	/human-donors/ENCDO000AAC/	EFO:0001187	HepG2	cell line	Homo sapiens										PRPF39-human	RNA				ultraviolet irradiation	reverse	2023-02-03	ENCODE		see document	175-300	2	2_1		89					/files/ENCFF042RCD/	334802644	Gene Yeo, UCSD	620911c857e0dea503ccf426c22240b0		https://www.encodeproject.org/files/ENCFF499DGT/@@download/ENCFF499DGT.bam	V29			archived	s3://encode-public/2022/01/12/14862bbd-197a-4f30-80df-f014701b5af6/ENCFF499DGT.bam	https://datasetencode.blob.core.windows.net/dataset/2022/01/12/14862bbd-197a-4f30-80df-f014701b5af6/ENCFF499DGT.bam?sv=2019-10-10&si=prod&sr=c&sig=9qSQZo4ggrCNpybBExU8SypuUZV33igI11xw0P7rB3c%3D	Lab custom GRCh38 V29	archived		partially characterized antibody	
ENCFF061EAB	bam	bam		unfiltered alignments	GRCh38	ENCSR004VIR	eCLIP	/human-donors/ENCDO000AAD/	EFO:0002067	K562	cell line	Homo sapiens										EEF2-human	RNA				ultraviolet irradiation	reverse	2022-09-12	ENCODE		see document	175-300	1	1_1		64					/files/ENCFF930FVO/	233508558	Gene Yeo, UCSD	013872e733e5a8cd37207a6d5f30dbb7		https://www.encodeproject.org/files/ENCFF061EAB/@@download/ENCFF061EAB.bam	V29			released	s3://encode-public/2022/01/12/7aa49e78-f4f4-4570-848c-933af9518b6f/ENCFF061EAB.bam	https://datasetencode.blob.core.windows.net/dataset/2022/01/12/7aa49e78-f4f4-4570-848c-933af9518b6f/ENCFF061EAB.bam?sv=2019-10-10&si=prod&sr=c&sig=9qSQZo4ggrCNpybBExU8SypuUZV33igI11xw0P7rB3c%3D	Lab custom GRCh38 V29	released			
ENCFF590IGQ	bam	bam		alignments	GRCh38	ENCSR004VIR	eCLIP	/human-donors/ENCDO000AAD/	EFO:0002067	K562	cell line	Homo sapiens										EEF2-human	RNA				ultraviolet irradiation	reverse	2022-09-12	ENCODE		see document	175-300	2	2_1		64					/files/ENCFF740NJG/	55216800	Gene Yeo, UCSD	414db8ccf3e6415067da4a75f568268d		https://www.encodeproject.org/files/ENCFF590IGQ/@@download/ENCFF590IGQ.bam	V29			released	s3://encode-public/2022/01/12/b6d91dd1-410f-4b48-b8f9-389e10647ff0/ENCFF590IGQ.bam	https://datasetencode.blob.core.windows.net/dataset/2022/01/12/b6d91dd1-410f-4b48-b8f9-389e10647ff0/ENCFF590IGQ.bam?sv=2019-10-10&si=prod&sr=c&sig=9qSQZo4ggrCNpybBExU8SypuUZV33igI11xw0P7rB3c%3D	Lab custom GRCh38 V29	released			
ENCFF641FYU	bam	bam		alignments	GRCh38	ENCSR004VIR	eCLIP	/human-donors/ENCDO000AAD/	EFO:0002067	K562	cell line	Homo sapiens										EEF2-human	RNA				ultraviolet irradiation	reverse	2022-09-12	ENCODE		see document	175-300	1	1_1		64					/files/ENCFF061EAB/	86210131	Gene Yeo, UCSD	e979a1fa0392116fecbf9c11997aa942		https://www.encodeproject.org/files/ENCFF641FYU/@@download/ENCFF641FYU.bam	V29			released	s3://encode-public/2022/01/12/40a99ae9-709c-4d6c-937d-cade8a815a51/ENCFF641FYU.bam	https://datasetencode.blob.core.windows.net/dataset/2022/01/12/40a99ae9-709c-4d6c-937d-cade8a815a51/ENCFF641FYU.bam?sv=2019-10-10&si=prod&sr=c&sig=9qSQZo4ggrCNpybBExU8SypuUZV33igI11xw0P7rB3c%3D	Lab custom GRCh38 V29	released			
ENCFF740NJG	bam	bam		unfiltered alignments	GRCh38	ENCSR004VIR	eCLIP	/human-donors/ENCDO000AAD/	EFO:0002067	K562	cell line	Homo sapiens										EEF2-human	RNA				ultraviolet irradiation	reverse	2022-09-12	ENCODE		see document	175-300	2	2_1		64					/files/ENCFF928PQT/	234063064	Gene Yeo, UCSD	6dbae3152a56114984cd03b70f8c29ba		https://www.encodeproject.org/files/ENCFF740NJG/@@download/ENCFF740NJG.bam	V29			released	s3://encode-public/2022/01/12/f74a7af6-84c2-476d-bd60-0ef72c733c17/ENCFF740NJG.bam	https://datasetencode.blob.core.windows.net/dataset/2022/01/12/f74a7af6-84c2-476d-bd60-0ef72c733c17/ENCFF740NJG.bam?sv=2019-10-10&si=prod&sr=c&sig=9qSQZo4ggrCNpybBExU8SypuUZV33igI11xw0P7rB3c%3D	Lab custom GRCh38 V29	released			
ENCFF832UVT	bam	bam		unfiltered alignments	GRCh38	ENCSR202LKI	eCLIP	/human-donors/ENCDO000AAD/	EFO:0002067	K562	cell line	Homo sapiens										ADAR-human	RNA				ultraviolet irradiation	reverse	2023-02-03	ENCODE		see document	175-300	1	1_1		64					/files/ENCFF602KWI/	1644310318	Gene Yeo, UCSD	e0f2c6f1f9f1592166e6341e7f0442f6		https://www.encodeproject.org/files/ENCFF832UVT/@@download/ENCFF832UVT.bam	V29			archived	s3://encode-public/2022/01/12/5b606bc9-b789-4ba5-8dd3-56a938c16ee6/ENCFF832UVT.bam	https://datasetencode.blob.core.windows.net/dataset/2022/01/12/5b606bc9-b789-4ba5-8dd3-56a938c16ee6/ENCFF832UVT.bam?sv=2019-10-10&si=prod&sr=c&sig=9qSQZo4ggrCNpybBExU8SypuUZV33igI11xw0P7rB3c%3D	Lab custom GRCh38 V29	archived		uncharacterized antibody	
ENCFF021OCT	bam	bam		unfiltered alignments	GRCh38	ENCSR202LKI	eCLIP	/human-donors/ENCDO000AAD/	EFO:0002067	K562	cell line	Homo sapiens										ADAR-human	RNA				ultraviolet irradiation	reverse	2023-02-03	ENCODE		see document	175-300	2	2_1		64					/files/ENCFF543DNL/	372851749	Gene Yeo, UCSD	afef07d1a042b8fa17ebf0e7e6e5abcf		https://www.encodeproject.org/files/ENCFF021OCT/@@download/ENCFF021OCT.bam	V29			archived	s3://encode-public/2022/01/12/43c5b735-fcef-474b-8dc7-2bf64ebd97e0/ENCFF021OCT.bam	https://datasetencode.blob.core.windows.net/dataset/2022/01/12/43c5b735-fcef-474b-8dc7-2bf64ebd97e0/ENCFF021OCT.bam?sv=2019-10-10&si=prod&sr=c&sig=9qSQZo4ggrCNpybBExU8SypuUZV33igI11xw0P7rB3c%3D	Lab custom GRCh38 V29	archived		uncharacterized antibody	
ENCFF203XCS	bam	bam		alignments	GRCh38	ENCSR202LKI	eCLIP	/human-donors/ENCDO000AAD/	EFO:0002067	K562	cell line	Homo sapiens										ADAR-human	RNA				ultraviolet irradiation	reverse	2023-02-03	ENCODE		see document	175-300	1	1_1		64					/files/ENCFF832UVT/	1012752500	Gene Yeo, UCSD	938162ececb56eacd159d6d687b0e4f3		https://www.encodeproject.org/files/ENCFF203XCS/@@download/ENCFF203XCS.bam	V29			archived	s3://encode-public/2022/01/12/d11a4ab9-7521-49ea-817b-b58c4c6627e6/ENCFF203XCS.bam	https://datasetencode.blob.core.windows.net/dataset/2022/01/12/d11a4ab9-7521-49ea-817b-b58c4c6627e6/ENCFF203XCS.bam?sv=2019-10-10&si=prod&sr=c&sig=9qSQZo4ggrCNpybBExU8SypuUZV33igI11xw0P7rB3c%3D	Lab custom GRCh38 V29	archived		uncharacterized antibody	
ENCFF888PIL	bam	bam		alignments	GRCh38	ENCSR202LKI	eCLIP	/human-donors/ENCDO000AAD/	EFO:0002067	K562	cell line	Homo sapiens										ADAR-human	RNA				ultraviolet irradiation	reverse	2023-02-03	ENCODE		see document	175-300	2	2_1		64					/files/ENCFF021OCT/	216303572	Gene Yeo, UCSD	ca2e317f9557c7faa57641b7b9746c85		https://www.encodeproject.org/files/ENCFF888PIL/@@download/ENCFF888PIL.bam	V29			archived	s3://encode-public/2022/01/12/f475fbfb-a1da-49d8-a3fb-071e3bf3eb9a/ENCFF888PIL.bam	https://datasetencode.blob.core.windows.net/dataset/2022/01/12/f475fbfb-a1da-49d8-a3fb-071e3bf3eb9a/ENCFF888PIL.bam?sv=2019-10-10&si=prod&sr=c&sig=9qSQZo4ggrCNpybBExU8SypuUZV33igI11xw0P7rB3c%3D	Lab custom GRCh38 V29	archived		uncharacterized antibody	
ENCFF595NHE	bam	bam		unfiltered alignments	GRCh38	ENCSR321PWZ	eCLIP	/human-donors/ENCDO000AAD/	EFO:0002067	K562	cell line	Homo sapiens										SRSF1-human	RNA				ultraviolet irradiation	reverse	2022-12-17	ENCODE		see document	175-300	1	1_1		64					/files/ENCFF512IIH/	511201494	Gene Yeo, UCSD	76b57480ab9860a4f22e537054bd19dd		https://www.encodeproject.org/files/ENCFF595NHE/@@download/ENCFF595NHE.bam	V29			released	s3://encode-public/2022/01/12/5730bf72-6214-4ba6-9656-e28b78ca3cad/ENCFF595NHE.bam	https://datasetencode.blob.core.windows.net/dataset/2022/01/12/5730bf72-6214-4ba6-9656-e28b78ca3cad/ENCFF595NHE.bam?sv=2019-10-10&si=prod&sr=c&sig=9qSQZo4ggrCNpybBExU8SypuUZV33igI11xw0P7rB3c%3D	Lab custom GRCh38 V29	released			
ENCFF810FCS	bam	bam		alignments	GRCh38	ENCSR321PWZ	eCLIP	/human-donors/ENCDO000AAD/	EFO:0002067	K562	cell line	Homo sapiens										SRSF1-human	RNA				ultraviolet irradiation	reverse	2022-12-17	ENCODE		see document	175-300	1	1_1		64					/files/ENCFF595NHE/	352783262	Gene Yeo, UCSD	fcd0e2e59b767ec030649e38f437f333		https://www.encodeproject.org/files/ENCFF810FCS/@@download/ENCFF810FCS.bam	V29			released	s3://encode-public/2022/01/12/3a590db4-75e3-4116-8eee-187f61461023/ENCFF810FCS.bam	https://datasetencode.blob.core.windows.net/dataset/2022/01/12/3a590db4-75e3-4116-8eee-187f61461023/ENCFF810FCS.bam?sv=2019-10-10&si=prod&sr=c&sig=9qSQZo4ggrCNpybBExU8SypuUZV33igI11xw0P7rB3c%3D	Lab custom GRCh38 V29	released			
ENCFF369EUU	bam	bam		unfiltered alignments	GRCh38	ENCSR321PWZ	eCLIP	/human-donors/ENCDO000AAD/	EFO:0002067	K562	cell line	Homo sapiens										SRSF1-human	RNA				ultraviolet irradiation	reverse	2022-12-17	ENCODE		see document	175-300	2	2_1		64					/files/ENCFF882KLC/	337932766	Gene Yeo, UCSD	67f01bf6f3e69414a0f60489ebc0c21c		https://www.encodeproject.org/files/ENCFF369EUU/@@download/ENCFF369EUU.bam	V29			released	s3://encode-public/2022/01/12/1e4df152-01ec-414a-ac7f-6a1417f839fe/ENCFF369EUU.bam	https://datasetencode.blob.core.windows.net/dataset/2022/01/12/1e4df152-01ec-414a-ac7f-6a1417f839fe/ENCFF369EUU.bam?sv=2019-10-10&si=prod&sr=c&sig=9qSQZo4ggrCNpybBExU8SypuUZV33igI11xw0P7rB3c%3D	Lab custom GRCh38 V29	released			
ENCFF305QSS	bam	bam		alignments	GRCh38	ENCSR321PWZ	eCLIP	/human-donors/ENCDO000AAD/	EFO:0002067	K562	cell line	Homo sapiens										SRSF1-human	RNA				ultraviolet irradiation	reverse	2022-12-17	ENCODE		see document	175-300	2	2_1		64					/files/ENCFF369EUU/	215801500	Gene Yeo, UCSD	7030924381bd93abd1c55fa25e382f3c		https://www.encodeproject.org/files/ENCFF305QSS/@@download/ENCFF305QSS.bam	V29			released	s3://encode-public/2022/01/12/500e5600-1533-4256-a70c-4d9b56b774ab/ENCFF305QSS.bam	https://datasetencode.blob.core.windows.net/dataset/2022/01/12/500e5600-1533-4256-a70c-4d9b56b774ab/ENCFF305QSS.bam?sv=2019-10-10&si=prod&sr=c&sig=9qSQZo4ggrCNpybBExU8SypuUZV33igI11xw0P7rB3c%3D	Lab custom GRCh38 V29	released			
ENCFF653YQW	bam	bam		unfiltered alignments	GRCh38	ENCSR391BBA	eCLIP	/human-donors/ENCDO000AAD/	EFO:0002067	K562	cell line	Homo sapiens										EIF4E-human	RNA				ultraviolet irradiation	reverse	2022-07-19	ENCODE		see document	175-300	1	1_1		63					/files/ENCFF230YKJ/	212631634	Gene Yeo, UCSD	8ff88bde93068fe6d598973d1285b7de		https://www.encodeproject.org/files/ENCFF653YQW/@@download/ENCFF653YQW.bam	V29			released	s3://encode-public/2022/01/12/5139c348-1cb6-473a-973a-6e7f3ba7142e/ENCFF653YQW.bam	https://datasetencode.blob.core.windows.net/dataset/2022/01/12/5139c348-1cb6-473a-973a-6e7f3ba7142e/ENCFF653YQW.bam?sv=2019-10-10&si=prod&sr=c&sig=9qSQZo4ggrCNpybBExU8SypuUZV33igI11xw0P7rB3c%3D	Lab custom GRCh38 V29	released			
ENCFF748VHF	bam	bam		alignments	GRCh38	ENCSR391BBA	eCLIP	/human-donors/ENCDO000AAD/	EFO:0002067	K562	cell line	Homo sapiens										EIF4E-human	RNA				ultraviolet irradiation	reverse	2022-07-19	ENCODE		see document	175-300	2	2_1		63					/files/ENCFF992OVY/	129430826	Gene Yeo, UCSD	f89e58d070438dda2ad95a5d847729d3		https://www.encodeproject.org/files/ENCFF748VHF/@@download/ENCFF748VHF.bam	V29			released	s3://encode-public/2022/01/12/d229504f-bb8e-4edc-9af8-0760aa7c87c1/ENCFF748VHF.bam	https://datasetencode.blob.core.windows.net/dataset/2022/01/12/d229504f-bb8e-4edc-9af8-0760aa7c87c1/ENCFF748VHF.bam?sv=2019-10-10&si=prod&sr=c&sig=9qSQZo4ggrCNpybBExU8SypuUZV33igI11xw0P7rB3c%3D	Lab custom GRCh38 V29	released			
ENCFF992OVY	bam	bam		unfiltered alignments	GRCh38	ENCSR391BBA	eCLIP	/human-donors/ENCDO000AAD/	EFO:0002067	K562	cell line	Homo sapiens										EIF4E-human	RNA				ultraviolet irradiation	reverse	2022-07-19	ENCODE		see document	175-300	2	2_1		63					/files/ENCFF497YEF/	314769919	Gene Yeo, UCSD	d110f06c71deacb5bc0395081c6c507a		https://www.encodeproject.org/files/ENCFF992OVY/@@download/ENCFF992OVY.bam	V29			released	s3://encode-public/2022/01/12/c789c09c-11a0-4208-a20d-24abe4e074c8/ENCFF992OVY.bam	https://datasetencode.blob.core.windows.net/dataset/2022/01/12/c789c09c-11a0-4208-a20d-24abe4e074c8/ENCFF992OVY.bam?sv=2019-10-10&si=prod&sr=c&sig=9qSQZo4ggrCNpybBExU8SypuUZV33igI11xw0P7rB3c%3D	Lab custom GRCh38 V29	released			
ENCFF967PSC	bam	bam		alignments	GRCh38	ENCSR391BBA	eCLIP	/human-donors/ENCDO000AAD/	EFO:0002067	K562	cell line	Homo sapiens										EIF4E-human	RNA				ultraviolet irradiation	reverse	2022-07-19	ENCODE		see document	175-300	1	1_1		63					/files/ENCFF653YQW/	59610496	Gene Yeo, UCSD	53380ed5898262937f77206a106bd2de		https://www.encodeproject.org/files/ENCFF967PSC/@@download/ENCFF967PSC.bam	V29			released	s3://encode-public/2022/01/12/55ff3167-cfd8-48cd-b1b8-92f98ff8f14a/ENCFF967PSC.bam	https://datasetencode.blob.core.windows.net/dataset/2022/01/12/55ff3167-cfd8-48cd-b1b8-92f98ff8f14a/ENCFF967PSC.bam?sv=2019-10-10&si=prod&sr=c&sig=9qSQZo4ggrCNpybBExU8SypuUZV33igI11xw0P7rB3c%3D	Lab custom GRCh38 V29	released			
ENCFF841OKZ	bam	bam		unfiltered alignments	GRCh38	ENCSR038CCV	eCLIP	/human-donors/ENCDO000AAC/	EFO:0001187	HepG2	cell line	Homo sapiens										SNRPD3-human	RNA				ultraviolet irradiation	reverse	2023-02-03	ENCODE		see document	175-300	2	2_1		64					/files/ENCFF944MVA/	351230050	Gene Yeo, UCSD	55de289dc72a0c85982ba3da830f4e79		https://www.encodeproject.org/files/ENCFF841OKZ/@@download/ENCFF841OKZ.bam	V29			archived	s3://encode-public/2022/01/12/f5a95e2f-2328-4056-8d0f-85c802d5b3c1/ENCFF841OKZ.bam	https://datasetencode.blob.core.windows.net/dataset/2022/01/12/f5a95e2f-2328-4056-8d0f-85c802d5b3c1/ENCFF841OKZ.bam?sv=2019-10-10&si=prod&sr=c&sig=9qSQZo4ggrCNpybBExU8SypuUZV33igI11xw0P7rB3c%3D	Lab custom GRCh38 V29	archived		partially characterized antibody	
ENCFF115GUR	bam	bam		alignments	GRCh38	ENCSR038CCV	eCLIP	/human-donors/ENCDO000AAC/	EFO:0001187	HepG2	cell line	Homo sapiens										SNRPD3-human	RNA				ultraviolet irradiation	reverse	2023-02-03	ENCODE		see document	175-300	2	2_1		63					/files/ENCFF841OKZ/	144943376	Gene Yeo, UCSD	4633c7197920679ce1d77ae088b988b5		https://www.encodeproject.org/files/ENCFF115GUR/@@download/ENCFF115GUR.bam	V29			archived	s3://encode-public/2022/01/12/c65e3a83-455a-48c6-ab65-4c4dfc122820/ENCFF115GUR.bam	https://datasetencode.blob.core.windows.net/dataset/2022/01/12/c65e3a83-455a-48c6-ab65-4c4dfc122820/ENCFF115GUR.bam?sv=2019-10-10&si=prod&sr=c&sig=9qSQZo4ggrCNpybBExU8SypuUZV33igI11xw0P7rB3c%3D	Lab custom GRCh38 V29	archived		partially characterized antibody	
ENCFF542QXR	bam	bam		unfiltered alignments	GRCh38	ENCSR038CCV	eCLIP	/human-donors/ENCDO000AAC/	EFO:0001187	HepG2	cell line	Homo sapiens										SNRPD3-human	RNA				ultraviolet irradiation	reverse	2023-02-03	ENCODE		see document	175-300	1	1_1		64					/files/ENCFF785ZMY/	391387460	Gene Yeo, UCSD	fe5f44af7d2a50518bb344405833163e		https://www.encodeproject.org/files/ENCFF542QXR/@@download/ENCFF542QXR.bam	V29			archived	s3://encode-public/2022/01/12/ea3ad9e0-6eab-4d48-b7d3-fdf3b60e9cd0/ENCFF542QXR.bam	https://datasetencode.blob.core.windows.net/dataset/2022/01/12/ea3ad9e0-6eab-4d48-b7d3-fdf3b60e9cd0/ENCFF542QXR.bam?sv=2019-10-10&si=prod&sr=c&sig=9qSQZo4ggrCNpybBExU8SypuUZV33igI11xw0P7rB3c%3D	Lab custom GRCh38 V29	archived		partially characterized antibody	
ENCFF629SHO	bam	bam		alignments	GRCh38	ENCSR038CCV	eCLIP	/human-donors/ENCDO000AAC/	EFO:0001187	HepG2	cell line	Homo sapiens										SNRPD3-human	RNA				ultraviolet irradiation	reverse	2023-02-03	ENCODE		see document	175-300	1	1_1		63					/files/ENCFF542QXR/	58296793	Gene Yeo, UCSD	9cd2b55ec7f372afd3239080a7ac49f3		https://www.encodeproject.org/files/ENCFF629SHO/@@download/ENCFF629SHO.bam	V29			archived	s3://encode-public/2022/01/12/2b43087a-e35e-4988-af94-09d98b361e08/ENCFF629SHO.bam	https://datasetencode.blob.core.windows.net/dataset/2022/01/12/2b43087a-e35e-4988-af94-09d98b361e08/ENCFF629SHO.bam?sv=2019-10-10&si=prod&sr=c&sig=9qSQZo4ggrCNpybBExU8SypuUZV33igI11xw0P7rB3c%3D	Lab custom GRCh38 V29	archived		partially characterized antibody	
ENCFF934TLG	bam	bam		unfiltered alignments	GRCh38	ENCSR381VNR	eCLIP	/human-donors/ENCDO000AAD/	EFO:0002067	K562	cell line	Homo sapiens										SRSF9-human	RNA				ultraviolet irradiation	reverse	2022-07-19	ENCODE		see document	175-300	1	1_1		64					/files/ENCFF826EHK/	176005064	Gene Yeo, UCSD	5e0aa02e1c292cf0482b18d03749ef3a		https://www.encodeproject.org/files/ENCFF934TLG/@@download/ENCFF934TLG.bam	V29			released	s3://encode-public/2022/01/12/de312806-9d7b-4df5-ab03-44812bb60cdf/ENCFF934TLG.bam	https://datasetencode.blob.core.windows.net/dataset/2022/01/12/de312806-9d7b-4df5-ab03-44812bb60cdf/ENCFF934TLG.bam?sv=2019-10-10&si=prod&sr=c&sig=9qSQZo4ggrCNpybBExU8SypuUZV33igI11xw0P7rB3c%3D	Lab custom GRCh38 V29	released			
ENCFF937IDV	bam	bam		alignments	GRCh38	ENCSR381VNR	eCLIP	/human-donors/ENCDO000AAD/	EFO:0002067	K562	cell line	Homo sapiens										SRSF9-human	RNA				ultraviolet irradiation	reverse	2022-07-19	ENCODE		see document	175-300	2	2_1		63					/files/ENCFF181UTP/	52153754	Gene Yeo, UCSD	470c6b0799b25d75af00179f55679284		https://www.encodeproject.org/files/ENCFF937IDV/@@download/ENCFF937IDV.bam	V29			released	s3://encode-public/2022/01/12/bef04afd-7d1a-4181-b846-aba96855f189/ENCFF937IDV.bam	https://datasetencode.blob.core.windows.net/dataset/2022/01/12/bef04afd-7d1a-4181-b846-aba96855f189/ENCFF937IDV.bam?sv=2019-10-10&si=prod&sr=c&sig=9qSQZo4ggrCNpybBExU8SypuUZV33igI11xw0P7rB3c%3D	Lab custom GRCh38 V29	released			
ENCFF870JPN	bam	bam		alignments	GRCh38	ENCSR381VNR	eCLIP	/human-donors/ENCDO000AAD/	EFO:0002067	K562	cell line	Homo sapiens										SRSF9-human	RNA				ultraviolet irradiation	reverse	2022-07-19	ENCODE		see document	175-300	1	1_1		64					/files/ENCFF934TLG/	57844561	Gene Yeo, UCSD	f81a1a824c56b77a2b5621f28a8e7817		https://www.encodeproject.org/files/ENCFF870JPN/@@download/ENCFF870JPN.bam	V29			released	s3://encode-public/2022/01/12/9ef0fe74-1884-4b95-84a4-ccc5b4ee7db7/ENCFF870JPN.bam	https://datasetencode.blob.core.windows.net/dataset/2022/01/12/9ef0fe74-1884-4b95-84a4-ccc5b4ee7db7/ENCFF870JPN.bam?sv=2019-10-10&si=prod&sr=c&sig=9qSQZo4ggrCNpybBExU8SypuUZV33igI11xw0P7rB3c%3D	Lab custom GRCh38 V29	released			
ENCFF181UTP	bam	bam		unfiltered alignments	GRCh38	ENCSR381VNR	eCLIP	/human-donors/ENCDO000AAD/	EFO:0002067	K562	cell line	Homo sapiens										SRSF9-human	RNA				ultraviolet irradiation	reverse	2022-07-19	ENCODE		see document	175-300	2	2_1		64					/files/ENCFF460RIG/	144737381	Gene Yeo, UCSD	ab5965954e474508187d877350686b8e		https://www.encodeproject.org/files/ENCFF181UTP/@@download/ENCFF181UTP.bam	V29			released	s3://encode-public/2022/01/12/b30ae182-f573-4a1a-ac54-642ec971593e/ENCFF181UTP.bam	https://datasetencode.blob.core.windows.net/dataset/2022/01/12/b30ae182-f573-4a1a-ac54-642ec971593e/ENCFF181UTP.bam?sv=2019-10-10&si=prod&sr=c&sig=9qSQZo4ggrCNpybBExU8SypuUZV33igI11xw0P7rB3c%3D	Lab custom GRCh38 V29	released			
ENCFF748LDX	bam	bam		unfiltered alignments	GRCh38	ENCSR631HUN	eCLIP	/human-donors/ENCDO000AAD/	EFO:0002067	K562	cell line	Homo sapiens										DDX47-human	RNA				ultraviolet irradiation	reverse	2022-07-19	ENCODE		see document	175-300	1	1_1		64					/files/ENCFF418BKS/	167632606	Gene Yeo, UCSD	35b68cf631301537cc10eecc17529134		https://www.encodeproject.org/files/ENCFF748LDX/@@download/ENCFF748LDX.bam	V29			released	s3://encode-public/2022/01/12/d73372f3-2b6b-4008-a905-510fb55f2f15/ENCFF748LDX.bam	https://datasetencode.blob.core.windows.net/dataset/2022/01/12/d73372f3-2b6b-4008-a905-510fb55f2f15/ENCFF748LDX.bam?sv=2019-10-10&si=prod&sr=c&sig=9qSQZo4ggrCNpybBExU8SypuUZV33igI11xw0P7rB3c%3D	Lab custom GRCh38 V29	released			
ENCFF782BXA	bam	bam		alignments	GRCh38	ENCSR631HUN	eCLIP	/human-donors/ENCDO000AAD/	EFO:0002067	K562	cell line	Homo sapiens										DDX47-human	RNA				ultraviolet irradiation	reverse	2022-07-19	ENCODE		see document	175-300	1	1_1		64					/files/ENCFF748LDX/	77655419	Gene Yeo, UCSD	b21616b3b715dfa0dc02f6598d4ced8a		https://www.encodeproject.org/files/ENCFF782BXA/@@download/ENCFF782BXA.bam	V29			released	s3://encode-public/2022/01/12/f40c94ba-c295-4948-be6f-5f08aa68cca7/ENCFF782BXA.bam	https://datasetencode.blob.core.windows.net/dataset/2022/01/12/f40c94ba-c295-4948-be6f-5f08aa68cca7/ENCFF782BXA.bam?sv=2019-10-10&si=prod&sr=c&sig=9qSQZo4ggrCNpybBExU8SypuUZV33igI11xw0P7rB3c%3D	Lab custom GRCh38 V29	released			
ENCFF832UJF	bam	bam		unfiltered alignments	GRCh38	ENCSR631HUN	eCLIP	/human-donors/ENCDO000AAD/	EFO:0002067	K562	cell line	Homo sapiens										DDX47-human	RNA				ultraviolet irradiation	reverse	2022-07-19	ENCODE		see document	175-300	2	2_1		64					/files/ENCFF375INH/	150596565	Gene Yeo, UCSD	e83cd5971cff7725bc31df92be87a24e		https://www.encodeproject.org/files/ENCFF832UJF/@@download/ENCFF832UJF.bam	V29			released	s3://encode-public/2022/01/12/9bc28e55-d4f4-49c2-a4c5-fbe2c0c42e1b/ENCFF832UJF.bam	https://datasetencode.blob.core.windows.net/dataset/2022/01/12/9bc28e55-d4f4-49c2-a4c5-fbe2c0c42e1b/ENCFF832UJF.bam?sv=2019-10-10&si=prod&sr=c&sig=9qSQZo4ggrCNpybBExU8SypuUZV33igI11xw0P7rB3c%3D	Lab custom GRCh38 V29	released			
ENCFF433TOE	bam	bam		alignments	GRCh38	ENCSR631HUN	eCLIP	/human-donors/ENCDO000AAD/	EFO:0002067	K562	cell line	Homo sapiens										DDX47-human	RNA				ultraviolet irradiation	reverse	2022-07-19	ENCODE		see document	175-300	2	2_1		64					/files/ENCFF832UJF/	72322023	Gene Yeo, UCSD	4f946133d0a11cb9d2a3a168dc2fc353		https://www.encodeproject.org/files/ENCFF433TOE/@@download/ENCFF433TOE.bam	V29			released	s3://encode-public/2022/01/12/d6edd837-d59c-4f5b-932b-bc7172789170/ENCFF433TOE.bam	https://datasetencode.blob.core.windows.net/dataset/2022/01/12/d6edd837-d59c-4f5b-932b-bc7172789170/ENCFF433TOE.bam?sv=2019-10-10&si=prod&sr=c&sig=9qSQZo4ggrCNpybBExU8SypuUZV33igI11xw0P7rB3c%3D	Lab custom GRCh38 V29	released			
ENCFF750EUO	bam	bam		unfiltered alignments	GRCh38	ENCSR280JAB	eCLIP	/human-donors/ENCDO000AAD/	EFO:0002067	K562	cell line	Homo sapiens										SNRNP200-human	RNA				ultraviolet irradiation	reverse	2023-02-03	ENCODE		see document	175-300	2	2_1		64					/files/ENCFF132SYG/	461539976	Gene Yeo, UCSD	c75aa1e7b64cf2acf18b6c48eec12756		https://www.encodeproject.org/files/ENCFF750EUO/@@download/ENCFF750EUO.bam	V29			archived	s3://encode-public/2022/01/12/5c9f0ace-538f-4478-b538-282034b55a98/ENCFF750EUO.bam	https://datasetencode.blob.core.windows.net/dataset/2022/01/12/5c9f0ace-538f-4478-b538-282034b55a98/ENCFF750EUO.bam?sv=2019-10-10&si=prod&sr=c&sig=9qSQZo4ggrCNpybBExU8SypuUZV33igI11xw0P7rB3c%3D	Lab custom GRCh38 V29	archived		uncharacterized antibody	
ENCFF522GXU	bam	bam		unfiltered alignments	GRCh38	ENCSR280JAB	eCLIP	/human-donors/ENCDO000AAD/	EFO:0002067	K562	cell line	Homo sapiens										SNRNP200-human	RNA				ultraviolet irradiation	reverse	2023-02-03	ENCODE		see document	175-300	1	1_1		64					/files/ENCFF236MAA/	46987614	Gene Yeo, UCSD	7bd851f3c124a58e307de5cec7ac4dec		https://www.encodeproject.org/files/ENCFF522GXU/@@download/ENCFF522GXU.bam	V29			archived	s3://encode-public/2022/01/12/420dbf19-9221-4c81-8e4b-afab7fd2041e/ENCFF522GXU.bam	https://datasetencode.blob.core.windows.net/dataset/2022/01/12/420dbf19-9221-4c81-8e4b-afab7fd2041e/ENCFF522GXU.bam?sv=2019-10-10&si=prod&sr=c&sig=9qSQZo4ggrCNpybBExU8SypuUZV33igI11xw0P7rB3c%3D	Lab custom GRCh38 V29	archived		uncharacterized antibody	
ENCFF724SQO	bam	bam		alignments	GRCh38	ENCSR280JAB	eCLIP	/human-donors/ENCDO000AAD/	EFO:0002067	K562	cell line	Homo sapiens										SNRNP200-human	RNA				ultraviolet irradiation	reverse	2023-02-03	ENCODE		see document	175-300	1	1_1		64					/files/ENCFF522GXU/	28127890	Gene Yeo, UCSD	2b22b68c2fa22225bdcb425f220324db		https://www.encodeproject.org/files/ENCFF724SQO/@@download/ENCFF724SQO.bam	V29			archived	s3://encode-public/2022/01/12/5b458cce-1d0d-4957-a5b5-8329a4940bc9/ENCFF724SQO.bam	https://datasetencode.blob.core.windows.net/dataset/2022/01/12/5b458cce-1d0d-4957-a5b5-8329a4940bc9/ENCFF724SQO.bam?sv=2019-10-10&si=prod&sr=c&sig=9qSQZo4ggrCNpybBExU8SypuUZV33igI11xw0P7rB3c%3D	Lab custom GRCh38 V29	archived		uncharacterized antibody	
ENCFF156YLP	bam	bam		alignments	GRCh38	ENCSR280JAB	eCLIP	/human-donors/ENCDO000AAD/	EFO:0002067	K562	cell line	Homo sapiens										SNRNP200-human	RNA				ultraviolet irradiation	reverse	2023-02-03	ENCODE		see document	175-300	2	2_1		64					/files/ENCFF750EUO/	200348494	Gene Yeo, UCSD	7a86c5568126fd42b7bd3ca8028be406		https://www.encodeproject.org/files/ENCFF156YLP/@@download/ENCFF156YLP.bam	V29			archived	s3://encode-public/2022/01/12/6e4ae86e-d0a6-499d-a497-03fd1e2ff9c4/ENCFF156YLP.bam	https://datasetencode.blob.core.windows.net/dataset/2022/01/12/6e4ae86e-d0a6-499d-a497-03fd1e2ff9c4/ENCFF156YLP.bam?sv=2019-10-10&si=prod&sr=c&sig=9qSQZo4ggrCNpybBExU8SypuUZV33igI11xw0P7rB3c%3D	Lab custom GRCh38 V29	archived		uncharacterized antibody	
ENCFF106PSH	bam	bam		alignments	hg19	ENCSR513NDD	eCLIP	/human-donors/ENCDO000AAC/	EFO:0001187	HepG2	cell line	Homo sapiens										SRSF7-human	RNA				ultraviolet irradiation	strand-specific	2015-11-09	ENCODE		see document	175-300	1	1_1		44					/files/ENCFF619RHU/, /files/ENCFF605JFT/	212340512	Gene Yeo, UCSD	517cdd295857aee9a3e7b7e86c1f70b1		https://www.encodeproject.org/files/ENCFF106PSH/@@download/ENCFF106PSH.bam				released	s3://encode-public/2016/03/23/86df0ebf-c109-4b32-b9d9-d8c5453d5124/ENCFF106PSH.bam	https://datasetencode.blob.core.windows.net/dataset/2016/03/23/86df0ebf-c109-4b32-b9d9-d8c5453d5124/ENCFF106PSH.bam?sv=2019-10-10&si=prod&sr=c&sig=9qSQZo4ggrCNpybBExU8SypuUZV33igI11xw0P7rB3c%3D	Lab custom hg19	archived			
ENCFF632LPF	bam	bam		alignments	hg19	ENCSR513NDD	eCLIP	/human-donors/ENCDO000AAC/	EFO:0001187	HepG2	cell line	Homo sapiens										SRSF7-human	RNA				ultraviolet irradiation	strand-specific	2015-11-09	ENCODE		see document	175-300	2	2_1		44					/files/ENCFF729MSV/, /files/ENCFF578OMQ/	116163262	Gene Yeo, UCSD	8680c51278c4ac8d0395766f5c7a7598		https://www.encodeproject.org/files/ENCFF632LPF/@@download/ENCFF632LPF.bam				released	s3://encode-public/2016/03/23/dcd3c1da-e67f-41f1-812e-45075c8eed90/ENCFF632LPF.bam	https://datasetencode.blob.core.windows.net/dataset/2016/03/23/dcd3c1da-e67f-41f1-812e-45075c8eed90/ENCFF632LPF.bam?sv=2019-10-10&si=prod&sr=c&sig=9qSQZo4ggrCNpybBExU8SypuUZV33igI11xw0P7rB3c%3D	Lab custom hg19	archived			
ENCFF558CNE	bam	bam		alignments	GRCh38	ENCSR513NDD	eCLIP	/human-donors/ENCDO000AAC/	EFO:0001187	HepG2	cell line	Homo sapiens										SRSF7-human	RNA				ultraviolet irradiation	strand-specific	2015-11-09	ENCODE		see document	175-300	2	2_1		44					/files/ENCFF729MSV/, /files/ENCFF578OMQ/	116204911	Gene Yeo, UCSD	820754c503143512fe7d112b84e21fb3		https://www.encodeproject.org/files/ENCFF558CNE/@@download/ENCFF558CNE.bam				released	s3://encode-public/2016/09/09/04015ec5-a774-4f52-89bc-d2a0c65154d2/ENCFF558CNE.bam	https://datasetencode.blob.core.windows.net/dataset/2016/09/09/04015ec5-a774-4f52-89bc-d2a0c65154d2/ENCFF558CNE.bam?sv=2019-10-10&si=prod&sr=c&sig=9qSQZo4ggrCNpybBExU8SypuUZV33igI11xw0P7rB3c%3D	Lab custom GRCh38	released			
ENCFF743ZXA	bam	bam		alignments	GRCh38	ENCSR513NDD	eCLIP	/human-donors/ENCDO000AAC/	EFO:0001187	HepG2	cell line	Homo sapiens										SRSF7-human	RNA				ultraviolet irradiation	strand-specific	2015-11-09	ENCODE		see document	175-300	1	1_1		44					/files/ENCFF619RHU/, /files/ENCFF605JFT/	213070478	Gene Yeo, UCSD	66537149cae19741880addc497dfbfd5		https://www.encodeproject.org/files/ENCFF743ZXA/@@download/ENCFF743ZXA.bam				released	s3://encode-public/2016/09/09/d71dc2bb-c605-4548-9eed-f5cee130864f/ENCFF743ZXA.bam	https://datasetencode.blob.core.windows.net/dataset/2016/09/09/d71dc2bb-c605-4548-9eed-f5cee130864f/ENCFF743ZXA.bam?sv=2019-10-10&si=prod&sr=c&sig=9qSQZo4ggrCNpybBExU8SypuUZV33igI11xw0P7rB3c%3D	Lab custom GRCh38	released			
ENCFF081ZJS	bam	bam		alignments	hg19	ENCSR570WLM	eCLIP	/human-donors/ENCDO000AAC/	EFO:0001187	HepG2	cell line	Homo sapiens										QKI-human	RNA				ultraviolet irradiation	strand-specific	2016-04-26	ENCODE		see document	175-300	2	2_1		40					/files/ENCFF540VOG/, /files/ENCFF180SZL/	363432355	Gene Yeo, UCSD	d2b022ef246ece93d3a26403611811b2		https://www.encodeproject.org/files/ENCFF081ZJS/@@download/ENCFF081ZJS.bam				released	s3://encode-public/2016/03/24/f828c6c6-5a70-4986-9f9a-40c501e52286/ENCFF081ZJS.bam	https://datasetencode.blob.core.windows.net/dataset/2016/03/24/f828c6c6-5a70-4986-9f9a-40c501e52286/ENCFF081ZJS.bam?sv=2019-10-10&si=prod&sr=c&sig=9qSQZo4ggrCNpybBExU8SypuUZV33igI11xw0P7rB3c%3D	Lab custom hg19	archived			
ENCFF179YDO	bam	bam		alignments	hg19	ENCSR570WLM	eCLIP	/human-donors/ENCDO000AAC/	EFO:0001187	HepG2	cell line	Homo sapiens										QKI-human	RNA				ultraviolet irradiation	strand-specific	2016-04-26	ENCODE		see document	175-300	1	1_1		40					/files/ENCFF444DES/, /files/ENCFF746GSO/	604709946	Gene Yeo, UCSD	4b24342eba7407c099e88a9b91304c0e		https://www.encodeproject.org/files/ENCFF179YDO/@@download/ENCFF179YDO.bam				released	s3://encode-public/2016/03/24/bc78ac79-7e2c-4ecd-a8c3-9594bc186c20/ENCFF179YDO.bam	https://datasetencode.blob.core.windows.net/dataset/2016/03/24/bc78ac79-7e2c-4ecd-a8c3-9594bc186c20/ENCFF179YDO.bam?sv=2019-10-10&si=prod&sr=c&sig=9qSQZo4ggrCNpybBExU8SypuUZV33igI11xw0P7rB3c%3D	Lab custom hg19	archived			
ENCFF567ADV	bam	bam		alignments	GRCh38	ENCSR570WLM	eCLIP	/human-donors/ENCDO000AAC/	EFO:0001187	HepG2	cell line	Homo sapiens										QKI-human	RNA				ultraviolet irradiation	strand-specific	2016-04-26	ENCODE		see document	175-300	1	1_1		40					/files/ENCFF444DES/, /files/ENCFF746GSO/	582092144	Gene Yeo, UCSD	98c684dff526951245400c29980acbbe		https://www.encodeproject.org/files/ENCFF567ADV/@@download/ENCFF567ADV.bam				released	s3://encode-public/2016/09/09/f9f1651d-a501-47bf-a294-5b5221a62182/ENCFF567ADV.bam	https://datasetencode.blob.core.windows.net/dataset/2016/09/09/f9f1651d-a501-47bf-a294-5b5221a62182/ENCFF567ADV.bam?sv=2019-10-10&si=prod&sr=c&sig=9qSQZo4ggrCNpybBExU8SypuUZV33igI11xw0P7rB3c%3D	Lab custom GRCh38	released			
ENCFF862YVK	bam	bam		alignments	GRCh38	ENCSR570WLM	eCLIP	/human-donors/ENCDO000AAC/	EFO:0001187	HepG2	cell line	Homo sapiens										QKI-human	RNA				ultraviolet irradiation	strand-specific	2016-04-26	ENCODE		see document	175-300	2	2_1		40					/files/ENCFF540VOG/, /files/ENCFF180SZL/	338874134	Gene Yeo, UCSD	1a20ef85e422c27a8624fbdcddb6cdad		https://www.encodeproject.org/files/ENCFF862YVK/@@download/ENCFF862YVK.bam				released	s3://encode-public/2016/09/09/8b481f6f-9106-4bbc-80d2-96ae23e52f79/ENCFF862YVK.bam	https://datasetencode.blob.core.windows.net/dataset/2016/09/09/8b481f6f-9106-4bbc-80d2-96ae23e52f79/ENCFF862YVK.bam?sv=2019-10-10&si=prod&sr=c&sig=9qSQZo4ggrCNpybBExU8SypuUZV33igI11xw0P7rB3c%3D	Lab custom GRCh38	released			
ENCFF827FAW	bam	bam		alignments	hg19	ENCSR000SSH	eCLIP	/human-donors/ENCDO000AAD/	EFO:0002067	K562	cell line	Homo sapiens										SLTM-human	RNA				ultraviolet irradiation	strand-specific	2015-07-15	ENCODE		see document	175-300	1	1_1		43					/files/ENCFF334ONA/, /files/ENCFF506XBB/	238625686	Gene Yeo, UCSD	241f58e440faa733705dbdd1693e3671		https://www.encodeproject.org/files/ENCFF827FAW/@@download/ENCFF827FAW.bam				released	s3://encode-public/2016/03/23/884a2ce5-937d-42f4-a4ec-27192b795973/ENCFF827FAW.bam	https://datasetencode.blob.core.windows.net/dataset/2016/03/23/884a2ce5-937d-42f4-a4ec-27192b795973/ENCFF827FAW.bam?sv=2019-10-10&si=prod&sr=c&sig=9qSQZo4ggrCNpybBExU8SypuUZV33igI11xw0P7rB3c%3D	Lab custom hg19	archived			
ENCFF405BRH	bam	bam		alignments	hg19	ENCSR000SSH	eCLIP	/human-donors/ENCDO000AAD/	EFO:0002067	K562	cell line	Homo sapiens										SLTM-human	RNA				ultraviolet irradiation	strand-specific	2015-07-15	ENCODE		see document	175-300	2	2_1		43					/files/ENCFF470BUR/, /files/ENCFF896KIF/	296013712	Gene Yeo, UCSD	768a31acbe4ec80824fb10765f3aace9		https://www.encodeproject.org/files/ENCFF405BRH/@@download/ENCFF405BRH.bam				released	s3://encode-public/2016/03/23/9f2bf0e5-dea7-4f6a-b78c-51c0fe981b3c/ENCFF405BRH.bam	https://datasetencode.blob.core.windows.net/dataset/2016/03/23/9f2bf0e5-dea7-4f6a-b78c-51c0fe981b3c/ENCFF405BRH.bam?sv=2019-10-10&si=prod&sr=c&sig=9qSQZo4ggrCNpybBExU8SypuUZV33igI11xw0P7rB3c%3D	Lab custom hg19	archived			
ENCFF712SXL	bam	bam		alignments	GRCh38	ENCSR000SSH	eCLIP	/human-donors/ENCDO000AAD/	EFO:0002067	K562	cell line	Homo sapiens										SLTM-human	RNA				ultraviolet irradiation	strand-specific	2015-07-15	ENCODE		see document	175-300	2	2_1		43					/files/ENCFF470BUR/, /files/ENCFF896KIF/	290764689	Gene Yeo, UCSD	eecc44aa25ff262eefb2ea42d3899041		https://www.encodeproject.org/files/ENCFF712SXL/@@download/ENCFF712SXL.bam				released	s3://encode-public/2016/09/09/28f65cea-f813-435f-b5ad-18bb47052985/ENCFF712SXL.bam	https://datasetencode.blob.core.windows.net/dataset/2016/09/09/28f65cea-f813-435f-b5ad-18bb47052985/ENCFF712SXL.bam?sv=2019-10-10&si=prod&sr=c&sig=9qSQZo4ggrCNpybBExU8SypuUZV33igI11xw0P7rB3c%3D	Lab custom GRCh38	released			
ENCFF396BVL	bam	bam		alignments	GRCh38	ENCSR000SSH	eCLIP	/human-donors/ENCDO000AAD/	EFO:0002067	K562	cell line	Homo sapiens										SLTM-human	RNA				ultraviolet irradiation	strand-specific	2015-07-15	ENCODE		see document	175-300	1	1_1		43					/files/ENCFF334ONA/, /files/ENCFF506XBB/	234219764	Gene Yeo, UCSD	53934329b3599c27abbad54ef30e6791		https://www.encodeproject.org/files/ENCFF396BVL/@@download/ENCFF396BVL.bam				released	s3://encode-public/2016/09/09/5aa8cb3f-851e-40b4-b82c-4fe77e26219a/ENCFF396BVL.bam	https://datasetencode.blob.core.windows.net/dataset/2016/09/09/5aa8cb3f-851e-40b4-b82c-4fe77e26219a/ENCFF396BVL.bam?sv=2019-10-10&si=prod&sr=c&sig=9qSQZo4ggrCNpybBExU8SypuUZV33igI11xw0P7rB3c%3D	Lab custom GRCh38	released			
ENCFF337FDR	bam	bam		alignments	hg19	ENCSR576SHT	eCLIP	/human-donors/ENCDO000AAD/	EFO:0002067	K562	cell line	Homo sapiens										DDX42-human	RNA				ultraviolet irradiation	strand-specific	2015-07-15	ENCODE		see document	175-300	2	2_1		43					/files/ENCFF450GCJ/, /files/ENCFF032CWK/	167359160	Gene Yeo, UCSD	62aef226f501943fa42b1f11bd22b097		https://www.encodeproject.org/files/ENCFF337FDR/@@download/ENCFF337FDR.bam				released	s3://encode-public/2016/03/23/a8351936-6230-49c5-ad80-3b3215313e92/ENCFF337FDR.bam	https://datasetencode.blob.core.windows.net/dataset/2016/03/23/a8351936-6230-49c5-ad80-3b3215313e92/ENCFF337FDR.bam?sv=2019-10-10&si=prod&sr=c&sig=9qSQZo4ggrCNpybBExU8SypuUZV33igI11xw0P7rB3c%3D	Lab custom hg19	archived			
ENCFF920GHG	bam	bam		alignments	hg19	ENCSR576SHT	eCLIP	/human-donors/ENCDO000AAD/	EFO:0002067	K562	cell line	Homo sapiens										DDX42-human	RNA				ultraviolet irradiation	strand-specific	2015-07-15	ENCODE		see document	175-300	1	1_1		43					/files/ENCFF196YUL/, /files/ENCFF092NLI/	142957426	Gene Yeo, UCSD	ac491f7d9f0c50464755369a51fa5c6c		https://www.encodeproject.org/files/ENCFF920GHG/@@download/ENCFF920GHG.bam				released	s3://encode-public/2016/03/23/5c017449-f526-4f40-8c2e-a0de4691819e/ENCFF920GHG.bam	https://datasetencode.blob.core.windows.net/dataset/2016/03/23/5c017449-f526-4f40-8c2e-a0de4691819e/ENCFF920GHG.bam?sv=2019-10-10&si=prod&sr=c&sig=9qSQZo4ggrCNpybBExU8SypuUZV33igI11xw0P7rB3c%3D	Lab custom hg19	archived			
ENCFF220NDA	bam	bam		alignments	GRCh38	ENCSR576SHT	eCLIP	/human-donors/ENCDO000AAD/	EFO:0002067	K562	cell line	Homo sapiens										DDX42-human	RNA				ultraviolet irradiation	strand-specific	2015-07-15	ENCODE		see document	175-300	1	1_1		43					/files/ENCFF196YUL/, /files/ENCFF092NLI/	141140384	Gene Yeo, UCSD	5512c9b99ebef0c83463dcd6e580689b		https://www.encodeproject.org/files/ENCFF220NDA/@@download/ENCFF220NDA.bam				released	s3://encode-public/2016/09/09/1c9992a6-4fd9-46a0-97c0-75ce0e9c21c0/ENCFF220NDA.bam	https://datasetencode.blob.core.windows.net/dataset/2016/09/09/1c9992a6-4fd9-46a0-97c0-75ce0e9c21c0/ENCFF220NDA.bam?sv=2019-10-10&si=prod&sr=c&sig=9qSQZo4ggrCNpybBExU8SypuUZV33igI11xw0P7rB3c%3D	Lab custom GRCh38	released			
ENCFF106FPU	bam	bam		alignments	GRCh38	ENCSR576SHT	eCLIP	/human-donors/ENCDO000AAD/	EFO:0002067	K562	cell line	Homo sapiens										DDX42-human	RNA				ultraviolet irradiation	strand-specific	2015-07-15	ENCODE		see document	175-300	2	2_1		43					/files/ENCFF450GCJ/, /files/ENCFF032CWK/	165482767	Gene Yeo, UCSD	88af752286478508031b1a4eae140431		https://www.encodeproject.org/files/ENCFF106FPU/@@download/ENCFF106FPU.bam				released	s3://encode-public/2016/09/09/92a0d9f0-d098-4666-be34-c2b943ff7cd5/ENCFF106FPU.bam	https://datasetencode.blob.core.windows.net/dataset/2016/09/09/92a0d9f0-d098-4666-be34-c2b943ff7cd5/ENCFF106FPU.bam?sv=2019-10-10&si=prod&sr=c&sig=9qSQZo4ggrCNpybBExU8SypuUZV33igI11xw0P7rB3c%3D	Lab custom GRCh38	released			
ENCFF105IAX	bam	bam		alignments	hg19	ENCSR987NYS	eCLIP	/human-donors/ENCDO000AAC/	EFO:0001187	HepG2	cell line	Homo sapiens										FAM120A-human	RNA				ultraviolet irradiation	strand-specific	2015-11-09	ENCODE		see document	175-300	2	2_1		43					/files/ENCFF687SEY/, /files/ENCFF319ICK/	483337250	Gene Yeo, UCSD	bd46810a18e4b1e2916004f1de3d00a9		https://www.encodeproject.org/files/ENCFF105IAX/@@download/ENCFF105IAX.bam				released	s3://encode-public/2016/03/24/ce4251d8-8d78-40ce-97f3-5015986c12ed/ENCFF105IAX.bam	https://datasetencode.blob.core.windows.net/dataset/2016/03/24/ce4251d8-8d78-40ce-97f3-5015986c12ed/ENCFF105IAX.bam?sv=2019-10-10&si=prod&sr=c&sig=9qSQZo4ggrCNpybBExU8SypuUZV33igI11xw0P7rB3c%3D	Lab custom hg19	archived			
ENCFF599VUS	bam	bam		alignments	hg19	ENCSR987NYS	eCLIP	/human-donors/ENCDO000AAC/	EFO:0001187	HepG2	cell line	Homo sapiens										FAM120A-human	RNA				ultraviolet irradiation	strand-specific	2015-11-09	ENCODE		see document	175-300	1	1_1		43					/files/ENCFF545IVO/, /files/ENCFF815UFF/	430329370	Gene Yeo, UCSD	72cb38a38c655a7fd6fa17fd985654d7		https://www.encodeproject.org/files/ENCFF599VUS/@@download/ENCFF599VUS.bam				released	s3://encode-public/2016/03/24/071d83c2-a1e6-4e52-a720-6f8a8e6df521/ENCFF599VUS.bam	https://datasetencode.blob.core.windows.net/dataset/2016/03/24/071d83c2-a1e6-4e52-a720-6f8a8e6df521/ENCFF599VUS.bam?sv=2019-10-10&si=prod&sr=c&sig=9qSQZo4ggrCNpybBExU8SypuUZV33igI11xw0P7rB3c%3D	Lab custom hg19	archived			
ENCFF889YGM	bam	bam		alignments	GRCh38	ENCSR987NYS	eCLIP	/human-donors/ENCDO000AAC/	EFO:0001187	HepG2	cell line	Homo sapiens										FAM120A-human	RNA				ultraviolet irradiation	strand-specific	2015-11-09	ENCODE		see document	175-300	2	2_1		43					/files/ENCFF687SEY/, /files/ENCFF319ICK/	481155425	Gene Yeo, UCSD	520780705d34fb4cd1bc01d2d628e1ab		https://www.encodeproject.org/files/ENCFF889YGM/@@download/ENCFF889YGM.bam				released	s3://encode-public/2016/09/09/21e71449-9afa-4517-acd4-c265c5bd8740/ENCFF889YGM.bam	https://datasetencode.blob.core.windows.net/dataset/2016/09/09/21e71449-9afa-4517-acd4-c265c5bd8740/ENCFF889YGM.bam?sv=2019-10-10&si=prod&sr=c&sig=9qSQZo4ggrCNpybBExU8SypuUZV33igI11xw0P7rB3c%3D	Lab custom GRCh38	released			
ENCFF704TQZ	bam	bam		alignments	GRCh38	ENCSR987NYS	eCLIP	/human-donors/ENCDO000AAC/	EFO:0001187	HepG2	cell line	Homo sapiens										FAM120A-human	RNA				ultraviolet irradiation	strand-specific	2015-11-09	ENCODE		see document	175-300	1	1_1		43					/files/ENCFF545IVO/, /files/ENCFF815UFF/	428241495	Gene Yeo, UCSD	8b8de550a12d83c3df799faac21fcfaa		https://www.encodeproject.org/files/ENCFF704TQZ/@@download/ENCFF704TQZ.bam				released	s3://encode-public/2016/09/09/a3a92457-61da-49cb-9efe-c05c172d8843/ENCFF704TQZ.bam	https://datasetencode.blob.core.windows.net/dataset/2016/09/09/a3a92457-61da-49cb-9efe-c05c172d8843/ENCFF704TQZ.bam?sv=2019-10-10&si=prod&sr=c&sig=9qSQZo4ggrCNpybBExU8SypuUZV33igI11xw0P7rB3c%3D	Lab custom GRCh38	released			
ENCFF958RKH	bam	bam		alignments	hg19	ENCSR438KWZ	eCLIP	/human-donors/ENCDO000AAD/	EFO:0002067	K562	cell line	Homo sapiens										ILF3-human	RNA				ultraviolet irradiation	strand-specific	2015-11-09	ENCODE		see document	175-300	1	1_1		43					/files/ENCFF412NAX/, /files/ENCFF824RQD/	694094065	Gene Yeo, UCSD	44f43557a30ee35d6bd22ca36d37224c		https://www.encodeproject.org/files/ENCFF958RKH/@@download/ENCFF958RKH.bam				released	s3://encode-public/2016/03/24/2d145429-5b52-4f30-b0ce-8b61f5c44973/ENCFF958RKH.bam	https://datasetencode.blob.core.windows.net/dataset/2016/03/24/2d145429-5b52-4f30-b0ce-8b61f5c44973/ENCFF958RKH.bam?sv=2019-10-10&si=prod&sr=c&sig=9qSQZo4ggrCNpybBExU8SypuUZV33igI11xw0P7rB3c%3D	Lab custom hg19	archived			
ENCFF415JAG	bam	bam		alignments	hg19	ENCSR438KWZ	eCLIP	/human-donors/ENCDO000AAD/	EFO:0002067	K562	cell line	Homo sapiens										ILF3-human	RNA				ultraviolet irradiation	strand-specific	2015-11-09	ENCODE		see document	175-300	2	2_1		43					/files/ENCFF585YOO/, /files/ENCFF526EKC/	595010252	Gene Yeo, UCSD	60fe8b5817f24464d1379993f1a4eba3		https://www.encodeproject.org/files/ENCFF415JAG/@@download/ENCFF415JAG.bam				released	s3://encode-public/2016/03/24/9689065f-d965-4d90-a74f-338f07c3f3e4/ENCFF415JAG.bam	https://datasetencode.blob.core.windows.net/dataset/2016/03/24/9689065f-d965-4d90-a74f-338f07c3f3e4/ENCFF415JAG.bam?sv=2019-10-10&si=prod&sr=c&sig=9qSQZo4ggrCNpybBExU8SypuUZV33igI11xw0P7rB3c%3D	Lab custom hg19	archived			
ENCFF098RFI	bam	bam		alignments	GRCh38	ENCSR438KWZ	eCLIP	/human-donors/ENCDO000AAD/	EFO:0002067	K562	cell line	Homo sapiens										ILF3-human	RNA				ultraviolet irradiation	strand-specific	2015-11-09	ENCODE		see document	175-300	1	1_1		43					/files/ENCFF412NAX/, /files/ENCFF824RQD/	687571531	Gene Yeo, UCSD	02e637ce82916f4a246296acc50838d0		https://www.encodeproject.org/files/ENCFF098RFI/@@download/ENCFF098RFI.bam				released	s3://encode-public/2016/09/09/a0cca2b9-1381-460b-95e2-b6abee1f8b7a/ENCFF098RFI.bam	https://datasetencode.blob.core.windows.net/dataset/2016/09/09/a0cca2b9-1381-460b-95e2-b6abee1f8b7a/ENCFF098RFI.bam?sv=2019-10-10&si=prod&sr=c&sig=9qSQZo4ggrCNpybBExU8SypuUZV33igI11xw0P7rB3c%3D	Lab custom GRCh38	released			
ENCFF889XJU	bam	bam		alignments	GRCh38	ENCSR438KWZ	eCLIP	/human-donors/ENCDO000AAD/	EFO:0002067	K562	cell line	Homo sapiens										ILF3-human	RNA				ultraviolet irradiation	strand-specific	2015-11-09	ENCODE		see document	175-300	2	2_1		43					/files/ENCFF585YOO/, /files/ENCFF526EKC/	589544633	Gene Yeo, UCSD	b63b2ed14e607381178c143fa81be266		https://www.encodeproject.org/files/ENCFF889XJU/@@download/ENCFF889XJU.bam				released	s3://encode-public/2016/09/09/2df592d8-08b4-40da-86d8-dbb4e8c65026/ENCFF889XJU.bam	https://datasetencode.blob.core.windows.net/dataset/2016/09/09/2df592d8-08b4-40da-86d8-dbb4e8c65026/ENCFF889XJU.bam?sv=2019-10-10&si=prod&sr=c&sig=9qSQZo4ggrCNpybBExU8SypuUZV33igI11xw0P7rB3c%3D	Lab custom GRCh38	released			
ENCFF036FAN	bam	bam		alignments	hg19	ENCSR483NOP	eCLIP	/human-donors/ENCDO000AAD/	EFO:0002067	K562	cell line	Homo sapiens										SLBP-human	RNA				ultraviolet irradiation	strand-specific	2015-07-15	ENCODE		see document	175-300	1	1_1		43					/files/ENCFF192LYD/, /files/ENCFF929QLP/	13864839	Gene Yeo, UCSD	2f6328dc8a834d9d6eae2a1e55e61597		https://www.encodeproject.org/files/ENCFF036FAN/@@download/ENCFF036FAN.bam				released	s3://encode-public/2016/03/24/6f5282ba-3559-4a5d-8f7f-cfab6eefb470/ENCFF036FAN.bam	https://datasetencode.blob.core.windows.net/dataset/2016/03/24/6f5282ba-3559-4a5d-8f7f-cfab6eefb470/ENCFF036FAN.bam?sv=2019-10-10&si=prod&sr=c&sig=9qSQZo4ggrCNpybBExU8SypuUZV33igI11xw0P7rB3c%3D	Lab custom hg19	archived			
ENCFF013SZJ	bam	bam		alignments	hg19	ENCSR483NOP	eCLIP	/human-donors/ENCDO000AAD/	EFO:0002067	K562	cell line	Homo sapiens										SLBP-human	RNA				ultraviolet irradiation	strand-specific	2015-07-15	ENCODE		see document	175-300	2	2_1		43					/files/ENCFF835QFU/, /files/ENCFF833YXA/	37442017	Gene Yeo, UCSD	09937b8c3a1647df69219efa3a6de7f0		https://www.encodeproject.org/files/ENCFF013SZJ/@@download/ENCFF013SZJ.bam				released	s3://encode-public/2016/03/24/8189166e-ca48-40ec-bc35-b1d6836d2def/ENCFF013SZJ.bam	https://datasetencode.blob.core.windows.net/dataset/2016/03/24/8189166e-ca48-40ec-bc35-b1d6836d2def/ENCFF013SZJ.bam?sv=2019-10-10&si=prod&sr=c&sig=9qSQZo4ggrCNpybBExU8SypuUZV33igI11xw0P7rB3c%3D	Lab custom hg19	archived			
ENCFF218ZEI	bam	bam		alignments	GRCh38	ENCSR483NOP	eCLIP	/human-donors/ENCDO000AAD/	EFO:0002067	K562	cell line	Homo sapiens										SLBP-human	RNA				ultraviolet irradiation	strand-specific	2015-07-15	ENCODE		see document	175-300	2	2_1		43					/files/ENCFF835QFU/, /files/ENCFF833YXA/	37129990	Gene Yeo, UCSD	4135a40c4dbd2f2193644ef3c3252c36		https://www.encodeproject.org/files/ENCFF218ZEI/@@download/ENCFF218ZEI.bam				released	s3://encode-public/2016/09/09/aa80a61a-bb4c-414c-921d-777157b8c8ad/ENCFF218ZEI.bam	https://datasetencode.blob.core.windows.net/dataset/2016/09/09/aa80a61a-bb4c-414c-921d-777157b8c8ad/ENCFF218ZEI.bam?sv=2019-10-10&si=prod&sr=c&sig=9qSQZo4ggrCNpybBExU8SypuUZV33igI11xw0P7rB3c%3D	Lab custom GRCh38	released			
ENCFF511HSJ	bam	bam		alignments	GRCh38	ENCSR483NOP	eCLIP	/human-donors/ENCDO000AAD/	EFO:0002067	K562	cell line	Homo sapiens										SLBP-human	RNA				ultraviolet irradiation	strand-specific	2015-07-15	ENCODE		see document	175-300	1	1_1		43					/files/ENCFF192LYD/, /files/ENCFF929QLP/	13710651	Gene Yeo, UCSD	2042a7cd154ae5245cab3ad86dd9bae4		https://www.encodeproject.org/files/ENCFF511HSJ/@@download/ENCFF511HSJ.bam				released	s3://encode-public/2016/09/09/790bcec6-7984-4ccf-818c-b82742239ac7/ENCFF511HSJ.bam	https://datasetencode.blob.core.windows.net/dataset/2016/09/09/790bcec6-7984-4ccf-818c-b82742239ac7/ENCFF511HSJ.bam?sv=2019-10-10&si=prod&sr=c&sig=9qSQZo4ggrCNpybBExU8SypuUZV33igI11xw0P7rB3c%3D	Lab custom GRCh38	released			
ENCFF743SKO	bam	bam		alignments	hg19	ENCSR456JJQ	eCLIP	/human-donors/ENCDO000AAC/	EFO:0001187	HepG2	cell line	Homo sapiens										RBM22-human	RNA				ultraviolet irradiation	strand-specific	2016-04-26	ENCODE		see document	175-300	2	2_1		40					/files/ENCFF827TLD/, /files/ENCFF433TMO/	463999332	Gene Yeo, UCSD	dd6fbf254da8ece198d8a4e88903da26		https://www.encodeproject.org/files/ENCFF743SKO/@@download/ENCFF743SKO.bam				released	s3://encode-public/2016/03/24/31fa3139-5755-4525-983b-8b9b7e4af430/ENCFF743SKO.bam	https://datasetencode.blob.core.windows.net/dataset/2016/03/24/31fa3139-5755-4525-983b-8b9b7e4af430/ENCFF743SKO.bam?sv=2019-10-10&si=prod&sr=c&sig=9qSQZo4ggrCNpybBExU8SypuUZV33igI11xw0P7rB3c%3D	Lab custom hg19	archived			
ENCFF755XIB	bam	bam		alignments	hg19	ENCSR456JJQ	eCLIP	/human-donors/ENCDO000AAC/	EFO:0001187	HepG2	cell line	Homo sapiens										RBM22-human	RNA				ultraviolet irradiation	strand-specific	2016-04-26	ENCODE		see document	175-300	1	1_1		40					/files/ENCFF125EJB/, /files/ENCFF210HLS/	235234606	Gene Yeo, UCSD	07c03f9b5472f60202e7e5868259d4c3		https://www.encodeproject.org/files/ENCFF755XIB/@@download/ENCFF755XIB.bam				released	s3://encode-public/2016/03/24/74f16ba1-6136-4c22-8319-c8ca46ed0ae5/ENCFF755XIB.bam	https://datasetencode.blob.core.windows.net/dataset/2016/03/24/74f16ba1-6136-4c22-8319-c8ca46ed0ae5/ENCFF755XIB.bam?sv=2019-10-10&si=prod&sr=c&sig=9qSQZo4ggrCNpybBExU8SypuUZV33igI11xw0P7rB3c%3D	Lab custom hg19	archived			
ENCFF051SNH	bam	bam		alignments	GRCh38	ENCSR456JJQ	eCLIP	/human-donors/ENCDO000AAC/	EFO:0001187	HepG2	cell line	Homo sapiens										RBM22-human	RNA				ultraviolet irradiation	strand-specific	2016-04-26	ENCODE		see document	175-300	1	1_1		40					/files/ENCFF125EJB/, /files/ENCFF210HLS/	223704604	Gene Yeo, UCSD	1e5272ea72ec60d9aeefa9cb096fa77c		https://www.encodeproject.org/files/ENCFF051SNH/@@download/ENCFF051SNH.bam				released	s3://encode-public/2016/09/09/b0ae4b08-33a3-4d72-85b8-187b2126fef6/ENCFF051SNH.bam	https://datasetencode.blob.core.windows.net/dataset/2016/09/09/b0ae4b08-33a3-4d72-85b8-187b2126fef6/ENCFF051SNH.bam?sv=2019-10-10&si=prod&sr=c&sig=9qSQZo4ggrCNpybBExU8SypuUZV33igI11xw0P7rB3c%3D	Lab custom GRCh38	released			
ENCFF169EKN	bam	bam		alignments	GRCh38	ENCSR456JJQ	eCLIP	/human-donors/ENCDO000AAC/	EFO:0001187	HepG2	cell line	Homo sapiens										RBM22-human	RNA				ultraviolet irradiation	strand-specific	2016-04-26	ENCODE		see document	175-300	2	2_1		40					/files/ENCFF827TLD/, /files/ENCFF433TMO/	447322642	Gene Yeo, UCSD	8bef535f34d11cdcd6692d37dbcb8f74		https://www.encodeproject.org/files/ENCFF169EKN/@@download/ENCFF169EKN.bam				released	s3://encode-public/2016/09/09/10913951-64db-4fc3-a9af-5cb2e67ef8bd/ENCFF169EKN.bam	https://datasetencode.blob.core.windows.net/dataset/2016/09/09/10913951-64db-4fc3-a9af-5cb2e67ef8bd/ENCFF169EKN.bam?sv=2019-10-10&si=prod&sr=c&sig=9qSQZo4ggrCNpybBExU8SypuUZV33igI11xw0P7rB3c%3D	Lab custom GRCh38	released			
ENCFF608WLW	bam	bam		alignments	hg19	ENCSR628IDK	eCLIP	/human-donors/ENCDO000AAD/	EFO:0002067	K562	cell line	Homo sapiens										KHDRBS1-human	RNA				ultraviolet irradiation	strand-specific	2015-11-09	ENCODE		see document	175-300	1	1_1		38					/files/ENCFF651RTO/, /files/ENCFF947CCD/	814392818	Gene Yeo, UCSD	1ee57523f7dd8636586e60a96e214044		https://www.encodeproject.org/files/ENCFF608WLW/@@download/ENCFF608WLW.bam				released	s3://encode-public/2016/03/24/e9d43924-4497-4eb3-93dd-d9e7b41c5aac/ENCFF608WLW.bam	https://datasetencode.blob.core.windows.net/dataset/2016/03/24/e9d43924-4497-4eb3-93dd-d9e7b41c5aac/ENCFF608WLW.bam?sv=2019-10-10&si=prod&sr=c&sig=9qSQZo4ggrCNpybBExU8SypuUZV33igI11xw0P7rB3c%3D	Lab custom hg19	archived	mixed read lengths		
ENCFF352QTY	bam	bam		alignments	hg19	ENCSR628IDK	eCLIP	/human-donors/ENCDO000AAD/	EFO:0002067	K562	cell line	Homo sapiens										KHDRBS1-human	RNA				ultraviolet irradiation	strand-specific	2015-11-09	ENCODE		see document	175-300	2	2_1		38					/files/ENCFF289UZZ/, /files/ENCFF676NAG/	901054570	Gene Yeo, UCSD	505b35f7e33cb96230828f617ec14efd		https://www.encodeproject.org/files/ENCFF352QTY/@@download/ENCFF352QTY.bam				released	s3://encode-public/2016/03/24/afde78b1-fea3-4709-81e5-b57c5bb68d43/ENCFF352QTY.bam	https://datasetencode.blob.core.windows.net/dataset/2016/03/24/afde78b1-fea3-4709-81e5-b57c5bb68d43/ENCFF352QTY.bam?sv=2019-10-10&si=prod&sr=c&sig=9qSQZo4ggrCNpybBExU8SypuUZV33igI11xw0P7rB3c%3D	Lab custom hg19	archived	mixed read lengths		
ENCFF778POI	bam	bam		alignments	GRCh38	ENCSR628IDK	eCLIP	/human-donors/ENCDO000AAD/	EFO:0002067	K562	cell line	Homo sapiens										KHDRBS1-human	RNA				ultraviolet irradiation	strand-specific	2015-11-09	ENCODE		see document	175-300	2	2_1		38					/files/ENCFF289UZZ/, /files/ENCFF676NAG/	883233404	Gene Yeo, UCSD	e714f5979ddcfa70cb753c171da844f6		https://www.encodeproject.org/files/ENCFF778POI/@@download/ENCFF778POI.bam				released	s3://encode-public/2016/09/09/792e22c3-81ba-4ab3-97c4-ea390ae5de5a/ENCFF778POI.bam	https://datasetencode.blob.core.windows.net/dataset/2016/09/09/792e22c3-81ba-4ab3-97c4-ea390ae5de5a/ENCFF778POI.bam?sv=2019-10-10&si=prod&sr=c&sig=9qSQZo4ggrCNpybBExU8SypuUZV33igI11xw0P7rB3c%3D	Lab custom GRCh38	released	mixed read lengths		
ENCFF787ROO	bam	bam		alignments	GRCh38	ENCSR628IDK	eCLIP	/human-donors/ENCDO000AAD/	EFO:0002067	K562	cell line	Homo sapiens										KHDRBS1-human	RNA				ultraviolet irradiation	strand-specific	2015-11-09	ENCODE		see document	175-300	1	1_1		38					/files/ENCFF651RTO/, /files/ENCFF947CCD/	796663488	Gene Yeo, UCSD	9d5b194494ca5f906b9ef525d28be3c1		https://www.encodeproject.org/files/ENCFF787ROO/@@download/ENCFF787ROO.bam				released	s3://encode-public/2016/09/09/5cc6bc80-9cc2-4060-b46e-d65f28b9f3d3/ENCFF787ROO.bam	https://datasetencode.blob.core.windows.net/dataset/2016/09/09/5cc6bc80-9cc2-4060-b46e-d65f28b9f3d3/ENCFF787ROO.bam?sv=2019-10-10&si=prod&sr=c&sig=9qSQZo4ggrCNpybBExU8SypuUZV33igI11xw0P7rB3c%3D	Lab custom GRCh38	released	mixed read lengths		
ENCFF840DTR	bam	bam		alignments	hg19	ENCSR724RDN	eCLIP	/human-donors/ENCDO000AAC/	EFO:0001187	HepG2	cell line	Homo sapiens										HNRNPL-human	RNA				ultraviolet irradiation	strand-specific	2017-12-04	ENCODE		see document	175-300	1	1_1		40					/files/ENCFF761PZC/, /files/ENCFF081VYS/	1011210621	Gene Yeo, UCSD	f05dc547b9814831c97a8e7b73b3832a		https://www.encodeproject.org/files/ENCFF840DTR/@@download/ENCFF840DTR.bam				released	s3://encode-public/2016/08/04/56e91872-b63e-4307-ab62-7bc54ad4c1df/ENCFF840DTR.bam	https://datasetencode.blob.core.windows.net/dataset/2016/08/04/56e91872-b63e-4307-ab62-7bc54ad4c1df/ENCFF840DTR.bam?sv=2019-10-10&si=prod&sr=c&sig=9qSQZo4ggrCNpybBExU8SypuUZV33igI11xw0P7rB3c%3D	Lab custom hg19	archived			
ENCFF894SMP	bam	bam		alignments	hg19	ENCSR724RDN	eCLIP	/human-donors/ENCDO000AAC/	EFO:0001187	HepG2	cell line	Homo sapiens										HNRNPL-human	RNA				ultraviolet irradiation	strand-specific	2017-12-04	ENCODE		see document	175-300	2	2_1		40					/files/ENCFF242YTA/, /files/ENCFF149UBH/	751335219	Gene Yeo, UCSD	64fe731ea8c63ec104339dc30b6cdaf7		https://www.encodeproject.org/files/ENCFF894SMP/@@download/ENCFF894SMP.bam				released	s3://encode-public/2016/08/04/9c59f585-fcae-41c9-b965-366cbdc168b1/ENCFF894SMP.bam	https://datasetencode.blob.core.windows.net/dataset/2016/08/04/9c59f585-fcae-41c9-b965-366cbdc168b1/ENCFF894SMP.bam?sv=2019-10-10&si=prod&sr=c&sig=9qSQZo4ggrCNpybBExU8SypuUZV33igI11xw0P7rB3c%3D	Lab custom hg19	archived			
ENCFF518JBW	bam	bam		alignments	GRCh38	ENCSR724RDN	eCLIP	/human-donors/ENCDO000AAC/	EFO:0001187	HepG2	cell line	Homo sapiens										HNRNPL-human	RNA				ultraviolet irradiation	strand-specific	2017-12-04	ENCODE		see document	175-300	1	1_1		40					/files/ENCFF761PZC/, /files/ENCFF081VYS/	973903521	Gene Yeo, UCSD	a028006d5b5277435fd340a2035f931b		https://www.encodeproject.org/files/ENCFF518JBW/@@download/ENCFF518JBW.bam				released	s3://encode-public/2016/09/09/fd6100d6-fabf-48d6-a65a-7d854a14fdef/ENCFF518JBW.bam	https://datasetencode.blob.core.windows.net/dataset/2016/09/09/fd6100d6-fabf-48d6-a65a-7d854a14fdef/ENCFF518JBW.bam?sv=2019-10-10&si=prod&sr=c&sig=9qSQZo4ggrCNpybBExU8SypuUZV33igI11xw0P7rB3c%3D	Lab custom GRCh38	released			
ENCFF607WID	bam	bam		alignments	GRCh38	ENCSR724RDN	eCLIP	/human-donors/ENCDO000AAC/	EFO:0001187	HepG2	cell line	Homo sapiens										HNRNPL-human	RNA				ultraviolet irradiation	strand-specific	2017-12-04	ENCODE		see document	175-300	2	2_1		40					/files/ENCFF242YTA/, /files/ENCFF149UBH/	701896497	Gene Yeo, UCSD	045fd926aa78095d7a945ba745c84de9		https://www.encodeproject.org/files/ENCFF607WID/@@download/ENCFF607WID.bam				released	s3://encode-public/2016/09/09/1ef61c09-2b47-4245-95f1-fc28f742dc53/ENCFF607WID.bam	https://datasetencode.blob.core.windows.net/dataset/2016/09/09/1ef61c09-2b47-4245-95f1-fc28f742dc53/ENCFF607WID.bam?sv=2019-10-10&si=prod&sr=c&sig=9qSQZo4ggrCNpybBExU8SypuUZV33igI11xw0P7rB3c%3D	Lab custom GRCh38	released			
ENCFF314LSF	bam	bam		alignments	hg19	ENCSR057DWB	eCLIP	/human-donors/ENCDO000AAD/	EFO:0002067	K562	cell line	Homo sapiens										TIA1-human	RNA				ultraviolet irradiation	strand-specific	2016-08-19	ENCODE		see document	175-300	1	1_1		43					/files/ENCFF893QVN/, /files/ENCFF820BWG/	601044085	Gene Yeo, UCSD	e37958bdd0d043197e174bfe04253ce8		https://www.encodeproject.org/files/ENCFF314LSF/@@download/ENCFF314LSF.bam				released	s3://encode-public/2016/09/02/8fee2d44-9a30-49d3-a821-ddb5b8bb5f09/ENCFF314LSF.bam	https://datasetencode.blob.core.windows.net/dataset/2016/09/02/8fee2d44-9a30-49d3-a821-ddb5b8bb5f09/ENCFF314LSF.bam?sv=2019-10-10&si=prod&sr=c&sig=9qSQZo4ggrCNpybBExU8SypuUZV33igI11xw0P7rB3c%3D	Lab custom hg19	archived	mixed read lengths		
ENCFF900OHV	bam	bam		alignments	hg19	ENCSR057DWB	eCLIP	/human-donors/ENCDO000AAD/	EFO:0002067	K562	cell line	Homo sapiens										TIA1-human	RNA				ultraviolet irradiation	strand-specific	2016-08-19	ENCODE		see document	175-300	2	2_1		43					/files/ENCFF604VPQ/, /files/ENCFF710AFX/	715845827	Gene Yeo, UCSD	a6e02489846615a0f471ae2c0e4aee06		https://www.encodeproject.org/files/ENCFF900OHV/@@download/ENCFF900OHV.bam				released	s3://encode-public/2016/09/02/13a4d9b1-6ad3-47e4-a7b0-6e310aafae56/ENCFF900OHV.bam	https://datasetencode.blob.core.windows.net/dataset/2016/09/02/13a4d9b1-6ad3-47e4-a7b0-6e310aafae56/ENCFF900OHV.bam?sv=2019-10-10&si=prod&sr=c&sig=9qSQZo4ggrCNpybBExU8SypuUZV33igI11xw0P7rB3c%3D	Lab custom hg19	archived	mixed read lengths		
ENCFF080VML	bam	bam		alignments	GRCh38	ENCSR057DWB	eCLIP	/human-donors/ENCDO000AAD/	EFO:0002067	K562	cell line	Homo sapiens										TIA1-human	RNA				ultraviolet irradiation	strand-specific	2016-08-19	ENCODE		see document	175-300	1	1_1		43					/files/ENCFF893QVN/, /files/ENCFF820BWG/	591462457	Gene Yeo, UCSD	7b5fb3b8d46334fa3b3e69ba325aaffb		https://www.encodeproject.org/files/ENCFF080VML/@@download/ENCFF080VML.bam				released	s3://encode-public/2016/09/09/8be28e40-eef7-4735-8df2-9439438a2a46/ENCFF080VML.bam	https://datasetencode.blob.core.windows.net/dataset/2016/09/09/8be28e40-eef7-4735-8df2-9439438a2a46/ENCFF080VML.bam?sv=2019-10-10&si=prod&sr=c&sig=9qSQZo4ggrCNpybBExU8SypuUZV33igI11xw0P7rB3c%3D	Lab custom GRCh38	released	mixed read lengths		
ENCFF581EBE	bam	bam		alignments	GRCh38	ENCSR057DWB	eCLIP	/human-donors/ENCDO000AAD/	EFO:0002067	K562	cell line	Homo sapiens										TIA1-human	RNA				ultraviolet irradiation	strand-specific	2016-08-19	ENCODE		see document	175-300	2	2_1		43					/files/ENCFF604VPQ/, /files/ENCFF710AFX/	705216844	Gene Yeo, UCSD	5f93b62f30002a5b0f82ad2a5674a10c		https://www.encodeproject.org/files/ENCFF581EBE/@@download/ENCFF581EBE.bam				released	s3://encode-public/2016/09/09/ca5624c3-0d17-4b63-a1d4-f43bd85049b2/ENCFF581EBE.bam	https://datasetencode.blob.core.windows.net/dataset/2016/09/09/ca5624c3-0d17-4b63-a1d4-f43bd85049b2/ENCFF581EBE.bam?sv=2019-10-10&si=prod&sr=c&sig=9qSQZo4ggrCNpybBExU8SypuUZV33igI11xw0P7rB3c%3D	Lab custom GRCh38	released	mixed read lengths		
ENCFF959XVH	bam	bam		alignments	hg19	ENCSR568DZW	eCLIP	/human-donors/ENCDO000AAD/	EFO:0002067	K562	cell line	Homo sapiens										TAF15-human	RNA				ultraviolet irradiation	strand-specific	2015-11-09	ENCODE		see document	175-300	1	1_1		40					/files/ENCFF798VKV/, /files/ENCFF364URW/	433214645	Gene Yeo, UCSD	6db6e7830aa19b67ce6a7ec90af8c100		https://www.encodeproject.org/files/ENCFF959XVH/@@download/ENCFF959XVH.bam				released	s3://encode-public/2016/03/24/df752469-48d3-466f-a1f6-2127f8a46fd1/ENCFF959XVH.bam	https://datasetencode.blob.core.windows.net/dataset/2016/03/24/df752469-48d3-466f-a1f6-2127f8a46fd1/ENCFF959XVH.bam?sv=2019-10-10&si=prod&sr=c&sig=9qSQZo4ggrCNpybBExU8SypuUZV33igI11xw0P7rB3c%3D	Lab custom hg19	archived	mixed read lengths		
ENCFF797IKQ	bam	bam		alignments	hg19	ENCSR568DZW	eCLIP	/human-donors/ENCDO000AAD/	EFO:0002067	K562	cell line	Homo sapiens										TAF15-human	RNA				ultraviolet irradiation	strand-specific	2015-11-09	ENCODE		see document	175-300	2	2_1		40					/files/ENCFF646IFT/, /files/ENCFF915ATC/	443273980	Gene Yeo, UCSD	c4c3ef12c7cadc67e89ddf6e9cf34485		https://www.encodeproject.org/files/ENCFF797IKQ/@@download/ENCFF797IKQ.bam				released	s3://encode-public/2016/03/24/6dde8715-1aaa-4e45-a8dc-48f7503a1bd0/ENCFF797IKQ.bam	https://datasetencode.blob.core.windows.net/dataset/2016/03/24/6dde8715-1aaa-4e45-a8dc-48f7503a1bd0/ENCFF797IKQ.bam?sv=2019-10-10&si=prod&sr=c&sig=9qSQZo4ggrCNpybBExU8SypuUZV33igI11xw0P7rB3c%3D	Lab custom hg19	archived	mixed read lengths		
ENCFF044RGH	bam	bam		alignments	GRCh38	ENCSR568DZW	eCLIP	/human-donors/ENCDO000AAD/	EFO:0002067	K562	cell line	Homo sapiens										TAF15-human	RNA				ultraviolet irradiation	strand-specific	2015-11-09	ENCODE		see document	175-300	2	2_1		40					/files/ENCFF646IFT/, /files/ENCFF915ATC/	443069600	Gene Yeo, UCSD	eb4a82818cf666a1304ee8d2ee00b419		https://www.encodeproject.org/files/ENCFF044RGH/@@download/ENCFF044RGH.bam				released	s3://encode-public/2016/09/09/339aa3f9-7d7d-40e1-a7b5-ead60b7bfe4c/ENCFF044RGH.bam	https://datasetencode.blob.core.windows.net/dataset/2016/09/09/339aa3f9-7d7d-40e1-a7b5-ead60b7bfe4c/ENCFF044RGH.bam?sv=2019-10-10&si=prod&sr=c&sig=9qSQZo4ggrCNpybBExU8SypuUZV33igI11xw0P7rB3c%3D	Lab custom GRCh38	released	mixed read lengths		
ENCFF501PCN	bam	bam		alignments	GRCh38	ENCSR568DZW	eCLIP	/human-donors/ENCDO000AAD/	EFO:0002067	K562	cell line	Homo sapiens										TAF15-human	RNA				ultraviolet irradiation	strand-specific	2015-11-09	ENCODE		see document	175-300	1	1_1		40					/files/ENCFF798VKV/, /files/ENCFF364URW/	437934496	Gene Yeo, UCSD	f6a199784666532ee646b71eeb57d1d7		https://www.encodeproject.org/files/ENCFF501PCN/@@download/ENCFF501PCN.bam				released	s3://encode-public/2016/09/09/32535e7e-cac9-4cdb-aaf6-c824eca3ad75/ENCFF501PCN.bam	https://datasetencode.blob.core.windows.net/dataset/2016/09/09/32535e7e-cac9-4cdb-aaf6-c824eca3ad75/ENCFF501PCN.bam?sv=2019-10-10&si=prod&sr=c&sig=9qSQZo4ggrCNpybBExU8SypuUZV33igI11xw0P7rB3c%3D	Lab custom GRCh38	released	mixed read lengths		
ENCFF406RMO	bam	bam		alignments	hg19	ENCSR961OKA	eCLIP	/human-donors/ENCDO000AAC/	EFO:0001187	HepG2	cell line	Homo sapiens										LARP7-human	RNA				ultraviolet irradiation	strand-specific	2015-11-09	ENCODE		see document	175-300	2	2_1		43					/files/ENCFF834FSL/, /files/ENCFF237QRX/	18554202	Gene Yeo, UCSD	e15cab17d8b954f8fd493396daafc80f		https://www.encodeproject.org/files/ENCFF406RMO/@@download/ENCFF406RMO.bam				released	s3://encode-public/2016/03/24/ad860658-7182-4185-a1fe-e495be00722b/ENCFF406RMO.bam	https://datasetencode.blob.core.windows.net/dataset/2016/03/24/ad860658-7182-4185-a1fe-e495be00722b/ENCFF406RMO.bam?sv=2019-10-10&si=prod&sr=c&sig=9qSQZo4ggrCNpybBExU8SypuUZV33igI11xw0P7rB3c%3D	Lab custom hg19	archived			
ENCFF805KJP	bam	bam		alignments	hg19	ENCSR961OKA	eCLIP	/human-donors/ENCDO000AAC/	EFO:0001187	HepG2	cell line	Homo sapiens										LARP7-human	RNA				ultraviolet irradiation	strand-specific	2015-11-09	ENCODE		see document	175-300	1	1_1		43					/files/ENCFF932HYJ/, /files/ENCFF419HTA/	57692872	Gene Yeo, UCSD	29574a4d9e4094dc49b18d37a7602448		https://www.encodeproject.org/files/ENCFF805KJP/@@download/ENCFF805KJP.bam				released	s3://encode-public/2016/03/24/2c709aee-2f77-4f4c-856c-b684e2ad4668/ENCFF805KJP.bam	https://datasetencode.blob.core.windows.net/dataset/2016/03/24/2c709aee-2f77-4f4c-856c-b684e2ad4668/ENCFF805KJP.bam?sv=2019-10-10&si=prod&sr=c&sig=9qSQZo4ggrCNpybBExU8SypuUZV33igI11xw0P7rB3c%3D	Lab custom hg19	archived			
ENCFF345DPL	bam	bam		alignments	GRCh38	ENCSR961OKA	eCLIP	/human-donors/ENCDO000AAC/	EFO:0001187	HepG2	cell line	Homo sapiens										LARP7-human	RNA				ultraviolet irradiation	strand-specific	2015-11-09	ENCODE		see document	175-300	1	1_1		43					/files/ENCFF932HYJ/, /files/ENCFF419HTA/	57112765	Gene Yeo, UCSD	90fa875179b3ea58fb38f873c3c93f71		https://www.encodeproject.org/files/ENCFF345DPL/@@download/ENCFF345DPL.bam				released	s3://encode-public/2016/09/09/cdb22e8a-bca0-4e33-8c27-44a7d8a462cf/ENCFF345DPL.bam	https://datasetencode.blob.core.windows.net/dataset/2016/09/09/cdb22e8a-bca0-4e33-8c27-44a7d8a462cf/ENCFF345DPL.bam?sv=2019-10-10&si=prod&sr=c&sig=9qSQZo4ggrCNpybBExU8SypuUZV33igI11xw0P7rB3c%3D	Lab custom GRCh38	released			
ENCFF086NCN	bam	bam		alignments	GRCh38	ENCSR961OKA	eCLIP	/human-donors/ENCDO000AAC/	EFO:0001187	HepG2	cell line	Homo sapiens										LARP7-human	RNA				ultraviolet irradiation	strand-specific	2015-11-09	ENCODE		see document	175-300	2	2_1		43					/files/ENCFF834FSL/, /files/ENCFF237QRX/	18393106	Gene Yeo, UCSD	c29cc465e3f22833347dfb370b7b8d60		https://www.encodeproject.org/files/ENCFF086NCN/@@download/ENCFF086NCN.bam				released	s3://encode-public/2016/09/09/cb0ef6aa-8c7c-49d8-8fea-65d23445e1ec/ENCFF086NCN.bam	https://datasetencode.blob.core.windows.net/dataset/2016/09/09/cb0ef6aa-8c7c-49d8-8fea-65d23445e1ec/ENCFF086NCN.bam?sv=2019-10-10&si=prod&sr=c&sig=9qSQZo4ggrCNpybBExU8SypuUZV33igI11xw0P7rB3c%3D	Lab custom GRCh38	released			
ENCFF367EEH	bam	bam		alignments	hg19	ENCSR128VXC	eCLIP	/human-donors/ENCDO000AAD/	EFO:0002067	K562	cell line	Homo sapiens										SND1-human	RNA				ultraviolet irradiation	strand-specific	2015-11-09	ENCODE		see document	175-300	1	1_1		43					/files/ENCFF237HET/, /files/ENCFF128MAP/	504018357	Gene Yeo, UCSD	02b39a59b4bb874cecb1b901a685af24		https://www.encodeproject.org/files/ENCFF367EEH/@@download/ENCFF367EEH.bam				released	s3://encode-public/2016/03/24/d016a0fd-5093-4438-ae72-0ea9a3ca3cb5/ENCFF367EEH.bam	https://datasetencode.blob.core.windows.net/dataset/2016/03/24/d016a0fd-5093-4438-ae72-0ea9a3ca3cb5/ENCFF367EEH.bam?sv=2019-10-10&si=prod&sr=c&sig=9qSQZo4ggrCNpybBExU8SypuUZV33igI11xw0P7rB3c%3D	Lab custom hg19	archived			
ENCFF612RZN	bam	bam		alignments	hg19	ENCSR128VXC	eCLIP	/human-donors/ENCDO000AAD/	EFO:0002067	K562	cell line	Homo sapiens										SND1-human	RNA				ultraviolet irradiation	strand-specific	2015-11-09	ENCODE		see document	175-300	2	2_1		43					/files/ENCFF871WGQ/, /files/ENCFF157LOT/	463750327	Gene Yeo, UCSD	923d6d2117eca76477de02007972055c		https://www.encodeproject.org/files/ENCFF612RZN/@@download/ENCFF612RZN.bam				released	s3://encode-public/2016/03/24/a4be377c-bd18-4c55-90bd-5954abe1e400/ENCFF612RZN.bam	https://datasetencode.blob.core.windows.net/dataset/2016/03/24/a4be377c-bd18-4c55-90bd-5954abe1e400/ENCFF612RZN.bam?sv=2019-10-10&si=prod&sr=c&sig=9qSQZo4ggrCNpybBExU8SypuUZV33igI11xw0P7rB3c%3D	Lab custom hg19	archived			
ENCFF351QXF	bam	bam		alignments	GRCh38	ENCSR128VXC	eCLIP	/human-donors/ENCDO000AAD/	EFO:0002067	K562	cell line	Homo sapiens										SND1-human	RNA				ultraviolet irradiation	strand-specific	2015-11-09	ENCODE		see document	175-300	1	1_1		43					/files/ENCFF237HET/, /files/ENCFF128MAP/	495347583	Gene Yeo, UCSD	4b0df23ccb29de3ef0db07caa7719c23		https://www.encodeproject.org/files/ENCFF351QXF/@@download/ENCFF351QXF.bam				released	s3://encode-public/2016/09/09/3b2b8843-874f-4dcb-b3a7-177fa062cbac/ENCFF351QXF.bam	https://datasetencode.blob.core.windows.net/dataset/2016/09/09/3b2b8843-874f-4dcb-b3a7-177fa062cbac/ENCFF351QXF.bam?sv=2019-10-10&si=prod&sr=c&sig=9qSQZo4ggrCNpybBExU8SypuUZV33igI11xw0P7rB3c%3D	Lab custom GRCh38	released			
ENCFF867TFQ	bam	bam		alignments	GRCh38	ENCSR128VXC	eCLIP	/human-donors/ENCDO000AAD/	EFO:0002067	K562	cell line	Homo sapiens										SND1-human	RNA				ultraviolet irradiation	strand-specific	2015-11-09	ENCODE		see document	175-300	2	2_1		43					/files/ENCFF871WGQ/, /files/ENCFF157LOT/	456959927	Gene Yeo, UCSD	999de2037a4487b08ad5f6803540f689		https://www.encodeproject.org/files/ENCFF867TFQ/@@download/ENCFF867TFQ.bam				released	s3://encode-public/2016/09/09/aae98657-7ffd-4d77-a264-a67c709b81b1/ENCFF867TFQ.bam	https://datasetencode.blob.core.windows.net/dataset/2016/09/09/aae98657-7ffd-4d77-a264-a67c709b81b1/ENCFF867TFQ.bam?sv=2019-10-10&si=prod&sr=c&sig=9qSQZo4ggrCNpybBExU8SypuUZV33igI11xw0P7rB3c%3D	Lab custom GRCh38	released			
ENCFF302CUU	bam	bam		alignments	hg19	ENCSR468FSW	eCLIP	/human-donors/ENCDO000AAD/	EFO:0002067	K562	cell line	Homo sapiens										SRSF7-human	RNA				ultraviolet irradiation	strand-specific	2016-04-26	ENCODE		see document	175-300	2	2_1		43					/files/ENCFF789FCB/, /files/ENCFF931PJS/	223583036	Gene Yeo, UCSD	bb9328a6ec5c649f3182a0333825a02f		https://www.encodeproject.org/files/ENCFF302CUU/@@download/ENCFF302CUU.bam				released	s3://encode-public/2016/03/11/a4e3de66-f279-4061-82f0-569a7f67a3b3/ENCFF302CUU.bam	https://datasetencode.blob.core.windows.net/dataset/2016/03/11/a4e3de66-f279-4061-82f0-569a7f67a3b3/ENCFF302CUU.bam?sv=2019-10-10&si=prod&sr=c&sig=9qSQZo4ggrCNpybBExU8SypuUZV33igI11xw0P7rB3c%3D	Lab custom hg19	archived	mixed read lengths		
ENCFF542LDV	bam	bam		alignments	hg19	ENCSR468FSW	eCLIP	/human-donors/ENCDO000AAD/	EFO:0002067	K562	cell line	Homo sapiens										SRSF7-human	RNA				ultraviolet irradiation	strand-specific	2016-04-26	ENCODE		see document	175-300	1	1_1		43					/files/ENCFF077YYE/, /files/ENCFF447CPA/	158848122	Gene Yeo, UCSD	102661c3cef0d3751067138f2f375cc8		https://www.encodeproject.org/files/ENCFF542LDV/@@download/ENCFF542LDV.bam				released	s3://encode-public/2016/03/11/647712d5-4c9c-4f91-b499-e0d88206cb5d/ENCFF542LDV.bam	https://datasetencode.blob.core.windows.net/dataset/2016/03/11/647712d5-4c9c-4f91-b499-e0d88206cb5d/ENCFF542LDV.bam?sv=2019-10-10&si=prod&sr=c&sig=9qSQZo4ggrCNpybBExU8SypuUZV33igI11xw0P7rB3c%3D	Lab custom hg19	archived	mixed read lengths		
ENCFF149XNS	bam	bam		alignments	GRCh38	ENCSR468FSW	eCLIP	/human-donors/ENCDO000AAD/	EFO:0002067	K562	cell line	Homo sapiens										SRSF7-human	RNA				ultraviolet irradiation	strand-specific	2016-04-26	ENCODE		see document	175-300	1	1_1		43					/files/ENCFF447CPA/, /files/ENCFF077YYE/	153874122	Gene Yeo, UCSD	cc89ae37289ae5ac0aa0b3f89d08d0f8		https://www.encodeproject.org/files/ENCFF149XNS/@@download/ENCFF149XNS.bam				released	s3://encode-public/2016/09/09/c347ff52-aec1-4dd9-ba59-0b7beeed0b1b/ENCFF149XNS.bam	https://datasetencode.blob.core.windows.net/dataset/2016/09/09/c347ff52-aec1-4dd9-ba59-0b7beeed0b1b/ENCFF149XNS.bam?sv=2019-10-10&si=prod&sr=c&sig=9qSQZo4ggrCNpybBExU8SypuUZV33igI11xw0P7rB3c%3D	Lab custom GRCh38	released	mixed read lengths		
ENCFF937IVH	bam	bam		alignments	GRCh38	ENCSR468FSW	eCLIP	/human-donors/ENCDO000AAD/	EFO:0002067	K562	cell line	Homo sapiens										SRSF7-human	RNA				ultraviolet irradiation	strand-specific	2016-04-26	ENCODE		see document	175-300	2	2_1		43					/files/ENCFF789FCB/, /files/ENCFF931PJS/	218229576	Gene Yeo, UCSD	dbab116c179a79bc9c020098cd881894		https://www.encodeproject.org/files/ENCFF937IVH/@@download/ENCFF937IVH.bam				released	s3://encode-public/2016/09/09/8d47a62c-257d-4b4b-9084-c35cce8b09e7/ENCFF937IVH.bam	https://datasetencode.blob.core.windows.net/dataset/2016/09/09/8d47a62c-257d-4b4b-9084-c35cce8b09e7/ENCFF937IVH.bam?sv=2019-10-10&si=prod&sr=c&sig=9qSQZo4ggrCNpybBExU8SypuUZV33igI11xw0P7rB3c%3D	Lab custom GRCh38	released	mixed read lengths		
ENCFF236UYB	bam	bam		alignments	hg19	ENCSR825SVO	eCLIP	/human-donors/ENCDO000AAD/	EFO:0002067	K562	cell line	Homo sapiens										AARS-human	RNA				ultraviolet irradiation	strand-specific	2016-04-26	ENCODE		see document	175-300	1	1_1		40					/files/ENCFF315MYF/, /files/ENCFF698SDU/	88925811	Gene Yeo, UCSD	3e13d113bb8a3bc139c4ba95bf2b5697		https://www.encodeproject.org/files/ENCFF236UYB/@@download/ENCFF236UYB.bam				released	s3://encode-public/2016/03/17/eab4603f-1f91-4505-9778-f30c5d9a3d93/ENCFF236UYB.bam	https://datasetencode.blob.core.windows.net/dataset/2016/03/17/eab4603f-1f91-4505-9778-f30c5d9a3d93/ENCFF236UYB.bam?sv=2019-10-10&si=prod&sr=c&sig=9qSQZo4ggrCNpybBExU8SypuUZV33igI11xw0P7rB3c%3D	Lab custom hg19	archived			
ENCFF694QCY	bam	bam		alignments	hg19	ENCSR825SVO	eCLIP	/human-donors/ENCDO000AAD/	EFO:0002067	K562	cell line	Homo sapiens										AARS-human	RNA				ultraviolet irradiation	strand-specific	2016-04-26	ENCODE		see document	175-300	2	2_1		40					/files/ENCFF505WTD/, /files/ENCFF249ULX/	102947927	Gene Yeo, UCSD	72ce97f61dea12d587b03f2d6bc80f3b		https://www.encodeproject.org/files/ENCFF694QCY/@@download/ENCFF694QCY.bam				released	s3://encode-public/2016/03/17/f4cecde3-2d69-4296-aad7-7c5a77c49403/ENCFF694QCY.bam	https://datasetencode.blob.core.windows.net/dataset/2016/03/17/f4cecde3-2d69-4296-aad7-7c5a77c49403/ENCFF694QCY.bam?sv=2019-10-10&si=prod&sr=c&sig=9qSQZo4ggrCNpybBExU8SypuUZV33igI11xw0P7rB3c%3D	Lab custom hg19	archived			
ENCFF502RSZ	bam	bam		alignments	GRCh38	ENCSR825SVO	eCLIP	/human-donors/ENCDO000AAD/	EFO:0002067	K562	cell line	Homo sapiens										AARS-human	RNA				ultraviolet irradiation	strand-specific	2016-04-26	ENCODE		see document	175-300	1	1_1		40					/files/ENCFF315MYF/, /files/ENCFF698SDU/	83609260	Gene Yeo, UCSD	942a3dccf74e2e98222a3954449808f0		https://www.encodeproject.org/files/ENCFF502RSZ/@@download/ENCFF502RSZ.bam				released	s3://encode-public/2016/09/09/2b71f16f-71e5-4426-9ac4-80cacdcba3d3/ENCFF502RSZ.bam	https://datasetencode.blob.core.windows.net/dataset/2016/09/09/2b71f16f-71e5-4426-9ac4-80cacdcba3d3/ENCFF502RSZ.bam?sv=2019-10-10&si=prod&sr=c&sig=9qSQZo4ggrCNpybBExU8SypuUZV33igI11xw0P7rB3c%3D	Lab custom GRCh38	released			
ENCFF692AEZ	bam	bam		alignments	GRCh38	ENCSR825SVO	eCLIP	/human-donors/ENCDO000AAD/	EFO:0002067	K562	cell line	Homo sapiens										AARS-human	RNA				ultraviolet irradiation	strand-specific	2016-04-26	ENCODE		see document	175-300	2	2_1		40					/files/ENCFF505WTD/, /files/ENCFF249ULX/	98713069	Gene Yeo, UCSD	9f4fb50c5dda0b75551a92129a4d586b		https://www.encodeproject.org/files/ENCFF692AEZ/@@download/ENCFF692AEZ.bam				released	s3://encode-public/2016/09/09/d4d622fa-2776-4900-9b5b-21f2fdcf4207/ENCFF692AEZ.bam	https://datasetencode.blob.core.windows.net/dataset/2016/09/09/d4d622fa-2776-4900-9b5b-21f2fdcf4207/ENCFF692AEZ.bam?sv=2019-10-10&si=prod&sr=c&sig=9qSQZo4ggrCNpybBExU8SypuUZV33igI11xw0P7rB3c%3D	Lab custom GRCh38	released			
ENCFF035UHD	bam	bam		alignments	hg19	ENCSR018ZUE	eCLIP	/human-donors/ENCDO000AAC/	EFO:0001187	HepG2	cell line	Homo sapiens										FKBP4-human	RNA				ultraviolet irradiation	strand-specific	2015-07-15	ENCODE		see document	175-300	1	1_1		43					/files/ENCFF214SWU/, /files/ENCFF437VVV/	118565831	Gene Yeo, UCSD	dcc3ac2e71dbcb8ec429de1e552f96a2		https://www.encodeproject.org/files/ENCFF035UHD/@@download/ENCFF035UHD.bam				released	s3://encode-public/2016/03/23/e626878e-27e6-4555-8c61-0b555ee467e4/ENCFF035UHD.bam	https://datasetencode.blob.core.windows.net/dataset/2016/03/23/e626878e-27e6-4555-8c61-0b555ee467e4/ENCFF035UHD.bam?sv=2019-10-10&si=prod&sr=c&sig=9qSQZo4ggrCNpybBExU8SypuUZV33igI11xw0P7rB3c%3D	Lab custom hg19	archived			
ENCFF249FBZ	bam	bam		alignments	hg19	ENCSR018ZUE	eCLIP	/human-donors/ENCDO000AAC/	EFO:0001187	HepG2	cell line	Homo sapiens										FKBP4-human	RNA				ultraviolet irradiation	strand-specific	2015-07-15	ENCODE		see document	175-300	2	2_1		43					/files/ENCFF975CKG/, /files/ENCFF487PAA/	176567637	Gene Yeo, UCSD	0a2bef15a5696f1d34e04b4687e887a6		https://www.encodeproject.org/files/ENCFF249FBZ/@@download/ENCFF249FBZ.bam				released	s3://encode-public/2016/03/23/19d138c2-7ed3-4468-8594-fd7ba05994c4/ENCFF249FBZ.bam	https://datasetencode.blob.core.windows.net/dataset/2016/03/23/19d138c2-7ed3-4468-8594-fd7ba05994c4/ENCFF249FBZ.bam?sv=2019-10-10&si=prod&sr=c&sig=9qSQZo4ggrCNpybBExU8SypuUZV33igI11xw0P7rB3c%3D	Lab custom hg19	archived			
ENCFF141QHH	bam	bam		alignments	GRCh38	ENCSR018ZUE	eCLIP	/human-donors/ENCDO000AAC/	EFO:0001187	HepG2	cell line	Homo sapiens										FKBP4-human	RNA				ultraviolet irradiation	strand-specific	2015-07-15	ENCODE		see document	175-300	2	2_1		43					/files/ENCFF975CKG/, /files/ENCFF487PAA/	174644922	Gene Yeo, UCSD	627ec25545d69db3c6ac13f3f2a9bc77		https://www.encodeproject.org/files/ENCFF141QHH/@@download/ENCFF141QHH.bam				released	s3://encode-public/2016/09/09/c69c97d3-40d1-4ee7-85e0-3bd820be3b15/ENCFF141QHH.bam	https://datasetencode.blob.core.windows.net/dataset/2016/09/09/c69c97d3-40d1-4ee7-85e0-3bd820be3b15/ENCFF141QHH.bam?sv=2019-10-10&si=prod&sr=c&sig=9qSQZo4ggrCNpybBExU8SypuUZV33igI11xw0P7rB3c%3D	Lab custom GRCh38	released			
ENCFF802VWZ	bam	bam		alignments	GRCh38	ENCSR018ZUE	eCLIP	/human-donors/ENCDO000AAC/	EFO:0001187	HepG2	cell line	Homo sapiens										FKBP4-human	RNA				ultraviolet irradiation	strand-specific	2015-07-15	ENCODE		see document	175-300	1	1_1		43					/files/ENCFF214SWU/, /files/ENCFF437VVV/	117119782	Gene Yeo, UCSD	fb769cd539f7e22e6412402f28ae8160		https://www.encodeproject.org/files/ENCFF802VWZ/@@download/ENCFF802VWZ.bam				released	s3://encode-public/2016/09/09/67de1ddc-c4c4-4d0e-930d-7c408e4eb26c/ENCFF802VWZ.bam	https://datasetencode.blob.core.windows.net/dataset/2016/09/09/67de1ddc-c4c4-4d0e-930d-7c408e4eb26c/ENCFF802VWZ.bam?sv=2019-10-10&si=prod&sr=c&sig=9qSQZo4ggrCNpybBExU8SypuUZV33igI11xw0P7rB3c%3D	Lab custom GRCh38	released			
ENCFF876ONV	bam	bam		alignments	hg19	ENCSR993FMY	eCLIP	/human-donors/ENCDO000AAC/	EFO:0001187	HepG2	cell line	Homo sapiens										TROVE2-human	RNA				ultraviolet irradiation	strand-specific	2016-04-26	ENCODE		see document	175-300	1	1_1		43					/files/ENCFF476NYI/, /files/ENCFF049UNM/	409365999	Gene Yeo, UCSD	f52277907f49d3220dfe91aa4b7a1b7b		https://www.encodeproject.org/files/ENCFF876ONV/@@download/ENCFF876ONV.bam				released	s3://encode-public/2016/03/17/951bf554-a974-40b0-87c3-a90ae288b887/ENCFF876ONV.bam	https://datasetencode.blob.core.windows.net/dataset/2016/03/17/951bf554-a974-40b0-87c3-a90ae288b887/ENCFF876ONV.bam?sv=2019-10-10&si=prod&sr=c&sig=9qSQZo4ggrCNpybBExU8SypuUZV33igI11xw0P7rB3c%3D	Lab custom hg19	archived	mixed read lengths		
ENCFF305FNR	bam	bam		alignments	hg19	ENCSR993FMY	eCLIP	/human-donors/ENCDO000AAC/	EFO:0001187	HepG2	cell line	Homo sapiens										TROVE2-human	RNA				ultraviolet irradiation	strand-specific	2016-04-26	ENCODE		see document	175-300	2	2_1		43					/files/ENCFF857CKQ/, /files/ENCFF681SRL/	333154891	Gene Yeo, UCSD	9803a7cf55501589b4948f125ccb0cb5		https://www.encodeproject.org/files/ENCFF305FNR/@@download/ENCFF305FNR.bam				released	s3://encode-public/2016/03/17/c2dd4706-05dd-49e4-8e14-e1467f801046/ENCFF305FNR.bam	https://datasetencode.blob.core.windows.net/dataset/2016/03/17/c2dd4706-05dd-49e4-8e14-e1467f801046/ENCFF305FNR.bam?sv=2019-10-10&si=prod&sr=c&sig=9qSQZo4ggrCNpybBExU8SypuUZV33igI11xw0P7rB3c%3D	Lab custom hg19	archived	mixed read lengths		
ENCFF527CKN	bam	bam		alignments	GRCh38	ENCSR993FMY	eCLIP	/human-donors/ENCDO000AAC/	EFO:0001187	HepG2	cell line	Homo sapiens										TROVE2-human	RNA				ultraviolet irradiation	strand-specific	2016-04-26	ENCODE		see document	175-300	1	1_1		43					/files/ENCFF476NYI/, /files/ENCFF049UNM/	403944443	Gene Yeo, UCSD	3abab65a099c7ec9eb1aa9a02427da0a		https://www.encodeproject.org/files/ENCFF527CKN/@@download/ENCFF527CKN.bam				released	s3://encode-public/2016/09/09/fd2e5321-a6e5-4099-ae2d-092b73aed1c3/ENCFF527CKN.bam	https://datasetencode.blob.core.windows.net/dataset/2016/09/09/fd2e5321-a6e5-4099-ae2d-092b73aed1c3/ENCFF527CKN.bam?sv=2019-10-10&si=prod&sr=c&sig=9qSQZo4ggrCNpybBExU8SypuUZV33igI11xw0P7rB3c%3D	Lab custom GRCh38	released	mixed read lengths		
ENCFF580PEL	bam	bam		alignments	GRCh38	ENCSR993FMY	eCLIP	/human-donors/ENCDO000AAC/	EFO:0001187	HepG2	cell line	Homo sapiens										TROVE2-human	RNA				ultraviolet irradiation	strand-specific	2016-04-26	ENCODE		see document	175-300	2	2_1		43					/files/ENCFF857CKQ/, /files/ENCFF681SRL/	329072318	Gene Yeo, UCSD	9cc57e71850436d412e7ed8dfbcf1ee8		https://www.encodeproject.org/files/ENCFF580PEL/@@download/ENCFF580PEL.bam				released	s3://encode-public/2016/09/09/9e4f8585-71e6-4586-bb02-9089d1229c84/ENCFF580PEL.bam	https://datasetencode.blob.core.windows.net/dataset/2016/09/09/9e4f8585-71e6-4586-bb02-9089d1229c84/ENCFF580PEL.bam?sv=2019-10-10&si=prod&sr=c&sig=9qSQZo4ggrCNpybBExU8SypuUZV33igI11xw0P7rB3c%3D	Lab custom GRCh38	released	mixed read lengths		
ENCFF812FQP	bam	bam		unfiltered alignments	GRCh38	ENCSR248TXP	eCLIP	/human-donors/ENCDO000AAD/	EFO:0002067	K562	cell line	Homo sapiens										FXR1-human	RNA				ultraviolet irradiation	reverse	2022-07-19	ENCODE		see document	175-300	1	1_1		89					/files/ENCFF074ODK/	367490929	Gene Yeo, UCSD	b8511e6d1c9417cd475f99ea767720aa		https://www.encodeproject.org/files/ENCFF812FQP/@@download/ENCFF812FQP.bam	V29			released	s3://encode-public/2022/01/12/0f9fd939-2270-4aca-935b-ad68d526a99f/ENCFF812FQP.bam	https://datasetencode.blob.core.windows.net/dataset/2022/01/12/0f9fd939-2270-4aca-935b-ad68d526a99f/ENCFF812FQP.bam?sv=2019-10-10&si=prod&sr=c&sig=9qSQZo4ggrCNpybBExU8SypuUZV33igI11xw0P7rB3c%3D	Lab custom GRCh38 V29	released			
ENCFF269EKI	bam	bam		alignments	GRCh38	ENCSR248TXP	eCLIP	/human-donors/ENCDO000AAD/	EFO:0002067	K562	cell line	Homo sapiens										FXR1-human	RNA				ultraviolet irradiation	reverse	2022-07-19	ENCODE		see document	175-300	1	1_1		89					/files/ENCFF812FQP/	75814165	Gene Yeo, UCSD	b5fef017e4e34e36d599ae8e7a0042f6		https://www.encodeproject.org/files/ENCFF269EKI/@@download/ENCFF269EKI.bam	V29			released	s3://encode-public/2022/01/12/69d50253-0a6a-454c-a312-51ba81d0da7f/ENCFF269EKI.bam	https://datasetencode.blob.core.windows.net/dataset/2022/01/12/69d50253-0a6a-454c-a312-51ba81d0da7f/ENCFF269EKI.bam?sv=2019-10-10&si=prod&sr=c&sig=9qSQZo4ggrCNpybBExU8SypuUZV33igI11xw0P7rB3c%3D	Lab custom GRCh38 V29	released			
ENCFF035ZCH	bam	bam		unfiltered alignments	GRCh38	ENCSR248TXP	eCLIP	/human-donors/ENCDO000AAD/	EFO:0002067	K562	cell line	Homo sapiens										FXR1-human	RNA				ultraviolet irradiation	reverse	2022-07-19	ENCODE		see document	175-300	2	2_1		89					/files/ENCFF104LHO/	373389883	Gene Yeo, UCSD	40b3fe5bebd43305c873c0b8dc567a66		https://www.encodeproject.org/files/ENCFF035ZCH/@@download/ENCFF035ZCH.bam	V29			released	s3://encode-public/2022/01/12/780feb71-1299-4629-ae82-49f41a797317/ENCFF035ZCH.bam	https://datasetencode.blob.core.windows.net/dataset/2022/01/12/780feb71-1299-4629-ae82-49f41a797317/ENCFF035ZCH.bam?sv=2019-10-10&si=prod&sr=c&sig=9qSQZo4ggrCNpybBExU8SypuUZV33igI11xw0P7rB3c%3D	Lab custom GRCh38 V29	released			
ENCFF212YVC	bam	bam		alignments	GRCh38	ENCSR248TXP	eCLIP	/human-donors/ENCDO000AAD/	EFO:0002067	K562	cell line	Homo sapiens										FXR1-human	RNA				ultraviolet irradiation	reverse	2022-07-19	ENCODE		see document	175-300	2	2_1		89					/files/ENCFF035ZCH/	72103061	Gene Yeo, UCSD	4a02edae7c833c91321a0ca36a52e79a		https://www.encodeproject.org/files/ENCFF212YVC/@@download/ENCFF212YVC.bam	V29			released	s3://encode-public/2022/01/12/179b93fa-503a-4c9e-ae18-d4d0a93f1b15/ENCFF212YVC.bam	https://datasetencode.blob.core.windows.net/dataset/2022/01/12/179b93fa-503a-4c9e-ae18-d4d0a93f1b15/ENCFF212YVC.bam?sv=2019-10-10&si=prod&sr=c&sig=9qSQZo4ggrCNpybBExU8SypuUZV33igI11xw0P7rB3c%3D	Lab custom GRCh38 V29	released			
ENCFF417CSC	bam	bam		alignments	GRCh38	ENCSR153STI	eCLIP	/human-donors/ENCDO000AAD/	EFO:0002067	K562	cell line	Homo sapiens										RNF187-human	RNA				ultraviolet irradiation	reverse	2022-11-16	ENCODE		see document	175-300	1	1_1		64					/files/ENCFF996PJP/	238367004	Gene Yeo, UCSD	39dd61f2a294f7f3b5ab1a048d2b1c5d		https://www.encodeproject.org/files/ENCFF417CSC/@@download/ENCFF417CSC.bam	V29			released	s3://encode-public/2022/01/12/373af9f9-eab8-4de7-a98b-1e37c20d3b1e/ENCFF417CSC.bam	https://datasetencode.blob.core.windows.net/dataset/2022/01/12/373af9f9-eab8-4de7-a98b-1e37c20d3b1e/ENCFF417CSC.bam?sv=2019-10-10&si=prod&sr=c&sig=9qSQZo4ggrCNpybBExU8SypuUZV33igI11xw0P7rB3c%3D	Lab custom GRCh38 V29	released			
ENCFF601TLX	bam	bam		unfiltered alignments	GRCh38	ENCSR153STI	eCLIP	/human-donors/ENCDO000AAD/	EFO:0002067	K562	cell line	Homo sapiens										RNF187-human	RNA				ultraviolet irradiation	reverse	2022-11-16	ENCODE		see document	175-300	2	2_1		64					/files/ENCFF468HAG/	418143641	Gene Yeo, UCSD	dfdfbeec4733662e33015fd2595441a7		https://www.encodeproject.org/files/ENCFF601TLX/@@download/ENCFF601TLX.bam	V29			released	s3://encode-public/2022/01/12/6d62069c-150f-4fb1-88fc-1328d9be4d2c/ENCFF601TLX.bam	https://datasetencode.blob.core.windows.net/dataset/2022/01/12/6d62069c-150f-4fb1-88fc-1328d9be4d2c/ENCFF601TLX.bam?sv=2019-10-10&si=prod&sr=c&sig=9qSQZo4ggrCNpybBExU8SypuUZV33igI11xw0P7rB3c%3D	Lab custom GRCh38 V29	released			
ENCFF450QWZ	bam	bam		alignments	GRCh38	ENCSR153STI	eCLIP	/human-donors/ENCDO000AAD/	EFO:0002067	K562	cell line	Homo sapiens										RNF187-human	RNA				ultraviolet irradiation	reverse	2022-11-16	ENCODE		see document	175-300	2	2_1		64					/files/ENCFF601TLX/	305741079	Gene Yeo, UCSD	ffff4fa4d90ed6b4c830e8e67c054486		https://www.encodeproject.org/files/ENCFF450QWZ/@@download/ENCFF450QWZ.bam	V29			released	s3://encode-public/2022/01/12/7a616086-220c-46cf-afc8-18861d485265/ENCFF450QWZ.bam	https://datasetencode.blob.core.windows.net/dataset/2022/01/12/7a616086-220c-46cf-afc8-18861d485265/ENCFF450QWZ.bam?sv=2019-10-10&si=prod&sr=c&sig=9qSQZo4ggrCNpybBExU8SypuUZV33igI11xw0P7rB3c%3D	Lab custom GRCh38 V29	released			
ENCFF996PJP	bam	bam		unfiltered alignments	GRCh38	ENCSR153STI	eCLIP	/human-donors/ENCDO000AAD/	EFO:0002067	K562	cell line	Homo sapiens										RNF187-human	RNA				ultraviolet irradiation	reverse	2022-11-16	ENCODE		see document	175-300	1	1_1		64					/files/ENCFF690HVR/	354687531	Gene Yeo, UCSD	39e20f307b27dde27648c1e39a0de8bd		https://www.encodeproject.org/files/ENCFF996PJP/@@download/ENCFF996PJP.bam	V29			released	s3://encode-public/2022/01/12/a61f70a8-4893-4040-873d-5d383edc585d/ENCFF996PJP.bam	https://datasetencode.blob.core.windows.net/dataset/2022/01/12/a61f70a8-4893-4040-873d-5d383edc585d/ENCFF996PJP.bam?sv=2019-10-10&si=prod&sr=c&sig=9qSQZo4ggrCNpybBExU8SypuUZV33igI11xw0P7rB3c%3D	Lab custom GRCh38 V29	released			
ENCFF925OBE	bam	bam		alignments	hg19	ENCSR916SRV	eCLIP	/human-donors/ENCDO000AAC/	EFO:0001187	HepG2	cell line	Homo sapiens										TBRG4-human	RNA				ultraviolet irradiation	strand-specific	2016-04-26	ENCODE		see document	175-300	2	2_1		40					/files/ENCFF669MVS/, /files/ENCFF718RWU/	66492806	Gene Yeo, UCSD	7b7835002701fcfe4978588569bafaed		https://www.encodeproject.org/files/ENCFF925OBE/@@download/ENCFF925OBE.bam				released	s3://encode-public/2016/03/17/ae536124-5990-49d3-b5c0-bd329f706256/ENCFF925OBE.bam	https://datasetencode.blob.core.windows.net/dataset/2016/03/17/ae536124-5990-49d3-b5c0-bd329f706256/ENCFF925OBE.bam?sv=2019-10-10&si=prod&sr=c&sig=9qSQZo4ggrCNpybBExU8SypuUZV33igI11xw0P7rB3c%3D	Lab custom hg19	archived			
ENCFF116ASC	bam	bam		alignments	hg19	ENCSR916SRV	eCLIP	/human-donors/ENCDO000AAC/	EFO:0001187	HepG2	cell line	Homo sapiens										TBRG4-human	RNA				ultraviolet irradiation	strand-specific	2016-04-26	ENCODE		see document	175-300	1	1_1		40					/files/ENCFF085PRU/, /files/ENCFF447XXS/	51823003	Gene Yeo, UCSD	2e317f4f119864a54ecbfd7a8d2a9582		https://www.encodeproject.org/files/ENCFF116ASC/@@download/ENCFF116ASC.bam				released	s3://encode-public/2016/03/17/1a38b86c-2f05-4e13-be9d-39da79f61535/ENCFF116ASC.bam	https://datasetencode.blob.core.windows.net/dataset/2016/03/17/1a38b86c-2f05-4e13-be9d-39da79f61535/ENCFF116ASC.bam?sv=2019-10-10&si=prod&sr=c&sig=9qSQZo4ggrCNpybBExU8SypuUZV33igI11xw0P7rB3c%3D	Lab custom hg19	archived			
ENCFF189PHS	bam	bam		alignments	GRCh38	ENCSR916SRV	eCLIP	/human-donors/ENCDO000AAC/	EFO:0001187	HepG2	cell line	Homo sapiens										TBRG4-human	RNA				ultraviolet irradiation	strand-specific	2016-04-26	ENCODE		see document	175-300	2	2_1		40					/files/ENCFF669MVS/, /files/ENCFF718RWU/	63589316	Gene Yeo, UCSD	b7df2388373b06a95683c3f76a8d1458		https://www.encodeproject.org/files/ENCFF189PHS/@@download/ENCFF189PHS.bam				released	s3://encode-public/2016/09/09/53c345e9-b66f-4416-a6da-7c73b10e7fc1/ENCFF189PHS.bam	https://datasetencode.blob.core.windows.net/dataset/2016/09/09/53c345e9-b66f-4416-a6da-7c73b10e7fc1/ENCFF189PHS.bam?sv=2019-10-10&si=prod&sr=c&sig=9qSQZo4ggrCNpybBExU8SypuUZV33igI11xw0P7rB3c%3D	Lab custom GRCh38	released			
ENCFF061HNX	bam	bam		alignments	GRCh38	ENCSR916SRV	eCLIP	/human-donors/ENCDO000AAC/	EFO:0001187	HepG2	cell line	Homo sapiens										TBRG4-human	RNA				ultraviolet irradiation	strand-specific	2016-04-26	ENCODE		see document	175-300	1	1_1		40					/files/ENCFF085PRU/, /files/ENCFF447XXS/	50375064	Gene Yeo, UCSD	2219d493709e5dfd80057fa7d60bd6ba		https://www.encodeproject.org/files/ENCFF061HNX/@@download/ENCFF061HNX.bam				released	s3://encode-public/2016/09/09/fc5df0a4-a22b-42e8-bafd-4b919c125a97/ENCFF061HNX.bam	https://datasetencode.blob.core.windows.net/dataset/2016/09/09/fc5df0a4-a22b-42e8-bafd-4b919c125a97/ENCFF061HNX.bam?sv=2019-10-10&si=prod&sr=c&sig=9qSQZo4ggrCNpybBExU8SypuUZV33igI11xw0P7rB3c%3D	Lab custom GRCh38	released			
ENCFF005HRW	bam	bam		alignments	hg19	ENCSR485QCG	eCLIP	/human-donors/ENCDO000AAC/	EFO:0001187	HepG2	cell line	Homo sapiens										BCCIP-human	RNA				ultraviolet irradiation	strand-specific	2015-07-15	ENCODE		see document	175-300	2	2_1		43					/files/ENCFF300RFO/, /files/ENCFF896YHT/	211247976	Gene Yeo, UCSD	cb44a8c7c746ddb51a2277981fc70222		https://www.encodeproject.org/files/ENCFF005HRW/@@download/ENCFF005HRW.bam				released	s3://encode-public/2016/03/23/f7fbf837-c3e6-41df-a274-03df8efd6092/ENCFF005HRW.bam	https://datasetencode.blob.core.windows.net/dataset/2016/03/23/f7fbf837-c3e6-41df-a274-03df8efd6092/ENCFF005HRW.bam?sv=2019-10-10&si=prod&sr=c&sig=9qSQZo4ggrCNpybBExU8SypuUZV33igI11xw0P7rB3c%3D	Lab custom hg19	archived			
ENCFF731PYG	bam	bam		alignments	hg19	ENCSR485QCG	eCLIP	/human-donors/ENCDO000AAC/	EFO:0001187	HepG2	cell line	Homo sapiens										BCCIP-human	RNA				ultraviolet irradiation	strand-specific	2015-07-15	ENCODE		see document	175-300	1	1_1		43					/files/ENCFF287LMI/, /files/ENCFF292ANE/	180716646	Gene Yeo, UCSD	3a8cea1922239ec60f278ac7f097c3d4		https://www.encodeproject.org/files/ENCFF731PYG/@@download/ENCFF731PYG.bam				released	s3://encode-public/2016/03/23/4b03e127-830a-4042-a0b0-fbc0ad8c231a/ENCFF731PYG.bam	https://datasetencode.blob.core.windows.net/dataset/2016/03/23/4b03e127-830a-4042-a0b0-fbc0ad8c231a/ENCFF731PYG.bam?sv=2019-10-10&si=prod&sr=c&sig=9qSQZo4ggrCNpybBExU8SypuUZV33igI11xw0P7rB3c%3D	Lab custom hg19	archived			
ENCFF081LVD	bam	bam		alignments	GRCh38	ENCSR485QCG	eCLIP	/human-donors/ENCDO000AAC/	EFO:0001187	HepG2	cell line	Homo sapiens										BCCIP-human	RNA				ultraviolet irradiation	strand-specific	2015-07-15	ENCODE		see document	175-300	2	2_1		43					/files/ENCFF300RFO/, /files/ENCFF896YHT/	210485599	Gene Yeo, UCSD	d40b988428fef903ec018d2510cf9e36		https://www.encodeproject.org/files/ENCFF081LVD/@@download/ENCFF081LVD.bam				released	s3://encode-public/2016/09/09/aabd0136-7359-486b-b03a-9e849378562e/ENCFF081LVD.bam	https://datasetencode.blob.core.windows.net/dataset/2016/09/09/aabd0136-7359-486b-b03a-9e849378562e/ENCFF081LVD.bam?sv=2019-10-10&si=prod&sr=c&sig=9qSQZo4ggrCNpybBExU8SypuUZV33igI11xw0P7rB3c%3D	Lab custom GRCh38	released			
ENCFF690EFW	bam	bam		alignments	GRCh38	ENCSR485QCG	eCLIP	/human-donors/ENCDO000AAC/	EFO:0001187	HepG2	cell line	Homo sapiens										BCCIP-human	RNA				ultraviolet irradiation	strand-specific	2015-07-15	ENCODE		see document	175-300	1	1_1		43					/files/ENCFF287LMI/, /files/ENCFF292ANE/	180063617	Gene Yeo, UCSD	4188d75394a34154eda09c60b8c7d835		https://www.encodeproject.org/files/ENCFF690EFW/@@download/ENCFF690EFW.bam				released	s3://encode-public/2016/09/09/dc1bbf4e-d16c-4a49-ac64-079a0fc16b0f/ENCFF690EFW.bam	https://datasetencode.blob.core.windows.net/dataset/2016/09/09/dc1bbf4e-d16c-4a49-ac64-079a0fc16b0f/ENCFF690EFW.bam?sv=2019-10-10&si=prod&sr=c&sig=9qSQZo4ggrCNpybBExU8SypuUZV33igI11xw0P7rB3c%3D	Lab custom GRCh38	released			
ENCFF455LTY	bam	bam		alignments	hg19	ENCSR887LPK	eCLIP	/human-donors/ENCDO000AAD/	EFO:0002067	K562	cell line	Homo sapiens										EWSR1-human	RNA				ultraviolet irradiation	strand-specific	2016-04-26	ENCODE		see document	175-300	1	1_1		43					/files/ENCFF797UGN/, /files/ENCFF514NRD/	326127960	Gene Yeo, UCSD	72a87cc62d2e22277b676a95de731fe3		https://www.encodeproject.org/files/ENCFF455LTY/@@download/ENCFF455LTY.bam				released	s3://encode-public/2016/03/24/df307670-57fa-416a-b9cd-c547a304c244/ENCFF455LTY.bam	https://datasetencode.blob.core.windows.net/dataset/2016/03/24/df307670-57fa-416a-b9cd-c547a304c244/ENCFF455LTY.bam?sv=2019-10-10&si=prod&sr=c&sig=9qSQZo4ggrCNpybBExU8SypuUZV33igI11xw0P7rB3c%3D	Lab custom hg19	archived	mixed read lengths		
ENCFF922VUQ	bam	bam		alignments	hg19	ENCSR887LPK	eCLIP	/human-donors/ENCDO000AAD/	EFO:0002067	K562	cell line	Homo sapiens										EWSR1-human	RNA				ultraviolet irradiation	strand-specific	2016-04-26	ENCODE		see document	175-300	2	2_1		43					/files/ENCFF921GQG/, /files/ENCFF529KND/	281490402	Gene Yeo, UCSD	d3c099c03ad7dd2e6501c4bf34fc1cb7		https://www.encodeproject.org/files/ENCFF922VUQ/@@download/ENCFF922VUQ.bam				released	s3://encode-public/2016/03/24/2fb3c184-65dc-4496-be7e-939b36156b24/ENCFF922VUQ.bam	https://datasetencode.blob.core.windows.net/dataset/2016/03/24/2fb3c184-65dc-4496-be7e-939b36156b24/ENCFF922VUQ.bam?sv=2019-10-10&si=prod&sr=c&sig=9qSQZo4ggrCNpybBExU8SypuUZV33igI11xw0P7rB3c%3D	Lab custom hg19	archived	mixed read lengths		
ENCFF842YPC	bam	bam		alignments	GRCh38	ENCSR887LPK	eCLIP	/human-donors/ENCDO000AAD/	EFO:0002067	K562	cell line	Homo sapiens										EWSR1-human	RNA				ultraviolet irradiation	strand-specific	2016-04-26	ENCODE		see document	175-300	1	1_1		43					/files/ENCFF797UGN/, /files/ENCFF514NRD/	317953987	Gene Yeo, UCSD	46ad737991164a3233c2aa418e1c0426		https://www.encodeproject.org/files/ENCFF842YPC/@@download/ENCFF842YPC.bam				released	s3://encode-public/2016/09/09/fdc11587-f279-461a-aad7-3e846f180482/ENCFF842YPC.bam	https://datasetencode.blob.core.windows.net/dataset/2016/09/09/fdc11587-f279-461a-aad7-3e846f180482/ENCFF842YPC.bam?sv=2019-10-10&si=prod&sr=c&sig=9qSQZo4ggrCNpybBExU8SypuUZV33igI11xw0P7rB3c%3D	Lab custom GRCh38	released	mixed read lengths		
ENCFF975NJX	bam	bam		alignments	GRCh38	ENCSR887LPK	eCLIP	/human-donors/ENCDO000AAD/	EFO:0002067	K562	cell line	Homo sapiens										EWSR1-human	RNA				ultraviolet irradiation	strand-specific	2016-04-26	ENCODE		see document	175-300	2	2_1		43					/files/ENCFF921GQG/, /files/ENCFF529KND/	273304319	Gene Yeo, UCSD	263456418aebc8ff2c3a5dc4fe25823a		https://www.encodeproject.org/files/ENCFF975NJX/@@download/ENCFF975NJX.bam				released	s3://encode-public/2016/09/09/00773da3-1bee-4713-bf35-2be18e274c63/ENCFF975NJX.bam	https://datasetencode.blob.core.windows.net/dataset/2016/09/09/00773da3-1bee-4713-bf35-2be18e274c63/ENCFF975NJX.bam?sv=2019-10-10&si=prod&sr=c&sig=9qSQZo4ggrCNpybBExU8SypuUZV33igI11xw0P7rB3c%3D	Lab custom GRCh38	released	mixed read lengths		
ENCFF654XPT	bam	bam		alignments	hg19	ENCSR756CKJ	eCLIP	/human-donors/ENCDO000AAD/	EFO:0002067	K562	cell line	Homo sapiens										RBFOX2-human	RNA				ultraviolet irradiation	strand-specific	2016-09-21	ENCODE		see document	175-300	1	1_1		41					/files/ENCFF930TLO/, /files/ENCFF462CMF/	842380549	Gene Yeo, UCSD	07157a13afae59023fcc55c30932c51b		https://www.encodeproject.org/files/ENCFF654XPT/@@download/ENCFF654XPT.bam				released	s3://encode-public/2016/08/04/f530c2af-d219-496f-b0bf-4f66ee9a4813/ENCFF654XPT.bam	https://datasetencode.blob.core.windows.net/dataset/2016/08/04/f530c2af-d219-496f-b0bf-4f66ee9a4813/ENCFF654XPT.bam?sv=2019-10-10&si=prod&sr=c&sig=9qSQZo4ggrCNpybBExU8SypuUZV33igI11xw0P7rB3c%3D	Lab custom hg19	archived			
ENCFF249RTF	bam	bam		alignments	hg19	ENCSR756CKJ	eCLIP	/human-donors/ENCDO000AAD/	EFO:0002067	K562	cell line	Homo sapiens										RBFOX2-human	RNA				ultraviolet irradiation	strand-specific	2016-09-21	ENCODE		see document	175-300	2	2_1		41					/files/ENCFF163QEA/, /files/ENCFF942TPA/	461706642	Gene Yeo, UCSD	4d8d73e54855659520c0a62deb08e3e2		https://www.encodeproject.org/files/ENCFF249RTF/@@download/ENCFF249RTF.bam				released	s3://encode-public/2016/08/04/ad74965e-9f82-4100-8fa0-dc0d143043b3/ENCFF249RTF.bam	https://datasetencode.blob.core.windows.net/dataset/2016/08/04/ad74965e-9f82-4100-8fa0-dc0d143043b3/ENCFF249RTF.bam?sv=2019-10-10&si=prod&sr=c&sig=9qSQZo4ggrCNpybBExU8SypuUZV33igI11xw0P7rB3c%3D	Lab custom hg19	archived			
ENCFF296GDR	bam	bam		alignments	GRCh38	ENCSR756CKJ	eCLIP	/human-donors/ENCDO000AAD/	EFO:0002067	K562	cell line	Homo sapiens										RBFOX2-human	RNA				ultraviolet irradiation	strand-specific	2016-09-21	ENCODE		see document	175-300	2	2_1		41					/files/ENCFF163QEA/, /files/ENCFF942TPA/	437955173	Gene Yeo, UCSD	d755c25b4ef1381c4638d140855ce92e		https://www.encodeproject.org/files/ENCFF296GDR/@@download/ENCFF296GDR.bam				released	s3://encode-public/2016/09/09/b1373291-ca5e-4d5c-bafd-0e1196d2f49c/ENCFF296GDR.bam	https://datasetencode.blob.core.windows.net/dataset/2016/09/09/b1373291-ca5e-4d5c-bafd-0e1196d2f49c/ENCFF296GDR.bam?sv=2019-10-10&si=prod&sr=c&sig=9qSQZo4ggrCNpybBExU8SypuUZV33igI11xw0P7rB3c%3D	Lab custom GRCh38	released			
ENCFF537RYR	bam	bam		alignments	GRCh38	ENCSR756CKJ	eCLIP	/human-donors/ENCDO000AAD/	EFO:0002067	K562	cell line	Homo sapiens										RBFOX2-human	RNA				ultraviolet irradiation	strand-specific	2016-09-21	ENCODE		see document	175-300	1	1_1		41					/files/ENCFF930TLO/, /files/ENCFF462CMF/	812591663	Gene Yeo, UCSD	2b1ff1eb494ea2ff5ff778e47cb1d75f		https://www.encodeproject.org/files/ENCFF537RYR/@@download/ENCFF537RYR.bam				released	s3://encode-public/2016/09/09/5a226346-68b1-45ef-b3b5-dd71cbe5b4df/ENCFF537RYR.bam	https://datasetencode.blob.core.windows.net/dataset/2016/09/09/5a226346-68b1-45ef-b3b5-dd71cbe5b4df/ENCFF537RYR.bam?sv=2019-10-10&si=prod&sr=c&sig=9qSQZo4ggrCNpybBExU8SypuUZV33igI11xw0P7rB3c%3D	Lab custom GRCh38	released			
ENCFF840HYK	bam	bam		alignments	hg19	ENCSR194HZU	eCLIP	/human-donors/ENCDO000AAC/	EFO:0001187	HepG2	cell line	Homo sapiens										NOLC1-human	RNA				ultraviolet irradiation	strand-specific	2017-11-19	ENCODE		see document	175-300	1	1_1		35					/files/ENCFF537BAJ/, /files/ENCFF161CIM/	61289222	Gene Yeo, UCSD	181ae4dfea916e093ceec032105fe94b		https://www.encodeproject.org/files/ENCFF840HYK/@@download/ENCFF840HYK.bam				released	s3://encode-public/2016/03/11/23e2650f-84bc-4ba0-91f3-c43b5f014ed8/ENCFF840HYK.bam	https://datasetencode.blob.core.windows.net/dataset/2016/03/11/23e2650f-84bc-4ba0-91f3-c43b5f014ed8/ENCFF840HYK.bam?sv=2019-10-10&si=prod&sr=c&sig=9qSQZo4ggrCNpybBExU8SypuUZV33igI11xw0P7rB3c%3D	Lab custom hg19	archived			
ENCFF102DLV	bam	bam		alignments	hg19	ENCSR194HZU	eCLIP	/human-donors/ENCDO000AAC/	EFO:0001187	HepG2	cell line	Homo sapiens										NOLC1-human	RNA				ultraviolet irradiation	strand-specific	2017-11-19	ENCODE		see document	175-300	2	2_1		35					/files/ENCFF656UJI/, /files/ENCFF091OGJ/	193408496	Gene Yeo, UCSD	75b21a0c15f6248ec94968951f2783ae		https://www.encodeproject.org/files/ENCFF102DLV/@@download/ENCFF102DLV.bam				released	s3://encode-public/2016/03/11/380bf6d1-1152-4ed7-9d66-06715edd2a4d/ENCFF102DLV.bam	https://datasetencode.blob.core.windows.net/dataset/2016/03/11/380bf6d1-1152-4ed7-9d66-06715edd2a4d/ENCFF102DLV.bam?sv=2019-10-10&si=prod&sr=c&sig=9qSQZo4ggrCNpybBExU8SypuUZV33igI11xw0P7rB3c%3D	Lab custom hg19	archived			
ENCFF405PYI	bam	bam		alignments	GRCh38	ENCSR194HZU	eCLIP	/human-donors/ENCDO000AAC/	EFO:0001187	HepG2	cell line	Homo sapiens										NOLC1-human	RNA				ultraviolet irradiation	strand-specific	2017-11-19	ENCODE		see document	175-300	2	2_1		35					/files/ENCFF656UJI/, /files/ENCFF091OGJ/	183796977	Gene Yeo, UCSD	9e54c535f503437207db7434a8b266bc		https://www.encodeproject.org/files/ENCFF405PYI/@@download/ENCFF405PYI.bam				released	s3://encode-public/2016/09/09/c155e7f1-c406-4d02-b364-f3c5fc749e44/ENCFF405PYI.bam	https://datasetencode.blob.core.windows.net/dataset/2016/09/09/c155e7f1-c406-4d02-b364-f3c5fc749e44/ENCFF405PYI.bam?sv=2019-10-10&si=prod&sr=c&sig=9qSQZo4ggrCNpybBExU8SypuUZV33igI11xw0P7rB3c%3D	Lab custom GRCh38	released			
ENCFF329FPZ	bam	bam		alignments	GRCh38	ENCSR194HZU	eCLIP	/human-donors/ENCDO000AAC/	EFO:0001187	HepG2	cell line	Homo sapiens										NOLC1-human	RNA				ultraviolet irradiation	strand-specific	2017-11-19	ENCODE		see document	175-300	1	1_1		35					/files/ENCFF537BAJ/, /files/ENCFF161CIM/	138990076	Gene Yeo, UCSD	517f6e81f41ab84bb360e0342713d913		https://www.encodeproject.org/files/ENCFF329FPZ/@@download/ENCFF329FPZ.bam				released	s3://encode-public/2016/09/09/ffe85cc8-4789-4fcd-b614-f8bd45b9a2a1/ENCFF329FPZ.bam	https://datasetencode.blob.core.windows.net/dataset/2016/09/09/ffe85cc8-4789-4fcd-b614-f8bd45b9a2a1/ENCFF329FPZ.bam?sv=2019-10-10&si=prod&sr=c&sig=9qSQZo4ggrCNpybBExU8SypuUZV33igI11xw0P7rB3c%3D	Lab custom GRCh38	released			
ENCFF330GSE	bam	bam		alignments	hg19	ENCSR795CAI	eCLIP	/human-donors/ENCDO000AAD/	EFO:0002067	K562	cell line	Homo sapiens										HNRNPL-human	RNA				ultraviolet irradiation	strand-specific	2017-12-04	ENCODE		see document	175-300	1	1_1		35					/files/ENCFF490VFL/, /files/ENCFF669YDE/	724909740	Gene Yeo, UCSD	f7ccd3d9df5212e4ab97c282dd38ad14		https://www.encodeproject.org/files/ENCFF330GSE/@@download/ENCFF330GSE.bam				released	s3://encode-public/2016/03/11/f23e46d8-df02-4ecf-97c8-0cfd97b9221b/ENCFF330GSE.bam	https://datasetencode.blob.core.windows.net/dataset/2016/03/11/f23e46d8-df02-4ecf-97c8-0cfd97b9221b/ENCFF330GSE.bam?sv=2019-10-10&si=prod&sr=c&sig=9qSQZo4ggrCNpybBExU8SypuUZV33igI11xw0P7rB3c%3D	Lab custom hg19	archived			
ENCFF431VLG	bam	bam		alignments	hg19	ENCSR795CAI	eCLIP	/human-donors/ENCDO000AAD/	EFO:0002067	K562	cell line	Homo sapiens										HNRNPL-human	RNA				ultraviolet irradiation	strand-specific	2017-12-04	ENCODE		see document	175-300	2	2_1		35					/files/ENCFF868IOA/, /files/ENCFF549QWD/	875621577	Gene Yeo, UCSD	5c98b1f275c54f41d91f3a12c6c3a24d		https://www.encodeproject.org/files/ENCFF431VLG/@@download/ENCFF431VLG.bam				released	s3://encode-public/2016/03/11/e64687ad-ff8a-420d-8947-1b6545db309d/ENCFF431VLG.bam	https://datasetencode.blob.core.windows.net/dataset/2016/03/11/e64687ad-ff8a-420d-8947-1b6545db309d/ENCFF431VLG.bam?sv=2019-10-10&si=prod&sr=c&sig=9qSQZo4ggrCNpybBExU8SypuUZV33igI11xw0P7rB3c%3D	Lab custom hg19	archived			
ENCFF775AIE	bam	bam		alignments	GRCh38	ENCSR795CAI	eCLIP	/human-donors/ENCDO000AAD/	EFO:0002067	K562	cell line	Homo sapiens										HNRNPL-human	RNA				ultraviolet irradiation	strand-specific	2017-12-04	ENCODE		see document	175-300	1	1_1		35					/files/ENCFF490VFL/, /files/ENCFF669YDE/	691460658	Gene Yeo, UCSD	e4c6ad6bb431ddd4adde73503aea5bb5		https://www.encodeproject.org/files/ENCFF775AIE/@@download/ENCFF775AIE.bam				released	s3://encode-public/2016/09/09/48c6c368-8a7f-4451-af8e-53b26e2a8c83/ENCFF775AIE.bam	https://datasetencode.blob.core.windows.net/dataset/2016/09/09/48c6c368-8a7f-4451-af8e-53b26e2a8c83/ENCFF775AIE.bam?sv=2019-10-10&si=prod&sr=c&sig=9qSQZo4ggrCNpybBExU8SypuUZV33igI11xw0P7rB3c%3D	Lab custom GRCh38	released			
ENCFF993XXG	bam	bam		alignments	GRCh38	ENCSR795CAI	eCLIP	/human-donors/ENCDO000AAD/	EFO:0002067	K562	cell line	Homo sapiens										HNRNPL-human	RNA				ultraviolet irradiation	strand-specific	2017-12-04	ENCODE		see document	175-300	2	2_1		35					/files/ENCFF868IOA/, /files/ENCFF549QWD/	812154243	Gene Yeo, UCSD	2622af2002136390a52f282130c9513f		https://www.encodeproject.org/files/ENCFF993XXG/@@download/ENCFF993XXG.bam				released	s3://encode-public/2016/09/09/e0e5cb19-4d69-4e24-a8d2-ae4d56dd709c/ENCFF993XXG.bam	https://datasetencode.blob.core.windows.net/dataset/2016/09/09/e0e5cb19-4d69-4e24-a8d2-ae4d56dd709c/ENCFF993XXG.bam?sv=2019-10-10&si=prod&sr=c&sig=9qSQZo4ggrCNpybBExU8SypuUZV33igI11xw0P7rB3c%3D	Lab custom GRCh38	released			
ENCFF912NYB	bam	bam		unfiltered alignments	GRCh38	ENCSR224QFQ	eCLIP	/human-donors/ENCDO000AAD/	EFO:0002067	K562	cell line	Homo sapiens										NSUN4-human	RNA				ultraviolet irradiation	reverse	2023-02-03	ENCODE		see document	175-300	1	1_1		64					/files/ENCFF197OZT/	284742626	Gene Yeo, UCSD	e7f40b74a0922f115705f304fb0ec4d5		https://www.encodeproject.org/files/ENCFF912NYB/@@download/ENCFF912NYB.bam	V29			archived	s3://encode-public/2022/01/12/19dd0bed-b583-463b-a9a1-49e9846849ac/ENCFF912NYB.bam	https://datasetencode.blob.core.windows.net/dataset/2022/01/12/19dd0bed-b583-463b-a9a1-49e9846849ac/ENCFF912NYB.bam?sv=2019-10-10&si=prod&sr=c&sig=9qSQZo4ggrCNpybBExU8SypuUZV33igI11xw0P7rB3c%3D	Lab custom GRCh38 V29	archived		partially characterized antibody	
ENCFF927RTH	bam	bam		alignments	GRCh38	ENCSR224QFQ	eCLIP	/human-donors/ENCDO000AAD/	EFO:0002067	K562	cell line	Homo sapiens										NSUN4-human	RNA				ultraviolet irradiation	reverse	2023-02-03	ENCODE		see document	175-300	2	2_1		64					/files/ENCFF541HED/	144753884	Gene Yeo, UCSD	4f4b05820d5388a9e8c52ee4ff605c53		https://www.encodeproject.org/files/ENCFF927RTH/@@download/ENCFF927RTH.bam	V29			archived	s3://encode-public/2022/01/12/7172c75a-155f-4f43-8afd-a6a3638a19c7/ENCFF927RTH.bam	https://datasetencode.blob.core.windows.net/dataset/2022/01/12/7172c75a-155f-4f43-8afd-a6a3638a19c7/ENCFF927RTH.bam?sv=2019-10-10&si=prod&sr=c&sig=9qSQZo4ggrCNpybBExU8SypuUZV33igI11xw0P7rB3c%3D	Lab custom GRCh38 V29	archived		partially characterized antibody	
ENCFF207EDY	bam	bam		alignments	GRCh38	ENCSR224QFQ	eCLIP	/human-donors/ENCDO000AAD/	EFO:0002067	K562	cell line	Homo sapiens										NSUN4-human	RNA				ultraviolet irradiation	reverse	2023-02-03	ENCODE		see document	175-300	1	1_1		64					/files/ENCFF912NYB/	117161270	Gene Yeo, UCSD	50a690e3306f0359e21964da8217a266		https://www.encodeproject.org/files/ENCFF207EDY/@@download/ENCFF207EDY.bam	V29			archived	s3://encode-public/2022/01/12/3fde680a-991e-4a71-a7df-ce0e485e127a/ENCFF207EDY.bam	https://datasetencode.blob.core.windows.net/dataset/2022/01/12/3fde680a-991e-4a71-a7df-ce0e485e127a/ENCFF207EDY.bam?sv=2019-10-10&si=prod&sr=c&sig=9qSQZo4ggrCNpybBExU8SypuUZV33igI11xw0P7rB3c%3D	Lab custom GRCh38 V29	archived		partially characterized antibody	
ENCFF541HED	bam	bam		unfiltered alignments	GRCh38	ENCSR224QFQ	eCLIP	/human-donors/ENCDO000AAD/	EFO:0002067	K562	cell line	Homo sapiens										NSUN4-human	RNA				ultraviolet irradiation	reverse	2023-02-03	ENCODE		see document	175-300	2	2_1		64					/files/ENCFF848WNC/	289985855	Gene Yeo, UCSD	918b23f803b864f9f54168e7e4abc3e2		https://www.encodeproject.org/files/ENCFF541HED/@@download/ENCFF541HED.bam	V29			archived	s3://encode-public/2022/01/12/6e99a2d9-b2cd-4e0c-b1fd-a3c906a63fa0/ENCFF541HED.bam	https://datasetencode.blob.core.windows.net/dataset/2022/01/12/6e99a2d9-b2cd-4e0c-b1fd-a3c906a63fa0/ENCFF541HED.bam?sv=2019-10-10&si=prod&sr=c&sig=9qSQZo4ggrCNpybBExU8SypuUZV33igI11xw0P7rB3c%3D	Lab custom GRCh38 V29	archived		partially characterized antibody	
ENCFF089DGF	bam	bam		alignments	hg19	ENCSR634MFO	eCLIP	/human-donors/ENCDO845WKR/	UBERON:0002369	adrenal gland	tissue	Homo sapiens										DGCR8-human	RNA				ultraviolet irradiation	strand-specific	2017-04-10	ENCODE		see document	175-300	1	1_1		40					/files/ENCFF046KYE/, /files/ENCFF082KBD/	24630918	Gene Yeo, UCSD	5eb2c6a9b884936a06fb2db911490a46		https://www.encodeproject.org/files/ENCFF089DGF/@@download/ENCFF089DGF.bam				released	s3://encode-public/2016/03/17/705a7c71-1ef1-4209-95b2-364ed1e27f74/ENCFF089DGF.bam	https://datasetencode.blob.core.windows.net/dataset/2016/03/17/705a7c71-1ef1-4209-95b2-364ed1e27f74/ENCFF089DGF.bam?sv=2019-10-10&si=prod&sr=c&sig=9qSQZo4ggrCNpybBExU8SypuUZV33igI11xw0P7rB3c%3D	Lab custom hg19	archived	antibody characterized with exemption		
ENCFF290GRL	bam	bam		alignments	hg19	ENCSR634MFO	eCLIP	/human-donors/ENCDO845WKR/	UBERON:0002369	adrenal gland	tissue	Homo sapiens										DGCR8-human	RNA				ultraviolet irradiation	strand-specific	2017-04-10	ENCODE		see document	175-300	2	2_1		40					/files/ENCFF919UCQ/, /files/ENCFF554LXY/	29647703	Gene Yeo, UCSD	78aaf65d5266663bfaa44ec08a307d85		https://www.encodeproject.org/files/ENCFF290GRL/@@download/ENCFF290GRL.bam				released	s3://encode-public/2016/03/17/ac2ee6ef-ba12-4fd5-b154-859ba27b0901/ENCFF290GRL.bam	https://datasetencode.blob.core.windows.net/dataset/2016/03/17/ac2ee6ef-ba12-4fd5-b154-859ba27b0901/ENCFF290GRL.bam?sv=2019-10-10&si=prod&sr=c&sig=9qSQZo4ggrCNpybBExU8SypuUZV33igI11xw0P7rB3c%3D	Lab custom hg19	archived	antibody characterized with exemption		
ENCFF465QEM	bam	bam		alignments	GRCh38	ENCSR634MFO	eCLIP	/human-donors/ENCDO845WKR/	UBERON:0002369	adrenal gland	tissue	Homo sapiens										DGCR8-human	RNA				ultraviolet irradiation	strand-specific	2017-04-10	ENCODE		see document	175-300	1	1_1		40					/files/ENCFF046KYE/, /files/ENCFF082KBD/	23191869	Gene Yeo, UCSD	5b911e9738650e4fc4f902ec3550c1a0		https://www.encodeproject.org/files/ENCFF465QEM/@@download/ENCFF465QEM.bam				released	s3://encode-public/2017/01/25/221e46f3-ab08-4451-bbca-1c9d79879e9e/ENCFF465QEM.bam	https://datasetencode.blob.core.windows.net/dataset/2017/01/25/221e46f3-ab08-4451-bbca-1c9d79879e9e/ENCFF465QEM.bam?sv=2019-10-10&si=prod&sr=c&sig=9qSQZo4ggrCNpybBExU8SypuUZV33igI11xw0P7rB3c%3D	Lab custom GRCh38	released	antibody characterized with exemption		
ENCFF302YYD	bam	bam		alignments	GRCh38	ENCSR634MFO	eCLIP	/human-donors/ENCDO845WKR/	UBERON:0002369	adrenal gland	tissue	Homo sapiens										DGCR8-human	RNA				ultraviolet irradiation	strand-specific	2017-04-10	ENCODE		see document	175-300	2	2_1		40					/files/ENCFF919UCQ/, /files/ENCFF554LXY/	28580535	Gene Yeo, UCSD	45951514a2f162c052fb9da1b94955c7		https://www.encodeproject.org/files/ENCFF302YYD/@@download/ENCFF302YYD.bam				released	s3://encode-public/2017/01/25/f33380c9-66c1-4e0f-bfdf-fb0001f90bc8/ENCFF302YYD.bam	https://datasetencode.blob.core.windows.net/dataset/2017/01/25/f33380c9-66c1-4e0f-bfdf-fb0001f90bc8/ENCFF302YYD.bam?sv=2019-10-10&si=prod&sr=c&sig=9qSQZo4ggrCNpybBExU8SypuUZV33igI11xw0P7rB3c%3D	Lab custom GRCh38	released	antibody characterized with exemption		
ENCFF727MET	bam	bam		alignments	hg19	ENCSR258QKO	eCLIP	/human-donors/ENCDO000AAD/	EFO:0002067	K562	cell line	Homo sapiens										XRCC6-human	RNA				ultraviolet irradiation	strand-specific	2016-04-26	ENCODE		see document	175-300	1	1_1		43					/files/ENCFF701NLR/, /files/ENCFF830OQL/	376515842	Gene Yeo, UCSD	a5d885247f594eb49e582639e934f611		https://www.encodeproject.org/files/ENCFF727MET/@@download/ENCFF727MET.bam				released	s3://encode-public/2016/03/24/2599802e-d333-440d-b895-c9e79f0b908c/ENCFF727MET.bam	https://datasetencode.blob.core.windows.net/dataset/2016/03/24/2599802e-d333-440d-b895-c9e79f0b908c/ENCFF727MET.bam?sv=2019-10-10&si=prod&sr=c&sig=9qSQZo4ggrCNpybBExU8SypuUZV33igI11xw0P7rB3c%3D	Lab custom hg19	archived	mixed read lengths		
ENCFF636DUC	bam	bam		alignments	hg19	ENCSR258QKO	eCLIP	/human-donors/ENCDO000AAD/	EFO:0002067	K562	cell line	Homo sapiens										XRCC6-human	RNA				ultraviolet irradiation	strand-specific	2016-04-26	ENCODE		see document	175-300	2	2_1		43					/files/ENCFF041HAI/, /files/ENCFF290QYC/	279063189	Gene Yeo, UCSD	24c58da878d1144bf28d7918f339e3b8		https://www.encodeproject.org/files/ENCFF636DUC/@@download/ENCFF636DUC.bam				released	s3://encode-public/2016/03/24/c281f4ac-6f21-46f5-925c-cbb86fb12f10/ENCFF636DUC.bam	https://datasetencode.blob.core.windows.net/dataset/2016/03/24/c281f4ac-6f21-46f5-925c-cbb86fb12f10/ENCFF636DUC.bam?sv=2019-10-10&si=prod&sr=c&sig=9qSQZo4ggrCNpybBExU8SypuUZV33igI11xw0P7rB3c%3D	Lab custom hg19	archived	mixed read lengths		
ENCFF337RLS	bam	bam		alignments	GRCh38	ENCSR258QKO	eCLIP	/human-donors/ENCDO000AAD/	EFO:0002067	K562	cell line	Homo sapiens										XRCC6-human	RNA				ultraviolet irradiation	strand-specific	2016-04-26	ENCODE		see document	175-300	2	2_1		43					/files/ENCFF041HAI/, /files/ENCFF290QYC/	271323795	Gene Yeo, UCSD	d86dd359479a215cdac1801d48075819		https://www.encodeproject.org/files/ENCFF337RLS/@@download/ENCFF337RLS.bam				released	s3://encode-public/2016/09/09/11ad75c1-1272-47c9-b3fb-416641b84f68/ENCFF337RLS.bam	https://datasetencode.blob.core.windows.net/dataset/2016/09/09/11ad75c1-1272-47c9-b3fb-416641b84f68/ENCFF337RLS.bam?sv=2019-10-10&si=prod&sr=c&sig=9qSQZo4ggrCNpybBExU8SypuUZV33igI11xw0P7rB3c%3D	Lab custom GRCh38	released	mixed read lengths		
ENCFF455DRN	bam	bam		alignments	GRCh38	ENCSR258QKO	eCLIP	/human-donors/ENCDO000AAD/	EFO:0002067	K562	cell line	Homo sapiens										XRCC6-human	RNA				ultraviolet irradiation	strand-specific	2016-04-26	ENCODE		see document	175-300	1	1_1		43					/files/ENCFF701NLR/, /files/ENCFF830OQL/	366886405	Gene Yeo, UCSD	03f4caffdcb56814c7accb8f12fb7f5f		https://www.encodeproject.org/files/ENCFF455DRN/@@download/ENCFF455DRN.bam				released	s3://encode-public/2016/09/09/61da2fce-3b52-4421-bb26-9ce92c6dd8e8/ENCFF455DRN.bam	https://datasetencode.blob.core.windows.net/dataset/2016/09/09/61da2fce-3b52-4421-bb26-9ce92c6dd8e8/ENCFF455DRN.bam?sv=2019-10-10&si=prod&sr=c&sig=9qSQZo4ggrCNpybBExU8SypuUZV33igI11xw0P7rB3c%3D	Lab custom GRCh38	released	mixed read lengths		
ENCFF763NGW	bam	bam		alignments	hg19	ENCSR861GYE	eCLIP	/human-donors/ENCDO000AAC/	EFO:0001187	HepG2	cell line	Homo sapiens										LIN28B-human	RNA				ultraviolet irradiation	strand-specific	2015-11-09	ENCODE		see document	175-300	1	1_1		35					/files/ENCFF916HAS/, /files/ENCFF459WIT/	286193271	Gene Yeo, UCSD	63faf10586788612236e1603eead5152		https://www.encodeproject.org/files/ENCFF763NGW/@@download/ENCFF763NGW.bam				released	s3://encode-public/2016/03/24/3fe6fcef-4f7b-47cf-be23-9e8528a0185e/ENCFF763NGW.bam	https://datasetencode.blob.core.windows.net/dataset/2016/03/24/3fe6fcef-4f7b-47cf-be23-9e8528a0185e/ENCFF763NGW.bam?sv=2019-10-10&si=prod&sr=c&sig=9qSQZo4ggrCNpybBExU8SypuUZV33igI11xw0P7rB3c%3D	Lab custom hg19	archived			
ENCFF925HAH	bam	bam		alignments	hg19	ENCSR861GYE	eCLIP	/human-donors/ENCDO000AAC/	EFO:0001187	HepG2	cell line	Homo sapiens										LIN28B-human	RNA				ultraviolet irradiation	strand-specific	2015-11-09	ENCODE		see document	175-300	2	2_1		35					/files/ENCFF794YIP/, /files/ENCFF917QVW/	164916692	Gene Yeo, UCSD	e8db7cf462d0bcb25f26e2043b8c00dc		https://www.encodeproject.org/files/ENCFF925HAH/@@download/ENCFF925HAH.bam				released	s3://encode-public/2016/03/24/66ec47d8-15b0-440a-980b-7e4e7b470e83/ENCFF925HAH.bam	https://datasetencode.blob.core.windows.net/dataset/2016/03/24/66ec47d8-15b0-440a-980b-7e4e7b470e83/ENCFF925HAH.bam?sv=2019-10-10&si=prod&sr=c&sig=9qSQZo4ggrCNpybBExU8SypuUZV33igI11xw0P7rB3c%3D	Lab custom hg19	archived			
ENCFF756VXR	bam	bam		alignments	GRCh38	ENCSR861GYE	eCLIP	/human-donors/ENCDO000AAC/	EFO:0001187	HepG2	cell line	Homo sapiens										LIN28B-human	RNA				ultraviolet irradiation	strand-specific	2015-11-09	ENCODE		see document	175-300	1	1_1		35					/files/ENCFF916HAS/, /files/ENCFF459WIT/	273670168	Gene Yeo, UCSD	30707e5c052f1a4333303ef8cfe145eb		https://www.encodeproject.org/files/ENCFF756VXR/@@download/ENCFF756VXR.bam				released	s3://encode-public/2016/09/09/9e466957-72ce-4604-ab44-80ed70067c28/ENCFF756VXR.bam	https://datasetencode.blob.core.windows.net/dataset/2016/09/09/9e466957-72ce-4604-ab44-80ed70067c28/ENCFF756VXR.bam?sv=2019-10-10&si=prod&sr=c&sig=9qSQZo4ggrCNpybBExU8SypuUZV33igI11xw0P7rB3c%3D	Lab custom GRCh38	released			
ENCFF284RSI	bam	bam		alignments	GRCh38	ENCSR861GYE	eCLIP	/human-donors/ENCDO000AAC/	EFO:0001187	HepG2	cell line	Homo sapiens										LIN28B-human	RNA				ultraviolet irradiation	strand-specific	2015-11-09	ENCODE		see document	175-300	2	2_1		35					/files/ENCFF794YIP/, /files/ENCFF917QVW/	159563748	Gene Yeo, UCSD	047001835a045663b48958f3dd0490c4		https://www.encodeproject.org/files/ENCFF284RSI/@@download/ENCFF284RSI.bam				released	s3://encode-public/2016/09/09/b107382b-ab26-415c-8dfe-3269f981d879/ENCFF284RSI.bam	https://datasetencode.blob.core.windows.net/dataset/2016/09/09/b107382b-ab26-415c-8dfe-3269f981d879/ENCFF284RSI.bam?sv=2019-10-10&si=prod&sr=c&sig=9qSQZo4ggrCNpybBExU8SypuUZV33igI11xw0P7rB3c%3D	Lab custom GRCh38	released			
ENCFF194KZE	bam	bam		alignments	hg19	ENCSR197INS	eCLIP	/human-donors/ENCDO000AAD/	EFO:0002067	K562	cell line	Homo sapiens										PPIL4-human	RNA				ultraviolet irradiation	strand-specific	2016-04-26	ENCODE		see document	175-300	1	1_1		38					/files/ENCFF045ANJ/, /files/ENCFF427FOO/	594748090	Gene Yeo, UCSD	5149cc6950a4d643e78eaa41cd72866d		https://www.encodeproject.org/files/ENCFF194KZE/@@download/ENCFF194KZE.bam				released	s3://encode-public/2016/03/11/8d9b974e-7aca-4a43-ada2-4fbc829445a6/ENCFF194KZE.bam	https://datasetencode.blob.core.windows.net/dataset/2016/03/11/8d9b974e-7aca-4a43-ada2-4fbc829445a6/ENCFF194KZE.bam?sv=2019-10-10&si=prod&sr=c&sig=9qSQZo4ggrCNpybBExU8SypuUZV33igI11xw0P7rB3c%3D	Lab custom hg19	archived	mixed read lengths		
ENCFF601IBB	bam	bam		alignments	hg19	ENCSR197INS	eCLIP	/human-donors/ENCDO000AAD/	EFO:0002067	K562	cell line	Homo sapiens										PPIL4-human	RNA				ultraviolet irradiation	strand-specific	2016-04-26	ENCODE		see document	175-300	2	2_1		38					/files/ENCFF234LRU/, /files/ENCFF854FTL/	460348994	Gene Yeo, UCSD	fcae4256f958e568d633336dab07c36d		https://www.encodeproject.org/files/ENCFF601IBB/@@download/ENCFF601IBB.bam				released	s3://encode-public/2016/03/11/a70b30df-0258-4d7f-bb5d-5ec73e523b01/ENCFF601IBB.bam	https://datasetencode.blob.core.windows.net/dataset/2016/03/11/a70b30df-0258-4d7f-bb5d-5ec73e523b01/ENCFF601IBB.bam?sv=2019-10-10&si=prod&sr=c&sig=9qSQZo4ggrCNpybBExU8SypuUZV33igI11xw0P7rB3c%3D	Lab custom hg19	archived	mixed read lengths		
ENCFF823SYP	bam	bam		alignments	GRCh38	ENCSR197INS	eCLIP	/human-donors/ENCDO000AAD/	EFO:0002067	K562	cell line	Homo sapiens										PPIL4-human	RNA				ultraviolet irradiation	strand-specific	2016-04-26	ENCODE		see document	175-300	2	2_1		38					/files/ENCFF234LRU/, /files/ENCFF854FTL/	446414073	Gene Yeo, UCSD	025777e5cf1823bbfd73bcdf619b368e		https://www.encodeproject.org/files/ENCFF823SYP/@@download/ENCFF823SYP.bam				released	s3://encode-public/2016/09/09/c3f5cfe8-4274-453e-89d6-d41019e902de/ENCFF823SYP.bam	https://datasetencode.blob.core.windows.net/dataset/2016/09/09/c3f5cfe8-4274-453e-89d6-d41019e902de/ENCFF823SYP.bam?sv=2019-10-10&si=prod&sr=c&sig=9qSQZo4ggrCNpybBExU8SypuUZV33igI11xw0P7rB3c%3D	Lab custom GRCh38	released	mixed read lengths		
ENCFF648KRQ	bam	bam		alignments	GRCh38	ENCSR197INS	eCLIP	/human-donors/ENCDO000AAD/	EFO:0002067	K562	cell line	Homo sapiens										PPIL4-human	RNA				ultraviolet irradiation	strand-specific	2016-04-26	ENCODE		see document	175-300	1	1_1		38					/files/ENCFF045ANJ/, /files/ENCFF427FOO/	575828051	Gene Yeo, UCSD	7852e788b09913ebf55f021d02061087		https://www.encodeproject.org/files/ENCFF648KRQ/@@download/ENCFF648KRQ.bam				released	s3://encode-public/2016/09/09/2b22bd07-b27e-401b-8b09-010631602edc/ENCFF648KRQ.bam	https://datasetencode.blob.core.windows.net/dataset/2016/09/09/2b22bd07-b27e-401b-8b09-010631602edc/ENCFF648KRQ.bam?sv=2019-10-10&si=prod&sr=c&sig=9qSQZo4ggrCNpybBExU8SypuUZV33igI11xw0P7rB3c%3D	Lab custom GRCh38	released	mixed read lengths		
ENCFF171MEK	bam	bam		alignments	hg19	ENCSR815VVI	eCLIP	/human-donors/ENCDO000AAC/	EFO:0001187	HepG2	cell line	Homo sapiens										CDC40-human	RNA				ultraviolet irradiation	strand-specific	2016-10-31	ENCODE		see document	175-300	1	1_1		35					/files/ENCFF359LZO/, /files/ENCFF570ACD/	590360557	Gene Yeo, UCSD	dfca5ca8f3190788edd382e7d8874c69		https://www.encodeproject.org/files/ENCFF171MEK/@@download/ENCFF171MEK.bam				released	s3://encode-public/2016/03/11/cd7982a1-2a77-4e70-93db-14915df88344/ENCFF171MEK.bam	https://datasetencode.blob.core.windows.net/dataset/2016/03/11/cd7982a1-2a77-4e70-93db-14915df88344/ENCFF171MEK.bam?sv=2019-10-10&si=prod&sr=c&sig=9qSQZo4ggrCNpybBExU8SypuUZV33igI11xw0P7rB3c%3D	Lab custom hg19	archived			
ENCFF282MQX	bam	bam		alignments	hg19	ENCSR815VVI	eCLIP	/human-donors/ENCDO000AAC/	EFO:0001187	HepG2	cell line	Homo sapiens										CDC40-human	RNA				ultraviolet irradiation	strand-specific	2016-10-31	ENCODE		see document	175-300	2	2_1		35					/files/ENCFF376EVA/, /files/ENCFF886RPO/	263860142	Gene Yeo, UCSD	ea766a2e77207d10b0e014ee56e75d3c		https://www.encodeproject.org/files/ENCFF282MQX/@@download/ENCFF282MQX.bam				released	s3://encode-public/2016/03/11/5a8f9e89-6476-4b48-b05d-c38a9e78818a/ENCFF282MQX.bam	https://datasetencode.blob.core.windows.net/dataset/2016/03/11/5a8f9e89-6476-4b48-b05d-c38a9e78818a/ENCFF282MQX.bam?sv=2019-10-10&si=prod&sr=c&sig=9qSQZo4ggrCNpybBExU8SypuUZV33igI11xw0P7rB3c%3D	Lab custom hg19	archived			
ENCFF770GEL	bam	bam		alignments	GRCh38	ENCSR815VVI	eCLIP	/human-donors/ENCDO000AAC/	EFO:0001187	HepG2	cell line	Homo sapiens										CDC40-human	RNA				ultraviolet irradiation	strand-specific	2016-10-31	ENCODE		see document	175-300	2	2_1		35					/files/ENCFF376EVA/, /files/ENCFF886RPO/	249845276	Gene Yeo, UCSD	1ba0eae6661b9afd5030a5b5cdded3c7		https://www.encodeproject.org/files/ENCFF770GEL/@@download/ENCFF770GEL.bam				released	s3://encode-public/2016/09/09/418d9f08-d1af-46dc-9ca7-782de8d1b3df/ENCFF770GEL.bam	https://datasetencode.blob.core.windows.net/dataset/2016/09/09/418d9f08-d1af-46dc-9ca7-782de8d1b3df/ENCFF770GEL.bam?sv=2019-10-10&si=prod&sr=c&sig=9qSQZo4ggrCNpybBExU8SypuUZV33igI11xw0P7rB3c%3D	Lab custom GRCh38	released			
ENCFF416LFA	bam	bam		alignments	GRCh38	ENCSR815VVI	eCLIP	/human-donors/ENCDO000AAC/	EFO:0001187	HepG2	cell line	Homo sapiens										CDC40-human	RNA				ultraviolet irradiation	strand-specific	2016-10-31	ENCODE		see document	175-300	1	1_1		35					/files/ENCFF359LZO/, /files/ENCFF570ACD/	567723517	Gene Yeo, UCSD	0ef84dad9c0910449621d86b1bf56990		https://www.encodeproject.org/files/ENCFF416LFA/@@download/ENCFF416LFA.bam				released	s3://encode-public/2016/09/09/781ac93e-7c01-44aa-95a1-52b0df57651d/ENCFF416LFA.bam	https://datasetencode.blob.core.windows.net/dataset/2016/09/09/781ac93e-7c01-44aa-95a1-52b0df57651d/ENCFF416LFA.bam?sv=2019-10-10&si=prod&sr=c&sig=9qSQZo4ggrCNpybBExU8SypuUZV33igI11xw0P7rB3c%3D	Lab custom GRCh38	released			
ENCFF244MEN	bam	bam		alignments	hg19	ENCSR121NVA	eCLIP	/human-donors/ENCDO000AAC/	EFO:0001187	HepG2	cell line	Homo sapiens										PRPF8-human	RNA				ultraviolet irradiation	strand-specific	2015-11-09	ENCODE		see document	175-300	1	1_1		43					/files/ENCFF507XFA/, /files/ENCFF770UHE/	447734887	Gene Yeo, UCSD	5c6cdf03a25a75f5ed5ca808b39c258e		https://www.encodeproject.org/files/ENCFF244MEN/@@download/ENCFF244MEN.bam				released	s3://encode-public/2016/03/24/9a5c54ca-3f70-4248-85c9-24defcd00451/ENCFF244MEN.bam	https://datasetencode.blob.core.windows.net/dataset/2016/03/24/9a5c54ca-3f70-4248-85c9-24defcd00451/ENCFF244MEN.bam?sv=2019-10-10&si=prod&sr=c&sig=9qSQZo4ggrCNpybBExU8SypuUZV33igI11xw0P7rB3c%3D	Lab custom hg19	archived			
ENCFF134AZF	bam	bam		alignments	hg19	ENCSR121NVA	eCLIP	/human-donors/ENCDO000AAC/	EFO:0001187	HepG2	cell line	Homo sapiens										PRPF8-human	RNA				ultraviolet irradiation	strand-specific	2015-11-09	ENCODE		see document	175-300	2	2_1		43					/files/ENCFF074MHP/, /files/ENCFF419BEO/	416951011	Gene Yeo, UCSD	69572b94ea81209fcf14cd33fc4f134c		https://www.encodeproject.org/files/ENCFF134AZF/@@download/ENCFF134AZF.bam				released	s3://encode-public/2016/03/24/2ba08fb6-0c68-48cd-82e0-7f083f460b75/ENCFF134AZF.bam	https://datasetencode.blob.core.windows.net/dataset/2016/03/24/2ba08fb6-0c68-48cd-82e0-7f083f460b75/ENCFF134AZF.bam?sv=2019-10-10&si=prod&sr=c&sig=9qSQZo4ggrCNpybBExU8SypuUZV33igI11xw0P7rB3c%3D	Lab custom hg19	archived			
ENCFF205BLM	bam	bam		alignments	GRCh38	ENCSR121NVA	eCLIP	/human-donors/ENCDO000AAC/	EFO:0001187	HepG2	cell line	Homo sapiens										PRPF8-human	RNA				ultraviolet irradiation	strand-specific	2015-11-09	ENCODE		see document	175-300	1	1_1		43					/files/ENCFF507XFA/, /files/ENCFF770UHE/	443669666	Gene Yeo, UCSD	f75683e4e3ed9be13d2c2236c67f8647		https://www.encodeproject.org/files/ENCFF205BLM/@@download/ENCFF205BLM.bam				released	s3://encode-public/2016/09/09/2a94ceb5-1416-4bad-a863-16d56c4f8017/ENCFF205BLM.bam	https://datasetencode.blob.core.windows.net/dataset/2016/09/09/2a94ceb5-1416-4bad-a863-16d56c4f8017/ENCFF205BLM.bam?sv=2019-10-10&si=prod&sr=c&sig=9qSQZo4ggrCNpybBExU8SypuUZV33igI11xw0P7rB3c%3D	Lab custom GRCh38	released			
ENCFF672HFP	bam	bam		alignments	GRCh38	ENCSR121NVA	eCLIP	/human-donors/ENCDO000AAC/	EFO:0001187	HepG2	cell line	Homo sapiens										PRPF8-human	RNA				ultraviolet irradiation	strand-specific	2015-11-09	ENCODE		see document	175-300	2	2_1		43					/files/ENCFF074MHP/, /files/ENCFF419BEO/	411738366	Gene Yeo, UCSD	976fecb3d4c0699355d72fbfeb2b7994		https://www.encodeproject.org/files/ENCFF672HFP/@@download/ENCFF672HFP.bam				released	s3://encode-public/2016/09/09/85d53593-1efd-4cdd-9fe1-853e92a8ea8f/ENCFF672HFP.bam	https://datasetencode.blob.core.windows.net/dataset/2016/09/09/85d53593-1efd-4cdd-9fe1-853e92a8ea8f/ENCFF672HFP.bam?sv=2019-10-10&si=prod&sr=c&sig=9qSQZo4ggrCNpybBExU8SypuUZV33igI11xw0P7rB3c%3D	Lab custom GRCh38	released			
ENCFF346HHC	bam	bam		alignments	hg19	ENCSR919HSE	eCLIP	/human-donors/ENCDO000AAC/	EFO:0001187	HepG2	cell line	Homo sapiens										CSTF2T-human	RNA				ultraviolet irradiation	strand-specific	2015-11-09	ENCODE		see document	175-300	2	2_1		40					/files/ENCFF860GJP/, /files/ENCFF313BCR/	812746085	Gene Yeo, UCSD	fb8cf13fb9457e2d2612c154167636d7		https://www.encodeproject.org/files/ENCFF346HHC/@@download/ENCFF346HHC.bam				released	s3://encode-public/2016/03/24/f965e794-0a96-4fca-8042-0972b87703ee/ENCFF346HHC.bam	https://datasetencode.blob.core.windows.net/dataset/2016/03/24/f965e794-0a96-4fca-8042-0972b87703ee/ENCFF346HHC.bam?sv=2019-10-10&si=prod&sr=c&sig=9qSQZo4ggrCNpybBExU8SypuUZV33igI11xw0P7rB3c%3D	Lab custom hg19	archived	mixed read lengths		
ENCFF268ECW	bam	bam		alignments	hg19	ENCSR919HSE	eCLIP	/human-donors/ENCDO000AAC/	EFO:0001187	HepG2	cell line	Homo sapiens										CSTF2T-human	RNA				ultraviolet irradiation	strand-specific	2015-11-09	ENCODE		see document	175-300	1	1_1		40					/files/ENCFF762UXF/, /files/ENCFF093WJU/	852424935	Gene Yeo, UCSD	16e1b134c51e5195dae7fafe2214c789		https://www.encodeproject.org/files/ENCFF268ECW/@@download/ENCFF268ECW.bam				released	s3://encode-public/2016/03/24/444ec1fa-ae30-45b4-9043-d11894252acb/ENCFF268ECW.bam	https://datasetencode.blob.core.windows.net/dataset/2016/03/24/444ec1fa-ae30-45b4-9043-d11894252acb/ENCFF268ECW.bam?sv=2019-10-10&si=prod&sr=c&sig=9qSQZo4ggrCNpybBExU8SypuUZV33igI11xw0P7rB3c%3D	Lab custom hg19	archived	mixed read lengths		
ENCFF562AZL	bam	bam		alignments	GRCh38	ENCSR919HSE	eCLIP	/human-donors/ENCDO000AAC/	EFO:0001187	HepG2	cell line	Homo sapiens										CSTF2T-human	RNA				ultraviolet irradiation	strand-specific	2015-11-09	ENCODE		see document	175-300	2	2_1		40					/files/ENCFF860GJP/, /files/ENCFF313BCR/	810840759	Gene Yeo, UCSD	56b6b9d820db807a044cdb7162135e4d		https://www.encodeproject.org/files/ENCFF562AZL/@@download/ENCFF562AZL.bam				released	s3://encode-public/2016/09/09/b099bfff-0a1d-409a-9364-64bb60dffebf/ENCFF562AZL.bam	https://datasetencode.blob.core.windows.net/dataset/2016/09/09/b099bfff-0a1d-409a-9364-64bb60dffebf/ENCFF562AZL.bam?sv=2019-10-10&si=prod&sr=c&sig=9qSQZo4ggrCNpybBExU8SypuUZV33igI11xw0P7rB3c%3D	Lab custom GRCh38	released	mixed read lengths		
ENCFF208OVE	bam	bam		alignments	GRCh38	ENCSR919HSE	eCLIP	/human-donors/ENCDO000AAC/	EFO:0001187	HepG2	cell line	Homo sapiens										CSTF2T-human	RNA				ultraviolet irradiation	strand-specific	2015-11-09	ENCODE		see document	175-300	1	1_1		40					/files/ENCFF762UXF/, /files/ENCFF093WJU/	848429539	Gene Yeo, UCSD	53f4cc75071ed770637caa3bd0f2dd1b		https://www.encodeproject.org/files/ENCFF208OVE/@@download/ENCFF208OVE.bam				released	s3://encode-public/2016/09/09/4edef1cc-0b13-4ba0-b7e9-0e97585945a7/ENCFF208OVE.bam	https://datasetencode.blob.core.windows.net/dataset/2016/09/09/4edef1cc-0b13-4ba0-b7e9-0e97585945a7/ENCFF208OVE.bam?sv=2019-10-10&si=prod&sr=c&sig=9qSQZo4ggrCNpybBExU8SypuUZV33igI11xw0P7rB3c%3D	Lab custom GRCh38	released	mixed read lengths		
ENCFF223JNG	bam	bam		alignments	hg19	ENCSR887FHF	eCLIP	/human-donors/ENCDO000AAD/	EFO:0002067	K562	cell line	Homo sapiens										FASTKD2-human	RNA				ultraviolet irradiation	strand-specific	2016-04-26	ENCODE		see document	175-300	1	1_1		43					/files/ENCFF724UQB/, /files/ENCFF111XRA/	155219666	Gene Yeo, UCSD	eddc76d737361a6f1eb72396368230e2		https://www.encodeproject.org/files/ENCFF223JNG/@@download/ENCFF223JNG.bam				released	s3://encode-public/2016/03/11/9db8ee33-aa64-4e22-a0ee-1589cc948bc1/ENCFF223JNG.bam	https://datasetencode.blob.core.windows.net/dataset/2016/03/11/9db8ee33-aa64-4e22-a0ee-1589cc948bc1/ENCFF223JNG.bam?sv=2019-10-10&si=prod&sr=c&sig=9qSQZo4ggrCNpybBExU8SypuUZV33igI11xw0P7rB3c%3D	Lab custom hg19	archived	mixed read lengths		
ENCFF158VSM	bam	bam		alignments	hg19	ENCSR887FHF	eCLIP	/human-donors/ENCDO000AAD/	EFO:0002067	K562	cell line	Homo sapiens										FASTKD2-human	RNA				ultraviolet irradiation	strand-specific	2016-04-26	ENCODE		see document	175-300	2	2_1		43					/files/ENCFF225HCD/, /files/ENCFF567KSY/	254580745	Gene Yeo, UCSD	b6196e9d6e8751dbecc6dd7b4f5032ff		https://www.encodeproject.org/files/ENCFF158VSM/@@download/ENCFF158VSM.bam				released	s3://encode-public/2016/03/11/cb4c1940-d5a6-4936-a023-43aa062a62e4/ENCFF158VSM.bam	https://datasetencode.blob.core.windows.net/dataset/2016/03/11/cb4c1940-d5a6-4936-a023-43aa062a62e4/ENCFF158VSM.bam?sv=2019-10-10&si=prod&sr=c&sig=9qSQZo4ggrCNpybBExU8SypuUZV33igI11xw0P7rB3c%3D	Lab custom hg19	archived	mixed read lengths		
ENCFF769KHB	bam	bam		alignments	GRCh38	ENCSR887FHF	eCLIP	/human-donors/ENCDO000AAD/	EFO:0002067	K562	cell line	Homo sapiens										FASTKD2-human	RNA				ultraviolet irradiation	strand-specific	2016-04-26	ENCODE		see document	175-300	1	1_1		43					/files/ENCFF724UQB/, /files/ENCFF111XRA/	152445751	Gene Yeo, UCSD	bc6db24968a80d293a93ec9d062296fb		https://www.encodeproject.org/files/ENCFF769KHB/@@download/ENCFF769KHB.bam				released	s3://encode-public/2016/09/09/69104966-2e67-4bca-84a9-8b9c5d632168/ENCFF769KHB.bam	https://datasetencode.blob.core.windows.net/dataset/2016/09/09/69104966-2e67-4bca-84a9-8b9c5d632168/ENCFF769KHB.bam?sv=2019-10-10&si=prod&sr=c&sig=9qSQZo4ggrCNpybBExU8SypuUZV33igI11xw0P7rB3c%3D	Lab custom GRCh38	released	mixed read lengths		
ENCFF278SLD	bam	bam		alignments	GRCh38	ENCSR887FHF	eCLIP	/human-donors/ENCDO000AAD/	EFO:0002067	K562	cell line	Homo sapiens										FASTKD2-human	RNA				ultraviolet irradiation	strand-specific	2016-04-26	ENCODE		see document	175-300	2	2_1		43					/files/ENCFF225HCD/, /files/ENCFF567KSY/	249998227	Gene Yeo, UCSD	fc52d50286ea73018c777f2693a6c238		https://www.encodeproject.org/files/ENCFF278SLD/@@download/ENCFF278SLD.bam				released	s3://encode-public/2016/09/09/cdb92d75-0cf0-4cdb-b143-db0c11086ddc/ENCFF278SLD.bam	https://datasetencode.blob.core.windows.net/dataset/2016/09/09/cdb92d75-0cf0-4cdb-b143-db0c11086ddc/ENCFF278SLD.bam?sv=2019-10-10&si=prod&sr=c&sig=9qSQZo4ggrCNpybBExU8SypuUZV33igI11xw0P7rB3c%3D	Lab custom GRCh38	released	mixed read lengths		
ENCFF163VGP	bam	bam		alignments	hg19	ENCSR993OLA	eCLIP	/human-donors/ENCDO000AAC/	EFO:0001187	HepG2	cell line	Homo sapiens										IGF2BP3-human	RNA				ultraviolet irradiation	strand-specific	2015-07-15	ENCODE		see document	175-300	1	1_1		44					/files/ENCFF518ZYS/, /files/ENCFF333RHN/	430648154	Gene Yeo, UCSD	a9cf056854fc31a4798c1ba3eb00e1b6		https://www.encodeproject.org/files/ENCFF163VGP/@@download/ENCFF163VGP.bam				released	s3://encode-public/2016/03/23/b0e9b5f6-748b-4b1f-8320-3ca03644580d/ENCFF163VGP.bam	https://datasetencode.blob.core.windows.net/dataset/2016/03/23/b0e9b5f6-748b-4b1f-8320-3ca03644580d/ENCFF163VGP.bam?sv=2019-10-10&si=prod&sr=c&sig=9qSQZo4ggrCNpybBExU8SypuUZV33igI11xw0P7rB3c%3D	Lab custom hg19	archived			
ENCFF957CDL	bam	bam		alignments	hg19	ENCSR993OLA	eCLIP	/human-donors/ENCDO000AAC/	EFO:0001187	HepG2	cell line	Homo sapiens										IGF2BP3-human	RNA				ultraviolet irradiation	strand-specific	2015-07-15	ENCODE		see document	175-300	2	2_1		44					/files/ENCFF768LZF/, /files/ENCFF860PRT/	301426623	Gene Yeo, UCSD	466643a0c2eb6244f729f3d94e553ad5		https://www.encodeproject.org/files/ENCFF957CDL/@@download/ENCFF957CDL.bam				released	s3://encode-public/2016/03/23/96c0619d-1e1f-4e26-aa9b-eed43dce1496/ENCFF957CDL.bam	https://datasetencode.blob.core.windows.net/dataset/2016/03/23/96c0619d-1e1f-4e26-aa9b-eed43dce1496/ENCFF957CDL.bam?sv=2019-10-10&si=prod&sr=c&sig=9qSQZo4ggrCNpybBExU8SypuUZV33igI11xw0P7rB3c%3D	Lab custom hg19	archived			
ENCFF270FPU	bam	bam		alignments	GRCh38	ENCSR993OLA	eCLIP	/human-donors/ENCDO000AAC/	EFO:0001187	HepG2	cell line	Homo sapiens										IGF2BP3-human	RNA				ultraviolet irradiation	strand-specific	2015-07-15	ENCODE		see document	175-300	1	1_1		44					/files/ENCFF518ZYS/, /files/ENCFF333RHN/	429393608	Gene Yeo, UCSD	af05c1177178efeb9cc5a5b7ba0a3383		https://www.encodeproject.org/files/ENCFF270FPU/@@download/ENCFF270FPU.bam				released	s3://encode-public/2016/09/09/1bcf8af1-5688-43b6-952c-2a772bec57e5/ENCFF270FPU.bam	https://datasetencode.blob.core.windows.net/dataset/2016/09/09/1bcf8af1-5688-43b6-952c-2a772bec57e5/ENCFF270FPU.bam?sv=2019-10-10&si=prod&sr=c&sig=9qSQZo4ggrCNpybBExU8SypuUZV33igI11xw0P7rB3c%3D	Lab custom GRCh38	released			
ENCFF015NHN	bam	bam		alignments	GRCh38	ENCSR993OLA	eCLIP	/human-donors/ENCDO000AAC/	EFO:0001187	HepG2	cell line	Homo sapiens										IGF2BP3-human	RNA				ultraviolet irradiation	strand-specific	2015-07-15	ENCODE		see document	175-300	2	2_1		44					/files/ENCFF768LZF/, /files/ENCFF860PRT/	300282577	Gene Yeo, UCSD	13ab0615afa5eee761845b05e34b93c3		https://www.encodeproject.org/files/ENCFF015NHN/@@download/ENCFF015NHN.bam				released	s3://encode-public/2016/09/09/add6c63f-e1ec-4c39-8e25-4f35609a6650/ENCFF015NHN.bam	https://datasetencode.blob.core.windows.net/dataset/2016/09/09/add6c63f-e1ec-4c39-8e25-4f35609a6650/ENCFF015NHN.bam?sv=2019-10-10&si=prod&sr=c&sig=9qSQZo4ggrCNpybBExU8SypuUZV33igI11xw0P7rB3c%3D	Lab custom GRCh38	released			
ENCFF559WUX	bam	bam		alignments	hg19	ENCSR061SZV	eCLIP	/human-donors/ENCDO000AAC/	EFO:0001187	HepG2	cell line	Homo sapiens										DGCR8-human	RNA				ultraviolet irradiation	strand-specific	2017-08-15	ENCODE		see document	175-300	2	2_1		35					/files/ENCFF542YWU/, /files/ENCFF420ZZD/	454020968	Gene Yeo, UCSD	2785880966dea575d77dac2309148863		https://www.encodeproject.org/files/ENCFF559WUX/@@download/ENCFF559WUX.bam				released	s3://encode-public/2016/03/24/5ef57fb8-8dd0-42bf-a466-eea14243fa1d/ENCFF559WUX.bam	https://datasetencode.blob.core.windows.net/dataset/2016/03/24/5ef57fb8-8dd0-42bf-a466-eea14243fa1d/ENCFF559WUX.bam?sv=2019-10-10&si=prod&sr=c&sig=9qSQZo4ggrCNpybBExU8SypuUZV33igI11xw0P7rB3c%3D	Lab custom hg19	archived			
ENCFF703NQI	bam	bam		alignments	hg19	ENCSR061SZV	eCLIP	/human-donors/ENCDO000AAC/	EFO:0001187	HepG2	cell line	Homo sapiens										DGCR8-human	RNA				ultraviolet irradiation	strand-specific	2017-08-15	ENCODE		see document	175-300	1	1_1		35					/files/ENCFF905UKZ/, /files/ENCFF347OGO/	599043009	Gene Yeo, UCSD	23a7c5a436574bc24970eb42adde4a56		https://www.encodeproject.org/files/ENCFF703NQI/@@download/ENCFF703NQI.bam				released	s3://encode-public/2016/03/24/0b3a7c1f-6a9b-4599-96f6-d112a7a84e27/ENCFF703NQI.bam	https://datasetencode.blob.core.windows.net/dataset/2016/03/24/0b3a7c1f-6a9b-4599-96f6-d112a7a84e27/ENCFF703NQI.bam?sv=2019-10-10&si=prod&sr=c&sig=9qSQZo4ggrCNpybBExU8SypuUZV33igI11xw0P7rB3c%3D	Lab custom hg19	archived			
ENCFF414UFZ	bam	bam		alignments	GRCh38	ENCSR061SZV	eCLIP	/human-donors/ENCDO000AAC/	EFO:0001187	HepG2	cell line	Homo sapiens										DGCR8-human	RNA				ultraviolet irradiation	strand-specific	2017-08-15	ENCODE		see document	175-300	1	1_1		35					/files/ENCFF905UKZ/, /files/ENCFF347OGO/	577871449	Gene Yeo, UCSD	3386903f6c2110e72f95053c77702652		https://www.encodeproject.org/files/ENCFF414UFZ/@@download/ENCFF414UFZ.bam				released	s3://encode-public/2016/09/09/762edb1f-1983-4026-b741-d802240347d4/ENCFF414UFZ.bam	https://datasetencode.blob.core.windows.net/dataset/2016/09/09/762edb1f-1983-4026-b741-d802240347d4/ENCFF414UFZ.bam?sv=2019-10-10&si=prod&sr=c&sig=9qSQZo4ggrCNpybBExU8SypuUZV33igI11xw0P7rB3c%3D	Lab custom GRCh38	released			
ENCFF960NPN	bam	bam		alignments	GRCh38	ENCSR061SZV	eCLIP	/human-donors/ENCDO000AAC/	EFO:0001187	HepG2	cell line	Homo sapiens										DGCR8-human	RNA				ultraviolet irradiation	strand-specific	2017-08-15	ENCODE		see document	175-300	2	2_1		35					/files/ENCFF542YWU/, /files/ENCFF420ZZD/	430330455	Gene Yeo, UCSD	e6967e7f61833d6d0fa6d136023a76ac		https://www.encodeproject.org/files/ENCFF960NPN/@@download/ENCFF960NPN.bam				released	s3://encode-public/2016/09/09/825ef671-241b-481f-bc51-73594be015ec/ENCFF960NPN.bam	https://datasetencode.blob.core.windows.net/dataset/2016/09/09/825ef671-241b-481f-bc51-73594be015ec/ENCFF960NPN.bam?sv=2019-10-10&si=prod&sr=c&sig=9qSQZo4ggrCNpybBExU8SypuUZV33igI11xw0P7rB3c%3D	Lab custom GRCh38	released			
ENCFF059OSQ	bam	bam		alignments	hg19	ENCSR744GEU	eCLIP	/human-donors/ENCDO000AAC/	EFO:0001187	HepG2	cell line	Homo sapiens										IGF2BP1-human	RNA				ultraviolet irradiation	strand-specific	2015-07-15	ENCODE		see document	175-300	1	1_1		44					/files/ENCFF437VOG/, /files/ENCFF539YWE/	262621329	Gene Yeo, UCSD	4ecf6ba5550a4722088850f3ea58d2ab		https://www.encodeproject.org/files/ENCFF059OSQ/@@download/ENCFF059OSQ.bam				released	s3://encode-public/2016/03/23/107d2221-a09f-463d-b2fc-5a8bfed0de6f/ENCFF059OSQ.bam	https://datasetencode.blob.core.windows.net/dataset/2016/03/23/107d2221-a09f-463d-b2fc-5a8bfed0de6f/ENCFF059OSQ.bam?sv=2019-10-10&si=prod&sr=c&sig=9qSQZo4ggrCNpybBExU8SypuUZV33igI11xw0P7rB3c%3D	Lab custom hg19	archived	mixed read lengths		
ENCFF438FSK	bam	bam		alignments	hg19	ENCSR744GEU	eCLIP	/human-donors/ENCDO000AAC/	EFO:0001187	HepG2	cell line	Homo sapiens										IGF2BP1-human	RNA				ultraviolet irradiation	strand-specific	2015-07-15	ENCODE		see document	175-300	2	2_1		44					/files/ENCFF943QCL/, /files/ENCFF362JFX/	320784172	Gene Yeo, UCSD	9a38bbee4bfc9221efa6d73a156e6a50		https://www.encodeproject.org/files/ENCFF438FSK/@@download/ENCFF438FSK.bam				released	s3://encode-public/2016/03/23/e2612d1c-24e6-4486-a7f9-4104065b823d/ENCFF438FSK.bam	https://datasetencode.blob.core.windows.net/dataset/2016/03/23/e2612d1c-24e6-4486-a7f9-4104065b823d/ENCFF438FSK.bam?sv=2019-10-10&si=prod&sr=c&sig=9qSQZo4ggrCNpybBExU8SypuUZV33igI11xw0P7rB3c%3D	Lab custom hg19	archived	mixed read lengths		
ENCFF427IMN	bam	bam		alignments	GRCh38	ENCSR744GEU	eCLIP	/human-donors/ENCDO000AAC/	EFO:0001187	HepG2	cell line	Homo sapiens										IGF2BP1-human	RNA				ultraviolet irradiation	strand-specific	2015-07-15	ENCODE		see document	175-300	1	1_1		44					/files/ENCFF437VOG/, /files/ENCFF539YWE/	260143564	Gene Yeo, UCSD	8461b0d3344efae7d35644eec0dd54e2		https://www.encodeproject.org/files/ENCFF427IMN/@@download/ENCFF427IMN.bam				released	s3://encode-public/2016/09/09/bc4b4b33-09b9-4e73-abcc-35ca8d3ccadf/ENCFF427IMN.bam	https://datasetencode.blob.core.windows.net/dataset/2016/09/09/bc4b4b33-09b9-4e73-abcc-35ca8d3ccadf/ENCFF427IMN.bam?sv=2019-10-10&si=prod&sr=c&sig=9qSQZo4ggrCNpybBExU8SypuUZV33igI11xw0P7rB3c%3D	Lab custom GRCh38	released	mixed read lengths		
ENCFF777OWL	bam	bam		alignments	GRCh38	ENCSR744GEU	eCLIP	/human-donors/ENCDO000AAC/	EFO:0001187	HepG2	cell line	Homo sapiens										IGF2BP1-human	RNA				ultraviolet irradiation	strand-specific	2015-07-15	ENCODE		see document	175-300	2	2_1		44					/files/ENCFF943QCL/, /files/ENCFF362JFX/	319050364	Gene Yeo, UCSD	2f89c2eeb2cf9cd17c0fb5b5bb049d2b		https://www.encodeproject.org/files/ENCFF777OWL/@@download/ENCFF777OWL.bam				released	s3://encode-public/2016/09/09/39be51d7-9abd-46f5-8cb6-bfdd3d9829fc/ENCFF777OWL.bam	https://datasetencode.blob.core.windows.net/dataset/2016/09/09/39be51d7-9abd-46f5-8cb6-bfdd3d9829fc/ENCFF777OWL.bam?sv=2019-10-10&si=prod&sr=c&sig=9qSQZo4ggrCNpybBExU8SypuUZV33igI11xw0P7rB3c%3D	Lab custom GRCh38	released	mixed read lengths		
ENCFF593PCX	bam	bam		alignments	hg19	ENCSR773KRC	eCLIP	/human-donors/ENCDO000AAC/	EFO:0001187	HepG2	cell line	Homo sapiens										SRSF9-human	RNA				ultraviolet irradiation	strand-specific	2015-07-15	ENCODE		see document	175-300	1	1_1		44					/files/ENCFF912JVC/, /files/ENCFF354DZK/	272906593	Gene Yeo, UCSD	6046c22c49ba73fb09b9afad192970a4		https://www.encodeproject.org/files/ENCFF593PCX/@@download/ENCFF593PCX.bam				released	s3://encode-public/2016/03/23/0f0bccf2-eec1-491a-8748-a189532a1937/ENCFF593PCX.bam	https://datasetencode.blob.core.windows.net/dataset/2016/03/23/0f0bccf2-eec1-491a-8748-a189532a1937/ENCFF593PCX.bam?sv=2019-10-10&si=prod&sr=c&sig=9qSQZo4ggrCNpybBExU8SypuUZV33igI11xw0P7rB3c%3D	Lab custom hg19	archived			
ENCFF709HAD	bam	bam		alignments	hg19	ENCSR773KRC	eCLIP	/human-donors/ENCDO000AAC/	EFO:0001187	HepG2	cell line	Homo sapiens										SRSF9-human	RNA				ultraviolet irradiation	strand-specific	2015-07-15	ENCODE		see document	175-300	2	2_1		44					/files/ENCFF038QQM/, /files/ENCFF589NCU/	213545757	Gene Yeo, UCSD	16329595dc6cd9869c6c3df554382074		https://www.encodeproject.org/files/ENCFF709HAD/@@download/ENCFF709HAD.bam				released	s3://encode-public/2016/03/23/39ff0365-0ea7-4856-a129-feadb3794cb2/ENCFF709HAD.bam	https://datasetencode.blob.core.windows.net/dataset/2016/03/23/39ff0365-0ea7-4856-a129-feadb3794cb2/ENCFF709HAD.bam?sv=2019-10-10&si=prod&sr=c&sig=9qSQZo4ggrCNpybBExU8SypuUZV33igI11xw0P7rB3c%3D	Lab custom hg19	archived			
ENCFF651VGM	bam	bam		alignments	GRCh38	ENCSR773KRC	eCLIP	/human-donors/ENCDO000AAC/	EFO:0001187	HepG2	cell line	Homo sapiens										SRSF9-human	RNA				ultraviolet irradiation	strand-specific	2015-07-15	ENCODE		see document	175-300	1	1_1		44					/files/ENCFF912JVC/, /files/ENCFF354DZK/	272740461	Gene Yeo, UCSD	4bafea51e2b24bb357e01338ed6582a8		https://www.encodeproject.org/files/ENCFF651VGM/@@download/ENCFF651VGM.bam				released	s3://encode-public/2016/09/09/2f985d3a-7427-4428-8345-0cb73fedd8f7/ENCFF651VGM.bam	https://datasetencode.blob.core.windows.net/dataset/2016/09/09/2f985d3a-7427-4428-8345-0cb73fedd8f7/ENCFF651VGM.bam?sv=2019-10-10&si=prod&sr=c&sig=9qSQZo4ggrCNpybBExU8SypuUZV33igI11xw0P7rB3c%3D	Lab custom GRCh38	released			
ENCFF460TAE	bam	bam		alignments	GRCh38	ENCSR773KRC	eCLIP	/human-donors/ENCDO000AAC/	EFO:0001187	HepG2	cell line	Homo sapiens										SRSF9-human	RNA				ultraviolet irradiation	strand-specific	2015-07-15	ENCODE		see document	175-300	2	2_1		44					/files/ENCFF038QQM/, /files/ENCFF589NCU/	213412707	Gene Yeo, UCSD	e52b3f6405b435681f4768abbbecc4df		https://www.encodeproject.org/files/ENCFF460TAE/@@download/ENCFF460TAE.bam				released	s3://encode-public/2016/09/09/d3a66d59-4a09-4683-aa13-3a2b3e2f869b/ENCFF460TAE.bam	https://datasetencode.blob.core.windows.net/dataset/2016/09/09/d3a66d59-4a09-4683-aa13-3a2b3e2f869b/ENCFF460TAE.bam?sv=2019-10-10&si=prod&sr=c&sig=9qSQZo4ggrCNpybBExU8SypuUZV33igI11xw0P7rB3c%3D	Lab custom GRCh38	released			
ENCFF177PRH	bam	bam		alignments	hg19	ENCSR133QEA	eCLIP	/human-donors/ENCDO000AAD/	EFO:0002067	K562	cell line	Homo sapiens										SF3B1-human	RNA				ultraviolet irradiation	strand-specific	2016-10-31	ENCODE		see document	175-300	1	1_1		40					/files/ENCFF351MRH/, /files/ENCFF763CZN/	43276464	Gene Yeo, UCSD	3230e3c69b4d1784b414bd01eaf29dcf		https://www.encodeproject.org/files/ENCFF177PRH/@@download/ENCFF177PRH.bam				released	s3://encode-public/2016/03/24/0a1962cc-5b52-4b40-8847-3ebfbf31e246/ENCFF177PRH.bam	https://datasetencode.blob.core.windows.net/dataset/2016/03/24/0a1962cc-5b52-4b40-8847-3ebfbf31e246/ENCFF177PRH.bam?sv=2019-10-10&si=prod&sr=c&sig=9qSQZo4ggrCNpybBExU8SypuUZV33igI11xw0P7rB3c%3D	Lab custom hg19	archived			
ENCFF766KGY	bam	bam		alignments	hg19	ENCSR133QEA	eCLIP	/human-donors/ENCDO000AAD/	EFO:0002067	K562	cell line	Homo sapiens										SF3B1-human	RNA				ultraviolet irradiation	strand-specific	2016-10-31	ENCODE		see document	175-300	2	2_1		40					/files/ENCFF585JKL/, /files/ENCFF151JUN/	31091780	Gene Yeo, UCSD	093b67357257dbe119a4a8561c5236b6		https://www.encodeproject.org/files/ENCFF766KGY/@@download/ENCFF766KGY.bam				released	s3://encode-public/2016/03/24/f5de9f5f-8ac4-442a-a066-edefd5247ba9/ENCFF766KGY.bam	https://datasetencode.blob.core.windows.net/dataset/2016/03/24/f5de9f5f-8ac4-442a-a066-edefd5247ba9/ENCFF766KGY.bam?sv=2019-10-10&si=prod&sr=c&sig=9qSQZo4ggrCNpybBExU8SypuUZV33igI11xw0P7rB3c%3D	Lab custom hg19	archived			
ENCFF564ARY	bam	bam		alignments	GRCh38	ENCSR133QEA	eCLIP	/human-donors/ENCDO000AAD/	EFO:0002067	K562	cell line	Homo sapiens										SF3B1-human	RNA				ultraviolet irradiation	strand-specific	2016-10-31	ENCODE		see document	175-300	1	1_1		40					/files/ENCFF351MRH/, /files/ENCFF763CZN/	40915769	Gene Yeo, UCSD	7347d95c84c0e250f57deca2af94781c		https://www.encodeproject.org/files/ENCFF564ARY/@@download/ENCFF564ARY.bam				released	s3://encode-public/2016/09/09/0a982534-cf7f-464c-8fd1-12bb9b1d518a/ENCFF564ARY.bam	https://datasetencode.blob.core.windows.net/dataset/2016/09/09/0a982534-cf7f-464c-8fd1-12bb9b1d518a/ENCFF564ARY.bam?sv=2019-10-10&si=prod&sr=c&sig=9qSQZo4ggrCNpybBExU8SypuUZV33igI11xw0P7rB3c%3D	Lab custom GRCh38	released			
ENCFF959GNA	bam	bam		alignments	GRCh38	ENCSR133QEA	eCLIP	/human-donors/ENCDO000AAD/	EFO:0002067	K562	cell line	Homo sapiens										SF3B1-human	RNA				ultraviolet irradiation	strand-specific	2016-10-31	ENCODE		see document	175-300	2	2_1		40					/files/ENCFF585JKL/, /files/ENCFF151JUN/	30037913	Gene Yeo, UCSD	490590cf725da14bbea9ca5117fb4df7		https://www.encodeproject.org/files/ENCFF959GNA/@@download/ENCFF959GNA.bam				released	s3://encode-public/2016/09/09/58ff519f-f668-4a37-ab78-f9cfc1b1a7c5/ENCFF959GNA.bam	https://datasetencode.blob.core.windows.net/dataset/2016/09/09/58ff519f-f668-4a37-ab78-f9cfc1b1a7c5/ENCFF959GNA.bam?sv=2019-10-10&si=prod&sr=c&sig=9qSQZo4ggrCNpybBExU8SypuUZV33igI11xw0P7rB3c%3D	Lab custom GRCh38	released			
ENCFF270LHK	bam	bam		alignments	hg19	ENCSR571VHI	eCLIP	/human-donors/ENCDO000AAD/	EFO:0002067	K562	cell line	Homo sapiens										HNRNPUL1-human	RNA				ultraviolet irradiation	strand-specific	2015-11-09	ENCODE		see document	175-300	1	1_1		43					/files/ENCFF621CZT/, /files/ENCFF342XLD/	286554852	Gene Yeo, UCSD	8e2319209926d898849ad476c2016c9e		https://www.encodeproject.org/files/ENCFF270LHK/@@download/ENCFF270LHK.bam				released	s3://encode-public/2016/03/24/3d6c6ab5-c988-40b4-a590-e59d0d7277c0/ENCFF270LHK.bam	https://datasetencode.blob.core.windows.net/dataset/2016/03/24/3d6c6ab5-c988-40b4-a590-e59d0d7277c0/ENCFF270LHK.bam?sv=2019-10-10&si=prod&sr=c&sig=9qSQZo4ggrCNpybBExU8SypuUZV33igI11xw0P7rB3c%3D	Lab custom hg19	archived	mixed read lengths		
ENCFF472FBT	bam	bam		alignments	hg19	ENCSR571VHI	eCLIP	/human-donors/ENCDO000AAD/	EFO:0002067	K562	cell line	Homo sapiens										HNRNPUL1-human	RNA				ultraviolet irradiation	strand-specific	2015-11-09	ENCODE		see document	175-300	2	2_1		40					/files/ENCFF658VCP/, /files/ENCFF831UXT/	366712470	Gene Yeo, UCSD	97a13cd4613a01ccce9b8a394802a585		https://www.encodeproject.org/files/ENCFF472FBT/@@download/ENCFF472FBT.bam				released	s3://encode-public/2016/03/24/267dd7ee-3e64-4f4b-b548-93a8419c0b38/ENCFF472FBT.bam	https://datasetencode.blob.core.windows.net/dataset/2016/03/24/267dd7ee-3e64-4f4b-b548-93a8419c0b38/ENCFF472FBT.bam?sv=2019-10-10&si=prod&sr=c&sig=9qSQZo4ggrCNpybBExU8SypuUZV33igI11xw0P7rB3c%3D	Lab custom hg19	archived	mixed read lengths		
ENCFF523RZH	bam	bam		alignments	GRCh38	ENCSR571VHI	eCLIP	/human-donors/ENCDO000AAD/	EFO:0002067	K562	cell line	Homo sapiens										HNRNPUL1-human	RNA				ultraviolet irradiation	strand-specific	2015-11-09	ENCODE		see document	175-300	1	1_1		43					/files/ENCFF621CZT/, /files/ENCFF342XLD/	282746956	Gene Yeo, UCSD	430802685e264ca343289ae522030474		https://www.encodeproject.org/files/ENCFF523RZH/@@download/ENCFF523RZH.bam				released	s3://encode-public/2016/09/09/045d97a2-17d9-4df3-a5f0-70a9b53ebd93/ENCFF523RZH.bam	https://datasetencode.blob.core.windows.net/dataset/2016/09/09/045d97a2-17d9-4df3-a5f0-70a9b53ebd93/ENCFF523RZH.bam?sv=2019-10-10&si=prod&sr=c&sig=9qSQZo4ggrCNpybBExU8SypuUZV33igI11xw0P7rB3c%3D	Lab custom GRCh38	released	mixed read lengths		
ENCFF426AQN	bam	bam		alignments	GRCh38	ENCSR571VHI	eCLIP	/human-donors/ENCDO000AAD/	EFO:0002067	K562	cell line	Homo sapiens										HNRNPUL1-human	RNA				ultraviolet irradiation	strand-specific	2015-11-09	ENCODE		see document	175-300	2	2_1		40					/files/ENCFF658VCP/, /files/ENCFF831UXT/	370077723	Gene Yeo, UCSD	c1cf1bc92e6b424c0e6e2c298731d853		https://www.encodeproject.org/files/ENCFF426AQN/@@download/ENCFF426AQN.bam				released	s3://encode-public/2016/09/09/caaaaefb-074c-467b-8208-1cda94fd3583/ENCFF426AQN.bam	https://datasetencode.blob.core.windows.net/dataset/2016/09/09/caaaaefb-074c-467b-8208-1cda94fd3583/ENCFF426AQN.bam?sv=2019-10-10&si=prod&sr=c&sig=9qSQZo4ggrCNpybBExU8SypuUZV33igI11xw0P7rB3c%3D	Lab custom GRCh38	released	mixed read lengths		
ENCFF528YKE	bam	bam		alignments	hg19	ENCSR120EAR	eCLIP	/human-donors/ENCDO000AAD/	EFO:0002067	K562	cell line	Homo sapiens										RPS3-human	RNA				ultraviolet irradiation	strand-specific	2017-08-15	ENCODE		see document	175-300	2	2_1		38					/files/ENCFF250XVF/, /files/ENCFF544ECV/	120952583	Gene Yeo, UCSD	7f3bb6fee4c0fbfc148d217011b958c4		https://www.encodeproject.org/files/ENCFF528YKE/@@download/ENCFF528YKE.bam				released	s3://encode-public/2016/03/11/f7aa7bad-1929-4ca7-aa1c-34d394b28a94/ENCFF528YKE.bam	https://datasetencode.blob.core.windows.net/dataset/2016/03/11/f7aa7bad-1929-4ca7-aa1c-34d394b28a94/ENCFF528YKE.bam?sv=2019-10-10&si=prod&sr=c&sig=9qSQZo4ggrCNpybBExU8SypuUZV33igI11xw0P7rB3c%3D	Lab custom hg19	archived			
ENCFF094OTN	bam	bam		alignments	hg19	ENCSR120EAR	eCLIP	/human-donors/ENCDO000AAD/	EFO:0002067	K562	cell line	Homo sapiens										RPS3-human	RNA				ultraviolet irradiation	strand-specific	2017-08-15	ENCODE		see document	175-300	1	1_1		38					/files/ENCFF111EUR/, /files/ENCFF209JOZ/	123970410	Gene Yeo, UCSD	7a44f83f42ada9c1bdeec2030ebd33dd		https://www.encodeproject.org/files/ENCFF094OTN/@@download/ENCFF094OTN.bam				released	s3://encode-public/2016/03/11/641bf4f0-1bb0-4194-ab82-818cae96db81/ENCFF094OTN.bam	https://datasetencode.blob.core.windows.net/dataset/2016/03/11/641bf4f0-1bb0-4194-ab82-818cae96db81/ENCFF094OTN.bam?sv=2019-10-10&si=prod&sr=c&sig=9qSQZo4ggrCNpybBExU8SypuUZV33igI11xw0P7rB3c%3D	Lab custom hg19	archived			
ENCFF481DSP	bam	bam		alignments	GRCh38	ENCSR120EAR	eCLIP	/human-donors/ENCDO000AAD/	EFO:0002067	K562	cell line	Homo sapiens										RPS3-human	RNA				ultraviolet irradiation	strand-specific	2017-08-15	ENCODE		see document	175-300	2	2_1		38					/files/ENCFF250XVF/, /files/ENCFF544ECV/	117760418	Gene Yeo, UCSD	9bc24818d88f8367c076125215f79590		https://www.encodeproject.org/files/ENCFF481DSP/@@download/ENCFF481DSP.bam				released	s3://encode-public/2016/09/09/622f5ede-bce6-47bb-93b1-b8a032271646/ENCFF481DSP.bam	https://datasetencode.blob.core.windows.net/dataset/2016/09/09/622f5ede-bce6-47bb-93b1-b8a032271646/ENCFF481DSP.bam?sv=2019-10-10&si=prod&sr=c&sig=9qSQZo4ggrCNpybBExU8SypuUZV33igI11xw0P7rB3c%3D	Lab custom GRCh38	released			
ENCFF830RMG	bam	bam		alignments	GRCh38	ENCSR120EAR	eCLIP	/human-donors/ENCDO000AAD/	EFO:0002067	K562	cell line	Homo sapiens										RPS3-human	RNA				ultraviolet irradiation	strand-specific	2017-08-15	ENCODE		see document	175-300	1	1_1		38					/files/ENCFF111EUR/, /files/ENCFF209JOZ/	120544646	Gene Yeo, UCSD	8e9389076a3dd21298d04d392450cf50		https://www.encodeproject.org/files/ENCFF830RMG/@@download/ENCFF830RMG.bam				released	s3://encode-public/2016/09/09/764a6085-3651-4e61-916e-5357ccbe1bdc/ENCFF830RMG.bam	https://datasetencode.blob.core.windows.net/dataset/2016/09/09/764a6085-3651-4e61-916e-5357ccbe1bdc/ENCFF830RMG.bam?sv=2019-10-10&si=prod&sr=c&sig=9qSQZo4ggrCNpybBExU8SypuUZV33igI11xw0P7rB3c%3D	Lab custom GRCh38	released			
ENCFF587LRZ	bam	bam		alignments	hg19	ENCSR265ZIS	eCLIP	/human-donors/ENCDO000AAC/	EFO:0001187	HepG2	cell line	Homo sapiens										GTF2F1-human	RNA				ultraviolet irradiation	strand-specific	2015-11-09	ENCODE		see document	175-300	1	1_1		35					/files/ENCFF613QDB/, /files/ENCFF321BPE/	372581885	Gene Yeo, UCSD	2f73a9c9591d560d1f23d2146669bbc5		https://www.encodeproject.org/files/ENCFF587LRZ/@@download/ENCFF587LRZ.bam				released	s3://encode-public/2016/03/24/54163ac0-3f66-4881-b4ad-3717939ff23e/ENCFF587LRZ.bam	https://datasetencode.blob.core.windows.net/dataset/2016/03/24/54163ac0-3f66-4881-b4ad-3717939ff23e/ENCFF587LRZ.bam?sv=2019-10-10&si=prod&sr=c&sig=9qSQZo4ggrCNpybBExU8SypuUZV33igI11xw0P7rB3c%3D	Lab custom hg19	archived			
ENCFF498YIO	bam	bam		alignments	hg19	ENCSR265ZIS	eCLIP	/human-donors/ENCDO000AAC/	EFO:0001187	HepG2	cell line	Homo sapiens										GTF2F1-human	RNA				ultraviolet irradiation	strand-specific	2015-11-09	ENCODE		see document	175-300	2	2_1		35					/files/ENCFF747FBU/, /files/ENCFF692APB/	362129946	Gene Yeo, UCSD	c5bf9cac69d59f18c16c8857d3ddccdd		https://www.encodeproject.org/files/ENCFF498YIO/@@download/ENCFF498YIO.bam				released	s3://encode-public/2016/03/24/dea527d3-6223-438e-98af-e882e165aa1e/ENCFF498YIO.bam	https://datasetencode.blob.core.windows.net/dataset/2016/03/24/dea527d3-6223-438e-98af-e882e165aa1e/ENCFF498YIO.bam?sv=2019-10-10&si=prod&sr=c&sig=9qSQZo4ggrCNpybBExU8SypuUZV33igI11xw0P7rB3c%3D	Lab custom hg19	archived			
ENCFF157WNL	bam	bam		alignments	GRCh38	ENCSR265ZIS	eCLIP	/human-donors/ENCDO000AAC/	EFO:0001187	HepG2	cell line	Homo sapiens										GTF2F1-human	RNA				ultraviolet irradiation	strand-specific	2015-11-09	ENCODE		see document	175-300	2	2_1		35					/files/ENCFF747FBU/, /files/ENCFF692APB/	350105390	Gene Yeo, UCSD	c42804df8e440ca6c24c71a70dac632e		https://www.encodeproject.org/files/ENCFF157WNL/@@download/ENCFF157WNL.bam				released	s3://encode-public/2016/09/09/249c496e-7e95-4cd7-baff-c29db35f8f6b/ENCFF157WNL.bam	https://datasetencode.blob.core.windows.net/dataset/2016/09/09/249c496e-7e95-4cd7-baff-c29db35f8f6b/ENCFF157WNL.bam?sv=2019-10-10&si=prod&sr=c&sig=9qSQZo4ggrCNpybBExU8SypuUZV33igI11xw0P7rB3c%3D	Lab custom GRCh38	released			
ENCFF400HJB	bam	bam		alignments	GRCh38	ENCSR265ZIS	eCLIP	/human-donors/ENCDO000AAC/	EFO:0001187	HepG2	cell line	Homo sapiens										GTF2F1-human	RNA				ultraviolet irradiation	strand-specific	2015-11-09	ENCODE		see document	175-300	1	1_1		35					/files/ENCFF613QDB/, /files/ENCFF321BPE/	355052934	Gene Yeo, UCSD	02ef2edbd532a174f9be14238570e3a0		https://www.encodeproject.org/files/ENCFF400HJB/@@download/ENCFF400HJB.bam				released	s3://encode-public/2016/09/09/d29c8c66-9fda-441e-ac60-8e97b97facd2/ENCFF400HJB.bam	https://datasetencode.blob.core.windows.net/dataset/2016/09/09/d29c8c66-9fda-441e-ac60-8e97b97facd2/ENCFF400HJB.bam?sv=2019-10-10&si=prod&sr=c&sig=9qSQZo4ggrCNpybBExU8SypuUZV33igI11xw0P7rB3c%3D	Lab custom GRCh38	released			
ENCFF163SXQ	bam	bam		alignments	hg19	ENCSR668MJX	eCLIP	/human-donors/ENCDO000AAC/	EFO:0001187	HepG2	cell line	Homo sapiens										GRSF1-human	RNA				ultraviolet irradiation	strand-specific	2016-04-26	ENCODE		see document	175-300	2	2_1		41					/files/ENCFF427GWM/, /files/ENCFF955NYU/	339710760	Gene Yeo, UCSD	a0d50233aa314f0e557454d36b0ac69e		https://www.encodeproject.org/files/ENCFF163SXQ/@@download/ENCFF163SXQ.bam				released	s3://encode-public/2016/03/17/1f3caf43-33e5-43f6-88cd-68d7c5d437ed/ENCFF163SXQ.bam	https://datasetencode.blob.core.windows.net/dataset/2016/03/17/1f3caf43-33e5-43f6-88cd-68d7c5d437ed/ENCFF163SXQ.bam?sv=2019-10-10&si=prod&sr=c&sig=9qSQZo4ggrCNpybBExU8SypuUZV33igI11xw0P7rB3c%3D	Lab custom hg19	archived			
ENCFF374FFC	bam	bam		alignments	hg19	ENCSR668MJX	eCLIP	/human-donors/ENCDO000AAC/	EFO:0001187	HepG2	cell line	Homo sapiens										GRSF1-human	RNA				ultraviolet irradiation	strand-specific	2016-04-26	ENCODE		see document	175-300	1	1_1		41					/files/ENCFF948LDL/, /files/ENCFF886HXX/	272310673	Gene Yeo, UCSD	2300d795ac865b7751142cbeccaf6a3d		https://www.encodeproject.org/files/ENCFF374FFC/@@download/ENCFF374FFC.bam				released	s3://encode-public/2016/03/17/cf499a43-9334-4008-8699-863408fa31e5/ENCFF374FFC.bam	https://datasetencode.blob.core.windows.net/dataset/2016/03/17/cf499a43-9334-4008-8699-863408fa31e5/ENCFF374FFC.bam?sv=2019-10-10&si=prod&sr=c&sig=9qSQZo4ggrCNpybBExU8SypuUZV33igI11xw0P7rB3c%3D	Lab custom hg19	archived			
ENCFF338LOF	bam	bam		alignments	GRCh38	ENCSR668MJX	eCLIP	/human-donors/ENCDO000AAC/	EFO:0001187	HepG2	cell line	Homo sapiens										GRSF1-human	RNA				ultraviolet irradiation	strand-specific	2016-04-26	ENCODE		see document	175-300	2	2_1		41					/files/ENCFF427GWM/, /files/ENCFF955NYU/	320596354	Gene Yeo, UCSD	b62284682b0743656647bc837d054a62		https://www.encodeproject.org/files/ENCFF338LOF/@@download/ENCFF338LOF.bam				released	s3://encode-public/2016/09/09/4e513ad0-da7b-40bc-bee4-6a3e87ee2cdc/ENCFF338LOF.bam	https://datasetencode.blob.core.windows.net/dataset/2016/09/09/4e513ad0-da7b-40bc-bee4-6a3e87ee2cdc/ENCFF338LOF.bam?sv=2019-10-10&si=prod&sr=c&sig=9qSQZo4ggrCNpybBExU8SypuUZV33igI11xw0P7rB3c%3D	Lab custom GRCh38	released			
ENCFF059PZS	bam	bam		alignments	GRCh38	ENCSR668MJX	eCLIP	/human-donors/ENCDO000AAC/	EFO:0001187	HepG2	cell line	Homo sapiens										GRSF1-human	RNA				ultraviolet irradiation	strand-specific	2016-04-26	ENCODE		see document	175-300	1	1_1		41					/files/ENCFF948LDL/, /files/ENCFF886HXX/	261135789	Gene Yeo, UCSD	8bc411bc90fd9838633aae7b4a846eac		https://www.encodeproject.org/files/ENCFF059PZS/@@download/ENCFF059PZS.bam				released	s3://encode-public/2016/09/09/933d286e-ce0f-4de8-9b7e-00da0d886f5b/ENCFF059PZS.bam	https://datasetencode.blob.core.windows.net/dataset/2016/09/09/933d286e-ce0f-4de8-9b7e-00da0d886f5b/ENCFF059PZS.bam?sv=2019-10-10&si=prod&sr=c&sig=9qSQZo4ggrCNpybBExU8SypuUZV33igI11xw0P7rB3c%3D	Lab custom GRCh38	released			
ENCFF381UFF	bam	bam		alignments	hg19	ENCSR527DXF	eCLIP	/human-donors/ENCDO000AAC/	EFO:0001187	HepG2	cell line	Homo sapiens										EFTUD2-human	RNA				ultraviolet irradiation	strand-specific	2016-04-26	ENCODE		see document	175-300	2	2_1		40					/files/ENCFF441XUV/, /files/ENCFF727KTZ/	166174623	Gene Yeo, UCSD	d2ef0b571fff00f82748992956831d64		https://www.encodeproject.org/files/ENCFF381UFF/@@download/ENCFF381UFF.bam				released	s3://encode-public/2016/03/17/e4ce8433-d22f-4d48-9b1a-5de90b8fd85a/ENCFF381UFF.bam	https://datasetencode.blob.core.windows.net/dataset/2016/03/17/e4ce8433-d22f-4d48-9b1a-5de90b8fd85a/ENCFF381UFF.bam?sv=2019-10-10&si=prod&sr=c&sig=9qSQZo4ggrCNpybBExU8SypuUZV33igI11xw0P7rB3c%3D	Lab custom hg19	archived			
ENCFF201YNC	bam	bam		alignments	hg19	ENCSR527DXF	eCLIP	/human-donors/ENCDO000AAC/	EFO:0001187	HepG2	cell line	Homo sapiens										EFTUD2-human	RNA				ultraviolet irradiation	strand-specific	2016-04-26	ENCODE		see document	175-300	1	1_1		39					/files/ENCFF490GBA/, /files/ENCFF454UOS/	466592951	Gene Yeo, UCSD	f0c8fab45be7cd14a356c86cdc806eb1		https://www.encodeproject.org/files/ENCFF201YNC/@@download/ENCFF201YNC.bam				released	s3://encode-public/2016/03/17/d0e51edb-99ed-4cce-a69a-2e4308659221/ENCFF201YNC.bam	https://datasetencode.blob.core.windows.net/dataset/2016/03/17/d0e51edb-99ed-4cce-a69a-2e4308659221/ENCFF201YNC.bam?sv=2019-10-10&si=prod&sr=c&sig=9qSQZo4ggrCNpybBExU8SypuUZV33igI11xw0P7rB3c%3D	Lab custom hg19	archived			
ENCFF499JDZ	bam	bam		alignments	GRCh38	ENCSR527DXF	eCLIP	/human-donors/ENCDO000AAC/	EFO:0001187	HepG2	cell line	Homo sapiens										EFTUD2-human	RNA				ultraviolet irradiation	strand-specific	2016-04-26	ENCODE		see document	175-300	1	1_1		39					/files/ENCFF490GBA/, /files/ENCFF454UOS/	454495870	Gene Yeo, UCSD	09fbc46885a40976cc3910b68d1f10cb		https://www.encodeproject.org/files/ENCFF499JDZ/@@download/ENCFF499JDZ.bam				released	s3://encode-public/2016/09/09/acb6a1a0-866a-416d-9f0a-0055337bada8/ENCFF499JDZ.bam	https://datasetencode.blob.core.windows.net/dataset/2016/09/09/acb6a1a0-866a-416d-9f0a-0055337bada8/ENCFF499JDZ.bam?sv=2019-10-10&si=prod&sr=c&sig=9qSQZo4ggrCNpybBExU8SypuUZV33igI11xw0P7rB3c%3D	Lab custom GRCh38	released			
ENCFF061QCD	bam	bam		alignments	GRCh38	ENCSR527DXF	eCLIP	/human-donors/ENCDO000AAC/	EFO:0001187	HepG2	cell line	Homo sapiens										EFTUD2-human	RNA				ultraviolet irradiation	strand-specific	2016-04-26	ENCODE		see document	175-300	2	2_1		40					/files/ENCFF441XUV/, /files/ENCFF727KTZ/	156880206	Gene Yeo, UCSD	98b4059e253bc2f2248b7aec4e90f555		https://www.encodeproject.org/files/ENCFF061QCD/@@download/ENCFF061QCD.bam				released	s3://encode-public/2016/09/09/d332026e-69f0-4400-9c19-dd510e1af2e4/ENCFF061QCD.bam	https://datasetencode.blob.core.windows.net/dataset/2016/09/09/d332026e-69f0-4400-9c19-dd510e1af2e4/ENCFF061QCD.bam?sv=2019-10-10&si=prod&sr=c&sig=9qSQZo4ggrCNpybBExU8SypuUZV33igI11xw0P7rB3c%3D	Lab custom GRCh38	released			
ENCFF773TOS	bam	bam		alignments	hg19	ENCSR834YLD	eCLIP	/human-donors/ENCDO000AAC/	EFO:0001187	HepG2	cell line	Homo sapiens										DROSHA-human	RNA				ultraviolet irradiation	strand-specific	2018-04-24	ENCODE		see document	175-300	1	1_1		44					/files/ENCFF744PVS/, /files/ENCFF673CDP/	606339748	Gene Yeo, UCSD	45bf18e06bec9fd4fd8d7b205624d512		https://www.encodeproject.org/files/ENCFF773TOS/@@download/ENCFF773TOS.bam				released	s3://encode-public/2016/08/04/54333c90-9ac2-480c-a132-ab95b6be5c76/ENCFF773TOS.bam	https://datasetencode.blob.core.windows.net/dataset/2016/08/04/54333c90-9ac2-480c-a132-ab95b6be5c76/ENCFF773TOS.bam?sv=2019-10-10&si=prod&sr=c&sig=9qSQZo4ggrCNpybBExU8SypuUZV33igI11xw0P7rB3c%3D	Lab custom hg19	archived	antibody characterized with exemption		
ENCFF190HNU	bam	bam		alignments	hg19	ENCSR834YLD	eCLIP	/human-donors/ENCDO000AAC/	EFO:0001187	HepG2	cell line	Homo sapiens										DROSHA-human	RNA				ultraviolet irradiation	strand-specific	2018-04-24	ENCODE		see document	175-300	2	2_1		44					/files/ENCFF484RCY/, /files/ENCFF110FOW/	778773827	Gene Yeo, UCSD	f4145357ed7bf68edd87f6217ae361fa		https://www.encodeproject.org/files/ENCFF190HNU/@@download/ENCFF190HNU.bam				released	s3://encode-public/2016/08/04/94702c6d-03eb-43b0-a3dd-c00ef5bb7f23/ENCFF190HNU.bam	https://datasetencode.blob.core.windows.net/dataset/2016/08/04/94702c6d-03eb-43b0-a3dd-c00ef5bb7f23/ENCFF190HNU.bam?sv=2019-10-10&si=prod&sr=c&sig=9qSQZo4ggrCNpybBExU8SypuUZV33igI11xw0P7rB3c%3D	Lab custom hg19	archived	antibody characterized with exemption		
ENCFF413DZP	bam	bam		alignments	GRCh38	ENCSR834YLD	eCLIP	/human-donors/ENCDO000AAC/	EFO:0001187	HepG2	cell line	Homo sapiens										DROSHA-human	RNA				ultraviolet irradiation	strand-specific	2018-04-24	ENCODE		see document	175-300	2	2_1		44					/files/ENCFF484RCY/, /files/ENCFF110FOW/	768922471	Gene Yeo, UCSD	58a7277e54b02a9653aabf923613a059		https://www.encodeproject.org/files/ENCFF413DZP/@@download/ENCFF413DZP.bam				released	s3://encode-public/2016/09/09/09c61df3-9fd1-4d6e-9ac9-2295f38c2cf9/ENCFF413DZP.bam	https://datasetencode.blob.core.windows.net/dataset/2016/09/09/09c61df3-9fd1-4d6e-9ac9-2295f38c2cf9/ENCFF413DZP.bam?sv=2019-10-10&si=prod&sr=c&sig=9qSQZo4ggrCNpybBExU8SypuUZV33igI11xw0P7rB3c%3D	Lab custom GRCh38	released	antibody characterized with exemption		
ENCFF401NJF	bam	bam		alignments	GRCh38	ENCSR834YLD	eCLIP	/human-donors/ENCDO000AAC/	EFO:0001187	HepG2	cell line	Homo sapiens										DROSHA-human	RNA				ultraviolet irradiation	strand-specific	2018-04-24	ENCODE		see document	175-300	1	1_1		44					/files/ENCFF744PVS/, /files/ENCFF673CDP/	595345107	Gene Yeo, UCSD	e11e8eaab268d0b33a88ae94607b0342		https://www.encodeproject.org/files/ENCFF401NJF/@@download/ENCFF401NJF.bam				released	s3://encode-public/2016/09/09/1b5dc762-f54a-4bbc-8ada-822d4ed9a2f3/ENCFF401NJF.bam	https://datasetencode.blob.core.windows.net/dataset/2016/09/09/1b5dc762-f54a-4bbc-8ada-822d4ed9a2f3/ENCFF401NJF.bam?sv=2019-10-10&si=prod&sr=c&sig=9qSQZo4ggrCNpybBExU8SypuUZV33igI11xw0P7rB3c%3D	Lab custom GRCh38	released	antibody characterized with exemption		
ENCFF157TJP	bam	bam		alignments	hg19	ENCSR663NRA	eCLIP	/human-donors/ENCDO000AAD/	EFO:0002067	K562	cell line	Homo sapiens										ZRANB2-human	RNA				ultraviolet irradiation	strand-specific	2016-04-26	ENCODE		see document	175-300	1	1_1		39					/files/ENCFF435TFT/, /files/ENCFF897MPT/	64421114	Gene Yeo, UCSD	3965ccc6aee598d534d0e8c8797c8597		https://www.encodeproject.org/files/ENCFF157TJP/@@download/ENCFF157TJP.bam				released	s3://encode-public/2016/03/17/1e463bbb-3926-4660-9b9f-99ee7c77e9d3/ENCFF157TJP.bam	https://datasetencode.blob.core.windows.net/dataset/2016/03/17/1e463bbb-3926-4660-9b9f-99ee7c77e9d3/ENCFF157TJP.bam?sv=2019-10-10&si=prod&sr=c&sig=9qSQZo4ggrCNpybBExU8SypuUZV33igI11xw0P7rB3c%3D	Lab custom hg19	archived			
ENCFF350ANF	bam	bam		alignments	hg19	ENCSR663NRA	eCLIP	/human-donors/ENCDO000AAD/	EFO:0002067	K562	cell line	Homo sapiens										ZRANB2-human	RNA				ultraviolet irradiation	strand-specific	2016-04-26	ENCODE		see document	175-300	2	2_1		40					/files/ENCFF955OGW/, /files/ENCFF681RRF/	163258174	Gene Yeo, UCSD	8734e5fa5c7b5f9113ead4f66d17b21e		https://www.encodeproject.org/files/ENCFF350ANF/@@download/ENCFF350ANF.bam				released	s3://encode-public/2016/03/17/67d79e38-dca0-41cf-a54e-8d1081e7e2e7/ENCFF350ANF.bam	https://datasetencode.blob.core.windows.net/dataset/2016/03/17/67d79e38-dca0-41cf-a54e-8d1081e7e2e7/ENCFF350ANF.bam?sv=2019-10-10&si=prod&sr=c&sig=9qSQZo4ggrCNpybBExU8SypuUZV33igI11xw0P7rB3c%3D	Lab custom hg19	archived			
ENCFF588XPN	bam	bam		alignments	GRCh38	ENCSR663NRA	eCLIP	/human-donors/ENCDO000AAD/	EFO:0002067	K562	cell line	Homo sapiens										ZRANB2-human	RNA				ultraviolet irradiation	strand-specific	2016-04-26	ENCODE		see document	175-300	2	2_1		40					/files/ENCFF955OGW/, /files/ENCFF681RRF/	156391498	Gene Yeo, UCSD	da6abf1c5c56a795096b072e5c084414		https://www.encodeproject.org/files/ENCFF588XPN/@@download/ENCFF588XPN.bam				released	s3://encode-public/2016/09/09/d228fd8a-36ad-4d39-b737-ea242e2f0f46/ENCFF588XPN.bam	https://datasetencode.blob.core.windows.net/dataset/2016/09/09/d228fd8a-36ad-4d39-b737-ea242e2f0f46/ENCFF588XPN.bam?sv=2019-10-10&si=prod&sr=c&sig=9qSQZo4ggrCNpybBExU8SypuUZV33igI11xw0P7rB3c%3D	Lab custom GRCh38	released			
ENCFF348UPB	bam	bam		alignments	GRCh38	ENCSR663NRA	eCLIP	/human-donors/ENCDO000AAD/	EFO:0002067	K562	cell line	Homo sapiens										ZRANB2-human	RNA				ultraviolet irradiation	strand-specific	2016-04-26	ENCODE		see document	175-300	1	1_1		39					/files/ENCFF435TFT/, /files/ENCFF897MPT/	63194139	Gene Yeo, UCSD	268b35755dd29a203c1553c7271b497f		https://www.encodeproject.org/files/ENCFF348UPB/@@download/ENCFF348UPB.bam				released	s3://encode-public/2016/09/09/c1e0ea8f-43fe-4820-b639-ee05def78f7a/ENCFF348UPB.bam	https://datasetencode.blob.core.windows.net/dataset/2016/09/09/c1e0ea8f-43fe-4820-b639-ee05def78f7a/ENCFF348UPB.bam?sv=2019-10-10&si=prod&sr=c&sig=9qSQZo4ggrCNpybBExU8SypuUZV33igI11xw0P7rB3c%3D	Lab custom GRCh38	released			
ENCFF984UNN	bam	bam		alignments	hg19	ENCSR648LAH	eCLIP	/human-donors/ENCDO000AAC/	EFO:0001187	HepG2	cell line	Homo sapiens										DDX3X-human	RNA				ultraviolet irradiation	strand-specific	2016-04-26	ENCODE		see document	175-300	1	1_1		40					/files/ENCFF484KWX/, /files/ENCFF244ADV/	279401472	Gene Yeo, UCSD	b2970badaf824081395fe7b3716f1806		https://www.encodeproject.org/files/ENCFF984UNN/@@download/ENCFF984UNN.bam				released	s3://encode-public/2016/03/24/55f1276f-ccfb-4a59-acde-168667beee85/ENCFF984UNN.bam	https://datasetencode.blob.core.windows.net/dataset/2016/03/24/55f1276f-ccfb-4a59-acde-168667beee85/ENCFF984UNN.bam?sv=2019-10-10&si=prod&sr=c&sig=9qSQZo4ggrCNpybBExU8SypuUZV33igI11xw0P7rB3c%3D	Lab custom hg19	archived			
ENCFF889OOU	bam	bam		alignments	hg19	ENCSR648LAH	eCLIP	/human-donors/ENCDO000AAC/	EFO:0001187	HepG2	cell line	Homo sapiens										DDX3X-human	RNA				ultraviolet irradiation	strand-specific	2016-04-26	ENCODE		see document	175-300	2	2_1		40					/files/ENCFF524KUN/, /files/ENCFF059FHR/	142684552	Gene Yeo, UCSD	a55d91f0820aab304ddbd313f5e806b3		https://www.encodeproject.org/files/ENCFF889OOU/@@download/ENCFF889OOU.bam				released	s3://encode-public/2016/03/24/bd362ebf-f341-4e1b-88c7-e82c42780292/ENCFF889OOU.bam	https://datasetencode.blob.core.windows.net/dataset/2016/03/24/bd362ebf-f341-4e1b-88c7-e82c42780292/ENCFF889OOU.bam?sv=2019-10-10&si=prod&sr=c&sig=9qSQZo4ggrCNpybBExU8SypuUZV33igI11xw0P7rB3c%3D	Lab custom hg19	archived			
ENCFF402KOO	bam	bam		alignments	GRCh38	ENCSR648LAH	eCLIP	/human-donors/ENCDO000AAC/	EFO:0001187	HepG2	cell line	Homo sapiens										DDX3X-human	RNA				ultraviolet irradiation	strand-specific	2016-04-26	ENCODE		see document	175-300	1	1_1		40					/files/ENCFF484KWX/, /files/ENCFF244ADV/	270657752	Gene Yeo, UCSD	7f57b73924a7827bf6204ab57ef6758b		https://www.encodeproject.org/files/ENCFF402KOO/@@download/ENCFF402KOO.bam				released	s3://encode-public/2016/09/09/257ae326-897d-429c-aadc-805987b513e9/ENCFF402KOO.bam	https://datasetencode.blob.core.windows.net/dataset/2016/09/09/257ae326-897d-429c-aadc-805987b513e9/ENCFF402KOO.bam?sv=2019-10-10&si=prod&sr=c&sig=9qSQZo4ggrCNpybBExU8SypuUZV33igI11xw0P7rB3c%3D	Lab custom GRCh38	released			
ENCFF957SIF	bam	bam		alignments	GRCh38	ENCSR648LAH	eCLIP	/human-donors/ENCDO000AAC/	EFO:0001187	HepG2	cell line	Homo sapiens										DDX3X-human	RNA				ultraviolet irradiation	strand-specific	2016-04-26	ENCODE		see document	175-300	2	2_1		40					/files/ENCFF524KUN/, /files/ENCFF059FHR/	134724428	Gene Yeo, UCSD	a91847d6d17ffccf39b509906a828227		https://www.encodeproject.org/files/ENCFF957SIF/@@download/ENCFF957SIF.bam				released	s3://encode-public/2016/09/09/8a47ae93-eb18-45a9-9ec0-18cce53dacbb/ENCFF957SIF.bam	https://datasetencode.blob.core.windows.net/dataset/2016/09/09/8a47ae93-eb18-45a9-9ec0-18cce53dacbb/ENCFF957SIF.bam?sv=2019-10-10&si=prod&sr=c&sig=9qSQZo4ggrCNpybBExU8SypuUZV33igI11xw0P7rB3c%3D	Lab custom GRCh38	released			
ENCFF910QNU	bam	bam		alignments	hg19	ENCSR506OTC	eCLIP	/human-donors/ENCDO000AAD/	EFO:0002067	K562	cell line	Homo sapiens										TBRG4-human	RNA				ultraviolet irradiation	strand-specific	2016-04-26	ENCODE		see document	175-300	1	1_1		40					/files/ENCFF399OEH/, /files/ENCFF582GSU/	153311431	Gene Yeo, UCSD	c09dfca0c5af032e6c983754cae46f64		https://www.encodeproject.org/files/ENCFF910QNU/@@download/ENCFF910QNU.bam				released	s3://encode-public/2016/03/17/c90659cf-d0b6-40f8-ae8b-0d37225cfcc9/ENCFF910QNU.bam	https://datasetencode.blob.core.windows.net/dataset/2016/03/17/c90659cf-d0b6-40f8-ae8b-0d37225cfcc9/ENCFF910QNU.bam?sv=2019-10-10&si=prod&sr=c&sig=9qSQZo4ggrCNpybBExU8SypuUZV33igI11xw0P7rB3c%3D	Lab custom hg19	archived			
ENCFF307XYP	bam	bam		alignments	hg19	ENCSR506OTC	eCLIP	/human-donors/ENCDO000AAD/	EFO:0002067	K562	cell line	Homo sapiens										TBRG4-human	RNA				ultraviolet irradiation	strand-specific	2016-04-26	ENCODE		see document	175-300	2	2_1		40					/files/ENCFF894RPF/, /files/ENCFF345TKW/	250625794	Gene Yeo, UCSD	3447d7b4fac2ab521eca281a61e91e91		https://www.encodeproject.org/files/ENCFF307XYP/@@download/ENCFF307XYP.bam				released	s3://encode-public/2016/03/17/6b58b92b-bd34-48f5-9e17-2596f85212d5/ENCFF307XYP.bam	https://datasetencode.blob.core.windows.net/dataset/2016/03/17/6b58b92b-bd34-48f5-9e17-2596f85212d5/ENCFF307XYP.bam?sv=2019-10-10&si=prod&sr=c&sig=9qSQZo4ggrCNpybBExU8SypuUZV33igI11xw0P7rB3c%3D	Lab custom hg19	archived			
ENCFF273ZJR	bam	bam		alignments	GRCh38	ENCSR506OTC	eCLIP	/human-donors/ENCDO000AAD/	EFO:0002067	K562	cell line	Homo sapiens										TBRG4-human	RNA				ultraviolet irradiation	strand-specific	2016-04-26	ENCODE		see document	175-300	2	2_1		40					/files/ENCFF894RPF/, /files/ENCFF345TKW/	237853159	Gene Yeo, UCSD	410e7b38645baf0e909f5de75bb55696		https://www.encodeproject.org/files/ENCFF273ZJR/@@download/ENCFF273ZJR.bam				released	s3://encode-public/2016/09/09/215f23a5-001d-400e-9bea-f84c54e239eb/ENCFF273ZJR.bam	https://datasetencode.blob.core.windows.net/dataset/2016/09/09/215f23a5-001d-400e-9bea-f84c54e239eb/ENCFF273ZJR.bam?sv=2019-10-10&si=prod&sr=c&sig=9qSQZo4ggrCNpybBExU8SypuUZV33igI11xw0P7rB3c%3D	Lab custom GRCh38	released			
ENCFF259AFA	bam	bam		alignments	GRCh38	ENCSR506OTC	eCLIP	/human-donors/ENCDO000AAD/	EFO:0002067	K562	cell line	Homo sapiens										TBRG4-human	RNA				ultraviolet irradiation	strand-specific	2016-04-26	ENCODE		see document	175-300	1	1_1		40					/files/ENCFF399OEH/, /files/ENCFF582GSU/	148149312	Gene Yeo, UCSD	884da57d2134a39dc0f31e1b4d3a1a65		https://www.encodeproject.org/files/ENCFF259AFA/@@download/ENCFF259AFA.bam				released	s3://encode-public/2016/09/09/95e1ded0-3701-41c0-af97-c07ae632886c/ENCFF259AFA.bam	https://datasetencode.blob.core.windows.net/dataset/2016/09/09/95e1ded0-3701-41c0-af97-c07ae632886c/ENCFF259AFA.bam?sv=2019-10-10&si=prod&sr=c&sig=9qSQZo4ggrCNpybBExU8SypuUZV33igI11xw0P7rB3c%3D	Lab custom GRCh38	released			
ENCFF955MLC	bam	bam		alignments	hg19	ENCSR331MIC	eCLIP	/human-donors/ENCDO000AAC/	EFO:0001187	HepG2	cell line	Homo sapiens										SF3A3-human	RNA				ultraviolet irradiation	strand-specific	2015-11-09	ENCODE		see document	175-300	2	2_1		35					/files/ENCFF318QPN/, /files/ENCFF912UMI/	150322650	Gene Yeo, UCSD	ea4d736f1831450a363e811ee8c7752b		https://www.encodeproject.org/files/ENCFF955MLC/@@download/ENCFF955MLC.bam				released	s3://encode-public/2016/03/24/39f02164-5bfc-4c4d-8920-1dd0725459f5/ENCFF955MLC.bam	https://datasetencode.blob.core.windows.net/dataset/2016/03/24/39f02164-5bfc-4c4d-8920-1dd0725459f5/ENCFF955MLC.bam?sv=2019-10-10&si=prod&sr=c&sig=9qSQZo4ggrCNpybBExU8SypuUZV33igI11xw0P7rB3c%3D	Lab custom hg19	archived			
ENCFF231UPL	bam	bam		alignments	hg19	ENCSR331MIC	eCLIP	/human-donors/ENCDO000AAC/	EFO:0001187	HepG2	cell line	Homo sapiens										SF3A3-human	RNA				ultraviolet irradiation	strand-specific	2015-11-09	ENCODE		see document	175-300	1	1_1		35					/files/ENCFF507QFP/, /files/ENCFF358LEO/	189226980	Gene Yeo, UCSD	3b9ad0859ed4183a432782b52762c4cf		https://www.encodeproject.org/files/ENCFF231UPL/@@download/ENCFF231UPL.bam				released	s3://encode-public/2016/03/24/838a6544-bd6d-430b-b046-b4c52075351d/ENCFF231UPL.bam	https://datasetencode.blob.core.windows.net/dataset/2016/03/24/838a6544-bd6d-430b-b046-b4c52075351d/ENCFF231UPL.bam?sv=2019-10-10&si=prod&sr=c&sig=9qSQZo4ggrCNpybBExU8SypuUZV33igI11xw0P7rB3c%3D	Lab custom hg19	archived			
ENCFF807GZY	bam	bam		alignments	GRCh38	ENCSR331MIC	eCLIP	/human-donors/ENCDO000AAC/	EFO:0001187	HepG2	cell line	Homo sapiens										SF3A3-human	RNA				ultraviolet irradiation	strand-specific	2015-11-09	ENCODE		see document	175-300	2	2_1		35					/files/ENCFF318QPN/, /files/ENCFF912UMI/	143463859	Gene Yeo, UCSD	d0663933d531ed6123dcc1e9cde44fd1		https://www.encodeproject.org/files/ENCFF807GZY/@@download/ENCFF807GZY.bam				released	s3://encode-public/2016/09/09/63a01b8d-0096-42ae-9919-90a451cd9b9b/ENCFF807GZY.bam	https://datasetencode.blob.core.windows.net/dataset/2016/09/09/63a01b8d-0096-42ae-9919-90a451cd9b9b/ENCFF807GZY.bam?sv=2019-10-10&si=prod&sr=c&sig=9qSQZo4ggrCNpybBExU8SypuUZV33igI11xw0P7rB3c%3D	Lab custom GRCh38	released			
ENCFF410PJY	bam	bam		alignments	GRCh38	ENCSR331MIC	eCLIP	/human-donors/ENCDO000AAC/	EFO:0001187	HepG2	cell line	Homo sapiens										SF3A3-human	RNA				ultraviolet irradiation	strand-specific	2015-11-09	ENCODE		see document	175-300	1	1_1		35					/files/ENCFF507QFP/, /files/ENCFF358LEO/	182845552	Gene Yeo, UCSD	1ec03b21e6bea4fdb6ee0e2373ba3ed7		https://www.encodeproject.org/files/ENCFF410PJY/@@download/ENCFF410PJY.bam				released	s3://encode-public/2016/09/09/59957e0e-3bdf-4b4c-8dfa-15f2f5456925/ENCFF410PJY.bam	https://datasetencode.blob.core.windows.net/dataset/2016/09/09/59957e0e-3bdf-4b4c-8dfa-15f2f5456925/ENCFF410PJY.bam?sv=2019-10-10&si=prod&sr=c&sig=9qSQZo4ggrCNpybBExU8SypuUZV33igI11xw0P7rB3c%3D	Lab custom GRCh38	released			
ENCFF429MXX	bam	bam		alignments	hg19	ENCSR580MFX	eCLIP	/human-donors/ENCDO000AAC/	EFO:0001187	HepG2	cell line	Homo sapiens										SUPV3L1-human	RNA				ultraviolet irradiation	strand-specific	2016-08-19	ENCODE		see document	175-300	1	1_1		41					/files/ENCFF956CPQ/, /files/ENCFF728OEM/	226053699	Gene Yeo, UCSD	43bc5ec79407f044bb8566d66ec00aa4		https://www.encodeproject.org/files/ENCFF429MXX/@@download/ENCFF429MXX.bam				released	s3://encode-public/2016/08/04/eac37e6f-cf07-4d06-bd1b-b7b38a10a652/ENCFF429MXX.bam	https://datasetencode.blob.core.windows.net/dataset/2016/08/04/eac37e6f-cf07-4d06-bd1b-b7b38a10a652/ENCFF429MXX.bam?sv=2019-10-10&si=prod&sr=c&sig=9qSQZo4ggrCNpybBExU8SypuUZV33igI11xw0P7rB3c%3D	Lab custom hg19	archived			
ENCFF816LYN	bam	bam		alignments	hg19	ENCSR580MFX	eCLIP	/human-donors/ENCDO000AAC/	EFO:0001187	HepG2	cell line	Homo sapiens										SUPV3L1-human	RNA				ultraviolet irradiation	strand-specific	2016-08-19	ENCODE		see document	175-300	2	2_1		41					/files/ENCFF300RXV/, /files/ENCFF349HRX/	137823359	Gene Yeo, UCSD	a08e92afb6443214a8c3b70bbe3557cd		https://www.encodeproject.org/files/ENCFF816LYN/@@download/ENCFF816LYN.bam				released	s3://encode-public/2016/08/04/8bcd915b-627b-4010-9d13-1773b4a883ca/ENCFF816LYN.bam	https://datasetencode.blob.core.windows.net/dataset/2016/08/04/8bcd915b-627b-4010-9d13-1773b4a883ca/ENCFF816LYN.bam?sv=2019-10-10&si=prod&sr=c&sig=9qSQZo4ggrCNpybBExU8SypuUZV33igI11xw0P7rB3c%3D	Lab custom hg19	archived			
ENCFF853HTH	bam	bam		alignments	GRCh38	ENCSR580MFX	eCLIP	/human-donors/ENCDO000AAC/	EFO:0001187	HepG2	cell line	Homo sapiens										SUPV3L1-human	RNA				ultraviolet irradiation	strand-specific	2016-08-19	ENCODE		see document	175-300	1	1_1		41					/files/ENCFF956CPQ/, /files/ENCFF728OEM/	218897889	Gene Yeo, UCSD	2769795ebbcd04cd5ad3d9b22e398a43		https://www.encodeproject.org/files/ENCFF853HTH/@@download/ENCFF853HTH.bam				released	s3://encode-public/2016/09/09/4ae03730-bd1a-4854-9cd2-e5bb5a225526/ENCFF853HTH.bam	https://datasetencode.blob.core.windows.net/dataset/2016/09/09/4ae03730-bd1a-4854-9cd2-e5bb5a225526/ENCFF853HTH.bam?sv=2019-10-10&si=prod&sr=c&sig=9qSQZo4ggrCNpybBExU8SypuUZV33igI11xw0P7rB3c%3D	Lab custom GRCh38	released			
ENCFF941QMM	bam	bam		alignments	GRCh38	ENCSR580MFX	eCLIP	/human-donors/ENCDO000AAC/	EFO:0001187	HepG2	cell line	Homo sapiens										SUPV3L1-human	RNA				ultraviolet irradiation	strand-specific	2016-08-19	ENCODE		see document	175-300	2	2_1		41					/files/ENCFF300RXV/, /files/ENCFF349HRX/	130407818	Gene Yeo, UCSD	b2cd5ab7e9148aaa2d77144d28ebd989		https://www.encodeproject.org/files/ENCFF941QMM/@@download/ENCFF941QMM.bam				released	s3://encode-public/2016/09/09/d501d635-88fc-4489-ac20-d3ec2ecfa662/ENCFF941QMM.bam	https://datasetencode.blob.core.windows.net/dataset/2016/09/09/d501d635-88fc-4489-ac20-d3ec2ecfa662/ENCFF941QMM.bam?sv=2019-10-10&si=prod&sr=c&sig=9qSQZo4ggrCNpybBExU8SypuUZV33igI11xw0P7rB3c%3D	Lab custom GRCh38	released			
ENCFF881JZG	bam	bam		alignments	hg19	ENCSR520BZQ	eCLIP	/human-donors/ENCDO000AAD/	EFO:0002067	K562	cell line	Homo sapiens										HNRNPU-human	RNA				ultraviolet irradiation	strand-specific	2015-07-15	ENCODE		see document	175-300	1	1_1		48					/files/ENCFF089LNF/, /files/ENCFF253HOY/	1086654903	Gene Yeo, UCSD	db8a25f76c76398f74721f8f693b6717		https://www.encodeproject.org/files/ENCFF881JZG/@@download/ENCFF881JZG.bam				released	s3://encode-public/2016/03/23/6f132f8f-93da-4229-9cb8-93844e7f0a15/ENCFF881JZG.bam	https://datasetencode.blob.core.windows.net/dataset/2016/03/23/6f132f8f-93da-4229-9cb8-93844e7f0a15/ENCFF881JZG.bam?sv=2019-10-10&si=prod&sr=c&sig=9qSQZo4ggrCNpybBExU8SypuUZV33igI11xw0P7rB3c%3D	Lab custom hg19	archived			
ENCFF439LWC	bam	bam		alignments	hg19	ENCSR520BZQ	eCLIP	/human-donors/ENCDO000AAD/	EFO:0002067	K562	cell line	Homo sapiens										HNRNPU-human	RNA				ultraviolet irradiation	strand-specific	2015-07-15	ENCODE		see document	175-300	2	2_1		48					/files/ENCFF384LLO/, /files/ENCFF145OZZ/	1661211309	Gene Yeo, UCSD	0060b7269f53aeed25624b92dca20682		https://www.encodeproject.org/files/ENCFF439LWC/@@download/ENCFF439LWC.bam				released	s3://encode-public/2016/03/23/47de9019-d4a4-4a7b-81d6-beed77a8c334/ENCFF439LWC.bam	https://datasetencode.blob.core.windows.net/dataset/2016/03/23/47de9019-d4a4-4a7b-81d6-beed77a8c334/ENCFF439LWC.bam?sv=2019-10-10&si=prod&sr=c&sig=9qSQZo4ggrCNpybBExU8SypuUZV33igI11xw0P7rB3c%3D	Lab custom hg19	archived			
ENCFF197OBL	bam	bam		alignments	GRCh38	ENCSR520BZQ	eCLIP	/human-donors/ENCDO000AAD/	EFO:0002067	K562	cell line	Homo sapiens										HNRNPU-human	RNA				ultraviolet irradiation	strand-specific	2015-07-15	ENCODE		see document	175-300	2	2_1		48					/files/ENCFF384LLO/, /files/ENCFF145OZZ/	1653906440	Gene Yeo, UCSD	a52fd6c5b6e44dbc38122223307072d0		https://www.encodeproject.org/files/ENCFF197OBL/@@download/ENCFF197OBL.bam				released	s3://encode-public/2016/09/09/a1e3f3ec-2878-4552-9469-12a731426cca/ENCFF197OBL.bam	https://datasetencode.blob.core.windows.net/dataset/2016/09/09/a1e3f3ec-2878-4552-9469-12a731426cca/ENCFF197OBL.bam?sv=2019-10-10&si=prod&sr=c&sig=9qSQZo4ggrCNpybBExU8SypuUZV33igI11xw0P7rB3c%3D	Lab custom GRCh38	released			
ENCFF025YVA	bam	bam		alignments	GRCh38	ENCSR520BZQ	eCLIP	/human-donors/ENCDO000AAD/	EFO:0002067	K562	cell line	Homo sapiens										HNRNPU-human	RNA				ultraviolet irradiation	strand-specific	2015-07-15	ENCODE		see document	175-300	1	1_1		48					/files/ENCFF089LNF/, /files/ENCFF253HOY/	1083070558	Gene Yeo, UCSD	af4dd185c25bb1acccd99968c6c20379		https://www.encodeproject.org/files/ENCFF025YVA/@@download/ENCFF025YVA.bam				released	s3://encode-public/2016/09/09/6169b4a8-fe20-4bd8-b1a8-461c4afc1904/ENCFF025YVA.bam	https://datasetencode.blob.core.windows.net/dataset/2016/09/09/6169b4a8-fe20-4bd8-b1a8-461c4afc1904/ENCFF025YVA.bam?sv=2019-10-10&si=prod&sr=c&sig=9qSQZo4ggrCNpybBExU8SypuUZV33igI11xw0P7rB3c%3D	Lab custom GRCh38	released			
ENCFF169EUQ	bam	bam		alignments	hg19	ENCSR200DKE	eCLIP	/human-donors/ENCDO000AAD/	EFO:0002067	K562	cell line	Homo sapiens										MTPAP-human	RNA				ultraviolet irradiation	strand-specific	2016-04-26	ENCODE		see document	175-300	1	1_1		38					/files/ENCFF962AUM/, /files/ENCFF169NFE/	562719756	Gene Yeo, UCSD	8ea1f4ea58c39519b15c5c5a9ece48eb		https://www.encodeproject.org/files/ENCFF169EUQ/@@download/ENCFF169EUQ.bam				released	s3://encode-public/2016/03/11/1ae1e627-1290-4a04-974d-5e201c5717b7/ENCFF169EUQ.bam	https://datasetencode.blob.core.windows.net/dataset/2016/03/11/1ae1e627-1290-4a04-974d-5e201c5717b7/ENCFF169EUQ.bam?sv=2019-10-10&si=prod&sr=c&sig=9qSQZo4ggrCNpybBExU8SypuUZV33igI11xw0P7rB3c%3D	Lab custom hg19	archived	mixed read lengths		
ENCFF998TQA	bam	bam		alignments	hg19	ENCSR200DKE	eCLIP	/human-donors/ENCDO000AAD/	EFO:0002067	K562	cell line	Homo sapiens										MTPAP-human	RNA				ultraviolet irradiation	strand-specific	2016-04-26	ENCODE		see document	175-300	2	2_1		38					/files/ENCFF569EHE/, /files/ENCFF386BEJ/	445380132	Gene Yeo, UCSD	df0a7e0c6ee614029939dd57a101b9d6		https://www.encodeproject.org/files/ENCFF998TQA/@@download/ENCFF998TQA.bam				released	s3://encode-public/2016/03/11/acf0944a-a50c-4f7f-ad75-691322613088/ENCFF998TQA.bam	https://datasetencode.blob.core.windows.net/dataset/2016/03/11/acf0944a-a50c-4f7f-ad75-691322613088/ENCFF998TQA.bam?sv=2019-10-10&si=prod&sr=c&sig=9qSQZo4ggrCNpybBExU8SypuUZV33igI11xw0P7rB3c%3D	Lab custom hg19	archived	mixed read lengths		
ENCFF096BLA	bam	bam		alignments	GRCh38	ENCSR200DKE	eCLIP	/human-donors/ENCDO000AAD/	EFO:0002067	K562	cell line	Homo sapiens										MTPAP-human	RNA				ultraviolet irradiation	strand-specific	2016-04-26	ENCODE		see document	175-300	2	2_1		38					/files/ENCFF569EHE/, /files/ENCFF386BEJ/	431247756	Gene Yeo, UCSD	396f204d40e0aecb750c16a703b93578		https://www.encodeproject.org/files/ENCFF096BLA/@@download/ENCFF096BLA.bam				released	s3://encode-public/2016/09/09/568f4001-26be-4050-965b-2308eaaaefc2/ENCFF096BLA.bam	https://datasetencode.blob.core.windows.net/dataset/2016/09/09/568f4001-26be-4050-965b-2308eaaaefc2/ENCFF096BLA.bam?sv=2019-10-10&si=prod&sr=c&sig=9qSQZo4ggrCNpybBExU8SypuUZV33igI11xw0P7rB3c%3D	Lab custom GRCh38	released	mixed read lengths		
ENCFF732HBQ	bam	bam		alignments	GRCh38	ENCSR200DKE	eCLIP	/human-donors/ENCDO000AAD/	EFO:0002067	K562	cell line	Homo sapiens										MTPAP-human	RNA				ultraviolet irradiation	strand-specific	2016-04-26	ENCODE		see document	175-300	1	1_1		38					/files/ENCFF962AUM/, /files/ENCFF169NFE/	544910565	Gene Yeo, UCSD	b799e89ab941cd8fa0ae1a55cbbf45f1		https://www.encodeproject.org/files/ENCFF732HBQ/@@download/ENCFF732HBQ.bam				released	s3://encode-public/2016/09/09/8fca654e-3219-4df1-b298-7e8cfbae8dad/ENCFF732HBQ.bam	https://datasetencode.blob.core.windows.net/dataset/2016/09/09/8fca654e-3219-4df1-b298-7e8cfbae8dad/ENCFF732HBQ.bam?sv=2019-10-10&si=prod&sr=c&sig=9qSQZo4ggrCNpybBExU8SypuUZV33igI11xw0P7rB3c%3D	Lab custom GRCh38	released	mixed read lengths		
ENCFF828HVQ	bam	bam		alignments	hg19	ENCSR295OKT	eCLIP	/human-donors/ENCDO000AAD/	EFO:0002067	K562	cell line	Homo sapiens										RBM22-human	RNA				ultraviolet irradiation	strand-specific	2015-11-09	ENCODE		see document	175-300	1	1_1		43					/files/ENCFF981SGX/, /files/ENCFF999SQE/	123556128	Gene Yeo, UCSD	5bc0af922900e691a905a0c2bcac9567		https://www.encodeproject.org/files/ENCFF828HVQ/@@download/ENCFF828HVQ.bam				released	s3://encode-public/2016/03/24/9bdc1ad6-6223-4fa3-a239-6740cb7ad0ed/ENCFF828HVQ.bam	https://datasetencode.blob.core.windows.net/dataset/2016/03/24/9bdc1ad6-6223-4fa3-a239-6740cb7ad0ed/ENCFF828HVQ.bam?sv=2019-10-10&si=prod&sr=c&sig=9qSQZo4ggrCNpybBExU8SypuUZV33igI11xw0P7rB3c%3D	Lab custom hg19	archived			
ENCFF367YKB	bam	bam		alignments	hg19	ENCSR295OKT	eCLIP	/human-donors/ENCDO000AAD/	EFO:0002067	K562	cell line	Homo sapiens										RBM22-human	RNA				ultraviolet irradiation	strand-specific	2015-11-09	ENCODE		see document	175-300	2	2_1		43					/files/ENCFF163RYF/, /files/ENCFF080OLT/	128167286	Gene Yeo, UCSD	4e4cec585e1d36221c8896b6e013a327		https://www.encodeproject.org/files/ENCFF367YKB/@@download/ENCFF367YKB.bam				released	s3://encode-public/2016/03/24/c1cbd799-8183-4906-bd04-ca6a16710617/ENCFF367YKB.bam	https://datasetencode.blob.core.windows.net/dataset/2016/03/24/c1cbd799-8183-4906-bd04-ca6a16710617/ENCFF367YKB.bam?sv=2019-10-10&si=prod&sr=c&sig=9qSQZo4ggrCNpybBExU8SypuUZV33igI11xw0P7rB3c%3D	Lab custom hg19	archived			
ENCFF045LAO	bam	bam		alignments	GRCh38	ENCSR295OKT	eCLIP	/human-donors/ENCDO000AAD/	EFO:0002067	K562	cell line	Homo sapiens										RBM22-human	RNA				ultraviolet irradiation	strand-specific	2015-11-09	ENCODE		see document	175-300	1	1_1		43					/files/ENCFF981SGX/, /files/ENCFF999SQE/	122169261	Gene Yeo, UCSD	d621c5cde111191cc022a585805dbe80		https://www.encodeproject.org/files/ENCFF045LAO/@@download/ENCFF045LAO.bam				released	s3://encode-public/2016/09/09/175a9cdd-ebd1-4ea7-a083-cd75e57f7c60/ENCFF045LAO.bam	https://datasetencode.blob.core.windows.net/dataset/2016/09/09/175a9cdd-ebd1-4ea7-a083-cd75e57f7c60/ENCFF045LAO.bam?sv=2019-10-10&si=prod&sr=c&sig=9qSQZo4ggrCNpybBExU8SypuUZV33igI11xw0P7rB3c%3D	Lab custom GRCh38	released			
ENCFF391IBH	bam	bam		alignments	GRCh38	ENCSR295OKT	eCLIP	/human-donors/ENCDO000AAD/	EFO:0002067	K562	cell line	Homo sapiens										RBM22-human	RNA				ultraviolet irradiation	strand-specific	2015-11-09	ENCODE		see document	175-300	2	2_1		43					/files/ENCFF163RYF/, /files/ENCFF080OLT/	126764693	Gene Yeo, UCSD	c406dc6475a47d4a7deb16afb8bc002f		https://www.encodeproject.org/files/ENCFF391IBH/@@download/ENCFF391IBH.bam				released	s3://encode-public/2016/09/09/4c0756b1-6764-4036-b898-9deb9a423847/ENCFF391IBH.bam	https://datasetencode.blob.core.windows.net/dataset/2016/09/09/4c0756b1-6764-4036-b898-9deb9a423847/ENCFF391IBH.bam?sv=2019-10-10&si=prod&sr=c&sig=9qSQZo4ggrCNpybBExU8SypuUZV33igI11xw0P7rB3c%3D	Lab custom GRCh38	released			
ENCFF216ACB	bam	bam		alignments	hg19	ENCSR657TZZ	eCLIP	/human-donors/ENCDO000AAD/	EFO:0002067	K562	cell line	Homo sapiens										ZNF622-human	RNA				ultraviolet irradiation	strand-specific	2016-04-26	ENCODE		see document	175-300	2	2_1		40					/files/ENCFF529AAI/, /files/ENCFF005MIK/	506742791	Gene Yeo, UCSD	883111f47709160a944d60114c7b19ad		https://www.encodeproject.org/files/ENCFF216ACB/@@download/ENCFF216ACB.bam				released	s3://encode-public/2016/03/17/780d314f-9018-4163-b9dd-fe96ca031db2/ENCFF216ACB.bam	https://datasetencode.blob.core.windows.net/dataset/2016/03/17/780d314f-9018-4163-b9dd-fe96ca031db2/ENCFF216ACB.bam?sv=2019-10-10&si=prod&sr=c&sig=9qSQZo4ggrCNpybBExU8SypuUZV33igI11xw0P7rB3c%3D	Lab custom hg19	archived			
ENCFF388PIX	bam	bam		alignments	hg19	ENCSR657TZZ	eCLIP	/human-donors/ENCDO000AAD/	EFO:0002067	K562	cell line	Homo sapiens										ZNF622-human	RNA				ultraviolet irradiation	strand-specific	2016-04-26	ENCODE		see document	175-300	1	1_1		40					/files/ENCFF890BOX/, /files/ENCFF241RKD/	519088585	Gene Yeo, UCSD	01a135dfa899a8b06113ce6e2ea14eca		https://www.encodeproject.org/files/ENCFF388PIX/@@download/ENCFF388PIX.bam				released	s3://encode-public/2016/03/17/207ff74d-ff60-4ba7-b4b3-8c507e4414c2/ENCFF388PIX.bam	https://datasetencode.blob.core.windows.net/dataset/2016/03/17/207ff74d-ff60-4ba7-b4b3-8c507e4414c2/ENCFF388PIX.bam?sv=2019-10-10&si=prod&sr=c&sig=9qSQZo4ggrCNpybBExU8SypuUZV33igI11xw0P7rB3c%3D	Lab custom hg19	archived			
ENCFF934JXI	bam	bam		alignments	GRCh38	ENCSR657TZZ	eCLIP	/human-donors/ENCDO000AAD/	EFO:0002067	K562	cell line	Homo sapiens										ZNF622-human	RNA				ultraviolet irradiation	strand-specific	2016-04-26	ENCODE		see document	175-300	2	2_1		40					/files/ENCFF529AAI/, /files/ENCFF005MIK/	480949729	Gene Yeo, UCSD	14f014e01cebdf2dbe9a6af6a3b4f5bb		https://www.encodeproject.org/files/ENCFF934JXI/@@download/ENCFF934JXI.bam				released	s3://encode-public/2016/09/09/83caea11-e608-47b4-9d85-88464873ebc0/ENCFF934JXI.bam	https://datasetencode.blob.core.windows.net/dataset/2016/09/09/83caea11-e608-47b4-9d85-88464873ebc0/ENCFF934JXI.bam?sv=2019-10-10&si=prod&sr=c&sig=9qSQZo4ggrCNpybBExU8SypuUZV33igI11xw0P7rB3c%3D	Lab custom GRCh38	released			
ENCFF259ZHT	bam	bam		alignments	GRCh38	ENCSR657TZZ	eCLIP	/human-donors/ENCDO000AAD/	EFO:0002067	K562	cell line	Homo sapiens										ZNF622-human	RNA				ultraviolet irradiation	strand-specific	2016-04-26	ENCODE		see document	175-300	1	1_1		40					/files/ENCFF890BOX/, /files/ENCFF241RKD/	502032555	Gene Yeo, UCSD	ae557f73a269c41bf2e1ac5d638a9f49		https://www.encodeproject.org/files/ENCFF259ZHT/@@download/ENCFF259ZHT.bam				released	s3://encode-public/2016/09/09/f48fd60c-5c9d-4755-84d3-b6a4c91ab7a3/ENCFF259ZHT.bam	https://datasetencode.blob.core.windows.net/dataset/2016/09/09/f48fd60c-5c9d-4755-84d3-b6a4c91ab7a3/ENCFF259ZHT.bam?sv=2019-10-10&si=prod&sr=c&sig=9qSQZo4ggrCNpybBExU8SypuUZV33igI11xw0P7rB3c%3D	Lab custom GRCh38	released			
ENCFF036HIA	bam	bam		alignments	hg19	ENCSR543TPH	eCLIP	/human-donors/ENCDO000AAC/	EFO:0001187	HepG2	cell line	Homo sapiens										AGGF1-human	RNA				ultraviolet irradiation	strand-specific	2016-04-26	ENCODE		see document	175-300	1	1_1		35					/files/ENCFF208VFO/, /files/ENCFF164QUS/	728764263	Gene Yeo, UCSD	048cc85f45290d78eeafb35fef890586		https://www.encodeproject.org/files/ENCFF036HIA/@@download/ENCFF036HIA.bam				released	s3://encode-public/2016/03/11/9f3f5f58-1429-4029-a639-31eb387f92b2/ENCFF036HIA.bam	https://datasetencode.blob.core.windows.net/dataset/2016/03/11/9f3f5f58-1429-4029-a639-31eb387f92b2/ENCFF036HIA.bam?sv=2019-10-10&si=prod&sr=c&sig=9qSQZo4ggrCNpybBExU8SypuUZV33igI11xw0P7rB3c%3D	Lab custom hg19	archived			
ENCFF948TWD	bam	bam		alignments	hg19	ENCSR543TPH	eCLIP	/human-donors/ENCDO000AAC/	EFO:0001187	HepG2	cell line	Homo sapiens										AGGF1-human	RNA				ultraviolet irradiation	strand-specific	2016-04-26	ENCODE		see document	175-300	2	2_1		35					/files/ENCFF139PUX/, /files/ENCFF958HKG/	591966648	Gene Yeo, UCSD	1e535a732ba6f25e4dc98739a3e1de6f		https://www.encodeproject.org/files/ENCFF948TWD/@@download/ENCFF948TWD.bam				released	s3://encode-public/2016/03/11/371ff521-3e44-48bc-b609-5181bb98009d/ENCFF948TWD.bam	https://datasetencode.blob.core.windows.net/dataset/2016/03/11/371ff521-3e44-48bc-b609-5181bb98009d/ENCFF948TWD.bam?sv=2019-10-10&si=prod&sr=c&sig=9qSQZo4ggrCNpybBExU8SypuUZV33igI11xw0P7rB3c%3D	Lab custom hg19	archived			
ENCFF249CVU	bam	bam		alignments	GRCh38	ENCSR543TPH	eCLIP	/human-donors/ENCDO000AAC/	EFO:0001187	HepG2	cell line	Homo sapiens										AGGF1-human	RNA				ultraviolet irradiation	strand-specific	2016-04-26	ENCODE		see document	175-300	2	2_1		35					/files/ENCFF139PUX/, /files/ENCFF958HKG/	559689210	Gene Yeo, UCSD	a3546dbeb1175b5a3c264527796da7d6		https://www.encodeproject.org/files/ENCFF249CVU/@@download/ENCFF249CVU.bam				released	s3://encode-public/2016/09/09/e7fe5d69-a6b0-48b9-a8b2-aafeb926c591/ENCFF249CVU.bam	https://datasetencode.blob.core.windows.net/dataset/2016/09/09/e7fe5d69-a6b0-48b9-a8b2-aafeb926c591/ENCFF249CVU.bam?sv=2019-10-10&si=prod&sr=c&sig=9qSQZo4ggrCNpybBExU8SypuUZV33igI11xw0P7rB3c%3D	Lab custom GRCh38	released			
ENCFF302BJD	bam	bam		alignments	GRCh38	ENCSR543TPH	eCLIP	/human-donors/ENCDO000AAC/	EFO:0001187	HepG2	cell line	Homo sapiens										AGGF1-human	RNA				ultraviolet irradiation	strand-specific	2016-04-26	ENCODE		see document	175-300	1	1_1		35					/files/ENCFF208VFO/, /files/ENCFF164QUS/	696408328	Gene Yeo, UCSD	5f813a3f90a64da6b2f323a9fd05bde5		https://www.encodeproject.org/files/ENCFF302BJD/@@download/ENCFF302BJD.bam				released	s3://encode-public/2016/09/09/bf7b6fc0-7690-42a3-af23-62c15b46fa3a/ENCFF302BJD.bam	https://datasetencode.blob.core.windows.net/dataset/2016/09/09/bf7b6fc0-7690-42a3-af23-62c15b46fa3a/ENCFF302BJD.bam?sv=2019-10-10&si=prod&sr=c&sig=9qSQZo4ggrCNpybBExU8SypuUZV33igI11xw0P7rB3c%3D	Lab custom GRCh38	released			
ENCFF398LMC	bam	bam		alignments	hg19	ENCSR755TJC	eCLIP	/human-donors/ENCDO000AAC/	EFO:0001187	HepG2	cell line	Homo sapiens										HNRNPUL1-human	RNA				ultraviolet irradiation	strand-specific	2015-11-09	ENCODE		see document	175-300	2	2_1		43					/files/ENCFF956VZN/, /files/ENCFF648UJC/	547805953	Gene Yeo, UCSD	283eedbd3341fb012c1387bfb5198a0f		https://www.encodeproject.org/files/ENCFF398LMC/@@download/ENCFF398LMC.bam				released	s3://encode-public/2016/03/24/29e437a5-6ebb-413b-a6ae-0090afebd322/ENCFF398LMC.bam	https://datasetencode.blob.core.windows.net/dataset/2016/03/24/29e437a5-6ebb-413b-a6ae-0090afebd322/ENCFF398LMC.bam?sv=2019-10-10&si=prod&sr=c&sig=9qSQZo4ggrCNpybBExU8SypuUZV33igI11xw0P7rB3c%3D	Lab custom hg19	archived			
ENCFF076JEG	bam	bam		alignments	hg19	ENCSR755TJC	eCLIP	/human-donors/ENCDO000AAC/	EFO:0001187	HepG2	cell line	Homo sapiens										HNRNPUL1-human	RNA				ultraviolet irradiation	strand-specific	2015-11-09	ENCODE		see document	175-300	1	1_1		43					/files/ENCFF007BKB/, /files/ENCFF168AGB/	422785930	Gene Yeo, UCSD	80dc001e1ee8ec199a499d2de261fd56		https://www.encodeproject.org/files/ENCFF076JEG/@@download/ENCFF076JEG.bam				released	s3://encode-public/2016/03/24/d09d67b8-85d9-4c87-87e8-56f4587bd100/ENCFF076JEG.bam	https://datasetencode.blob.core.windows.net/dataset/2016/03/24/d09d67b8-85d9-4c87-87e8-56f4587bd100/ENCFF076JEG.bam?sv=2019-10-10&si=prod&sr=c&sig=9qSQZo4ggrCNpybBExU8SypuUZV33igI11xw0P7rB3c%3D	Lab custom hg19	archived			
ENCFF536XVW	bam	bam		alignments	GRCh38	ENCSR755TJC	eCLIP	/human-donors/ENCDO000AAC/	EFO:0001187	HepG2	cell line	Homo sapiens										HNRNPUL1-human	RNA				ultraviolet irradiation	strand-specific	2015-11-09	ENCODE		see document	175-300	1	1_1		43					/files/ENCFF007BKB/, /files/ENCFF168AGB/	418134633	Gene Yeo, UCSD	d0d85784ba6b6c8f90934c1ea65371e5		https://www.encodeproject.org/files/ENCFF536XVW/@@download/ENCFF536XVW.bam				released	s3://encode-public/2016/09/09/5f9e1fbb-8291-43cc-a7c9-f94f60d23e00/ENCFF536XVW.bam	https://datasetencode.blob.core.windows.net/dataset/2016/09/09/5f9e1fbb-8291-43cc-a7c9-f94f60d23e00/ENCFF536XVW.bam?sv=2019-10-10&si=prod&sr=c&sig=9qSQZo4ggrCNpybBExU8SypuUZV33igI11xw0P7rB3c%3D	Lab custom GRCh38	released			
ENCFF956ELY	bam	bam		alignments	GRCh38	ENCSR755TJC	eCLIP	/human-donors/ENCDO000AAC/	EFO:0001187	HepG2	cell line	Homo sapiens										HNRNPUL1-human	RNA				ultraviolet irradiation	strand-specific	2015-11-09	ENCODE		see document	175-300	2	2_1		43					/files/ENCFF956VZN/, /files/ENCFF648UJC/	545715441	Gene Yeo, UCSD	f1a922f6556ef116e76ed52db6b05bcc		https://www.encodeproject.org/files/ENCFF956ELY/@@download/ENCFF956ELY.bam				released	s3://encode-public/2016/09/09/d530678e-dc30-4fc6-b175-361be3694d82/ENCFF956ELY.bam	https://datasetencode.blob.core.windows.net/dataset/2016/09/09/d530678e-dc30-4fc6-b175-361be3694d82/ENCFF956ELY.bam?sv=2019-10-10&si=prod&sr=c&sig=9qSQZo4ggrCNpybBExU8SypuUZV33igI11xw0P7rB3c%3D	Lab custom GRCh38	released			
ENCFF825FWR	bam	bam		alignments	hg19	ENCSR277DEO	eCLIP	/human-donors/ENCDO000AAC/	EFO:0001187	HepG2	cell line	Homo sapiens										NKRF-human	RNA				ultraviolet irradiation	strand-specific	2016-04-26	ENCODE		see document	175-300	1	1_1		38					/files/ENCFF661HMQ/, /files/ENCFF430JKC/	463155556	Gene Yeo, UCSD	9abc48555c465ea2f814bd07d833b2d7		https://www.encodeproject.org/files/ENCFF825FWR/@@download/ENCFF825FWR.bam				released	s3://encode-public/2016/03/11/b70fffc9-803e-48bb-97a1-da6c29b3afa1/ENCFF825FWR.bam	https://datasetencode.blob.core.windows.net/dataset/2016/03/11/b70fffc9-803e-48bb-97a1-da6c29b3afa1/ENCFF825FWR.bam?sv=2019-10-10&si=prod&sr=c&sig=9qSQZo4ggrCNpybBExU8SypuUZV33igI11xw0P7rB3c%3D	Lab custom hg19	archived	mixed read lengths		
ENCFF470VYY	bam	bam		alignments	hg19	ENCSR277DEO	eCLIP	/human-donors/ENCDO000AAC/	EFO:0001187	HepG2	cell line	Homo sapiens										NKRF-human	RNA				ultraviolet irradiation	strand-specific	2016-04-26	ENCODE		see document	175-300	2	2_1		38					/files/ENCFF558SOA/, /files/ENCFF660VTK/	803368440	Gene Yeo, UCSD	e67f45c1aa659a2f83c7cbc4760e23c4		https://www.encodeproject.org/files/ENCFF470VYY/@@download/ENCFF470VYY.bam				released	s3://encode-public/2016/03/11/efb38732-c29a-4654-89fd-3d44af827032/ENCFF470VYY.bam	https://datasetencode.blob.core.windows.net/dataset/2016/03/11/efb38732-c29a-4654-89fd-3d44af827032/ENCFF470VYY.bam?sv=2019-10-10&si=prod&sr=c&sig=9qSQZo4ggrCNpybBExU8SypuUZV33igI11xw0P7rB3c%3D	Lab custom hg19	archived	mixed read lengths		
ENCFF144QQC	bam	bam		alignments	GRCh38	ENCSR277DEO	eCLIP	/human-donors/ENCDO000AAC/	EFO:0001187	HepG2	cell line	Homo sapiens										NKRF-human	RNA				ultraviolet irradiation	strand-specific	2016-04-26	ENCODE		see document	175-300	2	2_1		38					/files/ENCFF558SOA/, /files/ENCFF660VTK/	775852093	Gene Yeo, UCSD	d4c285f8853590cf43513d1585348686		https://www.encodeproject.org/files/ENCFF144QQC/@@download/ENCFF144QQC.bam				released	s3://encode-public/2016/09/09/902a57b3-822e-4f01-820f-4b9f30d79ecf/ENCFF144QQC.bam	https://datasetencode.blob.core.windows.net/dataset/2016/09/09/902a57b3-822e-4f01-820f-4b9f30d79ecf/ENCFF144QQC.bam?sv=2019-10-10&si=prod&sr=c&sig=9qSQZo4ggrCNpybBExU8SypuUZV33igI11xw0P7rB3c%3D	Lab custom GRCh38	released	mixed read lengths		
ENCFF391WTM	bam	bam		alignments	GRCh38	ENCSR277DEO	eCLIP	/human-donors/ENCDO000AAC/	EFO:0001187	HepG2	cell line	Homo sapiens										NKRF-human	RNA				ultraviolet irradiation	strand-specific	2016-04-26	ENCODE		see document	175-300	1	1_1		38					/files/ENCFF661HMQ/, /files/ENCFF430JKC/	445636992	Gene Yeo, UCSD	cfccb7023d19988ac9ce2be1600dd363		https://www.encodeproject.org/files/ENCFF391WTM/@@download/ENCFF391WTM.bam				released	s3://encode-public/2016/09/09/8ea47982-e143-47a0-aa2e-53a0bc7b6df0/ENCFF391WTM.bam	https://datasetencode.blob.core.windows.net/dataset/2016/09/09/8ea47982-e143-47a0-aa2e-53a0bc7b6df0/ENCFF391WTM.bam?sv=2019-10-10&si=prod&sr=c&sig=9qSQZo4ggrCNpybBExU8SypuUZV33igI11xw0P7rB3c%3D	Lab custom GRCh38	released	mixed read lengths		
ENCFF581RBS	bam	bam		alignments	hg19	ENCSR539ZTS	eCLIP	/human-donors/ENCDO000AAD/	EFO:0002067	K562	cell line	Homo sapiens										TROVE2-human	RNA				ultraviolet irradiation	strand-specific	2015-12-16	ENCODE		see document	175-300	1	1_1		40					/files/ENCFF108KYH/, /files/ENCFF145LAT/	362176375	Gene Yeo, UCSD	db30cfbeffcbe0f0d4083e9f6be79f13		https://www.encodeproject.org/files/ENCFF581RBS/@@download/ENCFF581RBS.bam				released	s3://encode-public/2016/03/24/7553cca1-40d7-495d-99cf-c9f256dc7edf/ENCFF581RBS.bam	https://datasetencode.blob.core.windows.net/dataset/2016/03/24/7553cca1-40d7-495d-99cf-c9f256dc7edf/ENCFF581RBS.bam?sv=2019-10-10&si=prod&sr=c&sig=9qSQZo4ggrCNpybBExU8SypuUZV33igI11xw0P7rB3c%3D	Lab custom hg19	archived			
ENCFF568HWB	bam	bam		alignments	hg19	ENCSR539ZTS	eCLIP	/human-donors/ENCDO000AAD/	EFO:0002067	K562	cell line	Homo sapiens										TROVE2-human	RNA				ultraviolet irradiation	strand-specific	2015-12-16	ENCODE		see document	175-300	2	2_1		40					/files/ENCFF815JMM/, /files/ENCFF053TCK/	318140440	Gene Yeo, UCSD	878e74a8f958be630b116a270b798772		https://www.encodeproject.org/files/ENCFF568HWB/@@download/ENCFF568HWB.bam				released	s3://encode-public/2016/03/24/d027154d-cfe5-42d7-97b1-6ffe715c816b/ENCFF568HWB.bam	https://datasetencode.blob.core.windows.net/dataset/2016/03/24/d027154d-cfe5-42d7-97b1-6ffe715c816b/ENCFF568HWB.bam?sv=2019-10-10&si=prod&sr=c&sig=9qSQZo4ggrCNpybBExU8SypuUZV33igI11xw0P7rB3c%3D	Lab custom hg19	archived			
ENCFF294FZI	bam	bam		alignments	GRCh38	ENCSR539ZTS	eCLIP	/human-donors/ENCDO000AAD/	EFO:0002067	K562	cell line	Homo sapiens										TROVE2-human	RNA				ultraviolet irradiation	strand-specific	2015-12-16	ENCODE		see document	175-300	1	1_1		40					/files/ENCFF108KYH/, /files/ENCFF145LAT/	351662298	Gene Yeo, UCSD	57a844c9b40f770a206bf7306a3f3919		https://www.encodeproject.org/files/ENCFF294FZI/@@download/ENCFF294FZI.bam				released	s3://encode-public/2016/09/09/a6c46e1d-0e71-4546-8b53-7eb244b47de0/ENCFF294FZI.bam	https://datasetencode.blob.core.windows.net/dataset/2016/09/09/a6c46e1d-0e71-4546-8b53-7eb244b47de0/ENCFF294FZI.bam?sv=2019-10-10&si=prod&sr=c&sig=9qSQZo4ggrCNpybBExU8SypuUZV33igI11xw0P7rB3c%3D	Lab custom GRCh38	released			
ENCFF063MVN	bam	bam		alignments	GRCh38	ENCSR539ZTS	eCLIP	/human-donors/ENCDO000AAD/	EFO:0002067	K562	cell line	Homo sapiens										TROVE2-human	RNA				ultraviolet irradiation	strand-specific	2015-12-16	ENCODE		see document	175-300	2	2_1		40					/files/ENCFF815JMM/, /files/ENCFF053TCK/	303559229	Gene Yeo, UCSD	136dedd296ac4b5d52563f8dde6ac764		https://www.encodeproject.org/files/ENCFF063MVN/@@download/ENCFF063MVN.bam				released	s3://encode-public/2016/09/09/e0a1b271-0d30-43d2-9759-367784f90e5f/ENCFF063MVN.bam	https://datasetencode.blob.core.windows.net/dataset/2016/09/09/e0a1b271-0d30-43d2-9759-367784f90e5f/ENCFF063MVN.bam?sv=2019-10-10&si=prod&sr=c&sig=9qSQZo4ggrCNpybBExU8SypuUZV33igI11xw0P7rB3c%3D	Lab custom GRCh38	released			
ENCFF642XMP	bam	bam		alignments	hg19	ENCSR490IEE	eCLIP	/human-donors/ENCDO000AAC/	EFO:0001187	HepG2	cell line	Homo sapiens										UCHL5-human	RNA				ultraviolet irradiation	strand-specific	2016-04-26	ENCODE		see document	175-300	1	1_1		40					/files/ENCFF322VWH/, /files/ENCFF101IOW/	1108154086	Gene Yeo, UCSD	785e0795d6ae01c197b0d5da7f1c42c7		https://www.encodeproject.org/files/ENCFF642XMP/@@download/ENCFF642XMP.bam				released	s3://encode-public/2016/03/17/c0953b21-d8c3-43d3-89c1-b638e6e7763d/ENCFF642XMP.bam	https://datasetencode.blob.core.windows.net/dataset/2016/03/17/c0953b21-d8c3-43d3-89c1-b638e6e7763d/ENCFF642XMP.bam?sv=2019-10-10&si=prod&sr=c&sig=9qSQZo4ggrCNpybBExU8SypuUZV33igI11xw0P7rB3c%3D	Lab custom hg19	archived			
ENCFF671VFZ	bam	bam		alignments	hg19	ENCSR490IEE	eCLIP	/human-donors/ENCDO000AAC/	EFO:0001187	HepG2	cell line	Homo sapiens										UCHL5-human	RNA				ultraviolet irradiation	strand-specific	2016-04-26	ENCODE		see document	175-300	2	2_1		40					/files/ENCFF007BPN/, /files/ENCFF769IXL/	720454803	Gene Yeo, UCSD	6d9310b0e4fabbfbfe1eabdd5a4880ad		https://www.encodeproject.org/files/ENCFF671VFZ/@@download/ENCFF671VFZ.bam				released	s3://encode-public/2016/03/17/ff2f9492-6ffa-4c8e-a1cf-32f5c4304723/ENCFF671VFZ.bam	https://datasetencode.blob.core.windows.net/dataset/2016/03/17/ff2f9492-6ffa-4c8e-a1cf-32f5c4304723/ENCFF671VFZ.bam?sv=2019-10-10&si=prod&sr=c&sig=9qSQZo4ggrCNpybBExU8SypuUZV33igI11xw0P7rB3c%3D	Lab custom hg19	archived			
ENCFF132YAO	bam	bam		alignments	GRCh38	ENCSR490IEE	eCLIP	/human-donors/ENCDO000AAC/	EFO:0001187	HepG2	cell line	Homo sapiens										UCHL5-human	RNA				ultraviolet irradiation	strand-specific	2016-04-26	ENCODE		see document	175-300	1	1_1		40					/files/ENCFF322VWH/, /files/ENCFF101IOW/	1075686247	Gene Yeo, UCSD	425169ce4bc342c94d392365701c95f2		https://www.encodeproject.org/files/ENCFF132YAO/@@download/ENCFF132YAO.bam				released	s3://encode-public/2016/09/09/9e571927-e2a4-4189-bbd1-c8baec30d131/ENCFF132YAO.bam	https://datasetencode.blob.core.windows.net/dataset/2016/09/09/9e571927-e2a4-4189-bbd1-c8baec30d131/ENCFF132YAO.bam?sv=2019-10-10&si=prod&sr=c&sig=9qSQZo4ggrCNpybBExU8SypuUZV33igI11xw0P7rB3c%3D	Lab custom GRCh38	released			
ENCFF476CPQ	bam	bam		alignments	GRCh38	ENCSR490IEE	eCLIP	/human-donors/ENCDO000AAC/	EFO:0001187	HepG2	cell line	Homo sapiens										UCHL5-human	RNA				ultraviolet irradiation	strand-specific	2016-04-26	ENCODE		see document	175-300	2	2_1		40					/files/ENCFF007BPN/, /files/ENCFF769IXL/	686724677	Gene Yeo, UCSD	d0d7b3b05660d7d75e08e89365338505		https://www.encodeproject.org/files/ENCFF476CPQ/@@download/ENCFF476CPQ.bam				released	s3://encode-public/2016/09/09/02258950-f02f-446d-9364-2aa7f7e10e3b/ENCFF476CPQ.bam	https://datasetencode.blob.core.windows.net/dataset/2016/09/09/02258950-f02f-446d-9364-2aa7f7e10e3b/ENCFF476CPQ.bam?sv=2019-10-10&si=prod&sr=c&sig=9qSQZo4ggrCNpybBExU8SypuUZV33igI11xw0P7rB3c%3D	Lab custom GRCh38	released			
ENCFF229GCX	bam	bam		alignments	hg19	ENCSR135VMS	eCLIP	/human-donors/ENCDO000AAC/	EFO:0001187	HepG2	cell line	Homo sapiens										LSM11-human	RNA				ultraviolet irradiation	strand-specific	2016-04-26	ENCODE		see document	175-300	1	1_1		40					/files/ENCFF407UHQ/, /files/ENCFF453KFP/	657185701	Gene Yeo, UCSD	158b399ceb8736db4352dfcbf77a7917		https://www.encodeproject.org/files/ENCFF229GCX/@@download/ENCFF229GCX.bam				released	s3://encode-public/2016/03/17/54c9c906-208e-4e08-b1a4-53c571c02c4b/ENCFF229GCX.bam	https://datasetencode.blob.core.windows.net/dataset/2016/03/17/54c9c906-208e-4e08-b1a4-53c571c02c4b/ENCFF229GCX.bam?sv=2019-10-10&si=prod&sr=c&sig=9qSQZo4ggrCNpybBExU8SypuUZV33igI11xw0P7rB3c%3D	Lab custom hg19	archived			
ENCFF443NQT	bam	bam		alignments	hg19	ENCSR135VMS	eCLIP	/human-donors/ENCDO000AAC/	EFO:0001187	HepG2	cell line	Homo sapiens										LSM11-human	RNA				ultraviolet irradiation	strand-specific	2016-04-26	ENCODE		see document	175-300	2	2_1		40					/files/ENCFF004CIG/, /files/ENCFF754DEC/	431014278	Gene Yeo, UCSD	b5bdcc422bbc664c9f72b6938f9a59ef		https://www.encodeproject.org/files/ENCFF443NQT/@@download/ENCFF443NQT.bam				released	s3://encode-public/2016/03/17/556b3a0f-99b7-488c-af1e-c767cab6ba17/ENCFF443NQT.bam	https://datasetencode.blob.core.windows.net/dataset/2016/03/17/556b3a0f-99b7-488c-af1e-c767cab6ba17/ENCFF443NQT.bam?sv=2019-10-10&si=prod&sr=c&sig=9qSQZo4ggrCNpybBExU8SypuUZV33igI11xw0P7rB3c%3D	Lab custom hg19	archived			
ENCFF252SPM	bam	bam		alignments	GRCh38	ENCSR135VMS	eCLIP	/human-donors/ENCDO000AAC/	EFO:0001187	HepG2	cell line	Homo sapiens										LSM11-human	RNA				ultraviolet irradiation	strand-specific	2016-04-26	ENCODE		see document	175-300	1	1_1		40					/files/ENCFF407UHQ/, /files/ENCFF453KFP/	634440382	Gene Yeo, UCSD	fc01bbe891c091174a31facb70f16f88		https://www.encodeproject.org/files/ENCFF252SPM/@@download/ENCFF252SPM.bam				released	s3://encode-public/2016/09/09/d149188b-9a77-4500-a397-69915d5a63e0/ENCFF252SPM.bam	https://datasetencode.blob.core.windows.net/dataset/2016/09/09/d149188b-9a77-4500-a397-69915d5a63e0/ENCFF252SPM.bam?sv=2019-10-10&si=prod&sr=c&sig=9qSQZo4ggrCNpybBExU8SypuUZV33igI11xw0P7rB3c%3D	Lab custom GRCh38	released			
ENCFF055MTP	bam	bam		alignments	GRCh38	ENCSR135VMS	eCLIP	/human-donors/ENCDO000AAC/	EFO:0001187	HepG2	cell line	Homo sapiens										LSM11-human	RNA				ultraviolet irradiation	strand-specific	2016-04-26	ENCODE		see document	175-300	2	2_1		40					/files/ENCFF004CIG/, /files/ENCFF754DEC/	412067128	Gene Yeo, UCSD	1720a913fe749f594f8647a60c485521		https://www.encodeproject.org/files/ENCFF055MTP/@@download/ENCFF055MTP.bam				released	s3://encode-public/2016/09/09/ee6156fd-b224-4452-9dc0-c46d830f6990/ENCFF055MTP.bam	https://datasetencode.blob.core.windows.net/dataset/2016/09/09/ee6156fd-b224-4452-9dc0-c46d830f6990/ENCFF055MTP.bam?sv=2019-10-10&si=prod&sr=c&sig=9qSQZo4ggrCNpybBExU8SypuUZV33igI11xw0P7rB3c%3D	Lab custom GRCh38	released			
ENCFF555WXD	bam	bam		alignments	hg19	ENCSR202BFN	eCLIP	/human-donors/ENCDO000AAC/	EFO:0001187	HepG2	cell line	Homo sapiens										U2AF2-human	RNA				ultraviolet irradiation	strand-specific	2015-11-09	ENCODE		see document	175-300	1	1_1		43					/files/ENCFF565HKG/, /files/ENCFF559BLA/	536239317	Gene Yeo, UCSD	4e1c095dd6246eb18435ae578dcd865e		https://www.encodeproject.org/files/ENCFF555WXD/@@download/ENCFF555WXD.bam				released	s3://encode-public/2016/03/24/9b20f976-c5f0-472d-9a78-2112701ace5f/ENCFF555WXD.bam	https://datasetencode.blob.core.windows.net/dataset/2016/03/24/9b20f976-c5f0-472d-9a78-2112701ace5f/ENCFF555WXD.bam?sv=2019-10-10&si=prod&sr=c&sig=9qSQZo4ggrCNpybBExU8SypuUZV33igI11xw0P7rB3c%3D	Lab custom hg19	archived	mixed read lengths		
ENCFF706QJH	bam	bam		alignments	hg19	ENCSR202BFN	eCLIP	/human-donors/ENCDO000AAC/	EFO:0001187	HepG2	cell line	Homo sapiens										U2AF2-human	RNA				ultraviolet irradiation	strand-specific	2015-11-09	ENCODE		see document	175-300	2	2_1		40					/files/ENCFF912MAK/, /files/ENCFF440IJI/	359150542	Gene Yeo, UCSD	2db1a81c22a29d393a2ca195faf33b9d		https://www.encodeproject.org/files/ENCFF706QJH/@@download/ENCFF706QJH.bam				released	s3://encode-public/2016/03/24/40c30007-552c-441f-b715-677a00d33fac/ENCFF706QJH.bam	https://datasetencode.blob.core.windows.net/dataset/2016/03/24/40c30007-552c-441f-b715-677a00d33fac/ENCFF706QJH.bam?sv=2019-10-10&si=prod&sr=c&sig=9qSQZo4ggrCNpybBExU8SypuUZV33igI11xw0P7rB3c%3D	Lab custom hg19	archived	mixed read lengths		
ENCFF358STL	bam	bam		alignments	GRCh38	ENCSR202BFN	eCLIP	/human-donors/ENCDO000AAC/	EFO:0001187	HepG2	cell line	Homo sapiens										U2AF2-human	RNA				ultraviolet irradiation	strand-specific	2015-11-09	ENCODE		see document	175-300	1	1_1		43					/files/ENCFF565HKG/, /files/ENCFF559BLA/	531945050	Gene Yeo, UCSD	0df575d2fb1f950cb9ea6630a69eb9cd		https://www.encodeproject.org/files/ENCFF358STL/@@download/ENCFF358STL.bam				released	s3://encode-public/2016/09/09/78b74f19-5c92-4b67-924b-6b60a5f97165/ENCFF358STL.bam	https://datasetencode.blob.core.windows.net/dataset/2016/09/09/78b74f19-5c92-4b67-924b-6b60a5f97165/ENCFF358STL.bam?sv=2019-10-10&si=prod&sr=c&sig=9qSQZo4ggrCNpybBExU8SypuUZV33igI11xw0P7rB3c%3D	Lab custom GRCh38	released	mixed read lengths		
ENCFF033XVX	bam	bam		alignments	GRCh38	ENCSR202BFN	eCLIP	/human-donors/ENCDO000AAC/	EFO:0001187	HepG2	cell line	Homo sapiens										U2AF2-human	RNA				ultraviolet irradiation	strand-specific	2015-11-09	ENCODE		see document	175-300	2	2_1		40					/files/ENCFF912MAK/, /files/ENCFF440IJI/	361596230	Gene Yeo, UCSD	8fa95073c0a57fc6f2d218838188e5ce		https://www.encodeproject.org/files/ENCFF033XVX/@@download/ENCFF033XVX.bam				released	s3://encode-public/2016/09/09/16f70d5d-36f8-4ce8-bd8e-ed9bdcd83c91/ENCFF033XVX.bam	https://datasetencode.blob.core.windows.net/dataset/2016/09/09/16f70d5d-36f8-4ce8-bd8e-ed9bdcd83c91/ENCFF033XVX.bam?sv=2019-10-10&si=prod&sr=c&sig=9qSQZo4ggrCNpybBExU8SypuUZV33igI11xw0P7rB3c%3D	Lab custom GRCh38	released	mixed read lengths		
ENCFF187PCO	bam	bam		alignments	hg19	ENCSR041NUV	eCLIP	/human-donors/ENCDO000AAC/	EFO:0001187	HepG2	cell line	Homo sapiens										EIF3D-human	RNA				ultraviolet irradiation	strand-specific	2016-04-26	ENCODE		see document	175-300	2	2_1		40					/files/ENCFF024EQI/, /files/ENCFF957IOQ/	811796582	Gene Yeo, UCSD	af1f0103a329499d872f519236be42b6		https://www.encodeproject.org/files/ENCFF187PCO/@@download/ENCFF187PCO.bam				released	s3://encode-public/2016/03/17/4252f1c5-1b8f-461f-8024-ba6fc17f3fae/ENCFF187PCO.bam	https://datasetencode.blob.core.windows.net/dataset/2016/03/17/4252f1c5-1b8f-461f-8024-ba6fc17f3fae/ENCFF187PCO.bam?sv=2019-10-10&si=prod&sr=c&sig=9qSQZo4ggrCNpybBExU8SypuUZV33igI11xw0P7rB3c%3D	Lab custom hg19	archived			
ENCFF005VCE	bam	bam		alignments	hg19	ENCSR041NUV	eCLIP	/human-donors/ENCDO000AAC/	EFO:0001187	HepG2	cell line	Homo sapiens										EIF3D-human	RNA				ultraviolet irradiation	strand-specific	2016-04-26	ENCODE		see document	175-300	1	1_1		40					/files/ENCFF851SIK/, /files/ENCFF329LNT/	933572752	Gene Yeo, UCSD	8b6918d2bfc9400bab942ea3334ba7a7		https://www.encodeproject.org/files/ENCFF005VCE/@@download/ENCFF005VCE.bam				released	s3://encode-public/2016/03/17/5a8412a8-5e50-4055-a660-73db4713c70d/ENCFF005VCE.bam	https://datasetencode.blob.core.windows.net/dataset/2016/03/17/5a8412a8-5e50-4055-a660-73db4713c70d/ENCFF005VCE.bam?sv=2019-10-10&si=prod&sr=c&sig=9qSQZo4ggrCNpybBExU8SypuUZV33igI11xw0P7rB3c%3D	Lab custom hg19	archived			
ENCFF576OQO	bam	bam		alignments	GRCh38	ENCSR041NUV	eCLIP	/human-donors/ENCDO000AAC/	EFO:0001187	HepG2	cell line	Homo sapiens										EIF3D-human	RNA				ultraviolet irradiation	strand-specific	2016-04-26	ENCODE		see document	175-300	1	1_1		40					/files/ENCFF851SIK/, /files/ENCFF329LNT/	902588629	Gene Yeo, UCSD	3c85680a4819ba1801be78fe3f30755b		https://www.encodeproject.org/files/ENCFF576OQO/@@download/ENCFF576OQO.bam				released	s3://encode-public/2016/09/09/2e7d3c85-dddd-42cb-b0b8-7b616e72889b/ENCFF576OQO.bam	https://datasetencode.blob.core.windows.net/dataset/2016/09/09/2e7d3c85-dddd-42cb-b0b8-7b616e72889b/ENCFF576OQO.bam?sv=2019-10-10&si=prod&sr=c&sig=9qSQZo4ggrCNpybBExU8SypuUZV33igI11xw0P7rB3c%3D	Lab custom GRCh38	released			
ENCFF678TXO	bam	bam		alignments	GRCh38	ENCSR041NUV	eCLIP	/human-donors/ENCDO000AAC/	EFO:0001187	HepG2	cell line	Homo sapiens										EIF3D-human	RNA				ultraviolet irradiation	strand-specific	2016-04-26	ENCODE		see document	175-300	2	2_1		40					/files/ENCFF024EQI/, /files/ENCFF957IOQ/	772890948	Gene Yeo, UCSD	1c0640d1c9d80eb516b8d3e43988cb37		https://www.encodeproject.org/files/ENCFF678TXO/@@download/ENCFF678TXO.bam				released	s3://encode-public/2016/09/09/c7c66f94-28ec-470c-b1b2-d181b154409f/ENCFF678TXO.bam	https://datasetencode.blob.core.windows.net/dataset/2016/09/09/c7c66f94-28ec-470c-b1b2-d181b154409f/ENCFF678TXO.bam?sv=2019-10-10&si=prod&sr=c&sig=9qSQZo4ggrCNpybBExU8SypuUZV33igI11xw0P7rB3c%3D	Lab custom GRCh38	released			
ENCFF784LBV	bam	bam		alignments	hg19	ENCSR907GUB	eCLIP	/human-donors/ENCDO000AAC/	EFO:0001187	HepG2	cell line	Homo sapiens										ZC3H11A-human	RNA				ultraviolet irradiation	strand-specific	2018-04-24	ENCODE		see document	175-300	1	1_1		41					/files/ENCFF058CEF/, /files/ENCFF458RXV/	617595413	Gene Yeo, UCSD	01b2fd59fe0f2189749d0a63c79c185f		https://www.encodeproject.org/files/ENCFF784LBV/@@download/ENCFF784LBV.bam				released	s3://encode-public/2016/03/17/75da9848-b55f-4693-8a3b-883c96083339/ENCFF784LBV.bam	https://datasetencode.blob.core.windows.net/dataset/2016/03/17/75da9848-b55f-4693-8a3b-883c96083339/ENCFF784LBV.bam?sv=2019-10-10&si=prod&sr=c&sig=9qSQZo4ggrCNpybBExU8SypuUZV33igI11xw0P7rB3c%3D	Lab custom hg19	archived			
ENCFF225LEZ	bam	bam		alignments	hg19	ENCSR907GUB	eCLIP	/human-donors/ENCDO000AAC/	EFO:0001187	HepG2	cell line	Homo sapiens										ZC3H11A-human	RNA				ultraviolet irradiation	strand-specific	2018-04-24	ENCODE		see document	175-300	2	2_1		41					/files/ENCFF824KNR/, /files/ENCFF481WSB/	695993353	Gene Yeo, UCSD	e75c9903163ff8763e54557386a904d5		https://www.encodeproject.org/files/ENCFF225LEZ/@@download/ENCFF225LEZ.bam				released	s3://encode-public/2016/03/17/a23cddcf-7064-4e90-a74d-75b3321ddddc/ENCFF225LEZ.bam	https://datasetencode.blob.core.windows.net/dataset/2016/03/17/a23cddcf-7064-4e90-a74d-75b3321ddddc/ENCFF225LEZ.bam?sv=2019-10-10&si=prod&sr=c&sig=9qSQZo4ggrCNpybBExU8SypuUZV33igI11xw0P7rB3c%3D	Lab custom hg19	archived			
ENCFF023GYY	bam	bam		alignments	GRCh38	ENCSR907GUB	eCLIP	/human-donors/ENCDO000AAC/	EFO:0001187	HepG2	cell line	Homo sapiens										ZC3H11A-human	RNA				ultraviolet irradiation	strand-specific	2018-04-24	ENCODE		see document	175-300	2	2_1		41					/files/ENCFF824KNR/, /files/ENCFF481WSB/	667829767	Gene Yeo, UCSD	6cf470154859ce2bb399d73806d545ce		https://www.encodeproject.org/files/ENCFF023GYY/@@download/ENCFF023GYY.bam				released	s3://encode-public/2016/09/09/933ac939-69ab-4fe7-aefc-3397aeef085b/ENCFF023GYY.bam	https://datasetencode.blob.core.windows.net/dataset/2016/09/09/933ac939-69ab-4fe7-aefc-3397aeef085b/ENCFF023GYY.bam?sv=2019-10-10&si=prod&sr=c&sig=9qSQZo4ggrCNpybBExU8SypuUZV33igI11xw0P7rB3c%3D	Lab custom GRCh38	released			
ENCFF904WAE	bam	bam		alignments	GRCh38	ENCSR907GUB	eCLIP	/human-donors/ENCDO000AAC/	EFO:0001187	HepG2	cell line	Homo sapiens										ZC3H11A-human	RNA				ultraviolet irradiation	strand-specific	2018-04-24	ENCODE		see document	175-300	1	1_1		41					/files/ENCFF058CEF/, /files/ENCFF458RXV/	598091294	Gene Yeo, UCSD	dbee1340ad036d8bd986a54cbcefcbe4		https://www.encodeproject.org/files/ENCFF904WAE/@@download/ENCFF904WAE.bam				released	s3://encode-public/2016/09/09/ff00e035-0650-4b89-a7b1-de94e927d947/ENCFF904WAE.bam	https://datasetencode.blob.core.windows.net/dataset/2016/09/09/ff00e035-0650-4b89-a7b1-de94e927d947/ENCFF904WAE.bam?sv=2019-10-10&si=prod&sr=c&sig=9qSQZo4ggrCNpybBExU8SypuUZV33igI11xw0P7rB3c%3D	Lab custom GRCh38	released			
ENCFF663LQH	bam	bam		alignments	hg19	ENCSR943MHU	eCLIP	/human-donors/ENCDO000AAD/	EFO:0002067	K562	cell line	Homo sapiens										SAFB2-human	RNA				ultraviolet irradiation	strand-specific	2015-07-15	ENCODE		see document	175-300	1	1_1		43					/files/ENCFF820EYG/, /files/ENCFF878YBB/	915341226	Gene Yeo, UCSD	fd36b06b8903367c8a749748590b2be3		https://www.encodeproject.org/files/ENCFF663LQH/@@download/ENCFF663LQH.bam				released	s3://encode-public/2016/03/24/060c0889-be1e-4301-8b63-e5a867e98b12/ENCFF663LQH.bam	https://datasetencode.blob.core.windows.net/dataset/2016/03/24/060c0889-be1e-4301-8b63-e5a867e98b12/ENCFF663LQH.bam?sv=2019-10-10&si=prod&sr=c&sig=9qSQZo4ggrCNpybBExU8SypuUZV33igI11xw0P7rB3c%3D	Lab custom hg19	archived			
ENCFF488ZWQ	bam	bam		alignments	hg19	ENCSR943MHU	eCLIP	/human-donors/ENCDO000AAD/	EFO:0002067	K562	cell line	Homo sapiens										SAFB2-human	RNA				ultraviolet irradiation	strand-specific	2015-07-15	ENCODE		see document	175-300	2	2_1		43					/files/ENCFF082JRS/, /files/ENCFF899HPH/	823669088	Gene Yeo, UCSD	9bfcf1d5e6462caccd554265b4472156		https://www.encodeproject.org/files/ENCFF488ZWQ/@@download/ENCFF488ZWQ.bam				released	s3://encode-public/2016/03/24/8773c8bd-5f98-4a8f-b5c3-57b4926aacad/ENCFF488ZWQ.bam	https://datasetencode.blob.core.windows.net/dataset/2016/03/24/8773c8bd-5f98-4a8f-b5c3-57b4926aacad/ENCFF488ZWQ.bam?sv=2019-10-10&si=prod&sr=c&sig=9qSQZo4ggrCNpybBExU8SypuUZV33igI11xw0P7rB3c%3D	Lab custom hg19	archived			
ENCFF734RGL	bam	bam		alignments	GRCh38	ENCSR943MHU	eCLIP	/human-donors/ENCDO000AAD/	EFO:0002067	K562	cell line	Homo sapiens										SAFB2-human	RNA				ultraviolet irradiation	strand-specific	2015-07-15	ENCODE		see document	175-300	1	1_1		43					/files/ENCFF820EYG/, /files/ENCFF878YBB/	904928669	Gene Yeo, UCSD	29a9d1300ddb51a0a86013b4b59f711d		https://www.encodeproject.org/files/ENCFF734RGL/@@download/ENCFF734RGL.bam				released	s3://encode-public/2016/09/09/f8cdd736-c638-44ee-ac65-85e98b9e2c9c/ENCFF734RGL.bam	https://datasetencode.blob.core.windows.net/dataset/2016/09/09/f8cdd736-c638-44ee-ac65-85e98b9e2c9c/ENCFF734RGL.bam?sv=2019-10-10&si=prod&sr=c&sig=9qSQZo4ggrCNpybBExU8SypuUZV33igI11xw0P7rB3c%3D	Lab custom GRCh38	released			
ENCFF402QLV	bam	bam		alignments	GRCh38	ENCSR943MHU	eCLIP	/human-donors/ENCDO000AAD/	EFO:0002067	K562	cell line	Homo sapiens										SAFB2-human	RNA				ultraviolet irradiation	strand-specific	2015-07-15	ENCODE		see document	175-300	2	2_1		43					/files/ENCFF082JRS/, /files/ENCFF899HPH/	812534271	Gene Yeo, UCSD	e76a9b60169ec24c9becb7c15a2f0cb0		https://www.encodeproject.org/files/ENCFF402QLV/@@download/ENCFF402QLV.bam				released	s3://encode-public/2016/09/09/036921de-cfa4-42cb-9061-1a8c71a741b7/ENCFF402QLV.bam	https://datasetencode.blob.core.windows.net/dataset/2016/09/09/036921de-cfa4-42cb-9061-1a8c71a741b7/ENCFF402QLV.bam?sv=2019-10-10&si=prod&sr=c&sig=9qSQZo4ggrCNpybBExU8SypuUZV33igI11xw0P7rB3c%3D	Lab custom GRCh38	released			
ENCFF130YZF	bam	bam		alignments	hg19	ENCSR663WES	eCLIP	/human-donors/ENCDO000AAD/	EFO:0002067	K562	cell line	Homo sapiens										BUD13-human	RNA				ultraviolet irradiation	strand-specific	2016-04-26	ENCODE		see document	175-300	2	2_1		43					/files/ENCFF318ADU/, /files/ENCFF608MEF/	694757409	Gene Yeo, UCSD	9c3840f71f16fe3a3112b759ff9f4a0c		https://www.encodeproject.org/files/ENCFF130YZF/@@download/ENCFF130YZF.bam				released	s3://encode-public/2016/03/24/43536beb-118b-4d5e-b485-96b14fd2f0b0/ENCFF130YZF.bam	https://datasetencode.blob.core.windows.net/dataset/2016/03/24/43536beb-118b-4d5e-b485-96b14fd2f0b0/ENCFF130YZF.bam?sv=2019-10-10&si=prod&sr=c&sig=9qSQZo4ggrCNpybBExU8SypuUZV33igI11xw0P7rB3c%3D	Lab custom hg19	archived	mixed read lengths		
ENCFF104FKE	bam	bam		alignments	hg19	ENCSR663WES	eCLIP	/human-donors/ENCDO000AAD/	EFO:0002067	K562	cell line	Homo sapiens										BUD13-human	RNA				ultraviolet irradiation	strand-specific	2016-04-26	ENCODE		see document	175-300	1	1_1		43					/files/ENCFF545BFR/, /files/ENCFF912DJK/	761872087	Gene Yeo, UCSD	91c7c7e1fdd578f43de7e22d4b97cb81		https://www.encodeproject.org/files/ENCFF104FKE/@@download/ENCFF104FKE.bam				released	s3://encode-public/2016/03/24/19023890-b22c-4e02-a0e5-4e560a366b5f/ENCFF104FKE.bam	https://datasetencode.blob.core.windows.net/dataset/2016/03/24/19023890-b22c-4e02-a0e5-4e560a366b5f/ENCFF104FKE.bam?sv=2019-10-10&si=prod&sr=c&sig=9qSQZo4ggrCNpybBExU8SypuUZV33igI11xw0P7rB3c%3D	Lab custom hg19	archived	mixed read lengths		
ENCFF563BNB	bam	bam		alignments	GRCh38	ENCSR663WES	eCLIP	/human-donors/ENCDO000AAD/	EFO:0002067	K562	cell line	Homo sapiens										BUD13-human	RNA				ultraviolet irradiation	strand-specific	2016-04-26	ENCODE		see document	175-300	1	1_1		43					/files/ENCFF545BFR/, /files/ENCFF912DJK/	746204835	Gene Yeo, UCSD	d3f3bd4c72ec1e35651246dac3fbd70c		https://www.encodeproject.org/files/ENCFF563BNB/@@download/ENCFF563BNB.bam				released	s3://encode-public/2016/09/09/10714fa8-82ea-4c6e-93f3-0eb0e04b27af/ENCFF563BNB.bam	https://datasetencode.blob.core.windows.net/dataset/2016/09/09/10714fa8-82ea-4c6e-93f3-0eb0e04b27af/ENCFF563BNB.bam?sv=2019-10-10&si=prod&sr=c&sig=9qSQZo4ggrCNpybBExU8SypuUZV33igI11xw0P7rB3c%3D	Lab custom GRCh38	released	mixed read lengths		
ENCFF086LQG	bam	bam		alignments	GRCh38	ENCSR663WES	eCLIP	/human-donors/ENCDO000AAD/	EFO:0002067	K562	cell line	Homo sapiens										BUD13-human	RNA				ultraviolet irradiation	strand-specific	2016-04-26	ENCODE		see document	175-300	2	2_1		43					/files/ENCFF318ADU/, /files/ENCFF608MEF/	679815906	Gene Yeo, UCSD	574522bb01eccbdcea60084eacb708a8		https://www.encodeproject.org/files/ENCFF086LQG/@@download/ENCFF086LQG.bam				released	s3://encode-public/2016/09/09/109ffb4f-7497-4737-b4d1-a7a7dab72ea1/ENCFF086LQG.bam	https://datasetencode.blob.core.windows.net/dataset/2016/09/09/109ffb4f-7497-4737-b4d1-a7a7dab72ea1/ENCFF086LQG.bam?sv=2019-10-10&si=prod&sr=c&sig=9qSQZo4ggrCNpybBExU8SypuUZV33igI11xw0P7rB3c%3D	Lab custom GRCh38	released	mixed read lengths		
ENCFF918RID	bam	bam		alignments	hg19	ENCSR121GQH	eCLIP	/human-donors/ENCDO000AAD/	EFO:0002067	K562	cell line	Homo sapiens										SERBP1-human	RNA				ultraviolet irradiation	strand-specific	2016-09-21	ENCODE		see document	175-300	1	1_1		40					/files/ENCFF690PXO/, /files/ENCFF412TCD/	17869373	Gene Yeo, UCSD	c70de4a085c0b5c17774d7958501dce1		https://www.encodeproject.org/files/ENCFF918RID/@@download/ENCFF918RID.bam				released	s3://encode-public/2016/08/04/90b70ecf-9d50-41a4-972b-ad0cc505d8cd/ENCFF918RID.bam	https://datasetencode.blob.core.windows.net/dataset/2016/08/04/90b70ecf-9d50-41a4-972b-ad0cc505d8cd/ENCFF918RID.bam?sv=2019-10-10&si=prod&sr=c&sig=9qSQZo4ggrCNpybBExU8SypuUZV33igI11xw0P7rB3c%3D	Lab custom hg19	archived			
ENCFF287EUA	bam	bam		alignments	hg19	ENCSR121GQH	eCLIP	/human-donors/ENCDO000AAD/	EFO:0002067	K562	cell line	Homo sapiens										SERBP1-human	RNA				ultraviolet irradiation	strand-specific	2016-09-21	ENCODE		see document	175-300	2	2_1		40					/files/ENCFF628QLB/, /files/ENCFF007VAP/	9860415	Gene Yeo, UCSD	cdad9394ad696a2ec641f3d55548e5fc		https://www.encodeproject.org/files/ENCFF287EUA/@@download/ENCFF287EUA.bam				released	s3://encode-public/2016/08/04/c4def820-7f46-4d23-a8b9-91e50adf4a51/ENCFF287EUA.bam	https://datasetencode.blob.core.windows.net/dataset/2016/08/04/c4def820-7f46-4d23-a8b9-91e50adf4a51/ENCFF287EUA.bam?sv=2019-10-10&si=prod&sr=c&sig=9qSQZo4ggrCNpybBExU8SypuUZV33igI11xw0P7rB3c%3D	Lab custom hg19	archived			
ENCFF951GRM	bam	bam		alignments	GRCh38	ENCSR121GQH	eCLIP	/human-donors/ENCDO000AAD/	EFO:0002067	K562	cell line	Homo sapiens										SERBP1-human	RNA				ultraviolet irradiation	strand-specific	2016-09-21	ENCODE		see document	175-300	2	2_1		40					/files/ENCFF628QLB/, /files/ENCFF007VAP/	8923742	Gene Yeo, UCSD	e8783917f30fc4a5daef9ed848d2648d		https://www.encodeproject.org/files/ENCFF951GRM/@@download/ENCFF951GRM.bam				released	s3://encode-public/2016/09/09/6c5e5b43-d3b6-420e-b989-aad40092cb89/ENCFF951GRM.bam	https://datasetencode.blob.core.windows.net/dataset/2016/09/09/6c5e5b43-d3b6-420e-b989-aad40092cb89/ENCFF951GRM.bam?sv=2019-10-10&si=prod&sr=c&sig=9qSQZo4ggrCNpybBExU8SypuUZV33igI11xw0P7rB3c%3D	Lab custom GRCh38	released			
ENCFF943MCZ	bam	bam		alignments	GRCh38	ENCSR121GQH	eCLIP	/human-donors/ENCDO000AAD/	EFO:0002067	K562	cell line	Homo sapiens										SERBP1-human	RNA				ultraviolet irradiation	strand-specific	2016-09-21	ENCODE		see document	175-300	1	1_1		40					/files/ENCFF690PXO/, /files/ENCFF412TCD/	16764668	Gene Yeo, UCSD	fe5cf59e336515dc3cbc745e1e40652b		https://www.encodeproject.org/files/ENCFF943MCZ/@@download/ENCFF943MCZ.bam				released	s3://encode-public/2016/09/09/ae415f4a-bd61-4d5a-a3dd-5d699acf5871/ENCFF943MCZ.bam	https://datasetencode.blob.core.windows.net/dataset/2016/09/09/ae415f4a-bd61-4d5a-a3dd-5d699acf5871/ENCFF943MCZ.bam?sv=2019-10-10&si=prod&sr=c&sig=9qSQZo4ggrCNpybBExU8SypuUZV33igI11xw0P7rB3c%3D	Lab custom GRCh38	released			
ENCFF812IPR	bam	bam		alignments	hg19	ENCSR339FUY	eCLIP	/human-donors/ENCDO000AAC/	EFO:0001187	HepG2	cell line	Homo sapiens										PCBP2-human	RNA				ultraviolet irradiation	strand-specific	2015-11-09	ENCODE		see document	175-300	1	1_1		38					/files/ENCFF332NKK/, /files/ENCFF893VXG/	455811933	Gene Yeo, UCSD	6025f077b3e903c2a1bc6bcb21a54ea7		https://www.encodeproject.org/files/ENCFF812IPR/@@download/ENCFF812IPR.bam				released	s3://encode-public/2016/03/24/ce6cd4e5-6261-4994-a4fa-fbf9362135c2/ENCFF812IPR.bam	https://datasetencode.blob.core.windows.net/dataset/2016/03/24/ce6cd4e5-6261-4994-a4fa-fbf9362135c2/ENCFF812IPR.bam?sv=2019-10-10&si=prod&sr=c&sig=9qSQZo4ggrCNpybBExU8SypuUZV33igI11xw0P7rB3c%3D	Lab custom hg19	archived	mixed read lengths		
ENCFF032HWP	bam	bam		alignments	hg19	ENCSR339FUY	eCLIP	/human-donors/ENCDO000AAC/	EFO:0001187	HepG2	cell line	Homo sapiens										PCBP2-human	RNA				ultraviolet irradiation	strand-specific	2015-11-09	ENCODE		see document	175-300	2	2_1		38					/files/ENCFF359KSX/, /files/ENCFF488GID/	245600469	Gene Yeo, UCSD	da8d66b1ec88073337f3fc4c35301115		https://www.encodeproject.org/files/ENCFF032HWP/@@download/ENCFF032HWP.bam				released	s3://encode-public/2016/03/24/2fde60e1-ed5b-4b53-a093-e8a4d7f5442d/ENCFF032HWP.bam	https://datasetencode.blob.core.windows.net/dataset/2016/03/24/2fde60e1-ed5b-4b53-a093-e8a4d7f5442d/ENCFF032HWP.bam?sv=2019-10-10&si=prod&sr=c&sig=9qSQZo4ggrCNpybBExU8SypuUZV33igI11xw0P7rB3c%3D	Lab custom hg19	archived	mixed read lengths		
ENCFF803QKO	bam	bam		alignments	GRCh38	ENCSR339FUY	eCLIP	/human-donors/ENCDO000AAC/	EFO:0001187	HepG2	cell line	Homo sapiens										PCBP2-human	RNA				ultraviolet irradiation	strand-specific	2015-11-09	ENCODE		see document	175-300	1	1_1		38					/files/ENCFF332NKK/, /files/ENCFF893VXG/	444725623	Gene Yeo, UCSD	e823609256962a240b7a2009b0dc4b76		https://www.encodeproject.org/files/ENCFF803QKO/@@download/ENCFF803QKO.bam				released	s3://encode-public/2016/09/09/8fdbba9a-0c92-489d-9bb9-d7d6789d6e2c/ENCFF803QKO.bam	https://datasetencode.blob.core.windows.net/dataset/2016/09/09/8fdbba9a-0c92-489d-9bb9-d7d6789d6e2c/ENCFF803QKO.bam?sv=2019-10-10&si=prod&sr=c&sig=9qSQZo4ggrCNpybBExU8SypuUZV33igI11xw0P7rB3c%3D	Lab custom GRCh38	released	mixed read lengths		
ENCFF547AHN	bam	bam		alignments	GRCh38	ENCSR339FUY	eCLIP	/human-donors/ENCDO000AAC/	EFO:0001187	HepG2	cell line	Homo sapiens										PCBP2-human	RNA				ultraviolet irradiation	strand-specific	2015-11-09	ENCODE		see document	175-300	2	2_1		38					/files/ENCFF359KSX/, /files/ENCFF488GID/	240233397	Gene Yeo, UCSD	43b78e4d7b1da86c10b1c42c72b97dc5		https://www.encodeproject.org/files/ENCFF547AHN/@@download/ENCFF547AHN.bam				released	s3://encode-public/2016/09/09/d87731f3-983c-439e-9e4c-81188a9517bf/ENCFF547AHN.bam	https://datasetencode.blob.core.windows.net/dataset/2016/09/09/d87731f3-983c-439e-9e4c-81188a9517bf/ENCFF547AHN.bam?sv=2019-10-10&si=prod&sr=c&sig=9qSQZo4ggrCNpybBExU8SypuUZV33igI11xw0P7rB3c%3D	Lab custom GRCh38	released	mixed read lengths		
ENCFF662GNC	bam	bam		alignments	hg19	ENCSR303OQD	eCLIP	/human-donors/ENCDO000AAD/	EFO:0002067	K562	cell line	Homo sapiens										METAP2-human	RNA				ultraviolet irradiation	strand-specific	2016-04-26	ENCODE		see document	175-300	2	2_1		43					/files/ENCFF305KBN/, /files/ENCFF255JDZ/	232427136	Gene Yeo, UCSD	c700afcdbdc096295ab14051276eea9e		https://www.encodeproject.org/files/ENCFF662GNC/@@download/ENCFF662GNC.bam				released	s3://encode-public/2016/03/11/9f5f225e-ac7f-4eee-a035-f294dfb0dd30/ENCFF662GNC.bam	https://datasetencode.blob.core.windows.net/dataset/2016/03/11/9f5f225e-ac7f-4eee-a035-f294dfb0dd30/ENCFF662GNC.bam?sv=2019-10-10&si=prod&sr=c&sig=9qSQZo4ggrCNpybBExU8SypuUZV33igI11xw0P7rB3c%3D	Lab custom hg19	archived	mixed read lengths		
ENCFF468ZMC	bam	bam		alignments	hg19	ENCSR303OQD	eCLIP	/human-donors/ENCDO000AAD/	EFO:0002067	K562	cell line	Homo sapiens										METAP2-human	RNA				ultraviolet irradiation	strand-specific	2016-04-26	ENCODE		see document	175-300	1	1_1		43					/files/ENCFF136TZL/, /files/ENCFF385LMB/	287324557	Gene Yeo, UCSD	31877b312672f1984bd6edc30defd449		https://www.encodeproject.org/files/ENCFF468ZMC/@@download/ENCFF468ZMC.bam				released	s3://encode-public/2016/03/11/c2ca05cf-3cae-47af-99ea-13b663ca6217/ENCFF468ZMC.bam	https://datasetencode.blob.core.windows.net/dataset/2016/03/11/c2ca05cf-3cae-47af-99ea-13b663ca6217/ENCFF468ZMC.bam?sv=2019-10-10&si=prod&sr=c&sig=9qSQZo4ggrCNpybBExU8SypuUZV33igI11xw0P7rB3c%3D	Lab custom hg19	archived	mixed read lengths		
ENCFF821QWP	bam	bam		alignments	GRCh38	ENCSR303OQD	eCLIP	/human-donors/ENCDO000AAD/	EFO:0002067	K562	cell line	Homo sapiens										METAP2-human	RNA				ultraviolet irradiation	strand-specific	2016-04-26	ENCODE		see document	175-300	1	1_1		43					/files/ENCFF136TZL/, /files/ENCFF385LMB/	281183084	Gene Yeo, UCSD	b074515224672fd8f46501a031775d57		https://www.encodeproject.org/files/ENCFF821QWP/@@download/ENCFF821QWP.bam				released	s3://encode-public/2016/09/09/cced5670-10e9-41ae-8fc2-6a4ae5b9d905/ENCFF821QWP.bam	https://datasetencode.blob.core.windows.net/dataset/2016/09/09/cced5670-10e9-41ae-8fc2-6a4ae5b9d905/ENCFF821QWP.bam?sv=2019-10-10&si=prod&sr=c&sig=9qSQZo4ggrCNpybBExU8SypuUZV33igI11xw0P7rB3c%3D	Lab custom GRCh38	released	mixed read lengths		
ENCFF130LEJ	bam	bam		alignments	GRCh38	ENCSR303OQD	eCLIP	/human-donors/ENCDO000AAD/	EFO:0002067	K562	cell line	Homo sapiens										METAP2-human	RNA				ultraviolet irradiation	strand-specific	2016-04-26	ENCODE		see document	175-300	2	2_1		43					/files/ENCFF305KBN/, /files/ENCFF255JDZ/	227004553	Gene Yeo, UCSD	405c8f0638e2383be051fc47f2be3449		https://www.encodeproject.org/files/ENCFF130LEJ/@@download/ENCFF130LEJ.bam				released	s3://encode-public/2016/09/09/7fc53442-cacb-4c3a-9dc9-9ca5f13f6eb4/ENCFF130LEJ.bam	https://datasetencode.blob.core.windows.net/dataset/2016/09/09/7fc53442-cacb-4c3a-9dc9-9ca5f13f6eb4/ENCFF130LEJ.bam?sv=2019-10-10&si=prod&sr=c&sig=9qSQZo4ggrCNpybBExU8SypuUZV33igI11xw0P7rB3c%3D	Lab custom GRCh38	released	mixed read lengths		
ENCFF457JWB	bam	bam		alignments	hg19	ENCSR893EFU	eCLIP	/human-donors/ENCDO000AAD/	EFO:0002067	K562	cell line	Homo sapiens										DDX6-human	RNA				ultraviolet irradiation	strand-specific	2016-04-26	ENCODE		see document	175-300	1	1_1		43					/files/ENCFF024VZT/, /files/ENCFF163DCH/	133422904	Gene Yeo, UCSD	645075b7d73341e0a237ecdd4eb6d951		https://www.encodeproject.org/files/ENCFF457JWB/@@download/ENCFF457JWB.bam				released	s3://encode-public/2016/03/17/adb688fa-5dee-49a8-a84b-c43692ca1fca/ENCFF457JWB.bam	https://datasetencode.blob.core.windows.net/dataset/2016/03/17/adb688fa-5dee-49a8-a84b-c43692ca1fca/ENCFF457JWB.bam?sv=2019-10-10&si=prod&sr=c&sig=9qSQZo4ggrCNpybBExU8SypuUZV33igI11xw0P7rB3c%3D	Lab custom hg19	archived	mixed read lengths		
ENCFF766EMG	bam	bam		alignments	hg19	ENCSR893EFU	eCLIP	/human-donors/ENCDO000AAD/	EFO:0002067	K562	cell line	Homo sapiens										DDX6-human	RNA				ultraviolet irradiation	strand-specific	2016-04-26	ENCODE		see document	175-300	2	2_1		43					/files/ENCFF259KOV/, /files/ENCFF915SRQ/	320737806	Gene Yeo, UCSD	231ac34b6b68c366441b3963574febc7		https://www.encodeproject.org/files/ENCFF766EMG/@@download/ENCFF766EMG.bam				released	s3://encode-public/2016/03/17/612575c6-d59b-46a0-9ec2-98085ee48311/ENCFF766EMG.bam	https://datasetencode.blob.core.windows.net/dataset/2016/03/17/612575c6-d59b-46a0-9ec2-98085ee48311/ENCFF766EMG.bam?sv=2019-10-10&si=prod&sr=c&sig=9qSQZo4ggrCNpybBExU8SypuUZV33igI11xw0P7rB3c%3D	Lab custom hg19	archived	mixed read lengths		
ENCFF515CUN	bam	bam		alignments	GRCh38	ENCSR893EFU	eCLIP	/human-donors/ENCDO000AAD/	EFO:0002067	K562	cell line	Homo sapiens										DDX6-human	RNA				ultraviolet irradiation	strand-specific	2016-04-26	ENCODE		see document	175-300	1	1_1		43					/files/ENCFF024VZT/, /files/ENCFF163DCH/	129957989	Gene Yeo, UCSD	807b267f2913f7d6fd80b0f3bb57339b		https://www.encodeproject.org/files/ENCFF515CUN/@@download/ENCFF515CUN.bam				released	s3://encode-public/2016/09/09/f808a3a9-e80c-4a05-b34e-26579d4df896/ENCFF515CUN.bam	https://datasetencode.blob.core.windows.net/dataset/2016/09/09/f808a3a9-e80c-4a05-b34e-26579d4df896/ENCFF515CUN.bam?sv=2019-10-10&si=prod&sr=c&sig=9qSQZo4ggrCNpybBExU8SypuUZV33igI11xw0P7rB3c%3D	Lab custom GRCh38	released	mixed read lengths		
ENCFF242MDU	bam	bam		alignments	GRCh38	ENCSR893EFU	eCLIP	/human-donors/ENCDO000AAD/	EFO:0002067	K562	cell line	Homo sapiens										DDX6-human	RNA				ultraviolet irradiation	strand-specific	2016-04-26	ENCODE		see document	175-300	2	2_1		43					/files/ENCFF259KOV/, /files/ENCFF915SRQ/	314047383	Gene Yeo, UCSD	34964f738ff7ebb74a306aaa4eb54996		https://www.encodeproject.org/files/ENCFF242MDU/@@download/ENCFF242MDU.bam				released	s3://encode-public/2016/09/09/5af3d6df-0152-49f3-a594-5e5ec3e511cc/ENCFF242MDU.bam	https://datasetencode.blob.core.windows.net/dataset/2016/09/09/5af3d6df-0152-49f3-a594-5e5ec3e511cc/ENCFF242MDU.bam?sv=2019-10-10&si=prod&sr=c&sig=9qSQZo4ggrCNpybBExU8SypuUZV33igI11xw0P7rB3c%3D	Lab custom GRCh38	released	mixed read lengths		
ENCFF826HOQ	bam	bam		alignments	hg19	ENCSR923NKN	eCLIP	/human-donors/ENCDO000AAD/	EFO:0002067	K562	cell line	Homo sapiens										DDX55-human	RNA				ultraviolet irradiation	strand-specific	2016-04-26	ENCODE		see document	175-300	1	1_1		39					/files/ENCFF782ZSQ/, /files/ENCFF438QZI/	230580680	Gene Yeo, UCSD	0d4497830d52e6926ec53a52cfa2d865		https://www.encodeproject.org/files/ENCFF826HOQ/@@download/ENCFF826HOQ.bam				released	s3://encode-public/2016/03/17/f04fae01-5522-4dcd-a013-5871b2a21066/ENCFF826HOQ.bam	https://datasetencode.blob.core.windows.net/dataset/2016/03/17/f04fae01-5522-4dcd-a013-5871b2a21066/ENCFF826HOQ.bam?sv=2019-10-10&si=prod&sr=c&sig=9qSQZo4ggrCNpybBExU8SypuUZV33igI11xw0P7rB3c%3D	Lab custom hg19	archived			
ENCFF492LNE	bam	bam		alignments	hg19	ENCSR923NKN	eCLIP	/human-donors/ENCDO000AAD/	EFO:0002067	K562	cell line	Homo sapiens										DDX55-human	RNA				ultraviolet irradiation	strand-specific	2016-04-26	ENCODE		see document	175-300	2	2_1		39					/files/ENCFF992HTJ/, /files/ENCFF667IWN/	233579844	Gene Yeo, UCSD	a3d76b3e0636e4a01616b6fdfb38c3e7		https://www.encodeproject.org/files/ENCFF492LNE/@@download/ENCFF492LNE.bam				released	s3://encode-public/2016/03/17/19ff286a-830a-4d38-96fc-467151002110/ENCFF492LNE.bam	https://datasetencode.blob.core.windows.net/dataset/2016/03/17/19ff286a-830a-4d38-96fc-467151002110/ENCFF492LNE.bam?sv=2019-10-10&si=prod&sr=c&sig=9qSQZo4ggrCNpybBExU8SypuUZV33igI11xw0P7rB3c%3D	Lab custom hg19	archived			
ENCFF162LAM	bam	bam		alignments	GRCh38	ENCSR923NKN	eCLIP	/human-donors/ENCDO000AAD/	EFO:0002067	K562	cell line	Homo sapiens										DDX55-human	RNA				ultraviolet irradiation	strand-specific	2016-04-26	ENCODE		see document	175-300	1	1_1		39					/files/ENCFF782ZSQ/, /files/ENCFF438QZI/	222832940	Gene Yeo, UCSD	d7e6a0797e4f2ad62c53416fd0c293e3		https://www.encodeproject.org/files/ENCFF162LAM/@@download/ENCFF162LAM.bam				released	s3://encode-public/2016/09/09/de1ab517-ef28-47fa-ae08-cf5e3894cd7b/ENCFF162LAM.bam	https://datasetencode.blob.core.windows.net/dataset/2016/09/09/de1ab517-ef28-47fa-ae08-cf5e3894cd7b/ENCFF162LAM.bam?sv=2019-10-10&si=prod&sr=c&sig=9qSQZo4ggrCNpybBExU8SypuUZV33igI11xw0P7rB3c%3D	Lab custom GRCh38	released			
ENCFF553EAL	bam	bam		alignments	GRCh38	ENCSR923NKN	eCLIP	/human-donors/ENCDO000AAD/	EFO:0002067	K562	cell line	Homo sapiens										DDX55-human	RNA				ultraviolet irradiation	strand-specific	2016-04-26	ENCODE		see document	175-300	2	2_1		39					/files/ENCFF992HTJ/, /files/ENCFF667IWN/	217531030	Gene Yeo, UCSD	17bfec9387d3972fe54bc161f3a3aba3		https://www.encodeproject.org/files/ENCFF553EAL/@@download/ENCFF553EAL.bam				released	s3://encode-public/2016/09/09/5a42158e-042a-4f32-be96-086a5e5a5a69/ENCFF553EAL.bam	https://datasetencode.blob.core.windows.net/dataset/2016/09/09/5a42158e-042a-4f32-be96-086a5e5a5a69/ENCFF553EAL.bam?sv=2019-10-10&si=prod&sr=c&sig=9qSQZo4ggrCNpybBExU8SypuUZV33igI11xw0P7rB3c%3D	Lab custom GRCh38	released			
ENCFF974XMI	bam	bam		alignments	hg19	ENCSR059CWF	eCLIP	/human-donors/ENCDO000AAD/	EFO:0002067	K562	cell line	Homo sapiens										SBDS-human	RNA				ultraviolet irradiation	strand-specific	2015-11-09	ENCODE		see document	175-300	2	2_1		35					/files/ENCFF114WDK/, /files/ENCFF385QVY/	43188613	Gene Yeo, UCSD	bf57758235fb0cd778b16276c37947d0		https://www.encodeproject.org/files/ENCFF974XMI/@@download/ENCFF974XMI.bam				released	s3://encode-public/2016/03/24/5c106b49-d2bd-4312-a38d-fe8ed898f4f8/ENCFF974XMI.bam	https://datasetencode.blob.core.windows.net/dataset/2016/03/24/5c106b49-d2bd-4312-a38d-fe8ed898f4f8/ENCFF974XMI.bam?sv=2019-10-10&si=prod&sr=c&sig=9qSQZo4ggrCNpybBExU8SypuUZV33igI11xw0P7rB3c%3D	Lab custom hg19	archived			
ENCFF840JWJ	bam	bam		alignments	hg19	ENCSR059CWF	eCLIP	/human-donors/ENCDO000AAD/	EFO:0002067	K562	cell line	Homo sapiens										SBDS-human	RNA				ultraviolet irradiation	strand-specific	2015-11-09	ENCODE		see document	175-300	1	1_1		35					/files/ENCFF523LSW/, /files/ENCFF932LRA/	60529231	Gene Yeo, UCSD	50e299cfd5db9f5ff546a8c6396f6882		https://www.encodeproject.org/files/ENCFF840JWJ/@@download/ENCFF840JWJ.bam				released	s3://encode-public/2016/03/24/e038951a-a834-4446-a5e1-6376c101adcf/ENCFF840JWJ.bam	https://datasetencode.blob.core.windows.net/dataset/2016/03/24/e038951a-a834-4446-a5e1-6376c101adcf/ENCFF840JWJ.bam?sv=2019-10-10&si=prod&sr=c&sig=9qSQZo4ggrCNpybBExU8SypuUZV33igI11xw0P7rB3c%3D	Lab custom hg19	archived			
ENCFF635ASG	bam	bam		alignments	GRCh38	ENCSR059CWF	eCLIP	/human-donors/ENCDO000AAD/	EFO:0002067	K562	cell line	Homo sapiens										SBDS-human	RNA				ultraviolet irradiation	strand-specific	2015-11-09	ENCODE		see document	175-300	1	1_1		35					/files/ENCFF523LSW/, /files/ENCFF932LRA/	58001335	Gene Yeo, UCSD	6d50e650eec63205faf6ecd02599a140		https://www.encodeproject.org/files/ENCFF635ASG/@@download/ENCFF635ASG.bam				released	s3://encode-public/2016/09/09/81a34d1a-9257-47ea-84cd-01b31c12a88e/ENCFF635ASG.bam	https://datasetencode.blob.core.windows.net/dataset/2016/09/09/81a34d1a-9257-47ea-84cd-01b31c12a88e/ENCFF635ASG.bam?sv=2019-10-10&si=prod&sr=c&sig=9qSQZo4ggrCNpybBExU8SypuUZV33igI11xw0P7rB3c%3D	Lab custom GRCh38	released			
ENCFF281FSP	bam	bam		alignments	GRCh38	ENCSR059CWF	eCLIP	/human-donors/ENCDO000AAD/	EFO:0002067	K562	cell line	Homo sapiens										SBDS-human	RNA				ultraviolet irradiation	strand-specific	2015-11-09	ENCODE		see document	175-300	2	2_1		35					/files/ENCFF114WDK/, /files/ENCFF385QVY/	40490745	Gene Yeo, UCSD	b6ca64fc5003cb16ff0081672bd89a49		https://www.encodeproject.org/files/ENCFF281FSP/@@download/ENCFF281FSP.bam				released	s3://encode-public/2016/09/09/74012929-129e-4fb7-b110-2aa016e8ee35/ENCFF281FSP.bam	https://datasetencode.blob.core.windows.net/dataset/2016/09/09/74012929-129e-4fb7-b110-2aa016e8ee35/ENCFF281FSP.bam?sv=2019-10-10&si=prod&sr=c&sig=9qSQZo4ggrCNpybBExU8SypuUZV33igI11xw0P7rB3c%3D	Lab custom GRCh38	released			
