Cell Line	Column	Column Type	Sorted RBP Pair	RBP 1	Position 1	RBP 2	Position 2	# UBPs - Bound-Only	Value - Bound-Only	PPI	Abs. SHAP Value
HepG2	G3BP1_4-LARP4_4-interaction-shap	interaction	G3BP1-LARP4	G3BP1	4	LARP4	4	266	1.5484907627105713	false	1.5484907627105713
HepG2	PPIG_3-TARDBP_5-interaction-shap	interaction	PPIG-TARDBP	PPIG	3	TARDBP	5	138	1.1819193363189697	false	1.1819193363189697
HepG2	GTF2F1_2-EFTUD2_4-interaction-shap	interaction	EFTUD2-GTF2F1	GTF2F1	2	EFTUD2	4	238	0.6369216442108154	false	0.6369216442108154
HepG2	QKI_3-U2AF2_3-interaction-shap	interaction	QKI-U2AF2	QKI	3	U2AF2	3	102	0.6366861462593079	false	0.6366861462593079
HepG2	UCHL5_2-PPIG_4-interaction-shap	interaction	PPIG-UCHL5	UCHL5	2	PPIG	4	711	0.5676208138465881	false	0.5676208138465881
HepG2	PCBP2_6-UCHL5_6-interaction-shap	interaction	PCBP2-UCHL5	PCBP2	6	UCHL5	6	11	0.562859058380127	false	0.562859058380127
HepG2	RBM22_2-FAM120A_5-interaction-shap	interaction	FAM120A-RBM22	RBM22	2	FAM120A	5	57	0.5268276333808899	false	0.5268276333808899
HepG2	HNRNPK_3-PPIG_5-interaction-shap	interaction	HNRNPK-PPIG	HNRNPK	3	PPIG	5	205	0.5265262126922607	false	0.5265262126922607
HepG2	IGF2BP1_4-TARDBP_4-interaction-shap	interaction	IGF2BP1-TARDBP	IGF2BP1	4	TARDBP	4	58	0.5076203346252441	false	0.5076203346252441
HepG2	G3BP1_4-PPIG_4-interaction-shap	interaction	G3BP1-PPIG	G3BP1	4	PPIG	4	851	0.5012828707695007	false	0.5012828707695007
HepG2	PPIG_2-QKI_4-interaction-shap	interaction	PPIG-QKI	PPIG	2	QKI	4	80	0.4960769712924957	false	0.4960769712924957
HepG2	EFTUD2_2-QKI_5-interaction-shap	interaction	EFTUD2-QKI	EFTUD2	2	QKI	5	97	0.49123701453208923	false	0.49123701453208923
HepG2	U2AF1_3-PPIG_4-interaction-shap	interaction	PPIG-U2AF1	U2AF1	3	PPIG	4	325	0.4834870398044586	false	0.4834870398044586
HepG2	LARP4_2-RBFOX2_2-interaction-shap	interaction	LARP4-RBFOX2	LARP4	2	RBFOX2	2	112	0.47690609097480774	false	0.47690609097480774
HepG2	FXR2_4-G3BP1_4-interaction-shap	interaction	FXR2-G3BP1	FXR2	4	G3BP1	4	450	0.4610728323459625	false	0.4610728323459625
HepG2	CSTF2T_3-PRPF4_6-interaction-shap	interaction	CSTF2T-PRPF4	CSTF2T	3	PRPF4	6	51	0.45566636323928833	false	0.45566636323928833
HepG2	PTBP1_3-CSTF2T_5-interaction-shap	interaction	CSTF2T-PTBP1	PTBP1	3	CSTF2T	5	25	0.43156903982162476	false	0.43156903982162476
HepG2	QKI_4-SUGP2_4-interaction-shap	interaction	QKI-SUGP2	QKI	4	SUGP2	4	8	0.43139833211898804	false	0.43139833211898804
HepG2	RBFOX2_4-SUGP2_4-interaction-shap	interaction	RBFOX2-SUGP2	RBFOX2	4	SUGP2	4	8	0.42487573623657227	false	0.42487573623657227
HepG2	PPIG_4-TIA1_4-interaction-shap	interaction	PPIG-TIA1	PPIG	4	TIA1	4	211	0.4148852825164795	false	0.4148852825164795
HepG2	LARP4_2-PPIG_2-interaction-shap	interaction	LARP4-PPIG	LARP4	2	PPIG	2	203	0.41219887137413025	false	0.41219887137413025
HepG2	PPIG_4-TIAL1_6-interaction-shap	interaction	PPIG-TIAL1	PPIG	4	TIAL1	6	399	0.41068053245544434	false	0.41068053245544434
HepG2	PTBP1_2-SF3B4_5-interaction-shap	interaction	PTBP1-SF3B4	PTBP1	2	SF3B4	5	107	0.40472692251205444	false	0.40472692251205444
HepG2	LIN28B_4-RPS3_5-interaction-shap	interaction	LIN28B-RPS3	LIN28B	4	RPS3	5	408	0.40104901790618896	false	0.40104901790618896
HepG2	PPIG_4-DDX3X_5-interaction-shap	interaction	DDX3X-PPIG	PPIG	4	DDX3X	5	36	0.38141125440597534	false	0.38141125440597534
HepG2	SF3A3_3-SF3B4_3-interaction-shap	interaction	SF3A3-SF3B4	SF3A3	3	SF3B4	3	3360	0.37922316789627075	false	0.37922316789627075
HepG2	CSTF2T_3-ILF3_3-interaction-shap	interaction	CSTF2T-ILF3	CSTF2T	3	ILF3	3	34	0.3735436499118805	false	0.3735436499118805
HepG2	DDX3X_1-G3BP1_6-interaction-shap	interaction	DDX3X-G3BP1	DDX3X	1	G3BP1	6	312	0.371936559677124	false	0.371936559677124
HepG2	EIF3D_5-G3BP1_5-interaction-shap	interaction	EIF3D-G3BP1	EIF3D	5	G3BP1	5	24	0.365623414516449	false	0.365623414516449
HepG2	G3BP1_3-SF3B4_3-interaction-shap	interaction	G3BP1-SF3B4	G3BP1	3	SF3B4	3	511	0.3630695939064026	false	0.3630695939064026
HepG2	SF3B4_3-TIA1_4-interaction-shap	interaction	SF3B4-TIA1	SF3B4	3	TIA1	4	332	0.3573627471923828	false	0.3573627471923828
HepG2	LARP4_3-RPS3_3-interaction-shap	interaction	LARP4-RPS3	LARP4	3	RPS3	3	603	0.3540446162223816	false	0.3540446162223816
HepG2	DDX3X_1-TIAL1_4-interaction-shap	interaction	DDX3X-TIAL1	DDX3X	1	TIAL1	4	167	0.35094180703163147	false	0.35094180703163147
HepG2	BUD13_4-EFTUD2_4-interaction-shap	interaction	BUD13-EFTUD2	BUD13	4	EFTUD2	4	1494	0.3444727957248688	false	0.3444727957248688
HepG2	RBM22_3-SF3A3_5-interaction-shap	interaction	RBM22-SF3A3	RBM22	3	SF3A3	5	44	0.3413515090942383	false	0.3413515090942383
HepG2	IGF2BP1_3-SF3B4_3-interaction-shap	interaction	IGF2BP1-SF3B4	IGF2BP1	3	SF3B4	3	197	0.3372955024242401	false	0.3372955024242401
HepG2	DDX3X_1-SRSF9_1-interaction-shap	interaction	DDX3X-SRSF9	DDX3X	1	SRSF9	1	34	0.33479344844818115	false	0.33479344844818115
HepG2	IGF2BP1_3-IGF2BP3_3-interaction-shap	interaction	IGF2BP1-IGF2BP3	IGF2BP1	3	IGF2BP3	3	366	0.3322814702987671	false	0.3322814702987671
HepG2	SUGP2_4-U2AF2_5-interaction-shap	interaction	SUGP2-U2AF2	SUGP2	4	U2AF2	5	8	0.3243553042411804	false	0.3243553042411804
HepG2	EFTUD2_2-HNRNPC_4-interaction-shap	interaction	EFTUD2-HNRNPC	EFTUD2	2	HNRNPC	4	22	0.30849364399909973	false	0.30849364399909973
HepG2	SF3B4_4-PPIG_6-interaction-shap	interaction	PPIG-SF3B4	SF3B4	4	PPIG	6	253	0.3062613904476166	false	0.3062613904476166
HepG2	BUD13_3-RBM22_3-interaction-shap	interaction	BUD13-RBM22	BUD13	3	RBM22	3	44	0.3055383861064911	false	0.3055383861064911
HepG2	U2AF1_2-U2AF2_2-interaction-shap	interaction	U2AF1-U2AF2	U2AF1	2	U2AF2	2	164	0.2977565824985504	true	0.2977565824985504
HepG2	DDX3X_4-RBFOX2_4-interaction-shap	interaction	DDX3X-RBFOX2	DDX3X	4	RBFOX2	4	116	0.29279160499572754	false	0.29279160499572754
HepG2	DDX3X_1-TRA2A_5-interaction-shap	interaction	DDX3X-TRA2A	DDX3X	1	TRA2A	5	48	0.2914459705352783	false	0.2914459705352783
HepG2	SUB1_2-PPIG_6-interaction-shap	interaction	PPIG-SUB1	SUB1	2	PPIG	6	118	0.290140837430954	false	0.290140837430954
HepG2	LIN28B_3-SF3B4_5-interaction-shap	interaction	LIN28B-SF3B4	LIN28B	3	SF3B4	5	214	0.2885938882827759	false	0.2885938882827759
HepG2	QKI_4-RBFOX2_4-interaction-shap	interaction	QKI-RBFOX2	QKI	4	RBFOX2	4	51	0.2875877320766449	true	0.2875877320766449
HepG2	BUD13_3-GTF2F1_3-interaction-shap	interaction	BUD13-GTF2F1	BUD13	3	GTF2F1	3	184	0.2789795696735382	false	0.2789795696735382
HepG2	BUD13_5-RPS3_5-interaction-shap	interaction	BUD13-RPS3	BUD13	5	RPS3	5	377	0.27747464179992676	false	0.27747464179992676
HepG2	DDX3X_5-LIN28B_6-interaction-shap	interaction	DDX3X-LIN28B	DDX3X	5	LIN28B	6	63	0.27732962369918823	false	0.27732962369918823
HepG2	BUD13_3-PPIG_4-interaction-shap	interaction	BUD13-PPIG	BUD13	3	PPIG	4	1721	0.26631757616996765	false	0.26631757616996765
HepG2	QKI_4-U2AF1_4-interaction-shap	interaction	QKI-U2AF1	QKI	4	U2AF1	4	21	0.26616016030311584	false	0.26616016030311584
HepG2	RBM22_2-QKI_3-interaction-shap	interaction	QKI-RBM22	RBM22	2	QKI	3	52	0.26299920678138733	false	0.26299920678138733
HepG2	GTF2F1_2-PCBP2_2-interaction-shap	interaction	GTF2F1-PCBP2	GTF2F1	2	PCBP2	2	810	0.2625763416290283	false	0.2625763416290283
HepG2	SF3B4_3-SRSF1_4-interaction-shap	interaction	SF3B4-SRSF1	SF3B4	3	SRSF1	4	347	0.26020458340644836	false	0.26020458340644836
HepG2	RBM5_3-U2AF2_5-interaction-shap	interaction	RBM5-U2AF2	RBM5	3	U2AF2	5	215	0.25949737429618835	false	0.25949737429618835
HepG2	RBM5_3-SF3A3_5-interaction-shap	interaction	RBM5-SF3A3	RBM5	3	SF3A3	5	393	0.25926685333251953	false	0.25926685333251953
HepG2	DDX3X_2-NKRF_2-interaction-shap	interaction	DDX3X-NKRF	DDX3X	2	NKRF	2	258	0.2587779462337494	false	0.2587779462337494
HepG2	DDX3X_3-BUD13_5-interaction-shap	interaction	BUD13-DDX3X	DDX3X	3	BUD13	5	238	0.25712698698043823	false	0.25712698698043823
HepG2	HNRNPK_3-ILF3_3-interaction-shap	interaction	HNRNPK-ILF3	HNRNPK	3	ILF3	3	31	0.2570432126522064	false	0.2570432126522064
HepG2	FUBP3_6-TIAL1_6-interaction-shap	interaction	FUBP3-TIAL1	FUBP3	6	TIAL1	6	209	0.2511662244796753	false	0.2511662244796753
HepG2	SRSF1_2-PPIG_5-interaction-shap	interaction	PPIG-SRSF1	SRSF1	2	PPIG	5	717	0.2494770586490631	false	0.2494770586490631
HepG2	SF3B4_1-XPO5_3-interaction-shap	interaction	SF3B4-XPO5	SF3B4	1	XPO5	3	95	0.24932445585727692	false	0.24932445585727692
HepG2	U2AF2_2-EIF3D_6-interaction-shap	interaction	EIF3D-U2AF2	U2AF2	2	EIF3D	6	10	0.24907954037189484	false	0.24907954037189484
HepG2	NKRF_2-U2AF2_5-interaction-shap	interaction	NKRF-U2AF2	NKRF	2	U2AF2	5	70	0.24837064743041992	false	0.24837064743041992
HepG2	EFTUD2_2-FKBP4_2-interaction-shap	interaction	EFTUD2-FKBP4	EFTUD2	2	FKBP4	2	376	0.24383856356143951	false	0.24383856356143951
HepG2	PPIG_2-EIF3D_6-interaction-shap	interaction	EIF3D-PPIG	PPIG	2	EIF3D	6	115	0.24354609847068787	false	0.24354609847068787
HepG2	LIN28B_2-U2AF2_3-interaction-shap	interaction	LIN28B-U2AF2	LIN28B	2	U2AF2	3	112	0.24349044263362885	false	0.24349044263362885
HepG2	U2AF2_3-SUB1_6-interaction-shap	interaction	SUB1-U2AF2	U2AF2	3	SUB1	6	164	0.24110642075538635	false	0.24110642075538635
HepG2	U2AF1_2-SF3B4_5-interaction-shap	interaction	SF3B4-U2AF1	U2AF1	2	SF3B4	5	179	0.23954226076602936	false	0.23954226076602936
HepG2	G3BP1_3-LIN28B_4-interaction-shap	interaction	G3BP1-LIN28B	G3BP1	3	LIN28B	4	115	0.23832720518112183	false	0.23832720518112183
HepG2	PPIG_4-RBFOX2_4-interaction-shap	interaction	PPIG-RBFOX2	PPIG	4	RBFOX2	4	467	0.23773698508739471	false	0.23773698508739471
HepG2	BUD13_3-PRPF4_3-interaction-shap	interaction	BUD13-PRPF4	BUD13	3	PRPF4	3	755	0.23461109399795532	false	0.23461109399795532
HepG2	FXR2_4-LARP4_4-interaction-shap	interaction	FXR2-LARP4	FXR2	4	LARP4	4	23	0.2261579930782318	false	0.2261579930782318
HepG2	FASTKD2_2-SF3B4_5-interaction-shap	interaction	FASTKD2-SF3B4	FASTKD2	2	SF3B4	5	161	0.22376616299152374	false	0.22376616299152374
HepG2	ILF3_4-RBM22_4-interaction-shap	interaction	ILF3-RBM22	ILF3	4	RBM22	4	21	0.22238227725028992	false	0.22238227725028992
HepG2	G3BP1_1-IGF2BP1_1-interaction-shap	interaction	G3BP1-IGF2BP1	G3BP1	1	IGF2BP1	1	52	0.2163778692483902	false	0.2163778692483902
HepG2	LARP4_3-XRN2_4-interaction-shap	interaction	LARP4-XRN2	LARP4	3	XRN2	4	10	0.2112647145986557	false	0.2112647145986557
HepG2	RPS3_1-IGF2BP3_5-interaction-shap	interaction	IGF2BP3-RPS3	RPS3	1	IGF2BP3	5	264	0.21093833446502686	false	0.21093833446502686
HepG2	U2AF2_4-PPIG_6-interaction-shap	interaction	PPIG-U2AF2	U2AF2	4	PPIG	6	327	0.20997701585292816	false	0.20997701585292816
HepG2	CSTF2T_3-RBFOX2_3-interaction-shap	interaction	CSTF2T-RBFOX2	CSTF2T	3	RBFOX2	3	169	0.20763638615608215	false	0.20763638615608215
HepG2	RPS3_4-SUB1_4-interaction-shap	interaction	RPS3-SUB1	RPS3	4	SUB1	4	132	0.20718233287334442	false	0.20718233287334442
HepG2	IGF2BP1_5-U2AF2_5-interaction-shap	interaction	IGF2BP1-U2AF2	IGF2BP1	5	U2AF2	5	124	0.20578478276729584	false	0.20578478276729584
HepG2	EFTUD2_2-PPIG_3-interaction-shap	interaction	EFTUD2-PPIG	EFTUD2	2	PPIG	3	1917	0.20301078259944916	false	0.20301078259944916
HepG2	NOLC1_1-LIN28B_4-interaction-shap	interaction	LIN28B-NOLC1	NOLC1	1	LIN28B	4	225	0.1960049569606781	false	0.1960049569606781
HepG2	RBM22_2-RPS3_4-interaction-shap	interaction	RBM22-RPS3	RBM22	2	RPS3	4	418	0.19592545926570892	false	0.19592545926570892
HepG2	RBM22_2-HNRNPC_3-interaction-shap	interaction	HNRNPC-RBM22	RBM22	2	HNRNPC	3	7	0.19356124103069305	false	0.19356124103069305
HepG2	RBM5_3-U2AF1_3-interaction-shap	interaction	RBM5-U2AF1	RBM5	3	U2AF1	3	145	0.19262045621871948	false	0.19262045621871948
HepG2	IGF2BP1_4-LIN28B_4-interaction-shap	interaction	IGF2BP1-LIN28B	IGF2BP1	4	LIN28B	4	58	0.19167757034301758	false	0.19167757034301758
HepG2	PPIG_4-RBM22_4-interaction-shap	interaction	PPIG-RBM22	PPIG	4	RBM22	4	1074	0.19066090881824493	false	0.19066090881824493
HepG2	DDX3X_3-EFTUD2_3-interaction-shap	interaction	DDX3X-EFTUD2	DDX3X	3	EFTUD2	3	370	0.18305416405200958	false	0.18305416405200958
HepG2	EFTUD2_4-SF3B4_4-interaction-shap	interaction	EFTUD2-SF3B4	EFTUD2	4	SF3B4	4	247	0.18185308575630188	false	0.18185308575630188
HepG2	LARP4_3-SUB1_5-interaction-shap	interaction	LARP4-SUB1	LARP4	3	SUB1	5	299	0.18113192915916443	false	0.18113192915916443
HepG2	U2AF2_3-FXR2_6-interaction-shap	interaction	FXR2-U2AF2	U2AF2	3	FXR2	6	199	0.17990727722644806	false	0.17990727722644806
HepG2	PTBP1_2-PRPF4_6-interaction-shap	interaction	PRPF4-PTBP1	PTBP1	2	PRPF4	6	24	0.1798648089170456	false	0.1798648089170456
HepG2	U2AF2_3-PCBP1_6-interaction-shap	interaction	PCBP1-U2AF2	U2AF2	3	PCBP1	6	49	0.1795504242181778	false	0.1795504242181778
HepG2	QKI_3-SF3A3_5-interaction-shap	interaction	QKI-SF3A3	QKI	3	SF3A3	5	43	0.1758456826210022	false	0.1758456826210022
HepG2	SUB1_4-SF3A3_5-interaction-shap	interaction	SF3A3-SUB1	SUB1	4	SF3A3	5	156	0.175093412399292	false	0.175093412399292
HepG2	U2AF2_3-SF3A3_5-interaction-shap	interaction	SF3A3-U2AF2	U2AF2	3	SF3A3	5	1021	0.1730319708585739	false	0.1730319708585739
HepG2	RBM22_2-PTBP1_6-interaction-shap	interaction	PTBP1-RBM22	RBM22	2	PTBP1	6	21	0.17074520885944366	false	0.17074520885944366
HepG2	DDX3X_1-TIA1_6-interaction-shap	interaction	DDX3X-TIA1	DDX3X	1	TIA1	6	98	0.17022423446178436	false	0.17022423446178436
HepG2	TARDBP_1-SF3B4_3-interaction-shap	interaction	SF3B4-TARDBP	TARDBP	1	SF3B4	3	100	0.16989466547966003	false	0.16989466547966003
HepG2	SF3B4_1-QKI_4-interaction-shap	interaction	QKI-SF3B4	SF3B4	1	QKI	4	41	0.1698940247297287	false	0.1698940247297287
HepG2	G3BP1_3-RBFOX2_4-interaction-shap	interaction	G3BP1-RBFOX2	G3BP1	3	RBFOX2	4	60	0.16640505194664001	false	0.16640505194664001
HepG2	RBFOX2_4-EFTUD2_5-interaction-shap	interaction	EFTUD2-RBFOX2	RBFOX2	4	EFTUD2	5	439	0.1661873757839203	false	0.1661873757839203
HepG2	LARP4_6-LIN28B_6-interaction-shap	interaction	LARP4-LIN28B	LARP4	6	LIN28B	6	454	0.1648302972316742	false	0.1648302972316742
HepG2	SF3A3_3-TARDBP_5-interaction-shap	interaction	SF3A3-TARDBP	SF3A3	3	TARDBP	5	88	0.1643410176038742	false	0.1643410176038742
HepG2	EFTUD2_5-RBM22_6-interaction-shap	interaction	EFTUD2-RBM22	EFTUD2	5	RBM22	6	469	0.16411487758159637	false	0.16411487758159637
HepG2	IGF2BP1_1-TIA1_2-interaction-shap	interaction	IGF2BP1-TIA1	IGF2BP1	1	TIA1	2	120	0.1637686789035797	false	0.1637686789035797
HepG2	BUD13_3-IGF2BP1_4-interaction-shap	interaction	BUD13-IGF2BP1	BUD13	3	IGF2BP1	4	22	0.16272921860218048	false	0.16272921860218048
HepG2	DDX3X_5-SF3B4_5-interaction-shap	interaction	DDX3X-SF3B4	DDX3X	5	SF3B4	5	303	0.16268810629844666	false	0.16268810629844666
HepG2	DDX3X_3-LARP4_3-interaction-shap	interaction	DDX3X-LARP4	DDX3X	3	LARP4	3	445	0.1594213992357254	false	0.1594213992357254
HepG2	QKI_4-DDX3X_5-interaction-shap	interaction	DDX3X-QKI	QKI	4	DDX3X	5	6	0.15821103751659393	false	0.15821103751659393
HepG2	SF3A3_3-PCBP1_6-interaction-shap	interaction	PCBP1-SF3A3	SF3A3	3	PCBP1	6	125	0.15778382122516632	false	0.15778382122516632
HepG2	SUB1_2-IGF2BP1_5-interaction-shap	interaction	IGF2BP1-SUB1	SUB1	2	IGF2BP1	5	18	0.1562250852584839	false	0.1562250852584839
HepG2	DDX3X_1-SUB1_2-interaction-shap	interaction	DDX3X-SUB1	DDX3X	1	SUB1	2	128	0.1557076871395111	false	0.1557076871395111
HepG2	SF3B4_2-HNRNPK_3-interaction-shap	interaction	HNRNPK-SF3B4	SF3B4	2	HNRNPK	3	35	0.15470434725284576	false	0.15470434725284576
HepG2	SF3B4_1-NKRF_3-interaction-shap	interaction	NKRF-SF3B4	SF3B4	1	NKRF	3	78	0.15372024476528168	false	0.15372024476528168
HepG2	G3BP1_2-SUB1_5-interaction-shap	interaction	G3BP1-SUB1	G3BP1	2	SUB1	5	83	0.1531956046819687	false	0.1531956046819687
HepG2	G3BP1_4-RPS3_6-interaction-shap	interaction	G3BP1-RPS3	G3BP1	4	RPS3	6	395	0.1500043123960495	false	0.1500043123960495
HepG2	LIN28B_3-SUGP2_3-interaction-shap	interaction	LIN28B-SUGP2	LIN28B	3	SUGP2	3	1	0.14967858791351318	false	0.14967858791351318
HepG2	CSTF2T_6-EFTUD2_6-interaction-shap	interaction	CSTF2T-EFTUD2	CSTF2T	6	EFTUD2	6	93	0.14798830449581146	false	0.14798830449581146
HepG2	FUBP3_6-ZC3H11A_6-interaction-shap	interaction	FUBP3-ZC3H11A	FUBP3	6	ZC3H11A	6	71	0.14554160833358765	false	0.14554160833358765
HepG2	RBM22_2-PCBP1_6-interaction-shap	interaction	PCBP1-RBM22	RBM22	2	PCBP1	6	103	0.14445482194423676	false	0.14445482194423676
HepG2	HNRNPK_3-XRN2_4-interaction-shap	interaction	HNRNPK-XRN2	HNRNPK	3	XRN2	4	2	0.14442841708660126	false	0.14442841708660126
HepG2	PCBP2_2-XRN2_4-interaction-shap	interaction	PCBP2-XRN2	PCBP2	2	XRN2	4	50	0.14413969218730927	false	0.14413969218730927
HepG2	HNRNPK_1-EFTUD2_5-interaction-shap	interaction	EFTUD2-HNRNPK	HNRNPK	1	EFTUD2	5	143	0.14313223958015442	false	0.14313223958015442
HepG2	PCBP2_4-RBFOX2_4-interaction-shap	interaction	PCBP2-RBFOX2	PCBP2	4	RBFOX2	4	188	0.14251534640789032	true	0.14251534640789032
HepG2	CSTF2T_2-BUD13_5-interaction-shap	interaction	BUD13-CSTF2T	CSTF2T	2	BUD13	5	161	0.1414262354373932	false	0.1414262354373932
HepG2	XRN2_2-SF3B4_5-interaction-shap	interaction	SF3B4-XRN2	XRN2	2	SF3B4	5	314	0.14132285118103027	false	0.14132285118103027
HepG2	G3BP1_4-SF3A3_5-interaction-shap	interaction	G3BP1-SF3A3	G3BP1	4	SF3A3	5	307	0.14122162759304047	false	0.14122162759304047
HepG2	RBM22_4-SF3B4_5-interaction-shap	interaction	RBM22-SF3B4	RBM22	4	SF3B4	5	1137	0.14105308055877686	false	0.14105308055877686
HepG2	LARP4_4-RBM22_4-interaction-shap	interaction	LARP4-RBM22	LARP4	4	RBM22	4	96	0.13749897480010986	false	0.13749897480010986
HepG2	PCBP2_3-HNRNPK_4-interaction-shap	interaction	HNRNPK-PCBP2	PCBP2	3	HNRNPK	4	117	0.13544875383377075	false	0.13544875383377075
HepG2	FUS_4-SF3A3_5-interaction-shap	interaction	FUS-SF3A3	FUS	4	SF3A3	5	87	0.1353132575750351	false	0.1353132575750351
HepG2	DDX3X_1-PCBP2_2-interaction-shap	interaction	DDX3X-PCBP2	DDX3X	1	PCBP2	2	158	0.1346738487482071	false	0.1346738487482071
HepG2	DDX3X_3-PTBP1_3-interaction-shap	interaction	DDX3X-PTBP1	DDX3X	3	PTBP1	3	75	0.1328282505273819	false	0.1328282505273819
HepG2	BUD13_3-LARP4_4-interaction-shap	interaction	BUD13-LARP4	BUD13	3	LARP4	4	122	0.13192078471183777	false	0.13192078471183777
HepG2	BUD13_5-ZC3H11A_6-interaction-shap	interaction	BUD13-ZC3H11A	BUD13	5	ZC3H11A	6	61	0.13163238763809204	false	0.13163238763809204
HepG2	CSTF2T_3-IGF2BP1_4-interaction-shap	interaction	CSTF2T-IGF2BP1	CSTF2T	3	IGF2BP1	4	17	0.13133661448955536	false	0.13133661448955536
HepG2	LIN28B_4-SUB1_4-interaction-shap	interaction	LIN28B-SUB1	LIN28B	4	SUB1	4	27	0.12988106906414032	false	0.12988106906414032
HepG2	NKRF_4-XRN2_4-interaction-shap	interaction	NKRF-XRN2	NKRF	4	XRN2	4	98	0.12919682264328003	false	0.12919682264328003
HepG2	DKC1_4-SF3A3_5-interaction-shap	interaction	DKC1-SF3A3	DKC1	4	SF3A3	5	96	0.128472238779068	false	0.128472238779068
HepG2	RBM22_4-TIAL1_4-interaction-shap	interaction	RBM22-TIAL1	RBM22	4	TIAL1	4	401	0.1280720829963684	false	0.1280720829963684
HepG2	LARP4_1-SF3B4_5-interaction-shap	interaction	LARP4-SF3B4	LARP4	1	SF3B4	5	210	0.12679822742938995	false	0.12679822742938995
HepG2	BUD13_3-LIN28B_3-interaction-shap	interaction	BUD13-LIN28B	BUD13	3	LIN28B	3	82	0.1258089393377304	false	0.1258089393377304
HepG2	RPS3_4-SF3A3_5-interaction-shap	interaction	RPS3-SF3A3	RPS3	4	SF3A3	5	897	0.12451021373271942	false	0.12451021373271942
HepG2	DDX6_3-RBM5_3-interaction-shap	interaction	DDX6-RBM5	DDX6	3	RBM5	3	32	0.12327615171670914	false	0.12327615171670914
HepG2	PPIG_4-SRSF9_4-interaction-shap	interaction	PPIG-SRSF9	PPIG	4	SRSF9	4	248	0.1225215494632721	false	0.1225215494632721
HepG2	U2AF2_1-UCHL5_6-interaction-shap	interaction	U2AF2-UCHL5	U2AF2	1	UCHL5	6	173	0.12241417169570923	false	0.12241417169570923
HepG2	PPIG_1-PTBP1_3-interaction-shap	interaction	PPIG-PTBP1	PPIG	1	PTBP1	3	61	0.12185931205749512	false	0.12185931205749512
HepG2	TRA2A_1-UCHL5_6-interaction-shap	interaction	TRA2A-UCHL5	TRA2A	1	UCHL5	6	134	0.12157293409109116	false	0.12157293409109116
HepG2	RBM22_1-RBFOX2_5-interaction-shap	interaction	RBFOX2-RBM22	RBM22	1	RBFOX2	5	1	0.12046990543603897	false	0.12046990543603897
HepG2	QKI_1-IGF2BP1_3-interaction-shap	interaction	IGF2BP1-QKI	QKI	1	IGF2BP1	3	2	0.12032823264598846	false	0.12032823264598846
HepG2	HNRNPK_3-SF3A3_5-interaction-shap	interaction	HNRNPK-SF3A3	HNRNPK	3	SF3A3	5	257	0.11987656354904175	false	0.11987656354904175
HepG2	DDX3X_1-HNRNPK_2-interaction-shap	interaction	DDX3X-HNRNPK	DDX3X	1	HNRNPK	2	108	0.11977128684520721	false	0.11977128684520721
HepG2	NKRF_3-RBFOX2_3-interaction-shap	interaction	NKRF-RBFOX2	NKRF	3	RBFOX2	3	86	0.1191888079047203	false	0.1191888079047203
HepG2	PCBP2_3-PTBP1_3-interaction-shap	interaction	PCBP2-PTBP1	PCBP2	3	PTBP1	3	128	0.11747574061155319	false	0.11747574061155319
HepG2	RBM5_3-QKI_4-interaction-shap	interaction	QKI-RBM5	RBM5	3	QKI	4	10	0.11686819791793823	false	0.11686819791793823
HepG2	ILF3_3-IGF2BP1_4-interaction-shap	interaction	IGF2BP1-ILF3	ILF3	3	IGF2BP1	4	8	0.11617407947778702	false	0.11617407947778702
HepG2	IGF2BP1_1-U2AF1_4-interaction-shap	interaction	IGF2BP1-U2AF1	IGF2BP1	1	U2AF1	4	22	0.11527202278375626	false	0.11527202278375626
HepG2	GTF2F1_1-XRN2_1-interaction-shap	interaction	GTF2F1-XRN2	GTF2F1	1	XRN2	1	185	0.11519243568181992	false	0.11519243568181992
HepG2	FAM120A_2-FKBP4_3-interaction-shap	interaction	FAM120A-FKBP4	FAM120A	2	FKBP4	3	47	0.11227221041917801	false	0.11227221041917801
HepG2	U2AF1_4-TRA2A_5-interaction-shap	interaction	TRA2A-U2AF1	U2AF1	4	TRA2A	5	18	0.11164508014917374	false	0.11164508014917374
HepG2	U2AF2_2-SF3B4_4-interaction-shap	interaction	SF3B4-U2AF2	U2AF2	2	SF3B4	4	10	0.11091719567775726	false	0.11091719567775726
HepG2	IGF2BP1_3-LARP4_3-interaction-shap	interaction	IGF2BP1-LARP4	IGF2BP1	3	LARP4	3	8	0.11001381278038025	false	0.11001381278038025
HepG2	EFTUD2_4-XRN2_4-interaction-shap	interaction	EFTUD2-XRN2	EFTUD2	4	XRN2	4	241	0.10896410793066025	false	0.10896410793066025
HepG2	PRPF4_2-XRN2_2-interaction-shap	interaction	PRPF4-XRN2	PRPF4	2	XRN2	2	883	0.10893800109624863	false	0.10893800109624863
HepG2	U2AF2_3-RBFOX2_4-interaction-shap	interaction	RBFOX2-U2AF2	U2AF2	3	RBFOX2	4	172	0.10836654156446457	false	0.10836654156446457
HepG2	UCHL5_2-HNRNPC_3-interaction-shap	interaction	HNRNPC-UCHL5	UCHL5	2	HNRNPC	3	2	0.10800328105688095	false	0.10800328105688095
HepG2	LIN28B_3-PTBP1_3-interaction-shap	interaction	LIN28B-PTBP1	LIN28B	3	PTBP1	3	10	0.10763011872768402	false	0.10763011872768402
HepG2	PPIG_1-PCBP2_2-interaction-shap	interaction	PCBP2-PPIG	PPIG	1	PCBP2	2	140	0.10694526880979538	false	0.10694526880979538
HepG2	NIP7_2-TIA1_2-interaction-shap	interaction	NIP7-TIA1	NIP7	2	TIA1	2	100	0.10575079917907715	false	0.10575079917907715
HepG2	DDX3X_3-RPS3_3-interaction-shap	interaction	DDX3X-RPS3	DDX3X	3	RPS3	3	1040	0.10310719162225723	false	0.10310719162225723
HepG2	QKI_1-LIN28B_4-interaction-shap	interaction	LIN28B-QKI	QKI	1	LIN28B	4	9	0.10246171057224274	false	0.10246171057224274
HepG2	U2AF2_3-TARDBP_5-interaction-shap	interaction	TARDBP-U2AF2	U2AF2	3	TARDBP	5	56	0.10178496688604355	false	0.10178496688604355
HepG2	PPIG_3-LIN28B_4-interaction-shap	interaction	LIN28B-PPIG	PPIG	3	LIN28B	4	131	0.10137052834033966	false	0.10137052834033966
HepG2	DDX3X_1-FKBP4_3-interaction-shap	interaction	DDX3X-FKBP4	DDX3X	1	FKBP4	3	20	0.10124871879816055	false	0.10124871879816055
HepG2	U2AF2_3-BUD13_4-interaction-shap	interaction	BUD13-U2AF2	U2AF2	3	BUD13	4	194	0.10069677978754044	false	0.10069677978754044
HepG2	GTF2F1_1-PPIG_5-interaction-shap	interaction	GTF2F1-PPIG	GTF2F1	1	PPIG	5	263	0.10037817806005478	false	0.10037817806005478
HepG2	PTBP1_1-IGF2BP1_4-interaction-shap	interaction	IGF2BP1-PTBP1	PTBP1	1	IGF2BP1	4	2	0.09971397370100021	true	0.09971397370100021
HepG2	UCHL5_2-TARDBP_5-interaction-shap	interaction	TARDBP-UCHL5	UCHL5	2	TARDBP	5	67	0.09946335852146149	false	0.09946335852146149
HepG2	LIN28B_3-IGF2BP3_4-interaction-shap	interaction	IGF2BP3-LIN28B	LIN28B	3	IGF2BP3	4	56	0.09935357421636581	false	0.09935357421636581
HepG2	NKRF_3-PPIG_5-interaction-shap	interaction	NKRF-PPIG	NKRF	3	PPIG	5	66	0.09917279332876205	false	0.09917279332876205
HepG2	ILF3_4-LARP4_4-interaction-shap	interaction	ILF3-LARP4	ILF3	4	LARP4	4	12	0.09819275140762329	false	0.09819275140762329
HepG2	EFTUD2_3-SF3A3_3-interaction-shap	interaction	EFTUD2-SF3A3	EFTUD2	3	SF3A3	3	1385	0.09720109403133392	false	0.09720109403133392
HepG2	FKBP4_3-RBM22_4-interaction-shap	interaction	FKBP4-RBM22	FKBP4	3	RBM22	4	17	0.09647008031606674	false	0.09647008031606674
HepG2	TIAL1_2-U2AF2_4-interaction-shap	interaction	TIAL1-U2AF2	TIAL1	2	U2AF2	4	121	0.09631720185279846	false	0.09631720185279846
HepG2	RBM22_1-IGF2BP1_4-interaction-shap	interaction	IGF2BP1-RBM22	RBM22	1	IGF2BP1	4	1	0.09600433707237244	false	0.09600433707237244
HepG2	RBM22_1-TARDBP_3-interaction-shap	interaction	RBM22-TARDBP	RBM22	1	TARDBP	3	7	0.09596769511699677	false	0.09596769511699677
HepG2	RBM22_4-SUB1_4-interaction-shap	interaction	RBM22-SUB1	RBM22	4	SUB1	4	55	0.09589752554893494	false	0.09589752554893494
HepG2	SF3B4_3-CSTF2T_4-interaction-shap	interaction	CSTF2T-SF3B4	SF3B4	3	CSTF2T	4	149	0.0956588089466095	false	0.0956588089466095
HepG2	RBM15_2-SRSF1_2-interaction-shap	interaction	RBM15-SRSF1	RBM15	2	SRSF1	2	47	0.09530746936798096	false	0.09530746936798096
HepG2	LIN28B_4-EIF3D_5-interaction-shap	interaction	EIF3D-LIN28B	LIN28B	4	EIF3D	5	10	0.09401071071624756	false	0.09401071071624756
HepG2	RBFOX2_4-U2AF1_4-interaction-shap	interaction	RBFOX2-U2AF1	RBFOX2	4	U2AF1	4	20	0.09359889477491379	false	0.09359889477491379
HepG2	DDX3X_5-CSTF2T_6-interaction-shap	interaction	CSTF2T-DDX3X	DDX3X	5	CSTF2T	6	27	0.09238000959157944	false	0.09238000959157944
HepG2	PPIG_2-XRN2_2-interaction-shap	interaction	PPIG-XRN2	PPIG	2	XRN2	2	286	0.09208901971578598	false	0.09208901971578598
HepG2	LARP4_4-U2AF1_4-interaction-shap	interaction	LARP4-U2AF1	LARP4	4	U2AF1	4	3	0.09128816425800323	false	0.09128816425800323
HepG2	U2AF2_2-RBM15_6-interaction-shap	interaction	RBM15-U2AF2	U2AF2	2	RBM15	6	1	0.09122265130281448	false	0.09122265130281448
HepG2	RBM22_4-XRN2_4-interaction-shap	interaction	RBM22-XRN2	RBM22	4	XRN2	4	97	0.09032510966062546	false	0.09032510966062546
HepG2	IGF2BP1_4-TIAL1_4-interaction-shap	interaction	IGF2BP1-TIAL1	IGF2BP1	4	TIAL1	4	107	0.09009241312742233	false	0.09009241312742233
HepG2	FAM120A_2-PRPF4_5-interaction-shap	interaction	FAM120A-PRPF4	FAM120A	2	PRPF4	5	105	0.08999963849782944	false	0.08999963849782944
HepG2	RBFOX2_1-BUD13_3-interaction-shap	interaction	BUD13-RBFOX2	RBFOX2	1	BUD13	3	76	0.08983208239078522	false	0.08983208239078522
HepG2	PTBP1_3-SF3A3_5-interaction-shap	interaction	PTBP1-SF3A3	PTBP1	3	SF3A3	5	113	0.0890292227268219	false	0.0890292227268219
HepG2	XRN2_2-LIN28B_4-interaction-shap	interaction	LIN28B-XRN2	XRN2	2	LIN28B	4	53	0.08879687637090683	false	0.08879687637090683
HepG2	SRSF1_2-U2AF2_3-interaction-shap	interaction	SRSF1-U2AF2	SRSF1	2	U2AF2	3	271	0.08819399029016495	false	0.08819399029016495
HepG2	TIA1_2-SF3A3_3-interaction-shap	interaction	SF3A3-TIA1	TIA1	2	SF3A3	3	244	0.08787743747234344	false	0.08787743747234344
HepG2	RBFOX2_3-SF3A3_5-interaction-shap	interaction	RBFOX2-SF3A3	RBFOX2	3	SF3A3	5	489	0.08775140345096588	false	0.08775140345096588
HepG2	PCBP2_2-FKBP4_3-interaction-shap	interaction	FKBP4-PCBP2	PCBP2	2	FKBP4	3	16	0.08742179721593857	false	0.08742179721593857
HepG2	PCBP1_1-IGF2BP3_3-interaction-shap	interaction	IGF2BP3-PCBP1	PCBP1	1	IGF2BP3	3	18	0.08727149665355682	false	0.08727149665355682
HepG2	FXR2_3-IGF2BP1_3-interaction-shap	interaction	FXR2-IGF2BP1	FXR2	3	IGF2BP1	3	14	0.08726153522729874	false	0.08726153522729874
HepG2	BUD13_3-XRN2_3-interaction-shap	interaction	BUD13-XRN2	BUD13	3	XRN2	3	43	0.08694269508123398	false	0.08694269508123398
HepG2	DDX3X_5-PCBP1_6-interaction-shap	interaction	DDX3X-PCBP1	DDX3X	5	PCBP1	6	40	0.08683507889509201	false	0.08683507889509201
HepG2	RBM15_2-EIF3D_5-interaction-shap	interaction	EIF3D-RBM15	RBM15	2	EIF3D	5	1	0.08640003204345703	false	0.08640003204345703
HepG2	XRN2_3-SUPV3L1_6-interaction-shap	interaction	SUPV3L1-XRN2	XRN2	3	SUPV3L1	6	32	0.08568864315748215	false	0.08568864315748215
HepG2	TIA1_3-LIN28B_4-interaction-shap	interaction	LIN28B-TIA1	TIA1	3	LIN28B	4	2	0.08557497709989548	false	0.08557497709989548
HepG2	LARP4_2-HNRNPK_3-interaction-shap	interaction	HNRNPK-LARP4	LARP4	2	HNRNPK	3	8	0.08477814495563507	true	0.08477814495563507
HepG2	PRPF4_2-RBM5_3-interaction-shap	interaction	PRPF4-RBM5	PRPF4	2	RBM5	3	170	0.08456134051084518	false	0.08456134051084518
HepG2	EIF3H_4-FXR2_4-interaction-shap	interaction	EIF3H-FXR2	EIF3H	4	FXR2	4	122	0.08452821522951126	false	0.08452821522951126
HepG2	NKRF_2-HNRNPC_3-interaction-shap	interaction	HNRNPC-NKRF	NKRF	2	HNRNPC	3	2	0.08426406979560852	false	0.08426406979560852
HepG2	PPIG_3-RPS3_3-interaction-shap	interaction	PPIG-RPS3	PPIG	3	RPS3	3	447	0.08402851223945618	false	0.08402851223945618
HepG2	EIF3H_4-GTF2F1_4-interaction-shap	interaction	EIF3H-GTF2F1	EIF3H	4	GTF2F1	4	2	0.08366275578737259	false	0.08366275578737259
HepG2	FXR2_3-RBM22_4-interaction-shap	interaction	FXR2-RBM22	FXR2	3	RBM22	4	90	0.08340755105018616	false	0.08340755105018616
HepG2	RPS3_1-TARDBP_1-interaction-shap	interaction	RPS3-TARDBP	RPS3	1	TARDBP	1	61	0.08310813456773758	false	0.08310813456773758
HepG2	TARDBP_1-PCBP1_6-interaction-shap	interaction	PCBP1-TARDBP	TARDBP	1	PCBP1	6	13	0.08268444240093231	false	0.08268444240093231
HepG2	SUB1_3-IGF2BP3_4-interaction-shap	interaction	IGF2BP3-SUB1	SUB1	3	IGF2BP3	4	21	0.08260969817638397	false	0.08260969817638397
HepG2	BUD13_4-SF3B4_4-interaction-shap	interaction	BUD13-SF3B4	BUD13	4	SF3B4	4	142	0.08170628547668457	false	0.08170628547668457
HepG2	NKRF_3-SRSF7_4-interaction-shap	interaction	NKRF-SRSF7	NKRF	3	SRSF7	4	24	0.0813860222697258	false	0.0813860222697258
HepG2	XPO5_3-RBFOX2_5-interaction-shap	interaction	RBFOX2-XPO5	XPO5	3	RBFOX2	5	8	0.08125226944684982	false	0.08125226944684982
HepG2	DDX3X_2-IGF2BP3_5-interaction-shap	interaction	DDX3X-IGF2BP3	DDX3X	2	IGF2BP3	5	127	0.08123216032981873	false	0.08123216032981873
HepG2	G3BP1_1-U2AF2_4-interaction-shap	interaction	G3BP1-U2AF2	G3BP1	1	U2AF2	4	112	0.08111166208982468	false	0.08111166208982468
HepG2	FXR2_3-LIN28B_3-interaction-shap	interaction	FXR2-LIN28B	FXR2	3	LIN28B	3	49	0.08051316440105438	false	0.08051316440105438
HepG2	QKI_1-FXR2_4-interaction-shap	interaction	FXR2-QKI	QKI	1	FXR2	4	7	0.08036922663450241	false	0.08036922663450241
HepG2	RBM5_4-DDX3X_5-interaction-shap	interaction	DDX3X-RBM5	RBM5	4	DDX3X	5	44	0.07927495241165161	false	0.07927495241165161
HepG2	QKI_3-RPS3_6-interaction-shap	interaction	QKI-RPS3	QKI	3	RPS3	6	2	0.07904521375894547	false	0.07904521375894547
HepG2	LIN28B_3-RBM22_4-interaction-shap	interaction	LIN28B-RBM22	LIN28B	3	RBM22	4	73	0.07768966257572174	false	0.07768966257572174
HepG2	SRSF9_1-HNRNPC_4-interaction-shap	interaction	HNRNPC-SRSF9	SRSF9	1	HNRNPC	4	6	0.07768630236387253	false	0.07768630236387253
HepG2	HNRNPC_3-U2AF1_5-interaction-shap	interaction	HNRNPC-U2AF1	HNRNPC	3	U2AF1	5	11	0.07679338753223419	false	0.07679338753223419
HepG2	SF3B4_4-RBM15_6-interaction-shap	interaction	RBM15-SF3B4	SF3B4	4	RBM15	6	4	0.07679267972707748	false	0.07679267972707748
HepG2	ILF3_3-RBFOX2_4-interaction-shap	interaction	ILF3-RBFOX2	ILF3	3	RBFOX2	4	5	0.07655827701091766	false	0.07655827701091766
HepG2	IGF2BP1_4-EIF3D_5-interaction-shap	interaction	EIF3D-IGF2BP1	IGF2BP1	4	EIF3D	5	1	0.07640120387077332	false	0.07640120387077332
HepG2	RBM22_2-RBM5_5-interaction-shap	interaction	RBM22-RBM5	RBM22	2	RBM5	5	387	0.07638353109359741	false	0.07638353109359741
HepG2	TRA2A_2-IGF2BP1_4-interaction-shap	interaction	IGF2BP1-TRA2A	TRA2A	2	IGF2BP1	4	1	0.07631989568471909	false	0.07631989568471909
HepG2	UCHL5_3-SRSF1_4-interaction-shap	interaction	SRSF1-UCHL5	UCHL5	3	SRSF1	4	306	0.07629572600126266	false	0.07629572600126266
HepG2	NOLC1_4-RPS3_4-interaction-shap	interaction	NOLC1-RPS3	NOLC1	4	RPS3	4	513	0.07618143409490585	false	0.07618143409490585
HepG2	U2AF1_2-SUB1_4-interaction-shap	interaction	SUB1-U2AF1	U2AF1	2	SUB1	4	35	0.07607917487621307	false	0.07607917487621307
HepG2	RBM22_2-DDX3X_3-interaction-shap	interaction	DDX3X-RBM22	RBM22	2	DDX3X	3	237	0.07607069611549377	false	0.07607069611549377
HepG2	FKBP4_2-SF3B4_5-interaction-shap	interaction	FKBP4-SF3B4	FKBP4	2	SF3B4	5	203	0.07598261535167694	false	0.07598261535167694
HepG2	NOLC1_4-SUB1_4-interaction-shap	interaction	NOLC1-SUB1	NOLC1	4	SUB1	4	78	0.07559111714363098	false	0.07559111714363098
HepG2	IGF2BP1_3-SF3A3_3-interaction-shap	interaction	IGF2BP1-SF3A3	IGF2BP1	3	SF3A3	3	83	0.07550541311502457	false	0.07550541311502457
HepG2	RBFOX2_4-XRN2_4-interaction-shap	interaction	RBFOX2-XRN2	RBFOX2	4	XRN2	4	105	0.07525965571403503	false	0.07525965571403503
HepG2	PPIG_2-XPO5_3-interaction-shap	interaction	PPIG-XPO5	PPIG	2	XPO5	3	99	0.07487968355417252	false	0.07487968355417252
HepG2	PPIG_2-CSTF2T_5-interaction-shap	interaction	CSTF2T-PPIG	PPIG	2	CSTF2T	5	147	0.07455817610025406	false	0.07455817610025406
HepG2	DDX3X_3-ILF3_3-interaction-shap	interaction	DDX3X-ILF3	DDX3X	3	ILF3	3	7	0.07337427884340286	false	0.07337427884340286
HepG2	CSTF2T_2-XRN2_2-interaction-shap	interaction	CSTF2T-XRN2	CSTF2T	2	XRN2	2	611	0.07177819311618805	false	0.07177819311618805
HepG2	RBM5_4-SF3B4_4-interaction-shap	interaction	RBM5-SF3B4	RBM5	4	SF3B4	4	45	0.07167335599660873	false	0.07167335599660873
HepG2	BUD13_3-G3BP1_3-interaction-shap	interaction	BUD13-G3BP1	BUD13	3	G3BP1	3	342	0.0716392770409584	false	0.0716392770409584
HepG2	SUGP2_3-XRN2_4-interaction-shap	interaction	SUGP2-XRN2	SUGP2	3	XRN2	4	4	0.07128536701202393	false	0.07128536701202393
HepG2	SUB1_2-FUBP3_6-interaction-shap	interaction	FUBP3-SUB1	SUB1	2	FUBP3	6	20	0.07114297896623611	false	0.07114297896623611
HepG2	RPS3_3-SF3B4_3-interaction-shap	interaction	RPS3-SF3B4	RPS3	3	SF3B4	3	1173	0.07078564167022705	false	0.07078564167022705
HepG2	DDX3X_3-SF3A3_5-interaction-shap	interaction	DDX3X-SF3A3	DDX3X	3	SF3A3	5	394	0.07038013637065887	false	0.07038013637065887
HepG2	NOLC1_4-LARP4_5-interaction-shap	interaction	LARP4-NOLC1	NOLC1	4	LARP4	5	14	0.07017197459936142	false	0.07017197459936142
HepG2	RBM5_3-EFTUD2_4-interaction-shap	interaction	EFTUD2-RBM5	RBM5	3	EFTUD2	4	254	0.07013747096061707	false	0.07013747096061707
HepG2	GTF2F1_4-IGF2BP3_4-interaction-shap	interaction	GTF2F1-IGF2BP3	GTF2F1	4	IGF2BP3	4	10	0.06981196999549866	false	0.06981196999549866
HepG2	EIF3H_4-XPO5_6-interaction-shap	interaction	EIF3H-XPO5	EIF3H	4	XPO5	6	6	0.06927844882011414	false	0.06927844882011414
HepG2	GTF2F1_1-U2AF1_6-interaction-shap	interaction	GTF2F1-U2AF1	GTF2F1	1	U2AF1	6	10	0.06917569041252136	false	0.06917569041252136
HepG2	FAM120A_2-GTF2F1_4-interaction-shap	interaction	FAM120A-GTF2F1	FAM120A	2	GTF2F1	4	104	0.06914637982845306	false	0.06914637982845306
HepG2	PCBP1_1-SF3B4_1-interaction-shap	interaction	PCBP1-SF3B4	PCBP1	1	SF3B4	1	67	0.06879641860723495	false	0.06879641860723495
HepG2	DDX3X_2-U2AF2_5-interaction-shap	interaction	DDX3X-U2AF2	DDX3X	2	U2AF2	5	387	0.06822782009840012	false	0.06822782009840012
HepG2	G3BP1_3-U2AF1_3-interaction-shap	interaction	G3BP1-U2AF1	G3BP1	3	U2AF1	3	123	0.06806235015392303	false	0.06806235015392303
HepG2	LARP4_4-QKI_4-interaction-shap	interaction	LARP4-QKI	LARP4	4	QKI	4	5	0.06788238137960434	false	0.06788238137960434
HepG2	PCBP1_2-LIN28B_3-interaction-shap	interaction	LIN28B-PCBP1	PCBP1	2	LIN28B	3	9	0.06730947643518448	false	0.06730947643518448
HepG2	EFTUD2_2-G3BP1_6-interaction-shap	interaction	EFTUD2-G3BP1	EFTUD2	2	G3BP1	6	595	0.06730767339468002	false	0.06730767339468002
HepG2	RBM5_3-XPO5_5-interaction-shap	interaction	RBM5-XPO5	RBM5	3	XPO5	5	39	0.06707805395126343	false	0.06707805395126343
HepG2	UCHL5_3-FUBP3_6-interaction-shap	interaction	FUBP3-UCHL5	UCHL5	3	FUBP3	6	17	0.06707602739334106	false	0.06707602739334106
HepG2	EFTUD2_2-PCBP2_5-interaction-shap	interaction	EFTUD2-PCBP2	EFTUD2	2	PCBP2	5	250	0.0669456273317337	false	0.0669456273317337
HepG2	DDX3X_1-FUBP3_6-interaction-shap	interaction	DDX3X-FUBP3	DDX3X	1	FUBP3	6	46	0.06692096590995789	false	0.06692096590995789
HepG2	IGF2BP1_4-RPS3_4-interaction-shap	interaction	IGF2BP1-RPS3	IGF2BP1	4	RPS3	4	221	0.06613384932279587	false	0.06613384932279587
HepG2	G3BP1_3-IGF2BP3_4-interaction-shap	interaction	G3BP1-IGF2BP3	G3BP1	3	IGF2BP3	4	35	0.0658322423696518	false	0.0658322423696518
HepG2	DDX3X_3-IGF2BP1_3-interaction-shap	interaction	DDX3X-IGF2BP1	DDX3X	3	IGF2BP1	3	12	0.06529050320386887	false	0.06529050320386887
HepG2	GTF2F1_1-PRPF4_2-interaction-shap	interaction	GTF2F1-PRPF4	GTF2F1	1	PRPF4	2	534	0.0652679055929184	false	0.0652679055929184
HepG2	PTBP1_4-RPS3_5-interaction-shap	interaction	PTBP1-RPS3	PTBP1	4	RPS3	5	76	0.06523799896240234	false	0.06523799896240234
HepG2	PPIG_1-EIF3H_6-interaction-shap	interaction	EIF3H-PPIG	PPIG	1	EIF3H	6	406	0.0649666041135788	false	0.0649666041135788
HepG2	BUD13_5-RBM15_6-interaction-shap	interaction	BUD13-RBM15	BUD13	5	RBM15	6	81	0.06487414240837097	false	0.06487414240837097
HepG2	G3BP1_3-SRSF9_4-interaction-shap	interaction	G3BP1-SRSF9	G3BP1	3	SRSF9	4	18	0.06483258306980133	false	0.06483258306980133
HepG2	XPO5_3-RBM22_4-interaction-shap	interaction	RBM22-XPO5	XPO5	3	RBM22	4	13	0.0647437646985054	false	0.0647437646985054
HepG2	TRA2A_2-SF3A3_3-interaction-shap	interaction	SF3A3-TRA2A	TRA2A	2	SF3A3	3	39	0.06469541788101196	false	0.06469541788101196
HepG2	XRN2_2-SF3A3_3-interaction-shap	interaction	SF3A3-XRN2	XRN2	2	SF3A3	3	199	0.0641746073961258	false	0.0641746073961258
HepG2	G3BP1_4-RBM22_4-interaction-shap	interaction	G3BP1-RBM22	G3BP1	4	RBM22	4	174	0.06402860581874847	false	0.06402860581874847
HepG2	BUD13_3-QKI_4-interaction-shap	interaction	BUD13-QKI	BUD13	3	QKI	4	2	0.06335341930389404	false	0.06335341930389404
HepG2	HNRNPK_3-LIN28B_3-interaction-shap	interaction	HNRNPK-LIN28B	HNRNPK	3	LIN28B	3	42	0.06315316259860992	false	0.06315316259860992
HepG2	RBM22_2-NOLC1_3-interaction-shap	interaction	NOLC1-RBM22	RBM22	2	NOLC1	3	186	0.06294193863868713	false	0.06294193863868713
HepG2	EIF3H_3-PCBP2_5-interaction-shap	interaction	EIF3H-PCBP2	EIF3H	3	PCBP2	5	16	0.06266744434833527	false	0.06266744434833527
HepG2	BUD13_3-SUPV3L1_6-interaction-shap	interaction	BUD13-SUPV3L1	BUD13	3	SUPV3L1	6	50	0.06266114115715027	false	0.06266114115715027
HepG2	FXR2_2-TRA2A_2-interaction-shap	interaction	FXR2-TRA2A	FXR2	2	TRA2A	2	467	0.06201764568686485	false	0.06201764568686485
HepG2	DDX3X_3-SRSF1_3-interaction-shap	interaction	DDX3X-SRSF1	DDX3X	3	SRSF1	3	23	0.06197153031826019	false	0.06197153031826019
HepG2	U2AF1_2-RBM22_4-interaction-shap	interaction	RBM22-U2AF1	U2AF1	2	RBM22	4	23	0.06194232404232025	false	0.06194232404232025
HepG2	EIF3D_5-QKI_5-interaction-shap	interaction	EIF3D-QKI	EIF3D	5	QKI	5	4	0.06191825121641159	false	0.06191825121641159
HepG2	FXR2_4-PTBP1_4-interaction-shap	interaction	FXR2-PTBP1	FXR2	4	PTBP1	4	24	0.061726342886686325	false	0.061726342886686325
HepG2	TIA1_2-UCHL5_3-interaction-shap	interaction	TIA1-UCHL5	TIA1	2	UCHL5	3	129	0.061014190316200256	false	0.061014190316200256
HepG2	DDX3X_1-GTF2F1_4-interaction-shap	interaction	DDX3X-GTF2F1	DDX3X	1	GTF2F1	4	48	0.06097647175192833	false	0.06097647175192833
HepG2	DDX3X_4-EIF3H_4-interaction-shap	interaction	DDX3X-EIF3H	DDX3X	4	EIF3H	4	3	0.06083877012133598	false	0.06083877012133598
HepG2	G3BP1_3-QKI_3-interaction-shap	interaction	G3BP1-QKI	G3BP1	3	QKI	3	24	0.060529015958309174	false	0.060529015958309174
HepG2	EFTUD2_4-PCBP1_6-interaction-shap	interaction	EFTUD2-PCBP1	EFTUD2	4	PCBP1	6	129	0.05997287109494209	false	0.05997287109494209
HepG2	PCBP1_1-HNRNPK_4-interaction-shap	interaction	HNRNPK-PCBP1	PCBP1	1	HNRNPK	4	10	0.0593879260122776	true	0.0593879260122776
HepG2	PTBP1_3-U2AF1_3-interaction-shap	interaction	PTBP1-U2AF1	PTBP1	3	U2AF1	3	43	0.059011172503232956	false	0.059011172503232956
HepG2	PCBP1_1-SUB1_4-interaction-shap	interaction	PCBP1-SUB1	PCBP1	1	SUB1	4	4	0.058595385402441025	false	0.058595385402441025
HepG2	FXR2_3-SUB1_4-interaction-shap	interaction	FXR2-SUB1	FXR2	3	SUB1	4	3	0.05857706069946289	false	0.05857706069946289
HepG2	AKAP1_1-SUB1_2-interaction-shap	interaction	AKAP1-SUB1	AKAP1	1	SUB1	2	50	0.058450911194086075	false	0.058450911194086075
HepG2	TRA2A_1-PTBP1_3-interaction-shap	interaction	PTBP1-TRA2A	TRA2A	1	PTBP1	3	2	0.05817122757434845	false	0.05817122757434845
HepG2	PRPF4_2-U2AF2_3-interaction-shap	interaction	PRPF4-U2AF2	PRPF4	2	U2AF2	3	402	0.05762631446123123	false	0.05762631446123123
HepG2	U2AF2_5-ZC3H11A_6-interaction-shap	interaction	U2AF2-ZC3H11A	U2AF2	5	ZC3H11A	6	75	0.05734885111451149	false	0.05734885111451149
HepG2	LARP4_4-PTBP1_4-interaction-shap	interaction	LARP4-PTBP1	LARP4	4	PTBP1	4	19	0.05714411288499832	false	0.05714411288499832
HepG2	SF3B4_4-TRA2A_5-interaction-shap	interaction	SF3B4-TRA2A	SF3B4	4	TRA2A	5	22	0.05691159889101982	false	0.05691159889101982
HepG2	TARDBP_4-PRPF4_6-interaction-shap	interaction	PRPF4-TARDBP	TARDBP	4	PRPF4	6	40	0.056805260479450226	false	0.056805260479450226
HepG2	RPS3_3-U2AF1_4-interaction-shap	interaction	RPS3-U2AF1	RPS3	3	U2AF1	4	7	0.05620655044913292	false	0.05620655044913292
HepG2	XRN2_2-FXR2_4-interaction-shap	interaction	FXR2-XRN2	XRN2	2	FXR2	4	31	0.054769210517406464	false	0.054769210517406464
HepG2	PRPF4_2-DDX3X_5-interaction-shap	interaction	DDX3X-PRPF4	PRPF4	2	DDX3X	5	229	0.05475504696369171	false	0.05475504696369171
HepG2	LIN28B_3-FUBP3_6-interaction-shap	interaction	FUBP3-LIN28B	LIN28B	3	FUBP3	6	16	0.05463682487607002	false	0.05463682487607002
HepG2	TARDBP_1-PCBP2_2-interaction-shap	interaction	PCBP2-TARDBP	TARDBP	1	PCBP2	2	17	0.05441100522875786	false	0.05441100522875786
HepG2	U2AF2_2-XRN2_2-interaction-shap	interaction	U2AF2-XRN2	U2AF2	2	XRN2	2	21	0.05228584632277489	false	0.05228584632277489
HepG2	NKRF_2-DDX6_3-interaction-shap	interaction	DDX6-NKRF	NKRF	2	DDX6	3	15	0.05210185796022415	false	0.05210185796022415
HepG2	NKRF_3-XPO5_5-interaction-shap	interaction	NKRF-XPO5	NKRF	3	XPO5	5	12	0.051738254725933075	false	0.051738254725933075
HepG2	SRSF9_1-RBM15_6-interaction-shap	interaction	RBM15-SRSF9	SRSF9	1	RBM15	6	4	0.05167040228843689	true	0.05167040228843689
HepG2	HNRNPC_4-RBM15_6-interaction-shap	interaction	HNRNPC-RBM15	HNRNPC	4	RBM15	6	15	0.05166047811508179	false	0.05166047811508179
HepG2	GTF2F1_1-RBM15_6-interaction-shap	interaction	GTF2F1-RBM15	GTF2F1	1	RBM15	6	39	0.051587678492069244	false	0.051587678492069244
HepG2	PCBP1_2-XPO5_5-interaction-shap	interaction	PCBP1-XPO5	PCBP1	2	XPO5	5	12	0.05147910118103027	false	0.05147910118103027
HepG2	UCHL5_4-SF3A3_5-interaction-shap	interaction	SF3A3-UCHL5	UCHL5	4	SF3A3	5	432	0.05146747827529907	false	0.05146747827529907
HepG2	LARP4_3-PCBP2_3-interaction-shap	interaction	LARP4-PCBP2	LARP4	3	PCBP2	3	99	0.05123715102672577	false	0.05123715102672577
HepG2	UCHL5_2-GTF2F1_3-interaction-shap	interaction	GTF2F1-UCHL5	UCHL5	2	GTF2F1	3	49	0.0511929914355278	false	0.0511929914355278
HepG2	XRN2_2-IGF2BP1_4-interaction-shap	interaction	IGF2BP1-XRN2	XRN2	2	IGF2BP1	4	4	0.05112010985612869	false	0.05112010985612869
HepG2	UCHL5_2-LIN28B_4-interaction-shap	interaction	LIN28B-UCHL5	UCHL5	2	LIN28B	4	56	0.05087164789438248	false	0.05087164789438248
HepG2	RBM22_3-RBM15_6-interaction-shap	interaction	RBM15-RBM22	RBM22	3	RBM15	6	4	0.050816893577575684	false	0.050816893577575684
HepG2	PTBP1_3-RBM15_6-interaction-shap	interaction	PTBP1-RBM15	PTBP1	3	RBM15	6	44	0.050744205713272095	false	0.050744205713272095
HepG2	PRPF4_2-RPS3_4-interaction-shap	interaction	PRPF4-RPS3	PRPF4	2	RPS3	4	303	0.05068635195493698	false	0.05068635195493698
HepG2	RPS3_3-ILF3_4-interaction-shap	interaction	ILF3-RPS3	RPS3	3	ILF3	4	12	0.05062471702694893	false	0.05062471702694893
HepG2	LIN28B_6-RBM15_6-interaction-shap	interaction	LIN28B-RBM15	LIN28B	6	RBM15	6	29	0.05054111033678055	false	0.05054111033678055
HepG2	TIA1_2-G3BP1_3-interaction-shap	interaction	G3BP1-TIA1	TIA1	2	G3BP1	3	111	0.05001111328601837	false	0.05001111328601837
HepG2	CSTF2T_2-NKRF_2-interaction-shap	interaction	CSTF2T-NKRF	CSTF2T	2	NKRF	2	256	0.05001073330640793	false	0.05001073330640793
HepG2	TRA2A_2-EIF3D_5-interaction-shap	interaction	EIF3D-TRA2A	TRA2A	2	EIF3D	5	1	0.04955097287893295	false	0.04955097287893295
HepG2	PRPF4_5-SF3B4_5-interaction-shap	interaction	PRPF4-SF3B4	PRPF4	5	SF3B4	5	1367	0.049191251397132874	false	0.049191251397132874
HepG2	TARDBP_3-SUB1_4-interaction-shap	interaction	SUB1-TARDBP	TARDBP	3	SUB1	4	1	0.04917556047439575	false	0.04917556047439575
HepG2	LARP4_4-PCBP1_6-interaction-shap	interaction	LARP4-PCBP1	LARP4	4	PCBP1	6	65	0.04915345832705498	false	0.04915345832705498
HepG2	TARDBP_3-IGF2BP3_5-interaction-shap	interaction	IGF2BP3-TARDBP	TARDBP	3	IGF2BP3	5	2	0.04915165901184082	false	0.04915165901184082
HepG2	SF3A3_3-FXR2_4-interaction-shap	interaction	FXR2-SF3A3	SF3A3	3	FXR2	4	35	0.04889179393649101	false	0.04889179393649101
HepG2	EFTUD2_6-PRPF4_6-interaction-shap	interaction	EFTUD2-PRPF4	EFTUD2	6	PRPF4	6	660	0.048766665160655975	false	0.048766665160655975
HepG2	SUGP2_3-EIF3D_6-interaction-shap	interaction	EIF3D-SUGP2	SUGP2	3	EIF3D	6	2	0.04841045290231705	false	0.04841045290231705
HepG2	XRN2_1-DDX3X_4-interaction-shap	interaction	DDX3X-XRN2	XRN2	1	DDX3X	4	1	0.048391059041023254	false	0.048391059041023254
HepG2	U2AF2_4-IGF2BP3_5-interaction-shap	interaction	IGF2BP3-U2AF2	U2AF2	4	IGF2BP3	5	14	0.04830189421772957	false	0.04830189421772957
HepG2	UCHL5_2-TIAL1_4-interaction-shap	interaction	TIAL1-UCHL5	UCHL5	2	TIAL1	4	293	0.048261091113090515	false	0.048261091113090515
HepG2	TRA2A_1-NKRF_3-interaction-shap	interaction	NKRF-TRA2A	TRA2A	1	NKRF	3	6	0.04788023233413696	false	0.04788023233413696
HepG2	LARP4_6-ZC3H11A_6-interaction-shap	interaction	LARP4-ZC3H11A	LARP4	6	ZC3H11A	6	107	0.047796089202165604	false	0.047796089202165604
HepG2	RPS3_3-XRN2_4-interaction-shap	interaction	RPS3-XRN2	RPS3	3	XRN2	4	34	0.04778103530406952	false	0.04778103530406952
HepG2	TRA2A_5-PRPF4_6-interaction-shap	interaction	PRPF4-TRA2A	TRA2A	5	PRPF4	6	54	0.04766087606549263	false	0.04766087606549263
HepG2	DDX3X_1-FAM120A_2-interaction-shap	interaction	DDX3X-FAM120A	DDX3X	1	FAM120A	2	322	0.04714185371994972	false	0.04714185371994972
HepG2	HNRNPC_4-U2AF2_5-interaction-shap	interaction	HNRNPC-U2AF2	HNRNPC	4	U2AF2	5	51	0.04695450887084007	false	0.04695450887084007
HepG2	SUB1_4-QKI_5-interaction-shap	interaction	QKI-SUB1	SUB1	4	QKI	5	34	0.04692711681127548	false	0.04692711681127548
HepG2	UCHL5_2-RPS3_4-interaction-shap	interaction	RPS3-UCHL5	UCHL5	2	RPS3	4	57	0.046503785997629166	false	0.046503785997629166
HepG2	PPIG_2-RBM15_2-interaction-shap	interaction	PPIG-RBM15	PPIG	2	RBM15	2	65	0.04641568288207054	false	0.04641568288207054
HepG2	NKRF_3-TARDBP_3-interaction-shap	interaction	NKRF-TARDBP	NKRF	3	TARDBP	3	4	0.04597390443086624	false	0.04597390443086624
HepG2	LIN28B_4-HNRNPC_6-interaction-shap	interaction	HNRNPC-LIN28B	LIN28B	4	HNRNPC	6	5	0.045879852026700974	false	0.045879852026700974
HepG2	GTF2F1_4-XPO5_6-interaction-shap	interaction	GTF2F1-XPO5	GTF2F1	4	XPO5	6	19	0.04579654335975647	false	0.04579654335975647
HepG2	PCBP1_1-GTF2F1_4-interaction-shap	interaction	GTF2F1-PCBP1	PCBP1	1	GTF2F1	4	36	0.04575130715966225	true	0.04575130715966225
HepG2	TIA1_2-HNRNPC_3-interaction-shap	interaction	HNRNPC-TIA1	TIA1	2	HNRNPC	3	16	0.04569428041577339	false	0.04569428041577339
HepG2	TRA2A_1-NOLC1_4-interaction-shap	interaction	NOLC1-TRA2A	TRA2A	1	NOLC1	4	8	0.045670896768569946	false	0.045670896768569946
HepG2	NKRF_2-SRSF1_2-interaction-shap	interaction	NKRF-SRSF1	NKRF	2	SRSF1	2	39	0.045463673770427704	false	0.045463673770427704
HepG2	PTBP1_3-BUD13_4-interaction-shap	interaction	BUD13-PTBP1	PTBP1	3	BUD13	4	1	0.0452941432595253	false	0.0452941432595253
HepG2	FXR2_2-UCHL5_3-interaction-shap	interaction	FXR2-UCHL5	FXR2	2	UCHL5	3	223	0.04512878879904747	false	0.04512878879904747
HepG2	SRSF1_2-TRA2A_2-interaction-shap	interaction	SRSF1-TRA2A	SRSF1	2	TRA2A	2	204	0.04485020413994789	false	0.04485020413994789
HepG2	EIF3H_4-G3BP1_4-interaction-shap	interaction	EIF3H-G3BP1	EIF3H	4	G3BP1	4	53	0.044430412352085114	false	0.044430412352085114
HepG2	XRN2_4-G3BP1_6-interaction-shap	interaction	G3BP1-XRN2	XRN2	4	G3BP1	6	21	0.04437480494379997	false	0.04437480494379997
HepG2	SF3A3_3-LIN28B_4-interaction-shap	interaction	LIN28B-SF3A3	SF3A3	3	LIN28B	4	142	0.04408002644777298	false	0.04408002644777298
HepG2	RBM22_1-FUBP3_6-interaction-shap	interaction	FUBP3-RBM22	RBM22	1	FUBP3	6	4	0.044072676450014114	false	0.044072676450014114
HepG2	TARDBP_1-EIF3D_5-interaction-shap	interaction	EIF3D-TARDBP	TARDBP	1	EIF3D	5	4	0.04406238719820976	false	0.04406238719820976
HepG2	GTF2F1_2-SF3B4_3-interaction-shap	interaction	GTF2F1-SF3B4	GTF2F1	2	SF3B4	3	588	0.04387233033776283	false	0.04387233033776283
HepG2	RPS3_3-RBFOX2_4-interaction-shap	interaction	RBFOX2-RPS3	RPS3	3	RBFOX2	4	119	0.04370288923382759	false	0.04370288923382759
HepG2	PPIG_2-RBM5_3-interaction-shap	interaction	PPIG-RBM5	PPIG	2	RBM5	3	433	0.043414194136857986	false	0.043414194136857986
HepG2	EFTUD2_4-LIN28B_4-interaction-shap	interaction	EFTUD2-LIN28B	EFTUD2	4	LIN28B	4	153	0.043134454637765884	false	0.043134454637765884
HepG2	RBM22_1-UCHL5_2-interaction-shap	interaction	RBM22-UCHL5	RBM22	1	UCHL5	2	2	0.043048977851867676	false	0.043048977851867676
HepG2	SUGP2_3-RBM22_4-interaction-shap	interaction	RBM22-SUGP2	SUGP2	3	RBM22	4	4	0.04292488843202591	false	0.04292488843202591
HepG2	UCHL5_2-SF3B4_3-interaction-shap	interaction	SF3B4-UCHL5	UCHL5	2	SF3B4	3	377	0.04283585026860237	false	0.04283585026860237
HepG2	TRA2A_1-RBM5_3-interaction-shap	interaction	RBM5-TRA2A	TRA2A	1	RBM5	3	10	0.042561665177345276	false	0.042561665177345276
HepG2	PCBP1_4-RPS3_4-interaction-shap	interaction	PCBP1-RPS3	PCBP1	4	RPS3	4	207	0.04241442307829857	false	0.04241442307829857
HepG2	QKI_5-SRSF1_5-interaction-shap	interaction	QKI-SRSF1	QKI	5	SRSF1	5	8	0.0413426049053669	false	0.0413426049053669
HepG2	SFPQ_3-RBFOX2_4-interaction-shap	interaction	RBFOX2-SFPQ	SFPQ	3	RBFOX2	4	5	0.04113093018531799	false	0.04113093018531799
HepG2	G3BP1_3-RBM5_3-interaction-shap	interaction	G3BP1-RBM5	G3BP1	3	RBM5	3	50	0.04065418243408203	false	0.04065418243408203
HepG2	PRPF4_2-QKI_4-interaction-shap	interaction	PRPF4-QKI	PRPF4	2	QKI	4	20	0.04062119871377945	false	0.04062119871377945
HepG2	GTF2F1_1-SRSF9_1-interaction-shap	interaction	GTF2F1-SRSF9	GTF2F1	1	SRSF9	1	23	0.04060548543930054	false	0.04060548543930054
HepG2	EFTUD2_2-RBM15_2-interaction-shap	interaction	EFTUD2-RBM15	EFTUD2	2	RBM15	2	255	0.04053311049938202	false	0.04053311049938202
HepG2	SRSF1_2-RBFOX2_4-interaction-shap	interaction	RBFOX2-SRSF1	SRSF1	2	RBFOX2	4	73	0.04026046395301819	false	0.04026046395301819
HepG2	ILF3_4-UCHL5_6-interaction-shap	interaction	ILF3-UCHL5	ILF3	4	UCHL5	6	2	0.04008650779724121	false	0.04008650779724121
HepG2	PTBP1_3-UCHL5_6-interaction-shap	interaction	PTBP1-UCHL5	PTBP1	3	UCHL5	6	2	0.04003269225358963	false	0.04003269225358963
HepG2	SRSF1_2-U2AF1_2-interaction-shap	interaction	SRSF1-U2AF1	SRSF1	2	U2AF1	2	85	0.039637546986341476	false	0.039637546986341476
HepG2	RBM22_1-HNRNPK_3-interaction-shap	interaction	HNRNPK-RBM22	RBM22	1	HNRNPK	3	6	0.039480600506067276	false	0.039480600506067276
HepG2	HNRNPK_1-U2AF2_3-interaction-shap	interaction	HNRNPK-U2AF2	HNRNPK	1	U2AF2	3	35	0.03924308717250824	true	0.03924308717250824
HepG2	TRA2A_2-QKI_6-interaction-shap	interaction	QKI-TRA2A	TRA2A	2	QKI	6	9	0.03911363333463669	false	0.03911363333463669
HepG2	PPIG_2-PRPF4_2-interaction-shap	interaction	PPIG-PRPF4	PPIG	2	PRPF4	2	1414	0.03877108916640282	false	0.03877108916640282
HepG2	AKAP1_1-RBFOX2_3-interaction-shap	interaction	AKAP1-RBFOX2	AKAP1	1	RBFOX2	3	1	0.038592275232076645	false	0.038592275232076645
HepG2	PPIG_2-ZC3H11A_6-interaction-shap	interaction	PPIG-ZC3H11A	PPIG	2	ZC3H11A	6	186	0.038351546972990036	false	0.038351546972990036
HepG2	PPIG_3-SF3A3_5-interaction-shap	interaction	PPIG-SF3A3	PPIG	3	SF3A3	5	1968	0.03788066282868385	false	0.03788066282868385
HepG2	HNRNPK_2-RBM5_3-interaction-shap	interaction	HNRNPK-RBM5	HNRNPK	2	RBM5	3	49	0.03777424618601799	false	0.03777424618601799
HepG2	U2AF1_2-SF3A3_3-interaction-shap	interaction	SF3A3-U2AF1	U2AF1	2	SF3A3	3	65	0.03764113783836365	false	0.03764113783836365
HepG2	SRSF1_2-XRN2_2-interaction-shap	interaction	SRSF1-XRN2	SRSF1	2	XRN2	2	192	0.03759237751364708	false	0.03759237751364708
HepG2	IGF2BP3_2-QKI_6-interaction-shap	interaction	IGF2BP3-QKI	IGF2BP3	2	QKI	6	13	0.03735172748565674	false	0.03735172748565674
HepG2	U2AF2_4-DKC1_5-interaction-shap	interaction	DKC1-U2AF2	U2AF2	4	DKC1	5	8	0.037320226430892944	false	0.037320226430892944
HepG2	CSTF2T_3-HNRNPK_3-interaction-shap	interaction	CSTF2T-HNRNPK	CSTF2T	3	HNRNPK	3	54	0.03729792311787605	false	0.03729792311787605
HepG2	GTF2F1_1-RBFOX2_1-interaction-shap	interaction	GTF2F1-RBFOX2	GTF2F1	1	RBFOX2	1	285	0.03725442290306091	false	0.03725442290306091
HepG2	SUB1_2-UCHL5_3-interaction-shap	interaction	SUB1-UCHL5	SUB1	2	UCHL5	3	26	0.03721444308757782	false	0.03721444308757782
HepG2	TIA1_2-BUD13_5-interaction-shap	interaction	BUD13-TIA1	TIA1	2	BUD13	5	84	0.03704540431499481	false	0.03704540431499481
HepG2	PTBP1_3-QKI_4-interaction-shap	interaction	PTBP1-QKI	PTBP1	3	QKI	4	5	0.03627564385533333	true	0.03627564385533333
HepG2	CSTF2T_6-LIN28B_6-interaction-shap	interaction	CSTF2T-LIN28B	CSTF2T	6	LIN28B	6	13	0.036228012293577194	false	0.036228012293577194
HepG2	RBM15_2-PRPF4_6-interaction-shap	interaction	PRPF4-RBM15	RBM15	2	PRPF4	6	43	0.03612485155463219	false	0.03612485155463219
HepG2	PCBP1_1-XRN2_4-interaction-shap	interaction	PCBP1-XRN2	PCBP1	1	XRN2	4	2	0.036034874618053436	false	0.036034874618053436
HepG2	NIP7_2-NOLC1_2-interaction-shap	interaction	NIP7-NOLC1	NIP7	2	NOLC1	2	377	0.03589912876486778	false	0.03589912876486778
HepG2	PCBP2_2-RBM15_2-interaction-shap	interaction	PCBP2-RBM15	PCBP2	2	RBM15	2	33	0.03567219525575638	false	0.03567219525575638
HepG2	SRSF1_2-BUD13_3-interaction-shap	interaction	BUD13-SRSF1	SRSF1	2	BUD13	3	231	0.034983787685632706	false	0.034983787685632706
HepG2	PCBP2_3-U2AF1_3-interaction-shap	interaction	PCBP2-U2AF1	PCBP2	3	U2AF1	3	127	0.0342593714594841	false	0.0342593714594841
HepG2	HNRNPC_6-QKI_6-interaction-shap	interaction	HNRNPC-QKI	HNRNPC	6	QKI	6	1	0.0341947041451931	false	0.0341947041451931
HepG2	G3BP1_3-PCBP1_3-interaction-shap	interaction	G3BP1-PCBP1	G3BP1	3	PCBP1	3	59	0.034130632877349854	false	0.034130632877349854
HepG2	TARDBP_1-SRSF1_2-interaction-shap	interaction	SRSF1-TARDBP	TARDBP	1	SRSF1	2	7	0.03376436606049538	false	0.03376436606049538
HepG2	RBM22_3-PRPF4_6-interaction-shap	interaction	PRPF4-RBM22	RBM22	3	PRPF4	6	6	0.033624328672885895	false	0.033624328672885895
HepG2	PCBP1_2-PCBP2_2-interaction-shap	interaction	PCBP1-PCBP2	PCBP1	2	PCBP2	2	90	0.03347533568739891	false	0.03347533568739891
HepG2	XRN2_2-ZC3H11A_6-interaction-shap	interaction	XRN2-ZC3H11A	XRN2	2	ZC3H11A	6	3	0.033410485833883286	false	0.033410485833883286
HepG2	SUB1_3-HNRNPC_4-interaction-shap	interaction	HNRNPC-SUB1	SUB1	3	HNRNPC	4	14	0.033177562057971954	false	0.033177562057971954
HepG2	NKRF_2-PRPF4_5-interaction-shap	interaction	NKRF-PRPF4	NKRF	2	PRPF4	5	41	0.03256114199757576	false	0.03256114199757576
HepG2	UCHL5_3-RBM15_6-interaction-shap	interaction	RBM15-UCHL5	UCHL5	3	RBM15	6	7	0.03218314051628113	false	0.03218314051628113
HepG2	LIN28B_6-PRPF4_6-interaction-shap	interaction	LIN28B-PRPF4	LIN28B	6	PRPF4	6	39	0.03185214847326279	false	0.03185214847326279
HepG2	TIA1_2-RBM15_6-interaction-shap	interaction	RBM15-TIA1	TIA1	2	RBM15	6	7	0.03169582411646843	false	0.03169582411646843
HepG2	PRPF4_4-RBFOX2_4-interaction-shap	interaction	PRPF4-RBFOX2	PRPF4	4	RBFOX2	4	598	0.03160093352198601	false	0.03160093352198601
HepG2	SRSF1_2-RBM22_4-interaction-shap	interaction	RBM22-SRSF1	SRSF1	2	RBM22	4	155	0.031459249556064606	false	0.031459249556064606
HepG2	FAM120A_2-PCBP2_2-interaction-shap	interaction	FAM120A-PCBP2	FAM120A	2	PCBP2	2	625	0.031180020421743393	false	0.031180020421743393
HepG2	SUB1_2-TIA1_2-interaction-shap	interaction	SUB1-TIA1	SUB1	2	TIA1	2	151	0.030378462746739388	false	0.030378462746739388
HepG2	RBM5_3-UCHL5_3-interaction-shap	interaction	RBM5-UCHL5	RBM5	3	UCHL5	3	37	0.029807811602950096	false	0.029807811602950096
HepG2	SRSF1_2-EFTUD2_4-interaction-shap	interaction	EFTUD2-SRSF1	SRSF1	2	EFTUD2	4	261	0.029273109510540962	false	0.029273109510540962
HepG2	GTF2F1_2-SF3A3_3-interaction-shap	interaction	GTF2F1-SF3A3	GTF2F1	2	SF3A3	3	374	0.029210571199655533	false	0.029210571199655533
HepG2	U2AF2_3-RPS3_4-interaction-shap	interaction	RPS3-U2AF2	U2AF2	3	RPS3	4	143	0.02910231426358223	false	0.02910231426358223
HepG2	TIA1_2-U2AF2_4-interaction-shap	interaction	TIA1-U2AF2	TIA1	2	U2AF2	4	30	0.028912542387843132	false	0.028912542387843132
HepG2	SRSF1_2-RBM5_3-interaction-shap	interaction	RBM5-SRSF1	SRSF1	2	RBM5	3	65	0.028890535235404968	false	0.028890535235404968
HepG2	TIA1_2-U2AF1_4-interaction-shap	interaction	TIA1-U2AF1	TIA1	2	U2AF1	4	25	0.028677307069301605	false	0.028677307069301605
HepG2	FXR2_3-RPS3_4-interaction-shap	interaction	FXR2-RPS3	FXR2	3	RPS3	4	21	0.028625139966607094	false	0.028625139966607094
HepG2	FXR2_2-RBM15_6-interaction-shap	interaction	FXR2-RBM15	FXR2	2	RBM15	6	24	0.028381632640957832	false	0.028381632640957832
HepG2	UCHL5_2-FKBP4_3-interaction-shap	interaction	FKBP4-UCHL5	UCHL5	2	FKBP4	3	1	0.028002187609672546	false	0.028002187609672546
HepG2	TIAL1_2-SF3A3_3-interaction-shap	interaction	SF3A3-TIAL1	TIAL1	2	SF3A3	3	466	0.027886128053069115	false	0.027886128053069115
HepG2	SUGP2_3-SF3B4_5-interaction-shap	interaction	SF3B4-SUGP2	SUGP2	3	SF3B4	5	20	0.027650000527501106	false	0.027650000527501106
HepG2	RBM22_2-U2AF2_3-interaction-shap	interaction	RBM22-U2AF2	RBM22	2	U2AF2	3	710	0.027380360290408134	false	0.027380360290408134
HepG2	RBFOX2_5-ZC3H11A_6-interaction-shap	interaction	RBFOX2-ZC3H11A	RBFOX2	5	ZC3H11A	6	5	0.027144070714712143	false	0.027144070714712143
HepG2	TIAL1_4-RBFOX2_6-interaction-shap	interaction	RBFOX2-TIAL1	TIAL1	4	RBFOX2	6	55	0.02713552676141262	false	0.02713552676141262
HepG2	EFTUD2_2-XPO5_3-interaction-shap	interaction	EFTUD2-XPO5	EFTUD2	2	XPO5	3	180	0.02713257074356079	false	0.02713257074356079
HepG2	ILF3_4-BUD13_5-interaction-shap	interaction	BUD13-ILF3	ILF3	4	BUD13	5	2	0.026960745453834534	false	0.026960745453834534
HepG2	HNRNPC_3-BUD13_5-interaction-shap	interaction	BUD13-HNRNPC	HNRNPC	3	BUD13	5	25	0.026881076395511627	false	0.026881076395511627
HepG2	EFTUD2_2-TARDBP_5-interaction-shap	interaction	EFTUD2-TARDBP	EFTUD2	2	TARDBP	5	143	0.026855578646063805	false	0.026855578646063805
HepG2	SRSF1_2-EIF3D_5-interaction-shap	interaction	EIF3D-SRSF1	SRSF1	2	EIF3D	5	14	0.02677699364721775	false	0.02677699364721775
HepG2	FXR2_3-SF3B4_3-interaction-shap	interaction	FXR2-SF3B4	FXR2	3	SF3B4	3	99	0.026723627001047134	false	0.026723627001047134
HepG2	AKAP1_1-DDX3X_1-interaction-shap	interaction	AKAP1-DDX3X	AKAP1	1	DDX3X	1	61	0.0266080591827631	false	0.0266080591827631
HepG2	TIA1_2-FUBP3_6-interaction-shap	interaction	FUBP3-TIA1	TIA1	2	FUBP3	6	19	0.026379629969596863	false	0.026379629969596863
HepG2	IGF2BP3_4-PPIG_4-interaction-shap	interaction	IGF2BP3-PPIG	IGF2BP3	4	PPIG	4	33	0.026341654360294342	false	0.026341654360294342
HepG2	SRSF9_1-SRSF1_2-interaction-shap	interaction	SRSF1-SRSF9	SRSF9	1	SRSF1	2	73	0.025938168168067932	false	0.025938168168067932
HepG2	SRSF1_5-ZC3H11A_6-interaction-shap	interaction	SRSF1-ZC3H11A	SRSF1	5	ZC3H11A	6	19	0.025905493646860123	false	0.025905493646860123
HepG2	PTBP1_3-EFTUD2_4-interaction-shap	interaction	EFTUD2-PTBP1	PTBP1	3	EFTUD2	4	5	0.025598997250199318	false	0.025598997250199318
HepG2	TIA1_4-TIAL1_6-interaction-shap	interaction	TIA1-TIAL1	TIA1	4	TIAL1	6	96	0.02555645816028118	false	0.02555645816028118
HepG2	FKBP4_2-PPIG_4-interaction-shap	interaction	FKBP4-PPIG	FKBP4	2	PPIG	4	70	0.025552866980433464	false	0.025552866980433464
HepG2	UCHL5_2-U2AF1_3-interaction-shap	interaction	U2AF1-UCHL5	UCHL5	2	U2AF1	3	107	0.025481026619672775	false	0.025481026619672775
HepG2	LARP4_3-SF3A3_5-interaction-shap	interaction	LARP4-SF3A3	LARP4	3	SF3A3	5	188	0.0248566847294569	false	0.0248566847294569
HepG2	AKAP1_1-G3BP1_6-interaction-shap	interaction	AKAP1-G3BP1	AKAP1	1	G3BP1	6	8	0.02430710569024086	false	0.02430710569024086
HepG2	FAM120A_2-SUB1_2-interaction-shap	interaction	FAM120A-SUB1	FAM120A	2	SUB1	2	70	0.024277791380882263	false	0.024277791380882263
HepG2	CSTF2T_2-FAM120A_2-interaction-shap	interaction	CSTF2T-FAM120A	CSTF2T	2	FAM120A	2	1191	0.024248803034424782	false	0.024248803034424782
HepG2	NKRF_2-RBM15_2-interaction-shap	interaction	NKRF-RBM15	NKRF	2	RBM15	2	31	0.024126220494508743	false	0.024126220494508743
HepG2	DDX3X_1-TARDBP_3-interaction-shap	interaction	DDX3X-TARDBP	DDX3X	1	TARDBP	3	62	0.024062220007181168	false	0.024062220007181168
HepG2	EIF3H_4-SF3B4_5-interaction-shap	interaction	EIF3H-SF3B4	EIF3H	4	SF3B4	5	146	0.02394888736307621	false	0.02394888736307621
HepG2	RBFOX2_4-FUBP3_6-interaction-shap	interaction	FUBP3-RBFOX2	RBFOX2	4	FUBP3	6	10	0.023778440430760384	true	0.023778440430760384
HepG2	SUGP2_3-PCBP2_5-interaction-shap	interaction	PCBP2-SUGP2	SUGP2	3	PCBP2	5	6	0.02348456345498562	false	0.02348456345498562
HepG2	LARP4_3-U2AF2_5-interaction-shap	interaction	LARP4-U2AF2	LARP4	3	U2AF2	5	124	0.02325737476348877	false	0.02325737476348877
HepG2	PTBP1_3-RBFOX2_4-interaction-shap	interaction	PTBP1-RBFOX2	PTBP1	3	RBFOX2	4	10	0.023241661489009857	false	0.023241661489009857
HepG2	PPIG_3-FXR2_4-interaction-shap	interaction	FXR2-PPIG	PPIG	3	FXR2	4	148	0.023147808387875557	false	0.023147808387875557
HepG2	SMNDC1_1-EFTUD2_5-interaction-shap	interaction	EFTUD2-SMNDC1	SMNDC1	1	EFTUD2	5	38	0.02283262461423874	false	0.02283262461423874
HepG2	NIP7_2-U2AF1_4-interaction-shap	interaction	NIP7-U2AF1	NIP7	2	U2AF1	4	3	0.022251388058066368	false	0.022251388058066368
HepG2	EFTUD2_2-U2AF2_4-interaction-shap	interaction	EFTUD2-U2AF2	EFTUD2	2	U2AF2	4	256	0.022228674963116646	false	0.022228674963116646
HepG2	EFTUD2_6-EIF3D_6-interaction-shap	interaction	EFTUD2-EIF3D	EFTUD2	6	EIF3D	6	43	0.02221805974841118	false	0.02221805974841118
HepG2	SRSF1_1-G3BP1_3-interaction-shap	interaction	G3BP1-SRSF1	SRSF1	1	G3BP1	3	52	0.02220352552831173	false	0.02220352552831173
HepG2	QKI_5-UCHL5_5-interaction-shap	interaction	QKI-UCHL5	QKI	5	UCHL5	5	46	0.022085322067141533	false	0.022085322067141533
HepG2	SF3B4_3-SUB1_4-interaction-shap	interaction	SF3B4-SUB1	SF3B4	3	SUB1	4	114	0.022053727880120277	false	0.022053727880120277
HepG2	EFTUD2_2-NKRF_3-interaction-shap	interaction	EFTUD2-NKRF	EFTUD2	2	NKRF	3	168	0.021901214495301247	false	0.021901214495301247
HepG2	G3BP1_4-PTBP1_4-interaction-shap	interaction	G3BP1-PTBP1	G3BP1	4	PTBP1	4	2	0.0218900628387928	false	0.0218900628387928
HepG2	AKAP1_1-CSTF2T_3-interaction-shap	interaction	AKAP1-CSTF2T	AKAP1	1	CSTF2T	3	2	0.021627221256494522	false	0.021627221256494522
HepG2	SMNDC1_1-SF3B4_3-interaction-shap	interaction	SF3B4-SMNDC1	SMNDC1	1	SF3B4	3	27	0.020851217210292816	false	0.020851217210292816
HepG2	EFTUD2_2-IGF2BP1_4-interaction-shap	interaction	EFTUD2-IGF2BP1	EFTUD2	2	IGF2BP1	4	178	0.02067725360393524	false	0.02067725360393524
HepG2	TRA2A_1-G3BP1_3-interaction-shap	interaction	G3BP1-TRA2A	TRA2A	1	G3BP1	3	40	0.020656276494264603	false	0.020656276494264603
HepG2	PPIG_3-PCBP1_6-interaction-shap	interaction	PCBP1-PPIG	PPIG	3	PCBP1	6	89	0.020541831851005554	false	0.020541831851005554
HepG2	BUD13_5-SF3A3_5-interaction-shap	interaction	BUD13-SF3A3	BUD13	5	SF3A3	5	1548	0.0203598290681839	false	0.0203598290681839
HepG2	PCBP2_3-U2AF2_3-interaction-shap	interaction	PCBP2-U2AF2	PCBP2	3	U2AF2	3	237	0.02035459876060486	false	0.02035459876060486
HepG2	SRSF1_4-SF3A3_5-interaction-shap	interaction	SF3A3-SRSF1	SRSF1	4	SF3A3	5	356	0.02026759460568428	false	0.02026759460568428
HepG2	EFTUD2_6-SUPV3L1_6-interaction-shap	interaction	EFTUD2-SUPV3L1	EFTUD2	6	SUPV3L1	6	251	0.020213721320033073	false	0.020213721320033073
HepG2	PRPF4_2-LARP4_5-interaction-shap	interaction	LARP4-PRPF4	PRPF4	2	LARP4	5	193	0.019970975816249847	false	0.019970975816249847
HepG2	EFTUD2_5-FUBP3_6-interaction-shap	interaction	EFTUD2-FUBP3	EFTUD2	5	FUBP3	6	8	0.019889533519744873	false	0.019889533519744873
HepG2	AKAP1_6-PCBP1_6-interaction-shap	interaction	AKAP1-PCBP1	AKAP1	6	PCBP1	6	77	0.019802574068307877	false	0.019802574068307877
HepG2	GTF2F1_2-LARP4_2-interaction-shap	interaction	GTF2F1-LARP4	GTF2F1	2	LARP4	2	121	0.019654521718621254	false	0.019654521718621254
HepG2	NKRF_2-RBM5_3-interaction-shap	interaction	NKRF-RBM5	NKRF	2	RBM5	3	17	0.01955641806125641	false	0.01955641806125641
HepG2	U2AF1_3-TIAL1_6-interaction-shap	interaction	TIAL1-U2AF1	U2AF1	3	TIAL1	6	61	0.01950567401945591	false	0.01950567401945591
HepG2	PCBP2_2-SRSF1_2-interaction-shap	interaction	PCBP2-SRSF1	PCBP2	2	SRSF1	2	123	0.019302327185869217	false	0.019302327185869217
HepG2	PRPF4_2-FKBP4_3-interaction-shap	interaction	FKBP4-PRPF4	PRPF4	2	FKBP4	3	46	0.01924266666173935	false	0.01924266666173935
HepG2	PTBP1_1-HNRNPK_2-interaction-shap	interaction	HNRNPK-PTBP1	PTBP1	1	HNRNPK	2	51	0.019113820046186447	false	0.019113820046186447
HepG2	AKAP1_1-RPS3_1-interaction-shap	interaction	AKAP1-RPS3	AKAP1	1	RPS3	1	68	0.01910814456641674	false	0.01910814456641674
HepG2	FAM120A_2-SF3B4_3-interaction-shap	interaction	FAM120A-SF3B4	FAM120A	2	SF3B4	3	373	0.019030405208468437	false	0.019030405208468437
HepG2	PRPF4_3-SF3A3_3-interaction-shap	interaction	PRPF4-SF3A3	PRPF4	3	SF3A3	3	855	0.018919019028544426	false	0.018919019028544426
HepG2	SRSF7_4-U2AF2_6-interaction-shap	interaction	SRSF7-U2AF2	SRSF7	4	U2AF2	6	8	0.01871846616268158	false	0.01871846616268158
HepG2	FXR2_4-BUD13_5-interaction-shap	interaction	BUD13-FXR2	FXR2	4	BUD13	5	188	0.01850995607674122	false	0.01850995607674122
HepG2	NKRF_2-SUB1_2-interaction-shap	interaction	NKRF-SUB1	NKRF	2	SUB1	2	70	0.018502067774534225	false	0.018502067774534225
HepG2	DDX3X_5-SRSF7_6-interaction-shap	interaction	DDX3X-SRSF7	DDX3X	5	SRSF7	6	75	0.01840365305542946	false	0.01840365305542946
HepG2	IGF2BP1_2-SRSF7_4-interaction-shap	interaction	IGF2BP1-SRSF7	IGF2BP1	2	SRSF7	4	4	0.018351441249251366	false	0.018351441249251366
HepG2	RBM5_3-BUD13_5-interaction-shap	interaction	BUD13-RBM5	RBM5	3	BUD13	5	107	0.018235212191939354	false	0.018235212191939354
HepG2	BUD13_3-NKRF_3-interaction-shap	interaction	BUD13-NKRF	BUD13	3	NKRF	3	6	0.018071800470352173	false	0.018071800470352173
HepG2	UCHL5_4-G3BP1_6-interaction-shap	interaction	G3BP1-UCHL5	UCHL5	4	G3BP1	6	143	0.017877774313092232	false	0.017877774313092232
HepG2	TIAL1_6-ZC3H11A_6-interaction-shap	interaction	TIAL1-ZC3H11A	TIAL1	6	ZC3H11A	6	44	0.017800284549593925	false	0.017800284549593925
HepG2	DDX6_3-SF3A3_5-interaction-shap	interaction	DDX6-SF3A3	DDX6	3	SF3A3	5	33	0.017579838633537292	false	0.017579838633537292
HepG2	PRPF4_2-PCBP1_6-interaction-shap	interaction	PCBP1-PRPF4	PRPF4	2	PCBP1	6	103	0.017416074872016907	false	0.017416074872016907
HepG2	GTF2F1_2-HNRNPK_3-interaction-shap	interaction	GTF2F1-HNRNPK	GTF2F1	2	HNRNPK	3	75	0.016567515209317207	false	0.016567515209317207
HepG2	PPIG_2-TRA2A_2-interaction-shap	interaction	PPIG-TRA2A	PPIG	2	TRA2A	2	318	0.015773724764585495	false	0.015773724764585495
HepG2	EFTUD2_2-TIA1_4-interaction-shap	interaction	EFTUD2-TIA1	EFTUD2	2	TIA1	4	340	0.015765130519866943	false	0.015765130519866943
HepG2	U2AF2_3-EIF3H_6-interaction-shap	interaction	EIF3H-U2AF2	U2AF2	3	EIF3H	6	59	0.015743186697363853	false	0.015743186697363853
HepG2	TARDBP_1-ILF3_4-interaction-shap	interaction	ILF3-TARDBP	TARDBP	1	ILF3	4	9	0.015696844086050987	false	0.015696844086050987
HepG2	AKAP1_1-TIA1_2-interaction-shap	interaction	AKAP1-TIA1	AKAP1	1	TIA1	2	15	0.015676632523536682	false	0.015676632523536682
HepG2	NKRF_4-LIN28B_6-interaction-shap	interaction	LIN28B-NKRF	NKRF	4	LIN28B	6	31	0.01565157063305378	false	0.01565157063305378
HepG2	TIAL1_2-RPS3_4-interaction-shap	interaction	RPS3-TIAL1	TIAL1	2	RPS3	4	304	0.015637900680303574	false	0.015637900680303574
HepG2	PCBP1_1-IGF2BP1_2-interaction-shap	interaction	IGF2BP1-PCBP1	PCBP1	1	IGF2BP1	2	36	0.015637293457984924	false	0.015637293457984924
HepG2	EIF3D_5-U2AF1_5-interaction-shap	interaction	EIF3D-U2AF1	EIF3D	5	U2AF1	5	1	0.015342846512794495	false	0.015342846512794495
HepG2	ZC3H11A_1-EFTUD2_4-interaction-shap	interaction	EFTUD2-ZC3H11A	ZC3H11A	1	EFTUD2	4	13	0.015115959569811821	false	0.015115959569811821
HepG2	SRSF1_1-PRPF4_3-interaction-shap	interaction	PRPF4-SRSF1	SRSF1	1	PRPF4	3	145	0.014975912868976593	false	0.014975912868976593
HepG2	SF3B4_3-RBFOX2_4-interaction-shap	interaction	RBFOX2-SF3B4	SF3B4	3	RBFOX2	4	569	0.014877528883516788	true	0.014877528883516788
HepG2	U2AF1_3-BUD13_4-interaction-shap	interaction	BUD13-U2AF1	U2AF1	3	BUD13	4	70	0.014730864204466343	false	0.014730864204466343
HepG2	BUD13_3-IGF2BP3_4-interaction-shap	interaction	BUD13-IGF2BP3	BUD13	3	IGF2BP3	4	12	0.014696727506816387	false	0.014696727506816387
HepG2	PRPF4_1-UCHL5_3-interaction-shap	interaction	PRPF4-UCHL5	PRPF4	1	UCHL5	3	149	0.014633488841354847	false	0.014633488841354847
HepG2	SRSF1_4-TIA1_4-interaction-shap	interaction	SRSF1-TIA1	SRSF1	4	TIA1	4	22	0.01450489740818739	false	0.01450489740818739
HepG2	SMNDC1_1-BUD13_5-interaction-shap	interaction	BUD13-SMNDC1	SMNDC1	1	BUD13	5	28	0.014501860365271568	false	0.014501860365271568
HepG2	PPIG_2-IGF2BP1_4-interaction-shap	interaction	IGF2BP1-PPIG	PPIG	2	IGF2BP1	4	65	0.014023106545209885	false	0.014023106545209885
HepG2	NIP7_2-DDX3X_3-interaction-shap	interaction	DDX3X-NIP7	NIP7	2	DDX3X	3	18	0.014020618051290512	false	0.014020618051290512
HepG2	FKBP4_2-SMNDC1_5-interaction-shap	interaction	FKBP4-SMNDC1	FKBP4	2	SMNDC1	5	60	0.013570588082075119	false	0.013570588082075119
HepG2	CSTF2T_3-ZC3H11A_6-interaction-shap	interaction	CSTF2T-ZC3H11A	CSTF2T	3	ZC3H11A	6	4	0.013525779359042645	false	0.013525779359042645
HepG2	CSTF2T_2-PCBP2_2-interaction-shap	interaction	CSTF2T-PCBP2	CSTF2T	2	PCBP2	2	459	0.013186291791498661	false	0.013186291791498661
HepG2	NKRF_2-RBM22_4-interaction-shap	interaction	NKRF-RBM22	NKRF	2	RBM22	4	26	0.012904630973935127	false	0.012904630973935127
HepG2	U2AF1_3-HNRNPK_6-interaction-shap	interaction	HNRNPK-U2AF1	U2AF1	3	HNRNPK	6	11	0.012663554400205612	false	0.012663554400205612
HepG2	LIN28B_3-PCBP2_3-interaction-shap	interaction	LIN28B-PCBP2	LIN28B	3	PCBP2	3	1	0.012534953653812408	false	0.012534953653812408
HepG2	GTF2F1_1-U2AF2_5-interaction-shap	interaction	GTF2F1-U2AF2	GTF2F1	1	U2AF2	5	111	0.012218001298606396	false	0.012218001298606396
HepG2	DDX3X_2-U2AF1_5-interaction-shap	interaction	DDX3X-U2AF1	DDX3X	2	U2AF1	5	36	0.012188703753054142	false	0.012188703753054142
HepG2	TIAL1_2-HNRNPK_4-interaction-shap	interaction	HNRNPK-TIAL1	TIAL1	2	HNRNPK	4	25	0.011913022957742214	false	0.011913022957742214
HepG2	RBM22_2-IGF2BP3_5-interaction-shap	interaction	IGF2BP3-RBM22	RBM22	2	IGF2BP3	5	51	0.011813567019999027	false	0.011813567019999027
HepG2	AKAP1_1-PPIG_6-interaction-shap	interaction	AKAP1-PPIG	AKAP1	1	PPIG	6	9	0.01167229562997818	false	0.01167229562997818
HepG2	EFTUD2_2-SUB1_6-interaction-shap	interaction	EFTUD2-SUB1	EFTUD2	2	SUB1	6	385	0.011593958362936974	false	0.011593958362936974
HepG2	HNRNPK_2-G3BP1_6-interaction-shap	interaction	G3BP1-HNRNPK	HNRNPK	2	G3BP1	6	38	0.011322248727083206	false	0.011322248727083206
HepG2	EFTUD2_2-DDX6_3-interaction-shap	interaction	DDX6-EFTUD2	EFTUD2	2	DDX6	3	24	0.01113131083548069	false	0.01113131083548069
HepG2	PPIG_2-DDX6_3-interaction-shap	interaction	DDX6-PPIG	PPIG	2	DDX6	3	22	0.010983563028275967	false	0.010983563028275967
HepG2	GTF2F1_2-TARDBP_3-interaction-shap	interaction	GTF2F1-TARDBP	GTF2F1	2	TARDBP	3	25	0.01092554535716772	false	0.01092554535716772
HepG2	FUS_4-DDX3X_5-interaction-shap	interaction	DDX3X-FUS	FUS	4	DDX3X	5	26	0.010683149099349976	false	0.010683149099349976
HepG2	LIN28B_2-U2AF1_3-interaction-shap	interaction	LIN28B-U2AF1	LIN28B	2	U2AF1	3	32	0.010582895949482918	false	0.010582895949482918
HepG2	CSTF2T_2-SF3A3_3-interaction-shap	interaction	CSTF2T-SF3A3	CSTF2T	2	SF3A3	3	216	0.010512390173971653	false	0.010512390173971653
HepG2	HNRNPK_3-BUD13_5-interaction-shap	interaction	BUD13-HNRNPK	HNRNPK	3	BUD13	5	62	0.010476479306817055	false	0.010476479306817055
HepG2	FXR2_4-EFTUD2_5-interaction-shap	interaction	EFTUD2-FXR2	FXR2	4	EFTUD2	5	61	0.010419484227895737	false	0.010419484227895737
HepG2	GTF2F1_1-ZC3H11A_6-interaction-shap	interaction	GTF2F1-ZC3H11A	GTF2F1	1	ZC3H11A	6	4	0.010393697768449783	false	0.010393697768449783
HepG2	RBFOX2_2-LIN28B_3-interaction-shap	interaction	LIN28B-RBFOX2	RBFOX2	2	LIN28B	3	49	0.010295774787664413	false	0.010295774787664413
HepG2	G3BP1_4-TARDBP_5-interaction-shap	interaction	G3BP1-TARDBP	G3BP1	4	TARDBP	5	11	0.010260974057018757	false	0.010260974057018757
HepG2	TRA2A_4-U2AF2_5-interaction-shap	interaction	TRA2A-U2AF2	TRA2A	4	U2AF2	5	45	0.010169705376029015	false	0.010169705376029015
HepG2	U2AF2_3-AKAP1_6-interaction-shap	interaction	AKAP1-U2AF2	U2AF2	3	AKAP1	6	17	0.01012060884386301	false	0.01012060884386301
HepG2	PTBP1_3-U2AF2_3-interaction-shap	interaction	PTBP1-U2AF2	PTBP1	3	U2AF2	3	121	0.009953274391591549	false	0.009953274391591549
HepG2	ILF3_3-PPIG_5-interaction-shap	interaction	ILF3-PPIG	ILF3	3	PPIG	5	5	0.009681622497737408	false	0.009681622497737408
HepG2	DDX3X_2-HNRNPC_3-interaction-shap	interaction	DDX3X-HNRNPC	DDX3X	2	HNRNPC	3	7	0.009642614051699638	false	0.009642614051699638
HepG2	FAM120A_2-RBM5_5-interaction-shap	interaction	FAM120A-RBM5	FAM120A	2	RBM5	5	89	0.009235283359885216	false	0.009235283359885216
HepG2	UCHL5_2-RBFOX2_4-interaction-shap	interaction	RBFOX2-UCHL5	UCHL5	2	RBFOX2	4	100	0.009106396697461605	false	0.009106396697461605
HepG2	RPS3_6-SRSF7_6-interaction-shap	interaction	RPS3-SRSF7	RPS3	6	SRSF7	6	84	0.00898285023868084	false	0.00898285023868084
HepG2	SRSF9_1-TRA2A_5-interaction-shap	interaction	SRSF9-TRA2A	SRSF9	1	TRA2A	5	1	0.008694615215063095	true	0.008694615215063095
HepG2	SRSF9_6-U2AF2_6-interaction-shap	interaction	SRSF9-U2AF2	SRSF9	6	U2AF2	6	6	0.008584551513195038	false	0.008584551513195038
HepG2	FKBP4_3-U2AF2_3-interaction-shap	interaction	FKBP4-U2AF2	FKBP4	3	U2AF2	3	2	0.00850670039653778	false	0.00850670039653778
HepG2	EFTUD2_3-RPS3_3-interaction-shap	interaction	EFTUD2-RPS3	EFTUD2	3	RPS3	3	701	0.008360680192708969	false	0.008360680192708969
HepG2	SUB1_2-TIAL1_4-interaction-shap	interaction	SUB1-TIAL1	SUB1	2	TIAL1	4	12	0.008339247666299343	false	0.008339247666299343
HepG2	DDX3X_2-NOLC1_3-interaction-shap	interaction	DDX3X-NOLC1	DDX3X	2	NOLC1	3	116	0.008219326846301556	false	0.008219326846301556
HepG2	TIAL1_2-SF3B4_3-interaction-shap	interaction	SF3B4-TIAL1	TIAL1	2	SF3B4	3	601	0.008090625517070293	false	0.008090625517070293
HepG2	DDX6_3-SF3B4_5-interaction-shap	interaction	DDX6-SF3B4	DDX6	3	SF3B4	5	37	0.007758822292089462	false	0.007758822292089462
HepG2	G3BP1_5-RBM15_6-interaction-shap	interaction	G3BP1-RBM15	G3BP1	5	RBM15	6	18	0.007656572386622429	false	0.007656572386622429
HepG2	CSTF2T_2-SMNDC1_5-interaction-shap	interaction	CSTF2T-SMNDC1	CSTF2T	2	SMNDC1	5	91	0.007621051277965307	false	0.007621051277965307
HepG2	DDX3X_1-ZC3H11A_6-interaction-shap	interaction	DDX3X-ZC3H11A	DDX3X	1	ZC3H11A	6	18	0.007503911387175322	false	0.007503911387175322
HepG2	PCBP2_2-RBM5_3-interaction-shap	interaction	PCBP2-RBM5	PCBP2	2	RBM5	3	3	0.007457473780959845	false	0.007457473780959845
HepG2	NKRF_2-IGF2BP1_5-interaction-shap	interaction	IGF2BP1-NKRF	NKRF	2	IGF2BP1	5	2	0.007148388773202896	false	0.007148388773202896
HepG2	U2AF2_3-FUS_4-interaction-shap	interaction	FUS-U2AF2	U2AF2	3	FUS	4	23	0.007125777658075094	false	0.007125777658075094
HepG2	TIAL1_4-G3BP1_6-interaction-shap	interaction	G3BP1-TIAL1	TIAL1	4	G3BP1	6	84	0.00666420441120863	false	0.00666420441120863
HepG2	AKAP1_1-LARP4_5-interaction-shap	interaction	AKAP1-LARP4	AKAP1	1	LARP4	5	34	0.006421266123652458	false	0.006421266123652458
HepG2	DKC1_4-FUS_4-interaction-shap	interaction	DKC1-FUS	DKC1	4	FUS	4	16	0.006411338225007057	false	0.006411338225007057
HepG2	TIAL1_2-LIN28B_6-interaction-shap	interaction	LIN28B-TIAL1	TIAL1	2	LIN28B	6	138	0.006096538621932268	false	0.006096538621932268
HepG2	DKC1_3-SMNDC1_5-interaction-shap	interaction	DKC1-SMNDC1	DKC1	3	SMNDC1	5	1	0.006039773114025593	false	0.006039773114025593
HepG2	PRPF4_1-TIAL1_6-interaction-shap	interaction	PRPF4-TIAL1	PRPF4	1	TIAL1	6	43	0.006006477400660515	false	0.006006477400660515
HepG2	RBM15_5-SF3A3_5-interaction-shap	interaction	RBM15-SF3A3	RBM15	5	SF3A3	5	135	0.005870104767382145	false	0.005870104767382145
HepG2	GTF2F1_2-TIA1_4-interaction-shap	interaction	GTF2F1-TIA1	GTF2F1	2	TIA1	4	51	0.005755581893026829	false	0.005755581893026829
HepG2	CSTF2T_2-IGF2BP3_4-interaction-shap	interaction	CSTF2T-IGF2BP3	CSTF2T	2	IGF2BP3	4	11	0.0056913988664746284	false	0.0056913988664746284
HepG2	RBM22_4-TRA2A_4-interaction-shap	interaction	RBM22-TRA2A	RBM22	4	TRA2A	4	85	0.005416834261268377	false	0.005416834261268377
HepG2	SRSF9_1-HNRNPK_2-interaction-shap	interaction	HNRNPK-SRSF9	SRSF9	1	HNRNPK	2	7	0.005261903628706932	false	0.005261903628706932
HepG2	EFTUD2_4-TIAL1_4-interaction-shap	interaction	EFTUD2-TIAL1	EFTUD2	4	TIAL1	4	376	0.005238903686404228	false	0.005238903686404228
HepG2	FXR2_3-EIF3D_6-interaction-shap	interaction	EIF3D-FXR2	FXR2	3	EIF3D	6	14	0.005183183588087559	false	0.005183183588087559
HepG2	BUD13_3-TARDBP_4-interaction-shap	interaction	BUD13-TARDBP	BUD13	3	TARDBP	4	68	0.005055881571024656	false	0.005055881571024656
HepG2	UCHL5_2-SRSF9_4-interaction-shap	interaction	SRSF9-UCHL5	UCHL5	2	SRSF9	4	18	0.005020500160753727	false	0.005020500160753727
HepG2	UCHL5_2-LARP4_4-interaction-shap	interaction	LARP4-UCHL5	UCHL5	2	LARP4	4	65	0.0049614207819104195	false	0.0049614207819104195
HepG2	FUS_4-HNRNPK_6-interaction-shap	interaction	FUS-HNRNPK	FUS	4	HNRNPK	6	14	0.004868789110332727	false	0.004868789110332727
HepG2	FASTKD2_2-TRA2A_2-interaction-shap	interaction	FASTKD2-TRA2A	FASTKD2	2	TRA2A	2	22	0.004834177903831005	false	0.004834177903831005
HepG2	TRA2A_5-RPS3_6-interaction-shap	interaction	RPS3-TRA2A	TRA2A	5	RPS3	6	14	0.004613000899553299	false	0.004613000899553299
HepG2	FASTKD2_2-SRSF1_5-interaction-shap	interaction	FASTKD2-SRSF1	FASTKD2	2	SRSF1	5	4	0.004475495312362909	false	0.004475495312362909
HepG2	EFTUD2_2-LARP4_4-interaction-shap	interaction	EFTUD2-LARP4	EFTUD2	2	LARP4	4	331	0.004335708916187286	false	0.004335708916187286
HepG2	EFTUD2_2-UCHL5_2-interaction-shap	interaction	EFTUD2-UCHL5	EFTUD2	2	UCHL5	2	740	0.0043058376759290695	false	0.0043058376759290695
HepG2	TIAL1_4-TRA2A_5-interaction-shap	interaction	TIAL1-TRA2A	TIAL1	4	TRA2A	5	51	0.004240754060447216	false	0.004240754060447216
HepG2	UCHL5_1-EIF3D_6-interaction-shap	interaction	EIF3D-UCHL5	UCHL5	1	EIF3D	6	40	0.004230893682688475	false	0.004230893682688475
HepG2	IGF2BP3_4-FAM120A_5-interaction-shap	interaction	FAM120A-IGF2BP3	IGF2BP3	4	FAM120A	5	3	0.0036546122282743454	false	0.0036546122282743454
HepG2	SRSF9_1-TIA1_6-interaction-shap	interaction	SRSF9-TIA1	SRSF9	1	TIA1	6	39	0.003375695087015629	false	0.003375695087015629
HepG2	SRSF9_1-TIAL1_4-interaction-shap	interaction	SRSF9-TIAL1	SRSF9	1	TIAL1	4	34	0.003298681927844882	false	0.003298681927844882
HepG2	TRA2A_5-TIA1_6-interaction-shap	interaction	TIA1-TRA2A	TRA2A	5	TIA1	6	78	0.0031724406871944666	false	0.0031724406871944666
HepG2	PTBP1_2-XRN2_2-interaction-shap	interaction	PTBP1-XRN2	PTBP1	2	XRN2	2	5	0.0030008573085069656	false	0.0030008573085069656
HepG2	LARP4_4-TARDBP_5-interaction-shap	interaction	LARP4-TARDBP	LARP4	4	TARDBP	5	20	0.00281713018193841	false	0.00281713018193841
HepG2	CSTF2T_4-SRSF1_4-interaction-shap	interaction	CSTF2T-SRSF1	CSTF2T	4	SRSF1	4	19	0.0026388554833829403	false	0.0026388554833829403
HepG2	PCBP2_3-SF3A3_5-interaction-shap	interaction	PCBP2-SF3A3	PCBP2	3	SF3A3	5	253	0.0025624430272728205	false	0.0025624430272728205
HepG2	PPIG_2-SUGP2_3-interaction-shap	interaction	PPIG-SUGP2	PPIG	2	SUGP2	3	14	0.002534938743337989	false	0.002534938743337989
HepG2	LIN28B_4-SRSF9_4-interaction-shap	interaction	LIN28B-SRSF9	LIN28B	4	SRSF9	4	2	0.002522469963878393	false	0.002522469963878393
HepG2	PPIG_1-SMNDC1_1-interaction-shap	interaction	PPIG-SMNDC1	PPIG	1	SMNDC1	1	74	0.0024121699389070272	false	0.0024121699389070272
HepG2	BUD13_3-TIAL1_4-interaction-shap	interaction	BUD13-TIAL1	BUD13	3	TIAL1	4	186	0.002370006637647748	false	0.002370006637647748
HepG2	CSTF2T_2-RBM22_2-interaction-shap	interaction	CSTF2T-RBM22	CSTF2T	2	RBM22	2	405	0.0023048543371260166	false	0.0023048543371260166
HepG2	SF3B4_1-PCBP2_3-interaction-shap	interaction	PCBP2-SF3B4	SF3B4	1	PCBP2	3	204	0.0021029366180300713	false	0.0021029366180300713
HepG2	TRA2A_5-EFTUD2_6-interaction-shap	interaction	EFTUD2-TRA2A	TRA2A	5	EFTUD2	6	91	0.002038725186139345	false	0.002038725186139345
HepG2	TIA1_4-PCBP2_5-interaction-shap	interaction	PCBP2-TIA1	TIA1	4	PCBP2	5	6	0.001967228250578046	false	0.001967228250578046
HepG2	SRSF1_1-RPS3_2-interaction-shap	interaction	RPS3-SRSF1	SRSF1	1	RPS3	2	18	0.0018674414604902267	false	0.0018674414604902267
HepG2	SRSF1_1-LIN28B_4-interaction-shap	interaction	LIN28B-SRSF1	SRSF1	1	LIN28B	4	9	0.0018579838797450066	false	0.0018579838797450066
HepG2	PCBP2_2-IGF2BP3_4-interaction-shap	interaction	IGF2BP3-PCBP2	PCBP2	2	IGF2BP3	4	3	0.0017941197147592902	false	0.0017941197147592902
HepG2	CSTF2T_2-GTF2F1_5-interaction-shap	interaction	CSTF2T-GTF2F1	CSTF2T	2	GTF2F1	5	16	0.0017809778219088912	false	0.0017809778219088912
HepG2	CSTF2T_3-G3BP1_5-interaction-shap	interaction	CSTF2T-G3BP1	CSTF2T	3	G3BP1	5	35	0.0017203092575073242	false	0.0017203092575073242
HepG2	SRSF1_1-HNRNPK_3-interaction-shap	interaction	HNRNPK-SRSF1	SRSF1	1	HNRNPK	3	29	0.0016279227565973997	false	0.0016279227565973997
HepG2	FXR2_3-TIAL1_6-interaction-shap	interaction	FXR2-TIAL1	FXR2	3	TIAL1	6	91	0.0014549607876688242	false	0.0014549607876688242
HepG2	PCBP2_2-QKI_3-interaction-shap	interaction	PCBP2-QKI	PCBP2	2	QKI	3	7	0.0013540445361286402	true	0.0013540445361286402
HepG2	PCBP2_2-G3BP1_3-interaction-shap	interaction	G3BP1-PCBP2	PCBP2	2	G3BP1	3	41	0.0013431039405986667	false	0.0013431039405986667
HepG2	SRSF1_1-IGF2BP1_4-interaction-shap	interaction	IGF2BP1-SRSF1	SRSF1	1	IGF2BP1	4	10	0.001295098103582859	false	0.001295098103582859
HepG2	PRPF4_2-SUB1_2-interaction-shap	interaction	PRPF4-SUB1	PRPF4	2	SUB1	2	137	0.0009582327911630273	false	0.0009582327911630273
HepG2	NKRF_3-PCBP2_6-interaction-shap	interaction	NKRF-PCBP2	NKRF	3	PCBP2	6	16	0.000954820541664958	false	0.000954820541664958
HepG2	TIA1_2-NKRF_3-interaction-shap	interaction	NKRF-TIA1	TIA1	2	NKRF	3	11	0.0009028775966726243	false	0.0009028775966726243
HepG2	GTF2F1_2-PTBP1_3-interaction-shap	interaction	GTF2F1-PTBP1	GTF2F1	2	PTBP1	3	50	0.0008229907834902406	false	0.0008229907834902406
HepG2	SRSF1_1-TIAL1_4-interaction-shap	interaction	SRSF1-TIAL1	SRSF1	1	TIAL1	4	144	0.0007937770569697022	false	0.0007937770569697022
HepG2	EFTUD2_2-U2AF1_3-interaction-shap	interaction	EFTUD2-U2AF1	EFTUD2	2	U2AF1	3	287	0.0007870656554587185	false	0.0007870656554587185
HepG2	ILF3_4-PCBP2_6-interaction-shap	interaction	ILF3-PCBP2	ILF3	4	PCBP2	6	2	0.0007824857020750642	false	0.0007824857020750642
HepG2	FXR2_3-PCBP2_6-interaction-shap	interaction	FXR2-PCBP2	FXR2	3	PCBP2	6	36	0.0007127524586394429	false	0.0007127524586394429
HepG2	RBM22_4-PCBP2_6-interaction-shap	interaction	PCBP2-RBM22	RBM22	4	PCBP2	6	63	0.0007120046066120267	false	0.0007120046066120267
HepG2	XPO5_3-SUB1_5-interaction-shap	interaction	SUB1-XPO5	XPO5	3	SUB1	5	1	0.0006490424275398254	false	0.0006490424275398254
HepG2	AKAP1_1-SF3A3_5-interaction-shap	interaction	AKAP1-SF3A3	AKAP1	1	SF3A3	5	3	0.0006481260061264038	false	0.0006481260061264038
HepG2	RBM15_2-IGF2BP1_6-interaction-shap	interaction	IGF2BP1-RBM15	RBM15	2	IGF2BP1	6	3	0.0006368184112943709	false	0.0006368184112943709
HepG2	PRPF4_2-IGF2BP1_6-interaction-shap	interaction	IGF2BP1-PRPF4	PRPF4	2	IGF2BP1	6	75	0.0006305054994300008	false	0.0006305054994300008
HepG2	PPIG_2-HNRNPC_4-interaction-shap	interaction	HNRNPC-PPIG	PPIG	2	HNRNPC	4	37	0.0006016555125825107	false	0.0006016555125825107
HepG2	GTF2F1_2-RBM5_3-interaction-shap	interaction	GTF2F1-RBM5	GTF2F1	2	RBM5	3	71	0.0005891899345442653	false	0.0005891899345442653
HepG2	DDX3X_2-DDX6_3-interaction-shap	interaction	DDX3X-DDX6	DDX3X	2	DDX6	3	2	0.0005846377462148666	false	0.0005846377462148666
HepG2	SRSF1_1-SUB1_4-interaction-shap	interaction	SRSF1-SUB1	SRSF1	1	SUB1	4	1	0.0005744216032326221	false	0.0005744216032326221
HepG2	RBFOX2_3-HNRNPK_6-interaction-shap	interaction	HNRNPK-RBFOX2	RBFOX2	3	HNRNPK	6	31	0.0005385184776969254	false	0.0005385184776969254
HepG2	TRA2A_5-BUD13_6-interaction-shap	interaction	BUD13-TRA2A	TRA2A	5	BUD13	6	149	0.000515870691742748	false	0.000515870691742748
HepG2	ILF3_3-EFTUD2_5-interaction-shap	interaction	EFTUD2-ILF3	ILF3	3	EFTUD2	5	29	0.000508531928062439	false	0.000508531928062439
HepG2	PCBP2_4-FUBP3_6-interaction-shap	interaction	FUBP3-PCBP2	PCBP2	4	FUBP3	6	7	0.0004582435649354011	false	0.0004582435649354011
HepG2	FAM120A_2-NKRF_2-interaction-shap	interaction	FAM120A-NKRF	FAM120A	2	NKRF	2	324	0.000435465743066743	false	0.000435465743066743
HepG2	G3BP1_2-ILF3_4-interaction-shap	interaction	G3BP1-ILF3	G3BP1	2	ILF3	4	18	0.0003885488258674741	false	0.0003885488258674741
HepG2	NKRF_3-SF3A3_5-interaction-shap	interaction	NKRF-SF3A3	NKRF	3	SF3A3	5	106	0.0003873157547786832	false	0.0003873157547786832
HepG2	G3BP1_2-HNRNPC_3-interaction-shap	interaction	G3BP1-HNRNPC	G3BP1	2	HNRNPC	3	1	0.0003822688013315201	false	0.0003822688013315201
HepG2	SMNDC1_1-RBM22_6-interaction-shap	interaction	RBM22-SMNDC1	SMNDC1	1	RBM22	6	9	0.00037161819636821747	false	0.00037161819636821747
HepG2	ILF3_3-SF3B4_5-interaction-shap	interaction	ILF3-SF3B4	ILF3	3	SF3B4	5	19	0.0003018092829734087	false	0.0003018092829734087
HepG2	DDX3X_1-RBM15_2-interaction-shap	interaction	DDX3X-RBM15	DDX3X	1	RBM15	2	46	0.0003015740658156574	false	0.0003015740658156574
HepG2	PRPF4_2-G3BP1_3-interaction-shap	interaction	G3BP1-PRPF4	PRPF4	2	G3BP1	3	213	0.00028379124705679715	false	0.00028379124705679715
HepG2	ILF3_4-U2AF2_5-interaction-shap	interaction	ILF3-U2AF2	ILF3	4	U2AF2	5	7	0.000276578328339383	false	0.000276578328339383
HepG2	DDX3X_2-XPO5_5-interaction-shap	interaction	DDX3X-XPO5	DDX3X	2	XPO5	5	6	0.00026925434940494597	false	0.00026925434940494597
HepG2	SFPQ_3-PPIG_6-interaction-shap	interaction	PPIG-SFPQ	SFPQ	3	PPIG	6	6	0.00026588948094286025	false	0.00026588948094286025
HepG2	NIP7_2-G3BP1_4-interaction-shap	interaction	G3BP1-NIP7	NIP7	2	G3BP1	4	4	0.0002548918128013611	false	0.0002548918128013611
HepG2	CSTF2T_2-DDX6_3-interaction-shap	interaction	CSTF2T-DDX6	CSTF2T	2	DDX6	3	2	0.00023943372070789337	false	0.00023943372070789337
HepG2	PCBP2_3-SUB1_6-interaction-shap	interaction	PCBP2-SUB1	PCBP2	3	SUB1	6	5	0.000238046093727462	false	0.000238046093727462
HepG2	PRPF4_3-ILF3_4-interaction-shap	interaction	ILF3-PRPF4	PRPF4	3	ILF3	4	8	0.00021609157556667924	false	0.00021609157556667924
HepG2	SF3A3_1-HNRNPC_3-interaction-shap	interaction	HNRNPC-SF3A3	SF3A3	1	HNRNPC	3	13	0.00021044828463345766	false	0.00021044828463345766
HepG2	NOLC1_3-SF3B4_5-interaction-shap	interaction	NOLC1-SF3B4	NOLC1	3	SF3B4	5	224	0.00020801316713914275	false	0.00020801316713914275
HepG2	SUB1_2-ZC3H11A_6-interaction-shap	interaction	SUB1-ZC3H11A	SUB1	2	ZC3H11A	6	40	0.0001930873841047287	false	0.0001930873841047287
HepG2	EIF3H_4-LIN28B_6-interaction-shap	interaction	EIF3H-LIN28B	EIF3H	4	LIN28B	6	48	0.00015902634186204523	false	0.00015902634186204523
HepG2	TARDBP_4-TRA2A_5-interaction-shap	interaction	TARDBP-TRA2A	TARDBP	4	TRA2A	5	7	0.00015529466327279806	false	0.00015529466327279806
HepG2	EFTUD2_2-SUGP2_3-interaction-shap	interaction	EFTUD2-SUGP2	EFTUD2	2	SUGP2	3	4	0.0001459866762161255	false	0.0001459866762161255
HepG2	ILF3_4-LIN28B_6-interaction-shap	interaction	ILF3-LIN28B	ILF3	4	LIN28B	6	8	0.0001447626855224371	false	0.0001447626855224371
HepG2	GTF2F1_2-DDX6_3-interaction-shap	interaction	DDX6-GTF2F1	GTF2F1	2	DDX6	3	17	0.00013132407912053168	false	0.00013132407912053168
HepG2	HNRNPC_4-LARP4_6-interaction-shap	interaction	HNRNPC-LARP4	HNRNPC	4	LARP4	6	10	0.00011961338168475777	false	0.00011961338168475777
HepG2	DDX6_3-U2AF2_5-interaction-shap	interaction	DDX6-U2AF2	DDX6	3	U2AF2	5	7	0.00010869652032852173	false	0.00010869652032852173
HepG2	TRA2A_2-SUB1_4-interaction-shap	interaction	SUB1-TRA2A	TRA2A	2	SUB1	4	6	0.00010797381401062012	false	0.00010797381401062012
HepG2	FKBP4_3-SF3A3_5-interaction-shap	interaction	FKBP4-SF3A3	FKBP4	3	SF3A3	5	48	0.0000611916184425354	false	0.0000611916184425354
HepG2	PRPF4_3-FUBP3_6-interaction-shap	interaction	FUBP3-PRPF4	PRPF4	3	FUBP3	6	11	0.000055930788221303374	false	0.000055930788221303374
HepG2	AKAP1_1-PCBP2_2-interaction-shap	interaction	AKAP1-PCBP2	AKAP1	1	PCBP2	2	1	0.000036716461181640625	false	0.000036716461181640625
HepG2	SF3B4_5-SRSF9_6-interaction-shap	interaction	SF3B4-SRSF9	SF3B4	5	SRSF9	6	183	0.00003208464113413356	false	0.00003208464113413356
HepG2	AKAP1_1-SF3B4_1-interaction-shap	interaction	AKAP1-SF3B4	AKAP1	1	SF3B4	1	32	0.000031927713280310854	false	0.000031927713280310854
HepG2	TIAL1_2-HNRNPC_3-interaction-shap	interaction	HNRNPC-TIAL1	TIAL1	2	HNRNPC	3	30	0.00002447242513881065	false	0.00002447242513881065
HepG2	EFTUD2_2-FUS_5-interaction-shap	interaction	EFTUD2-FUS	EFTUD2	2	FUS	5	23	0.00002317292455700226	false	0.00002317292455700226
HepG2	ILF3_4-SF3A3_5-interaction-shap	interaction	ILF3-SF3A3	ILF3	4	SF3A3	5	18	0.00002298752406204585	false	0.00002298752406204585
HepG2	BUD13_2-FUBP3_6-interaction-shap	interaction	BUD13-FUBP3	BUD13	2	FUBP3	6	38	0.000022714330043527298	false	0.000022714330043527298
HepG2	EIF3D_5-SF3B4_5-interaction-shap	interaction	EIF3D-SF3B4	EIF3D	5	SF3B4	5	39	0.000013649750144395512	false	0.000013649750144395512
HepG2	IGF2BP3_5-SF3B4_5-interaction-shap	interaction	IGF2BP3-SF3B4	IGF2BP3	5	SF3B4	5	163	0.000010502027180336881	false	0.000010502027180336881
HepG2	FXR2_4-PRPF4_6-interaction-shap	interaction	FXR2-PRPF4	FXR2	4	PRPF4	6	44	0.00001032455747917993	false	0.00001032455747917993
HepG2	AKAP1_1-BUD13_1-interaction-shap	interaction	AKAP1-BUD13	AKAP1	1	BUD13	1	26	0.0	false	0.0
HepG2	AKAP1_1-EFTUD2_1-interaction-shap	interaction	AKAP1-EFTUD2	AKAP1	1	EFTUD2	1	2	0.0	false	0.0
HepG2	AKAP1_1-FAM120A_1-interaction-shap	interaction	AKAP1-FAM120A	AKAP1	1	FAM120A	1	1	0.0	false	0.0
HepG2	AKAP1_1-HNRNPK_1-interaction-shap	interaction	AKAP1-HNRNPK	AKAP1	1	HNRNPK	1	20	0.0	false	0.0
HepG2	AKAP1_1-NKRF_1-interaction-shap	interaction	AKAP1-NKRF	AKAP1	1	NKRF	1	2	0.0	false	0.0
HepG2	AKAP1_1-NOLC1_1-interaction-shap	interaction	AKAP1-NOLC1	AKAP1	1	NOLC1	1	4	0.0	false	0.0
HepG2	AKAP1_1-SFPQ_1-interaction-shap	interaction	AKAP1-SFPQ	AKAP1	1	SFPQ	1	3	0.0	false	0.0
HepG2	AKAP1_1-SRSF1_1-interaction-shap	interaction	AKAP1-SRSF1	AKAP1	1	SRSF1	1	2	0.0	false	0.0
HepG2	AKAP1_1-TIAL1_1-interaction-shap	interaction	AKAP1-TIAL1	AKAP1	1	TIAL1	1	2	0.0	false	0.0
HepG2	BUD13_1-DDX6_1-interaction-shap	interaction	BUD13-DDX6	BUD13	1	DDX6	1	2	0.0	false	0.0
HepG2	BUD13_1-DKC1_1-interaction-shap	interaction	BUD13-DKC1	BUD13	1	DKC1	1	42	0.0	false	0.0
HepG2	BUD13_1-EIF3D_1-interaction-shap	interaction	BUD13-EIF3D	BUD13	1	EIF3D	1	35	0.0	false	0.0
HepG2	BUD13_1-EIF3H_1-interaction-shap	interaction	BUD13-EIF3H	BUD13	1	EIF3H	1	299	0.0	false	0.0
HepG2	BUD13_1-EXOSC5_1-interaction-shap	interaction	BUD13-EXOSC5	BUD13	1	EXOSC5	1	38	0.0	false	0.0
HepG2	BUD13_1-FAM120A_1-interaction-shap	interaction	BUD13-FAM120A	BUD13	1	FAM120A	1	68	0.0	false	0.0
HepG2	BUD13_1-FASTKD2_1-interaction-shap	interaction	BUD13-FASTKD2	BUD13	1	FASTKD2	1	91	0.0	false	0.0
HepG2	BUD13_1-FKBP4_1-interaction-shap	interaction	BUD13-FKBP4	BUD13	1	FKBP4	1	21	0.0	false	0.0
HepG2	BUD13_1-LARP7_1-interaction-shap	interaction	BUD13-LARP7	BUD13	1	LARP7	1	87	0.0	false	0.0
HepG2	BUD13_1-NIP7_1-interaction-shap	interaction	BUD13-NIP7	BUD13	1	NIP7	1	102	0.0	false	0.0
HepG2	BUD13_1-NOLC1_1-interaction-shap	interaction	BUD13-NOLC1	BUD13	1	NOLC1	1	102	0.0	false	0.0
HepG2	BUD13_1-PCBP1_1-interaction-shap	interaction	BUD13-PCBP1	BUD13	1	PCBP1	1	9	0.0	false	0.0
HepG2	BUD13_1-PCBP2_1-interaction-shap	interaction	BUD13-PCBP2	BUD13	1	PCBP2	1	57	0.0	false	0.0
HepG2	BUD13_1-SFPQ_1-interaction-shap	interaction	BUD13-SFPQ	BUD13	1	SFPQ	1	9	0.0	false	0.0
HepG2	BUD13_1-SRSF7_1-interaction-shap	interaction	BUD13-SRSF7	BUD13	1	SRSF7	1	26	0.0	false	0.0
HepG2	BUD13_1-SRSF9_1-interaction-shap	interaction	BUD13-SRSF9	BUD13	1	SRSF9	1	56	0.0	false	0.0
HepG2	BUD13_1-SUB1_1-interaction-shap	interaction	BUD13-SUB1	BUD13	1	SUB1	1	44	0.0	false	0.0
HepG2	BUD13_1-UCHL5_1-interaction-shap	interaction	BUD13-UCHL5	BUD13	1	UCHL5	1	341	0.0	false	0.0
HepG2	BUD13_1-UTP18_1-interaction-shap	interaction	BUD13-UTP18	BUD13	1	UTP18	1	16	0.0	false	0.0
HepG2	BUD13_1-XPO5_1-interaction-shap	interaction	BUD13-XPO5	BUD13	1	XPO5	1	37	0.0	false	0.0
HepG2	CSTF2T_1-EIF3D_1-interaction-shap	interaction	CSTF2T-EIF3D	CSTF2T	1	EIF3D	1	6	0.0	false	0.0
HepG2	CSTF2T_1-EIF3H_1-interaction-shap	interaction	CSTF2T-EIF3H	CSTF2T	1	EIF3H	1	16	0.0	false	0.0
HepG2	CSTF2T_1-EXOSC5_1-interaction-shap	interaction	CSTF2T-EXOSC5	CSTF2T	1	EXOSC5	1	1	0.0	false	0.0
HepG2	CSTF2T_1-FASTKD2_1-interaction-shap	interaction	CSTF2T-FASTKD2	CSTF2T	1	FASTKD2	1	247	0.0	false	0.0
HepG2	CSTF2T_1-FKBP4_1-interaction-shap	interaction	CSTF2T-FKBP4	CSTF2T	1	FKBP4	1	111	0.0	false	0.0
HepG2	CSTF2T_1-FUS_1-interaction-shap	interaction	CSTF2T-FUS	CSTF2T	1	FUS	1	60	0.0	false	0.0
HepG2	CSTF2T_1-FXR2_1-interaction-shap	interaction	CSTF2T-FXR2	CSTF2T	1	FXR2	1	52	0.0	false	0.0
HepG2	CSTF2T_1-HNRNPC_1-interaction-shap	interaction	CSTF2T-HNRNPC	CSTF2T	1	HNRNPC	1	1	0.0	false	0.0
HepG2	CSTF2T_1-HNRNPU_1-interaction-shap	interaction	CSTF2T-HNRNPU	CSTF2T	1	HNRNPU	1	57	0.0	false	0.0
HepG2	CSTF2T_1-PCBP1_1-interaction-shap	interaction	CSTF2T-PCBP1	CSTF2T	1	PCBP1	1	55	0.0	false	0.0
HepG2	CSTF2T_1-QKI_1-interaction-shap	interaction	CSTF2T-QKI	CSTF2T	1	QKI	1	1	0.0	false	0.0
HepG2	CSTF2T_1-RBM15_1-interaction-shap	interaction	CSTF2T-RBM15	CSTF2T	1	RBM15	1	19	0.0	false	0.0
HepG2	CSTF2T_1-RBM5_1-interaction-shap	interaction	CSTF2T-RBM5	CSTF2T	1	RBM5	1	23	0.0	false	0.0
HepG2	CSTF2T_1-RPS3_1-interaction-shap	interaction	CSTF2T-RPS3	CSTF2T	1	RPS3	1	48	0.0	false	0.0
HepG2	CSTF2T_1-SFPQ_1-interaction-shap	interaction	CSTF2T-SFPQ	CSTF2T	1	SFPQ	1	20	0.0	true	0.0
HepG2	CSTF2T_1-SRSF9_1-interaction-shap	interaction	CSTF2T-SRSF9	CSTF2T	1	SRSF9	1	28	0.0	false	0.0
HepG2	CSTF2T_1-STAU2_1-interaction-shap	interaction	CSTF2T-STAU2	CSTF2T	1	STAU2	1	10	0.0	false	0.0
HepG2	CSTF2T_1-TAF15_1-interaction-shap	interaction	CSTF2T-TAF15	CSTF2T	1	TAF15	1	33	0.0	true	0.0
HepG2	CSTF2T_1-TARDBP_1-interaction-shap	interaction	CSTF2T-TARDBP	CSTF2T	1	TARDBP	1	13	0.0	false	0.0
HepG2	CSTF2T_1-TIAL1_1-interaction-shap	interaction	CSTF2T-TIAL1	CSTF2T	1	TIAL1	1	1	0.0	false	0.0
HepG2	CSTF2T_1-TRA2A_1-interaction-shap	interaction	CSTF2T-TRA2A	CSTF2T	1	TRA2A	1	17	0.0	false	0.0
HepG2	CSTF2T_1-U2AF1_1-interaction-shap	interaction	CSTF2T-U2AF1	CSTF2T	1	U2AF1	1	1	0.0	false	0.0
HepG2	CSTF2T_1-U2AF2_1-interaction-shap	interaction	CSTF2T-U2AF2	CSTF2T	1	U2AF2	1	36	0.0	false	0.0
HepG2	CSTF2T_1-XPO5_1-interaction-shap	interaction	CSTF2T-XPO5	CSTF2T	1	XPO5	1	24	0.0	false	0.0
HepG2	DDX3X_1-DDX52_1-interaction-shap	interaction	DDX3X-DDX52	DDX3X	1	DDX52	1	7	0.0	false	0.0
HepG2	DDX3X_1-DHX30_1-interaction-shap	interaction	DDX3X-DHX30	DDX3X	1	DHX30	1	2	0.0	false	0.0
HepG2	DDX3X_1-DKC1_1-interaction-shap	interaction	DDX3X-DKC1	DDX3X	1	DKC1	1	8	0.0	false	0.0
HepG2	DDX3X_1-EIF3D_1-interaction-shap	interaction	DDX3X-EIF3D	DDX3X	1	EIF3D	1	80	0.0	false	0.0
HepG2	DDX3X_1-EXOSC5_1-interaction-shap	interaction	DDX3X-EXOSC5	DDX3X	1	EXOSC5	1	1	0.0	false	0.0
HepG2	DDX3X_1-FASTKD2_1-interaction-shap	interaction	DDX3X-FASTKD2	DDX3X	1	FASTKD2	1	128	0.0	false	0.0
HepG2	DDX3X_1-FXR2_1-interaction-shap	interaction	DDX3X-FXR2	DDX3X	1	FXR2	1	68	0.0	false	0.0
HepG2	DDX3X_1-HNRNPU_1-interaction-shap	interaction	DDX3X-HNRNPU	DDX3X	1	HNRNPU	1	18	0.0	false	0.0
HepG2	DDX3X_1-NSUN2_1-interaction-shap	interaction	DDX3X-NSUN2	DDX3X	1	NSUN2	1	15	0.0	false	0.0
HepG2	DDX3X_1-SFPQ_1-interaction-shap	interaction	DDX3X-SFPQ	DDX3X	1	SFPQ	1	9	0.0	false	0.0
HepG2	DDX3X_1-SMNDC1_1-interaction-shap	interaction	DDX3X-SMNDC1	DDX3X	1	SMNDC1	1	50	0.0	false	0.0
HepG2	DDX3X_1-TAF15_1-interaction-shap	interaction	DDX3X-TAF15	DDX3X	1	TAF15	1	33	0.0	false	0.0
HepG2	DDX3X_1-UCHL5_1-interaction-shap	interaction	DDX3X-UCHL5	DDX3X	1	UCHL5	1	86	0.0	false	0.0
HepG2	DDX3X_1-UTP18_1-interaction-shap	interaction	DDX3X-UTP18	DDX3X	1	UTP18	1	4	0.0	false	0.0
HepG2	DDX52_1-DKC1_1-interaction-shap	interaction	DDX52-DKC1	DDX52	1	DKC1	1	5	0.0	false	0.0
HepG2	DDX52_1-EIF3D_1-interaction-shap	interaction	DDX52-EIF3D	DDX52	1	EIF3D	1	4	0.0	false	0.0
HepG2	DDX52_1-EIF3H_1-interaction-shap	interaction	DDX52-EIF3H	DDX52	1	EIF3H	1	8	0.0	false	0.0
HepG2	DDX52_1-GTF2F1_1-interaction-shap	interaction	DDX52-GTF2F1	DDX52	1	GTF2F1	1	4	0.0	false	0.0
HepG2	DDX52_1-HNRNPC_1-interaction-shap	interaction	DDX52-HNRNPC	DDX52	1	HNRNPC	1	14	0.0	false	0.0
HepG2	DDX52_1-LARP4_1-interaction-shap	interaction	DDX52-LARP4	DDX52	1	LARP4	1	3	0.0	false	0.0
HepG2	DDX52_1-NOLC1_1-interaction-shap	interaction	DDX52-NOLC1	DDX52	1	NOLC1	1	7	0.0	false	0.0
HepG2	DDX52_1-RPS3_1-interaction-shap	interaction	DDX52-RPS3	DDX52	1	RPS3	1	8	0.0	false	0.0
HepG2	DDX52_1-XPO5_1-interaction-shap	interaction	DDX52-XPO5	DDX52	1	XPO5	1	4	0.0	false	0.0
HepG2	DDX52_1-XRCC6_1-interaction-shap	interaction	DDX52-XRCC6	DDX52	1	XRCC6	1	12	0.0	false	0.0
HepG2	DDX6_1-FAM120A_1-interaction-shap	interaction	DDX6-FAM120A	DDX6	1	FAM120A	1	74	0.0	false	0.0
HepG2	DDX6_1-FASTKD2_1-interaction-shap	interaction	DDX6-FASTKD2	DDX6	1	FASTKD2	1	67	0.0	false	0.0
HepG2	DDX6_1-FKBP4_1-interaction-shap	interaction	DDX6-FKBP4	DDX6	1	FKBP4	1	49	0.0	false	0.0
HepG2	DDX6_1-FUS_1-interaction-shap	interaction	DDX6-FUS	DDX6	1	FUS	1	49	0.0	false	0.0
HepG2	DDX6_1-FXR2_1-interaction-shap	interaction	DDX6-FXR2	DDX6	1	FXR2	1	52	0.0	false	0.0
HepG2	DDX6_1-HNRNPU_1-interaction-shap	interaction	DDX6-HNRNPU	DDX6	1	HNRNPU	1	18	0.0	false	0.0
HepG2	DDX6_1-LIN28B_1-interaction-shap	interaction	DDX6-LIN28B	DDX6	1	LIN28B	1	2	0.0	false	0.0
HepG2	DDX6_1-NSUN2_1-interaction-shap	interaction	DDX6-NSUN2	DDX6	1	NSUN2	1	2	0.0	false	0.0
HepG2	DDX6_1-PCBP2_1-interaction-shap	interaction	DDX6-PCBP2	DDX6	1	PCBP2	1	67	0.0	false	0.0
HepG2	DDX6_1-PRPF4_1-interaction-shap	interaction	DDX6-PRPF4	DDX6	1	PRPF4	1	74	0.0	false	0.0
HepG2	DDX6_1-QKI_1-interaction-shap	interaction	DDX6-QKI	DDX6	1	QKI	1	6	0.0	false	0.0
HepG2	DDX6_1-RBFOX2_1-interaction-shap	interaction	DDX6-RBFOX2	DDX6	1	RBFOX2	1	19	0.0	false	0.0
HepG2	DDX6_1-RPS3_1-interaction-shap	interaction	DDX6-RPS3	DDX6	1	RPS3	1	23	0.0	false	0.0
HepG2	DDX6_1-SRSF1_1-interaction-shap	interaction	DDX6-SRSF1	DDX6	1	SRSF1	1	67	0.0	false	0.0
HepG2	DDX6_1-TAF15_1-interaction-shap	interaction	DDX6-TAF15	DDX6	1	TAF15	1	18	0.0	false	0.0
HepG2	DDX6_1-TIAL1_1-interaction-shap	interaction	DDX6-TIAL1	DDX6	1	TIAL1	1	1	0.0	false	0.0
HepG2	DDX6_1-XRN2_1-interaction-shap	interaction	DDX6-XRN2	DDX6	1	XRN2	1	74	0.0	false	0.0
HepG2	DHX30_1-XPO5_1-interaction-shap	interaction	DHX30-XPO5	DHX30	1	XPO5	1	3	0.0	false	0.0
HepG2	DKC1_1-EFTUD2_1-interaction-shap	interaction	DKC1-EFTUD2	DKC1	1	EFTUD2	1	33	0.0	false	0.0
HepG2	DKC1_1-EIF3D_1-interaction-shap	interaction	DKC1-EIF3D	DKC1	1	EIF3D	1	7	0.0	false	0.0
HepG2	DKC1_1-FXR2_1-interaction-shap	interaction	DKC1-FXR2	DKC1	1	FXR2	1	2	0.0	false	0.0
HepG2	DKC1_1-G3BP1_1-interaction-shap	interaction	DKC1-G3BP1	DKC1	1	G3BP1	1	1	0.0	false	0.0
HepG2	DKC1_1-IGF2BP1_1-interaction-shap	interaction	DKC1-IGF2BP1	DKC1	1	IGF2BP1	1	34	0.0	false	0.0
HepG2	DKC1_1-LARP4_1-interaction-shap	interaction	DKC1-LARP4	DKC1	1	LARP4	1	9	0.0	false	0.0
HepG2	DKC1_1-LARP7_1-interaction-shap	interaction	DKC1-LARP7	DKC1	1	LARP7	1	101	0.0	false	0.0
HepG2	DKC1_1-LIN28B_1-interaction-shap	interaction	DKC1-LIN28B	DKC1	1	LIN28B	1	10	0.0	false	0.0
HepG2	DKC1_1-NIP7_1-interaction-shap	interaction	DKC1-NIP7	DKC1	1	NIP7	1	61	0.0	false	0.0
HepG2	DKC1_1-NKRF_1-interaction-shap	interaction	DKC1-NKRF	DKC1	1	NKRF	1	1	0.0	false	0.0
HepG2	DKC1_1-NOLC1_1-interaction-shap	interaction	DKC1-NOLC1	DKC1	1	NOLC1	1	192	0.0	false	0.0
HepG2	DKC1_1-PCBP1_1-interaction-shap	interaction	DKC1-PCBP1	DKC1	1	PCBP1	1	14	0.0	false	0.0
HepG2	DKC1_1-PPIG_1-interaction-shap	interaction	DKC1-PPIG	DKC1	1	PPIG	1	63	0.0	false	0.0
HepG2	DKC1_1-PRPF4_1-interaction-shap	interaction	DKC1-PRPF4	DKC1	1	PRPF4	1	4	0.0	false	0.0
HepG2	DKC1_1-PTBP1_1-interaction-shap	interaction	DKC1-PTBP1	DKC1	1	PTBP1	1	9	0.0	false	0.0
HepG2	DKC1_1-RBFOX2_1-interaction-shap	interaction	DKC1-RBFOX2	DKC1	1	RBFOX2	1	18	0.0	false	0.0
HepG2	DKC1_1-RBM15_1-interaction-shap	interaction	DKC1-RBM15	DKC1	1	RBM15	1	5	0.0	false	0.0
HepG2	DKC1_1-RBM22_1-interaction-shap	interaction	DKC1-RBM22	DKC1	1	RBM22	1	4	0.0	false	0.0
HepG2	DKC1_1-RBM5_1-interaction-shap	interaction	DKC1-RBM5	DKC1	1	RBM5	1	26	0.0	false	0.0
HepG2	DKC1_1-RPS3_1-interaction-shap	interaction	DKC1-RPS3	DKC1	1	RPS3	1	34	0.0	false	0.0
HepG2	DKC1_1-SF3B4_1-interaction-shap	interaction	DKC1-SF3B4	DKC1	1	SF3B4	1	54	0.0	false	0.0
HepG2	DKC1_1-SRSF7_1-interaction-shap	interaction	DKC1-SRSF7	DKC1	1	SRSF7	1	37	0.0	false	0.0
HepG2	DKC1_1-STAU2_1-interaction-shap	interaction	DKC1-STAU2	DKC1	1	STAU2	1	4	0.0	false	0.0
HepG2	DKC1_1-SUB1_1-interaction-shap	interaction	DKC1-SUB1	DKC1	1	SUB1	1	55	0.0	false	0.0
HepG2	DKC1_1-TARDBP_1-interaction-shap	interaction	DKC1-TARDBP	DKC1	1	TARDBP	1	36	0.0	false	0.0
HepG2	DKC1_1-TIAL1_1-interaction-shap	interaction	DKC1-TIAL1	DKC1	1	TIAL1	1	21	0.0	false	0.0
HepG2	DKC1_1-UCHL5_1-interaction-shap	interaction	DKC1-UCHL5	DKC1	1	UCHL5	1	1	0.0	false	0.0
HepG2	EFTUD2_1-EIF3H_1-interaction-shap	interaction	EFTUD2-EIF3H	EFTUD2	1	EIF3H	1	127	0.0	false	0.0
HepG2	EFTUD2_1-EXOSC5_1-interaction-shap	interaction	EFTUD2-EXOSC5	EFTUD2	1	EXOSC5	1	12	0.0	false	0.0
HepG2	EFTUD2_1-FAM120A_1-interaction-shap	interaction	EFTUD2-FAM120A	EFTUD2	1	FAM120A	1	225	0.0	false	0.0
HepG2	EFTUD2_1-FASTKD2_1-interaction-shap	interaction	EFTUD2-FASTKD2	EFTUD2	1	FASTKD2	1	95	0.0	false	0.0
HepG2	EFTUD2_1-HNRNPU_1-interaction-shap	interaction	EFTUD2-HNRNPU	EFTUD2	1	HNRNPU	1	18	0.0	false	0.0
HepG2	EFTUD2_1-IGF2BP3_1-interaction-shap	interaction	EFTUD2-IGF2BP3	EFTUD2	1	IGF2BP3	1	21	0.0	false	0.0
HepG2	EFTUD2_1-LARP7_1-interaction-shap	interaction	EFTUD2-LARP7	EFTUD2	1	LARP7	1	25	0.0	false	0.0
HepG2	EFTUD2_1-NIP7_1-interaction-shap	interaction	EFTUD2-NIP7	EFTUD2	1	NIP7	1	40	0.0	false	0.0
HepG2	EFTUD2_1-NOLC1_1-interaction-shap	interaction	EFTUD2-NOLC1	EFTUD2	1	NOLC1	1	102	0.0	false	0.0
HepG2	EFTUD2_1-SFPQ_1-interaction-shap	interaction	EFTUD2-SFPQ	EFTUD2	1	SFPQ	1	10	0.0	false	0.0
HepG2	EFTUD2_1-SRSF7_1-interaction-shap	interaction	EFTUD2-SRSF7	EFTUD2	1	SRSF7	1	33	0.0	false	0.0
HepG2	EFTUD2_1-SRSF9_1-interaction-shap	interaction	EFTUD2-SRSF9	EFTUD2	1	SRSF9	1	49	0.0	false	0.0
HepG2	EFTUD2_1-STAU2_1-interaction-shap	interaction	EFTUD2-STAU2	EFTUD2	1	STAU2	1	3	0.0	false	0.0
HepG2	EFTUD2_1-TAF15_1-interaction-shap	interaction	EFTUD2-TAF15	EFTUD2	1	TAF15	1	18	0.0	false	0.0
HepG2	EFTUD2_1-UTP18_1-interaction-shap	interaction	EFTUD2-UTP18	EFTUD2	1	UTP18	1	10	0.0	false	0.0
HepG2	EIF3D_1-EIF3H_1-interaction-shap	interaction	EIF3D-EIF3H	EIF3D	1	EIF3H	1	47	0.0	false	0.0
HepG2	EIF3D_1-FASTKD2_1-interaction-shap	interaction	EIF3D-FASTKD2	EIF3D	1	FASTKD2	1	19	0.0	false	0.0
HepG2	EIF3D_1-GTF2F1_1-interaction-shap	interaction	EIF3D-GTF2F1	EIF3D	1	GTF2F1	1	28	0.0	false	0.0
HepG2	EIF3D_1-HNRNPK_1-interaction-shap	interaction	EIF3D-HNRNPK	EIF3D	1	HNRNPK	1	3	0.0	false	0.0
HepG2	EIF3D_1-LARP4_1-interaction-shap	interaction	EIF3D-LARP4	EIF3D	1	LARP4	1	9	0.0	false	0.0
HepG2	EIF3D_1-NKRF_1-interaction-shap	interaction	EIF3D-NKRF	EIF3D	1	NKRF	1	2	0.0	false	0.0
HepG2	EIF3D_1-NOLC1_1-interaction-shap	interaction	EIF3D-NOLC1	EIF3D	1	NOLC1	1	7	0.0	false	0.0
HepG2	EIF3D_1-PCBP2_1-interaction-shap	interaction	EIF3D-PCBP2	EIF3D	1	PCBP2	1	14	0.0	false	0.0
HepG2	EIF3D_1-PRPF4_1-interaction-shap	interaction	EIF3D-PRPF4	EIF3D	1	PRPF4	1	41	0.0	false	0.0
HepG2	EIF3D_1-PTBP1_1-interaction-shap	interaction	EIF3D-PTBP1	EIF3D	1	PTBP1	1	3	0.0	false	0.0
HepG2	EIF3D_1-RBFOX2_1-interaction-shap	interaction	EIF3D-RBFOX2	EIF3D	1	RBFOX2	1	11	0.0	false	0.0
HepG2	EIF3D_1-RBM22_1-interaction-shap	interaction	EIF3D-RBM22	EIF3D	1	RBM22	1	1	0.0	false	0.0
HepG2	EIF3D_1-RPS3_1-interaction-shap	interaction	EIF3D-RPS3	EIF3D	1	RPS3	1	31	0.0	false	0.0
HepG2	EIF3D_1-SF3A3_1-interaction-shap	interaction	EIF3D-SF3A3	EIF3D	1	SF3A3	1	12	0.0	false	0.0
HepG2	EIF3D_1-SMNDC1_1-interaction-shap	interaction	EIF3D-SMNDC1	EIF3D	1	SMNDC1	1	7	0.0	false	0.0
HepG2	EIF3D_1-SRSF9_1-interaction-shap	interaction	EIF3D-SRSF9	EIF3D	1	SRSF9	1	1	0.0	false	0.0
HepG2	EIF3D_1-SUB1_1-interaction-shap	interaction	EIF3D-SUB1	EIF3D	1	SUB1	1	2	0.0	false	0.0
HepG2	EIF3D_1-TIA1_1-interaction-shap	interaction	EIF3D-TIA1	EIF3D	1	TIA1	1	3	0.0	false	0.0
HepG2	EIF3D_1-XPO5_1-interaction-shap	interaction	EIF3D-XPO5	EIF3D	1	XPO5	1	4	0.0	false	0.0
HepG2	EIF3D_1-XRN2_1-interaction-shap	interaction	EIF3D-XRN2	EIF3D	1	XRN2	1	3	0.0	false	0.0
HepG2	EIF3H_1-EXOSC5_1-interaction-shap	interaction	EIF3H-EXOSC5	EIF3H	1	EXOSC5	1	10	0.0	false	0.0
HepG2	EIF3H_1-FAM120A_1-interaction-shap	interaction	EIF3H-FAM120A	EIF3H	1	FAM120A	1	16	0.0	false	0.0
HepG2	EIF3H_1-FASTKD2_1-interaction-shap	interaction	EIF3H-FASTKD2	EIF3H	1	FASTKD2	1	83	0.0	false	0.0
HepG2	EIF3H_1-HNRNPK_1-interaction-shap	interaction	EIF3H-HNRNPK	EIF3H	1	HNRNPK	1	15	0.0	false	0.0
HepG2	EIF3H_1-IGF2BP1_1-interaction-shap	interaction	EIF3H-IGF2BP1	EIF3H	1	IGF2BP1	1	17	0.0	false	0.0
HepG2	EIF3H_1-IGF2BP3_1-interaction-shap	interaction	EIF3H-IGF2BP3	EIF3H	1	IGF2BP3	1	13	0.0	false	0.0
HepG2	EIF3H_1-NKRF_1-interaction-shap	interaction	EIF3H-NKRF	EIF3H	1	NKRF	1	2	0.0	false	0.0
HepG2	EIF3H_1-NOLC1_1-interaction-shap	interaction	EIF3H-NOLC1	EIF3H	1	NOLC1	1	16	0.0	false	0.0
HepG2	EIF3H_1-NSUN2_1-interaction-shap	interaction	EIF3H-NSUN2	EIF3H	1	NSUN2	1	12	0.0	false	0.0
HepG2	EIF3H_1-PRPF4_1-interaction-shap	interaction	EIF3H-PRPF4	EIF3H	1	PRPF4	1	239	0.0	false	0.0
HepG2	EIF3H_1-PTBP1_1-interaction-shap	interaction	EIF3H-PTBP1	EIF3H	1	PTBP1	1	3	0.0	false	0.0
HepG2	EIF3H_1-QKI_1-interaction-shap	interaction	EIF3H-QKI	EIF3H	1	QKI	1	3	0.0	false	0.0
HepG2	EIF3H_1-RBM15_1-interaction-shap	interaction	EIF3H-RBM15	EIF3H	1	RBM15	1	20	0.0	false	0.0
HepG2	EIF3H_1-RBM5_1-interaction-shap	interaction	EIF3H-RBM5	EIF3H	1	RBM5	1	1	0.0	false	0.0
HepG2	EIF3H_1-RPS3_1-interaction-shap	interaction	EIF3H-RPS3	EIF3H	1	RPS3	1	69	0.0	false	0.0
HepG2	EIF3H_1-SF3A3_1-interaction-shap	interaction	EIF3H-SF3A3	EIF3H	1	SF3A3	1	42	0.0	false	0.0
HepG2	EIF3H_1-SMNDC1_1-interaction-shap	interaction	EIF3H-SMNDC1	EIF3H	1	SMNDC1	1	35	0.0	false	0.0
HepG2	EIF3H_1-SRSF1_1-interaction-shap	interaction	EIF3H-SRSF1	EIF3H	1	SRSF1	1	108	0.0	false	0.0
HepG2	EIF3H_1-SRSF9_1-interaction-shap	interaction	EIF3H-SRSF9	EIF3H	1	SRSF9	1	48	0.0	false	0.0
HepG2	EIF3H_1-SUB1_1-interaction-shap	interaction	EIF3H-SUB1	EIF3H	1	SUB1	1	1	0.0	false	0.0
HepG2	EIF3H_1-TAF15_1-interaction-shap	interaction	EIF3H-TAF15	EIF3H	1	TAF15	1	16	0.0	false	0.0
HepG2	EIF3H_1-TARDBP_1-interaction-shap	interaction	EIF3H-TARDBP	EIF3H	1	TARDBP	1	5	0.0	false	0.0
HepG2	EIF3H_1-TIA1_1-interaction-shap	interaction	EIF3H-TIA1	EIF3H	1	TIA1	1	6	0.0	false	0.0
HepG2	EIF3H_1-TIAL1_1-interaction-shap	interaction	EIF3H-TIAL1	EIF3H	1	TIAL1	1	2	0.0	false	0.0
HepG2	EIF3H_1-TRA2A_1-interaction-shap	interaction	EIF3H-TRA2A	EIF3H	1	TRA2A	1	30	0.0	false	0.0
HepG2	EIF3H_1-U2AF1_1-interaction-shap	interaction	EIF3H-U2AF1	EIF3H	1	U2AF1	1	28	0.0	false	0.0
HepG2	EIF3H_1-UCHL5_1-interaction-shap	interaction	EIF3H-UCHL5	EIF3H	1	UCHL5	1	130	0.0	false	0.0
HepG2	EIF3H_1-UTP18_1-interaction-shap	interaction	EIF3H-UTP18	EIF3H	1	UTP18	1	16	0.0	false	0.0
HepG2	EIF3H_1-ZC3H11A_1-interaction-shap	interaction	EIF3H-ZC3H11A	EIF3H	1	ZC3H11A	1	22	0.0	false	0.0
HepG2	EXOSC5_1-FASTKD2_1-interaction-shap	interaction	EXOSC5-FASTKD2	EXOSC5	1	FASTKD2	1	16	0.0	false	0.0
HepG2	EXOSC5_1-FKBP4_1-interaction-shap	interaction	EXOSC5-FKBP4	EXOSC5	1	FKBP4	1	1	0.0	false	0.0
HepG2	EXOSC5_1-FXR2_1-interaction-shap	interaction	EXOSC5-FXR2	EXOSC5	1	FXR2	1	3	0.0	false	0.0
HepG2	EXOSC5_1-GTF2F1_1-interaction-shap	interaction	EXOSC5-GTF2F1	EXOSC5	1	GTF2F1	1	4	0.0	false	0.0
HepG2	EXOSC5_1-NKRF_1-interaction-shap	interaction	EXOSC5-NKRF	EXOSC5	1	NKRF	1	3	0.0	false	0.0
HepG2	EXOSC5_1-PPIG_1-interaction-shap	interaction	EXOSC5-PPIG	EXOSC5	1	PPIG	1	58	0.0	false	0.0
HepG2	EXOSC5_1-PRPF4_1-interaction-shap	interaction	EXOSC5-PRPF4	EXOSC5	1	PRPF4	1	34	0.0	false	0.0
HepG2	EXOSC5_1-RPS3_1-interaction-shap	interaction	EXOSC5-RPS3	EXOSC5	1	RPS3	1	13	0.0	false	0.0
HepG2	EXOSC5_1-SF3A3_1-interaction-shap	interaction	EXOSC5-SF3A3	EXOSC5	1	SF3A3	1	8	0.0	false	0.0
HepG2	EXOSC5_1-SRSF1_1-interaction-shap	interaction	EXOSC5-SRSF1	EXOSC5	1	SRSF1	1	17	0.0	false	0.0
HepG2	EXOSC5_1-SRSF9_1-interaction-shap	interaction	EXOSC5-SRSF9	EXOSC5	1	SRSF9	1	3	0.0	false	0.0
HepG2	EXOSC5_1-U2AF2_1-interaction-shap	interaction	EXOSC5-U2AF2	EXOSC5	1	U2AF2	1	8	0.0	false	0.0
HepG2	EXOSC5_1-UCHL5_1-interaction-shap	interaction	EXOSC5-UCHL5	EXOSC5	1	UCHL5	1	18	0.0	false	0.0
HepG2	EXOSC5_1-XRN2_1-interaction-shap	interaction	EXOSC5-XRN2	EXOSC5	1	XRN2	1	1	0.0	false	0.0
HepG2	FAM120A_1-FASTKD2_1-interaction-shap	interaction	FAM120A-FASTKD2	FAM120A	1	FASTKD2	1	258	0.0	false	0.0
HepG2	FAM120A_1-FUS_1-interaction-shap	interaction	FAM120A-FUS	FAM120A	1	FUS	1	58	0.0	false	0.0
HepG2	FAM120A_1-FXR2_1-interaction-shap	interaction	FAM120A-FXR2	FAM120A	1	FXR2	1	52	0.0	false	0.0
HepG2	FAM120A_1-G3BP1_1-interaction-shap	interaction	FAM120A-G3BP1	FAM120A	1	G3BP1	1	4	0.0	false	0.0
HepG2	FAM120A_1-HNRNPC_1-interaction-shap	interaction	FAM120A-HNRNPC	FAM120A	1	HNRNPC	1	1	0.0	false	0.0
HepG2	FAM120A_1-HNRNPK_1-interaction-shap	interaction	FAM120A-HNRNPK	FAM120A	1	HNRNPK	1	4	0.0	false	0.0
HepG2	FAM120A_1-HNRNPU_1-interaction-shap	interaction	FAM120A-HNRNPU	FAM120A	1	HNRNPU	1	56	0.0	false	0.0
HepG2	FAM120A_1-IGF2BP1_1-interaction-shap	interaction	FAM120A-IGF2BP1	FAM120A	1	IGF2BP1	1	11	0.0	false	0.0
HepG2	FAM120A_1-PCBP1_1-interaction-shap	interaction	FAM120A-PCBP1	FAM120A	1	PCBP1	1	3	0.0	false	0.0
HepG2	FAM120A_1-PPIG_1-interaction-shap	interaction	FAM120A-PPIG	FAM120A	1	PPIG	1	81	0.0	false	0.0
HepG2	FAM120A_1-PTBP1_1-interaction-shap	interaction	FAM120A-PTBP1	FAM120A	1	PTBP1	1	5	0.0	false	0.0
HepG2	FAM120A_1-RBFOX2_1-interaction-shap	interaction	FAM120A-RBFOX2	FAM120A	1	RBFOX2	1	257	0.0	false	0.0
HepG2	FAM120A_1-RBM15_1-interaction-shap	interaction	FAM120A-RBM15	FAM120A	1	RBM15	1	18	0.0	false	0.0
HepG2	FAM120A_1-RPS3_1-interaction-shap	interaction	FAM120A-RPS3	FAM120A	1	RPS3	1	69	0.0	false	0.0
HepG2	FAM120A_1-SF3A3_1-interaction-shap	interaction	FAM120A-SF3A3	FAM120A	1	SF3A3	1	113	0.0	false	0.0
HepG2	FAM120A_1-SFPQ_1-interaction-shap	interaction	FAM120A-SFPQ	FAM120A	1	SFPQ	1	15	0.0	false	0.0
HepG2	FAM120A_1-SRSF1_1-interaction-shap	interaction	FAM120A-SRSF1	FAM120A	1	SRSF1	1	77	0.0	false	0.0
HepG2	FAM120A_1-SRSF9_1-interaction-shap	interaction	FAM120A-SRSF9	FAM120A	1	SRSF9	1	27	0.0	false	0.0
HepG2	FAM120A_1-STAU2_1-interaction-shap	interaction	FAM120A-STAU2	FAM120A	1	STAU2	1	11	0.0	false	0.0
HepG2	FAM120A_1-SUPV3L1_1-interaction-shap	interaction	FAM120A-SUPV3L1	FAM120A	1	SUPV3L1	1	4	0.0	false	0.0
HepG2	FAM120A_1-TAF15_1-interaction-shap	interaction	FAM120A-TAF15	FAM120A	1	TAF15	1	33	0.0	false	0.0
HepG2	FAM120A_1-TARDBP_1-interaction-shap	interaction	FAM120A-TARDBP	FAM120A	1	TARDBP	1	11	0.0	false	0.0
HepG2	FAM120A_1-TIAL1_1-interaction-shap	interaction	FAM120A-TIAL1	FAM120A	1	TIAL1	1	9	0.0	false	0.0
HepG2	FAM120A_1-TRA2A_1-interaction-shap	interaction	FAM120A-TRA2A	FAM120A	1	TRA2A	1	15	0.0	false	0.0
HepG2	FAM120A_1-U2AF1_1-interaction-shap	interaction	FAM120A-U2AF1	FAM120A	1	U2AF1	1	2	0.0	false	0.0
HepG2	FAM120A_1-U2AF2_1-interaction-shap	interaction	FAM120A-U2AF2	FAM120A	1	U2AF2	1	3	0.0	false	0.0
HepG2	FAM120A_1-UCHL5_1-interaction-shap	interaction	FAM120A-UCHL5	FAM120A	1	UCHL5	1	3	0.0	false	0.0
HepG2	FAM120A_1-XPO5_1-interaction-shap	interaction	FAM120A-XPO5	FAM120A	1	XPO5	1	15	0.0	false	0.0
HepG2	FAM120A_1-XRN2_1-interaction-shap	interaction	FAM120A-XRN2	FAM120A	1	XRN2	1	171	0.0	false	0.0
HepG2	FASTKD2_1-FKBP4_1-interaction-shap	interaction	FASTKD2-FKBP4	FASTKD2	1	FKBP4	1	68	0.0	false	0.0
HepG2	FASTKD2_1-FUS_1-interaction-shap	interaction	FASTKD2-FUS	FASTKD2	1	FUS	1	57	0.0	false	0.0
HepG2	FASTKD2_1-FXR2_1-interaction-shap	interaction	FASTKD2-FXR2	FASTKD2	1	FXR2	1	100	0.0	false	0.0
HepG2	FASTKD2_1-G3BP1_1-interaction-shap	interaction	FASTKD2-G3BP1	FASTKD2	1	G3BP1	1	22	0.0	false	0.0
HepG2	FASTKD2_1-GTF2F1_1-interaction-shap	interaction	FASTKD2-GTF2F1	FASTKD2	1	GTF2F1	1	274	0.0	false	0.0
HepG2	FASTKD2_1-HNRNPC_1-interaction-shap	interaction	FASTKD2-HNRNPC	FASTKD2	1	HNRNPC	1	1	0.0	false	0.0
HepG2	FASTKD2_1-HNRNPK_1-interaction-shap	interaction	FASTKD2-HNRNPK	FASTKD2	1	HNRNPK	1	3	0.0	false	0.0
HepG2	FASTKD2_1-HNRNPU_1-interaction-shap	interaction	FASTKD2-HNRNPU	FASTKD2	1	HNRNPU	1	57	0.0	false	0.0
HepG2	FASTKD2_1-IGF2BP1_1-interaction-shap	interaction	FASTKD2-IGF2BP1	FASTKD2	1	IGF2BP1	1	9	0.0	false	0.0
HepG2	FASTKD2_1-IGF2BP3_1-interaction-shap	interaction	FASTKD2-IGF2BP3	FASTKD2	1	IGF2BP3	1	14	0.0	false	0.0
HepG2	FASTKD2_1-NKRF_1-interaction-shap	interaction	FASTKD2-NKRF	FASTKD2	1	NKRF	1	47	0.0	false	0.0
HepG2	FASTKD2_1-PCBP2_1-interaction-shap	interaction	FASTKD2-PCBP2	FASTKD2	1	PCBP2	1	194	0.0	false	0.0
HepG2	FASTKD2_1-PPIG_1-interaction-shap	interaction	FASTKD2-PPIG	FASTKD2	1	PPIG	1	165	0.0	false	0.0
HepG2	FASTKD2_1-PRPF4_1-interaction-shap	interaction	FASTKD2-PRPF4	FASTKD2	1	PRPF4	1	345	0.0	false	0.0
HepG2	FASTKD2_1-PTBP1_1-interaction-shap	interaction	FASTKD2-PTBP1	FASTKD2	1	PTBP1	1	4	0.0	false	0.0
HepG2	FASTKD2_1-RBFOX2_1-interaction-shap	interaction	FASTKD2-RBFOX2	FASTKD2	1	RBFOX2	1	100	0.0	false	0.0
HepG2	FASTKD2_1-RBM15_1-interaction-shap	interaction	FASTKD2-RBM15	FASTKD2	1	RBM15	1	16	0.0	false	0.0
HepG2	FASTKD2_1-RBM22_1-interaction-shap	interaction	FASTKD2-RBM22	FASTKD2	1	RBM22	1	1	0.0	false	0.0
HepG2	FASTKD2_1-RBM5_1-interaction-shap	interaction	FASTKD2-RBM5	FASTKD2	1	RBM5	1	6	0.0	false	0.0
HepG2	FASTKD2_1-RPS3_1-interaction-shap	interaction	FASTKD2-RPS3	FASTKD2	1	RPS3	1	22	0.0	false	0.0
HepG2	FASTKD2_1-SF3A3_1-interaction-shap	interaction	FASTKD2-SF3A3	FASTKD2	1	SF3A3	1	55	0.0	false	0.0
HepG2	FASTKD2_1-SFPQ_1-interaction-shap	interaction	FASTKD2-SFPQ	FASTKD2	1	SFPQ	1	3	0.0	false	0.0
HepG2	FASTKD2_1-SRSF9_1-interaction-shap	interaction	FASTKD2-SRSF9	FASTKD2	1	SRSF9	1	27	0.0	false	0.0
HepG2	FASTKD2_1-STAU2_1-interaction-shap	interaction	FASTKD2-STAU2	FASTKD2	1	STAU2	1	10	0.0	false	0.0
HepG2	FASTKD2_1-TAF15_1-interaction-shap	interaction	FASTKD2-TAF15	FASTKD2	1	TAF15	1	18	0.0	false	0.0
HepG2	FASTKD2_1-TIAL1_1-interaction-shap	interaction	FASTKD2-TIAL1	FASTKD2	1	TIAL1	1	8	0.0	false	0.0
HepG2	FASTKD2_1-U2AF1_1-interaction-shap	interaction	FASTKD2-U2AF1	FASTKD2	1	U2AF1	1	7	0.0	false	0.0
HepG2	FASTKD2_1-U2AF2_1-interaction-shap	interaction	FASTKD2-U2AF2	FASTKD2	1	U2AF2	1	2	0.0	false	0.0
HepG2	FASTKD2_1-UCHL5_1-interaction-shap	interaction	FASTKD2-UCHL5	FASTKD2	1	UCHL5	1	41	0.0	false	0.0
HepG2	FASTKD2_1-UTP18_1-interaction-shap	interaction	FASTKD2-UTP18	FASTKD2	1	UTP18	1	4	0.0	false	0.0
HepG2	FASTKD2_1-XPO5_1-interaction-shap	interaction	FASTKD2-XPO5	FASTKD2	1	XPO5	1	2	0.0	false	0.0
HepG2	FASTKD2_1-XRN2_1-interaction-shap	interaction	FASTKD2-XRN2	FASTKD2	1	XRN2	1	117	0.0	false	0.0
HepG2	FKBP4_1-FUS_1-interaction-shap	interaction	FKBP4-FUS	FKBP4	1	FUS	1	50	0.0	false	0.0
HepG2	FKBP4_1-FXR2_1-interaction-shap	interaction	FKBP4-FXR2	FKBP4	1	FXR2	1	52	0.0	false	0.0
HepG2	FKBP4_1-GTF2F1_1-interaction-shap	interaction	FKBP4-GTF2F1	FKBP4	1	GTF2F1	1	96	0.0	false	0.0
HepG2	FKBP4_1-HNRNPC_1-interaction-shap	interaction	FKBP4-HNRNPC	FKBP4	1	HNRNPC	1	1	0.0	false	0.0
HepG2	FKBP4_1-HNRNPK_1-interaction-shap	interaction	FKBP4-HNRNPK	FKBP4	1	HNRNPK	1	4	0.0	false	0.0
HepG2	FKBP4_1-NKRF_1-interaction-shap	interaction	FKBP4-NKRF	FKBP4	1	NKRF	1	21	0.0	false	0.0
HepG2	FKBP4_1-PCBP1_1-interaction-shap	interaction	FKBP4-PCBP1	FKBP4	1	PCBP1	1	6	0.0	false	0.0
HepG2	FKBP4_1-PTBP1_1-interaction-shap	interaction	FKBP4-PTBP1	FKBP4	1	PTBP1	1	5	0.0	false	0.0
HepG2	FKBP4_1-RBFOX2_1-interaction-shap	interaction	FKBP4-RBFOX2	FKBP4	1	RBFOX2	1	22	0.0	false	0.0
HepG2	FKBP4_1-RBM15_1-interaction-shap	interaction	FKBP4-RBM15	FKBP4	1	RBM15	1	3	0.0	false	0.0
HepG2	FKBP4_1-RBM5_1-interaction-shap	interaction	FKBP4-RBM5	FKBP4	1	RBM5	1	20	0.0	false	0.0
HepG2	FKBP4_1-SFPQ_1-interaction-shap	interaction	FKBP4-SFPQ	FKBP4	1	SFPQ	1	14	0.0	false	0.0
HepG2	FKBP4_1-SRSF1_1-interaction-shap	interaction	FKBP4-SRSF1	FKBP4	1	SRSF1	1	49	0.0	false	0.0
HepG2	FKBP4_1-SUPV3L1_1-interaction-shap	interaction	FKBP4-SUPV3L1	FKBP4	1	SUPV3L1	1	6	0.0	false	0.0
HepG2	FKBP4_1-U2AF1_1-interaction-shap	interaction	FKBP4-U2AF1	FKBP4	1	U2AF1	1	1	0.0	false	0.0
HepG2	FKBP4_1-XRN2_1-interaction-shap	interaction	FKBP4-XRN2	FKBP4	1	XRN2	1	81	0.0	false	0.0
HepG2	FUBP3_1-SF3B4_1-interaction-shap	interaction	FUBP3-SF3B4	FUBP3	1	SF3B4	1	6	0.0	false	0.0
HepG2	FUBP3_1-STAU2_1-interaction-shap	interaction	FUBP3-STAU2	FUBP3	1	STAU2	1	22	0.0	false	0.0
HepG2	FUBP3_1-TARDBP_1-interaction-shap	interaction	FUBP3-TARDBP	FUBP3	1	TARDBP	1	20	0.0	false	0.0
HepG2	FUS_1-FXR2_1-interaction-shap	interaction	FUS-FXR2	FUS	1	FXR2	1	52	0.0	false	0.0
HepG2	FUS_1-G3BP1_1-interaction-shap	interaction	FUS-G3BP1	FUS	1	G3BP1	1	5	0.0	false	0.0
HepG2	FUS_1-GTF2F1_1-interaction-shap	interaction	FUS-GTF2F1	FUS	1	GTF2F1	1	58	0.0	false	0.0
HepG2	FUS_1-HNRNPC_1-interaction-shap	interaction	FUS-HNRNPC	FUS	1	HNRNPC	1	1	0.0	false	0.0
HepG2	FUS_1-NKRF_1-interaction-shap	interaction	FUS-NKRF	FUS	1	NKRF	1	2	0.0	false	0.0
HepG2	FUS_1-PCBP2_1-interaction-shap	interaction	FUS-PCBP2	FUS	1	PCBP2	1	51	0.0	false	0.0
HepG2	FUS_1-PRPF4_1-interaction-shap	interaction	FUS-PRPF4	FUS	1	PRPF4	1	58	0.0	false	0.0
HepG2	FUS_1-RBM5_1-interaction-shap	interaction	FUS-RBM5	FUS	1	RBM5	1	1	0.0	false	0.0
HepG2	FUS_1-RPS3_1-interaction-shap	interaction	FUS-RPS3	FUS	1	RPS3	1	1	0.0	false	0.0
HepG2	FUS_1-SFPQ_1-interaction-shap	interaction	FUS-SFPQ	FUS	1	SFPQ	1	1	0.0	false	0.0
HepG2	FUS_1-SRSF1_1-interaction-shap	interaction	FUS-SRSF1	FUS	1	SRSF1	1	56	0.0	false	0.0
HepG2	FUS_1-UCHL5_1-interaction-shap	interaction	FUS-UCHL5	FUS	1	UCHL5	1	7	0.0	false	0.0
HepG2	FUS_1-XPO5_1-interaction-shap	interaction	FUS-XPO5	FUS	1	XPO5	1	8	0.0	false	0.0
HepG2	FUS_1-XRN2_1-interaction-shap	interaction	FUS-XRN2	FUS	1	XRN2	1	52	0.0	false	0.0
HepG2	FXR2_1-GTF2F1_1-interaction-shap	interaction	FXR2-GTF2F1	FXR2	1	GTF2F1	1	54	0.0	false	0.0
HepG2	FXR2_1-NOLC1_1-interaction-shap	interaction	FXR2-NOLC1	FXR2	1	NOLC1	1	2	0.0	false	0.0
HepG2	FXR2_1-RBM5_1-interaction-shap	interaction	FXR2-RBM5	FXR2	1	RBM5	1	3	0.0	false	0.0
HepG2	FXR2_1-SRSF1_1-interaction-shap	interaction	FXR2-SRSF1	FXR2	1	SRSF1	1	172	0.0	false	0.0
HepG2	FXR2_1-SRSF7_1-interaction-shap	interaction	FXR2-SRSF7	FXR2	1	SRSF7	1	1	0.0	false	0.0
HepG2	FXR2_1-SRSF9_1-interaction-shap	interaction	FXR2-SRSF9	FXR2	1	SRSF9	1	6	0.0	false	0.0
HepG2	FXR2_1-TARDBP_1-interaction-shap	interaction	FXR2-TARDBP	FXR2	1	TARDBP	1	10	0.0	false	0.0
HepG2	FXR2_1-UTP18_1-interaction-shap	interaction	FXR2-UTP18	FXR2	1	UTP18	1	1	0.0	false	0.0
HepG2	FXR2_1-XPO5_1-interaction-shap	interaction	FXR2-XPO5	FXR2	1	XPO5	1	1	0.0	false	0.0
HepG2	G3BP1_1-GTF2F1_1-interaction-shap	interaction	G3BP1-GTF2F1	G3BP1	1	GTF2F1	1	4	0.0	false	0.0
HepG2	G3BP1_1-NOLC1_1-interaction-shap	interaction	G3BP1-NOLC1	G3BP1	1	NOLC1	1	12	0.0	false	0.0
HepG2	G3BP1_1-SUPV3L1_1-interaction-shap	interaction	G3BP1-SUPV3L1	G3BP1	1	SUPV3L1	1	2	0.0	false	0.0
HepG2	G3BP1_1-UTP18_1-interaction-shap	interaction	G3BP1-UTP18	G3BP1	1	UTP18	1	3	0.0	false	0.0
HepG2	GTF2F1_1-HNRNPC_1-interaction-shap	interaction	GTF2F1-HNRNPC	GTF2F1	1	HNRNPC	1	1	0.0	false	0.0
HepG2	GTF2F1_1-HNRNPU_1-interaction-shap	interaction	GTF2F1-HNRNPU	GTF2F1	1	HNRNPU	1	57	0.0	false	0.0
HepG2	GTF2F1_1-IGF2BP1_1-interaction-shap	interaction	GTF2F1-IGF2BP1	GTF2F1	1	IGF2BP1	1	9	0.0	false	0.0
HepG2	GTF2F1_1-ILF3_1-interaction-shap	interaction	GTF2F1-ILF3	GTF2F1	1	ILF3	1	10	0.0	false	0.0
HepG2	GTF2F1_1-NKRF_1-interaction-shap	interaction	GTF2F1-NKRF	GTF2F1	1	NKRF	1	122	0.0	false	0.0
HepG2	GTF2F1_1-RBM22_1-interaction-shap	interaction	GTF2F1-RBM22	GTF2F1	1	RBM22	1	15	0.0	false	0.0
HepG2	GTF2F1_1-RPS3_1-interaction-shap	interaction	GTF2F1-RPS3	GTF2F1	1	RPS3	1	50	0.0	false	0.0
HepG2	GTF2F1_1-SRSF1_1-interaction-shap	interaction	GTF2F1-SRSF1	GTF2F1	1	SRSF1	1	88	0.0	false	0.0
HepG2	GTF2F1_1-SRSF7_1-interaction-shap	interaction	GTF2F1-SRSF7	GTF2F1	1	SRSF7	1	3	0.0	false	0.0
HepG2	GTF2F1_1-STAU2_1-interaction-shap	interaction	GTF2F1-STAU2	GTF2F1	1	STAU2	1	10	0.0	false	0.0
HepG2	GTF2F1_1-TAF15_1-interaction-shap	interaction	GTF2F1-TAF15	GTF2F1	1	TAF15	1	43	0.0	false	0.0
HepG2	GTF2F1_1-TIAL1_1-interaction-shap	interaction	GTF2F1-TIAL1	GTF2F1	1	TIAL1	1	8	0.0	false	0.0
HepG2	GTF2F1_1-TRA2A_1-interaction-shap	interaction	GTF2F1-TRA2A	GTF2F1	1	TRA2A	1	15	0.0	false	0.0
HepG2	HNRNPC_1-ILF3_1-interaction-shap	interaction	HNRNPC-ILF3	HNRNPC	1	ILF3	1	5	0.0	false	0.0
HepG2	HNRNPC_1-PCBP2_1-interaction-shap	interaction	HNRNPC-PCBP2	HNRNPC	1	PCBP2	1	1	0.0	false	0.0
HepG2	HNRNPC_1-PRPF4_1-interaction-shap	interaction	HNRNPC-PRPF4	HNRNPC	1	PRPF4	1	1	0.0	false	0.0
HepG2	HNRNPC_1-RBM5_1-interaction-shap	interaction	HNRNPC-RBM5	HNRNPC	1	RBM5	1	1	0.0	false	0.0
HepG2	HNRNPC_1-SF3B4_1-interaction-shap	interaction	HNRNPC-SF3B4	HNRNPC	1	SF3B4	1	28	0.0	false	0.0
HepG2	HNRNPC_1-XRCC6_1-interaction-shap	interaction	HNRNPC-XRCC6	HNRNPC	1	XRCC6	1	12	0.0	false	0.0
HepG2	HNRNPC_1-XRN2_1-interaction-shap	interaction	HNRNPC-XRN2	HNRNPC	1	XRN2	1	1	0.0	false	0.0
HepG2	HNRNPK_1-IGF2BP1_1-interaction-shap	interaction	HNRNPK-IGF2BP1	HNRNPK	1	IGF2BP1	1	10	0.0	false	0.0
HepG2	HNRNPK_1-IGF2BP3_1-interaction-shap	interaction	HNRNPK-IGF2BP3	HNRNPK	1	IGF2BP3	1	5	0.0	true	0.0
HepG2	HNRNPK_1-NKRF_1-interaction-shap	interaction	HNRNPK-NKRF	HNRNPK	1	NKRF	1	44	0.0	false	0.0
HepG2	HNRNPK_1-NOLC1_1-interaction-shap	interaction	HNRNPK-NOLC1	HNRNPK	1	NOLC1	1	22	0.0	false	0.0
HepG2	HNRNPK_1-PRPF4_1-interaction-shap	interaction	HNRNPK-PRPF4	HNRNPK	1	PRPF4	1	16	0.0	false	0.0
HepG2	HNRNPK_1-QKI_1-interaction-shap	interaction	HNRNPK-QKI	HNRNPK	1	QKI	1	10	0.0	true	0.0
HepG2	HNRNPK_1-RPS3_1-interaction-shap	interaction	HNRNPK-RPS3	HNRNPK	1	RPS3	1	94	0.0	false	0.0
HepG2	HNRNPK_1-SFPQ_1-interaction-shap	interaction	HNRNPK-SFPQ	HNRNPK	1	SFPQ	1	4	0.0	false	0.0
HepG2	HNRNPK_1-SUB1_1-interaction-shap	interaction	HNRNPK-SUB1	HNRNPK	1	SUB1	1	18	0.0	false	0.0
HepG2	HNRNPK_1-TRA2A_1-interaction-shap	interaction	HNRNPK-TRA2A	HNRNPK	1	TRA2A	1	2	0.0	false	0.0
HepG2	HNRNPK_1-UCHL5_1-interaction-shap	interaction	HNRNPK-UCHL5	HNRNPK	1	UCHL5	1	13	0.0	false	0.0
HepG2	HNRNPK_1-XPO5_1-interaction-shap	interaction	HNRNPK-XPO5	HNRNPK	1	XPO5	1	9	0.0	false	0.0
HepG2	HNRNPU_1-NKRF_1-interaction-shap	interaction	HNRNPU-NKRF	HNRNPU	1	NKRF	1	37	0.0	false	0.0
HepG2	HNRNPU_1-PCBP2_1-interaction-shap	interaction	HNRNPU-PCBP2	HNRNPU	1	PCBP2	1	57	0.0	false	0.0
HepG2	HNRNPU_1-PPIG_1-interaction-shap	interaction	HNRNPU-PPIG	HNRNPU	1	PPIG	1	28	0.0	false	0.0
HepG2	HNRNPU_1-PRPF4_1-interaction-shap	interaction	HNRNPU-PRPF4	HNRNPU	1	PRPF4	1	56	0.0	false	0.0
HepG2	HNRNPU_1-RBFOX2_1-interaction-shap	interaction	HNRNPU-RBFOX2	HNRNPU	1	RBFOX2	1	38	0.0	false	0.0
HepG2	HNRNPU_1-RPS3_1-interaction-shap	interaction	HNRNPU-RPS3	HNRNPU	1	RPS3	1	19	0.0	false	0.0
HepG2	HNRNPU_1-SF3A3_1-interaction-shap	interaction	HNRNPU-SF3A3	HNRNPU	1	SF3A3	1	37	0.0	false	0.0
HepG2	HNRNPU_1-SF3B4_1-interaction-shap	interaction	HNRNPU-SF3B4	HNRNPU	1	SF3B4	1	47	0.0	false	0.0
HepG2	HNRNPU_1-SRSF1_1-interaction-shap	interaction	HNRNPU-SRSF1	HNRNPU	1	SRSF1	1	18	0.0	false	0.0
HepG2	HNRNPU_1-TAF15_1-interaction-shap	interaction	HNRNPU-TAF15	HNRNPU	1	TAF15	1	18	0.0	false	0.0
HepG2	HNRNPU_1-XRN2_1-interaction-shap	interaction	HNRNPU-XRN2	HNRNPU	1	XRN2	1	18	0.0	false	0.0
HepG2	IGF2BP1_1-NIP7_1-interaction-shap	interaction	IGF2BP1-NIP7	IGF2BP1	1	NIP7	1	36	0.0	false	0.0
HepG2	IGF2BP1_1-NOLC1_1-interaction-shap	interaction	IGF2BP1-NOLC1	IGF2BP1	1	NOLC1	1	114	0.0	false	0.0
HepG2	IGF2BP1_1-PCBP2_1-interaction-shap	interaction	IGF2BP1-PCBP2	IGF2BP1	1	PCBP2	1	51	0.0	false	0.0
HepG2	IGF2BP1_1-RBFOX2_1-interaction-shap	interaction	IGF2BP1-RBFOX2	IGF2BP1	1	RBFOX2	1	19	0.0	false	0.0
HepG2	IGF2BP1_1-RBM5_1-interaction-shap	interaction	IGF2BP1-RBM5	IGF2BP1	1	RBM5	1	8	0.0	false	0.0
HepG2	IGF2BP1_1-SFPQ_1-interaction-shap	interaction	IGF2BP1-SFPQ	IGF2BP1	1	SFPQ	1	1	0.0	false	0.0
HepG2	IGF2BP1_1-UCHL5_1-interaction-shap	interaction	IGF2BP1-UCHL5	IGF2BP1	1	UCHL5	1	1	0.0	false	0.0
HepG2	IGF2BP3_1-LARP4_1-interaction-shap	interaction	IGF2BP3-LARP4	IGF2BP3	1	LARP4	1	17	0.0	false	0.0
HepG2	IGF2BP3_1-LARP7_1-interaction-shap	interaction	IGF2BP3-LARP7	IGF2BP3	1	LARP7	1	9	0.0	false	0.0
HepG2	IGF2BP3_1-NIP7_1-interaction-shap	interaction	IGF2BP3-NIP7	IGF2BP3	1	NIP7	1	4	0.0	false	0.0
HepG2	IGF2BP3_1-NOLC1_1-interaction-shap	interaction	IGF2BP3-NOLC1	IGF2BP3	1	NOLC1	1	86	0.0	false	0.0
HepG2	IGF2BP3_1-PRPF4_1-interaction-shap	interaction	IGF2BP3-PRPF4	IGF2BP3	1	PRPF4	1	6	0.0	false	0.0
HepG2	IGF2BP3_1-PTBP1_1-interaction-shap	interaction	IGF2BP3-PTBP1	IGF2BP3	1	PTBP1	1	1	0.0	false	0.0
HepG2	IGF2BP3_1-RBFOX2_1-interaction-shap	interaction	IGF2BP3-RBFOX2	IGF2BP3	1	RBFOX2	1	6	0.0	false	0.0
HepG2	IGF2BP3_1-RBM5_1-interaction-shap	interaction	IGF2BP3-RBM5	IGF2BP3	1	RBM5	1	10	0.0	false	0.0
HepG2	IGF2BP3_1-SF3A3_1-interaction-shap	interaction	IGF2BP3-SF3A3	IGF2BP3	1	SF3A3	1	37	0.0	false	0.0
HepG2	IGF2BP3_1-TIA1_1-interaction-shap	interaction	IGF2BP3-TIA1	IGF2BP3	1	TIA1	1	26	0.0	false	0.0
HepG2	IGF2BP3_1-TIAL1_1-interaction-shap	interaction	IGF2BP3-TIAL1	IGF2BP3	1	TIAL1	1	14	0.0	false	0.0
HepG2	IGF2BP3_1-U2AF1_1-interaction-shap	interaction	IGF2BP3-U2AF1	IGF2BP3	1	U2AF1	1	22	0.0	false	0.0
HepG2	IGF2BP3_1-UCHL5_1-interaction-shap	interaction	IGF2BP3-UCHL5	IGF2BP3	1	UCHL5	1	4	0.0	false	0.0
HepG2	ILF3_1-NKRF_1-interaction-shap	interaction	ILF3-NKRF	ILF3	1	NKRF	1	15	0.0	false	0.0
HepG2	ILF3_1-PCBP1_1-interaction-shap	interaction	ILF3-PCBP1	ILF3	1	PCBP1	1	41	0.0	false	0.0
HepG2	ILF3_1-RBM5_1-interaction-shap	interaction	ILF3-RBM5	ILF3	1	RBM5	1	2	0.0	false	0.0
HepG2	ILF3_1-SRSF1_1-interaction-shap	interaction	ILF3-SRSF1	ILF3	1	SRSF1	1	2	0.0	false	0.0
HepG2	ILF3_1-TRA2A_1-interaction-shap	interaction	ILF3-TRA2A	ILF3	1	TRA2A	1	2	0.0	false	0.0
HepG2	LARP4_1-NKRF_1-interaction-shap	interaction	LARP4-NKRF	LARP4	1	NKRF	1	1	0.0	false	0.0
HepG2	LARP4_1-RBM15_1-interaction-shap	interaction	LARP4-RBM15	LARP4	1	RBM15	1	14	0.0	false	0.0
HepG2	LARP4_1-SMNDC1_1-interaction-shap	interaction	LARP4-SMNDC1	LARP4	1	SMNDC1	1	7	0.0	false	0.0
HepG2	LARP4_1-SRSF1_1-interaction-shap	interaction	LARP4-SRSF1	LARP4	1	SRSF1	1	2	0.0	false	0.0
HepG2	LARP4_1-SRSF7_1-interaction-shap	interaction	LARP4-SRSF7	LARP4	1	SRSF7	1	2	0.0	false	0.0
HepG2	LARP4_1-TIA1_1-interaction-shap	interaction	LARP4-TIA1	LARP4	1	TIA1	1	2	0.0	false	0.0
HepG2	LARP4_1-TIAL1_1-interaction-shap	interaction	LARP4-TIAL1	LARP4	1	TIAL1	1	21	0.0	false	0.0
HepG2	LARP4_1-XPO5_1-interaction-shap	interaction	LARP4-XPO5	LARP4	1	XPO5	1	3	0.0	false	0.0
HepG2	LARP7_1-LIN28B_1-interaction-shap	interaction	LARP7-LIN28B	LARP7	1	LIN28B	1	10	0.0	false	0.0
HepG2	LARP7_1-NIP7_1-interaction-shap	interaction	LARP7-NIP7	LARP7	1	NIP7	1	133	0.0	false	0.0
HepG2	LARP7_1-NOLC1_1-interaction-shap	interaction	LARP7-NOLC1	LARP7	1	NOLC1	1	229	0.0	false	0.0
HepG2	LARP7_1-PPIG_1-interaction-shap	interaction	LARP7-PPIG	LARP7	1	PPIG	1	50	0.0	false	0.0
HepG2	LARP7_1-PTBP1_1-interaction-shap	interaction	LARP7-PTBP1	LARP7	1	PTBP1	1	4	0.0	false	0.0
HepG2	LARP7_1-RBM22_1-interaction-shap	interaction	LARP7-RBM22	LARP7	1	RBM22	1	5	0.0	false	0.0
HepG2	LARP7_1-RBM5_1-interaction-shap	interaction	LARP7-RBM5	LARP7	1	RBM5	1	27	0.0	false	0.0
HepG2	LARP7_1-RPS3_1-interaction-shap	interaction	LARP7-RPS3	LARP7	1	RPS3	1	15	0.0	false	0.0
HepG2	LARP7_1-SF3A3_1-interaction-shap	interaction	LARP7-SF3A3	LARP7	1	SF3A3	1	25	0.0	false	0.0
HepG2	LARP7_1-SF3B4_1-interaction-shap	interaction	LARP7-SF3B4	LARP7	1	SF3B4	1	62	0.0	false	0.0
HepG2	LARP7_1-SMNDC1_1-interaction-shap	interaction	LARP7-SMNDC1	LARP7	1	SMNDC1	1	17	0.0	false	0.0
HepG2	LARP7_1-SUB1_1-interaction-shap	interaction	LARP7-SUB1	LARP7	1	SUB1	1	69	0.0	false	0.0
HepG2	LARP7_1-TRA2A_1-interaction-shap	interaction	LARP7-TRA2A	LARP7	1	TRA2A	1	3	0.0	false	0.0
HepG2	LIN28B_1-NIP7_1-interaction-shap	interaction	LIN28B-NIP7	LIN28B	1	NIP7	1	47	0.0	false	0.0
HepG2	LIN28B_1-RBM5_1-interaction-shap	interaction	LIN28B-RBM5	LIN28B	1	RBM5	1	91	0.0	false	0.0
HepG2	LIN28B_1-SMNDC1_1-interaction-shap	interaction	LIN28B-SMNDC1	LIN28B	1	SMNDC1	1	4	0.0	false	0.0
HepG2	LIN28B_1-TARDBP_1-interaction-shap	interaction	LIN28B-TARDBP	LIN28B	1	TARDBP	1	8	0.0	false	0.0
HepG2	LIN28B_1-TRA2A_1-interaction-shap	interaction	LIN28B-TRA2A	LIN28B	1	TRA2A	1	15	0.0	false	0.0
HepG2	LIN28B_1-ZC3H11A_1-interaction-shap	interaction	LIN28B-ZC3H11A	LIN28B	1	ZC3H11A	1	5	0.0	false	0.0
HepG2	NIP7_1-PCBP1_1-interaction-shap	interaction	NIP7-PCBP1	NIP7	1	PCBP1	1	14	0.0	false	0.0
HepG2	NIP7_1-PPIG_1-interaction-shap	interaction	NIP7-PPIG	NIP7	1	PPIG	1	24	0.0	false	0.0
HepG2	NIP7_1-PTBP1_1-interaction-shap	interaction	NIP7-PTBP1	NIP7	1	PTBP1	1	3	0.0	false	0.0
HepG2	NIP7_1-RBM22_1-interaction-shap	interaction	NIP7-RBM22	NIP7	1	RBM22	1	5	0.0	false	0.0
HepG2	NIP7_1-RBM5_1-interaction-shap	interaction	NIP7-RBM5	NIP7	1	RBM5	1	27	0.0	false	0.0
HepG2	NIP7_1-RPS3_1-interaction-shap	interaction	NIP7-RPS3	NIP7	1	RPS3	1	71	0.0	false	0.0
HepG2	NIP7_1-SF3A3_1-interaction-shap	interaction	NIP7-SF3A3	NIP7	1	SF3A3	1	55	0.0	false	0.0
HepG2	NIP7_1-SF3B4_1-interaction-shap	interaction	NIP7-SF3B4	NIP7	1	SF3B4	1	92	0.0	false	0.0
HepG2	NIP7_1-SMNDC1_1-interaction-shap	interaction	NIP7-SMNDC1	NIP7	1	SMNDC1	1	4	0.0	false	0.0
HepG2	NIP7_1-SUB1_1-interaction-shap	interaction	NIP7-SUB1	NIP7	1	SUB1	1	38	0.0	false	0.0
HepG2	NIP7_1-U2AF2_1-interaction-shap	interaction	NIP7-U2AF2	NIP7	1	U2AF2	1	10	0.0	false	0.0
HepG2	NKRF_1-PCBP1_1-interaction-shap	interaction	NKRF-PCBP1	NKRF	1	PCBP1	1	47	0.0	false	0.0
HepG2	NKRF_1-PTBP1_1-interaction-shap	interaction	NKRF-PTBP1	NKRF	1	PTBP1	1	7	0.0	false	0.0
HepG2	NKRF_1-RPS3_1-interaction-shap	interaction	NKRF-RPS3	NKRF	1	RPS3	1	11	0.0	false	0.0
HepG2	NKRF_1-SFPQ_1-interaction-shap	interaction	NKRF-SFPQ	NKRF	1	SFPQ	1	17	0.0	false	0.0
HepG2	NKRF_1-SUPV3L1_1-interaction-shap	interaction	NKRF-SUPV3L1	NKRF	1	SUPV3L1	1	8	0.0	false	0.0
HepG2	NKRF_1-TIAL1_1-interaction-shap	interaction	NKRF-TIAL1	NKRF	1	TIAL1	1	3	0.0	false	0.0
HepG2	NKRF_1-U2AF1_1-interaction-shap	interaction	NKRF-U2AF1	NKRF	1	U2AF1	1	7	0.0	false	0.0
HepG2	NOLC1_1-PCBP1_1-interaction-shap	interaction	NOLC1-PCBP1	NOLC1	1	PCBP1	1	16	0.0	false	0.0
HepG2	NOLC1_1-PCBP2_1-interaction-shap	interaction	NOLC1-PCBP2	NOLC1	1	PCBP2	1	1	0.0	false	0.0
HepG2	NOLC1_1-PPIG_1-interaction-shap	interaction	NOLC1-PPIG	NOLC1	1	PPIG	1	82	0.0	false	0.0
HepG2	NOLC1_1-PTBP1_1-interaction-shap	interaction	NOLC1-PTBP1	NOLC1	1	PTBP1	1	8	0.0	false	0.0
HepG2	NOLC1_1-QKI_1-interaction-shap	interaction	NOLC1-QKI	NOLC1	1	QKI	1	1	0.0	false	0.0
HepG2	NOLC1_1-RBM5_1-interaction-shap	interaction	NOLC1-RBM5	NOLC1	1	RBM5	1	108	0.0	false	0.0
HepG2	NOLC1_1-SF3A3_1-interaction-shap	interaction	NOLC1-SF3A3	NOLC1	1	SF3A3	1	180	0.0	false	0.0
HepG2	NOLC1_1-SMNDC1_1-interaction-shap	interaction	NOLC1-SMNDC1	NOLC1	1	SMNDC1	1	36	0.0	false	0.0
HepG2	NOLC1_1-SRSF1_1-interaction-shap	interaction	NOLC1-SRSF1	NOLC1	1	SRSF1	1	14	0.0	false	0.0
HepG2	NOLC1_1-SRSF7_1-interaction-shap	interaction	NOLC1-SRSF7	NOLC1	1	SRSF7	1	5	0.0	false	0.0
HepG2	NOLC1_1-TARDBP_1-interaction-shap	interaction	NOLC1-TARDBP	NOLC1	1	TARDBP	1	7	0.0	false	0.0
HepG2	NOLC1_1-TIAL1_1-interaction-shap	interaction	NOLC1-TIAL1	NOLC1	1	TIAL1	1	6	0.0	false	0.0
HepG2	NOLC1_1-U2AF1_1-interaction-shap	interaction	NOLC1-U2AF1	NOLC1	1	U2AF1	1	12	0.0	false	0.0
HepG2	NOLC1_1-U2AF2_1-interaction-shap	interaction	NOLC1-U2AF2	NOLC1	1	U2AF2	1	29	0.0	false	0.0
HepG2	NOLC1_1-UCHL5_1-interaction-shap	interaction	NOLC1-UCHL5	NOLC1	1	UCHL5	1	1	0.0	false	0.0
HepG2	NSUN2_1-RPS3_1-interaction-shap	interaction	NSUN2-RPS3	NSUN2	1	RPS3	1	14	0.0	false	0.0
HepG2	NSUN2_1-XPO5_1-interaction-shap	interaction	NSUN2-XPO5	NSUN2	1	XPO5	1	1	0.0	false	0.0
HepG2	PCBP1_1-PTBP1_1-interaction-shap	interaction	PCBP1-PTBP1	PCBP1	1	PTBP1	1	1	0.0	true	0.0
HepG2	PCBP1_1-RBFOX2_1-interaction-shap	interaction	PCBP1-RBFOX2	PCBP1	1	RBFOX2	1	5	0.0	true	0.0
HepG2	PCBP1_1-RBM5_1-interaction-shap	interaction	PCBP1-RBM5	PCBP1	1	RBM5	1	5	0.0	false	0.0
HepG2	PCBP1_1-U2AF1_1-interaction-shap	interaction	PCBP1-U2AF1	PCBP1	1	U2AF1	1	25	0.0	false	0.0
HepG2	PCBP2_1-PRPF4_1-interaction-shap	interaction	PCBP2-PRPF4	PCBP2	1	PRPF4	1	416	0.0	false	0.0
HepG2	PCBP2_1-RPS3_1-interaction-shap	interaction	PCBP2-RPS3	PCBP2	1	RPS3	1	146	0.0	false	0.0
HepG2	PCBP2_1-SFPQ_1-interaction-shap	interaction	PCBP2-SFPQ	PCBP2	1	SFPQ	1	1	0.0	false	0.0
HepG2	PCBP2_1-SRSF7_1-interaction-shap	interaction	PCBP2-SRSF7	PCBP2	1	SRSF7	1	14	0.0	false	0.0
HepG2	PCBP2_1-SRSF9_1-interaction-shap	interaction	PCBP2-SRSF9	PCBP2	1	SRSF9	1	31	0.0	false	0.0
HepG2	PCBP2_1-STAU2_1-interaction-shap	interaction	PCBP2-STAU2	PCBP2	1	STAU2	1	8	0.0	false	0.0
HepG2	PCBP2_1-TAF15_1-interaction-shap	interaction	PCBP2-TAF15	PCBP2	1	TAF15	1	33	0.0	false	0.0
HepG2	PCBP2_1-TIAL1_1-interaction-shap	interaction	PCBP2-TIAL1	PCBP2	1	TIAL1	1	8	0.0	false	0.0
HepG2	PCBP2_1-TRA2A_1-interaction-shap	interaction	PCBP2-TRA2A	PCBP2	1	TRA2A	1	17	0.0	false	0.0
HepG2	PCBP2_1-XPO5_1-interaction-shap	interaction	PCBP2-XPO5	PCBP2	1	XPO5	1	1	0.0	false	0.0
HepG2	PPIG_1-SRSF7_1-interaction-shap	interaction	PPIG-SRSF7	PPIG	1	SRSF7	1	63	0.0	false	0.0
HepG2	PPIG_1-STAU2_1-interaction-shap	interaction	PPIG-STAU2	PPIG	1	STAU2	1	8	0.0	false	0.0
HepG2	PPIG_1-SUPV3L1_1-interaction-shap	interaction	PPIG-SUPV3L1	PPIG	1	SUPV3L1	1	20	0.0	false	0.0
HepG2	PPIG_1-TAF15_1-interaction-shap	interaction	PPIG-TAF15	PPIG	1	TAF15	1	18	0.0	false	0.0
HepG2	PPIG_1-UTP18_1-interaction-shap	interaction	PPIG-UTP18	PPIG	1	UTP18	1	16	0.0	false	0.0
HepG2	PRPF4_1-SFPQ_1-interaction-shap	interaction	PRPF4-SFPQ	PRPF4	1	SFPQ	1	11	0.0	false	0.0
HepG2	PRPF4_1-SMNDC1_1-interaction-shap	interaction	PRPF4-SMNDC1	PRPF4	1	SMNDC1	1	14	0.0	false	0.0
HepG2	PRPF4_1-SRSF7_1-interaction-shap	interaction	PRPF4-SRSF7	PRPF4	1	SRSF7	1	11	0.0	false	0.0
HepG2	PRPF4_1-SRSF9_1-interaction-shap	interaction	PRPF4-SRSF9	PRPF4	1	SRSF9	1	66	0.0	false	0.0
HepG2	PRPF4_1-STAU2_1-interaction-shap	interaction	PRPF4-STAU2	PRPF4	1	STAU2	1	10	0.0	false	0.0
HepG2	PRPF4_1-SUPV3L1_1-interaction-shap	interaction	PRPF4-SUPV3L1	PRPF4	1	SUPV3L1	1	13	0.0	false	0.0
HepG2	PRPF4_1-TAF15_1-interaction-shap	interaction	PRPF4-TAF15	PRPF4	1	TAF15	1	43	0.0	false	0.0
HepG2	PRPF4_1-TIA1_1-interaction-shap	interaction	PRPF4-TIA1	PRPF4	1	TIA1	1	17	0.0	false	0.0
HepG2	PRPF4_1-U2AF1_1-interaction-shap	interaction	PRPF4-U2AF1	PRPF4	1	U2AF1	1	36	0.0	false	0.0
HepG2	PRPF4_1-UTP18_1-interaction-shap	interaction	PRPF4-UTP18	PRPF4	1	UTP18	1	8	0.0	false	0.0
HepG2	PRPF4_1-XPO5_1-interaction-shap	interaction	PRPF4-XPO5	PRPF4	1	XPO5	1	42	0.0	false	0.0
HepG2	PRPF4_1-ZC3H11A_1-interaction-shap	interaction	PRPF4-ZC3H11A	PRPF4	1	ZC3H11A	1	23	0.0	false	0.0
HepG2	PTBP1_1-SFPQ_1-interaction-shap	interaction	PTBP1-SFPQ	PTBP1	1	SFPQ	1	1	0.0	false	0.0
HepG2	PTBP1_1-SMNDC1_1-interaction-shap	interaction	PTBP1-SMNDC1	PTBP1	1	SMNDC1	1	6	0.0	false	0.0
HepG2	PTBP1_1-SRSF7_1-interaction-shap	interaction	PTBP1-SRSF7	PTBP1	1	SRSF7	1	4	0.0	false	0.0
HepG2	PTBP1_1-TIA1_1-interaction-shap	interaction	PTBP1-TIA1	PTBP1	1	TIA1	1	2	0.0	false	0.0
HepG2	PTBP1_1-TIAL1_1-interaction-shap	interaction	PTBP1-TIAL1	PTBP1	1	TIAL1	1	2	0.0	false	0.0
HepG2	PTBP1_1-XPO5_1-interaction-shap	interaction	PTBP1-XPO5	PTBP1	1	XPO5	1	2	0.0	false	0.0
HepG2	QKI_1-RBM15_1-interaction-shap	interaction	QKI-RBM15	QKI	1	RBM15	1	11	0.0	false	0.0
HepG2	RBFOX2_1-RBM15_1-interaction-shap	interaction	RBFOX2-RBM15	RBFOX2	1	RBM15	1	13	0.0	false	0.0
HepG2	RBFOX2_1-RBM5_1-interaction-shap	interaction	RBFOX2-RBM5	RBFOX2	1	RBM5	1	18	0.0	false	0.0
HepG2	RBFOX2_1-SMNDC1_1-interaction-shap	interaction	RBFOX2-SMNDC1	RBFOX2	1	SMNDC1	1	6	0.0	false	0.0
HepG2	RBFOX2_1-SRSF7_1-interaction-shap	interaction	RBFOX2-SRSF7	RBFOX2	1	SRSF7	1	19	0.0	false	0.0
HepG2	RBFOX2_1-SRSF9_1-interaction-shap	interaction	RBFOX2-SRSF9	RBFOX2	1	SRSF9	1	73	0.0	false	0.0
HepG2	RBFOX2_1-SUPV3L1_1-interaction-shap	interaction	RBFOX2-SUPV3L1	RBFOX2	1	SUPV3L1	1	20	0.0	true	0.0
HepG2	RBFOX2_1-TARDBP_1-interaction-shap	interaction	RBFOX2-TARDBP	RBFOX2	1	TARDBP	1	26	0.0	false	0.0
HepG2	RBM15_1-RBM5_1-interaction-shap	interaction	RBM15-RBM5	RBM15	1	RBM5	1	9	0.0	false	0.0
HepG2	RBM15_1-RPS3_1-interaction-shap	interaction	RBM15-RPS3	RBM15	1	RPS3	1	31	0.0	false	0.0
HepG2	RBM15_1-SFPQ_1-interaction-shap	interaction	RBM15-SFPQ	RBM15	1	SFPQ	1	9	0.0	false	0.0
HepG2	RBM15_1-SRSF7_1-interaction-shap	interaction	RBM15-SRSF7	RBM15	1	SRSF7	1	17	0.0	false	0.0
HepG2	RBM15_1-SUB1_1-interaction-shap	interaction	RBM15-SUB1	RBM15	1	SUB1	1	59	0.0	false	0.0
HepG2	RBM15_1-TARDBP_1-interaction-shap	interaction	RBM15-TARDBP	RBM15	1	TARDBP	1	12	0.0	false	0.0
HepG2	RBM15_1-TIAL1_1-interaction-shap	interaction	RBM15-TIAL1	RBM15	1	TIAL1	1	6	0.0	false	0.0
HepG2	RBM15_1-TRA2A_1-interaction-shap	interaction	RBM15-TRA2A	RBM15	1	TRA2A	1	48	0.0	false	0.0
HepG2	RBM15_1-UTP18_1-interaction-shap	interaction	RBM15-UTP18	RBM15	1	UTP18	1	1	0.0	false	0.0
HepG2	RBM15_1-XRN2_1-interaction-shap	interaction	RBM15-XRN2	RBM15	1	XRN2	1	16	0.0	false	0.0
HepG2	RBM22_1-SRSF9_1-interaction-shap	interaction	RBM22-SRSF9	RBM22	1	SRSF9	1	6	0.0	false	0.0
HepG2	RBM22_1-SUPV3L1_1-interaction-shap	interaction	RBM22-SUPV3L1	RBM22	1	SUPV3L1	1	5	0.0	false	0.0
HepG2	RBM22_1-TIA1_1-interaction-shap	interaction	RBM22-TIA1	RBM22	1	TIA1	1	14	0.0	true	0.0
HepG2	RBM5_1-RPS3_1-interaction-shap	interaction	RBM5-RPS3	RBM5	1	RPS3	1	137	0.0	false	0.0
HepG2	RBM5_1-SFPQ_1-interaction-shap	interaction	RBM5-SFPQ	RBM5	1	SFPQ	1	13	0.0	false	0.0
HepG2	RBM5_1-SMNDC1_1-interaction-shap	interaction	RBM5-SMNDC1	RBM5	1	SMNDC1	1	38	0.0	false	0.0
HepG2	RBM5_1-SRSF7_1-interaction-shap	interaction	RBM5-SRSF7	RBM5	1	SRSF7	1	7	0.0	false	0.0
HepG2	RBM5_1-SRSF9_1-interaction-shap	interaction	RBM5-SRSF9	RBM5	1	SRSF9	1	3	0.0	false	0.0
HepG2	RBM5_1-SUB1_1-interaction-shap	interaction	RBM5-SUB1	RBM5	1	SUB1	1	25	0.0	false	0.0
HepG2	RBM5_1-TARDBP_1-interaction-shap	interaction	RBM5-TARDBP	RBM5	1	TARDBP	1	1	0.0	false	0.0
HepG2	RBM5_1-TIAL1_1-interaction-shap	interaction	RBM5-TIAL1	RBM5	1	TIAL1	1	6	0.0	false	0.0
HepG2	RBM5_1-XRN2_1-interaction-shap	interaction	RBM5-XRN2	RBM5	1	XRN2	1	11	0.0	false	0.0
HepG2	RPS3_1-SMNDC1_1-interaction-shap	interaction	RPS3-SMNDC1	RPS3	1	SMNDC1	1	59	0.0	false	0.0
HepG2	RPS3_1-SRSF9_1-interaction-shap	interaction	RPS3-SRSF9	RPS3	1	SRSF9	1	12	0.0	false	0.0
HepG2	RPS3_1-STAU2_1-interaction-shap	interaction	RPS3-STAU2	RPS3	1	STAU2	1	9	0.0	false	0.0
HepG2	RPS3_1-SUPV3L1_1-interaction-shap	interaction	RPS3-SUPV3L1	RPS3	1	SUPV3L1	1	4	0.0	false	0.0
HepG2	RPS3_1-TAF15_1-interaction-shap	interaction	RPS3-TAF15	RPS3	1	TAF15	1	30	0.0	false	0.0
HepG2	RPS3_1-TIA1_1-interaction-shap	interaction	RPS3-TIA1	RPS3	1	TIA1	1	28	0.0	false	0.0
HepG2	RPS3_1-UTP18_1-interaction-shap	interaction	RPS3-UTP18	RPS3	1	UTP18	1	2	0.0	false	0.0
HepG2	RPS3_1-XPO5_1-interaction-shap	interaction	RPS3-XPO5	RPS3	1	XPO5	1	2	0.0	false	0.0
HepG2	SF3A3_1-SFPQ_1-interaction-shap	interaction	SF3A3-SFPQ	SF3A3	1	SFPQ	1	9	0.0	false	0.0
HepG2	SF3A3_1-SMNDC1_1-interaction-shap	interaction	SF3A3-SMNDC1	SF3A3	1	SMNDC1	1	108	0.0	false	0.0
HepG2	SF3A3_1-SRSF7_1-interaction-shap	interaction	SF3A3-SRSF7	SF3A3	1	SRSF7	1	29	0.0	false	0.0
HepG2	SF3A3_1-SRSF9_1-interaction-shap	interaction	SF3A3-SRSF9	SF3A3	1	SRSF9	1	13	0.0	false	0.0
HepG2	SF3A3_1-STAU2_1-interaction-shap	interaction	SF3A3-STAU2	SF3A3	1	STAU2	1	12	0.0	false	0.0
HepG2	SF3A3_1-SUGP2_1-interaction-shap	interaction	SF3A3-SUGP2	SF3A3	1	SUGP2	1	8	0.0	false	0.0
HepG2	SF3A3_1-SUPV3L1_1-interaction-shap	interaction	SF3A3-SUPV3L1	SF3A3	1	SUPV3L1	1	17	0.0	false	0.0
HepG2	SF3A3_1-UTP18_1-interaction-shap	interaction	SF3A3-UTP18	SF3A3	1	UTP18	1	1	0.0	false	0.0
HepG2	SF3A3_1-XPO5_1-interaction-shap	interaction	SF3A3-XPO5	SF3A3	1	XPO5	1	44	0.0	false	0.0
HepG2	SF3A3_1-ZC3H11A_1-interaction-shap	interaction	SF3A3-ZC3H11A	SF3A3	1	ZC3H11A	1	3	0.0	false	0.0
HepG2	SF3B4_1-SRSF7_1-interaction-shap	interaction	SF3B4-SRSF7	SF3B4	1	SRSF7	1	56	0.0	false	0.0
HepG2	SF3B4_1-STAU2_1-interaction-shap	interaction	SF3B4-STAU2	SF3B4	1	STAU2	1	12	0.0	false	0.0
HepG2	SF3B4_1-SUPV3L1_1-interaction-shap	interaction	SF3B4-SUPV3L1	SF3B4	1	SUPV3L1	1	13	0.0	false	0.0
HepG2	SF3B4_1-UTP18_1-interaction-shap	interaction	SF3B4-UTP18	SF3B4	1	UTP18	1	3	0.0	false	0.0
HepG2	SFPQ_1-XRN2_1-interaction-shap	interaction	SFPQ-XRN2	SFPQ	1	XRN2	1	12	0.0	false	0.0
HepG2	SMNDC1_1-SRSF1_1-interaction-shap	interaction	SMNDC1-SRSF1	SMNDC1	1	SRSF1	1	14	0.0	false	0.0
HepG2	SMNDC1_1-SRSF7_1-interaction-shap	interaction	SMNDC1-SRSF7	SMNDC1	1	SRSF7	1	4	0.0	false	0.0
HepG2	SMNDC1_1-TIA1_1-interaction-shap	interaction	SMNDC1-TIA1	SMNDC1	1	TIA1	1	2	0.0	false	0.0
HepG2	SMNDC1_1-U2AF1_1-interaction-shap	interaction	SMNDC1-U2AF1	SMNDC1	1	U2AF1	1	10	0.0	false	0.0
HepG2	SMNDC1_1-U2AF2_1-interaction-shap	interaction	SMNDC1-U2AF2	SMNDC1	1	U2AF2	1	19	0.0	false	0.0
HepG2	SMNDC1_1-UCHL5_1-interaction-shap	interaction	SMNDC1-UCHL5	SMNDC1	1	UCHL5	1	37	0.0	false	0.0
HepG2	SMNDC1_1-XRN2_1-interaction-shap	interaction	SMNDC1-XRN2	SMNDC1	1	XRN2	1	2	0.0	false	0.0
HepG2	SRSF1_1-SRSF7_1-interaction-shap	interaction	SRSF1-SRSF7	SRSF1	1	SRSF7	1	3	0.0	false	0.0
HepG2	SRSF1_1-SUPV3L1_1-interaction-shap	interaction	SRSF1-SUPV3L1	SRSF1	1	SUPV3L1	1	23	0.0	false	0.0
HepG2	SRSF1_1-TAF15_1-interaction-shap	interaction	SRSF1-TAF15	SRSF1	1	TAF15	1	18	0.0	true	0.0
HepG2	SRSF1_1-UTP18_1-interaction-shap	interaction	SRSF1-UTP18	SRSF1	1	UTP18	1	14	0.0	false	0.0
HepG2	SRSF1_1-XPO5_1-interaction-shap	interaction	SRSF1-XPO5	SRSF1	1	XPO5	1	34	0.0	false	0.0
HepG2	SRSF7_1-STAU2_1-interaction-shap	interaction	SRSF7-STAU2	SRSF7	1	STAU2	1	4	0.0	false	0.0
HepG2	SRSF7_1-SUB1_1-interaction-shap	interaction	SRSF7-SUB1	SRSF7	1	SUB1	1	1	0.0	false	0.0
HepG2	SRSF7_1-TARDBP_1-interaction-shap	interaction	SRSF7-TARDBP	SRSF7	1	TARDBP	1	57	0.0	false	0.0
HepG2	SRSF7_1-TIA1_1-interaction-shap	interaction	SRSF7-TIA1	SRSF7	1	TIA1	1	2	0.0	false	0.0
HepG2	SRSF7_1-TIAL1_1-interaction-shap	interaction	SRSF7-TIAL1	SRSF7	1	TIAL1	1	28	0.0	false	0.0
HepG2	SRSF7_1-TRA2A_1-interaction-shap	interaction	SRSF7-TRA2A	SRSF7	1	TRA2A	1	1	0.0	false	0.0
HepG2	SRSF7_1-UCHL5_1-interaction-shap	interaction	SRSF7-UCHL5	SRSF7	1	UCHL5	1	6	0.0	false	0.0
HepG2	SRSF9_1-SUB1_1-interaction-shap	interaction	SRSF9-SUB1	SRSF9	1	SUB1	1	1	0.0	false	0.0
HepG2	SRSF9_1-TARDBP_1-interaction-shap	interaction	SRSF9-TARDBP	SRSF9	1	TARDBP	1	1	0.0	false	0.0
HepG2	SRSF9_1-XRN2_1-interaction-shap	interaction	SRSF9-XRN2	SRSF9	1	XRN2	1	26	0.0	false	0.0
HepG2	STAU2_1-TARDBP_1-interaction-shap	interaction	STAU2-TARDBP	STAU2	1	TARDBP	1	26	0.0	false	0.0
HepG2	SUGP2_1-TIAL1_1-interaction-shap	interaction	SUGP2-TIAL1	SUGP2	1	TIAL1	1	8	0.0	false	0.0
HepG2	SUPV3L1_1-U2AF2_1-interaction-shap	interaction	SUPV3L1-U2AF2	SUPV3L1	1	U2AF2	1	7	0.0	false	0.0
HepG2	SUPV3L1_1-UCHL5_1-interaction-shap	interaction	SUPV3L1-UCHL5	SUPV3L1	1	UCHL5	1	8	0.0	false	0.0
HepG2	SUPV3L1_1-ZC3H11A_1-interaction-shap	interaction	SUPV3L1-ZC3H11A	SUPV3L1	1	ZC3H11A	1	1	0.0	false	0.0
HepG2	TAF15_1-TRA2A_1-interaction-shap	interaction	TAF15-TRA2A	TAF15	1	TRA2A	1	15	0.0	false	0.0
HepG2	TAF15_1-U2AF2_1-interaction-shap	interaction	TAF15-U2AF2	TAF15	1	U2AF2	1	14	0.0	false	0.0
HepG2	TAF15_1-XRN2_1-interaction-shap	interaction	TAF15-XRN2	TAF15	1	XRN2	1	18	0.0	false	0.0
HepG2	TARDBP_1-TIA1_1-interaction-shap	interaction	TARDBP-TIA1	TARDBP	1	TIA1	1	3	0.0	false	0.0
HepG2	TARDBP_1-TIAL1_1-interaction-shap	interaction	TARDBP-TIAL1	TARDBP	1	TIAL1	1	27	0.0	false	0.0
HepG2	TARDBP_1-XPO5_1-interaction-shap	interaction	TARDBP-XPO5	TARDBP	1	XPO5	1	1	0.0	false	0.0
HepG2	TIAL1_1-XPO5_1-interaction-shap	interaction	TIAL1-XPO5	TIAL1	1	XPO5	1	2	0.0	false	0.0
HepG2	TRA2A_1-UTP18_1-interaction-shap	interaction	TRA2A-UTP18	TRA2A	1	UTP18	1	1	0.0	false	0.0
HepG2	U2AF1_1-XPO5_1-interaction-shap	interaction	U2AF1-XPO5	U2AF1	1	XPO5	1	2	0.0	false	0.0
HepG2	U2AF2_1-XPO5_1-interaction-shap	interaction	U2AF2-XPO5	U2AF2	1	XPO5	1	18	0.0	false	0.0
HepG2	UCHL5_1-UTP18_1-interaction-shap	interaction	UCHL5-UTP18	UCHL5	1	UTP18	1	8	0.0	false	0.0
HepG2	UCHL5_1-XPO5_1-interaction-shap	interaction	UCHL5-XPO5	UCHL5	1	XPO5	1	3	0.0	false	0.0
HepG2	UCHL5_1-XRN2_1-interaction-shap	interaction	UCHL5-XRN2	UCHL5	1	XRN2	1	2	0.0	false	0.0
HepG2	UCHL5_1-ZC3H11A_1-interaction-shap	interaction	UCHL5-ZC3H11A	UCHL5	1	ZC3H11A	1	4	0.0	false	0.0
HepG2	XPO5_1-XRN2_1-interaction-shap	interaction	XPO5-XRN2	XPO5	1	XRN2	1	5	0.0	false	0.0
HepG2	AKAP1_1-FKBP4_2-interaction-shap	interaction	AKAP1-FKBP4	AKAP1	1	FKBP4	2	3	0.0	false	0.0
HepG2	AKAP1_1-GTF2F1_2-interaction-shap	interaction	AKAP1-GTF2F1	AKAP1	1	GTF2F1	2	2	0.0	false	0.0
HepG2	AKAP1_1-IGF2BP3_2-interaction-shap	interaction	AKAP1-IGF2BP3	AKAP1	1	IGF2BP3	2	4	0.0	false	0.0
HepG2	AKAP1_1-LIN28B_2-interaction-shap	interaction	AKAP1-LIN28B	AKAP1	1	LIN28B	2	12	0.0	false	0.0
HepG2	AKAP1_1-PRPF4_2-interaction-shap	interaction	AKAP1-PRPF4	AKAP1	1	PRPF4	2	8	0.0	false	0.0
HepG2	AKAP1_1-RBM15_2-interaction-shap	interaction	AKAP1-RBM15	AKAP1	1	RBM15	2	12	0.0	false	0.0
HepG2	AKAP1_1-RBM22_2-interaction-shap	interaction	AKAP1-RBM22	AKAP1	1	RBM22	2	11	0.0	false	0.0
HepG2	AKAP1_1-XPO5_2-interaction-shap	interaction	AKAP1-XPO5	AKAP1	1	XPO5	2	1	0.0	false	0.0
HepG2	AKAP1_1-XRN2_2-interaction-shap	interaction	AKAP1-XRN2	AKAP1	1	XRN2	2	3	0.0	false	0.0
HepG2	AKAP1_1-ZC3H11A_2-interaction-shap	interaction	AKAP1-ZC3H11A	AKAP1	1	ZC3H11A	2	12	0.0	false	0.0
HepG2	BUD13_1-FUS_2-interaction-shap	interaction	BUD13-FUS	BUD13	1	FUS	2	14	0.0	false	0.0
HepG2	CSTF2T_1-LARP4_2-interaction-shap	interaction	CSTF2T-LARP4	CSTF2T	1	LARP4	2	11	0.0	false	0.0
HepG2	CSTF2T_1-SRSF7_2-interaction-shap	interaction	CSTF2T-SRSF7	CSTF2T	1	SRSF7	2	46	0.0	false	0.0
HepG2	CSTF2T_1-SUB1_2-interaction-shap	interaction	CSTF2T-SUB1	CSTF2T	1	SUB1	2	1	0.0	false	0.0
HepG2	CSTF2T_1-SUPV3L1_2-interaction-shap	interaction	CSTF2T-SUPV3L1	CSTF2T	1	SUPV3L1	2	16	0.0	false	0.0
HepG2	CSTF2T_1-TIA1_2-interaction-shap	interaction	CSTF2T-TIA1	CSTF2T	1	TIA1	2	8	0.0	false	0.0
HepG2	CSTF2T_1-UCHL5_2-interaction-shap	interaction	CSTF2T-UCHL5	CSTF2T	1	UCHL5	2	7	0.0	false	0.0
HepG2	DDX3X_1-STAU2_2-interaction-shap	interaction	DDX3X-STAU2	DDX3X	1	STAU2	2	1	0.0	false	0.0
HepG2	DDX3X_1-SUPV3L1_2-interaction-shap	interaction	DDX3X-SUPV3L1	DDX3X	1	SUPV3L1	2	72	0.0	false	0.0
HepG2	DDX52_1-EFTUD2_2-interaction-shap	interaction	DDX52-EFTUD2	DDX52	1	EFTUD2	2	14	0.0	false	0.0
HepG2	DDX52_1-PPIG_2-interaction-shap	interaction	DDX52-PPIG	DDX52	1	PPIG	2	11	0.0	false	0.0
HepG2	DDX52_1-TIA1_2-interaction-shap	interaction	DDX52-TIA1	DDX52	1	TIA1	2	14	0.0	false	0.0
HepG2	DDX52_1-TIAL1_2-interaction-shap	interaction	DDX52-TIAL1	DDX52	1	TIAL1	2	29	0.0	false	0.0
HepG2	DDX52_1-U2AF1_2-interaction-shap	interaction	DDX52-U2AF1	DDX52	1	U2AF1	2	12	0.0	false	0.0
HepG2	DDX52_1-U2AF2_2-interaction-shap	interaction	DDX52-U2AF2	DDX52	1	U2AF2	2	14	0.0	false	0.0
HepG2	DDX6_1-G3BP1_2-interaction-shap	interaction	DDX6-G3BP1	DDX6	1	G3BP1	2	1	0.0	false	0.0
HepG2	DDX6_1-RBM15_2-interaction-shap	interaction	DDX6-RBM15	DDX6	1	RBM15	2	2	0.0	false	0.0
HepG2	DDX6_1-RBM22_2-interaction-shap	interaction	DDX6-RBM22	DDX6	1	RBM22	2	2	0.0	false	0.0
HepG2	DDX6_1-SRSF7_2-interaction-shap	interaction	DDX6-SRSF7	DDX6	1	SRSF7	2	2	0.0	false	0.0
HepG2	DDX6_1-SUPV3L1_2-interaction-shap	interaction	DDX6-SUPV3L1	DDX6	1	SUPV3L1	2	4	0.0	false	0.0
HepG2	DDX6_1-TRA2A_2-interaction-shap	interaction	DDX6-TRA2A	DDX6	1	TRA2A	2	3	0.0	false	0.0
HepG2	DKC1_1-EIF3H_2-interaction-shap	interaction	DKC1-EIF3H	DKC1	1	EIF3H	2	4	0.0	false	0.0
HepG2	DKC1_1-SRSF1_2-interaction-shap	interaction	DKC1-SRSF1	DKC1	1	SRSF1	2	1	0.0	false	0.0
HepG2	DKC1_1-SUPV3L1_2-interaction-shap	interaction	DKC1-SUPV3L1	DKC1	1	SUPV3L1	2	18	0.0	false	0.0
HepG2	DKC1_1-TIA1_2-interaction-shap	interaction	DKC1-TIA1	DKC1	1	TIA1	2	5	0.0	false	0.0
HepG2	DKC1_1-U2AF1_2-interaction-shap	interaction	DKC1-U2AF1	DKC1	1	U2AF1	2	6	0.0	false	0.0
HepG2	EIF3D_1-NIP7_2-interaction-shap	interaction	EIF3D-NIP7	EIF3D	1	NIP7	2	10	0.0	false	0.0
HepG2	EIF3H_1-DDX6_2-interaction-shap	interaction	DDX6-EIF3H	EIF3H	1	DDX6	2	6	0.0	false	0.0
HepG2	EIF3H_1-FUS_2-interaction-shap	interaction	EIF3H-FUS	EIF3H	1	FUS	2	1	0.0	false	0.0
HepG2	EIF3H_1-NIP7_2-interaction-shap	interaction	EIF3H-NIP7	EIF3H	1	NIP7	2	6	0.0	false	0.0
HepG2	EIF3H_1-RBFOX2_2-interaction-shap	interaction	EIF3H-RBFOX2	EIF3H	1	RBFOX2	2	35	0.0	false	0.0
HepG2	EIF3H_1-RBM22_2-interaction-shap	interaction	EIF3H-RBM22	EIF3H	1	RBM22	2	108	0.0	false	0.0
HepG2	EIF3H_1-SFPQ_2-interaction-shap	interaction	EIF3H-SFPQ	EIF3H	1	SFPQ	2	16	0.0	false	0.0
HepG2	EIF3H_1-XRN2_2-interaction-shap	interaction	EIF3H-XRN2	EIF3H	1	XRN2	2	23	0.0	false	0.0
HepG2	EXOSC5_1-RBM22_2-interaction-shap	interaction	EXOSC5-RBM22	EXOSC5	1	RBM22	2	19	0.0	false	0.0
HepG2	FAM120A_1-EIF3D_2-interaction-shap	interaction	EIF3D-FAM120A	FAM120A	1	EIF3D	2	10	0.0	false	0.0
HepG2	FAM120A_1-EXOSC5_2-interaction-shap	interaction	EXOSC5-FAM120A	FAM120A	1	EXOSC5	2	3	0.0	false	0.0
HepG2	FAM120A_1-LARP4_2-interaction-shap	interaction	FAM120A-LARP4	FAM120A	1	LARP4	2	45	0.0	false	0.0
HepG2	FAM120A_1-LIN28B_2-interaction-shap	interaction	FAM120A-LIN28B	FAM120A	1	LIN28B	2	1	0.0	false	0.0
HepG2	FAM120A_1-SRSF7_2-interaction-shap	interaction	FAM120A-SRSF7	FAM120A	1	SRSF7	2	40	0.0	false	0.0
HepG2	FAM120A_1-SUGP2_2-interaction-shap	interaction	FAM120A-SUGP2	FAM120A	1	SUGP2	2	1	0.0	false	0.0
HepG2	FAM120A_1-TIA1_2-interaction-shap	interaction	FAM120A-TIA1	FAM120A	1	TIA1	2	5	0.0	false	0.0
HepG2	FASTKD2_1-DKC1_2-interaction-shap	interaction	DKC1-FASTKD2	FASTKD2	1	DKC1	2	2	0.0	false	0.0
HepG2	FASTKD2_1-LARP4_2-interaction-shap	interaction	FASTKD2-LARP4	FASTKD2	1	LARP4	2	2	0.0	false	0.0
HepG2	FASTKD2_1-LARP7_2-interaction-shap	interaction	FASTKD2-LARP7	FASTKD2	1	LARP7	2	2	0.0	false	0.0
HepG2	FASTKD2_1-LIN28B_2-interaction-shap	interaction	FASTKD2-LIN28B	FASTKD2	1	LIN28B	2	3	0.0	false	0.0
HepG2	FASTKD2_1-NIP7_2-interaction-shap	interaction	FASTKD2-NIP7	FASTKD2	1	NIP7	2	2	0.0	false	0.0
HepG2	FASTKD2_1-NOLC1_2-interaction-shap	interaction	FASTKD2-NOLC1	FASTKD2	1	NOLC1	2	2	0.0	false	0.0
HepG2	FASTKD2_1-SRSF7_2-interaction-shap	interaction	FASTKD2-SRSF7	FASTKD2	1	SRSF7	2	46	0.0	false	0.0
HepG2	FASTKD2_1-SUPV3L1_2-interaction-shap	interaction	FASTKD2-SUPV3L1	FASTKD2	1	SUPV3L1	2	4	0.0	false	0.0
HepG2	FKBP4_1-EIF3D_2-interaction-shap	interaction	EIF3D-FKBP4	FKBP4	1	EIF3D	2	1	0.0	false	0.0
HepG2	FKBP4_1-LIN28B_2-interaction-shap	interaction	FKBP4-LIN28B	FKBP4	1	LIN28B	2	1	0.0	false	0.0
HepG2	FKBP4_1-SRSF9_2-interaction-shap	interaction	FKBP4-SRSF9	FKBP4	1	SRSF9	2	1	0.0	false	0.0
HepG2	FKBP4_1-STAU2_2-interaction-shap	interaction	FKBP4-STAU2	FKBP4	1	STAU2	2	1	0.0	false	0.0
HepG2	FKBP4_1-XPO5_2-interaction-shap	interaction	FKBP4-XPO5	FKBP4	1	XPO5	2	19	0.0	false	0.0
HepG2	FUBP3_1-PPIG_2-interaction-shap	interaction	FUBP3-PPIG	FUBP3	1	PPIG	2	25	0.0	false	0.0
HepG2	FUBP3_1-U2AF2_2-interaction-shap	interaction	FUBP3-U2AF2	FUBP3	1	U2AF2	2	2	0.0	true	0.0
HepG2	FUS_1-EXOSC5_2-interaction-shap	interaction	EXOSC5-FUS	FUS	1	EXOSC5	2	8	0.0	false	0.0
HepG2	FUS_1-LIN28B_2-interaction-shap	interaction	FUS-LIN28B	FUS	1	LIN28B	2	1	0.0	false	0.0
HepG2	FUS_1-PPIG_2-interaction-shap	interaction	FUS-PPIG	FUS	1	PPIG	2	10	0.0	false	0.0
HepG2	FUS_1-RBFOX2_2-interaction-shap	interaction	FUS-RBFOX2	FUS	1	RBFOX2	2	1	0.0	false	0.0
HepG2	FUS_1-RBM22_2-interaction-shap	interaction	FUS-RBM22	FUS	1	RBM22	2	3	0.0	false	0.0
HepG2	FUS_1-TIAL1_2-interaction-shap	interaction	FUS-TIAL1	FUS	1	TIAL1	2	6	0.0	false	0.0
HepG2	FXR2_1-HNRNPC_2-interaction-shap	interaction	FXR2-HNRNPC	FXR2	1	HNRNPC	2	2	0.0	false	0.0
HepG2	FXR2_1-IGF2BP3_2-interaction-shap	interaction	FXR2-IGF2BP3	FXR2	1	IGF2BP3	2	4	0.0	false	0.0
HepG2	FXR2_1-LARP7_2-interaction-shap	interaction	FXR2-LARP7	FXR2	1	LARP7	2	2	0.0	false	0.0
HepG2	FXR2_1-NIP7_2-interaction-shap	interaction	FXR2-NIP7	FXR2	1	NIP7	2	2	0.0	false	0.0
HepG2	FXR2_1-NKRF_2-interaction-shap	interaction	FXR2-NKRF	FXR2	1	NKRF	2	9	0.0	false	0.0
HepG2	FXR2_1-RBFOX2_2-interaction-shap	interaction	FXR2-RBFOX2	FXR2	1	RBFOX2	2	12	0.0	false	0.0
HepG2	FXR2_1-TIA1_2-interaction-shap	interaction	FXR2-TIA1	FXR2	1	TIA1	2	80	0.0	false	0.0
HepG2	FXR2_1-U2AF1_2-interaction-shap	interaction	FXR2-U2AF1	FXR2	1	U2AF1	2	5	0.0	false	0.0
HepG2	G3BP1_1-DDX52_2-interaction-shap	interaction	DDX52-G3BP1	G3BP1	1	DDX52	2	8	0.0	false	0.0
HepG2	G3BP1_1-LARP7_2-interaction-shap	interaction	G3BP1-LARP7	G3BP1	1	LARP7	2	2	0.0	false	0.0
HepG2	G3BP1_1-SFPQ_2-interaction-shap	interaction	G3BP1-SFPQ	G3BP1	1	SFPQ	2	6	0.0	false	0.0
HepG2	GTF2F1_1-LIN28B_2-interaction-shap	interaction	GTF2F1-LIN28B	GTF2F1	1	LIN28B	2	2	0.0	false	0.0
HepG2	GTF2F1_1-SFPQ_2-interaction-shap	interaction	GTF2F1-SFPQ	GTF2F1	1	SFPQ	2	51	0.0	false	0.0
HepG2	GTF2F1_1-SUB1_2-interaction-shap	interaction	GTF2F1-SUB1	GTF2F1	1	SUB1	2	1	0.0	false	0.0
HepG2	GTF2F1_1-SUGP2_2-interaction-shap	interaction	GTF2F1-SUGP2	GTF2F1	1	SUGP2	2	1	0.0	false	0.0
HepG2	GTF2F1_1-SUPV3L1_2-interaction-shap	interaction	GTF2F1-SUPV3L1	GTF2F1	1	SUPV3L1	2	31	0.0	false	0.0
HepG2	HNRNPC_1-SRSF1_2-interaction-shap	interaction	HNRNPC-SRSF1	HNRNPC	1	SRSF1	2	2	0.0	false	0.0
HepG2	HNRNPK_1-EXOSC5_2-interaction-shap	interaction	EXOSC5-HNRNPK	HNRNPK	1	EXOSC5	2	24	0.0	false	0.0
HepG2	HNRNPK_1-HNRNPU_2-interaction-shap	interaction	HNRNPK-HNRNPU	HNRNPK	1	HNRNPU	2	2	0.0	true	0.0
HepG2	HNRNPK_1-SUPV3L1_2-interaction-shap	interaction	HNRNPK-SUPV3L1	HNRNPK	1	SUPV3L1	2	3	0.0	false	0.0
HepG2	HNRNPK_1-TARDBP_2-interaction-shap	interaction	HNRNPK-TARDBP	HNRNPK	1	TARDBP	2	9	0.0	false	0.0
HepG2	HNRNPK_1-TIA1_2-interaction-shap	interaction	HNRNPK-TIA1	HNRNPK	1	TIA1	2	15	0.0	false	0.0
HepG2	HNRNPU_1-RBM22_2-interaction-shap	interaction	HNRNPU-RBM22	HNRNPU	1	RBM22	2	10	0.0	false	0.0
HepG2	HNRNPU_1-SRSF7_2-interaction-shap	interaction	HNRNPU-SRSF7	HNRNPU	1	SRSF7	2	40	0.0	false	0.0
HepG2	IGF2BP1_1-FUS_2-interaction-shap	interaction	FUS-IGF2BP1	IGF2BP1	1	FUS	2	3	0.0	false	0.0
HepG2	IGF2BP1_1-STAU2_2-interaction-shap	interaction	IGF2BP1-STAU2	IGF2BP1	1	STAU2	2	3	0.0	false	0.0
HepG2	IGF2BP1_1-SUPV3L1_2-interaction-shap	interaction	IGF2BP1-SUPV3L1	IGF2BP1	1	SUPV3L1	2	19	0.0	false	0.0
HepG2	IGF2BP3_1-DKC1_2-interaction-shap	interaction	DKC1-IGF2BP3	IGF2BP3	1	DKC1	2	29	0.0	false	0.0
HepG2	IGF2BP3_1-RBM15_2-interaction-shap	interaction	IGF2BP3-RBM15	IGF2BP3	1	RBM15	2	7	0.0	false	0.0
HepG2	IGF2BP3_1-SRSF1_2-interaction-shap	interaction	IGF2BP3-SRSF1	IGF2BP3	1	SRSF1	2	8	0.0	false	0.0
HepG2	ILF3_1-FAM120A_2-interaction-shap	interaction	FAM120A-ILF3	ILF3	1	FAM120A	2	14	0.0	false	0.0
HepG2	ILF3_1-NOLC1_2-interaction-shap	interaction	ILF3-NOLC1	ILF3	1	NOLC1	2	2	0.0	false	0.0
HepG2	ILF3_1-SRSF7_2-interaction-shap	interaction	ILF3-SRSF7	ILF3	1	SRSF7	2	2	0.0	false	0.0
HepG2	ILF3_1-XRN2_2-interaction-shap	interaction	ILF3-XRN2	ILF3	1	XRN2	2	6	0.0	false	0.0
HepG2	LARP4_1-LARP7_2-interaction-shap	interaction	LARP4-LARP7	LARP4	1	LARP7	2	18	0.0	false	0.0
HepG2	LARP4_1-NIP7_2-interaction-shap	interaction	LARP4-NIP7	LARP4	1	NIP7	2	33	0.0	false	0.0
HepG2	LARP4_1-RBM5_2-interaction-shap	interaction	LARP4-RBM5	LARP4	1	RBM5	2	17	0.0	false	0.0
HepG2	LARP7_1-IGF2BP1_2-interaction-shap	interaction	IGF2BP1-LARP7	LARP7	1	IGF2BP1	2	2	0.0	false	0.0
HepG2	LARP7_1-TIAL1_2-interaction-shap	interaction	LARP7-TIAL1	LARP7	1	TIAL1	2	39	0.0	false	0.0
HepG2	LARP7_1-UCHL5_2-interaction-shap	interaction	LARP7-UCHL5	LARP7	1	UCHL5	2	17	0.0	false	0.0
HepG2	LIN28B_1-HNRNPU_2-interaction-shap	interaction	HNRNPU-LIN28B	LIN28B	1	HNRNPU	2	2	0.0	false	0.0
HepG2	LIN28B_1-SUPV3L1_2-interaction-shap	interaction	LIN28B-SUPV3L1	LIN28B	1	SUPV3L1	2	2	0.0	false	0.0
HepG2	LIN28B_1-XPO5_2-interaction-shap	interaction	LIN28B-XPO5	LIN28B	1	XPO5	2	1	0.0	false	0.0
HepG2	NIP7_1-FAM120A_2-interaction-shap	interaction	FAM120A-NIP7	NIP7	1	FAM120A	2	1	0.0	false	0.0
HepG2	NIP7_1-PRPF4_2-interaction-shap	interaction	NIP7-PRPF4	NIP7	1	PRPF4	2	1	0.0	false	0.0
HepG2	NIP7_1-SUPV3L1_2-interaction-shap	interaction	NIP7-SUPV3L1	NIP7	1	SUPV3L1	2	2	0.0	false	0.0
HepG2	NIP7_1-TIAL1_2-interaction-shap	interaction	NIP7-TIAL1	NIP7	1	TIAL1	2	37	0.0	false	0.0
HepG2	NKRF_1-SMNDC1_2-interaction-shap	interaction	NKRF-SMNDC1	NKRF	1	SMNDC1	2	19	0.0	false	0.0
HepG2	NKRF_1-SRSF9_2-interaction-shap	interaction	NKRF-SRSF9	NKRF	1	SRSF9	2	23	0.0	false	0.0
HepG2	NKRF_1-UCHL5_2-interaction-shap	interaction	NKRF-UCHL5	NKRF	1	UCHL5	2	5	0.0	false	0.0
HepG2	NOLC1_1-FUS_2-interaction-shap	interaction	FUS-NOLC1	NOLC1	1	FUS	2	39	0.0	false	0.0
HepG2	NOLC1_1-PRPF4_2-interaction-shap	interaction	NOLC1-PRPF4	NOLC1	1	PRPF4	2	1	0.0	false	0.0
HepG2	NOLC1_1-RBFOX2_2-interaction-shap	interaction	NOLC1-RBFOX2	NOLC1	1	RBFOX2	2	6	0.0	false	0.0
HepG2	NOLC1_1-RBM15_2-interaction-shap	interaction	NOLC1-RBM15	NOLC1	1	RBM15	2	1	0.0	false	0.0
HepG2	NOLC1_1-SUPV3L1_2-interaction-shap	interaction	NOLC1-SUPV3L1	NOLC1	1	SUPV3L1	2	18	0.0	false	0.0
HepG2	NOLC1_1-TIA1_2-interaction-shap	interaction	NOLC1-TIA1	NOLC1	1	TIA1	2	81	0.0	false	0.0
HepG2	NSUN2_1-EFTUD2_2-interaction-shap	interaction	EFTUD2-NSUN2	NSUN2	1	EFTUD2	2	14	0.0	false	0.0
HepG2	NSUN2_1-RBM15_2-interaction-shap	interaction	NSUN2-RBM15	NSUN2	1	RBM15	2	2	0.0	false	0.0
HepG2	PCBP1_1-FASTKD2_2-interaction-shap	interaction	FASTKD2-PCBP1	PCBP1	1	FASTKD2	2	17	0.0	false	0.0
HepG2	PCBP1_1-SRSF9_2-interaction-shap	interaction	PCBP1-SRSF9	PCBP1	1	SRSF9	2	18	0.0	false	0.0
HepG2	PCBP1_1-TIA1_2-interaction-shap	interaction	PCBP1-TIA1	PCBP1	1	TIA1	2	1	0.0	false	0.0
HepG2	PCBP1_1-UCHL5_2-interaction-shap	interaction	PCBP1-UCHL5	PCBP1	1	UCHL5	2	17	0.0	false	0.0
HepG2	PCBP2_1-EXOSC5_2-interaction-shap	interaction	EXOSC5-PCBP2	PCBP2	1	EXOSC5	2	40	0.0	false	0.0
HepG2	PCBP2_1-NIP7_2-interaction-shap	interaction	NIP7-PCBP2	PCBP2	1	NIP7	2	6	0.0	false	0.0
HepG2	PCBP2_1-SUPV3L1_2-interaction-shap	interaction	PCBP2-SUPV3L1	PCBP2	1	SUPV3L1	2	35	0.0	false	0.0
HepG2	PPIG_1-NSUN2_2-interaction-shap	interaction	NSUN2-PPIG	PPIG	1	NSUN2	2	1	0.0	false	0.0
HepG2	PRPF4_1-LARP7_2-interaction-shap	interaction	LARP7-PRPF4	PRPF4	1	LARP7	2	2	0.0	false	0.0
HepG2	PRPF4_1-SUGP2_2-interaction-shap	interaction	PRPF4-SUGP2	PRPF4	1	SUGP2	2	1	0.0	false	0.0
HepG2	PTBP1_1-SRSF1_2-interaction-shap	interaction	PTBP1-SRSF1	PTBP1	1	SRSF1	2	53	0.0	false	0.0
HepG2	PTBP1_1-SUB1_2-interaction-shap	interaction	PTBP1-SUB1	PTBP1	1	SUB1	2	2	0.0	false	0.0
HepG2	PTBP1_1-SUPV3L1_2-interaction-shap	interaction	PTBP1-SUPV3L1	PTBP1	1	SUPV3L1	2	4	0.0	false	0.0
HepG2	QKI_1-GTF2F1_2-interaction-shap	interaction	GTF2F1-QKI	QKI	1	GTF2F1	2	1	0.0	false	0.0
HepG2	QKI_1-TIAL1_2-interaction-shap	interaction	QKI-TIAL1	QKI	1	TIAL1	2	2	0.0	false	0.0
HepG2	QKI_1-XPO5_2-interaction-shap	interaction	QKI-XPO5	QKI	1	XPO5	2	5	0.0	false	0.0
HepG2	RBFOX2_1-TAF15_2-interaction-shap	interaction	RBFOX2-TAF15	RBFOX2	1	TAF15	2	1	0.0	false	0.0
HepG2	RBFOX2_1-TIA1_2-interaction-shap	interaction	RBFOX2-TIA1	RBFOX2	1	TIA1	2	16	0.0	false	0.0
HepG2	RBFOX2_1-TRA2A_2-interaction-shap	interaction	RBFOX2-TRA2A	RBFOX2	1	TRA2A	2	4	0.0	false	0.0
HepG2	RBM15_1-EXOSC5_2-interaction-shap	interaction	EXOSC5-RBM15	RBM15	1	EXOSC5	2	12	0.0	false	0.0
HepG2	RBM15_1-FUS_2-interaction-shap	interaction	FUS-RBM15	RBM15	1	FUS	2	34	0.0	false	0.0
HepG2	RBM15_1-HNRNPK_2-interaction-shap	interaction	HNRNPK-RBM15	RBM15	1	HNRNPK	2	12	0.0	false	0.0
HepG2	RBM15_1-NIP7_2-interaction-shap	interaction	NIP7-RBM15	RBM15	1	NIP7	2	14	0.0	false	0.0
HepG2	RBM15_1-PCBP1_2-interaction-shap	interaction	PCBP1-RBM15	RBM15	1	PCBP1	2	9	0.0	false	0.0
HepG2	RBM15_1-SUPV3L1_2-interaction-shap	interaction	RBM15-SUPV3L1	RBM15	1	SUPV3L1	2	19	0.0	false	0.0
HepG2	RBM15_1-U2AF1_2-interaction-shap	interaction	RBM15-U2AF1	RBM15	1	U2AF1	2	42	0.0	false	0.0
HepG2	RBM15_1-XPO5_2-interaction-shap	interaction	RBM15-XPO5	RBM15	1	XPO5	2	2	0.0	false	0.0
HepG2	RBM5_1-EIF3D_2-interaction-shap	interaction	EIF3D-RBM5	RBM5	1	EIF3D	2	6	0.0	false	0.0
HepG2	RBM5_1-EXOSC5_2-interaction-shap	interaction	EXOSC5-RBM5	RBM5	1	EXOSC5	2	8	0.0	false	0.0
HepG2	RBM5_1-PTBP1_2-interaction-shap	interaction	PTBP1-RBM5	RBM5	1	PTBP1	2	3	0.0	false	0.0
HepG2	RBM5_1-SUPV3L1_2-interaction-shap	interaction	RBM5-SUPV3L1	RBM5	1	SUPV3L1	2	64	0.0	false	0.0
HepG2	RBM5_1-TIA1_2-interaction-shap	interaction	RBM5-TIA1	RBM5	1	TIA1	2	9	0.0	false	0.0
HepG2	RBM5_1-ZC3H11A_2-interaction-shap	interaction	RBM5-ZC3H11A	RBM5	1	ZC3H11A	2	7	0.0	false	0.0
HepG2	RPS3_1-FKBP4_2-interaction-shap	interaction	FKBP4-RPS3	RPS3	1	FKBP4	2	11	0.0	false	0.0
HepG2	SF3B4_1-EXOSC5_2-interaction-shap	interaction	EXOSC5-SF3B4	SF3B4	1	EXOSC5	2	25	0.0	false	0.0
HepG2	SF3B4_1-FUS_2-interaction-shap	interaction	FUS-SF3B4	SF3B4	1	FUS	2	3	0.0	false	0.0
HepG2	SF3B4_1-ZC3H11A_2-interaction-shap	interaction	SF3B4-ZC3H11A	SF3B4	1	ZC3H11A	2	10	0.0	false	0.0
HepG2	SFPQ_1-EIF3D_2-interaction-shap	interaction	EIF3D-SFPQ	SFPQ	1	EIF3D	2	1	0.0	false	0.0
HepG2	SFPQ_1-RBM22_2-interaction-shap	interaction	RBM22-SFPQ	SFPQ	1	RBM22	2	11	0.0	false	0.0
HepG2	SFPQ_1-RPS3_2-interaction-shap	interaction	RPS3-SFPQ	SFPQ	1	RPS3	2	9	0.0	false	0.0
HepG2	SFPQ_1-SUPV3L1_2-interaction-shap	interaction	SFPQ-SUPV3L1	SFPQ	1	SUPV3L1	2	9	0.0	false	0.0
HepG2	SFPQ_1-UCHL5_2-interaction-shap	interaction	SFPQ-UCHL5	SFPQ	1	UCHL5	2	3	0.0	false	0.0
HepG2	SMNDC1_1-FUS_2-interaction-shap	interaction	FUS-SMNDC1	SMNDC1	1	FUS	2	3	0.0	false	0.0
HepG2	SMNDC1_1-G3BP1_2-interaction-shap	interaction	G3BP1-SMNDC1	SMNDC1	1	G3BP1	2	8	0.0	false	0.0
HepG2	SMNDC1_1-GTF2F1_2-interaction-shap	interaction	GTF2F1-SMNDC1	SMNDC1	1	GTF2F1	2	13	0.0	false	0.0
HepG2	SMNDC1_1-TIAL1_2-interaction-shap	interaction	SMNDC1-TIAL1	SMNDC1	1	TIAL1	2	17	0.0	false	0.0
HepG2	SMNDC1_1-XPO5_2-interaction-shap	interaction	SMNDC1-XPO5	SMNDC1	1	XPO5	2	1	0.0	false	0.0
HepG2	SRSF1_1-LARP7_2-interaction-shap	interaction	LARP7-SRSF1	SRSF1	1	LARP7	2	2	0.0	false	0.0
HepG2	SRSF1_1-NIP7_2-interaction-shap	interaction	NIP7-SRSF1	SRSF1	1	NIP7	2	2	0.0	false	0.0
HepG2	SRSF1_1-PCBP1_2-interaction-shap	interaction	PCBP1-SRSF1	SRSF1	1	PCBP1	2	22	0.0	false	0.0
HepG2	SRSF1_1-SFPQ_2-interaction-shap	interaction	SFPQ-SRSF1	SRSF1	1	SFPQ	2	7	0.0	false	0.0
HepG2	SRSF1_1-SUGP2_2-interaction-shap	interaction	SRSF1-SUGP2	SRSF1	1	SUGP2	2	1	0.0	false	0.0
HepG2	SRSF7_1-EXOSC5_2-interaction-shap	interaction	EXOSC5-SRSF7	SRSF7	1	EXOSC5	2	15	0.0	false	0.0
HepG2	SRSF7_1-G3BP1_2-interaction-shap	interaction	G3BP1-SRSF7	SRSF7	1	G3BP1	2	2	0.0	false	0.0
HepG2	SRSF7_1-HNRNPC_2-interaction-shap	interaction	HNRNPC-SRSF7	SRSF7	1	HNRNPC	2	1	0.0	false	0.0
HepG2	SRSF7_1-RBM22_2-interaction-shap	interaction	RBM22-SRSF7	SRSF7	1	RBM22	2	55	0.0	false	0.0
HepG2	SRSF7_1-SUPV3L1_2-interaction-shap	interaction	SRSF7-SUPV3L1	SRSF7	1	SUPV3L1	2	19	0.0	false	0.0
HepG2	SRSF7_1-XRN2_2-interaction-shap	interaction	SRSF7-XRN2	SRSF7	1	XRN2	2	15	0.0	false	0.0
HepG2	SRSF9_1-LARP4_2-interaction-shap	interaction	LARP4-SRSF9	SRSF9	1	LARP4	2	19	0.0	false	0.0
HepG2	SRSF9_1-QKI_2-interaction-shap	interaction	QKI-SRSF9	SRSF9	1	QKI	2	7	0.0	false	0.0
HepG2	SRSF9_1-ZC3H11A_2-interaction-shap	interaction	SRSF9-ZC3H11A	SRSF9	1	ZC3H11A	2	10	0.0	false	0.0
HepG2	STAU2_1-EXOSC5_2-interaction-shap	interaction	EXOSC5-STAU2	STAU2	1	EXOSC5	2	19	0.0	false	0.0
HepG2	STAU2_1-RBM22_2-interaction-shap	interaction	RBM22-STAU2	STAU2	1	RBM22	2	10	0.0	false	0.0
HepG2	STAU2_1-SRSF9_2-interaction-shap	interaction	SRSF9-STAU2	STAU2	1	SRSF9	2	18	0.0	false	0.0
HepG2	SUB1_1-DDX52_2-interaction-shap	interaction	DDX52-SUB1	SUB1	1	DDX52	2	20	0.0	false	0.0
HepG2	SUB1_1-EXOSC5_2-interaction-shap	interaction	EXOSC5-SUB1	SUB1	1	EXOSC5	2	10	0.0	false	0.0
HepG2	SUB1_1-RBFOX2_2-interaction-shap	interaction	RBFOX2-SUB1	SUB1	1	RBFOX2	2	9	0.0	false	0.0
HepG2	SUB1_1-XRN2_2-interaction-shap	interaction	SUB1-XRN2	SUB1	1	XRN2	2	1	0.0	false	0.0
HepG2	SUGP2_1-PTBP1_2-interaction-shap	interaction	PTBP1-SUGP2	SUGP2	1	PTBP1	2	1	0.0	false	0.0
HepG2	SUPV3L1_1-ILF3_2-interaction-shap	interaction	ILF3-SUPV3L1	SUPV3L1	1	ILF3	2	5	0.0	false	0.0
HepG2	SUPV3L1_1-PCBP1_2-interaction-shap	interaction	PCBP1-SUPV3L1	SUPV3L1	1	PCBP1	2	22	0.0	false	0.0
HepG2	SUPV3L1_1-SRSF9_2-interaction-shap	interaction	SRSF9-SUPV3L1	SUPV3L1	1	SRSF9	2	22	0.0	false	0.0
HepG2	TAF15_1-SFPQ_2-interaction-shap	interaction	SFPQ-TAF15	TAF15	1	SFPQ	2	15	0.0	false	0.0
HepG2	TAF15_1-TIAL1_2-interaction-shap	interaction	TAF15-TIAL1	TAF15	1	TIAL1	2	29	0.0	false	0.0
HepG2	TARDBP_1-EXOSC5_2-interaction-shap	interaction	EXOSC5-TARDBP	TARDBP	1	EXOSC5	2	14	0.0	false	0.0
HepG2	TARDBP_1-FASTKD2_2-interaction-shap	interaction	FASTKD2-TARDBP	TARDBP	1	FASTKD2	2	14	0.0	false	0.0
HepG2	TARDBP_1-SFPQ_2-interaction-shap	interaction	SFPQ-TARDBP	TARDBP	1	SFPQ	2	2	0.0	false	0.0
HepG2	TARDBP_1-SUPV3L1_2-interaction-shap	interaction	SUPV3L1-TARDBP	TARDBP	1	SUPV3L1	2	18	0.0	false	0.0
HepG2	TARDBP_1-XRN2_2-interaction-shap	interaction	TARDBP-XRN2	TARDBP	1	XRN2	2	14	0.0	false	0.0
HepG2	TIA1_1-SUPV3L1_2-interaction-shap	interaction	SUPV3L1-TIA1	TIA1	1	SUPV3L1	2	15	0.0	false	0.0
HepG2	TIAL1_1-STAU2_2-interaction-shap	interaction	STAU2-TIAL1	TIAL1	1	STAU2	2	3	0.0	false	0.0
HepG2	TIAL1_1-SUPV3L1_2-interaction-shap	interaction	SUPV3L1-TIAL1	TIAL1	1	SUPV3L1	2	18	0.0	false	0.0
HepG2	TRA2A_1-DKC1_2-interaction-shap	interaction	DKC1-TRA2A	TRA2A	1	DKC1	2	1	0.0	false	0.0
HepG2	TRA2A_1-HNRNPC_2-interaction-shap	interaction	HNRNPC-TRA2A	TRA2A	1	HNRNPC	2	3	0.0	false	0.0
HepG2	TRA2A_1-NIP7_2-interaction-shap	interaction	NIP7-TRA2A	TRA2A	1	NIP7	2	4	0.0	false	0.0
HepG2	TRA2A_1-SFPQ_2-interaction-shap	interaction	SFPQ-TRA2A	TRA2A	1	SFPQ	2	15	0.0	false	0.0
HepG2	U2AF1_1-FUS_2-interaction-shap	interaction	FUS-U2AF1	U2AF1	1	FUS	2	3	0.0	false	0.0
HepG2	U2AF1_1-SRSF7_2-interaction-shap	interaction	SRSF7-U2AF1	U2AF1	1	SRSF7	2	9	0.0	false	0.0
HepG2	U2AF1_1-SRSF9_2-interaction-shap	interaction	SRSF9-U2AF1	U2AF1	1	SRSF9	2	6	0.0	false	0.0
HepG2	U2AF1_1-SUPV3L1_2-interaction-shap	interaction	SUPV3L1-U2AF1	U2AF1	1	SUPV3L1	2	4	0.0	false	0.0
HepG2	U2AF1_1-TARDBP_2-interaction-shap	interaction	TARDBP-U2AF1	U2AF1	1	TARDBP	2	14	0.0	false	0.0
HepG2	U2AF2_1-LARP7_2-interaction-shap	interaction	LARP7-U2AF2	U2AF2	1	LARP7	2	8	0.0	false	0.0
HepG2	UCHL5_1-NIP7_2-interaction-shap	interaction	NIP7-UCHL5	UCHL5	1	NIP7	2	2	0.0	false	0.0
HepG2	UTP18_1-RBFOX2_2-interaction-shap	interaction	RBFOX2-UTP18	UTP18	1	RBFOX2	2	4	0.0	false	0.0
HepG2	UTP18_1-RBM22_2-interaction-shap	interaction	RBM22-UTP18	UTP18	1	RBM22	2	5	0.0	false	0.0
HepG2	XPO5_1-EXOSC5_2-interaction-shap	interaction	EXOSC5-XPO5	XPO5	1	EXOSC5	2	6	0.0	false	0.0
HepG2	XPO5_1-G3BP1_2-interaction-shap	interaction	G3BP1-XPO5	XPO5	1	G3BP1	2	1	0.0	false	0.0
HepG2	XPO5_1-SFPQ_2-interaction-shap	interaction	SFPQ-XPO5	XPO5	1	SFPQ	2	8	0.0	false	0.0
HepG2	XPO5_1-SRSF7_2-interaction-shap	interaction	SRSF7-XPO5	XPO5	1	SRSF7	2	26	0.0	false	0.0
HepG2	XPO5_1-SUPV3L1_2-interaction-shap	interaction	SUPV3L1-XPO5	XPO5	1	SUPV3L1	2	10	0.0	false	0.0
HepG2	XPO5_1-TRA2A_2-interaction-shap	interaction	TRA2A-XPO5	XPO5	1	TRA2A	2	3	0.0	false	0.0
HepG2	XRCC6_1-HNRNPK_2-interaction-shap	interaction	HNRNPK-XRCC6	XRCC6	1	HNRNPK	2	5	0.0	false	0.0
HepG2	XRCC6_1-TIAL1_2-interaction-shap	interaction	TIAL1-XRCC6	XRCC6	1	TIAL1	2	12	0.0	false	0.0
HepG2	XRCC6_1-U2AF1_2-interaction-shap	interaction	U2AF1-XRCC6	XRCC6	1	U2AF1	2	10	0.0	false	0.0
HepG2	XRCC6_1-U2AF2_2-interaction-shap	interaction	U2AF2-XRCC6	XRCC6	1	U2AF2	2	12	0.0	false	0.0
HepG2	XRN2_1-DKC1_2-interaction-shap	interaction	DKC1-XRN2	XRN2	1	DKC1	2	6	0.0	false	0.0
HepG2	XRN2_1-STAU2_2-interaction-shap	interaction	STAU2-XRN2	XRN2	1	STAU2	2	1	0.0	false	0.0
HepG2	XRN2_1-TIA1_2-interaction-shap	interaction	TIA1-XRN2	XRN2	1	TIA1	2	4	0.0	false	0.0
HepG2	XRN2_1-TIAL1_2-interaction-shap	interaction	TIAL1-XRN2	XRN2	1	TIAL1	2	28	0.0	false	0.0
HepG2	ZC3H11A_1-IGF2BP3_2-interaction-shap	interaction	IGF2BP3-ZC3H11A	ZC3H11A	1	IGF2BP3	2	1	0.0	false	0.0
HepG2	ZC3H11A_1-XPO5_2-interaction-shap	interaction	XPO5-ZC3H11A	ZC3H11A	1	XPO5	2	11	0.0	false	0.0
HepG2	AKAP1_1-RBM5_3-interaction-shap	interaction	AKAP1-RBM5	AKAP1	1	RBM5	3	6	0.0	false	0.0
HepG2	AKAP1_1-TRA2A_3-interaction-shap	interaction	AKAP1-TRA2A	AKAP1	1	TRA2A	3	2	0.0	false	0.0
HepG2	BUD13_1-HNRNPU_3-interaction-shap	interaction	BUD13-HNRNPU	BUD13	1	HNRNPU	3	1	0.0	false	0.0
HepG2	BUD13_1-NSUN2_3-interaction-shap	interaction	BUD13-NSUN2	BUD13	1	NSUN2	3	4	0.0	false	0.0
HepG2	BUD13_1-STAU2_3-interaction-shap	interaction	BUD13-STAU2	BUD13	1	STAU2	3	7	0.0	false	0.0
HepG2	CSTF2T_1-DKC1_3-interaction-shap	interaction	CSTF2T-DKC1	CSTF2T	1	DKC1	3	2	0.0	false	0.0
HepG2	DDX3X_1-LARP7_3-interaction-shap	interaction	DDX3X-LARP7	DDX3X	1	LARP7	3	9	0.0	false	0.0
HepG2	DDX3X_1-SUGP2_3-interaction-shap	interaction	DDX3X-SUGP2	DDX3X	1	SUGP2	3	11	0.0	false	0.0
HepG2	DDX3X_1-XRCC6_3-interaction-shap	interaction	DDX3X-XRCC6	DDX3X	1	XRCC6	3	1	0.0	false	0.0
HepG2	DDX52_1-SF3B4_3-interaction-shap	interaction	DDX52-SF3B4	DDX52	1	SF3B4	3	9	0.0	false	0.0
HepG2	DDX52_1-TRA2A_3-interaction-shap	interaction	DDX52-TRA2A	DDX52	1	TRA2A	3	3	0.0	false	0.0
HepG2	DDX6_1-SMNDC1_3-interaction-shap	interaction	DDX6-SMNDC1	DDX6	1	SMNDC1	3	5	0.0	false	0.0
HepG2	DDX6_1-XPO5_3-interaction-shap	interaction	DDX6-XPO5	DDX6	1	XPO5	3	1	0.0	false	0.0
HepG2	DKC1_1-PCBP2_3-interaction-shap	interaction	DKC1-PCBP2	DKC1	1	PCBP2	3	4	0.0	false	0.0
HepG2	DKC1_1-QKI_3-interaction-shap	interaction	DKC1-QKI	DKC1	1	QKI	3	1	0.0	false	0.0
HepG2	EIF3D_1-IGF2BP3_3-interaction-shap	interaction	EIF3D-IGF2BP3	EIF3D	1	IGF2BP3	3	4	0.0	false	0.0
HepG2	EIF3D_1-LARP7_3-interaction-shap	interaction	EIF3D-LARP7	EIF3D	1	LARP7	3	4	0.0	false	0.0
HepG2	EIF3H_1-ILF3_3-interaction-shap	interaction	EIF3H-ILF3	EIF3H	1	ILF3	3	1	0.0	false	0.0
HepG2	EIF3H_1-LARP7_3-interaction-shap	interaction	EIF3H-LARP7	EIF3H	1	LARP7	3	4	0.0	false	0.0
HepG2	EIF3H_1-PCBP1_3-interaction-shap	interaction	EIF3H-PCBP1	EIF3H	1	PCBP1	3	2	0.0	false	0.0
HepG2	EIF3H_1-SRSF7_3-interaction-shap	interaction	EIF3H-SRSF7	EIF3H	1	SRSF7	3	2	0.0	false	0.0
HepG2	EIF3H_1-SUGP2_3-interaction-shap	interaction	EIF3H-SUGP2	EIF3H	1	SUGP2	3	1	0.0	false	0.0
HepG2	EXOSC5_1-G3BP1_3-interaction-shap	interaction	EXOSC5-G3BP1	EXOSC5	1	G3BP1	3	1	0.0	false	0.0
HepG2	EXOSC5_1-ILF3_3-interaction-shap	interaction	EXOSC5-ILF3	EXOSC5	1	ILF3	3	1	0.0	false	0.0
HepG2	EXOSC5_1-TRA2A_3-interaction-shap	interaction	EXOSC5-TRA2A	EXOSC5	1	TRA2A	3	1	0.0	false	0.0
HepG2	EXOSC5_1-U2AF1_3-interaction-shap	interaction	EXOSC5-U2AF1	EXOSC5	1	U2AF1	3	1	0.0	false	0.0
HepG2	EXOSC5_1-ZC3H11A_3-interaction-shap	interaction	EXOSC5-ZC3H11A	EXOSC5	1	ZC3H11A	3	3	0.0	false	0.0
HepG2	FASTKD2_1-QKI_3-interaction-shap	interaction	FASTKD2-QKI	FASTKD2	1	QKI	3	7	0.0	false	0.0
HepG2	FUBP3_1-RPS3_3-interaction-shap	interaction	FUBP3-RPS3	FUBP3	1	RPS3	3	12	0.0	false	0.0
HepG2	FUBP3_1-SF3A3_3-interaction-shap	interaction	FUBP3-SF3A3	FUBP3	1	SF3A3	3	10	0.0	false	0.0
HepG2	G3BP1_1-STAU2_3-interaction-shap	interaction	G3BP1-STAU2	G3BP1	1	STAU2	3	4	0.0	false	0.0
HepG2	G3BP1_1-ZC3H11A_3-interaction-shap	interaction	G3BP1-ZC3H11A	G3BP1	1	ZC3H11A	3	10	0.0	false	0.0
HepG2	HNRNPK_1-FXR2_3-interaction-shap	interaction	FXR2-HNRNPK	HNRNPK	1	FXR2	3	4	0.0	false	0.0
HepG2	HNRNPK_1-NIP7_3-interaction-shap	interaction	HNRNPK-NIP7	HNRNPK	1	NIP7	3	4	0.0	false	0.0
HepG2	HNRNPK_1-SRSF7_3-interaction-shap	interaction	HNRNPK-SRSF7	HNRNPK	1	SRSF7	3	1	0.0	true	0.0
HepG2	IGF2BP1_1-AKAP1_3-interaction-shap	interaction	AKAP1-IGF2BP1	IGF2BP1	1	AKAP1	3	9	0.0	false	0.0
HepG2	IGF2BP1_1-XPO5_3-interaction-shap	interaction	IGF2BP1-XPO5	IGF2BP1	1	XPO5	3	1	0.0	false	0.0
HepG2	ILF3_1-EIF3D_3-interaction-shap	interaction	EIF3D-ILF3	ILF3	1	EIF3D	3	3	0.0	false	0.0
HepG2	ILF3_1-IGF2BP3_3-interaction-shap	interaction	IGF2BP3-ILF3	ILF3	1	IGF2BP3	3	6	0.0	false	0.0
HepG2	ILF3_1-SMNDC1_3-interaction-shap	interaction	ILF3-SMNDC1	ILF3	1	SMNDC1	3	2	0.0	false	0.0
HepG2	ILF3_1-U2AF1_3-interaction-shap	interaction	ILF3-U2AF1	ILF3	1	U2AF1	3	4	0.0	false	0.0
HepG2	LARP4_1-FKBP4_3-interaction-shap	interaction	FKBP4-LARP4	LARP4	1	FKBP4	3	2	0.0	false	0.0
HepG2	LARP4_1-NSUN2_3-interaction-shap	interaction	LARP4-NSUN2	LARP4	1	NSUN2	3	2	0.0	false	0.0
HepG2	LARP4_1-SUPV3L1_3-interaction-shap	interaction	LARP4-SUPV3L1	LARP4	1	SUPV3L1	3	4	0.0	false	0.0
HepG2	LARP4_1-TRA2A_3-interaction-shap	interaction	LARP4-TRA2A	LARP4	1	TRA2A	3	14	0.0	false	0.0
HepG2	LARP7_1-DDX52_3-interaction-shap	interaction	DDX52-LARP7	LARP7	1	DDX52	3	3	0.0	false	0.0
HepG2	LARP7_1-QKI_3-interaction-shap	interaction	LARP7-QKI	LARP7	1	QKI	3	3	0.0	false	0.0
HepG2	LIN28B_1-STAU2_3-interaction-shap	interaction	LIN28B-STAU2	LIN28B	1	STAU2	3	4	0.0	false	0.0
HepG2	NIP7_1-DDX52_3-interaction-shap	interaction	DDX52-NIP7	NIP7	1	DDX52	3	3	0.0	false	0.0
HepG2	NIP7_1-QKI_3-interaction-shap	interaction	NIP7-QKI	NIP7	1	QKI	3	3	0.0	true	0.0
HepG2	NKRF_1-G3BP1_3-interaction-shap	interaction	G3BP1-NKRF	NKRF	1	G3BP1	3	19	0.0	false	0.0
HepG2	NSUN2_1-LIN28B_3-interaction-shap	interaction	LIN28B-NSUN2	NSUN2	1	LIN28B	3	1	0.0	false	0.0
HepG2	NSUN2_1-SF3B4_3-interaction-shap	interaction	NSUN2-SF3B4	NSUN2	1	SF3B4	3	12	0.0	false	0.0
HepG2	PRPF4_1-NSUN2_3-interaction-shap	interaction	NSUN2-PRPF4	PRPF4	1	NSUN2	3	4	0.0	false	0.0
HepG2	PTBP1_1-ILF3_3-interaction-shap	interaction	ILF3-PTBP1	PTBP1	1	ILF3	3	12	0.0	false	0.0
HepG2	QKI_1-TIA1_3-interaction-shap	interaction	QKI-TIA1	QKI	1	TIA1	3	1	0.0	false	0.0
HepG2	RBFOX2_1-NIP7_3-interaction-shap	interaction	NIP7-RBFOX2	RBFOX2	1	NIP7	3	8	0.0	false	0.0
HepG2	RBFOX2_1-NSUN2_3-interaction-shap	interaction	NSUN2-RBFOX2	RBFOX2	1	NSUN2	3	2	0.0	false	0.0
HepG2	RBM15_1-SUGP2_3-interaction-shap	interaction	RBM15-SUGP2	RBM15	1	SUGP2	3	1	0.0	false	0.0
HepG2	RBM5_1-STAU2_3-interaction-shap	interaction	RBM5-STAU2	RBM5	1	STAU2	3	1	0.0	false	0.0
HepG2	RBM5_1-UTP18_3-interaction-shap	interaction	RBM5-UTP18	RBM5	1	UTP18	3	15	0.0	false	0.0
HepG2	RPS3_1-SUGP2_3-interaction-shap	interaction	RPS3-SUGP2	RPS3	1	SUGP2	3	3	0.0	false	0.0
HepG2	RPS3_1-XRCC6_3-interaction-shap	interaction	RPS3-XRCC6	RPS3	1	XRCC6	3	1	0.0	false	0.0
HepG2	SF3A3_1-NSUN2_3-interaction-shap	interaction	NSUN2-SF3A3	SF3A3	1	NSUN2	3	2	0.0	false	0.0
HepG2	SF3A3_1-TAF15_3-interaction-shap	interaction	SF3A3-TAF15	SF3A3	1	TAF15	3	3	0.0	false	0.0
HepG2	SF3B4_1-TAF15_3-interaction-shap	interaction	SF3B4-TAF15	SF3B4	1	TAF15	3	2	0.0	true	0.0
HepG2	SFPQ_1-PCBP1_3-interaction-shap	interaction	PCBP1-SFPQ	SFPQ	1	PCBP1	3	9	0.0	false	0.0
HepG2	SFPQ_1-SF3B4_3-interaction-shap	interaction	SF3B4-SFPQ	SFPQ	1	SF3B4	3	11	0.0	true	0.0
HepG2	SFPQ_1-U2AF2_3-interaction-shap	interaction	SFPQ-U2AF2	SFPQ	1	U2AF2	3	5	0.0	false	0.0
HepG2	SMNDC1_1-EXOSC5_3-interaction-shap	interaction	EXOSC5-SMNDC1	SMNDC1	1	EXOSC5	3	17	0.0	false	0.0
HepG2	SMNDC1_1-PCBP2_3-interaction-shap	interaction	PCBP2-SMNDC1	SMNDC1	1	PCBP2	3	4	0.0	false	0.0
HepG2	SMNDC1_1-ZC3H11A_3-interaction-shap	interaction	SMNDC1-ZC3H11A	SMNDC1	1	ZC3H11A	3	14	0.0	false	0.0
HepG2	SRSF1_1-FUBP3_3-interaction-shap	interaction	FUBP3-SRSF1	SRSF1	1	FUBP3	3	32	0.0	false	0.0
HepG2	SRSF1_1-STAU2_3-interaction-shap	interaction	SRSF1-STAU2	SRSF1	1	STAU2	3	4	0.0	false	0.0
HepG2	SRSF9_1-DKC1_3-interaction-shap	interaction	DKC1-SRSF9	SRSF9	1	DKC1	3	3	0.0	false	0.0
HepG2	SRSF9_1-NOLC1_3-interaction-shap	interaction	NOLC1-SRSF9	SRSF9	1	NOLC1	3	3	0.0	false	0.0
HepG2	SRSF9_1-PTBP1_3-interaction-shap	interaction	PTBP1-SRSF9	SRSF9	1	PTBP1	3	3	0.0	false	0.0
HepG2	SRSF9_1-SMNDC1_3-interaction-shap	interaction	SMNDC1-SRSF9	SRSF9	1	SMNDC1	3	2	0.0	false	0.0
HepG2	STAU2_1-U2AF1_3-interaction-shap	interaction	STAU2-U2AF1	STAU2	1	U2AF1	3	13	0.0	false	0.0
HepG2	STAU2_1-U2AF2_3-interaction-shap	interaction	STAU2-U2AF2	STAU2	1	U2AF2	3	14	0.0	false	0.0
HepG2	STAU2_1-UCHL5_3-interaction-shap	interaction	STAU2-UCHL5	STAU2	1	UCHL5	3	3	0.0	false	0.0
HepG2	SUPV3L1_1-AKAP1_3-interaction-shap	interaction	AKAP1-SUPV3L1	SUPV3L1	1	AKAP1	3	1	0.0	false	0.0
HepG2	TAF15_1-G3BP1_3-interaction-shap	interaction	G3BP1-TAF15	TAF15	1	G3BP1	3	1	0.0	false	0.0
HepG2	TAF15_1-IGF2BP3_3-interaction-shap	interaction	IGF2BP3-TAF15	TAF15	1	IGF2BP3	3	10	0.0	false	0.0
HepG2	TAF15_1-LIN28B_3-interaction-shap	interaction	LIN28B-TAF15	TAF15	1	LIN28B	3	10	0.0	false	0.0
HepG2	TAF15_1-RBM15_3-interaction-shap	interaction	RBM15-TAF15	TAF15	1	RBM15	3	1	0.0	false	0.0
HepG2	TARDBP_1-TAF15_3-interaction-shap	interaction	TAF15-TARDBP	TARDBP	1	TAF15	3	20	0.0	false	0.0
HepG2	TIA1_1-LARP7_3-interaction-shap	interaction	LARP7-TIA1	TIA1	1	LARP7	3	3	0.0	false	0.0
HepG2	TIAL1_1-PCBP1_3-interaction-shap	interaction	PCBP1-TIAL1	TIAL1	1	PCBP1	3	2	0.0	false	0.0
HepG2	TRA2A_1-HNRNPU_3-interaction-shap	interaction	HNRNPU-TRA2A	TRA2A	1	HNRNPU	3	1	0.0	false	0.0
HepG2	TRA2A_1-IGF2BP3_3-interaction-shap	interaction	IGF2BP3-TRA2A	TRA2A	1	IGF2BP3	3	7	0.0	false	0.0
HepG2	TRA2A_1-PCBP1_3-interaction-shap	interaction	PCBP1-TRA2A	TRA2A	1	PCBP1	3	7	0.0	false	0.0
HepG2	U2AF1_1-XRN2_3-interaction-shap	interaction	U2AF1-XRN2	U2AF1	1	XRN2	3	10	0.0	false	0.0
HepG2	U2AF2_1-HNRNPU_3-interaction-shap	interaction	HNRNPU-U2AF2	U2AF2	1	HNRNPU	3	1	0.0	false	0.0
HepG2	U2AF2_1-NSUN2_3-interaction-shap	interaction	NSUN2-U2AF2	U2AF2	1	NSUN2	3	1	0.0	false	0.0
HepG2	UCHL5_1-AKAP1_3-interaction-shap	interaction	AKAP1-UCHL5	UCHL5	1	AKAP1	3	10	0.0	false	0.0
HepG2	UTP18_1-EXOSC5_3-interaction-shap	interaction	EXOSC5-UTP18	UTP18	1	EXOSC5	3	8	0.0	false	0.0
HepG2	UTP18_1-LIN28B_3-interaction-shap	interaction	LIN28B-UTP18	UTP18	1	LIN28B	3	2	0.0	false	0.0
HepG2	XPO5_1-FUBP3_3-interaction-shap	interaction	FUBP3-XPO5	XPO5	1	FUBP3	3	25	0.0	false	0.0
HepG2	XPO5_1-TIA1_3-interaction-shap	interaction	TIA1-XPO5	XPO5	1	TIA1	3	25	0.0	false	0.0
HepG2	ZC3H11A_1-PTBP1_3-interaction-shap	interaction	PTBP1-ZC3H11A	ZC3H11A	1	PTBP1	3	10	0.0	false	0.0
HepG2	DDX52_1-LIN28B_4-interaction-shap	interaction	DDX52-LIN28B	DDX52	1	LIN28B	4	1	0.0	false	0.0
HepG2	DDX52_1-RBM22_4-interaction-shap	interaction	DDX52-RBM22	DDX52	1	RBM22	4	12	0.0	false	0.0
HepG2	DHX30_1-LIN28B_4-interaction-shap	interaction	DHX30-LIN28B	DHX30	1	LIN28B	4	3	0.0	false	0.0
HepG2	DHX30_1-PPIG_4-interaction-shap	interaction	DHX30-PPIG	DHX30	1	PPIG	4	3	0.0	false	0.0
HepG2	EIF3D_1-TIAL1_4-interaction-shap	interaction	EIF3D-TIAL1	EIF3D	1	TIAL1	4	1	0.0	false	0.0
HepG2	EXOSC5_1-EIF3D_4-interaction-shap	interaction	EIF3D-EXOSC5	EXOSC5	1	EIF3D	4	2	0.0	false	0.0
HepG2	EXOSC5_1-LIN28B_4-interaction-shap	interaction	EXOSC5-LIN28B	EXOSC5	1	LIN28B	4	14	0.0	false	0.0
HepG2	FAM120A_1-DKC1_4-interaction-shap	interaction	DKC1-FAM120A	FAM120A	1	DKC1	4	10	0.0	false	0.0
HepG2	FAM120A_1-QKI_4-interaction-shap	interaction	FAM120A-QKI	FAM120A	1	QKI	4	5	0.0	false	0.0
HepG2	FASTKD2_1-TIA1_4-interaction-shap	interaction	FASTKD2-TIA1	FASTKD2	1	TIA1	4	11	0.0	false	0.0
HepG2	FKBP4_1-DKC1_4-interaction-shap	interaction	DKC1-FKBP4	FKBP4	1	DKC1	4	1	0.0	false	0.0
HepG2	FKBP4_1-TIA1_4-interaction-shap	interaction	FKBP4-TIA1	FKBP4	1	TIA1	4	1	0.0	false	0.0
HepG2	FKBP4_1-TRA2A_4-interaction-shap	interaction	FKBP4-TRA2A	FKBP4	1	TRA2A	4	34	0.0	false	0.0
HepG2	FUBP3_1-SRSF9_4-interaction-shap	interaction	FUBP3-SRSF9	FUBP3	1	SRSF9	4	19	0.0	false	0.0
HepG2	FUS_1-TIA1_4-interaction-shap	interaction	FUS-TIA1	FUS	1	TIA1	4	2	0.0	false	0.0
HepG2	FUS_1-TRA2A_4-interaction-shap	interaction	FUS-TRA2A	FUS	1	TRA2A	4	34	0.0	false	0.0
HepG2	FXR2_1-SUPV3L1_4-interaction-shap	interaction	FXR2-SUPV3L1	FXR2	1	SUPV3L1	4	3	0.0	false	0.0
HepG2	G3BP1_1-FKBP4_4-interaction-shap	interaction	FKBP4-G3BP1	G3BP1	1	FKBP4	4	4	0.0	false	0.0
HepG2	G3BP1_1-FUBP3_4-interaction-shap	interaction	FUBP3-G3BP1	G3BP1	1	FUBP3	4	3	0.0	false	0.0
HepG2	GTF2F1_1-DKC1_4-interaction-shap	interaction	DKC1-GTF2F1	GTF2F1	1	DKC1	4	2	0.0	false	0.0
HepG2	HNRNPC_1-DKC1_4-interaction-shap	interaction	DKC1-HNRNPC	HNRNPC	1	DKC1	4	1	0.0	false	0.0
HepG2	HNRNPC_1-XPO5_4-interaction-shap	interaction	HNRNPC-XPO5	HNRNPC	1	XPO5	4	16	0.0	false	0.0
HepG2	ILF3_1-TIA1_4-interaction-shap	interaction	ILF3-TIA1	ILF3	1	TIA1	4	5	0.0	false	0.0
HepG2	LARP4_1-DDX6_4-interaction-shap	interaction	DDX6-LARP4	LARP4	1	DDX6	4	9	0.0	false	0.0
HepG2	LARP4_1-FUS_4-interaction-shap	interaction	FUS-LARP4	LARP4	1	FUS	4	16	0.0	false	0.0
HepG2	LARP4_1-STAU2_4-interaction-shap	interaction	LARP4-STAU2	LARP4	1	STAU2	4	17	0.0	false	0.0
HepG2	LARP7_1-SUPV3L1_4-interaction-shap	interaction	LARP7-SUPV3L1	LARP7	1	SUPV3L1	4	13	0.0	false	0.0
HepG2	LARP7_1-ZC3H11A_4-interaction-shap	interaction	LARP7-ZC3H11A	LARP7	1	ZC3H11A	4	14	0.0	false	0.0
HepG2	NIP7_1-XRN2_4-interaction-shap	interaction	NIP7-XRN2	NIP7	1	XRN2	4	13	0.0	false	0.0
HepG2	NIP7_1-ZC3H11A_4-interaction-shap	interaction	NIP7-ZC3H11A	NIP7	1	ZC3H11A	4	14	0.0	false	0.0
HepG2	NKRF_1-IGF2BP3_4-interaction-shap	interaction	IGF2BP3-NKRF	NKRF	1	IGF2BP3	4	4	0.0	false	0.0
HepG2	NKRF_1-QKI_4-interaction-shap	interaction	NKRF-QKI	NKRF	1	QKI	4	3	0.0	false	0.0
HepG2	NOLC1_1-GTF2F1_4-interaction-shap	interaction	GTF2F1-NOLC1	NOLC1	1	GTF2F1	4	1	0.0	false	0.0
HepG2	NOLC1_1-HNRNPC_4-interaction-shap	interaction	HNRNPC-NOLC1	NOLC1	1	HNRNPC	4	21	0.0	false	0.0
HepG2	NOLC1_1-ZC3H11A_4-interaction-shap	interaction	NOLC1-ZC3H11A	NOLC1	1	ZC3H11A	4	16	0.0	false	0.0
HepG2	NSUN2_1-G3BP1_4-interaction-shap	interaction	G3BP1-NSUN2	NSUN2	1	G3BP1	4	2	0.0	false	0.0
HepG2	NSUN2_1-PCBP2_4-interaction-shap	interaction	NSUN2-PCBP2	NSUN2	1	PCBP2	4	1	0.0	false	0.0
HepG2	PTBP1_1-TARDBP_4-interaction-shap	interaction	PTBP1-TARDBP	PTBP1	1	TARDBP	4	2	0.0	true	0.0
HepG2	QKI_1-SUPV3L1_4-interaction-shap	interaction	QKI-SUPV3L1	QKI	1	SUPV3L1	4	3	0.0	false	0.0
HepG2	QKI_1-TARDBP_4-interaction-shap	interaction	QKI-TARDBP	QKI	1	TARDBP	4	1	0.0	false	0.0
HepG2	RBFOX2_1-HNRNPC_4-interaction-shap	interaction	HNRNPC-RBFOX2	RBFOX2	1	HNRNPC	4	6	0.0	false	0.0
HepG2	RBM15_1-ILF3_4-interaction-shap	interaction	ILF3-RBM15	RBM15	1	ILF3	4	9	0.0	false	0.0
HepG2	RBM22_1-ZC3H11A_4-interaction-shap	interaction	RBM22-ZC3H11A	RBM22	1	ZC3H11A	4	1	0.0	false	0.0
HepG2	SFPQ_1-ILF3_4-interaction-shap	interaction	ILF3-SFPQ	SFPQ	1	ILF3	4	10	0.0	false	0.0
HepG2	SMNDC1_1-QKI_4-interaction-shap	interaction	QKI-SMNDC1	SMNDC1	1	QKI	4	8	0.0	false	0.0
HepG2	SMNDC1_1-TRA2A_4-interaction-shap	interaction	SMNDC1-TRA2A	SMNDC1	1	TRA2A	4	3	0.0	false	0.0
HepG2	SRSF7_1-FKBP4_4-interaction-shap	interaction	FKBP4-SRSF7	SRSF7	1	FKBP4	4	13	0.0	false	0.0
HepG2	SRSF9_1-FUS_4-interaction-shap	interaction	FUS-SRSF9	SRSF9	1	FUS	4	13	0.0	false	0.0
HepG2	SRSF9_1-IGF2BP1_4-interaction-shap	interaction	IGF2BP1-SRSF9	SRSF9	1	IGF2BP1	4	2	0.0	false	0.0
HepG2	SRSF9_1-SFPQ_4-interaction-shap	interaction	SFPQ-SRSF9	SRSF9	1	SFPQ	4	10	0.0	false	0.0
HepG2	SRSF9_1-UTP18_4-interaction-shap	interaction	SRSF9-UTP18	SRSF9	1	UTP18	4	3	0.0	false	0.0
HepG2	SUB1_1-SUPV3L1_4-interaction-shap	interaction	SUB1-SUPV3L1	SUB1	1	SUPV3L1	4	16	0.0	false	0.0
HepG2	SUGP2_1-TARDBP_4-interaction-shap	interaction	SUGP2-TARDBP	SUGP2	1	TARDBP	4	2	0.0	false	0.0
HepG2	TARDBP_1-HNRNPC_4-interaction-shap	interaction	HNRNPC-TARDBP	TARDBP	1	HNRNPC	4	6	0.0	false	0.0
HepG2	UCHL5_1-DDX52_4-interaction-shap	interaction	DDX52-UCHL5	UCHL5	1	DDX52	4	9	0.0	false	0.0
HepG2	UCHL5_1-DDX6_4-interaction-shap	interaction	DDX6-UCHL5	UCHL5	1	DDX6	4	8	0.0	false	0.0
HepG2	UCHL5_1-TAF15_4-interaction-shap	interaction	TAF15-UCHL5	UCHL5	1	TAF15	4	6	0.0	false	0.0
HepG2	UTP18_1-EIF3D_4-interaction-shap	interaction	EIF3D-UTP18	UTP18	1	EIF3D	4	5	0.0	false	0.0
HepG2	UTP18_1-U2AF1_4-interaction-shap	interaction	U2AF1-UTP18	UTP18	1	U2AF1	4	1	0.0	false	0.0
HepG2	XPO5_1-DKC1_4-interaction-shap	interaction	DKC1-XPO5	XPO5	1	DKC1	4	1	0.0	false	0.0
HepG2	XPO5_1-ILF3_4-interaction-shap	interaction	ILF3-XPO5	XPO5	1	ILF3	4	3	0.0	false	0.0
HepG2	XRCC6_1-EFTUD2_4-interaction-shap	interaction	EFTUD2-XRCC6	XRCC6	1	EFTUD2	4	12	0.0	false	0.0
HepG2	XRCC6_1-RBFOX2_4-interaction-shap	interaction	RBFOX2-XRCC6	XRCC6	1	RBFOX2	4	5	0.0	false	0.0
HepG2	XRCC6_1-RBM22_4-interaction-shap	interaction	RBM22-XRCC6	XRCC6	1	RBM22	4	10	0.0	false	0.0
HepG2	XRCC6_1-TIA1_4-interaction-shap	interaction	TIA1-XRCC6	XRCC6	1	TIA1	4	12	0.0	false	0.0
HepG2	XRN2_1-IGF2BP3_4-interaction-shap	interaction	IGF2BP3-XRN2	XRN2	1	IGF2BP3	4	5	0.0	false	0.0
HepG2	XRN2_1-QKI_4-interaction-shap	interaction	QKI-XRN2	XRN2	1	QKI	4	4	0.0	false	0.0
HepG2	XRN2_1-TRA2A_4-interaction-shap	interaction	TRA2A-XRN2	XRN2	1	TRA2A	4	35	0.0	false	0.0
HepG2	ZC3H11A_1-FASTKD2_4-interaction-shap	interaction	FASTKD2-ZC3H11A	ZC3H11A	1	FASTKD2	4	1	0.0	false	0.0
HepG2	ZC3H11A_1-IGF2BP1_4-interaction-shap	interaction	IGF2BP1-ZC3H11A	ZC3H11A	1	IGF2BP1	4	1	0.0	false	0.0
HepG2	ZC3H11A_1-TIA1_4-interaction-shap	interaction	TIA1-ZC3H11A	ZC3H11A	1	TIA1	4	1	0.0	false	0.0
HepG2	BUD13_1-HNRNPA1_5-interaction-shap	interaction	BUD13-HNRNPA1	BUD13	1	HNRNPA1	5	25	0.0	false	0.0
HepG2	DDX52_1-PTBP1_5-interaction-shap	interaction	DDX52-PTBP1	DDX52	1	PTBP1	5	1	0.0	false	0.0
HepG2	DDX6_1-IGF2BP1_5-interaction-shap	interaction	DDX6-IGF2BP1	DDX6	1	IGF2BP1	5	2	0.0	false	0.0
HepG2	DDX6_1-U2AF1_5-interaction-shap	interaction	DDX6-U2AF1	DDX6	1	U2AF1	5	2	0.0	false	0.0
HepG2	EIF3D_1-ZC3H11A_5-interaction-shap	interaction	EIF3D-ZC3H11A	EIF3D	1	ZC3H11A	5	4	0.0	false	0.0
HepG2	EXOSC5_1-IGF2BP1_5-interaction-shap	interaction	EXOSC5-IGF2BP1	EXOSC5	1	IGF2BP1	5	7	0.0	false	0.0
HepG2	EXOSC5_1-IGF2BP3_5-interaction-shap	interaction	EXOSC5-IGF2BP3	EXOSC5	1	IGF2BP3	5	7	0.0	false	0.0
HepG2	EXOSC5_1-PCBP1_5-interaction-shap	interaction	EXOSC5-PCBP1	EXOSC5	1	PCBP1	5	1	0.0	false	0.0
HepG2	FAM120A_1-ZC3H11A_5-interaction-shap	interaction	FAM120A-ZC3H11A	FAM120A	1	ZC3H11A	5	1	0.0	false	0.0
HepG2	FASTKD2_1-SMNDC1_5-interaction-shap	interaction	FASTKD2-SMNDC1	FASTKD2	1	SMNDC1	5	5	0.0	false	0.0
HepG2	FKBP4_1-EIF3H_5-interaction-shap	interaction	EIF3H-FKBP4	FKBP4	1	EIF3H	5	1	0.0	false	0.0
HepG2	FUBP3_1-U2AF1_5-interaction-shap	interaction	FUBP3-U2AF1	FUBP3	1	U2AF1	5	2	0.0	false	0.0
HepG2	FXR2_1-AKAP1_5-interaction-shap	interaction	AKAP1-FXR2	FXR2	1	AKAP1	5	8	0.0	false	0.0
HepG2	FXR2_1-FUBP3_5-interaction-shap	interaction	FUBP3-FXR2	FXR2	1	FUBP3	5	7	0.0	false	0.0
HepG2	FXR2_1-PCBP1_5-interaction-shap	interaction	FXR2-PCBP1	FXR2	1	PCBP1	5	2	0.0	false	0.0
HepG2	FXR2_1-SMNDC1_5-interaction-shap	interaction	FXR2-SMNDC1	FXR2	1	SMNDC1	5	2	0.0	false	0.0
HepG2	G3BP1_1-HNRNPU_5-interaction-shap	interaction	G3BP1-HNRNPU	G3BP1	1	HNRNPU	5	4	0.0	false	0.0
HepG2	HNRNPC_1-EIF3D_5-interaction-shap	interaction	EIF3D-HNRNPC	HNRNPC	1	EIF3D	5	6	0.0	false	0.0
HepG2	HNRNPU_1-EIF3D_5-interaction-shap	interaction	EIF3D-HNRNPU	HNRNPU	1	EIF3D	5	2	0.0	false	0.0
HepG2	IGF2BP3_1-SRSF7_5-interaction-shap	interaction	IGF2BP3-SRSF7	IGF2BP3	1	SRSF7	5	10	0.0	false	0.0
HepG2	NIP7_1-TARDBP_5-interaction-shap	interaction	NIP7-TARDBP	NIP7	1	TARDBP	5	2	0.0	false	0.0
HepG2	NKRF_1-NSUN2_5-interaction-shap	interaction	NKRF-NSUN2	NKRF	1	NSUN2	5	3	0.0	false	0.0
HepG2	NSUN2_1-IGF2BP1_5-interaction-shap	interaction	IGF2BP1-NSUN2	NSUN2	1	IGF2BP1	5	2	0.0	false	0.0
HepG2	NSUN2_1-NOLC1_5-interaction-shap	interaction	NOLC1-NSUN2	NSUN2	1	NOLC1	5	2	0.0	false	0.0
HepG2	PCBP1_1-HNRNPU_5-interaction-shap	interaction	HNRNPU-PCBP1	PCBP1	1	HNRNPU	5	3	0.0	false	0.0
HepG2	PPIG_1-HNRNPA1_5-interaction-shap	interaction	HNRNPA1-PPIG	PPIG	1	HNRNPA1	5	25	0.0	false	0.0
HepG2	PRPF4_1-HNRNPA1_5-interaction-shap	interaction	HNRNPA1-PRPF4	PRPF4	1	HNRNPA1	5	25	0.0	false	0.0
HepG2	RBFOX2_1-STAU2_5-interaction-shap	interaction	RBFOX2-STAU2	RBFOX2	1	STAU2	5	1	0.0	false	0.0
HepG2	RBM15_1-HNRNPA1_5-interaction-shap	interaction	HNRNPA1-RBM15	RBM15	1	HNRNPA1	5	1	0.0	false	0.0
HepG2	RBM15_1-SMNDC1_5-interaction-shap	interaction	RBM15-SMNDC1	RBM15	1	SMNDC1	5	2	0.0	false	0.0
HepG2	RBM5_1-NSUN2_5-interaction-shap	interaction	NSUN2-RBM5	RBM5	1	NSUN2	5	1	0.0	false	0.0
HepG2	SF3A3_1-HNRNPA1_5-interaction-shap	interaction	HNRNPA1-SF3A3	SF3A3	1	HNRNPA1	5	25	0.0	false	0.0
HepG2	SF3B4_1-HNRNPA1_5-interaction-shap	interaction	HNRNPA1-SF3B4	SF3B4	1	HNRNPA1	5	25	0.0	false	0.0
HepG2	SFPQ_1-SRSF7_5-interaction-shap	interaction	SFPQ-SRSF7	SFPQ	1	SRSF7	5	2	0.0	false	0.0
HepG2	SMNDC1_1-IGF2BP1_5-interaction-shap	interaction	IGF2BP1-SMNDC1	SMNDC1	1	IGF2BP1	5	7	0.0	false	0.0
HepG2	SMNDC1_1-IGF2BP3_5-interaction-shap	interaction	IGF2BP3-SMNDC1	SMNDC1	1	IGF2BP3	5	7	0.0	false	0.0
HepG2	SRSF1_1-HNRNPA1_5-interaction-shap	interaction	HNRNPA1-SRSF1	SRSF1	1	HNRNPA1	5	25	0.0	false	0.0
HepG2	SRSF7_1-SRSF9_5-interaction-shap	interaction	SRSF7-SRSF9	SRSF7	1	SRSF9	5	1	0.0	false	0.0
HepG2	SUGP2_1-CSTF2T_5-interaction-shap	interaction	CSTF2T-SUGP2	SUGP2	1	CSTF2T	5	5	0.0	false	0.0
HepG2	SUGP2_1-U2AF1_5-interaction-shap	interaction	SUGP2-U2AF1	SUGP2	1	U2AF1	5	1	0.0	false	0.0
HepG2	SUPV3L1_1-STAU2_5-interaction-shap	interaction	STAU2-SUPV3L1	SUPV3L1	1	STAU2	5	1	0.0	false	0.0
HepG2	XPO5_1-HNRNPA1_5-interaction-shap	interaction	HNRNPA1-XPO5	XPO5	1	HNRNPA1	5	25	0.0	false	0.0
HepG2	XRCC6_1-SF3B4_5-interaction-shap	interaction	SF3B4-XRCC6	XRCC6	1	SF3B4	5	12	0.0	false	0.0
HepG2	ZC3H11A_1-HNRNPK_5-interaction-shap	interaction	HNRNPK-ZC3H11A	ZC3H11A	1	HNRNPK	5	2	0.0	false	0.0
HepG2	AKAP1_1-EIF3H_6-interaction-shap	interaction	AKAP1-EIF3H	AKAP1	1	EIF3H	6	1	0.0	false	0.0
HepG2	DDX52_1-AKAP1_6-interaction-shap	interaction	AKAP1-DDX52	DDX52	1	AKAP1	6	4	0.0	false	0.0
HepG2	DDX6_1-FUBP3_6-interaction-shap	interaction	DDX6-FUBP3	DDX6	1	FUBP3	6	2	0.0	false	0.0
HepG2	DDX6_1-SUB1_6-interaction-shap	interaction	DDX6-SUB1	DDX6	1	SUB1	6	2	0.0	false	0.0
HepG2	DKC1_1-AKAP1_6-interaction-shap	interaction	AKAP1-DKC1	DKC1	1	AKAP1	6	14	0.0	false	0.0
HepG2	DKC1_1-DDX6_6-interaction-shap	interaction	DDX6-DKC1	DKC1	1	DDX6	6	14	0.0	false	0.0
HepG2	DKC1_1-HNRNPK_6-interaction-shap	interaction	DKC1-HNRNPK	DKC1	1	HNRNPK	6	4	0.0	false	0.0
HepG2	DKC1_1-ZC3H11A_6-interaction-shap	interaction	DKC1-ZC3H11A	DKC1	1	ZC3H11A	6	2	0.0	false	0.0
HepG2	EFTUD2_1-HNRNPA1_6-interaction-shap	interaction	EFTUD2-HNRNPA1	EFTUD2	1	HNRNPA1	6	1	0.0	false	0.0
HepG2	EIF3D_1-AKAP1_6-interaction-shap	interaction	AKAP1-EIF3D	EIF3D	1	AKAP1	6	12	0.0	false	0.0
HepG2	EIF3H_1-LARP4_6-interaction-shap	interaction	EIF3H-LARP4	EIF3H	1	LARP4	6	3	0.0	false	0.0
HepG2	EXOSC5_1-RBFOX2_6-interaction-shap	interaction	EXOSC5-RBFOX2	EXOSC5	1	RBFOX2	6	1	0.0	false	0.0
HepG2	FAM120A_1-FUBP3_6-interaction-shap	interaction	FAM120A-FUBP3	FAM120A	1	FUBP3	6	2	0.0	false	0.0
HepG2	FUS_1-IGF2BP3_6-interaction-shap	interaction	FUS-IGF2BP3	FUS	1	IGF2BP3	6	2	0.0	false	0.0
HepG2	FXR2_1-ZC3H11A_6-interaction-shap	interaction	FXR2-ZC3H11A	FXR2	1	ZC3H11A	6	4	0.0	false	0.0
HepG2	GTF2F1_1-FUBP3_6-interaction-shap	interaction	FUBP3-GTF2F1	GTF2F1	1	FUBP3	6	3	0.0	false	0.0
HepG2	HNRNPC_1-IGF2BP1_6-interaction-shap	interaction	HNRNPC-IGF2BP1	HNRNPC	1	IGF2BP1	6	2	0.0	false	0.0
HepG2	HNRNPC_1-IGF2BP3_6-interaction-shap	interaction	HNRNPC-IGF2BP3	HNRNPC	1	IGF2BP3	6	6	0.0	false	0.0
HepG2	HNRNPC_1-ZC3H11A_6-interaction-shap	interaction	HNRNPC-ZC3H11A	HNRNPC	1	ZC3H11A	6	3	0.0	false	0.0
HepG2	HNRNPK_1-HNRNPA1_6-interaction-shap	interaction	HNRNPA1-HNRNPK	HNRNPK	1	HNRNPA1	6	1	0.0	false	0.0
HepG2	IGF2BP1_1-FUBP3_6-interaction-shap	interaction	FUBP3-IGF2BP1	IGF2BP1	1	FUBP3	6	8	0.0	false	0.0
HepG2	IGF2BP3_1-DDX6_6-interaction-shap	interaction	DDX6-IGF2BP3	IGF2BP3	1	DDX6	6	13	0.0	false	0.0
HepG2	IGF2BP3_1-XPO5_6-interaction-shap	interaction	IGF2BP3-XPO5	IGF2BP3	1	XPO5	6	1	0.0	false	0.0
HepG2	ILF3_1-FXR2_6-interaction-shap	interaction	FXR2-ILF3	ILF3	1	FXR2	6	3	0.0	false	0.0
HepG2	ILF3_1-SUB1_6-interaction-shap	interaction	ILF3-SUB1	ILF3	1	SUB1	6	1	0.0	false	0.0
HepG2	LARP4_1-FUBP3_6-interaction-shap	interaction	FUBP3-LARP4	LARP4	1	FUBP3	6	11	0.0	true	0.0
HepG2	LARP7_1-RBM15_6-interaction-shap	interaction	LARP7-RBM15	LARP7	1	RBM15	6	14	0.0	false	0.0
HepG2	LIN28B_1-HNRNPA1_6-interaction-shap	interaction	HNRNPA1-LIN28B	LIN28B	1	HNRNPA1	6	1	0.0	false	0.0
HepG2	NIP7_1-AKAP1_6-interaction-shap	interaction	AKAP1-NIP7	NIP7	1	AKAP1	6	14	0.0	false	0.0
HepG2	NIP7_1-DDX6_6-interaction-shap	interaction	DDX6-NIP7	NIP7	1	DDX6	6	27	0.0	false	0.0
HepG2	NIP7_1-FUBP3_6-interaction-shap	interaction	FUBP3-NIP7	NIP7	1	FUBP3	6	13	0.0	false	0.0
HepG2	NKRF_1-ZC3H11A_6-interaction-shap	interaction	NKRF-ZC3H11A	NKRF	1	ZC3H11A	6	3	0.0	false	0.0
HepG2	NOLC1_1-DDX6_6-interaction-shap	interaction	DDX6-NOLC1	NOLC1	1	DDX6	6	20	0.0	false	0.0
HepG2	NOLC1_1-HNRNPA1_6-interaction-shap	interaction	HNRNPA1-NOLC1	NOLC1	1	HNRNPA1	6	2	0.0	false	0.0
HepG2	NSUN2_1-FUBP3_6-interaction-shap	interaction	FUBP3-NSUN2	NSUN2	1	FUBP3	6	2	0.0	false	0.0
HepG2	NSUN2_1-TIAL1_6-interaction-shap	interaction	NSUN2-TIAL1	NSUN2	1	TIAL1	6	1	0.0	false	0.0
HepG2	PCBP1_1-DDX6_6-interaction-shap	interaction	DDX6-PCBP1	PCBP1	1	DDX6	6	30	0.0	false	0.0
HepG2	PCBP1_1-QKI_6-interaction-shap	interaction	PCBP1-QKI	PCBP1	1	QKI	6	14	0.0	true	0.0
HepG2	PCBP1_1-SRSF7_6-interaction-shap	interaction	PCBP1-SRSF7	PCBP1	1	SRSF7	6	3	0.0	false	0.0
HepG2	PCBP1_1-ZC3H11A_6-interaction-shap	interaction	PCBP1-ZC3H11A	PCBP1	1	ZC3H11A	6	1	0.0	false	0.0
HepG2	PCBP2_1-LARP7_6-interaction-shap	interaction	LARP7-PCBP2	PCBP2	1	LARP7	6	4	0.0	false	0.0
HepG2	PCBP2_1-ZC3H11A_6-interaction-shap	interaction	PCBP2-ZC3H11A	PCBP2	1	ZC3H11A	6	2	0.0	false	0.0
HepG2	PRPF4_1-XRCC6_6-interaction-shap	interaction	PRPF4-XRCC6	PRPF4	1	XRCC6	6	1	0.0	false	0.0
HepG2	PTBP1_1-AKAP1_6-interaction-shap	interaction	AKAP1-PTBP1	PTBP1	1	AKAP1	6	14	0.0	false	0.0
HepG2	PTBP1_1-FUBP3_6-interaction-shap	interaction	FUBP3-PTBP1	PTBP1	1	FUBP3	6	5	0.0	false	0.0
HepG2	QKI_1-FUBP3_6-interaction-shap	interaction	FUBP3-QKI	QKI	1	FUBP3	6	1	0.0	false	0.0
HepG2	RBM15_1-FUBP3_6-interaction-shap	interaction	FUBP3-RBM15	RBM15	1	FUBP3	6	1	0.0	false	0.0
HepG2	RBM15_1-XRCC6_6-interaction-shap	interaction	RBM15-XRCC6	RBM15	1	XRCC6	6	1	0.0	false	0.0
HepG2	RBM15_1-ZC3H11A_6-interaction-shap	interaction	RBM15-ZC3H11A	RBM15	1	ZC3H11A	6	5	0.0	false	0.0
HepG2	RBM5_1-FUBP3_6-interaction-shap	interaction	FUBP3-RBM5	RBM5	1	FUBP3	6	2	0.0	false	0.0
HepG2	RBM5_1-HNRNPA1_6-interaction-shap	interaction	HNRNPA1-RBM5	RBM5	1	HNRNPA1	6	2	0.0	false	0.0
HepG2	RPS3_1-HNRNPA1_6-interaction-shap	interaction	HNRNPA1-RPS3	RPS3	1	HNRNPA1	6	3	0.0	false	0.0
HepG2	RPS3_1-HNRNPC_6-interaction-shap	interaction	HNRNPC-RPS3	RPS3	1	HNRNPC	6	12	0.0	false	0.0
HepG2	RPS3_1-ZC3H11A_6-interaction-shap	interaction	RPS3-ZC3H11A	RPS3	1	ZC3H11A	6	29	0.0	false	0.0
HepG2	SRSF7_1-ZC3H11A_6-interaction-shap	interaction	SRSF7-ZC3H11A	SRSF7	1	ZC3H11A	6	1	0.0	false	0.0
HepG2	STAU2_1-HNRNPK_6-interaction-shap	interaction	HNRNPK-STAU2	STAU2	1	HNRNPK	6	4	0.0	false	0.0
HepG2	SUB1_1-SMNDC1_6-interaction-shap	interaction	SMNDC1-SUB1	SUB1	1	SMNDC1	6	3	0.0	false	0.0
HepG2	TARDBP_1-AKAP1_6-interaction-shap	interaction	AKAP1-TARDBP	TARDBP	1	AKAP1	6	13	0.0	false	0.0
HepG2	TARDBP_1-ZC3H11A_6-interaction-shap	interaction	TARDBP-ZC3H11A	TARDBP	1	ZC3H11A	6	3	0.0	false	0.0
HepG2	TRA2A_1-ZC3H11A_6-interaction-shap	interaction	TRA2A-ZC3H11A	TRA2A	1	ZC3H11A	6	1	0.0	false	0.0
HepG2	U2AF1_1-AKAP1_6-interaction-shap	interaction	AKAP1-U2AF1	U2AF1	1	AKAP1	6	44	0.0	false	0.0
HepG2	U2AF1_1-ZC3H11A_6-interaction-shap	interaction	U2AF1-ZC3H11A	U2AF1	1	ZC3H11A	6	17	0.0	false	0.0
HepG2	UCHL5_1-HNRNPA1_6-interaction-shap	interaction	HNRNPA1-UCHL5	UCHL5	1	HNRNPA1	6	17	0.0	false	0.0
HepG2	UTP18_1-DKC1_6-interaction-shap	interaction	DKC1-UTP18	UTP18	1	DKC1	6	1	0.0	false	0.0
HepG2	UTP18_1-HNRNPK_6-interaction-shap	interaction	HNRNPK-UTP18	UTP18	1	HNRNPK	6	1	0.0	false	0.0
HepG2	UTP18_1-LARP7_6-interaction-shap	interaction	LARP7-UTP18	UTP18	1	LARP7	6	1	0.0	false	0.0
HepG2	UTP18_1-NIP7_6-interaction-shap	interaction	NIP7-UTP18	UTP18	1	NIP7	6	1	0.0	false	0.0
HepG2	UTP18_1-NOLC1_6-interaction-shap	interaction	NOLC1-UTP18	UTP18	1	NOLC1	6	1	0.0	false	0.0
HepG2	XPO5_1-SRSF9_6-interaction-shap	interaction	SRSF9-XPO5	XPO5	1	SRSF9	6	3	0.0	false	0.0
HepG2	XRN2_1-FUBP3_6-interaction-shap	interaction	FUBP3-XRN2	XRN2	1	FUBP3	6	2	0.0	false	0.0
HepG2	ZC3H11A_1-FUS_6-interaction-shap	interaction	FUS-ZC3H11A	ZC3H11A	1	FUS	6	1	0.0	false	0.0
HepG2	CSTF2T_2-NIP7_2-interaction-shap	interaction	CSTF2T-NIP7	CSTF2T	2	NIP7	2	1	0.0	true	0.0
HepG2	DDX52_2-RBFOX2_2-interaction-shap	interaction	DDX52-RBFOX2	DDX52	2	RBFOX2	2	40	0.0	false	0.0
HepG2	DHX30_2-RBM22_2-interaction-shap	interaction	DHX30-RBM22	DHX30	2	RBM22	2	5	0.0	false	0.0
HepG2	EIF3H_2-SUPV3L1_2-interaction-shap	interaction	EIF3H-SUPV3L1	EIF3H	2	SUPV3L1	2	1	0.0	false	0.0
HepG2	EXOSC5_2-SFPQ_2-interaction-shap	interaction	EXOSC5-SFPQ	EXOSC5	2	SFPQ	2	2	0.0	false	0.0
HepG2	EXOSC5_2-TIA1_2-interaction-shap	interaction	EXOSC5-TIA1	EXOSC5	2	TIA1	2	3	0.0	false	0.0
HepG2	FKBP4_2-IGF2BP1_2-interaction-shap	interaction	FKBP4-IGF2BP1	FKBP4	2	IGF2BP1	2	1	0.0	false	0.0
HepG2	FKBP4_2-IGF2BP3_2-interaction-shap	interaction	FKBP4-IGF2BP3	FKBP4	2	IGF2BP3	2	1	0.0	false	0.0
HepG2	FKBP4_2-TAF15_2-interaction-shap	interaction	FKBP4-TAF15	FKBP4	2	TAF15	2	6	0.0	false	0.0
HepG2	FKBP4_2-TIAL1_2-interaction-shap	interaction	FKBP4-TIAL1	FKBP4	2	TIAL1	2	6	0.0	false	0.0
HepG2	FUS_2-NIP7_2-interaction-shap	interaction	FUS-NIP7	FUS	2	NIP7	2	37	0.0	false	0.0
HepG2	FUS_2-SRSF7_2-interaction-shap	interaction	FUS-SRSF7	FUS	2	SRSF7	2	3	0.0	false	0.0
HepG2	FUS_2-STAU2_2-interaction-shap	interaction	FUS-STAU2	FUS	2	STAU2	2	3	0.0	false	0.0
HepG2	FUS_2-SUB1_2-interaction-shap	interaction	FUS-SUB1	FUS	2	SUB1	2	68	0.0	false	0.0
HepG2	FUS_2-TAF15_2-interaction-shap	interaction	FUS-TAF15	FUS	2	TAF15	2	4	0.0	false	0.0
HepG2	FUS_2-TARDBP_2-interaction-shap	interaction	FUS-TARDBP	FUS	2	TARDBP	2	18	0.0	false	0.0
HepG2	HNRNPU_2-RBM5_2-interaction-shap	interaction	HNRNPU-RBM5	HNRNPU	2	RBM5	2	2	0.0	false	0.0
HepG2	IGF2BP3_2-SUPV3L1_2-interaction-shap	interaction	IGF2BP3-SUPV3L1	IGF2BP3	2	SUPV3L1	2	4	0.0	false	0.0
HepG2	LARP4_2-SFPQ_2-interaction-shap	interaction	LARP4-SFPQ	LARP4	2	SFPQ	2	3	0.0	false	0.0
HepG2	NKRF_2-TAF15_2-interaction-shap	interaction	NKRF-TAF15	NKRF	2	TAF15	2	5	0.0	false	0.0
HepG2	NOLC1_2-XPO5_2-interaction-shap	interaction	NOLC1-XPO5	NOLC1	2	XPO5	2	3	0.0	false	0.0
HepG2	NSUN2_2-RBM22_2-interaction-shap	interaction	NSUN2-RBM22	NSUN2	2	RBM22	2	2	0.0	false	0.0
HepG2	PCBP1_2-SMNDC1_2-interaction-shap	interaction	PCBP1-SMNDC1	PCBP1	2	SMNDC1	2	19	0.0	false	0.0
HepG2	SFPQ_2-STAU2_2-interaction-shap	interaction	SFPQ-STAU2	SFPQ	2	STAU2	2	2	0.0	false	0.0
HepG2	SFPQ_2-TIAL1_2-interaction-shap	interaction	SFPQ-TIAL1	SFPQ	2	TIAL1	2	22	0.0	false	0.0
HepG2	SUPV3L1_2-TRA2A_2-interaction-shap	interaction	SUPV3L1-TRA2A	SUPV3L1	2	TRA2A	2	1	0.0	false	0.0
HepG2	TAF15_2-TIA1_2-interaction-shap	interaction	TAF15-TIA1	TAF15	2	TIA1	2	3	0.0	false	0.0
HepG2	CSTF2T_2-FUBP3_3-interaction-shap	interaction	CSTF2T-FUBP3	CSTF2T	2	FUBP3	3	25	0.0	false	0.0
HepG2	CSTF2T_2-NOLC1_3-interaction-shap	interaction	CSTF2T-NOLC1	CSTF2T	2	NOLC1	3	12	0.0	false	0.0
HepG2	CSTF2T_2-NSUN2_3-interaction-shap	interaction	CSTF2T-NSUN2	CSTF2T	2	NSUN2	3	17	0.0	false	0.0
HepG2	DDX52_2-BUD13_3-interaction-shap	interaction	BUD13-DDX52	DDX52	2	BUD13	3	4	0.0	false	0.0
HepG2	DDX52_2-RBM5_3-interaction-shap	interaction	DDX52-RBM5	DDX52	2	RBM5	3	4	0.0	false	0.0
HepG2	DDX52_2-SF3A3_3-interaction-shap	interaction	DDX52-SF3A3	DDX52	2	SF3A3	3	3	0.0	false	0.0
HepG2	DHX30_2-PRPF4_3-interaction-shap	interaction	DHX30-PRPF4	DHX30	2	PRPF4	3	1	0.0	false	0.0
HepG2	FAM120A_2-NSUN2_3-interaction-shap	interaction	FAM120A-NSUN2	FAM120A	2	NSUN2	3	1	0.0	false	0.0
HepG2	FAM120A_2-SMNDC1_3-interaction-shap	interaction	FAM120A-SMNDC1	FAM120A	2	SMNDC1	3	34	0.0	false	0.0
HepG2	FASTKD2_2-NSUN2_3-interaction-shap	interaction	FASTKD2-NSUN2	FASTKD2	2	NSUN2	3	4	0.0	false	0.0
HepG2	FASTKD2_2-SUGP2_3-interaction-shap	interaction	FASTKD2-SUGP2	FASTKD2	2	SUGP2	3	2	0.0	false	0.0
HepG2	GTF2F1_2-LARP7_3-interaction-shap	interaction	GTF2F1-LARP7	GTF2F1	2	LARP7	3	3	0.0	false	0.0
HepG2	GTF2F1_2-NSUN2_3-interaction-shap	interaction	GTF2F1-NSUN2	GTF2F1	2	NSUN2	3	21	0.0	false	0.0
HepG2	HNRNPK_2-SMNDC1_3-interaction-shap	interaction	HNRNPK-SMNDC1	HNRNPK	2	SMNDC1	3	1	0.0	false	0.0
HepG2	LARP7_2-U2AF1_3-interaction-shap	interaction	LARP7-U2AF1	LARP7	2	U2AF1	3	11	0.0	false	0.0
HepG2	QKI_2-FUS_3-interaction-shap	interaction	FUS-QKI	QKI	2	FUS	3	1	0.0	false	0.0
HepG2	SFPQ_2-QKI_3-interaction-shap	interaction	QKI-SFPQ	SFPQ	2	QKI	3	6	0.0	false	0.0
HepG2	SMNDC1_2-NSUN2_3-interaction-shap	interaction	NSUN2-SMNDC1	SMNDC1	2	NSUN2	3	3	0.0	false	0.0
HepG2	SRSF7_2-FUBP3_3-interaction-shap	interaction	FUBP3-SRSF7	SRSF7	2	FUBP3	3	26	0.0	false	0.0
HepG2	SRSF7_2-LIN28B_3-interaction-shap	interaction	LIN28B-SRSF7	SRSF7	2	LIN28B	3	1	0.0	false	0.0
HepG2	SRSF7_2-QKI_3-interaction-shap	interaction	QKI-SRSF7	SRSF7	2	QKI	3	9	0.0	false	0.0
HepG2	SRSF9_2-HNRNPU_3-interaction-shap	interaction	HNRNPU-SRSF9	SRSF9	2	HNRNPU	3	9	0.0	false	0.0
HepG2	SRSF9_2-SUGP2_3-interaction-shap	interaction	SRSF9-SUGP2	SRSF9	2	SUGP2	3	3	0.0	false	0.0
HepG2	STAU2_2-AKAP1_3-interaction-shap	interaction	AKAP1-STAU2	STAU2	2	AKAP1	3	5	0.0	false	0.0
HepG2	STAU2_2-IGF2BP3_3-interaction-shap	interaction	IGF2BP3-STAU2	STAU2	2	IGF2BP3	3	2	0.0	false	0.0
HepG2	STAU2_2-PTBP1_3-interaction-shap	interaction	PTBP1-STAU2	STAU2	2	PTBP1	3	1	0.0	false	0.0
HepG2	STAU2_2-RBM15_3-interaction-shap	interaction	RBM15-STAU2	STAU2	2	RBM15	3	3	0.0	false	0.0
HepG2	SUB1_2-SFPQ_3-interaction-shap	interaction	SFPQ-SUB1	SUB1	2	SFPQ	3	24	0.0	false	0.0
HepG2	SUPV3L1_2-UTP18_3-interaction-shap	interaction	SUPV3L1-UTP18	SUPV3L1	2	UTP18	3	14	0.0	false	0.0
HepG2	TAF15_2-SMNDC1_3-interaction-shap	interaction	SMNDC1-TAF15	TAF15	2	SMNDC1	3	3	0.0	false	0.0
HepG2	TAF15_2-SUB1_3-interaction-shap	interaction	SUB1-TAF15	TAF15	2	SUB1	3	1	0.0	false	0.0
HepG2	TAF15_2-U2AF1_3-interaction-shap	interaction	TAF15-U2AF1	TAF15	2	U2AF1	3	3	0.0	false	0.0
HepG2	TIA1_2-DDX6_3-interaction-shap	interaction	DDX6-TIA1	TIA1	2	DDX6	3	7	0.0	false	0.0
HepG2	TIA1_2-SFPQ_3-interaction-shap	interaction	SFPQ-TIA1	TIA1	2	SFPQ	3	19	0.0	false	0.0
HepG2	U2AF1_2-SFPQ_3-interaction-shap	interaction	SFPQ-U2AF1	U2AF1	2	SFPQ	3	6	0.0	false	0.0
HepG2	XPO5_2-TAF15_3-interaction-shap	interaction	TAF15-XPO5	XPO5	2	TAF15	3	10	0.0	false	0.0
HepG2	ZC3H11A_2-QKI_3-interaction-shap	interaction	QKI-ZC3H11A	ZC3H11A	2	QKI	3	2	0.0	false	0.0
HepG2	AKAP1_2-HNRNPC_4-interaction-shap	interaction	AKAP1-HNRNPC	AKAP1	2	HNRNPC	4	1	0.0	false	0.0
HepG2	DDX52_2-SUPV3L1_4-interaction-shap	interaction	DDX52-SUPV3L1	DDX52	2	SUPV3L1	4	19	0.0	false	0.0
HepG2	DHX30_2-CSTF2T_4-interaction-shap	interaction	CSTF2T-DHX30	DHX30	2	CSTF2T	4	1	0.0	false	0.0
HepG2	DHX30_2-EFTUD2_4-interaction-shap	interaction	DHX30-EFTUD2	DHX30	2	EFTUD2	4	1	0.0	false	0.0
HepG2	DHX30_2-FAM120A_4-interaction-shap	interaction	DHX30-FAM120A	DHX30	2	FAM120A	4	4	0.0	false	0.0
HepG2	DHX30_2-GTF2F1_4-interaction-shap	interaction	DHX30-GTF2F1	DHX30	2	GTF2F1	4	3	0.0	false	0.0
HepG2	DHX30_2-NKRF_4-interaction-shap	interaction	DHX30-NKRF	DHX30	2	NKRF	4	1	0.0	false	0.0
HepG2	DHX30_2-UCHL5_4-interaction-shap	interaction	DHX30-UCHL5	DHX30	2	UCHL5	4	1	0.0	false	0.0
HepG2	EXOSC5_2-QKI_4-interaction-shap	interaction	EXOSC5-QKI	EXOSC5	2	QKI	4	3	0.0	false	0.0
HepG2	EXOSC5_2-TAF15_4-interaction-shap	interaction	EXOSC5-TAF15	EXOSC5	2	TAF15	4	5	0.0	false	0.0
HepG2	EXOSC5_2-TIAL1_4-interaction-shap	interaction	EXOSC5-TIAL1	EXOSC5	2	TIAL1	4	6	0.0	false	0.0
HepG2	FAM120A_2-NOLC1_4-interaction-shap	interaction	FAM120A-NOLC1	FAM120A	2	NOLC1	4	2	0.0	false	0.0
HepG2	FKBP4_2-ILF3_4-interaction-shap	interaction	FKBP4-ILF3	FKBP4	2	ILF3	4	2	0.0	false	0.0
HepG2	FKBP4_2-TARDBP_4-interaction-shap	interaction	FKBP4-TARDBP	FKBP4	2	TARDBP	4	8	0.0	false	0.0
HepG2	GTF2F1_2-NIP7_4-interaction-shap	interaction	GTF2F1-NIP7	GTF2F1	2	NIP7	4	16	0.0	false	0.0
HepG2	HNRNPC_2-TAF15_4-interaction-shap	interaction	HNRNPC-TAF15	HNRNPC	2	TAF15	4	1	0.0	false	0.0
HepG2	LARP4_2-TAF15_4-interaction-shap	interaction	LARP4-TAF15	LARP4	2	TAF15	4	22	0.0	false	0.0
HepG2	NIP7_2-HNRNPC_4-interaction-shap	interaction	HNRNPC-NIP7	NIP7	2	HNRNPC	4	1	0.0	false	0.0
HepG2	RBM22_2-TAF15_4-interaction-shap	interaction	RBM22-TAF15	RBM22	2	TAF15	4	34	0.0	false	0.0
HepG2	SMNDC1_2-TARDBP_4-interaction-shap	interaction	SMNDC1-TARDBP	SMNDC1	2	TARDBP	4	3	0.0	false	0.0
HepG2	SRSF7_2-LARP7_4-interaction-shap	interaction	LARP7-SRSF7	SRSF7	2	LARP7	4	1	0.0	false	0.0
HepG2	SRSF7_2-NIP7_4-interaction-shap	interaction	NIP7-SRSF7	SRSF7	2	NIP7	4	1	0.0	false	0.0
HepG2	STAU2_2-SUB1_4-interaction-shap	interaction	STAU2-SUB1	STAU2	2	SUB1	4	5	0.0	false	0.0
HepG2	SUB1_2-FASTKD2_4-interaction-shap	interaction	FASTKD2-SUB1	SUB1	2	FASTKD2	4	22	0.0	false	0.0
HepG2	SUB1_2-FKBP4_4-interaction-shap	interaction	FKBP4-SUB1	SUB1	2	FKBP4	4	20	0.0	false	0.0
HepG2	SUPV3L1_2-EIF3D_4-interaction-shap	interaction	EIF3D-SUPV3L1	SUPV3L1	2	EIF3D	4	1	0.0	false	0.0
HepG2	SUPV3L1_2-FUS_4-interaction-shap	interaction	FUS-SUPV3L1	SUPV3L1	2	FUS	4	17	0.0	false	0.0
HepG2	XPO5_2-LARP7_4-interaction-shap	interaction	LARP7-XPO5	XPO5	2	LARP7	4	11	0.0	false	0.0
HepG2	XPO5_2-NIP7_4-interaction-shap	interaction	NIP7-XPO5	XPO5	2	NIP7	4	11	0.0	false	0.0
HepG2	XRN2_2-LARP7_4-interaction-shap	interaction	LARP7-XRN2	XRN2	2	LARP7	4	16	0.0	false	0.0
HepG2	XRN2_2-NOLC1_4-interaction-shap	interaction	NOLC1-XRN2	XRN2	2	NOLC1	4	17	0.0	false	0.0
HepG2	BUD13_2-SUGP2_5-interaction-shap	interaction	BUD13-SUGP2	BUD13	2	SUGP2	5	3	0.0	false	0.0
HepG2	BUD13_2-TAF15_5-interaction-shap	interaction	BUD13-TAF15	BUD13	2	TAF15	5	1	0.0	false	0.0
HepG2	CSTF2T_2-HNRNPA1_5-interaction-shap	interaction	CSTF2T-HNRNPA1	CSTF2T	2	HNRNPA1	5	25	0.0	false	0.0
HepG2	DHX30_2-BUD13_5-interaction-shap	interaction	BUD13-DHX30	DHX30	2	BUD13	5	1	0.0	false	0.0
HepG2	FAM120A_2-HNRNPA1_5-interaction-shap	interaction	FAM120A-HNRNPA1	FAM120A	2	HNRNPA1	5	25	0.0	false	0.0
HepG2	FKBP4_2-QKI_5-interaction-shap	interaction	FKBP4-QKI	FKBP4	2	QKI	5	1	0.0	false	0.0
HepG2	GTF2F1_2-HNRNPA1_5-interaction-shap	interaction	GTF2F1-HNRNPA1	GTF2F1	2	HNRNPA1	5	25	0.0	false	0.0
HepG2	GTF2F1_2-UTP18_5-interaction-shap	interaction	GTF2F1-UTP18	GTF2F1	2	UTP18	5	1	0.0	false	0.0
HepG2	HNRNPA1_2-IGF2BP3_5-interaction-shap	interaction	HNRNPA1-IGF2BP3	HNRNPA1	2	IGF2BP3	5	1	0.0	false	0.0
HepG2	HNRNPC_2-SMNDC1_5-interaction-shap	interaction	HNRNPC-SMNDC1	HNRNPC	2	SMNDC1	5	5	0.0	false	0.0
HepG2	LARP7_2-PCBP1_5-interaction-shap	interaction	LARP7-PCBP1	LARP7	2	PCBP1	5	2	0.0	false	0.0
HepG2	PCBP1_2-NSUN2_5-interaction-shap	interaction	NSUN2-PCBP1	PCBP1	2	NSUN2	5	3	0.0	false	0.0
HepG2	PCBP2_2-HNRNPA1_5-interaction-shap	interaction	HNRNPA1-PCBP2	PCBP2	2	HNRNPA1	5	25	0.0	false	0.0
HepG2	RBFOX2_2-HNRNPA1_5-interaction-shap	interaction	HNRNPA1-RBFOX2	RBFOX2	2	HNRNPA1	5	25	0.0	false	0.0
HepG2	RBM22_2-HNRNPA1_5-interaction-shap	interaction	HNRNPA1-RBM22	RBM22	2	HNRNPA1	5	25	0.0	false	0.0
HepG2	SRSF7_2-HNRNPA1_5-interaction-shap	interaction	HNRNPA1-SRSF7	SRSF7	2	HNRNPA1	5	26	0.0	false	0.0
HepG2	SUGP2_2-G3BP1_5-interaction-shap	interaction	G3BP1-SUGP2	SUGP2	2	G3BP1	5	2	0.0	false	0.0
HepG2	SUGP2_2-TRA2A_5-interaction-shap	interaction	SUGP2-TRA2A	SUGP2	2	TRA2A	5	3	0.0	false	0.0
HepG2	TIA1_2-UTP18_5-interaction-shap	interaction	TIA1-UTP18	TIA1	2	UTP18	5	1	0.0	false	0.0
HepG2	TIAL1_2-HNRNPU_5-interaction-shap	interaction	HNRNPU-TIAL1	TIAL1	2	HNRNPU	5	1	0.0	false	0.0
HepG2	TIAL1_2-UTP18_5-interaction-shap	interaction	TIAL1-UTP18	TIAL1	2	UTP18	5	1	0.0	false	0.0
HepG2	TRA2A_2-FUBP3_5-interaction-shap	interaction	FUBP3-TRA2A	TRA2A	2	FUBP3	5	2	0.0	false	0.0
HepG2	XRCC6_2-SRSF1_5-interaction-shap	interaction	SRSF1-XRCC6	XRCC6	2	SRSF1	5	2	0.0	false	0.0
HepG2	XRN2_2-HNRNPA1_5-interaction-shap	interaction	HNRNPA1-XRN2	XRN2	2	HNRNPA1	5	25	0.0	false	0.0
HepG2	DDX3X_2-HNRNPA1_6-interaction-shap	interaction	DDX3X-HNRNPA1	DDX3X	2	HNRNPA1	6	1	0.0	false	0.0
HepG2	DDX52_2-NKRF_6-interaction-shap	interaction	DDX52-NKRF	DDX52	2	NKRF	6	3	0.0	false	0.0
HepG2	DDX52_2-SMNDC1_6-interaction-shap	interaction	DDX52-SMNDC1	DDX52	2	SMNDC1	6	3	0.0	false	0.0
HepG2	DKC1_2-FUBP3_6-interaction-shap	interaction	DKC1-FUBP3	DKC1	2	FUBP3	6	9	0.0	false	0.0
HepG2	EIF3D_2-FUBP3_6-interaction-shap	interaction	EIF3D-FUBP3	EIF3D	2	FUBP3	6	2	0.0	false	0.0
HepG2	EIF3H_2-HNRNPC_6-interaction-shap	interaction	EIF3H-HNRNPC	EIF3H	2	HNRNPC	6	2	0.0	false	0.0
HepG2	FASTKD2_2-FUBP3_6-interaction-shap	interaction	FASTKD2-FUBP3	FASTKD2	2	FUBP3	6	3	0.0	false	0.0
HepG2	FUS_2-HNRNPA1_6-interaction-shap	interaction	FUS-HNRNPA1	FUS	2	HNRNPA1	6	1	0.0	false	0.0
HepG2	HNRNPK_2-HNRNPC_6-interaction-shap	interaction	HNRNPC-HNRNPK	HNRNPK	2	HNRNPC	6	2	0.0	false	0.0
HepG2	IGF2BP3_2-FUBP3_6-interaction-shap	interaction	FUBP3-IGF2BP3	IGF2BP3	2	FUBP3	6	1	0.0	false	0.0
HepG2	ILF3_2-DDX6_6-interaction-shap	interaction	DDX6-ILF3	ILF3	2	DDX6	6	13	0.0	false	0.0
HepG2	ILF3_2-QKI_6-interaction-shap	interaction	ILF3-QKI	ILF3	2	QKI	6	15	0.0	false	0.0
HepG2	ILF3_2-TIAL1_6-interaction-shap	interaction	ILF3-TIAL1	ILF3	2	TIAL1	6	15	0.0	false	0.0
HepG2	LARP7_2-AKAP1_6-interaction-shap	interaction	AKAP1-LARP7	LARP7	2	AKAP1	6	1	0.0	false	0.0
HepG2	LARP7_2-HNRNPC_6-interaction-shap	interaction	HNRNPC-LARP7	LARP7	2	HNRNPC	6	2	0.0	false	0.0
HepG2	LARP7_2-NKRF_6-interaction-shap	interaction	LARP7-NKRF	LARP7	2	NKRF	6	3	0.0	false	0.0
HepG2	NIP7_2-HNRNPA1_6-interaction-shap	interaction	HNRNPA1-NIP7	NIP7	2	HNRNPA1	6	1	0.0	false	0.0
HepG2	NIP7_2-NKRF_6-interaction-shap	interaction	NIP7-NKRF	NIP7	2	NKRF	6	3	0.0	false	0.0
HepG2	NOLC1_2-NKRF_6-interaction-shap	interaction	NKRF-NOLC1	NOLC1	2	NKRF	6	3	0.0	false	0.0
HepG2	PTBP1_2-DDX6_6-interaction-shap	interaction	DDX6-PTBP1	PTBP1	2	DDX6	6	17	0.0	false	0.0
HepG2	QKI_2-AKAP1_6-interaction-shap	interaction	AKAP1-QKI	QKI	2	AKAP1	6	1	0.0	false	0.0
HepG2	SFPQ_2-FXR2_6-interaction-shap	interaction	FXR2-SFPQ	SFPQ	2	FXR2	6	7	0.0	false	0.0
HepG2	SRSF9_2-AKAP1_6-interaction-shap	interaction	AKAP1-SRSF9	SRSF9	2	AKAP1	6	1	0.0	false	0.0
HepG2	SRSF9_2-IGF2BP3_6-interaction-shap	interaction	IGF2BP3-SRSF9	SRSF9	2	IGF2BP3	6	1	0.0	false	0.0
HepG2	SUGP2_2-FXR2_6-interaction-shap	interaction	FXR2-SUGP2	SUGP2	2	FXR2	6	1	0.0	false	0.0
HepG2	SUPV3L1_2-FUBP3_6-interaction-shap	interaction	FUBP3-SUPV3L1	SUPV3L1	2	FUBP3	6	1	0.0	false	0.0
HepG2	TAF15_2-QKI_6-interaction-shap	interaction	QKI-TAF15	TAF15	2	QKI	6	1	0.0	false	0.0
HepG2	TAF15_2-SRSF7_6-interaction-shap	interaction	SRSF7-TAF15	TAF15	2	SRSF7	6	1	0.0	false	0.0
HepG2	TARDBP_2-DDX6_6-interaction-shap	interaction	DDX6-TARDBP	TARDBP	2	DDX6	6	1	0.0	false	0.0
HepG2	TARDBP_2-LARP7_6-interaction-shap	interaction	LARP7-TARDBP	TARDBP	2	LARP7	6	4	0.0	false	0.0
HepG2	U2AF1_2-HNRNPA1_6-interaction-shap	interaction	HNRNPA1-U2AF1	U2AF1	2	HNRNPA1	6	17	0.0	false	0.0
HepG2	AKAP1_3-DDX6_3-interaction-shap	interaction	AKAP1-DDX6	AKAP1	3	DDX6	3	7	0.0	false	0.0
HepG2	DDX52_3-DDX6_3-interaction-shap	interaction	DDX52-DDX6	DDX52	3	DDX6	3	7	0.0	false	0.0
HepG2	DDX52_3-PRPF4_3-interaction-shap	interaction	DDX52-PRPF4	DDX52	3	PRPF4	3	7	0.0	false	0.0
HepG2	DDX52_3-ZC3H11A_3-interaction-shap	interaction	DDX52-ZC3H11A	DDX52	3	ZC3H11A	3	8	0.0	false	0.0
HepG2	DDX6_3-EIF3D_3-interaction-shap	interaction	DDX6-EIF3D	DDX6	3	EIF3D	3	7	0.0	false	0.0
HepG2	DDX6_3-STAU2_3-interaction-shap	interaction	DDX6-STAU2	DDX6	3	STAU2	3	2	0.0	false	0.0
HepG2	DDX6_3-ZC3H11A_3-interaction-shap	interaction	DDX6-ZC3H11A	DDX6	3	ZC3H11A	3	8	0.0	false	0.0
HepG2	FKBP4_3-NSUN2_3-interaction-shap	interaction	FKBP4-NSUN2	FKBP4	3	NSUN2	3	17	0.0	false	0.0
HepG2	FUBP3_3-SMNDC1_3-interaction-shap	interaction	FUBP3-SMNDC1	FUBP3	3	SMNDC1	3	25	0.0	false	0.0
HepG2	FUS_3-HNRNPU_3-interaction-shap	interaction	FUS-HNRNPU	FUS	3	HNRNPU	3	1	0.0	false	0.0
HepG2	NSUN2_3-XRN2_3-interaction-shap	interaction	NSUN2-XRN2	NSUN2	3	XRN2	3	17	0.0	false	0.0
HepG2	RBM5_3-TAF15_3-interaction-shap	interaction	RBM5-TAF15	RBM5	3	TAF15	3	13	0.0	false	0.0
HepG2	SUGP2_3-UCHL5_3-interaction-shap	interaction	SUGP2-UCHL5	SUGP2	3	UCHL5	3	4	0.0	false	0.0
HepG2	BUD13_3-XRCC6_4-interaction-shap	interaction	BUD13-XRCC6	BUD13	3	XRCC6	4	2	0.0	false	0.0
HepG2	NKRF_3-STAU2_4-interaction-shap	interaction	NKRF-STAU2	NKRF	3	STAU2	4	16	0.0	true	0.0
HepG2	NSUN2_3-STAU2_4-interaction-shap	interaction	NSUN2-STAU2	NSUN2	3	STAU2	4	16	0.0	false	0.0
HepG2	TAF15_3-SRSF9_4-interaction-shap	interaction	SRSF9-TAF15	TAF15	3	SRSF9	4	2	0.0	true	0.0
HepG2	FUBP3_3-HNRNPA1_5-interaction-shap	interaction	FUBP3-HNRNPA1	FUBP3	3	HNRNPA1	5	25	0.0	false	0.0
HepG2	SMNDC1_3-HNRNPA1_5-interaction-shap	interaction	HNRNPA1-SMNDC1	SMNDC1	3	HNRNPA1	5	25	0.0	false	0.0
HepG2	TIA1_3-HNRNPA1_5-interaction-shap	interaction	HNRNPA1-TIA1	TIA1	3	HNRNPA1	5	25	0.0	false	0.0
HepG2	U2AF2_3-HNRNPA1_5-interaction-shap	interaction	HNRNPA1-U2AF2	U2AF2	3	HNRNPA1	5	25	0.0	false	0.0
HepG2	G3BP1_3-HNRNPA1_6-interaction-shap	interaction	G3BP1-HNRNPA1	G3BP1	3	HNRNPA1	6	4	0.0	false	0.0
HepG2	ILF3_3-DKC1_6-interaction-shap	interaction	DKC1-ILF3	ILF3	3	DKC1	6	1	0.0	false	0.0
HepG2	ILF3_3-LARP7_6-interaction-shap	interaction	ILF3-LARP7	ILF3	3	LARP7	6	1	0.0	false	0.0
HepG2	ILF3_3-NIP7_6-interaction-shap	interaction	ILF3-NIP7	ILF3	3	NIP7	6	1	0.0	false	0.0
HepG2	LARP7_3-FUS_6-interaction-shap	interaction	FUS-LARP7	LARP7	3	FUS	6	5	0.0	false	0.0
HepG2	SF3A3_3-XRCC6_6-interaction-shap	interaction	SF3A3-XRCC6	SF3A3	3	XRCC6	6	1	0.0	false	0.0
HepG2	SFPQ_3-LIN28B_6-interaction-shap	interaction	LIN28B-SFPQ	SFPQ	3	LIN28B	6	19	0.0	false	0.0
HepG2	SUGP2_3-AKAP1_6-interaction-shap	interaction	AKAP1-SUGP2	SUGP2	3	AKAP1	6	5	0.0	false	0.0
HepG2	TAF15_3-AKAP1_6-interaction-shap	interaction	AKAP1-TAF15	TAF15	3	AKAP1	6	13	0.0	false	0.0
HepG2	TAF15_3-IGF2BP1_6-interaction-shap	interaction	IGF2BP1-TAF15	TAF15	3	IGF2BP1	6	14	0.0	false	0.0
HepG2	TAF15_3-PCBP1_6-interaction-shap	interaction	PCBP1-TAF15	TAF15	3	PCBP1	6	13	0.0	false	0.0
HepG2	DDX6_4-HNRNPK_4-interaction-shap	interaction	DDX6-HNRNPK	DDX6	4	HNRNPK	4	8	0.0	false	0.0
HepG2	EXOSC5_4-NIP7_4-interaction-shap	interaction	EXOSC5-NIP7	EXOSC5	4	NIP7	4	5	0.0	false	0.0
HepG2	FUS_4-PTBP1_4-interaction-shap	interaction	FUS-PTBP1	FUS	4	PTBP1	4	3	0.0	false	0.0
HepG2	LARP7_4-SRSF9_4-interaction-shap	interaction	LARP7-SRSF9	LARP7	4	SRSF9	4	8	0.0	false	0.0
HepG2	SFPQ_4-SMNDC1_4-interaction-shap	interaction	SFPQ-SMNDC1	SFPQ	4	SMNDC1	4	28	0.0	false	0.0
HepG2	FKBP4_4-HNRNPU_5-interaction-shap	interaction	FKBP4-HNRNPU	FKBP4	4	HNRNPU	5	5	0.0	false	0.0
HepG2	EIF3H_4-FUBP3_6-interaction-shap	interaction	EIF3H-FUBP3	EIF3H	4	FUBP3	6	2	0.0	false	0.0
HepG2	HNRNPC_4-FUBP3_6-interaction-shap	interaction	FUBP3-HNRNPC	HNRNPC	4	FUBP3	6	2	0.0	false	0.0
HepG2	LARP4_4-DHX30_6-interaction-shap	interaction	DHX30-LARP4	LARP4	4	DHX30	6	1	0.0	false	0.0
HepG2	LARP4_4-EXOSC5_6-interaction-shap	interaction	EXOSC5-LARP4	LARP4	4	EXOSC5	6	10	0.0	false	0.0
HepG2	NIP7_4-STAU2_6-interaction-shap	interaction	NIP7-STAU2	NIP7	4	STAU2	6	8	0.0	false	0.0
HepG2	PTBP1_4-EXOSC5_6-interaction-shap	interaction	EXOSC5-PTBP1	PTBP1	4	EXOSC5	6	10	0.0	false	0.0
HepG2	STAU2_4-PCBP1_6-interaction-shap	interaction	PCBP1-STAU2	STAU2	4	PCBP1	6	1	0.0	false	0.0
HepG2	SUGP2_4-IGF2BP3_6-interaction-shap	interaction	IGF2BP3-SUGP2	SUGP2	4	IGF2BP3	6	7	0.0	false	0.0
HepG2	SUPV3L1_4-HNRNPC_6-interaction-shap	interaction	HNRNPC-SUPV3L1	SUPV3L1	4	HNRNPC	6	2	0.0	false	0.0
HepG2	TIAL1_4-HNRNPA1_6-interaction-shap	interaction	HNRNPA1-TIAL1	TIAL1	4	HNRNPA1	6	18	0.0	false	0.0
HepG2	AKAP1_5-ILF3_5-interaction-shap	interaction	AKAP1-ILF3	AKAP1	5	ILF3	5	1	0.0	false	0.0
HepG2	AKAP1_5-NSUN2_5-interaction-shap	interaction	AKAP1-NSUN2	AKAP1	5	NSUN2	5	2	0.0	false	0.0
HepG2	DDX52_5-NSUN2_5-interaction-shap	interaction	DDX52-NSUN2	DDX52	5	NSUN2	5	2	0.0	false	0.0
HepG2	EIF3D_5-NSUN2_5-interaction-shap	interaction	EIF3D-NSUN2	EIF3D	5	NSUN2	5	2	0.0	false	0.0
HepG2	EIF3D_5-SRSF7_5-interaction-shap	interaction	EIF3D-SRSF7	EIF3D	5	SRSF7	5	14	0.0	false	0.0
HepG2	AKAP1_5-FUBP3_6-interaction-shap	interaction	AKAP1-FUBP3	AKAP1	5	FUBP3	6	5	0.0	false	0.0
HepG2	DDX52_5-FUBP3_6-interaction-shap	interaction	DDX52-FUBP3	DDX52	5	FUBP3	6	2	0.0	false	0.0
HepG2	EXOSC5_5-AKAP1_6-interaction-shap	interaction	AKAP1-EXOSC5	EXOSC5	5	AKAP1	6	6	0.0	false	0.0
HepG2	FASTKD2_5-AKAP1_6-interaction-shap	interaction	AKAP1-FASTKD2	FASTKD2	5	AKAP1	6	5	0.0	false	0.0
HepG2	FUS_5-FUBP3_6-interaction-shap	interaction	FUBP3-FUS	FUS	5	FUBP3	6	13	0.0	false	0.0
HepG2	NSUN2_5-HNRNPK_6-interaction-shap	interaction	HNRNPK-NSUN2	NSUN2	5	HNRNPK	6	1	0.0	false	0.0
HepG2	RPS3_5-DHX30_6-interaction-shap	interaction	DHX30-RPS3	RPS3	5	DHX30	6	1	0.0	false	0.0
HepG2	AKAP1_6-DHX30_6-interaction-shap	interaction	AKAP1-DHX30	AKAP1	6	DHX30	6	1	0.0	false	0.0
HepG2	AKAP1_6-SRSF7_6-interaction-shap	interaction	AKAP1-SRSF7	AKAP1	6	SRSF7	6	1	0.0	false	0.0
