Cell Line	Column	Column Type	RBP 1	Position 1	RBP 2	Position 2	# UBPs - Signed-Local-SHAP-Mean-Bound-Only	Value - Signed-Local-SHAP-Mean-Bound-Only	PPI	Abs. SHAP Value	RBP_PAIR
K562	EIF4G2_3-IGF2BP1_3-interaction-shap	interaction	EIF4G2	3	IGF2BP1	3	44	-1.8087801933288574	false	1.8087801933288574	EIF4G2-IGF2BP1
K562	IGF2BP1_4-PUM2_4-interaction-shap	interaction	IGF2BP1	4	PUM2	4	23	-1.759062647819519	false	1.759062647819519	IGF2BP1-PUM2
K562	DDX3X_4-PUM2_4-interaction-shap	interaction	DDX3X	4	PUM2	4	4	-1.0655136108398438	false	1.0655136108398438	DDX3X-PUM2
K562	EIF4G2_3-SND1_3-interaction-shap	interaction	EIF4G2	3	SND1	3	13	-1.0426234006881714	false	1.0426234006881714	EIF4G2-SND1
K562	DDX3X_4-RBM22_4-interaction-shap	interaction	DDX3X	4	RBM22	4	75	-1.0184897184371948	false	1.0184897184371948	DDX3X-RBM22
K562	ILF3_6-PCBP1_6-interaction-shap	interaction	ILF3	6	PCBP1	6	26	1.009068489074707	false	1.009068489074707	ILF3-PCBP1
K562	ELAC2_3-FXR1_3-interaction-shap	interaction	ELAC2	3	FXR1	3	15	-0.9764702916145325	false	0.9764702916145325	ELAC2-FXR1
K562	HNRNPK_4-LIN28B_4-interaction-shap	interaction	HNRNPK	4	LIN28B	4	5	-0.9591774344444275	false	0.9591774344444275	HNRNPK-LIN28B
K562	AQR_4-HNRNPL_4-interaction-shap	interaction	AQR	4	HNRNPL	4	39	0.8753952383995056	false	0.8753952383995056	AQR-HNRNPL
K562	BUD13_1-FAM120A_1-interaction-shap	interaction	BUD13	1	FAM120A	1	26	-0.7931249141693115	false	0.7931249141693115	BUD13-FAM120A
K562	AGGF1_3-BUD13_3-interaction-shap	interaction	AGGF1	3	BUD13	3	51	-0.728065550327301	false	0.728065550327301	AGGF1-BUD13
K562	DDX3X_5-KHSRP_5-interaction-shap	interaction	DDX3X	5	KHSRP	5	73	0.7124421000480652	false	0.7124421000480652	DDX3X-KHSRP
K562	ELAC2_3-IGF2BP1_3-interaction-shap	interaction	ELAC2	3	IGF2BP1	3	62	-0.6986177563667297	false	0.6986177563667297	ELAC2-IGF2BP1
K562	GRWD1_4-PTBP1_4-interaction-shap	interaction	GRWD1	4	PTBP1	4	73	-0.6977947354316711	false	0.6977947354316711	GRWD1-PTBP1
K562	DDX3X_6-DDX55_6-interaction-shap	interaction	DDX3X	6	DDX55	6	25	0.6837271451950073	false	0.6837271451950073	DDX3X-DDX55
K562	GRWD1_4-LIN28B_4-interaction-shap	interaction	GRWD1	4	LIN28B	4	493	-0.6752705574035645	false	0.6752705574035645	GRWD1-LIN28B
K562	GPKOW_4-XRN2_4-interaction-shap	interaction	GPKOW	4	XRN2	4	29	-0.6716223955154419	false	0.6716223955154419	GPKOW-XRN2
K562	PTBP1_1-TARDBP_1-interaction-shap	interaction	PTBP1	1	TARDBP	1	6	-0.657191812992096	true	0.657191812992096	PTBP1-TARDBP
K562	HNRNPL_6-SND1_6-interaction-shap	interaction	HNRNPL	6	SND1	6	1	-0.6314080357551575	false	0.6314080357551575	HNRNPL-SND1
K562	EFTUD2_6-PCBP1_6-interaction-shap	interaction	EFTUD2	6	PCBP1	6	120	-0.6064836382865906	false	0.6064836382865906	EFTUD2-PCBP1
K562	DDX3X_6-LIN28B_6-interaction-shap	interaction	DDX3X	6	LIN28B	6	5	0.5914899706840515	false	0.5914899706840515	DDX3X-LIN28B
K562	AQR_3-GPKOW_3-interaction-shap	interaction	AQR	3	GPKOW	3	931	-0.5875576138496399	true	0.5875576138496399	AQR-GPKOW
K562	BUD13_3-FUS_3-interaction-shap	interaction	BUD13	3	FUS	3	86	-0.5770372152328491	false	0.5770372152328491	BUD13-FUS
K562	NOLC1_3-SF3B4_3-interaction-shap	interaction	NOLC1	3	SF3B4	3	66	-0.5755466222763062	false	0.5755466222763062	NOLC1-SF3B4
K562	U2AF2_3-YWHAG_3-interaction-shap	interaction	U2AF2	3	YWHAG	3	2	-0.5693759918212891	false	0.5693759918212891	U2AF2-YWHAG
K562	DDX3X_3-YBX3_3-interaction-shap	interaction	DDX3X	3	YBX3	3	820	-0.5689382553100586	false	0.5689382553100586	DDX3X-YBX3
K562	QKI_4-RBFOX2_4-interaction-shap	interaction	QKI	4	RBFOX2	4	1	-0.5661147236824036	true	0.5661147236824036	QKI-RBFOX2
K562	KHSRP_3-RBFOX2_3-interaction-shap	interaction	KHSRP	3	RBFOX2	3	78	-0.5302432775497437	false	0.5302432775497437	KHSRP-RBFOX2
K562	BUD13_3-EWSR1_3-interaction-shap	interaction	BUD13	3	EWSR1	3	241	-0.5300430655479431	false	0.5300430655479431	BUD13-EWSR1
K562	SF3B4_4-YBX3_4-interaction-shap	interaction	SF3B4	4	YBX3	4	270	-0.5223904252052307	false	0.5223904252052307	SF3B4-YBX3
K562	EIF4E_4-FXR2_4-interaction-shap	interaction	EIF4E	4	FXR2	4	12	-0.5213348865509033	false	0.5213348865509033	EIF4E-FXR2
K562	AQR_4-PRPF8_4-interaction-shap	interaction	AQR	4	PRPF8	4	10112	-0.5113404989242554	false	0.5113404989242554	AQR-PRPF8
K562	GPKOW_3-PRPF8_3-interaction-shap	interaction	GPKOW	3	PRPF8	3	141	-0.5102466344833374	true	0.5102466344833374	GPKOW-PRPF8
K562	LIN28B_4-MTPAP_4-interaction-shap	interaction	LIN28B	4	MTPAP	4	49	-0.49883267283439636	false	0.49883267283439636	LIN28B-MTPAP
K562	IGF2BP2_4-YBX3_4-interaction-shap	interaction	IGF2BP2	4	YBX3	4	375	-0.4966564178466797	false	0.4966564178466797	IGF2BP2-YBX3
K562	LIN28B_3-YBX3_3-interaction-shap	interaction	LIN28B	3	YBX3	3	733	-0.48891815543174744	false	0.48891815543174744	LIN28B-YBX3
K562	HNRNPM_4-LIN28B_4-interaction-shap	interaction	HNRNPM	4	LIN28B	4	36	-0.4868966341018677	false	0.4868966341018677	HNRNPM-LIN28B
K562	DDX3X_4-PABPC4_4-interaction-shap	interaction	DDX3X	4	PABPC4	4	197	-0.47458407282829285	false	0.47458407282829285	DDX3X-PABPC4
K562	UCHL5_3-ZC3H11A_3-interaction-shap	interaction	UCHL5	3	ZC3H11A	3	32	-0.46551749110221863	false	0.46551749110221863	UCHL5-ZC3H11A
K562	BUD13_3-SF3B4_3-interaction-shap	interaction	BUD13	3	SF3B4	3	4552	-0.4596882164478302	true	0.4596882164478302	BUD13-SF3B4
K562	DDX3X_3-METAP2_3-interaction-shap	interaction	DDX3X	3	METAP2	3	177	-0.458567351102829	false	0.458567351102829	DDX3X-METAP2
K562	AQR_3-PTBP1_3-interaction-shap	interaction	AQR	3	PTBP1	3	155	0.4498344659805298	false	0.4498344659805298	AQR-PTBP1
K562	SAFB_3-U2AF2_3-interaction-shap	interaction	SAFB	3	U2AF2	3	20	0.428535133600235	false	0.428535133600235	SAFB-U2AF2
K562	IGF2BP1_1-SRSF1_1-interaction-shap	interaction	IGF2BP1	1	SRSF1	1	29	-0.42313119769096375	false	0.42313119769096375	IGF2BP1-SRSF1
K562	KHDRBS1_3-U2AF2_3-interaction-shap	interaction	KHDRBS1	3	U2AF2	3	2	-0.42173802852630615	false	0.42173802852630615	KHDRBS1-U2AF2
K562	AATF_4-BUD13_4-interaction-shap	interaction	AATF	4	BUD13	4	16	-0.41787922382354736	false	0.41787922382354736	AATF-BUD13
K562	LIN28B_4-UCHL5_4-interaction-shap	interaction	LIN28B	4	UCHL5	4	556	-0.4163527488708496	false	0.4163527488708496	LIN28B-UCHL5
K562	AQR_3-TIA1_3-interaction-shap	interaction	AQR	3	TIA1	3	130	-0.4162759780883789	false	0.4162759780883789	AQR-TIA1
K562	FAM120A_5-UCHL5_5-interaction-shap	interaction	FAM120A	5	UCHL5	5	5	-0.4156091809272766	false	0.4156091809272766	FAM120A-UCHL5
K562	DDX24_3-SF3B4_3-interaction-shap	interaction	DDX24	3	SF3B4	3	2974	-0.4102274179458618	false	0.4102274179458618	DDX24-SF3B4
K562	U2AF2_1-XRN2_1-interaction-shap	interaction	U2AF2	1	XRN2	1	15	-0.4048798382282257	false	0.4048798382282257	U2AF2-XRN2
K562	IGF2BP1_3-IGF2BP2_3-interaction-shap	interaction	IGF2BP1	3	IGF2BP2	3	458	-0.40287160873413086	false	0.40287160873413086	IGF2BP1-IGF2BP2
K562	DDX3X_1-PUM1_1-interaction-shap	interaction	DDX3X	1	PUM1	1	57	-0.40189287066459656	false	0.40189287066459656	DDX3X-PUM1
K562	DDX42_3-UCHL5_3-interaction-shap	interaction	DDX42	3	UCHL5	3	17	-0.40133482217788696	false	0.40133482217788696	DDX42-UCHL5
K562	DDX3X_4-GPKOW_4-interaction-shap	interaction	DDX3X	4	GPKOW	4	16	-0.3920368552207947	false	0.3920368552207947	DDX3X-GPKOW
K562	GRWD1_6-HNRNPL_6-interaction-shap	interaction	GRWD1	6	HNRNPL	6	16	-0.3887554109096527	false	0.3887554109096527	GRWD1-HNRNPL
K562	LIN28B_1-NONO_1-interaction-shap	interaction	LIN28B	1	NONO	1	14	-0.387511670589447	false	0.387511670589447	LIN28B-NONO
K562	FXR2_4-SRSF9_4-interaction-shap	interaction	FXR2	4	SRSF9	4	14	0.3855798840522766	false	0.3855798840522766	FXR2-SRSF9
K562	AQR_3-RPS3_3-interaction-shap	interaction	AQR	3	RPS3	3	606	-0.3854367136955261	false	0.3854367136955261	AQR-RPS3
K562	RBM15_3-SAFB2_3-interaction-shap	interaction	RBM15	3	SAFB2	3	10	0.38324862718582153	false	0.38324862718582153	RBM15-SAFB2
K562	GTF2F1_2-TAF15_2-interaction-shap	interaction	GTF2F1	2	TAF15	2	4	0.38057902455329895	false	0.38057902455329895	GTF2F1-TAF15
K562	GRWD1_3-RBFOX2_3-interaction-shap	interaction	GRWD1	3	RBFOX2	3	44	-0.38015395402908325	false	0.38015395402908325	GRWD1-RBFOX2
K562	AQR_3-BUD13_3-interaction-shap	interaction	AQR	3	BUD13	3	3261	-0.3761211335659027	false	0.3761211335659027	AQR-BUD13
K562	IGF2BP1_4-SND1_4-interaction-shap	interaction	IGF2BP1	4	SND1	4	300	-0.37107929587364197	false	0.37107929587364197	IGF2BP1-SND1
K562	AQR_4-IGF2BP1_4-interaction-shap	interaction	AQR	4	IGF2BP1	4	677	-0.37073928117752075	false	0.37073928117752075	AQR-IGF2BP1
K562	NPM1_1-TARDBP_1-interaction-shap	interaction	NPM1	1	TARDBP	1	17	-0.368450790643692	false	0.368450790643692	NPM1-TARDBP
K562	BUD13_4-UCHL5_4-interaction-shap	interaction	BUD13	4	UCHL5	4	966	-0.3652926981449127	false	0.3652926981449127	BUD13-UCHL5
K562	SRSF1_2-TRA2A_2-interaction-shap	interaction	SRSF1	2	TRA2A	2	396	0.3635827302932739	false	0.3635827302932739	SRSF1-TRA2A
K562	AQR_3-SF3B4_3-interaction-shap	interaction	AQR	3	SF3B4	3	4169	-0.3585551381111145	false	0.3585551381111145	AQR-SF3B4
K562	DDX3X_3-UCHL5_3-interaction-shap	interaction	DDX3X	3	UCHL5	3	336	-0.358075350522995	false	0.358075350522995	DDX3X-UCHL5
K562	BUD13_3-DDX24_3-interaction-shap	interaction	BUD13	3	DDX24	3	2070	-0.35477596521377563	false	0.35477596521377563	BUD13-DDX24
K562	AGGF1_4-HNRNPL_4-interaction-shap	interaction	AGGF1	4	HNRNPL	4	106	0.34796980023384094	false	0.34796980023384094	AGGF1-HNRNPL
K562	FXR1_3-TARDBP_3-interaction-shap	interaction	FXR1	3	TARDBP	3	12	-0.3464459180831909	false	0.3464459180831909	FXR1-TARDBP
K562	GRWD1_3-RPS3_3-interaction-shap	interaction	GRWD1	3	RPS3	3	188	-0.3399946391582489	false	0.3399946391582489	GRWD1-RPS3
K562	DDX3X_3-EIF4G2_3-interaction-shap	interaction	DDX3X	3	EIF4G2	3	17	-0.3384799063205719	false	0.3384799063205719	DDX3X-EIF4G2
K562	DDX24_4-PRPF8_4-interaction-shap	interaction	DDX24	4	PRPF8	4	1560	-0.3340682089328766	false	0.3340682089328766	DDX24-PRPF8
K562	ELAVL1_6-LIN28B_6-interaction-shap	interaction	ELAVL1	6	LIN28B	6	76	-0.3325797915458679	false	0.3325797915458679	ELAVL1-LIN28B
K562	RBM22_4-ZNF622_4-interaction-shap	interaction	RBM22	4	ZNF622	4	477	-0.3313015401363373	false	0.3313015401363373	RBM22-ZNF622
K562	NONO_4-TAF15_4-interaction-shap	interaction	NONO	4	TAF15	4	19	0.3291293978691101	false	0.3291293978691101	NONO-TAF15
K562	RPS3_4-SRSF1_4-interaction-shap	interaction	RPS3	4	SRSF1	4	121	-0.3269788324832916	true	0.3269788324832916	RPS3-SRSF1
K562	LIN28B_4-PTBP1_4-interaction-shap	interaction	LIN28B	4	PTBP1	4	28	0.32246723771095276	false	0.32246723771095276	LIN28B-PTBP1
K562	DDX43_4-IGF2BP1_4-interaction-shap	interaction	DDX43	4	IGF2BP1	4	155	-0.3176252841949463	false	0.3176252841949463	DDX43-IGF2BP1
K562	TIA1_6-UPF1_6-interaction-shap	interaction	TIA1	6	UPF1	6	166	0.3152350187301636	false	0.3152350187301636	TIA1-UPF1
K562	LIN28B_3-RPS3_3-interaction-shap	interaction	LIN28B	3	RPS3	3	462	-0.3085085153579712	false	0.3085085153579712	LIN28B-RPS3
K562	MATR3_3-PTBP1_3-interaction-shap	interaction	MATR3	3	PTBP1	3	55	0.30466628074645996	true	0.30466628074645996	MATR3-PTBP1
K562	DDX3X_5-EIF4E_5-interaction-shap	interaction	DDX3X	5	EIF4E	5	75	0.29527390003204346	false	0.29527390003204346	DDX3X-EIF4E
K562	SMNDC1_4-UCHL5_4-interaction-shap	interaction	SMNDC1	4	UCHL5	4	68	-0.295101523399353	false	0.295101523399353	SMNDC1-UCHL5
K562	HNRNPL_4-ZNF622_4-interaction-shap	interaction	HNRNPL	4	ZNF622	4	20	-0.2867685854434967	false	0.2867685854434967	HNRNPL-ZNF622
K562	METAP2_2-PRPF8_2-interaction-shap	interaction	METAP2	2	PRPF8	2	455	-0.28299480676651	false	0.28299480676651	METAP2-PRPF8
K562	RPS3_3-YBX3_3-interaction-shap	interaction	RPS3	3	YBX3	3	590	-0.28297024965286255	false	0.28297024965286255	RPS3-YBX3
K562	DDX24_1-LIN28B_1-interaction-shap	interaction	DDX24	1	LIN28B	1	294	-0.2753526568412781	false	0.2753526568412781	DDX24-LIN28B
K562	SF3B4_3-TIA1_3-interaction-shap	interaction	SF3B4	3	TIA1	3	306	-0.27439576387405396	false	0.27439576387405396	SF3B4-TIA1
K562	PCBP1_3-PTBP1_3-interaction-shap	interaction	PCBP1	3	PTBP1	3	75	0.2681073844432831	true	0.2681073844432831	PCBP1-PTBP1
K562	AKAP1_6-PCBP1_6-interaction-shap	interaction	AKAP1	6	PCBP1	6	28	0.26625698804855347	false	0.26625698804855347	AKAP1-PCBP1
K562	SF3B4_5-ZC3H11A_5-interaction-shap	interaction	SF3B4	5	ZC3H11A	5	148	-0.26579880714416504	false	0.26579880714416504	SF3B4-ZC3H11A
K562	DHX30_3-SF3B4_3-interaction-shap	interaction	DHX30	3	SF3B4	3	69	-0.26490333676338196	false	0.26490333676338196	DHX30-SF3B4
K562	PRPF8_4-UCHL5_4-interaction-shap	interaction	PRPF8	4	UCHL5	4	2170	-0.26146629452705383	false	0.26146629452705383	PRPF8-UCHL5
K562	DDX3X_3-ZRANB2_3-interaction-shap	interaction	DDX3X	3	ZRANB2	3	38	-0.2595129609107971	false	0.2595129609107971	DDX3X-ZRANB2
K562	PRPF8_4-YBX3_4-interaction-shap	interaction	PRPF8	4	YBX3	4	2000	-0.2591441869735718	false	0.2591441869735718	PRPF8-YBX3
K562	PTBP1_3-SMNDC1_3-interaction-shap	interaction	PTBP1	3	SMNDC1	3	397	0.25733691453933716	false	0.25733691453933716	PTBP1-SMNDC1
K562	AATF_6-EIF4E_6-interaction-shap	interaction	AATF	6	EIF4E	6	52	0.25491780042648315	false	0.25491780042648315	AATF-EIF4E
K562	LIN28B_3-SND1_3-interaction-shap	interaction	LIN28B	3	SND1	3	241	-0.25414183735847473	false	0.25414183735847473	LIN28B-SND1
K562	EFTUD2_3-FXR1_3-interaction-shap	interaction	EFTUD2	3	FXR1	3	113	-0.24824832379817963	false	0.24824832379817963	EFTUD2-FXR1
K562	AQR_4-LIN28B_4-interaction-shap	interaction	AQR	4	LIN28B	4	1486	-0.24708348512649536	false	0.24708348512649536	AQR-LIN28B
K562	CSTF2T_3-ILF3_3-interaction-shap	interaction	CSTF2T	3	ILF3	3	39	0.2450753152370453	false	0.2450753152370453	CSTF2T-ILF3
K562	BUD13_4-EFTUD2_4-interaction-shap	interaction	BUD13	4	EFTUD2	4	2096	-0.243356391787529	true	0.243356391787529	BUD13-EFTUD2
K562	PRPF8_3-U2AF1_3-interaction-shap	interaction	PRPF8	3	U2AF1	3	93	-0.24315282702445984	false	0.24315282702445984	PRPF8-U2AF1
K562	EFTUD2_4-UCHL5_4-interaction-shap	interaction	EFTUD2	4	UCHL5	4	1090	-0.24237723648548126	false	0.24237723648548126	EFTUD2-UCHL5
K562	AQR_5-PUM2_5-interaction-shap	interaction	AQR	5	PUM2	5	69	0.2416001558303833	false	0.2416001558303833	AQR-PUM2
K562	SAFB2_3-TRA2A_3-interaction-shap	interaction	SAFB2	3	TRA2A	3	17	0.24022750556468964	false	0.24022750556468964	SAFB2-TRA2A
K562	FMR1_3-UCHL5_3-interaction-shap	interaction	FMR1	3	UCHL5	3	225	-0.23676304519176483	false	0.23676304519176483	FMR1-UCHL5
K562	PRPF8_4-ZNF622_4-interaction-shap	interaction	PRPF8	4	ZNF622	4	1967	-0.23385538160800934	false	0.23385538160800934	PRPF8-ZNF622
K562	AQR_5-U2AF2_5-interaction-shap	interaction	AQR	5	U2AF2	5	1005	0.23357975482940674	true	0.23357975482940674	AQR-U2AF2
K562	HNRNPK_4-UCHL5_4-interaction-shap	interaction	HNRNPK	4	UCHL5	4	43	-0.22660186886787415	false	0.22660186886787415	HNRNPK-UCHL5
K562	IGF2BP1_2-MATR3_2-interaction-shap	interaction	IGF2BP1	2	MATR3	2	17	0.22491571307182312	false	0.22491571307182312	IGF2BP1-MATR3
K562	EXOSC10_6-GRWD1_6-interaction-shap	interaction	EXOSC10	6	GRWD1	6	489	0.22370891273021698	false	0.22370891273021698	EXOSC10-GRWD1
K562	BUD13_2-TROVE2_2-interaction-shap	interaction	BUD13	2	TROVE2	2	5	0.22215719521045685	false	0.22215719521045685	BUD13-TROVE2
K562	RPS3_3-SND1_3-interaction-shap	interaction	RPS3	3	SND1	3	545	-0.2186104655265808	false	0.2186104655265808	RPS3-SND1
K562	EIF4E_4-FMR1_4-interaction-shap	interaction	EIF4E	4	FMR1	4	25	-0.2184472233057022	false	0.2184472233057022	EIF4E-FMR1
K562	MBNL1_6-RBM15_6-interaction-shap	interaction	MBNL1	6	RBM15	6	10	-0.21620389819145203	false	0.21620389819145203	MBNL1-RBM15
K562	IGF2BP1_6-ZNF800_6-interaction-shap	interaction	IGF2BP1	6	ZNF800	6	159	-0.21535436809062958	false	0.21535436809062958	IGF2BP1-ZNF800
K562	AKAP1_6-IGF2BP1_6-interaction-shap	interaction	AKAP1	6	IGF2BP1	6	12	-0.21165406703948975	false	0.21165406703948975	AKAP1-IGF2BP1
K562	EIF3G_1-RBM15_1-interaction-shap	interaction	EIF3G	1	RBM15	1	134	-0.2112402617931366	false	0.2112402617931366	EIF3G-RBM15
K562	ELAVL1_3-U2AF2_3-interaction-shap	interaction	ELAVL1	3	U2AF2	3	105	0.21062132716178894	false	0.21062132716178894	ELAVL1-U2AF2
K562	HNRNPK_3-RPS3_3-interaction-shap	interaction	HNRNPK	3	RPS3	3	50	-0.21035657823085785	false	0.21035657823085785	HNRNPK-RPS3
K562	FAM120A_5-RBM15_5-interaction-shap	interaction	FAM120A	5	RBM15	5	4	-0.20815177261829376	false	0.20815177261829376	FAM120A-RBM15
K562	SRSF1_3-ZNF622_3-interaction-shap	interaction	SRSF1	3	ZNF622	3	848	-0.20639938116073608	false	0.20639938116073608	SRSF1-ZNF622
K562	PUM2_2-SND1_2-interaction-shap	interaction	PUM2	2	SND1	2	35	-0.20561586320400238	false	0.20561586320400238	PUM2-SND1
K562	FXR1_3-SF3B4_3-interaction-shap	interaction	FXR1	3	SF3B4	3	384	-0.2042810618877411	false	0.2042810618877411	FXR1-SF3B4
K562	SF3B4_3-ZNF622_3-interaction-shap	interaction	SF3B4	3	ZNF622	3	1506	-0.20050901174545288	false	0.20050901174545288	SF3B4-ZNF622
K562	DDX24_4-SRSF1_4-interaction-shap	interaction	DDX24	4	SRSF1	4	495	-0.2002692073583603	false	0.2002692073583603	DDX24-SRSF1
K562	HLTF_2-PRPF8_2-interaction-shap	interaction	HLTF	2	PRPF8	2	26	-0.19769036769866943	false	0.19769036769866943	HLTF-PRPF8
K562	PUM1_4-SRSF1_4-interaction-shap	interaction	PUM1	4	SRSF1	4	426	-0.1970793902873993	false	0.1970793902873993	PUM1-SRSF1
K562	FXR1_4-UCHL5_4-interaction-shap	interaction	FXR1	4	UCHL5	4	293	-0.19663749635219574	false	0.19663749635219574	FXR1-UCHL5
K562	CSTF2T_3-SLTM_3-interaction-shap	interaction	CSTF2T	3	SLTM	3	167	0.1962440311908722	false	0.1962440311908722	CSTF2T-SLTM
K562	EFTUD2_4-TIA1_4-interaction-shap	interaction	EFTUD2	4	TIA1	4	999	-0.19576849043369293	false	0.19576849043369293	EFTUD2-TIA1
K562	NONO_4-PRPF8_4-interaction-shap	interaction	NONO	4	PRPF8	4	143	-0.19549357891082764	false	0.19549357891082764	NONO-PRPF8
K562	IGF2BP1_2-PRPF8_2-interaction-shap	interaction	IGF2BP1	2	PRPF8	2	523	-0.19536851346492767	false	0.19536851346492767	IGF2BP1-PRPF8
K562	PTBP1_3-SF3B4_3-interaction-shap	interaction	PTBP1	3	SF3B4	3	365	0.19498078525066376	false	0.19498078525066376	PTBP1-SF3B4
K562	BUD13_1-HLTF_1-interaction-shap	interaction	BUD13	1	HLTF	1	20	-0.19400642812252045	false	0.19400642812252045	BUD13-HLTF
K562	FUS_1-PRPF8_1-interaction-shap	interaction	FUS	1	PRPF8	1	40	-0.19265054166316986	false	0.19265054166316986	FUS-PRPF8
K562	SMNDC1_1-SRSF9_1-interaction-shap	interaction	SMNDC1	1	SRSF9	1	11	0.192600280046463	false	0.192600280046463	SMNDC1-SRSF9
K562	BUD13_3-ZC3H11A_3-interaction-shap	interaction	BUD13	3	ZC3H11A	3	30	-0.19133260846138	false	0.19133260846138	BUD13-ZC3H11A
K562	EIF4E_1-NOLC1_1-interaction-shap	interaction	EIF4E	1	NOLC1	1	40	-0.19108250737190247	false	0.19108250737190247	EIF4E-NOLC1
K562	FMR1_4-SRSF9_4-interaction-shap	interaction	FMR1	4	SRSF9	4	11	-0.1906520128250122	false	0.1906520128250122	FMR1-SRSF9
K562	BUD13_3-FXR1_3-interaction-shap	interaction	BUD13	3	FXR1	3	208	-0.19050468504428864	true	0.19050468504428864	BUD13-FXR1
K562	FTO_5-SF3B4_5-interaction-shap	interaction	FTO	5	SF3B4	5	47	0.18921558558940887	false	0.18921558558940887	FTO-SF3B4
K562	ADAT1_6-TIA1_6-interaction-shap	interaction	ADAT1	6	TIA1	6	63	-0.18910397589206696	false	0.18910397589206696	ADAT1-TIA1
K562	DDX43_4-IGF2BP2_4-interaction-shap	interaction	DDX43	4	IGF2BP2	4	151	-0.18844066560268402	false	0.18844066560268402	DDX43-IGF2BP2
K562	FXR2_3-PTBP1_3-interaction-shap	interaction	FXR2	3	PTBP1	3	4	0.18778562545776367	false	0.18778562545776367	FXR2-PTBP1
K562	EIF4G2_3-FUS_3-interaction-shap	interaction	EIF4G2	3	FUS	3	64	-0.18717984855175018	false	0.18717984855175018	EIF4G2-FUS
K562	PRPF8_4-SND1_4-interaction-shap	interaction	PRPF8	4	SND1	4	649	-0.18697026371955872	false	0.18697026371955872	PRPF8-SND1
K562	PCBP1_4-RPS3_4-interaction-shap	interaction	PCBP1	4	RPS3	4	94	-0.18664324283599854	false	0.18664324283599854	PCBP1-RPS3
K562	RPS3_4-TIA1_4-interaction-shap	interaction	RPS3	4	TIA1	4	134	-0.18618223071098328	false	0.18618223071098328	RPS3-TIA1
K562	FUS_4-TAF15_4-interaction-shap	interaction	FUS	4	TAF15	4	63	0.18267957866191864	true	0.18267957866191864	FUS-TAF15
K562	DDX3X_3-SF3B4_3-interaction-shap	interaction	DDX3X	3	SF3B4	3	576	-0.18251366913318634	false	0.18251366913318634	DDX3X-SF3B4
K562	PUM2_2-QKI_2-interaction-shap	interaction	PUM2	2	QKI	2	5	-0.18147127330303192	true	0.18147127330303192	PUM2-QKI
K562	AQR_2-TAF15_2-interaction-shap	interaction	AQR	2	TAF15	2	15	0.18132752180099487	false	0.18132752180099487	AQR-TAF15
K562	SRSF1_3-UCHL5_3-interaction-shap	interaction	SRSF1	3	UCHL5	3	1226	-0.18125545978546143	false	0.18125545978546143	SRSF1-UCHL5
K562	PCBP1_6-RBM15_6-interaction-shap	interaction	PCBP1	6	RBM15	6	103	0.18072320520877838	false	0.18072320520877838	PCBP1-RBM15
K562	METAP2_3-PUM2_3-interaction-shap	interaction	METAP2	3	PUM2	3	14	-0.1799299567937851	false	0.1799299567937851	METAP2-PUM2
K562	FMR1_4-ZC3H8_4-interaction-shap	interaction	FMR1	4	ZC3H8	4	10	-0.17885971069335938	false	0.17885971069335938	FMR1-ZC3H8
K562	EFTUD2_5-U2AF1_5-interaction-shap	interaction	EFTUD2	5	U2AF1	5	221	-0.17871546745300293	false	0.17871546745300293	EFTUD2-U2AF1
K562	HNRNPK_6-ILF3_6-interaction-shap	interaction	HNRNPK	6	ILF3	6	47	0.1785246580839157	false	0.1785246580839157	HNRNPK-ILF3
K562	PUM2_5-RBM15_5-interaction-shap	interaction	PUM2	5	RBM15	5	10	-0.1774066686630249	false	0.1774066686630249	PUM2-RBM15
K562	ELAVL1_1-FMR1_1-interaction-shap	interaction	ELAVL1	1	FMR1	1	6	-0.17717671394348145	false	0.17717671394348145	ELAVL1-FMR1
K562	EIF3G_1-SRSF9_1-interaction-shap	interaction	EIF3G	1	SRSF9	1	74	0.1736392229795456	false	0.1736392229795456	EIF3G-SRSF9
K562	EFTUD2_5-EWSR1_5-interaction-shap	interaction	EFTUD2	5	EWSR1	5	116	-0.1734849363565445	false	0.1734849363565445	EFTUD2-EWSR1
K562	NOLC1_5-SAFB2_5-interaction-shap	interaction	NOLC1	5	SAFB2	5	3	0.1727050393819809	false	0.1727050393819809	NOLC1-SAFB2
K562	BUD13_3-HNRNPL_3-interaction-shap	interaction	BUD13	3	HNRNPL	3	24	-0.17228762805461884	false	0.17228762805461884	BUD13-HNRNPL
K562	NONO_2-PCBP1_2-interaction-shap	interaction	NONO	2	PCBP1	2	253	0.1721087545156479	false	0.1721087545156479	NONO-PCBP1
K562	PUM1_3-PUM2_3-interaction-shap	interaction	PUM1	3	PUM2	3	34	-0.17011712491512299	true	0.17011712491512299	PUM1-PUM2
K562	BUD13_3-GPKOW_3-interaction-shap	interaction	BUD13	3	GPKOW	3	1106	-0.16894035041332245	true	0.16894035041332245	BUD13-GPKOW
K562	DDX43_4-RBM22_4-interaction-shap	interaction	DDX43	4	RBM22	4	350	-0.1685175597667694	false	0.1685175597667694	DDX43-RBM22
K562	SF3B4_3-U2AF2_3-interaction-shap	interaction	SF3B4	3	U2AF2	3	2217	-0.16803033649921417	false	0.16803033649921417	SF3B4-U2AF2
K562	FXR2_3-UCHL5_3-interaction-shap	interaction	FXR2	3	UCHL5	3	298	-0.1679764986038208	false	0.1679764986038208	FXR2-UCHL5
K562	APOBEC3C_1-EIF3G_1-interaction-shap	interaction	APOBEC3C	1	EIF3G	1	35	-0.16764026880264282	false	0.16764026880264282	APOBEC3C-EIF3G
K562	DDX3X_5-XRN2_5-interaction-shap	interaction	DDX3X	5	XRN2	5	72	0.1675419956445694	false	0.1675419956445694	DDX3X-XRN2
K562	BUD13_4-PRPF8_4-interaction-shap	interaction	BUD13	4	PRPF8	4	2962	-0.16713282465934753	true	0.16713282465934753	BUD13-PRPF8
K562	EIF4E_5-SF3B4_5-interaction-shap	interaction	EIF4E	5	SF3B4	5	101	0.16668091714382172	false	0.16668091714382172	EIF4E-SF3B4
K562	DDX3X_5-FTO_5-interaction-shap	interaction	DDX3X	5	FTO	5	111	0.16551345586776733	false	0.16551345586776733	DDX3X-FTO
K562	IGF2BP1_4-YBX3_4-interaction-shap	interaction	IGF2BP1	4	YBX3	4	409	-0.1639992594718933	false	0.1639992594718933	IGF2BP1-YBX3
K562	DDX43_2-RPS3_2-interaction-shap	interaction	DDX43	2	RPS3	2	379	-0.16381388902664185	false	0.16381388902664185	DDX43-RPS3
K562	PCBP1_3-SF3B4_3-interaction-shap	interaction	PCBP1	3	SF3B4	3	199	-0.16333958506584167	false	0.16333958506584167	PCBP1-SF3B4
K562	GRWD1_4-PUM2_4-interaction-shap	interaction	GRWD1	4	PUM2	4	58	-0.16198360919952393	false	0.16198360919952393	GRWD1-PUM2
K562	HNRNPL_4-YBX3_4-interaction-shap	interaction	HNRNPL	4	YBX3	4	40	0.16102032363414764	false	0.16102032363414764	HNRNPL-YBX3
K562	IGF2BP1_1-ZNF622_1-interaction-shap	interaction	IGF2BP1	1	ZNF622	1	61	-0.16041478514671326	false	0.16041478514671326	IGF2BP1-ZNF622
K562	ELAVL1_4-GPKOW_4-interaction-shap	interaction	ELAVL1	4	GPKOW	4	31	-0.16009947657585144	false	0.16009947657585144	ELAVL1-GPKOW
K562	DDX3X_1-PTBP1_1-interaction-shap	interaction	DDX3X	1	PTBP1	1	12	-0.16002419590950012	false	0.16002419590950012	DDX3X-PTBP1
K562	SERBP1_2-XRN2_2-interaction-shap	interaction	SERBP1	2	XRN2	2	22	-0.15954256057739258	false	0.15954256057739258	SERBP1-XRN2
K562	EIF4E_3-UCHL5_3-interaction-shap	interaction	EIF4E	3	UCHL5	3	38	-0.1585322916507721	false	0.1585322916507721	EIF4E-UCHL5
K562	HNRNPL_4-UCHL5_4-interaction-shap	interaction	HNRNPL	4	UCHL5	4	19	-0.15841025114059448	false	0.15841025114059448	HNRNPL-UCHL5
K562	GTF2F1_6-HNRNPL_6-interaction-shap	interaction	GTF2F1	6	HNRNPL	6	51	0.1584068387746811	false	0.1584068387746811	GTF2F1-HNRNPL
K562	APOBEC3C_3-DDX3X_3-interaction-shap	interaction	APOBEC3C	3	DDX3X	3	145	-0.15639500319957733	false	0.15639500319957733	APOBEC3C-DDX3X
K562	PRPF8_3-SF3B4_3-interaction-shap	interaction	PRPF8	3	SF3B4	3	1430	-0.1560925394296646	true	0.1560925394296646	PRPF8-SF3B4
K562	EFTUD2_5-NOLC1_5-interaction-shap	interaction	EFTUD2	5	NOLC1	5	35	-0.1539013534784317	false	0.1539013534784317	EFTUD2-NOLC1
K562	FAM120A_3-SF3B4_3-interaction-shap	interaction	FAM120A	3	SF3B4	3	107	0.15332601964473724	false	0.15332601964473724	FAM120A-SF3B4
K562	FXR1_4-FXR2_4-interaction-shap	interaction	FXR1	4	FXR2	4	958	-0.15101876854896545	true	0.15101876854896545	FXR1-FXR2
K562	DDX3X_5-EFTUD2_5-interaction-shap	interaction	DDX3X	5	EFTUD2	5	78	0.15100079774856567	false	0.15100079774856567	DDX3X-EFTUD2
K562	LIN28B_4-PUM2_4-interaction-shap	interaction	LIN28B	4	PUM2	4	119	-0.1508006900548935	false	0.1508006900548935	LIN28B-PUM2
K562	LIN28B_4-PRPF8_4-interaction-shap	interaction	LIN28B	4	PRPF8	4	957	-0.1500210464000702	false	0.1500210464000702	LIN28B-PRPF8
K562	BUD13_4-YBX3_4-interaction-shap	interaction	BUD13	4	YBX3	4	609	-0.1479777991771698	false	0.1479777991771698	BUD13-YBX3
K562	NONO_3-SF3B4_3-interaction-shap	interaction	NONO	3	SF3B4	3	536	0.14576976001262665	false	0.14576976001262665	NONO-SF3B4
K562	DDX24_6-RPS3_6-interaction-shap	interaction	DDX24	6	RPS3	6	197	0.14411894977092743	false	0.14411894977092743	DDX24-RPS3
K562	IGF2BP1_4-LIN28B_4-interaction-shap	interaction	IGF2BP1	4	LIN28B	4	85	-0.14398930966854095	false	0.14398930966854095	IGF2BP1-LIN28B
K562	DDX24_3-DDX3X_3-interaction-shap	interaction	DDX24	3	DDX3X	3	155	-0.14354528486728668	false	0.14354528486728668	DDX24-DDX3X
K562	BUD13_4-DROSHA_4-interaction-shap	interaction	BUD13	4	DROSHA	4	144	-0.14309291541576385	false	0.14309291541576385	BUD13-DROSHA
K562	CSTF2T_6-RBM15_6-interaction-shap	interaction	CSTF2T	6	RBM15	6	16	-0.14285458624362946	false	0.14285458624362946	CSTF2T-RBM15
K562	DGCR8_3-SLTM_3-interaction-shap	interaction	DGCR8	3	SLTM	3	47	0.14222483336925507	false	0.14222483336925507	DGCR8-SLTM
K562	DDX6_6-EIF4E_6-interaction-shap	interaction	DDX6	6	EIF4E	6	6	-0.14085090160369873	false	0.14085090160369873	DDX6-EIF4E
K562	DDX43_6-SRSF1_6-interaction-shap	interaction	DDX43	6	SRSF1	6	802	-0.14031635224819183	false	0.14031635224819183	DDX43-SRSF1
K562	DDX3X_3-ZC3H8_3-interaction-shap	interaction	DDX3X	3	ZC3H8	3	28	-0.13962490856647491	false	0.13962490856647491	DDX3X-ZC3H8
K562	IGF2BP1_2-TROVE2_2-interaction-shap	interaction	IGF2BP1	2	TROVE2	2	17	0.13948269188404083	false	0.13948269188404083	IGF2BP1-TROVE2
K562	PABPC4_4-RPS3_4-interaction-shap	interaction	PABPC4	4	RPS3	4	645	-0.13801157474517822	false	0.13801157474517822	PABPC4-RPS3
K562	PRPF8_3-U2AF2_3-interaction-shap	interaction	PRPF8	3	U2AF2	3	289	-0.13758374750614166	false	0.13758374750614166	PRPF8-U2AF2
K562	AQR_1-SRSF1_1-interaction-shap	interaction	AQR	1	SRSF1	1	216	0.13722898066043854	false	0.13722898066043854	AQR-SRSF1
K562	LIN28B_4-ZNF622_4-interaction-shap	interaction	LIN28B	4	ZNF622	4	523	-0.1368630826473236	false	0.1368630826473236	LIN28B-ZNF622
K562	ELAVL1_3-FXR1_3-interaction-shap	interaction	ELAVL1	3	FXR1	3	5	0.13635000586509705	false	0.13635000586509705	ELAVL1-FXR1
K562	LIN28B_4-METAP2_4-interaction-shap	interaction	LIN28B	4	METAP2	4	345	-0.13521860539913177	false	0.13521860539913177	LIN28B-METAP2
K562	BUD13_3-XRN2_3-interaction-shap	interaction	BUD13	3	XRN2	3	320	-0.13377635180950165	false	0.13377635180950165	BUD13-XRN2
K562	EIF4E_1-RPS3_1-interaction-shap	interaction	EIF4E	1	RPS3	1	453	0.13376431167125702	false	0.13376431167125702	EIF4E-RPS3
K562	LIN28B_3-SRSF1_3-interaction-shap	interaction	LIN28B	3	SRSF1	3	232	-0.13373492658138275	false	0.13373492658138275	LIN28B-SRSF1
K562	AQR_3-DDX3X_3-interaction-shap	interaction	AQR	3	DDX3X	3	535	-0.13322032988071442	false	0.13322032988071442	AQR-DDX3X
K562	SF3B4_3-UCHL5_3-interaction-shap	interaction	SF3B4	3	UCHL5	3	2101	-0.132595494389534	false	0.132595494389534	SF3B4-UCHL5
K562	EFTUD2_6-RBM15_6-interaction-shap	interaction	EFTUD2	6	RBM15	6	265	-0.1315521001815796	false	0.1315521001815796	EFTUD2-RBM15
K562	FAM120A_3-NONO_3-interaction-shap	interaction	FAM120A	3	NONO	3	83	0.13069766759872437	false	0.13069766759872437	FAM120A-NONO
K562	AQR_4-EWSR1_4-interaction-shap	interaction	AQR	4	EWSR1	4	493	0.13061484694480896	false	0.13061484694480896	AQR-EWSR1
K562	RPS3_4-SRSF9_4-interaction-shap	interaction	RPS3	4	SRSF9	4	21	0.13041771948337555	false	0.13041771948337555	RPS3-SRSF9
K562	MTPAP_1-QKI_1-interaction-shap	interaction	MTPAP	1	QKI	1	10	0.13027139008045197	false	0.13027139008045197	MTPAP-QKI
K562	BUD13_3-DDX3X_3-interaction-shap	interaction	BUD13	3	DDX3X	3	287	-0.129514679312706	false	0.129514679312706	BUD13-DDX3X
K562	EIF4E_1-PABPC4_1-interaction-shap	interaction	EIF4E	1	PABPC4	1	407	0.1271122843027115	true	0.1271122843027115	EIF4E-PABPC4
K562	FMR1_3-RPS6_3-interaction-shap	interaction	FMR1	3	RPS6	3	51	-0.12700174748897552	false	0.12700174748897552	FMR1-RPS6
K562	EFTUD2_2-RBM22_2-interaction-shap	interaction	EFTUD2	2	RBM22	2	1704	0.12607356905937195	false	0.12607356905937195	EFTUD2-RBM22
K562	RBFOX2_2-XRN2_2-interaction-shap	interaction	RBFOX2	2	XRN2	2	433	0.12500549852848053	false	0.12500549852848053	RBFOX2-XRN2
K562	SF3B4_3-YWHAG_3-interaction-shap	interaction	SF3B4	3	YWHAG	3	56	0.12489490956068039	false	0.12489490956068039	SF3B4-YWHAG
K562	AQR_3-IGF2BP2_3-interaction-shap	interaction	AQR	3	IGF2BP2	3	119	-0.12356948107481003	false	0.12356948107481003	AQR-IGF2BP2
K562	IGF2BP1_6-TIA1_6-interaction-shap	interaction	IGF2BP1	6	TIA1	6	319	-0.12306740880012512	false	0.12306740880012512	IGF2BP1-TIA1
K562	HNRNPK_4-RBM15_4-interaction-shap	interaction	HNRNPK	4	RBM15	4	26	-0.1215435266494751	false	0.1215435266494751	HNRNPK-RBM15
K562	DHX30_3-PCBP1_3-interaction-shap	interaction	DHX30	3	PCBP1	3	14	-0.12154251337051392	false	0.12154251337051392	DHX30-PCBP1
K562	IGF2BP2_4-RPS3_4-interaction-shap	interaction	IGF2BP2	4	RPS3	4	166	-0.12123389542102814	false	0.12123389542102814	IGF2BP2-RPS3
K562	SRSF1_4-ZNF800_4-interaction-shap	interaction	SRSF1	4	ZNF800	4	498	-0.12098395079374313	false	0.12098395079374313	SRSF1-ZNF800
K562	BUD13_5-FMR1_5-interaction-shap	interaction	BUD13	5	FMR1	5	425	-0.12032348662614822	true	0.12032348662614822	BUD13-FMR1
K562	DDX24_4-TIA1_4-interaction-shap	interaction	DDX24	4	TIA1	4	360	-0.12020546942949295	false	0.12020546942949295	DDX24-TIA1
K562	FXR1_6-RPS3_6-interaction-shap	interaction	FXR1	6	RPS3	6	169	-0.12011994421482086	false	0.12011994421482086	FXR1-RPS3
K562	BUD13_3-DDX43_3-interaction-shap	interaction	BUD13	3	DDX43	3	761	-0.11880563944578171	false	0.11880563944578171	BUD13-DDX43
K562	HNRNPL_3-U2AF2_3-interaction-shap	interaction	HNRNPL	3	U2AF2	3	13	0.11874864995479584	false	0.11874864995479584	HNRNPL-U2AF2
K562	BUD13_1-QKI_1-interaction-shap	interaction	BUD13	1	QKI	1	18	0.11824502050876617	false	0.11824502050876617	BUD13-QKI
K562	DDX42_2-SMNDC1_2-interaction-shap	interaction	DDX42	2	SMNDC1	2	111	-0.11707134544849396	false	0.11707134544849396	DDX42-SMNDC1
K562	HNRNPA1_3-ILF3_3-interaction-shap	interaction	HNRNPA1	3	ILF3	3	10	0.11696792393922806	false	0.11696792393922806	HNRNPA1-ILF3
K562	AKAP1_3-NONO_3-interaction-shap	interaction	AKAP1	3	NONO	3	18	-0.11570551991462708	false	0.11570551991462708	AKAP1-NONO
K562	BUD13_3-SND1_3-interaction-shap	interaction	BUD13	3	SND1	3	380	-0.11286914348602295	false	0.11286914348602295	BUD13-SND1
K562	GPKOW_3-METAP2_3-interaction-shap	interaction	GPKOW	3	METAP2	3	22	-0.11268576979637146	false	0.11268576979637146	GPKOW-METAP2
K562	BUD13_4-RBFOX2_4-interaction-shap	interaction	BUD13	4	RBFOX2	4	281	-0.11243554949760437	false	0.11243554949760437	BUD13-RBFOX2
K562	FXR2_3-HNRNPK_3-interaction-shap	interaction	FXR2	3	HNRNPK	3	15	-0.11240561306476593	false	0.11240561306476593	FXR2-HNRNPK
K562	EFTUD2_3-FMR1_3-interaction-shap	interaction	EFTUD2	3	FMR1	3	197	-0.11220883578062057	false	0.11220883578062057	EFTUD2-FMR1
K562	DDX3X_1-EWSR1_1-interaction-shap	interaction	DDX3X	1	EWSR1	1	137	-0.11215777695178986	false	0.11215777695178986	DDX3X-EWSR1
K562	METAP2_2-SRSF1_2-interaction-shap	interaction	METAP2	2	SRSF1	2	35	-0.11119639128446579	false	0.11119639128446579	METAP2-SRSF1
K562	HNRNPK_2-MBNL1_2-interaction-shap	interaction	HNRNPK	2	MBNL1	2	15	-0.11046875268220901	false	0.11046875268220901	HNRNPK-MBNL1
K562	BUD13_3-LIN28B_3-interaction-shap	interaction	BUD13	3	LIN28B	3	459	-0.10953234881162643	false	0.10953234881162643	BUD13-LIN28B
K562	IGF2BP2_3-SF3B4_3-interaction-shap	interaction	IGF2BP2	3	SF3B4	3	296	-0.1093943864107132	false	0.1093943864107132	IGF2BP2-SF3B4
K562	EIF4E_6-PRPF8_6-interaction-shap	interaction	EIF4E	6	PRPF8	6	21	0.10855991393327713	false	0.10855991393327713	EIF4E-PRPF8
K562	BUD13_3-ZNF622_3-interaction-shap	interaction	BUD13	3	ZNF622	3	985	-0.10854645073413849	false	0.10854645073413849	BUD13-ZNF622
K562	PRPF8_2-RBM22_2-interaction-shap	interaction	PRPF8	2	RBM22	2	3006	0.10699402540922165	false	0.10699402540922165	PRPF8-RBM22
K562	QKI_1-SF3B4_1-interaction-shap	interaction	QKI	1	SF3B4	1	38	0.10630161315202713	false	0.10630161315202713	QKI-SF3B4
K562	MBNL1_2-PTBP1_2-interaction-shap	interaction	MBNL1	2	PTBP1	2	4	-0.10611523687839508	false	0.10611523687839508	MBNL1-PTBP1
K562	PUM1_4-U2AF2_4-interaction-shap	interaction	PUM1	4	U2AF2	4	19	-0.10456401854753494	false	0.10456401854753494	PUM1-U2AF2
K562	PRPF8_4-PUM2_4-interaction-shap	interaction	PRPF8	4	PUM2	4	159	-0.10413580387830734	false	0.10413580387830734	PRPF8-PUM2
K562	AATF_1-PTBP1_1-interaction-shap	interaction	AATF	1	PTBP1	1	241	0.10390404611825943	false	0.10390404611825943	AATF-PTBP1
K562	EIF4E_5-GEMIN5_5-interaction-shap	interaction	EIF4E	5	GEMIN5	5	23	0.10311994701623917	false	0.10311994701623917	EIF4E-GEMIN5
K562	AGGF1_3-LIN28B_3-interaction-shap	interaction	AGGF1	3	LIN28B	3	32	-0.10308245569467545	false	0.10308245569467545	AGGF1-LIN28B
K562	UCHL5_4-ZRANB2_4-interaction-shap	interaction	UCHL5	4	ZRANB2	4	59	-0.10222803056240082	false	0.10222803056240082	UCHL5-ZRANB2
K562	U2AF2_3-ZNF800_3-interaction-shap	interaction	U2AF2	3	ZNF800	3	120	-0.10123173892498016	false	0.10123173892498016	U2AF2-ZNF800
K562	GPKOW_3-SND1_3-interaction-shap	interaction	GPKOW	3	SND1	3	70	-0.10109961032867432	false	0.10109961032867432	GPKOW-SND1
K562	EIF4E_6-RPS6_6-interaction-shap	interaction	EIF4E	6	RPS6	6	51	0.1006058007478714	false	0.1006058007478714	EIF4E-RPS6
K562	MBNL1_4-PRPF8_4-interaction-shap	interaction	MBNL1	4	PRPF8	4	17	0.09850521385669708	false	0.09850521385669708	MBNL1-PRPF8
K562	GPKOW_2-LIN28B_2-interaction-shap	interaction	GPKOW	2	LIN28B	2	71	-0.09793100506067276	false	0.09793100506067276	GPKOW-LIN28B
K562	EXOSC10_6-TRA2A_6-interaction-shap	interaction	EXOSC10	6	TRA2A	6	246	0.09747137129306793	false	0.09747137129306793	EXOSC10-TRA2A
K562	IGF2BP2_2-MATR3_2-interaction-shap	interaction	IGF2BP2	2	MATR3	2	14	0.09733807295560837	false	0.09733807295560837	IGF2BP2-MATR3
K562	DDX3X_4-DDX6_4-interaction-shap	interaction	DDX3X	4	DDX6	4	73	-0.09716751426458359	false	0.09716751426458359	DDX3X-DDX6
K562	SLTM_3-SRSF1_3-interaction-shap	interaction	SLTM	3	SRSF1	3	21	0.09714402258396149	false	0.09714402258396149	SLTM-SRSF1
K562	SF3B4_3-TRA2A_3-interaction-shap	interaction	SF3B4	3	TRA2A	3	324	-0.09689095616340637	false	0.09689095616340637	SF3B4-TRA2A
K562	DHX30_5-EFTUD2_5-interaction-shap	interaction	DHX30	5	EFTUD2	5	2	0.09595891088247299	false	0.09595891088247299	DHX30-EFTUD2
K562	BUD13_3-DHX30_3-interaction-shap	interaction	BUD13	3	DHX30	3	22	0.09555759280920029	false	0.09555759280920029	BUD13-DHX30
K562	LIN28B_4-ZNF800_4-interaction-shap	interaction	LIN28B	4	ZNF800	4	454	-0.09400142729282379	false	0.09400142729282379	LIN28B-ZNF800
K562	DDX55_3-RPS3_3-interaction-shap	interaction	DDX55	3	RPS3	3	12	-0.09391304105520248	false	0.09391304105520248	DDX55-RPS3
K562	HNRNPL_3-SLTM_3-interaction-shap	interaction	HNRNPL	3	SLTM	3	34	0.09345994889736176	false	0.09345994889736176	HNRNPL-SLTM
K562	EFTUD2_5-GTF2F1_5-interaction-shap	interaction	EFTUD2	5	GTF2F1	5	106	-0.09264852106571198	false	0.09264852106571198	EFTUD2-GTF2F1
K562	NONO_3-UCHL5_3-interaction-shap	interaction	NONO	3	UCHL5	3	85	-0.0915975570678711	false	0.0915975570678711	NONO-UCHL5
K562	NONO_4-TIA1_4-interaction-shap	interaction	NONO	4	TIA1	4	73	-0.09159321337938309	false	0.09159321337938309	NONO-TIA1
K562	DDX24_6-HNRNPL_6-interaction-shap	interaction	DDX24	6	HNRNPL	6	31	-0.0914120152592659	false	0.0914120152592659	DDX24-HNRNPL
K562	DDX3X_3-ZNF622_3-interaction-shap	interaction	DDX3X	3	ZNF622	3	308	-0.09136418253183365	false	0.09136418253183365	DDX3X-ZNF622
K562	AATF_4-TAF15_4-interaction-shap	interaction	AATF	4	TAF15	4	7	0.09087032079696655	false	0.09087032079696655	AATF-TAF15
K562	EEF2_4-FXR2_4-interaction-shap	interaction	EEF2	4	FXR2	4	49	-0.09083815664052963	false	0.09083815664052963	EEF2-FXR2
K562	RPS3_4-TAF15_4-interaction-shap	interaction	RPS3	4	TAF15	4	22	0.09082707017660141	false	0.09082707017660141	RPS3-TAF15
K562	AKAP1_6-RBM15_6-interaction-shap	interaction	AKAP1	6	RBM15	6	10	0.09081801027059555	false	0.09081801027059555	AKAP1-RBM15
K562	RBFOX2_4-UCHL5_4-interaction-shap	interaction	RBFOX2	4	UCHL5	4	167	-0.09054436534643173	false	0.09054436534643173	RBFOX2-UCHL5
K562	PUM2_4-RPS3_4-interaction-shap	interaction	PUM2	4	RPS3	4	66	0.09053239226341248	false	0.09053239226341248	PUM2-RPS3
K562	GRWD1_3-SRSF1_3-interaction-shap	interaction	GRWD1	3	SRSF1	3	512	-0.09048677980899811	false	0.09048677980899811	GRWD1-SRSF1
K562	DDX52_4-IGF2BP2_4-interaction-shap	interaction	DDX52	4	IGF2BP2	4	36	-0.09019014984369278	false	0.09019014984369278	DDX52-IGF2BP2
K562	IGF2BP2_1-U2AF1_1-interaction-shap	interaction	IGF2BP2	1	U2AF1	1	39	0.0899575799703598	false	0.0899575799703598	IGF2BP2-U2AF1
K562	FXR2_4-RPS6_4-interaction-shap	interaction	FXR2	4	RPS6	4	20	-0.08974990993738174	false	0.08974990993738174	FXR2-RPS6
K562	ELAC2_3-RPS3_3-interaction-shap	interaction	ELAC2	3	RPS3	3	50	-0.08952080458402634	false	0.08952080458402634	ELAC2-RPS3
K562	DDX3X_4-DDX43_4-interaction-shap	interaction	DDX3X	4	DDX43	4	90	-0.08942840993404388	false	0.08942840993404388	DDX3X-DDX43
K562	FXR1_3-YWHAG_3-interaction-shap	interaction	FXR1	3	YWHAG	3	24	0.08894515782594681	false	0.08894515782594681	FXR1-YWHAG
K562	BUD13_3-TRA2A_3-interaction-shap	interaction	BUD13	3	TRA2A	3	91	-0.08842171728610992	false	0.08842171728610992	BUD13-TRA2A
K562	ILF3_6-RBM15_6-interaction-shap	interaction	ILF3	6	RBM15	6	1	-0.08832898736000061	false	0.08832898736000061	ILF3-RBM15
K562	FMR1_3-IGF2BP1_3-interaction-shap	interaction	FMR1	3	IGF2BP1	3	15	-0.08831235021352768	false	0.08831235021352768	FMR1-IGF2BP1
K562	AKAP1_6-FAM120A_6-interaction-shap	interaction	AKAP1	6	FAM120A	6	51	0.08817119151353836	false	0.08817119151353836	AKAP1-FAM120A
K562	PTBP1_1-ZNF800_1-interaction-shap	interaction	PTBP1	1	ZNF800	1	49	0.08817089349031448	false	0.08817089349031448	PTBP1-ZNF800
K562	KHDRBS1_6-ZC3H11A_6-interaction-shap	interaction	KHDRBS1	6	ZC3H11A	6	72	0.08782238513231277	false	0.08782238513231277	KHDRBS1-ZC3H11A
K562	SRSF1_5-U2AF2_5-interaction-shap	interaction	SRSF1	5	U2AF2	5	211	0.08752591907978058	false	0.08752591907978058	SRSF1-U2AF2
K562	SF3B4_3-SND1_3-interaction-shap	interaction	SF3B4	3	SND1	3	877	-0.08726957440376282	false	0.08726957440376282	SF3B4-SND1
K562	RPS3_6-WRN_6-interaction-shap	interaction	RPS3	6	WRN	6	33	0.08619802445173264	false	0.08619802445173264	RPS3-WRN
K562	DDX3X_2-TROVE2_2-interaction-shap	interaction	DDX3X	2	TROVE2	2	12	-0.08604569733142853	false	0.08604569733142853	DDX3X-TROVE2
K562	DDX3X_3-PCBP1_3-interaction-shap	interaction	DDX3X	3	PCBP1	3	55	-0.08602666854858398	false	0.08602666854858398	DDX3X-PCBP1
K562	PUM2_5-ZNF622_5-interaction-shap	interaction	PUM2	5	ZNF622	5	57	-0.08573928475379944	false	0.08573928475379944	PUM2-ZNF622
K562	GRWD1_6-RBM22_6-interaction-shap	interaction	GRWD1	6	RBM22	6	373	-0.0849069133400917	false	0.0849069133400917	GRWD1-RBM22
K562	IGF2BP1_6-KHDRBS1_6-interaction-shap	interaction	IGF2BP1	6	KHDRBS1	6	6	0.08444856107234955	false	0.08444856107234955	IGF2BP1-KHDRBS1
K562	HNRNPK_2-IGF2BP1_2-interaction-shap	interaction	HNRNPK	2	IGF2BP1	2	15	-0.08375979214906693	false	0.08375979214906693	HNRNPK-IGF2BP1
K562	GEMIN5_4-PUM2_4-interaction-shap	interaction	GEMIN5	4	PUM2	4	27	-0.08321728557348251	false	0.08321728557348251	GEMIN5-PUM2
K562	DDX3X_4-FXR1_4-interaction-shap	interaction	DDX3X	4	FXR1	4	4	-0.0825638473033905	false	0.0825638473033905	DDX3X-FXR1
K562	DDX3X_4-RPS3_4-interaction-shap	interaction	DDX3X	4	RPS3	4	235	-0.08232016861438751	false	0.08232016861438751	DDX3X-RPS3
K562	NONO_4-RPS3_4-interaction-shap	interaction	NONO	4	RPS3	4	160	0.08225059509277344	false	0.08225059509277344	NONO-RPS3
K562	IGF2BP1_3-SF3B4_3-interaction-shap	interaction	IGF2BP1	3	SF3B4	3	512	-0.08222959190607071	false	0.08222959190607071	IGF2BP1-SF3B4
K562	DDX43_3-HNRNPL_3-interaction-shap	interaction	DDX43	3	HNRNPL	3	34	0.08207495510578156	false	0.08207495510578156	DDX43-HNRNPL
K562	PUM2_1-SRSF9_1-interaction-shap	interaction	PUM2	1	SRSF9	1	41	-0.08103922754526138	false	0.08103922754526138	PUM2-SRSF9
K562	AQR_1-EIF4G2_1-interaction-shap	interaction	AQR	1	EIF4G2	1	46	0.08076248317956924	false	0.08076248317956924	AQR-EIF4G2
K562	EIF4G2_1-PRPF8_1-interaction-shap	interaction	EIF4G2	1	PRPF8	1	38	-0.08069110661745071	false	0.08069110661745071	EIF4G2-PRPF8
K562	APOBEC3C_3-RBM15_3-interaction-shap	interaction	APOBEC3C	3	RBM15	3	49	-0.08068396151065826	false	0.08068396151065826	APOBEC3C-RBM15
K562	RPS3_3-ZNF622_3-interaction-shap	interaction	RPS3	3	ZNF622	3	73	-0.08063384145498276	false	0.08063384145498276	RPS3-ZNF622
K562	DDX3X_5-IGF2BP1_5-interaction-shap	interaction	DDX3X	5	IGF2BP1	5	14	-0.08058729767799377	false	0.08058729767799377	DDX3X-IGF2BP1
K562	DDX3X_3-DHX30_3-interaction-shap	interaction	DDX3X	3	DHX30	3	14	-0.08058355003595352	false	0.08058355003595352	DDX3X-DHX30
K562	BUD13_3-CSTF2T_3-interaction-shap	interaction	BUD13	3	CSTF2T	3	270	-0.07956971228122711	false	0.07956971228122711	BUD13-CSTF2T
K562	FXR2_6-HNRNPL_6-interaction-shap	interaction	FXR2	6	HNRNPL	6	1	0.07947903871536255	false	0.07947903871536255	FXR2-HNRNPL
K562	HNRNPUL1_1-PTBP1_1-interaction-shap	interaction	HNRNPUL1	1	PTBP1	1	52	0.07940582185983658	false	0.07940582185983658	HNRNPUL1-PTBP1
K562	EWSR1_5-FTO_5-interaction-shap	interaction	EWSR1	5	FTO	5	20	0.07908830046653748	false	0.07908830046653748	EWSR1-FTO
K562	DDX3X_5-RBM15_5-interaction-shap	interaction	DDX3X	5	RBM15	5	45	0.07831859588623047	false	0.07831859588623047	DDX3X-RBM15
K562	DDX3X_3-SND1_3-interaction-shap	interaction	DDX3X	3	SND1	3	58	-0.07824239134788513	false	0.07824239134788513	DDX3X-SND1
K562	HNRNPK_3-SF3B4_3-interaction-shap	interaction	HNRNPK	3	SF3B4	3	83	-0.07802017033100128	false	0.07802017033100128	HNRNPK-SF3B4
K562	HNRNPL_3-NONO_3-interaction-shap	interaction	HNRNPL	3	NONO	3	35	0.07668308168649673	false	0.07668308168649673	HNRNPL-NONO
K562	SF3B4_5-U2AF1_5-interaction-shap	interaction	SF3B4	5	U2AF1	5	1886	0.0762191116809845	false	0.0762191116809845	SF3B4-U2AF1
K562	UCHL5_2-YWHAG_2-interaction-shap	interaction	UCHL5	2	YWHAG	2	35	-0.07601942121982574	false	0.07601942121982574	UCHL5-YWHAG
K562	FMR1_3-PRPF8_3-interaction-shap	interaction	FMR1	3	PRPF8	3	75	0.07578794658184052	false	0.07578794658184052	FMR1-PRPF8
K562	AQR_4-RBFOX2_4-interaction-shap	interaction	AQR	4	RBFOX2	4	381	0.0756436288356781	false	0.0756436288356781	AQR-RBFOX2
K562	EFTUD2_4-U2AF2_4-interaction-shap	interaction	EFTUD2	4	U2AF2	4	325	-0.07540571689605713	false	0.07540571689605713	EFTUD2-U2AF2
K562	ELAVL1_3-PTBP1_3-interaction-shap	interaction	ELAVL1	3	PTBP1	3	23	0.07512859255075455	false	0.07512859255075455	ELAVL1-PTBP1
K562	DDX3X_3-SERBP1_3-interaction-shap	interaction	DDX3X	3	SERBP1	3	42	-0.07473134249448776	false	0.07473134249448776	DDX3X-SERBP1
K562	FUS_3-PCBP1_3-interaction-shap	interaction	FUS	3	PCBP1	3	26	0.07454230636358261	false	0.07454230636358261	FUS-PCBP1
K562	LARP4_1-PCBP1_1-interaction-shap	interaction	LARP4	1	PCBP1	1	5	-0.07430319488048553	false	0.07430319488048553	LARP4-PCBP1
K562	FUS_3-RBM15_3-interaction-shap	interaction	FUS	3	RBM15	3	58	0.07416278123855591	false	0.07416278123855591	FUS-RBM15
K562	BUD13_1-GARS_1-interaction-shap	interaction	BUD13	1	GARS	1	13	0.07387931644916534	false	0.07387931644916534	BUD13-GARS
K562	EFTUD2_3-FAM120A_3-interaction-shap	interaction	EFTUD2	3	FAM120A	3	21	-0.07384266704320908	false	0.07384266704320908	EFTUD2-FAM120A
K562	FMR1_4-RPS3_4-interaction-shap	interaction	FMR1	4	RPS3	4	211	-0.07375798374414444	false	0.07375798374414444	FMR1-RPS3
K562	IGF2BP1_3-RPS3_3-interaction-shap	interaction	IGF2BP1	3	RPS3	3	46	-0.07363886386156082	false	0.07363886386156082	IGF2BP1-RPS3
K562	FMR1_4-HNRNPK_4-interaction-shap	interaction	FMR1	4	HNRNPK	4	36	-0.07302414625883102	false	0.07302414625883102	FMR1-HNRNPK
K562	EWSR1_4-GTF2F1_4-interaction-shap	interaction	EWSR1	4	GTF2F1	4	270	0.07297908514738083	false	0.07297908514738083	EWSR1-GTF2F1
K562	EWSR1_3-HNRNPM_3-interaction-shap	interaction	EWSR1	3	HNRNPM	3	60	0.0729546770453453	true	0.0729546770453453	EWSR1-HNRNPM
K562	RBFOX2_4-SF3B4_4-interaction-shap	interaction	RBFOX2	4	SF3B4	4	137	-0.07275459170341492	true	0.07275459170341492	RBFOX2-SF3B4
K562	CSTF2T_3-SF3B4_3-interaction-shap	interaction	CSTF2T	3	SF3B4	3	632	0.07261568307876587	false	0.07261568307876587	CSTF2T-SF3B4
K562	IGF2BP2_4-NONO_4-interaction-shap	interaction	IGF2BP2	4	NONO	4	63	-0.07227881252765656	false	0.07227881252765656	IGF2BP2-NONO
K562	KHSRP_2-SRSF1_2-interaction-shap	interaction	KHSRP	2	SRSF1	2	121	-0.07201176136732101	false	0.07201176136732101	KHSRP-SRSF1
K562	DDX43_3-LIN28B_3-interaction-shap	interaction	DDX43	3	LIN28B	3	304	-0.07187251001596451	false	0.07187251001596451	DDX43-LIN28B
K562	DGCR8_4-ZNF622_4-interaction-shap	interaction	DGCR8	4	ZNF622	4	4	0.07123330235481262	false	0.07123330235481262	DGCR8-ZNF622
K562	AKAP1_6-TIA1_6-interaction-shap	interaction	AKAP1	6	TIA1	6	7	0.07120992243289948	false	0.07120992243289948	AKAP1-TIA1
K562	DDX3X_2-MATR3_2-interaction-shap	interaction	DDX3X	2	MATR3	2	9	0.07107754796743393	false	0.07107754796743393	DDX3X-MATR3
K562	HNRNPL_4-IGF2BP2_4-interaction-shap	interaction	HNRNPL	4	IGF2BP2	4	5	0.07091495394706726	true	0.07091495394706726	HNRNPL-IGF2BP2
K562	BUD13_5-RPS3_5-interaction-shap	interaction	BUD13	5	RPS3	5	537	0.0709075853228569	false	0.0709075853228569	BUD13-RPS3
K562	FAM120A_4-FUS_4-interaction-shap	interaction	FAM120A	4	FUS	4	59	-0.07086504250764847	true	0.07086504250764847	FAM120A-FUS
K562	NIPBL_3-PTBP1_3-interaction-shap	interaction	NIPBL	3	PTBP1	3	111	0.07075687497854233	false	0.07075687497854233	NIPBL-PTBP1
K562	BUD13_4-SMNDC1_4-interaction-shap	interaction	BUD13	4	SMNDC1	4	154	-0.07067298144102097	false	0.07067298144102097	BUD13-SMNDC1
K562	FTO_4-LIN28B_4-interaction-shap	interaction	FTO	4	LIN28B	4	15	-0.07041186094284058	false	0.07041186094284058	FTO-LIN28B
K562	PABPC4_3-SRSF1_3-interaction-shap	interaction	PABPC4	3	SRSF1	3	247	-0.07036546617746353	false	0.07036546617746353	PABPC4-SRSF1
K562	DDX43_4-EXOSC10_4-interaction-shap	interaction	DDX43	4	EXOSC10	4	351	-0.07035165280103683	false	0.07035165280103683	DDX43-EXOSC10
K562	PABPC4_2-PRPF8_2-interaction-shap	interaction	PABPC4	2	PRPF8	2	944	-0.07020597159862518	false	0.07020597159862518	PABPC4-PRPF8
K562	HNRNPM_6-TIA1_6-interaction-shap	interaction	HNRNPM	6	TIA1	6	15	-0.07018910348415375	false	0.07018910348415375	HNRNPM-TIA1
K562	BUD13_3-UPF1_3-interaction-shap	interaction	BUD13	3	UPF1	3	50	-0.0700915977358818	false	0.0700915977358818	BUD13-UPF1
K562	AQR_4-RBM22_4-interaction-shap	interaction	AQR	4	RBM22	4	2149	-0.06955677270889282	false	0.06955677270889282	AQR-RBM22
K562	IGF2BP2_4-SRSF1_4-interaction-shap	interaction	IGF2BP2	4	SRSF1	4	39	-0.06950777769088745	false	0.06950777769088745	IGF2BP2-SRSF1
K562	KHSRP_3-TIA1_3-interaction-shap	interaction	KHSRP	3	TIA1	3	153	-0.06944070756435394	false	0.06944070756435394	KHSRP-TIA1
K562	MTPAP_1-TARDBP_1-interaction-shap	interaction	MTPAP	1	TARDBP	1	15	-0.0689133033156395	false	0.0689133033156395	MTPAP-TARDBP
K562	BUD13_3-NOLC1_3-interaction-shap	interaction	BUD13	3	NOLC1	3	43	0.06861992180347443	false	0.06861992180347443	BUD13-NOLC1
K562	IGF2BP1_1-NCBP2_1-interaction-shap	interaction	IGF2BP1	1	NCBP2	1	20	0.06820064783096313	false	0.06820064783096313	IGF2BP1-NCBP2
K562	HNRNPL_4-IGF2BP1_4-interaction-shap	interaction	HNRNPL	4	IGF2BP1	4	9	-0.06815338879823685	true	0.06815338879823685	HNRNPL-IGF2BP1
K562	AATF_4-EWSR1_4-interaction-shap	interaction	AATF	4	EWSR1	4	107	0.0679873675107956	false	0.0679873675107956	AATF-EWSR1
K562	KHSRP_3-U2AF2_3-interaction-shap	interaction	KHSRP	3	U2AF2	3	924	-0.06795866787433624	false	0.06795866787433624	KHSRP-U2AF2
K562	AGGF1_2-SRSF1_2-interaction-shap	interaction	AGGF1	2	SRSF1	2	107	-0.06789290904998779	false	0.06789290904998779	AGGF1-SRSF1
K562	ILF3_6-SRSF1_6-interaction-shap	interaction	ILF3	6	SRSF1	6	6	-0.0678294226527214	false	0.0678294226527214	ILF3-SRSF1
K562	AATF_3-GPKOW_3-interaction-shap	interaction	AATF	3	GPKOW	3	233	-0.06746578216552734	false	0.06746578216552734	AATF-GPKOW
K562	LIN28B_4-TRA2A_4-interaction-shap	interaction	LIN28B	4	TRA2A	4	44	0.06683257967233658	false	0.06683257967233658	LIN28B-TRA2A
K562	EIF4G2_1-TARDBP_1-interaction-shap	interaction	EIF4G2	1	TARDBP	1	132	0.06680818647146225	false	0.06680818647146225	EIF4G2-TARDBP
K562	AGGF1_2-PRPF8_2-interaction-shap	interaction	AGGF1	2	PRPF8	2	136	0.06673762202262878	false	0.06673762202262878	AGGF1-PRPF8
K562	BUD13_1-FXR2_1-interaction-shap	interaction	BUD13	1	FXR2	1	239	-0.06668879836797714	true	0.06668879836797714	BUD13-FXR2
K562	GRWD1_4-IGF2BP1_4-interaction-shap	interaction	GRWD1	4	IGF2BP1	4	143	-0.06660497188568115	false	0.06660497188568115	GRWD1-IGF2BP1
K562	LIN28B_6-WRN_6-interaction-shap	interaction	LIN28B	6	WRN	6	1	0.0664982721209526	false	0.0664982721209526	LIN28B-WRN
K562	EIF4G2_1-PTBP1_1-interaction-shap	interaction	EIF4G2	1	PTBP1	1	34	0.06599324941635132	false	0.06599324941635132	EIF4G2-PTBP1
K562	FUS_4-ZNF622_4-interaction-shap	interaction	FUS	4	ZNF622	4	42	-0.06590169668197632	false	0.06590169668197632	FUS-ZNF622
K562	EFTUD2_2-PRPF8_2-interaction-shap	interaction	EFTUD2	2	PRPF8	2	7540	-0.06581821292638779	true	0.06581821292638779	EFTUD2-PRPF8
K562	SRSF7_6-U2AF2_6-interaction-shap	interaction	SRSF7	6	U2AF2	6	21	-0.06567028909921646	false	0.06567028909921646	SRSF7-U2AF2
K562	EWSR1_2-XRN2_2-interaction-shap	interaction	EWSR1	2	XRN2	2	775	0.06546089798212051	false	0.06546089798212051	EWSR1-XRN2
K562	FMR1_2-FXR2_2-interaction-shap	interaction	FMR1	2	FXR2	2	1382	0.0651433914899826	true	0.0651433914899826	FMR1-FXR2
K562	ELAVL1_2-IGF2BP1_2-interaction-shap	interaction	ELAVL1	2	IGF2BP1	2	36	-0.06506488472223282	false	0.06506488472223282	ELAVL1-IGF2BP1
K562	SERBP1_2-SMNDC1_2-interaction-shap	interaction	SERBP1	2	SMNDC1	2	6	-0.06480664014816284	false	0.06480664014816284	SERBP1-SMNDC1
K562	PCBP1_2-SERBP1_2-interaction-shap	interaction	PCBP1	2	SERBP1	2	49	-0.06477104872465134	false	0.06477104872465134	PCBP1-SERBP1
K562	HNRNPL_4-PRPF8_4-interaction-shap	interaction	HNRNPL	4	PRPF8	4	26	0.0641765147447586	false	0.0641765147447586	HNRNPL-PRPF8
K562	RBM22_4-SRSF7_4-interaction-shap	interaction	RBM22	4	SRSF7	4	55	-0.06397752463817596	false	0.06397752463817596	RBM22-SRSF7
K562	FMR1_3-SF3B4_3-interaction-shap	interaction	FMR1	3	SF3B4	3	631	-0.06385567784309387	false	0.06385567784309387	FMR1-SF3B4
K562	DDX6_2-SRSF7_2-interaction-shap	interaction	DDX6	2	SRSF7	2	72	0.06369965523481369	false	0.06369965523481369	DDX6-SRSF7
K562	AATF_3-DDX3X_3-interaction-shap	interaction	AATF	3	DDX3X	3	31	-0.06319808214902878	false	0.06319808214902878	AATF-DDX3X
K562	IGF2BP2_4-PRPF8_4-interaction-shap	interaction	IGF2BP2	4	PRPF8	4	614	-0.06312256306409836	false	0.06312256306409836	IGF2BP2-PRPF8
K562	AATF_3-CSTF2T_3-interaction-shap	interaction	AATF	3	CSTF2T	3	88	-0.06291466951370239	false	0.06291466951370239	AATF-CSTF2T
K562	PRPF8_3-TIA1_3-interaction-shap	interaction	PRPF8	3	TIA1	3	121	-0.06237955763936043	false	0.06237955763936043	PRPF8-TIA1
K562	SMNDC1_3-TRA2A_3-interaction-shap	interaction	SMNDC1	3	TRA2A	3	173	-0.062222257256507874	false	0.062222257256507874	SMNDC1-TRA2A
K562	IGF2BP2_3-LIN28B_3-interaction-shap	interaction	IGF2BP2	3	LIN28B	3	39	-0.06218857318162918	false	0.06218857318162918	IGF2BP2-LIN28B
K562	HNRNPK_3-PTBP1_3-interaction-shap	interaction	HNRNPK	3	PTBP1	3	27	0.06138842552900314	true	0.06138842552900314	HNRNPK-PTBP1
K562	PUM2_5-ZNF800_5-interaction-shap	interaction	PUM2	5	ZNF800	5	100	-0.061372071504592896	false	0.061372071504592896	PUM2-ZNF800
K562	DDX52_1-SF3B4_1-interaction-shap	interaction	DDX52	1	SF3B4	1	60	-0.06101361662149429	false	0.06101361662149429	DDX52-SF3B4
K562	PRPF8_4-RBM15_4-interaction-shap	interaction	PRPF8	4	RBM15	4	704	-0.06068463623523712	false	0.06068463623523712	PRPF8-RBM15
K562	FMR1_3-NONO_3-interaction-shap	interaction	FMR1	3	NONO	3	5	0.06040505692362785	false	0.06040505692362785	FMR1-NONO
K562	DDX6_6-SRSF1_6-interaction-shap	interaction	DDX6	6	SRSF1	6	24	0.06033623218536377	false	0.06033623218536377	DDX6-SRSF1
K562	BUD13_4-EXOSC5_4-interaction-shap	interaction	BUD13	4	EXOSC5	4	8	0.0599675178527832	false	0.0599675178527832	BUD13-EXOSC5
K562	BUD13_6-TIA1_6-interaction-shap	interaction	BUD13	6	TIA1	6	218	0.059770017862319946	false	0.059770017862319946	BUD13-TIA1
K562	APOBEC3C_3-BUD13_3-interaction-shap	interaction	APOBEC3C	3	BUD13	3	65	-0.05974934622645378	false	0.05974934622645378	APOBEC3C-BUD13
K562	HNRNPM_6-RBM22_6-interaction-shap	interaction	HNRNPM	6	RBM22	6	33	0.059459660202264786	false	0.059459660202264786	HNRNPM-RBM22
K562	EXOSC10_4-NONO_4-interaction-shap	interaction	EXOSC10	4	NONO	4	12	-0.05924356356263161	false	0.05924356356263161	EXOSC10-NONO
K562	EWSR1_4-FMR1_4-interaction-shap	interaction	EWSR1	4	FMR1	4	23	-0.05894164741039276	false	0.05894164741039276	EWSR1-FMR1
K562	GPKOW_4-RBM22_4-interaction-shap	interaction	GPKOW	4	RBM22	4	171	-0.05854872986674309	true	0.05854872986674309	GPKOW-RBM22
K562	GPKOW_3-PUM1_3-interaction-shap	interaction	GPKOW	3	PUM1	3	146	-0.05852506682276726	false	0.05852506682276726	GPKOW-PUM1
K562	BUD13_1-GRWD1_1-interaction-shap	interaction	BUD13	1	GRWD1	1	523	0.05805656686425209	false	0.05805656686425209	BUD13-GRWD1
K562	EIF4E_5-METAP2_5-interaction-shap	interaction	EIF4E	5	METAP2	5	82	0.057764049619436264	false	0.057764049619436264	EIF4E-METAP2
K562	HNRNPK_3-NONO_3-interaction-shap	interaction	HNRNPK	3	NONO	3	13	-0.056984905153512955	false	0.056984905153512955	HNRNPK-NONO
K562	FXR1_4-SRSF1_4-interaction-shap	interaction	FXR1	4	SRSF1	4	74	-0.0569494254887104	false	0.0569494254887104	FXR1-SRSF1
K562	FMR1_3-PTBP1_3-interaction-shap	interaction	FMR1	3	PTBP1	3	7	0.05686100572347641	false	0.05686100572347641	FMR1-PTBP1
K562	BUD13_4-RBM22_4-interaction-shap	interaction	BUD13	4	RBM22	4	538	-0.056761015206575394	true	0.056761015206575394	BUD13-RBM22
K562	UCHL5_3-XRN2_3-interaction-shap	interaction	UCHL5	3	XRN2	3	171	-0.05675160884857178	false	0.05675160884857178	UCHL5-XRN2
K562	SMNDC1_5-ZC3H11A_5-interaction-shap	interaction	SMNDC1	5	ZC3H11A	5	35	-0.05658658593893051	false	0.05658658593893051	SMNDC1-ZC3H11A
K562	GPKOW_3-U2AF1_3-interaction-shap	interaction	GPKOW	3	U2AF1	3	206	-0.05624117702245712	false	0.05624117702245712	GPKOW-U2AF1
K562	GPKOW_3-SF3B4_3-interaction-shap	interaction	GPKOW	3	SF3B4	3	1351	-0.0559840053319931	false	0.0559840053319931	GPKOW-SF3B4
K562	ADAT1_6-PUM2_6-interaction-shap	interaction	ADAT1	6	PUM2	6	135	-0.055512767285108566	false	0.055512767285108566	ADAT1-PUM2
K562	GPKOW_1-UCHL5_1-interaction-shap	interaction	GPKOW	1	UCHL5	1	313	-0.05518869310617447	false	0.05518869310617447	GPKOW-UCHL5
K562	FXR1_4-PUM2_4-interaction-shap	interaction	FXR1	4	PUM2	4	36	-0.05482565611600876	false	0.05482565611600876	FXR1-PUM2
K562	PABPC4_4-RBFOX2_4-interaction-shap	interaction	PABPC4	4	RBFOX2	4	51	-0.054816775023937225	false	0.054816775023937225	PABPC4-RBFOX2
K562	EFTUD2_4-LIN28B_4-interaction-shap	interaction	EFTUD2	4	LIN28B	4	611	-0.05475993454456329	false	0.05475993454456329	EFTUD2-LIN28B
K562	FMR1_3-PCBP1_3-interaction-shap	interaction	FMR1	3	PCBP1	3	51	-0.05438784509897232	false	0.05438784509897232	FMR1-PCBP1
K562	ELAVL1_3-TIA1_3-interaction-shap	interaction	ELAVL1	3	TIA1	3	52	0.05438090115785599	false	0.05438090115785599	ELAVL1-TIA1
K562	FMR1_3-FXR1_3-interaction-shap	interaction	FMR1	3	FXR1	3	901	-0.05437995865941048	false	0.05437995865941048	FMR1-FXR1
K562	BUD13_4-PUM2_4-interaction-shap	interaction	BUD13	4	PUM2	4	10	-0.054298873990774155	false	0.054298873990774155	BUD13-PUM2
K562	KHSRP_1-PRPF8_1-interaction-shap	interaction	KHSRP	1	PRPF8	1	93	-0.053580332547426224	false	0.053580332547426224	KHSRP-PRPF8
K562	DROSHA_3-HNRNPL_3-interaction-shap	interaction	DROSHA	3	HNRNPL	3	33	-0.05296529456973076	false	0.05296529456973076	DROSHA-HNRNPL
K562	RBM15_6-U2AF2_6-interaction-shap	interaction	RBM15	6	U2AF2	6	31	-0.0529651902616024	false	0.0529651902616024	RBM15-U2AF2
K562	AQR_4-DGCR8_4-interaction-shap	interaction	AQR	4	DGCR8	4	268	-0.052916351705789566	false	0.052916351705789566	AQR-DGCR8
K562	EIF4E_6-NIPBL_6-interaction-shap	interaction	EIF4E	6	NIPBL	6	50	0.052772149443626404	false	0.052772149443626404	EIF4E-NIPBL
K562	EWSR1_3-SRSF1_3-interaction-shap	interaction	EWSR1	3	SRSF1	3	26	0.052545562386512756	false	0.052545562386512756	EWSR1-SRSF1
K562	EWSR1_4-YBX3_4-interaction-shap	interaction	EWSR1	4	YBX3	4	85	0.052046291530132294	false	0.052046291530132294	EWSR1-YBX3
K562	IGF2BP2_2-ZNF800_2-interaction-shap	interaction	IGF2BP2	2	ZNF800	2	93	0.05123143270611763	false	0.05123143270611763	IGF2BP2-ZNF800
K562	EFTUD2_4-GPKOW_4-interaction-shap	interaction	EFTUD2	4	GPKOW	4	494	-0.051073819398880005	false	0.051073819398880005	EFTUD2-GPKOW
K562	EWSR1_4-RBFOX2_4-interaction-shap	interaction	EWSR1	4	RBFOX2	4	58	-0.05058155581355095	false	0.05058155581355095	EWSR1-RBFOX2
K562	HNRNPM_6-PRPF8_6-interaction-shap	interaction	HNRNPM	6	PRPF8	6	38	0.05052033066749573	false	0.05052033066749573	HNRNPM-PRPF8
K562	CSTF2T_4-FAM120A_4-interaction-shap	interaction	CSTF2T	4	FAM120A	4	83	-0.050518374890089035	false	0.050518374890089035	CSTF2T-FAM120A
K562	DDX43_3-SF3B4_3-interaction-shap	interaction	DDX43	3	SF3B4	3	1506	-0.05042976513504982	false	0.05042976513504982	DDX43-SF3B4
K562	SMNDC1_5-U2AF1_5-interaction-shap	interaction	SMNDC1	5	U2AF1	5	299	0.0502118282020092	false	0.0502118282020092	SMNDC1-U2AF1
K562	FXR2_2-SERBP1_2-interaction-shap	interaction	FXR2	2	SERBP1	2	42	-0.050202202051877975	false	0.050202202051877975	FXR2-SERBP1
K562	EWSR1_4-SND1_4-interaction-shap	interaction	EWSR1	4	SND1	4	51	0.050169095396995544	false	0.050169095396995544	EWSR1-SND1
K562	ILF3_4-NONO_4-interaction-shap	interaction	ILF3	4	NONO	4	14	-0.04954666644334793	false	0.04954666644334793	ILF3-NONO
K562	DDX3X_1-NOLC1_1-interaction-shap	interaction	DDX3X	1	NOLC1	1	151	0.04929371923208237	false	0.04929371923208237	DDX3X-NOLC1
K562	AATF_5-SF3B4_5-interaction-shap	interaction	AATF	5	SF3B4	5	432	0.048239558935165405	false	0.048239558935165405	AATF-SF3B4
K562	RPS3_3-UCHL5_3-interaction-shap	interaction	RPS3	3	UCHL5	3	145	-0.047918494790792465	false	0.047918494790792465	RPS3-UCHL5
K562	DHX30_3-FXR1_3-interaction-shap	interaction	DHX30	3	FXR1	3	7	0.047066979110240936	false	0.047066979110240936	DHX30-FXR1
K562	DHX30_3-TARDBP_3-interaction-shap	interaction	DHX30	3	TARDBP	3	33	0.04706648737192154	false	0.04706648737192154	DHX30-TARDBP
K562	BUD13_5-GEMIN5_5-interaction-shap	interaction	BUD13	5	GEMIN5	5	159	0.04653378948569298	false	0.04653378948569298	BUD13-GEMIN5
K562	BUD13_5-HNRNPK_5-interaction-shap	interaction	BUD13	5	HNRNPK	5	40	-0.04554387927055359	false	0.04554387927055359	BUD13-HNRNPK
K562	FXR2_5-ZC3H11A_5-interaction-shap	interaction	FXR2	5	ZC3H11A	5	9	0.04525400698184967	false	0.04525400698184967	FXR2-ZC3H11A
K562	PTBP1_3-U2AF2_3-interaction-shap	interaction	PTBP1	3	U2AF2	3	63	0.044895317405462265	false	0.044895317405462265	PTBP1-U2AF2
K562	EWSR1_4-FUS_4-interaction-shap	interaction	EWSR1	4	FUS	4	314	0.04480778053402901	true	0.04480778053402901	EWSR1-FUS
K562	EIF4G2_1-SRSF9_1-interaction-shap	interaction	EIF4G2	1	SRSF9	1	5	0.044612105935811996	false	0.044612105935811996	EIF4G2-SRSF9
K562	FMR1_4-SMNDC1_4-interaction-shap	interaction	FMR1	4	SMNDC1	4	10	-0.044487204402685165	false	0.044487204402685165	FMR1-SMNDC1
K562	EWSR1_4-FXR1_4-interaction-shap	interaction	EWSR1	4	FXR1	4	2	0.04443174600601196	false	0.04443174600601196	EWSR1-FXR1
K562	DHX30_3-U2AF2_3-interaction-shap	interaction	DHX30	3	U2AF2	3	15	0.04432570934295654	false	0.04432570934295654	DHX30-U2AF2
K562	AKAP1_3-SF3B4_3-interaction-shap	interaction	AKAP1	3	SF3B4	3	17	-0.04428879916667938	false	0.04428879916667938	AKAP1-SF3B4
K562	FTO_5-SRSF1_5-interaction-shap	interaction	FTO	5	SRSF1	5	49	0.04411368444561958	false	0.04411368444561958	FTO-SRSF1
K562	AGGF1_3-EWSR1_3-interaction-shap	interaction	AGGF1	3	EWSR1	3	76	0.044111836701631546	false	0.044111836701631546	AGGF1-EWSR1
K562	AKAP1_6-HNRNPK_6-interaction-shap	interaction	AKAP1	6	HNRNPK	6	17	0.04381917417049408	false	0.04381917417049408	AKAP1-HNRNPK
K562	SND1_5-U2AF2_5-interaction-shap	interaction	SND1	5	U2AF2	5	291	0.04374304041266441	false	0.04374304041266441	SND1-U2AF2
K562	PUM1_3-RPS3_3-interaction-shap	interaction	PUM1	3	RPS3	3	185	-0.04374128207564354	false	0.04374128207564354	PUM1-RPS3
K562	MBNL1_3-NONO_3-interaction-shap	interaction	MBNL1	3	NONO	3	12	-0.0437098890542984	false	0.0437098890542984	MBNL1-NONO
K562	GPKOW_1-HLTF_1-interaction-shap	interaction	GPKOW	1	HLTF	1	43	0.043681707233190536	false	0.043681707233190536	GPKOW-HLTF
K562	FMR1_3-PUM2_3-interaction-shap	interaction	FMR1	3	PUM2	3	11	-0.043468426913022995	false	0.043468426913022995	FMR1-PUM2
K562	IGF2BP1_3-TARDBP_3-interaction-shap	interaction	IGF2BP1	3	TARDBP	3	45	0.04337730258703232	false	0.04337730258703232	IGF2BP1-TARDBP
K562	DDX55_4-IGF2BP2_4-interaction-shap	interaction	DDX55	4	IGF2BP2	4	87	0.04324546456336975	false	0.04324546456336975	DDX55-IGF2BP2
K562	RBM15_6-U2AF1_6-interaction-shap	interaction	RBM15	6	U2AF1	6	15	0.04303322732448578	false	0.04303322732448578	RBM15-U2AF1
K562	AKAP8L_2-BUD13_2-interaction-shap	interaction	AKAP8L	2	BUD13	2	304	0.04280703514814377	false	0.04280703514814377	AKAP8L-BUD13
K562	HLTF_2-LIN28B_2-interaction-shap	interaction	HLTF	2	LIN28B	2	10	0.042657822370529175	false	0.042657822370529175	HLTF-LIN28B
K562	TRA2A_3-U2AF1_3-interaction-shap	interaction	TRA2A	3	U2AF1	3	25	-0.042657434940338135	false	0.042657434940338135	TRA2A-U2AF1
K562	PABPC4_3-PTBP1_3-interaction-shap	interaction	PABPC4	3	PTBP1	3	133	-0.042635347694158554	true	0.042635347694158554	PABPC4-PTBP1
K562	PTBP1_3-XRCC6_3-interaction-shap	interaction	PTBP1	3	XRCC6	3	173	0.04228754714131355	false	0.04228754714131355	PTBP1-XRCC6
K562	PRPF8_3-PTBP1_3-interaction-shap	interaction	PRPF8	3	PTBP1	3	40	0.04198286309838295	false	0.04198286309838295	PRPF8-PTBP1
K562	RBM15_6-TRA2A_6-interaction-shap	interaction	RBM15	6	TRA2A	6	152	0.04191206768155098	false	0.04191206768155098	RBM15-TRA2A
K562	BUD13_3-SRSF1_3-interaction-shap	interaction	BUD13	3	SRSF1	3	250	-0.04182551056146622	false	0.04182551056146622	BUD13-SRSF1
K562	FXR1_4-RBM22_4-interaction-shap	interaction	FXR1	4	RBM22	4	162	-0.04181653633713722	false	0.04181653633713722	FXR1-RBM22
K562	IGF2BP2_3-MBNL1_3-interaction-shap	interaction	IGF2BP2	3	MBNL1	3	15	0.041577331721782684	false	0.041577331721782684	IGF2BP2-MBNL1
K562	IGF2BP1_3-PTBP1_3-interaction-shap	interaction	IGF2BP1	3	PTBP1	3	2	-0.041499584913253784	true	0.041499584913253784	IGF2BP1-PTBP1
K562	DDX43_3-RBFOX2_3-interaction-shap	interaction	DDX43	3	RBFOX2	3	93	-0.04136126860976219	false	0.04136126860976219	DDX43-RBFOX2
K562	GPKOW_6-U2AF2_6-interaction-shap	interaction	GPKOW	6	U2AF2	6	44	-0.04112010449171066	false	0.04112010449171066	GPKOW-U2AF2
K562	DHX30_1-XRN2_1-interaction-shap	interaction	DHX30	1	XRN2	1	63	0.04109027609229088	false	0.04109027609229088	DHX30-XRN2
K562	ELAVL1_3-PRPF8_3-interaction-shap	interaction	ELAVL1	3	PRPF8	3	45	0.041018035262823105	false	0.041018035262823105	ELAVL1-PRPF8
K562	FUS_6-ZC3H11A_6-interaction-shap	interaction	FUS	6	ZC3H11A	6	17	-0.0408930778503418	false	0.0408930778503418	FUS-ZC3H11A
K562	DDX24_4-RBFOX2_4-interaction-shap	interaction	DDX24	4	RBFOX2	4	304	-0.04072987660765648	false	0.04072987660765648	DDX24-RBFOX2
K562	NOLC1_3-PRPF8_3-interaction-shap	interaction	NOLC1	3	PRPF8	3	54	0.040088851004838943	false	0.040088851004838943	NOLC1-PRPF8
K562	DDX3X_1-GRWD1_1-interaction-shap	interaction	DDX3X	1	GRWD1	1	154	-0.040061112493276596	false	0.040061112493276596	DDX3X-GRWD1
K562	GRWD1_4-PRPF8_4-interaction-shap	interaction	GRWD1	4	PRPF8	4	1192	-0.039892036467790604	false	0.039892036467790604	GRWD1-PRPF8
K562	FXR1_3-QKI_3-interaction-shap	interaction	FXR1	3	QKI	3	3	0.03988019749522209	false	0.03988019749522209	FXR1-QKI
K562	IGF2BP2_1-PABPC4_1-interaction-shap	interaction	IGF2BP2	1	PABPC4	1	235	-0.03976359963417053	false	0.03976359963417053	IGF2BP2-PABPC4
K562	EXOSC5_4-RBFOX2_4-interaction-shap	interaction	EXOSC5	4	RBFOX2	4	10	0.03966745734214783	false	0.03966745734214783	EXOSC5-RBFOX2
K562	SND1_4-TIA1_4-interaction-shap	interaction	SND1	4	TIA1	4	279	-0.039615511894226074	false	0.039615511894226074	SND1-TIA1
K562	RBFOX2_4-TIA1_4-interaction-shap	interaction	RBFOX2	4	TIA1	4	31	-0.03955480456352234	false	0.03955480456352234	RBFOX2-TIA1
K562	SF3B4_3-ZNF800_3-interaction-shap	interaction	SF3B4	3	ZNF800	3	704	-0.03934739902615547	false	0.03934739902615547	SF3B4-ZNF800
K562	GTF2F1_2-SF3B4_2-interaction-shap	interaction	GTF2F1	2	SF3B4	2	256	0.03924494609236717	false	0.03924494609236717	GTF2F1-SF3B4
K562	BUD13_3-PABPC4_3-interaction-shap	interaction	BUD13	3	PABPC4	3	161	-0.038985200226306915	false	0.038985200226306915	BUD13-PABPC4
K562	DHX30_1-SRSF9_1-interaction-shap	interaction	DHX30	1	SRSF9	1	37	0.03875495493412018	false	0.03875495493412018	DHX30-SRSF9
K562	RPS3_4-ZRANB2_4-interaction-shap	interaction	RPS3	4	ZRANB2	4	6	-0.03864037245512009	false	0.03864037245512009	RPS3-ZRANB2
K562	KHSRP_2-RBM22_2-interaction-shap	interaction	KHSRP	2	RBM22	2	464	0.03863094002008438	false	0.03863094002008438	KHSRP-RBM22
K562	FUS_3-RPS3_3-interaction-shap	interaction	FUS	3	RPS3	3	111	0.03850140795111656	false	0.03850140795111656	FUS-RPS3
K562	RBM15_2-RBM22_2-interaction-shap	interaction	RBM15	2	RBM22	2	297	0.0381992906332016	false	0.0381992906332016	RBM15-RBM22
K562	GPKOW_5-KHSRP_5-interaction-shap	interaction	GPKOW	5	KHSRP	5	606	-0.038084469735622406	false	0.038084469735622406	GPKOW-KHSRP
K562	EWSR1_4-UCHL5_4-interaction-shap	interaction	EWSR1	4	UCHL5	4	58	0.03801107406616211	false	0.03801107406616211	EWSR1-UCHL5
K562	AATF_4-FUS_4-interaction-shap	interaction	AATF	4	FUS	4	110	-0.03797260299324989	false	0.03797260299324989	AATF-FUS
K562	SRSF7_6-UCHL5_6-interaction-shap	interaction	SRSF7	6	UCHL5	6	511	0.03766271844506264	false	0.03766271844506264	SRSF7-UCHL5
K562	EFTUD2_2-SERBP1_2-interaction-shap	interaction	EFTUD2	2	SERBP1	2	43	-0.037318676710128784	false	0.037318676710128784	EFTUD2-SERBP1
K562	HNRNPK_4-RBM22_4-interaction-shap	interaction	HNRNPK	4	RBM22	4	5	0.0372772216796875	false	0.0372772216796875	HNRNPK-RBM22
K562	GPKOW_4-TIA1_4-interaction-shap	interaction	GPKOW	4	TIA1	4	82	-0.03698406741023064	false	0.03698406741023064	GPKOW-TIA1
K562	GPKOW_2-YBX3_2-interaction-shap	interaction	GPKOW	2	YBX3	2	129	0.03690963238477707	false	0.03690963238477707	GPKOW-YBX3
K562	DDX6_6-FAM120A_6-interaction-shap	interaction	DDX6	6	FAM120A	6	90	-0.03669692203402519	false	0.03669692203402519	DDX6-FAM120A
K562	RBM22_2-TIA1_2-interaction-shap	interaction	RBM22	2	TIA1	2	917	0.036692481487989426	true	0.036692481487989426	RBM22-TIA1
K562	BUD13_3-PTBP1_3-interaction-shap	interaction	BUD13	3	PTBP1	3	19	-0.03649618849158287	false	0.03649618849158287	BUD13-PTBP1
K562	EIF4E_1-SLTM_1-interaction-shap	interaction	EIF4E	1	SLTM	1	136	-0.03615780547261238	false	0.03615780547261238	EIF4E-SLTM
K562	SND1_4-SRSF1_4-interaction-shap	interaction	SND1	4	SRSF1	4	95	-0.03606249764561653	false	0.03606249764561653	SND1-SRSF1
K562	ELAC2_6-MBNL1_6-interaction-shap	interaction	ELAC2	6	MBNL1	6	14	0.036062091588974	false	0.036062091588974	ELAC2-MBNL1
K562	FXR2_3-IGF2BP2_3-interaction-shap	interaction	FXR2	3	IGF2BP2	3	40	-0.03598113730549812	false	0.03598113730549812	FXR2-IGF2BP2
K562	FAM120A_3-RBFOX2_3-interaction-shap	interaction	FAM120A	3	RBFOX2	3	102	0.0356581024825573	false	0.0356581024825573	FAM120A-RBFOX2
K562	AGGF1_3-SF3B4_3-interaction-shap	interaction	AGGF1	3	SF3B4	3	70	0.03563540801405907	false	0.03563540801405907	AGGF1-SF3B4
K562	FMR1_1-RBFOX2_1-interaction-shap	interaction	FMR1	1	RBFOX2	1	74	-0.035476334393024445	false	0.035476334393024445	FMR1-RBFOX2
K562	DDX55_1-EIF4E_1-interaction-shap	interaction	DDX55	1	EIF4E	1	27	0.03536657616496086	false	0.03536657616496086	DDX55-EIF4E
K562	MTPAP_6-UCHL5_6-interaction-shap	interaction	MTPAP	6	UCHL5	6	599	0.03484068065881729	false	0.03484068065881729	MTPAP-UCHL5
K562	EFTUD2_5-SF3B4_5-interaction-shap	interaction	EFTUD2	5	SF3B4	5	3966	0.03478914126753807	true	0.03478914126753807	EFTUD2-SF3B4
K562	PABPC4_2-SF3B4_2-interaction-shap	interaction	PABPC4	2	SF3B4	2	278	0.03437162563204765	false	0.03437162563204765	PABPC4-SF3B4
K562	AGGF1_4-GPKOW_4-interaction-shap	interaction	AGGF1	4	GPKOW	4	71	0.03413395211100578	false	0.03413395211100578	AGGF1-GPKOW
K562	PRPF8_6-ZC3H11A_6-interaction-shap	interaction	PRPF8	6	ZC3H11A	6	15	-0.03392048180103302	false	0.03392048180103302	PRPF8-ZC3H11A
K562	PUM2_4-UCHL5_4-interaction-shap	interaction	PUM2	4	UCHL5	4	83	-0.033689141273498535	false	0.033689141273498535	PUM2-UCHL5
K562	NONO_4-RBM15_4-interaction-shap	interaction	NONO	4	RBM15	4	45	0.0336480587720871	false	0.0336480587720871	NONO-RBM15
K562	LIN28B_2-PABPC4_2-interaction-shap	interaction	LIN28B	2	PABPC4	2	444	-0.0335533507168293	true	0.0335533507168293	LIN28B-PABPC4
K562	GRWD1_4-IGF2BP2_4-interaction-shap	interaction	GRWD1	4	IGF2BP2	4	84	-0.03344866260886192	false	0.03344866260886192	GRWD1-IGF2BP2
K562	PCBP1_6-PRPF8_6-interaction-shap	interaction	PCBP1	6	PRPF8	6	99	0.03333834186196327	false	0.03333834186196327	PCBP1-PRPF8
K562	CSTF2T_3-PTBP1_3-interaction-shap	interaction	CSTF2T	3	PTBP1	3	3	0.03332502767443657	false	0.03332502767443657	CSTF2T-PTBP1
K562	ELAVL1_4-SRSF1_4-interaction-shap	interaction	ELAVL1	4	SRSF1	4	38	-0.03280732035636902	false	0.03280732035636902	ELAVL1-SRSF1
K562	PRPF8_3-RBFOX2_3-interaction-shap	interaction	PRPF8	3	RBFOX2	3	499	0.03280731663107872	false	0.03280731663107872	PRPF8-RBFOX2
K562	DDX6_6-PUM2_6-interaction-shap	interaction	DDX6	6	PUM2	6	401	0.03277532756328583	false	0.03277532756328583	DDX6-PUM2
K562	DDX3X_6-SRSF1_6-interaction-shap	interaction	DDX3X	6	SRSF1	6	52	0.03272305056452751	false	0.03272305056452751	DDX3X-SRSF1
K562	ELAC2_5-UCHL5_5-interaction-shap	interaction	ELAC2	5	UCHL5	5	76	-0.032630037516355515	false	0.032630037516355515	ELAC2-UCHL5
K562	RBM15_5-UCHL5_5-interaction-shap	interaction	RBM15	5	UCHL5	5	586	0.03225550800561905	false	0.03225550800561905	RBM15-UCHL5
K562	GPKOW_4-SMNDC1_4-interaction-shap	interaction	GPKOW	4	SMNDC1	4	4	0.032103538513183594	false	0.032103538513183594	GPKOW-SMNDC1
K562	NONO_4-SMNDC1_4-interaction-shap	interaction	NONO	4	SMNDC1	4	298	0.032004211097955704	false	0.032004211097955704	NONO-SMNDC1
K562	LIN28B_3-SF3B4_3-interaction-shap	interaction	LIN28B	3	SF3B4	3	913	-0.03194005787372589	false	0.03194005787372589	LIN28B-SF3B4
K562	DDX43_3-PTBP1_3-interaction-shap	interaction	DDX43	3	PTBP1	3	19	-0.03187677264213562	false	0.03187677264213562	DDX43-PTBP1
K562	FXR1_4-IGF2BP1_4-interaction-shap	interaction	FXR1	4	IGF2BP1	4	58	-0.031696777790784836	false	0.031696777790784836	FXR1-IGF2BP1
K562	EXOSC10_6-ZNF622_6-interaction-shap	interaction	EXOSC10	6	ZNF622	6	492	0.0316263847053051	false	0.0316263847053051	EXOSC10-ZNF622
K562	HNRNPL_4-TIA1_4-interaction-shap	interaction	HNRNPL	4	TIA1	4	8	-0.03158880025148392	false	0.03158880025148392	HNRNPL-TIA1
K562	FUS_3-UPF1_3-interaction-shap	interaction	FUS	3	UPF1	3	10	-0.0315367691218853	false	0.0315367691218853	FUS-UPF1
K562	EIF4E_2-ZNF622_2-interaction-shap	interaction	EIF4E	2	ZNF622	2	124	-0.031495898962020874	false	0.031495898962020874	EIF4E-ZNF622
K562	DDX52_1-DHX30_1-interaction-shap	interaction	DDX52	1	DHX30	1	60	0.031284675002098083	false	0.031284675002098083	DDX52-DHX30
K562	DDX24_3-IGF2BP1_3-interaction-shap	interaction	DDX24	3	IGF2BP1	3	95	-0.031180856749415398	false	0.031180856749415398	DDX24-IGF2BP1
K562	PUM2_3-SRSF1_3-interaction-shap	interaction	PUM2	3	SRSF1	3	14	-0.031100202351808548	false	0.031100202351808548	PUM2-SRSF1
K562	HLTF_1-SF3B4_1-interaction-shap	interaction	HLTF	1	SF3B4	1	70	-0.031056832522153854	false	0.031056832522153854	HLTF-SF3B4
K562	EFTUD2_4-IGF2BP1_4-interaction-shap	interaction	EFTUD2	4	IGF2BP1	4	180	-0.0310052577406168	false	0.0310052577406168	EFTUD2-IGF2BP1
K562	EFTUD2_4-PUM2_4-interaction-shap	interaction	EFTUD2	4	PUM2	4	100	-0.030973395332694054	false	0.030973395332694054	EFTUD2-PUM2
K562	EXOSC10_3-FAM120A_3-interaction-shap	interaction	EXOSC10	3	FAM120A	3	15	0.030902009457349777	false	0.030902009457349777	EXOSC10-FAM120A
K562	FUS_3-PTBP1_3-interaction-shap	interaction	FUS	3	PTBP1	3	26	0.030798640102148056	false	0.030798640102148056	FUS-PTBP1
K562	GPKOW_3-NONO_3-interaction-shap	interaction	GPKOW	3	NONO	3	8	-0.03067098930478096	false	0.03067098930478096	GPKOW-NONO
K562	RPS3_3-SF3B4_3-interaction-shap	interaction	RPS3	3	SF3B4	3	943	-0.030537929385900497	false	0.030537929385900497	RPS3-SF3B4
K562	CPEB4_2-PRPF8_2-interaction-shap	interaction	CPEB4	2	PRPF8	2	37	-0.030227085575461388	false	0.030227085575461388	CPEB4-PRPF8
K562	AATF_4-RPS3_4-interaction-shap	interaction	AATF	4	RPS3	4	32	0.029808759689331055	false	0.029808759689331055	AATF-RPS3
K562	CPSF6_6-TRA2A_6-interaction-shap	interaction	CPSF6	6	TRA2A	6	505	0.029333148151636124	false	0.029333148151636124	CPSF6-TRA2A
K562	RBM22_2-SF3B4_2-interaction-shap	interaction	RBM22	2	SF3B4	2	257	-0.02905331552028656	false	0.02905331552028656	RBM22-SF3B4
K562	FTO_4-PUM2_4-interaction-shap	interaction	FTO	4	PUM2	4	3	-0.029046207666397095	false	0.029046207666397095	FTO-PUM2
K562	FXR1_4-LIN28B_4-interaction-shap	interaction	FXR1	4	LIN28B	4	176	-0.028820624575018883	false	0.028820624575018883	FXR1-LIN28B
K562	PRPF8_4-SRSF7_4-interaction-shap	interaction	PRPF8	4	SRSF7	4	169	0.0287909135222435	false	0.0287909135222435	PRPF8-SRSF7
K562	IGF2BP1_3-KHSRP_3-interaction-shap	interaction	IGF2BP1	3	KHSRP	3	123	-0.028695084154605865	false	0.028695084154605865	IGF2BP1-KHSRP
K562	HNRNPM_4-RBFOX2_4-interaction-shap	interaction	HNRNPM	4	RBFOX2	4	14	0.02867332473397255	false	0.02867332473397255	HNRNPM-RBFOX2
K562	EIF4G2_3-NONO_3-interaction-shap	interaction	EIF4G2	3	NONO	3	43	-0.028666669502854347	false	0.028666669502854347	EIF4G2-NONO
K562	FMR1_6-U2AF1_6-interaction-shap	interaction	FMR1	6	U2AF1	6	4	-0.02863389439880848	false	0.02863389439880848	FMR1-U2AF1
K562	FXR1_3-RBM15_3-interaction-shap	interaction	FXR1	3	RBM15	3	106	-0.02862331084907055	false	0.02862331084907055	FXR1-RBM15
K562	LIN28B_4-RBFOX2_4-interaction-shap	interaction	LIN28B	4	RBFOX2	4	45	0.02859816886484623	false	0.02859816886484623	LIN28B-RBFOX2
K562	FXR1_3-U2AF1_3-interaction-shap	interaction	FXR1	3	U2AF1	3	2	-0.02858019433915615	false	0.02858019433915615	FXR1-U2AF1
K562	ILF3_3-PRPF8_3-interaction-shap	interaction	ILF3	3	PRPF8	3	6	-0.028520775958895683	false	0.028520775958895683	ILF3-PRPF8
K562	BUD13_3-PUM1_3-interaction-shap	interaction	BUD13	3	PUM1	3	319	-0.028453605249524117	false	0.028453605249524117	BUD13-PUM1
K562	HNRNPM_3-RPS3_3-interaction-shap	interaction	HNRNPM	3	RPS3	3	2	0.02840539813041687	false	0.02840539813041687	HNRNPM-RPS3
K562	PTBP1_1-SERBP1_1-interaction-shap	interaction	PTBP1	1	SERBP1	1	6	-0.028350573033094406	false	0.028350573033094406	PTBP1-SERBP1
K562	RBM15_1-ZC3H8_1-interaction-shap	interaction	RBM15	1	ZC3H8	1	2	0.02833959460258484	false	0.02833959460258484	RBM15-ZC3H8
K562	PABPC4_2-RBM22_2-interaction-shap	interaction	PABPC4	2	RBM22	2	278	0.02820163406431675	false	0.02820163406431675	PABPC4-RBM22
K562	METAP2_3-RPS3_3-interaction-shap	interaction	METAP2	3	RPS3	3	512	-0.02817550301551819	false	0.02817550301551819	METAP2-RPS3
K562	NONO_3-XRCC6_3-interaction-shap	interaction	NONO	3	XRCC6	3	20	-0.02809281274676323	false	0.02809281274676323	NONO-XRCC6
K562	CSTF2T_3-DGCR8_3-interaction-shap	interaction	CSTF2T	3	DGCR8	3	95	-0.028054174035787582	false	0.028054174035787582	CSTF2T-DGCR8
K562	FMR1_3-TRA2A_3-interaction-shap	interaction	FMR1	3	TRA2A	3	4	-0.02786002866923809	false	0.02786002866923809	FMR1-TRA2A
K562	EIF3G_1-TAF15_1-interaction-shap	interaction	EIF3G	1	TAF15	1	25	-0.02782883122563362	false	0.02782883122563362	EIF3G-TAF15
K562	CSTF2T_3-RPS3_3-interaction-shap	interaction	CSTF2T	3	RPS3	3	56	-0.02763761207461357	false	0.02763761207461357	CSTF2T-RPS3
K562	RBFOX2_4-SND1_4-interaction-shap	interaction	RBFOX2	4	SND1	4	25	0.027281738817691803	false	0.027281738817691803	RBFOX2-SND1
K562	CPSF6_5-NOLC1_5-interaction-shap	interaction	CPSF6	5	NOLC1	5	26	-0.027111399918794632	false	0.027111399918794632	CPSF6-NOLC1
K562	LIN28B_4-SRSF7_4-interaction-shap	interaction	LIN28B	4	SRSF7	4	70	0.026776552200317383	false	0.026776552200317383	LIN28B-SRSF7
K562	FXR2_4-SRSF1_4-interaction-shap	interaction	FXR2	4	SRSF1	4	124	-0.026686057448387146	false	0.026686057448387146	FXR2-SRSF1
K562	FXR2_4-MBNL1_4-interaction-shap	interaction	FXR2	4	MBNL1	4	5	0.026676202192902565	false	0.026676202192902565	FXR2-MBNL1
K562	DDX43_2-PRPF8_2-interaction-shap	interaction	DDX43	2	PRPF8	2	2069	0.026570646092295647	false	0.026570646092295647	DDX43-PRPF8
K562	CPSF6_6-UCHL5_6-interaction-shap	interaction	CPSF6	6	UCHL5	6	626	0.026499003171920776	false	0.026499003171920776	CPSF6-UCHL5
K562	NOLC1_5-NONO_5-interaction-shap	interaction	NOLC1	5	NONO	5	4	0.02643103338778019	false	0.02643103338778019	NOLC1-NONO
K562	APOBEC3C_3-TRA2A_3-interaction-shap	interaction	APOBEC3C	3	TRA2A	3	50	-0.02632923610508442	false	0.02632923610508442	APOBEC3C-TRA2A
K562	FXR1_3-TRA2A_3-interaction-shap	interaction	FXR1	3	TRA2A	3	4	-0.02622346393764019	false	0.02622346393764019	FXR1-TRA2A
K562	IGF2BP1_2-RBM22_2-interaction-shap	interaction	IGF2BP1	2	RBM22	2	74	0.026219861581921577	false	0.026219861581921577	IGF2BP1-RBM22
K562	PTBP1_6-UCHL5_6-interaction-shap	interaction	PTBP1	6	UCHL5	6	76	-0.026204586029052734	false	0.026204586029052734	PTBP1-UCHL5
K562	RPS10_2-XRN2_2-interaction-shap	interaction	RPS10	2	XRN2	2	66	-0.026113951578736305	false	0.026113951578736305	RPS10-XRN2
K562	AGGF1_3-PTBP1_3-interaction-shap	interaction	AGGF1	3	PTBP1	3	22	0.02611369453370571	false	0.02611369453370571	AGGF1-PTBP1
K562	CPSF6_4-LIN28B_4-interaction-shap	interaction	CPSF6	4	LIN28B	4	35	-0.026060879230499268	false	0.026060879230499268	CPSF6-LIN28B
K562	FXR2_4-PUM2_4-interaction-shap	interaction	FXR2	4	PUM2	4	23	-0.02599511481821537	false	0.02599511481821537	FXR2-PUM2
K562	EFTUD2_4-SRSF1_4-interaction-shap	interaction	EFTUD2	4	SRSF1	4	187	-0.025957876816391945	false	0.025957876816391945	EFTUD2-SRSF1
K562	DDX3X_1-EIF3G_1-interaction-shap	interaction	DDX3X	1	EIF3G	1	471	0.025757472962141037	false	0.025757472962141037	DDX3X-EIF3G
K562	BUD13_4-EXOSC10_4-interaction-shap	interaction	BUD13	4	EXOSC10	4	91	-0.02569308690726757	false	0.02569308690726757	BUD13-EXOSC10
K562	IGF2BP1_3-UCHL5_3-interaction-shap	interaction	IGF2BP1	3	UCHL5	3	56	-0.02557353861629963	false	0.02557353861629963	IGF2BP1-UCHL5
K562	QKI_5-SMNDC1_5-interaction-shap	interaction	QKI	5	SMNDC1	5	62	-0.02542003244161606	false	0.02542003244161606	QKI-SMNDC1
K562	PCBP1_2-SMNDC1_2-interaction-shap	interaction	PCBP1	2	SMNDC1	2	290	0.02514726296067238	false	0.02514726296067238	PCBP1-SMNDC1
K562	FUS_3-LSM11_3-interaction-shap	interaction	FUS	3	LSM11	3	176	0.02501651458442211	false	0.02501651458442211	FUS-LSM11
K562	DGCR8_3-NONO_3-interaction-shap	interaction	DGCR8	3	NONO	3	30	-0.024891650304198265	false	0.024891650304198265	DGCR8-NONO
K562	ELAC2_3-NONO_3-interaction-shap	interaction	ELAC2	3	NONO	3	261	-0.024759314954280853	false	0.024759314954280853	ELAC2-NONO
K562	CSTF2T_2-XRN2_2-interaction-shap	interaction	CSTF2T	2	XRN2	2	1121	0.0246904157102108	false	0.0246904157102108	CSTF2T-XRN2
K562	FMR1_4-NOLC1_4-interaction-shap	interaction	FMR1	4	NOLC1	4	13	-0.02453773282468319	false	0.02453773282468319	FMR1-NOLC1
K562	ELAC2_6-ZC3H11A_6-interaction-shap	interaction	ELAC2	6	ZC3H11A	6	125	-0.02426796220242977	false	0.02426796220242977	ELAC2-ZC3H11A
K562	BUD13_2-SRSF7_2-interaction-shap	interaction	BUD13	2	SRSF7	2	94	0.024078674614429474	true	0.024078674614429474	BUD13-SRSF7
K562	LIN28B_1-QKI_1-interaction-shap	interaction	LIN28B	1	QKI	1	9	0.024057254195213318	false	0.024057254195213318	LIN28B-QKI
K562	SF3B4_3-XRN2_3-interaction-shap	interaction	SF3B4	3	XRN2	3	535	0.023825665935873985	false	0.023825665935873985	SF3B4-XRN2
K562	DDX3X_2-FUS_2-interaction-shap	interaction	DDX3X	2	FUS	2	312	-0.023772133514285088	false	0.023772133514285088	DDX3X-FUS
K562	DROSHA_2-SF3B4_2-interaction-shap	interaction	DROSHA	2	SF3B4	2	483	0.023713761940598488	false	0.023713761940598488	DROSHA-SF3B4
K562	METAP2_2-TIA1_2-interaction-shap	interaction	METAP2	2	TIA1	2	152	0.023374313488602638	false	0.023374313488602638	METAP2-TIA1
K562	AQR_4-CSTF2T_4-interaction-shap	interaction	AQR	4	CSTF2T	4	388	0.023368772119283676	false	0.023368772119283676	AQR-CSTF2T
K562	HNRNPK_6-U2AF2_6-interaction-shap	interaction	HNRNPK	6	U2AF2	6	9	-0.023290710523724556	true	0.023290710523724556	HNRNPK-U2AF2
K562	BUD13_4-EIF4E_4-interaction-shap	interaction	BUD13	4	EIF4E	4	61	-0.023274265229701996	false	0.023274265229701996	BUD13-EIF4E
K562	PTBP1_3-TRA2A_3-interaction-shap	interaction	PTBP1	3	TRA2A	3	50	0.023264821618795395	false	0.023264821618795395	PTBP1-TRA2A
K562	DDX6_6-ZC3H11A_6-interaction-shap	interaction	DDX6	6	ZC3H11A	6	390	0.02316323108971119	false	0.02316323108971119	DDX6-ZC3H11A
K562	EWSR1_1-SLTM_1-interaction-shap	interaction	EWSR1	1	SLTM	1	213	-0.02306508459150791	false	0.02306508459150791	EWSR1-SLTM
K562	IGF2BP1_6-ZC3H11A_6-interaction-shap	interaction	IGF2BP1	6	ZC3H11A	6	111	-0.023038309067487717	false	0.023038309067487717	IGF2BP1-ZC3H11A
K562	TIA1_2-XRN2_2-interaction-shap	interaction	TIA1	2	XRN2	2	255	-0.023001007735729218	false	0.023001007735729218	TIA1-XRN2
K562	FXR1_3-PRPF8_3-interaction-shap	interaction	FXR1	3	PRPF8	3	59	0.02285696379840374	false	0.02285696379840374	FXR1-PRPF8
K562	NONO_2-XRN2_2-interaction-shap	interaction	NONO	2	XRN2	2	932	0.02276104874908924	false	0.02276104874908924	NONO-XRN2
K562	FXR2_4-LIN28B_4-interaction-shap	interaction	FXR2	4	LIN28B	4	123	-0.022722382098436356	false	0.022722382098436356	FXR2-LIN28B
K562	DDX3X_1-GARS_1-interaction-shap	interaction	DDX3X	1	GARS	1	82	-0.02261747606098652	false	0.02261747606098652	DDX3X-GARS
K562	EWSR1_4-RBM22_4-interaction-shap	interaction	EWSR1	4	RBM22	4	87	0.022561267018318176	false	0.022561267018318176	EWSR1-RBM22
K562	DDX24_4-PTBP1_4-interaction-shap	interaction	DDX24	4	PTBP1	4	72	-0.022551288828253746	false	0.022551288828253746	DDX24-PTBP1
K562	HNRNPL_4-RBFOX2_4-interaction-shap	interaction	HNRNPL	4	RBFOX2	4	9	0.02251059003174305	false	0.02251059003174305	HNRNPL-RBFOX2
K562	PUM2_6-ZC3H11A_6-interaction-shap	interaction	PUM2	6	ZC3H11A	6	294	0.02248954586684704	false	0.02248954586684704	PUM2-ZC3H11A
K562	GPKOW_3-RPS3_3-interaction-shap	interaction	GPKOW	3	RPS3	3	101	-0.022302811965346336	false	0.022302811965346336	GPKOW-RPS3
K562	LIN28B_3-NOLC1_3-interaction-shap	interaction	LIN28B	3	NOLC1	3	129	0.022198770195245743	false	0.022198770195245743	LIN28B-NOLC1
K562	CSTF2T_4-FMR1_4-interaction-shap	interaction	CSTF2T	4	FMR1	4	25	-0.022173069417476654	false	0.022173069417476654	CSTF2T-FMR1
K562	RBFOX2_6-RBM15_6-interaction-shap	interaction	RBFOX2	6	RBM15	6	19	-0.02200479619204998	false	0.02200479619204998	RBFOX2-RBM15
K562	FUS_3-NONO_3-interaction-shap	interaction	FUS	3	NONO	3	310	0.021877998486161232	false	0.021877998486161232	FUS-NONO
K562	DDX3X_5-DROSHA_5-interaction-shap	interaction	DDX3X	5	DROSHA	5	85	-0.021808307617902756	false	0.021808307617902756	DDX3X-DROSHA
K562	LSM11_3-PTBP1_3-interaction-shap	interaction	LSM11	3	PTBP1	3	46	-0.021758656948804855	false	0.021758656948804855	LSM11-PTBP1
K562	RBFOX2_3-ZNF622_3-interaction-shap	interaction	RBFOX2	3	ZNF622	3	139	-0.02163262479007244	false	0.02163262479007244	RBFOX2-ZNF622
K562	DDX3X_3-IGF2BP2_3-interaction-shap	interaction	DDX3X	3	IGF2BP2	3	83	-0.021592045202851295	false	0.021592045202851295	DDX3X-IGF2BP2
K562	PRPF8_3-ZNF800_3-interaction-shap	interaction	PRPF8	3	ZNF800	3	64	0.021173836663365364	false	0.021173836663365364	PRPF8-ZNF800
K562	HNRNPK_3-PCBP1_3-interaction-shap	interaction	HNRNPK	3	PCBP1	3	157	0.02114386484026909	true	0.02114386484026909	HNRNPK-PCBP1
K562	HNRNPK_4-PRPF8_4-interaction-shap	interaction	HNRNPK	4	PRPF8	4	55	-0.021142123267054558	false	0.021142123267054558	HNRNPK-PRPF8
K562	GPKOW_3-TRA2A_3-interaction-shap	interaction	GPKOW	3	TRA2A	3	123	-0.021059872582554817	false	0.021059872582554817	GPKOW-TRA2A
K562	BUD13_4-METAP2_4-interaction-shap	interaction	BUD13	4	METAP2	4	218	-0.020838869735598564	false	0.020838869735598564	BUD13-METAP2
K562	DDX55_4-LIN28B_4-interaction-shap	interaction	DDX55	4	LIN28B	4	36	-0.02066105417907238	false	0.02066105417907238	DDX55-LIN28B
K562	TARDBP_2-UCHL5_2-interaction-shap	interaction	TARDBP	2	UCHL5	2	36	0.02044667676091194	false	0.02044667676091194	TARDBP-UCHL5
K562	EWSR1_4-TAF15_4-interaction-shap	interaction	EWSR1	4	TAF15	4	22	0.020411452278494835	true	0.020411452278494835	EWSR1-TAF15
K562	EFTUD2_2-FUS_2-interaction-shap	interaction	EFTUD2	2	FUS	2	813	0.020352182909846306	false	0.020352182909846306	EFTUD2-FUS
K562	DGCR8_4-LIN28B_4-interaction-shap	interaction	DGCR8	4	LIN28B	4	11	0.02034425176680088	false	0.02034425176680088	DGCR8-LIN28B
K562	DDX3X_1-ELAVL1_1-interaction-shap	interaction	DDX3X	1	ELAVL1	1	17	0.020337633788585663	false	0.020337633788585663	DDX3X-ELAVL1
K562	CSTF2T_3-EFTUD2_3-interaction-shap	interaction	CSTF2T	3	EFTUD2	3	285	0.020223889499902725	false	0.020223889499902725	CSTF2T-EFTUD2
K562	DDX24_4-RBM22_4-interaction-shap	interaction	DDX24	4	RBM22	4	434	-0.020122773945331573	false	0.020122773945331573	DDX24-RBM22
K562	DDX3X_1-SRSF9_1-interaction-shap	interaction	DDX3X	1	SRSF9	1	227	-0.020070374011993408	false	0.020070374011993408	DDX3X-SRSF9
K562	BUD13_4-HNRNPM_4-interaction-shap	interaction	BUD13	4	HNRNPM	4	72	0.02005121298134327	false	0.02005121298134327	BUD13-HNRNPM
K562	IGF2BP1_3-U2AF2_3-interaction-shap	interaction	IGF2BP1	3	U2AF2	3	94	-0.019960112869739532	false	0.019960112869739532	IGF2BP1-U2AF2
K562	EXOSC10_4-SRSF1_4-interaction-shap	interaction	EXOSC10	4	SRSF1	4	199	-0.019930336624383926	false	0.019930336624383926	EXOSC10-SRSF1
K562	CSTF2T_4-FUS_4-interaction-shap	interaction	CSTF2T	4	FUS	4	296	0.019784877076745033	false	0.019784877076745033	CSTF2T-FUS
K562	FUS_1-NCBP2_1-interaction-shap	interaction	FUS	1	NCBP2	1	24	-0.01973036304116249	false	0.01973036304116249	FUS-NCBP2
K562	IGF2BP1_2-METAP2_2-interaction-shap	interaction	IGF2BP1	2	METAP2	2	94	0.019557714462280273	false	0.019557714462280273	IGF2BP1-METAP2
K562	PRPF8_1-QKI_1-interaction-shap	interaction	PRPF8	1	QKI	1	5	-0.01955214887857437	false	0.01955214887857437	PRPF8-QKI
K562	RBFOX2_3-RPS3_3-interaction-shap	interaction	RBFOX2	3	RPS3	3	70	0.019497111439704895	false	0.019497111439704895	RBFOX2-RPS3
K562	DDX3X_3-FMR1_3-interaction-shap	interaction	DDX3X	3	FMR1	3	51	-0.01925433799624443	false	0.01925433799624443	DDX3X-FMR1
K562	APOBEC3C_3-SRSF1_3-interaction-shap	interaction	APOBEC3C	3	SRSF1	3	87	-0.019172610715031624	false	0.019172610715031624	APOBEC3C-SRSF1
K562	CPSF6_5-SRSF1_5-interaction-shap	interaction	CPSF6	5	SRSF1	5	124	-0.019161833450198174	false	0.019161833450198174	CPSF6-SRSF1
K562	DDX24_4-PUM2_4-interaction-shap	interaction	DDX24	4	PUM2	4	27	-0.019161297008395195	false	0.019161297008395195	DDX24-PUM2
K562	MTPAP_6-SRSF7_6-interaction-shap	interaction	MTPAP	6	SRSF7	6	83	0.019160347059369087	false	0.019160347059369087	MTPAP-SRSF7
K562	PABPC4_2-TIA1_2-interaction-shap	interaction	PABPC4	2	TIA1	2	337	0.019040944054722786	false	0.019040944054722786	PABPC4-TIA1
K562	AQR_5-FUS_5-interaction-shap	interaction	AQR	5	FUS	5	101	0.019039208069443703	false	0.019039208069443703	AQR-FUS
K562	FXR2_1-RBFOX2_1-interaction-shap	interaction	FXR2	1	RBFOX2	1	58	0.01899733580648899	false	0.01899733580648899	FXR2-RBFOX2
K562	DDX24_4-GPKOW_4-interaction-shap	interaction	DDX24	4	GPKOW	4	216	-0.018970021978020668	false	0.018970021978020668	DDX24-GPKOW
K562	AKAP8L_1-PRPF8_1-interaction-shap	interaction	AKAP8L	1	PRPF8	1	48	-0.01882259175181389	false	0.01882259175181389	AKAP8L-PRPF8
K562	KHSRP_4-RPS3_4-interaction-shap	interaction	KHSRP	4	RPS3	4	141	-0.018755415454506874	false	0.018755415454506874	KHSRP-RPS3
K562	KHSRP_3-SF3B4_3-interaction-shap	interaction	KHSRP	3	SF3B4	3	1545	-0.018578877672553062	false	0.018578877672553062	KHSRP-SF3B4
K562	FXR2_4-RPS3_4-interaction-shap	interaction	FXR2	4	RPS3	4	189	-0.01851075142621994	false	0.01851075142621994	FXR2-RPS3
K562	DDX3X_4-FXR2_4-interaction-shap	interaction	DDX3X	4	FXR2	4	16	-0.018438905477523804	false	0.018438905477523804	DDX3X-FXR2
K562	METAP2_4-RBM22_4-interaction-shap	interaction	METAP2	4	RBM22	4	168	-0.018436633050441742	false	0.018436633050441742	METAP2-RBM22
K562	HNRNPUL1_1-SF3B4_1-interaction-shap	interaction	HNRNPUL1	1	SF3B4	1	137	0.018435949459671974	false	0.018435949459671974	HNRNPUL1-SF3B4
K562	RPS6_3-UCHL5_3-interaction-shap	interaction	RPS6	3	UCHL5	3	81	-0.018290124833583832	false	0.018290124833583832	RPS6-UCHL5
K562	DDX52_3-EIF4G2_3-interaction-shap	interaction	DDX52	3	EIF4G2	3	17	0.018285300582647324	false	0.018285300582647324	DDX52-EIF4G2
K562	PTBP1_1-SRSF9_1-interaction-shap	interaction	PTBP1	1	SRSF9	1	9	0.01815076917409897	false	0.01815076917409897	PTBP1-SRSF9
K562	CSTF2T_3-ELAC2_3-interaction-shap	interaction	CSTF2T	3	ELAC2	3	238	-0.018097708001732826	false	0.018097708001732826	CSTF2T-ELAC2
K562	IGF2BP2_3-PCBP1_3-interaction-shap	interaction	IGF2BP2	3	PCBP1	3	206	-0.018087008967995644	true	0.018087008967995644	IGF2BP2-PCBP1
K562	SRSF1_4-TROVE2_4-interaction-shap	interaction	SRSF1	4	TROVE2	4	5	-0.018018638715147972	false	0.018018638715147972	SRSF1-TROVE2
K562	BUD13_1-PHF6_1-interaction-shap	interaction	BUD13	1	PHF6	1	54	0.018013814464211464	false	0.018013814464211464	BUD13-PHF6
K562	IGF2BP2_5-TIA1_5-interaction-shap	interaction	IGF2BP2	5	TIA1	5	55	0.017777860164642334	false	0.017777860164642334	IGF2BP2-TIA1
K562	DDX1_3-FAM120A_3-interaction-shap	interaction	DDX1	3	FAM120A	3	5	-0.017690636217594147	false	0.017690636217594147	DDX1-FAM120A
K562	GPKOW_6-ZNF622_6-interaction-shap	interaction	GPKOW	6	ZNF622	6	505	0.01766734942793846	false	0.01766734942793846	GPKOW-ZNF622
K562	MBNL1_3-SF3B4_3-interaction-shap	interaction	MBNL1	3	SF3B4	3	26	0.017643297091126442	false	0.017643297091126442	MBNL1-SF3B4
K562	HNRNPL_2-PCBP1_2-interaction-shap	interaction	HNRNPL	2	PCBP1	2	4	0.017333582043647766	false	0.017333582043647766	HNRNPL-PCBP1
K562	CSTF2T_4-YBX3_4-interaction-shap	interaction	CSTF2T	4	YBX3	4	167	0.017322206869721413	false	0.017322206869721413	CSTF2T-YBX3
K562	IGF2BP1_4-UPF1_4-interaction-shap	interaction	IGF2BP1	4	UPF1	4	4	0.0172983780503273	false	0.0172983780503273	IGF2BP1-UPF1
K562	SMNDC1_3-U2AF2_3-interaction-shap	interaction	SMNDC1	3	U2AF2	3	128	-0.017254391685128212	false	0.017254391685128212	SMNDC1-U2AF2
K562	IGF2BP2_4-PUM2_4-interaction-shap	interaction	IGF2BP2	4	PUM2	4	21	-0.017215032130479813	false	0.017215032130479813	IGF2BP2-PUM2
K562	ELAVL1_6-ZC3H11A_6-interaction-shap	interaction	ELAVL1	6	ZC3H11A	6	136	-0.017209505662322044	false	0.017209505662322044	ELAVL1-ZC3H11A
K562	CSTF2T_3-METAP2_3-interaction-shap	interaction	CSTF2T	3	METAP2	3	159	-0.017155470326542854	false	0.017155470326542854	CSTF2T-METAP2
K562	IGF2BP2_3-METAP2_3-interaction-shap	interaction	IGF2BP2	3	METAP2	3	153	-0.016949109733104706	false	0.016949109733104706	IGF2BP2-METAP2
K562	EWSR1_3-FAM120A_3-interaction-shap	interaction	EWSR1	3	FAM120A	3	172	-0.016944674775004387	false	0.016944674775004387	EWSR1-FAM120A
K562	GARS_1-PRPF8_1-interaction-shap	interaction	GARS	1	PRPF8	1	18	-0.01681593619287014	false	0.01681593619287014	GARS-PRPF8
K562	DROSHA_4-RBFOX2_4-interaction-shap	interaction	DROSHA	4	RBFOX2	4	174	-0.016431601718068123	false	0.016431601718068123	DROSHA-RBFOX2
K562	IGF2BP2_2-SND1_2-interaction-shap	interaction	IGF2BP2	2	SND1	2	184	0.016406377777457237	false	0.016406377777457237	IGF2BP2-SND1
K562	DDX55_6-SF3B4_6-interaction-shap	interaction	DDX55	6	SF3B4	6	18	0.016299189999699593	false	0.016299189999699593	DDX55-SF3B4
K562	U2AF2_4-UCHL5_4-interaction-shap	interaction	U2AF2	4	UCHL5	4	135	-0.01629466563463211	false	0.01629466563463211	U2AF2-UCHL5
K562	FUS_3-SF3B4_3-interaction-shap	interaction	FUS	3	SF3B4	3	305	0.01615085080265999	false	0.01615085080265999	FUS-SF3B4
K562	HLTF_4-TIA1_4-interaction-shap	interaction	HLTF	4	TIA1	4	15	0.01613832265138626	false	0.01613832265138626	HLTF-TIA1
K562	BUD13_2-ZNF800_2-interaction-shap	interaction	BUD13	2	ZNF800	2	314	0.01613025926053524	false	0.01613025926053524	BUD13-ZNF800
K562	DDX24_1-EXOSC10_1-interaction-shap	interaction	DDX24	1	EXOSC10	1	76	-0.01597849279642105	false	0.01597849279642105	DDX24-EXOSC10
K562	CSTF2T_4-NONO_4-interaction-shap	interaction	CSTF2T	4	NONO	4	370	-0.015962842851877213	true	0.015962842851877213	CSTF2T-NONO
K562	IGF2BP1_1-PCBP1_1-interaction-shap	interaction	IGF2BP1	1	PCBP1	1	84	0.01589963585138321	false	0.01589963585138321	IGF2BP1-PCBP1
K562	DDX6_2-XRCC6_2-interaction-shap	interaction	DDX6	2	XRCC6	2	373	0.015890369191765785	false	0.015890369191765785	DDX6-XRCC6
K562	GPKOW_2-IGF2BP1_2-interaction-shap	interaction	GPKOW	2	IGF2BP1	2	28	0.015823205932974815	false	0.015823205932974815	GPKOW-IGF2BP1
K562	FMR1_3-SRSF1_3-interaction-shap	interaction	FMR1	3	SRSF1	3	72	-0.01569128781557083	false	0.01569128781557083	FMR1-SRSF1
K562	DDX42_3-U2AF2_3-interaction-shap	interaction	DDX42	3	U2AF2	3	67	-0.015621660277247429	true	0.015621660277247429	DDX42-U2AF2
K562	AATF_4-IGF2BP1_4-interaction-shap	interaction	AATF	4	IGF2BP1	4	58	0.015446528792381287	false	0.015446528792381287	AATF-IGF2BP1
K562	APOBEC3C_3-PUM2_3-interaction-shap	interaction	APOBEC3C	3	PUM2	3	4	-0.015404090285301208	false	0.015404090285301208	APOBEC3C-PUM2
K562	PUM2_3-YBX3_3-interaction-shap	interaction	PUM2	3	YBX3	3	94	-0.015390008687973022	false	0.015390008687973022	PUM2-YBX3
K562	LIN28B_4-PUM1_4-interaction-shap	interaction	LIN28B	4	PUM1	4	348	-0.015385300852358341	false	0.015385300852358341	LIN28B-PUM1
K562	DDX43_5-GPKOW_5-interaction-shap	interaction	DDX43	5	GPKOW	5	261	-0.015366999432444572	false	0.015366999432444572	DDX43-GPKOW
K562	METAP2_5-SF3B4_5-interaction-shap	interaction	METAP2	5	SF3B4	5	1278	0.015177784487605095	false	0.015177784487605095	METAP2-SF3B4
K562	DDX6_3-RPS3_3-interaction-shap	interaction	DDX6	3	RPS3	3	71	0.015094801783561707	false	0.015094801783561707	DDX6-RPS3
K562	HLTF_6-SRSF1_6-interaction-shap	interaction	HLTF	6	SRSF1	6	7	-0.015078719705343246	false	0.015078719705343246	HLTF-SRSF1
K562	EXOSC10_6-RBM22_6-interaction-shap	interaction	EXOSC10	6	RBM22	6	154	0.015061991289258003	false	0.015061991289258003	EXOSC10-RBM22
K562	EWSR1_2-RPS10_2-interaction-shap	interaction	EWSR1	2	RPS10	2	85	-0.014924167655408382	false	0.014924167655408382	EWSR1-RPS10
K562	BUD13_3-MTPAP_3-interaction-shap	interaction	BUD13	3	MTPAP	3	127	-0.014911268837749958	false	0.014911268837749958	BUD13-MTPAP
K562	MBNL1_6-ZC3H11A_6-interaction-shap	interaction	MBNL1	6	ZC3H11A	6	34	-0.014895940199494362	false	0.014895940199494362	MBNL1-ZC3H11A
K562	KHSRP_3-PTBP1_3-interaction-shap	interaction	KHSRP	3	PTBP1	3	9	-0.01485457643866539	false	0.01485457643866539	KHSRP-PTBP1
K562	IGF2BP1_1-RBM15_1-interaction-shap	interaction	IGF2BP1	1	RBM15	1	56	-0.014828129671514034	false	0.014828129671514034	IGF2BP1-RBM15
K562	PRPF8_2-TRA2A_2-interaction-shap	interaction	PRPF8	2	TRA2A	2	542	-0.014818414114415646	false	0.014818414114415646	PRPF8-TRA2A
K562	NONO_2-U2AF1_2-interaction-shap	interaction	NONO	2	U2AF1	2	83	-0.014802302233874798	false	0.014802302233874798	NONO-U2AF1
K562	EXOSC10_1-RPS3_1-interaction-shap	interaction	EXOSC10	1	RPS3	1	23	-0.014712927863001823	false	0.014712927863001823	EXOSC10-RPS3
K562	EFTUD2_4-RPS3_4-interaction-shap	interaction	EFTUD2	4	RPS3	4	418	-0.014707709662616253	false	0.014707709662616253	EFTUD2-RPS3
K562	BUD13_2-NONO_2-interaction-shap	interaction	BUD13	2	NONO	2	384	-0.014676263555884361	false	0.014676263555884361	BUD13-NONO
K562	AARS_3-PRPF8_3-interaction-shap	interaction	AARS	3	PRPF8	3	91	0.014599590562283993	false	0.014599590562283993	AARS-PRPF8
K562	HNRNPL_3-PTBP1_3-interaction-shap	interaction	HNRNPL	3	PTBP1	3	14	0.014510427601635456	false	0.014510427601635456	HNRNPL-PTBP1
K562	PTBP1_3-U2AF1_3-interaction-shap	interaction	PTBP1	3	U2AF1	3	14	0.014462054707109928	false	0.014462054707109928	PTBP1-U2AF1
K562	ELAVL1_3-SF3B4_3-interaction-shap	interaction	ELAVL1	3	SF3B4	3	140	-0.014397808350622654	false	0.014397808350622654	ELAVL1-SF3B4
K562	DDX6_6-ELAVL1_6-interaction-shap	interaction	DDX6	6	ELAVL1	6	91	0.014314097352325916	false	0.014314097352325916	DDX6-ELAVL1
K562	HNRNPL_3-SF3B4_3-interaction-shap	interaction	HNRNPL	3	SF3B4	3	39	0.014313071966171265	false	0.014313071966171265	HNRNPL-SF3B4
K562	METAP2_3-U2AF2_3-interaction-shap	interaction	METAP2	3	U2AF2	3	40	-0.014134326949715614	false	0.014134326949715614	METAP2-U2AF2
K562	APOBEC3C_3-PRPF8_3-interaction-shap	interaction	APOBEC3C	3	PRPF8	3	25	0.014057162217795849	false	0.014057162217795849	APOBEC3C-PRPF8
K562	EXOSC10_4-UCHL5_4-interaction-shap	interaction	EXOSC10	4	UCHL5	4	469	-0.014019466936588287	false	0.014019466936588287	EXOSC10-UCHL5
K562	FAM120A_3-GTF2F1_3-interaction-shap	interaction	FAM120A	3	GTF2F1	3	191	-0.013905925676226616	false	0.013905925676226616	FAM120A-GTF2F1
K562	RBM22_2-U2AF1_2-interaction-shap	interaction	RBM22	2	U2AF1	2	217	0.013884472660720348	false	0.013884472660720348	RBM22-U2AF1
K562	QKI_3-UCHL5_3-interaction-shap	interaction	QKI	3	UCHL5	3	63	-0.013774440623819828	false	0.013774440623819828	QKI-UCHL5
K562	PUM1_3-SF3B4_3-interaction-shap	interaction	PUM1	3	SF3B4	3	497	-0.013613312505185604	false	0.013613312505185604	PUM1-SF3B4
K562	DDX43_3-PUM2_3-interaction-shap	interaction	DDX43	3	PUM2	3	4	-0.01359269767999649	false	0.01359269767999649	DDX43-PUM2
K562	GPKOW_4-PABPC4_4-interaction-shap	interaction	GPKOW	4	PABPC4	4	72	-0.01343345083296299	false	0.01343345083296299	GPKOW-PABPC4
K562	XRCC6_3-ZC3H11A_3-interaction-shap	interaction	XRCC6	3	ZC3H11A	3	2	0.013366341590881348	false	0.013366341590881348	XRCC6-ZC3H11A
K562	FUS_5-HNRNPUL1_5-interaction-shap	interaction	FUS	5	HNRNPUL1	5	31	0.013240665197372437	true	0.013240665197372437	FUS-HNRNPUL1
K562	FAM120A_3-ZC3H11A_3-interaction-shap	interaction	FAM120A	3	ZC3H11A	3	17	-0.013131284154951572	false	0.013131284154951572	FAM120A-ZC3H11A
K562	PRPF8_5-SF3B1_5-interaction-shap	interaction	PRPF8	5	SF3B1	5	4	0.013036774471402168	false	0.013036774471402168	PRPF8-SF3B1
K562	FMR1_2-LIN28B_2-interaction-shap	interaction	FMR1	2	LIN28B	2	237	0.013026692904531956	false	0.013026692904531956	FMR1-LIN28B
K562	PRPF8_2-XRN2_2-interaction-shap	interaction	PRPF8	2	XRN2	2	1200	0.013007540255784988	false	0.013007540255784988	PRPF8-XRN2
K562	KHSRP_4-PUM2_4-interaction-shap	interaction	KHSRP	4	PUM2	4	82	-0.013001627288758755	false	0.013001627288758755	KHSRP-PUM2
K562	EFTUD2_3-NONO_3-interaction-shap	interaction	EFTUD2	3	NONO	3	170	0.012923186644911766	false	0.012923186644911766	EFTUD2-NONO
K562	RBM15_3-SRSF1_3-interaction-shap	interaction	RBM15	3	SRSF1	3	173	-0.012853256426751614	false	0.012853256426751614	RBM15-SRSF1
K562	BUD13_3-EIF4G2_3-interaction-shap	interaction	BUD13	3	EIF4G2	3	100	0.012845676392316818	false	0.012845676392316818	BUD13-EIF4G2
K562	RBFOX2_4-SMNDC1_4-interaction-shap	interaction	RBFOX2	4	SMNDC1	4	68	-0.01281831506639719	false	0.01281831506639719	RBFOX2-SMNDC1
K562	DDX1_1-NONO_1-interaction-shap	interaction	DDX1	1	NONO	1	172	0.012724089436233044	false	0.012724089436233044	DDX1-NONO
K562	DDX6_6-ELAC2_6-interaction-shap	interaction	DDX6	6	ELAC2	6	215	0.012706952169537544	false	0.012706952169537544	DDX6-ELAC2
K562	CPSF6_1-PTBP1_1-interaction-shap	interaction	CPSF6	1	PTBP1	1	8	0.012634132988750935	false	0.012634132988750935	CPSF6-PTBP1
K562	UCHL5_3-XRCC6_3-interaction-shap	interaction	UCHL5	3	XRCC6	3	78	0.012501678429543972	false	0.012501678429543972	UCHL5-XRCC6
K562	PRPF8_4-SRSF1_4-interaction-shap	interaction	PRPF8	4	SRSF1	4	308	-0.012492746114730835	false	0.012492746114730835	PRPF8-SRSF1
K562	GEMIN5_6-SRSF1_6-interaction-shap	interaction	GEMIN5	6	SRSF1	6	21	0.012429769150912762	false	0.012429769150912762	GEMIN5-SRSF1
K562	DGCR8_5-SF3B4_5-interaction-shap	interaction	DGCR8	5	SF3B4	5	198	0.012288152240216732	false	0.012288152240216732	DGCR8-SF3B4
K562	CSTF2T_2-MORC2_2-interaction-shap	interaction	CSTF2T	2	MORC2	2	246	0.012131870724260807	false	0.012131870724260807	CSTF2T-MORC2
K562	GPKOW_5-ZNF800_5-interaction-shap	interaction	GPKOW	5	ZNF800	5	218	-0.011800973676145077	false	0.011800973676145077	GPKOW-ZNF800
K562	EIF4E_1-U2AF2_1-interaction-shap	interaction	EIF4E	1	U2AF2	1	1	-0.011701539158821106	false	0.011701539158821106	EIF4E-U2AF2
K562	IGF2BP2_2-SMNDC1_2-interaction-shap	interaction	IGF2BP2	2	SMNDC1	2	192	0.01167868822813034	false	0.01167868822813034	IGF2BP2-SMNDC1
K562	GPKOW_4-RBM15_4-interaction-shap	interaction	GPKOW	4	RBM15	4	57	-0.011510362848639488	false	0.011510362848639488	GPKOW-RBM15
K562	GPKOW_2-SRSF1_2-interaction-shap	interaction	GPKOW	2	SRSF1	2	80	-0.01148940995335579	false	0.01148940995335579	GPKOW-SRSF1
K562	CSTF2T_1-IGF2BP1_1-interaction-shap	interaction	CSTF2T	1	IGF2BP1	1	69	-0.01146765984594822	false	0.01146765984594822	CSTF2T-IGF2BP1
K562	DDX6_6-FUS_6-interaction-shap	interaction	DDX6	6	FUS	6	60	0.011457831598818302	false	0.011457831598818302	DDX6-FUS
K562	SAFB2_3-UCHL5_3-interaction-shap	interaction	SAFB2	3	UCHL5	3	5	-0.011408770456910133	false	0.011408770456910133	SAFB2-UCHL5
K562	GPKOW_3-NOLC1_3-interaction-shap	interaction	GPKOW	3	NOLC1	3	3	-0.011393935419619083	false	0.011393935419619083	GPKOW-NOLC1
K562	ELAVL1_4-UCHL5_4-interaction-shap	interaction	ELAVL1	4	UCHL5	4	59	-0.01135955099016428	false	0.01135955099016428	ELAVL1-UCHL5
K562	ELAC2_3-XRN2_3-interaction-shap	interaction	ELAC2	3	XRN2	3	97	-0.011316999793052673	false	0.011316999793052673	ELAC2-XRN2
K562	FTO_1-RBFOX2_1-interaction-shap	interaction	FTO	1	RBFOX2	1	38	0.011310365982353687	false	0.011310365982353687	FTO-RBFOX2
K562	APOBEC3C_6-ZC3H11A_6-interaction-shap	interaction	APOBEC3C	6	ZC3H11A	6	505	0.011269672773778439	false	0.011269672773778439	APOBEC3C-ZC3H11A
K562	CSTF2T_4-HNRNPK_4-interaction-shap	interaction	CSTF2T	4	HNRNPK	4	50	0.011227109469473362	false	0.011227109469473362	CSTF2T-HNRNPK
K562	GTF2F1_3-ZC3H11A_3-interaction-shap	interaction	GTF2F1	3	ZC3H11A	3	29	0.01121426746249199	false	0.01121426746249199	GTF2F1-ZC3H11A
K562	TRA2A_6-UCHL5_6-interaction-shap	interaction	TRA2A	6	UCHL5	6	1683	0.011168702505528927	false	0.011168702505528927	TRA2A-UCHL5
K562	BUD13_3-ELAVL1_3-interaction-shap	interaction	BUD13	3	ELAVL1	3	84	-0.011145524680614471	false	0.011145524680614471	BUD13-ELAVL1
K562	EWSR1_4-PRPF8_4-interaction-shap	interaction	EWSR1	4	PRPF8	4	159	0.011121745221316814	false	0.011121745221316814	EWSR1-PRPF8
K562	CSTF2T_4-TAF15_4-interaction-shap	interaction	CSTF2T	4	TAF15	4	1	0.01109326258301735	true	0.01109326258301735	CSTF2T-TAF15
K562	DDX6_3-UCHL5_3-interaction-shap	interaction	DDX6	3	UCHL5	3	89	0.010993829928338528	false	0.010993829928338528	DDX6-UCHL5
K562	BUD13_3-U2AF2_3-interaction-shap	interaction	BUD13	3	U2AF2	3	691	-0.010880736634135246	false	0.010880736634135246	BUD13-U2AF2
K562	GPKOW_1-MTPAP_1-interaction-shap	interaction	GPKOW	1	MTPAP	1	30	0.010861063376069069	false	0.010861063376069069	GPKOW-MTPAP
K562	ELAC2_2-LIN28B_2-interaction-shap	interaction	ELAC2	2	LIN28B	2	38	-0.010853130370378494	false	0.010853130370378494	ELAC2-LIN28B
K562	FXR2_2-IGF2BP1_2-interaction-shap	interaction	FXR2	2	IGF2BP1	2	49	0.01084280014038086	false	0.01084280014038086	FXR2-IGF2BP1
K562	LIN28B_3-NIPBL_3-interaction-shap	interaction	LIN28B	3	NIPBL	3	57	-0.01081970613449812	false	0.01081970613449812	LIN28B-NIPBL
K562	FMR1_3-RBM15_3-interaction-shap	interaction	FMR1	3	RBM15	3	143	0.01080584991723299	false	0.01080584991723299	FMR1-RBM15
K562	APOBEC3C_3-U2AF1_3-interaction-shap	interaction	APOBEC3C	3	U2AF1	3	4	0.010685372166335583	false	0.010685372166335583	APOBEC3C-U2AF1
K562	ELAC2_3-SF3B4_3-interaction-shap	interaction	ELAC2	3	SF3B4	3	199	0.010632413439452648	false	0.010632413439452648	ELAC2-SF3B4
K562	APOBEC3C_3-LIN28B_3-interaction-shap	interaction	APOBEC3C	3	LIN28B	3	81	-0.010549582540988922	false	0.010549582540988922	APOBEC3C-LIN28B
K562	FTO_5-U2AF2_5-interaction-shap	interaction	FTO	5	U2AF2	5	4	-0.010497068986296654	false	0.010497068986296654	FTO-U2AF2
K562	RBM22_2-XRN2_2-interaction-shap	interaction	RBM22	2	XRN2	2	357	0.010483943857252598	false	0.010483943857252598	RBM22-XRN2
K562	DDX3X_4-PRPF8_4-interaction-shap	interaction	DDX3X	4	PRPF8	4	317	-0.010474811308085918	false	0.010474811308085918	DDX3X-PRPF8
K562	DDX43_4-TIA1_4-interaction-shap	interaction	DDX43	4	TIA1	4	387	0.010247820056974888	false	0.010247820056974888	DDX43-TIA1
K562	BUD13_6-RBM15_6-interaction-shap	interaction	BUD13	6	RBM15	6	304	-0.010229544714093208	false	0.010229544714093208	BUD13-RBM15
K562	HLTF_1-U2AF2_1-interaction-shap	interaction	HLTF	1	U2AF2	1	50	-0.010141205973923206	false	0.010141205973923206	HLTF-U2AF2
K562	PUM2_4-TIA1_4-interaction-shap	interaction	PUM2	4	TIA1	4	67	0.010115375742316246	false	0.010115375742316246	PUM2-TIA1
K562	HNRNPC_2-RBM22_2-interaction-shap	interaction	HNRNPC	2	RBM22	2	7	0.010114163160324097	false	0.010114163160324097	HNRNPC-RBM22
K562	IGF2BP1_2-PABPC4_2-interaction-shap	interaction	IGF2BP1	2	PABPC4	2	180	0.010081489570438862	false	0.010081489570438862	IGF2BP1-PABPC4
K562	AATF_4-TIA1_4-interaction-shap	interaction	AATF	4	TIA1	4	40	0.010026838630437851	false	0.010026838630437851	AATF-TIA1
K562	LIN28B_5-U2AF1_5-interaction-shap	interaction	LIN28B	5	U2AF1	5	136	0.009984188713133335	false	0.009984188713133335	LIN28B-U2AF1
K562	FAM120A_6-PUM2_6-interaction-shap	interaction	FAM120A	6	PUM2	6	87	0.009961402043700218	false	0.009961402043700218	FAM120A-PUM2
K562	EIF4E_1-RBM15_1-interaction-shap	interaction	EIF4E	1	RBM15	1	388	0.00995524600148201	true	0.00995524600148201	EIF4E-RBM15
K562	TIA1_3-ZNF622_3-interaction-shap	interaction	TIA1	3	ZNF622	3	33	0.009790514595806599	false	0.009790514595806599	TIA1-ZNF622
K562	LIN28B_4-RBM22_4-interaction-shap	interaction	LIN28B	4	RBM22	4	279	-0.009778367355465889	false	0.009778367355465889	LIN28B-RBM22
K562	ILF3_3-U2AF2_3-interaction-shap	interaction	ILF3	3	U2AF2	3	3	-0.009655055589973927	false	0.009655055589973927	ILF3-U2AF2
K562	EFTUD2_2-XRN2_2-interaction-shap	interaction	EFTUD2	2	XRN2	2	1652	0.009619927033782005	false	0.009619927033782005	EFTUD2-XRN2
K562	PCBP1_2-XRN2_2-interaction-shap	interaction	PCBP1	2	XRN2	2	324	0.009588229469954967	false	0.009588229469954967	PCBP1-XRN2
K562	EIF4G2_3-SF3B4_3-interaction-shap	interaction	EIF4G2	3	SF3B4	3	115	0.009564056992530823	false	0.009564056992530823	EIF4G2-SF3B4
K562	CSTF2T_3-PCBP1_3-interaction-shap	interaction	CSTF2T	3	PCBP1	3	54	-0.009552529081702232	false	0.009552529081702232	CSTF2T-PCBP1
K562	U2AF2_5-ZNF622_5-interaction-shap	interaction	U2AF2	5	ZNF622	5	901	0.009460448287427425	false	0.009460448287427425	U2AF2-ZNF622
K562	RPS3_6-ZNF800_6-interaction-shap	interaction	RPS3	6	ZNF800	6	397	0.009399328380823135	false	0.009399328380823135	RPS3-ZNF800
K562	EWSR1_3-SF3B4_3-interaction-shap	interaction	EWSR1	3	SF3B4	3	484	0.009294871240854263	false	0.009294871240854263	EWSR1-SF3B4
K562	RBM22_3-UCHL5_3-interaction-shap	interaction	RBM22	3	UCHL5	3	2	0.009290589950978756	false	0.009290589950978756	RBM22-UCHL5
K562	EXOSC10_4-PRPF8_4-interaction-shap	interaction	EXOSC10	4	PRPF8	4	150	0.009289261884987354	false	0.009289261884987354	EXOSC10-PRPF8
K562	BUD13_2-HNRNPC_2-interaction-shap	interaction	BUD13	2	HNRNPC	2	39	0.009265256114304066	false	0.009265256114304066	BUD13-HNRNPC
K562	DDX55_2-PRPF8_2-interaction-shap	interaction	DDX55	2	PRPF8	2	278	0.009257885627448559	false	0.009257885627448559	DDX55-PRPF8
K562	CSTF2T_3-HNRNPL_3-interaction-shap	interaction	CSTF2T	3	HNRNPL	3	33	-0.009250306524336338	true	0.009250306524336338	CSTF2T-HNRNPL
K562	BUD13_3-IGF2BP1_3-interaction-shap	interaction	BUD13	3	IGF2BP1	3	94	0.009219018742442131	false	0.009219018742442131	BUD13-IGF2BP1
K562	IGF2BP2_3-U2AF2_3-interaction-shap	interaction	IGF2BP2	3	U2AF2	3	144	-0.009213894605636597	false	0.009213894605636597	IGF2BP2-U2AF2
K562	NONO_4-RBM22_4-interaction-shap	interaction	NONO	4	RBM22	4	45	0.009191945195198059	false	0.009191945195198059	NONO-RBM22
K562	SF3B4_3-UPF1_3-interaction-shap	interaction	SF3B4	3	UPF1	3	51	-0.009158630855381489	false	0.009158630855381489	SF3B4-UPF1
K562	ELAC2_5-PRPF8_5-interaction-shap	interaction	ELAC2	5	PRPF8	5	61	0.009119795635342598	false	0.009119795635342598	ELAC2-PRPF8
K562	DDX24_6-U2AF2_6-interaction-shap	interaction	DDX24	6	U2AF2	6	60	0.00909972470253706	false	0.00909972470253706	DDX24-U2AF2
K562	GTF2F1_3-UCHL5_3-interaction-shap	interaction	GTF2F1	3	UCHL5	3	188	0.00908737163990736	false	0.00908737163990736	GTF2F1-UCHL5
K562	EFTUD2_4-SRSF7_4-interaction-shap	interaction	EFTUD2	4	SRSF7	4	66	0.009071741253137589	false	0.009071741253137589	EFTUD2-SRSF7
K562	DDX3X_4-TIA1_4-interaction-shap	interaction	DDX3X	4	TIA1	4	43	-0.009053243324160576	false	0.009053243324160576	DDX3X-TIA1
K562	NOLC1_1-RPS3_1-interaction-shap	interaction	NOLC1	1	RPS3	1	77	0.009024063125252724	false	0.009024063125252724	NOLC1-RPS3
K562	SF3B4_5-TARDBP_5-interaction-shap	interaction	SF3B4	5	TARDBP	5	224	-0.00893616396933794	false	0.00893616396933794	SF3B4-TARDBP
K562	FXR2_4-RBM22_4-interaction-shap	interaction	FXR2	4	RBM22	4	71	-0.00890511367470026	false	0.00890511367470026	FXR2-RBM22
K562	GPKOW_6-GRWD1_6-interaction-shap	interaction	GPKOW	6	GRWD1	6	164	-0.008877086453139782	false	0.008877086453139782	GPKOW-GRWD1
K562	ELAC2_6-PUM2_6-interaction-shap	interaction	ELAC2	6	PUM2	6	235	0.008868474513292313	false	0.008868474513292313	ELAC2-PUM2
K562	DDX24_3-EWSR1_3-interaction-shap	interaction	DDX24	3	EWSR1	3	294	0.008796749636530876	false	0.008796749636530876	DDX24-EWSR1
K562	TIA1_2-YBX3_2-interaction-shap	interaction	TIA1	2	YBX3	2	324	0.00858309492468834	false	0.00858309492468834	TIA1-YBX3
K562	IGF2BP2_3-RBM15_3-interaction-shap	interaction	IGF2BP2	3	RBM15	3	27	0.008532244712114334	false	0.008532244712114334	IGF2BP2-RBM15
K562	CSTF2T_2-FTO_2-interaction-shap	interaction	CSTF2T	2	FTO	2	406	-0.008506259880959988	false	0.008506259880959988	CSTF2T-FTO
K562	LIN28B_3-U2AF2_3-interaction-shap	interaction	LIN28B	3	U2AF2	3	179	-0.008374256081879139	false	0.008374256081879139	LIN28B-U2AF2
K562	DDX47_3-EFTUD2_3-interaction-shap	interaction	DDX47	3	EFTUD2	3	16	-0.008338493295013905	false	0.008338493295013905	DDX47-EFTUD2
K562	KHSRP_3-LIN28B_3-interaction-shap	interaction	KHSRP	3	LIN28B	3	312	-0.008296393789350986	false	0.008296393789350986	KHSRP-LIN28B
K562	EIF3G_1-UCHL5_1-interaction-shap	interaction	EIF3G	1	UCHL5	1	60	-0.008278530091047287	false	0.008278530091047287	EIF3G-UCHL5
K562	DDX42_3-SF3B4_3-interaction-shap	interaction	DDX42	3	SF3B4	3	113	-0.00816232431679964	false	0.00816232431679964	DDX42-SF3B4
K562	U2AF1_5-XRN2_5-interaction-shap	interaction	U2AF1	5	XRN2	5	20	-0.008082455024123192	false	0.008082455024123192	U2AF1-XRN2
K562	DROSHA_5-EWSR1_5-interaction-shap	interaction	DROSHA	5	EWSR1	5	208	-0.007937448099255562	false	0.007937448099255562	DROSHA-EWSR1
K562	ELAC2_4-EXOSC5_4-interaction-shap	interaction	ELAC2	4	EXOSC5	4	8	-0.007933985441923141	false	0.007933985441923141	ELAC2-EXOSC5
K562	PABPC4_4-PUM2_4-interaction-shap	interaction	PABPC4	4	PUM2	4	82	-0.007901545614004135	false	0.007901545614004135	PABPC4-PUM2
K562	EWSR1_2-LSM11_2-interaction-shap	interaction	EWSR1	2	LSM11	2	414	-0.007853660732507706	false	0.007853660732507706	EWSR1-LSM11
K562	EIF4E_1-PHF6_1-interaction-shap	interaction	EIF4E	1	PHF6	1	9	0.007758120074868202	false	0.007758120074868202	EIF4E-PHF6
K562	EFTUD2_4-HNRNPL_4-interaction-shap	interaction	EFTUD2	4	HNRNPL	4	5	-0.007696819491684437	false	0.007696819491684437	EFTUD2-HNRNPL
K562	DDX43_3-EIF4G2_3-interaction-shap	interaction	DDX43	3	EIF4G2	3	24	0.007618428207933903	false	0.007618428207933903	DDX43-EIF4G2
K562	AGGF1_2-EXOSC10_2-interaction-shap	interaction	AGGF1	2	EXOSC10	2	58	0.007576285861432552	false	0.007576285861432552	AGGF1-EXOSC10
K562	NOLC1_1-U2AF2_1-interaction-shap	interaction	NOLC1	1	U2AF2	1	3	-0.0075066834688186646	false	0.0075066834688186646	NOLC1-U2AF2
K562	DDX3X_2-GEMIN5_2-interaction-shap	interaction	DDX3X	2	GEMIN5	2	2329	0.007466808892786503	false	0.007466808892786503	DDX3X-GEMIN5
K562	CPEB4_6-MBNL1_6-interaction-shap	interaction	CPEB4	6	MBNL1	6	1	0.007446119096130133	false	0.007446119096130133	CPEB4-MBNL1
K562	TRA2A_6-U2AF2_6-interaction-shap	interaction	TRA2A	6	U2AF2	6	27	-0.00739790964871645	false	0.00739790964871645	TRA2A-U2AF2
K562	LIN28B_4-ZC3H11A_4-interaction-shap	interaction	LIN28B	4	ZC3H11A	4	59	0.007394831627607346	false	0.007394831627607346	LIN28B-ZC3H11A
K562	DROSHA_5-FUS_5-interaction-shap	interaction	DROSHA	5	FUS	5	118	0.00730386795476079	false	0.00730386795476079	DROSHA-FUS
K562	LIN28B_6-TIA1_6-interaction-shap	interaction	LIN28B	6	TIA1	6	241	0.0072858394123613834	false	0.0072858394123613834	LIN28B-TIA1
K562	U2AF2_3-YBX3_3-interaction-shap	interaction	U2AF2	3	YBX3	3	140	-0.0072798472829163074	false	0.0072798472829163074	U2AF2-YBX3
K562	EIF4G2_3-HNRNPUL1_3-interaction-shap	interaction	EIF4G2	3	HNRNPUL1	3	17	0.007186303846538067	true	0.007186303846538067	EIF4G2-HNRNPUL1
K562	RPS3_4-XRN2_4-interaction-shap	interaction	RPS3	4	XRN2	4	55	0.0071832421235740185	false	0.0071832421235740185	RPS3-XRN2
K562	EFTUD2_5-RBFOX2_5-interaction-shap	interaction	EFTUD2	5	RBFOX2	5	302	-0.007158632390201092	false	0.007158632390201092	EFTUD2-RBFOX2
K562	SF3B4_1-SRSF1_1-interaction-shap	interaction	SF3B4	1	SRSF1	1	476	-0.007152044679969549	false	0.007152044679969549	SF3B4-SRSF1
K562	RBM22_4-ZNF800_4-interaction-shap	interaction	RBM22	4	ZNF800	4	311	-0.007077598478645086	false	0.007077598478645086	RBM22-ZNF800
K562	LARP4_6-TIA1_6-interaction-shap	interaction	LARP4	6	TIA1	6	59	0.007053234148770571	false	0.007053234148770571	LARP4-TIA1
K562	DDX3X_5-LSM11_5-interaction-shap	interaction	DDX3X	5	LSM11	5	38	0.006982554215937853	false	0.006982554215937853	DDX3X-LSM11
K562	BUD13_5-U2AF1_5-interaction-shap	interaction	BUD13	5	U2AF1	5	430	-0.0069745201617479324	false	0.0069745201617479324	BUD13-U2AF1
K562	GTF2F1_2-SRSF1_2-interaction-shap	interaction	GTF2F1	2	SRSF1	2	63	-0.0068814195692539215	false	0.0068814195692539215	GTF2F1-SRSF1
K562	PRPF8_3-SAFB2_3-interaction-shap	interaction	PRPF8	3	SAFB2	3	6	0.006800636649131775	false	0.006800636649131775	PRPF8-SAFB2
K562	DDX3X_4-ZNF800_4-interaction-shap	interaction	DDX3X	4	ZNF800	4	15	-0.006720826495438814	false	0.006720826495438814	DDX3X-ZNF800
K562	PCBP1_4-RBFOX2_4-interaction-shap	interaction	PCBP1	4	RBFOX2	4	20	-0.006700160913169384	true	0.006700160913169384	PCBP1-RBFOX2
K562	EIF3G_1-LIN28B_1-interaction-shap	interaction	EIF3G	1	LIN28B	1	43	-0.006693694740533829	false	0.006693694740533829	EIF3G-LIN28B
K562	BUD13_5-GTF2F1_5-interaction-shap	interaction	BUD13	5	GTF2F1	5	123	0.00668297428637743	false	0.00668297428637743	BUD13-GTF2F1
K562	DDX24_2-FUS_2-interaction-shap	interaction	DDX24	2	FUS	2	235	0.006679217331111431	false	0.006679217331111431	DDX24-FUS
K562	EIF4E_1-SRSF9_1-interaction-shap	interaction	EIF4E	1	SRSF9	1	304	0.0066163260489702225	true	0.0066163260489702225	EIF4E-SRSF9
K562	PUM2_3-U2AF2_3-interaction-shap	interaction	PUM2	3	U2AF2	3	23	0.0066079492680728436	false	0.0066079492680728436	PUM2-U2AF2
K562	HNRNPK_1-IGF2BP2_1-interaction-shap	interaction	HNRNPK	1	IGF2BP2	1	82	0.006495378911495209	false	0.006495378911495209	HNRNPK-IGF2BP2
K562	MTPAP_2-TIA1_2-interaction-shap	interaction	MTPAP	2	TIA1	2	79	-0.006494188215583563	false	0.006494188215583563	MTPAP-TIA1
K562	EXOSC5_2-UCHL5_2-interaction-shap	interaction	EXOSC5	2	UCHL5	2	149	-0.006447800435125828	false	0.006447800435125828	EXOSC5-UCHL5
K562	EWSR1_3-NONO_3-interaction-shap	interaction	EWSR1	3	NONO	3	625	0.006410025525838137	true	0.006410025525838137	EWSR1-NONO
K562	APOBEC3C_1-RPS3_1-interaction-shap	interaction	APOBEC3C	1	RPS3	1	130	-0.006385315675288439	false	0.006385315675288439	APOBEC3C-RPS3
K562	GEMIN5_3-RPS3_3-interaction-shap	interaction	GEMIN5	3	RPS3	3	311	-0.00630613649263978	false	0.00630613649263978	GEMIN5-RPS3
K562	LIN28B_4-UPF1_4-interaction-shap	interaction	LIN28B	4	UPF1	4	89	0.006300997920334339	false	0.006300997920334339	LIN28B-UPF1
K562	FUS_2-XRN2_2-interaction-shap	interaction	FUS	2	XRN2	2	520	0.006199305411428213	false	0.006199305411428213	FUS-XRN2
K562	DDX3X_5-HNRNPM_5-interaction-shap	interaction	DDX3X	5	HNRNPM	5	17	0.005992507562041283	false	0.005992507562041283	DDX3X-HNRNPM
K562	DROSHA_5-EIF4G2_5-interaction-shap	interaction	DROSHA	5	EIF4G2	5	54	-0.005983839742839336	false	0.005983839742839336	DROSHA-EIF4G2
K562	AKAP1_6-ELAVL1_6-interaction-shap	interaction	AKAP1	6	ELAVL1	6	16	0.005977182183414698	false	0.005977182183414698	AKAP1-ELAVL1
K562	APOBEC3C_3-UCHL5_3-interaction-shap	interaction	APOBEC3C	3	UCHL5	3	225	0.005935205612331629	false	0.005935205612331629	APOBEC3C-UCHL5
K562	ELAVL1_6-PUM2_6-interaction-shap	interaction	ELAVL1	6	PUM2	6	174	-0.005918685346841812	false	0.005918685346841812	ELAVL1-PUM2
K562	PRPF8_1-TARDBP_1-interaction-shap	interaction	PRPF8	1	TARDBP	1	27	-0.005887811537832022	false	0.005887811537832022	PRPF8-TARDBP
K562	BUD13_3-PCBP1_3-interaction-shap	interaction	BUD13	3	PCBP1	3	80	-0.005737630650401115	false	0.005737630650401115	BUD13-PCBP1
K562	IGF2BP2_3-KHSRP_3-interaction-shap	interaction	IGF2BP2	3	KHSRP	3	47	-0.00568213127553463	false	0.00568213127553463	IGF2BP2-KHSRP
K562	DDX6_6-LIN28B_6-interaction-shap	interaction	DDX6	6	LIN28B	6	195	0.005642338655889034	false	0.005642338655889034	DDX6-LIN28B
K562	APEX1_2-EXOSC5_2-interaction-shap	interaction	APEX1	2	EXOSC5	2	5	-0.005641604773700237	false	0.005641604773700237	APEX1-EXOSC5
K562	NONO_6-PTBP1_6-interaction-shap	interaction	NONO	6	PTBP1	6	3	0.005629034712910652	false	0.005629034712910652	NONO-PTBP1
K562	PRPF8_4-SMNDC1_4-interaction-shap	interaction	PRPF8	4	SMNDC1	4	139	0.005422911141067743	false	0.005422911141067743	PRPF8-SMNDC1
K562	IGF2BP2_4-UCHL5_4-interaction-shap	interaction	IGF2BP2	4	UCHL5	4	133	0.0053311362862586975	false	0.0053311362862586975	IGF2BP2-UCHL5
K562	NCBP2_1-U2AF2_1-interaction-shap	interaction	NCBP2	1	U2AF2	1	11	-0.005310943815857172	false	0.005310943815857172	NCBP2-U2AF2
K562	DDX3X_2-NONO_2-interaction-shap	interaction	DDX3X	2	NONO	2	665	0.005247241351753473	false	0.005247241351753473	DDX3X-NONO
K562	MTPAP_6-RBM15_6-interaction-shap	interaction	MTPAP	6	RBM15	6	154	0.005051873158663511	false	0.005051873158663511	MTPAP-RBM15
K562	TIA1_6-UCHL5_6-interaction-shap	interaction	TIA1	6	UCHL5	6	204	-0.005015970207750797	false	0.005015970207750797	TIA1-UCHL5
K562	CPSF6_2-MTPAP_2-interaction-shap	interaction	CPSF6	2	MTPAP	2	84	0.004971735645085573	false	0.004971735645085573	CPSF6-MTPAP
K562	LIN28B_5-TROVE2_5-interaction-shap	interaction	LIN28B	5	TROVE2	5	23	-0.00494567072018981	false	0.00494567072018981	LIN28B-TROVE2
K562	FAM120A_6-PCBP1_6-interaction-shap	interaction	FAM120A	6	PCBP1	6	20	-0.004897070117294788	false	0.004897070117294788	FAM120A-PCBP1
K562	FMR1_5-U2AF2_5-interaction-shap	interaction	FMR1	5	U2AF2	5	153	-0.004896641708910465	false	0.004896641708910465	FMR1-U2AF2
K562	APOBEC3C_2-SRSF7_2-interaction-shap	interaction	APOBEC3C	2	SRSF7	2	87	-0.004829335492104292	false	0.004829335492104292	APOBEC3C-SRSF7
K562	MBNL1_6-UCHL5_6-interaction-shap	interaction	MBNL1	6	UCHL5	6	58	-0.004790168721228838	false	0.004790168721228838	MBNL1-UCHL5
K562	GRWD1_3-TIA1_3-interaction-shap	interaction	GRWD1	3	TIA1	3	27	0.004768147133290768	false	0.004768147133290768	GRWD1-TIA1
K562	ELAC2_3-TARDBP_3-interaction-shap	interaction	ELAC2	3	TARDBP	3	196	0.004726860206574202	false	0.004726860206574202	ELAC2-TARDBP
K562	EWSR1_2-SMNDC1_2-interaction-shap	interaction	EWSR1	2	SMNDC1	2	541	0.0046949684619903564	false	0.0046949684619903564	EWSR1-SMNDC1
K562	NONO_2-RBFOX2_2-interaction-shap	interaction	NONO	2	RBFOX2	2	487	-0.004530510399490595	false	0.004530510399490595	NONO-RBFOX2
K562	GEMIN5_6-RPS6_6-interaction-shap	interaction	GEMIN5	6	RPS6	6	5	0.004432850517332554	false	0.004432850517332554	GEMIN5-RPS6
K562	NOLC1_6-ZC3H11A_6-interaction-shap	interaction	NOLC1	6	ZC3H11A	6	254	0.004395324736833572	false	0.004395324736833572	NOLC1-ZC3H11A
K562	EWSR1_4-HNRNPK_4-interaction-shap	interaction	EWSR1	4	HNRNPK	4	26	0.004388873931020498	true	0.004388873931020498	EWSR1-HNRNPK
K562	GEMIN5_3-SF3B4_3-interaction-shap	interaction	GEMIN5	3	SF3B4	3	420	-0.004388421308249235	false	0.004388421308249235	GEMIN5-SF3B4
K562	ELAC2_2-SMNDC1_2-interaction-shap	interaction	ELAC2	2	SMNDC1	2	611	0.004369430243968964	false	0.004369430243968964	ELAC2-SMNDC1
K562	QKI_3-U2AF2_3-interaction-shap	interaction	QKI	3	U2AF2	3	89	-0.004368757829070091	false	0.004368757829070091	QKI-U2AF2
K562	TIA1_6-U2AF2_6-interaction-shap	interaction	TIA1	6	U2AF2	6	94	0.004328516311943531	false	0.004328516311943531	TIA1-U2AF2
K562	EXOSC10_5-ZNF800_5-interaction-shap	interaction	EXOSC10	5	ZNF800	5	278	0.00424586096778512	false	0.00424586096778512	EXOSC10-ZNF800
K562	EIF4G2_5-SRSF1_5-interaction-shap	interaction	EIF4G2	5	SRSF1	5	91	-0.004218476824462414	false	0.004218476824462414	EIF4G2-SRSF1
K562	NCBP2_2-PRPF8_2-interaction-shap	interaction	NCBP2	2	PRPF8	2	539	-0.0041684675961732864	false	0.0041684675961732864	NCBP2-PRPF8
K562	DHX30_1-EIF4E_1-interaction-shap	interaction	DHX30	1	EIF4E	1	130	0.004148147534579039	false	0.004148147534579039	DHX30-EIF4E
K562	PRPF8_5-XRCC6_5-interaction-shap	interaction	PRPF8	5	XRCC6	5	55	0.004109662491828203	false	0.004109662491828203	PRPF8-XRCC6
K562	CSTF2T_3-EIF4G2_3-interaction-shap	interaction	CSTF2T	3	EIF4G2	3	94	-0.0040732561610639095	false	0.0040732561610639095	CSTF2T-EIF4G2
K562	AATF_2-IGF2BP2_2-interaction-shap	interaction	AATF	2	IGF2BP2	2	120	0.004012431483715773	false	0.004012431483715773	AATF-IGF2BP2
K562	IGF2BP2_4-ZNF622_4-interaction-shap	interaction	IGF2BP2	4	ZNF622	4	70	-0.003970156889408827	false	0.003970156889408827	IGF2BP2-ZNF622
K562	DDX51_1-IGF2BP1_1-interaction-shap	interaction	DDX51	1	IGF2BP1	1	6	0.003927385434508324	false	0.003927385434508324	DDX51-IGF2BP1
K562	IGF2BP2_4-TROVE2_4-interaction-shap	interaction	IGF2BP2	4	TROVE2	4	1	0.003925919532775879	false	0.003925919532775879	IGF2BP2-TROVE2
K562	PTBP1_3-RBFOX2_3-interaction-shap	interaction	PTBP1	3	RBFOX2	3	20	0.003841885831207037	false	0.003841885831207037	PTBP1-RBFOX2
K562	RBM15_2-XRN2_2-interaction-shap	interaction	RBM15	2	XRN2	2	516	0.003738428233191371	false	0.003738428233191371	RBM15-XRN2
K562	CSTF2T_4-DDX24_4-interaction-shap	interaction	CSTF2T	4	DDX24	4	207	0.0037302442360669374	false	0.0037302442360669374	CSTF2T-DDX24
K562	AKAP8L_2-DDX3X_2-interaction-shap	interaction	AKAP8L	2	DDX3X	2	407	-0.0037193051539361477	false	0.0037193051539361477	AKAP8L-DDX3X
K562	TIA1_4-U2AF1_4-interaction-shap	interaction	TIA1	4	U2AF1	4	113	-0.0036900313571095467	false	0.0036900313571095467	TIA1-U2AF1
K562	DDX3X_2-RPS6_2-interaction-shap	interaction	DDX3X	2	RPS6	2	138	0.003689942415803671	false	0.003689942415803671	DDX3X-RPS6
K562	DDX3X_2-EXOSC10_2-interaction-shap	interaction	DDX3X	2	EXOSC10	2	206	0.0036428775638341904	false	0.0036428775638341904	DDX3X-EXOSC10
K562	FXR2_6-RBM15_6-interaction-shap	interaction	FXR2	6	RBM15	6	159	0.003627076046541333	false	0.003627076046541333	FXR2-RBM15
K562	EFTUD2_2-HNRNPC_2-interaction-shap	interaction	EFTUD2	2	HNRNPC	2	46	0.0036212592385709286	false	0.0036212592385709286	EFTUD2-HNRNPC
K562	SRSF1_3-YBX3_3-interaction-shap	interaction	SRSF1	3	YBX3	3	380	0.0035944739356637	false	0.0035944739356637	SRSF1-YBX3
K562	MTPAP_1-SF3B4_1-interaction-shap	interaction	MTPAP	1	SF3B4	1	100	-0.0035484982654452324	false	0.0035484982654452324	MTPAP-SF3B4
K562	RBM22_4-YBX3_4-interaction-shap	interaction	RBM22	4	YBX3	4	506	-0.0035173753276467323	false	0.0035173753276467323	RBM22-YBX3
K562	ELAVL1_3-RBFOX2_3-interaction-shap	interaction	ELAVL1	3	RBFOX2	3	9	0.00351714133284986	false	0.00351714133284986	ELAVL1-RBFOX2
K562	EIF4E_1-EWSR1_1-interaction-shap	interaction	EIF4E	1	EWSR1	1	185	-0.003418560139834881	false	0.003418560139834881	EIF4E-EWSR1
K562	AKAP8L_2-RPS3_2-interaction-shap	interaction	AKAP8L	2	RPS3	2	101	0.003321960335597396	false	0.003321960335597396	AKAP8L-RPS3
K562	GEMIN5_2-PRPF8_2-interaction-shap	interaction	GEMIN5	2	PRPF8	2	1059	-0.0032950977329164743	false	0.0032950977329164743	GEMIN5-PRPF8
K562	FXR2_4-PRPF8_4-interaction-shap	interaction	FXR2	4	PRPF8	4	342	-0.003286245046183467	false	0.003286245046183467	FXR2-PRPF8
K562	CSTF2T_2-DROSHA_2-interaction-shap	interaction	CSTF2T	2	DROSHA	2	1348	0.003279167227447033	false	0.003279167227447033	CSTF2T-DROSHA
K562	HNRNPL_3-U2AF1_3-interaction-shap	interaction	HNRNPL	3	U2AF1	3	21	-0.003242448903620243	false	0.003242448903620243	HNRNPL-U2AF1
K562	RBM15_2-RPS3_2-interaction-shap	interaction	RBM15	2	RPS3	2	299	-0.0032310800161212683	false	0.0032310800161212683	RBM15-RPS3
K562	HNRNPUL1_5-PRPF8_5-interaction-shap	interaction	HNRNPUL1	5	PRPF8	5	88	0.0032160927075892687	false	0.0032160927075892687	HNRNPUL1-PRPF8
K562	MATR3_2-TIA1_2-interaction-shap	interaction	MATR3	2	TIA1	2	45	0.0031844433397054672	false	0.0031844433397054672	MATR3-TIA1
K562	BUD13_3-ELAC2_3-interaction-shap	interaction	BUD13	3	ELAC2	3	124	0.002980226883664727	false	0.002980226883664727	BUD13-ELAC2
K562	DROSHA_3-GPKOW_3-interaction-shap	interaction	DROSHA	3	GPKOW	3	218	0.002970296423882246	false	0.002970296423882246	DROSHA-GPKOW
K562	EIF4G2_3-LSM11_3-interaction-shap	interaction	EIF4G2	3	LSM11	3	15	-0.002924650674685836	false	0.002924650674685836	EIF4G2-LSM11
K562	NOLC1_5-TIA1_5-interaction-shap	interaction	NOLC1	5	TIA1	5	41	0.0029235701076686382	false	0.0029235701076686382	NOLC1-TIA1
K562	EWSR1_4-ZNF622_4-interaction-shap	interaction	EWSR1	4	ZNF622	4	2	0.002887532114982605	false	0.002887532114982605	EWSR1-ZNF622
K562	FAM120A_6-IGF2BP1_6-interaction-shap	interaction	FAM120A	6	IGF2BP1	6	81	-0.002835779683664441	false	0.002835779683664441	FAM120A-IGF2BP1
K562	ELAC2_3-FUS_3-interaction-shap	interaction	ELAC2	3	FUS	3	166	-0.0026753563433885574	false	0.0026753563433885574	ELAC2-FUS
K562	LSM11_3-SF3B4_3-interaction-shap	interaction	LSM11	3	SF3B4	3	312	0.0026276763528585434	false	0.0026276763528585434	LSM11-SF3B4
K562	ELAVL1_6-HNRNPK_6-interaction-shap	interaction	ELAVL1	6	HNRNPK	6	17	-0.002610867377370596	false	0.002610867377370596	ELAVL1-HNRNPK
K562	APOBEC3C_6-DDX6_6-interaction-shap	interaction	APOBEC3C	6	DDX6	6	541	0.0026015648618340492	false	0.0026015648618340492	APOBEC3C-DDX6
K562	FUS_2-IGF2BP2_2-interaction-shap	interaction	FUS	2	IGF2BP2	2	314	0.0025748461484909058	true	0.0025748461484909058	FUS-IGF2BP2
K562	SRSF7_2-TARDBP_2-interaction-shap	interaction	SRSF7	2	TARDBP	2	48	0.0025558818597346544	false	0.0025558818597346544	SRSF7-TARDBP
K562	DDX1_1-FUS_1-interaction-shap	interaction	DDX1	1	FUS	1	111	0.0025456086732447147	true	0.0025456086732447147	DDX1-FUS
K562	EXOSC10_1-FXR1_1-interaction-shap	interaction	EXOSC10	1	FXR1	1	114	0.002528487704694271	false	0.002528487704694271	EXOSC10-FXR1
K562	CSTF2T_6-DDX6_6-interaction-shap	interaction	CSTF2T	6	DDX6	6	85	-0.002515887375921011	false	0.002515887375921011	CSTF2T-DDX6
K562	CSTF2T_5-PRPF8_5-interaction-shap	interaction	CSTF2T	5	PRPF8	5	74	-0.002511944156140089	false	0.002511944156140089	CSTF2T-PRPF8
K562	DDX3X_1-ELAC2_1-interaction-shap	interaction	DDX3X	1	ELAC2	1	169	0.0024803716223686934	false	0.0024803716223686934	DDX3X-ELAC2
K562	PUM2_6-SF3B4_6-interaction-shap	interaction	PUM2	6	SF3B4	6	2	0.002385414205491543	false	0.002385414205491543	PUM2-SF3B4
K562	QKI_2-RBM15_2-interaction-shap	interaction	QKI	2	RBM15	2	8	0.0023785897064954042	false	0.0023785897064954042	QKI-RBM15
K562	GRWD1_5-SF3B4_5-interaction-shap	interaction	GRWD1	5	SF3B4	5	1592	-0.002371081616729498	false	0.002371081616729498	GRWD1-SF3B4
K562	FXR2_1-MTPAP_1-interaction-shap	interaction	FXR2	1	MTPAP	1	18	-0.0023581464774906635	false	0.0023581464774906635	FXR2-MTPAP
K562	MORC2_2-SRSF1_2-interaction-shap	interaction	MORC2	2	SRSF1	2	57	-0.0023540391121059656	false	0.0023540391121059656	MORC2-SRSF1
K562	IGF2BP1_5-RPS6_5-interaction-shap	interaction	IGF2BP1	5	RPS6	5	8	0.002327514346688986	false	0.002327514346688986	IGF2BP1-RPS6
K562	EFTUD2_2-TRA2A_2-interaction-shap	interaction	EFTUD2	2	TRA2A	2	178	0.002311637857928872	false	0.002311637857928872	EFTUD2-TRA2A
K562	FXR1_3-NOLC1_3-interaction-shap	interaction	FXR1	3	NOLC1	3	8	0.0023101065307855606	false	0.0023101065307855606	FXR1-NOLC1
K562	CPEB4_6-TIA1_6-interaction-shap	interaction	CPEB4	6	TIA1	6	53	0.0022826746571809053	false	0.0022826746571809053	CPEB4-TIA1
K562	RPS3_3-U2AF2_3-interaction-shap	interaction	RPS3	3	U2AF2	3	54	0.0022795991972088814	false	0.0022795991972088814	RPS3-U2AF2
K562	HNRNPK_4-XRN2_4-interaction-shap	interaction	HNRNPK	4	XRN2	4	33	0.0022430706303566694	false	0.0022430706303566694	HNRNPK-XRN2
K562	GPKOW_3-IGF2BP2_3-interaction-shap	interaction	GPKOW	3	IGF2BP2	3	30	0.0022383856121450663	false	0.0022383856121450663	GPKOW-IGF2BP2
K562	LIN28B_1-XRN2_1-interaction-shap	interaction	LIN28B	1	XRN2	1	16	-0.002144577680155635	false	0.002144577680155635	LIN28B-XRN2
K562	RPS6_5-SF3B4_5-interaction-shap	interaction	RPS6	5	SF3B4	5	166	-0.0021410295739769936	false	0.0021410295739769936	RPS6-SF3B4
K562	GEMIN5_1-IGF2BP1_1-interaction-shap	interaction	GEMIN5	1	IGF2BP1	1	46	-0.002140130614861846	false	0.002140130614861846	GEMIN5-IGF2BP1
K562	FUS_3-GPKOW_3-interaction-shap	interaction	FUS	3	GPKOW	3	1	0.002125568687915802	false	0.002125568687915802	FUS-GPKOW
K562	FUS_2-PHF6_2-interaction-shap	interaction	FUS	2	PHF6	2	117	0.0021168352104723454	false	0.0021168352104723454	FUS-PHF6
K562	DDX3X_2-XRCC6_2-interaction-shap	interaction	DDX3X	2	XRCC6	2	192	0.0020868198480457067	false	0.0020868198480457067	DDX3X-XRCC6
K562	DROSHA_4-PRPF8_4-interaction-shap	interaction	DROSHA	4	PRPF8	4	225	-0.002083257306367159	false	0.002083257306367159	DROSHA-PRPF8
K562	BUD13_2-KHSRP_2-interaction-shap	interaction	BUD13	2	KHSRP	2	633	0.0020294066052883863	false	0.0020294066052883863	BUD13-KHSRP
K562	PRPF8_2-PUM1_2-interaction-shap	interaction	PRPF8	2	PUM1	2	900	0.00201956438831985	false	0.00201956438831985	PRPF8-PUM1
K562	CSTF2T_3-DDX43_3-interaction-shap	interaction	CSTF2T	3	DDX43	3	115	0.002018537139520049	false	0.002018537139520049	CSTF2T-DDX43
K562	ELAC2_1-RBFOX2_1-interaction-shap	interaction	ELAC2	1	RBFOX2	1	41	-0.0020149205811321735	false	0.0020149205811321735	ELAC2-RBFOX2
K562	AATF_4-PRPF8_4-interaction-shap	interaction	AATF	4	PRPF8	4	254	0.002012785989791155	false	0.002012785989791155	AATF-PRPF8
K562	APOBEC3C_3-EFTUD2_3-interaction-shap	interaction	APOBEC3C	3	EFTUD2	3	17	0.002000887645408511	false	0.002000887645408511	APOBEC3C-EFTUD2
K562	FXR1_1-NSUN2_1-interaction-shap	interaction	FXR1	1	NSUN2	1	7	0.0019963548984378576	false	0.0019963548984378576	FXR1-NSUN2
K562	DGCR8_3-YBX3_3-interaction-shap	interaction	DGCR8	3	YBX3	3	3	0.0019754006061702967	false	0.0019754006061702967	DGCR8-YBX3
K562	EIF4G2_3-LIN28B_3-interaction-shap	interaction	EIF4G2	3	LIN28B	3	9	0.0019708445761352777	false	0.0019708445761352777	EIF4G2-LIN28B
K562	EIF4E_2-LIN28B_2-interaction-shap	interaction	EIF4E	2	LIN28B	2	70	-0.001967997755855322	false	0.001967997755855322	EIF4E-LIN28B
K562	APOBEC3C_5-LARP4_5-interaction-shap	interaction	APOBEC3C	5	LARP4	5	296	0.0019518369808793068	false	0.0019518369808793068	APOBEC3C-LARP4
K562	LIN28B_4-RBM15_4-interaction-shap	interaction	LIN28B	4	RBM15	4	114	0.0019443734781816602	false	0.0019443734781816602	LIN28B-RBM15
K562	FUS_4-TIA1_4-interaction-shap	interaction	FUS	4	TIA1	4	92	0.0019328950438648462	false	0.0019328950438648462	FUS-TIA1
K562	FUS_3-LIN28B_3-interaction-shap	interaction	FUS	3	LIN28B	3	31	0.0019326828187331557	false	0.0019326828187331557	FUS-LIN28B
K562	LIN28B_1-SRSF9_1-interaction-shap	interaction	LIN28B	1	SRSF9	1	13	-0.0019251239718869328	false	0.0019251239718869328	LIN28B-SRSF9
K562	EIF4E_3-YBX3_3-interaction-shap	interaction	EIF4E	3	YBX3	3	176	-0.001896520028822124	false	0.001896520028822124	EIF4E-YBX3
K562	ELAVL1_6-FAM120A_6-interaction-shap	interaction	ELAVL1	6	FAM120A	6	76	-0.0018680827924981713	false	0.0018680827924981713	ELAVL1-FAM120A
K562	EWSR1_4-U2AF1_4-interaction-shap	interaction	EWSR1	4	U2AF1	4	89	0.0018633893923833966	false	0.0018633893923833966	EWSR1-U2AF1
K562	FTO_4-PRPF8_4-interaction-shap	interaction	FTO	4	PRPF8	4	52	-0.0018490544753149152	false	0.0018490544753149152	FTO-PRPF8
K562	EIF4G2_3-UCHL5_3-interaction-shap	interaction	EIF4G2	3	UCHL5	3	56	0.0018191642593592405	false	0.0018191642593592405	EIF4G2-UCHL5
K562	IGF2BP1_3-U2AF1_3-interaction-shap	interaction	IGF2BP1	3	U2AF1	3	41	0.0018146586371585727	false	0.0018146586371585727	IGF2BP1-U2AF1
K562	DDX3X_5-RBFOX2_5-interaction-shap	interaction	DDX3X	5	RBFOX2	5	11	0.0017856279155239463	false	0.0017856279155239463	DDX3X-RBFOX2
K562	CPSF6_6-SRSF7_6-interaction-shap	interaction	CPSF6	6	SRSF7	6	293	0.0017805189127102494	false	0.0017805189127102494	CPSF6-SRSF7
K562	FAM120A_3-LIN28B_3-interaction-shap	interaction	FAM120A	3	LIN28B	3	2	0.0017343983054161072	false	0.0017343983054161072	FAM120A-LIN28B
K562	PRPF8_3-UPF1_3-interaction-shap	interaction	PRPF8	3	UPF1	3	11	0.0017159990966320038	false	0.0017159990966320038	PRPF8-UPF1
K562	EIF4G2_3-EWSR1_3-interaction-shap	interaction	EIF4G2	3	EWSR1	3	59	-0.0017024136614054441	false	0.0017024136614054441	EIF4G2-EWSR1
K562	RBM15_5-SRSF7_5-interaction-shap	interaction	RBM15	5	SRSF7	5	53	0.001686667324975133	false	0.001686667324975133	RBM15-SRSF7
K562	GPKOW_3-UPF1_3-interaction-shap	interaction	GPKOW	3	UPF1	3	1	0.0016755089163780212	false	0.0016755089163780212	GPKOW-UPF1
K562	IGF2BP1_5-PUM1_5-interaction-shap	interaction	IGF2BP1	5	PUM1	5	110	0.001642234274186194	false	0.001642234274186194	IGF2BP1-PUM1
K562	PCBP1_4-SRSF1_4-interaction-shap	interaction	PCBP1	4	SRSF1	4	21	0.001614099252037704	false	0.001614099252037704	PCBP1-SRSF1
K562	ELAC2_6-TIA1_6-interaction-shap	interaction	ELAC2	6	TIA1	6	116	-0.001553396345116198	false	0.001553396345116198	ELAC2-TIA1
K562	EXOSC5_2-XRN2_2-interaction-shap	interaction	EXOSC5	2	XRN2	2	130	0.0015443753218278289	false	0.0015443753218278289	EXOSC5-XRN2
K562	FUS_1-GEMIN5_1-interaction-shap	interaction	FUS	1	GEMIN5	1	111	-0.00152184150647372	false	0.00152184150647372	FUS-GEMIN5
K562	CPSF6_6-PRPF8_6-interaction-shap	interaction	CPSF6	6	PRPF8	6	163	0.0015172413550317287	false	0.0015172413550317287	CPSF6-PRPF8
K562	DGCR8_3-DROSHA_3-interaction-shap	interaction	DGCR8	3	DROSHA	3	163	-0.0015064349863678217	true	0.0015064349863678217	DGCR8-DROSHA
K562	XRCC6_1-ZC3H8_1-interaction-shap	interaction	XRCC6	1	ZC3H8	1	35	0.0014942614361643791	false	0.0014942614361643791	XRCC6-ZC3H8
K562	IGF2BP1_2-SRSF7_2-interaction-shap	interaction	IGF2BP1	2	SRSF7	2	5	0.0014821887016296387	false	0.0014821887016296387	IGF2BP1-SRSF7
K562	APOBEC3C_6-MBNL1_6-interaction-shap	interaction	APOBEC3C	6	MBNL1	6	6	-0.0014541791751980782	false	0.0014541791751980782	APOBEC3C-MBNL1
K562	EXOSC5_2-FUS_2-interaction-shap	interaction	EXOSC5	2	FUS	2	18	0.0013645917642861605	false	0.0013645917642861605	EXOSC5-FUS
K562	DROSHA_4-LIN28B_4-interaction-shap	interaction	DROSHA	4	LIN28B	4	65	0.001364080817438662	false	0.001364080817438662	DROSHA-LIN28B
K562	CSTF2T_1-GPKOW_1-interaction-shap	interaction	CSTF2T	1	GPKOW	1	31	0.001356984837912023	false	0.001356984837912023	CSTF2T-GPKOW
K562	RBFOX2_3-YWHAG_3-interaction-shap	interaction	RBFOX2	3	YWHAG	3	36	0.0013520047068595886	false	0.0013520047068595886	RBFOX2-YWHAG
K562	RBFOX2_1-TARDBP_1-interaction-shap	interaction	RBFOX2	1	TARDBP	1	21	-0.0013491332065314054	false	0.0013491332065314054	RBFOX2-TARDBP
K562	FMR1_3-TIA1_3-interaction-shap	interaction	FMR1	3	TIA1	3	25	0.0013437180314213037	false	0.0013437180314213037	FMR1-TIA1
K562	EFTUD2_2-FXR2_2-interaction-shap	interaction	EFTUD2	2	FXR2	2	362	0.0013383415061980486	false	0.0013383415061980486	EFTUD2-FXR2
K562	LIN28B_4-ZRANB2_4-interaction-shap	interaction	LIN28B	4	ZRANB2	4	51	0.0013315442483872175	false	0.0013315442483872175	LIN28B-ZRANB2
K562	DROSHA_2-TIA1_2-interaction-shap	interaction	DROSHA	2	TIA1	2	224	0.0013310184003785253	false	0.0013310184003785253	DROSHA-TIA1
K562	APOBEC3C_6-NOLC1_6-interaction-shap	interaction	APOBEC3C	6	NOLC1	6	246	-0.0013285480672493577	false	0.0013285480672493577	APOBEC3C-NOLC1
K562	APOBEC3C_6-TIA1_6-interaction-shap	interaction	APOBEC3C	6	TIA1	6	185	0.0012772411573678255	false	0.0012772411573678255	APOBEC3C-TIA1
K562	DHX30_1-EWSR1_1-interaction-shap	interaction	DHX30	1	EWSR1	1	166	0.0012763709528371692	true	0.0012763709528371692	DHX30-EWSR1
K562	DDX3X_5-SMNDC1_5-interaction-shap	interaction	DDX3X	5	SMNDC1	5	66	0.001276069669984281	false	0.001276069669984281	DDX3X-SMNDC1
K562	RPS6_6-ZNF622_6-interaction-shap	interaction	RPS6	6	ZNF622	6	63	0.001269628992304206	false	0.001269628992304206	RPS6-ZNF622
K562	FXR1_3-RBFOX2_3-interaction-shap	interaction	FXR1	3	RBFOX2	3	19	0.0012626234674826264	false	0.0012626234674826264	FXR1-RBFOX2
K562	EFTUD2_5-SMNDC1_5-interaction-shap	interaction	EFTUD2	5	SMNDC1	5	815	-0.0012297352077439427	false	0.0012297352077439427	EFTUD2-SMNDC1
K562	CSTF2T_6-DDX55_6-interaction-shap	interaction	CSTF2T	6	DDX55	6	14	0.0011896229116246104	false	0.0011896229116246104	CSTF2T-DDX55
K562	EIF4E_2-XRN2_2-interaction-shap	interaction	EIF4E	2	XRN2	2	608	-0.001161074498668313	false	0.001161074498668313	EIF4E-XRN2
K562	EIF4G2_3-ELAC2_3-interaction-shap	interaction	EIF4G2	3	ELAC2	3	200	-0.0011557083344087005	false	0.0011557083344087005	EIF4G2-ELAC2
K562	AATF_4-RBM22_4-interaction-shap	interaction	AATF	4	RBM22	4	4	0.0011504143476486206	false	0.0011504143476486206	AATF-RBM22
K562	RBFOX2_5-YBX3_5-interaction-shap	interaction	RBFOX2	5	YBX3	5	40	0.0011148296762257814	false	0.0011148296762257814	RBFOX2-YBX3
K562	BUD13_4-IGF2BP2_4-interaction-shap	interaction	BUD13	4	IGF2BP2	4	74	0.0011141728609800339	false	0.0011141728609800339	BUD13-IGF2BP2
K562	IGF2BP1_3-RBFOX2_3-interaction-shap	interaction	IGF2BP1	3	RBFOX2	3	24	0.0011054492788389325	false	0.0011054492788389325	IGF2BP1-RBFOX2
K562	EIF4G2_3-SMNDC1_3-interaction-shap	interaction	EIF4G2	3	SMNDC1	3	63	0.0010995181510224938	false	0.0010995181510224938	EIF4G2-SMNDC1
K562	CSTF2T_2-DDX3X_2-interaction-shap	interaction	CSTF2T	2	DDX3X	2	858	0.001074886997230351	false	0.001074886997230351	CSTF2T-DDX3X
K562	DDX43_4-DGCR8_4-interaction-shap	interaction	DDX43	4	DGCR8	4	19	0.0010651544434949756	false	0.0010651544434949756	DDX43-DGCR8
K562	DDX3X_2-NCBP2_2-interaction-shap	interaction	DDX3X	2	NCBP2	2	684	0.0010366258211433887	false	0.0010366258211433887	DDX3X-NCBP2
K562	EIF4G2_3-ZRANB2_3-interaction-shap	interaction	EIF4G2	3	ZRANB2	3	10	0.0010352100944146514	false	0.0010352100944146514	EIF4G2-ZRANB2
K562	RPS6_5-ZNF800_5-interaction-shap	interaction	RPS6	5	ZNF800	5	86	-0.0010274077067151666	false	0.0010274077067151666	RPS6-ZNF800
K562	FUS_2-UCHL5_2-interaction-shap	interaction	FUS	2	UCHL5	2	251	0.001015802496112883	false	0.001015802496112883	FUS-UCHL5
K562	BUD13_2-SLTM_2-interaction-shap	interaction	BUD13	2	SLTM	2	140	-0.000996375922113657	false	0.000996375922113657	BUD13-SLTM
K562	QKI_1-TRA2A_1-interaction-shap	interaction	QKI	1	TRA2A	1	10	0.0009783024434000254	false	0.0009783024434000254	QKI-TRA2A
K562	EXOSC10_1-U2AF2_1-interaction-shap	interaction	EXOSC10	1	U2AF2	1	22	0.0009637425537221134	false	0.0009637425537221134	EXOSC10-U2AF2
K562	FXR2_1-SF3B4_1-interaction-shap	interaction	FXR2	1	SF3B4	1	387	-0.0009357276721857488	false	0.0009357276721857488	FXR2-SF3B4
K562	FAM120A_3-GPKOW_3-interaction-shap	interaction	FAM120A	3	GPKOW	3	1	0.0009081661701202393	false	0.0009081661701202393	FAM120A-GPKOW
K562	U2AF1_5-U2AF2_5-interaction-shap	interaction	U2AF1	5	U2AF2	5	2726	-0.0008803934906609356	true	0.0008803934906609356	U2AF1-U2AF2
K562	SRSF1_2-TIA1_2-interaction-shap	interaction	SRSF1	2	TIA1	2	204	0.0008609754731878638	false	0.0008609754731878638	SRSF1-TIA1
K562	APOBEC3C_2-RPS6_2-interaction-shap	interaction	APOBEC3C	2	RPS6	2	13	0.0008437527576461434	false	0.0008437527576461434	APOBEC3C-RPS6
K562	ILF3_4-SF3B4_4-interaction-shap	interaction	ILF3	4	SF3B4	4	7	0.0008296831510961056	false	0.0008296831510961056	ILF3-SF3B4
K562	FMR1_5-IGF2BP2_5-interaction-shap	interaction	FMR1	5	IGF2BP2	5	20	0.0008241200121119618	true	0.0008241200121119618	FMR1-IGF2BP2
K562	EIF4E_2-IGF2BP2_2-interaction-shap	interaction	EIF4E	2	IGF2BP2	2	413	0.0008057787199504673	false	0.0008057787199504673	EIF4E-IGF2BP2
K562	EIF4G2_3-ZNF622_3-interaction-shap	interaction	EIF4G2	3	ZNF622	3	25	0.0008046133443713188	false	0.0008046133443713188	EIF4G2-ZNF622
K562	PUM1_2-RBM22_2-interaction-shap	interaction	PUM1	2	RBM22	2	362	0.0007854854338802397	false	0.0007854854338802397	PUM1-RBM22
K562	IGF2BP1_1-XRN2_1-interaction-shap	interaction	IGF2BP1	1	XRN2	1	6	0.0007807044312357903	false	0.0007807044312357903	IGF2BP1-XRN2
K562	SERBP1_3-SF3B4_3-interaction-shap	interaction	SERBP1	3	SF3B4	3	85	0.0007511270232498646	false	0.0007511270232498646	SERBP1-SF3B4
K562	LARP4_6-UCHL5_6-interaction-shap	interaction	LARP4	6	UCHL5	6	72	0.0007479310152120888	false	0.0007479310152120888	LARP4-UCHL5
K562	HNRNPL_6-PABPC4_6-interaction-shap	interaction	HNRNPL	6	PABPC4	6	10	0.0007441049674525857	true	0.0007441049674525857	HNRNPL-PABPC4
K562	LIN28B_3-SERBP1_3-interaction-shap	interaction	LIN28B	3	SERBP1	3	10	0.0007348733488470316	false	0.0007348733488470316	LIN28B-SERBP1
K562	EWSR1_3-IGF2BP1_3-interaction-shap	interaction	EWSR1	3	IGF2BP1	3	11	0.0007212934433482587	true	0.0007212934433482587	EWSR1-IGF2BP1
K562	CPSF6_6-ZC3H11A_6-interaction-shap	interaction	CPSF6	6	ZC3H11A	6	77	-0.0007096868357621133	false	0.0007096868357621133	CPSF6-ZC3H11A
K562	EWSR1_3-RPS3_3-interaction-shap	interaction	EWSR1	3	RPS3	3	33	0.0007021751371212304	false	0.0007021751371212304	EWSR1-RPS3
K562	SF3B4_2-SMNDC1_2-interaction-shap	interaction	SF3B4	2	SMNDC1	2	605	0.0006958706653676927	false	0.0006958706653676927	SF3B4-SMNDC1
K562	TAF15_2-XRN2_2-interaction-shap	interaction	TAF15	2	XRN2	2	1	0.0006811022758483887	false	0.0006811022758483887	TAF15-XRN2
K562	MTPAP_6-SRSF1_6-interaction-shap	interaction	MTPAP	6	SRSF1	6	209	0.0006783662247471511	false	0.0006783662247471511	MTPAP-SRSF1
K562	EFTUD2_3-EIF4G2_3-interaction-shap	interaction	EFTUD2	3	EIF4G2	3	29	0.000673046859446913	false	0.000673046859446913	EFTUD2-EIF4G2
K562	CSTF2T_2-IGF2BP2_2-interaction-shap	interaction	CSTF2T	2	IGF2BP2	2	497	0.0006632219301536679	false	0.0006632219301536679	CSTF2T-IGF2BP2
K562	FXR2_4-TIA1_4-interaction-shap	interaction	FXR2	4	TIA1	4	33	0.0006611095159314573	false	0.0006611095159314573	FXR2-TIA1
K562	DDX6_6-PRPF8_6-interaction-shap	interaction	DDX6	6	PRPF8	6	112	-0.0006580881308764219	false	0.0006580881308764219	DDX6-PRPF8
K562	AGGF1_3-FUS_3-interaction-shap	interaction	AGGF1	3	FUS	3	73	0.0006537841400131583	false	0.0006537841400131583	AGGF1-FUS
K562	ELAVL1_3-EWSR1_3-interaction-shap	interaction	ELAVL1	3	EWSR1	3	1	0.0006520338356494904	false	0.0006520338356494904	ELAVL1-EWSR1
K562	CPSF6_6-XRN2_6-interaction-shap	interaction	CPSF6	6	XRN2	6	5	0.0006498344009742141	false	0.0006498344009742141	CPSF6-XRN2
K562	IGF2BP2_1-NCBP2_1-interaction-shap	interaction	IGF2BP2	1	NCBP2	1	4	0.0006448798812925816	false	0.0006448798812925816	IGF2BP2-NCBP2
K562	SERBP1_3-ZC3H8_3-interaction-shap	interaction	SERBP1	3	ZC3H8	3	16	0.0006438904674723744	false	0.0006438904674723744	SERBP1-ZC3H8
K562	EFTUD2_5-IGF2BP2_5-interaction-shap	interaction	EFTUD2	5	IGF2BP2	5	57	0.0006320249522104859	false	0.0006320249522104859	EFTUD2-IGF2BP2
K562	PCBP1_6-RPS6_6-interaction-shap	interaction	PCBP1	6	RPS6	6	92	0.0006003872258588672	false	0.0006003872258588672	PCBP1-RPS6
K562	DDX42_4-RBM22_4-interaction-shap	interaction	DDX42	4	RBM22	4	3	-0.000598992221057415	false	0.000598992221057415	DDX42-RBM22
K562	QKI_5-U2AF1_5-interaction-shap	interaction	QKI	5	U2AF1	5	20	0.0005967287579551339	false	0.0005967287579551339	QKI-U2AF1
K562	RBFOX2_3-U2AF2_3-interaction-shap	interaction	RBFOX2	3	U2AF2	3	50	0.0005783176166005433	false	0.0005783176166005433	RBFOX2-U2AF2
K562	RBM15_3-SF3B4_3-interaction-shap	interaction	RBM15	3	SF3B4	3	720	0.0005755514721386135	false	0.0005755514721386135	RBM15-SF3B4
K562	DDX24_3-EIF4G2_3-interaction-shap	interaction	DDX24	3	EIF4G2	3	51	0.000554617028683424	false	0.000554617028683424	DDX24-EIF4G2
K562	EIF4G2_3-NOLC1_3-interaction-shap	interaction	EIF4G2	3	NOLC1	3	17	0.0005516298115253448	false	0.0005516298115253448	EIF4G2-NOLC1
K562	EFTUD2_5-EIF4E_5-interaction-shap	interaction	EFTUD2	5	EIF4E	5	44	-0.0005490454495884478	false	0.0005490454495884478	EFTUD2-EIF4E
K562	CSTF2T_1-TARDBP_1-interaction-shap	interaction	CSTF2T	1	TARDBP	1	109	-0.000546336523257196	false	0.000546336523257196	CSTF2T-TARDBP
K562	LIN28B_5-PCBP1_5-interaction-shap	interaction	LIN28B	5	PCBP1	5	12	0.0005356610636226833	false	0.0005356610636226833	LIN28B-PCBP1
K562	EXOSC10_5-PABPC4_5-interaction-shap	interaction	EXOSC10	5	PABPC4	5	65	-0.0005325077218003571	false	0.0005325077218003571	EXOSC10-PABPC4
K562	DDX3X_6-UPF1_6-interaction-shap	interaction	DDX3X	6	UPF1	6	9	-0.0005293846479617059	false	0.0005293846479617059	DDX3X-UPF1
K562	EFTUD2_4-HNRNPK_4-interaction-shap	interaction	EFTUD2	4	HNRNPK	4	60	0.0005184593028388917	false	0.0005184593028388917	EFTUD2-HNRNPK
K562	HNRNPM_6-IGF2BP1_6-interaction-shap	interaction	HNRNPM	6	IGF2BP1	6	1	0.0005118846893310547	false	0.0005118846893310547	HNRNPM-IGF2BP1
K562	SF3B4_6-TROVE2_6-interaction-shap	interaction	SF3B4	6	TROVE2	6	6	0.0005102940485812724	false	0.0005102940485812724	SF3B4-TROVE2
K562	DDX43_3-U2AF2_3-interaction-shap	interaction	DDX43	3	U2AF2	3	464	-0.0004988513537682593	false	0.0004988513537682593	DDX43-U2AF2
K562	EFTUD2_3-ELAC2_3-interaction-shap	interaction	EFTUD2	3	ELAC2	3	99	-0.0004979362129233778	false	0.0004979362129233778	EFTUD2-ELAC2
K562	ILF3_4-XRN2_4-interaction-shap	interaction	ILF3	4	XRN2	4	20	0.0004938723868690431	false	0.0004938723868690431	ILF3-XRN2
K562	SAFB2_3-XRCC6_3-interaction-shap	interaction	SAFB2	3	XRCC6	3	5	0.0004905670648440719	false	0.0004905670648440719	SAFB2-XRCC6
K562	CSTF2T_2-FXR2_2-interaction-shap	interaction	CSTF2T	2	FXR2	2	164	-0.00048380953376181424	false	0.00048380953376181424	CSTF2T-FXR2
K562	LIN28B_3-SMNDC1_3-interaction-shap	interaction	LIN28B	3	SMNDC1	3	110	-0.0004796491703018546	false	0.0004796491703018546	LIN28B-SMNDC1
K562	DDX3X_1-MORC2_1-interaction-shap	interaction	DDX3X	1	MORC2	1	56	-0.000476998247904703	false	0.000476998247904703	DDX3X-MORC2
K562	DDX24_6-IGF2BP2_6-interaction-shap	interaction	DDX24	6	IGF2BP2	6	99	0.00047274710959754884	false	0.00047274710959754884	DDX24-IGF2BP2
K562	U2AF1_5-UCHL5_5-interaction-shap	interaction	U2AF1	5	UCHL5	5	243	0.00045355764450505376	false	0.00045355764450505376	U2AF1-UCHL5
K562	CSTF2T_6-PABPC4_6-interaction-shap	interaction	CSTF2T	6	PABPC4	6	183	-0.000416218041209504	false	0.000416218041209504	CSTF2T-PABPC4
K562	FXR1_4-GPKOW_4-interaction-shap	interaction	FXR1	4	GPKOW	4	33	0.0004144640697631985	false	0.0004144640697631985	FXR1-GPKOW
K562	DDX6_3-GTF2F1_3-interaction-shap	interaction	DDX6	3	GTF2F1	3	80	0.0004103402025066316	false	0.0004103402025066316	DDX6-GTF2F1
K562	DDX1_3-SF3B4_3-interaction-shap	interaction	DDX1	3	SF3B4	3	117	-0.0004043034859932959	false	0.0004043034859932959	DDX1-SF3B4
K562	EIF4G2_1-NPM1_1-interaction-shap	interaction	EIF4G2	1	NPM1	1	17	-0.0003988295793533325	false	0.0003988295793533325	EIF4G2-NPM1
K562	EFTUD2_6-MBNL1_6-interaction-shap	interaction	EFTUD2	6	MBNL1	6	11	0.00038759212475270033	false	0.00038759212475270033	EFTUD2-MBNL1
K562	DROSHA_2-RPS3_2-interaction-shap	interaction	DROSHA	2	RPS3	2	674	-0.00037056003930047154	false	0.00037056003930047154	DROSHA-RPS3
K562	U2AF2_5-ZC3H11A_5-interaction-shap	interaction	U2AF2	5	ZC3H11A	5	55	0.0003675448533613235	false	0.0003675448533613235	U2AF2-ZC3H11A
K562	BUD13_5-HNRNPUL1_5-interaction-shap	interaction	BUD13	5	HNRNPUL1	5	15	-0.0003550815163180232	false	0.0003550815163180232	BUD13-HNRNPUL1
K562	EXOSC5_5-FMR1_5-interaction-shap	interaction	EXOSC5	5	FMR1	5	1	0.0003500916063785553	false	0.0003500916063785553	EXOSC5-FMR1
K562	PRPF8_2-RPS3_2-interaction-shap	interaction	PRPF8	2	RPS3	2	890	0.00034715980291366577	false	0.00034715980291366577	PRPF8-RPS3
K562	ELAC2_3-IGF2BP2_3-interaction-shap	interaction	ELAC2	3	IGF2BP2	3	59	0.0003435199032537639	false	0.0003435199032537639	ELAC2-IGF2BP2
K562	PTBP1_1-PUM2_1-interaction-shap	interaction	PTBP1	1	PUM2	1	8	-0.00033009215258061886	false	0.00033009215258061886	PTBP1-PUM2
K562	DDX52_1-EFTUD2_1-interaction-shap	interaction	DDX52	1	EFTUD2	1	10	0.00032543137785978615	false	0.00032543137785978615	DDX52-EFTUD2
K562	DDX3X_1-TAF15_1-interaction-shap	interaction	DDX3X	1	TAF15	1	22	-0.00032490160083398223	false	0.00032490160083398223	DDX3X-TAF15
K562	FXR2_6-GPKOW_6-interaction-shap	interaction	FXR2	6	GPKOW	6	10	0.0003172426950186491	false	0.0003172426950186491	FXR2-GPKOW
K562	RPS3_4-ZC3H8_4-interaction-shap	interaction	RPS3	4	ZC3H8	4	6	0.00031632388709113	false	0.00031632388709113	RPS3-ZC3H8
K562	EFTUD2_2-EXOSC10_2-interaction-shap	interaction	EFTUD2	2	EXOSC10	2	217	0.00031245240825228393	false	0.00031245240825228393	EFTUD2-EXOSC10
K562	AQR_6-EIF4E_6-interaction-shap	interaction	AQR	6	EIF4E	6	56	0.0003105628420598805	false	0.0003105628420598805	AQR-EIF4E
K562	DDX51_2-IGF2BP2_2-interaction-shap	interaction	DDX51	2	IGF2BP2	2	357	0.0003065412456635386	false	0.0003065412456635386	DDX51-IGF2BP2
K562	TIA1_6-ZC3H11A_6-interaction-shap	interaction	TIA1	6	ZC3H11A	6	190	0.00030485171009786427	false	0.00030485171009786427	TIA1-ZC3H11A
K562	IGF2BP1_3-SLTM_3-interaction-shap	interaction	IGF2BP1	3	SLTM	3	11	0.0002983591693919152	false	0.0002983591693919152	IGF2BP1-SLTM
K562	DDX6_1-EIF3G_1-interaction-shap	interaction	DDX6	1	EIF3G	1	68	-0.0002862453693524003	false	0.0002862453693524003	DDX6-EIF3G
K562	EIF4G2_3-TIA1_3-interaction-shap	interaction	EIF4G2	3	TIA1	3	30	0.0002851477183867246	false	0.0002851477183867246	EIF4G2-TIA1
K562	CSTF2T_5-GRWD1_5-interaction-shap	interaction	CSTF2T	5	GRWD1	5	21	0.00027977104764431715	false	0.00027977104764431715	CSTF2T-GRWD1
K562	EXOSC10_1-SND1_1-interaction-shap	interaction	EXOSC10	1	SND1	1	6	0.0002598754072096199	false	0.0002598754072096199	EXOSC10-SND1
K562	GPKOW_4-PUM2_4-interaction-shap	interaction	GPKOW	4	PUM2	4	5	0.0002574026584625244	false	0.0002574026584625244	GPKOW-PUM2
K562	EFTUD2_6-QKI_6-interaction-shap	interaction	EFTUD2	6	QKI	6	21	0.00025705041480250657	false	0.00025705041480250657	EFTUD2-QKI
K562	CSTF2T_1-SRSF1_1-interaction-shap	interaction	CSTF2T	1	SRSF1	1	52	0.0002494653163012117	false	0.0002494653163012117	CSTF2T-SRSF1
K562	PCBP1_6-ZC3H11A_6-interaction-shap	interaction	PCBP1	6	ZC3H11A	6	55	0.0002473384083714336	false	0.0002473384083714336	PCBP1-ZC3H11A
K562	DDX52_2-DDX6_2-interaction-shap	interaction	DDX52	2	DDX6	2	431	-0.0002472789492458105	false	0.0002472789492458105	DDX52-DDX6
K562	CSTF2T_2-NOLC1_2-interaction-shap	interaction	CSTF2T	2	NOLC1	2	66	0.00023180381685961038	false	0.00023180381685961038	CSTF2T-NOLC1
K562	CSTF2T_2-GEMIN5_2-interaction-shap	interaction	CSTF2T	2	GEMIN5	2	1071	-0.0002208963705925271	false	0.0002208963705925271	CSTF2T-GEMIN5
K562	ELAC2_6-RBM22_6-interaction-shap	interaction	ELAC2	6	RBM22	6	2	-0.00021194852888584137	false	0.00021194852888584137	ELAC2-RBM22
K562	HLTF_2-RBM22_2-interaction-shap	interaction	HLTF	2	RBM22	2	10	0.0002072155475616455	false	0.0002072155475616455	HLTF-RBM22
K562	LIN28B_3-ZC3H8_3-interaction-shap	interaction	LIN28B	3	ZC3H8	3	16	0.0002035436045844108	false	0.0002035436045844108	LIN28B-ZC3H8
K562	DDX6_5-SF3B4_5-interaction-shap	interaction	DDX6	5	SF3B4	5	217	-0.00019008248636964709	false	0.00019008248636964709	DDX6-SF3B4
K562	CSTF2T_2-TIA1_2-interaction-shap	interaction	CSTF2T	2	TIA1	2	325	0.00018815873772837222	false	0.00018815873772837222	CSTF2T-TIA1
K562	GTF2F1_1-NOLC1_1-interaction-shap	interaction	GTF2F1	1	NOLC1	1	3	-0.00018250821449328214	false	0.00018250821449328214	GTF2F1-NOLC1
K562	RBM22_4-RPS3_4-interaction-shap	interaction	RBM22	4	RPS3	4	157	-0.0001778317819116637	false	0.0001778317819116637	RBM22-RPS3
K562	CSTF2T_6-ZNF622_6-interaction-shap	interaction	CSTF2T	6	ZNF622	6	19	-0.00017465003475081176	false	0.00017465003475081176	CSTF2T-ZNF622
K562	GTF2F1_4-PRPF8_4-interaction-shap	interaction	GTF2F1	4	PRPF8	4	322	0.00016998684441205114	false	0.00016998684441205114	GTF2F1-PRPF8
K562	NONO_2-SRSF1_2-interaction-shap	interaction	NONO	2	SRSF1	2	129	-0.00016909783880691975	false	0.00016909783880691975	NONO-SRSF1
K562	LIN28B_6-MBNL1_6-interaction-shap	interaction	LIN28B	6	MBNL1	6	65	0.00015903435996733606	false	0.00015903435996733606	LIN28B-MBNL1
K562	DDX6_2-IGF2BP2_2-interaction-shap	interaction	DDX6	2	IGF2BP2	2	371	-0.00015353639901150018	false	0.00015353639901150018	DDX6-IGF2BP2
K562	DHX30_1-UCHL5_1-interaction-shap	interaction	DHX30	1	UCHL5	1	56	0.00015191594138741493	false	0.00015191594138741493	DHX30-UCHL5
K562	TIA1_2-ZNF800_2-interaction-shap	interaction	TIA1	2	ZNF800	2	131	0.00015158233873080462	false	0.00015158233873080462	TIA1-ZNF800
K562	RBM15_2-RPS6_2-interaction-shap	interaction	RBM15	2	RPS6	2	62	-0.00015130234532989562	false	0.00015130234532989562	RBM15-RPS6
K562	DDX42_4-PRPF8_4-interaction-shap	interaction	DDX42	4	PRPF8	4	34	-0.00013795158884022385	false	0.00013795158884022385	DDX42-PRPF8
K562	SRSF1_2-XRCC6_2-interaction-shap	interaction	SRSF1	2	XRCC6	2	9	0.00013595879136119038	false	0.00013595879136119038	SRSF1-XRCC6
K562	DDX43_2-EIF4E_2-interaction-shap	interaction	DDX43	2	EIF4E	2	128	0.00013372399553190917	false	0.00013372399553190917	DDX43-EIF4E
K562	HNRNPL_4-PUM2_4-interaction-shap	interaction	HNRNPL	4	PUM2	4	1	0.00013175606727600098	false	0.00013175606727600098	HNRNPL-PUM2
K562	DDX3X_5-U2AF1_5-interaction-shap	interaction	DDX3X	5	U2AF1	5	10	0.00013145655975677073	false	0.00013145655975677073	DDX3X-U2AF1
K562	PTBP1_2-YBX3_2-interaction-shap	interaction	PTBP1	2	YBX3	2	10	0.0001282464509131387	false	0.0001282464509131387	PTBP1-YBX3
K562	EFTUD2_6-ILF3_6-interaction-shap	interaction	EFTUD2	6	ILF3	6	9	-0.0001268427149625495	false	0.0001268427149625495	EFTUD2-ILF3
K562	PTBP1_5-UPF1_5-interaction-shap	interaction	PTBP1	5	UPF1	5	1	0.00012159708421677351	false	0.00012159708421677351	PTBP1-UPF1
K562	RBM15_2-XRCC6_2-interaction-shap	interaction	RBM15	2	XRCC6	2	161	0.00012123769556637853	false	0.00012123769556637853	RBM15-XRCC6
K562	DDX3X_2-TRA2A_2-interaction-shap	interaction	DDX3X	2	TRA2A	2	4	0.00012123584747314453	false	0.00012123584747314453	DDX3X-TRA2A
K562	IGF2BP1_3-TRA2A_3-interaction-shap	interaction	IGF2BP1	3	TRA2A	3	6	0.00012020766735076904	false	0.00012020766735076904	IGF2BP1-TRA2A
K562	GTF2F1_2-NONO_2-interaction-shap	interaction	GTF2F1	2	NONO	2	848	-0.00011808560520876199	false	0.00011808560520876199	GTF2F1-NONO
K562	DDX6_6-IGF2BP1_6-interaction-shap	interaction	DDX6	6	IGF2BP1	6	109	-0.00011712259583873674	false	0.00011712259583873674	DDX6-IGF2BP1
K562	IGF2BP1_6-LARP4_6-interaction-shap	interaction	IGF2BP1	6	LARP4	6	31	0.00011476430518087	false	0.00011476430518087	IGF2BP1-LARP4
K562	ELAC2_3-U2AF2_3-interaction-shap	interaction	ELAC2	3	U2AF2	3	12	-0.00011328217078698799	false	0.00011328217078698799	ELAC2-U2AF2
K562	FXR1_3-TIA1_3-interaction-shap	interaction	FXR1	3	TIA1	3	23	-0.0001129393422161229	false	0.0001129393422161229	FXR1-TIA1
K562	RBFOX2_5-XRCC6_5-interaction-shap	interaction	RBFOX2	5	XRCC6	5	17	0.0001099670771509409	false	0.0001099670771509409	RBFOX2-XRCC6
K562	ADAT1_5-SF3B4_5-interaction-shap	interaction	ADAT1	5	SF3B4	5	8	0.00010426342487335205	false	0.00010426342487335205	ADAT1-SF3B4
K562	LIN28B_3-PPIL4_3-interaction-shap	interaction	LIN28B	3	PPIL4	3	12	0.00010155831114389002	false	0.00010155831114389002	LIN28B-PPIL4
K562	CSTF2T_2-EWSR1_2-interaction-shap	interaction	CSTF2T	2	EWSR1	2	1323	0.00008942314161686227	true	0.00008942314161686227	CSTF2T-EWSR1
K562	HLTF_1-PTBP1_1-interaction-shap	interaction	HLTF	1	PTBP1	1	3	0.00008891895413398743	false	0.00008891895413398743	HLTF-PTBP1
K562	DROSHA_2-EIF4E_2-interaction-shap	interaction	DROSHA	2	EIF4E	2	1085	-0.0000888115682755597	false	0.0000888115682755597	DROSHA-EIF4E
K562	PPIL4_6-UCHL5_6-interaction-shap	interaction	PPIL4	6	UCHL5	6	26	0.00008802596130408347	false	0.00008802596130408347	PPIL4-UCHL5
K562	DDX3X_1-U2AF2_1-interaction-shap	interaction	DDX3X	1	U2AF2	1	94	0.0000873210810823366	false	0.0000873210810823366	DDX3X-U2AF2
K562	SRSF7_4-TIA1_4-interaction-shap	interaction	SRSF7	4	TIA1	4	63	0.00008693416020832956	false	0.00008693416020832956	SRSF7-TIA1
K562	EIF4E_2-ZNF800_2-interaction-shap	interaction	EIF4E	2	ZNF800	2	71	0.00008581228757975623	false	0.00008581228757975623	EIF4E-ZNF800
K562	AGGF1_1-CSTF2T_1-interaction-shap	interaction	AGGF1	1	CSTF2T	1	95	-0.00008172783418558538	false	0.00008172783418558538	AGGF1-CSTF2T
K562	CSTF2T_1-NPM1_1-interaction-shap	interaction	CSTF2T	1	NPM1	1	17	0.00007997527427505702	false	0.00007997527427505702	CSTF2T-NPM1
K562	FXR2_3-SMNDC1_3-interaction-shap	interaction	FXR2	3	SMNDC1	3	167	-0.00007647445454495028	false	0.00007647445454495028	FXR2-SMNDC1
K562	ADAT1_6-IGF2BP1_6-interaction-shap	interaction	ADAT1	6	IGF2BP1	6	35	-0.00007591034955112264	false	0.00007591034955112264	ADAT1-IGF2BP1
K562	APOBEC3C_6-IGF2BP1_6-interaction-shap	interaction	APOBEC3C	6	IGF2BP1	6	118	-0.00007451503188349307	false	0.00007451503188349307	APOBEC3C-IGF2BP1
K562	CSTF2T_6-LIN28B_6-interaction-shap	interaction	CSTF2T	6	LIN28B	6	70	0.00007133618782972917	false	0.00007133618782972917	CSTF2T-LIN28B
K562	DROSHA_3-PTBP1_3-interaction-shap	interaction	DROSHA	3	PTBP1	3	6	-0.00007013171125436202	false	0.00007013171125436202	DROSHA-PTBP1
K562	EIF3G_1-IGF2BP1_1-interaction-shap	interaction	EIF3G	1	IGF2BP1	1	8	-0.00006607954856008291	false	0.00006607954856008291	EIF3G-IGF2BP1
K562	CSTF2T_2-EIF4E_2-interaction-shap	interaction	CSTF2T	2	EIF4E	2	734	-0.00006358866085065529	false	0.00006358866085065529	CSTF2T-EIF4E
K562	ADAT1_6-LIN28B_6-interaction-shap	interaction	ADAT1	6	LIN28B	6	42	0.00006209568527992815	false	0.00006209568527992815	ADAT1-LIN28B
K562	DHX30_2-NONO_2-interaction-shap	interaction	DHX30	2	NONO	2	400	-0.00006059335282770917	false	0.00006059335282770917	DHX30-NONO
K562	DDX6_3-PCBP1_3-interaction-shap	interaction	DDX6	3	PCBP1	3	42	0.00005954364678473212	false	0.00005954364678473212	DDX6-PCBP1
K562	NOLC1_3-PUM2_3-interaction-shap	interaction	NOLC1	3	PUM2	3	23	0.000059435671573737636	false	0.000059435671573737636	NOLC1-PUM2
K562	HNRNPL_3-TARDBP_3-interaction-shap	interaction	HNRNPL	3	TARDBP	3	31	0.00005825476910104044	false	0.00005825476910104044	HNRNPL-TARDBP
K562	EIF4E_1-UPF1_1-interaction-shap	interaction	EIF4E	1	UPF1	1	19	0.00005212402902543545	false	0.00005212402902543545	EIF4E-UPF1
K562	EIF4G2_3-PCBP1_3-interaction-shap	interaction	EIF4G2	3	PCBP1	3	2	0.00005209352821111679	false	0.00005209352821111679	EIF4G2-PCBP1
K562	EIF4G2_3-RBM15_3-interaction-shap	interaction	EIF4G2	3	RBM15	3	1	0.0000520218163728714	false	0.0000520218163728714	EIF4G2-RBM15
K562	FXR2_6-XRCC6_6-interaction-shap	interaction	FXR2	6	XRCC6	6	3	0.000051628139772219583	false	0.000051628139772219583	FXR2-XRCC6
K562	EIF3G_1-EIF4E_1-interaction-shap	interaction	EIF3G	1	EIF4E	1	360	0.00005160546425031498	true	0.00005160546425031498	EIF3G-EIF4E
K562	ELAVL1_6-FXR2_6-interaction-shap	interaction	ELAVL1	6	FXR2	6	4	0.000051049282774329185	false	0.000051049282774329185	ELAVL1-FXR2
K562	EIF4E_2-TIA1_2-interaction-shap	interaction	EIF4E	2	TIA1	2	137	-0.0000494263949804008	false	0.0000494263949804008	EIF4E-TIA1
K562	GEMIN5_6-TIA1_6-interaction-shap	interaction	GEMIN5	6	TIA1	6	7	0.00004843622446060181	false	0.00004843622446060181	GEMIN5-TIA1
K562	BUD13_3-FTO_3-interaction-shap	interaction	BUD13	3	FTO	3	36	0.000047183362767100334	false	0.000047183362767100334	BUD13-FTO
K562	FAM120A_4-PRPF8_4-interaction-shap	interaction	FAM120A	4	PRPF8	4	2	0.000045904889702796936	false	0.000045904889702796936	FAM120A-PRPF8
K562	FXR2_3-U2AF2_3-interaction-shap	interaction	FXR2	3	U2AF2	3	46	0.00004084764441358857	false	0.00004084764441358857	FXR2-U2AF2
K562	DDX3X_1-SLTM_1-interaction-shap	interaction	DDX3X	1	SLTM	1	2	-0.0000406801700592041	false	0.0000406801700592041	DDX3X-SLTM
K562	ELAC2_4-ZC3H8_4-interaction-shap	interaction	ELAC2	4	ZC3H8	4	47	0.00003996277155238204	false	0.00003996277155238204	ELAC2-ZC3H8
K562	ELAC2_3-TRA2A_3-interaction-shap	interaction	ELAC2	3	TRA2A	3	21	0.00003989777178503573	false	0.00003989777178503573	ELAC2-TRA2A
K562	EXOSC5_2-TAF15_2-interaction-shap	interaction	EXOSC5	2	TAF15	2	1	0.00003959215246140957	false	0.00003959215246140957	EXOSC5-TAF15
K562	EIF3G_2-TIA1_2-interaction-shap	interaction	EIF3G	2	TIA1	2	25	-0.00003778019890887663	false	0.00003778019890887663	EIF3G-TIA1
K562	NOLC1_5-SMNDC1_5-interaction-shap	interaction	NOLC1	5	SMNDC1	5	23	-0.00003740181273315102	false	0.00003740181273315102	NOLC1-SMNDC1
K562	EWSR1_3-LIN28B_3-interaction-shap	interaction	EWSR1	3	LIN28B	3	3	-0.00003644327443907969	false	0.00003644327443907969	EWSR1-LIN28B
K562	AGGF1_2-DDX3X_2-interaction-shap	interaction	AGGF1	2	DDX3X	2	15	0.00003559884135029279	false	0.00003559884135029279	AGGF1-DDX3X
K562	EXOSC10_3-GPKOW_3-interaction-shap	interaction	EXOSC10	3	GPKOW	3	46	-0.00003436457336647436	false	0.00003436457336647436	EXOSC10-GPKOW
K562	AQR_2-HNRNPC_2-interaction-shap	interaction	AQR	2	HNRNPC	2	47	0.000032424133678432554	false	0.000032424133678432554	AQR-HNRNPC
K562	EIF4E_2-HNRNPK_2-interaction-shap	interaction	EIF4E	2	HNRNPK	2	114	0.00003169552655890584	false	0.00003169552655890584	EIF4E-HNRNPK
K562	GTF2F1_2-RBM15_2-interaction-shap	interaction	GTF2F1	2	RBM15	2	459	0.00003155345257255249	false	0.00003155345257255249	GTF2F1-RBM15
K562	HNRNPC_2-TIA1_2-interaction-shap	interaction	HNRNPC	2	TIA1	2	8	0.000030174851417541504	false	0.000030174851417541504	HNRNPC-TIA1
K562	CSTF2T_5-LSM11_5-interaction-shap	interaction	CSTF2T	5	LSM11	5	105	0.000029800179618177935	false	0.000029800179618177935	CSTF2T-LSM11
K562	CSTF2T_3-XRCC6_3-interaction-shap	interaction	CSTF2T	3	XRCC6	3	34	-0.000028781483706552535	false	0.000028781483706552535	CSTF2T-XRCC6
K562	FXR2_6-GTF2F1_6-interaction-shap	interaction	FXR2	6	GTF2F1	6	18	-0.000028426771677914076	false	0.000028426771677914076	FXR2-GTF2F1
K562	DDX3X_2-SRSF7_2-interaction-shap	interaction	DDX3X	2	SRSF7	2	118	0.00002644298911036458	false	0.00002644298911036458	DDX3X-SRSF7
K562	NONO_3-U2AF2_3-interaction-shap	interaction	NONO	3	U2AF2	3	1	-0.000025577843189239502	false	0.000025577843189239502	NONO-U2AF2
K562	MTPAP_1-PTBP1_1-interaction-shap	interaction	MTPAP	1	PTBP1	1	19	0.00002206276258220896	false	0.00002206276258220896	MTPAP-PTBP1
K562	GRWD1_3-U2AF2_3-interaction-shap	interaction	GRWD1	3	U2AF2	3	208	0.00002187479185522534	false	0.00002187479185522534	GRWD1-U2AF2
K562	HNRNPC_2-PRPF8_2-interaction-shap	interaction	HNRNPC	2	PRPF8	2	52	-0.000021873829609830864	false	0.000021873829609830864	HNRNPC-PRPF8
K562	AKAP1_3-UCHL5_3-interaction-shap	interaction	AKAP1	3	UCHL5	3	1	0.000020998777472414076	false	0.000020998777472414076	AKAP1-UCHL5
K562	EFTUD2_1-NSUN2_1-interaction-shap	interaction	EFTUD2	1	NSUN2	1	1	0.000018843915313482285	false	0.000018843915313482285	EFTUD2-NSUN2
K562	BUD13_3-TARDBP_3-interaction-shap	interaction	BUD13	3	TARDBP	3	46	0.000017599384591449052	false	0.000017599384591449052	BUD13-TARDBP
K562	RBM22_2-TRA2A_2-interaction-shap	interaction	RBM22	2	TRA2A	2	71	0.0000174813703779364	false	0.0000174813703779364	RBM22-TRA2A
K562	BUD13_3-MORC2_3-interaction-shap	interaction	BUD13	3	MORC2	3	2	0.000017155536625068635	false	0.000017155536625068635	BUD13-MORC2
K562	RBM15_3-TARDBP_3-interaction-shap	interaction	RBM15	3	TARDBP	3	3	0.000016711652278900146	false	0.000016711652278900146	RBM15-TARDBP
K562	DDX3X_1-HLTF_1-interaction-shap	interaction	DDX3X	1	HLTF	1	5	-0.00001449882984161377	false	0.00001449882984161377	DDX3X-HLTF
K562	EXOSC10_3-SF3B4_3-interaction-shap	interaction	EXOSC10	3	SF3B4	3	151	-0.000013988636965223122	false	0.000013988636965223122	EXOSC10-SF3B4
K562	CSTF2T_3-UCHL5_3-interaction-shap	interaction	CSTF2T	3	UCHL5	3	166	-0.000013016876437177416	false	0.000013016876437177416	CSTF2T-UCHL5
K562	EXOSC5_4-PRPF8_4-interaction-shap	interaction	EXOSC5	4	PRPF8	4	15	-0.000012681881344178692	false	0.000012681881344178692	EXOSC5-PRPF8
K562	SMNDC1_2-XRN2_2-interaction-shap	interaction	SMNDC1	2	XRN2	2	352	0.0000117966183097451	false	0.0000117966183097451	SMNDC1-XRN2
K562	DDX6_4-RBM22_4-interaction-shap	interaction	DDX6	4	RBM22	4	58	0.000010749474313342944	false	0.000010749474313342944	DDX6-RBM22
K562	NIPBL_6-SRSF1_6-interaction-shap	interaction	NIPBL	6	SRSF1	6	2	9.600073099136353e-6	false	9.600073099136353e-6	NIPBL-SRSF1
K562	EWSR1_2-IGF2BP2_2-interaction-shap	interaction	EWSR1	2	IGF2BP2	2	543	9.20400270842947e-6	true	9.20400270842947e-6	EWSR1-IGF2BP2
K562	TRA2A_2-XRN2_2-interaction-shap	interaction	TRA2A	2	XRN2	2	29	-9.059135663846973e-6	false	9.059135663846973e-6	TRA2A-XRN2
K562	AQR_5-RPS6_5-interaction-shap	interaction	AQR	5	RPS6	5	87	7.807167094142642e-6	false	7.807167094142642e-6	AQR-RPS6
K562	DDX3X_2-HNRNPK_2-interaction-shap	interaction	DDX3X	2	HNRNPK	2	128	7.2254479164257646e-6	false	7.2254479164257646e-6	DDX3X-HNRNPK
K562	CPEB4_6-KHDRBS1_6-interaction-shap	interaction	CPEB4	6	KHDRBS1	6	1	-6.84056431055069e-6	false	6.84056431055069e-6	CPEB4-KHDRBS1
K562	DDX1_5-EWSR1_5-interaction-shap	interaction	DDX1	5	EWSR1	5	70	6.4738983382994775e-6	false	6.4738983382994775e-6	DDX1-EWSR1
K562	DDX3X_2-MBNL1_2-interaction-shap	interaction	DDX3X	2	MBNL1	2	35	-6.444965038099326e-6	false	6.444965038099326e-6	DDX3X-MBNL1
K562	ILF3_3-LIN28B_3-interaction-shap	interaction	ILF3	3	LIN28B	3	5	-6.198883056640625e-6	false	6.198883056640625e-6	ILF3-LIN28B
K562	RBM22_6-U2AF2_6-interaction-shap	interaction	RBM22	6	U2AF2	6	66	5.5630048336752225e-6	false	5.5630048336752225e-6	RBM22-U2AF2
K562	FTO_1-IGF2BP2_1-interaction-shap	interaction	FTO	1	IGF2BP2	1	76	5.332949058356462e-6	false	5.332949058356462e-6	FTO-IGF2BP2
K562	RBM15_2-TIA1_2-interaction-shap	interaction	RBM15	2	TIA1	2	375	-5.125260486238403e-6	false	5.125260486238403e-6	RBM15-TIA1
K562	FUS_1-KHSRP_1-interaction-shap	interaction	FUS	1	KHSRP	1	5	4.704706952907145e-6	false	4.704706952907145e-6	FUS-KHSRP
K562	RPS3_3-U2AF1_3-interaction-shap	interaction	RPS3	3	U2AF1	3	25	4.679560788645176e-6	false	4.679560788645176e-6	RPS3-U2AF1
K562	APOBEC3C_5-EIF4G2_5-interaction-shap	interaction	APOBEC3C	5	EIF4G2	5	24	4.64986078441143e-6	false	4.64986078441143e-6	APOBEC3C-EIF4G2
K562	LARP4_3-SF3B4_3-interaction-shap	interaction	LARP4	3	SF3B4	3	28	4.1942794268834405e-6	false	4.1942794268834405e-6	LARP4-SF3B4
K562	BUD13_1-DDX55_1-interaction-shap	interaction	BUD13	1	DDX55	1	11	3.992325673607411e-6	false	3.992325673607411e-6	BUD13-DDX55
K562	CSTF2T_4-ZNF800_4-interaction-shap	interaction	CSTF2T	4	ZNF800	4	3	-2.8957922495465027e-6	false	2.8957922495465027e-6	CSTF2T-ZNF800
K562	FXR1_4-IGF2BP2_4-interaction-shap	interaction	FXR1	4	IGF2BP2	4	27	2.7749274522648193e-6	true	2.7749274522648193e-6	FXR1-IGF2BP2
K562	BUD13_3-XRCC6_3-interaction-shap	interaction	BUD13	3	XRCC6	3	74	2.4869837034202646e-6	false	2.4869837034202646e-6	BUD13-XRCC6
K562	SF3B4_1-SRSF9_1-interaction-shap	interaction	SF3B4	1	SRSF9	1	8	2.3944303393363953e-6	false	2.3944303393363953e-6	SF3B4-SRSF9
K562	FMR1_5-GPKOW_5-interaction-shap	interaction	FMR1	5	GPKOW	5	70	2.05292758437281e-6	false	2.05292758437281e-6	FMR1-GPKOW
K562	EWSR1_2-TIA1_2-interaction-shap	interaction	EWSR1	2	TIA1	2	157	1.966109493878321e-6	false	1.966109493878321e-6	EWSR1-TIA1
K562	HNRNPM_4-SRSF1_4-interaction-shap	interaction	HNRNPM	4	SRSF1	4	11	1.961534735528403e-6	true	1.961534735528403e-6	HNRNPM-SRSF1
K562	DDX52_1-IGF2BP1_1-interaction-shap	interaction	DDX52	1	IGF2BP1	1	8	1.4987308531999588e-6	false	1.4987308531999588e-6	DDX52-IGF2BP1
K562	FXR2_2-PCBP1_2-interaction-shap	interaction	FXR2	2	PCBP1	2	61	-1.249682213710912e-6	false	1.249682213710912e-6	FXR2-PCBP1
K562	DDX6_6-RBM15_6-interaction-shap	interaction	DDX6	6	RBM15	6	40	-1.1156778327858774e-6	false	1.1156778327858774e-6	DDX6-RBM15
K562	ELAC2_3-RBM15_3-interaction-shap	interaction	ELAC2	3	RBM15	3	45	9.289218496633111e-7	false	9.289218496633111e-7	ELAC2-RBM15
K562	SF3B4_3-SLTM_3-interaction-shap	interaction	SF3B4	3	SLTM	3	8	-8.475035429000854e-7	false	8.475035429000854e-7	SF3B4-SLTM
K562	DDX52_2-TIA1_2-interaction-shap	interaction	DDX52	2	TIA1	2	101	8.205673793781898e-7	false	8.205673793781898e-7	DDX52-TIA1
K562	AQR_5-EXOSC10_5-interaction-shap	interaction	AQR	5	EXOSC10	5	86	-7.852038947930851e-7	false	7.852038947930851e-7	AQR-EXOSC10
K562	DDX6_5-EXOSC10_5-interaction-shap	interaction	DDX6	5	EXOSC10	5	2	-7.617054507136345e-7	false	7.617054507136345e-7	DDX6-EXOSC10
K562	APOBEC3C_3-EWSR1_3-interaction-shap	interaction	APOBEC3C	3	EWSR1	3	15	7.402151709356986e-7	false	7.402151709356986e-7	APOBEC3C-EWSR1
K562	FTO_4-FUS_4-interaction-shap	interaction	FTO	4	FUS	4	1	5.513429641723633e-7	false	5.513429641723633e-7	FTO-FUS
K562	DHX30_1-IGF2BP2_1-interaction-shap	interaction	DHX30	1	IGF2BP2	1	13	-3.5705474488167965e-7	false	3.5705474488167965e-7	DHX30-IGF2BP2
K562	FMR1_3-TARDBP_3-interaction-shap	interaction	FMR1	3	TARDBP	3	1	-2.60770320892334e-7	false	2.60770320892334e-7	FMR1-TARDBP
K562	RBM22_6-UPF1_6-interaction-shap	interaction	RBM22	6	UPF1	6	12	2.323649823665619e-7	false	2.323649823665619e-7	RBM22-UPF1
K562	EIF4E_1-U2AF1_1-interaction-shap	interaction	EIF4E	1	U2AF1	1	1	2.0302832126617432e-7	false	2.0302832126617432e-7	EIF4E-U2AF1
K562	DDX42_1-RBFOX2_1-interaction-shap	interaction	DDX42	1	RBFOX2	1	3	0.0	true	0.0	DDX42-RBFOX2
K562	APOBEC3C_1-PCBP1_1-interaction-shap	interaction	APOBEC3C	1	PCBP1	1	4	0.0	true	0.0	APOBEC3C-PCBP1
K562	CPEB4_1-CSTF2T_1-interaction-shap	interaction	CPEB4	1	CSTF2T	1	2	0.0	true	0.0	CPEB4-CSTF2T
K562	CPSF6_1-RBM15_1-interaction-shap	interaction	CPSF6	1	RBM15	1	11	0.0	true	0.0	CPSF6-RBM15
K562	DDX21_1-RBFOX2_1-interaction-shap	interaction	DDX21	1	RBFOX2	1	7	0.0	true	0.0	DDX21-RBFOX2
K562	DDX21_1-RPS3_1-interaction-shap	interaction	DDX21	1	RPS3	1	4	0.0	true	0.0	DDX21-RPS3
K562	FUS_6-MATR3_6-interaction-shap	interaction	FUS	6	MATR3	6	3	0.0	true	0.0	FUS-MATR3
K562	CPSF6_6-NONO_6-interaction-shap	interaction	CPSF6	6	NONO	6	2	0.0	true	0.0	CPSF6-NONO
K562	FUS_5-SAFB_5-interaction-shap	interaction	FUS	5	SAFB	5	4	0.0	true	0.0	FUS-SAFB
K562	CPSF6_4-TAF15_4-interaction-shap	interaction	CPSF6	4	TAF15	4	12	0.0	true	0.0	CPSF6-TAF15
K562	HNRNPK_3-LARP4_3-interaction-shap	interaction	HNRNPK	3	LARP4	3	15	0.0	true	0.0	HNRNPK-LARP4
K562	APOBEC3C_3-HNRNPK_3-interaction-shap	interaction	APOBEC3C	3	HNRNPK	3	15	0.0	true	0.0	APOBEC3C-HNRNPK
K562	RBFOX2_2-SUPV3L1_2-interaction-shap	interaction	RBFOX2	2	SUPV3L1	2	2	0.0	true	0.0	RBFOX2-SUPV3L1
K562	PTBP1_2-QKI_2-interaction-shap	interaction	PTBP1	2	QKI	2	4	0.0	true	0.0	PTBP1-QKI
K562	PCBP1_2-QKI_2-interaction-shap	interaction	PCBP1	2	QKI	2	1	0.0	true	0.0	PCBP1-QKI
K562	IGF2BP1_2-ILF3_2-interaction-shap	interaction	IGF2BP1	2	ILF3	2	57	0.0	true	0.0	IGF2BP1-ILF3
K562	HNRNPK_2-QKI_2-interaction-shap	interaction	HNRNPK	2	QKI	2	12	0.0	true	0.0	HNRNPK-QKI
K562	FMR1_2-RYBP_2-interaction-shap	interaction	FMR1	2	RYBP	2	4	0.0	true	0.0	FMR1-RYBP
K562	EWSR1_2-SAFB_2-interaction-shap	interaction	EWSR1	2	SAFB	2	9	0.0	true	0.0	EWSR1-SAFB
K562	EWSR1_2-MATR3_2-interaction-shap	interaction	EWSR1	2	MATR3	2	9	0.0	true	0.0	EWSR1-MATR3
K562	EIF4G2_2-PABPC4_2-interaction-shap	interaction	EIF4G2	2	PABPC4	2	4	0.0	true	0.0	EIF4G2-PABPC4
K562	CSTF2T_2-SRSF7_2-interaction-shap	interaction	CSTF2T	2	SRSF7	2	106	0.0	true	0.0	CSTF2T-SRSF7
K562	SRSF9_1-TRA2A_1-interaction-shap	interaction	SRSF9	1	TRA2A	1	4	0.0	true	0.0	SRSF9-TRA2A
K562	SF3B1_1-SF3B4_1-interaction-shap	interaction	SF3B1	1	SF3B4	1	10	0.0	true	0.0	SF3B1-SF3B4
K562	RPS3_1-ZC3H11A_1-interaction-shap	interaction	RPS3	1	ZC3H11A	1	10	0.0	true	0.0	RPS3-ZC3H11A
K562	RPS3_1-RPS6_1-interaction-shap	interaction	RPS3	1	RPS6	1	8	0.0	true	0.0	RPS3-RPS6
K562	RBM15_1-SRSF9_1-interaction-shap	interaction	RBM15	1	SRSF9	1	2	0.0	true	0.0	RBM15-SRSF9
K562	PUM2_1-RBFOX2_1-interaction-shap	interaction	PUM2	1	RBFOX2	1	14	0.0	true	0.0	PUM2-RBFOX2
K562	PTBP1_1-ZC3H8_1-interaction-shap	interaction	PTBP1	1	ZC3H8	1	61	0.0	true	0.0	PTBP1-ZC3H8
K562	PPIL4_1-RBFOX2_1-interaction-shap	interaction	PPIL4	1	RBFOX2	1	1	0.0	true	0.0	PPIL4-RBFOX2
K562	PABPC4_1-RPS6_1-interaction-shap	interaction	PABPC4	1	RPS6	1	12	0.0	true	0.0	PABPC4-RPS6
K562	MBNL1_1-RBFOX2_1-interaction-shap	interaction	MBNL1	1	RBFOX2	1	3	0.0	true	0.0	MBNL1-RBFOX2
K562	IGF2BP2_1-RBFOX2_1-interaction-shap	interaction	IGF2BP2	1	RBFOX2	1	11	0.0	true	0.0	IGF2BP2-RBFOX2
K562	IGF2BP2_1-PTBP1_1-interaction-shap	interaction	IGF2BP2	1	PTBP1	1	1	0.0	true	0.0	IGF2BP2-PTBP1
K562	IGF2BP1_1-TAF15_1-interaction-shap	interaction	IGF2BP1	1	TAF15	1	3	0.0	true	0.0	IGF2BP1-TAF15
K562	HNRNPUL1_1-RPS6_1-interaction-shap	interaction	HNRNPUL1	1	RPS6	1	8	0.0	true	0.0	HNRNPUL1-RPS6
K562	HNRNPC_1-RPS3_1-interaction-shap	interaction	HNRNPC	1	RPS3	1	16	0.0	true	0.0	HNRNPC-RPS3
K562	GTF2F1_1-PCBP1_1-interaction-shap	interaction	GTF2F1	1	PCBP1	1	18	0.0	true	0.0	GTF2F1-PCBP1
K562	FUS_1-ZRANB2_1-interaction-shap	interaction	FUS	1	ZRANB2	1	81	0.0	true	0.0	FUS-ZRANB2
K562	FUS_1-U2AF2_1-interaction-shap	interaction	FUS	1	U2AF2	1	11	0.0	true	0.0	FUS-U2AF2
K562	FUS_1-PABPC4_1-interaction-shap	interaction	FUS	1	PABPC4	1	71	0.0	true	0.0	FUS-PABPC4
K562	FUS_1-ILF3_1-interaction-shap	interaction	FUS	1	ILF3	1	3	0.0	true	0.0	FUS-ILF3
K562	FUS_1-IGF2BP1_1-interaction-shap	interaction	FUS	1	IGF2BP1	1	3	0.0	true	0.0	FUS-IGF2BP1
K562	FUS_1-HNRNPM_1-interaction-shap	interaction	FUS	1	HNRNPM	1	47	0.0	true	0.0	FUS-HNRNPM
K562	FUS_1-HNRNPL_1-interaction-shap	interaction	FUS	1	HNRNPL	1	57	0.0	true	0.0	FUS-HNRNPL
K562	EWSR1_1-RPS11_1-interaction-shap	interaction	EWSR1	1	RPS11	1	1	0.0	true	0.0	EWSR1-RPS11
K562	EWSR1_1-RBM15_1-interaction-shap	interaction	EWSR1	1	RBM15	1	41	0.0	true	0.0	EWSR1-RBM15
K562	EWSR1_1-PABPC4_1-interaction-shap	interaction	EWSR1	1	PABPC4	1	90	0.0	true	0.0	EWSR1-PABPC4
K562	EWSR1_1-ILF3_1-interaction-shap	interaction	EWSR1	1	ILF3	1	8	0.0	true	0.0	EWSR1-ILF3
K562	EWSR1_1-HNRNPUL1_1-interaction-shap	interaction	EWSR1	1	HNRNPUL1	1	2	0.0	true	0.0	EWSR1-HNRNPUL1
K562	EWSR1_1-HNRNPU_1-interaction-shap	interaction	EWSR1	1	HNRNPU	1	2	0.0	true	0.0	EWSR1-HNRNPU
K562	EWSR1_1-HNRNPC_1-interaction-shap	interaction	EWSR1	1	HNRNPC	1	3	0.0	true	0.0	EWSR1-HNRNPC
K562	EIF4E_1-TRA2A_1-interaction-shap	interaction	EIF4E	1	TRA2A	1	11	0.0	true	0.0	EIF4E-TRA2A
K562	EIF4E_1-SAFB_1-interaction-shap	interaction	EIF4E	1	SAFB	1	8	0.0	true	0.0	EIF4E-SAFB
K562	DHX30_1-FUS_1-interaction-shap	interaction	DHX30	1	FUS	1	142	0.0	true	0.0	DHX30-FUS
K562	DGCR8_1-RBFOX2_1-interaction-shap	interaction	DGCR8	1	RBFOX2	1	86	0.0	true	0.0	DGCR8-RBFOX2
K562	DGCR8_1-PABPC4_1-interaction-shap	interaction	DGCR8	1	PABPC4	1	51	0.0	true	0.0	DGCR8-PABPC4
K562	DGCR8_1-NCBP2_1-interaction-shap	interaction	DGCR8	1	NCBP2	1	9	0.0	true	0.0	DGCR8-NCBP2
K562	DGCR8_1-FMR1_1-interaction-shap	interaction	DGCR8	1	FMR1	1	24	0.0	true	0.0	DGCR8-FMR1
K562	DDX6_1-LARP7_1-interaction-shap	interaction	DDX6	1	LARP7	1	2	0.0	true	0.0	DDX6-LARP7
K562	DDX6_1-U2AF1_1-interaction-shap	interaction	DDX6	1	U2AF1	1	17	0.0	false	0.0	DDX6-U2AF1
K562	AKAP1_1-DDX3X_1-interaction-shap	interaction	AKAP1	1	DDX3X	1	3	0.0	false	0.0	AKAP1-DDX3X
K562	AKAP1_1-DDX47_1-interaction-shap	interaction	AKAP1	1	DDX47	1	18	0.0	false	0.0	AKAP1-DDX47
K562	AKAP1_1-DDX52_1-interaction-shap	interaction	AKAP1	1	DDX52	1	18	0.0	false	0.0	AKAP1-DDX52
K562	AKAP1_1-DDX6_1-interaction-shap	interaction	AKAP1	1	DDX6	1	3	0.0	false	0.0	AKAP1-DDX6
K562	AKAP1_1-DGCR8_1-interaction-shap	interaction	AKAP1	1	DGCR8	1	19	0.0	false	0.0	AKAP1-DGCR8
K562	AKAP1_1-DHX30_1-interaction-shap	interaction	AKAP1	1	DHX30	1	18	0.0	false	0.0	AKAP1-DHX30
K562	AKAP1_1-EIF4E_1-interaction-shap	interaction	AKAP1	1	EIF4E	1	21	0.0	false	0.0	AKAP1-EIF4E
K562	AKAP1_1-ELAC2_1-interaction-shap	interaction	AKAP1	1	ELAC2	1	19	0.0	false	0.0	AKAP1-ELAC2
K562	AKAP1_1-EWSR1_1-interaction-shap	interaction	AKAP1	1	EWSR1	1	44	0.0	false	0.0	AKAP1-EWSR1
K562	AKAP1_1-FASTKD2_1-interaction-shap	interaction	AKAP1	1	FASTKD2	1	21	0.0	false	0.0	AKAP1-FASTKD2
K562	AKAP1_1-FMR1_1-interaction-shap	interaction	AKAP1	1	FMR1	1	18	0.0	false	0.0	AKAP1-FMR1
K562	AKAP1_1-FUS_1-interaction-shap	interaction	AKAP1	1	FUS	1	4	0.0	false	0.0	AKAP1-FUS
K562	AKAP1_1-FXR2_1-interaction-shap	interaction	AKAP1	1	FXR2	1	19	0.0	false	0.0	AKAP1-FXR2
K562	AKAP1_1-GTF2F1_1-interaction-shap	interaction	AKAP1	1	GTF2F1	1	23	0.0	false	0.0	AKAP1-GTF2F1
K562	AKAP1_1-IGF2BP2_1-interaction-shap	interaction	AKAP1	1	IGF2BP2	1	3	0.0	false	0.0	AKAP1-IGF2BP2
K562	AKAP1_1-PTBP1_1-interaction-shap	interaction	AKAP1	1	PTBP1	1	18	0.0	false	0.0	AKAP1-PTBP1
K562	AKAP1_1-RBFOX2_1-interaction-shap	interaction	AKAP1	1	RBFOX2	1	18	0.0	false	0.0	AKAP1-RBFOX2
K562	AKAP1_1-SMNDC1_1-interaction-shap	interaction	AKAP1	1	SMNDC1	1	19	0.0	false	0.0	AKAP1-SMNDC1
K562	AKAP1_1-TAF15_1-interaction-shap	interaction	AKAP1	1	TAF15	1	3	0.0	false	0.0	AKAP1-TAF15
K562	AKAP1_1-TBRG4_1-interaction-shap	interaction	AKAP1	1	TBRG4	1	22	0.0	false	0.0	AKAP1-TBRG4
K562	AKAP1_1-XRN2_1-interaction-shap	interaction	AKAP1	1	XRN2	1	18	0.0	false	0.0	AKAP1-XRN2
K562	AKAP1_1-YWHAG_1-interaction-shap	interaction	AKAP1	1	YWHAG	1	19	0.0	false	0.0	AKAP1-YWHAG
K562	AKAP8L_1-CSTF2T_1-interaction-shap	interaction	AKAP8L	1	CSTF2T	1	243	0.0	false	0.0	AKAP8L-CSTF2T
K562	AKAP8L_1-DGCR8_1-interaction-shap	interaction	AKAP8L	1	DGCR8	1	71	0.0	false	0.0	AKAP8L-DGCR8
K562	AKAP8L_1-EIF4E_1-interaction-shap	interaction	AKAP8L	1	EIF4E	1	94	0.0	false	0.0	AKAP8L-EIF4E
K562	AKAP8L_1-EIF4G2_1-interaction-shap	interaction	AKAP8L	1	EIF4G2	1	48	0.0	false	0.0	AKAP8L-EIF4G2
K562	AKAP8L_1-EWSR1_1-interaction-shap	interaction	AKAP8L	1	EWSR1	1	189	0.0	false	0.0	AKAP8L-EWSR1
K562	AKAP8L_1-FUS_1-interaction-shap	interaction	AKAP8L	1	FUS	1	100	0.0	false	0.0	AKAP8L-FUS
K562	AKAP8L_1-HNRNPL_1-interaction-shap	interaction	AKAP8L	1	HNRNPL	1	13	0.0	false	0.0	AKAP8L-HNRNPL
K562	AKAP8L_1-IGF2BP1_1-interaction-shap	interaction	AKAP8L	1	IGF2BP1	1	10	0.0	false	0.0	AKAP8L-IGF2BP1
K562	AKAP8L_1-IGF2BP2_1-interaction-shap	interaction	AKAP8L	1	IGF2BP2	1	15	0.0	false	0.0	AKAP8L-IGF2BP2
K562	AKAP8L_1-LARP7_1-interaction-shap	interaction	AKAP8L	1	LARP7	1	1	0.0	false	0.0	AKAP8L-LARP7
K562	AKAP8L_1-LIN28B_1-interaction-shap	interaction	AKAP8L	1	LIN28B	1	1	0.0	false	0.0	AKAP8L-LIN28B
K562	AKAP8L_1-PTBP1_1-interaction-shap	interaction	AKAP8L	1	PTBP1	1	35	0.0	false	0.0	AKAP8L-PTBP1
K562	AKAP8L_1-PUM2_1-interaction-shap	interaction	AKAP8L	1	PUM2	1	25	0.0	false	0.0	AKAP8L-PUM2
K562	AKAP8L_1-RBFOX2_1-interaction-shap	interaction	AKAP8L	1	RBFOX2	1	95	0.0	false	0.0	AKAP8L-RBFOX2
K562	AKAP8L_1-SF3B4_1-interaction-shap	interaction	AKAP8L	1	SF3B4	1	114	0.0	false	0.0	AKAP8L-SF3B4
K562	AKAP8L_1-TAF15_1-interaction-shap	interaction	AKAP8L	1	TAF15	1	26	0.0	false	0.0	AKAP8L-TAF15
K562	AKAP8L_1-TIA1_1-interaction-shap	interaction	AKAP8L	1	TIA1	1	41	0.0	false	0.0	AKAP8L-TIA1
K562	APEX1_1-CSTF2T_1-interaction-shap	interaction	APEX1	1	CSTF2T	1	19	0.0	false	0.0	APEX1-CSTF2T
K562	APEX1_1-DDX1_1-interaction-shap	interaction	APEX1	1	DDX1	1	19	0.0	false	0.0	APEX1-DDX1
K562	APEX1_1-DDX3X_1-interaction-shap	interaction	APEX1	1	DDX3X	1	40	0.0	false	0.0	APEX1-DDX3X
K562	APEX1_1-DDX47_1-interaction-shap	interaction	APEX1	1	DDX47	1	19	0.0	false	0.0	APEX1-DDX47
K562	APEX1_1-DDX52_1-interaction-shap	interaction	APEX1	1	DDX52	1	19	0.0	false	0.0	APEX1-DDX52
K562	APEX1_1-DGCR8_1-interaction-shap	interaction	APEX1	1	DGCR8	1	20	0.0	false	0.0	APEX1-DGCR8
K562	APEX1_1-DHX30_1-interaction-shap	interaction	APEX1	1	DHX30	1	19	0.0	false	0.0	APEX1-DHX30
K562	APEX1_1-EIF3G_1-interaction-shap	interaction	APEX1	1	EIF3G	1	21	0.0	false	0.0	APEX1-EIF3G
K562	APEX1_1-EIF4E_1-interaction-shap	interaction	APEX1	1	EIF4E	1	78	0.0	false	0.0	APEX1-EIF4E
K562	APEX1_1-ELAC2_1-interaction-shap	interaction	APEX1	1	ELAC2	1	20	0.0	false	0.0	APEX1-ELAC2
K562	APEX1_1-EWSR1_1-interaction-shap	interaction	APEX1	1	EWSR1	1	19	0.0	false	0.0	APEX1-EWSR1
K562	APEX1_1-FAM120A_1-interaction-shap	interaction	APEX1	1	FAM120A	1	20	0.0	false	0.0	APEX1-FAM120A
K562	APEX1_1-FASTKD2_1-interaction-shap	interaction	APEX1	1	FASTKD2	1	20	0.0	false	0.0	APEX1-FASTKD2
K562	APEX1_1-FMR1_1-interaction-shap	interaction	APEX1	1	FMR1	1	47	0.0	false	0.0	APEX1-FMR1
K562	APEX1_1-FXR1_1-interaction-shap	interaction	APEX1	1	FXR1	1	32	0.0	false	0.0	APEX1-FXR1
K562	APEX1_1-FXR2_1-interaction-shap	interaction	APEX1	1	FXR2	1	69	0.0	false	0.0	APEX1-FXR2
K562	APEX1_1-GTF2F1_1-interaction-shap	interaction	APEX1	1	GTF2F1	1	19	0.0	false	0.0	APEX1-GTF2F1
K562	APEX1_1-LIN28B_1-interaction-shap	interaction	APEX1	1	LIN28B	1	24	0.0	false	0.0	APEX1-LIN28B
K562	APEX1_1-NONO_1-interaction-shap	interaction	APEX1	1	NONO	1	19	0.0	false	0.0	APEX1-NONO
K562	APEX1_1-PCBP1_1-interaction-shap	interaction	APEX1	1	PCBP1	1	22	0.0	false	0.0	APEX1-PCBP1
K562	APEX1_1-PTBP1_1-interaction-shap	interaction	APEX1	1	PTBP1	1	28	0.0	false	0.0	APEX1-PTBP1
K562	APEX1_1-RBFOX2_1-interaction-shap	interaction	APEX1	1	RBFOX2	1	19	0.0	false	0.0	APEX1-RBFOX2
K562	APEX1_1-RBM15_1-interaction-shap	interaction	APEX1	1	RBM15	1	32	0.0	false	0.0	APEX1-RBM15
K562	APEX1_1-RPS3_1-interaction-shap	interaction	APEX1	1	RPS3	1	3	0.0	false	0.0	APEX1-RPS3
K562	APEX1_1-RPS6_1-interaction-shap	interaction	APEX1	1	RPS6	1	11	0.0	false	0.0	APEX1-RPS6
K562	APEX1_1-SF3B4_1-interaction-shap	interaction	APEX1	1	SF3B4	1	20	0.0	false	0.0	APEX1-SF3B4
K562	APEX1_1-SMNDC1_1-interaction-shap	interaction	APEX1	1	SMNDC1	1	20	0.0	false	0.0	APEX1-SMNDC1
K562	APEX1_1-TBRG4_1-interaction-shap	interaction	APEX1	1	TBRG4	1	20	0.0	false	0.0	APEX1-TBRG4
K562	APEX1_1-TIA1_1-interaction-shap	interaction	APEX1	1	TIA1	1	20	0.0	false	0.0	APEX1-TIA1
K562	APEX1_1-UCHL5_1-interaction-shap	interaction	APEX1	1	UCHL5	1	34	0.0	false	0.0	APEX1-UCHL5
K562	APEX1_1-XRN2_1-interaction-shap	interaction	APEX1	1	XRN2	1	19	0.0	false	0.0	APEX1-XRN2
K562	APEX1_1-YWHAG_1-interaction-shap	interaction	APEX1	1	YWHAG	1	20	0.0	false	0.0	APEX1-YWHAG
K562	APOBEC3C_1-CPEB4_1-interaction-shap	interaction	APOBEC3C	1	CPEB4	1	4	0.0	false	0.0	APOBEC3C-CPEB4
K562	APOBEC3C_1-CSTF2T_1-interaction-shap	interaction	APOBEC3C	1	CSTF2T	1	14	0.0	false	0.0	APOBEC3C-CSTF2T
K562	APOBEC3C_1-DDX21_1-interaction-shap	interaction	APOBEC3C	1	DDX21	1	2	0.0	false	0.0	APOBEC3C-DDX21
K562	APOBEC3C_1-DDX52_1-interaction-shap	interaction	APOBEC3C	1	DDX52	1	2	0.0	false	0.0	APOBEC3C-DDX52
K562	APOBEC3C_1-EIF4E_1-interaction-shap	interaction	APOBEC3C	1	EIF4E	1	49	0.0	false	0.0	APOBEC3C-EIF4E
K562	APOBEC3C_1-ELAC2_1-interaction-shap	interaction	APOBEC3C	1	ELAC2	1	9	0.0	false	0.0	APOBEC3C-ELAC2
K562	APOBEC3C_1-ELAVL1_1-interaction-shap	interaction	APOBEC3C	1	ELAVL1	1	26	0.0	false	0.0	APOBEC3C-ELAVL1
K562	APOBEC3C_1-EXOSC10_1-interaction-shap	interaction	APOBEC3C	1	EXOSC10	1	37	0.0	false	0.0	APOBEC3C-EXOSC10
K562	APOBEC3C_1-FAM120A_1-interaction-shap	interaction	APOBEC3C	1	FAM120A	1	6	0.0	false	0.0	APOBEC3C-FAM120A
K562	APOBEC3C_1-FASTKD2_1-interaction-shap	interaction	APOBEC3C	1	FASTKD2	1	8	0.0	false	0.0	APOBEC3C-FASTKD2
K562	APOBEC3C_1-FUS_1-interaction-shap	interaction	APOBEC3C	1	FUS	1	10	0.0	false	0.0	APOBEC3C-FUS
K562	APOBEC3C_1-FXR2_1-interaction-shap	interaction	APOBEC3C	1	FXR2	1	9	0.0	false	0.0	APOBEC3C-FXR2
K562	APOBEC3C_1-GPKOW_1-interaction-shap	interaction	APOBEC3C	1	GPKOW	1	12	0.0	false	0.0	APOBEC3C-GPKOW
K562	APOBEC3C_1-GTF2F1_1-interaction-shap	interaction	APOBEC3C	1	GTF2F1	1	10	0.0	false	0.0	APOBEC3C-GTF2F1
K562	APOBEC3C_1-IGF2BP2_1-interaction-shap	interaction	APOBEC3C	1	IGF2BP2	1	8	0.0	false	0.0	APOBEC3C-IGF2BP2
K562	APOBEC3C_1-RBFOX2_1-interaction-shap	interaction	APOBEC3C	1	RBFOX2	1	9	0.0	false	0.0	APOBEC3C-RBFOX2
K562	APOBEC3C_1-SERBP1_1-interaction-shap	interaction	APOBEC3C	1	SERBP1	1	3	0.0	false	0.0	APOBEC3C-SERBP1
K562	APOBEC3C_1-SF3B4_1-interaction-shap	interaction	APOBEC3C	1	SF3B4	1	56	0.0	false	0.0	APOBEC3C-SF3B4
K562	APOBEC3C_1-SMNDC1_1-interaction-shap	interaction	APOBEC3C	1	SMNDC1	1	5	0.0	false	0.0	APOBEC3C-SMNDC1
K562	APOBEC3C_1-SRSF9_1-interaction-shap	interaction	APOBEC3C	1	SRSF9	1	2	0.0	false	0.0	APOBEC3C-SRSF9
K562	APOBEC3C_1-TAF15_1-interaction-shap	interaction	APOBEC3C	1	TAF15	1	3	0.0	false	0.0	APOBEC3C-TAF15
K562	APOBEC3C_1-TARDBP_1-interaction-shap	interaction	APOBEC3C	1	TARDBP	1	2	0.0	false	0.0	APOBEC3C-TARDBP
K562	APOBEC3C_1-TBRG4_1-interaction-shap	interaction	APOBEC3C	1	TBRG4	1	3	0.0	false	0.0	APOBEC3C-TBRG4
K562	APOBEC3C_1-U2AF2_1-interaction-shap	interaction	APOBEC3C	1	U2AF2	1	6	0.0	false	0.0	APOBEC3C-U2AF2
K562	APOBEC3C_1-ZC3H8_1-interaction-shap	interaction	APOBEC3C	1	ZC3H8	1	8	0.0	false	0.0	APOBEC3C-ZC3H8
K562	APOBEC3C_1-ZRANB2_1-interaction-shap	interaction	APOBEC3C	1	ZRANB2	1	1	0.0	false	0.0	APOBEC3C-ZRANB2
K562	BUD13_1-CPSF6_1-interaction-shap	interaction	BUD13	1	CPSF6	1	25	0.0	false	0.0	BUD13-CPSF6
K562	BUD13_1-DDX1_1-interaction-shap	interaction	BUD13	1	DDX1	1	40	0.0	false	0.0	BUD13-DDX1
K562	BUD13_1-DDX42_1-interaction-shap	interaction	BUD13	1	DDX42	1	23	0.0	false	0.0	BUD13-DDX42
K562	BUD13_1-DDX51_1-interaction-shap	interaction	BUD13	1	DDX51	1	36	0.0	false	0.0	BUD13-DDX51
K562	BUD13_1-DDX52_1-interaction-shap	interaction	BUD13	1	DDX52	1	14	0.0	false	0.0	BUD13-DDX52
K562	BUD13_1-DDX6_1-interaction-shap	interaction	BUD13	1	DDX6	1	25	0.0	false	0.0	BUD13-DDX6
K562	BUD13_1-DGCR8_1-interaction-shap	interaction	BUD13	1	DGCR8	1	51	0.0	false	0.0	BUD13-DGCR8
K562	BUD13_1-EIF3G_1-interaction-shap	interaction	BUD13	1	EIF3G	1	28	0.0	false	0.0	BUD13-EIF3G
K562	BUD13_1-FASTKD2_1-interaction-shap	interaction	BUD13	1	FASTKD2	1	58	0.0	false	0.0	BUD13-FASTKD2
K562	BUD13_1-ILF3_1-interaction-shap	interaction	BUD13	1	ILF3	1	10	0.0	false	0.0	BUD13-ILF3
K562	BUD13_1-LARP4_1-interaction-shap	interaction	BUD13	1	LARP4	1	35	0.0	false	0.0	BUD13-LARP4
K562	BUD13_1-LSM11_1-interaction-shap	interaction	BUD13	1	LSM11	1	61	0.0	false	0.0	BUD13-LSM11
K562	BUD13_1-MBNL1_1-interaction-shap	interaction	BUD13	1	MBNL1	1	2	0.0	false	0.0	BUD13-MBNL1
K562	BUD13_1-NCBP2_1-interaction-shap	interaction	BUD13	1	NCBP2	1	36	0.0	false	0.0	BUD13-NCBP2
K562	BUD13_1-NIPBL_1-interaction-shap	interaction	BUD13	1	NIPBL	1	139	0.0	false	0.0	BUD13-NIPBL
K562	BUD13_1-RPS6_1-interaction-shap	interaction	BUD13	1	RPS6	1	18	0.0	false	0.0	BUD13-RPS6
K562	BUD13_1-SAFB2_1-interaction-shap	interaction	BUD13	1	SAFB2	1	2	0.0	false	0.0	BUD13-SAFB2
K562	BUD13_1-SERBP1_1-interaction-shap	interaction	BUD13	1	SERBP1	1	10	0.0	false	0.0	BUD13-SERBP1
K562	BUD13_1-SF3B1_1-interaction-shap	interaction	BUD13	1	SF3B1	1	10	0.0	false	0.0	BUD13-SF3B1
K562	BUD13_1-SRSF9_1-interaction-shap	interaction	BUD13	1	SRSF9	1	2	0.0	false	0.0	BUD13-SRSF9
K562	BUD13_1-SSB_1-interaction-shap	interaction	BUD13	1	SSB	1	2	0.0	false	0.0	BUD13-SSB
K562	BUD13_1-TBRG4_1-interaction-shap	interaction	BUD13	1	TBRG4	1	14	0.0	false	0.0	BUD13-TBRG4
K562	BUD13_1-WDR43_1-interaction-shap	interaction	BUD13	1	WDR43	1	40	0.0	false	0.0	BUD13-WDR43
K562	BUD13_1-YWHAG_1-interaction-shap	interaction	BUD13	1	YWHAG	1	15	0.0	false	0.0	BUD13-YWHAG
K562	BUD13_1-ZC3H8_1-interaction-shap	interaction	BUD13	1	ZC3H8	1	114	0.0	false	0.0	BUD13-ZC3H8
K562	BUD13_1-ZRANB2_1-interaction-shap	interaction	BUD13	1	ZRANB2	1	128	0.0	false	0.0	BUD13-ZRANB2
K562	CPEB4_1-DDX47_1-interaction-shap	interaction	CPEB4	1	DDX47	1	5	0.0	false	0.0	CPEB4-DDX47
K562	CPEB4_1-DDX52_1-interaction-shap	interaction	CPEB4	1	DDX52	1	2	0.0	false	0.0	CPEB4-DDX52
K562	CPEB4_1-DDX6_1-interaction-shap	interaction	CPEB4	1	DDX6	1	3	0.0	false	0.0	CPEB4-DDX6
K562	CPEB4_1-DHX30_1-interaction-shap	interaction	CPEB4	1	DHX30	1	7	0.0	false	0.0	CPEB4-DHX30
K562	CPEB4_1-EIF4E_1-interaction-shap	interaction	CPEB4	1	EIF4E	1	1	0.0	false	0.0	CPEB4-EIF4E
K562	CPEB4_1-EIF4G2_1-interaction-shap	interaction	CPEB4	1	EIF4G2	1	2	0.0	false	0.0	CPEB4-EIF4G2
K562	CPEB4_1-ELAC2_1-interaction-shap	interaction	CPEB4	1	ELAC2	1	3	0.0	false	0.0	CPEB4-ELAC2
K562	CPEB4_1-EWSR1_1-interaction-shap	interaction	CPEB4	1	EWSR1	1	7	0.0	false	0.0	CPEB4-EWSR1
K562	CPEB4_1-EXOSC5_1-interaction-shap	interaction	CPEB4	1	EXOSC5	1	5	0.0	false	0.0	CPEB4-EXOSC5
K562	CPEB4_1-FUS_1-interaction-shap	interaction	CPEB4	1	FUS	1	7	0.0	false	0.0	CPEB4-FUS
K562	CPEB4_1-IGF2BP2_1-interaction-shap	interaction	CPEB4	1	IGF2BP2	1	3	0.0	false	0.0	CPEB4-IGF2BP2
K562	CPEB4_1-LARP4_1-interaction-shap	interaction	CPEB4	1	LARP4	1	1	0.0	false	0.0	CPEB4-LARP4
K562	CPEB4_1-MTPAP_1-interaction-shap	interaction	CPEB4	1	MTPAP	1	7	0.0	false	0.0	CPEB4-MTPAP
K562	CPEB4_1-PPIL4_1-interaction-shap	interaction	CPEB4	1	PPIL4	1	5	0.0	false	0.0	CPEB4-PPIL4
K562	CPEB4_1-RBM15_1-interaction-shap	interaction	CPEB4	1	RBM15	1	2	0.0	false	0.0	CPEB4-RBM15
K562	CPEB4_1-RPS10_1-interaction-shap	interaction	CPEB4	1	RPS10	1	5	0.0	false	0.0	CPEB4-RPS10
K562	CPEB4_1-TAF15_1-interaction-shap	interaction	CPEB4	1	TAF15	1	5	0.0	false	0.0	CPEB4-TAF15
K562	CPEB4_1-TBRG4_1-interaction-shap	interaction	CPEB4	1	TBRG4	1	5	0.0	false	0.0	CPEB4-TBRG4
K562	CPEB4_1-U2AF1_1-interaction-shap	interaction	CPEB4	1	U2AF1	1	2	0.0	false	0.0	CPEB4-U2AF1
K562	CPEB4_1-U2AF2_1-interaction-shap	interaction	CPEB4	1	U2AF2	1	2	0.0	false	0.0	CPEB4-U2AF2
K562	CPEB4_1-XRN2_1-interaction-shap	interaction	CPEB4	1	XRN2	1	2	0.0	false	0.0	CPEB4-XRN2
K562	CPEB4_1-ZRANB2_1-interaction-shap	interaction	CPEB4	1	ZRANB2	1	5	0.0	false	0.0	CPEB4-ZRANB2
K562	CPSF6_1-CSTF2T_1-interaction-shap	interaction	CPSF6	1	CSTF2T	1	12	0.0	false	0.0	CPSF6-CSTF2T
K562	CPSF6_1-DDX3X_1-interaction-shap	interaction	CPSF6	1	DDX3X	1	16	0.0	false	0.0	CPSF6-DDX3X
K562	CPSF6_1-EFTUD2_1-interaction-shap	interaction	CPSF6	1	EFTUD2	1	7	0.0	false	0.0	CPSF6-EFTUD2
K562	CPSF6_1-ELAC2_1-interaction-shap	interaction	CPSF6	1	ELAC2	1	2	0.0	false	0.0	CPSF6-ELAC2
K562	CPSF6_1-EXOSC10_1-interaction-shap	interaction	CPSF6	1	EXOSC10	1	10	0.0	false	0.0	CPSF6-EXOSC10
K562	CPSF6_1-FAM120A_1-interaction-shap	interaction	CPSF6	1	FAM120A	1	12	0.0	false	0.0	CPSF6-FAM120A
K562	CPSF6_1-FASTKD2_1-interaction-shap	interaction	CPSF6	1	FASTKD2	1	12	0.0	false	0.0	CPSF6-FASTKD2
K562	CPSF6_1-GPKOW_1-interaction-shap	interaction	CPSF6	1	GPKOW	1	41	0.0	false	0.0	CPSF6-GPKOW
K562	CPSF6_1-GTF2F1_1-interaction-shap	interaction	CPSF6	1	GTF2F1	1	13	0.0	false	0.0	CPSF6-GTF2F1
K562	CPSF6_1-IGF2BP1_1-interaction-shap	interaction	CPSF6	1	IGF2BP1	1	1	0.0	false	0.0	CPSF6-IGF2BP1
K562	CPSF6_1-NPM1_1-interaction-shap	interaction	CPSF6	1	NPM1	1	6	0.0	false	0.0	CPSF6-NPM1
K562	CPSF6_1-PPIL4_1-interaction-shap	interaction	CPSF6	1	PPIL4	1	14	0.0	false	0.0	CPSF6-PPIL4
K562	CPSF6_1-RBFOX2_1-interaction-shap	interaction	CPSF6	1	RBFOX2	1	11	0.0	false	0.0	CPSF6-RBFOX2
K562	CPSF6_1-SAFB2_1-interaction-shap	interaction	CPSF6	1	SAFB2	1	8	0.0	false	0.0	CPSF6-SAFB2
K562	CPSF6_1-SF3B4_1-interaction-shap	interaction	CPSF6	1	SF3B4	1	33	0.0	false	0.0	CPSF6-SF3B4
K562	CPSF6_1-U2AF2_1-interaction-shap	interaction	CPSF6	1	U2AF2	1	1	0.0	false	0.0	CPSF6-U2AF2
K562	CSTF2T_1-DDX1_1-interaction-shap	interaction	CSTF2T	1	DDX1	1	161	0.0	false	0.0	CSTF2T-DDX1
K562	CSTF2T_1-DDX21_1-interaction-shap	interaction	CSTF2T	1	DDX21	1	5	0.0	false	0.0	CSTF2T-DDX21
K562	CSTF2T_1-DDX42_1-interaction-shap	interaction	CSTF2T	1	DDX42	1	14	0.0	false	0.0	CSTF2T-DDX42
K562	CSTF2T_1-DDX47_1-interaction-shap	interaction	CSTF2T	1	DDX47	1	18	0.0	false	0.0	CSTF2T-DDX47
K562	CSTF2T_1-DDX51_1-interaction-shap	interaction	CSTF2T	1	DDX51	1	170	0.0	false	0.0	CSTF2T-DDX51
K562	CSTF2T_1-DDX52_1-interaction-shap	interaction	CSTF2T	1	DDX52	1	203	0.0	false	0.0	CSTF2T-DDX52
K562	CSTF2T_1-DHX30_1-interaction-shap	interaction	CSTF2T	1	DHX30	1	147	0.0	false	0.0	CSTF2T-DHX30
K562	CSTF2T_1-EIF3G_1-interaction-shap	interaction	CSTF2T	1	EIF3G	1	28	0.0	false	0.0	CSTF2T-EIF3G
K562	CSTF2T_1-EXOSC5_1-interaction-shap	interaction	CSTF2T	1	EXOSC5	1	18	0.0	false	0.0	CSTF2T-EXOSC5
K562	CSTF2T_1-FASTKD2_1-interaction-shap	interaction	CSTF2T	1	FASTKD2	1	185	0.0	false	0.0	CSTF2T-FASTKD2
K562	CSTF2T_1-FXR1_1-interaction-shap	interaction	CSTF2T	1	FXR1	1	10	0.0	false	0.0	CSTF2T-FXR1
K562	CSTF2T_1-GARS_1-interaction-shap	interaction	CSTF2T	1	GARS	1	13	0.0	false	0.0	CSTF2T-GARS
K562	CSTF2T_1-GTF2F1_1-interaction-shap	interaction	CSTF2T	1	GTF2F1	1	604	0.0	false	0.0	CSTF2T-GTF2F1
K562	CSTF2T_1-HNRNPM_1-interaction-shap	interaction	CSTF2T	1	HNRNPM	1	40	0.0	false	0.0	CSTF2T-HNRNPM
K562	CSTF2T_1-HNRNPU_1-interaction-shap	interaction	CSTF2T	1	HNRNPU	1	2	0.0	false	0.0	CSTF2T-HNRNPU
K562	CSTF2T_1-HNRNPUL1_1-interaction-shap	interaction	CSTF2T	1	HNRNPUL1	1	2	0.0	false	0.0	CSTF2T-HNRNPUL1
K562	CSTF2T_1-KHSRP_1-interaction-shap	interaction	CSTF2T	1	KHSRP	1	3	0.0	false	0.0	CSTF2T-KHSRP
K562	CSTF2T_1-LARP7_1-interaction-shap	interaction	CSTF2T	1	LARP7	1	2	0.0	false	0.0	CSTF2T-LARP7
K562	CSTF2T_1-MBNL1_1-interaction-shap	interaction	CSTF2T	1	MBNL1	1	1	0.0	false	0.0	CSTF2T-MBNL1
K562	CSTF2T_1-MTPAP_1-interaction-shap	interaction	CSTF2T	1	MTPAP	1	20	0.0	false	0.0	CSTF2T-MTPAP
K562	CSTF2T_1-NCBP2_1-interaction-shap	interaction	CSTF2T	1	NCBP2	1	81	0.0	false	0.0	CSTF2T-NCBP2
K562	CSTF2T_1-PHF6_1-interaction-shap	interaction	CSTF2T	1	PHF6	1	100	0.0	false	0.0	CSTF2T-PHF6
K562	CSTF2T_1-PPIL4_1-interaction-shap	interaction	CSTF2T	1	PPIL4	1	1	0.0	false	0.0	CSTF2T-PPIL4
K562	CSTF2T_1-PUM1_1-interaction-shap	interaction	CSTF2T	1	PUM1	1	39	0.0	false	0.0	CSTF2T-PUM1
K562	CSTF2T_1-PUM2_1-interaction-shap	interaction	CSTF2T	1	PUM2	1	25	0.0	false	0.0	CSTF2T-PUM2
K562	CSTF2T_1-RBFOX2_1-interaction-shap	interaction	CSTF2T	1	RBFOX2	1	223	0.0	false	0.0	CSTF2T-RBFOX2
K562	CSTF2T_1-RPS11_1-interaction-shap	interaction	CSTF2T	1	RPS11	1	1	0.0	false	0.0	CSTF2T-RPS11
K562	CSTF2T_1-SMNDC1_1-interaction-shap	interaction	CSTF2T	1	SMNDC1	1	259	0.0	false	0.0	CSTF2T-SMNDC1
K562	CSTF2T_1-SND1_1-interaction-shap	interaction	CSTF2T	1	SND1	1	66	0.0	false	0.0	CSTF2T-SND1
K562	CSTF2T_1-SRSF9_1-interaction-shap	interaction	CSTF2T	1	SRSF9	1	1	0.0	false	0.0	CSTF2T-SRSF9
K562	CSTF2T_1-TBRG4_1-interaction-shap	interaction	CSTF2T	1	TBRG4	1	111	0.0	false	0.0	CSTF2T-TBRG4
K562	CSTF2T_1-TRA2A_1-interaction-shap	interaction	CSTF2T	1	TRA2A	1	1	0.0	false	0.0	CSTF2T-TRA2A
K562	CSTF2T_1-U2AF1_1-interaction-shap	interaction	CSTF2T	1	U2AF1	1	45	0.0	false	0.0	CSTF2T-U2AF1
K562	CSTF2T_1-U2AF2_1-interaction-shap	interaction	CSTF2T	1	U2AF2	1	53	0.0	false	0.0	CSTF2T-U2AF2
K562	CSTF2T_1-UPF1_1-interaction-shap	interaction	CSTF2T	1	UPF1	1	46	0.0	false	0.0	CSTF2T-UPF1
K562	CSTF2T_1-UTP18_1-interaction-shap	interaction	CSTF2T	1	UTP18	1	1	0.0	false	0.0	CSTF2T-UTP18
K562	CSTF2T_1-WDR43_1-interaction-shap	interaction	CSTF2T	1	WDR43	1	1	0.0	false	0.0	CSTF2T-WDR43
K562	CSTF2T_1-YWHAG_1-interaction-shap	interaction	CSTF2T	1	YWHAG	1	20	0.0	false	0.0	CSTF2T-YWHAG
K562	CSTF2T_1-ZC3H11A_1-interaction-shap	interaction	CSTF2T	1	ZC3H11A	1	4	0.0	false	0.0	CSTF2T-ZC3H11A
K562	CSTF2T_1-ZRANB2_1-interaction-shap	interaction	CSTF2T	1	ZRANB2	1	66	0.0	false	0.0	CSTF2T-ZRANB2
K562	DDX1_1-DDX3X_1-interaction-shap	interaction	DDX1	1	DDX3X	1	4	0.0	false	0.0	DDX1-DDX3X
K562	DDX1_1-DDX42_1-interaction-shap	interaction	DDX1	1	DDX42	1	1	0.0	false	0.0	DDX1-DDX42
K562	DDX1_1-DDX47_1-interaction-shap	interaction	DDX1	1	DDX47	1	18	0.0	false	0.0	DDX1-DDX47
K562	DDX1_1-DDX52_1-interaction-shap	interaction	DDX1	1	DDX52	1	30	0.0	false	0.0	DDX1-DDX52
K562	DDX1_1-DDX6_1-interaction-shap	interaction	DDX1	1	DDX6	1	5	0.0	false	0.0	DDX1-DDX6
K562	DDX1_1-DGCR8_1-interaction-shap	interaction	DDX1	1	DGCR8	1	45	0.0	false	0.0	DDX1-DGCR8
K562	DDX1_1-DHX30_1-interaction-shap	interaction	DDX1	1	DHX30	1	115	0.0	false	0.0	DDX1-DHX30
K562	DDX1_1-EFTUD2_1-interaction-shap	interaction	DDX1	1	EFTUD2	1	28	0.0	false	0.0	DDX1-EFTUD2
K562	DDX1_1-EIF4E_1-interaction-shap	interaction	DDX1	1	EIF4E	1	42	0.0	false	0.0	DDX1-EIF4E
K562	DDX1_1-EIF4G2_1-interaction-shap	interaction	DDX1	1	EIF4G2	1	32	0.0	false	0.0	DDX1-EIF4G2
K562	DDX1_1-ELAC2_1-interaction-shap	interaction	DDX1	1	ELAC2	1	99	0.0	false	0.0	DDX1-ELAC2
K562	DDX1_1-FASTKD2_1-interaction-shap	interaction	DDX1	1	FASTKD2	1	23	0.0	false	0.0	DDX1-FASTKD2
K562	DDX1_1-FMR1_1-interaction-shap	interaction	DDX1	1	FMR1	1	18	0.0	false	0.0	DDX1-FMR1
K562	DDX1_1-FXR1_1-interaction-shap	interaction	DDX1	1	FXR1	1	1	0.0	false	0.0	DDX1-FXR1
K562	DDX1_1-FXR2_1-interaction-shap	interaction	DDX1	1	FXR2	1	38	0.0	false	0.0	DDX1-FXR2
K562	DDX1_1-GTF2F1_1-interaction-shap	interaction	DDX1	1	GTF2F1	1	33	0.0	false	0.0	DDX1-GTF2F1
K562	DDX1_1-HNRNPL_1-interaction-shap	interaction	DDX1	1	HNRNPL	1	57	0.0	false	0.0	DDX1-HNRNPL
K562	DDX1_1-IGF2BP1_1-interaction-shap	interaction	DDX1	1	IGF2BP1	1	1	0.0	false	0.0	DDX1-IGF2BP1
K562	DDX1_1-IGF2BP2_1-interaction-shap	interaction	DDX1	1	IGF2BP2	1	3	0.0	false	0.0	DDX1-IGF2BP2
K562	DDX1_1-ILF3_1-interaction-shap	interaction	DDX1	1	ILF3	1	1	0.0	false	0.0	DDX1-ILF3
K562	DDX1_1-LARP7_1-interaction-shap	interaction	DDX1	1	LARP7	1	1	0.0	false	0.0	DDX1-LARP7
K562	DDX1_1-MBNL1_1-interaction-shap	interaction	DDX1	1	MBNL1	1	1	0.0	false	0.0	DDX1-MBNL1
K562	DDX1_1-MTPAP_1-interaction-shap	interaction	DDX1	1	MTPAP	1	18	0.0	false	0.0	DDX1-MTPAP
K562	DDX1_1-NOLC1_1-interaction-shap	interaction	DDX1	1	NOLC1	1	31	0.0	false	0.0	DDX1-NOLC1
K562	DDX1_1-PCBP1_1-interaction-shap	interaction	DDX1	1	PCBP1	1	2	0.0	false	0.0	DDX1-PCBP1
K562	DDX1_1-PPIL4_1-interaction-shap	interaction	DDX1	1	PPIL4	1	1	0.0	false	0.0	DDX1-PPIL4
K562	DDX1_1-PRPF8_1-interaction-shap	interaction	DDX1	1	PRPF8	1	14	0.0	false	0.0	DDX1-PRPF8
K562	DDX1_1-PTBP1_1-interaction-shap	interaction	DDX1	1	PTBP1	1	35	0.0	false	0.0	DDX1-PTBP1
K562	DDX1_1-RBFOX2_1-interaction-shap	interaction	DDX1	1	RBFOX2	1	46	0.0	false	0.0	DDX1-RBFOX2
K562	DDX1_1-RBM15_1-interaction-shap	interaction	DDX1	1	RBM15	1	6	0.0	false	0.0	DDX1-RBM15
K562	DDX1_1-SMNDC1_1-interaction-shap	interaction	DDX1	1	SMNDC1	1	130	0.0	false	0.0	DDX1-SMNDC1
K562	DDX1_1-TAF15_1-interaction-shap	interaction	DDX1	1	TAF15	1	1	0.0	false	0.0	DDX1-TAF15
K562	DDX1_1-TARDBP_1-interaction-shap	interaction	DDX1	1	TARDBP	1	71	0.0	false	0.0	DDX1-TARDBP
K562	DDX1_1-TBRG4_1-interaction-shap	interaction	DDX1	1	TBRG4	1	83	0.0	false	0.0	DDX1-TBRG4
K562	DDX1_1-TIA1_1-interaction-shap	interaction	DDX1	1	TIA1	1	44	0.0	false	0.0	DDX1-TIA1
K562	DDX1_1-UCHL5_1-interaction-shap	interaction	DDX1	1	UCHL5	1	23	0.0	false	0.0	DDX1-UCHL5
K562	DDX1_1-UTP18_1-interaction-shap	interaction	DDX1	1	UTP18	1	1	0.0	false	0.0	DDX1-UTP18
K562	DDX1_1-XRCC6_1-interaction-shap	interaction	DDX1	1	XRCC6	1	1	0.0	false	0.0	DDX1-XRCC6
K562	DDX1_1-XRN2_1-interaction-shap	interaction	DDX1	1	XRN2	1	22	0.0	false	0.0	DDX1-XRN2
K562	DDX1_1-YWHAG_1-interaction-shap	interaction	DDX1	1	YWHAG	1	39	0.0	false	0.0	DDX1-YWHAG
K562	DDX1_1-ZC3H11A_1-interaction-shap	interaction	DDX1	1	ZC3H11A	1	1	0.0	false	0.0	DDX1-ZC3H11A
K562	DDX1_1-ZRANB2_1-interaction-shap	interaction	DDX1	1	ZRANB2	1	2	0.0	false	0.0	DDX1-ZRANB2
K562	DDX21_1-DDX52_1-interaction-shap	interaction	DDX21	1	DDX52	1	2	0.0	false	0.0	DDX21-DDX52
K562	DDX21_1-DDX6_1-interaction-shap	interaction	DDX21	1	DDX6	1	3	0.0	false	0.0	DDX21-DDX6
K562	DDX21_1-EFTUD2_1-interaction-shap	interaction	DDX21	1	EFTUD2	1	83	0.0	false	0.0	DDX21-EFTUD2
K562	DDX21_1-EIF4E_1-interaction-shap	interaction	DDX21	1	EIF4E	1	4	0.0	false	0.0	DDX21-EIF4E
K562	DDX21_1-EIF4G2_1-interaction-shap	interaction	DDX21	1	EIF4G2	1	2	0.0	false	0.0	DDX21-EIF4G2
K562	DDX21_1-ELAC2_1-interaction-shap	interaction	DDX21	1	ELAC2	1	6	0.0	false	0.0	DDX21-ELAC2
K562	DDX21_1-EWSR1_1-interaction-shap	interaction	DDX21	1	EWSR1	1	5	0.0	false	0.0	DDX21-EWSR1
K562	DDX21_1-FAM120A_1-interaction-shap	interaction	DDX21	1	FAM120A	1	5	0.0	false	0.0	DDX21-FAM120A
K562	DDX21_1-FASTKD2_1-interaction-shap	interaction	DDX21	1	FASTKD2	1	5	0.0	false	0.0	DDX21-FASTKD2
K562	DDX21_1-FMR1_1-interaction-shap	interaction	DDX21	1	FMR1	1	4	0.0	false	0.0	DDX21-FMR1
K562	DDX21_1-FUS_1-interaction-shap	interaction	DDX21	1	FUS	1	5	0.0	false	0.0	DDX21-FUS
K562	DDX21_1-GTF2F1_1-interaction-shap	interaction	DDX21	1	GTF2F1	1	5	0.0	false	0.0	DDX21-GTF2F1
K562	DDX21_1-IGF2BP1_1-interaction-shap	interaction	DDX21	1	IGF2BP1	1	2	0.0	false	0.0	DDX21-IGF2BP1
K562	DDX21_1-LIN28B_1-interaction-shap	interaction	DDX21	1	LIN28B	1	11	0.0	false	0.0	DDX21-LIN28B
K562	DDX21_1-NONO_1-interaction-shap	interaction	DDX21	1	NONO	1	3	0.0	false	0.0	DDX21-NONO
K562	DDX21_1-PRPF8_1-interaction-shap	interaction	DDX21	1	PRPF8	1	89	0.0	false	0.0	DDX21-PRPF8
K562	DDX21_1-PTBP1_1-interaction-shap	interaction	DDX21	1	PTBP1	1	7	0.0	false	0.0	DDX21-PTBP1
K562	DDX21_1-RPS6_1-interaction-shap	interaction	DDX21	1	RPS6	1	4	0.0	false	0.0	DDX21-RPS6
K562	DDX21_1-SF3B4_1-interaction-shap	interaction	DDX21	1	SF3B4	1	90	0.0	false	0.0	DDX21-SF3B4
K562	DDX21_1-SMNDC1_1-interaction-shap	interaction	DDX21	1	SMNDC1	1	97	0.0	false	0.0	DDX21-SMNDC1
K562	DDX21_1-SRSF9_1-interaction-shap	interaction	DDX21	1	SRSF9	1	4	0.0	false	0.0	DDX21-SRSF9
K562	DDX21_1-TARDBP_1-interaction-shap	interaction	DDX21	1	TARDBP	1	2	0.0	false	0.0	DDX21-TARDBP
K562	DDX21_1-TIA1_1-interaction-shap	interaction	DDX21	1	TIA1	1	2	0.0	false	0.0	DDX21-TIA1
K562	DDX21_1-TRA2A_1-interaction-shap	interaction	DDX21	1	TRA2A	1	91	0.0	false	0.0	DDX21-TRA2A
K562	DDX21_1-UTP18_1-interaction-shap	interaction	DDX21	1	UTP18	1	90	0.0	false	0.0	DDX21-UTP18
K562	DDX21_1-XRN2_1-interaction-shap	interaction	DDX21	1	XRN2	1	3	0.0	false	0.0	DDX21-XRN2
K562	DDX21_1-ZC3H8_1-interaction-shap	interaction	DDX21	1	ZC3H8	1	87	0.0	false	0.0	DDX21-ZC3H8
K562	DDX24_1-DGCR8_1-interaction-shap	interaction	DDX24	1	DGCR8	1	222	0.0	false	0.0	DDX24-DGCR8
K562	DDX24_1-EIF4E_1-interaction-shap	interaction	DDX24	1	EIF4E	1	256	0.0	false	0.0	DDX24-EIF4E
K562	DDX24_1-LARP7_1-interaction-shap	interaction	DDX24	1	LARP7	1	1	0.0	false	0.0	DDX24-LARP7
K562	DDX24_1-RPS6_1-interaction-shap	interaction	DDX24	1	RPS6	1	47	0.0	false	0.0	DDX24-RPS6
K562	DDX24_1-TAF15_1-interaction-shap	interaction	DDX24	1	TAF15	1	38	0.0	false	0.0	DDX24-TAF15
K562	DDX3X_1-DDX42_1-interaction-shap	interaction	DDX3X	1	DDX42	1	6	0.0	false	0.0	DDX3X-DDX42
K562	DDX3X_1-DDX51_1-interaction-shap	interaction	DDX3X	1	DDX51	1	18	0.0	false	0.0	DDX3X-DDX51
K562	DDX3X_1-DDX52_1-interaction-shap	interaction	DDX3X	1	DDX52	1	60	0.0	false	0.0	DDX3X-DDX52
K562	DDX3X_1-DGCR8_1-interaction-shap	interaction	DDX3X	1	DGCR8	1	19	0.0	false	0.0	DDX3X-DGCR8
K562	DDX3X_1-EEF2_1-interaction-shap	interaction	DDX3X	1	EEF2	1	11	0.0	false	0.0	DDX3X-EEF2
K562	DDX3X_1-FAM120A_1-interaction-shap	interaction	DDX3X	1	FAM120A	1	101	0.0	false	0.0	DDX3X-FAM120A
K562	DDX3X_1-FASTKD2_1-interaction-shap	interaction	DDX3X	1	FASTKD2	1	30	0.0	false	0.0	DDX3X-FASTKD2
K562	DDX3X_1-GTF2F1_1-interaction-shap	interaction	DDX3X	1	GTF2F1	1	199	0.0	false	0.0	DDX3X-GTF2F1
K562	DDX3X_1-LARP4_1-interaction-shap	interaction	DDX3X	1	LARP4	1	233	0.0	false	0.0	DDX3X-LARP4
K562	DDX3X_1-LARP7_1-interaction-shap	interaction	DDX3X	1	LARP7	1	14	0.0	false	0.0	DDX3X-LARP7
K562	DDX3X_1-METTL1_1-interaction-shap	interaction	DDX3X	1	METTL1	1	9	0.0	false	0.0	DDX3X-METTL1
K562	DDX3X_1-MTPAP_1-interaction-shap	interaction	DDX3X	1	MTPAP	1	7	0.0	false	0.0	DDX3X-MTPAP
K562	DDX3X_1-NIPBL_1-interaction-shap	interaction	DDX3X	1	NIPBL	1	13	0.0	false	0.0	DDX3X-NIPBL
K562	DDX3X_1-NSUN2_1-interaction-shap	interaction	DDX3X	1	NSUN2	1	8	0.0	false	0.0	DDX3X-NSUN2
K562	DDX3X_1-PHF6_1-interaction-shap	interaction	DDX3X	1	PHF6	1	9	0.0	false	0.0	DDX3X-PHF6
K562	DDX3X_1-RPS10_1-interaction-shap	interaction	DDX3X	1	RPS10	1	4	0.0	false	0.0	DDX3X-RPS10
K562	DDX3X_1-SDAD1_1-interaction-shap	interaction	DDX3X	1	SDAD1	1	2	0.0	false	0.0	DDX3X-SDAD1
K562	DDX3X_1-SLBP_1-interaction-shap	interaction	DDX3X	1	SLBP	1	10	0.0	false	0.0	DDX3X-SLBP
K562	DDX3X_1-TARDBP_1-interaction-shap	interaction	DDX3X	1	TARDBP	1	4	0.0	false	0.0	DDX3X-TARDBP
K562	DDX3X_1-TBRG4_1-interaction-shap	interaction	DDX3X	1	TBRG4	1	12	0.0	false	0.0	DDX3X-TBRG4
K562	DDX3X_1-WRN_1-interaction-shap	interaction	DDX3X	1	WRN	1	29	0.0	false	0.0	DDX3X-WRN
K562	DDX3X_1-YWHAG_1-interaction-shap	interaction	DDX3X	1	YWHAG	1	9	0.0	false	0.0	DDX3X-YWHAG
K562	DDX42_1-DDX47_1-interaction-shap	interaction	DDX42	1	DDX47	1	1	0.0	false	0.0	DDX42-DDX47
K562	DDX42_1-DDX52_1-interaction-shap	interaction	DDX42	1	DDX52	1	1	0.0	false	0.0	DDX42-DDX52
K562	DDX42_1-DDX6_1-interaction-shap	interaction	DDX42	1	DDX6	1	1	0.0	false	0.0	DDX42-DDX6
K562	DDX42_1-DGCR8_1-interaction-shap	interaction	DDX42	1	DGCR8	1	1	0.0	false	0.0	DDX42-DGCR8
K562	DDX42_1-DHX30_1-interaction-shap	interaction	DDX42	1	DHX30	1	3	0.0	false	0.0	DDX42-DHX30
K562	DDX42_1-EFTUD2_1-interaction-shap	interaction	DDX42	1	EFTUD2	1	33	0.0	false	0.0	DDX42-EFTUD2
K562	DDX42_1-EIF4E_1-interaction-shap	interaction	DDX42	1	EIF4E	1	1	0.0	false	0.0	DDX42-EIF4E
K562	DDX42_1-ELAC2_1-interaction-shap	interaction	DDX42	1	ELAC2	1	1	0.0	false	0.0	DDX42-ELAC2
K562	DDX42_1-EWSR1_1-interaction-shap	interaction	DDX42	1	EWSR1	1	9	0.0	false	0.0	DDX42-EWSR1
K562	DDX42_1-EXOSC10_1-interaction-shap	interaction	DDX42	1	EXOSC10	1	1	0.0	false	0.0	DDX42-EXOSC10
K562	DDX42_1-FAM120A_1-interaction-shap	interaction	DDX42	1	FAM120A	1	3	0.0	false	0.0	DDX42-FAM120A
K562	DDX42_1-FASTKD2_1-interaction-shap	interaction	DDX42	1	FASTKD2	1	2	0.0	false	0.0	DDX42-FASTKD2
K562	DDX42_1-FUS_1-interaction-shap	interaction	DDX42	1	FUS	1	3	0.0	false	0.0	DDX42-FUS
K562	DDX42_1-FXR1_1-interaction-shap	interaction	DDX42	1	FXR1	1	1	0.0	false	0.0	DDX42-FXR1
K562	DDX42_1-FXR2_1-interaction-shap	interaction	DDX42	1	FXR2	1	1	0.0	false	0.0	DDX42-FXR2
K562	DDX42_1-GPKOW_1-interaction-shap	interaction	DDX42	1	GPKOW	1	5	0.0	false	0.0	DDX42-GPKOW
K562	DDX42_1-GTF2F1_1-interaction-shap	interaction	DDX42	1	GTF2F1	1	13	0.0	false	0.0	DDX42-GTF2F1
K562	DDX42_1-IGF2BP2_1-interaction-shap	interaction	DDX42	1	IGF2BP2	1	7	0.0	false	0.0	DDX42-IGF2BP2
K562	DDX42_1-ILF3_1-interaction-shap	interaction	DDX42	1	ILF3	1	1	0.0	false	0.0	DDX42-ILF3
K562	DDX42_1-LARP7_1-interaction-shap	interaction	DDX42	1	LARP7	1	1	0.0	false	0.0	DDX42-LARP7
K562	DDX42_1-MBNL1_1-interaction-shap	interaction	DDX42	1	MBNL1	1	1	0.0	false	0.0	DDX42-MBNL1
K562	DDX42_1-MTPAP_1-interaction-shap	interaction	DDX42	1	MTPAP	1	3	0.0	false	0.0	DDX42-MTPAP
K562	DDX42_1-NOLC1_1-interaction-shap	interaction	DDX42	1	NOLC1	1	1	0.0	false	0.0	DDX42-NOLC1
K562	DDX42_1-NONO_1-interaction-shap	interaction	DDX42	1	NONO	1	1	0.0	false	0.0	DDX42-NONO
K562	DDX42_1-PPIL4_1-interaction-shap	interaction	DDX42	1	PPIL4	1	1	0.0	false	0.0	DDX42-PPIL4
K562	DDX42_1-PTBP1_1-interaction-shap	interaction	DDX42	1	PTBP1	1	1	0.0	false	0.0	DDX42-PTBP1
K562	AKAP1_1-DDX1_1-interaction-shap	interaction	AKAP1	1	DDX1	1	44	0.0	false	0.0	AKAP1-DDX1
K562	DDX42_1-SRSF1_1-interaction-shap	interaction	DDX42	1	SRSF1	1	6	0.0	false	0.0	DDX42-SRSF1
K562	DDX42_1-TAF15_1-interaction-shap	interaction	DDX42	1	TAF15	1	1	0.0	false	0.0	DDX42-TAF15
K562	DDX42_1-TBRG4_1-interaction-shap	interaction	DDX42	1	TBRG4	1	1	0.0	false	0.0	DDX42-TBRG4
K562	DDX42_1-TIA1_1-interaction-shap	interaction	DDX42	1	TIA1	1	2	0.0	false	0.0	DDX42-TIA1
K562	DDX42_1-U2AF1_1-interaction-shap	interaction	DDX42	1	U2AF1	1	19	0.0	false	0.0	DDX42-U2AF1
K562	DDX42_1-UTP18_1-interaction-shap	interaction	DDX42	1	UTP18	1	1	0.0	false	0.0	DDX42-UTP18
K562	DDX42_1-XRCC6_1-interaction-shap	interaction	DDX42	1	XRCC6	1	1	0.0	false	0.0	DDX42-XRCC6
K562	DDX42_1-XRN2_1-interaction-shap	interaction	DDX42	1	XRN2	1	40	0.0	false	0.0	DDX42-XRN2
K562	DDX42_1-YWHAG_1-interaction-shap	interaction	DDX42	1	YWHAG	1	1	0.0	false	0.0	DDX42-YWHAG
K562	DDX42_1-ZC3H11A_1-interaction-shap	interaction	DDX42	1	ZC3H11A	1	1	0.0	false	0.0	DDX42-ZC3H11A
K562	DDX42_1-ZC3H8_1-interaction-shap	interaction	DDX42	1	ZC3H8	1	1	0.0	false	0.0	DDX42-ZC3H8
K562	DDX42_1-ZRANB2_1-interaction-shap	interaction	DDX42	1	ZRANB2	1	5	0.0	false	0.0	DDX42-ZRANB2
K562	DDX43_1-EWSR1_1-interaction-shap	interaction	DDX43	1	EWSR1	1	117	0.0	false	0.0	DDX43-EWSR1
K562	DDX43_1-FUS_1-interaction-shap	interaction	DDX43	1	FUS	1	74	0.0	false	0.0	DDX43-FUS
K562	DDX43_1-RPS6_1-interaction-shap	interaction	DDX43	1	RPS6	1	57	0.0	false	0.0	DDX43-RPS6
K562	DDX47_1-DDX52_1-interaction-shap	interaction	DDX47	1	DDX52	1	19	0.0	false	0.0	DDX47-DDX52
K562	DDX47_1-DGCR8_1-interaction-shap	interaction	DDX47	1	DGCR8	1	19	0.0	false	0.0	DDX47-DGCR8
K562	DDX47_1-DHX30_1-interaction-shap	interaction	DDX47	1	DHX30	1	24	0.0	false	0.0	DDX47-DHX30
K562	DDX47_1-EIF4E_1-interaction-shap	interaction	DDX47	1	EIF4E	1	21	0.0	false	0.0	DDX47-EIF4E
K562	DDX47_1-ELAC2_1-interaction-shap	interaction	DDX47	1	ELAC2	1	19	0.0	false	0.0	DDX47-ELAC2
K562	DDX47_1-EWSR1_1-interaction-shap	interaction	DDX47	1	EWSR1	1	23	0.0	false	0.0	DDX47-EWSR1
K562	DDX47_1-EXOSC10_1-interaction-shap	interaction	DDX47	1	EXOSC10	1	1	0.0	false	0.0	DDX47-EXOSC10
K562	DDX47_1-EXOSC5_1-interaction-shap	interaction	DDX47	1	EXOSC5	1	5	0.0	false	0.0	DDX47-EXOSC5
K562	DDX47_1-FAM120A_1-interaction-shap	interaction	DDX47	1	FAM120A	1	19	0.0	false	0.0	DDX47-FAM120A
K562	DDX47_1-FASTKD2_1-interaction-shap	interaction	DDX47	1	FASTKD2	1	19	0.0	false	0.0	DDX47-FASTKD2
K562	DDX47_1-FMR1_1-interaction-shap	interaction	DDX47	1	FMR1	1	20	0.0	false	0.0	DDX47-FMR1
K562	DDX47_1-FUS_1-interaction-shap	interaction	DDX47	1	FUS	1	5	0.0	false	0.0	DDX47-FUS
K562	DDX47_1-FXR1_1-interaction-shap	interaction	DDX47	1	FXR1	1	3	0.0	false	0.0	DDX47-FXR1
K562	DDX47_1-FXR2_1-interaction-shap	interaction	DDX47	1	FXR2	1	21	0.0	false	0.0	DDX47-FXR2
K562	DDX47_1-GPKOW_1-interaction-shap	interaction	DDX47	1	GPKOW	1	1	0.0	false	0.0	DDX47-GPKOW
K562	DDX47_1-GTF2F1_1-interaction-shap	interaction	DDX47	1	GTF2F1	1	19	0.0	false	0.0	DDX47-GTF2F1
K562	DDX47_1-HNRNPL_1-interaction-shap	interaction	DDX47	1	HNRNPL	1	1	0.0	false	0.0	DDX47-HNRNPL
K562	DDX47_1-MTPAP_1-interaction-shap	interaction	DDX47	1	MTPAP	1	5	0.0	false	0.0	DDX47-MTPAP
K562	DDX47_1-NOLC1_1-interaction-shap	interaction	DDX47	1	NOLC1	1	1	0.0	false	0.0	DDX47-NOLC1
K562	DDX47_1-NONO_1-interaction-shap	interaction	DDX47	1	NONO	1	18	0.0	false	0.0	DDX47-NONO
K562	DDX47_1-PPIL4_1-interaction-shap	interaction	DDX47	1	PPIL4	1	5	0.0	false	0.0	DDX47-PPIL4
K562	DDX47_1-PTBP1_1-interaction-shap	interaction	DDX47	1	PTBP1	1	18	0.0	false	0.0	DDX47-PTBP1
K562	DDX47_1-RBFOX2_1-interaction-shap	interaction	DDX47	1	RBFOX2	1	18	0.0	false	0.0	DDX47-RBFOX2
K562	DDX47_1-RPS10_1-interaction-shap	interaction	DDX47	1	RPS10	1	5	0.0	false	0.0	DDX47-RPS10
K562	DDX47_1-SF3B4_1-interaction-shap	interaction	DDX47	1	SF3B4	1	20	0.0	false	0.0	DDX47-SF3B4
K562	DDX47_1-SMNDC1_1-interaction-shap	interaction	DDX47	1	SMNDC1	1	19	0.0	false	0.0	DDX47-SMNDC1
K562	DDX47_1-TAF15_1-interaction-shap	interaction	DDX47	1	TAF15	1	5	0.0	false	0.0	DDX47-TAF15
K562	DDX47_1-TBRG4_1-interaction-shap	interaction	DDX47	1	TBRG4	1	24	0.0	false	0.0	DDX47-TBRG4
K562	DDX47_1-TIA1_1-interaction-shap	interaction	DDX47	1	TIA1	1	19	0.0	false	0.0	DDX47-TIA1
K562	DDX47_1-UCHL5_1-interaction-shap	interaction	DDX47	1	UCHL5	1	19	0.0	false	0.0	DDX47-UCHL5
K562	DDX47_1-XRN2_1-interaction-shap	interaction	DDX47	1	XRN2	1	18	0.0	false	0.0	DDX47-XRN2
K562	DDX47_1-YWHAG_1-interaction-shap	interaction	DDX47	1	YWHAG	1	19	0.0	false	0.0	DDX47-YWHAG
K562	DDX47_1-ZC3H8_1-interaction-shap	interaction	DDX47	1	ZC3H8	1	1	0.0	false	0.0	DDX47-ZC3H8
K562	DDX47_1-ZRANB2_1-interaction-shap	interaction	DDX47	1	ZRANB2	1	5	0.0	false	0.0	DDX47-ZRANB2
K562	DDX51_1-DGCR8_1-interaction-shap	interaction	DDX51	1	DGCR8	1	123	0.0	false	0.0	DDX51-DGCR8
K562	DDX51_1-EIF4E_1-interaction-shap	interaction	DDX51	1	EIF4E	1	157	0.0	false	0.0	DDX51-EIF4E
K562	DDX51_1-EIF4G2_1-interaction-shap	interaction	DDX51	1	EIF4G2	1	18	0.0	false	0.0	DDX51-EIF4G2
K562	DDX51_1-EWSR1_1-interaction-shap	interaction	DDX51	1	EWSR1	1	203	0.0	false	0.0	DDX51-EWSR1
K562	DDX51_1-EXOSC10_1-interaction-shap	interaction	DDX51	1	EXOSC10	1	9	0.0	false	0.0	DDX51-EXOSC10
K562	DDX51_1-FUS_1-interaction-shap	interaction	DDX51	1	FUS	1	55	0.0	false	0.0	DDX51-FUS
K562	DDX51_1-LARP7_1-interaction-shap	interaction	DDX51	1	LARP7	1	2	0.0	false	0.0	DDX51-LARP7
K562	DDX51_1-PRPF8_1-interaction-shap	interaction	DDX51	1	PRPF8	1	41	0.0	false	0.0	DDX51-PRPF8
K562	DDX51_1-PTBP1_1-interaction-shap	interaction	DDX51	1	PTBP1	1	46	0.0	false	0.0	DDX51-PTBP1
K562	DDX51_1-PUM2_1-interaction-shap	interaction	DDX51	1	PUM2	1	33	0.0	false	0.0	DDX51-PUM2
K562	DDX51_1-RBFOX2_1-interaction-shap	interaction	DDX51	1	RBFOX2	1	48	0.0	false	0.0	DDX51-RBFOX2
K562	DDX51_1-RPS3_1-interaction-shap	interaction	DDX51	1	RPS3	1	26	0.0	false	0.0	DDX51-RPS3
K562	DDX51_1-SF3B4_1-interaction-shap	interaction	DDX51	1	SF3B4	1	71	0.0	false	0.0	DDX51-SF3B4
K562	DDX51_1-SRSF1_1-interaction-shap	interaction	DDX51	1	SRSF1	1	6	0.0	false	0.0	DDX51-SRSF1
K562	DDX51_1-TAF15_1-interaction-shap	interaction	DDX51	1	TAF15	1	26	0.0	false	0.0	DDX51-TAF15
K562	DDX51_1-TIA1_1-interaction-shap	interaction	DDX51	1	TIA1	1	59	0.0	false	0.0	DDX51-TIA1
K562	DDX52_1-DGCR8_1-interaction-shap	interaction	DDX52	1	DGCR8	1	110	0.0	false	0.0	DDX52-DGCR8
K562	DDX52_1-EIF3G_1-interaction-shap	interaction	DDX52	1	EIF3G	1	25	0.0	false	0.0	DDX52-EIF3G
K562	DDX52_1-EIF4E_1-interaction-shap	interaction	DDX52	1	EIF4E	1	159	0.0	false	0.0	DDX52-EIF4E
K562	DDX52_1-ELAC2_1-interaction-shap	interaction	DDX52	1	ELAC2	1	60	0.0	false	0.0	DDX52-ELAC2
K562	DDX52_1-ELAVL1_1-interaction-shap	interaction	DDX52	1	ELAVL1	1	9	0.0	false	0.0	DDX52-ELAVL1
K562	DDX52_1-EWSR1_1-interaction-shap	interaction	DDX52	1	EWSR1	1	192	0.0	false	0.0	DDX52-EWSR1
K562	DDX52_1-EXOSC10_1-interaction-shap	interaction	DDX52	1	EXOSC10	1	9	0.0	false	0.0	DDX52-EXOSC10
K562	DDX52_1-FAM120A_1-interaction-shap	interaction	DDX52	1	FAM120A	1	72	0.0	false	0.0	DDX52-FAM120A
K562	DDX52_1-FASTKD2_1-interaction-shap	interaction	DDX52	1	FASTKD2	1	83	0.0	false	0.0	DDX52-FASTKD2
K562	DDX52_1-FMR1_1-interaction-shap	interaction	DDX52	1	FMR1	1	26	0.0	false	0.0	DDX52-FMR1
K562	DDX52_1-FUS_1-interaction-shap	interaction	DDX52	1	FUS	1	62	0.0	false	0.0	DDX52-FUS
K562	DDX52_1-FXR1_1-interaction-shap	interaction	DDX52	1	FXR1	1	12	0.0	false	0.0	DDX52-FXR1
K562	DDX52_1-FXR2_1-interaction-shap	interaction	DDX52	1	FXR2	1	134	0.0	false	0.0	DDX52-FXR2
K562	DDX52_1-GTF2F1_1-interaction-shap	interaction	DDX52	1	GTF2F1	1	182	0.0	false	0.0	DDX52-GTF2F1
K562	DDX52_1-HNRNPK_1-interaction-shap	interaction	DDX52	1	HNRNPK	1	5	0.0	false	0.0	DDX52-HNRNPK
K562	DDX52_1-HNRNPL_1-interaction-shap	interaction	DDX52	1	HNRNPL	1	6	0.0	false	0.0	DDX52-HNRNPL
K562	DDX52_1-ILF3_1-interaction-shap	interaction	DDX52	1	ILF3	1	8	0.0	false	0.0	DDX52-ILF3
K562	DDX52_1-LARP7_1-interaction-shap	interaction	DDX52	1	LARP7	1	2	0.0	false	0.0	DDX52-LARP7
K562	DDX52_1-MBNL1_1-interaction-shap	interaction	DDX52	1	MBNL1	1	9	0.0	false	0.0	DDX52-MBNL1
K562	DDX52_1-MTPAP_1-interaction-shap	interaction	DDX52	1	MTPAP	1	11	0.0	false	0.0	DDX52-MTPAP
K562	DDX52_1-NOLC1_1-interaction-shap	interaction	DDX52	1	NOLC1	1	11	0.0	false	0.0	DDX52-NOLC1
K562	DDX52_1-NONO_1-interaction-shap	interaction	DDX52	1	NONO	1	154	0.0	false	0.0	DDX52-NONO
K562	DDX52_1-NSUN2_1-interaction-shap	interaction	DDX52	1	NSUN2	1	8	0.0	false	0.0	DDX52-NSUN2
K562	DDX52_1-PPIL4_1-interaction-shap	interaction	DDX52	1	PPIL4	1	1	0.0	false	0.0	DDX52-PPIL4
K562	DDX52_1-PRPF8_1-interaction-shap	interaction	DDX52	1	PRPF8	1	28	0.0	false	0.0	DDX52-PRPF8
K562	DDX52_1-PTBP1_1-interaction-shap	interaction	DDX52	1	PTBP1	1	28	0.0	false	0.0	DDX52-PTBP1
K562	DDX52_1-PUM2_1-interaction-shap	interaction	DDX52	1	PUM2	1	33	0.0	false	0.0	DDX52-PUM2
K562	DDX52_1-RBFOX2_1-interaction-shap	interaction	DDX52	1	RBFOX2	1	42	0.0	false	0.0	DDX52-RBFOX2
K562	DDX52_1-RBM15_1-interaction-shap	interaction	DDX52	1	RBM15	1	67	0.0	false	0.0	DDX52-RBM15
K562	DDX52_1-RPS11_1-interaction-shap	interaction	DDX52	1	RPS11	1	1	0.0	false	0.0	DDX52-RPS11
K562	DDX52_1-RPS3_1-interaction-shap	interaction	DDX52	1	RPS3	1	26	0.0	false	0.0	DDX52-RPS3
K562	DDX52_1-SMNDC1_1-interaction-shap	interaction	DDX52	1	SMNDC1	1	54	0.0	false	0.0	DDX52-SMNDC1
K562	DDX52_1-SRSF9_1-interaction-shap	interaction	DDX52	1	SRSF9	1	1	0.0	false	0.0	DDX52-SRSF9
K562	DDX52_1-TAF15_1-interaction-shap	interaction	DDX52	1	TAF15	1	26	0.0	false	0.0	DDX52-TAF15
K562	DDX52_1-TARDBP_1-interaction-shap	interaction	DDX52	1	TARDBP	1	5	0.0	false	0.0	DDX52-TARDBP
K562	DDX52_1-TBRG4_1-interaction-shap	interaction	DDX52	1	TBRG4	1	57	0.0	false	0.0	DDX52-TBRG4
K562	DDX52_1-UCHL5_1-interaction-shap	interaction	DDX52	1	UCHL5	1	63	0.0	false	0.0	DDX52-UCHL5
K562	DDX52_1-UTP18_1-interaction-shap	interaction	DDX52	1	UTP18	1	1	0.0	false	0.0	DDX52-UTP18
K562	DDX52_1-XRCC6_1-interaction-shap	interaction	DDX52	1	XRCC6	1	24	0.0	false	0.0	DDX52-XRCC6
K562	DDX52_1-XRN2_1-interaction-shap	interaction	DDX52	1	XRN2	1	87	0.0	false	0.0	DDX52-XRN2
K562	DDX52_1-YWHAG_1-interaction-shap	interaction	DDX52	1	YWHAG	1	29	0.0	false	0.0	DDX52-YWHAG
K562	DDX52_1-ZC3H11A_1-interaction-shap	interaction	DDX52	1	ZC3H11A	1	1	0.0	false	0.0	DDX52-ZC3H11A
K562	DDX52_1-ZRANB2_1-interaction-shap	interaction	DDX52	1	ZRANB2	1	4	0.0	false	0.0	DDX52-ZRANB2
K562	DDX55_1-GPKOW_1-interaction-shap	interaction	DDX55	1	GPKOW	1	12	0.0	false	0.0	DDX55-GPKOW
K562	DDX55_1-IGF2BP1_1-interaction-shap	interaction	DDX55	1	IGF2BP1	1	3	0.0	false	0.0	DDX55-IGF2BP1
K562	DDX55_1-SRSF1_1-interaction-shap	interaction	DDX55	1	SRSF1	1	49	0.0	false	0.0	DDX55-SRSF1
K562	DDX55_1-TAF15_1-interaction-shap	interaction	DDX55	1	TAF15	1	3	0.0	false	0.0	DDX55-TAF15
K562	DDX55_1-TIA1_1-interaction-shap	interaction	DDX55	1	TIA1	1	3	0.0	false	0.0	DDX55-TIA1
K562	DDX6_1-DGCR8_1-interaction-shap	interaction	DDX6	1	DGCR8	1	81	0.0	false	0.0	DDX6-DGCR8
K562	DDX6_1-DHX30_1-interaction-shap	interaction	DDX6	1	DHX30	1	38	0.0	false	0.0	DDX6-DHX30
K562	DDX6_1-EFTUD2_1-interaction-shap	interaction	DDX6	1	EFTUD2	1	38	0.0	false	0.0	DDX6-EFTUD2
K562	DDX6_1-EWSR1_1-interaction-shap	interaction	DDX6	1	EWSR1	1	127	0.0	false	0.0	DDX6-EWSR1
K562	DDX6_1-FASTKD2_1-interaction-shap	interaction	DDX6	1	FASTKD2	1	125	0.0	false	0.0	DDX6-FASTKD2
K562	DDX6_1-FMR1_1-interaction-shap	interaction	DDX6	1	FMR1	1	3	0.0	false	0.0	DDX6-FMR1
K562	DDX6_1-FXR1_1-interaction-shap	interaction	DDX6	1	FXR1	1	11	0.0	false	0.0	DDX6-FXR1
K562	DDX6_1-FXR2_1-interaction-shap	interaction	DDX6	1	FXR2	1	94	0.0	false	0.0	DDX6-FXR2
K562	DDX6_1-GPKOW_1-interaction-shap	interaction	DDX6	1	GPKOW	1	53	0.0	false	0.0	DDX6-GPKOW
K562	DDX6_1-HNRNPC_1-interaction-shap	interaction	DDX6	1	HNRNPC	1	5	0.0	false	0.0	DDX6-HNRNPC
K562	DDX6_1-HNRNPK_1-interaction-shap	interaction	DDX6	1	HNRNPK	1	1	0.0	false	0.0	DDX6-HNRNPK
K562	DDX6_1-HNRNPU_1-interaction-shap	interaction	DDX6	1	HNRNPU	1	2	0.0	false	0.0	DDX6-HNRNPU
K562	DDX6_1-ILF3_1-interaction-shap	interaction	DDX6	1	ILF3	1	1	0.0	false	0.0	DDX6-ILF3
K562	DDX6_1-LARP4_1-interaction-shap	interaction	DDX6	1	LARP4	1	53	0.0	false	0.0	DDX6-LARP4
K562	AKAP1_1-CSTF2T_1-interaction-shap	interaction	AKAP1	1	CSTF2T	1	23	0.0	false	0.0	AKAP1-CSTF2T
K562	DDX6_1-MBNL1_1-interaction-shap	interaction	DDX6	1	MBNL1	1	1	0.0	false	0.0	DDX6-MBNL1
K562	DDX6_1-MTPAP_1-interaction-shap	interaction	DDX6	1	MTPAP	1	1	0.0	false	0.0	DDX6-MTPAP
K562	DDX6_1-NOLC1_1-interaction-shap	interaction	DDX6	1	NOLC1	1	64	0.0	false	0.0	DDX6-NOLC1
K562	DDX6_1-NONO_1-interaction-shap	interaction	DDX6	1	NONO	1	101	0.0	false	0.0	DDX6-NONO
K562	DDX6_1-PPIL4_1-interaction-shap	interaction	DDX6	1	PPIL4	1	1	0.0	false	0.0	DDX6-PPIL4
K562	DDX6_1-PTBP1_1-interaction-shap	interaction	DDX6	1	PTBP1	1	2	0.0	false	0.0	DDX6-PTBP1
K562	DDX6_1-RBFOX2_1-interaction-shap	interaction	DDX6	1	RBFOX2	1	57	0.0	false	0.0	DDX6-RBFOX2
K562	DDX6_1-RPS11_1-interaction-shap	interaction	DDX6	1	RPS11	1	1	0.0	false	0.0	DDX6-RPS11
K562	DDX6_1-SERBP1_1-interaction-shap	interaction	DDX6	1	SERBP1	1	4	0.0	false	0.0	DDX6-SERBP1
K562	DDX6_1-SMNDC1_1-interaction-shap	interaction	DDX6	1	SMNDC1	1	52	0.0	false	0.0	DDX6-SMNDC1
K562	DDX6_1-SRSF9_1-interaction-shap	interaction	DDX6	1	SRSF9	1	14	0.0	false	0.0	DDX6-SRSF9
K562	DDX6_1-TAF15_1-interaction-shap	interaction	DDX6	1	TAF15	1	56	0.0	false	0.0	DDX6-TAF15
K562	DDX6_1-TARDBP_1-interaction-shap	interaction	DDX6	1	TARDBP	1	1	0.0	false	0.0	DDX6-TARDBP
K562	DDX6_1-TBRG4_1-interaction-shap	interaction	DDX6	1	TBRG4	1	30	0.0	false	0.0	DDX6-TBRG4
K562	DDX6_1-TIA1_1-interaction-shap	interaction	DDX6	1	TIA1	1	34	0.0	false	0.0	DDX6-TIA1
K562	AGGF1_1-RBFOX2_1-interaction-shap	interaction	AGGF1	1	RBFOX2	1	10	0.0	false	0.0	AGGF1-RBFOX2
K562	DDX6_1-U2AF2_1-interaction-shap	interaction	DDX6	1	U2AF2	1	17	0.0	false	0.0	DDX6-U2AF2
K562	DDX6_1-UTP18_1-interaction-shap	interaction	DDX6	1	UTP18	1	1	0.0	false	0.0	DDX6-UTP18
K562	DDX6_1-XRN2_1-interaction-shap	interaction	DDX6	1	XRN2	1	96	0.0	false	0.0	DDX6-XRN2
K562	DDX6_1-YWHAG_1-interaction-shap	interaction	DDX6	1	YWHAG	1	12	0.0	false	0.0	DDX6-YWHAG
K562	DDX6_1-ZC3H8_1-interaction-shap	interaction	DDX6	1	ZC3H8	1	1	0.0	false	0.0	DDX6-ZC3H8
K562	DDX6_1-ZRANB2_1-interaction-shap	interaction	DDX6	1	ZRANB2	1	1	0.0	false	0.0	DDX6-ZRANB2
K562	DGCR8_1-DHX30_1-interaction-shap	interaction	DGCR8	1	DHX30	1	46	0.0	false	0.0	DGCR8-DHX30
K562	DGCR8_1-EFTUD2_1-interaction-shap	interaction	DGCR8	1	EFTUD2	1	37	0.0	false	0.0	DGCR8-EFTUD2
K562	DGCR8_1-EIF3G_1-interaction-shap	interaction	DGCR8	1	EIF3G	1	26	0.0	false	0.0	DGCR8-EIF3G
K562	DGCR8_1-EIF4E_1-interaction-shap	interaction	DGCR8	1	EIF4E	1	115	0.0	false	0.0	DGCR8-EIF4E
K562	DGCR8_1-ELAC2_1-interaction-shap	interaction	DGCR8	1	ELAC2	1	21	0.0	false	0.0	DGCR8-ELAC2
K562	DGCR8_1-EWSR1_1-interaction-shap	interaction	DGCR8	1	EWSR1	1	133	0.0	false	0.0	DGCR8-EWSR1
K562	DGCR8_1-FAM120A_1-interaction-shap	interaction	DGCR8	1	FAM120A	1	48	0.0	false	0.0	DGCR8-FAM120A
K562	DGCR8_1-FASTKD2_1-interaction-shap	interaction	DGCR8	1	FASTKD2	1	48	0.0	false	0.0	DGCR8-FASTKD2
K562	AKAP1_1-APOBEC3C_1-interaction-shap	interaction	AKAP1	1	APOBEC3C	1	3	0.0	false	0.0	AKAP1-APOBEC3C
K562	DGCR8_1-FTO_1-interaction-shap	interaction	DGCR8	1	FTO	1	92	0.0	false	0.0	DGCR8-FTO
K562	DGCR8_1-FUS_1-interaction-shap	interaction	DGCR8	1	FUS	1	29	0.0	false	0.0	DGCR8-FUS
K562	DGCR8_1-FXR1_1-interaction-shap	interaction	DGCR8	1	FXR1	1	1	0.0	false	0.0	DGCR8-FXR1
K562	DGCR8_1-FXR2_1-interaction-shap	interaction	DGCR8	1	FXR2	1	90	0.0	false	0.0	DGCR8-FXR2
K562	DGCR8_1-GEMIN5_1-interaction-shap	interaction	DGCR8	1	GEMIN5	1	86	0.0	false	0.0	DGCR8-GEMIN5
K562	DGCR8_1-GTF2F1_1-interaction-shap	interaction	DGCR8	1	GTF2F1	1	110	0.0	false	0.0	DGCR8-GTF2F1
K562	DGCR8_1-HNRNPA1_1-interaction-shap	interaction	DGCR8	1	HNRNPA1	1	3	0.0	false	0.0	DGCR8-HNRNPA1
K562	DGCR8_1-HNRNPC_1-interaction-shap	interaction	DGCR8	1	HNRNPC	1	1	0.0	false	0.0	DGCR8-HNRNPC
K562	DGCR8_1-IGF2BP2_1-interaction-shap	interaction	DGCR8	1	IGF2BP2	1	62	0.0	false	0.0	DGCR8-IGF2BP2
K562	DGCR8_1-ILF3_1-interaction-shap	interaction	DGCR8	1	ILF3	1	1	0.0	false	0.0	DGCR8-ILF3
K562	DGCR8_1-KHSRP_1-interaction-shap	interaction	DGCR8	1	KHSRP	1	3	0.0	false	0.0	DGCR8-KHSRP
K562	DGCR8_1-LARP7_1-interaction-shap	interaction	DGCR8	1	LARP7	1	2	0.0	false	0.0	DGCR8-LARP7
K562	DGCR8_1-LSM11_1-interaction-shap	interaction	DGCR8	1	LSM11	1	96	0.0	false	0.0	DGCR8-LSM11
K562	DGCR8_1-MBNL1_1-interaction-shap	interaction	DGCR8	1	MBNL1	1	1	0.0	false	0.0	DGCR8-MBNL1
K562	DGCR8_1-METAP2_1-interaction-shap	interaction	DGCR8	1	METAP2	1	1	0.0	false	0.0	DGCR8-METAP2
K562	DGCR8_1-MORC2_1-interaction-shap	interaction	DGCR8	1	MORC2	1	21	0.0	false	0.0	DGCR8-MORC2
K562	DGCR8_1-MTPAP_1-interaction-shap	interaction	DGCR8	1	MTPAP	1	1	0.0	false	0.0	DGCR8-MTPAP
K562	AKAP1_1-APEX1_1-interaction-shap	interaction	AKAP1	1	APEX1	1	19	0.0	false	0.0	AKAP1-APEX1
K562	DGCR8_1-NOLC1_1-interaction-shap	interaction	DGCR8	1	NOLC1	1	13	0.0	false	0.0	DGCR8-NOLC1
K562	AGGF1_1-U2AF2_1-interaction-shap	interaction	AGGF1	1	U2AF2	1	3	0.0	false	0.0	AGGF1-U2AF2
K562	DGCR8_1-PHF6_1-interaction-shap	interaction	DGCR8	1	PHF6	1	66	0.0	false	0.0	DGCR8-PHF6
K562	DGCR8_1-PPIL4_1-interaction-shap	interaction	DGCR8	1	PPIL4	1	1	0.0	false	0.0	DGCR8-PPIL4
K562	DGCR8_1-PRPF8_1-interaction-shap	interaction	DGCR8	1	PRPF8	1	1	0.0	false	0.0	DGCR8-PRPF8
K562	DGCR8_1-PTBP1_1-interaction-shap	interaction	DGCR8	1	PTBP1	1	20	0.0	false	0.0	DGCR8-PTBP1
K562	DGCR8_1-PUM1_1-interaction-shap	interaction	DGCR8	1	PUM1	1	25	0.0	false	0.0	DGCR8-PUM1
K562	DGCR8_1-PUM2_1-interaction-shap	interaction	DGCR8	1	PUM2	1	27	0.0	false	0.0	DGCR8-PUM2
K562	AGGF1_1-TIA1_1-interaction-shap	interaction	AGGF1	1	TIA1	1	20	0.0	false	0.0	AGGF1-TIA1
K562	DGCR8_1-RBM15_1-interaction-shap	interaction	DGCR8	1	RBM15	1	26	0.0	false	0.0	DGCR8-RBM15
K562	DGCR8_1-RPS11_1-interaction-shap	interaction	DGCR8	1	RPS11	1	1	0.0	false	0.0	DGCR8-RPS11
K562	DGCR8_1-RPS3_1-interaction-shap	interaction	DGCR8	1	RPS3	1	27	0.0	false	0.0	DGCR8-RPS3
K562	DGCR8_1-SMNDC1_1-interaction-shap	interaction	DGCR8	1	SMNDC1	1	61	0.0	false	0.0	DGCR8-SMNDC1
K562	DGCR8_1-SND1_1-interaction-shap	interaction	DGCR8	1	SND1	1	3	0.0	false	0.0	DGCR8-SND1
K562	DGCR8_1-SRSF1_1-interaction-shap	interaction	DGCR8	1	SRSF1	1	3	0.0	false	0.0	DGCR8-SRSF1
K562	DGCR8_1-SRSF9_1-interaction-shap	interaction	DGCR8	1	SRSF9	1	1	0.0	false	0.0	DGCR8-SRSF9
K562	DGCR8_1-TAF15_1-interaction-shap	interaction	DGCR8	1	TAF15	1	27	0.0	false	0.0	DGCR8-TAF15
K562	DGCR8_1-TARDBP_1-interaction-shap	interaction	DGCR8	1	TARDBP	1	11	0.0	false	0.0	DGCR8-TARDBP
K562	DGCR8_1-TBRG4_1-interaction-shap	interaction	DGCR8	1	TBRG4	1	62	0.0	false	0.0	DGCR8-TBRG4
K562	DGCR8_1-TIA1_1-interaction-shap	interaction	DGCR8	1	TIA1	1	21	0.0	false	0.0	DGCR8-TIA1
K562	DGCR8_1-U2AF1_1-interaction-shap	interaction	DGCR8	1	U2AF1	1	13	0.0	false	0.0	DGCR8-U2AF1
K562	DGCR8_1-U2AF2_1-interaction-shap	interaction	DGCR8	1	U2AF2	1	2	0.0	false	0.0	DGCR8-U2AF2
K562	DGCR8_1-UCHL5_1-interaction-shap	interaction	DGCR8	1	UCHL5	1	66	0.0	false	0.0	DGCR8-UCHL5
K562	DGCR8_1-UPF1_1-interaction-shap	interaction	DGCR8	1	UPF1	1	26	0.0	false	0.0	DGCR8-UPF1
K562	DGCR8_1-UTP18_1-interaction-shap	interaction	DGCR8	1	UTP18	1	1	0.0	false	0.0	DGCR8-UTP18
K562	DGCR8_1-WDR43_1-interaction-shap	interaction	DGCR8	1	WDR43	1	1	0.0	false	0.0	DGCR8-WDR43
K562	DGCR8_1-XRCC6_1-interaction-shap	interaction	DGCR8	1	XRCC6	1	2	0.0	false	0.0	DGCR8-XRCC6
K562	DGCR8_1-XRN2_1-interaction-shap	interaction	DGCR8	1	XRN2	1	60	0.0	false	0.0	DGCR8-XRN2
K562	DGCR8_1-YWHAG_1-interaction-shap	interaction	DGCR8	1	YWHAG	1	36	0.0	false	0.0	DGCR8-YWHAG
K562	DGCR8_1-ZC3H11A_1-interaction-shap	interaction	DGCR8	1	ZC3H11A	1	1	0.0	false	0.0	DGCR8-ZC3H11A
K562	DGCR8_1-ZRANB2_1-interaction-shap	interaction	DGCR8	1	ZRANB2	1	1	0.0	false	0.0	DGCR8-ZRANB2
K562	DHX30_1-EEF2_1-interaction-shap	interaction	DHX30	1	EEF2	1	10	0.0	false	0.0	DHX30-EEF2
K562	DHX30_1-EIF3G_1-interaction-shap	interaction	DHX30	1	EIF3G	1	25	0.0	false	0.0	DHX30-EIF3G
K562	DHX30_1-EIF4G2_1-interaction-shap	interaction	DHX30	1	EIF4G2	1	21	0.0	false	0.0	DHX30-EIF4G2
K562	DHX30_1-ELAC2_1-interaction-shap	interaction	DHX30	1	ELAC2	1	67	0.0	false	0.0	DHX30-ELAC2
K562	DHX30_1-EXOSC5_1-interaction-shap	interaction	DHX30	1	EXOSC5	1	5	0.0	false	0.0	DHX30-EXOSC5
K562	DHX30_1-FAM120A_1-interaction-shap	interaction	DHX30	1	FAM120A	1	49	0.0	false	0.0	DHX30-FAM120A
K562	DHX30_1-FASTKD2_1-interaction-shap	interaction	DHX30	1	FASTKD2	1	54	0.0	false	0.0	DHX30-FASTKD2
K562	DHX30_1-FMR1_1-interaction-shap	interaction	DHX30	1	FMR1	1	54	0.0	false	0.0	DHX30-FMR1
K562	AGGF1_1-TAF15_1-interaction-shap	interaction	AGGF1	1	TAF15	1	1	0.0	false	0.0	AGGF1-TAF15
K562	DHX30_1-FXR2_1-interaction-shap	interaction	DHX30	1	FXR2	1	99	0.0	false	0.0	DHX30-FXR2
K562	DHX30_1-GTF2F1_1-interaction-shap	interaction	DHX30	1	GTF2F1	1	60	0.0	false	0.0	DHX30-GTF2F1
K562	DHX30_1-HNRNPK_1-interaction-shap	interaction	DHX30	1	HNRNPK	1	10	0.0	false	0.0	DHX30-HNRNPK
K562	DHX30_1-HNRNPL_1-interaction-shap	interaction	DHX30	1	HNRNPL	1	58	0.0	false	0.0	DHX30-HNRNPL
K562	DHX30_1-ILF3_1-interaction-shap	interaction	DHX30	1	ILF3	1	1	0.0	false	0.0	DHX30-ILF3
K562	DHX30_1-LARP7_1-interaction-shap	interaction	DHX30	1	LARP7	1	1	0.0	false	0.0	DHX30-LARP7
K562	DHX30_1-MBNL1_1-interaction-shap	interaction	DHX30	1	MBNL1	1	1	0.0	false	0.0	DHX30-MBNL1
K562	DHX30_1-MTPAP_1-interaction-shap	interaction	DHX30	1	MTPAP	1	26	0.0	false	0.0	DHX30-MTPAP
K562	DHX30_1-NOLC1_1-interaction-shap	interaction	DHX30	1	NOLC1	1	19	0.0	false	0.0	DHX30-NOLC1
K562	DHX30_1-PPIL4_1-interaction-shap	interaction	DHX30	1	PPIL4	1	6	0.0	false	0.0	DHX30-PPIL4
K562	DHX30_1-PRPF8_1-interaction-shap	interaction	DHX30	1	PRPF8	1	3	0.0	false	0.0	DHX30-PRPF8
K562	DHX30_1-PTBP1_1-interaction-shap	interaction	DHX30	1	PTBP1	1	35	0.0	false	0.0	DHX30-PTBP1
K562	DHX30_1-PUM2_1-interaction-shap	interaction	DHX30	1	PUM2	1	25	0.0	false	0.0	DHX30-PUM2
K562	DHX30_1-RBFOX2_1-interaction-shap	interaction	DHX30	1	RBFOX2	1	23	0.0	false	0.0	DHX30-RBFOX2
K562	DHX30_1-RBM15_1-interaction-shap	interaction	DHX30	1	RBM15	1	30	0.0	false	0.0	DHX30-RBM15
K562	DHX30_1-RPS10_1-interaction-shap	interaction	DHX30	1	RPS10	1	5	0.0	false	0.0	DHX30-RPS10
K562	DHX30_1-RPS3_1-interaction-shap	interaction	DHX30	1	RPS3	1	26	0.0	false	0.0	DHX30-RPS3
K562	DHX30_1-SMNDC1_1-interaction-shap	interaction	DHX30	1	SMNDC1	1	80	0.0	false	0.0	DHX30-SMNDC1
K562	DHX30_1-SRSF1_1-interaction-shap	interaction	DHX30	1	SRSF1	1	3	0.0	false	0.0	DHX30-SRSF1
K562	DHX30_1-TAF15_1-interaction-shap	interaction	DHX30	1	TAF15	1	33	0.0	false	0.0	DHX30-TAF15
K562	DHX30_1-TBRG4_1-interaction-shap	interaction	DHX30	1	TBRG4	1	111	0.0	false	0.0	DHX30-TBRG4
K562	DHX30_1-TIA1_1-interaction-shap	interaction	DHX30	1	TIA1	1	38	0.0	false	0.0	DHX30-TIA1
K562	DHX30_1-UTP18_1-interaction-shap	interaction	DHX30	1	UTP18	1	1	0.0	false	0.0	DHX30-UTP18
K562	DHX30_1-XRCC6_1-interaction-shap	interaction	DHX30	1	XRCC6	1	1	0.0	false	0.0	DHX30-XRCC6
K562	DHX30_1-YWHAG_1-interaction-shap	interaction	DHX30	1	YWHAG	1	37	0.0	false	0.0	DHX30-YWHAG
K562	DHX30_1-ZC3H11A_1-interaction-shap	interaction	DHX30	1	ZC3H11A	1	1	0.0	false	0.0	DHX30-ZC3H11A
K562	DHX30_1-ZRANB2_1-interaction-shap	interaction	DHX30	1	ZRANB2	1	6	0.0	false	0.0	DHX30-ZRANB2
K562	DROSHA_1-IGF2BP1_1-interaction-shap	interaction	DROSHA	1	IGF2BP1	1	5	0.0	false	0.0	DROSHA-IGF2BP1
K562	DROSHA_1-IGF2BP2_1-interaction-shap	interaction	DROSHA	1	IGF2BP2	1	63	0.0	false	0.0	DROSHA-IGF2BP2
K562	DROSHA_1-LARP7_1-interaction-shap	interaction	DROSHA	1	LARP7	1	6	0.0	false	0.0	DROSHA-LARP7
K562	DROSHA_1-PUM2_1-interaction-shap	interaction	DROSHA	1	PUM2	1	39	0.0	false	0.0	DROSHA-PUM2
K562	DROSHA_1-RPS6_1-interaction-shap	interaction	DROSHA	1	RPS6	1	3	0.0	false	0.0	DROSHA-RPS6
K562	DROSHA_1-SRSF1_1-interaction-shap	interaction	DROSHA	1	SRSF1	1	55	0.0	false	0.0	DROSHA-SRSF1
K562	DROSHA_1-TAF15_1-interaction-shap	interaction	DROSHA	1	TAF15	1	31	0.0	false	0.0	DROSHA-TAF15
K562	DROSHA_1-U2AF2_1-interaction-shap	interaction	DROSHA	1	U2AF2	1	2	0.0	false	0.0	DROSHA-U2AF2
K562	EEF2_1-EIF4E_1-interaction-shap	interaction	EEF2	1	EIF4E	1	11	0.0	false	0.0	EEF2-EIF4E
K562	EEF2_1-ELAC2_1-interaction-shap	interaction	EEF2	1	ELAC2	1	1	0.0	false	0.0	EEF2-ELAC2
K562	EEF2_1-FMR1_1-interaction-shap	interaction	EEF2	1	FMR1	1	19	0.0	false	0.0	EEF2-FMR1
K562	EEF2_1-FXR1_1-interaction-shap	interaction	EEF2	1	FXR1	1	9	0.0	false	0.0	EEF2-FXR1
K562	EEF2_1-SRSF9_1-interaction-shap	interaction	EEF2	1	SRSF9	1	1	0.0	false	0.0	EEF2-SRSF9
K562	EFTUD2_1-EIF3G_1-interaction-shap	interaction	EFTUD2	1	EIF3G	1	2	0.0	false	0.0	EFTUD2-EIF3G
K562	EFTUD2_1-ELAVL1_1-interaction-shap	interaction	EFTUD2	1	ELAVL1	1	1	0.0	false	0.0	EFTUD2-ELAVL1
K562	EFTUD2_1-EXOSC5_1-interaction-shap	interaction	EFTUD2	1	EXOSC5	1	15	0.0	false	0.0	EFTUD2-EXOSC5
K562	EFTUD2_1-FASTKD2_1-interaction-shap	interaction	EFTUD2	1	FASTKD2	1	50	0.0	false	0.0	EFTUD2-FASTKD2
K562	EFTUD2_1-HNRNPU_1-interaction-shap	interaction	EFTUD2	1	HNRNPU	1	2	0.0	false	0.0	EFTUD2-HNRNPU
K562	EFTUD2_1-LARP4_1-interaction-shap	interaction	EFTUD2	1	LARP4	1	37	0.0	false	0.0	EFTUD2-LARP4
K562	EFTUD2_1-LARP7_1-interaction-shap	interaction	EFTUD2	1	LARP7	1	1	0.0	false	0.0	EFTUD2-LARP7
K562	EFTUD2_1-MTPAP_1-interaction-shap	interaction	EFTUD2	1	MTPAP	1	25	0.0	false	0.0	EFTUD2-MTPAP
K562	EFTUD2_1-PPIL4_1-interaction-shap	interaction	EFTUD2	1	PPIL4	1	1	0.0	false	0.0	EFTUD2-PPIL4
K562	EFTUD2_1-PTBP1_1-interaction-shap	interaction	EFTUD2	1	PTBP1	1	85	0.0	false	0.0	EFTUD2-PTBP1
K562	EFTUD2_1-RPS6_1-interaction-shap	interaction	EFTUD2	1	RPS6	1	5	0.0	false	0.0	EFTUD2-RPS6
K562	EFTUD2_1-TAF15_1-interaction-shap	interaction	EFTUD2	1	TAF15	1	3	0.0	false	0.0	EFTUD2-TAF15
K562	EFTUD2_1-TARDBP_1-interaction-shap	interaction	EFTUD2	1	TARDBP	1	14	0.0	false	0.0	EFTUD2-TARDBP
K562	EFTUD2_1-TBRG4_1-interaction-shap	interaction	EFTUD2	1	TBRG4	1	7	0.0	false	0.0	EFTUD2-TBRG4
K562	EFTUD2_1-UTP18_1-interaction-shap	interaction	EFTUD2	1	UTP18	1	88	0.0	false	0.0	EFTUD2-UTP18
K562	EFTUD2_1-XRCC6_1-interaction-shap	interaction	EFTUD2	1	XRCC6	1	50	0.0	false	0.0	EFTUD2-XRCC6
K562	EFTUD2_1-YWHAG_1-interaction-shap	interaction	EFTUD2	1	YWHAG	1	1	0.0	false	0.0	EFTUD2-YWHAG
K562	EFTUD2_1-ZC3H11A_1-interaction-shap	interaction	EFTUD2	1	ZC3H11A	1	2	0.0	false	0.0	EFTUD2-ZC3H11A
K562	EFTUD2_1-ZC3H8_1-interaction-shap	interaction	EFTUD2	1	ZC3H8	1	91	0.0	false	0.0	EFTUD2-ZC3H8
K562	EFTUD2_1-ZRANB2_1-interaction-shap	interaction	EFTUD2	1	ZRANB2	1	27	0.0	false	0.0	EFTUD2-ZRANB2
K562	EIF3G_1-ELAC2_1-interaction-shap	interaction	EIF3G	1	ELAC2	1	34	0.0	false	0.0	EIF3G-ELAC2
K562	EIF3G_1-ELAVL1_1-interaction-shap	interaction	EIF3G	1	ELAVL1	1	17	0.0	false	0.0	EIF3G-ELAVL1
K562	EIF3G_1-EWSR1_1-interaction-shap	interaction	EIF3G	1	EWSR1	1	27	0.0	false	0.0	EIF3G-EWSR1
K562	EIF3G_1-FAM120A_1-interaction-shap	interaction	EIF3G	1	FAM120A	1	38	0.0	false	0.0	EIF3G-FAM120A
K562	EIF3G_1-FASTKD2_1-interaction-shap	interaction	EIF3G	1	FASTKD2	1	25	0.0	false	0.0	EIF3G-FASTKD2
K562	EIF3G_1-FMR1_1-interaction-shap	interaction	EIF3G	1	FMR1	1	39	0.0	false	0.0	EIF3G-FMR1
K562	EIF3G_1-FUS_1-interaction-shap	interaction	EIF3G	1	FUS	1	25	0.0	false	0.0	EIF3G-FUS
K562	EIF3G_1-FXR1_1-interaction-shap	interaction	EIF3G	1	FXR1	1	40	0.0	false	0.0	EIF3G-FXR1
K562	EIF3G_1-FXR2_1-interaction-shap	interaction	EIF3G	1	FXR2	1	77	0.0	false	0.0	EIF3G-FXR2
K562	EIF3G_1-GPKOW_1-interaction-shap	interaction	EIF3G	1	GPKOW	1	38	0.0	false	0.0	EIF3G-GPKOW
K562	EIF3G_1-GTF2F1_1-interaction-shap	interaction	EIF3G	1	GTF2F1	1	46	0.0	false	0.0	EIF3G-GTF2F1
K562	EIF3G_1-IGF2BP2_1-interaction-shap	interaction	EIF3G	1	IGF2BP2	1	30	0.0	false	0.0	EIF3G-IGF2BP2
K562	EIF3G_1-LARP4_1-interaction-shap	interaction	EIF3G	1	LARP4	1	84	0.0	false	0.0	EIF3G-LARP4
K562	EIF3G_1-NOLC1_1-interaction-shap	interaction	EIF3G	1	NOLC1	1	67	0.0	false	0.0	EIF3G-NOLC1
K562	EIF3G_1-PCBP1_1-interaction-shap	interaction	EIF3G	1	PCBP1	1	39	0.0	false	0.0	EIF3G-PCBP1
K562	EIF3G_1-PRPF8_1-interaction-shap	interaction	EIF3G	1	PRPF8	1	18	0.0	false	0.0	EIF3G-PRPF8
K562	EIF3G_1-PUM2_1-interaction-shap	interaction	EIF3G	1	PUM2	1	34	0.0	false	0.0	EIF3G-PUM2
K562	EIF3G_1-RPS3_1-interaction-shap	interaction	EIF3G	1	RPS3	1	337	0.0	false	0.0	EIF3G-RPS3
K562	EIF3G_1-RPS6_1-interaction-shap	interaction	EIF3G	1	RPS6	1	3	0.0	false	0.0	EIF3G-RPS6
K562	EIF3G_1-SF3B4_1-interaction-shap	interaction	EIF3G	1	SF3B4	1	60	0.0	false	0.0	EIF3G-SF3B4
K562	EIF3G_1-SMNDC1_1-interaction-shap	interaction	EIF3G	1	SMNDC1	1	38	0.0	false	0.0	EIF3G-SMNDC1
K562	EIF3G_1-SRSF1_1-interaction-shap	interaction	EIF3G	1	SRSF1	1	51	0.0	false	0.0	EIF3G-SRSF1
K562	EIF3G_1-SRSF7_1-interaction-shap	interaction	EIF3G	1	SRSF7	1	2	0.0	false	0.0	EIF3G-SRSF7
K562	EIF3G_1-TBRG4_1-interaction-shap	interaction	EIF3G	1	TBRG4	1	25	0.0	false	0.0	EIF3G-TBRG4
K562	EIF3G_1-U2AF2_1-interaction-shap	interaction	EIF3G	1	U2AF2	1	2	0.0	false	0.0	EIF3G-U2AF2
K562	EIF3G_1-XRCC6_1-interaction-shap	interaction	EIF3G	1	XRCC6	1	20	0.0	false	0.0	EIF3G-XRCC6
K562	EIF3G_1-XRN2_1-interaction-shap	interaction	EIF3G	1	XRN2	1	34	0.0	false	0.0	EIF3G-XRN2
K562	EIF3G_1-ZC3H8_1-interaction-shap	interaction	EIF3G	1	ZC3H8	1	1	0.0	false	0.0	EIF3G-ZC3H8
K562	EIF4E_1-EIF4G2_1-interaction-shap	interaction	EIF4E	1	EIF4G2	1	19	0.0	false	0.0	EIF4E-EIF4G2
K562	EIF4E_1-ELAC2_1-interaction-shap	interaction	EIF4E	1	ELAC2	1	157	0.0	false	0.0	EIF4E-ELAC2
K562	EIF4E_1-ELAVL1_1-interaction-shap	interaction	EIF4E	1	ELAVL1	1	1	0.0	false	0.0	EIF4E-ELAVL1
K562	EIF4E_1-EXOSC10_1-interaction-shap	interaction	EIF4E	1	EXOSC10	1	5	0.0	false	0.0	EIF4E-EXOSC10
K562	EIF4E_1-EXOSC5_1-interaction-shap	interaction	EIF4E	1	EXOSC5	1	16	0.0	false	0.0	EIF4E-EXOSC5
K562	EIF4E_1-FAM120A_1-interaction-shap	interaction	EIF4E	1	FAM120A	1	88	0.0	false	0.0	EIF4E-FAM120A
K562	EIF4E_1-FASTKD2_1-interaction-shap	interaction	EIF4E	1	FASTKD2	1	90	0.0	false	0.0	EIF4E-FASTKD2
K562	EIF4E_1-FTO_1-interaction-shap	interaction	EIF4E	1	FTO	1	244	0.0	false	0.0	EIF4E-FTO
K562	EIF4E_1-FUS_1-interaction-shap	interaction	EIF4E	1	FUS	1	52	0.0	false	0.0	EIF4E-FUS
K562	EIF4E_1-FXR1_1-interaction-shap	interaction	EIF4E	1	FXR1	1	195	0.0	false	0.0	EIF4E-FXR1
K562	EIF4E_1-GARS_1-interaction-shap	interaction	EIF4E	1	GARS	1	63	0.0	false	0.0	EIF4E-GARS
K562	EIF4E_1-GPKOW_1-interaction-shap	interaction	EIF4E	1	GPKOW	1	44	0.0	false	0.0	EIF4E-GPKOW
K562	EIF4E_1-GRWD1_1-interaction-shap	interaction	EIF4E	1	GRWD1	1	59	0.0	false	0.0	EIF4E-GRWD1
K562	EIF4E_1-GTF2F1_1-interaction-shap	interaction	EIF4E	1	GTF2F1	1	333	0.0	false	0.0	EIF4E-GTF2F1
K562	EIF4E_1-HLTF_1-interaction-shap	interaction	EIF4E	1	HLTF	1	5	0.0	false	0.0	EIF4E-HLTF
K562	EIF4E_1-HNRNPM_1-interaction-shap	interaction	EIF4E	1	HNRNPM	1	122	0.0	false	0.0	EIF4E-HNRNPM
K562	EIF4E_1-HNRNPUL1_1-interaction-shap	interaction	EIF4E	1	HNRNPUL1	1	10	0.0	false	0.0	EIF4E-HNRNPUL1
K562	EIF4E_1-IGF2BP1_1-interaction-shap	interaction	EIF4E	1	IGF2BP1	1	10	0.0	false	0.0	EIF4E-IGF2BP1
K562	EIF4E_1-ILF3_1-interaction-shap	interaction	EIF4E	1	ILF3	1	1	0.0	false	0.0	EIF4E-ILF3
K562	EIF4E_1-LARP4_1-interaction-shap	interaction	EIF4E	1	LARP4	1	108	0.0	false	0.0	EIF4E-LARP4
K562	EIF4E_1-LARP7_1-interaction-shap	interaction	EIF4E	1	LARP7	1	25	0.0	false	0.0	EIF4E-LARP7
K562	EIF4E_1-LSM11_1-interaction-shap	interaction	EIF4E	1	LSM11	1	118	0.0	false	0.0	EIF4E-LSM11
K562	EIF4E_1-MATR3_1-interaction-shap	interaction	EIF4E	1	MATR3	1	2	0.0	false	0.0	EIF4E-MATR3
K562	EIF4E_1-MBNL1_1-interaction-shap	interaction	EIF4E	1	MBNL1	1	24	0.0	false	0.0	EIF4E-MBNL1
K562	EIF4E_1-MORC2_1-interaction-shap	interaction	EIF4E	1	MORC2	1	74	0.0	false	0.0	EIF4E-MORC2
K562	EIF4E_1-MTPAP_1-interaction-shap	interaction	EIF4E	1	MTPAP	1	32	0.0	false	0.0	EIF4E-MTPAP
K562	EIF4E_1-NCBP2_1-interaction-shap	interaction	EIF4E	1	NCBP2	1	330	0.0	false	0.0	EIF4E-NCBP2
K562	EIF4E_1-NONO_1-interaction-shap	interaction	EIF4E	1	NONO	1	165	0.0	false	0.0	EIF4E-NONO
K562	EIF4E_1-PCBP1_1-interaction-shap	interaction	EIF4E	1	PCBP1	1	225	0.0	false	0.0	EIF4E-PCBP1
K562	EIF4E_1-PPIL4_1-interaction-shap	interaction	EIF4E	1	PPIL4	1	1	0.0	false	0.0	EIF4E-PPIL4
K562	EIF4E_1-PTBP1_1-interaction-shap	interaction	EIF4E	1	PTBP1	1	52	0.0	false	0.0	EIF4E-PTBP1
K562	EIF4E_1-PUM1_1-interaction-shap	interaction	EIF4E	1	PUM1	1	88	0.0	false	0.0	EIF4E-PUM1
K562	EIF4E_1-PUM2_1-interaction-shap	interaction	EIF4E	1	PUM2	1	11	0.0	false	0.0	EIF4E-PUM2
K562	EIF4E_1-RBFOX2_1-interaction-shap	interaction	EIF4E	1	RBFOX2	1	44	0.0	false	0.0	EIF4E-RBFOX2
K562	EIF4E_1-RPS10_1-interaction-shap	interaction	EIF4E	1	RPS10	1	4	0.0	false	0.0	EIF4E-RPS10
K562	EIF4E_1-RPS11_1-interaction-shap	interaction	EIF4E	1	RPS11	1	1	0.0	false	0.0	EIF4E-RPS11
K562	AGGF1_1-LARP7_1-interaction-shap	interaction	AGGF1	1	LARP7	1	1	0.0	false	0.0	AGGF1-LARP7
K562	EIF4E_1-SERBP1_1-interaction-shap	interaction	EIF4E	1	SERBP1	1	56	0.0	false	0.0	EIF4E-SERBP1
K562	EIF4E_1-SMNDC1_1-interaction-shap	interaction	EIF4E	1	SMNDC1	1	103	0.0	false	0.0	EIF4E-SMNDC1
K562	EIF4E_1-SND1_1-interaction-shap	interaction	EIF4E	1	SND1	1	4	0.0	false	0.0	EIF4E-SND1
K562	EIF4E_1-SRSF1_1-interaction-shap	interaction	EIF4E	1	SRSF1	1	96	0.0	false	0.0	EIF4E-SRSF1
K562	EIF4E_1-SRSF7_1-interaction-shap	interaction	EIF4E	1	SRSF7	1	18	0.0	false	0.0	EIF4E-SRSF7
K562	EIF4E_1-TAF15_1-interaction-shap	interaction	EIF4E	1	TAF15	1	4	0.0	false	0.0	EIF4E-TAF15
K562	EIF4E_1-TARDBP_1-interaction-shap	interaction	EIF4E	1	TARDBP	1	1	0.0	false	0.0	EIF4E-TARDBP
K562	EIF4E_1-TBRG4_1-interaction-shap	interaction	EIF4E	1	TBRG4	1	21	0.0	false	0.0	EIF4E-TBRG4
K562	AGGF1_1-PUM2_1-interaction-shap	interaction	AGGF1	1	PUM2	1	7	0.0	false	0.0	AGGF1-PUM2
K562	EIF4E_1-UTP18_1-interaction-shap	interaction	EIF4E	1	UTP18	1	5	0.0	false	0.0	EIF4E-UTP18
K562	EIF4E_1-WDR43_1-interaction-shap	interaction	EIF4E	1	WDR43	1	3	0.0	false	0.0	EIF4E-WDR43
K562	EIF4E_1-WRN_1-interaction-shap	interaction	EIF4E	1	WRN	1	67	0.0	false	0.0	EIF4E-WRN
K562	EIF4E_1-XRCC6_1-interaction-shap	interaction	EIF4E	1	XRCC6	1	132	0.0	false	0.0	EIF4E-XRCC6
K562	EIF4E_1-YWHAG_1-interaction-shap	interaction	EIF4E	1	YWHAG	1	50	0.0	false	0.0	EIF4E-YWHAG
K562	EIF4E_1-ZC3H11A_1-interaction-shap	interaction	EIF4E	1	ZC3H11A	1	1	0.0	false	0.0	EIF4E-ZC3H11A
K562	EIF4E_1-ZC3H8_1-interaction-shap	interaction	EIF4E	1	ZC3H8	1	17	0.0	false	0.0	EIF4E-ZC3H8
K562	EIF4E_1-ZRANB2_1-interaction-shap	interaction	EIF4E	1	ZRANB2	1	1	0.0	false	0.0	EIF4E-ZRANB2
K562	EIF4G2_1-EXOSC5_1-interaction-shap	interaction	EIF4G2	1	EXOSC5	1	2	0.0	false	0.0	EIF4G2-EXOSC5
K562	EIF4G2_1-FAM120A_1-interaction-shap	interaction	EIF4G2	1	FAM120A	1	8	0.0	false	0.0	EIF4G2-FAM120A
K562	EIF4G2_1-FASTKD2_1-interaction-shap	interaction	EIF4G2	1	FASTKD2	1	3	0.0	false	0.0	EIF4G2-FASTKD2
K562	EIF4G2_1-FMR1_1-interaction-shap	interaction	EIF4G2	1	FMR1	1	1	0.0	false	0.0	EIF4G2-FMR1
K562	EIF4G2_1-FTO_1-interaction-shap	interaction	EIF4G2	1	FTO	1	3	0.0	false	0.0	EIF4G2-FTO
K562	EIF4G2_1-FXR1_1-interaction-shap	interaction	EIF4G2	1	FXR1	1	2	0.0	false	0.0	EIF4G2-FXR1
K562	EIF4G2_1-FXR2_1-interaction-shap	interaction	EIF4G2	1	FXR2	1	19	0.0	false	0.0	EIF4G2-FXR2
K562	EIF4G2_1-GEMIN5_1-interaction-shap	interaction	EIF4G2	1	GEMIN5	1	10	0.0	false	0.0	EIF4G2-GEMIN5
K562	EIF4G2_1-GRWD1_1-interaction-shap	interaction	EIF4G2	1	GRWD1	1	5	0.0	false	0.0	EIF4G2-GRWD1
K562	EIF4G2_1-GTF2F1_1-interaction-shap	interaction	EIF4G2	1	GTF2F1	1	15	0.0	false	0.0	EIF4G2-GTF2F1
K562	EIF4G2_1-HNRNPM_1-interaction-shap	interaction	EIF4G2	1	HNRNPM	1	19	0.0	false	0.0	EIF4G2-HNRNPM
K562	EIF4G2_1-METAP2_1-interaction-shap	interaction	EIF4G2	1	METAP2	1	10	0.0	false	0.0	EIF4G2-METAP2
K562	EIF4G2_1-MORC2_1-interaction-shap	interaction	EIF4G2	1	MORC2	1	3	0.0	false	0.0	EIF4G2-MORC2
K562	EIF4G2_1-MTPAP_1-interaction-shap	interaction	EIF4G2	1	MTPAP	1	18	0.0	false	0.0	EIF4G2-MTPAP
K562	EIF4G2_1-NCBP2_1-interaction-shap	interaction	EIF4G2	1	NCBP2	1	9	0.0	false	0.0	EIF4G2-NCBP2
K562	EIF4G2_1-NIPBL_1-interaction-shap	interaction	EIF4G2	1	NIPBL	1	14	0.0	false	0.0	EIF4G2-NIPBL
K562	EIF4G2_1-PHF6_1-interaction-shap	interaction	EIF4G2	1	PHF6	1	5	0.0	false	0.0	EIF4G2-PHF6
K562	EIF4G2_1-RBFOX2_1-interaction-shap	interaction	EIF4G2	1	RBFOX2	1	14	0.0	false	0.0	EIF4G2-RBFOX2
K562	EIF4G2_1-RNF187_1-interaction-shap	interaction	EIF4G2	1	RNF187	1	5	0.0	false	0.0	EIF4G2-RNF187
K562	EIF4G2_1-SLTM_1-interaction-shap	interaction	EIF4G2	1	SLTM	1	24	0.0	false	0.0	EIF4G2-SLTM
K562	EIF4G2_1-SRSF7_1-interaction-shap	interaction	EIF4G2	1	SRSF7	1	26	0.0	false	0.0	EIF4G2-SRSF7
K562	EIF4G2_1-TAF15_1-interaction-shap	interaction	EIF4G2	1	TAF15	1	2	0.0	false	0.0	EIF4G2-TAF15
K562	EIF4G2_1-TBRG4_1-interaction-shap	interaction	EIF4G2	1	TBRG4	1	1	0.0	false	0.0	EIF4G2-TBRG4
K562	EIF4G2_1-UPF1_1-interaction-shap	interaction	EIF4G2	1	UPF1	1	6	0.0	false	0.0	EIF4G2-UPF1
K562	EIF4G2_1-UTP18_1-interaction-shap	interaction	EIF4G2	1	UTP18	1	14	0.0	false	0.0	EIF4G2-UTP18
K562	EIF4G2_1-WDR3_1-interaction-shap	interaction	EIF4G2	1	WDR3	1	5	0.0	false	0.0	EIF4G2-WDR3
K562	EIF4G2_1-WDR43_1-interaction-shap	interaction	EIF4G2	1	WDR43	1	8	0.0	false	0.0	EIF4G2-WDR43
K562	EIF4G2_1-XRCC6_1-interaction-shap	interaction	EIF4G2	1	XRCC6	1	22	0.0	false	0.0	EIF4G2-XRCC6
K562	EIF4G2_1-XRN2_1-interaction-shap	interaction	EIF4G2	1	XRN2	1	4	0.0	false	0.0	EIF4G2-XRN2
K562	EIF4G2_1-YWHAG_1-interaction-shap	interaction	EIF4G2	1	YWHAG	1	20	0.0	false	0.0	EIF4G2-YWHAG
K562	EIF4G2_1-ZC3H8_1-interaction-shap	interaction	EIF4G2	1	ZC3H8	1	12	0.0	false	0.0	EIF4G2-ZC3H8
K562	ELAC2_1-ELAVL1_1-interaction-shap	interaction	ELAC2	1	ELAVL1	1	9	0.0	false	0.0	ELAC2-ELAVL1
K562	ELAC2_1-EWSR1_1-interaction-shap	interaction	ELAC2	1	EWSR1	1	125	0.0	false	0.0	ELAC2-EWSR1
K562	ELAC2_1-EXOSC10_1-interaction-shap	interaction	ELAC2	1	EXOSC10	1	19	0.0	false	0.0	ELAC2-EXOSC10
K562	ELAC2_1-FAM120A_1-interaction-shap	interaction	ELAC2	1	FAM120A	1	28	0.0	false	0.0	ELAC2-FAM120A
K562	ELAC2_1-FASTKD2_1-interaction-shap	interaction	ELAC2	1	FASTKD2	1	33	0.0	false	0.0	ELAC2-FASTKD2
K562	ELAC2_1-FMR1_1-interaction-shap	interaction	ELAC2	1	FMR1	1	23	0.0	false	0.0	ELAC2-FMR1
K562	ELAC2_1-FXR2_1-interaction-shap	interaction	ELAC2	1	FXR2	1	96	0.0	false	0.0	ELAC2-FXR2
K562	ELAC2_1-GPKOW_1-interaction-shap	interaction	ELAC2	1	GPKOW	1	2	0.0	false	0.0	ELAC2-GPKOW
K562	ELAC2_1-GTF2F1_1-interaction-shap	interaction	ELAC2	1	GTF2F1	1	42	0.0	false	0.0	ELAC2-GTF2F1
K562	ELAC2_1-ILF3_1-interaction-shap	interaction	ELAC2	1	ILF3	1	1	0.0	false	0.0	ELAC2-ILF3
K562	ELAC2_1-LARP4_1-interaction-shap	interaction	ELAC2	1	LARP4	1	87	0.0	false	0.0	ELAC2-LARP4
K562	ELAC2_1-LARP7_1-interaction-shap	interaction	ELAC2	1	LARP7	1	1	0.0	false	0.0	ELAC2-LARP7
K562	ELAC2_1-MTPAP_1-interaction-shap	interaction	ELAC2	1	MTPAP	1	45	0.0	false	0.0	ELAC2-MTPAP
K562	ELAC2_1-NOLC1_1-interaction-shap	interaction	ELAC2	1	NOLC1	1	76	0.0	false	0.0	ELAC2-NOLC1
K562	ELAC2_1-NSUN2_1-interaction-shap	interaction	ELAC2	1	NSUN2	1	8	0.0	false	0.0	ELAC2-NSUN2
K562	ELAC2_1-PCBP1_1-interaction-shap	interaction	ELAC2	1	PCBP1	1	2	0.0	false	0.0	ELAC2-PCBP1
K562	ELAC2_1-PPIL4_1-interaction-shap	interaction	ELAC2	1	PPIL4	1	1	0.0	false	0.0	ELAC2-PPIL4
K562	ELAC2_1-PTBP1_1-interaction-shap	interaction	ELAC2	1	PTBP1	1	57	0.0	false	0.0	ELAC2-PTBP1
K562	ELAC2_1-RPS6_1-interaction-shap	interaction	ELAC2	1	RPS6	1	12	0.0	false	0.0	ELAC2-RPS6
K562	ELAC2_1-SRSF1_1-interaction-shap	interaction	ELAC2	1	SRSF1	1	14	0.0	false	0.0	ELAC2-SRSF1
K562	ELAC2_1-SRSF7_1-interaction-shap	interaction	ELAC2	1	SRSF7	1	22	0.0	false	0.0	ELAC2-SRSF7
K562	ELAC2_1-SRSF9_1-interaction-shap	interaction	ELAC2	1	SRSF9	1	48	0.0	false	0.0	ELAC2-SRSF9
K562	ELAC2_1-TAF15_1-interaction-shap	interaction	ELAC2	1	TAF15	1	1	0.0	false	0.0	ELAC2-TAF15
K562	ELAC2_1-TBRG4_1-interaction-shap	interaction	ELAC2	1	TBRG4	1	32	0.0	false	0.0	ELAC2-TBRG4
K562	ELAC2_1-UTP18_1-interaction-shap	interaction	ELAC2	1	UTP18	1	1	0.0	false	0.0	ELAC2-UTP18
K562	ELAC2_1-XRCC6_1-interaction-shap	interaction	ELAC2	1	XRCC6	1	1	0.0	false	0.0	ELAC2-XRCC6
K562	ELAC2_1-YWHAG_1-interaction-shap	interaction	ELAC2	1	YWHAG	1	51	0.0	false	0.0	ELAC2-YWHAG
K562	ELAC2_1-ZRANB2_1-interaction-shap	interaction	ELAC2	1	ZRANB2	1	5	0.0	false	0.0	ELAC2-ZRANB2
K562	ELAVL1_1-EXOSC10_1-interaction-shap	interaction	ELAVL1	1	EXOSC10	1	15	0.0	false	0.0	ELAVL1-EXOSC10
K562	ELAVL1_1-EXOSC5_1-interaction-shap	interaction	ELAVL1	1	EXOSC5	1	8	0.0	false	0.0	ELAVL1-EXOSC5
K562	ELAVL1_1-HNRNPC_1-interaction-shap	interaction	ELAVL1	1	HNRNPC	1	3	0.0	false	0.0	ELAVL1-HNRNPC
K562	ELAVL1_1-IGF2BP2_1-interaction-shap	interaction	ELAVL1	1	IGF2BP2	1	8	0.0	false	0.0	ELAVL1-IGF2BP2
K562	ELAVL1_1-MBNL1_1-interaction-shap	interaction	ELAVL1	1	MBNL1	1	8	0.0	false	0.0	ELAVL1-MBNL1
K562	ELAVL1_1-MTPAP_1-interaction-shap	interaction	ELAVL1	1	MTPAP	1	9	0.0	false	0.0	ELAVL1-MTPAP
K562	ELAVL1_1-NOLC1_1-interaction-shap	interaction	ELAVL1	1	NOLC1	1	9	0.0	false	0.0	ELAVL1-NOLC1
K562	ELAVL1_1-NSUN2_1-interaction-shap	interaction	ELAVL1	1	NSUN2	1	8	0.0	false	0.0	ELAVL1-NSUN2
K562	ELAVL1_1-PCBP1_1-interaction-shap	interaction	ELAVL1	1	PCBP1	1	20	0.0	false	0.0	ELAVL1-PCBP1
K562	ELAVL1_1-RBM15_1-interaction-shap	interaction	ELAVL1	1	RBM15	1	17	0.0	false	0.0	ELAVL1-RBM15
K562	ELAVL1_1-RPS3_1-interaction-shap	interaction	ELAVL1	1	RPS3	1	2	0.0	false	0.0	ELAVL1-RPS3
K562	ELAVL1_1-SMNDC1_1-interaction-shap	interaction	ELAVL1	1	SMNDC1	1	9	0.0	false	0.0	ELAVL1-SMNDC1
K562	ELAVL1_1-SRSF7_1-interaction-shap	interaction	ELAVL1	1	SRSF7	1	1	0.0	false	0.0	ELAVL1-SRSF7
K562	ELAVL1_1-TBRG4_1-interaction-shap	interaction	ELAVL1	1	TBRG4	1	9	0.0	false	0.0	ELAVL1-TBRG4
K562	ELAVL1_1-U2AF1_1-interaction-shap	interaction	ELAVL1	1	U2AF1	1	26	0.0	false	0.0	ELAVL1-U2AF1
K562	ELAVL1_1-XRCC6_1-interaction-shap	interaction	ELAVL1	1	XRCC6	1	7	0.0	false	0.0	ELAVL1-XRCC6
K562	ELAVL1_1-YWHAG_1-interaction-shap	interaction	ELAVL1	1	YWHAG	1	9	0.0	false	0.0	ELAVL1-YWHAG
K562	EWSR1_1-EXOSC5_1-interaction-shap	interaction	EWSR1	1	EXOSC5	1	19	0.0	false	0.0	EWSR1-EXOSC5
K562	EWSR1_1-FASTKD2_1-interaction-shap	interaction	EWSR1	1	FASTKD2	1	132	0.0	false	0.0	EWSR1-FASTKD2
K562	EWSR1_1-FXR2_1-interaction-shap	interaction	EWSR1	1	FXR2	1	165	0.0	false	0.0	EWSR1-FXR2
K562	EWSR1_1-GEMIN5_1-interaction-shap	interaction	EWSR1	1	GEMIN5	1	178	0.0	false	0.0	EWSR1-GEMIN5
K562	ADAT1_1-PTBP1_1-interaction-shap	interaction	ADAT1	1	PTBP1	1	10	0.0	false	0.0	ADAT1-PTBP1
K562	EWSR1_1-HNRNPL_1-interaction-shap	interaction	EWSR1	1	HNRNPL	1	57	0.0	false	0.0	EWSR1-HNRNPL
K562	AGGF1_1-IGF2BP2_1-interaction-shap	interaction	AGGF1	1	IGF2BP2	1	1	0.0	false	0.0	AGGF1-IGF2BP2
K562	AGGF1_1-EIF4G2_1-interaction-shap	interaction	AGGF1	1	EIF4G2	1	18	0.0	false	0.0	AGGF1-EIF4G2
K562	AGGF1_1-EIF4E_1-interaction-shap	interaction	AGGF1	1	EIF4E	1	20	0.0	false	0.0	AGGF1-EIF4E
K562	EWSR1_1-LARP7_1-interaction-shap	interaction	EWSR1	1	LARP7	1	2	0.0	false	0.0	EWSR1-LARP7
K562	EWSR1_1-MBNL1_1-interaction-shap	interaction	EWSR1	1	MBNL1	1	1	0.0	false	0.0	EWSR1-MBNL1
K562	EWSR1_1-METAP2_1-interaction-shap	interaction	EWSR1	1	METAP2	1	48	0.0	false	0.0	EWSR1-METAP2
K562	EWSR1_1-MORC2_1-interaction-shap	interaction	EWSR1	1	MORC2	1	27	0.0	false	0.0	EWSR1-MORC2
K562	EWSR1_1-MTPAP_1-interaction-shap	interaction	EWSR1	1	MTPAP	1	37	0.0	false	0.0	EWSR1-MTPAP
K562	EWSR1_1-NCBP2_1-interaction-shap	interaction	EWSR1	1	NCBP2	1	31	0.0	false	0.0	EWSR1-NCBP2
K562	EWSR1_1-NOLC1_1-interaction-shap	interaction	EWSR1	1	NOLC1	1	20	0.0	false	0.0	EWSR1-NOLC1
K562	AGGF1_1-DGCR8_1-interaction-shap	interaction	AGGF1	1	DGCR8	1	1	0.0	false	0.0	AGGF1-DGCR8
K562	EWSR1_1-PHF6_1-interaction-shap	interaction	EWSR1	1	PHF6	1	106	0.0	false	0.0	EWSR1-PHF6
K562	EWSR1_1-PPIL4_1-interaction-shap	interaction	EWSR1	1	PPIL4	1	6	0.0	false	0.0	EWSR1-PPIL4
K562	EWSR1_1-PTBP1_1-interaction-shap	interaction	EWSR1	1	PTBP1	1	35	0.0	false	0.0	EWSR1-PTBP1
K562	EWSR1_1-PUM1_1-interaction-shap	interaction	EWSR1	1	PUM1	1	25	0.0	false	0.0	EWSR1-PUM1
K562	EWSR1_1-PUM2_1-interaction-shap	interaction	EWSR1	1	PUM2	1	25	0.0	false	0.0	EWSR1-PUM2
K562	ADAT1_1-TAF15_1-interaction-shap	interaction	ADAT1	1	TAF15	1	6	0.0	false	0.0	ADAT1-TAF15
K562	ADAT1_1-RBFOX2_1-interaction-shap	interaction	ADAT1	1	RBFOX2	1	14	0.0	false	0.0	ADAT1-RBFOX2
K562	EWSR1_1-SRSF9_1-interaction-shap	interaction	EWSR1	1	SRSF9	1	1	0.0	false	0.0	EWSR1-SRSF9
K562	EWSR1_1-TARDBP_1-interaction-shap	interaction	EWSR1	1	TARDBP	1	69	0.0	false	0.0	EWSR1-TARDBP
K562	EWSR1_1-TBRG4_1-interaction-shap	interaction	EWSR1	1	TBRG4	1	116	0.0	false	0.0	EWSR1-TBRG4
K562	EWSR1_1-U2AF2_1-interaction-shap	interaction	EWSR1	1	U2AF2	1	17	0.0	false	0.0	EWSR1-U2AF2
K562	EWSR1_1-UPF1_1-interaction-shap	interaction	EWSR1	1	UPF1	1	44	0.0	false	0.0	EWSR1-UPF1
K562	EWSR1_1-UTP18_1-interaction-shap	interaction	EWSR1	1	UTP18	1	1	0.0	false	0.0	EWSR1-UTP18
K562	EWSR1_1-WDR43_1-interaction-shap	interaction	EWSR1	1	WDR43	1	1	0.0	false	0.0	EWSR1-WDR43
K562	EWSR1_1-XRCC6_1-interaction-shap	interaction	EWSR1	1	XRCC6	1	25	0.0	false	0.0	EWSR1-XRCC6
K562	EWSR1_1-YWHAG_1-interaction-shap	interaction	EWSR1	1	YWHAG	1	47	0.0	false	0.0	EWSR1-YWHAG
K562	EWSR1_1-ZC3H11A_1-interaction-shap	interaction	EWSR1	1	ZC3H11A	1	1	0.0	false	0.0	EWSR1-ZC3H11A
K562	EWSR1_1-ZRANB2_1-interaction-shap	interaction	EWSR1	1	ZRANB2	1	71	0.0	false	0.0	EWSR1-ZRANB2
K562	EXOSC10_1-FMR1_1-interaction-shap	interaction	EXOSC10	1	FMR1	1	37	0.0	false	0.0	EXOSC10-FMR1
K562	EXOSC10_1-FTO_1-interaction-shap	interaction	EXOSC10	1	FTO	1	13	0.0	false	0.0	EXOSC10-FTO
K562	EXOSC10_1-FXR2_1-interaction-shap	interaction	EXOSC10	1	FXR2	1	53	0.0	false	0.0	EXOSC10-FXR2
K562	EXOSC10_1-GARS_1-interaction-shap	interaction	EXOSC10	1	GARS	1	14	0.0	false	0.0	EXOSC10-GARS
K562	EXOSC10_1-GEMIN5_1-interaction-shap	interaction	EXOSC10	1	GEMIN5	1	25	0.0	false	0.0	EXOSC10-GEMIN5
K562	EXOSC10_1-GTF2F1_1-interaction-shap	interaction	EXOSC10	1	GTF2F1	1	2	0.0	false	0.0	EXOSC10-GTF2F1
K562	EXOSC10_1-HLTF_1-interaction-shap	interaction	EXOSC10	1	HLTF	1	4	0.0	false	0.0	EXOSC10-HLTF
K562	EXOSC10_1-IGF2BP1_1-interaction-shap	interaction	EXOSC10	1	IGF2BP1	1	1	0.0	false	0.0	EXOSC10-IGF2BP1
K562	EXOSC10_1-KHSRP_1-interaction-shap	interaction	EXOSC10	1	KHSRP	1	30	0.0	false	0.0	EXOSC10-KHSRP
K562	EXOSC10_1-LARP4_1-interaction-shap	interaction	EXOSC10	1	LARP4	1	12	0.0	false	0.0	EXOSC10-LARP4
K562	EXOSC10_1-LIN28B_1-interaction-shap	interaction	EXOSC10	1	LIN28B	1	66	0.0	false	0.0	EXOSC10-LIN28B
K562	EXOSC10_1-LSM11_1-interaction-shap	interaction	EXOSC10	1	LSM11	1	9	0.0	false	0.0	EXOSC10-LSM11
K562	EXOSC10_1-MBNL1_1-interaction-shap	interaction	EXOSC10	1	MBNL1	1	75	0.0	false	0.0	EXOSC10-MBNL1
K562	EXOSC10_1-METAP2_1-interaction-shap	interaction	EXOSC10	1	METAP2	1	5	0.0	false	0.0	EXOSC10-METAP2
K562	EXOSC10_1-METTL1_1-interaction-shap	interaction	EXOSC10	1	METTL1	1	19	0.0	false	0.0	EXOSC10-METTL1
K562	EXOSC10_1-MORC2_1-interaction-shap	interaction	EXOSC10	1	MORC2	1	9	0.0	false	0.0	EXOSC10-MORC2
K562	EXOSC10_1-MTPAP_1-interaction-shap	interaction	EXOSC10	1	MTPAP	1	23	0.0	false	0.0	EXOSC10-MTPAP
K562	EXOSC10_1-NCBP2_1-interaction-shap	interaction	EXOSC10	1	NCBP2	1	14	0.0	false	0.0	EXOSC10-NCBP2
K562	EXOSC10_1-NIPBL_1-interaction-shap	interaction	EXOSC10	1	NIPBL	1	11	0.0	false	0.0	EXOSC10-NIPBL
K562	EXOSC10_1-NOLC1_1-interaction-shap	interaction	EXOSC10	1	NOLC1	1	9	0.0	false	0.0	EXOSC10-NOLC1
K562	EXOSC10_1-NSUN2_1-interaction-shap	interaction	EXOSC10	1	NSUN2	1	17	0.0	false	0.0	EXOSC10-NSUN2
K562	EXOSC10_1-PHF6_1-interaction-shap	interaction	EXOSC10	1	PHF6	1	9	0.0	false	0.0	EXOSC10-PHF6
K562	EXOSC10_1-PTBP1_1-interaction-shap	interaction	EXOSC10	1	PTBP1	1	9	0.0	false	0.0	EXOSC10-PTBP1
K562	EXOSC10_1-PUM1_1-interaction-shap	interaction	EXOSC10	1	PUM1	1	81	0.0	false	0.0	EXOSC10-PUM1
K562	EXOSC10_1-PUM2_1-interaction-shap	interaction	EXOSC10	1	PUM2	1	11	0.0	false	0.0	EXOSC10-PUM2
K562	EXOSC10_1-PUS1_1-interaction-shap	interaction	EXOSC10	1	PUS1	1	10	0.0	false	0.0	EXOSC10-PUS1
K562	EXOSC10_1-RBFOX2_1-interaction-shap	interaction	EXOSC10	1	RBFOX2	1	20	0.0	false	0.0	EXOSC10-RBFOX2
K562	EXOSC10_1-RBM15_1-interaction-shap	interaction	EXOSC10	1	RBM15	1	69	0.0	false	0.0	EXOSC10-RBM15
K562	EXOSC10_1-RPS6_1-interaction-shap	interaction	EXOSC10	1	RPS6	1	31	0.0	false	0.0	EXOSC10-RPS6
K562	EXOSC10_1-SF3B1_1-interaction-shap	interaction	EXOSC10	1	SF3B1	1	1	0.0	false	0.0	EXOSC10-SF3B1
K562	EXOSC10_1-SLBP_1-interaction-shap	interaction	EXOSC10	1	SLBP	1	9	0.0	false	0.0	EXOSC10-SLBP
K562	EXOSC10_1-SMNDC1_1-interaction-shap	interaction	EXOSC10	1	SMNDC1	1	24	0.0	false	0.0	EXOSC10-SMNDC1
K562	EXOSC10_1-SRSF7_1-interaction-shap	interaction	EXOSC10	1	SRSF7	1	59	0.0	false	0.0	EXOSC10-SRSF7
K562	EXOSC10_1-TBRG4_1-interaction-shap	interaction	EXOSC10	1	TBRG4	1	9	0.0	false	0.0	EXOSC10-TBRG4
K562	EXOSC10_1-TIA1_1-interaction-shap	interaction	EXOSC10	1	TIA1	1	17	0.0	false	0.0	EXOSC10-TIA1
K562	EXOSC10_1-U2AF1_1-interaction-shap	interaction	EXOSC10	1	U2AF1	1	3	0.0	false	0.0	EXOSC10-U2AF1
K562	EXOSC10_1-XRN2_1-interaction-shap	interaction	EXOSC10	1	XRN2	1	3	0.0	false	0.0	EXOSC10-XRN2
K562	EXOSC10_1-YBX3_1-interaction-shap	interaction	EXOSC10	1	YBX3	1	66	0.0	false	0.0	EXOSC10-YBX3
K562	EXOSC10_1-YWHAG_1-interaction-shap	interaction	EXOSC10	1	YWHAG	1	10	0.0	false	0.0	EXOSC10-YWHAG
K562	EXOSC10_1-ZC3H8_1-interaction-shap	interaction	EXOSC10	1	ZC3H8	1	1	0.0	false	0.0	EXOSC10-ZC3H8
K562	EXOSC5_1-MTPAP_1-interaction-shap	interaction	EXOSC5	1	MTPAP	1	5	0.0	false	0.0	EXOSC5-MTPAP
K562	EXOSC5_1-NONO_1-interaction-shap	interaction	EXOSC5	1	NONO	1	17	0.0	false	0.0	EXOSC5-NONO
K562	EXOSC5_1-PPIL4_1-interaction-shap	interaction	EXOSC5	1	PPIL4	1	5	0.0	false	0.0	EXOSC5-PPIL4
K562	EXOSC5_1-RPS10_1-interaction-shap	interaction	EXOSC5	1	RPS10	1	5	0.0	false	0.0	EXOSC5-RPS10
K562	EXOSC5_1-SF3B4_1-interaction-shap	interaction	EXOSC5	1	SF3B4	1	28	0.0	false	0.0	EXOSC5-SF3B4
K562	EXOSC5_1-TARDBP_1-interaction-shap	interaction	EXOSC5	1	TARDBP	1	3	0.0	false	0.0	EXOSC5-TARDBP
K562	EXOSC5_1-TBRG4_1-interaction-shap	interaction	EXOSC5	1	TBRG4	1	5	0.0	false	0.0	EXOSC5-TBRG4
K562	EXOSC5_1-ZRANB2_1-interaction-shap	interaction	EXOSC5	1	ZRANB2	1	5	0.0	false	0.0	EXOSC5-ZRANB2
K562	FAM120A_1-FASTKD2_1-interaction-shap	interaction	FAM120A	1	FASTKD2	1	148	0.0	false	0.0	FAM120A-FASTKD2
K562	FAM120A_1-FMR1_1-interaction-shap	interaction	FAM120A	1	FMR1	1	20	0.0	false	0.0	FAM120A-FMR1
K562	FAM120A_1-FXR1_1-interaction-shap	interaction	FAM120A	1	FXR1	1	1	0.0	false	0.0	FAM120A-FXR1
K562	FAM120A_1-FXR2_1-interaction-shap	interaction	FAM120A	1	FXR2	1	62	0.0	false	0.0	FAM120A-FXR2
K562	FAM120A_1-IGF2BP2_1-interaction-shap	interaction	FAM120A	1	IGF2BP2	1	1	0.0	false	0.0	FAM120A-IGF2BP2
K562	FAM120A_1-ILF3_1-interaction-shap	interaction	FAM120A	1	ILF3	1	1	0.0	false	0.0	FAM120A-ILF3
K562	FAM120A_1-LARP7_1-interaction-shap	interaction	FAM120A	1	LARP7	1	2	0.0	false	0.0	FAM120A-LARP7
K562	FAM120A_1-MBNL1_1-interaction-shap	interaction	FAM120A	1	MBNL1	1	1	0.0	false	0.0	FAM120A-MBNL1
K562	FAM120A_1-MTPAP_1-interaction-shap	interaction	FAM120A	1	MTPAP	1	8	0.0	false	0.0	FAM120A-MTPAP
K562	FAM120A_1-NOLC1_1-interaction-shap	interaction	FAM120A	1	NOLC1	1	7	0.0	false	0.0	FAM120A-NOLC1
K562	FAM120A_1-PPIL4_1-interaction-shap	interaction	FAM120A	1	PPIL4	1	1	0.0	false	0.0	FAM120A-PPIL4
K562	FAM120A_1-PTBP1_1-interaction-shap	interaction	FAM120A	1	PTBP1	1	20	0.0	false	0.0	FAM120A-PTBP1
K562	FAM120A_1-RPS11_1-interaction-shap	interaction	FAM120A	1	RPS11	1	1	0.0	false	0.0	FAM120A-RPS11
K562	FAM120A_1-RPS3_1-interaction-shap	interaction	FAM120A	1	RPS3	1	92	0.0	false	0.0	FAM120A-RPS3
K562	FAM120A_1-SMNDC1_1-interaction-shap	interaction	FAM120A	1	SMNDC1	1	103	0.0	false	0.0	FAM120A-SMNDC1
K562	FAM120A_1-SRSF9_1-interaction-shap	interaction	FAM120A	1	SRSF9	1	15	0.0	false	0.0	FAM120A-SRSF9
K562	FAM120A_1-TAF15_1-interaction-shap	interaction	FAM120A	1	TAF15	1	49	0.0	false	0.0	FAM120A-TAF15
K562	FAM120A_1-TARDBP_1-interaction-shap	interaction	FAM120A	1	TARDBP	1	5	0.0	false	0.0	FAM120A-TARDBP
K562	FAM120A_1-TBRG4_1-interaction-shap	interaction	FAM120A	1	TBRG4	1	46	0.0	false	0.0	FAM120A-TBRG4
K562	FAM120A_1-TIA1_1-interaction-shap	interaction	FAM120A	1	TIA1	1	23	0.0	false	0.0	FAM120A-TIA1
K562	FAM120A_1-UTP18_1-interaction-shap	interaction	FAM120A	1	UTP18	1	1	0.0	false	0.0	FAM120A-UTP18
K562	FAM120A_1-XRCC6_1-interaction-shap	interaction	FAM120A	1	XRCC6	1	24	0.0	false	0.0	FAM120A-XRCC6
K562	FAM120A_1-XRN2_1-interaction-shap	interaction	FAM120A	1	XRN2	1	77	0.0	false	0.0	FAM120A-XRN2
K562	FAM120A_1-YWHAG_1-interaction-shap	interaction	FAM120A	1	YWHAG	1	21	0.0	false	0.0	FAM120A-YWHAG
K562	FAM120A_1-ZRANB2_1-interaction-shap	interaction	FAM120A	1	ZRANB2	1	64	0.0	false	0.0	FAM120A-ZRANB2
K562	FASTKD2_1-FMR1_1-interaction-shap	interaction	FASTKD2	1	FMR1	1	25	0.0	false	0.0	FASTKD2-FMR1
K562	FASTKD2_1-FUS_1-interaction-shap	interaction	FASTKD2	1	FUS	1	75	0.0	false	0.0	FASTKD2-FUS
K562	FASTKD2_1-FXR1_1-interaction-shap	interaction	FASTKD2	1	FXR1	1	5	0.0	false	0.0	FASTKD2-FXR1
K562	FASTKD2_1-FXR2_1-interaction-shap	interaction	FASTKD2	1	FXR2	1	45	0.0	false	0.0	FASTKD2-FXR2
K562	FASTKD2_1-GPKOW_1-interaction-shap	interaction	FASTKD2	1	GPKOW	1	26	0.0	false	0.0	FASTKD2-GPKOW
K562	FASTKD2_1-GTF2F1_1-interaction-shap	interaction	FASTKD2	1	GTF2F1	1	209	0.0	false	0.0	FASTKD2-GTF2F1
K562	FASTKD2_1-HNRNPU_1-interaction-shap	interaction	FASTKD2	1	HNRNPU	1	2	0.0	false	0.0	FASTKD2-HNRNPU
K562	FASTKD2_1-IGF2BP1_1-interaction-shap	interaction	FASTKD2	1	IGF2BP1	1	8	0.0	false	0.0	FASTKD2-IGF2BP1
K562	FASTKD2_1-IGF2BP2_1-interaction-shap	interaction	FASTKD2	1	IGF2BP2	1	10	0.0	false	0.0	FASTKD2-IGF2BP2
K562	FASTKD2_1-ILF3_1-interaction-shap	interaction	FASTKD2	1	ILF3	1	1	0.0	false	0.0	FASTKD2-ILF3
K562	FASTKD2_1-LARP4_1-interaction-shap	interaction	FASTKD2	1	LARP4	1	35	0.0	false	0.0	FASTKD2-LARP4
K562	FASTKD2_1-LARP7_1-interaction-shap	interaction	FASTKD2	1	LARP7	1	2	0.0	false	0.0	FASTKD2-LARP7
K562	FASTKD2_1-MBNL1_1-interaction-shap	interaction	FASTKD2	1	MBNL1	1	1	0.0	false	0.0	FASTKD2-MBNL1
K562	FASTKD2_1-MTPAP_1-interaction-shap	interaction	FASTKD2	1	MTPAP	1	1	0.0	false	0.0	FASTKD2-MTPAP
K562	FASTKD2_1-NOLC1_1-interaction-shap	interaction	FASTKD2	1	NOLC1	1	1	0.0	false	0.0	FASTKD2-NOLC1
K562	FASTKD2_1-NONO_1-interaction-shap	interaction	FASTKD2	1	NONO	1	71	0.0	false	0.0	FASTKD2-NONO
K562	FASTKD2_1-PPIL4_1-interaction-shap	interaction	FASTKD2	1	PPIL4	1	1	0.0	false	0.0	FASTKD2-PPIL4
K562	FASTKD2_1-PRPF8_1-interaction-shap	interaction	FASTKD2	1	PRPF8	1	54	0.0	false	0.0	FASTKD2-PRPF8
K562	FASTKD2_1-PTBP1_1-interaction-shap	interaction	FASTKD2	1	PTBP1	1	20	0.0	false	0.0	FASTKD2-PTBP1
K562	FASTKD2_1-PUM2_1-interaction-shap	interaction	FASTKD2	1	PUM2	1	25	0.0	false	0.0	FASTKD2-PUM2
K562	FASTKD2_1-RBFOX2_1-interaction-shap	interaction	FASTKD2	1	RBFOX2	1	57	0.0	false	0.0	FASTKD2-RBFOX2
K562	FASTKD2_1-RBM15_1-interaction-shap	interaction	FASTKD2	1	RBM15	1	59	0.0	false	0.0	FASTKD2-RBM15
K562	FASTKD2_1-RBM22_1-interaction-shap	interaction	FASTKD2	1	RBM22	1	26	0.0	false	0.0	FASTKD2-RBM22
K562	FASTKD2_1-RPS11_1-interaction-shap	interaction	FASTKD2	1	RPS11	1	1	0.0	false	0.0	FASTKD2-RPS11
K562	FASTKD2_1-RPS3_1-interaction-shap	interaction	FASTKD2	1	RPS3	1	26	0.0	false	0.0	FASTKD2-RPS3
K562	FASTKD2_1-SF3B4_1-interaction-shap	interaction	FASTKD2	1	SF3B4	1	81	0.0	false	0.0	FASTKD2-SF3B4
K562	FASTKD2_1-SMNDC1_1-interaction-shap	interaction	FASTKD2	1	SMNDC1	1	56	0.0	false	0.0	FASTKD2-SMNDC1
K562	FASTKD2_1-SRSF9_1-interaction-shap	interaction	FASTKD2	1	SRSF9	1	1	0.0	false	0.0	FASTKD2-SRSF9
K562	FASTKD2_1-TAF15_1-interaction-shap	interaction	FASTKD2	1	TAF15	1	50	0.0	false	0.0	FASTKD2-TAF15
K562	FASTKD2_1-TARDBP_1-interaction-shap	interaction	FASTKD2	1	TARDBP	1	3	0.0	false	0.0	FASTKD2-TARDBP
K562	FASTKD2_1-TBRG4_1-interaction-shap	interaction	FASTKD2	1	TBRG4	1	48	0.0	false	0.0	FASTKD2-TBRG4
K562	FASTKD2_1-TIA1_1-interaction-shap	interaction	FASTKD2	1	TIA1	1	48	0.0	false	0.0	FASTKD2-TIA1
K562	FASTKD2_1-UCHL5_1-interaction-shap	interaction	FASTKD2	1	UCHL5	1	133	0.0	false	0.0	FASTKD2-UCHL5
K562	FASTKD2_1-UTP18_1-interaction-shap	interaction	FASTKD2	1	UTP18	1	1	0.0	false	0.0	FASTKD2-UTP18
K562	FASTKD2_1-XRCC6_1-interaction-shap	interaction	FASTKD2	1	XRCC6	1	23	0.0	false	0.0	FASTKD2-XRCC6
K562	FASTKD2_1-XRN2_1-interaction-shap	interaction	FASTKD2	1	XRN2	1	91	0.0	false	0.0	FASTKD2-XRN2
K562	FASTKD2_1-YWHAG_1-interaction-shap	interaction	FASTKD2	1	YWHAG	1	21	0.0	false	0.0	FASTKD2-YWHAG
K562	FASTKD2_1-ZC3H11A_1-interaction-shap	interaction	FASTKD2	1	ZC3H11A	1	4	0.0	false	0.0	FASTKD2-ZC3H11A
K562	FASTKD2_1-ZRANB2_1-interaction-shap	interaction	FASTKD2	1	ZRANB2	1	1	0.0	false	0.0	FASTKD2-ZRANB2
K562	FMR1_1-FUS_1-interaction-shap	interaction	FMR1	1	FUS	1	4	0.0	false	0.0	FMR1-FUS
K562	FMR1_1-GTF2F1_1-interaction-shap	interaction	FMR1	1	GTF2F1	1	60	0.0	false	0.0	FMR1-GTF2F1
K562	FMR1_1-LARP7_1-interaction-shap	interaction	FMR1	1	LARP7	1	1	0.0	false	0.0	FMR1-LARP7
K562	FMR1_1-MBNL1_1-interaction-shap	interaction	FMR1	1	MBNL1	1	2	0.0	false	0.0	FMR1-MBNL1
K562	FMR1_1-MTPAP_1-interaction-shap	interaction	FMR1	1	MTPAP	1	19	0.0	false	0.0	FMR1-MTPAP
K562	FMR1_1-RBM22_1-interaction-shap	interaction	FMR1	1	RBM22	1	11	0.0	false	0.0	FMR1-RBM22
K562	FMR1_1-RPS11_1-interaction-shap	interaction	FMR1	1	RPS11	1	1	0.0	false	0.0	FMR1-RPS11
K562	FMR1_1-SERBP1_1-interaction-shap	interaction	FMR1	1	SERBP1	1	6	0.0	false	0.0	FMR1-SERBP1
K562	FMR1_1-TAF15_1-interaction-shap	interaction	FMR1	1	TAF15	1	5	0.0	false	0.0	FMR1-TAF15
K562	FMR1_1-TBRG4_1-interaction-shap	interaction	FMR1	1	TBRG4	1	19	0.0	false	0.0	FMR1-TBRG4
K562	FMR1_1-UTP18_1-interaction-shap	interaction	FMR1	1	UTP18	1	4	0.0	false	0.0	FMR1-UTP18
K562	FMR1_1-XRCC6_1-interaction-shap	interaction	FMR1	1	XRCC6	1	28	0.0	false	0.0	FMR1-XRCC6
K562	FMR1_1-XRN2_1-interaction-shap	interaction	FMR1	1	XRN2	1	31	0.0	false	0.0	FMR1-XRN2
K562	FMR1_1-YWHAG_1-interaction-shap	interaction	FMR1	1	YWHAG	1	42	0.0	false	0.0	FMR1-YWHAG
K562	FMR1_1-ZC3H11A_1-interaction-shap	interaction	FMR1	1	ZC3H11A	1	6	0.0	false	0.0	FMR1-ZC3H11A
K562	FTO_1-GPKOW_1-interaction-shap	interaction	FTO	1	GPKOW	1	6	0.0	false	0.0	FTO-GPKOW
K562	FTO_1-HNRNPL_1-interaction-shap	interaction	FTO	1	HNRNPL	1	5	0.0	false	0.0	FTO-HNRNPL
K562	FTO_1-IGF2BP1_1-interaction-shap	interaction	FTO	1	IGF2BP1	1	11	0.0	false	0.0	FTO-IGF2BP1
K562	FTO_1-LARP7_1-interaction-shap	interaction	FTO	1	LARP7	1	6	0.0	false	0.0	FTO-LARP7
K562	FTO_1-PTBP1_1-interaction-shap	interaction	FTO	1	PTBP1	1	1	0.0	false	0.0	FTO-PTBP1
K562	FTO_1-RPS3_1-interaction-shap	interaction	FTO	1	RPS3	1	37	0.0	false	0.0	FTO-RPS3
K562	FTO_1-RPS6_1-interaction-shap	interaction	FTO	1	RPS6	1	11	0.0	false	0.0	FTO-RPS6
K562	FTO_1-TAF15_1-interaction-shap	interaction	FTO	1	TAF15	1	50	0.0	false	0.0	FTO-TAF15
K562	FTO_1-TIA1_1-interaction-shap	interaction	FTO	1	TIA1	1	7	0.0	false	0.0	FTO-TIA1
K562	FUS_1-FXR1_1-interaction-shap	interaction	FUS	1	FXR1	1	2	0.0	false	0.0	FUS-FXR1
K562	FUS_1-FXR2_1-interaction-shap	interaction	FUS	1	FXR2	1	11	0.0	false	0.0	FUS-FXR2
K562	FUS_1-GRWD1_1-interaction-shap	interaction	FUS	1	GRWD1	1	26	0.0	false	0.0	FUS-GRWD1
K562	FUS_1-GTF2F1_1-interaction-shap	interaction	FUS	1	GTF2F1	1	181	0.0	false	0.0	FUS-GTF2F1
K562	FUS_1-HNRNPK_1-interaction-shap	interaction	FUS	1	HNRNPK	1	3	0.0	false	0.0	FUS-HNRNPK
K562	ADAT1_1-EIF4G2_1-interaction-shap	interaction	ADAT1	1	EIF4G2	1	3	0.0	false	0.0	ADAT1-EIF4G2
K562	ADAT1_1-PRPF8_1-interaction-shap	interaction	ADAT1	1	PRPF8	1	5	0.0	false	0.0	ADAT1-PRPF8
K562	ADAT1_1-LARP7_1-interaction-shap	interaction	ADAT1	1	LARP7	1	1	0.0	false	0.0	ADAT1-LARP7
K562	ADAT1_1-IGF2BP2_1-interaction-shap	interaction	ADAT1	1	IGF2BP2	1	5	0.0	false	0.0	ADAT1-IGF2BP2
K562	FUS_1-LARP4_1-interaction-shap	interaction	FUS	1	LARP4	1	26	0.0	false	0.0	FUS-LARP4
K562	FUS_1-LARP7_1-interaction-shap	interaction	FUS	1	LARP7	1	2	0.0	false	0.0	FUS-LARP7
K562	FUS_1-MBNL1_1-interaction-shap	interaction	FUS	1	MBNL1	1	1	0.0	false	0.0	FUS-MBNL1
K562	FUS_1-METAP2_1-interaction-shap	interaction	FUS	1	METAP2	1	16	0.0	false	0.0	FUS-METAP2
K562	FUS_1-MORC2_1-interaction-shap	interaction	FUS	1	MORC2	1	8	0.0	false	0.0	FUS-MORC2
K562	FUS_1-MTPAP_1-interaction-shap	interaction	FUS	1	MTPAP	1	37	0.0	false	0.0	FUS-MTPAP
K562	FUS_1-NOLC1_1-interaction-shap	interaction	FUS	1	NOLC1	1	21	0.0	false	0.0	FUS-NOLC1
K562	ADAT1_1-FUS_1-interaction-shap	interaction	ADAT1	1	FUS	1	12	0.0	false	0.0	ADAT1-FUS
K562	FUS_1-PPIL4_1-interaction-shap	interaction	FUS	1	PPIL4	1	6	0.0	false	0.0	FUS-PPIL4
K562	FUS_1-PUM1_1-interaction-shap	interaction	FUS	1	PUM1	1	1	0.0	false	0.0	FUS-PUM1
K562	FUS_1-PUM2_1-interaction-shap	interaction	FUS	1	PUM2	1	25	0.0	false	0.0	FUS-PUM2
K562	FUS_1-RBFOX2_1-interaction-shap	interaction	FUS	1	RBFOX2	1	89	0.0	false	0.0	FUS-RBFOX2
K562	FUS_1-RBM22_1-interaction-shap	interaction	FUS	1	RBM22	1	26	0.0	false	0.0	FUS-RBM22
K562	FUS_1-RPS10_1-interaction-shap	interaction	FUS	1	RPS10	1	5	0.0	false	0.0	FUS-RPS10
K562	FUS_1-RPS11_1-interaction-shap	interaction	FUS	1	RPS11	1	1	0.0	false	0.0	FUS-RPS11
K562	FUS_1-SLTM_1-interaction-shap	interaction	FUS	1	SLTM	1	107	0.0	false	0.0	FUS-SLTM
K562	FUS_1-SMNDC1_1-interaction-shap	interaction	FUS	1	SMNDC1	1	167	0.0	false	0.0	FUS-SMNDC1
K562	FUS_1-SND1_1-interaction-shap	interaction	FUS	1	SND1	1	77	0.0	false	0.0	FUS-SND1
K562	FUS_1-SRSF1_1-interaction-shap	interaction	FUS	1	SRSF1	1	5	0.0	false	0.0	FUS-SRSF1
K562	FUS_1-SRSF7_1-interaction-shap	interaction	FUS	1	SRSF7	1	4	0.0	false	0.0	FUS-SRSF7
K562	FUS_1-SRSF9_1-interaction-shap	interaction	FUS	1	SRSF9	1	1	0.0	false	0.0	FUS-SRSF9
K562	FUS_1-TARDBP_1-interaction-shap	interaction	FUS	1	TARDBP	1	97	0.0	false	0.0	FUS-TARDBP
K562	FUS_1-TBRG4_1-interaction-shap	interaction	FUS	1	TBRG4	1	94	0.0	false	0.0	FUS-TBRG4
K562	FUS_1-U2AF1_1-interaction-shap	interaction	FUS	1	U2AF1	1	1	0.0	false	0.0	FUS-U2AF1
K562	ADAT1_1-EXOSC10_1-interaction-shap	interaction	ADAT1	1	EXOSC10	1	9	0.0	false	0.0	ADAT1-EXOSC10
K562	FUS_1-UTP18_1-interaction-shap	interaction	FUS	1	UTP18	1	1	0.0	false	0.0	FUS-UTP18
K562	FUS_1-WDR43_1-interaction-shap	interaction	FUS	1	WDR43	1	27	0.0	false	0.0	FUS-WDR43
K562	FUS_1-XRCC6_1-interaction-shap	interaction	FUS	1	XRCC6	1	31	0.0	false	0.0	FUS-XRCC6
K562	FUS_1-YBX3_1-interaction-shap	interaction	FUS	1	YBX3	1	22	0.0	false	0.0	FUS-YBX3
K562	FUS_1-YWHAG_1-interaction-shap	interaction	FUS	1	YWHAG	1	19	0.0	false	0.0	FUS-YWHAG
K562	FUS_1-ZC3H8_1-interaction-shap	interaction	FUS	1	ZC3H8	1	7	0.0	false	0.0	FUS-ZC3H8
K562	FUS_1-ZNF800_1-interaction-shap	interaction	FUS	1	ZNF800	1	3	0.0	false	0.0	FUS-ZNF800
K562	ADAT1_1-EWSR1_1-interaction-shap	interaction	ADAT1	1	EWSR1	1	18	0.0	false	0.0	ADAT1-EWSR1
K562	FXR1_1-GTF2F1_1-interaction-shap	interaction	FXR1	1	GTF2F1	1	6	0.0	false	0.0	FXR1-GTF2F1
K562	FXR1_1-LARP7_1-interaction-shap	interaction	FXR1	1	LARP7	1	1	0.0	false	0.0	FXR1-LARP7
K562	FXR1_1-MBNL1_1-interaction-shap	interaction	FXR1	1	MBNL1	1	70	0.0	false	0.0	FXR1-MBNL1
K562	FXR1_1-MTPAP_1-interaction-shap	interaction	FXR1	1	MTPAP	1	2	0.0	false	0.0	FXR1-MTPAP
K562	FXR1_1-NONO_1-interaction-shap	interaction	FXR1	1	NONO	1	3	0.0	false	0.0	FXR1-NONO
K562	FXR1_1-PCBP1_1-interaction-shap	interaction	FXR1	1	PCBP1	1	18	0.0	false	0.0	FXR1-PCBP1
K562	FXR1_1-PTBP1_1-interaction-shap	interaction	FXR1	1	PTBP1	1	10	0.0	false	0.0	FXR1-PTBP1
K562	FXR1_1-RPS11_1-interaction-shap	interaction	FXR1	1	RPS11	1	1	0.0	false	0.0	FXR1-RPS11
K562	FXR1_1-SMNDC1_1-interaction-shap	interaction	FXR1	1	SMNDC1	1	41	0.0	false	0.0	FXR1-SMNDC1
K562	FXR1_1-SRSF9_1-interaction-shap	interaction	FXR1	1	SRSF9	1	59	0.0	false	0.0	FXR1-SRSF9
K562	FXR1_1-TBRG4_1-interaction-shap	interaction	FXR1	1	TBRG4	1	8	0.0	false	0.0	FXR1-TBRG4
K562	FXR1_1-U2AF2_1-interaction-shap	interaction	FXR1	1	U2AF2	1	52	0.0	false	0.0	FXR1-U2AF2
K562	FXR1_1-XRCC6_1-interaction-shap	interaction	FXR1	1	XRCC6	1	23	0.0	false	0.0	FXR1-XRCC6
K562	FXR1_1-XRN2_1-interaction-shap	interaction	FXR1	1	XRN2	1	1	0.0	false	0.0	FXR1-XRN2
K562	FXR1_1-ZC3H11A_1-interaction-shap	interaction	FXR1	1	ZC3H11A	1	6	0.0	false	0.0	FXR1-ZC3H11A
K562	FXR1_1-ZC3H8_1-interaction-shap	interaction	FXR1	1	ZC3H8	1	1	0.0	false	0.0	FXR1-ZC3H8
K562	FXR1_1-ZRANB2_1-interaction-shap	interaction	FXR1	1	ZRANB2	1	1	0.0	false	0.0	FXR1-ZRANB2
K562	FXR2_1-ILF3_1-interaction-shap	interaction	FXR2	1	ILF3	1	1	0.0	false	0.0	FXR2-ILF3
K562	FXR2_1-LARP7_1-interaction-shap	interaction	FXR2	1	LARP7	1	2	0.0	false	0.0	FXR2-LARP7
K562	FXR2_1-NOLC1_1-interaction-shap	interaction	FXR2	1	NOLC1	1	18	0.0	false	0.0	FXR2-NOLC1
K562	FXR2_1-NONO_1-interaction-shap	interaction	FXR2	1	NONO	1	118	0.0	false	0.0	FXR2-NONO
K562	FXR2_1-PPIL4_1-interaction-shap	interaction	FXR2	1	PPIL4	1	1	0.0	false	0.0	FXR2-PPIL4
K562	FXR2_1-RPS10_1-interaction-shap	interaction	FXR2	1	RPS10	1	4	0.0	false	0.0	FXR2-RPS10
K562	FXR2_1-RPS11_1-interaction-shap	interaction	FXR2	1	RPS11	1	1	0.0	false	0.0	FXR2-RPS11
K562	FXR2_1-SRSF7_1-interaction-shap	interaction	FXR2	1	SRSF7	1	35	0.0	false	0.0	FXR2-SRSF7
K562	FXR2_1-TAF15_1-interaction-shap	interaction	FXR2	1	TAF15	1	6	0.0	false	0.0	FXR2-TAF15
K562	FXR2_1-TARDBP_1-interaction-shap	interaction	FXR2	1	TARDBP	1	19	0.0	false	0.0	FXR2-TARDBP
K562	FXR2_1-TBRG4_1-interaction-shap	interaction	FXR2	1	TBRG4	1	21	0.0	false	0.0	FXR2-TBRG4
K562	FXR2_1-TRA2A_1-interaction-shap	interaction	FXR2	1	TRA2A	1	50	0.0	false	0.0	FXR2-TRA2A
K562	FXR2_1-U2AF1_1-interaction-shap	interaction	FXR2	1	U2AF1	1	9	0.0	false	0.0	FXR2-U2AF1
K562	FXR2_1-UTP18_1-interaction-shap	interaction	FXR2	1	UTP18	1	1	0.0	false	0.0	FXR2-UTP18
K562	FXR2_1-XRN2_1-interaction-shap	interaction	FXR2	1	XRN2	1	58	0.0	false	0.0	FXR2-XRN2
K562	FXR2_1-YWHAG_1-interaction-shap	interaction	FXR2	1	YWHAG	1	57	0.0	false	0.0	FXR2-YWHAG
K562	FXR2_1-ZRANB2_1-interaction-shap	interaction	FXR2	1	ZRANB2	1	2	0.0	false	0.0	FXR2-ZRANB2
K562	GARS_1-PTBP1_1-interaction-shap	interaction	GARS	1	PTBP1	1	9	0.0	false	0.0	GARS-PTBP1
K562	GARS_1-PUM2_1-interaction-shap	interaction	GARS	1	PUM2	1	18	0.0	false	0.0	GARS-PUM2
K562	GARS_1-RPS3_1-interaction-shap	interaction	GARS	1	RPS3	1	16	0.0	false	0.0	GARS-RPS3
K562	GARS_1-RPS6_1-interaction-shap	interaction	GARS	1	RPS6	1	9	0.0	false	0.0	GARS-RPS6
K562	GARS_1-SF3B4_1-interaction-shap	interaction	GARS	1	SF3B4	1	9	0.0	false	0.0	GARS-SF3B4
K562	GARS_1-SRSF1_1-interaction-shap	interaction	GARS	1	SRSF1	1	13	0.0	false	0.0	GARS-SRSF1
K562	GEMIN5_1-GPKOW_1-interaction-shap	interaction	GEMIN5	1	GPKOW	1	47	0.0	false	0.0	GEMIN5-GPKOW
K562	GEMIN5_1-HNRNPL_1-interaction-shap	interaction	GEMIN5	1	HNRNPL	1	57	0.0	false	0.0	GEMIN5-HNRNPL
K562	GEMIN5_1-IGF2BP2_1-interaction-shap	interaction	GEMIN5	1	IGF2BP2	1	182	0.0	false	0.0	GEMIN5-IGF2BP2
K562	GEMIN5_1-LARP7_1-interaction-shap	interaction	GEMIN5	1	LARP7	1	16	0.0	false	0.0	GEMIN5-LARP7
K562	GEMIN5_1-LIN28B_1-interaction-shap	interaction	GEMIN5	1	LIN28B	1	122	0.0	false	0.0	GEMIN5-LIN28B
K562	GEMIN5_1-PTBP1_1-interaction-shap	interaction	GEMIN5	1	PTBP1	1	39	0.0	false	0.0	GEMIN5-PTBP1
K562	GEMIN5_1-RBFOX2_1-interaction-shap	interaction	GEMIN5	1	RBFOX2	1	109	0.0	false	0.0	GEMIN5-RBFOX2
K562	GEMIN5_1-TAF15_1-interaction-shap	interaction	GEMIN5	1	TAF15	1	4	0.0	false	0.0	GEMIN5-TAF15
K562	GEMIN5_1-U2AF2_1-interaction-shap	interaction	GEMIN5	1	U2AF2	1	2	0.0	false	0.0	GEMIN5-U2AF2
K562	GPKOW_1-GTF2F1_1-interaction-shap	interaction	GPKOW	1	GTF2F1	1	31	0.0	false	0.0	GPKOW-GTF2F1
K562	GPKOW_1-LARP4_1-interaction-shap	interaction	GPKOW	1	LARP4	1	26	0.0	false	0.0	GPKOW-LARP4
K562	GPKOW_1-LSM11_1-interaction-shap	interaction	GPKOW	1	LSM11	1	18	0.0	false	0.0	GPKOW-LSM11
K562	GPKOW_1-NCBP2_1-interaction-shap	interaction	GPKOW	1	NCBP2	1	8	0.0	false	0.0	GPKOW-NCBP2
K562	GPKOW_1-NIPBL_1-interaction-shap	interaction	GPKOW	1	NIPBL	1	135	0.0	false	0.0	GPKOW-NIPBL
K562	GPKOW_1-PCBP1_1-interaction-shap	interaction	GPKOW	1	PCBP1	1	2	0.0	false	0.0	GPKOW-PCBP1
K562	GPKOW_1-PPIL4_1-interaction-shap	interaction	GPKOW	1	PPIL4	1	7	0.0	false	0.0	GPKOW-PPIL4
K562	GPKOW_1-SF3B1_1-interaction-shap	interaction	GPKOW	1	SF3B1	1	5	0.0	false	0.0	GPKOW-SF3B1
K562	GPKOW_1-SRSF7_1-interaction-shap	interaction	GPKOW	1	SRSF7	1	48	0.0	false	0.0	GPKOW-SRSF7
K562	GPKOW_1-TARDBP_1-interaction-shap	interaction	GPKOW	1	TARDBP	1	1	0.0	false	0.0	GPKOW-TARDBP
K562	GPKOW_1-WDR43_1-interaction-shap	interaction	GPKOW	1	WDR43	1	30	0.0	false	0.0	GPKOW-WDR43
K562	GPKOW_1-WRN_1-interaction-shap	interaction	GPKOW	1	WRN	1	38	0.0	false	0.0	GPKOW-WRN
K562	GPKOW_1-ZC3H8_1-interaction-shap	interaction	GPKOW	1	ZC3H8	1	111	0.0	false	0.0	GPKOW-ZC3H8
K562	GPKOW_1-ZRANB2_1-interaction-shap	interaction	GPKOW	1	ZRANB2	1	122	0.0	false	0.0	GPKOW-ZRANB2
K562	GRWD1_1-RPS6_1-interaction-shap	interaction	GRWD1	1	RPS6	1	63	0.0	false	0.0	GRWD1-RPS6
K562	GRWD1_1-TAF15_1-interaction-shap	interaction	GRWD1	1	TAF15	1	3	0.0	false	0.0	GRWD1-TAF15
K562	GTF2F1_1-HNRNPK_1-interaction-shap	interaction	GTF2F1	1	HNRNPK	1	11	0.0	false	0.0	GTF2F1-HNRNPK
K562	GTF2F1_1-HNRNPU_1-interaction-shap	interaction	GTF2F1	1	HNRNPU	1	2	0.0	false	0.0	GTF2F1-HNRNPU
K562	GTF2F1_1-IGF2BP1_1-interaction-shap	interaction	GTF2F1	1	IGF2BP1	1	18	0.0	false	0.0	GTF2F1-IGF2BP1
K562	GTF2F1_1-IGF2BP2_1-interaction-shap	interaction	GTF2F1	1	IGF2BP2	1	82	0.0	false	0.0	GTF2F1-IGF2BP2
K562	GTF2F1_1-ILF3_1-interaction-shap	interaction	GTF2F1	1	ILF3	1	13	0.0	false	0.0	GTF2F1-ILF3
K562	GTF2F1_1-LARP4_1-interaction-shap	interaction	GTF2F1	1	LARP4	1	35	0.0	false	0.0	GTF2F1-LARP4
K562	GTF2F1_1-LARP7_1-interaction-shap	interaction	GTF2F1	1	LARP7	1	2	0.0	false	0.0	GTF2F1-LARP7
K562	GTF2F1_1-MBNL1_1-interaction-shap	interaction	GTF2F1	1	MBNL1	1	1	0.0	false	0.0	GTF2F1-MBNL1
K562	GTF2F1_1-MTPAP_1-interaction-shap	interaction	GTF2F1	1	MTPAP	1	15	0.0	false	0.0	GTF2F1-MTPAP
K562	ADAT1_1-DDX3X_1-interaction-shap	interaction	ADAT1	1	DDX3X	1	9	0.0	false	0.0	ADAT1-DDX3X
K562	GTF2F1_1-PPIL4_1-interaction-shap	interaction	GTF2F1	1	PPIL4	1	1	0.0	false	0.0	GTF2F1-PPIL4
K562	GTF2F1_1-PTBP1_1-interaction-shap	interaction	GTF2F1	1	PTBP1	1	19	0.0	false	0.0	GTF2F1-PTBP1
K562	GTF2F1_1-PUM2_1-interaction-shap	interaction	GTF2F1	1	PUM2	1	40	0.0	false	0.0	GTF2F1-PUM2
K562	GTF2F1_1-RBFOX2_1-interaction-shap	interaction	GTF2F1	1	RBFOX2	1	231	0.0	false	0.0	GTF2F1-RBFOX2
K562	GTF2F1_1-RBM22_1-interaction-shap	interaction	GTF2F1	1	RBM22	1	26	0.0	false	0.0	GTF2F1-RBM22
K562	GTF2F1_1-RPS11_1-interaction-shap	interaction	GTF2F1	1	RPS11	1	1	0.0	false	0.0	GTF2F1-RPS11
K562	GTF2F1_1-RPS3_1-interaction-shap	interaction	GTF2F1	1	RPS3	1	100	0.0	false	0.0	GTF2F1-RPS3
K562	GTF2F1_1-SMNDC1_1-interaction-shap	interaction	GTF2F1	1	SMNDC1	1	165	0.0	false	0.0	GTF2F1-SMNDC1
K562	GTF2F1_1-SRSF9_1-interaction-shap	interaction	GTF2F1	1	SRSF9	1	18	0.0	false	0.0	GTF2F1-SRSF9
K562	GTF2F1_1-TARDBP_1-interaction-shap	interaction	GTF2F1	1	TARDBP	1	8	0.0	false	0.0	GTF2F1-TARDBP
K562	GTF2F1_1-TBRG4_1-interaction-shap	interaction	GTF2F1	1	TBRG4	1	48	0.0	false	0.0	GTF2F1-TBRG4
K562	GTF2F1_1-TIA1_1-interaction-shap	interaction	GTF2F1	1	TIA1	1	52	0.0	false	0.0	GTF2F1-TIA1
K562	GTF2F1_1-U2AF1_1-interaction-shap	interaction	GTF2F1	1	U2AF1	1	2	0.0	false	0.0	GTF2F1-U2AF1
K562	GTF2F1_1-U2AF2_1-interaction-shap	interaction	GTF2F1	1	U2AF2	1	6	0.0	false	0.0	GTF2F1-U2AF2
K562	GTF2F1_1-UTP18_1-interaction-shap	interaction	GTF2F1	1	UTP18	1	1	0.0	false	0.0	GTF2F1-UTP18
K562	GTF2F1_1-XRCC6_1-interaction-shap	interaction	GTF2F1	1	XRCC6	1	38	0.0	false	0.0	GTF2F1-XRCC6
K562	GTF2F1_1-XRN2_1-interaction-shap	interaction	GTF2F1	1	XRN2	1	140	0.0	false	0.0	GTF2F1-XRN2
K562	GTF2F1_1-YWHAG_1-interaction-shap	interaction	GTF2F1	1	YWHAG	1	20	0.0	false	0.0	GTF2F1-YWHAG
K562	GTF2F1_1-ZRANB2_1-interaction-shap	interaction	GTF2F1	1	ZRANB2	1	69	0.0	false	0.0	GTF2F1-ZRANB2
K562	HLTF_1-LARP7_1-interaction-shap	interaction	HLTF	1	LARP7	1	4	0.0	false	0.0	HLTF-LARP7
K562	HLTF_1-RPS3_1-interaction-shap	interaction	HLTF	1	RPS3	1	9	0.0	false	0.0	HLTF-RPS3
K562	HNRNPA1_1-LIN28B_1-interaction-shap	interaction	HNRNPA1	1	LIN28B	1	1	0.0	false	0.0	HNRNPA1-LIN28B
K562	HNRNPA1_1-RBFOX2_1-interaction-shap	interaction	HNRNPA1	1	RBFOX2	1	2	0.0	false	0.0	HNRNPA1-RBFOX2
K562	HNRNPA1_1-SRSF1_1-interaction-shap	interaction	HNRNPA1	1	SRSF1	1	3	0.0	false	0.0	HNRNPA1-SRSF1
K562	HNRNPA1_1-UCHL5_1-interaction-shap	interaction	HNRNPA1	1	UCHL5	1	5	0.0	false	0.0	HNRNPA1-UCHL5
K562	HNRNPC_1-LARP4_1-interaction-shap	interaction	HNRNPC	1	LARP4	1	15	0.0	false	0.0	HNRNPC-LARP4
K562	HNRNPC_1-NOLC1_1-interaction-shap	interaction	HNRNPC	1	NOLC1	1	5	0.0	false	0.0	HNRNPC-NOLC1
K562	HNRNPC_1-PABPC4_1-interaction-shap	interaction	HNRNPC	1	PABPC4	1	5	0.0	false	0.0	HNRNPC-PABPC4
K562	ADAT1_1-EIF4E_1-interaction-shap	interaction	ADAT1	1	EIF4E	1	8	0.0	false	0.0	ADAT1-EIF4E
K562	HNRNPC_1-U2AF1_1-interaction-shap	interaction	HNRNPC	1	U2AF1	1	17	0.0	false	0.0	HNRNPC-U2AF1
K562	HNRNPC_1-U2AF2_1-interaction-shap	interaction	HNRNPC	1	U2AF2	1	10	0.0	false	0.0	HNRNPC-U2AF2
K562	HNRNPC_1-WRN_1-interaction-shap	interaction	HNRNPC	1	WRN	1	5	0.0	false	0.0	HNRNPC-WRN
K562	HNRNPK_1-HNRNPL_1-interaction-shap	interaction	HNRNPK	1	HNRNPL	1	1	0.0	false	0.0	HNRNPK-HNRNPL
K562	HNRNPK_1-RBFOX2_1-interaction-shap	interaction	HNRNPK	1	RBFOX2	1	13	0.0	false	0.0	HNRNPK-RBFOX2
K562	HNRNPK_1-SERBP1_1-interaction-shap	interaction	HNRNPK	1	SERBP1	1	8	0.0	false	0.0	HNRNPK-SERBP1
K562	HNRNPK_1-SMNDC1_1-interaction-shap	interaction	HNRNPK	1	SMNDC1	1	24	0.0	false	0.0	HNRNPK-SMNDC1
K562	HNRNPK_1-SRSF1_1-interaction-shap	interaction	HNRNPK	1	SRSF1	1	2	0.0	false	0.0	HNRNPK-SRSF1
K562	HNRNPK_1-TIA1_1-interaction-shap	interaction	HNRNPK	1	TIA1	1	3	0.0	false	0.0	HNRNPK-TIA1
K562	HNRNPK_1-TRA2A_1-interaction-shap	interaction	HNRNPK	1	TRA2A	1	7	0.0	false	0.0	HNRNPK-TRA2A
K562	HNRNPK_1-UTP18_1-interaction-shap	interaction	HNRNPK	1	UTP18	1	1	0.0	false	0.0	HNRNPK-UTP18
K562	HNRNPL_1-NOLC1_1-interaction-shap	interaction	HNRNPL	1	NOLC1	1	2	0.0	false	0.0	HNRNPL-NOLC1
K562	HNRNPL_1-PHF6_1-interaction-shap	interaction	HNRNPL	1	PHF6	1	5	0.0	false	0.0	HNRNPL-PHF6
K562	HNRNPL_1-SMNDC1_1-interaction-shap	interaction	HNRNPL	1	SMNDC1	1	57	0.0	false	0.0	HNRNPL-SMNDC1
K562	HNRNPL_1-TBRG4_1-interaction-shap	interaction	HNRNPL	1	TBRG4	1	57	0.0	false	0.0	HNRNPL-TBRG4
K562	HNRNPL_1-TRA2A_1-interaction-shap	interaction	HNRNPL	1	TRA2A	1	2	0.0	false	0.0	HNRNPL-TRA2A
K562	HNRNPM_1-SF3B4_1-interaction-shap	interaction	HNRNPM	1	SF3B4	1	74	0.0	false	0.0	HNRNPM-SF3B4
K562	HNRNPM_1-TAF15_1-interaction-shap	interaction	HNRNPM	1	TAF15	1	5	0.0	false	0.0	HNRNPM-TAF15
K562	HNRNPM_1-U2AF2_1-interaction-shap	interaction	HNRNPM	1	U2AF2	1	2	0.0	false	0.0	HNRNPM-U2AF2
K562	HNRNPU_1-TAF15_1-interaction-shap	interaction	HNRNPU	1	TAF15	1	2	0.0	false	0.0	HNRNPU-TAF15
K562	HNRNPU_1-XRN2_1-interaction-shap	interaction	HNRNPU	1	XRN2	1	2	0.0	false	0.0	HNRNPU-XRN2
K562	HNRNPUL1_1-LARP7_1-interaction-shap	interaction	HNRNPUL1	1	LARP7	1	7	0.0	false	0.0	HNRNPUL1-LARP7
K562	HNRNPUL1_1-RBFOX2_1-interaction-shap	interaction	HNRNPUL1	1	RBFOX2	1	2	0.0	false	0.0	HNRNPUL1-RBFOX2
K562	ADAT1_1-DGCR8_1-interaction-shap	interaction	ADAT1	1	DGCR8	1	1	0.0	false	0.0	ADAT1-DGCR8
K562	HNRNPUL1_1-TAF15_1-interaction-shap	interaction	HNRNPUL1	1	TAF15	1	2	0.0	false	0.0	HNRNPUL1-TAF15
K562	HNRNPUL1_1-TIA1_1-interaction-shap	interaction	HNRNPUL1	1	TIA1	1	6	0.0	false	0.0	HNRNPUL1-TIA1
K562	IGF2BP1_1-MORC2_1-interaction-shap	interaction	IGF2BP1	1	MORC2	1	1	0.0	false	0.0	IGF2BP1-MORC2
K562	IGF2BP1_1-NOLC1_1-interaction-shap	interaction	IGF2BP1	1	NOLC1	1	28	0.0	false	0.0	IGF2BP1-NOLC1
K562	IGF2BP1_1-NONO_1-interaction-shap	interaction	IGF2BP1	1	NONO	1	2	0.0	false	0.0	IGF2BP1-NONO
K562	IGF2BP1_1-NPM1_1-interaction-shap	interaction	IGF2BP1	1	NPM1	1	18	0.0	false	0.0	IGF2BP1-NPM1
K562	IGF2BP1_1-PHF6_1-interaction-shap	interaction	IGF2BP1	1	PHF6	1	1	0.0	false	0.0	IGF2BP1-PHF6
K562	IGF2BP1_1-SMNDC1_1-interaction-shap	interaction	IGF2BP1	1	SMNDC1	1	9	0.0	false	0.0	IGF2BP1-SMNDC1
K562	ABCF1_1-SF3B4_1-interaction-shap	interaction	ABCF1	1	SF3B4	1	15	0.0	false	0.0	ABCF1-SF3B4
K562	IGF2BP1_1-TBRG4_1-interaction-shap	interaction	IGF2BP1	1	TBRG4	1	4	0.0	false	0.0	IGF2BP1-TBRG4
K562	IGF2BP1_1-WRN_1-interaction-shap	interaction	IGF2BP1	1	WRN	1	2	0.0	false	0.0	IGF2BP1-WRN
K562	IGF2BP2_1-ILF3_1-interaction-shap	interaction	IGF2BP2	1	ILF3	1	3	0.0	false	0.0	IGF2BP2-ILF3
K562	IGF2BP2_1-LARP4_1-interaction-shap	interaction	IGF2BP2	1	LARP4	1	7	0.0	false	0.0	IGF2BP2-LARP4
K562	IGF2BP2_1-LARP7_1-interaction-shap	interaction	IGF2BP2	1	LARP7	1	1	0.0	false	0.0	IGF2BP2-LARP7
K562	IGF2BP2_1-LSM11_1-interaction-shap	interaction	IGF2BP2	1	LSM11	1	67	0.0	false	0.0	IGF2BP2-LSM11
K562	IGF2BP2_1-MORC2_1-interaction-shap	interaction	IGF2BP2	1	MORC2	1	28	0.0	false	0.0	IGF2BP2-MORC2
K562	IGF2BP2_1-MTPAP_1-interaction-shap	interaction	IGF2BP2	1	MTPAP	1	7	0.0	false	0.0	IGF2BP2-MTPAP
K562	IGF2BP2_1-NOLC1_1-interaction-shap	interaction	IGF2BP2	1	NOLC1	1	9	0.0	false	0.0	IGF2BP2-NOLC1
K562	IGF2BP2_1-PHF6_1-interaction-shap	interaction	IGF2BP2	1	PHF6	1	29	0.0	false	0.0	IGF2BP2-PHF6
K562	IGF2BP2_1-PPIL4_1-interaction-shap	interaction	IGF2BP2	1	PPIL4	1	1	0.0	false	0.0	IGF2BP2-PPIL4
K562	ADAT1_1-CSTF2T_1-interaction-shap	interaction	ADAT1	1	CSTF2T	1	17	0.0	false	0.0	ADAT1-CSTF2T
K562	IGF2BP2_1-PUM1_1-interaction-shap	interaction	IGF2BP2	1	PUM1	1	86	0.0	false	0.0	IGF2BP2-PUM1
K562	ADAT1_1-BUD13_1-interaction-shap	interaction	ADAT1	1	BUD13	1	2	0.0	false	0.0	ADAT1-BUD13
K562	IGF2BP2_1-RBM22_1-interaction-shap	interaction	IGF2BP2	1	RBM22	1	7	0.0	false	0.0	IGF2BP2-RBM22
K562	IGF2BP2_1-SDAD1_1-interaction-shap	interaction	IGF2BP2	1	SDAD1	1	2	0.0	false	0.0	IGF2BP2-SDAD1
K562	IGF2BP2_1-SERBP1_1-interaction-shap	interaction	IGF2BP2	1	SERBP1	1	64	0.0	false	0.0	IGF2BP2-SERBP1
K562	IGF2BP2_1-SLTM_1-interaction-shap	interaction	IGF2BP2	1	SLTM	1	69	0.0	false	0.0	IGF2BP2-SLTM
K562	IGF2BP2_1-SRSF9_1-interaction-shap	interaction	IGF2BP2	1	SRSF9	1	15	0.0	false	0.0	IGF2BP2-SRSF9
K562	IGF2BP2_1-TAF15_1-interaction-shap	interaction	IGF2BP2	1	TAF15	1	4	0.0	false	0.0	IGF2BP2-TAF15
K562	IGF2BP2_1-TBRG4_1-interaction-shap	interaction	IGF2BP2	1	TBRG4	1	4	0.0	false	0.0	IGF2BP2-TBRG4
K562	IGF2BP2_1-TRA2A_1-interaction-shap	interaction	IGF2BP2	1	TRA2A	1	19	0.0	false	0.0	IGF2BP2-TRA2A
K562	IGF2BP2_1-UPF1_1-interaction-shap	interaction	IGF2BP2	1	UPF1	1	4	0.0	false	0.0	IGF2BP2-UPF1
K562	IGF2BP2_1-UTP18_1-interaction-shap	interaction	IGF2BP2	1	UTP18	1	1	0.0	false	0.0	IGF2BP2-UTP18
K562	IGF2BP2_1-WDR43_1-interaction-shap	interaction	IGF2BP2	1	WDR43	1	1	0.0	false	0.0	IGF2BP2-WDR43
K562	IGF2BP2_1-WRN_1-interaction-shap	interaction	IGF2BP2	1	WRN	1	2	0.0	false	0.0	IGF2BP2-WRN
K562	IGF2BP2_1-XRCC6_1-interaction-shap	interaction	IGF2BP2	1	XRCC6	1	30	0.0	false	0.0	IGF2BP2-XRCC6
K562	IGF2BP2_1-XRN2_1-interaction-shap	interaction	IGF2BP2	1	XRN2	1	31	0.0	false	0.0	IGF2BP2-XRN2
K562	IGF2BP2_1-YWHAG_1-interaction-shap	interaction	IGF2BP2	1	YWHAG	1	1	0.0	false	0.0	IGF2BP2-YWHAG
K562	IGF2BP2_1-ZC3H11A_1-interaction-shap	interaction	IGF2BP2	1	ZC3H11A	1	1	0.0	false	0.0	IGF2BP2-ZC3H11A
K562	IGF2BP2_1-ZRANB2_1-interaction-shap	interaction	IGF2BP2	1	ZRANB2	1	1	0.0	false	0.0	IGF2BP2-ZRANB2
K562	ILF3_1-LARP7_1-interaction-shap	interaction	ILF3	1	LARP7	1	1	0.0	false	0.0	ILF3-LARP7
K562	ILF3_1-MBNL1_1-interaction-shap	interaction	ILF3	1	MBNL1	1	1	0.0	false	0.0	ILF3-MBNL1
K562	ILF3_1-MTPAP_1-interaction-shap	interaction	ILF3	1	MTPAP	1	1	0.0	false	0.0	ILF3-MTPAP
K562	ILF3_1-NOLC1_1-interaction-shap	interaction	ILF3	1	NOLC1	1	1	0.0	false	0.0	ILF3-NOLC1
K562	ILF3_1-PPIL4_1-interaction-shap	interaction	ILF3	1	PPIL4	1	1	0.0	false	0.0	ILF3-PPIL4
K562	ILF3_1-PTBP1_1-interaction-shap	interaction	ILF3	1	PTBP1	1	2	0.0	false	0.0	ILF3-PTBP1
K562	ILF3_1-RBFOX2_1-interaction-shap	interaction	ILF3	1	RBFOX2	1	3	0.0	false	0.0	ILF3-RBFOX2
K562	ILF3_1-SMNDC1_1-interaction-shap	interaction	ILF3	1	SMNDC1	1	9	0.0	false	0.0	ILF3-SMNDC1
K562	ILF3_1-TAF15_1-interaction-shap	interaction	ILF3	1	TAF15	1	1	0.0	false	0.0	ILF3-TAF15
K562	ILF3_1-TBRG4_1-interaction-shap	interaction	ILF3	1	TBRG4	1	1	0.0	false	0.0	ILF3-TBRG4
K562	ILF3_1-TIA1_1-interaction-shap	interaction	ILF3	1	TIA1	1	1	0.0	false	0.0	ILF3-TIA1
K562	ILF3_1-UCHL5_1-interaction-shap	interaction	ILF3	1	UCHL5	1	1	0.0	false	0.0	ILF3-UCHL5
K562	ILF3_1-UTP18_1-interaction-shap	interaction	ILF3	1	UTP18	1	1	0.0	false	0.0	ILF3-UTP18
K562	ILF3_1-XRCC6_1-interaction-shap	interaction	ILF3	1	XRCC6	1	1	0.0	false	0.0	ILF3-XRCC6
K562	ILF3_1-YWHAG_1-interaction-shap	interaction	ILF3	1	YWHAG	1	1	0.0	false	0.0	ILF3-YWHAG
K562	ILF3_1-ZC3H11A_1-interaction-shap	interaction	ILF3	1	ZC3H11A	1	1	0.0	false	0.0	ILF3-ZC3H11A
K562	ILF3_1-ZRANB2_1-interaction-shap	interaction	ILF3	1	ZRANB2	1	1	0.0	false	0.0	ILF3-ZRANB2
K562	LARP4_1-LIN28B_1-interaction-shap	interaction	LARP4	1	LIN28B	1	16	0.0	false	0.0	LARP4-LIN28B
K562	LARP4_1-NOLC1_1-interaction-shap	interaction	LARP4	1	NOLC1	1	41	0.0	false	0.0	LARP4-NOLC1
K562	LARP4_1-PRPF8_1-interaction-shap	interaction	LARP4	1	PRPF8	1	28	0.0	false	0.0	LARP4-PRPF8
K562	LARP4_1-PTBP1_1-interaction-shap	interaction	LARP4	1	PTBP1	1	3	0.0	false	0.0	LARP4-PTBP1
K562	LARP4_1-RBM15_1-interaction-shap	interaction	LARP4	1	RBM15	1	61	0.0	false	0.0	LARP4-RBM15
K562	LARP4_1-RBM22_1-interaction-shap	interaction	LARP4	1	RBM22	1	26	0.0	false	0.0	LARP4-RBM22
K562	LARP4_1-RPS3_1-interaction-shap	interaction	LARP4	1	RPS3	1	114	0.0	false	0.0	LARP4-RPS3
K562	LARP4_1-SERBP1_1-interaction-shap	interaction	LARP4	1	SERBP1	1	4	0.0	false	0.0	LARP4-SERBP1
K562	LARP4_1-SMNDC1_1-interaction-shap	interaction	LARP4	1	SMNDC1	1	29	0.0	false	0.0	LARP4-SMNDC1
K562	LARP4_1-SRSF1_1-interaction-shap	interaction	LARP4	1	SRSF1	1	22	0.0	false	0.0	LARP4-SRSF1
K562	LARP4_1-SRSF9_1-interaction-shap	interaction	LARP4	1	SRSF9	1	14	0.0	false	0.0	LARP4-SRSF9
K562	LARP4_1-TARDBP_1-interaction-shap	interaction	LARP4	1	TARDBP	1	1	0.0	false	0.0	LARP4-TARDBP
K562	LARP4_1-XRCC6_1-interaction-shap	interaction	LARP4	1	XRCC6	1	15	0.0	false	0.0	LARP4-XRCC6
K562	LARP4_1-ZC3H8_1-interaction-shap	interaction	LARP4	1	ZC3H8	1	1	0.0	false	0.0	LARP4-ZC3H8
K562	LARP4_1-ZRANB2_1-interaction-shap	interaction	LARP4	1	ZRANB2	1	3	0.0	false	0.0	LARP4-ZRANB2
K562	LARP7_1-LSM11_1-interaction-shap	interaction	LARP7	1	LSM11	1	1	0.0	false	0.0	LARP7-LSM11
K562	LARP7_1-MBNL1_1-interaction-shap	interaction	LARP7	1	MBNL1	1	1	0.0	false	0.0	LARP7-MBNL1
K562	LARP7_1-METAP2_1-interaction-shap	interaction	LARP7	1	METAP2	1	1	0.0	false	0.0	LARP7-METAP2
K562	LARP7_1-MORC2_1-interaction-shap	interaction	LARP7	1	MORC2	1	1	0.0	false	0.0	LARP7-MORC2
K562	LARP7_1-MTPAP_1-interaction-shap	interaction	LARP7	1	MTPAP	1	1	0.0	false	0.0	LARP7-MTPAP
K562	LARP7_1-NCBP2_1-interaction-shap	interaction	LARP7	1	NCBP2	1	2	0.0	false	0.0	LARP7-NCBP2
K562	LARP7_1-NIPBL_1-interaction-shap	interaction	LARP7	1	NIPBL	1	6	0.0	false	0.0	LARP7-NIPBL
K562	LARP7_1-NOLC1_1-interaction-shap	interaction	LARP7	1	NOLC1	1	1	0.0	false	0.0	LARP7-NOLC1
K562	LARP7_1-NONO_1-interaction-shap	interaction	LARP7	1	NONO	1	1	0.0	false	0.0	LARP7-NONO
K562	LARP7_1-PHF6_1-interaction-shap	interaction	LARP7	1	PHF6	1	7	0.0	false	0.0	LARP7-PHF6
K562	LARP7_1-PPIL4_1-interaction-shap	interaction	LARP7	1	PPIL4	1	1	0.0	false	0.0	LARP7-PPIL4
K562	LARP7_1-PRPF8_1-interaction-shap	interaction	LARP7	1	PRPF8	1	1	0.0	false	0.0	LARP7-PRPF8
K562	LARP7_1-PTBP1_1-interaction-shap	interaction	LARP7	1	PTBP1	1	7	0.0	false	0.0	LARP7-PTBP1
K562	LARP7_1-PUM1_1-interaction-shap	interaction	LARP7	1	PUM1	1	14	0.0	false	0.0	LARP7-PUM1
K562	LARP7_1-RBFOX2_1-interaction-shap	interaction	LARP7	1	RBFOX2	1	2	0.0	false	0.0	LARP7-RBFOX2
K562	LARP7_1-RBM15_1-interaction-shap	interaction	LARP7	1	RBM15	1	6	0.0	false	0.0	LARP7-RBM15
K562	LARP7_1-RPS11_1-interaction-shap	interaction	LARP7	1	RPS11	1	1	0.0	false	0.0	LARP7-RPS11
K562	LARP7_1-RPS6_1-interaction-shap	interaction	LARP7	1	RPS6	1	8	0.0	false	0.0	LARP7-RPS6
K562	LARP7_1-SERBP1_1-interaction-shap	interaction	LARP7	1	SERBP1	1	6	0.0	false	0.0	LARP7-SERBP1
K562	LARP7_1-SF3B4_1-interaction-shap	interaction	LARP7	1	SF3B4	1	7	0.0	false	0.0	LARP7-SF3B4
K562	LARP7_1-SLTM_1-interaction-shap	interaction	LARP7	1	SLTM	1	1	0.0	false	0.0	LARP7-SLTM
K562	LARP7_1-SMNDC1_1-interaction-shap	interaction	LARP7	1	SMNDC1	1	14	0.0	false	0.0	LARP7-SMNDC1
K562	LARP7_1-SRSF9_1-interaction-shap	interaction	LARP7	1	SRSF9	1	1	0.0	false	0.0	LARP7-SRSF9
K562	LARP7_1-TAF15_1-interaction-shap	interaction	LARP7	1	TAF15	1	1	0.0	false	0.0	LARP7-TAF15
K562	LARP7_1-TBRG4_1-interaction-shap	interaction	LARP7	1	TBRG4	1	7	0.0	false	0.0	LARP7-TBRG4
K562	LARP7_1-TIA1_1-interaction-shap	interaction	LARP7	1	TIA1	1	1	0.0	false	0.0	LARP7-TIA1
K562	LARP7_1-UCHL5_1-interaction-shap	interaction	LARP7	1	UCHL5	1	6	0.0	false	0.0	LARP7-UCHL5
K562	LARP7_1-UTP18_1-interaction-shap	interaction	LARP7	1	UTP18	1	6	0.0	false	0.0	LARP7-UTP18
K562	LARP7_1-WDR43_1-interaction-shap	interaction	LARP7	1	WDR43	1	1	0.0	false	0.0	LARP7-WDR43
K562	LARP7_1-XRCC6_1-interaction-shap	interaction	LARP7	1	XRCC6	1	2	0.0	false	0.0	LARP7-XRCC6
K562	LARP7_1-XRN2_1-interaction-shap	interaction	LARP7	1	XRN2	1	1	0.0	false	0.0	LARP7-XRN2
K562	LARP7_1-YWHAG_1-interaction-shap	interaction	LARP7	1	YWHAG	1	1	0.0	false	0.0	LARP7-YWHAG
K562	LARP7_1-ZC3H11A_1-interaction-shap	interaction	LARP7	1	ZC3H11A	1	1	0.0	false	0.0	LARP7-ZC3H11A
K562	LARP7_1-ZNF622_1-interaction-shap	interaction	LARP7	1	ZNF622	1	1	0.0	false	0.0	LARP7-ZNF622
K562	LARP7_1-ZRANB2_1-interaction-shap	interaction	LARP7	1	ZRANB2	1	7	0.0	false	0.0	LARP7-ZRANB2
K562	LIN28B_1-LSM11_1-interaction-shap	interaction	LIN28B	1	LSM11	1	9	0.0	false	0.0	LIN28B-LSM11
K562	LIN28B_1-MORC2_1-interaction-shap	interaction	LIN28B	1	MORC2	1	2	0.0	false	0.0	LIN28B-MORC2
K562	LIN28B_1-NCBP2_1-interaction-shap	interaction	LIN28B	1	NCBP2	1	11	0.0	false	0.0	LIN28B-NCBP2
K562	LIN28B_1-PHF6_1-interaction-shap	interaction	LIN28B	1	PHF6	1	6	0.0	false	0.0	LIN28B-PHF6
K562	LIN28B_1-RPS6_1-interaction-shap	interaction	LIN28B	1	RPS6	1	9	0.0	false	0.0	LIN28B-RPS6
K562	LIN28B_1-SAFB2_1-interaction-shap	interaction	LIN28B	1	SAFB2	1	2	0.0	false	0.0	LIN28B-SAFB2
K562	LIN28B_1-SDAD1_1-interaction-shap	interaction	LIN28B	1	SDAD1	1	4	0.0	false	0.0	LIN28B-SDAD1
K562	LIN28B_1-SLTM_1-interaction-shap	interaction	LIN28B	1	SLTM	1	6	0.0	false	0.0	LIN28B-SLTM
K562	LIN28B_1-UTP18_1-interaction-shap	interaction	LIN28B	1	UTP18	1	4	0.0	false	0.0	LIN28B-UTP18
K562	LIN28B_1-WDR43_1-interaction-shap	interaction	LIN28B	1	WDR43	1	3	0.0	false	0.0	LIN28B-WDR43
K562	LIN28B_1-XRCC6_1-interaction-shap	interaction	LIN28B	1	XRCC6	1	1	0.0	false	0.0	LIN28B-XRCC6
K562	LSM11_1-PRPF8_1-interaction-shap	interaction	LSM11	1	PRPF8	1	17	0.0	false	0.0	LSM11-PRPF8
K562	LSM11_1-PUM2_1-interaction-shap	interaction	LSM11	1	PUM2	1	8	0.0	false	0.0	LSM11-PUM2
K562	LSM11_1-RBFOX2_1-interaction-shap	interaction	LSM11	1	RBFOX2	1	47	0.0	false	0.0	LSM11-RBFOX2
K562	LSM11_1-RPS3_1-interaction-shap	interaction	LSM11	1	RPS3	1	9	0.0	false	0.0	LSM11-RPS3
K562	LSM11_1-TAF15_1-interaction-shap	interaction	LSM11	1	TAF15	1	1	0.0	false	0.0	LSM11-TAF15
K562	LSM11_1-TIA1_1-interaction-shap	interaction	LSM11	1	TIA1	1	58	0.0	false	0.0	LSM11-TIA1
K562	LSM11_1-U2AF2_1-interaction-shap	interaction	LSM11	1	U2AF2	1	4	0.0	false	0.0	LSM11-U2AF2
K562	MBNL1_1-MTPAP_1-interaction-shap	interaction	MBNL1	1	MTPAP	1	1	0.0	false	0.0	MBNL1-MTPAP
K562	MBNL1_1-NOLC1_1-interaction-shap	interaction	MBNL1	1	NOLC1	1	9	0.0	false	0.0	MBNL1-NOLC1
K562	MBNL1_1-NSUN2_1-interaction-shap	interaction	MBNL1	1	NSUN2	1	7	0.0	false	0.0	MBNL1-NSUN2
K562	MBNL1_1-PCBP1_1-interaction-shap	interaction	MBNL1	1	PCBP1	1	35	0.0	false	0.0	MBNL1-PCBP1
K562	MBNL1_1-PPIL4_1-interaction-shap	interaction	MBNL1	1	PPIL4	1	1	0.0	false	0.0	MBNL1-PPIL4
K562	MBNL1_1-PUM2_1-interaction-shap	interaction	MBNL1	1	PUM2	1	7	0.0	false	0.0	MBNL1-PUM2
K562	ABCF1_1-PRPF8_1-interaction-shap	interaction	ABCF1	1	PRPF8	1	8	0.0	false	0.0	ABCF1-PRPF8
K562	MBNL1_1-SERBP1_1-interaction-shap	interaction	MBNL1	1	SERBP1	1	2	0.0	false	0.0	MBNL1-SERBP1
K562	MBNL1_1-SMNDC1_1-interaction-shap	interaction	MBNL1	1	SMNDC1	1	11	0.0	false	0.0	MBNL1-SMNDC1
K562	MBNL1_1-TAF15_1-interaction-shap	interaction	MBNL1	1	TAF15	1	1	0.0	false	0.0	MBNL1-TAF15
K562	MBNL1_1-TBRG4_1-interaction-shap	interaction	MBNL1	1	TBRG4	1	9	0.0	false	0.0	MBNL1-TBRG4
K562	MBNL1_1-TIA1_1-interaction-shap	interaction	MBNL1	1	TIA1	1	4	0.0	false	0.0	MBNL1-TIA1
K562	MBNL1_1-U2AF1_1-interaction-shap	interaction	MBNL1	1	U2AF1	1	14	0.0	false	0.0	MBNL1-U2AF1
K562	MBNL1_1-U2AF2_1-interaction-shap	interaction	MBNL1	1	U2AF2	1	15	0.0	false	0.0	MBNL1-U2AF2
K562	MBNL1_1-UTP18_1-interaction-shap	interaction	MBNL1	1	UTP18	1	1	0.0	false	0.0	MBNL1-UTP18
K562	MBNL1_1-XRCC6_1-interaction-shap	interaction	MBNL1	1	XRCC6	1	1	0.0	false	0.0	MBNL1-XRCC6
K562	MBNL1_1-XRN2_1-interaction-shap	interaction	MBNL1	1	XRN2	1	1	0.0	false	0.0	MBNL1-XRN2
K562	MBNL1_1-YWHAG_1-interaction-shap	interaction	MBNL1	1	YWHAG	1	9	0.0	false	0.0	MBNL1-YWHAG
K562	MBNL1_1-ZRANB2_1-interaction-shap	interaction	MBNL1	1	ZRANB2	1	1	0.0	false	0.0	MBNL1-ZRANB2
K562	METAP2_1-PTBP1_1-interaction-shap	interaction	METAP2	1	PTBP1	1	1	0.0	false	0.0	METAP2-PTBP1
K562	METAP2_1-RBFOX2_1-interaction-shap	interaction	METAP2	1	RBFOX2	1	26	0.0	false	0.0	METAP2-RBFOX2
K562	METAP2_1-RPS6_1-interaction-shap	interaction	METAP2	1	RPS6	1	2	0.0	false	0.0	METAP2-RPS6
K562	METAP2_1-TAF15_1-interaction-shap	interaction	METAP2	1	TAF15	1	4	0.0	false	0.0	METAP2-TAF15
K562	METTL1_1-PRPF8_1-interaction-shap	interaction	METTL1	1	PRPF8	1	7	0.0	false	0.0	METTL1-PRPF8
K562	METTL1_1-PTBP1_1-interaction-shap	interaction	METTL1	1	PTBP1	1	20	0.0	false	0.0	METTL1-PTBP1
K562	METTL1_1-PUM2_1-interaction-shap	interaction	METTL1	1	PUM2	1	8	0.0	false	0.0	METTL1-PUM2
K562	METTL1_1-SF3B4_1-interaction-shap	interaction	METTL1	1	SF3B4	1	10	0.0	false	0.0	METTL1-SF3B4
K562	MORC2_1-PRPF8_1-interaction-shap	interaction	MORC2	1	PRPF8	1	43	0.0	false	0.0	MORC2-PRPF8
K562	MORC2_1-PTBP1_1-interaction-shap	interaction	MORC2	1	PTBP1	1	29	0.0	false	0.0	MORC2-PTBP1
K562	MORC2_1-PUM2_1-interaction-shap	interaction	MORC2	1	PUM2	1	8	0.0	false	0.0	MORC2-PUM2
K562	MORC2_1-RBFOX2_1-interaction-shap	interaction	MORC2	1	RBFOX2	1	24	0.0	false	0.0	MORC2-RBFOX2
K562	MORC2_1-RPS3_1-interaction-shap	interaction	MORC2	1	RPS3	1	27	0.0	false	0.0	MORC2-RPS3
K562	MORC2_1-RPS6_1-interaction-shap	interaction	MORC2	1	RPS6	1	2	0.0	false	0.0	MORC2-RPS6
K562	MORC2_1-SF3B4_1-interaction-shap	interaction	MORC2	1	SF3B4	1	20	0.0	false	0.0	MORC2-SF3B4
K562	MORC2_1-TAF15_1-interaction-shap	interaction	MORC2	1	TAF15	1	1	0.0	false	0.0	MORC2-TAF15
K562	MORC2_1-TIA1_1-interaction-shap	interaction	MORC2	1	TIA1	1	41	0.0	false	0.0	MORC2-TIA1
K562	MTPAP_1-NOLC1_1-interaction-shap	interaction	MTPAP	1	NOLC1	1	18	0.0	false	0.0	MTPAP-NOLC1
K562	MTPAP_1-NONO_1-interaction-shap	interaction	MTPAP	1	NONO	1	17	0.0	false	0.0	MTPAP-NONO
K562	MTPAP_1-NPM1_1-interaction-shap	interaction	MTPAP	1	NPM1	1	5	0.0	false	0.0	MTPAP-NPM1
K562	MTPAP_1-PPIL4_1-interaction-shap	interaction	MTPAP	1	PPIL4	1	12	0.0	false	0.0	MTPAP-PPIL4
K562	MTPAP_1-PRPF8_1-interaction-shap	interaction	MTPAP	1	PRPF8	1	11	0.0	false	0.0	MTPAP-PRPF8
K562	MTPAP_1-RBFOX2_1-interaction-shap	interaction	MTPAP	1	RBFOX2	1	11	0.0	false	0.0	MTPAP-RBFOX2
K562	MTPAP_1-RPS10_1-interaction-shap	interaction	MTPAP	1	RPS10	1	5	0.0	false	0.0	MTPAP-RPS10
K562	MTPAP_1-RPS3_1-interaction-shap	interaction	MTPAP	1	RPS3	1	4	0.0	false	0.0	MTPAP-RPS3
K562	MTPAP_1-RPS6_1-interaction-shap	interaction	MTPAP	1	RPS6	1	5	0.0	false	0.0	MTPAP-RPS6
K562	MTPAP_1-SMNDC1_1-interaction-shap	interaction	MTPAP	1	SMNDC1	1	2	0.0	false	0.0	MTPAP-SMNDC1
K562	MTPAP_1-TAF15_1-interaction-shap	interaction	MTPAP	1	TAF15	1	6	0.0	false	0.0	MTPAP-TAF15
K562	MTPAP_1-TBRG4_1-interaction-shap	interaction	MTPAP	1	TBRG4	1	6	0.0	false	0.0	MTPAP-TBRG4
K562	MTPAP_1-TRA2A_1-interaction-shap	interaction	MTPAP	1	TRA2A	1	114	0.0	false	0.0	MTPAP-TRA2A
K562	MTPAP_1-U2AF1_1-interaction-shap	interaction	MTPAP	1	U2AF1	1	2	0.0	false	0.0	MTPAP-U2AF1
K562	MTPAP_1-U2AF2_1-interaction-shap	interaction	MTPAP	1	U2AF2	1	14	0.0	false	0.0	MTPAP-U2AF2
K562	MTPAP_1-UTP18_1-interaction-shap	interaction	MTPAP	1	UTP18	1	1	0.0	false	0.0	MTPAP-UTP18
K562	MTPAP_1-XRCC6_1-interaction-shap	interaction	MTPAP	1	XRCC6	1	1	0.0	false	0.0	MTPAP-XRCC6
K562	MTPAP_1-XRN2_1-interaction-shap	interaction	MTPAP	1	XRN2	1	5	0.0	false	0.0	MTPAP-XRN2
K562	MTPAP_1-YWHAG_1-interaction-shap	interaction	MTPAP	1	YWHAG	1	18	0.0	false	0.0	MTPAP-YWHAG
K562	MTPAP_1-ZC3H11A_1-interaction-shap	interaction	MTPAP	1	ZC3H11A	1	1	0.0	false	0.0	MTPAP-ZC3H11A
K562	MTPAP_1-ZRANB2_1-interaction-shap	interaction	MTPAP	1	ZRANB2	1	10	0.0	false	0.0	MTPAP-ZRANB2
K562	NCBP2_1-PTBP1_1-interaction-shap	interaction	NCBP2	1	PTBP1	1	12	0.0	false	0.0	NCBP2-PTBP1
K562	NCBP2_1-PUM2_1-interaction-shap	interaction	NCBP2	1	PUM2	1	8	0.0	false	0.0	NCBP2-PUM2
K562	NCBP2_1-RBFOX2_1-interaction-shap	interaction	NCBP2	1	RBFOX2	1	14	0.0	false	0.0	NCBP2-RBFOX2
K562	NCBP2_1-RPS3_1-interaction-shap	interaction	NCBP2	1	RPS3	1	41	0.0	false	0.0	NCBP2-RPS3
K562	NCBP2_1-SF3B4_1-interaction-shap	interaction	NCBP2	1	SF3B4	1	41	0.0	false	0.0	NCBP2-SF3B4
K562	NCBP2_1-SRSF1_1-interaction-shap	interaction	NCBP2	1	SRSF1	1	45	0.0	false	0.0	NCBP2-SRSF1
K562	NCBP2_1-TAF15_1-interaction-shap	interaction	NCBP2	1	TAF15	1	23	0.0	false	0.0	NCBP2-TAF15
K562	NCBP2_1-TIA1_1-interaction-shap	interaction	NCBP2	1	TIA1	1	1	0.0	false	0.0	NCBP2-TIA1
K562	NIPBL_1-PRPF8_1-interaction-shap	interaction	NIPBL	1	PRPF8	1	96	0.0	false	0.0	NIPBL-PRPF8
K562	NIPBL_1-PUM2_1-interaction-shap	interaction	NIPBL	1	PUM2	1	5	0.0	false	0.0	NIPBL-PUM2
K562	NIPBL_1-RBFOX2_1-interaction-shap	interaction	NIPBL	1	RBFOX2	1	2	0.0	false	0.0	NIPBL-RBFOX2
K562	NIPBL_1-RPS3_1-interaction-shap	interaction	NIPBL	1	RPS3	1	8	0.0	false	0.0	NIPBL-RPS3
K562	NIPBL_1-RPS6_1-interaction-shap	interaction	NIPBL	1	RPS6	1	17	0.0	false	0.0	NIPBL-RPS6
K562	NIPBL_1-SF3B4_1-interaction-shap	interaction	NIPBL	1	SF3B4	1	246	0.0	false	0.0	NIPBL-SF3B4
K562	NOLC1_1-NSUN2_1-interaction-shap	interaction	NOLC1	1	NSUN2	1	8	0.0	false	0.0	NOLC1-NSUN2
K562	NOLC1_1-PCBP1_1-interaction-shap	interaction	NOLC1	1	PCBP1	1	2	0.0	false	0.0	NOLC1-PCBP1
K562	NOLC1_1-PPIL4_1-interaction-shap	interaction	NOLC1	1	PPIL4	1	1	0.0	false	0.0	NOLC1-PPIL4
K562	NOLC1_1-PTBP1_1-interaction-shap	interaction	NOLC1	1	PTBP1	1	27	0.0	false	0.0	NOLC1-PTBP1
K562	NOLC1_1-RBFOX2_1-interaction-shap	interaction	NOLC1	1	RBFOX2	1	14	0.0	false	0.0	NOLC1-RBFOX2
K562	NOLC1_1-RBM15_1-interaction-shap	interaction	NOLC1	1	RBM15	1	16	0.0	false	0.0	NOLC1-RBM15
K562	NOLC1_1-RBM22_1-interaction-shap	interaction	NOLC1	1	RBM22	1	26	0.0	false	0.0	NOLC1-RBM22
K562	NOLC1_1-SRSF7_1-interaction-shap	interaction	NOLC1	1	SRSF7	1	10	0.0	false	0.0	NOLC1-SRSF7
K562	NOLC1_1-TAF15_1-interaction-shap	interaction	NOLC1	1	TAF15	1	1	0.0	false	0.0	NOLC1-TAF15
K562	NOLC1_1-TARDBP_1-interaction-shap	interaction	NOLC1	1	TARDBP	1	23	0.0	false	0.0	NOLC1-TARDBP
K562	NOLC1_1-TBRG4_1-interaction-shap	interaction	NOLC1	1	TBRG4	1	10	0.0	false	0.0	NOLC1-TBRG4
K562	NOLC1_1-U2AF1_1-interaction-shap	interaction	NOLC1	1	U2AF1	1	12	0.0	false	0.0	NOLC1-U2AF1
K562	NOLC1_1-UCHL5_1-interaction-shap	interaction	NOLC1	1	UCHL5	1	13	0.0	false	0.0	NOLC1-UCHL5
K562	NOLC1_1-UTP18_1-interaction-shap	interaction	NOLC1	1	UTP18	1	1	0.0	false	0.0	NOLC1-UTP18
K562	NOLC1_1-XRCC6_1-interaction-shap	interaction	NOLC1	1	XRCC6	1	1	0.0	false	0.0	NOLC1-XRCC6
K562	NOLC1_1-XRN2_1-interaction-shap	interaction	NOLC1	1	XRN2	1	2	0.0	false	0.0	NOLC1-XRN2
K562	NOLC1_1-YWHAG_1-interaction-shap	interaction	NOLC1	1	YWHAG	1	28	0.0	false	0.0	NOLC1-YWHAG
K562	NOLC1_1-ZRANB2_1-interaction-shap	interaction	NOLC1	1	ZRANB2	1	2	0.0	false	0.0	NOLC1-ZRANB2
K562	NONO_1-PPIL4_1-interaction-shap	interaction	NONO	1	PPIL4	1	1	0.0	false	0.0	NONO-PPIL4
K562	NONO_1-TARDBP_1-interaction-shap	interaction	NONO	1	TARDBP	1	71	0.0	false	0.0	NONO-TARDBP
K562	NONO_1-TBRG4_1-interaction-shap	interaction	NONO	1	TBRG4	1	86	0.0	false	0.0	NONO-TBRG4
K562	NONO_1-UTP18_1-interaction-shap	interaction	NONO	1	UTP18	1	1	0.0	false	0.0	NONO-UTP18
K562	NONO_1-YWHAG_1-interaction-shap	interaction	NONO	1	YWHAG	1	38	0.0	false	0.0	NONO-YWHAG
K562	NONO_1-ZC3H11A_1-interaction-shap	interaction	NONO	1	ZC3H11A	1	1	0.0	false	0.0	NONO-ZC3H11A
K562	NONO_1-ZRANB2_1-interaction-shap	interaction	NONO	1	ZRANB2	1	65	0.0	false	0.0	NONO-ZRANB2
K562	NPM1_1-SRSF7_1-interaction-shap	interaction	NPM1	1	SRSF7	1	1	0.0	false	0.0	NPM1-SRSF7
K562	NPM1_1-TRA2A_1-interaction-shap	interaction	NPM1	1	TRA2A	1	6	0.0	false	0.0	NPM1-TRA2A
K562	NPM1_1-UCHL5_1-interaction-shap	interaction	NPM1	1	UCHL5	1	5	0.0	false	0.0	NPM1-UCHL5
K562	NSUN2_1-PTBP1_1-interaction-shap	interaction	NSUN2	1	PTBP1	1	8	0.0	false	0.0	NSUN2-PTBP1
K562	NSUN2_1-PUM2_1-interaction-shap	interaction	NSUN2	1	PUM2	1	7	0.0	false	0.0	NSUN2-PUM2
K562	NSUN2_1-SMNDC1_1-interaction-shap	interaction	NSUN2	1	SMNDC1	1	8	0.0	false	0.0	NSUN2-SMNDC1
K562	NSUN2_1-SRSF7_1-interaction-shap	interaction	NSUN2	1	SRSF7	1	1	0.0	false	0.0	NSUN2-SRSF7
K562	NSUN2_1-TBRG4_1-interaction-shap	interaction	NSUN2	1	TBRG4	1	8	0.0	false	0.0	NSUN2-TBRG4
K562	NSUN2_1-YWHAG_1-interaction-shap	interaction	NSUN2	1	YWHAG	1	8	0.0	false	0.0	NSUN2-YWHAG
K562	ABCF1_1-RPS6_1-interaction-shap	interaction	ABCF1	1	RPS6	1	8	0.0	false	0.0	ABCF1-RPS6
K562	PABPC4_1-TAF15_1-interaction-shap	interaction	PABPC4	1	TAF15	1	3	0.0	false	0.0	PABPC4-TAF15
K562	PABPC4_1-U2AF2_1-interaction-shap	interaction	PABPC4	1	U2AF2	1	2	0.0	false	0.0	PABPC4-U2AF2
K562	PCBP1_1-PUM2_1-interaction-shap	interaction	PCBP1	1	PUM2	1	7	0.0	false	0.0	PCBP1-PUM2
K562	PCBP1_1-RBM22_1-interaction-shap	interaction	PCBP1	1	RBM22	1	7	0.0	false	0.0	PCBP1-RBM22
K562	PCBP1_1-U2AF1_1-interaction-shap	interaction	PCBP1	1	U2AF1	1	15	0.0	false	0.0	PCBP1-U2AF1
K562	PCBP1_1-U2AF2_1-interaction-shap	interaction	PCBP1	1	U2AF2	1	26	0.0	false	0.0	PCBP1-U2AF2
K562	PCBP1_1-UCHL5_1-interaction-shap	interaction	PCBP1	1	UCHL5	1	27	0.0	false	0.0	PCBP1-UCHL5
K562	PCBP1_1-XRCC6_1-interaction-shap	interaction	PCBP1	1	XRCC6	1	40	0.0	false	0.0	PCBP1-XRCC6
K562	PHF6_1-PRPF8_1-interaction-shap	interaction	PHF6	1	PRPF8	1	36	0.0	false	0.0	PHF6-PRPF8
K562	PHF6_1-PTBP1_1-interaction-shap	interaction	PHF6	1	PTBP1	1	205	0.0	false	0.0	PHF6-PTBP1
K562	PHF6_1-PUM2_1-interaction-shap	interaction	PHF6	1	PUM2	1	33	0.0	false	0.0	PHF6-PUM2
K562	PHF6_1-RBFOX2_1-interaction-shap	interaction	PHF6	1	RBFOX2	1	44	0.0	false	0.0	PHF6-RBFOX2
K562	PHF6_1-RPS3_1-interaction-shap	interaction	PHF6	1	RPS3	1	34	0.0	false	0.0	PHF6-RPS3
K562	PHF6_1-RPS6_1-interaction-shap	interaction	PHF6	1	RPS6	1	6	0.0	false	0.0	PHF6-RPS6
K562	PHF6_1-SF3B4_1-interaction-shap	interaction	PHF6	1	SF3B4	1	225	0.0	false	0.0	PHF6-SF3B4
K562	PHF6_1-TAF15_1-interaction-shap	interaction	PHF6	1	TAF15	1	26	0.0	false	0.0	PHF6-TAF15
K562	PHF6_1-TIA1_1-interaction-shap	interaction	PHF6	1	TIA1	1	21	0.0	false	0.0	PHF6-TIA1
K562	PPIL4_1-PRPF8_1-interaction-shap	interaction	PPIL4	1	PRPF8	1	1	0.0	false	0.0	PPIL4-PRPF8
K562	PPIL4_1-PTBP1_1-interaction-shap	interaction	PPIL4	1	PTBP1	1	1	0.0	false	0.0	PPIL4-PTBP1
K562	ABCF1_1-PTBP1_1-interaction-shap	interaction	ABCF1	1	PTBP1	1	8	0.0	false	0.0	ABCF1-PTBP1
K562	PPIL4_1-RBM15_1-interaction-shap	interaction	PPIL4	1	RBM15	1	8	0.0	false	0.0	PPIL4-RBM15
K562	PPIL4_1-RPS10_1-interaction-shap	interaction	PPIL4	1	RPS10	1	5	0.0	false	0.0	PPIL4-RPS10
K562	PPIL4_1-SAFB2_1-interaction-shap	interaction	PPIL4	1	SAFB2	1	8	0.0	false	0.0	PPIL4-SAFB2
K562	PPIL4_1-SMNDC1_1-interaction-shap	interaction	PPIL4	1	SMNDC1	1	1	0.0	false	0.0	PPIL4-SMNDC1
K562	PPIL4_1-SRSF1_1-interaction-shap	interaction	PPIL4	1	SRSF1	1	1	0.0	false	0.0	PPIL4-SRSF1
K562	PPIL4_1-SRSF7_1-interaction-shap	interaction	PPIL4	1	SRSF7	1	7	0.0	false	0.0	PPIL4-SRSF7
K562	PPIL4_1-TAF15_1-interaction-shap	interaction	PPIL4	1	TAF15	1	6	0.0	false	0.0	PPIL4-TAF15
K562	PPIL4_1-TBRG4_1-interaction-shap	interaction	PPIL4	1	TBRG4	1	6	0.0	false	0.0	PPIL4-TBRG4
K562	PPIL4_1-TIA1_1-interaction-shap	interaction	PPIL4	1	TIA1	1	1	0.0	false	0.0	PPIL4-TIA1
K562	PPIL4_1-TRA2A_1-interaction-shap	interaction	PPIL4	1	TRA2A	1	16	0.0	false	0.0	PPIL4-TRA2A
K562	PPIL4_1-U2AF2_1-interaction-shap	interaction	PPIL4	1	U2AF2	1	2	0.0	false	0.0	PPIL4-U2AF2
K562	PPIL4_1-UTP18_1-interaction-shap	interaction	PPIL4	1	UTP18	1	1	0.0	false	0.0	PPIL4-UTP18
K562	PPIL4_1-XRCC6_1-interaction-shap	interaction	PPIL4	1	XRCC6	1	1	0.0	false	0.0	PPIL4-XRCC6
K562	PPIL4_1-XRN2_1-interaction-shap	interaction	PPIL4	1	XRN2	1	1	0.0	false	0.0	PPIL4-XRN2
K562	PPIL4_1-YWHAG_1-interaction-shap	interaction	PPIL4	1	YWHAG	1	1	0.0	false	0.0	PPIL4-YWHAG
K562	PPIL4_1-ZC3H11A_1-interaction-shap	interaction	PPIL4	1	ZC3H11A	1	1	0.0	false	0.0	PPIL4-ZC3H11A
K562	PPIL4_1-ZRANB2_1-interaction-shap	interaction	PPIL4	1	ZRANB2	1	6	0.0	false	0.0	PPIL4-ZRANB2
K562	PRPF8_1-RPS6_1-interaction-shap	interaction	PRPF8	1	RPS6	1	7	0.0	false	0.0	PRPF8-RPS6
K562	PRPF8_1-SDAD1_1-interaction-shap	interaction	PRPF8	1	SDAD1	1	7	0.0	false	0.0	PRPF8-SDAD1
K562	PRPF8_1-SLTM_1-interaction-shap	interaction	PRPF8	1	SLTM	1	4	0.0	false	0.0	PRPF8-SLTM
K562	PRPF8_1-TAF15_1-interaction-shap	interaction	PRPF8	1	TAF15	1	3	0.0	false	0.0	PRPF8-TAF15
K562	PRPF8_1-TBRG4_1-interaction-shap	interaction	PRPF8	1	TBRG4	1	8	0.0	false	0.0	PRPF8-TBRG4
K562	PRPF8_1-UTP18_1-interaction-shap	interaction	PRPF8	1	UTP18	1	93	0.0	false	0.0	PRPF8-UTP18
K562	PRPF8_1-WDR43_1-interaction-shap	interaction	PRPF8	1	WDR43	1	41	0.0	false	0.0	PRPF8-WDR43
K562	PRPF8_1-YWHAG_1-interaction-shap	interaction	PRPF8	1	YWHAG	1	1	0.0	false	0.0	PRPF8-YWHAG
K562	PRPF8_1-ZC3H8_1-interaction-shap	interaction	PRPF8	1	ZC3H8	1	90	0.0	false	0.0	PRPF8-ZC3H8
K562	PRPF8_1-ZRANB2_1-interaction-shap	interaction	PRPF8	1	ZRANB2	1	9	0.0	false	0.0	PRPF8-ZRANB2
K562	PTBP1_1-PUM1_1-interaction-shap	interaction	PTBP1	1	PUM1	1	14	0.0	false	0.0	PTBP1-PUM1
K562	PTBP1_1-RBM15_1-interaction-shap	interaction	PTBP1	1	RBM15	1	8	0.0	false	0.0	PTBP1-RBM15
K562	PTBP1_1-RNF187_1-interaction-shap	interaction	PTBP1	1	RNF187	1	9	0.0	false	0.0	PTBP1-RNF187
K562	PTBP1_1-RPS6_1-interaction-shap	interaction	PTBP1	1	RPS6	1	19	0.0	false	0.0	PTBP1-RPS6
K562	PTBP1_1-SDAD1_1-interaction-shap	interaction	PTBP1	1	SDAD1	1	11	0.0	false	0.0	PTBP1-SDAD1
K562	PTBP1_1-SLBP_1-interaction-shap	interaction	PTBP1	1	SLBP	1	9	0.0	false	0.0	PTBP1-SLBP
K562	PTBP1_1-SLTM_1-interaction-shap	interaction	PTBP1	1	SLTM	1	37	0.0	false	0.0	PTBP1-SLTM
K562	PTBP1_1-SRSF1_1-interaction-shap	interaction	PTBP1	1	SRSF1	1	10	0.0	false	0.0	PTBP1-SRSF1
K562	PTBP1_1-SRSF7_1-interaction-shap	interaction	PTBP1	1	SRSF7	1	9	0.0	false	0.0	PTBP1-SRSF7
K562	PTBP1_1-SSB_1-interaction-shap	interaction	PTBP1	1	SSB	1	5	0.0	false	0.0	PTBP1-SSB
K562	PTBP1_1-TAF15_1-interaction-shap	interaction	PTBP1	1	TAF15	1	1	0.0	false	0.0	PTBP1-TAF15
K562	PTBP1_1-TBRG4_1-interaction-shap	interaction	PTBP1	1	TBRG4	1	42	0.0	false	0.0	PTBP1-TBRG4
K562	PTBP1_1-TIA1_1-interaction-shap	interaction	PTBP1	1	TIA1	1	117	0.0	false	0.0	PTBP1-TIA1
K562	PTBP1_1-UTP18_1-interaction-shap	interaction	PTBP1	1	UTP18	1	196	0.0	false	0.0	PTBP1-UTP18
K562	PTBP1_1-WDR3_1-interaction-shap	interaction	PTBP1	1	WDR3	1	5	0.0	false	0.0	PTBP1-WDR3
K562	PTBP1_1-WDR43_1-interaction-shap	interaction	PTBP1	1	WDR43	1	27	0.0	false	0.0	PTBP1-WDR43
K562	PTBP1_1-XRN2_1-interaction-shap	interaction	PTBP1	1	XRN2	1	20	0.0	false	0.0	PTBP1-XRN2
K562	PTBP1_1-YWHAG_1-interaction-shap	interaction	PTBP1	1	YWHAG	1	46	0.0	false	0.0	PTBP1-YWHAG
K562	PTBP1_1-ZC3H11A_1-interaction-shap	interaction	PTBP1	1	ZC3H11A	1	1	0.0	false	0.0	PTBP1-ZC3H11A
K562	AATF_1-PUM2_1-interaction-shap	interaction	AATF	1	PUM2	1	7	0.0	false	0.0	AATF-PUM2
K562	PTBP1_1-ZNF622_1-interaction-shap	interaction	PTBP1	1	ZNF622	1	19	0.0	false	0.0	PTBP1-ZNF622
K562	PTBP1_1-ZRANB2_1-interaction-shap	interaction	PTBP1	1	ZRANB2	1	162	0.0	false	0.0	PTBP1-ZRANB2
K562	PUM1_1-RBFOX2_1-interaction-shap	interaction	PUM1	1	RBFOX2	1	28	0.0	false	0.0	PUM1-RBFOX2
K562	PUM1_1-RPS6_1-interaction-shap	interaction	PUM1	1	RPS6	1	22	0.0	false	0.0	PUM1-RPS6
K562	ABCF1_1-LARP7_1-interaction-shap	interaction	ABCF1	1	LARP7	1	7	0.0	false	0.0	ABCF1-LARP7
K562	PUM2_1-SLBP_1-interaction-shap	interaction	PUM2	1	SLBP	1	8	0.0	false	0.0	PUM2-SLBP
K562	PUM2_1-SMNDC1_1-interaction-shap	interaction	PUM2	1	SMNDC1	1	8	0.0	false	0.0	PUM2-SMNDC1
K562	PUM2_1-TAF15_1-interaction-shap	interaction	PUM2	1	TAF15	1	25	0.0	false	0.0	PUM2-TAF15
K562	PUM2_1-TBRG4_1-interaction-shap	interaction	PUM2	1	TBRG4	1	33	0.0	false	0.0	PUM2-TBRG4
K562	PUM2_1-UPF1_1-interaction-shap	interaction	PUM2	1	UPF1	1	25	0.0	false	0.0	PUM2-UPF1
K562	PUM2_1-XRN2_1-interaction-shap	interaction	PUM2	1	XRN2	1	25	0.0	false	0.0	PUM2-XRN2
K562	PUM2_1-YWHAG_1-interaction-shap	interaction	PUM2	1	YWHAG	1	9	0.0	false	0.0	PUM2-YWHAG
K562	QKI_1-RPS3_1-interaction-shap	interaction	QKI	1	RPS3	1	18	0.0	false	0.0	QKI-RPS3
K562	QKI_1-SRSF7_1-interaction-shap	interaction	QKI	1	SRSF7	1	23	0.0	false	0.0	QKI-SRSF7
K562	QKI_1-TIA1_1-interaction-shap	interaction	QKI	1	TIA1	1	10	0.0	false	0.0	QKI-TIA1
K562	RBFOX2_1-RPS11_1-interaction-shap	interaction	RBFOX2	1	RPS11	1	1	0.0	false	0.0	RBFOX2-RPS11
K562	RBFOX2_1-SLTM_1-interaction-shap	interaction	RBFOX2	1	SLTM	1	52	0.0	false	0.0	RBFOX2-SLTM
K562	RBFOX2_1-SRSF1_1-interaction-shap	interaction	RBFOX2	1	SRSF1	1	19	0.0	false	0.0	RBFOX2-SRSF1
K562	RBFOX2_1-SRSF7_1-interaction-shap	interaction	RBFOX2	1	SRSF7	1	1	0.0	false	0.0	RBFOX2-SRSF7
K562	RBFOX2_1-SRSF9_1-interaction-shap	interaction	RBFOX2	1	SRSF9	1	1	0.0	false	0.0	RBFOX2-SRSF9
K562	RBFOX2_1-SSB_1-interaction-shap	interaction	RBFOX2	1	SSB	1	2	0.0	false	0.0	RBFOX2-SSB
K562	RBFOX2_1-TAF15_1-interaction-shap	interaction	RBFOX2	1	TAF15	1	1	0.0	false	0.0	RBFOX2-TAF15
K562	RBFOX2_1-TBRG4_1-interaction-shap	interaction	RBFOX2	1	TBRG4	1	36	0.0	false	0.0	RBFOX2-TBRG4
K562	RBFOX2_1-U2AF1_1-interaction-shap	interaction	RBFOX2	1	U2AF1	1	12	0.0	false	0.0	RBFOX2-U2AF1
K562	RBFOX2_1-UTP18_1-interaction-shap	interaction	RBFOX2	1	UTP18	1	2	0.0	false	0.0	RBFOX2-UTP18
K562	RBFOX2_1-WDR43_1-interaction-shap	interaction	RBFOX2	1	WDR43	1	12	0.0	false	0.0	RBFOX2-WDR43
K562	RBFOX2_1-ZC3H11A_1-interaction-shap	interaction	RBFOX2	1	ZC3H11A	1	4	0.0	false	0.0	RBFOX2-ZC3H11A
K562	RBFOX2_1-ZC3H8_1-interaction-shap	interaction	RBFOX2	1	ZC3H8	1	2	0.0	false	0.0	RBFOX2-ZC3H8
K562	RBFOX2_1-ZRANB2_1-interaction-shap	interaction	RBFOX2	1	ZRANB2	1	66	0.0	false	0.0	RBFOX2-ZRANB2
K562	RBM15_1-SERBP1_1-interaction-shap	interaction	RBM15	1	SERBP1	1	10	0.0	false	0.0	RBM15-SERBP1
K562	RBM15_1-SMNDC1_1-interaction-shap	interaction	RBM15	1	SMNDC1	1	91	0.0	false	0.0	RBM15-SMNDC1
K562	ABCF1_1-EIF4E_1-interaction-shap	interaction	ABCF1	1	EIF4E	1	36	0.0	false	0.0	ABCF1-EIF4E
K562	RBM15_1-TAF15_1-interaction-shap	interaction	RBM15	1	TAF15	1	25	0.0	false	0.0	RBM15-TAF15
K562	RBM15_1-TBRG4_1-interaction-shap	interaction	RBM15	1	TBRG4	1	31	0.0	false	0.0	RBM15-TBRG4
K562	RBM15_1-UTP18_1-interaction-shap	interaction	RBM15	1	UTP18	1	5	0.0	false	0.0	RBM15-UTP18
K562	RBM15_1-ZC3H11A_1-interaction-shap	interaction	RBM15	1	ZC3H11A	1	1	0.0	false	0.0	RBM15-ZC3H11A
K562	RBM15_1-ZRANB2_1-interaction-shap	interaction	RBM15	1	ZRANB2	1	6	0.0	false	0.0	RBM15-ZRANB2
K562	RBM22_1-SMNDC1_1-interaction-shap	interaction	RBM22	1	SMNDC1	1	37	0.0	false	0.0	RBM22-SMNDC1
K562	RBM22_1-WDR43_1-interaction-shap	interaction	RBM22	1	WDR43	1	26	0.0	false	0.0	RBM22-WDR43
K562	RNF187_1-SF3B4_1-interaction-shap	interaction	RNF187	1	SF3B4	1	8	0.0	false	0.0	RNF187-SF3B4
K562	RPS10_1-SRSF1_1-interaction-shap	interaction	RPS10	1	SRSF1	1	4	0.0	false	0.0	RPS10-SRSF1
K562	RPS10_1-TAF15_1-interaction-shap	interaction	RPS10	1	TAF15	1	5	0.0	false	0.0	RPS10-TAF15
K562	RPS10_1-TBRG4_1-interaction-shap	interaction	RPS10	1	TBRG4	1	5	0.0	false	0.0	RPS10-TBRG4
K562	RPS10_1-UCHL5_1-interaction-shap	interaction	RPS10	1	UCHL5	1	4	0.0	false	0.0	RPS10-UCHL5
K562	RPS10_1-ZRANB2_1-interaction-shap	interaction	RPS10	1	ZRANB2	1	5	0.0	false	0.0	RPS10-ZRANB2
K562	RPS11_1-SMNDC1_1-interaction-shap	interaction	RPS11	1	SMNDC1	1	1	0.0	false	0.0	RPS11-SMNDC1
K562	RPS11_1-SRSF9_1-interaction-shap	interaction	RPS11	1	SRSF9	1	1	0.0	false	0.0	RPS11-SRSF9
K562	RPS11_1-UCHL5_1-interaction-shap	interaction	RPS11	1	UCHL5	1	1	0.0	false	0.0	RPS11-UCHL5
K562	RPS11_1-XRCC6_1-interaction-shap	interaction	RPS11	1	XRCC6	1	1	0.0	false	0.0	RPS11-XRCC6
K562	AATF_1-SRSF1_1-interaction-shap	interaction	AATF	1	SRSF1	1	7	0.0	false	0.0	AATF-SRSF1
K562	RPS3_1-SERBP1_1-interaction-shap	interaction	RPS3	1	SERBP1	1	14	0.0	false	0.0	RPS3-SERBP1
K562	RPS3_1-SMNDC1_1-interaction-shap	interaction	RPS3	1	SMNDC1	1	174	0.0	false	0.0	RPS3-SMNDC1
K562	RPS3_1-SRSF7_1-interaction-shap	interaction	RPS3	1	SRSF7	1	3	0.0	false	0.0	RPS3-SRSF7
K562	RPS3_1-TARDBP_1-interaction-shap	interaction	RPS3	1	TARDBP	1	1	0.0	false	0.0	RPS3-TARDBP
K562	RPS3_1-TBRG4_1-interaction-shap	interaction	RPS3	1	TBRG4	1	26	0.0	false	0.0	RPS3-TBRG4
K562	RPS3_1-UPF1_1-interaction-shap	interaction	RPS3	1	UPF1	1	33	0.0	false	0.0	RPS3-UPF1
K562	RPS3_1-UTP18_1-interaction-shap	interaction	RPS3	1	UTP18	1	4	0.0	false	0.0	RPS3-UTP18
K562	RPS3_1-XRCC6_1-interaction-shap	interaction	RPS3	1	XRCC6	1	31	0.0	false	0.0	RPS3-XRCC6
K562	AATF_1-RPS6_1-interaction-shap	interaction	AATF	1	RPS6	1	31	0.0	false	0.0	AATF-RPS6
K562	RPS6_1-SDAD1_1-interaction-shap	interaction	RPS6	1	SDAD1	1	4	0.0	false	0.0	RPS6-SDAD1
K562	RPS6_1-SMNDC1_1-interaction-shap	interaction	RPS6	1	SMNDC1	1	31	0.0	false	0.0	RPS6-SMNDC1
K562	RPS6_1-SND1_1-interaction-shap	interaction	RPS6	1	SND1	1	3	0.0	false	0.0	RPS6-SND1
K562	RPS6_1-SRSF1_1-interaction-shap	interaction	RPS6	1	SRSF1	1	43	0.0	false	0.0	RPS6-SRSF1
K562	RPS6_1-SSB_1-interaction-shap	interaction	RPS6	1	SSB	1	2	0.0	false	0.0	RPS6-SSB
K562	RPS6_1-TRA2A_1-interaction-shap	interaction	RPS6	1	TRA2A	1	9	0.0	false	0.0	RPS6-TRA2A
K562	RPS6_1-UTP18_1-interaction-shap	interaction	RPS6	1	UTP18	1	21	0.0	false	0.0	RPS6-UTP18
K562	RPS6_1-WDR43_1-interaction-shap	interaction	RPS6	1	WDR43	1	3	0.0	false	0.0	RPS6-WDR43
K562	RPS6_1-XRCC6_1-interaction-shap	interaction	RPS6	1	XRCC6	1	2	0.0	false	0.0	RPS6-XRCC6
K562	RPS6_1-XRN2_1-interaction-shap	interaction	RPS6	1	XRN2	1	3	0.0	false	0.0	RPS6-XRN2
K562	RPS6_1-YBX3_1-interaction-shap	interaction	RPS6	1	YBX3	1	49	0.0	false	0.0	RPS6-YBX3
K562	RPS6_1-ZC3H8_1-interaction-shap	interaction	RPS6	1	ZC3H8	1	23	0.0	false	0.0	RPS6-ZC3H8
K562	SDAD1_1-SF3B4_1-interaction-shap	interaction	SDAD1	1	SF3B4	1	11	0.0	false	0.0	SDAD1-SF3B4
K562	SERBP1_1-TBRG4_1-interaction-shap	interaction	SERBP1	1	TBRG4	1	6	0.0	false	0.0	SERBP1-TBRG4
K562	SERBP1_1-UCHL5_1-interaction-shap	interaction	SERBP1	1	UCHL5	1	1	0.0	false	0.0	SERBP1-UCHL5
K562	SERBP1_1-UTP18_1-interaction-shap	interaction	SERBP1	1	UTP18	1	5	0.0	false	0.0	SERBP1-UTP18
K562	SERBP1_1-ZRANB2_1-interaction-shap	interaction	SERBP1	1	ZRANB2	1	6	0.0	false	0.0	SERBP1-ZRANB2
K562	AATF_1-RBFOX2_1-interaction-shap	interaction	AATF	1	RBFOX2	1	17	0.0	false	0.0	AATF-RBFOX2
K562	SF3B1_1-SRSF1_1-interaction-shap	interaction	SF3B1	1	SRSF1	1	6	0.0	false	0.0	SF3B1-SRSF1
K562	SF3B1_1-U2AF2_1-interaction-shap	interaction	SF3B1	1	U2AF2	1	4	0.0	false	0.0	SF3B1-U2AF2
K562	SF3B4_1-SRSF7_1-interaction-shap	interaction	SF3B4	1	SRSF7	1	67	0.0	false	0.0	SF3B4-SRSF7
K562	SF3B4_1-SSB_1-interaction-shap	interaction	SF3B4	1	SSB	1	26	0.0	false	0.0	SF3B4-SSB
K562	SF3B4_1-TBRG4_1-interaction-shap	interaction	SF3B4	1	TBRG4	1	42	0.0	false	0.0	SF3B4-TBRG4
K562	SF3B4_1-UTP18_1-interaction-shap	interaction	SF3B4	1	UTP18	1	248	0.0	false	0.0	SF3B4-UTP18
K562	SF3B4_1-WDR3_1-interaction-shap	interaction	SF3B4	1	WDR3	1	5	0.0	false	0.0	SF3B4-WDR3
K562	SF3B4_1-WDR43_1-interaction-shap	interaction	SF3B4	1	WDR43	1	82	0.0	false	0.0	SF3B4-WDR43
K562	SF3B4_1-WRN_1-interaction-shap	interaction	SF3B4	1	WRN	1	36	0.0	false	0.0	SF3B4-WRN
K562	SF3B4_1-XRCC6_1-interaction-shap	interaction	SF3B4	1	XRCC6	1	229	0.0	false	0.0	SF3B4-XRCC6
K562	SF3B4_1-ZC3H8_1-interaction-shap	interaction	SF3B4	1	ZC3H8	1	311	0.0	false	0.0	SF3B4-ZC3H8
K562	SF3B4_1-ZRANB2_1-interaction-shap	interaction	SF3B4	1	ZRANB2	1	384	0.0	false	0.0	SF3B4-ZRANB2
K562	SLTM_1-TAF15_1-interaction-shap	interaction	SLTM	1	TAF15	1	1	0.0	false	0.0	SLTM-TAF15
K562	SLTM_1-TIA1_1-interaction-shap	interaction	SLTM	1	TIA1	1	42	0.0	false	0.0	SLTM-TIA1
K562	SMNDC1_1-SRSF1_1-interaction-shap	interaction	SMNDC1	1	SRSF1	1	51	0.0	false	0.0	SMNDC1-SRSF1
K562	SMNDC1_1-SRSF7_1-interaction-shap	interaction	SMNDC1	1	SRSF7	1	9	0.0	false	0.0	SMNDC1-SRSF7
K562	SMNDC1_1-TAF15_1-interaction-shap	interaction	SMNDC1	1	TAF15	1	1	0.0	false	0.0	SMNDC1-TAF15
K562	SMNDC1_1-TARDBP_1-interaction-shap	interaction	SMNDC1	1	TARDBP	1	71	0.0	false	0.0	SMNDC1-TARDBP
K562	SMNDC1_1-TBRG4_1-interaction-shap	interaction	SMNDC1	1	TBRG4	1	117	0.0	false	0.0	SMNDC1-TBRG4
K562	SMNDC1_1-TIA1_1-interaction-shap	interaction	SMNDC1	1	TIA1	1	67	0.0	false	0.0	SMNDC1-TIA1
K562	SMNDC1_1-UTP18_1-interaction-shap	interaction	SMNDC1	1	UTP18	1	285	0.0	false	0.0	SMNDC1-UTP18
K562	SMNDC1_1-WDR3_1-interaction-shap	interaction	SMNDC1	1	WDR3	1	6	0.0	false	0.0	SMNDC1-WDR3
K562	SMNDC1_1-XRCC6_1-interaction-shap	interaction	SMNDC1	1	XRCC6	1	171	0.0	false	0.0	SMNDC1-XRCC6
K562	SMNDC1_1-YWHAG_1-interaction-shap	interaction	SMNDC1	1	YWHAG	1	44	0.0	false	0.0	SMNDC1-YWHAG
K562	SMNDC1_1-ZC3H8_1-interaction-shap	interaction	SMNDC1	1	ZC3H8	1	169	0.0	false	0.0	SMNDC1-ZC3H8
K562	SMNDC1_1-ZRANB2_1-interaction-shap	interaction	SMNDC1	1	ZRANB2	1	236	0.0	false	0.0	SMNDC1-ZRANB2
K562	SRSF1_1-SRSF7_1-interaction-shap	interaction	SRSF1	1	SRSF7	1	86	0.0	false	0.0	SRSF1-SRSF7
K562	SRSF1_1-TARDBP_1-interaction-shap	interaction	SRSF1	1	TARDBP	1	2	0.0	false	0.0	SRSF1-TARDBP
K562	SRSF1_1-U2AF1_1-interaction-shap	interaction	SRSF1	1	U2AF1	1	34	0.0	false	0.0	SRSF1-U2AF1
K562	SRSF1_1-UPF1_1-interaction-shap	interaction	SRSF1	1	UPF1	1	3	0.0	false	0.0	SRSF1-UPF1
K562	SRSF1_1-XRN2_1-interaction-shap	interaction	SRSF1	1	XRN2	1	14	0.0	false	0.0	SRSF1-XRN2
K562	SRSF1_1-YWHAG_1-interaction-shap	interaction	SRSF1	1	YWHAG	1	1	0.0	false	0.0	SRSF1-YWHAG
K562	SRSF1_1-ZRANB2_1-interaction-shap	interaction	SRSF1	1	ZRANB2	1	6	0.0	false	0.0	SRSF1-ZRANB2
K562	SRSF7_1-TRA2A_1-interaction-shap	interaction	SRSF7	1	TRA2A	1	160	0.0	false	0.0	SRSF7-TRA2A
K562	SRSF7_1-U2AF1_1-interaction-shap	interaction	SRSF7	1	U2AF1	1	1	0.0	false	0.0	SRSF7-U2AF1
K562	SRSF7_1-UTP18_1-interaction-shap	interaction	SRSF7	1	UTP18	1	10	0.0	false	0.0	SRSF7-UTP18
K562	SRSF7_1-ZC3H8_1-interaction-shap	interaction	SRSF7	1	ZC3H8	1	9	0.0	false	0.0	SRSF7-ZC3H8
K562	AATF_1-LIN28B_1-interaction-shap	interaction	AATF	1	LIN28B	1	4	0.0	false	0.0	AATF-LIN28B
K562	SRSF9_1-UCHL5_1-interaction-shap	interaction	SRSF9	1	UCHL5	1	1	0.0	false	0.0	SRSF9-UCHL5
K562	SRSF9_1-UTP18_1-interaction-shap	interaction	SRSF9	1	UTP18	1	6	0.0	false	0.0	SRSF9-UTP18
K562	SRSF9_1-WDR3_1-interaction-shap	interaction	SRSF9	1	WDR3	1	6	0.0	false	0.0	SRSF9-WDR3
K562	SRSF9_1-XRCC6_1-interaction-shap	interaction	SRSF9	1	XRCC6	1	1	0.0	false	0.0	SRSF9-XRCC6
K562	SRSF9_1-ZC3H8_1-interaction-shap	interaction	SRSF9	1	ZC3H8	1	6	0.0	false	0.0	SRSF9-ZC3H8
K562	TAF15_1-TBRG4_1-interaction-shap	interaction	TAF15	1	TBRG4	1	34	0.0	false	0.0	TAF15-TBRG4
K562	TAF15_1-TIA1_1-interaction-shap	interaction	TAF15	1	TIA1	1	11	0.0	false	0.0	TAF15-TIA1
K562	TAF15_1-UCHL5_1-interaction-shap	interaction	TAF15	1	UCHL5	1	29	0.0	false	0.0	TAF15-UCHL5
K562	TAF15_1-UPF1_1-interaction-shap	interaction	TAF15	1	UPF1	1	28	0.0	false	0.0	TAF15-UPF1
K562	TAF15_1-UTP18_1-interaction-shap	interaction	TAF15	1	UTP18	1	1	0.0	false	0.0	TAF15-UTP18
K562	TAF15_1-WDR43_1-interaction-shap	interaction	TAF15	1	WDR43	1	1	0.0	false	0.0	TAF15-WDR43
K562	TAF15_1-XRCC6_1-interaction-shap	interaction	TAF15	1	XRCC6	1	1	0.0	false	0.0	TAF15-XRCC6
K562	TAF15_1-YWHAG_1-interaction-shap	interaction	TAF15	1	YWHAG	1	11	0.0	false	0.0	TAF15-YWHAG
K562	TAF15_1-ZC3H11A_1-interaction-shap	interaction	TAF15	1	ZC3H11A	1	1	0.0	false	0.0	TAF15-ZC3H11A
K562	TAF15_1-ZNF622_1-interaction-shap	interaction	TAF15	1	ZNF622	1	3	0.0	false	0.0	TAF15-ZNF622
K562	TAF15_1-ZRANB2_1-interaction-shap	interaction	TAF15	1	ZRANB2	1	6	0.0	false	0.0	TAF15-ZRANB2
K562	TARDBP_1-TBRG4_1-interaction-shap	interaction	TARDBP	1	TBRG4	1	59	0.0	false	0.0	TARDBP-TBRG4
K562	TARDBP_1-TIA1_1-interaction-shap	interaction	TARDBP	1	TIA1	1	2	0.0	false	0.0	TARDBP-TIA1
K562	TARDBP_1-U2AF1_1-interaction-shap	interaction	TARDBP	1	U2AF1	1	11	0.0	false	0.0	TARDBP-U2AF1
K562	TARDBP_1-XRCC6_1-interaction-shap	interaction	TARDBP	1	XRCC6	1	30	0.0	false	0.0	TARDBP-XRCC6
K562	TARDBP_1-ZRANB2_1-interaction-shap	interaction	TARDBP	1	ZRANB2	1	3	0.0	false	0.0	TARDBP-ZRANB2
K562	TBRG4_1-TIA1_1-interaction-shap	interaction	TBRG4	1	TIA1	1	22	0.0	false	0.0	TBRG4-TIA1
K562	TBRG4_1-UCHL5_1-interaction-shap	interaction	TBRG4	1	UCHL5	1	64	0.0	false	0.0	TBRG4-UCHL5
K562	TBRG4_1-UTP18_1-interaction-shap	interaction	TBRG4	1	UTP18	1	13	0.0	false	0.0	TBRG4-UTP18
K562	TBRG4_1-XRCC6_1-interaction-shap	interaction	TBRG4	1	XRCC6	1	8	0.0	false	0.0	TBRG4-XRCC6
K562	TBRG4_1-XRN2_1-interaction-shap	interaction	TBRG4	1	XRN2	1	62	0.0	false	0.0	TBRG4-XRN2
K562	TBRG4_1-YWHAG_1-interaction-shap	interaction	TBRG4	1	YWHAG	1	45	0.0	false	0.0	TBRG4-YWHAG
K562	TBRG4_1-ZC3H11A_1-interaction-shap	interaction	TBRG4	1	ZC3H11A	1	1	0.0	false	0.0	TBRG4-ZC3H11A
K562	TBRG4_1-ZC3H8_1-interaction-shap	interaction	TBRG4	1	ZC3H8	1	6	0.0	false	0.0	TBRG4-ZC3H8
K562	TBRG4_1-ZRANB2_1-interaction-shap	interaction	TBRG4	1	ZRANB2	1	12	0.0	false	0.0	TBRG4-ZRANB2
K562	TIA1_1-UTP18_1-interaction-shap	interaction	TIA1	1	UTP18	1	1	0.0	false	0.0	TIA1-UTP18
K562	TIA1_1-WDR43_1-interaction-shap	interaction	TIA1	1	WDR43	1	26	0.0	false	0.0	TIA1-WDR43
K562	TIA1_1-XRCC6_1-interaction-shap	interaction	TIA1	1	XRCC6	1	11	0.0	false	0.0	TIA1-XRCC6
K562	TIA1_1-YWHAG_1-interaction-shap	interaction	TIA1	1	YWHAG	1	50	0.0	false	0.0	TIA1-YWHAG
K562	TIA1_1-ZRANB2_1-interaction-shap	interaction	TIA1	1	ZRANB2	1	1	0.0	false	0.0	TIA1-ZRANB2
K562	TRA2A_1-UTP18_1-interaction-shap	interaction	TRA2A	1	UTP18	1	84	0.0	false	0.0	TRA2A-UTP18
K562	TRA2A_1-XRCC6_1-interaction-shap	interaction	TRA2A	1	XRCC6	1	2	0.0	false	0.0	TRA2A-XRCC6
K562	TRA2A_1-ZC3H8_1-interaction-shap	interaction	TRA2A	1	ZC3H8	1	87	0.0	false	0.0	TRA2A-ZC3H8
K562	TRA2A_1-ZRANB2_1-interaction-shap	interaction	TRA2A	1	ZRANB2	1	3	0.0	false	0.0	TRA2A-ZRANB2
K562	U2AF1_1-XRCC6_1-interaction-shap	interaction	U2AF1	1	XRCC6	1	4	0.0	false	0.0	U2AF1-XRCC6
K562	U2AF1_1-ZRANB2_1-interaction-shap	interaction	U2AF1	1	ZRANB2	1	14	0.0	false	0.0	U2AF1-ZRANB2
K562	U2AF2_1-UPF1_1-interaction-shap	interaction	U2AF2	1	UPF1	1	22	0.0	false	0.0	U2AF2-UPF1
K562	U2AF2_1-WDR43_1-interaction-shap	interaction	U2AF2	1	WDR43	1	4	0.0	false	0.0	U2AF2-WDR43
K562	U2AF2_1-XRCC6_1-interaction-shap	interaction	U2AF2	1	XRCC6	1	4	0.0	false	0.0	U2AF2-XRCC6
K562	U2AF2_1-ZRANB2_1-interaction-shap	interaction	U2AF2	1	ZRANB2	1	64	0.0	false	0.0	U2AF2-ZRANB2
K562	UCHL5_1-UTP18_1-interaction-shap	interaction	UCHL5	1	UTP18	1	1	0.0	false	0.0	UCHL5-UTP18
K562	UCHL5_1-ZC3H8_1-interaction-shap	interaction	UCHL5	1	ZC3H8	1	14	0.0	false	0.0	UCHL5-ZC3H8
K562	UTP18_1-WDR3_1-interaction-shap	interaction	UTP18	1	WDR3	1	6	0.0	false	0.0	UTP18-WDR3
K562	UTP18_1-XRCC6_1-interaction-shap	interaction	UTP18	1	XRCC6	1	163	0.0	false	0.0	UTP18-XRCC6
K562	UTP18_1-XRN2_1-interaction-shap	interaction	UTP18	1	XRN2	1	2	0.0	false	0.0	UTP18-XRN2
K562	UTP18_1-YWHAG_1-interaction-shap	interaction	UTP18	1	YWHAG	1	1	0.0	false	0.0	UTP18-YWHAG
K562	UTP18_1-ZC3H11A_1-interaction-shap	interaction	UTP18	1	ZC3H11A	1	1	0.0	false	0.0	UTP18-ZC3H11A
K562	UTP18_1-ZC3H8_1-interaction-shap	interaction	UTP18	1	ZC3H8	1	119	0.0	false	0.0	UTP18-ZC3H8
K562	UTP18_1-ZRANB2_1-interaction-shap	interaction	UTP18	1	ZRANB2	1	159	0.0	false	0.0	UTP18-ZRANB2
K562	WDR3_1-ZC3H8_1-interaction-shap	interaction	WDR3	1	ZC3H8	1	5	0.0	false	0.0	WDR3-ZC3H8
K562	XRCC6_1-XRN2_1-interaction-shap	interaction	XRCC6	1	XRN2	1	10	0.0	false	0.0	XRCC6-XRN2
K562	XRCC6_1-YWHAG_1-interaction-shap	interaction	XRCC6	1	YWHAG	1	1	0.0	false	0.0	XRCC6-YWHAG
K562	XRCC6_1-ZRANB2_1-interaction-shap	interaction	XRCC6	1	ZRANB2	1	158	0.0	false	0.0	XRCC6-ZRANB2
K562	XRN2_1-YWHAG_1-interaction-shap	interaction	XRN2	1	YWHAG	1	34	0.0	false	0.0	XRN2-YWHAG
K562	XRN2_1-ZC3H11A_1-interaction-shap	interaction	XRN2	1	ZC3H11A	1	4	0.0	false	0.0	XRN2-ZC3H11A
K562	XRN2_1-ZRANB2_1-interaction-shap	interaction	XRN2	1	ZRANB2	1	4	0.0	false	0.0	XRN2-ZRANB2
K562	YWHAG_1-ZC3H11A_1-interaction-shap	interaction	YWHAG	1	ZC3H11A	1	1	0.0	false	0.0	YWHAG-ZC3H11A
K562	YWHAG_1-ZRANB2_1-interaction-shap	interaction	YWHAG	1	ZRANB2	1	1	0.0	false	0.0	YWHAG-ZRANB2
K562	ZC3H11A_1-ZRANB2_1-interaction-shap	interaction	ZC3H11A	1	ZRANB2	1	1	0.0	false	0.0	ZC3H11A-ZRANB2
K562	ZC3H8_1-ZRANB2_1-interaction-shap	interaction	ZC3H8	1	ZRANB2	1	113	0.0	false	0.0	ZC3H8-ZRANB2
K562	AARS_2-EXOSC10_2-interaction-shap	interaction	AARS	2	EXOSC10	2	4	0.0	false	0.0	AARS-EXOSC10
K562	AARS_2-RPS6_2-interaction-shap	interaction	AARS	2	RPS6	2	4	0.0	false	0.0	AARS-RPS6
K562	ADAT1_2-GPKOW_2-interaction-shap	interaction	ADAT1	2	GPKOW	2	1	0.0	false	0.0	ADAT1-GPKOW
K562	AGGF1_2-RBM22_2-interaction-shap	interaction	AGGF1	2	RBM22	2	1	0.0	false	0.0	AGGF1-RBM22
K562	AKAP1_2-DDX42_2-interaction-shap	interaction	AKAP1	2	DDX42	2	1	0.0	false	0.0	AKAP1-DDX42
K562	AKAP1_2-EFTUD2_2-interaction-shap	interaction	AKAP1	2	EFTUD2	2	24	0.0	false	0.0	AKAP1-EFTUD2
K562	AKAP1_2-EIF4G2_2-interaction-shap	interaction	AKAP1	2	EIF4G2	2	15	0.0	false	0.0	AKAP1-EIF4G2
K562	AKAP1_2-NOLC1_2-interaction-shap	interaction	AKAP1	2	NOLC1	2	1	0.0	false	0.0	AKAP1-NOLC1
K562	AKAP1_2-RPS6_2-interaction-shap	interaction	AKAP1	2	RPS6	2	1	0.0	false	0.0	AKAP1-RPS6
K562	AKAP1_2-SRSF1_2-interaction-shap	interaction	AKAP1	2	SRSF1	2	5	0.0	false	0.0	AKAP1-SRSF1
K562	AKAP1_2-SRSF7_2-interaction-shap	interaction	AKAP1	2	SRSF7	2	4	0.0	false	0.0	AKAP1-SRSF7
K562	AKAP1_2-TARDBP_2-interaction-shap	interaction	AKAP1	2	TARDBP	2	16	0.0	false	0.0	AKAP1-TARDBP
K562	AKAP1_2-ZC3H11A_2-interaction-shap	interaction	AKAP1	2	ZC3H11A	2	4	0.0	false	0.0	AKAP1-ZC3H11A
K562	AKAP8L_2-GPKOW_2-interaction-shap	interaction	AKAP8L	2	GPKOW	2	14	0.0	false	0.0	AKAP8L-GPKOW
K562	AKAP8L_2-RPS6_2-interaction-shap	interaction	AKAP8L	2	RPS6	2	91	0.0	false	0.0	AKAP8L-RPS6
K562	AKAP8L_2-SRSF1_2-interaction-shap	interaction	AKAP8L	2	SRSF1	2	25	0.0	false	0.0	AKAP8L-SRSF1
K562	AKAP8L_2-U2AF2_2-interaction-shap	interaction	AKAP8L	2	U2AF2	2	12	0.0	false	0.0	AKAP8L-U2AF2
K562	APEX1_2-DDX6_2-interaction-shap	interaction	APEX1	2	DDX6	2	4	0.0	false	0.0	APEX1-DDX6
K562	APEX1_2-EEF2_2-interaction-shap	interaction	APEX1	2	EEF2	2	18	0.0	false	0.0	APEX1-EEF2
K562	APEX1_2-EXOSC10_2-interaction-shap	interaction	APEX1	2	EXOSC10	2	6	0.0	false	0.0	APEX1-EXOSC10
K562	APEX1_2-HNRNPK_2-interaction-shap	interaction	APEX1	2	HNRNPK	2	8	0.0	false	0.0	APEX1-HNRNPK
K562	APEX1_2-LARP4_2-interaction-shap	interaction	APEX1	2	LARP4	2	5	0.0	false	0.0	APEX1-LARP4
K562	APEX1_2-SRSF1_2-interaction-shap	interaction	APEX1	2	SRSF1	2	2	0.0	false	0.0	APEX1-SRSF1
K562	APEX1_2-SRSF9_2-interaction-shap	interaction	APEX1	2	SRSF9	2	10	0.0	false	0.0	APEX1-SRSF9
K562	APEX1_2-TRA2A_2-interaction-shap	interaction	APEX1	2	TRA2A	2	2	0.0	false	0.0	APEX1-TRA2A
K562	APEX1_2-XRCC6_2-interaction-shap	interaction	APEX1	2	XRCC6	2	4	0.0	false	0.0	APEX1-XRCC6
K562	APOBEC3C_2-CPSF6_2-interaction-shap	interaction	APOBEC3C	2	CPSF6	2	41	0.0	false	0.0	APOBEC3C-CPSF6
K562	APOBEC3C_2-MTPAP_2-interaction-shap	interaction	APOBEC3C	2	MTPAP	2	5	0.0	false	0.0	APOBEC3C-MTPAP
K562	APOBEC3C_2-NONO_2-interaction-shap	interaction	APOBEC3C	2	NONO	2	16	0.0	false	0.0	APOBEC3C-NONO
K562	APOBEC3C_2-RBM22_2-interaction-shap	interaction	APOBEC3C	2	RBM22	2	166	0.0	false	0.0	APOBEC3C-RBM22
K562	APOBEC3C_2-UTP18_2-interaction-shap	interaction	APOBEC3C	2	UTP18	2	14	0.0	false	0.0	APOBEC3C-UTP18
K562	APOBEC3C_2-XRN2_2-interaction-shap	interaction	APOBEC3C	2	XRN2	2	27	0.0	false	0.0	APOBEC3C-XRN2
K562	BUD13_2-UTP18_2-interaction-shap	interaction	BUD13	2	UTP18	2	292	0.0	false	0.0	BUD13-UTP18
K562	BUD13_2-WRN_2-interaction-shap	interaction	BUD13	2	WRN	2	61	0.0	false	0.0	BUD13-WRN
K562	CPEB4_2-FAM120A_2-interaction-shap	interaction	CPEB4	2	FAM120A	2	1	0.0	false	0.0	CPEB4-FAM120A
K562	CPEB4_2-RBFOX2_2-interaction-shap	interaction	CPEB4	2	RBFOX2	2	20	0.0	false	0.0	CPEB4-RBFOX2
K562	CPEB4_2-RBM22_2-interaction-shap	interaction	CPEB4	2	RBM22	2	19	0.0	false	0.0	CPEB4-RBM22
K562	CPEB4_2-UCHL5_2-interaction-shap	interaction	CPEB4	2	UCHL5	2	17	0.0	false	0.0	CPEB4-UCHL5
K562	CPSF6_2-DDX6_2-interaction-shap	interaction	CPSF6	2	DDX6	2	15	0.0	false	0.0	CPSF6-DDX6
K562	CPSF6_2-EIF3G_2-interaction-shap	interaction	CPSF6	2	EIF3G	2	81	0.0	false	0.0	CPSF6-EIF3G
K562	CPSF6_2-FXR2_2-interaction-shap	interaction	CPSF6	2	FXR2	2	17	0.0	false	0.0	CPSF6-FXR2
K562	CPSF6_2-PUM2_2-interaction-shap	interaction	CPSF6	2	PUM2	2	4	0.0	false	0.0	CPSF6-PUM2
K562	CPSF6_2-RBM22_2-interaction-shap	interaction	CPSF6	2	RBM22	2	32	0.0	false	0.0	CPSF6-RBM22
K562	CPSF6_2-SMNDC1_2-interaction-shap	interaction	CPSF6	2	SMNDC1	2	21	0.0	false	0.0	CPSF6-SMNDC1
K562	CPSF6_2-TIA1_2-interaction-shap	interaction	CPSF6	2	TIA1	2	14	0.0	false	0.0	CPSF6-TIA1
K562	CPSF6_2-UTP18_2-interaction-shap	interaction	CPSF6	2	UTP18	2	116	0.0	false	0.0	CPSF6-UTP18
K562	CPSF6_2-XRCC6_2-interaction-shap	interaction	CPSF6	2	XRCC6	2	1	0.0	false	0.0	CPSF6-XRCC6
K562	CSTF2T_2-EXOSC10_2-interaction-shap	interaction	CSTF2T	2	EXOSC10	2	120	0.0	false	0.0	CSTF2T-EXOSC10
K562	CSTF2T_2-LARP4_2-interaction-shap	interaction	CSTF2T	2	LARP4	2	18	0.0	false	0.0	CSTF2T-LARP4
K562	CSTF2T_2-MATR3_2-interaction-shap	interaction	CSTF2T	2	MATR3	2	9	0.0	false	0.0	CSTF2T-MATR3
K562	CSTF2T_2-RBM22_2-interaction-shap	interaction	CSTF2T	2	RBM22	2	145	0.0	false	0.0	CSTF2T-RBM22
K562	CSTF2T_2-RPS10_2-interaction-shap	interaction	CSTF2T	2	RPS10	2	68	0.0	false	0.0	CSTF2T-RPS10
K562	CSTF2T_2-RPS6_2-interaction-shap	interaction	CSTF2T	2	RPS6	2	1	0.0	false	0.0	CSTF2T-RPS6
K562	CSTF2T_2-SAFB_2-interaction-shap	interaction	CSTF2T	2	SAFB	2	9	0.0	false	0.0	CSTF2T-SAFB
K562	CSTF2T_2-SDAD1_2-interaction-shap	interaction	CSTF2T	2	SDAD1	2	10	0.0	false	0.0	CSTF2T-SDAD1
K562	CSTF2T_2-SERBP1_2-interaction-shap	interaction	CSTF2T	2	SERBP1	2	11	0.0	false	0.0	CSTF2T-SERBP1
K562	AATF_1-EXOSC10_1-interaction-shap	interaction	AATF	1	EXOSC10	1	9	0.0	false	0.0	AATF-EXOSC10
K562	CSTF2T_2-SUPV3L1_2-interaction-shap	interaction	CSTF2T	2	SUPV3L1	2	2	0.0	false	0.0	CSTF2T-SUPV3L1
K562	CSTF2T_2-WRN_2-interaction-shap	interaction	CSTF2T	2	WRN	2	58	0.0	false	0.0	CSTF2T-WRN
K562	DDX1_2-HNRNPK_2-interaction-shap	interaction	DDX1	2	HNRNPK	2	54	0.0	false	0.0	DDX1-HNRNPK
K562	DDX1_2-RPS6_2-interaction-shap	interaction	DDX1	2	RPS6	2	1	0.0	false	0.0	DDX1-RPS6
K562	DDX1_2-U2AF1_2-interaction-shap	interaction	DDX1	2	U2AF1	2	13	0.0	false	0.0	DDX1-U2AF1
K562	DDX21_2-FXR1_2-interaction-shap	interaction	DDX21	2	FXR1	2	5	0.0	false	0.0	DDX21-FXR1
K562	DDX21_2-RYBP_2-interaction-shap	interaction	DDX21	2	RYBP	2	4	0.0	false	0.0	DDX21-RYBP
K562	DDX3X_2-EXOSC5_2-interaction-shap	interaction	DDX3X	2	EXOSC5	2	45	0.0	false	0.0	DDX3X-EXOSC5
K562	DDX3X_2-HNRNPL_2-interaction-shap	interaction	DDX3X	2	HNRNPL	2	2	0.0	false	0.0	DDX3X-HNRNPL
K562	DDX3X_2-ILF3_2-interaction-shap	interaction	DDX3X	2	ILF3	2	17	0.0	false	0.0	DDX3X-ILF3
K562	DDX3X_2-SAFB_2-interaction-shap	interaction	DDX3X	2	SAFB	2	7	0.0	false	0.0	DDX3X-SAFB
K562	DDX3X_2-SSB_2-interaction-shap	interaction	DDX3X	2	SSB	2	3	0.0	false	0.0	DDX3X-SSB
K562	DDX3X_2-UTP18_2-interaction-shap	interaction	DDX3X	2	UTP18	2	167	0.0	false	0.0	DDX3X-UTP18
K562	DDX3X_2-WDR43_2-interaction-shap	interaction	DDX3X	2	WDR43	2	2	0.0	false	0.0	DDX3X-WDR43
K562	DDX42_2-EIF4G2_2-interaction-shap	interaction	DDX42	2	EIF4G2	2	21	0.0	false	0.0	DDX42-EIF4G2
K562	DDX42_2-FMR1_2-interaction-shap	interaction	DDX42	2	FMR1	2	7	0.0	false	0.0	DDX42-FMR1
K562	DDX42_2-LIN28B_2-interaction-shap	interaction	DDX42	2	LIN28B	2	18	0.0	false	0.0	DDX42-LIN28B
K562	DDX42_2-PCBP1_2-interaction-shap	interaction	DDX42	2	PCBP1	2	61	0.0	false	0.0	DDX42-PCBP1
K562	DDX42_2-RBM15_2-interaction-shap	interaction	DDX42	2	RBM15	2	30	0.0	false	0.0	DDX42-RBM15
K562	DDX42_2-RPS3_2-interaction-shap	interaction	DDX42	2	RPS3	2	13	0.0	false	0.0	DDX42-RPS3
K562	DDX42_2-RPS6_2-interaction-shap	interaction	DDX42	2	RPS6	2	1	0.0	false	0.0	DDX42-RPS6
K562	DDX42_2-SRSF7_2-interaction-shap	interaction	DDX42	2	SRSF7	2	19	0.0	false	0.0	DDX42-SRSF7
K562	DDX42_2-TARDBP_2-interaction-shap	interaction	DDX42	2	TARDBP	2	21	0.0	false	0.0	DDX42-TARDBP
K562	DDX47_2-EEF2_2-interaction-shap	interaction	DDX47	2	EEF2	2	9	0.0	false	0.0	DDX47-EEF2
K562	DDX47_2-EIF4G2_2-interaction-shap	interaction	DDX47	2	EIF4G2	2	66	0.0	false	0.0	DDX47-EIF4G2
K562	DDX47_2-ELAVL1_2-interaction-shap	interaction	DDX47	2	ELAVL1	2	16	0.0	false	0.0	DDX47-ELAVL1
K562	DDX47_2-HNRNPK_2-interaction-shap	interaction	DDX47	2	HNRNPK	2	153	0.0	false	0.0	DDX47-HNRNPK
K562	DDX47_2-IGF2BP2_2-interaction-shap	interaction	DDX47	2	IGF2BP2	2	67	0.0	false	0.0	DDX47-IGF2BP2
K562	DDX47_2-ILF3_2-interaction-shap	interaction	DDX47	2	ILF3	2	14	0.0	false	0.0	DDX47-ILF3
K562	DDX47_2-PCBP1_2-interaction-shap	interaction	DDX47	2	PCBP1	2	14	0.0	false	0.0	DDX47-PCBP1
K562	DDX47_2-RBM15_2-interaction-shap	interaction	DDX47	2	RBM15	2	1	0.0	false	0.0	DDX47-RBM15
K562	DDX47_2-RBM22_2-interaction-shap	interaction	DDX47	2	RBM22	2	4	0.0	false	0.0	DDX47-RBM22
K562	DDX47_2-RPS6_2-interaction-shap	interaction	DDX47	2	RPS6	2	10	0.0	false	0.0	DDX47-RPS6
K562	DDX47_2-SRSF9_2-interaction-shap	interaction	DDX47	2	SRSF9	2	10	0.0	false	0.0	DDX47-SRSF9
K562	DDX51_2-LIN28B_2-interaction-shap	interaction	DDX51	2	LIN28B	2	17	0.0	false	0.0	DDX51-LIN28B
K562	DDX51_2-RBM22_2-interaction-shap	interaction	DDX51	2	RBM22	2	17	0.0	false	0.0	DDX51-RBM22
K562	DDX51_2-RPS6_2-interaction-shap	interaction	DDX51	2	RPS6	2	1	0.0	false	0.0	DDX51-RPS6
K562	DDX52_2-EXOSC5_2-interaction-shap	interaction	DDX52	2	EXOSC5	2	5	0.0	false	0.0	DDX52-EXOSC5
K562	DDX52_2-LIN28B_2-interaction-shap	interaction	DDX52	2	LIN28B	2	5	0.0	false	0.0	DDX52-LIN28B
K562	DDX52_2-PCBP1_2-interaction-shap	interaction	DDX52	2	PCBP1	2	316	0.0	false	0.0	DDX52-PCBP1
K562	DDX52_2-RPS6_2-interaction-shap	interaction	DDX52	2	RPS6	2	3	0.0	false	0.0	DDX52-RPS6
K562	DDX52_2-SRSF1_2-interaction-shap	interaction	DDX52	2	SRSF1	2	2	0.0	false	0.0	DDX52-SRSF1
K562	DDX52_2-U2AF1_2-interaction-shap	interaction	DDX52	2	U2AF1	2	13	0.0	false	0.0	DDX52-U2AF1
K562	DDX55_2-EIF4G2_2-interaction-shap	interaction	DDX55	2	EIF4G2	2	4	0.0	false	0.0	DDX55-EIF4G2
K562	DDX55_2-EWSR1_2-interaction-shap	interaction	DDX55	2	EWSR1	2	98	0.0	false	0.0	DDX55-EWSR1
K562	DDX55_2-EXOSC10_2-interaction-shap	interaction	DDX55	2	EXOSC10	2	22	0.0	false	0.0	DDX55-EXOSC10
K562	DDX55_2-RBFOX2_2-interaction-shap	interaction	DDX55	2	RBFOX2	2	15	0.0	false	0.0	DDX55-RBFOX2
K562	DDX55_2-RBM22_2-interaction-shap	interaction	DDX55	2	RBM22	2	104	0.0	false	0.0	DDX55-RBM22
K562	DDX55_2-RPS6_2-interaction-shap	interaction	DDX55	2	RPS6	2	13	0.0	false	0.0	DDX55-RPS6
K562	DDX6_2-EEF2_2-interaction-shap	interaction	DDX6	2	EEF2	2	4	0.0	false	0.0	DDX6-EEF2
K562	DDX6_2-EIF4G2_2-interaction-shap	interaction	DDX6	2	EIF4G2	2	4	0.0	false	0.0	DDX6-EIF4G2
K562	DDX6_2-EXOSC5_2-interaction-shap	interaction	DDX6	2	EXOSC5	2	2	0.0	false	0.0	DDX6-EXOSC5
K562	DDX6_2-QKI_2-interaction-shap	interaction	DDX6	2	QKI	2	1	0.0	false	0.0	DDX6-QKI
K562	DDX6_2-RPS6_2-interaction-shap	interaction	DDX6	2	RPS6	2	4	0.0	false	0.0	DDX6-RPS6
K562	DDX6_2-TRA2A_2-interaction-shap	interaction	DDX6	2	TRA2A	2	16	0.0	false	0.0	DDX6-TRA2A
K562	DGCR8_2-EIF4G2_2-interaction-shap	interaction	DGCR8	2	EIF4G2	2	79	0.0	false	0.0	DGCR8-EIF4G2
K562	DGCR8_2-EXOSC5_2-interaction-shap	interaction	DGCR8	2	EXOSC5	2	4	0.0	false	0.0	DGCR8-EXOSC5
K562	DGCR8_2-HNRNPM_2-interaction-shap	interaction	DGCR8	2	HNRNPM	2	8	0.0	false	0.0	DGCR8-HNRNPM
K562	DGCR8_2-MATR3_2-interaction-shap	interaction	DGCR8	2	MATR3	2	5	0.0	false	0.0	DGCR8-MATR3
K562	DGCR8_2-PCBP1_2-interaction-shap	interaction	DGCR8	2	PCBP1	2	61	0.0	false	0.0	DGCR8-PCBP1
K562	DGCR8_2-RBM22_2-interaction-shap	interaction	DGCR8	2	RBM22	2	77	0.0	false	0.0	DGCR8-RBM22
K562	DGCR8_2-RPS10_2-interaction-shap	interaction	DGCR8	2	RPS10	2	70	0.0	false	0.0	DGCR8-RPS10
K562	DGCR8_2-RPS6_2-interaction-shap	interaction	DGCR8	2	RPS6	2	1	0.0	false	0.0	DGCR8-RPS6
K562	DGCR8_2-WRN_2-interaction-shap	interaction	DGCR8	2	WRN	2	61	0.0	false	0.0	DGCR8-WRN
K562	DHX30_2-EXOSC10_2-interaction-shap	interaction	DHX30	2	EXOSC10	2	31	0.0	false	0.0	DHX30-EXOSC10
K562	DHX30_2-LARP4_2-interaction-shap	interaction	DHX30	2	LARP4	2	5	0.0	false	0.0	DHX30-LARP4
K562	DHX30_2-LIN28B_2-interaction-shap	interaction	DHX30	2	LIN28B	2	2	0.0	false	0.0	DHX30-LIN28B
K562	DHX30_2-RPS6_2-interaction-shap	interaction	DHX30	2	RPS6	2	7	0.0	false	0.0	DHX30-RPS6
K562	DROSHA_2-EXOSC10_2-interaction-shap	interaction	DROSHA	2	EXOSC10	2	133	0.0	false	0.0	DROSHA-EXOSC10
K562	DROSHA_2-RBM22_2-interaction-shap	interaction	DROSHA	2	RBM22	2	161	0.0	false	0.0	DROSHA-RBM22
K562	EEF2_2-EIF3G_2-interaction-shap	interaction	EEF2	2	EIF3G	2	4	0.0	false	0.0	EEF2-EIF3G
K562	EEF2_2-EXOSC10_2-interaction-shap	interaction	EEF2	2	EXOSC10	2	4	0.0	false	0.0	EEF2-EXOSC10
K562	EEF2_2-HNRNPK_2-interaction-shap	interaction	EEF2	2	HNRNPK	2	34	0.0	false	0.0	EEF2-HNRNPK
K562	EEF2_2-LARP4_2-interaction-shap	interaction	EEF2	2	LARP4	2	5	0.0	false	0.0	EEF2-LARP4
K562	EEF2_2-PCBP1_2-interaction-shap	interaction	EEF2	2	PCBP1	2	4	0.0	false	0.0	EEF2-PCBP1
K562	EEF2_2-PRPF8_2-interaction-shap	interaction	EEF2	2	PRPF8	2	1	0.0	false	0.0	EEF2-PRPF8
K562	EEF2_2-PTBP1_2-interaction-shap	interaction	EEF2	2	PTBP1	2	7	0.0	false	0.0	EEF2-PTBP1
K562	EEF2_2-RPS3_2-interaction-shap	interaction	EEF2	2	RPS3	2	5	0.0	false	0.0	EEF2-RPS3
K562	EEF2_2-RPS6_2-interaction-shap	interaction	EEF2	2	RPS6	2	14	0.0	false	0.0	EEF2-RPS6
K562	EEF2_2-SMNDC1_2-interaction-shap	interaction	EEF2	2	SMNDC1	2	9	0.0	false	0.0	EEF2-SMNDC1
K562	EEF2_2-XRCC6_2-interaction-shap	interaction	EEF2	2	XRCC6	2	5	0.0	false	0.0	EEF2-XRCC6
K562	EEF2_2-XRN2_2-interaction-shap	interaction	EEF2	2	XRN2	2	28	0.0	false	0.0	EEF2-XRN2
K562	EFTUD2_2-HNRNPA1_2-interaction-shap	interaction	EFTUD2	2	HNRNPA1	2	15	0.0	false	0.0	EFTUD2-HNRNPA1
K562	EFTUD2_2-NPM1_2-interaction-shap	interaction	EFTUD2	2	NPM1	2	12	0.0	false	0.0	EFTUD2-NPM1
K562	EFTUD2_2-RPS10_2-interaction-shap	interaction	EFTUD2	2	RPS10	2	18	0.0	false	0.0	EFTUD2-RPS10
K562	EFTUD2_2-SRSF9_2-interaction-shap	interaction	EFTUD2	2	SRSF9	2	7	0.0	false	0.0	EFTUD2-SRSF9
K562	EIF3G_2-EXOSC10_2-interaction-shap	interaction	EIF3G	2	EXOSC10	2	111	0.0	false	0.0	EIF3G-EXOSC10
K562	EIF3G_2-HNRNPC_2-interaction-shap	interaction	EIF3G	2	HNRNPC	2	37	0.0	false	0.0	EIF3G-HNRNPC
K562	EIF3G_2-MTPAP_2-interaction-shap	interaction	EIF3G	2	MTPAP	2	92	0.0	false	0.0	EIF3G-MTPAP
K562	EIF3G_2-NONO_2-interaction-shap	interaction	EIF3G	2	NONO	2	118	0.0	false	0.0	EIF3G-NONO
K562	EIF3G_2-PTBP1_2-interaction-shap	interaction	EIF3G	2	PTBP1	2	81	0.0	false	0.0	EIF3G-PTBP1
K562	EIF3G_2-RBFOX2_2-interaction-shap	interaction	EIF3G	2	RBFOX2	2	2	0.0	false	0.0	EIF3G-RBFOX2
K562	EIF3G_2-RBM22_2-interaction-shap	interaction	EIF3G	2	RBM22	2	59	0.0	false	0.0	EIF3G-RBM22
K562	EIF3G_2-UTP18_2-interaction-shap	interaction	EIF3G	2	UTP18	2	81	0.0	false	0.0	EIF3G-UTP18
K562	EIF4E_2-RBM22_2-interaction-shap	interaction	EIF4E	2	RBM22	2	58	0.0	false	0.0	EIF4E-RBM22
K562	EIF4E_2-RYBP_2-interaction-shap	interaction	EIF4E	2	RYBP	2	4	0.0	false	0.0	EIF4E-RYBP
K562	EIF4E_2-SDAD1_2-interaction-shap	interaction	EIF4E	2	SDAD1	2	15	0.0	false	0.0	EIF4E-SDAD1
K562	EIF4E_2-TROVE2_2-interaction-shap	interaction	EIF4E	2	TROVE2	2	5	0.0	false	0.0	EIF4E-TROVE2
K562	EIF4G2_2-IGF2BP2_2-interaction-shap	interaction	EIF4G2	2	IGF2BP2	2	67	0.0	false	0.0	EIF4G2-IGF2BP2
K562	EIF4G2_2-KHSRP_2-interaction-shap	interaction	EIF4G2	2	KHSRP	2	7	0.0	false	0.0	EIF4G2-KHSRP
K562	EIF4G2_2-MBNL1_2-interaction-shap	interaction	EIF4G2	2	MBNL1	2	1	0.0	false	0.0	EIF4G2-MBNL1
K562	AATF_1-LARP7_1-interaction-shap	interaction	AATF	1	LARP7	1	14	0.0	false	0.0	AATF-LARP7
K562	EIF4G2_2-PUM1_2-interaction-shap	interaction	EIF4G2	2	PUM1	2	27	0.0	false	0.0	EIF4G2-PUM1
K562	EIF4G2_2-RPS10_2-interaction-shap	interaction	EIF4G2	2	RPS10	2	65	0.0	false	0.0	EIF4G2-RPS10
K562	EIF4G2_2-TROVE2_2-interaction-shap	interaction	EIF4G2	2	TROVE2	2	20	0.0	false	0.0	EIF4G2-TROVE2
K562	EIF4G2_2-U2AF1_2-interaction-shap	interaction	EIF4G2	2	U2AF1	2	7	0.0	false	0.0	EIF4G2-U2AF1
K562	EIF4G2_2-U2AF2_2-interaction-shap	interaction	EIF4G2	2	U2AF2	2	7	0.0	false	0.0	EIF4G2-U2AF2
K562	EIF4G2_2-YBX3_2-interaction-shap	interaction	EIF4G2	2	YBX3	2	67	0.0	false	0.0	EIF4G2-YBX3
K562	EIF4G2_2-ZC3H11A_2-interaction-shap	interaction	EIF4G2	2	ZC3H11A	2	4	0.0	false	0.0	EIF4G2-ZC3H11A
K562	EIF4G2_2-ZNF800_2-interaction-shap	interaction	EIF4G2	2	ZNF800	2	29	0.0	false	0.0	EIF4G2-ZNF800
K562	ELAC2_2-HNRNPK_2-interaction-shap	interaction	ELAC2	2	HNRNPK	2	20	0.0	false	0.0	ELAC2-HNRNPK
K562	ELAC2_2-SERBP1_2-interaction-shap	interaction	ELAC2	2	SERBP1	2	11	0.0	false	0.0	ELAC2-SERBP1
K562	ELAC2_2-U2AF1_2-interaction-shap	interaction	ELAC2	2	U2AF1	2	20	0.0	false	0.0	ELAC2-U2AF1
K562	ELAVL1_2-QKI_2-interaction-shap	interaction	ELAVL1	2	QKI	2	4	0.0	false	0.0	ELAVL1-QKI
K562	ELAVL1_2-TRA2A_2-interaction-shap	interaction	ELAVL1	2	TRA2A	2	18	0.0	false	0.0	ELAVL1-TRA2A
K562	EWSR1_2-EXOSC10_2-interaction-shap	interaction	EWSR1	2	EXOSC10	2	27	0.0	false	0.0	EWSR1-EXOSC10
K562	EWSR1_2-GPKOW_2-interaction-shap	interaction	EWSR1	2	GPKOW	2	3	0.0	false	0.0	EWSR1-GPKOW
K562	EWSR1_2-GRWD1_2-interaction-shap	interaction	EWSR1	2	GRWD1	2	156	0.0	false	0.0	EWSR1-GRWD1
K562	EWSR1_2-KHSRP_2-interaction-shap	interaction	EWSR1	2	KHSRP	2	3	0.0	false	0.0	EWSR1-KHSRP
K562	AARS_1-SF3B4_1-interaction-shap	interaction	AARS	1	SF3B4	1	79	0.0	false	0.0	AARS-SF3B4
K562	EWSR1_2-PCBP1_2-interaction-shap	interaction	EWSR1	2	PCBP1	2	311	0.0	false	0.0	EWSR1-PCBP1
K562	EWSR1_2-RPS6_2-interaction-shap	interaction	EWSR1	2	RPS6	2	3	0.0	false	0.0	EWSR1-RPS6
K562	AATF_1-EIF4G2_1-interaction-shap	interaction	AATF	1	EIF4G2	1	36	0.0	false	0.0	AATF-EIF4G2
K562	EWSR1_2-SRSF7_2-interaction-shap	interaction	EWSR1	2	SRSF7	2	20	0.0	false	0.0	EWSR1-SRSF7
K562	EWSR1_2-WRN_2-interaction-shap	interaction	EWSR1	2	WRN	2	58	0.0	false	0.0	EWSR1-WRN
K562	EWSR1_2-ZNF800_2-interaction-shap	interaction	EWSR1	2	ZNF800	2	24	0.0	false	0.0	EWSR1-ZNF800
K562	EXOSC10_2-HNRNPM_2-interaction-shap	interaction	EXOSC10	2	HNRNPM	2	46	0.0	false	0.0	EXOSC10-HNRNPM
K562	EXOSC10_2-IGF2BP2_2-interaction-shap	interaction	EXOSC10	2	IGF2BP2	2	4	0.0	false	0.0	EXOSC10-IGF2BP2
K562	EXOSC10_2-NPM1_2-interaction-shap	interaction	EXOSC10	2	NPM1	2	5	0.0	false	0.0	EXOSC10-NPM1
K562	EXOSC10_2-PCBP1_2-interaction-shap	interaction	EXOSC10	2	PCBP1	2	56	0.0	false	0.0	EXOSC10-PCBP1
K562	EXOSC10_2-PPIL4_2-interaction-shap	interaction	EXOSC10	2	PPIL4	2	5	0.0	false	0.0	EXOSC10-PPIL4
K562	EXOSC10_2-SLTM_2-interaction-shap	interaction	EXOSC10	2	SLTM	2	85	0.0	false	0.0	EXOSC10-SLTM
K562	EXOSC10_2-UPF1_2-interaction-shap	interaction	EXOSC10	2	UPF1	2	7	0.0	false	0.0	EXOSC10-UPF1
K562	EXOSC10_2-UTP18_2-interaction-shap	interaction	EXOSC10	2	UTP18	2	135	0.0	false	0.0	EXOSC10-UTP18
K562	EXOSC10_2-WRN_2-interaction-shap	interaction	EXOSC10	2	WRN	2	21	0.0	false	0.0	EXOSC10-WRN
K562	EXOSC10_2-XRCC6_2-interaction-shap	interaction	EXOSC10	2	XRCC6	2	6	0.0	false	0.0	EXOSC10-XRCC6
K562	EXOSC10_2-ZRANB2_2-interaction-shap	interaction	EXOSC10	2	ZRANB2	2	5	0.0	false	0.0	EXOSC10-ZRANB2
K562	EXOSC5_2-FASTKD2_2-interaction-shap	interaction	EXOSC5	2	FASTKD2	2	107	0.0	false	0.0	EXOSC5-FASTKD2
K562	EXOSC5_2-FXR1_2-interaction-shap	interaction	EXOSC5	2	FXR1	2	11	0.0	false	0.0	EXOSC5-FXR1
K562	EXOSC5_2-FXR2_2-interaction-shap	interaction	EXOSC5	2	FXR2	2	8	0.0	false	0.0	EXOSC5-FXR2
K562	EXOSC5_2-GTF2F1_2-interaction-shap	interaction	EXOSC5	2	GTF2F1	2	149	0.0	false	0.0	EXOSC5-GTF2F1
K562	EXOSC5_2-RBM15_2-interaction-shap	interaction	EXOSC5	2	RBM15	2	125	0.0	false	0.0	EXOSC5-RBM15
K562	EXOSC5_2-RPS3_2-interaction-shap	interaction	EXOSC5	2	RPS3	2	14	0.0	false	0.0	EXOSC5-RPS3
K562	EXOSC5_2-SRSF1_2-interaction-shap	interaction	EXOSC5	2	SRSF1	2	7	0.0	false	0.0	EXOSC5-SRSF1
K562	EXOSC5_2-TIA1_2-interaction-shap	interaction	EXOSC5	2	TIA1	2	18	0.0	false	0.0	EXOSC5-TIA1
K562	FAM120A_2-HNRNPK_2-interaction-shap	interaction	FAM120A	2	HNRNPK	2	20	0.0	false	0.0	FAM120A-HNRNPK
K562	FAM120A_2-LARP4_2-interaction-shap	interaction	FAM120A	2	LARP4	2	17	0.0	false	0.0	FAM120A-LARP4
K562	FAM120A_2-RPS6_2-interaction-shap	interaction	FAM120A	2	RPS6	2	1	0.0	false	0.0	FAM120A-RPS6
K562	FAM120A_2-SRSF7_2-interaction-shap	interaction	FAM120A	2	SRSF7	2	88	0.0	false	0.0	FAM120A-SRSF7
K562	FASTKD2_2-HNRNPK_2-interaction-shap	interaction	FASTKD2	2	HNRNPK	2	20	0.0	false	0.0	FASTKD2-HNRNPK
K562	FASTKD2_2-PCBP1_2-interaction-shap	interaction	FASTKD2	2	PCBP1	2	301	0.0	false	0.0	FASTKD2-PCBP1
K562	FASTKD2_2-SRSF1_2-interaction-shap	interaction	FASTKD2	2	SRSF1	2	2	0.0	false	0.0	FASTKD2-SRSF1
K562	FMR1_2-LARP4_2-interaction-shap	interaction	FMR1	2	LARP4	2	3	0.0	false	0.0	FMR1-LARP4
K562	FMR1_2-QKI_2-interaction-shap	interaction	FMR1	2	QKI	2	1	0.0	false	0.0	FMR1-QKI
K562	AATF_1-DGCR8_1-interaction-shap	interaction	AATF	1	DGCR8	1	1	0.0	false	0.0	AATF-DGCR8
K562	FMR1_2-ZRANB2_2-interaction-shap	interaction	FMR1	2	ZRANB2	2	6	0.0	false	0.0	FMR1-ZRANB2
K562	FTO_2-RBM22_2-interaction-shap	interaction	FTO	2	RBM22	2	5	0.0	false	0.0	FTO-RBM22
K562	FUS_2-GARS_2-interaction-shap	interaction	FUS	2	GARS	2	41	0.0	false	0.0	FUS-GARS
K562	FUS_2-HNRNPU_2-interaction-shap	interaction	FUS	2	HNRNPU	2	2	0.0	false	0.0	FUS-HNRNPU
K562	FUS_2-NIPBL_2-interaction-shap	interaction	FUS	2	NIPBL	2	17	0.0	false	0.0	FUS-NIPBL
K562	FUS_2-RPS6_2-interaction-shap	interaction	FUS	2	RPS6	2	1	0.0	false	0.0	FUS-RPS6
K562	FUS_2-SUPV3L1_2-interaction-shap	interaction	FUS	2	SUPV3L1	2	2	0.0	false	0.0	FUS-SUPV3L1
K562	FUS_2-WRN_2-interaction-shap	interaction	FUS	2	WRN	2	60	0.0	false	0.0	FUS-WRN
K562	FXR1_2-HNRNPK_2-interaction-shap	interaction	FXR1	2	HNRNPK	2	13	0.0	false	0.0	FXR1-HNRNPK
K562	FXR1_2-LARP4_2-interaction-shap	interaction	FXR1	2	LARP4	2	7	0.0	false	0.0	FXR1-LARP4
K562	FXR1_2-RPS6_2-interaction-shap	interaction	FXR1	2	RPS6	2	20	0.0	false	0.0	FXR1-RPS6
K562	GARS_2-GPKOW_2-interaction-shap	interaction	GARS	2	GPKOW	2	1	0.0	false	0.0	GARS-GPKOW
K562	GARS_2-IGF2BP1_2-interaction-shap	interaction	GARS	2	IGF2BP1	2	34	0.0	false	0.0	GARS-IGF2BP1
K562	GARS_2-LIN28B_2-interaction-shap	interaction	GARS	2	LIN28B	2	29	0.0	false	0.0	GARS-LIN28B
K562	GARS_2-RBFOX2_2-interaction-shap	interaction	GARS	2	RBFOX2	2	18	0.0	false	0.0	GARS-RBFOX2
K562	GARS_2-U2AF2_2-interaction-shap	interaction	GARS	2	U2AF2	2	12	0.0	false	0.0	GARS-U2AF2
K562	GEMIN5_2-RBM22_2-interaction-shap	interaction	GEMIN5	2	RBM22	2	206	0.0	false	0.0	GEMIN5-RBM22
K562	GPKOW_2-HNRNPA1_2-interaction-shap	interaction	GPKOW	2	HNRNPA1	2	8	0.0	false	0.0	GPKOW-HNRNPA1
K562	GPKOW_2-ILF3_2-interaction-shap	interaction	GPKOW	2	ILF3	2	11	0.0	false	0.0	GPKOW-ILF3
K562	GPKOW_2-QKI_2-interaction-shap	interaction	GPKOW	2	QKI	2	7	0.0	false	0.0	GPKOW-QKI
K562	GPKOW_2-RBFOX2_2-interaction-shap	interaction	GPKOW	2	RBFOX2	2	69	0.0	false	0.0	GPKOW-RBFOX2
K562	GPKOW_2-SLBP_2-interaction-shap	interaction	GPKOW	2	SLBP	2	1	0.0	false	0.0	GPKOW-SLBP
K562	GPKOW_2-UTP18_2-interaction-shap	interaction	GPKOW	2	UTP18	2	14	0.0	false	0.0	GPKOW-UTP18
K562	GRWD1_2-HNRNPC_2-interaction-shap	interaction	GRWD1	2	HNRNPC	2	3	0.0	false	0.0	GRWD1-HNRNPC
K562	GTF2F1_2-LIN28B_2-interaction-shap	interaction	GTF2F1	2	LIN28B	2	51	0.0	false	0.0	GTF2F1-LIN28B
K562	GTF2F1_2-RPS10_2-interaction-shap	interaction	GTF2F1	2	RPS10	2	69	0.0	false	0.0	GTF2F1-RPS10
K562	GTF2F1_2-RPS6_2-interaction-shap	interaction	GTF2F1	2	RPS6	2	1	0.0	false	0.0	GTF2F1-RPS6
K562	GTF2F1_2-SRSF7_2-interaction-shap	interaction	GTF2F1	2	SRSF7	2	106	0.0	false	0.0	GTF2F1-SRSF7
K562	GTF2F1_2-SUPV3L1_2-interaction-shap	interaction	GTF2F1	2	SUPV3L1	2	2	0.0	false	0.0	GTF2F1-SUPV3L1
K562	GTF2F1_2-TRA2A_2-interaction-shap	interaction	GTF2F1	2	TRA2A	2	4	0.0	false	0.0	GTF2F1-TRA2A
K562	HNRNPA1_2-PRPF8_2-interaction-shap	interaction	HNRNPA1	2	PRPF8	2	16	0.0	false	0.0	HNRNPA1-PRPF8
K562	HNRNPA1_2-SF3B4_2-interaction-shap	interaction	HNRNPA1	2	SF3B4	2	8	0.0	false	0.0	HNRNPA1-SF3B4
K562	HNRNPC_2-NCBP2_2-interaction-shap	interaction	HNRNPC	2	NCBP2	2	39	0.0	false	0.0	HNRNPC-NCBP2
K562	AARS_1-TIA1_1-interaction-shap	interaction	AARS	1	TIA1	1	1	0.0	false	0.0	AARS-TIA1
K562	HNRNPK_2-RPS6_2-interaction-shap	interaction	HNRNPK	2	RPS6	2	14	0.0	false	0.0	HNRNPK-RPS6
K562	HNRNPK_2-SRSF9_2-interaction-shap	interaction	HNRNPK	2	SRSF9	2	16	0.0	false	0.0	HNRNPK-SRSF9
K562	HNRNPL_2-KHSRP_2-interaction-shap	interaction	HNRNPL	2	KHSRP	2	28	0.0	false	0.0	HNRNPL-KHSRP
K562	HNRNPL_2-RBM15_2-interaction-shap	interaction	HNRNPL	2	RBM15	2	56	0.0	false	0.0	HNRNPL-RBM15
K562	HNRNPL_2-XRN2_2-interaction-shap	interaction	HNRNPL	2	XRN2	2	30	0.0	false	0.0	HNRNPL-XRN2
K562	HNRNPM_2-IGF2BP2_2-interaction-shap	interaction	HNRNPM	2	IGF2BP2	2	5	0.0	false	0.0	HNRNPM-IGF2BP2
K562	HNRNPM_2-RPS6_2-interaction-shap	interaction	HNRNPM	2	RPS6	2	46	0.0	false	0.0	HNRNPM-RPS6
K562	HNRNPUL1_2-RPS3_2-interaction-shap	interaction	HNRNPUL1	2	RPS3	2	3	0.0	false	0.0	HNRNPUL1-RPS3
K562	AARS_1-TAF15_1-interaction-shap	interaction	AARS	1	TAF15	1	1	0.0	false	0.0	AARS-TAF15
K562	IGF2BP1_2-LSM11_2-interaction-shap	interaction	IGF2BP1	2	LSM11	2	3	0.0	false	0.0	IGF2BP1-LSM11
K562	IGF2BP1_2-MTPAP_2-interaction-shap	interaction	IGF2BP1	2	MTPAP	2	24	0.0	false	0.0	IGF2BP1-MTPAP
K562	IGF2BP1_2-NIPBL_2-interaction-shap	interaction	IGF2BP1	2	NIPBL	2	34	0.0	false	0.0	IGF2BP1-NIPBL
K562	IGF2BP1_2-QKI_2-interaction-shap	interaction	IGF2BP1	2	QKI	2	10	0.0	false	0.0	IGF2BP1-QKI
K562	IGF2BP2_2-QKI_2-interaction-shap	interaction	IGF2BP2	2	QKI	2	3	0.0	false	0.0	IGF2BP2-QKI
K562	IGF2BP2_2-RPS10_2-interaction-shap	interaction	IGF2BP2	2	RPS10	2	66	0.0	false	0.0	IGF2BP2-RPS10
K562	IGF2BP2_2-RPS6_2-interaction-shap	interaction	IGF2BP2	2	RPS6	2	18	0.0	false	0.0	IGF2BP2-RPS6
K562	IGF2BP2_2-TARDBP_2-interaction-shap	interaction	IGF2BP2	2	TARDBP	2	21	0.0	false	0.0	IGF2BP2-TARDBP
K562	ILF3_2-SERBP1_2-interaction-shap	interaction	ILF3	2	SERBP1	2	1	0.0	false	0.0	ILF3-SERBP1
K562	LARP4_2-RBFOX2_2-interaction-shap	interaction	LARP4	2	RBFOX2	2	34	0.0	false	0.0	LARP4-RBFOX2
K562	LARP4_2-XRN2_2-interaction-shap	interaction	LARP4	2	XRN2	2	4	0.0	false	0.0	LARP4-XRN2
K562	LARP4_2-ZC3H11A_2-interaction-shap	interaction	LARP4	2	ZC3H11A	2	1	0.0	false	0.0	LARP4-ZC3H11A
K562	LARP7_2-SRSF1_2-interaction-shap	interaction	LARP7	2	SRSF1	2	2	0.0	false	0.0	LARP7-SRSF1
K562	LIN28B_2-YWHAG_2-interaction-shap	interaction	LIN28B	2	YWHAG	2	2	0.0	false	0.0	LIN28B-YWHAG
K562	LSM11_2-RBM22_2-interaction-shap	interaction	LSM11	2	RBM22	2	76	0.0	false	0.0	LSM11-RBM22
K562	LSM11_2-RPS6_2-interaction-shap	interaction	LSM11	2	RPS6	2	1	0.0	false	0.0	LSM11-RPS6
K562	LSM11_2-SRSF1_2-interaction-shap	interaction	LSM11	2	SRSF1	2	80	0.0	false	0.0	LSM11-SRSF1
K562	MATR3_2-RBFOX2_2-interaction-shap	interaction	MATR3	2	RBFOX2	2	19	0.0	false	0.0	MATR3-RBFOX2
K562	MBNL1_2-TARDBP_2-interaction-shap	interaction	MBNL1	2	TARDBP	2	1	0.0	false	0.0	MBNL1-TARDBP
K562	MORC2_2-RBM22_2-interaction-shap	interaction	MORC2	2	RBM22	2	10	0.0	false	0.0	MORC2-RBM22
K562	MTPAP_2-PUM2_2-interaction-shap	interaction	MTPAP	2	PUM2	2	8	0.0	false	0.0	MTPAP-PUM2
K562	MTPAP_2-RBM22_2-interaction-shap	interaction	MTPAP	2	RBM22	2	12	0.0	false	0.0	MTPAP-RBM22
K562	NCBP2_2-RBM22_2-interaction-shap	interaction	NCBP2	2	RBM22	2	183	0.0	false	0.0	NCBP2-RBM22
K562	NCBP2_2-RPS6_2-interaction-shap	interaction	NCBP2	2	RPS6	2	6	0.0	false	0.0	NCBP2-RPS6
K562	NIPBL_2-RBM22_2-interaction-shap	interaction	NIPBL	2	RBM22	2	26	0.0	false	0.0	NIPBL-RBM22
K562	NIPBL_2-TIA1_2-interaction-shap	interaction	NIPBL	2	TIA1	2	30	0.0	false	0.0	NIPBL-TIA1
K562	NIPBL_2-U2AF2_2-interaction-shap	interaction	NIPBL	2	U2AF2	2	19	0.0	false	0.0	NIPBL-U2AF2
K562	NOLC1_2-RPS6_2-interaction-shap	interaction	NOLC1	2	RPS6	2	1	0.0	false	0.0	NOLC1-RPS6
K562	NOLC1_2-SRSF1_2-interaction-shap	interaction	NOLC1	2	SRSF1	2	37	0.0	false	0.0	NOLC1-SRSF1
K562	NOLC1_2-ZC3H8_2-interaction-shap	interaction	NOLC1	2	ZC3H8	2	35	0.0	false	0.0	NOLC1-ZC3H8
K562	NONO_2-RPS10_2-interaction-shap	interaction	NONO	2	RPS10	2	84	0.0	false	0.0	NONO-RPS10
K562	NONO_2-RPS11_2-interaction-shap	interaction	NONO	2	RPS11	2	4	0.0	false	0.0	NONO-RPS11
K562	NONO_2-RPS6_2-interaction-shap	interaction	NONO	2	RPS6	2	1	0.0	false	0.0	NONO-RPS6
K562	NONO_2-SRSF7_2-interaction-shap	interaction	NONO	2	SRSF7	2	5	0.0	false	0.0	NONO-SRSF7
K562	NONO_2-SRSF9_2-interaction-shap	interaction	NONO	2	SRSF9	2	27	0.0	false	0.0	NONO-SRSF9
K562	NPM1_2-PPIL4_2-interaction-shap	interaction	NPM1	2	PPIL4	2	5	0.0	false	0.0	NPM1-PPIL4
K562	NPM1_2-PTBP1_2-interaction-shap	interaction	NPM1	2	PTBP1	2	5	0.0	false	0.0	NPM1-PTBP1
K562	NPM1_2-RBFOX2_2-interaction-shap	interaction	NPM1	2	RBFOX2	2	5	0.0	false	0.0	NPM1-RBFOX2
K562	NPM1_2-RBM15_2-interaction-shap	interaction	NPM1	2	RBM15	2	5	0.0	false	0.0	NPM1-RBM15
K562	AARS_1-IGF2BP2_1-interaction-shap	interaction	AARS	1	IGF2BP2	1	1	0.0	false	0.0	AARS-IGF2BP2
K562	PCBP1_2-SRSF9_2-interaction-shap	interaction	PCBP1	2	SRSF9	2	37	0.0	false	0.0	PCBP1-SRSF9
K562	PCBP1_2-TBRG4_2-interaction-shap	interaction	PCBP1	2	TBRG4	2	82	0.0	false	0.0	PCBP1-TBRG4
K562	PCBP1_2-TIA1_2-interaction-shap	interaction	PCBP1	2	TIA1	2	2	0.0	false	0.0	PCBP1-TIA1
K562	PCBP1_2-UTP18_2-interaction-shap	interaction	PCBP1	2	UTP18	2	151	0.0	false	0.0	PCBP1-UTP18
K562	PCBP1_2-YWHAG_2-interaction-shap	interaction	PCBP1	2	YWHAG	2	5	0.0	false	0.0	PCBP1-YWHAG
K562	PCBP1_2-ZC3H8_2-interaction-shap	interaction	PCBP1	2	ZC3H8	2	5	0.0	false	0.0	PCBP1-ZC3H8
K562	PCBP1_2-ZRANB2_2-interaction-shap	interaction	PCBP1	2	ZRANB2	2	5	0.0	false	0.0	PCBP1-ZRANB2
K562	PHF6_2-SRSF1_2-interaction-shap	interaction	PHF6	2	SRSF1	2	2	0.0	false	0.0	PHF6-SRSF1
K562	PRPF8_2-RPS10_2-interaction-shap	interaction	PRPF8	2	RPS10	2	19	0.0	false	0.0	PRPF8-RPS10
K562	PRPF8_2-RPS11_2-interaction-shap	interaction	PRPF8	2	RPS11	2	4	0.0	false	0.0	PRPF8-RPS11
K562	PRPF8_2-RYBP_2-interaction-shap	interaction	PRPF8	2	RYBP	2	4	0.0	false	0.0	PRPF8-RYBP
K562	PRPF8_2-SLBP_2-interaction-shap	interaction	PRPF8	2	SLBP	2	1	0.0	false	0.0	PRPF8-SLBP
K562	PRPF8_2-SRSF9_2-interaction-shap	interaction	PRPF8	2	SRSF9	2	7	0.0	false	0.0	PRPF8-SRSF9
K562	PRPF8_2-SSB_2-interaction-shap	interaction	PRPF8	2	SSB	2	33	0.0	false	0.0	PRPF8-SSB
K562	PRPF8_2-TROVE2_2-interaction-shap	interaction	PRPF8	2	TROVE2	2	48	0.0	false	0.0	PRPF8-TROVE2
K562	AARS_1-RBFOX2_1-interaction-shap	interaction	AARS	1	RBFOX2	1	1	0.0	false	0.0	AARS-RBFOX2
K562	PUM1_2-TIA1_2-interaction-shap	interaction	PUM1	2	TIA1	2	91	0.0	false	0.0	PUM1-TIA1
K562	PUM2_2-RBM22_2-interaction-shap	interaction	PUM2	2	RBM22	2	41	0.0	false	0.0	PUM2-RBM22
K562	PUM2_2-SSB_2-interaction-shap	interaction	PUM2	2	SSB	2	2	0.0	false	0.0	PUM2-SSB
K562	QKI_2-RBM22_2-interaction-shap	interaction	QKI	2	RBM22	2	25	0.0	false	0.0	QKI-RBM22
K562	RBFOX2_2-RBM22_2-interaction-shap	interaction	RBFOX2	2	RBM22	2	87	0.0	false	0.0	RBFOX2-RBM22
K562	RBFOX2_2-RPS10_2-interaction-shap	interaction	RBFOX2	2	RPS10	2	3	0.0	false	0.0	RBFOX2-RPS10
K562	RBFOX2_2-RPS6_2-interaction-shap	interaction	RBFOX2	2	RPS6	2	6	0.0	false	0.0	RBFOX2-RPS6
K562	RBFOX2_2-SAFB_2-interaction-shap	interaction	RBFOX2	2	SAFB	2	2	0.0	false	0.0	RBFOX2-SAFB
K562	AARS_1-PTBP1_1-interaction-shap	interaction	AARS	1	PTBP1	1	1	0.0	false	0.0	AARS-PTBP1
K562	RBFOX2_2-TRA2A_2-interaction-shap	interaction	RBFOX2	2	TRA2A	2	24	0.0	false	0.0	RBFOX2-TRA2A
K562	RBFOX2_2-UPF1_2-interaction-shap	interaction	RBFOX2	2	UPF1	2	1	0.0	false	0.0	RBFOX2-UPF1
K562	RBFOX2_2-ZNF800_2-interaction-shap	interaction	RBFOX2	2	ZNF800	2	26	0.0	false	0.0	RBFOX2-ZNF800
K562	RBM15_2-YWHAG_2-interaction-shap	interaction	RBM15	2	YWHAG	2	29	0.0	false	0.0	RBM15-YWHAG
K562	RBM22_2-RPS6_2-interaction-shap	interaction	RBM22	2	RPS6	2	27	0.0	false	0.0	RBM22-RPS6
K562	RBM22_2-SND1_2-interaction-shap	interaction	RBM22	2	SND1	2	216	0.0	false	0.0	RBM22-SND1
K562	RBM22_2-SRSF1_2-interaction-shap	interaction	RBM22	2	SRSF1	2	159	0.0	false	0.0	RBM22-SRSF1
K562	RBM22_2-SRSF9_2-interaction-shap	interaction	RBM22	2	SRSF9	2	37	0.0	false	0.0	RBM22-SRSF9
K562	RBM22_2-UTP18_2-interaction-shap	interaction	RBM22	2	UTP18	2	7	0.0	false	0.0	RBM22-UTP18
K562	RBM22_2-ZC3H11A_2-interaction-shap	interaction	RBM22	2	ZC3H11A	2	9	0.0	false	0.0	RBM22-ZC3H11A
K562	RBM22_2-ZC3H8_2-interaction-shap	interaction	RBM22	2	ZC3H8	2	24	0.0	false	0.0	RBM22-ZC3H8
K562	RBM22_2-ZRANB2_2-interaction-shap	interaction	RBM22	2	ZRANB2	2	158	0.0	false	0.0	RBM22-ZRANB2
K562	RNF187_2-TIA1_2-interaction-shap	interaction	RNF187	2	TIA1	2	2	0.0	false	0.0	RNF187-TIA1
K562	RPS10_2-SUPV3L1_2-interaction-shap	interaction	RPS10	2	SUPV3L1	2	2	0.0	false	0.0	RPS10-SUPV3L1
K562	RPS11_2-TBRG4_2-interaction-shap	interaction	RPS11	2	TBRG4	2	4	0.0	false	0.0	RPS11-TBRG4
K562	RPS3_2-SAFB_2-interaction-shap	interaction	RPS3	2	SAFB	2	2	0.0	false	0.0	RPS3-SAFB
K562	RPS3_2-SLBP_2-interaction-shap	interaction	RPS3	2	SLBP	2	1	0.0	false	0.0	RPS3-SLBP
K562	RPS3_2-TROVE2_2-interaction-shap	interaction	RPS3	2	TROVE2	2	21	0.0	false	0.0	RPS3-TROVE2
K562	RPS3_2-WDR43_2-interaction-shap	interaction	RPS3	2	WDR43	2	3	0.0	false	0.0	RPS3-WDR43
K562	RPS6_2-RYBP_2-interaction-shap	interaction	RPS6	2	RYBP	2	4	0.0	false	0.0	RPS6-RYBP
K562	RPS6_2-SLTM_2-interaction-shap	interaction	RPS6	2	SLTM	2	1	0.0	false	0.0	RPS6-SLTM
K562	RPS6_2-SRSF9_2-interaction-shap	interaction	RPS6	2	SRSF9	2	10	0.0	false	0.0	RPS6-SRSF9
K562	RPS6_2-TBRG4_2-interaction-shap	interaction	RPS6	2	TBRG4	2	1	0.0	false	0.0	RPS6-TBRG4
K562	RPS6_2-WRN_2-interaction-shap	interaction	RPS6	2	WRN	2	3	0.0	false	0.0	RPS6-WRN
K562	SAFB2_2-SRSF1_2-interaction-shap	interaction	SAFB2	2	SRSF1	2	1	0.0	false	0.0	SAFB2-SRSF1
K562	SDAD1_2-TIA1_2-interaction-shap	interaction	SDAD1	2	TIA1	2	11	0.0	false	0.0	SDAD1-TIA1
K562	SERBP1_2-TIA1_2-interaction-shap	interaction	SERBP1	2	TIA1	2	12	0.0	false	0.0	SERBP1-TIA1
K562	SF3B4_2-SLBP_2-interaction-shap	interaction	SF3B4	2	SLBP	2	21	0.0	false	0.0	SF3B4-SLBP
K562	SLBP_2-TIA1_2-interaction-shap	interaction	SLBP	2	TIA1	2	1	0.0	false	0.0	SLBP-TIA1
K562	SRSF1_2-UTP18_2-interaction-shap	interaction	SRSF1	2	UTP18	2	36	0.0	false	0.0	SRSF1-UTP18
K562	SRSF7_2-XRCC6_2-interaction-shap	interaction	SRSF7	2	XRCC6	2	1	0.0	false	0.0	SRSF7-XRCC6
K562	SRSF7_2-XRN2_2-interaction-shap	interaction	SRSF7	2	XRN2	2	133	0.0	false	0.0	SRSF7-XRN2
K562	SRSF7_2-ZC3H11A_2-interaction-shap	interaction	SRSF7	2	ZC3H11A	2	5	0.0	false	0.0	SRSF7-ZC3H11A
K562	SUPV3L1_2-TBRG4_2-interaction-shap	interaction	SUPV3L1	2	TBRG4	2	2	0.0	false	0.0	SUPV3L1-TBRG4
K562	SUPV3L1_2-ZRANB2_2-interaction-shap	interaction	SUPV3L1	2	ZRANB2	2	2	0.0	false	0.0	SUPV3L1-ZRANB2
K562	TAF15_2-YBX3_2-interaction-shap	interaction	TAF15	2	YBX3	2	2	0.0	false	0.0	TAF15-YBX3
K562	TARDBP_2-XRN2_2-interaction-shap	interaction	TARDBP	2	XRN2	2	46	0.0	false	0.0	TARDBP-XRN2
K562	TARDBP_2-ZC3H11A_2-interaction-shap	interaction	TARDBP	2	ZC3H11A	2	5	0.0	false	0.0	TARDBP-ZC3H11A
K562	TIA1_2-TRA2A_2-interaction-shap	interaction	TIA1	2	TRA2A	2	116	0.0	false	0.0	TIA1-TRA2A
K562	TRA2A_2-YWHAG_2-interaction-shap	interaction	TRA2A	2	YWHAG	2	1	0.0	false	0.0	TRA2A-YWHAG
K562	AATF_3-U2AF2_3-interaction-shap	interaction	AATF	3	U2AF2	3	6	0.0	false	0.0	AATF-U2AF2
K562	AKAP1_3-GPKOW_3-interaction-shap	interaction	AKAP1	3	GPKOW	3	1	0.0	false	0.0	AKAP1-GPKOW
K562	AKAP1_3-PRPF8_3-interaction-shap	interaction	AKAP1	3	PRPF8	3	1	0.0	false	0.0	AKAP1-PRPF8
K562	AKAP1_3-SUPV3L1_3-interaction-shap	interaction	AKAP1	3	SUPV3L1	3	16	0.0	false	0.0	AKAP1-SUPV3L1
K562	AARS_1-LARP7_1-interaction-shap	interaction	AARS	1	LARP7	1	1	0.0	false	0.0	AARS-LARP7
K562	APOBEC3C_3-QKI_3-interaction-shap	interaction	APOBEC3C	3	QKI	3	14	0.0	false	0.0	APOBEC3C-QKI
K562	APOBEC3C_3-SAFB2_3-interaction-shap	interaction	APOBEC3C	3	SAFB2	3	5	0.0	false	0.0	APOBEC3C-SAFB2
K562	BUD13_3-EEF2_3-interaction-shap	interaction	BUD13	3	EEF2	3	6	0.0	false	0.0	BUD13-EEF2
K562	BUD13_3-HNRNPA1_3-interaction-shap	interaction	BUD13	3	HNRNPA1	3	18	0.0	false	0.0	BUD13-HNRNPA1
K562	CPEB4_3-DGCR8_3-interaction-shap	interaction	CPEB4	3	DGCR8	3	19	0.0	false	0.0	CPEB4-DGCR8
K562	CPSF6_3-DDX42_3-interaction-shap	interaction	CPSF6	3	DDX42	3	17	0.0	false	0.0	CPSF6-DDX42
K562	CPSF6_3-EIF4G2_3-interaction-shap	interaction	CPSF6	3	EIF4G2	3	17	0.0	false	0.0	CPSF6-EIF4G2
K562	CPSF6_3-YWHAG_3-interaction-shap	interaction	CPSF6	3	YWHAG	3	19	0.0	false	0.0	CPSF6-YWHAG
K562	CSTF2T_3-SAFB2_3-interaction-shap	interaction	CSTF2T	3	SAFB2	3	6	0.0	false	0.0	CSTF2T-SAFB2
K562	DDX21_3-EIF3G_3-interaction-shap	interaction	DDX21	3	EIF3G	3	36	0.0	false	0.0	DDX21-EIF3G
K562	DDX21_3-EXOSC10_3-interaction-shap	interaction	DDX21	3	EXOSC10	3	7	0.0	false	0.0	DDX21-EXOSC10
K562	DDX21_3-GNL3_3-interaction-shap	interaction	DDX21	3	GNL3	3	38	0.0	false	0.0	DDX21-GNL3
K562	DDX21_3-NPM1_3-interaction-shap	interaction	DDX21	3	NPM1	3	38	0.0	false	0.0	DDX21-NPM1
K562	DDX21_3-PCBP1_3-interaction-shap	interaction	DDX21	3	PCBP1	3	36	0.0	false	0.0	DDX21-PCBP1
K562	DDX21_3-TBRG4_3-interaction-shap	interaction	DDX21	3	TBRG4	3	36	0.0	false	0.0	DDX21-TBRG4
K562	DDX21_3-U2AF2_3-interaction-shap	interaction	DDX21	3	U2AF2	3	6	0.0	false	0.0	DDX21-U2AF2
K562	DDX21_3-XRCC6_3-interaction-shap	interaction	DDX21	3	XRCC6	3	38	0.0	false	0.0	DDX21-XRCC6
K562	DDX42_3-HNRNPK_3-interaction-shap	interaction	DDX42	3	HNRNPK	3	11	0.0	false	0.0	DDX42-HNRNPK
K562	DDX47_3-DDX6_3-interaction-shap	interaction	DDX47	3	DDX6	3	17	0.0	false	0.0	DDX47-DDX6
K562	DDX47_3-MBNL1_3-interaction-shap	interaction	DDX47	3	MBNL1	3	13	0.0	false	0.0	DDX47-MBNL1
K562	DDX47_3-SUPV3L1_3-interaction-shap	interaction	DDX47	3	SUPV3L1	3	16	0.0	false	0.0	DDX47-SUPV3L1
K562	DDX47_3-ZC3H11A_3-interaction-shap	interaction	DDX47	3	ZC3H11A	3	17	0.0	false	0.0	DDX47-ZC3H11A
K562	DDX51_3-GPKOW_3-interaction-shap	interaction	DDX51	3	GPKOW	3	1	0.0	false	0.0	DDX51-GPKOW
K562	DDX51_3-HNRNPL_3-interaction-shap	interaction	DDX51	3	HNRNPL	3	1	0.0	false	0.0	DDX51-HNRNPL
K562	DDX52_3-SUPV3L1_3-interaction-shap	interaction	DDX52	3	SUPV3L1	3	16	0.0	false	0.0	DDX52-SUPV3L1
K562	DDX55_3-FUS_3-interaction-shap	interaction	DDX55	3	FUS	3	13	0.0	false	0.0	DDX55-FUS
K562	DDX55_3-PUM2_3-interaction-shap	interaction	DDX55	3	PUM2	3	3	0.0	false	0.0	DDX55-PUM2
K562	DDX55_3-U2AF2_3-interaction-shap	interaction	DDX55	3	U2AF2	3	1	0.0	false	0.0	DDX55-U2AF2
K562	DDX6_3-GNL3_3-interaction-shap	interaction	DDX6	3	GNL3	3	38	0.0	false	0.0	DDX6-GNL3
K562	DDX6_3-NPM1_3-interaction-shap	interaction	DDX6	3	NPM1	3	38	0.0	false	0.0	DDX6-NPM1
K562	DDX6_3-SAFB2_3-interaction-shap	interaction	DDX6	3	SAFB2	3	6	0.0	false	0.0	DDX6-SAFB2
K562	DDX6_3-SUPV3L1_3-interaction-shap	interaction	DDX6	3	SUPV3L1	3	17	0.0	false	0.0	DDX6-SUPV3L1
K562	DGCR8_3-EXOSC10_3-interaction-shap	interaction	DGCR8	3	EXOSC10	3	35	0.0	false	0.0	DGCR8-EXOSC10
K562	DGCR8_3-HNRNPUL1_3-interaction-shap	interaction	DGCR8	3	HNRNPUL1	3	18	0.0	false	0.0	DGCR8-HNRNPUL1
K562	DHX30_3-SUPV3L1_3-interaction-shap	interaction	DHX30	3	SUPV3L1	3	16	0.0	false	0.0	DHX30-SUPV3L1
K562	EEF2_3-EFTUD2_3-interaction-shap	interaction	EEF2	3	EFTUD2	3	6	0.0	false	0.0	EEF2-EFTUD2
K562	EEF2_3-SF3B4_3-interaction-shap	interaction	EEF2	3	SF3B4	3	7	0.0	false	0.0	EEF2-SF3B4
K562	EEF2_3-SRSF1_3-interaction-shap	interaction	EEF2	3	SRSF1	3	7	0.0	false	0.0	EEF2-SRSF1
K562	EFTUD2_3-SUPV3L1_3-interaction-shap	interaction	EFTUD2	3	SUPV3L1	3	16	0.0	false	0.0	EFTUD2-SUPV3L1
K562	EIF3G_3-GNL3_3-interaction-shap	interaction	EIF3G	3	GNL3	3	36	0.0	false	0.0	EIF3G-GNL3
K562	EIF3G_3-NPM1_3-interaction-shap	interaction	EIF3G	3	NPM1	3	36	0.0	false	0.0	EIF3G-NPM1
K562	EIF3G_3-TRA2A_3-interaction-shap	interaction	EIF3G	3	TRA2A	3	36	0.0	false	0.0	EIF3G-TRA2A
K562	EIF4E_3-GNL3_3-interaction-shap	interaction	EIF4E	3	GNL3	3	38	0.0	false	0.0	EIF4E-GNL3
K562	EIF4E_3-METTL1_3-interaction-shap	interaction	EIF4E	3	METTL1	3	38	0.0	false	0.0	EIF4E-METTL1
K562	EIF4E_3-NPM1_3-interaction-shap	interaction	EIF4E	3	NPM1	3	38	0.0	false	0.0	EIF4E-NPM1
K562	EIF4E_3-SSB_3-interaction-shap	interaction	EIF4E	3	SSB	3	36	0.0	false	0.0	EIF4E-SSB
K562	EIF4G2_3-HLTF_3-interaction-shap	interaction	EIF4G2	3	HLTF	3	10	0.0	false	0.0	EIF4G2-HLTF
K562	EIF4G2_3-SF3B1_3-interaction-shap	interaction	EIF4G2	3	SF3B1	3	9	0.0	false	0.0	EIF4G2-SF3B1
K562	EIF4G2_3-TRA2A_3-interaction-shap	interaction	EIF4G2	3	TRA2A	3	18	0.0	false	0.0	EIF4G2-TRA2A
K562	ELAC2_3-SAFB2_3-interaction-shap	interaction	ELAC2	3	SAFB2	3	6	0.0	false	0.0	ELAC2-SAFB2
K562	ELAVL1_3-TARDBP_3-interaction-shap	interaction	ELAVL1	3	TARDBP	3	7	0.0	false	0.0	ELAVL1-TARDBP
K562	EWSR1_3-SAFB2_3-interaction-shap	interaction	EWSR1	3	SAFB2	3	5	0.0	false	0.0	EWSR1-SAFB2
K562	EXOSC5_3-GPKOW_3-interaction-shap	interaction	EXOSC5	3	GPKOW	3	5	0.0	false	0.0	EXOSC5-GPKOW
K562	FAM120A_3-SAFB2_3-interaction-shap	interaction	FAM120A	3	SAFB2	3	6	0.0	false	0.0	FAM120A-SAFB2
K562	FAM120A_3-SRSF1_3-interaction-shap	interaction	FAM120A	3	SRSF1	3	2	0.0	false	0.0	FAM120A-SRSF1
K562	FAM120A_3-SUPV3L1_3-interaction-shap	interaction	FAM120A	3	SUPV3L1	3	16	0.0	false	0.0	FAM120A-SUPV3L1
K562	FASTKD2_3-RPS6_3-interaction-shap	interaction	FASTKD2	3	RPS6	3	25	0.0	false	0.0	FASTKD2-RPS6
K562	FASTKD2_3-SAFB2_3-interaction-shap	interaction	FASTKD2	3	SAFB2	3	6	0.0	false	0.0	FASTKD2-SAFB2
K562	FASTKD2_3-TRA2A_3-interaction-shap	interaction	FASTKD2	3	TRA2A	3	6	0.0	false	0.0	FASTKD2-TRA2A
K562	FXR1_3-SERBP1_3-interaction-shap	interaction	FXR1	3	SERBP1	3	21	0.0	false	0.0	FXR1-SERBP1
K562	FXR2_3-NPM1_3-interaction-shap	interaction	FXR2	3	NPM1	3	2	0.0	false	0.0	FXR2-NPM1
K562	GNL3_3-NPM1_3-interaction-shap	interaction	GNL3	3	NPM1	3	38	0.0	false	0.0	GNL3-NPM1
K562	GNL3_3-PCBP1_3-interaction-shap	interaction	GNL3	3	PCBP1	3	36	0.0	false	0.0	GNL3-PCBP1
K562	GNL3_3-PTBP1_3-interaction-shap	interaction	GNL3	3	PTBP1	3	36	0.0	false	0.0	GNL3-PTBP1
K562	GNL3_3-SF3B4_3-interaction-shap	interaction	GNL3	3	SF3B4	3	36	0.0	false	0.0	GNL3-SF3B4
K562	GNL3_3-SMNDC1_3-interaction-shap	interaction	GNL3	3	SMNDC1	3	36	0.0	false	0.0	GNL3-SMNDC1
K562	GNL3_3-TBRG4_3-interaction-shap	interaction	GNL3	3	TBRG4	3	36	0.0	false	0.0	GNL3-TBRG4
K562	GNL3_3-TRA2A_3-interaction-shap	interaction	GNL3	3	TRA2A	3	38	0.0	false	0.0	GNL3-TRA2A
K562	GNL3_3-UTP18_3-interaction-shap	interaction	GNL3	3	UTP18	3	36	0.0	false	0.0	GNL3-UTP18
K562	GNL3_3-XRCC6_3-interaction-shap	interaction	GNL3	3	XRCC6	3	38	0.0	false	0.0	GNL3-XRCC6
K562	GNL3_3-ZC3H8_3-interaction-shap	interaction	GNL3	3	ZC3H8	3	36	0.0	false	0.0	GNL3-ZC3H8
K562	GPKOW_3-HNRNPC_3-interaction-shap	interaction	GPKOW	3	HNRNPC	3	7	0.0	false	0.0	GPKOW-HNRNPC
K562	GPKOW_3-HNRNPUL1_3-interaction-shap	interaction	GPKOW	3	HNRNPUL1	3	2	0.0	false	0.0	GPKOW-HNRNPUL1
K562	GPKOW_3-PTBP1_3-interaction-shap	interaction	GPKOW	3	PTBP1	3	2	0.0	false	0.0	GPKOW-PTBP1
K562	GTF2F1_3-SAFB2_3-interaction-shap	interaction	GTF2F1	3	SAFB2	3	6	0.0	false	0.0	GTF2F1-SAFB2
K562	HNRNPA1_3-HNRNPK_3-interaction-shap	interaction	HNRNPA1	3	HNRNPK	3	10	0.0	false	0.0	HNRNPA1-HNRNPK
K562	HNRNPA1_3-PCBP1_3-interaction-shap	interaction	HNRNPA1	3	PCBP1	3	10	0.0	false	0.0	HNRNPA1-PCBP1
K562	HNRNPA1_3-RBM15_3-interaction-shap	interaction	HNRNPA1	3	RBM15	3	18	0.0	false	0.0	HNRNPA1-RBM15
K562	HNRNPC_3-LIN28B_3-interaction-shap	interaction	HNRNPC	3	LIN28B	3	6	0.0	false	0.0	HNRNPC-LIN28B
K562	HNRNPC_3-SF3B4_3-interaction-shap	interaction	HNRNPC	3	SF3B4	3	7	0.0	false	0.0	HNRNPC-SF3B4
K562	HNRNPC_3-ZNF800_3-interaction-shap	interaction	HNRNPC	3	ZNF800	3	7	0.0	false	0.0	HNRNPC-ZNF800
K562	AARS_1-EWSR1_1-interaction-shap	interaction	AARS	1	EWSR1	1	1	0.0	false	0.0	AARS-EWSR1
K562	HNRNPK_3-U2AF1_3-interaction-shap	interaction	HNRNPK	3	U2AF1	3	9	0.0	false	0.0	HNRNPK-U2AF1
K562	HNRNPL_3-PUM1_3-interaction-shap	interaction	HNRNPL	3	PUM1	3	7	0.0	false	0.0	HNRNPL-PUM1
K562	IGF2BP2_3-NIPBL_3-interaction-shap	interaction	IGF2BP2	3	NIPBL	3	6	0.0	false	0.0	IGF2BP2-NIPBL
K562	IGF2BP2_3-SRSF7_3-interaction-shap	interaction	IGF2BP2	3	SRSF7	3	5	0.0	false	0.0	IGF2BP2-SRSF7
K562	KHDRBS1_3-SF3B4_3-interaction-shap	interaction	KHDRBS1	3	SF3B4	3	6	0.0	false	0.0	KHDRBS1-SF3B4
K562	LARP4_3-MTPAP_3-interaction-shap	interaction	LARP4	3	MTPAP	3	1	0.0	false	0.0	LARP4-MTPAP
K562	LARP4_3-PUM2_3-interaction-shap	interaction	LARP4	3	PUM2	3	4	0.0	false	0.0	LARP4-PUM2
K562	LARP4_3-RPS6_3-interaction-shap	interaction	LARP4	3	RPS6	3	3	0.0	false	0.0	LARP4-RPS6
K562	LIN28B_3-SUPV3L1_3-interaction-shap	interaction	LIN28B	3	SUPV3L1	3	2	0.0	false	0.0	LIN28B-SUPV3L1
K562	METTL1_3-RPS6_3-interaction-shap	interaction	METTL1	3	RPS6	3	5	0.0	false	0.0	METTL1-RPS6
K562	NPM1_3-PCBP1_3-interaction-shap	interaction	NPM1	3	PCBP1	3	36	0.0	false	0.0	NPM1-PCBP1
K562	NPM1_3-SF3B4_3-interaction-shap	interaction	NPM1	3	SF3B4	3	36	0.0	false	0.0	NPM1-SF3B4
K562	NPM1_3-SMNDC1_3-interaction-shap	interaction	NPM1	3	SMNDC1	3	36	0.0	false	0.0	NPM1-SMNDC1
K562	NPM1_3-TBRG4_3-interaction-shap	interaction	NPM1	3	TBRG4	3	36	0.0	false	0.0	NPM1-TBRG4
K562	NPM1_3-U2AF2_3-interaction-shap	interaction	NPM1	3	U2AF2	3	2	0.0	false	0.0	NPM1-U2AF2
K562	NPM1_3-UTP18_3-interaction-shap	interaction	NPM1	3	UTP18	3	36	0.0	false	0.0	NPM1-UTP18
K562	NPM1_3-XRCC6_3-interaction-shap	interaction	NPM1	3	XRCC6	3	38	0.0	false	0.0	NPM1-XRCC6
K562	NPM1_3-ZC3H8_3-interaction-shap	interaction	NPM1	3	ZC3H8	3	36	0.0	false	0.0	NPM1-ZC3H8
K562	PCBP1_3-TARDBP_3-interaction-shap	interaction	PCBP1	3	TARDBP	3	2	0.0	false	0.0	PCBP1-TARDBP
K562	PCBP1_3-TRA2A_3-interaction-shap	interaction	PCBP1	3	TRA2A	3	36	0.0	false	0.0	PCBP1-TRA2A
K562	PHF6_3-U2AF2_3-interaction-shap	interaction	PHF6	3	U2AF2	3	6	0.0	false	0.0	PHF6-U2AF2
K562	PTBP1_3-UTP3_3-interaction-shap	interaction	PTBP1	3	UTP3	3	17	0.0	false	0.0	PTBP1-UTP3
K562	RBFOX2_3-SAFB2_3-interaction-shap	interaction	RBFOX2	3	SAFB2	3	5	0.0	false	0.0	RBFOX2-SAFB2
K562	RBFOX2_3-SERBP1_3-interaction-shap	interaction	RBFOX2	3	SERBP1	3	15	0.0	false	0.0	RBFOX2-SERBP1
K562	RBFOX2_3-SF3B1_3-interaction-shap	interaction	RBFOX2	3	SF3B1	3	9	0.0	false	0.0	RBFOX2-SF3B1
K562	RBFOX2_3-UTP3_3-interaction-shap	interaction	RBFOX2	3	UTP3	3	16	0.0	false	0.0	RBFOX2-UTP3
K562	RBM22_3-SF3B1_3-interaction-shap	interaction	RBM22	3	SF3B1	3	1	0.0	false	0.0	RBM22-SF3B1
K562	RBM22_3-TARDBP_3-interaction-shap	interaction	RBM22	3	TARDBP	3	1	0.0	false	0.0	RBM22-TARDBP
K562	RPS3_3-SUPV3L1_3-interaction-shap	interaction	RPS3	3	SUPV3L1	3	2	0.0	false	0.0	RPS3-SUPV3L1
K562	RPS6_3-SERBP1_3-interaction-shap	interaction	RPS6	3	SERBP1	3	40	0.0	false	0.0	RPS6-SERBP1
K562	RPS6_3-U2AF2_3-interaction-shap	interaction	RPS6	3	U2AF2	3	59	0.0	false	0.0	RPS6-U2AF2
K562	RPS6_3-ZC3H11A_3-interaction-shap	interaction	RPS6	3	ZC3H11A	3	3	0.0	false	0.0	RPS6-ZC3H11A
K562	RPS6_3-ZRANB2_3-interaction-shap	interaction	RPS6	3	ZRANB2	3	24	0.0	false	0.0	RPS6-ZRANB2
K562	SAFB2_3-TIA1_3-interaction-shap	interaction	SAFB2	3	TIA1	3	6	0.0	false	0.0	SAFB2-TIA1
K562	SERBP1_3-UTP3_3-interaction-shap	interaction	SERBP1	3	UTP3	3	16	0.0	false	0.0	SERBP1-UTP3
K562	SF3B1_3-TIA1_3-interaction-shap	interaction	SF3B1	3	TIA1	3	13	0.0	false	0.0	SF3B1-TIA1
K562	SF3B4_3-UTP3_3-interaction-shap	interaction	SF3B4	3	UTP3	3	17	0.0	false	0.0	SF3B4-UTP3
K562	SMNDC1_3-UTP3_3-interaction-shap	interaction	SMNDC1	3	UTP3	3	17	0.0	false	0.0	SMNDC1-UTP3
K562	SRSF1_3-WDR43_3-interaction-shap	interaction	SRSF1	3	WDR43	3	17	0.0	false	0.0	SRSF1-WDR43
K562	SUPV3L1_3-ZC3H11A_3-interaction-shap	interaction	SUPV3L1	3	ZC3H11A	3	17	0.0	false	0.0	SUPV3L1-ZC3H11A
K562	TARDBP_3-U2AF2_3-interaction-shap	interaction	TARDBP	3	U2AF2	3	28	0.0	false	0.0	TARDBP-U2AF2
K562	TBRG4_3-TRA2A_3-interaction-shap	interaction	TBRG4	3	TRA2A	3	36	0.0	false	0.0	TBRG4-TRA2A
K562	U2AF2_3-UTP18_3-interaction-shap	interaction	U2AF2	3	UTP18	3	5	0.0	false	0.0	U2AF2-UTP18
K562	U2AF2_3-ZC3H8_3-interaction-shap	interaction	U2AF2	3	ZC3H8	3	6	0.0	false	0.0	U2AF2-ZC3H8
K562	UTP3_3-ZC3H8_3-interaction-shap	interaction	UTP3	3	ZC3H8	3	17	0.0	false	0.0	UTP3-ZC3H8
K562	ADAT1_4-RPS6_4-interaction-shap	interaction	ADAT1	4	RPS6	4	12	0.0	false	0.0	ADAT1-RPS6
K562	AKAP8L_4-RBM22_4-interaction-shap	interaction	AKAP8L	4	RBM22	4	4	0.0	false	0.0	AKAP8L-RBM22
K562	APOBEC3C_4-RYBP_4-interaction-shap	interaction	APOBEC3C	4	RYBP	4	1	0.0	false	0.0	APOBEC3C-RYBP
K562	AQR_4-LARP7_4-interaction-shap	interaction	AQR	4	LARP7	4	3	0.0	false	0.0	AQR-LARP7
K562	CPEB4_4-NOLC1_4-interaction-shap	interaction	CPEB4	4	NOLC1	4	16	0.0	false	0.0	CPEB4-NOLC1
K562	CPEB4_4-SRSF1_4-interaction-shap	interaction	CPEB4	4	SRSF1	4	15	0.0	false	0.0	CPEB4-SRSF1
K562	CPEB4_4-SRSF7_4-interaction-shap	interaction	CPEB4	4	SRSF7	4	16	0.0	false	0.0	CPEB4-SRSF7
K562	CPEB4_4-ZC3H11A_4-interaction-shap	interaction	CPEB4	4	ZC3H11A	4	16	0.0	false	0.0	CPEB4-ZC3H11A
K562	CPSF6_4-EXOSC5_4-interaction-shap	interaction	CPSF6	4	EXOSC5	4	12	0.0	false	0.0	CPSF6-EXOSC5
K562	CPSF6_4-FUS_4-interaction-shap	interaction	CPSF6	4	FUS	4	12	0.0	false	0.0	CPSF6-FUS
K562	CPSF6_4-MBNL1_4-interaction-shap	interaction	CPSF6	4	MBNL1	4	4	0.0	false	0.0	CPSF6-MBNL1
K562	AARS_1-FUS_1-interaction-shap	interaction	AARS	1	FUS	1	1	0.0	false	0.0	AARS-FUS
K562	DDX1_4-RPS3_4-interaction-shap	interaction	DDX1	4	RPS3	4	31	0.0	false	0.0	DDX1-RPS3
K562	DDX24_4-HNRNPC_4-interaction-shap	interaction	DDX24	4	HNRNPC	4	1	0.0	false	0.0	DDX24-HNRNPC
K562	DDX43_4-LARP7_4-interaction-shap	interaction	DDX43	4	LARP7	4	3	0.0	false	0.0	DDX43-LARP7
K562	DDX6_4-HNRNPL_4-interaction-shap	interaction	DDX6	4	HNRNPL	4	11	0.0	false	0.0	DDX6-HNRNPL
K562	DDX6_4-RYBP_4-interaction-shap	interaction	DDX6	4	RYBP	4	1	0.0	false	0.0	DDX6-RYBP
K562	DGCR8_4-GRWD1_4-interaction-shap	interaction	DGCR8	4	GRWD1	4	3	0.0	false	0.0	DGCR8-GRWD1
K562	EEF2_4-ZC3H8_4-interaction-shap	interaction	EEF2	4	ZC3H8	4	10	0.0	false	0.0	EEF2-ZC3H8
K562	EIF4G2_4-HNRNPK_4-interaction-shap	interaction	EIF4G2	4	HNRNPK	4	4	0.0	false	0.0	EIF4G2-HNRNPK
K562	EIF4G2_4-RPS3_4-interaction-shap	interaction	EIF4G2	4	RPS3	4	1	0.0	false	0.0	EIF4G2-RPS3
K562	ELAVL1_4-RBM22_4-interaction-shap	interaction	ELAVL1	4	RBM22	4	5	0.0	false	0.0	ELAVL1-RBM22
K562	EXOSC10_4-LARP7_4-interaction-shap	interaction	EXOSC10	4	LARP7	4	3	0.0	false	0.0	EXOSC10-LARP7
K562	EXOSC10_4-SRSF9_4-interaction-shap	interaction	EXOSC10	4	SRSF9	4	21	0.0	false	0.0	EXOSC10-SRSF9
K562	EXOSC10_4-ZC3H11A_4-interaction-shap	interaction	EXOSC10	4	ZC3H11A	4	20	0.0	false	0.0	EXOSC10-ZC3H11A
K562	FASTKD2_4-SRSF7_4-interaction-shap	interaction	FASTKD2	4	SRSF7	4	19	0.0	false	0.0	FASTKD2-SRSF7
K562	FUS_4-HLTF_4-interaction-shap	interaction	FUS	4	HLTF	4	1	0.0	false	0.0	FUS-HLTF
K562	FUS_4-RYBP_4-interaction-shap	interaction	FUS	4	RYBP	4	1	0.0	false	0.0	FUS-RYBP
K562	FXR1_4-HNRNPC_4-interaction-shap	interaction	FXR1	4	HNRNPC	4	1	0.0	false	0.0	FXR1-HNRNPC
K562	FXR2_4-ZC3H8_4-interaction-shap	interaction	FXR2	4	ZC3H8	4	11	0.0	false	0.0	FXR2-ZC3H8
K562	HNRNPC_4-RBM15_4-interaction-shap	interaction	HNRNPC	4	RBM15	4	1	0.0	false	0.0	HNRNPC-RBM15
K562	HNRNPK_4-ZC3H8_4-interaction-shap	interaction	HNRNPK	4	ZC3H8	4	10	0.0	false	0.0	HNRNPK-ZC3H8
K562	HNRNPL_4-RBM22_4-interaction-shap	interaction	HNRNPL	4	RBM22	4	4	0.0	false	0.0	HNRNPL-RBM22
K562	HNRNPL_4-TAF15_4-interaction-shap	interaction	HNRNPL	4	TAF15	4	1	0.0	false	0.0	HNRNPL-TAF15
K562	HNRNPL_4-YWHAG_4-interaction-shap	interaction	HNRNPL	4	YWHAG	4	1	0.0	false	0.0	HNRNPL-YWHAG
K562	LARP7_4-RNF187_4-interaction-shap	interaction	LARP7	4	RNF187	4	6	0.0	false	0.0	LARP7-RNF187
K562	LARP7_4-TRA2A_4-interaction-shap	interaction	LARP7	4	TRA2A	4	3	0.0	false	0.0	LARP7-TRA2A
K562	LARP7_4-ZC3H8_4-interaction-shap	interaction	LARP7	4	ZC3H8	4	3	0.0	false	0.0	LARP7-ZC3H8
K562	LARP7_4-ZNF800_4-interaction-shap	interaction	LARP7	4	ZNF800	4	3	0.0	false	0.0	LARP7-ZNF800
K562	LIN28B_4-TBRG4_4-interaction-shap	interaction	LIN28B	4	TBRG4	4	1	0.0	false	0.0	LIN28B-TBRG4
K562	MATR3_4-PRPF8_4-interaction-shap	interaction	MATR3	4	PRPF8	4	19	0.0	false	0.0	MATR3-PRPF8
K562	MBNL1_4-RBM22_4-interaction-shap	interaction	MBNL1	4	RBM22	4	8	0.0	false	0.0	MBNL1-RBM22
K562	NONO_4-SERBP1_4-interaction-shap	interaction	NONO	4	SERBP1	4	44	0.0	false	0.0	NONO-SERBP1
K562	PRPF8_4-SERBP1_4-interaction-shap	interaction	PRPF8	4	SERBP1	4	46	0.0	false	0.0	PRPF8-SERBP1
K562	PTBP1_4-RBM22_4-interaction-shap	interaction	PTBP1	4	RBM22	4	8	0.0	false	0.0	PTBP1-RBM22
K562	RBFOX2_4-RYBP_4-interaction-shap	interaction	RBFOX2	4	RYBP	4	1	0.0	false	0.0	RBFOX2-RYBP
K562	RPS6_4-UPF1_4-interaction-shap	interaction	RPS6	4	UPF1	4	12	0.0	false	0.0	RPS6-UPF1
K562	RYBP_4-XRN2_4-interaction-shap	interaction	RYBP	4	XRN2	4	1	0.0	false	0.0	RYBP-XRN2
K562	SAFB2_4-YWHAG_4-interaction-shap	interaction	SAFB2	4	YWHAG	4	18	0.0	false	0.0	SAFB2-YWHAG
K562	SRSF1_4-ZC3H11A_4-interaction-shap	interaction	SRSF1	4	ZC3H11A	4	16	0.0	false	0.0	SRSF1-ZC3H11A
K562	SRSF9_4-U2AF2_4-interaction-shap	interaction	SRSF9	4	U2AF2	4	6	0.0	false	0.0	SRSF9-U2AF2
K562	SRSF9_4-XRN2_4-interaction-shap	interaction	SRSF9	4	XRN2	4	5	0.0	false	0.0	SRSF9-XRN2
K562	ABCF1_5-U2AF2_5-interaction-shap	interaction	ABCF1	5	U2AF2	5	7	0.0	false	0.0	ABCF1-U2AF2
K562	AKAP1_5-HNRNPC_5-interaction-shap	interaction	AKAP1	5	HNRNPC	5	4	0.0	false	0.0	AKAP1-HNRNPC
K562	AKAP1_5-ILF3_5-interaction-shap	interaction	AKAP1	5	ILF3	5	3	0.0	false	0.0	AKAP1-ILF3
K562	AKAP1_5-MBNL1_5-interaction-shap	interaction	AKAP1	5	MBNL1	5	3	0.0	false	0.0	AKAP1-MBNL1
K562	AKAP1_5-XRCC6_5-interaction-shap	interaction	AKAP1	5	XRCC6	5	10	0.0	false	0.0	AKAP1-XRCC6
K562	APOBEC3C_5-FMR1_5-interaction-shap	interaction	APOBEC3C	5	FMR1	5	15	0.0	false	0.0	APOBEC3C-FMR1
K562	APOBEC3C_5-FXR1_5-interaction-shap	interaction	APOBEC3C	5	FXR1	5	16	0.0	false	0.0	APOBEC3C-FXR1
K562	APOBEC3C_5-NPM1_5-interaction-shap	interaction	APOBEC3C	5	NPM1	5	23	0.0	false	0.0	APOBEC3C-NPM1
K562	APOBEC3C_5-PTBP1_5-interaction-shap	interaction	APOBEC3C	5	PTBP1	5	27	0.0	false	0.0	APOBEC3C-PTBP1
K562	APOBEC3C_5-XRCC6_5-interaction-shap	interaction	APOBEC3C	5	XRCC6	5	1	0.0	false	0.0	APOBEC3C-XRCC6
K562	BUD13_5-CPEB4_5-interaction-shap	interaction	BUD13	5	CPEB4	5	2	0.0	false	0.0	BUD13-CPEB4
K562	BUD13_5-KHDRBS1_5-interaction-shap	interaction	BUD13	5	KHDRBS1	5	7	0.0	false	0.0	BUD13-KHDRBS1
K562	BUD13_5-NPM1_5-interaction-shap	interaction	BUD13	5	NPM1	5	22	0.0	false	0.0	BUD13-NPM1
K562	BUD13_5-RNF187_5-interaction-shap	interaction	BUD13	5	RNF187	5	20	0.0	false	0.0	BUD13-RNF187
K562	CPEB4_5-PUM2_5-interaction-shap	interaction	CPEB4	5	PUM2	5	2	0.0	false	0.0	CPEB4-PUM2
K562	CPSF6_5-LARP4_5-interaction-shap	interaction	CPSF6	5	LARP4	5	1	0.0	false	0.0	CPSF6-LARP4
K562	CPSF6_5-RPS6_5-interaction-shap	interaction	CPSF6	5	RPS6	5	8	0.0	false	0.0	CPSF6-RPS6
K562	CPSF6_5-U2AF1_5-interaction-shap	interaction	CPSF6	5	U2AF1	5	52	0.0	false	0.0	CPSF6-U2AF1
K562	DDX1_5-SRSF1_5-interaction-shap	interaction	DDX1	5	SRSF1	5	7	0.0	false	0.0	DDX1-SRSF1
K562	DDX21_5-ZRANB2_5-interaction-shap	interaction	DDX21	5	ZRANB2	5	31	0.0	false	0.0	DDX21-ZRANB2
K562	DDX55_5-HNRNPC_5-interaction-shap	interaction	DDX55	5	HNRNPC	5	3	0.0	false	0.0	DDX55-HNRNPC
K562	EIF4G2_5-GARS_5-interaction-shap	interaction	EIF4G2	5	GARS	5	4	0.0	false	0.0	EIF4G2-GARS
K562	ELAVL1_5-HNRNPL_5-interaction-shap	interaction	ELAVL1	5	HNRNPL	5	1	0.0	false	0.0	ELAVL1-HNRNPL
K562	EWSR1_5-RNF187_5-interaction-shap	interaction	EWSR1	5	RNF187	5	20	0.0	false	0.0	EWSR1-RNF187
K562	EWSR1_5-SUPV3L1_5-interaction-shap	interaction	EWSR1	5	SUPV3L1	5	2	0.0	false	0.0	EWSR1-SUPV3L1
K562	EXOSC10_5-FASTKD2_5-interaction-shap	interaction	EXOSC10	5	FASTKD2	5	24	0.0	false	0.0	EXOSC10-FASTKD2
K562	EXOSC10_5-WDR43_5-interaction-shap	interaction	EXOSC10	5	WDR43	5	35	0.0	false	0.0	EXOSC10-WDR43
K562	FAM120A_5-U2AF1_5-interaction-shap	interaction	FAM120A	5	U2AF1	5	31	0.0	false	0.0	FAM120A-U2AF1
K562	FAM120A_5-U2AF2_5-interaction-shap	interaction	FAM120A	5	U2AF2	5	18	0.0	false	0.0	FAM120A-U2AF2
K562	FASTKD2_5-NPM1_5-interaction-shap	interaction	FASTKD2	5	NPM1	5	24	0.0	false	0.0	FASTKD2-NPM1
K562	FUS_5-RNF187_5-interaction-shap	interaction	FUS	5	RNF187	5	21	0.0	false	0.0	FUS-RNF187
K562	AARS_1-CSTF2T_1-interaction-shap	interaction	AARS	1	CSTF2T	1	1	0.0	false	0.0	AARS-CSTF2T
K562	FXR2_5-LARP4_5-interaction-shap	interaction	FXR2	5	LARP4	5	4	0.0	false	0.0	FXR2-LARP4
K562	GPKOW_5-NPM1_5-interaction-shap	interaction	GPKOW	5	NPM1	5	23	0.0	false	0.0	GPKOW-NPM1
K562	HLTF_5-RBFOX2_5-interaction-shap	interaction	HLTF	5	RBFOX2	5	27	0.0	false	0.0	HLTF-RBFOX2
K562	HNRNPC_5-UPF1_5-interaction-shap	interaction	HNRNPC	5	UPF1	5	4	0.0	false	0.0	HNRNPC-UPF1
K562	HNRNPC_5-YBX3_5-interaction-shap	interaction	HNRNPC	5	YBX3	5	4	0.0	false	0.0	HNRNPC-YBX3
K562	HNRNPK_5-PUM2_5-interaction-shap	interaction	HNRNPK	5	PUM2	5	3	0.0	false	0.0	HNRNPK-PUM2
K562	HNRNPL_5-MATR3_5-interaction-shap	interaction	HNRNPL	5	MATR3	5	1	0.0	false	0.0	HNRNPL-MATR3
K562	HNRNPM_5-PTBP1_5-interaction-shap	interaction	HNRNPM	5	PTBP1	5	13	0.0	false	0.0	HNRNPM-PTBP1
K562	HNRNPUL1_5-LIN28B_5-interaction-shap	interaction	HNRNPUL1	5	LIN28B	5	31	0.0	false	0.0	HNRNPUL1-LIN28B
K562	HNRNPUL1_5-U2AF2_5-interaction-shap	interaction	HNRNPUL1	5	U2AF2	5	7	0.0	false	0.0	HNRNPUL1-U2AF2
K562	ILF3_5-PUM2_5-interaction-shap	interaction	ILF3	5	PUM2	5	1	0.0	false	0.0	ILF3-PUM2
K562	ILF3_5-RPS3_5-interaction-shap	interaction	ILF3	5	RPS3	5	12	0.0	false	0.0	ILF3-RPS3
K562	KHDRBS1_5-SMNDC1_5-interaction-shap	interaction	KHDRBS1	5	SMNDC1	5	9	0.0	false	0.0	KHDRBS1-SMNDC1
K562	LARP4_5-SRSF7_5-interaction-shap	interaction	LARP4	5	SRSF7	5	12	0.0	false	0.0	LARP4-SRSF7
K562	LARP4_5-TBRG4_5-interaction-shap	interaction	LARP4	5	TBRG4	5	1	0.0	false	0.0	LARP4-TBRG4
K562	LARP4_5-TRA2A_5-interaction-shap	interaction	LARP4	5	TRA2A	5	12	0.0	false	0.0	LARP4-TRA2A
K562	LARP4_5-U2AF2_5-interaction-shap	interaction	LARP4	5	U2AF2	5	31	0.0	false	0.0	LARP4-U2AF2
K562	MBNL1_5-RPS3_5-interaction-shap	interaction	MBNL1	5	RPS3	5	4	0.0	false	0.0	MBNL1-RPS3
K562	MBNL1_5-RPS6_5-interaction-shap	interaction	MBNL1	5	RPS6	5	3	0.0	false	0.0	MBNL1-RPS6
K562	MBNL1_5-RYBP_5-interaction-shap	interaction	MBNL1	5	RYBP	5	2	0.0	false	0.0	MBNL1-RYBP
K562	MBNL1_5-SAFB2_5-interaction-shap	interaction	MBNL1	5	SAFB2	5	2	0.0	false	0.0	MBNL1-SAFB2
K562	NOLC1_5-RYBP_5-interaction-shap	interaction	NOLC1	5	RYBP	5	3	0.0	false	0.0	NOLC1-RYBP
K562	NPM1_5-SRSF1_5-interaction-shap	interaction	NPM1	5	SRSF1	5	1	0.0	false	0.0	NPM1-SRSF1
K562	PPIL4_5-RYBP_5-interaction-shap	interaction	PPIL4	5	RYBP	5	3	0.0	false	0.0	PPIL4-RYBP
K562	PUM2_5-SRSF7_5-interaction-shap	interaction	PUM2	5	SRSF7	5	11	0.0	false	0.0	PUM2-SRSF7
K562	PUM2_5-TROVE2_5-interaction-shap	interaction	PUM2	5	TROVE2	5	5	0.0	false	0.0	PUM2-TROVE2
K562	PUM2_5-U2AF1_5-interaction-shap	interaction	PUM2	5	U2AF1	5	47	0.0	false	0.0	PUM2-U2AF1
K562	RBFOX2_5-RNF187_5-interaction-shap	interaction	RBFOX2	5	RNF187	5	20	0.0	false	0.0	RBFOX2-RNF187
K562	RNF187_5-SRSF1_5-interaction-shap	interaction	RNF187	5	SRSF1	5	20	0.0	false	0.0	RNF187-SRSF1
K562	RPS3_5-SDAD1_5-interaction-shap	interaction	RPS3	5	SDAD1	5	2	0.0	false	0.0	RPS3-SDAD1
K562	RPS6_5-TAF15_5-interaction-shap	interaction	RPS6	5	TAF15	5	3	0.0	false	0.0	RPS6-TAF15
K562	RYBP_5-SAFB2_5-interaction-shap	interaction	RYBP	5	SAFB2	5	2	0.0	false	0.0	RYBP-SAFB2
K562	SAFB_5-SF3B4_5-interaction-shap	interaction	SAFB	5	SF3B4	5	4	0.0	false	0.0	SAFB-SF3B4
K562	SUPV3L1_5-TARDBP_5-interaction-shap	interaction	SUPV3L1	5	TARDBP	5	1	0.0	false	0.0	SUPV3L1-TARDBP
K562	U2AF1_5-ZC3H11A_5-interaction-shap	interaction	U2AF1	5	ZC3H11A	5	41	0.0	false	0.0	U2AF1-ZC3H11A
K562	ZC3H11A_5-ZC3H8_5-interaction-shap	interaction	ZC3H11A	5	ZC3H8	5	7	0.0	false	0.0	ZC3H11A-ZC3H8
K562	ADAT1_6-RPS3_6-interaction-shap	interaction	ADAT1	6	RPS3	6	25	0.0	false	0.0	ADAT1-RPS3
K562	AGGF1_6-IGF2BP1_6-interaction-shap	interaction	AGGF1	6	IGF2BP1	6	3	0.0	false	0.0	AGGF1-IGF2BP1
K562	AKAP1_6-EXOSC10_6-interaction-shap	interaction	AKAP1	6	EXOSC10	6	7	0.0	false	0.0	AKAP1-EXOSC10
K562	AKAP1_6-LIN28B_6-interaction-shap	interaction	AKAP1	6	LIN28B	6	4	0.0	false	0.0	AKAP1-LIN28B
K562	AKAP1_6-PUM2_6-interaction-shap	interaction	AKAP1	6	PUM2	6	8	0.0	false	0.0	AKAP1-PUM2
K562	APEX1_6-NOLC1_6-interaction-shap	interaction	APEX1	6	NOLC1	6	16	0.0	false	0.0	APEX1-NOLC1
K562	APEX1_6-PUM2_6-interaction-shap	interaction	APEX1	6	PUM2	6	1	0.0	false	0.0	APEX1-PUM2
K562	APOBEC3C_6-HNRNPC_6-interaction-shap	interaction	APOBEC3C	6	HNRNPC	6	15	0.0	false	0.0	APOBEC3C-HNRNPC
K562	APOBEC3C_6-KHDRBS1_6-interaction-shap	interaction	APOBEC3C	6	KHDRBS1	6	62	0.0	false	0.0	APOBEC3C-KHDRBS1
K562	APOBEC3C_6-PPIL4_6-interaction-shap	interaction	APOBEC3C	6	PPIL4	6	11	0.0	false	0.0	APOBEC3C-PPIL4
K562	BUD13_6-DDX21_6-interaction-shap	interaction	BUD13	6	DDX21	6	47	0.0	false	0.0	BUD13-DDX21
K562	BUD13_6-GNL3_6-interaction-shap	interaction	BUD13	6	GNL3	6	47	0.0	false	0.0	BUD13-GNL3
K562	BUD13_6-METTL1_6-interaction-shap	interaction	BUD13	6	METTL1	6	47	0.0	false	0.0	BUD13-METTL1
K562	CPEB4_6-CPSF6_6-interaction-shap	interaction	CPEB4	6	CPSF6	6	14	0.0	false	0.0	CPEB4-CPSF6
K562	CPEB4_6-ELAVL1_6-interaction-shap	interaction	CPEB4	6	ELAVL1	6	26	0.0	false	0.0	CPEB4-ELAVL1
K562	CPEB4_6-FASTKD2_6-interaction-shap	interaction	CPEB4	6	FASTKD2	6	9	0.0	false	0.0	CPEB4-FASTKD2
K562	CPEB4_6-GTF2F1_6-interaction-shap	interaction	CPEB4	6	GTF2F1	6	25	0.0	false	0.0	CPEB4-GTF2F1
K562	CPEB4_6-IGF2BP1_6-interaction-shap	interaction	CPEB4	6	IGF2BP1	6	2	0.0	false	0.0	CPEB4-IGF2BP1
K562	CPEB4_6-LIN28B_6-interaction-shap	interaction	CPEB4	6	LIN28B	6	13	0.0	false	0.0	CPEB4-LIN28B
K562	CPSF6_6-EIF4E_6-interaction-shap	interaction	CPSF6	6	EIF4E	6	1	0.0	false	0.0	CPSF6-EIF4E
K562	CPSF6_6-ELAVL1_6-interaction-shap	interaction	CPSF6	6	ELAVL1	6	24	0.0	false	0.0	CPSF6-ELAVL1
K562	AARS_1-EIF4E_1-interaction-shap	interaction	AARS	1	EIF4E	1	1	0.0	false	0.0	AARS-EIF4E
K562	CPSF6_6-RYBP_6-interaction-shap	interaction	CPSF6	6	RYBP	6	12	0.0	false	0.0	CPSF6-RYBP
K562	CSTF2T_6-ELAVL1_6-interaction-shap	interaction	CSTF2T	6	ELAVL1	6	3	0.0	false	0.0	CSTF2T-ELAVL1
K562	CSTF2T_6-NIPBL_6-interaction-shap	interaction	CSTF2T	6	NIPBL	6	2	0.0	false	0.0	CSTF2T-NIPBL
K562	CSTF2T_6-QKI_6-interaction-shap	interaction	CSTF2T	6	QKI	6	13	0.0	false	0.0	CSTF2T-QKI
K562	CSTF2T_6-RNF187_6-interaction-shap	interaction	CSTF2T	6	RNF187	6	31	0.0	false	0.0	CSTF2T-RNF187
K562	CSTF2T_6-TROVE2_6-interaction-shap	interaction	CSTF2T	6	TROVE2	6	3	0.0	false	0.0	CSTF2T-TROVE2
K562	DDX1_6-PUM2_6-interaction-shap	interaction	DDX1	6	PUM2	6	1	0.0	false	0.0	DDX1-PUM2
K562	DDX42_6-ELAVL1_6-interaction-shap	interaction	DDX42	6	ELAVL1	6	6	0.0	false	0.0	DDX42-ELAVL1
K562	DDX52_6-GNL3_6-interaction-shap	interaction	DDX52	6	GNL3	6	47	0.0	false	0.0	DDX52-GNL3
K562	DDX52_6-TRA2A_6-interaction-shap	interaction	DDX52	6	TRA2A	6	47	0.0	false	0.0	DDX52-TRA2A
K562	DDX52_6-ZC3H8_6-interaction-shap	interaction	DDX52	6	ZC3H8	6	44	0.0	false	0.0	DDX52-ZC3H8
K562	DDX55_6-HNRNPL_6-interaction-shap	interaction	DDX55	6	HNRNPL	6	3	0.0	false	0.0	DDX55-HNRNPL
K562	DDX6_6-KHDRBS1_6-interaction-shap	interaction	DDX6	6	KHDRBS1	6	4	0.0	false	0.0	DDX6-KHDRBS1
K562	EEF2_6-UCHL5_6-interaction-shap	interaction	EEF2	6	UCHL5	6	1	0.0	false	0.0	EEF2-UCHL5
K562	EIF3G_6-TARDBP_6-interaction-shap	interaction	EIF3G	6	TARDBP	6	11	0.0	false	0.0	EIF3G-TARDBP
K562	EIF3G_6-ZC3H11A_6-interaction-shap	interaction	EIF3G	6	ZC3H11A	6	10	0.0	false	0.0	EIF3G-ZC3H11A
K562	EIF4G2_6-ELAVL1_6-interaction-shap	interaction	EIF4G2	6	ELAVL1	6	5	0.0	false	0.0	EIF4G2-ELAVL1
K562	EIF4G2_6-LARP4_6-interaction-shap	interaction	EIF4G2	6	LARP4	6	3	0.0	false	0.0	EIF4G2-LARP4
K562	EIF4G2_6-RBM22_6-interaction-shap	interaction	EIF4G2	6	RBM22	6	2	0.0	false	0.0	EIF4G2-RBM22
K562	ELAC2_6-GNL3_6-interaction-shap	interaction	ELAC2	6	GNL3	6	48	0.0	false	0.0	ELAC2-GNL3
K562	ELAC2_6-RYBP_6-interaction-shap	interaction	ELAC2	6	RYBP	6	2	0.0	false	0.0	ELAC2-RYBP
K562	ELAVL1_6-FASTKD2_6-interaction-shap	interaction	ELAVL1	6	FASTKD2	6	9	0.0	false	0.0	ELAVL1-FASTKD2
K562	ELAVL1_6-GTF2F1_6-interaction-shap	interaction	ELAVL1	6	GTF2F1	6	2	0.0	false	0.0	ELAVL1-GTF2F1
K562	ELAVL1_6-LARP4_6-interaction-shap	interaction	ELAVL1	6	LARP4	6	32	0.0	false	0.0	ELAVL1-LARP4
K562	ELAVL1_6-SUPV3L1_6-interaction-shap	interaction	ELAVL1	6	SUPV3L1	6	1	0.0	false	0.0	ELAVL1-SUPV3L1
K562	EWSR1_6-LARP4_6-interaction-shap	interaction	EWSR1	6	LARP4	6	17	0.0	false	0.0	EWSR1-LARP4
K562	EXOSC10_6-TARDBP_6-interaction-shap	interaction	EXOSC10	6	TARDBP	6	13	0.0	false	0.0	EXOSC10-TARDBP
K562	EXOSC5_6-FAM120A_6-interaction-shap	interaction	EXOSC5	6	FAM120A	6	2	0.0	false	0.0	EXOSC5-FAM120A
K562	EXOSC5_6-IGF2BP1_6-interaction-shap	interaction	EXOSC5	6	IGF2BP1	6	2	0.0	false	0.0	EXOSC5-IGF2BP1
K562	EXOSC5_6-LARP4_6-interaction-shap	interaction	EXOSC5	6	LARP4	6	6	0.0	false	0.0	EXOSC5-LARP4
K562	EXOSC5_6-MBNL1_6-interaction-shap	interaction	EXOSC5	6	MBNL1	6	2	0.0	false	0.0	EXOSC5-MBNL1
K562	EXOSC5_6-NOLC1_6-interaction-shap	interaction	EXOSC5	6	NOLC1	6	6	0.0	false	0.0	EXOSC5-NOLC1
K562	EXOSC5_6-PUM2_6-interaction-shap	interaction	EXOSC5	6	PUM2	6	6	0.0	false	0.0	EXOSC5-PUM2
K562	EXOSC5_6-SMNDC1_6-interaction-shap	interaction	EXOSC5	6	SMNDC1	6	2	0.0	false	0.0	EXOSC5-SMNDC1
K562	EXOSC5_6-SRSF9_6-interaction-shap	interaction	EXOSC5	6	SRSF9	6	1	0.0	false	0.0	EXOSC5-SRSF9
K562	FAM120A_6-HNRNPC_6-interaction-shap	interaction	FAM120A	6	HNRNPC	6	34	0.0	false	0.0	FAM120A-HNRNPC
K562	FASTKD2_6-GNL3_6-interaction-shap	interaction	FASTKD2	6	GNL3	6	46	0.0	false	0.0	FASTKD2-GNL3
K562	FASTKD2_6-LIN28B_6-interaction-shap	interaction	FASTKD2	6	LIN28B	6	15	0.0	false	0.0	FASTKD2-LIN28B
K562	FASTKD2_6-ZC3H8_6-interaction-shap	interaction	FASTKD2	6	ZC3H8	6	43	0.0	false	0.0	FASTKD2-ZC3H8
K562	FUS_6-KHDRBS1_6-interaction-shap	interaction	FUS	6	KHDRBS1	6	1	0.0	false	0.0	FUS-KHDRBS1
K562	AARS_1-DGCR8_1-interaction-shap	interaction	AARS	1	DGCR8	1	1	0.0	false	0.0	AARS-DGCR8
K562	FUS_6-METTL1_6-interaction-shap	interaction	FUS	6	METTL1	6	1	0.0	false	0.0	FUS-METTL1
K562	GNL3_6-RBFOX2_6-interaction-shap	interaction	GNL3	6	RBFOX2	6	47	0.0	false	0.0	GNL3-RBFOX2
K562	HLTF_6-IGF2BP1_6-interaction-shap	interaction	HLTF	6	IGF2BP1	6	6	0.0	false	0.0	HLTF-IGF2BP1
K562	HLTF_6-PUM2_6-interaction-shap	interaction	HLTF	6	PUM2	6	6	0.0	false	0.0	HLTF-PUM2
K562	HNRNPC_6-ZC3H11A_6-interaction-shap	interaction	HNRNPC	6	ZC3H11A	6	17	0.0	false	0.0	HNRNPC-ZC3H11A
K562	HNRNPK_6-RYBP_6-interaction-shap	interaction	HNRNPK	6	RYBP	6	1	0.0	false	0.0	HNRNPK-RYBP
K562	HNRNPK_6-ZC3H11A_6-interaction-shap	interaction	HNRNPK	6	ZC3H11A	6	13	0.0	false	0.0	HNRNPK-ZC3H11A
K562	HNRNPL_6-QKI_6-interaction-shap	interaction	HNRNPL	6	QKI	6	1	0.0	false	0.0	HNRNPL-QKI
K562	HNRNPM_6-PUM2_6-interaction-shap	interaction	HNRNPM	6	PUM2	6	8	0.0	false	0.0	HNRNPM-PUM2
K562	IGF2BP1_6-MBNL1_6-interaction-shap	interaction	IGF2BP1	6	MBNL1	6	5	0.0	false	0.0	IGF2BP1-MBNL1
K562	IGF2BP1_6-RNF187_6-interaction-shap	interaction	IGF2BP1	6	RNF187	6	12	0.0	false	0.0	IGF2BP1-RNF187
K562	IGF2BP2_6-RNF187_6-interaction-shap	interaction	IGF2BP2	6	RNF187	6	1	0.0	false	0.0	IGF2BP2-RNF187
K562	IGF2BP2_6-RYBP_6-interaction-shap	interaction	IGF2BP2	6	RYBP	6	1	0.0	false	0.0	IGF2BP2-RYBP
K562	KHDRBS1_6-MBNL1_6-interaction-shap	interaction	KHDRBS1	6	MBNL1	6	1	0.0	false	0.0	KHDRBS1-MBNL1
K562	KHDRBS1_6-NOLC1_6-interaction-shap	interaction	KHDRBS1	6	NOLC1	6	5	0.0	false	0.0	KHDRBS1-NOLC1
K562	KHDRBS1_6-PUM2_6-interaction-shap	interaction	KHDRBS1	6	PUM2	6	15	0.0	false	0.0	KHDRBS1-PUM2
K562	KHDRBS1_6-RBM15_6-interaction-shap	interaction	KHDRBS1	6	RBM15	6	9	0.0	false	0.0	KHDRBS1-RBM15
K562	LARP4_6-MBNL1_6-interaction-shap	interaction	LARP4	6	MBNL1	6	1	0.0	false	0.0	LARP4-MBNL1
K562	LARP4_6-PPIL4_6-interaction-shap	interaction	LARP4	6	PPIL4	6	11	0.0	false	0.0	LARP4-PPIL4
K562	LARP4_6-QKI_6-interaction-shap	interaction	LARP4	6	QKI	6	2	0.0	false	0.0	LARP4-QKI
K562	LARP4_6-UTP18_6-interaction-shap	interaction	LARP4	6	UTP18	6	2	0.0	false	0.0	LARP4-UTP18
K562	LARP7_6-RBM22_6-interaction-shap	interaction	LARP7	6	RBM22	6	1	0.0	false	0.0	LARP7-RBM22
K562	LARP7_6-SDAD1_6-interaction-shap	interaction	LARP7	6	SDAD1	6	1	0.0	false	0.0	LARP7-SDAD1
K562	LARP7_6-SSB_6-interaction-shap	interaction	LARP7	6	SSB	6	1	0.0	false	0.0	LARP7-SSB
K562	LIN28B_6-TARDBP_6-interaction-shap	interaction	LIN28B	6	TARDBP	6	3	0.0	false	0.0	LIN28B-TARDBP
K562	METTL1_6-RBFOX2_6-interaction-shap	interaction	METTL1	6	RBFOX2	6	47	0.0	false	0.0	METTL1-RBFOX2
K562	METTL1_6-TIA1_6-interaction-shap	interaction	METTL1	6	TIA1	6	1	0.0	false	0.0	METTL1-TIA1
K562	MTPAP_6-PCBP1_6-interaction-shap	interaction	MTPAP	6	PCBP1	6	13	0.0	false	0.0	MTPAP-PCBP1
K562	NONO_6-PUM2_6-interaction-shap	interaction	NONO	6	PUM2	6	5	0.0	false	0.0	NONO-PUM2
K562	PHF6_6-RBM22_6-interaction-shap	interaction	PHF6	6	RBM22	6	1	0.0	false	0.0	PHF6-RBM22
K562	PPIL4_6-PUM2_6-interaction-shap	interaction	PPIL4	6	PUM2	6	11	0.0	false	0.0	PPIL4-PUM2
K562	PRPF8_6-SUPV3L1_6-interaction-shap	interaction	PRPF8	6	SUPV3L1	6	42	0.0	false	0.0	PRPF8-SUPV3L1
K562	PUM2_6-RNF187_6-interaction-shap	interaction	PUM2	6	RNF187	6	33	0.0	false	0.0	PUM2-RNF187
K562	PUM2_6-RYBP_6-interaction-shap	interaction	PUM2	6	RYBP	6	2	0.0	false	0.0	PUM2-RYBP
K562	PUM2_6-TARDBP_6-interaction-shap	interaction	PUM2	6	TARDBP	6	11	0.0	false	0.0	PUM2-TARDBP
K562	PUM2_6-TRA2A_6-interaction-shap	interaction	PUM2	6	TRA2A	6	1	0.0	false	0.0	PUM2-TRA2A
K562	PUM2_6-WDR43_6-interaction-shap	interaction	PUM2	6	WDR43	6	4	0.0	false	0.0	PUM2-WDR43
K562	QKI_6-ZC3H11A_6-interaction-shap	interaction	QKI	6	ZC3H11A	6	14	0.0	false	0.0	QKI-ZC3H11A
K562	RBM15_6-RYBP_6-interaction-shap	interaction	RBM15	6	RYBP	6	1	0.0	false	0.0	RBM15-RYBP
K562	RBM22_6-SDAD1_6-interaction-shap	interaction	RBM22	6	SDAD1	6	1	0.0	false	0.0	RBM22-SDAD1
K562	RBM22_6-SERBP1_6-interaction-shap	interaction	RBM22	6	SERBP1	6	1	0.0	false	0.0	RBM22-SERBP1
K562	RBM22_6-SSB_6-interaction-shap	interaction	RBM22	6	SSB	6	1	0.0	false	0.0	RBM22-SSB
K562	RPS3_6-TRA2A_6-interaction-shap	interaction	RPS3	6	TRA2A	6	1	0.0	false	0.0	RPS3-TRA2A
K562	RYBP_6-TIA1_6-interaction-shap	interaction	RYBP	6	TIA1	6	2	0.0	false	0.0	RYBP-TIA1
K562	RYBP_6-ZC3H11A_6-interaction-shap	interaction	RYBP	6	ZC3H11A	6	4	0.0	false	0.0	RYBP-ZC3H11A
K562	SERBP1_6-SUPV3L1_6-interaction-shap	interaction	SERBP1	6	SUPV3L1	6	38	0.0	false	0.0	SERBP1-SUPV3L1
K562	SERBP1_6-U2AF1_6-interaction-shap	interaction	SERBP1	6	U2AF1	6	40	0.0	false	0.0	SERBP1-U2AF1
K562	SERBP1_6-U2AF2_6-interaction-shap	interaction	SERBP1	6	U2AF2	6	40	0.0	false	0.0	SERBP1-U2AF2
K562	SRSF1_6-SSB_6-interaction-shap	interaction	SRSF1	6	SSB	6	8	0.0	false	0.0	SRSF1-SSB
K562	SSB_6-TIA1_6-interaction-shap	interaction	SSB	6	TIA1	6	1	0.0	false	0.0	SSB-TIA1
K562	SUPV3L1_6-U2AF1_6-interaction-shap	interaction	SUPV3L1	6	U2AF1	6	40	0.0	false	0.0	SUPV3L1-U2AF1
K562	SUPV3L1_6-U2AF2_6-interaction-shap	interaction	SUPV3L1	6	U2AF2	6	40	0.0	false	0.0	SUPV3L1-U2AF2
K562	TARDBP_6-ZC3H8_6-interaction-shap	interaction	TARDBP	6	ZC3H8	6	3	0.0	false	0.0	TARDBP-ZC3H8
