Data Mode	Binding Type	Cell Line	Feature	Zero Cutoff	# Non-Zeros	% Non-Zeros	Num Positive	Sum Positive	Num Negative	Sum Negative	ARBS	NARBS
Unique Binding	NOT Bound Only	HepG2	AGGF1_1	0.0	0	0.0	0	0.0	0	0.0		
Unique Binding	NOT Bound Only	HepG2	AGGF1_1	1e-05	0	0.0	0	0.0	0	0.0		
Unique Binding	NOT Bound Only	HepG2	AGGF1_1	0.0001	0	0.0	0	0.0	0	0.0		
Unique Binding	NOT Bound Only	HepG2	AGGF1_1	0.001	0	0.0	0	0.0	0	0.0		
Unique Binding	NOT Bound Only	HepG2	AGGF1_1	0.01	0	0.0	0	0.0	0	0.0		
Unique Binding	NOT Bound Only	HepG2	AGGF1_1	0.1	0	0.0	0	0.0	0	0.0		
Unique Binding	NOT Bound Only	HepG2	AGGF1_2	0.0	193	0.16398457015650755	193	0.004815491905337638	0	0.0	0.004815491905337638	1.0
Unique Binding	NOT Bound Only	HepG2	AGGF1_2	1e-05	177	0.1503899943922375	177	0.0046818607964300984	0	0.0	0.0046818607964300984	1.0
Unique Binding	NOT Bound Only	HepG2	AGGF1_2	0.0001	0	0.0	0	0.0	0	0.0		
Unique Binding	NOT Bound Only	HepG2	AGGF1_2	0.001	0	0.0	0	0.0	0	0.0		
Unique Binding	NOT Bound Only	HepG2	AGGF1_2	0.01	0	0.0	0	0.0	0	0.0		
Unique Binding	NOT Bound Only	HepG2	AGGF1_2	0.1	0	0.0	0	0.0	0	0.0		
Unique Binding	NOT Bound Only	HepG2	AGGF1_3	0.0	0	0.0	0	0.0	0	0.0		
Unique Binding	NOT Bound Only	HepG2	AGGF1_3	1e-05	0	0.0	0	0.0	0	0.0		
Unique Binding	NOT Bound Only	HepG2	AGGF1_3	0.0001	0	0.0	0	0.0	0	0.0		
Unique Binding	NOT Bound Only	HepG2	AGGF1_3	0.001	0	0.0	0	0.0	0	0.0		
Unique Binding	NOT Bound Only	HepG2	AGGF1_3	0.01	0	0.0	0	0.0	0	0.0		
Unique Binding	NOT Bound Only	HepG2	AGGF1_3	0.1	0	0.0	0	0.0	0	0.0		
Unique Binding	NOT Bound Only	HepG2	AGGF1_4	0.0	12951	10.984546487761023	12951	0.42353339030598697	0	0.0	0.42353339030598697	1.0
Unique Binding	NOT Bound Only	HepG2	AGGF1_4	1e-05	12655	10.733490526030092	12655	0.42100779688903084	0	0.0	0.42100779688903084	1.0
Unique Binding	NOT Bound Only	HepG2	AGGF1_4	0.0001	109	0.09244966158334889	109	0.014818067570273229	0	0.0	0.014818067570273229	1.0
Unique Binding	NOT Bound Only	HepG2	AGGF1_4	0.001	0	0.0	0	0.0	0	0.0		
Unique Binding	NOT Bound Only	HepG2	AGGF1_4	0.01	0	0.0	0	0.0	0	0.0		
Unique Binding	NOT Bound Only	HepG2	AGGF1_4	0.1	0	0.0	0	0.0	0	0.0		
Unique Binding	NOT Bound Only	HepG2	AGGF1_5	0.0	0	0.0	0	0.0	0	0.0		
Unique Binding	NOT Bound Only	HepG2	AGGF1_5	1e-05	0	0.0	0	0.0	0	0.0		
Unique Binding	NOT Bound Only	HepG2	AGGF1_5	0.0001	0	0.0	0	0.0	0	0.0		
Unique Binding	NOT Bound Only	HepG2	AGGF1_5	0.001	0	0.0	0	0.0	0	0.0		
Unique Binding	NOT Bound Only	HepG2	AGGF1_5	0.01	0	0.0	0	0.0	0	0.0		
Unique Binding	NOT Bound Only	HepG2	AGGF1_5	0.1	0	0.0	0	0.0	0	0.0		
Unique Binding	NOT Bound Only	HepG2	AGGF1_6	0.0	0	0.0	0	0.0	0	0.0		
Unique Binding	NOT Bound Only	HepG2	AGGF1_6	1e-05	0	0.0	0	0.0	0	0.0		
Unique Binding	NOT Bound Only	HepG2	AGGF1_6	0.0001	0	0.0	0	0.0	0	0.0		
Unique Binding	NOT Bound Only	HepG2	AGGF1_6	0.001	0	0.0	0	0.0	0	0.0		
Unique Binding	NOT Bound Only	HepG2	AGGF1_6	0.01	0	0.0	0	0.0	0	0.0		
Unique Binding	NOT Bound Only	HepG2	AGGF1_6	0.1	0	0.0	0	0.0	0	0.0		
Unique Binding	NOT Bound Only	HepG2	AKAP1_1	0.0	0	0.0	0	0.0	0	0.0		
Unique Binding	NOT Bound Only	HepG2	AKAP1_1	1e-05	0	0.0	0	0.0	0	0.0		
Unique Binding	NOT Bound Only	HepG2	AKAP1_1	0.0001	0	0.0	0	0.0	0	0.0		
Unique Binding	NOT Bound Only	HepG2	AKAP1_1	0.001	0	0.0	0	0.0	0	0.0		
Unique Binding	NOT Bound Only	HepG2	AKAP1_1	0.01	0	0.0	0	0.0	0	0.0		
Unique Binding	NOT Bound Only	HepG2	AKAP1_1	0.1	0	0.0	0	0.0	0	0.0		
Unique Binding	NOT Bound Only	HepG2	AKAP1_2	0.0	118012	100.0	0	0.0	118012	-17.567823524564528	-17.567823524564528	-1.0
Unique Binding	NOT Bound Only	HepG2	AKAP1_2	1e-05	115213	97.62820730095244	0	0.0	115213	-17.54674248560261	-17.54674248560261	-1.0
Unique Binding	NOT Bound Only	HepG2	AKAP1_2	0.0001	52745	44.69460732806833	0	0.0	52745	-14.64075084368404	-14.64075084368404	-1.0
Unique Binding	NOT Bound Only	HepG2	AKAP1_2	0.001	0	0.0	0	0.0	0	0.0		
Unique Binding	NOT Bound Only	HepG2	AKAP1_2	0.01	0	0.0	0	0.0	0	0.0		
Unique Binding	NOT Bound Only	HepG2	AKAP1_2	0.1	0	0.0	0	0.0	0	0.0		
Unique Binding	NOT Bound Only	HepG2	AKAP1_3	0.0	0	0.0	0	0.0	0	0.0		
Unique Binding	NOT Bound Only	HepG2	AKAP1_3	1e-05	0	0.0	0	0.0	0	0.0		
Unique Binding	NOT Bound Only	HepG2	AKAP1_3	0.0001	0	0.0	0	0.0	0	0.0		
Unique Binding	NOT Bound Only	HepG2	AKAP1_3	0.001	0	0.0	0	0.0	0	0.0		
Unique Binding	NOT Bound Only	HepG2	AKAP1_3	0.01	0	0.0	0	0.0	0	0.0		
Unique Binding	NOT Bound Only	HepG2	AKAP1_3	0.1	0	0.0	0	0.0	0	0.0		
Unique Binding	NOT Bound Only	HepG2	AKAP1_4	0.0	0	0.0	0	0.0	0	0.0		
Unique Binding	NOT Bound Only	HepG2	AKAP1_4	1e-05	0	0.0	0	0.0	0	0.0		
Unique Binding	NOT Bound Only	HepG2	AKAP1_4	0.0001	0	0.0	0	0.0	0	0.0		
Unique Binding	NOT Bound Only	HepG2	AKAP1_4	0.001	0	0.0	0	0.0	0	0.0		
Unique Binding	NOT Bound Only	HepG2	AKAP1_4	0.01	0	0.0	0	0.0	0	0.0		
Unique Binding	NOT Bound Only	HepG2	AKAP1_4	0.1	0	0.0	0	0.0	0	0.0		
Unique Binding	NOT Bound Only	HepG2	AKAP1_5	0.0	0	0.0	0	0.0	0	0.0		
Unique Binding	NOT Bound Only	HepG2	AKAP1_5	1e-05	0	0.0	0	0.0	0	0.0		
Unique Binding	NOT Bound Only	HepG2	AKAP1_5	0.0001	0	0.0	0	0.0	0	0.0		
Unique Binding	NOT Bound Only	HepG2	AKAP1_5	0.001	0	0.0	0	0.0	0	0.0		
Unique Binding	NOT Bound Only	HepG2	AKAP1_5	0.01	0	0.0	0	0.0	0	0.0		
Unique Binding	NOT Bound Only	HepG2	AKAP1_5	0.1	0	0.0	0	0.0	0	0.0		
Unique Binding	NOT Bound Only	HepG2	AKAP1_6	0.0	0	0.0	0	0.0	0	0.0		
Unique Binding	NOT Bound Only	HepG2	AKAP1_6	1e-05	0	0.0	0	0.0	0	0.0		
Unique Binding	NOT Bound Only	HepG2	AKAP1_6	0.0001	0	0.0	0	0.0	0	0.0		
Unique Binding	NOT Bound Only	HepG2	AKAP1_6	0.001	0	0.0	0	0.0	0	0.0		
Unique Binding	NOT Bound Only	HepG2	AKAP1_6	0.01	0	0.0	0	0.0	0	0.0		
Unique Binding	NOT Bound Only	HepG2	AKAP1_6	0.1	0	0.0	0	0.0	0	0.0		
Unique Binding	NOT Bound Only	HepG2	AQR_1	0.0	107703	100.0	102719	40.64492514436752	4984	-1.0814620794274217	39.563463064940095	0.9481641162160951
Unique Binding	NOT Bound Only	HepG2	AQR_1	1e-05	107579	99.88486857376303	102669	40.64473463454308	4910	-1.0811059758579618	39.56362865868512	0.9481805058907083
Unique Binding	NOT Bound Only	HepG2	AQR_1	0.0001	104591	97.11057259314968	101200	40.541678513918875	3391	-0.9902466536643368	39.55143186025454	0.9523139536793132
Unique Binding	NOT Bound Only	HepG2	AQR_1	0.001	578	0.5366610029432792	485	0.6197483353633	93	-0.12149738579107547	0.4982509495722245	0.6721805406124649
Unique Binding	NOT Bound Only	HepG2	AQR_1	0.01	0	0.0	0	0.0	0	0.0		
Unique Binding	NOT Bound Only	HepG2	AQR_1	0.1	0	0.0	0	0.0	0	0.0		
Unique Binding	NOT Bound Only	HepG2	AQR_2	0.0	100593	100.0	100593	259.41077822395863	0	0.0	259.41077822395863	1.0
Unique Binding	NOT Bound Only	HepG2	AQR_2	1e-05	100593	100.0	100593	259.41077822395863	0	0.0	259.41077822395863	1.0
Unique Binding	NOT Bound Only	HepG2	AQR_2	0.0001	100593	100.0	100593	259.41077822395863	0	0.0	259.41077822395863	1.0
Unique Binding	NOT Bound Only	HepG2	AQR_2	0.001	96855	96.28403566848588	96855	256.3834375747576	0	0.0	256.3834375747576	1.0
Unique Binding	NOT Bound Only	HepG2	AQR_2	0.01	0	0.0	0	0.0	0	0.0		
Unique Binding	NOT Bound Only	HepG2	AQR_2	0.1	0	0.0	0	0.0	0	0.0		
Unique Binding	NOT Bound Only	HepG2	AQR_3	0.0	104501	100.0	0	0.0	104501	-552.6897825727218	-552.6897825727218	-1.0
Unique Binding	NOT Bound Only	HepG2	AQR_3	1e-05	104501	100.0	0	0.0	104501	-552.6897825727218	-552.6897825727218	-1.0
Unique Binding	NOT Bound Only	HepG2	AQR_3	0.0001	104494	99.99330149950718	0	0.0	104494	-552.6893993484641	-552.6893993484641	-1.0
Unique Binding	NOT Bound Only	HepG2	AQR_3	0.001	99099	94.83067147682797	0	0.0	99099	-548.5947019685776	-548.5947019685776	-1.0
Unique Binding	NOT Bound Only	HepG2	AQR_3	0.01	17043	16.308934842728778	0	0.0	17043	-202.53876933127128	-202.53876933127128	-1.0
Unique Binding	NOT Bound Only	HepG2	AQR_3	0.1	0	0.0	0	0.0	0	0.0		
Unique Binding	NOT Bound Only	HepG2	AQR_4	0.0	106578	100.0	223	0.012574474051250057	106355	-295.1703420008173	-295.15776752676607	-0.9999148021558876
Unique Binding	NOT Bound Only	HepG2	AQR_4	1e-05	106512	99.93807352361651	185	0.012384735537928772	106327	-295.17021772406576	-295.15783298852784	-0.9999160876323013
Unique Binding	NOT Bound Only	HepG2	AQR_4	0.0001	105707	99.18275816772693	32	0.0052655755547380435	105675	-295.1273123465726	-295.12204677101784	-0.9999643172191168
Unique Binding	NOT Bound Only	HepG2	AQR_4	0.001	74554	69.95252303477265	0	0.0	74554	-276.5022490841199	-276.5022490841199	-1.0
Unique Binding	NOT Bound Only	HepG2	AQR_4	0.01	525	0.4925969712323369	0	0.0	525	-5.5900822869252025	-5.5900822869252025	-1.0
Unique Binding	NOT Bound Only	HepG2	AQR_4	0.1	0	0.0	0	0.0	0	0.0		
Unique Binding	NOT Bound Only	HepG2	AQR_5	0.0	101539	100.0	101479	250.85509039590463	60	-0.016824408169817087	250.83826598773481	0.9998658725255639
Unique Binding	NOT Bound Only	HepG2	AQR_5	1e-05	101531	99.99212125390244	101473	250.85506225937127	58	-0.016808493959446016	250.83825376541182	0.9998659993732341
Unique Binding	NOT Bound Only	HepG2	AQR_5	0.0001	101480	99.9418942475305	101439	250.8531191192619	41	-0.016056369973280405	250.8370627492886	0.999871994078651
Unique Binding	NOT Bound Only	HepG2	AQR_5	0.001	94780	93.3434443908252	94777	245.59537554974446	3	-0.004085432018440949	245.59129011772603	0.9999667309366064
Unique Binding	NOT Bound Only	HepG2	AQR_5	0.01	0	0.0	0	0.0	0	0.0		
Unique Binding	NOT Bound Only	HepG2	AQR_5	0.1	0	0.0	0	0.0	0	0.0		
Unique Binding	NOT Bound Only	HepG2	AQR_6	0.0	109054	100.0	108971	68.12538821922432	83	-0.019706234335115234	68.1056819848892	0.9994216389457484
Unique Binding	NOT Bound Only	HepG2	AQR_6	1e-05	109043	99.98991325398427	108966	68.12536926105466	77	-0.019678358547737817	68.10569090250692	0.9994224566792415
Unique Binding	NOT Bound Only	HepG2	AQR_6	0.0001	108620	99.60203202083372	108553	68.09290365601795	67	-0.01930059811632542	68.07360305790162	0.9994332704886685
Unique Binding	NOT Bound Only	HepG2	AQR_6	0.001	20456	18.757679681625618	20456	24.95968467228362	0	0.0	24.95968467228362	1.0
Unique Binding	NOT Bound Only	HepG2	AQR_6	0.01	0	0.0	0	0.0	0	0.0		
Unique Binding	NOT Bound Only	HepG2	AQR_6	0.1	0	0.0	0	0.0	0	0.0		
Unique Binding	NOT Bound Only	HepG2	BCCIP_1	0.0	0	0.0	0	0.0	0	0.0		
Unique Binding	NOT Bound Only	HepG2	BCCIP_1	1e-05	0	0.0	0	0.0	0	0.0		
Unique Binding	NOT Bound Only	HepG2	BCCIP_1	0.0001	0	0.0	0	0.0	0	0.0		
Unique Binding	NOT Bound Only	HepG2	BCCIP_1	0.001	0	0.0	0	0.0	0	0.0		
Unique Binding	NOT Bound Only	HepG2	BCCIP_1	0.01	0	0.0	0	0.0	0	0.0		
Unique Binding	NOT Bound Only	HepG2	BCCIP_1	0.1	0	0.0	0	0.0	0	0.0		
Unique Binding	NOT Bound Only	HepG2	BCCIP_2	0.0	0	0.0	0	0.0	0	0.0		
Unique Binding	NOT Bound Only	HepG2	BCCIP_2	1e-05	0	0.0	0	0.0	0	0.0		
Unique Binding	NOT Bound Only	HepG2	BCCIP_2	0.0001	0	0.0	0	0.0	0	0.0		
Unique Binding	NOT Bound Only	HepG2	BCCIP_2	0.001	0	0.0	0	0.0	0	0.0		
Unique Binding	NOT Bound Only	HepG2	BCCIP_2	0.01	0	0.0	0	0.0	0	0.0		
Unique Binding	NOT Bound Only	HepG2	BCCIP_2	0.1	0	0.0	0	0.0	0	0.0		
Unique Binding	NOT Bound Only	HepG2	BCCIP_3	0.0	0	0.0	0	0.0	0	0.0		
Unique Binding	NOT Bound Only	HepG2	BCCIP_3	1e-05	0	0.0	0	0.0	0	0.0		
Unique Binding	NOT Bound Only	HepG2	BCCIP_3	0.0001	0	0.0	0	0.0	0	0.0		
Unique Binding	NOT Bound Only	HepG2	BCCIP_3	0.001	0	0.0	0	0.0	0	0.0		
Unique Binding	NOT Bound Only	HepG2	BCCIP_3	0.01	0	0.0	0	0.0	0	0.0		
Unique Binding	NOT Bound Only	HepG2	BCCIP_3	0.1	0	0.0	0	0.0	0	0.0		
Unique Binding	NOT Bound Only	HepG2	BCCIP_4	0.0	0	0.0	0	0.0	0	0.0		
Unique Binding	NOT Bound Only	HepG2	BCCIP_4	1e-05	0	0.0	0	0.0	0	0.0		
Unique Binding	NOT Bound Only	HepG2	BCCIP_4	0.0001	0	0.0	0	0.0	0	0.0		
Unique Binding	NOT Bound Only	HepG2	BCCIP_4	0.001	0	0.0	0	0.0	0	0.0		
Unique Binding	NOT Bound Only	HepG2	BCCIP_4	0.01	0	0.0	0	0.0	0	0.0		
Unique Binding	NOT Bound Only	HepG2	BCCIP_4	0.1	0	0.0	0	0.0	0	0.0		
Unique Binding	NOT Bound Only	HepG2	BCCIP_5	0.0	0	0.0	0	0.0	0	0.0		
Unique Binding	NOT Bound Only	HepG2	BCCIP_5	1e-05	0	0.0	0	0.0	0	0.0		
Unique Binding	NOT Bound Only	HepG2	BCCIP_5	0.0001	0	0.0	0	0.0	0	0.0		
Unique Binding	NOT Bound Only	HepG2	BCCIP_5	0.001	0	0.0	0	0.0	0	0.0		
Unique Binding	NOT Bound Only	HepG2	BCCIP_5	0.01	0	0.0	0	0.0	0	0.0		
Unique Binding	NOT Bound Only	HepG2	BCCIP_5	0.1	0	0.0	0	0.0	0	0.0		
Unique Binding	NOT Bound Only	HepG2	BCCIP_6	0.0	0	0.0	0	0.0	0	0.0		
Unique Binding	NOT Bound Only	HepG2	BCCIP_6	1e-05	0	0.0	0	0.0	0	0.0		
Unique Binding	NOT Bound Only	HepG2	BCCIP_6	0.0001	0	0.0	0	0.0	0	0.0		
Unique Binding	NOT Bound Only	HepG2	BCCIP_6	0.001	0	0.0	0	0.0	0	0.0		
Unique Binding	NOT Bound Only	HepG2	BCCIP_6	0.01	0	0.0	0	0.0	0	0.0		
Unique Binding	NOT Bound Only	HepG2	BCCIP_6	0.1	0	0.0	0	0.0	0	0.0		
Unique Binding	NOT Bound Only	HepG2	BCLAF1_1	0.0	104311	100.0	23590	6.519027280088412	80721	-6.522914479312934	-0.0038871992245219644	-0.0002980537174780633
Unique Binding	NOT Bound Only	HepG2	BCLAF1_1	1e-05	98943	94.85385050474063	20441	6.503934263003772	78502	-6.5107938877693075	-0.006859624765535699	-0.0005270663118021589
Unique Binding	NOT Bound Only	HepG2	BCLAF1_1	0.0001	29466	28.248219267383114	14479	6.2407372262238265	14987	-4.079954729880573	2.160782496343254	0.2093641110047095
Unique Binding	NOT Bound Only	HepG2	BCLAF1_1	0.001	1137	1.090009682583812	565	0.8514285280110634	572	-0.9512427059902815	-0.0998141779792181	-0.05537015074993072
Unique Binding	NOT Bound Only	HepG2	BCLAF1_1	0.01	0	0.0	0	0.0	0	0.0		
Unique Binding	NOT Bound Only	HepG2	BCLAF1_1	0.1	0	0.0	0	0.0	0	0.0		
Unique Binding	NOT Bound Only	HepG2	BCLAF1_2	0.0	100514	100.0	100448	116.14470593710075	66	-0.02607567369469107	116.11863026340606	0.9995510803433852
Unique Binding	NOT Bound Only	HepG2	BCLAF1_2	1e-05	100507	99.99303579600851	100445	116.14468852785758	62	-0.026059431964128247	116.11862909589345	0.9995513598315965
Unique Binding	NOT Bound Only	HepG2	BCLAF1_2	0.0001	100370	99.85673637503233	100343	116.13839864548798	27	-0.02451467246542429	116.11388397302255	0.9995779260046909
Unique Binding	NOT Bound Only	HepG2	BCLAF1_2	0.001	45963	45.72795829436696	45948	82.4395167512893	15	-0.016719584022152904	82.42279716726715	0.9995944616255789
Unique Binding	NOT Bound Only	HepG2	BCLAF1_2	0.01	1	0.0009948862844976819	1	0.010096435140705393	0	0.0	0.010096435140705393	1.0
Unique Binding	NOT Bound Only	HepG2	BCLAF1_2	0.1	0	0.0	0	0.0	0	0.0		
Unique Binding	NOT Bound Only	HepG2	BCLAF1_3	0.0	105172	100.0	3	0.00018932241581363622	105169	-345.4984472961345	-345.4982579737187	-0.999998904062733
Unique Binding	NOT Bound Only	HepG2	BCLAF1_3	1e-05	105172	100.0	3	0.00018932241581363622	105169	-345.4984472961345	-345.4982579737187	-0.999998904062733
Unique Binding	NOT Bound Only	HepG2	BCLAF1_3	0.0001	104705	99.55596546609364	1	0.00012689649615631478	104704	-345.46431610174676	-345.4641892052506	-0.9999992653571229
Unique Binding	NOT Bound Only	HepG2	BCLAF1_3	0.001	71889	68.35374434260069	0	0.0	71889	-327.71034015368093	-327.71034015368093	-1.0
Unique Binding	NOT Bound Only	HepG2	BCLAF1_3	0.01	3395	3.2280454873920816	0	0.0	3395	-35.886057838951174	-35.886057838951174	-1.0
Unique Binding	NOT Bound Only	HepG2	BCLAF1_3	0.1	0	0.0	0	0.0	0	0.0		
Unique Binding	NOT Bound Only	HepG2	BCLAF1_4	0.0	101509	100.0	98	0.025883306170035304	101411	-1126.5377205818845	-1126.5118372757145	-0.9999540490992596
Unique Binding	NOT Bound Only	HepG2	BCLAF1_4	1e-05	101498	99.98916352244629	95	0.02587467782559772	101403	-1126.5376748760739	-1126.5118001982482	-0.999954064415033
Unique Binding	NOT Bound Only	HepG2	BCLAF1_4	0.0001	101430	99.92217438847787	68	0.024505815422553676	101362	-1126.5351006470585	-1126.510594831636	-0.9999564944184365
Unique Binding	NOT Bound Only	HepG2	BCLAF1_4	0.001	96307	94.87533125141613	0	0.0	96307	-1123.0869615607025	-1123.0869615607025	-1.0
Unique Binding	NOT Bound Only	HepG2	BCLAF1_4	0.01	41622	41.003260794609346	0	0.0	41622	-889.4997603779184	-889.4997603779184	-1.0
Unique Binding	NOT Bound Only	HepG2	BCLAF1_4	0.1	0	0.0	0	0.0	0	0.0		
Unique Binding	NOT Bound Only	HepG2	BCLAF1_5	0.0	101870	100.0	99900	90.00427803245049	1970	-1.7015972927147762	88.3026807397357	0.962890113928222
Unique Binding	NOT Bound Only	HepG2	BCLAF1_5	1e-05	101813	99.94404633356238	99865	90.00412316547312	1948	-1.7014654329989298	88.30265773247419	0.9628928736186689
Unique Binding	NOT Bound Only	HepG2	BCLAF1_5	0.0001	100633	98.78570727397664	99010	89.9511899914623	1623	-1.6853468546925026	88.2658431367698	0.9632167056351777
Unique Binding	NOT Bound Only	HepG2	BCLAF1_5	0.001	35059	34.41543143221753	34721	57.18345908821653	338	-1.1218731006171283	56.0615859875994	0.9615173069597232
Unique Binding	NOT Bound Only	HepG2	BCLAF1_5	0.01	29	0.028467654854225973	0	0.0	29	-0.3100735818325376	-0.3100735818325376	-1.0
Unique Binding	NOT Bound Only	HepG2	BCLAF1_5	0.1	0	0.0	0	0.0	0	0.0		
Unique Binding	NOT Bound Only	HepG2	BCLAF1_6	0.0	98844	100.0	98627	114.04679870396497	217	-0.07115106596463655	113.97564763800032	0.9987530258630113
Unique Binding	NOT Bound Only	HepG2	BCLAF1_6	1e-05	98842	99.99797660960705	98625	114.04678641534377	217	-0.07115106596463655	113.97563534937913	0.9987530257287327
Unique Binding	NOT Bound Only	HepG2	BCLAF1_6	0.0001	98771	99.9261462506576	98583	114.0440172432986	188	-0.06937542379211167	113.97464181950649	0.9987840967274629
Unique Binding	NOT Bound Only	HepG2	BCLAF1_6	0.001	45957	46.494476144227264	45956	81.13127815156446	1	-0.0011891555004651827	81.13008899606399	0.999970686075749
Unique Binding	NOT Bound Only	HepG2	BCLAF1_6	0.01	0	0.0	0	0.0	0	0.0		
Unique Binding	NOT Bound Only	HepG2	BCLAF1_6	0.1	0	0.0	0	0.0	0	0.0		
Unique Binding	NOT Bound Only	HepG2	BUD13_1	0.0	112777	100.0	336	0.06613848441788553	112441	-42.830071827120314	-42.76393334270243	-0.9969163483702851
Unique Binding	NOT Bound Only	HepG2	BUD13_1	1e-05	112680	99.91398955460777	310	0.06603701114415955	112370	-42.829610489508084	-42.763573478363924	-0.9969210390800999
Unique Binding	NOT Bound Only	HepG2	BUD13_1	0.0001	105140	93.22822916020111	196	0.06095091643999624	104944	-42.288762329314515	-42.227811412874516	-0.9971215428975255
Unique Binding	NOT Bound Only	HepG2	BUD13_1	0.001	1589	1.4089752343119608	12	0.013504492062121093	1577	-1.65589188090593	-1.642387388843809	-0.9838211077000112
Unique Binding	NOT Bound Only	HepG2	BUD13_1	0.01	0	0.0	0	0.0	0	0.0		
Unique Binding	NOT Bound Only	HepG2	BUD13_1	0.1	0	0.0	0	0.0	0	0.0		
Unique Binding	NOT Bound Only	HepG2	BUD13_2	0.0	112253	100.0	106422	23.61076883826288	5831	-0.6372900930496648	22.973478745213217	0.9474357848721074
Unique Binding	NOT Bound Only	HepG2	BUD13_2	1e-05	111196	99.05837705896502	106001	23.60882496089242	5195	-0.6339036071717802	22.97492135372064	0.9477036089075513
Unique Binding	NOT Bound Only	HepG2	BUD13_2	0.0001	91900	81.86863602754492	91145	22.497076052578567	755	-0.45977249305109014	22.037303559527476	0.959944633329158
Unique Binding	NOT Bound Only	HepG2	BUD13_2	0.001	151	0.13451756300499765	0	0.0	151	-0.20060812402595055	-0.20060812402595055	-1.0
Unique Binding	NOT Bound Only	HepG2	BUD13_2	0.01	0	0.0	0	0.0	0	0.0		
Unique Binding	NOT Bound Only	HepG2	BUD13_2	0.1	0	0.0	0	0.0	0	0.0		
Unique Binding	NOT Bound Only	HepG2	BUD13_3	0.0	112515	100.0	2	7.873741178148324e-05	112513	-110.09983618983125	-110.09975745241947	-0.9999985697098525
Unique Binding	NOT Bound Only	HepG2	BUD13_3	1e-05	112515	100.0	2	7.873741178148324e-05	112513	-110.09983618983125	-110.09975745241947	-0.9999985697098525
Unique Binding	NOT Bound Only	HepG2	BUD13_3	0.0001	112081	99.61427365240189	0	0.0	112081	-110.06557520944429	-110.06557520944429	-1.0
Unique Binding	NOT Bound Only	HepG2	BUD13_3	0.001	41904	37.243034262098384	0	0.0	41904	-74.68795190802567	-74.68795190802567	-1.0
Unique Binding	NOT Bound Only	HepG2	BUD13_3	0.01	0	0.0	0	0.0	0	0.0		
Unique Binding	NOT Bound Only	HepG2	BUD13_3	0.1	0	0.0	0	0.0	0	0.0		
Unique Binding	NOT Bound Only	HepG2	BUD13_4	0.0	114251	100.0	320	0.008709066454083918	113931	-67.31185774448107	-67.30314867802699	-0.9997412658013249
Unique Binding	NOT Bound Only	HepG2	BUD13_4	1e-05	113960	99.74529763415637	166	0.007907847760109905	113794	-67.31107803112373	-67.30317018336362	-0.999765063372335
Unique Binding	NOT Bound Only	HepG2	BUD13_4	0.0001	110131	96.39390464853699	15	0.0022703972455252273	110116	-67.06644966979691	-67.06417927255139	-0.9999322963896358
Unique Binding	NOT Bound Only	HepG2	BUD13_4	0.001	24893	21.787993102905006	0	0.0	24893	-29.476575697626345	-29.476575697626345	-1.0
Unique Binding	NOT Bound Only	HepG2	BUD13_4	0.01	0	0.0	0	0.0	0	0.0		
Unique Binding	NOT Bound Only	HepG2	BUD13_4	0.1	0	0.0	0	0.0	0	0.0		
Unique Binding	NOT Bound Only	HepG2	BUD13_5	0.0	111399	100.0	111399	241.53308625737174	0	0.0	241.53308625737174	1.0
Unique Binding	NOT Bound Only	HepG2	BUD13_5	1e-05	111399	100.0	111399	241.53308625737174	0	0.0	241.53308625737174	1.0
Unique Binding	NOT Bound Only	HepG2	BUD13_5	0.0001	111399	100.0	111399	241.53308625737174	0	0.0	241.53308625737174	1.0
Unique Binding	NOT Bound Only	HepG2	BUD13_5	0.001	100539	90.25125898796219	100539	232.8156022149363	0	0.0	232.8156022149363	1.0
Unique Binding	NOT Bound Only	HepG2	BUD13_5	0.01	0	0.0	0	0.0	0	0.0		
Unique Binding	NOT Bound Only	HepG2	BUD13_5	0.1	0	0.0	0	0.0	0	0.0		
Unique Binding	NOT Bound Only	HepG2	BUD13_6	0.0	114785	100.0	114785	8.591620779707995	0	0.0	8.591620779707995	1.0
Unique Binding	NOT Bound Only	HepG2	BUD13_6	1e-05	109515	95.40880777105022	109515	8.549837823370884	0	0.0	8.549837823370884	1.0
Unique Binding	NOT Bound Only	HepG2	BUD13_6	0.0001	25511	22.225029402796533	25511	4.82621794385422	0	0.0	4.82621794385422	1.0
Unique Binding	NOT Bound Only	HepG2	BUD13_6	0.001	0	0.0	0	0.0	0	0.0		
Unique Binding	NOT Bound Only	HepG2	BUD13_6	0.01	0	0.0	0	0.0	0	0.0		
Unique Binding	NOT Bound Only	HepG2	BUD13_6	0.1	0	0.0	0	0.0	0	0.0		
Unique Binding	NOT Bound Only	HepG2	CDC40_1	0.0	0	0.0	0	0.0	0	0.0		
Unique Binding	NOT Bound Only	HepG2	CDC40_1	1e-05	0	0.0	0	0.0	0	0.0		
Unique Binding	NOT Bound Only	HepG2	CDC40_1	0.0001	0	0.0	0	0.0	0	0.0		
Unique Binding	NOT Bound Only	HepG2	CDC40_1	0.001	0	0.0	0	0.0	0	0.0		
Unique Binding	NOT Bound Only	HepG2	CDC40_1	0.01	0	0.0	0	0.0	0	0.0		
Unique Binding	NOT Bound Only	HepG2	CDC40_1	0.1	0	0.0	0	0.0	0	0.0		
Unique Binding	NOT Bound Only	HepG2	CDC40_2	0.0	436	0.3721279573930559	436	0.16072464327491093	0	0.0	0.16072464327491093	1.0
Unique Binding	NOT Bound Only	HepG2	CDC40_2	1e-05	436	0.3721279573930559	436	0.16072464327491093	0	0.0	0.16072464327491093	1.0
Unique Binding	NOT Bound Only	HepG2	CDC40_2	0.0001	429	0.3661534259670206	429	0.16010996760645438	0	0.0	0.16010996760645438	1.0
Unique Binding	NOT Bound Only	HepG2	CDC40_2	0.001	0	0.0	0	0.0	0	0.0		
Unique Binding	NOT Bound Only	HepG2	CDC40_2	0.01	0	0.0	0	0.0	0	0.0		
Unique Binding	NOT Bound Only	HepG2	CDC40_2	0.1	0	0.0	0	0.0	0	0.0		
Unique Binding	NOT Bound Only	HepG2	CDC40_3	0.0	117952	100.0	117952	3.342795180158789	0	0.0	3.342795180158789	1.0
Unique Binding	NOT Bound Only	HepG2	CDC40_3	1e-05	84509	71.64694112859469	84509	3.1330301113532846	0	0.0	3.1330301113532846	1.0
Unique Binding	NOT Bound Only	HepG2	CDC40_3	0.0001	493	0.41796663049376015	493	0.06884273708844457	0	0.0	0.06884273708844457	1.0
Unique Binding	NOT Bound Only	HepG2	CDC40_3	0.001	0	0.0	0	0.0	0	0.0		
Unique Binding	NOT Bound Only	HepG2	CDC40_3	0.01	0	0.0	0	0.0	0	0.0		
Unique Binding	NOT Bound Only	HepG2	CDC40_3	0.1	0	0.0	0	0.0	0	0.0		
Unique Binding	NOT Bound Only	HepG2	CDC40_4	0.0	0	0.0	0	0.0	0	0.0		
Unique Binding	NOT Bound Only	HepG2	CDC40_4	1e-05	0	0.0	0	0.0	0	0.0		
Unique Binding	NOT Bound Only	HepG2	CDC40_4	0.0001	0	0.0	0	0.0	0	0.0		
Unique Binding	NOT Bound Only	HepG2	CDC40_4	0.001	0	0.0	0	0.0	0	0.0		
Unique Binding	NOT Bound Only	HepG2	CDC40_4	0.01	0	0.0	0	0.0	0	0.0		
Unique Binding	NOT Bound Only	HepG2	CDC40_4	0.1	0	0.0	0	0.0	0	0.0		
Unique Binding	NOT Bound Only	HepG2	CDC40_5	0.0	3842	3.257284804707039	3842	0.05666897200358518	0	0.0	0.05666897200358518	1.0
Unique Binding	NOT Bound Only	HepG2	CDC40_5	1e-05	3061	2.5951454417512356	3061	0.051284350495764866	0	0.0	0.051284350495764866	1.0
Unique Binding	NOT Bound Only	HepG2	CDC40_5	0.0001	0	0.0	0	0.0	0	0.0		
Unique Binding	NOT Bound Only	HepG2	CDC40_5	0.001	0	0.0	0	0.0	0	0.0		
Unique Binding	NOT Bound Only	HepG2	CDC40_5	0.01	0	0.0	0	0.0	0	0.0		
Unique Binding	NOT Bound Only	HepG2	CDC40_5	0.1	0	0.0	0	0.0	0	0.0		
Unique Binding	NOT Bound Only	HepG2	CDC40_6	0.0	0	0.0	0	0.0	0	0.0		
Unique Binding	NOT Bound Only	HepG2	CDC40_6	1e-05	0	0.0	0	0.0	0	0.0		
Unique Binding	NOT Bound Only	HepG2	CDC40_6	0.0001	0	0.0	0	0.0	0	0.0		
Unique Binding	NOT Bound Only	HepG2	CDC40_6	0.001	0	0.0	0	0.0	0	0.0		
Unique Binding	NOT Bound Only	HepG2	CDC40_6	0.01	0	0.0	0	0.0	0	0.0		
Unique Binding	NOT Bound Only	HepG2	CDC40_6	0.1	0	0.0	0	0.0	0	0.0		
Unique Binding	NOT Bound Only	HepG2	CSTF2T_1	0.0	0	0.0	0	0.0	0	0.0		
Unique Binding	NOT Bound Only	HepG2	CSTF2T_1	1e-05	0	0.0	0	0.0	0	0.0		
Unique Binding	NOT Bound Only	HepG2	CSTF2T_1	0.0001	0	0.0	0	0.0	0	0.0		
Unique Binding	NOT Bound Only	HepG2	CSTF2T_1	0.001	0	0.0	0	0.0	0	0.0		
Unique Binding	NOT Bound Only	HepG2	CSTF2T_1	0.01	0	0.0	0	0.0	0	0.0		
Unique Binding	NOT Bound Only	HepG2	CSTF2T_1	0.1	0	0.0	0	0.0	0	0.0		
Unique Binding	NOT Bound Only	HepG2	CSTF2T_2	0.0	0	0.0	0	0.0	0	0.0		
Unique Binding	NOT Bound Only	HepG2	CSTF2T_2	1e-05	0	0.0	0	0.0	0	0.0		
Unique Binding	NOT Bound Only	HepG2	CSTF2T_2	0.0001	0	0.0	0	0.0	0	0.0		
Unique Binding	NOT Bound Only	HepG2	CSTF2T_2	0.001	0	0.0	0	0.0	0	0.0		
Unique Binding	NOT Bound Only	HepG2	CSTF2T_2	0.01	0	0.0	0	0.0	0	0.0		
Unique Binding	NOT Bound Only	HepG2	CSTF2T_2	0.1	0	0.0	0	0.0	0	0.0		
Unique Binding	NOT Bound Only	HepG2	CSTF2T_3	0.0	117264	100.0	117198	10.721172311075616	66	-0.007687564654481103	10.713484746421136	0.998566937262016
Unique Binding	NOT Bound Only	HepG2	CSTF2T_3	1e-05	116958	99.73905034793287	116892	10.718565080434157	66	-0.007687564654481103	10.710877515779677	0.9985665889274014
Unique Binding	NOT Bound Only	HepG2	CSTF2T_3	0.0001	41336	35.250375221721924	41288	7.082597085215559	48	-0.00678066452184896	7.07581642069371	0.9980870917699088
Unique Binding	NOT Bound Only	HepG2	CSTF2T_3	0.001	0	0.0	0	0.0	0	0.0		
Unique Binding	NOT Bound Only	HepG2	CSTF2T_3	0.01	0	0.0	0	0.0	0	0.0		
Unique Binding	NOT Bound Only	HepG2	CSTF2T_3	0.1	0	0.0	0	0.0	0	0.0		
Unique Binding	NOT Bound Only	HepG2	CSTF2T_4	0.0	117438	100.0	117438	13.360545260143638	0	0.0	13.360545260143638	1.0
Unique Binding	NOT Bound Only	HepG2	CSTF2T_4	1e-05	117438	100.0	117438	13.360545260143638	0	0.0	13.360545260143638	1.0
Unique Binding	NOT Bound Only	HepG2	CSTF2T_4	0.0001	53411	45.48016825899624	53411	9.251241576833678	0	0.0	9.251241576833678	1.0
Unique Binding	NOT Bound Only	HepG2	CSTF2T_4	0.001	10	0.008515131388477325	10	0.010534542295036439	0	0.0	0.010534542295036439	1.0
Unique Binding	NOT Bound Only	HepG2	CSTF2T_4	0.01	0	0.0	0	0.0	0	0.0		
Unique Binding	NOT Bound Only	HepG2	CSTF2T_4	0.1	0	0.0	0	0.0	0	0.0		
Unique Binding	NOT Bound Only	HepG2	CSTF2T_5	0.0	17441	14.824479388015298	17441	0.6057090877725291	0	0.0	0.6057090877725291	1.0
Unique Binding	NOT Bound Only	HepG2	CSTF2T_5	1e-05	15887	13.503612409689758	15887	0.5938876914399362	0	0.0	0.5938876914399362	1.0
Unique Binding	NOT Bound Only	HepG2	CSTF2T_5	0.0001	559	0.47513812154696133	559	0.0732484448239317	0	0.0	0.0732484448239317	1.0
Unique Binding	NOT Bound Only	HepG2	CSTF2T_5	0.001	0	0.0	0	0.0	0	0.0		
Unique Binding	NOT Bound Only	HepG2	CSTF2T_5	0.01	0	0.0	0	0.0	0	0.0		
Unique Binding	NOT Bound Only	HepG2	CSTF2T_5	0.1	0	0.0	0	0.0	0	0.0		
Unique Binding	NOT Bound Only	HepG2	CSTF2T_6	0.0	0	0.0	0	0.0	0	0.0		
Unique Binding	NOT Bound Only	HepG2	CSTF2T_6	1e-05	0	0.0	0	0.0	0	0.0		
Unique Binding	NOT Bound Only	HepG2	CSTF2T_6	0.0001	0	0.0	0	0.0	0	0.0		
Unique Binding	NOT Bound Only	HepG2	CSTF2T_6	0.001	0	0.0	0	0.0	0	0.0		
Unique Binding	NOT Bound Only	HepG2	CSTF2T_6	0.01	0	0.0	0	0.0	0	0.0		
Unique Binding	NOT Bound Only	HepG2	CSTF2T_6	0.1	0	0.0	0	0.0	0	0.0		
Unique Binding	NOT Bound Only	HepG2	CSTF2_1	0.0	0	0.0	0	0.0	0	0.0		
Unique Binding	NOT Bound Only	HepG2	CSTF2_1	1e-05	0	0.0	0	0.0	0	0.0		
Unique Binding	NOT Bound Only	HepG2	CSTF2_1	0.0001	0	0.0	0	0.0	0	0.0		
Unique Binding	NOT Bound Only	HepG2	CSTF2_1	0.001	0	0.0	0	0.0	0	0.0		
Unique Binding	NOT Bound Only	HepG2	CSTF2_1	0.01	0	0.0	0	0.0	0	0.0		
Unique Binding	NOT Bound Only	HepG2	CSTF2_1	0.1	0	0.0	0	0.0	0	0.0		
Unique Binding	NOT Bound Only	HepG2	CSTF2_2	0.0	0	0.0	0	0.0	0	0.0		
Unique Binding	NOT Bound Only	HepG2	CSTF2_2	1e-05	0	0.0	0	0.0	0	0.0		
Unique Binding	NOT Bound Only	HepG2	CSTF2_2	0.0001	0	0.0	0	0.0	0	0.0		
Unique Binding	NOT Bound Only	HepG2	CSTF2_2	0.001	0	0.0	0	0.0	0	0.0		
Unique Binding	NOT Bound Only	HepG2	CSTF2_2	0.01	0	0.0	0	0.0	0	0.0		
Unique Binding	NOT Bound Only	HepG2	CSTF2_2	0.1	0	0.0	0	0.0	0	0.0		
Unique Binding	NOT Bound Only	HepG2	CSTF2_3	0.0	0	0.0	0	0.0	0	0.0		
Unique Binding	NOT Bound Only	HepG2	CSTF2_3	1e-05	0	0.0	0	0.0	0	0.0		
Unique Binding	NOT Bound Only	HepG2	CSTF2_3	0.0001	0	0.0	0	0.0	0	0.0		
Unique Binding	NOT Bound Only	HepG2	CSTF2_3	0.001	0	0.0	0	0.0	0	0.0		
Unique Binding	NOT Bound Only	HepG2	CSTF2_3	0.01	0	0.0	0	0.0	0	0.0		
Unique Binding	NOT Bound Only	HepG2	CSTF2_3	0.1	0	0.0	0	0.0	0	0.0		
Unique Binding	NOT Bound Only	HepG2	CSTF2_4	0.0	0	0.0	0	0.0	0	0.0		
Unique Binding	NOT Bound Only	HepG2	CSTF2_4	1e-05	0	0.0	0	0.0	0	0.0		
Unique Binding	NOT Bound Only	HepG2	CSTF2_4	0.0001	0	0.0	0	0.0	0	0.0		
Unique Binding	NOT Bound Only	HepG2	CSTF2_4	0.001	0	0.0	0	0.0	0	0.0		
Unique Binding	NOT Bound Only	HepG2	CSTF2_4	0.01	0	0.0	0	0.0	0	0.0		
Unique Binding	NOT Bound Only	HepG2	CSTF2_4	0.1	0	0.0	0	0.0	0	0.0		
Unique Binding	NOT Bound Only	HepG2	CSTF2_5	0.0	0	0.0	0	0.0	0	0.0		
Unique Binding	NOT Bound Only	HepG2	CSTF2_5	1e-05	0	0.0	0	0.0	0	0.0		
Unique Binding	NOT Bound Only	HepG2	CSTF2_5	0.0001	0	0.0	0	0.0	0	0.0		
Unique Binding	NOT Bound Only	HepG2	CSTF2_5	0.001	0	0.0	0	0.0	0	0.0		
Unique Binding	NOT Bound Only	HepG2	CSTF2_5	0.01	0	0.0	0	0.0	0	0.0		
Unique Binding	NOT Bound Only	HepG2	CSTF2_5	0.1	0	0.0	0	0.0	0	0.0		
Unique Binding	NOT Bound Only	HepG2	CSTF2_6	0.0	0	0.0	0	0.0	0	0.0		
Unique Binding	NOT Bound Only	HepG2	CSTF2_6	1e-05	0	0.0	0	0.0	0	0.0		
Unique Binding	NOT Bound Only	HepG2	CSTF2_6	0.0001	0	0.0	0	0.0	0	0.0		
Unique Binding	NOT Bound Only	HepG2	CSTF2_6	0.001	0	0.0	0	0.0	0	0.0		
Unique Binding	NOT Bound Only	HepG2	CSTF2_6	0.01	0	0.0	0	0.0	0	0.0		
Unique Binding	NOT Bound Only	HepG2	CSTF2_6	0.1	0	0.0	0	0.0	0	0.0		
Unique Binding	NOT Bound Only	HepG2	DDX3X_1	0.0	110883	100.0	110647	105.10397275608473	236	-0.025883240736859423	105.07808951534787	0.9995075948598723
Unique Binding	NOT Bound Only	HepG2	DDX3X_1	1e-05	110837	99.95851483094793	110618	105.1038108667142	219	-0.02580418047962161	105.07800668623457	0.9995090977843295
Unique Binding	NOT Bound Only	HepG2	DDX3X_1	0.0001	110452	99.61130200301218	110364	105.08822980479684	88	-0.019928106591220823	105.06830169820562	0.9996208076140384
Unique Binding	NOT Bound Only	HepG2	DDX3X_1	0.001	43170	38.932929303860824	43170	60.38695625938783	0	0.0	60.38695625938783	1.0
Unique Binding	NOT Bound Only	HepG2	DDX3X_1	0.01	0	0.0	0	0.0	0	0.0		
Unique Binding	NOT Bound Only	HepG2	DDX3X_1	0.1	0	0.0	0	0.0	0	0.0		
Unique Binding	NOT Bound Only	HepG2	DDX3X_2	0.0	110929	100.0	93082	32.913349260738904	17847	-5.218854225810571	27.694495034928334	0.7262757591414073
Unique Binding	NOT Bound Only	HepG2	DDX3X_2	1e-05	110191	99.3347095890164	92712	32.91119594674835	17479	-5.216884075745587	27.694311871002764	0.7263495002807459
Unique Binding	NOT Bound Only	HepG2	DDX3X_2	0.0001	99834	89.99810689720452	88126	32.628603932821996	11708	-4.9143413003673455	27.71426263245465	0.7382016104574082
Unique Binding	NOT Bound Only	HepG2	DDX3X_2	0.001	1556	1.4026990236998442	636	0.8518098279865114	920	-1.3500209462123958	-0.4982111182258844	-0.2262713029829228
Unique Binding	NOT Bound Only	HepG2	DDX3X_2	0.01	0	0.0	0	0.0	0	0.0		
Unique Binding	NOT Bound Only	HepG2	DDX3X_2	0.1	0	0.0	0	0.0	0	0.0		
Unique Binding	NOT Bound Only	HepG2	DDX3X_3	0.0	114936	100.0	0	0.0	114936	-383.69665986794143	-383.69665986794143	-1.0
Unique Binding	NOT Bound Only	HepG2	DDX3X_3	1e-05	114936	100.0	0	0.0	114936	-383.69665986794143	-383.69665986794143	-1.0
Unique Binding	NOT Bound Only	HepG2	DDX3X_3	0.0001	114936	100.0	0	0.0	114936	-383.69665986794143	-383.69665986794143	-1.0
Unique Binding	NOT Bound Only	HepG2	DDX3X_3	0.001	98022	85.28398413029859	0	0.0	98022	-371.3877111476513	-371.3877111476513	-1.0
Unique Binding	NOT Bound Only	HepG2	DDX3X_3	0.01	727	0.6325259274726804	0	0.0	727	-8.034737875125412	-8.034737875125412	-1.0
Unique Binding	NOT Bound Only	HepG2	DDX3X_3	0.1	0	0.0	0	0.0	0	0.0		
Unique Binding	NOT Bound Only	HepG2	DDX3X_4	0.0	116712	100.0	0	0.0	116712	-65.41884912138404	-65.41884912138404	-1.0
Unique Binding	NOT Bound Only	HepG2	DDX3X_4	1e-05	116712	100.0	0	0.0	116712	-65.41884912138404	-65.41884912138404	-1.0
Unique Binding	NOT Bound Only	HepG2	DDX3X_4	0.0001	112368	96.27801768455686	0	0.0	112368	-65.09152434511196	-65.09152434511196	-1.0
Unique Binding	NOT Bound Only	HepG2	DDX3X_4	0.001	21346	18.28946466515868	0	0.0	21346	-26.039451078205097	-26.039451078205097	-1.0
Unique Binding	NOT Bound Only	HepG2	DDX3X_4	0.01	0	0.0	0	0.0	0	0.0		
Unique Binding	NOT Bound Only	HepG2	DDX3X_4	0.1	0	0.0	0	0.0	0	0.0		
Unique Binding	NOT Bound Only	HepG2	DDX3X_5	0.0	0	0.0	0	0.0	0	0.0		
Unique Binding	NOT Bound Only	HepG2	DDX3X_5	1e-05	0	0.0	0	0.0	0	0.0		
Unique Binding	NOT Bound Only	HepG2	DDX3X_5	0.0001	0	0.0	0	0.0	0	0.0		
Unique Binding	NOT Bound Only	HepG2	DDX3X_5	0.001	0	0.0	0	0.0	0	0.0		
Unique Binding	NOT Bound Only	HepG2	DDX3X_5	0.01	0	0.0	0	0.0	0	0.0		
Unique Binding	NOT Bound Only	HepG2	DDX3X_5	0.1	0	0.0	0	0.0	0	0.0		
Unique Binding	NOT Bound Only	HepG2	DDX3X_6	0.0	0	0.0	0	0.0	0	0.0		
Unique Binding	NOT Bound Only	HepG2	DDX3X_6	1e-05	0	0.0	0	0.0	0	0.0		
Unique Binding	NOT Bound Only	HepG2	DDX3X_6	0.0001	0	0.0	0	0.0	0	0.0		
Unique Binding	NOT Bound Only	HepG2	DDX3X_6	0.001	0	0.0	0	0.0	0	0.0		
Unique Binding	NOT Bound Only	HepG2	DDX3X_6	0.01	0	0.0	0	0.0	0	0.0		
Unique Binding	NOT Bound Only	HepG2	DDX3X_6	0.1	0	0.0	0	0.0	0	0.0		
Unique Binding	NOT Bound Only	HepG2	DDX52_1	0.0	0	0.0	0	0.0	0	0.0		
Unique Binding	NOT Bound Only	HepG2	DDX52_1	1e-05	0	0.0	0	0.0	0	0.0		
Unique Binding	NOT Bound Only	HepG2	DDX52_1	0.0001	0	0.0	0	0.0	0	0.0		
Unique Binding	NOT Bound Only	HepG2	DDX52_1	0.001	0	0.0	0	0.0	0	0.0		
Unique Binding	NOT Bound Only	HepG2	DDX52_1	0.01	0	0.0	0	0.0	0	0.0		
Unique Binding	NOT Bound Only	HepG2	DDX52_1	0.1	0	0.0	0	0.0	0	0.0		
Unique Binding	NOT Bound Only	HepG2	DDX52_2	0.0	0	0.0	0	0.0	0	0.0		
Unique Binding	NOT Bound Only	HepG2	DDX52_2	1e-05	0	0.0	0	0.0	0	0.0		
Unique Binding	NOT Bound Only	HepG2	DDX52_2	0.0001	0	0.0	0	0.0	0	0.0		
Unique Binding	NOT Bound Only	HepG2	DDX52_2	0.001	0	0.0	0	0.0	0	0.0		
Unique Binding	NOT Bound Only	HepG2	DDX52_2	0.01	0	0.0	0	0.0	0	0.0		
Unique Binding	NOT Bound Only	HepG2	DDX52_2	0.1	0	0.0	0	0.0	0	0.0		
Unique Binding	NOT Bound Only	HepG2	DDX52_3	0.0	0	0.0	0	0.0	0	0.0		
Unique Binding	NOT Bound Only	HepG2	DDX52_3	1e-05	0	0.0	0	0.0	0	0.0		
Unique Binding	NOT Bound Only	HepG2	DDX52_3	0.0001	0	0.0	0	0.0	0	0.0		
Unique Binding	NOT Bound Only	HepG2	DDX52_3	0.001	0	0.0	0	0.0	0	0.0		
Unique Binding	NOT Bound Only	HepG2	DDX52_3	0.01	0	0.0	0	0.0	0	0.0		
Unique Binding	NOT Bound Only	HepG2	DDX52_3	0.1	0	0.0	0	0.0	0	0.0		
Unique Binding	NOT Bound Only	HepG2	DDX52_4	0.0	0	0.0	0	0.0	0	0.0		
Unique Binding	NOT Bound Only	HepG2	DDX52_4	1e-05	0	0.0	0	0.0	0	0.0		
Unique Binding	NOT Bound Only	HepG2	DDX52_4	0.0001	0	0.0	0	0.0	0	0.0		
Unique Binding	NOT Bound Only	HepG2	DDX52_4	0.001	0	0.0	0	0.0	0	0.0		
Unique Binding	NOT Bound Only	HepG2	DDX52_4	0.01	0	0.0	0	0.0	0	0.0		
Unique Binding	NOT Bound Only	HepG2	DDX52_4	0.1	0	0.0	0	0.0	0	0.0		
Unique Binding	NOT Bound Only	HepG2	DDX52_5	0.0	0	0.0	0	0.0	0	0.0		
Unique Binding	NOT Bound Only	HepG2	DDX52_5	1e-05	0	0.0	0	0.0	0	0.0		
Unique Binding	NOT Bound Only	HepG2	DDX52_5	0.0001	0	0.0	0	0.0	0	0.0		
Unique Binding	NOT Bound Only	HepG2	DDX52_5	0.001	0	0.0	0	0.0	0	0.0		
Unique Binding	NOT Bound Only	HepG2	DDX52_5	0.01	0	0.0	0	0.0	0	0.0		
Unique Binding	NOT Bound Only	HepG2	DDX52_5	0.1	0	0.0	0	0.0	0	0.0		
Unique Binding	NOT Bound Only	HepG2	DDX52_6	0.0	0	0.0	0	0.0	0	0.0		
Unique Binding	NOT Bound Only	HepG2	DDX52_6	1e-05	0	0.0	0	0.0	0	0.0		
Unique Binding	NOT Bound Only	HepG2	DDX52_6	0.0001	0	0.0	0	0.0	0	0.0		
Unique Binding	NOT Bound Only	HepG2	DDX52_6	0.001	0	0.0	0	0.0	0	0.0		
Unique Binding	NOT Bound Only	HepG2	DDX52_6	0.01	0	0.0	0	0.0	0	0.0		
Unique Binding	NOT Bound Only	HepG2	DDX52_6	0.1	0	0.0	0	0.0	0	0.0		
Unique Binding	NOT Bound Only	HepG2	DDX55_1	0.0	0	0.0	0	0.0	0	0.0		
Unique Binding	NOT Bound Only	HepG2	DDX55_1	1e-05	0	0.0	0	0.0	0	0.0		
Unique Binding	NOT Bound Only	HepG2	DDX55_1	0.0001	0	0.0	0	0.0	0	0.0		
Unique Binding	NOT Bound Only	HepG2	DDX55_1	0.001	0	0.0	0	0.0	0	0.0		
Unique Binding	NOT Bound Only	HepG2	DDX55_1	0.01	0	0.0	0	0.0	0	0.0		
Unique Binding	NOT Bound Only	HepG2	DDX55_1	0.1	0	0.0	0	0.0	0	0.0		
Unique Binding	NOT Bound Only	HepG2	DDX55_2	0.0	0	0.0	0	0.0	0	0.0		
Unique Binding	NOT Bound Only	HepG2	DDX55_2	1e-05	0	0.0	0	0.0	0	0.0		
Unique Binding	NOT Bound Only	HepG2	DDX55_2	0.0001	0	0.0	0	0.0	0	0.0		
Unique Binding	NOT Bound Only	HepG2	DDX55_2	0.001	0	0.0	0	0.0	0	0.0		
Unique Binding	NOT Bound Only	HepG2	DDX55_2	0.01	0	0.0	0	0.0	0	0.0		
Unique Binding	NOT Bound Only	HepG2	DDX55_2	0.1	0	0.0	0	0.0	0	0.0		
Unique Binding	NOT Bound Only	HepG2	DDX55_3	0.0	117892	100.0	117838	2.1219129404629897	54	-0.00018116614242626514	2.1217317743205633	0.9998292572022489
Unique Binding	NOT Bound Only	HepG2	DDX55_3	1e-05	62615	53.11217046109999	62613	1.8367259239634395	2	-3.8117277604191575e-05	1.8366878066858352	0.9999584951831063
Unique Binding	NOT Bound Only	HepG2	DDX55_3	0.0001	9	0.0076341057917415946	9	0.001054973518482938	0	0.0	0.001054973518482938	1.0
Unique Binding	NOT Bound Only	HepG2	DDX55_3	0.001	0	0.0	0	0.0	0	0.0		
Unique Binding	NOT Bound Only	HepG2	DDX55_3	0.01	0	0.0	0	0.0	0	0.0		
Unique Binding	NOT Bound Only	HepG2	DDX55_3	0.1	0	0.0	0	0.0	0	0.0		
Unique Binding	NOT Bound Only	HepG2	DDX55_4	0.0	0	0.0	0	0.0	0	0.0		
Unique Binding	NOT Bound Only	HepG2	DDX55_4	1e-05	0	0.0	0	0.0	0	0.0		
Unique Binding	NOT Bound Only	HepG2	DDX55_4	0.0001	0	0.0	0	0.0	0	0.0		
Unique Binding	NOT Bound Only	HepG2	DDX55_4	0.001	0	0.0	0	0.0	0	0.0		
Unique Binding	NOT Bound Only	HepG2	DDX55_4	0.01	0	0.0	0	0.0	0	0.0		
Unique Binding	NOT Bound Only	HepG2	DDX55_4	0.1	0	0.0	0	0.0	0	0.0		
Unique Binding	NOT Bound Only	HepG2	DDX55_5	0.0	0	0.0	0	0.0	0	0.0		
Unique Binding	NOT Bound Only	HepG2	DDX55_5	1e-05	0	0.0	0	0.0	0	0.0		
Unique Binding	NOT Bound Only	HepG2	DDX55_5	0.0001	0	0.0	0	0.0	0	0.0		
Unique Binding	NOT Bound Only	HepG2	DDX55_5	0.001	0	0.0	0	0.0	0	0.0		
Unique Binding	NOT Bound Only	HepG2	DDX55_5	0.01	0	0.0	0	0.0	0	0.0		
Unique Binding	NOT Bound Only	HepG2	DDX55_5	0.1	0	0.0	0	0.0	0	0.0		
Unique Binding	NOT Bound Only	HepG2	DDX55_6	0.0	0	0.0	0	0.0	0	0.0		
Unique Binding	NOT Bound Only	HepG2	DDX55_6	1e-05	0	0.0	0	0.0	0	0.0		
Unique Binding	NOT Bound Only	HepG2	DDX55_6	0.0001	0	0.0	0	0.0	0	0.0		
Unique Binding	NOT Bound Only	HepG2	DDX55_6	0.001	0	0.0	0	0.0	0	0.0		
Unique Binding	NOT Bound Only	HepG2	DDX55_6	0.01	0	0.0	0	0.0	0	0.0		
Unique Binding	NOT Bound Only	HepG2	DDX55_6	0.1	0	0.0	0	0.0	0	0.0		
Unique Binding	NOT Bound Only	HepG2	DDX59_1	0.0	117732	100.0	10363	0.3430918144177531	107369	-7.189052787974769	-6.845960973557016	-0.9088993022495153
Unique Binding	NOT Bound Only	HepG2	DDX59_1	1e-05	117681	99.95668127611864	10316	0.3426771275924001	107365	-7.189026028949019	-6.846348901356619	-0.9090040803600236
Unique Binding	NOT Bound Only	HepG2	DDX59_1	0.0001	20143	17.109197159650734	26	0.002704008646155029	20117	-2.235167418500903	-2.232463409854748	-0.9975834101875977
Unique Binding	NOT Bound Only	HepG2	DDX59_1	0.001	0	0.0	0	0.0	0	0.0		
Unique Binding	NOT Bound Only	HepG2	DDX59_1	0.01	0	0.0	0	0.0	0	0.0		
Unique Binding	NOT Bound Only	HepG2	DDX59_1	0.1	0	0.0	0	0.0	0	0.0		
Unique Binding	NOT Bound Only	HepG2	DDX59_2	0.0	117672	100.0	117672	3.573519378387079	0	0.0	3.573519378387079	1.0
Unique Binding	NOT Bound Only	HepG2	DDX59_2	1e-05	87024	73.95472159902101	87024	3.3561207839993163	0	0.0	3.3561207839993163	1.0
Unique Binding	NOT Bound Only	HepG2	DDX59_2	0.0001	6395	5.434597865252567	6395	1.10987051284758	0	0.0	1.10987051284758	1.0
Unique Binding	NOT Bound Only	HepG2	DDX59_2	0.001	0	0.0	0	0.0	0	0.0		
Unique Binding	NOT Bound Only	HepG2	DDX59_2	0.01	0	0.0	0	0.0	0	0.0		
Unique Binding	NOT Bound Only	HepG2	DDX59_2	0.1	0	0.0	0	0.0	0	0.0		
Unique Binding	NOT Bound Only	HepG2	DDX59_3	0.0	117541	100.0	117541	59.23643206786017	0	0.0	59.23643206786017	1.0
Unique Binding	NOT Bound Only	HepG2	DDX59_3	1e-05	117541	100.0	117541	59.23643206786017	0	0.0	59.23643206786017	1.0
Unique Binding	NOT Bound Only	HepG2	DDX59_3	0.0001	117508	99.97192469010812	117508	59.23330543446716	0	0.0	59.23330543446716	1.0
Unique Binding	NOT Bound Only	HepG2	DDX59_3	0.001	68	0.0578521537165755	68	0.06995458316397184	0	0.0	0.06995458316397184	1.0
Unique Binding	NOT Bound Only	HepG2	DDX59_3	0.01	0	0.0	0	0.0	0	0.0		
Unique Binding	NOT Bound Only	HepG2	DDX59_3	0.1	0	0.0	0	0.0	0	0.0		
Unique Binding	NOT Bound Only	HepG2	DDX59_4	0.0	0	0.0	0	0.0	0	0.0		
Unique Binding	NOT Bound Only	HepG2	DDX59_4	1e-05	0	0.0	0	0.0	0	0.0		
Unique Binding	NOT Bound Only	HepG2	DDX59_4	0.0001	0	0.0	0	0.0	0	0.0		
Unique Binding	NOT Bound Only	HepG2	DDX59_4	0.001	0	0.0	0	0.0	0	0.0		
Unique Binding	NOT Bound Only	HepG2	DDX59_4	0.01	0	0.0	0	0.0	0	0.0		
Unique Binding	NOT Bound Only	HepG2	DDX59_4	0.1	0	0.0	0	0.0	0	0.0		
Unique Binding	NOT Bound Only	HepG2	DDX59_5	0.0	117784	100.0	117784	28.20050853483359	0	0.0	28.20050853483359	1.0
Unique Binding	NOT Bound Only	HepG2	DDX59_5	1e-05	117784	100.0	117784	28.20050853483359	0	0.0	28.20050853483359	1.0
Unique Binding	NOT Bound Only	HepG2	DDX59_5	0.0001	112363	95.39750730150105	112363	27.739411408591543	0	0.0	27.739411408591543	1.0
Unique Binding	NOT Bound Only	HepG2	DDX59_5	0.001	0	0.0	0	0.0	0	0.0		
Unique Binding	NOT Bound Only	HepG2	DDX59_5	0.01	0	0.0	0	0.0	0	0.0		
Unique Binding	NOT Bound Only	HepG2	DDX59_5	0.1	0	0.0	0	0.0	0	0.0		
Unique Binding	NOT Bound Only	HepG2	DDX59_6	0.0	0	0.0	0	0.0	0	0.0		
Unique Binding	NOT Bound Only	HepG2	DDX59_6	1e-05	0	0.0	0	0.0	0	0.0		
Unique Binding	NOT Bound Only	HepG2	DDX59_6	0.0001	0	0.0	0	0.0	0	0.0		
Unique Binding	NOT Bound Only	HepG2	DDX59_6	0.001	0	0.0	0	0.0	0	0.0		
Unique Binding	NOT Bound Only	HepG2	DDX59_6	0.01	0	0.0	0	0.0	0	0.0		
Unique Binding	NOT Bound Only	HepG2	DDX59_6	0.1	0	0.0	0	0.0	0	0.0		
Unique Binding	NOT Bound Only	HepG2	DDX6_1	0.0	0	0.0	0	0.0	0	0.0		
Unique Binding	NOT Bound Only	HepG2	DDX6_1	1e-05	0	0.0	0	0.0	0	0.0		
Unique Binding	NOT Bound Only	HepG2	DDX6_1	0.0001	0	0.0	0	0.0	0	0.0		
Unique Binding	NOT Bound Only	HepG2	DDX6_1	0.001	0	0.0	0	0.0	0	0.0		
Unique Binding	NOT Bound Only	HepG2	DDX6_1	0.01	0	0.0	0	0.0	0	0.0		
Unique Binding	NOT Bound Only	HepG2	DDX6_1	0.1	0	0.0	0	0.0	0	0.0		
Unique Binding	NOT Bound Only	HepG2	DDX6_2	0.0	0	0.0	0	0.0	0	0.0		
Unique Binding	NOT Bound Only	HepG2	DDX6_2	1e-05	0	0.0	0	0.0	0	0.0		
Unique Binding	NOT Bound Only	HepG2	DDX6_2	0.0001	0	0.0	0	0.0	0	0.0		
Unique Binding	NOT Bound Only	HepG2	DDX6_2	0.001	0	0.0	0	0.0	0	0.0		
Unique Binding	NOT Bound Only	HepG2	DDX6_2	0.01	0	0.0	0	0.0	0	0.0		
Unique Binding	NOT Bound Only	HepG2	DDX6_2	0.1	0	0.0	0	0.0	0	0.0		
Unique Binding	NOT Bound Only	HepG2	DDX6_3	0.0	0	0.0	0	0.0	0	0.0		
Unique Binding	NOT Bound Only	HepG2	DDX6_3	1e-05	0	0.0	0	0.0	0	0.0		
Unique Binding	NOT Bound Only	HepG2	DDX6_3	0.0001	0	0.0	0	0.0	0	0.0		
Unique Binding	NOT Bound Only	HepG2	DDX6_3	0.001	0	0.0	0	0.0	0	0.0		
Unique Binding	NOT Bound Only	HepG2	DDX6_3	0.01	0	0.0	0	0.0	0	0.0		
Unique Binding	NOT Bound Only	HepG2	DDX6_3	0.1	0	0.0	0	0.0	0	0.0		
Unique Binding	NOT Bound Only	HepG2	DDX6_4	0.0	0	0.0	0	0.0	0	0.0		
Unique Binding	NOT Bound Only	HepG2	DDX6_4	1e-05	0	0.0	0	0.0	0	0.0		
Unique Binding	NOT Bound Only	HepG2	DDX6_4	0.0001	0	0.0	0	0.0	0	0.0		
Unique Binding	NOT Bound Only	HepG2	DDX6_4	0.001	0	0.0	0	0.0	0	0.0		
Unique Binding	NOT Bound Only	HepG2	DDX6_4	0.01	0	0.0	0	0.0	0	0.0		
Unique Binding	NOT Bound Only	HepG2	DDX6_4	0.1	0	0.0	0	0.0	0	0.0		
Unique Binding	NOT Bound Only	HepG2	DDX6_5	0.0	0	0.0	0	0.0	0	0.0		
Unique Binding	NOT Bound Only	HepG2	DDX6_5	1e-05	0	0.0	0	0.0	0	0.0		
Unique Binding	NOT Bound Only	HepG2	DDX6_5	0.0001	0	0.0	0	0.0	0	0.0		
Unique Binding	NOT Bound Only	HepG2	DDX6_5	0.001	0	0.0	0	0.0	0	0.0		
Unique Binding	NOT Bound Only	HepG2	DDX6_5	0.01	0	0.0	0	0.0	0	0.0		
Unique Binding	NOT Bound Only	HepG2	DDX6_5	0.1	0	0.0	0	0.0	0	0.0		
Unique Binding	NOT Bound Only	HepG2	DDX6_6	0.0	0	0.0	0	0.0	0	0.0		
Unique Binding	NOT Bound Only	HepG2	DDX6_6	1e-05	0	0.0	0	0.0	0	0.0		
Unique Binding	NOT Bound Only	HepG2	DDX6_6	0.0001	0	0.0	0	0.0	0	0.0		
Unique Binding	NOT Bound Only	HepG2	DDX6_6	0.001	0	0.0	0	0.0	0	0.0		
Unique Binding	NOT Bound Only	HepG2	DDX6_6	0.01	0	0.0	0	0.0	0	0.0		
Unique Binding	NOT Bound Only	HepG2	DDX6_6	0.1	0	0.0	0	0.0	0	0.0		
Unique Binding	NOT Bound Only	HepG2	DGCR8_1	0.0	0	0.0	0	0.0	0	0.0		
Unique Binding	NOT Bound Only	HepG2	DGCR8_1	1e-05	0	0.0	0	0.0	0	0.0		
Unique Binding	NOT Bound Only	HepG2	DGCR8_1	0.0001	0	0.0	0	0.0	0	0.0		
Unique Binding	NOT Bound Only	HepG2	DGCR8_1	0.001	0	0.0	0	0.0	0	0.0		
Unique Binding	NOT Bound Only	HepG2	DGCR8_1	0.01	0	0.0	0	0.0	0	0.0		
Unique Binding	NOT Bound Only	HepG2	DGCR8_1	0.1	0	0.0	0	0.0	0	0.0		
Unique Binding	NOT Bound Only	HepG2	DGCR8_2	0.0	0	0.0	0	0.0	0	0.0		
Unique Binding	NOT Bound Only	HepG2	DGCR8_2	1e-05	0	0.0	0	0.0	0	0.0		
Unique Binding	NOT Bound Only	HepG2	DGCR8_2	0.0001	0	0.0	0	0.0	0	0.0		
Unique Binding	NOT Bound Only	HepG2	DGCR8_2	0.001	0	0.0	0	0.0	0	0.0		
Unique Binding	NOT Bound Only	HepG2	DGCR8_2	0.01	0	0.0	0	0.0	0	0.0		
Unique Binding	NOT Bound Only	HepG2	DGCR8_2	0.1	0	0.0	0	0.0	0	0.0		
Unique Binding	NOT Bound Only	HepG2	DGCR8_3	0.0	117991	100.0	117991	70.08962734630462	0	0.0	70.08962734630462	1.0
Unique Binding	NOT Bound Only	HepG2	DGCR8_3	1e-05	117991	100.0	117991	70.08962734630462	0	0.0	70.08962734630462	1.0
Unique Binding	NOT Bound Only	HepG2	DGCR8_3	0.0001	115128	97.57354374486191	115128	69.85704197680444	0	0.0	69.85704197680444	1.0
Unique Binding	NOT Bound Only	HepG2	DGCR8_3	0.001	28196	23.896737886787975	28196	35.751020502651514	0	0.0	35.751020502651514	1.0
Unique Binding	NOT Bound Only	HepG2	DGCR8_3	0.01	0	0.0	0	0.0	0	0.0		
Unique Binding	NOT Bound Only	HepG2	DGCR8_3	0.1	0	0.0	0	0.0	0	0.0		
Unique Binding	NOT Bound Only	HepG2	DGCR8_4	0.0	0	0.0	0	0.0	0	0.0		
Unique Binding	NOT Bound Only	HepG2	DGCR8_4	1e-05	0	0.0	0	0.0	0	0.0		
Unique Binding	NOT Bound Only	HepG2	DGCR8_4	0.0001	0	0.0	0	0.0	0	0.0		
Unique Binding	NOT Bound Only	HepG2	DGCR8_4	0.001	0	0.0	0	0.0	0	0.0		
Unique Binding	NOT Bound Only	HepG2	DGCR8_4	0.01	0	0.0	0	0.0	0	0.0		
Unique Binding	NOT Bound Only	HepG2	DGCR8_4	0.1	0	0.0	0	0.0	0	0.0		
Unique Binding	NOT Bound Only	HepG2	DGCR8_5	0.0	0	0.0	0	0.0	0	0.0		
Unique Binding	NOT Bound Only	HepG2	DGCR8_5	1e-05	0	0.0	0	0.0	0	0.0		
Unique Binding	NOT Bound Only	HepG2	DGCR8_5	0.0001	0	0.0	0	0.0	0	0.0		
Unique Binding	NOT Bound Only	HepG2	DGCR8_5	0.001	0	0.0	0	0.0	0	0.0		
Unique Binding	NOT Bound Only	HepG2	DGCR8_5	0.01	0	0.0	0	0.0	0	0.0		
Unique Binding	NOT Bound Only	HepG2	DGCR8_5	0.1	0	0.0	0	0.0	0	0.0		
Unique Binding	NOT Bound Only	HepG2	DGCR8_6	0.0	0	0.0	0	0.0	0	0.0		
Unique Binding	NOT Bound Only	HepG2	DGCR8_6	1e-05	0	0.0	0	0.0	0	0.0		
Unique Binding	NOT Bound Only	HepG2	DGCR8_6	0.0001	0	0.0	0	0.0	0	0.0		
Unique Binding	NOT Bound Only	HepG2	DGCR8_6	0.001	0	0.0	0	0.0	0	0.0		
Unique Binding	NOT Bound Only	HepG2	DGCR8_6	0.01	0	0.0	0	0.0	0	0.0		
Unique Binding	NOT Bound Only	HepG2	DGCR8_6	0.1	0	0.0	0	0.0	0	0.0		
Unique Binding	NOT Bound Only	HepG2	DHX30_1	0.0	0	0.0	0	0.0	0	0.0		
Unique Binding	NOT Bound Only	HepG2	DHX30_1	1e-05	0	0.0	0	0.0	0	0.0		
Unique Binding	NOT Bound Only	HepG2	DHX30_1	0.0001	0	0.0	0	0.0	0	0.0		
Unique Binding	NOT Bound Only	HepG2	DHX30_1	0.001	0	0.0	0	0.0	0	0.0		
Unique Binding	NOT Bound Only	HepG2	DHX30_1	0.01	0	0.0	0	0.0	0	0.0		
Unique Binding	NOT Bound Only	HepG2	DHX30_1	0.1	0	0.0	0	0.0	0	0.0		
Unique Binding	NOT Bound Only	HepG2	DHX30_2	0.0	0	0.0	0	0.0	0	0.0		
Unique Binding	NOT Bound Only	HepG2	DHX30_2	1e-05	0	0.0	0	0.0	0	0.0		
Unique Binding	NOT Bound Only	HepG2	DHX30_2	0.0001	0	0.0	0	0.0	0	0.0		
Unique Binding	NOT Bound Only	HepG2	DHX30_2	0.001	0	0.0	0	0.0	0	0.0		
Unique Binding	NOT Bound Only	HepG2	DHX30_2	0.01	0	0.0	0	0.0	0	0.0		
Unique Binding	NOT Bound Only	HepG2	DHX30_2	0.1	0	0.0	0	0.0	0	0.0		
Unique Binding	NOT Bound Only	HepG2	DHX30_3	0.0	0	0.0	0	0.0	0	0.0		
Unique Binding	NOT Bound Only	HepG2	DHX30_3	1e-05	0	0.0	0	0.0	0	0.0		
Unique Binding	NOT Bound Only	HepG2	DHX30_3	0.0001	0	0.0	0	0.0	0	0.0		
Unique Binding	NOT Bound Only	HepG2	DHX30_3	0.001	0	0.0	0	0.0	0	0.0		
Unique Binding	NOT Bound Only	HepG2	DHX30_3	0.01	0	0.0	0	0.0	0	0.0		
Unique Binding	NOT Bound Only	HepG2	DHX30_3	0.1	0	0.0	0	0.0	0	0.0		
Unique Binding	NOT Bound Only	HepG2	DHX30_4	0.0	0	0.0	0	0.0	0	0.0		
Unique Binding	NOT Bound Only	HepG2	DHX30_4	1e-05	0	0.0	0	0.0	0	0.0		
Unique Binding	NOT Bound Only	HepG2	DHX30_4	0.0001	0	0.0	0	0.0	0	0.0		
Unique Binding	NOT Bound Only	HepG2	DHX30_4	0.001	0	0.0	0	0.0	0	0.0		
Unique Binding	NOT Bound Only	HepG2	DHX30_4	0.01	0	0.0	0	0.0	0	0.0		
Unique Binding	NOT Bound Only	HepG2	DHX30_4	0.1	0	0.0	0	0.0	0	0.0		
Unique Binding	NOT Bound Only	HepG2	DHX30_5	0.0	0	0.0	0	0.0	0	0.0		
Unique Binding	NOT Bound Only	HepG2	DHX30_5	1e-05	0	0.0	0	0.0	0	0.0		
Unique Binding	NOT Bound Only	HepG2	DHX30_5	0.0001	0	0.0	0	0.0	0	0.0		
Unique Binding	NOT Bound Only	HepG2	DHX30_5	0.001	0	0.0	0	0.0	0	0.0		
Unique Binding	NOT Bound Only	HepG2	DHX30_5	0.01	0	0.0	0	0.0	0	0.0		
Unique Binding	NOT Bound Only	HepG2	DHX30_5	0.1	0	0.0	0	0.0	0	0.0		
Unique Binding	NOT Bound Only	HepG2	DHX30_6	0.0	0	0.0	0	0.0	0	0.0		
Unique Binding	NOT Bound Only	HepG2	DHX30_6	1e-05	0	0.0	0	0.0	0	0.0		
Unique Binding	NOT Bound Only	HepG2	DHX30_6	0.0001	0	0.0	0	0.0	0	0.0		
Unique Binding	NOT Bound Only	HepG2	DHX30_6	0.001	0	0.0	0	0.0	0	0.0		
Unique Binding	NOT Bound Only	HepG2	DHX30_6	0.01	0	0.0	0	0.0	0	0.0		
Unique Binding	NOT Bound Only	HepG2	DHX30_6	0.1	0	0.0	0	0.0	0	0.0		
Unique Binding	NOT Bound Only	HepG2	DKC1_1	0.0	0	0.0	0	0.0	0	0.0		
Unique Binding	NOT Bound Only	HepG2	DKC1_1	1e-05	0	0.0	0	0.0	0	0.0		
Unique Binding	NOT Bound Only	HepG2	DKC1_1	0.0001	0	0.0	0	0.0	0	0.0		
Unique Binding	NOT Bound Only	HepG2	DKC1_1	0.001	0	0.0	0	0.0	0	0.0		
Unique Binding	NOT Bound Only	HepG2	DKC1_1	0.01	0	0.0	0	0.0	0	0.0		
Unique Binding	NOT Bound Only	HepG2	DKC1_1	0.1	0	0.0	0	0.0	0	0.0		
Unique Binding	NOT Bound Only	HepG2	DKC1_2	0.0	0	0.0	0	0.0	0	0.0		
Unique Binding	NOT Bound Only	HepG2	DKC1_2	1e-05	0	0.0	0	0.0	0	0.0		
Unique Binding	NOT Bound Only	HepG2	DKC1_2	0.0001	0	0.0	0	0.0	0	0.0		
Unique Binding	NOT Bound Only	HepG2	DKC1_2	0.001	0	0.0	0	0.0	0	0.0		
Unique Binding	NOT Bound Only	HepG2	DKC1_2	0.01	0	0.0	0	0.0	0	0.0		
Unique Binding	NOT Bound Only	HepG2	DKC1_2	0.1	0	0.0	0	0.0	0	0.0		
Unique Binding	NOT Bound Only	HepG2	DKC1_3	0.0	117845	100.0	117292	2.734182342356941	553	-0.002504232467252527	2.7316781098896885	0.9981698799633908
Unique Binding	NOT Bound Only	HepG2	DKC1_3	1e-05	76338	64.7783104925962	76279	2.4896270545071033	59	-0.0008432529539012298	2.4887838015532022	0.999322816295882
Unique Binding	NOT Bound Only	HepG2	DKC1_3	0.0001	67	0.05685434256862828	67	0.007426887630622806	0	0.0	0.007426887630622806	1.0
Unique Binding	NOT Bound Only	HepG2	DKC1_3	0.001	0	0.0	0	0.0	0	0.0		
Unique Binding	NOT Bound Only	HepG2	DKC1_3	0.01	0	0.0	0	0.0	0	0.0		
Unique Binding	NOT Bound Only	HepG2	DKC1_3	0.1	0	0.0	0	0.0	0	0.0		
Unique Binding	NOT Bound Only	HepG2	DKC1_4	0.0	0	0.0	0	0.0	0	0.0		
Unique Binding	NOT Bound Only	HepG2	DKC1_4	1e-05	0	0.0	0	0.0	0	0.0		
Unique Binding	NOT Bound Only	HepG2	DKC1_4	0.0001	0	0.0	0	0.0	0	0.0		
Unique Binding	NOT Bound Only	HepG2	DKC1_4	0.001	0	0.0	0	0.0	0	0.0		
Unique Binding	NOT Bound Only	HepG2	DKC1_4	0.01	0	0.0	0	0.0	0	0.0		
Unique Binding	NOT Bound Only	HepG2	DKC1_4	0.1	0	0.0	0	0.0	0	0.0		
Unique Binding	NOT Bound Only	HepG2	DKC1_5	0.0	0	0.0	0	0.0	0	0.0		
Unique Binding	NOT Bound Only	HepG2	DKC1_5	1e-05	0	0.0	0	0.0	0	0.0		
Unique Binding	NOT Bound Only	HepG2	DKC1_5	0.0001	0	0.0	0	0.0	0	0.0		
Unique Binding	NOT Bound Only	HepG2	DKC1_5	0.001	0	0.0	0	0.0	0	0.0		
Unique Binding	NOT Bound Only	HepG2	DKC1_5	0.01	0	0.0	0	0.0	0	0.0		
Unique Binding	NOT Bound Only	HepG2	DKC1_5	0.1	0	0.0	0	0.0	0	0.0		
Unique Binding	NOT Bound Only	HepG2	DKC1_6	0.0	0	0.0	0	0.0	0	0.0		
Unique Binding	NOT Bound Only	HepG2	DKC1_6	1e-05	0	0.0	0	0.0	0	0.0		
Unique Binding	NOT Bound Only	HepG2	DKC1_6	0.0001	0	0.0	0	0.0	0	0.0		
Unique Binding	NOT Bound Only	HepG2	DKC1_6	0.001	0	0.0	0	0.0	0	0.0		
Unique Binding	NOT Bound Only	HepG2	DKC1_6	0.01	0	0.0	0	0.0	0	0.0		
Unique Binding	NOT Bound Only	HepG2	DKC1_6	0.1	0	0.0	0	0.0	0	0.0		
Unique Binding	NOT Bound Only	HepG2	DROSHA_1	0.0	45369	38.50965945744067	6090	0.1825859015541113	39279	-3.044099053641227	-2.8615131520871158	-0.8868275619780439
Unique Binding	NOT Bound Only	HepG2	DROSHA_1	1e-05	44272	37.57851492207924	5188	0.17704175171156622	39084	-3.042668261297332	-2.865626509585766	-0.8900262750395236
Unique Binding	NOT Bound Only	HepG2	DROSHA_1	0.0001	12549	10.651716293756154	48	0.0056698407236866226	12501	-1.7627185711289826	-1.757048730405296	-0.9935875617758131
Unique Binding	NOT Bound Only	HepG2	DROSHA_1	0.001	0	0.0	0	0.0	0	0.0		
Unique Binding	NOT Bound Only	HepG2	DROSHA_1	0.01	0	0.0	0	0.0	0	0.0		
Unique Binding	NOT Bound Only	HepG2	DROSHA_1	0.1	0	0.0	0	0.0	0	0.0		
Unique Binding	NOT Bound Only	HepG2	DROSHA_2	0.0	0	0.0	0	0.0	0	0.0		
Unique Binding	NOT Bound Only	HepG2	DROSHA_2	1e-05	0	0.0	0	0.0	0	0.0		
Unique Binding	NOT Bound Only	HepG2	DROSHA_2	0.0001	0	0.0	0	0.0	0	0.0		
Unique Binding	NOT Bound Only	HepG2	DROSHA_2	0.001	0	0.0	0	0.0	0	0.0		
Unique Binding	NOT Bound Only	HepG2	DROSHA_2	0.01	0	0.0	0	0.0	0	0.0		
Unique Binding	NOT Bound Only	HepG2	DROSHA_2	0.1	0	0.0	0	0.0	0	0.0		
Unique Binding	NOT Bound Only	HepG2	DROSHA_3	0.0	117784	100.0	0	0.0	117784	-2.271261309779935	-2.271261309779935	-1.0
Unique Binding	NOT Bound Only	HepG2	DROSHA_3	1e-05	73948	62.782720912857435	0	0.0	73948	-1.994629828563516	-1.994629828563516	-1.0
Unique Binding	NOT Bound Only	HepG2	DROSHA_3	0.0001	151	0.1282007742987163	0	0.0	151	-0.0197060852905453	-0.0197060852905453	-1.0
Unique Binding	NOT Bound Only	HepG2	DROSHA_3	0.001	0	0.0	0	0.0	0	0.0		
Unique Binding	NOT Bound Only	HepG2	DROSHA_3	0.01	0	0.0	0	0.0	0	0.0		
Unique Binding	NOT Bound Only	HepG2	DROSHA_3	0.1	0	0.0	0	0.0	0	0.0		
Unique Binding	NOT Bound Only	HepG2	DROSHA_4	0.0	0	0.0	0	0.0	0	0.0		
Unique Binding	NOT Bound Only	HepG2	DROSHA_4	1e-05	0	0.0	0	0.0	0	0.0		
Unique Binding	NOT Bound Only	HepG2	DROSHA_4	0.0001	0	0.0	0	0.0	0	0.0		
Unique Binding	NOT Bound Only	HepG2	DROSHA_4	0.001	0	0.0	0	0.0	0	0.0		
Unique Binding	NOT Bound Only	HepG2	DROSHA_4	0.01	0	0.0	0	0.0	0	0.0		
Unique Binding	NOT Bound Only	HepG2	DROSHA_4	0.1	0	0.0	0	0.0	0	0.0		
Unique Binding	NOT Bound Only	HepG2	DROSHA_5	0.0	0	0.0	0	0.0	0	0.0		
Unique Binding	NOT Bound Only	HepG2	DROSHA_5	1e-05	0	0.0	0	0.0	0	0.0		
Unique Binding	NOT Bound Only	HepG2	DROSHA_5	0.0001	0	0.0	0	0.0	0	0.0		
Unique Binding	NOT Bound Only	HepG2	DROSHA_5	0.001	0	0.0	0	0.0	0	0.0		
Unique Binding	NOT Bound Only	HepG2	DROSHA_5	0.01	0	0.0	0	0.0	0	0.0		
Unique Binding	NOT Bound Only	HepG2	DROSHA_5	0.1	0	0.0	0	0.0	0	0.0		
Unique Binding	NOT Bound Only	HepG2	DROSHA_6	0.0	0	0.0	0	0.0	0	0.0		
Unique Binding	NOT Bound Only	HepG2	DROSHA_6	1e-05	0	0.0	0	0.0	0	0.0		
Unique Binding	NOT Bound Only	HepG2	DROSHA_6	0.0001	0	0.0	0	0.0	0	0.0		
Unique Binding	NOT Bound Only	HepG2	DROSHA_6	0.001	0	0.0	0	0.0	0	0.0		
Unique Binding	NOT Bound Only	HepG2	DROSHA_6	0.01	0	0.0	0	0.0	0	0.0		
Unique Binding	NOT Bound Only	HepG2	DROSHA_6	0.1	0	0.0	0	0.0	0	0.0		
Unique Binding	NOT Bound Only	HepG2	EFTUD2_1	0.0	113421	100.0	5980	1.2250898383185649	107441	-20.94377849117036	-19.718688652851796	-0.8894765560325012
Unique Binding	NOT Bound Only	HepG2	EFTUD2_1	1e-05	113413	99.99294663245783	5977	1.2250780421400513	107436	-20.943733857754342	-19.71865581561429	-0.8894773389145056
Unique Binding	NOT Bound Only	HepG2	EFTUD2_1	0.0001	101308	89.32031987021803	4064	1.0787215269016175	97244	-20.103737421848678	-19.02501589494706	-0.8981495463287317
Unique Binding	NOT Bound Only	HepG2	EFTUD2_1	0.001	2	0.0017633418855414781	2	0.0025189638889425974	0	0.0	0.0025189638889425974	1.0
Unique Binding	NOT Bound Only	HepG2	EFTUD2_1	0.01	0	0.0	0	0.0	0	0.0		
Unique Binding	NOT Bound Only	HepG2	EFTUD2_1	0.1	0	0.0	0	0.0	0	0.0		
Unique Binding	NOT Bound Only	HepG2	EFTUD2_2	0.0	102543	100.0	98460	226.82661696213637	4083	-0.9894251879239339	225.83719177421244	0.9913138233937696
Unique Binding	NOT Bound Only	HepG2	EFTUD2_2	1e-05	102378	99.83909189315702	98372	226.82619226423918	4006	-0.9889691029436185	225.83722316129555	0.991317793802585
Unique Binding	NOT Bound Only	HepG2	EFTUD2_2	0.0001	101000	98.49526540085623	97891	226.80074124553468	3109	-0.9365291296545619	225.86421211588012	0.9917753547488151
Unique Binding	NOT Bound Only	HepG2	EFTUD2_2	0.001	91230	88.96755507445657	91167	221.88407788064222	63	-0.09119055249481908	221.7928873281474	0.9991783719588356
Unique Binding	NOT Bound Only	HepG2	EFTUD2_2	0.01	83	0.0809416537452581	83	0.9469512067621786	0	0.0	0.9469512067621786	1.0
Unique Binding	NOT Bound Only	HepG2	EFTUD2_2	0.1	0	0.0	0	0.0	0	0.0		
Unique Binding	NOT Bound Only	HepG2	EFTUD2_3	0.0	111846	100.0	109824	6.331509099661932	2022	-0.22651140327583189	6.1049976963861	0.9309208005146179
Unique Binding	NOT Bound Only	HepG2	EFTUD2_3	1e-05	87433	78.17266598716091	85542	6.149908815728287	1891	-0.22594867825485077	5.923960137473436	0.9291236736492066
Unique Binding	NOT Bound Only	HepG2	EFTUD2_3	0.0001	13752	12.295477710423262	12763	4.356378962888504	989	-0.176342170406077	4.1800367924824275	0.9221914760602519
Unique Binding	NOT Bound Only	HepG2	EFTUD2_3	0.001	483	0.4318437852046564	483	0.6041679305364835	0	0.0	0.6041679305364835	1.0
Unique Binding	NOT Bound Only	HepG2	EFTUD2_3	0.01	0	0.0	0	0.0	0	0.0		
Unique Binding	NOT Bound Only	HepG2	EFTUD2_3	0.1	0	0.0	0	0.0	0	0.0		
Unique Binding	NOT Bound Only	HepG2	EFTUD2_4	0.0	110146	100.0	196	0.0023819040912034625	109950	-48.92254725026105	-48.920165346169846	-0.9999026302487353
Unique Binding	NOT Bound Only	HepG2	EFTUD2_4	1e-05	109775	99.66317433224992	64	0.0017059775411556346	109711	-48.92128314457701	-48.919577167035854	-0.9999302586546011
Unique Binding	NOT Bound Only	HepG2	EFTUD2_4	0.0001	100807	91.52125360884644	1	0.00010174202748460064	100806	-48.299645994996546	-48.29954425296906	-0.9999957870576038
Unique Binding	NOT Bound Only	HepG2	EFTUD2_4	0.001	8275	7.512755796851452	0	0.0	8275	-9.273778301359561	-9.273778301359561	-1.0
Unique Binding	NOT Bound Only	HepG2	EFTUD2_4	0.01	0	0.0	0	0.0	0	0.0		
Unique Binding	NOT Bound Only	HepG2	EFTUD2_4	0.1	0	0.0	0	0.0	0	0.0		
Unique Binding	NOT Bound Only	HepG2	EFTUD2_5	0.0	112501	100.0	25	0.0010043756987281375	112476	-81.76145673129498	-81.76045235559626	-0.9999754318623699
Unique Binding	NOT Bound Only	HepG2	EFTUD2_5	1e-05	112481	99.98222238024552	22	0.0009926249397189872	112459	-81.76133406535048	-81.76034144041077	-0.9999757192589817
Unique Binding	NOT Bound Only	HepG2	EFTUD2_5	0.0001	112222	99.75200220442485	2	0.00030068300941255623	112220	-81.74468069200495	-81.74438000899553	-0.9999926433891266
Unique Binding	NOT Bound Only	HepG2	EFTUD2_5	0.001	30867	27.437089448093793	0	0.0	30867	-36.007527169220594	-36.007527169220594	-1.0
Unique Binding	NOT Bound Only	HepG2	EFTUD2_5	0.01	0	0.0	0	0.0	0	0.0		
Unique Binding	NOT Bound Only	HepG2	EFTUD2_5	0.1	0	0.0	0	0.0	0	0.0		
Unique Binding	NOT Bound Only	HepG2	EFTUD2_6	0.0	111963	100.0	110624	1.055075631411628	1339	-0.07625091828384124	0.9788247131277868	0.8652008683003745
Unique Binding	NOT Bound Only	HepG2	EFTUD2_6	1e-05	19206	17.15388119289408	17954	0.7827667468184214	1252	-0.07576788394272443	0.7069988628756969	0.8234948685167157
Unique Binding	NOT Bound Only	HepG2	EFTUD2_6	0.0001	1494	1.3343693898877307	1376	0.184645967262242	118	-0.021796447735533117	0.1628495195267089	0.788837504775673
Unique Binding	NOT Bound Only	HepG2	EFTUD2_6	0.001	0	0.0	0	0.0	0	0.0		
Unique Binding	NOT Bound Only	HepG2	EFTUD2_6	0.01	0	0.0	0	0.0	0	0.0		
Unique Binding	NOT Bound Only	HepG2	EFTUD2_6	0.1	0	0.0	0	0.0	0	0.0		
Unique Binding	NOT Bound Only	HepG2	EIF3D_1	0.0	0	0.0	0	0.0	0	0.0		
Unique Binding	NOT Bound Only	HepG2	EIF3D_1	1e-05	0	0.0	0	0.0	0	0.0		
Unique Binding	NOT Bound Only	HepG2	EIF3D_1	0.0001	0	0.0	0	0.0	0	0.0		
Unique Binding	NOT Bound Only	HepG2	EIF3D_1	0.001	0	0.0	0	0.0	0	0.0		
Unique Binding	NOT Bound Only	HepG2	EIF3D_1	0.01	0	0.0	0	0.0	0	0.0		
Unique Binding	NOT Bound Only	HepG2	EIF3D_1	0.1	0	0.0	0	0.0	0	0.0		
Unique Binding	NOT Bound Only	HepG2	EIF3D_2	0.0	0	0.0	0	0.0	0	0.0		
Unique Binding	NOT Bound Only	HepG2	EIF3D_2	1e-05	0	0.0	0	0.0	0	0.0		
Unique Binding	NOT Bound Only	HepG2	EIF3D_2	0.0001	0	0.0	0	0.0	0	0.0		
Unique Binding	NOT Bound Only	HepG2	EIF3D_2	0.001	0	0.0	0	0.0	0	0.0		
Unique Binding	NOT Bound Only	HepG2	EIF3D_2	0.01	0	0.0	0	0.0	0	0.0		
Unique Binding	NOT Bound Only	HepG2	EIF3D_2	0.1	0	0.0	0	0.0	0	0.0		
Unique Binding	NOT Bound Only	HepG2	EIF3D_3	0.0	0	0.0	0	0.0	0	0.0		
Unique Binding	NOT Bound Only	HepG2	EIF3D_3	1e-05	0	0.0	0	0.0	0	0.0		
Unique Binding	NOT Bound Only	HepG2	EIF3D_3	0.0001	0	0.0	0	0.0	0	0.0		
Unique Binding	NOT Bound Only	HepG2	EIF3D_3	0.001	0	0.0	0	0.0	0	0.0		
Unique Binding	NOT Bound Only	HepG2	EIF3D_3	0.01	0	0.0	0	0.0	0	0.0		
Unique Binding	NOT Bound Only	HepG2	EIF3D_3	0.1	0	0.0	0	0.0	0	0.0		
Unique Binding	NOT Bound Only	HepG2	EIF3D_4	0.0	0	0.0	0	0.0	0	0.0		
Unique Binding	NOT Bound Only	HepG2	EIF3D_4	1e-05	0	0.0	0	0.0	0	0.0		
Unique Binding	NOT Bound Only	HepG2	EIF3D_4	0.0001	0	0.0	0	0.0	0	0.0		
Unique Binding	NOT Bound Only	HepG2	EIF3D_4	0.001	0	0.0	0	0.0	0	0.0		
Unique Binding	NOT Bound Only	HepG2	EIF3D_4	0.01	0	0.0	0	0.0	0	0.0		
Unique Binding	NOT Bound Only	HepG2	EIF3D_4	0.1	0	0.0	0	0.0	0	0.0		
Unique Binding	NOT Bound Only	HepG2	EIF3D_5	0.0	0	0.0	0	0.0	0	0.0		
Unique Binding	NOT Bound Only	HepG2	EIF3D_5	1e-05	0	0.0	0	0.0	0	0.0		
Unique Binding	NOT Bound Only	HepG2	EIF3D_5	0.0001	0	0.0	0	0.0	0	0.0		
Unique Binding	NOT Bound Only	HepG2	EIF3D_5	0.001	0	0.0	0	0.0	0	0.0		
Unique Binding	NOT Bound Only	HepG2	EIF3D_5	0.01	0	0.0	0	0.0	0	0.0		
Unique Binding	NOT Bound Only	HepG2	EIF3D_5	0.1	0	0.0	0	0.0	0	0.0		
Unique Binding	NOT Bound Only	HepG2	EIF3D_6	0.0	0	0.0	0	0.0	0	0.0		
Unique Binding	NOT Bound Only	HepG2	EIF3D_6	1e-05	0	0.0	0	0.0	0	0.0		
Unique Binding	NOT Bound Only	HepG2	EIF3D_6	0.0001	0	0.0	0	0.0	0	0.0		
Unique Binding	NOT Bound Only	HepG2	EIF3D_6	0.001	0	0.0	0	0.0	0	0.0		
Unique Binding	NOT Bound Only	HepG2	EIF3D_6	0.01	0	0.0	0	0.0	0	0.0		
Unique Binding	NOT Bound Only	HepG2	EIF3D_6	0.1	0	0.0	0	0.0	0	0.0		
Unique Binding	NOT Bound Only	HepG2	EIF3H_1	0.0	11517	9.850325008552858	11339	0.05791023162743937	178	-3.6210091447033825e-05	0.05787402153599234	0.99875022208878
Unique Binding	NOT Bound Only	HepG2	EIF3H_1	1e-05	1990	1.702018474170373	1990	0.03497148622958961	0	0.0	0.03497148622958961	1.0
Unique Binding	NOT Bound Only	HepG2	EIF3H_1	0.0001	0	0.0	0	0.0	0	0.0		
Unique Binding	NOT Bound Only	HepG2	EIF3H_1	0.001	0	0.0	0	0.0	0	0.0		
Unique Binding	NOT Bound Only	HepG2	EIF3H_1	0.01	0	0.0	0	0.0	0	0.0		
Unique Binding	NOT Bound Only	HepG2	EIF3H_1	0.1	0	0.0	0	0.0	0	0.0		
Unique Binding	NOT Bound Only	HepG2	EIF3H_2	0.0	12510	10.701637324847303	12510	0.20119290598822215	0	0.0	0.20119290598822215	1.0
Unique Binding	NOT Bound Only	HepG2	EIF3H_2	1e-05	6192	5.296925524816507	6192	0.1683047831856826	0	0.0	0.1683047831856826	1.0
Unique Binding	NOT Bound Only	HepG2	EIF3H_2	0.0001	0	0.0	0	0.0	0	0.0		
Unique Binding	NOT Bound Only	HepG2	EIF3H_2	0.001	0	0.0	0	0.0	0	0.0		
Unique Binding	NOT Bound Only	HepG2	EIF3H_2	0.01	0	0.0	0	0.0	0	0.0		
Unique Binding	NOT Bound Only	HepG2	EIF3H_2	0.1	0	0.0	0	0.0	0	0.0		
Unique Binding	NOT Bound Only	HepG2	EIF3H_3	0.0	0	0.0	0	0.0	0	0.0		
Unique Binding	NOT Bound Only	HepG2	EIF3H_3	1e-05	0	0.0	0	0.0	0	0.0		
Unique Binding	NOT Bound Only	HepG2	EIF3H_3	0.0001	0	0.0	0	0.0	0	0.0		
Unique Binding	NOT Bound Only	HepG2	EIF3H_3	0.001	0	0.0	0	0.0	0	0.0		
Unique Binding	NOT Bound Only	HepG2	EIF3H_3	0.01	0	0.0	0	0.0	0	0.0		
Unique Binding	NOT Bound Only	HepG2	EIF3H_3	0.1	0	0.0	0	0.0	0	0.0		
Unique Binding	NOT Bound Only	HepG2	EIF3H_4	0.0	117184	100.0	507	0.00040342456537435	116677	-8.417117093508583	-8.416713668943208	-0.9999041464610608
Unique Binding	NOT Bound Only	HepG2	EIF3H_4	1e-05	92703	79.10892271982523	0	0.0	92703	-8.290440444330743	-8.290440444330743	-1.0
Unique Binding	NOT Bound Only	HepG2	EIF3H_4	0.0001	34675	29.59021709448389	0	0.0	34675	-6.224446180170804	-6.224446180170804	-1.0
Unique Binding	NOT Bound Only	HepG2	EIF3H_4	0.001	0	0.0	0	0.0	0	0.0		
Unique Binding	NOT Bound Only	HepG2	EIF3H_4	0.01	0	0.0	0	0.0	0	0.0		
Unique Binding	NOT Bound Only	HepG2	EIF3H_4	0.1	0	0.0	0	0.0	0	0.0		
Unique Binding	NOT Bound Only	HepG2	EIF3H_5	0.0	2247	1.9220405963714746	1707	0.029168895564954337	540	-0.00022998254331641881	0.028938913021637917	0.9843543319939329
Unique Binding	NOT Bound Only	HepG2	EIF3H_5	1e-05	720	0.615874156380713	720	0.024413620065498978	0	0.0	0.024413620065498978	1.0
Unique Binding	NOT Bound Only	HepG2	EIF3H_5	0.0001	0	0.0	0	0.0	0	0.0		
Unique Binding	NOT Bound Only	HepG2	EIF3H_5	0.001	0	0.0	0	0.0	0	0.0		
Unique Binding	NOT Bound Only	HepG2	EIF3H_5	0.01	0	0.0	0	0.0	0	0.0		
Unique Binding	NOT Bound Only	HepG2	EIF3H_5	0.1	0	0.0	0	0.0	0	0.0		
Unique Binding	NOT Bound Only	HepG2	EIF3H_6	0.0	0	0.0	0	0.0	0	0.0		
Unique Binding	NOT Bound Only	HepG2	EIF3H_6	1e-05	0	0.0	0	0.0	0	0.0		
Unique Binding	NOT Bound Only	HepG2	EIF3H_6	0.0001	0	0.0	0	0.0	0	0.0		
Unique Binding	NOT Bound Only	HepG2	EIF3H_6	0.001	0	0.0	0	0.0	0	0.0		
Unique Binding	NOT Bound Only	HepG2	EIF3H_6	0.01	0	0.0	0	0.0	0	0.0		
Unique Binding	NOT Bound Only	HepG2	EIF3H_6	0.1	0	0.0	0	0.0	0	0.0		
Unique Binding	NOT Bound Only	HepG2	EXOSC5_1	0.0	0	0.0	0	0.0	0	0.0		
Unique Binding	NOT Bound Only	HepG2	EXOSC5_1	1e-05	0	0.0	0	0.0	0	0.0		
Unique Binding	NOT Bound Only	HepG2	EXOSC5_1	0.0001	0	0.0	0	0.0	0	0.0		
Unique Binding	NOT Bound Only	HepG2	EXOSC5_1	0.001	0	0.0	0	0.0	0	0.0		
Unique Binding	NOT Bound Only	HepG2	EXOSC5_1	0.01	0	0.0	0	0.0	0	0.0		
Unique Binding	NOT Bound Only	HepG2	EXOSC5_1	0.1	0	0.0	0	0.0	0	0.0		
Unique Binding	NOT Bound Only	HepG2	EXOSC5_2	0.0	0	0.0	0	0.0	0	0.0		
Unique Binding	NOT Bound Only	HepG2	EXOSC5_2	1e-05	0	0.0	0	0.0	0	0.0		
Unique Binding	NOT Bound Only	HepG2	EXOSC5_2	0.0001	0	0.0	0	0.0	0	0.0		
Unique Binding	NOT Bound Only	HepG2	EXOSC5_2	0.001	0	0.0	0	0.0	0	0.0		
Unique Binding	NOT Bound Only	HepG2	EXOSC5_2	0.01	0	0.0	0	0.0	0	0.0		
Unique Binding	NOT Bound Only	HepG2	EXOSC5_2	0.1	0	0.0	0	0.0	0	0.0		
Unique Binding	NOT Bound Only	HepG2	EXOSC5_3	0.0	0	0.0	0	0.0	0	0.0		
Unique Binding	NOT Bound Only	HepG2	EXOSC5_3	1e-05	0	0.0	0	0.0	0	0.0		
Unique Binding	NOT Bound Only	HepG2	EXOSC5_3	0.0001	0	0.0	0	0.0	0	0.0		
Unique Binding	NOT Bound Only	HepG2	EXOSC5_3	0.001	0	0.0	0	0.0	0	0.0		
Unique Binding	NOT Bound Only	HepG2	EXOSC5_3	0.01	0	0.0	0	0.0	0	0.0		
Unique Binding	NOT Bound Only	HepG2	EXOSC5_3	0.1	0	0.0	0	0.0	0	0.0		
Unique Binding	NOT Bound Only	HepG2	EXOSC5_4	0.0	0	0.0	0	0.0	0	0.0		
Unique Binding	NOT Bound Only	HepG2	EXOSC5_4	1e-05	0	0.0	0	0.0	0	0.0		
Unique Binding	NOT Bound Only	HepG2	EXOSC5_4	0.0001	0	0.0	0	0.0	0	0.0		
Unique Binding	NOT Bound Only	HepG2	EXOSC5_4	0.001	0	0.0	0	0.0	0	0.0		
Unique Binding	NOT Bound Only	HepG2	EXOSC5_4	0.01	0	0.0	0	0.0	0	0.0		
Unique Binding	NOT Bound Only	HepG2	EXOSC5_4	0.1	0	0.0	0	0.0	0	0.0		
Unique Binding	NOT Bound Only	HepG2	EXOSC5_5	0.0	0	0.0	0	0.0	0	0.0		
Unique Binding	NOT Bound Only	HepG2	EXOSC5_5	1e-05	0	0.0	0	0.0	0	0.0		
Unique Binding	NOT Bound Only	HepG2	EXOSC5_5	0.0001	0	0.0	0	0.0	0	0.0		
Unique Binding	NOT Bound Only	HepG2	EXOSC5_5	0.001	0	0.0	0	0.0	0	0.0		
Unique Binding	NOT Bound Only	HepG2	EXOSC5_5	0.01	0	0.0	0	0.0	0	0.0		
Unique Binding	NOT Bound Only	HepG2	EXOSC5_5	0.1	0	0.0	0	0.0	0	0.0		
Unique Binding	NOT Bound Only	HepG2	EXOSC5_6	0.0	0	0.0	0	0.0	0	0.0		
Unique Binding	NOT Bound Only	HepG2	EXOSC5_6	1e-05	0	0.0	0	0.0	0	0.0		
Unique Binding	NOT Bound Only	HepG2	EXOSC5_6	0.0001	0	0.0	0	0.0	0	0.0		
Unique Binding	NOT Bound Only	HepG2	EXOSC5_6	0.001	0	0.0	0	0.0	0	0.0		
Unique Binding	NOT Bound Only	HepG2	EXOSC5_6	0.01	0	0.0	0	0.0	0	0.0		
Unique Binding	NOT Bound Only	HepG2	EXOSC5_6	0.1	0	0.0	0	0.0	0	0.0		
Unique Binding	NOT Bound Only	HepG2	FAM120A_1	0.0	0	0.0	0	0.0	0	0.0		
Unique Binding	NOT Bound Only	HepG2	FAM120A_1	1e-05	0	0.0	0	0.0	0	0.0		
Unique Binding	NOT Bound Only	HepG2	FAM120A_1	0.0001	0	0.0	0	0.0	0	0.0		
Unique Binding	NOT Bound Only	HepG2	FAM120A_1	0.001	0	0.0	0	0.0	0	0.0		
Unique Binding	NOT Bound Only	HepG2	FAM120A_1	0.01	0	0.0	0	0.0	0	0.0		
Unique Binding	NOT Bound Only	HepG2	FAM120A_1	0.1	0	0.0	0	0.0	0	0.0		
Unique Binding	NOT Bound Only	HepG2	FAM120A_2	0.0	115958	100.0	115885	30.457237875904518	73	-0.014311254839034953	30.44292662106548	0.9990606808483788
Unique Binding	NOT Bound Only	HepG2	FAM120A_2	1e-05	115958	100.0	115885	30.457237875904518	73	-0.014311254839034953	30.44292662106548	0.9990606808483788
Unique Binding	NOT Bound Only	HepG2	FAM120A_2	0.0001	115189	99.33682885182566	115120	30.389384850231288	69	-0.014090544743286384	30.375294305488	0.9990730964430721
Unique Binding	NOT Bound Only	HepG2	FAM120A_2	0.001	0	0.0	0	0.0	0	0.0		
Unique Binding	NOT Bound Only	HepG2	FAM120A_2	0.01	0	0.0	0	0.0	0	0.0		
Unique Binding	NOT Bound Only	HepG2	FAM120A_2	0.1	0	0.0	0	0.0	0	0.0		
Unique Binding	NOT Bound Only	HepG2	FAM120A_3	0.0	117563	100.0	0	0.0	117563	-2.8286867947948005	-2.8286867947948005	-1.0
Unique Binding	NOT Bound Only	HepG2	FAM120A_3	1e-05	92183	78.4115750703878	0	0.0	92183	-2.639237477359901	-2.639237477359901	-1.0
Unique Binding	NOT Bound Only	HepG2	FAM120A_3	0.0001	122	0.10377414662776555	0	0.0	122	-0.014845974440743944	-0.014845974440743944	-1.0
Unique Binding	NOT Bound Only	HepG2	FAM120A_3	0.001	0	0.0	0	0.0	0	0.0		
Unique Binding	NOT Bound Only	HepG2	FAM120A_3	0.01	0	0.0	0	0.0	0	0.0		
Unique Binding	NOT Bound Only	HepG2	FAM120A_3	0.1	0	0.0	0	0.0	0	0.0		
Unique Binding	NOT Bound Only	HepG2	FAM120A_4	0.0	117617	100.0	117617	3.2312633682899494	0	0.0	3.2312633682899494	1.0
Unique Binding	NOT Bound Only	HepG2	FAM120A_4	1e-05	94863	80.65415713714854	94863	3.0624622306458176	0	0.0	3.0624622306458176	1.0
Unique Binding	NOT Bound Only	HepG2	FAM120A_4	0.0001	240	0.20405213532057442	240	0.02720555305034718	0	0.0	0.02720555305034718	1.0
Unique Binding	NOT Bound Only	HepG2	FAM120A_4	0.001	0	0.0	0	0.0	0	0.0		
Unique Binding	NOT Bound Only	HepG2	FAM120A_4	0.01	0	0.0	0	0.0	0	0.0		
Unique Binding	NOT Bound Only	HepG2	FAM120A_4	0.1	0	0.0	0	0.0	0	0.0		
Unique Binding	NOT Bound Only	HepG2	FAM120A_5	0.0	51	0.043317620078990954	51	0.0009052685936715541	0	0.0	0.0009052685936715541	1.0
Unique Binding	NOT Bound Only	HepG2	FAM120A_5	1e-05	35	0.02972777848558203	35	0.0007713382060072764	0	0.0	0.0007713382060072764	1.0
Unique Binding	NOT Bound Only	HepG2	FAM120A_5	0.0001	0	0.0	0	0.0	0	0.0		
Unique Binding	NOT Bound Only	HepG2	FAM120A_5	0.001	0	0.0	0	0.0	0	0.0		
Unique Binding	NOT Bound Only	HepG2	FAM120A_5	0.01	0	0.0	0	0.0	0	0.0		
Unique Binding	NOT Bound Only	HepG2	FAM120A_5	0.1	0	0.0	0	0.0	0	0.0		
Unique Binding	NOT Bound Only	HepG2	FAM120A_6	0.0	0	0.0	0	0.0	0	0.0		
Unique Binding	NOT Bound Only	HepG2	FAM120A_6	1e-05	0	0.0	0	0.0	0	0.0		
Unique Binding	NOT Bound Only	HepG2	FAM120A_6	0.0001	0	0.0	0	0.0	0	0.0		
Unique Binding	NOT Bound Only	HepG2	FAM120A_6	0.001	0	0.0	0	0.0	0	0.0		
Unique Binding	NOT Bound Only	HepG2	FAM120A_6	0.01	0	0.0	0	0.0	0	0.0		
Unique Binding	NOT Bound Only	HepG2	FAM120A_6	0.1	0	0.0	0	0.0	0	0.0		
Unique Binding	NOT Bound Only	HepG2	FASTKD2_1	0.0	0	0.0	0	0.0	0	0.0		
Unique Binding	NOT Bound Only	HepG2	FASTKD2_1	1e-05	0	0.0	0	0.0	0	0.0		
Unique Binding	NOT Bound Only	HepG2	FASTKD2_1	0.0001	0	0.0	0	0.0	0	0.0		
Unique Binding	NOT Bound Only	HepG2	FASTKD2_1	0.001	0	0.0	0	0.0	0	0.0		
Unique Binding	NOT Bound Only	HepG2	FASTKD2_1	0.01	0	0.0	0	0.0	0	0.0		
Unique Binding	NOT Bound Only	HepG2	FASTKD2_1	0.1	0	0.0	0	0.0	0	0.0		
Unique Binding	NOT Bound Only	HepG2	FASTKD2_2	0.0	0	0.0	0	0.0	0	0.0		
Unique Binding	NOT Bound Only	HepG2	FASTKD2_2	1e-05	0	0.0	0	0.0	0	0.0		
Unique Binding	NOT Bound Only	HepG2	FASTKD2_2	0.0001	0	0.0	0	0.0	0	0.0		
Unique Binding	NOT Bound Only	HepG2	FASTKD2_2	0.001	0	0.0	0	0.0	0	0.0		
Unique Binding	NOT Bound Only	HepG2	FASTKD2_2	0.01	0	0.0	0	0.0	0	0.0		
Unique Binding	NOT Bound Only	HepG2	FASTKD2_2	0.1	0	0.0	0	0.0	0	0.0		
Unique Binding	NOT Bound Only	HepG2	FASTKD2_3	0.0	0	0.0	0	0.0	0	0.0		
Unique Binding	NOT Bound Only	HepG2	FASTKD2_3	1e-05	0	0.0	0	0.0	0	0.0		
Unique Binding	NOT Bound Only	HepG2	FASTKD2_3	0.0001	0	0.0	0	0.0	0	0.0		
Unique Binding	NOT Bound Only	HepG2	FASTKD2_3	0.001	0	0.0	0	0.0	0	0.0		
Unique Binding	NOT Bound Only	HepG2	FASTKD2_3	0.01	0	0.0	0	0.0	0	0.0		
Unique Binding	NOT Bound Only	HepG2	FASTKD2_3	0.1	0	0.0	0	0.0	0	0.0		
Unique Binding	NOT Bound Only	HepG2	FASTKD2_4	0.0	0	0.0	0	0.0	0	0.0		
Unique Binding	NOT Bound Only	HepG2	FASTKD2_4	1e-05	0	0.0	0	0.0	0	0.0		
Unique Binding	NOT Bound Only	HepG2	FASTKD2_4	0.0001	0	0.0	0	0.0	0	0.0		
Unique Binding	NOT Bound Only	HepG2	FASTKD2_4	0.001	0	0.0	0	0.0	0	0.0		
Unique Binding	NOT Bound Only	HepG2	FASTKD2_4	0.01	0	0.0	0	0.0	0	0.0		
Unique Binding	NOT Bound Only	HepG2	FASTKD2_4	0.1	0	0.0	0	0.0	0	0.0		
Unique Binding	NOT Bound Only	HepG2	FASTKD2_5	0.0	0	0.0	0	0.0	0	0.0		
Unique Binding	NOT Bound Only	HepG2	FASTKD2_5	1e-05	0	0.0	0	0.0	0	0.0		
Unique Binding	NOT Bound Only	HepG2	FASTKD2_5	0.0001	0	0.0	0	0.0	0	0.0		
Unique Binding	NOT Bound Only	HepG2	FASTKD2_5	0.001	0	0.0	0	0.0	0	0.0		
Unique Binding	NOT Bound Only	HepG2	FASTKD2_5	0.01	0	0.0	0	0.0	0	0.0		
Unique Binding	NOT Bound Only	HepG2	FASTKD2_5	0.1	0	0.0	0	0.0	0	0.0		
Unique Binding	NOT Bound Only	HepG2	FASTKD2_6	0.0	0	0.0	0	0.0	0	0.0		
Unique Binding	NOT Bound Only	HepG2	FASTKD2_6	1e-05	0	0.0	0	0.0	0	0.0		
Unique Binding	NOT Bound Only	HepG2	FASTKD2_6	0.0001	0	0.0	0	0.0	0	0.0		
Unique Binding	NOT Bound Only	HepG2	FASTKD2_6	0.001	0	0.0	0	0.0	0	0.0		
Unique Binding	NOT Bound Only	HepG2	FASTKD2_6	0.01	0	0.0	0	0.0	0	0.0		
Unique Binding	NOT Bound Only	HepG2	FASTKD2_6	0.1	0	0.0	0	0.0	0	0.0		
Unique Binding	NOT Bound Only	HepG2	FKBP4_1	0.0	0	0.0	0	0.0	0	0.0		
Unique Binding	NOT Bound Only	HepG2	FKBP4_1	1e-05	0	0.0	0	0.0	0	0.0		
Unique Binding	NOT Bound Only	HepG2	FKBP4_1	0.0001	0	0.0	0	0.0	0	0.0		
Unique Binding	NOT Bound Only	HepG2	FKBP4_1	0.001	0	0.0	0	0.0	0	0.0		
Unique Binding	NOT Bound Only	HepG2	FKBP4_1	0.01	0	0.0	0	0.0	0	0.0		
Unique Binding	NOT Bound Only	HepG2	FKBP4_1	0.1	0	0.0	0	0.0	0	0.0		
Unique Binding	NOT Bound Only	HepG2	FKBP4_2	0.0	0	0.0	0	0.0	0	0.0		
Unique Binding	NOT Bound Only	HepG2	FKBP4_2	1e-05	0	0.0	0	0.0	0	0.0		
Unique Binding	NOT Bound Only	HepG2	FKBP4_2	0.0001	0	0.0	0	0.0	0	0.0		
Unique Binding	NOT Bound Only	HepG2	FKBP4_2	0.001	0	0.0	0	0.0	0	0.0		
Unique Binding	NOT Bound Only	HepG2	FKBP4_2	0.01	0	0.0	0	0.0	0	0.0		
Unique Binding	NOT Bound Only	HepG2	FKBP4_2	0.1	0	0.0	0	0.0	0	0.0		
Unique Binding	NOT Bound Only	HepG2	FKBP4_3	0.0	0	0.0	0	0.0	0	0.0		
Unique Binding	NOT Bound Only	HepG2	FKBP4_3	1e-05	0	0.0	0	0.0	0	0.0		
Unique Binding	NOT Bound Only	HepG2	FKBP4_3	0.0001	0	0.0	0	0.0	0	0.0		
Unique Binding	NOT Bound Only	HepG2	FKBP4_3	0.001	0	0.0	0	0.0	0	0.0		
Unique Binding	NOT Bound Only	HepG2	FKBP4_3	0.01	0	0.0	0	0.0	0	0.0		
Unique Binding	NOT Bound Only	HepG2	FKBP4_3	0.1	0	0.0	0	0.0	0	0.0		
Unique Binding	NOT Bound Only	HepG2	FKBP4_4	0.0	0	0.0	0	0.0	0	0.0		
Unique Binding	NOT Bound Only	HepG2	FKBP4_4	1e-05	0	0.0	0	0.0	0	0.0		
Unique Binding	NOT Bound Only	HepG2	FKBP4_4	0.0001	0	0.0	0	0.0	0	0.0		
Unique Binding	NOT Bound Only	HepG2	FKBP4_4	0.001	0	0.0	0	0.0	0	0.0		
Unique Binding	NOT Bound Only	HepG2	FKBP4_4	0.01	0	0.0	0	0.0	0	0.0		
Unique Binding	NOT Bound Only	HepG2	FKBP4_4	0.1	0	0.0	0	0.0	0	0.0		
Unique Binding	NOT Bound Only	HepG2	FKBP4_5	0.0	0	0.0	0	0.0	0	0.0		
Unique Binding	NOT Bound Only	HepG2	FKBP4_5	1e-05	0	0.0	0	0.0	0	0.0		
Unique Binding	NOT Bound Only	HepG2	FKBP4_5	0.0001	0	0.0	0	0.0	0	0.0		
Unique Binding	NOT Bound Only	HepG2	FKBP4_5	0.001	0	0.0	0	0.0	0	0.0		
Unique Binding	NOT Bound Only	HepG2	FKBP4_5	0.01	0	0.0	0	0.0	0	0.0		
Unique Binding	NOT Bound Only	HepG2	FKBP4_5	0.1	0	0.0	0	0.0	0	0.0		
Unique Binding	NOT Bound Only	HepG2	FKBP4_6	0.0	0	0.0	0	0.0	0	0.0		
Unique Binding	NOT Bound Only	HepG2	FKBP4_6	1e-05	0	0.0	0	0.0	0	0.0		
Unique Binding	NOT Bound Only	HepG2	FKBP4_6	0.0001	0	0.0	0	0.0	0	0.0		
Unique Binding	NOT Bound Only	HepG2	FKBP4_6	0.001	0	0.0	0	0.0	0	0.0		
Unique Binding	NOT Bound Only	HepG2	FKBP4_6	0.01	0	0.0	0	0.0	0	0.0		
Unique Binding	NOT Bound Only	HepG2	FKBP4_6	0.1	0	0.0	0	0.0	0	0.0		
Unique Binding	NOT Bound Only	HepG2	FTO_1	0.0	0	0.0	0	0.0	0	0.0		
Unique Binding	NOT Bound Only	HepG2	FTO_1	1e-05	0	0.0	0	0.0	0	0.0		
Unique Binding	NOT Bound Only	HepG2	FTO_1	0.0001	0	0.0	0	0.0	0	0.0		
Unique Binding	NOT Bound Only	HepG2	FTO_1	0.001	0	0.0	0	0.0	0	0.0		
Unique Binding	NOT Bound Only	HepG2	FTO_1	0.01	0	0.0	0	0.0	0	0.0		
Unique Binding	NOT Bound Only	HepG2	FTO_1	0.1	0	0.0	0	0.0	0	0.0		
Unique Binding	NOT Bound Only	HepG2	FTO_2	0.0	0	0.0	0	0.0	0	0.0		
Unique Binding	NOT Bound Only	HepG2	FTO_2	1e-05	0	0.0	0	0.0	0	0.0		
Unique Binding	NOT Bound Only	HepG2	FTO_2	0.0001	0	0.0	0	0.0	0	0.0		
Unique Binding	NOT Bound Only	HepG2	FTO_2	0.001	0	0.0	0	0.0	0	0.0		
Unique Binding	NOT Bound Only	HepG2	FTO_2	0.01	0	0.0	0	0.0	0	0.0		
Unique Binding	NOT Bound Only	HepG2	FTO_2	0.1	0	0.0	0	0.0	0	0.0		
Unique Binding	NOT Bound Only	HepG2	FTO_3	0.0	0	0.0	0	0.0	0	0.0		
Unique Binding	NOT Bound Only	HepG2	FTO_3	1e-05	0	0.0	0	0.0	0	0.0		
Unique Binding	NOT Bound Only	HepG2	FTO_3	0.0001	0	0.0	0	0.0	0	0.0		
Unique Binding	NOT Bound Only	HepG2	FTO_3	0.001	0	0.0	0	0.0	0	0.0		
Unique Binding	NOT Bound Only	HepG2	FTO_3	0.01	0	0.0	0	0.0	0	0.0		
Unique Binding	NOT Bound Only	HepG2	FTO_3	0.1	0	0.0	0	0.0	0	0.0		
Unique Binding	NOT Bound Only	HepG2	FTO_4	0.0	0	0.0	0	0.0	0	0.0		
Unique Binding	NOT Bound Only	HepG2	FTO_4	1e-05	0	0.0	0	0.0	0	0.0		
Unique Binding	NOT Bound Only	HepG2	FTO_4	0.0001	0	0.0	0	0.0	0	0.0		
Unique Binding	NOT Bound Only	HepG2	FTO_4	0.001	0	0.0	0	0.0	0	0.0		
Unique Binding	NOT Bound Only	HepG2	FTO_4	0.01	0	0.0	0	0.0	0	0.0		
Unique Binding	NOT Bound Only	HepG2	FTO_4	0.1	0	0.0	0	0.0	0	0.0		
Unique Binding	NOT Bound Only	HepG2	FTO_5	0.0	0	0.0	0	0.0	0	0.0		
Unique Binding	NOT Bound Only	HepG2	FTO_5	1e-05	0	0.0	0	0.0	0	0.0		
Unique Binding	NOT Bound Only	HepG2	FTO_5	0.0001	0	0.0	0	0.0	0	0.0		
Unique Binding	NOT Bound Only	HepG2	FTO_5	0.001	0	0.0	0	0.0	0	0.0		
Unique Binding	NOT Bound Only	HepG2	FTO_5	0.01	0	0.0	0	0.0	0	0.0		
Unique Binding	NOT Bound Only	HepG2	FTO_5	0.1	0	0.0	0	0.0	0	0.0		
Unique Binding	NOT Bound Only	HepG2	FTO_6	0.0	0	0.0	0	0.0	0	0.0		
Unique Binding	NOT Bound Only	HepG2	FTO_6	1e-05	0	0.0	0	0.0	0	0.0		
Unique Binding	NOT Bound Only	HepG2	FTO_6	0.0001	0	0.0	0	0.0	0	0.0		
Unique Binding	NOT Bound Only	HepG2	FTO_6	0.001	0	0.0	0	0.0	0	0.0		
Unique Binding	NOT Bound Only	HepG2	FTO_6	0.01	0	0.0	0	0.0	0	0.0		
Unique Binding	NOT Bound Only	HepG2	FTO_6	0.1	0	0.0	0	0.0	0	0.0		
Unique Binding	NOT Bound Only	HepG2	FUBP3_1	0.0	0	0.0	0	0.0	0	0.0		
Unique Binding	NOT Bound Only	HepG2	FUBP3_1	1e-05	0	0.0	0	0.0	0	0.0		
Unique Binding	NOT Bound Only	HepG2	FUBP3_1	0.0001	0	0.0	0	0.0	0	0.0		
Unique Binding	NOT Bound Only	HepG2	FUBP3_1	0.001	0	0.0	0	0.0	0	0.0		
Unique Binding	NOT Bound Only	HepG2	FUBP3_1	0.01	0	0.0	0	0.0	0	0.0		
Unique Binding	NOT Bound Only	HepG2	FUBP3_1	0.1	0	0.0	0	0.0	0	0.0		
Unique Binding	NOT Bound Only	HepG2	FUBP3_2	0.0	0	0.0	0	0.0	0	0.0		
Unique Binding	NOT Bound Only	HepG2	FUBP3_2	1e-05	0	0.0	0	0.0	0	0.0		
Unique Binding	NOT Bound Only	HepG2	FUBP3_2	0.0001	0	0.0	0	0.0	0	0.0		
Unique Binding	NOT Bound Only	HepG2	FUBP3_2	0.001	0	0.0	0	0.0	0	0.0		
Unique Binding	NOT Bound Only	HepG2	FUBP3_2	0.01	0	0.0	0	0.0	0	0.0		
Unique Binding	NOT Bound Only	HepG2	FUBP3_2	0.1	0	0.0	0	0.0	0	0.0		
Unique Binding	NOT Bound Only	HepG2	FUBP3_3	0.0	0	0.0	0	0.0	0	0.0		
Unique Binding	NOT Bound Only	HepG2	FUBP3_3	1e-05	0	0.0	0	0.0	0	0.0		
Unique Binding	NOT Bound Only	HepG2	FUBP3_3	0.0001	0	0.0	0	0.0	0	0.0		
Unique Binding	NOT Bound Only	HepG2	FUBP3_3	0.001	0	0.0	0	0.0	0	0.0		
Unique Binding	NOT Bound Only	HepG2	FUBP3_3	0.01	0	0.0	0	0.0	0	0.0		
Unique Binding	NOT Bound Only	HepG2	FUBP3_3	0.1	0	0.0	0	0.0	0	0.0		
Unique Binding	NOT Bound Only	HepG2	FUBP3_4	0.0	0	0.0	0	0.0	0	0.0		
Unique Binding	NOT Bound Only	HepG2	FUBP3_4	1e-05	0	0.0	0	0.0	0	0.0		
Unique Binding	NOT Bound Only	HepG2	FUBP3_4	0.0001	0	0.0	0	0.0	0	0.0		
Unique Binding	NOT Bound Only	HepG2	FUBP3_4	0.001	0	0.0	0	0.0	0	0.0		
Unique Binding	NOT Bound Only	HepG2	FUBP3_4	0.01	0	0.0	0	0.0	0	0.0		
Unique Binding	NOT Bound Only	HepG2	FUBP3_4	0.1	0	0.0	0	0.0	0	0.0		
Unique Binding	NOT Bound Only	HepG2	FUBP3_5	0.0	0	0.0	0	0.0	0	0.0		
Unique Binding	NOT Bound Only	HepG2	FUBP3_5	1e-05	0	0.0	0	0.0	0	0.0		
Unique Binding	NOT Bound Only	HepG2	FUBP3_5	0.0001	0	0.0	0	0.0	0	0.0		
Unique Binding	NOT Bound Only	HepG2	FUBP3_5	0.001	0	0.0	0	0.0	0	0.0		
Unique Binding	NOT Bound Only	HepG2	FUBP3_5	0.01	0	0.0	0	0.0	0	0.0		
Unique Binding	NOT Bound Only	HepG2	FUBP3_5	0.1	0	0.0	0	0.0	0	0.0		
Unique Binding	NOT Bound Only	HepG2	FUBP3_6	0.0	0	0.0	0	0.0	0	0.0		
Unique Binding	NOT Bound Only	HepG2	FUBP3_6	1e-05	0	0.0	0	0.0	0	0.0		
Unique Binding	NOT Bound Only	HepG2	FUBP3_6	0.0001	0	0.0	0	0.0	0	0.0		
Unique Binding	NOT Bound Only	HepG2	FUBP3_6	0.001	0	0.0	0	0.0	0	0.0		
Unique Binding	NOT Bound Only	HepG2	FUBP3_6	0.01	0	0.0	0	0.0	0	0.0		
Unique Binding	NOT Bound Only	HepG2	FUBP3_6	0.1	0	0.0	0	0.0	0	0.0		
Unique Binding	NOT Bound Only	HepG2	FUS_1	0.0	0	0.0	0	0.0	0	0.0		
Unique Binding	NOT Bound Only	HepG2	FUS_1	1e-05	0	0.0	0	0.0	0	0.0		
Unique Binding	NOT Bound Only	HepG2	FUS_1	0.0001	0	0.0	0	0.0	0	0.0		
Unique Binding	NOT Bound Only	HepG2	FUS_1	0.001	0	0.0	0	0.0	0	0.0		
Unique Binding	NOT Bound Only	HepG2	FUS_1	0.01	0	0.0	0	0.0	0	0.0		
Unique Binding	NOT Bound Only	HepG2	FUS_1	0.1	0	0.0	0	0.0	0	0.0		
Unique Binding	NOT Bound Only	HepG2	FUS_2	0.0	0	0.0	0	0.0	0	0.0		
Unique Binding	NOT Bound Only	HepG2	FUS_2	1e-05	0	0.0	0	0.0	0	0.0		
Unique Binding	NOT Bound Only	HepG2	FUS_2	0.0001	0	0.0	0	0.0	0	0.0		
Unique Binding	NOT Bound Only	HepG2	FUS_2	0.001	0	0.0	0	0.0	0	0.0		
Unique Binding	NOT Bound Only	HepG2	FUS_2	0.01	0	0.0	0	0.0	0	0.0		
Unique Binding	NOT Bound Only	HepG2	FUS_2	0.1	0	0.0	0	0.0	0	0.0		
Unique Binding	NOT Bound Only	HepG2	FUS_3	0.0	0	0.0	0	0.0	0	0.0		
Unique Binding	NOT Bound Only	HepG2	FUS_3	1e-05	0	0.0	0	0.0	0	0.0		
Unique Binding	NOT Bound Only	HepG2	FUS_3	0.0001	0	0.0	0	0.0	0	0.0		
Unique Binding	NOT Bound Only	HepG2	FUS_3	0.001	0	0.0	0	0.0	0	0.0		
Unique Binding	NOT Bound Only	HepG2	FUS_3	0.01	0	0.0	0	0.0	0	0.0		
Unique Binding	NOT Bound Only	HepG2	FUS_3	0.1	0	0.0	0	0.0	0	0.0		
Unique Binding	NOT Bound Only	HepG2	FUS_4	0.0	0	0.0	0	0.0	0	0.0		
Unique Binding	NOT Bound Only	HepG2	FUS_4	1e-05	0	0.0	0	0.0	0	0.0		
Unique Binding	NOT Bound Only	HepG2	FUS_4	0.0001	0	0.0	0	0.0	0	0.0		
Unique Binding	NOT Bound Only	HepG2	FUS_4	0.001	0	0.0	0	0.0	0	0.0		
Unique Binding	NOT Bound Only	HepG2	FUS_4	0.01	0	0.0	0	0.0	0	0.0		
Unique Binding	NOT Bound Only	HepG2	FUS_4	0.1	0	0.0	0	0.0	0	0.0		
Unique Binding	NOT Bound Only	HepG2	FUS_5	0.0	0	0.0	0	0.0	0	0.0		
Unique Binding	NOT Bound Only	HepG2	FUS_5	1e-05	0	0.0	0	0.0	0	0.0		
Unique Binding	NOT Bound Only	HepG2	FUS_5	0.0001	0	0.0	0	0.0	0	0.0		
Unique Binding	NOT Bound Only	HepG2	FUS_5	0.001	0	0.0	0	0.0	0	0.0		
Unique Binding	NOT Bound Only	HepG2	FUS_5	0.01	0	0.0	0	0.0	0	0.0		
Unique Binding	NOT Bound Only	HepG2	FUS_5	0.1	0	0.0	0	0.0	0	0.0		
Unique Binding	NOT Bound Only	HepG2	FUS_6	0.0	0	0.0	0	0.0	0	0.0		
Unique Binding	NOT Bound Only	HepG2	FUS_6	1e-05	0	0.0	0	0.0	0	0.0		
Unique Binding	NOT Bound Only	HepG2	FUS_6	0.0001	0	0.0	0	0.0	0	0.0		
Unique Binding	NOT Bound Only	HepG2	FUS_6	0.001	0	0.0	0	0.0	0	0.0		
Unique Binding	NOT Bound Only	HepG2	FUS_6	0.01	0	0.0	0	0.0	0	0.0		
Unique Binding	NOT Bound Only	HepG2	FUS_6	0.1	0	0.0	0	0.0	0	0.0		
Unique Binding	NOT Bound Only	HepG2	FXR2_1	0.0	116312	100.0	116309	0.8318035876648547	3	-1.0471755949127653e-07	0.8318034829472952	0.9999997482156897
Unique Binding	NOT Bound Only	HepG2	FXR2_1	1e-05	33248	28.585184675699843	33248	0.5387958714937012	0	0.0	0.5387958714937012	1.0
Unique Binding	NOT Bound Only	HepG2	FXR2_1	0.0001	0	0.0	0	0.0	0	0.0		
Unique Binding	NOT Bound Only	HepG2	FXR2_1	0.001	0	0.0	0	0.0	0	0.0		
Unique Binding	NOT Bound Only	HepG2	FXR2_1	0.01	0	0.0	0	0.0	0	0.0		
Unique Binding	NOT Bound Only	HepG2	FXR2_1	0.1	0	0.0	0	0.0	0	0.0		
Unique Binding	NOT Bound Only	HepG2	FXR2_2	0.0	0	0.0	0	0.0	0	0.0		
Unique Binding	NOT Bound Only	HepG2	FXR2_2	1e-05	0	0.0	0	0.0	0	0.0		
Unique Binding	NOT Bound Only	HepG2	FXR2_2	0.0001	0	0.0	0	0.0	0	0.0		
Unique Binding	NOT Bound Only	HepG2	FXR2_2	0.001	0	0.0	0	0.0	0	0.0		
Unique Binding	NOT Bound Only	HepG2	FXR2_2	0.01	0	0.0	0	0.0	0	0.0		
Unique Binding	NOT Bound Only	HepG2	FXR2_2	0.1	0	0.0	0	0.0	0	0.0		
Unique Binding	NOT Bound Only	HepG2	FXR2_3	0.0	116434	100.0	139	0.0003989604491771778	116295	-26.886370002092626	-26.885971041643447	-0.9999703229160979
Unique Binding	NOT Bound Only	HepG2	FXR2_3	1e-05	115502	99.19954652421114	8	0.00010430155946645494	115494	-26.881474586747814	-26.881370285188346	-0.999992239923116
Unique Binding	NOT Bound Only	HepG2	FXR2_3	0.0001	71927	61.77491110843911	0	0.0	71927	-24.504796603336676	-24.504796603336676	-1.0
Unique Binding	NOT Bound Only	HepG2	FXR2_3	0.001	0	0.0	0	0.0	0	0.0		
Unique Binding	NOT Bound Only	HepG2	FXR2_3	0.01	0	0.0	0	0.0	0	0.0		
Unique Binding	NOT Bound Only	HepG2	FXR2_3	0.1	0	0.0	0	0.0	0	0.0		
Unique Binding	NOT Bound Only	HepG2	FXR2_4	0.0	116081	100.0	1	4.3630451821777915e-07	116080	-146.50187973786853	-146.501879301564	-0.9999999940437005
Unique Binding	NOT Bound Only	HepG2	FXR2_4	1e-05	116079	99.99827706515279	0	0.0	116079	-146.5018700104321	-146.5018700104321	-1.0
Unique Binding	NOT Bound Only	HepG2	FXR2_4	0.0001	112937	97.29154642017212	0	0.0	112937	-146.29287369378483	-146.29287369378483	-1.0
Unique Binding	NOT Bound Only	HepG2	FXR2_4	0.001	48740	41.987922226721	0	0.0	48740	-115.74168176674158	-115.74168176674158	-1.0
Unique Binding	NOT Bound Only	HepG2	FXR2_4	0.01	0	0.0	0	0.0	0	0.0		
Unique Binding	NOT Bound Only	HepG2	FXR2_4	0.1	0	0.0	0	0.0	0	0.0		
Unique Binding	NOT Bound Only	HepG2	FXR2_5	0.0	0	0.0	0	0.0	0	0.0		
Unique Binding	NOT Bound Only	HepG2	FXR2_5	1e-05	0	0.0	0	0.0	0	0.0		
Unique Binding	NOT Bound Only	HepG2	FXR2_5	0.0001	0	0.0	0	0.0	0	0.0		
Unique Binding	NOT Bound Only	HepG2	FXR2_5	0.001	0	0.0	0	0.0	0	0.0		
Unique Binding	NOT Bound Only	HepG2	FXR2_5	0.01	0	0.0	0	0.0	0	0.0		
Unique Binding	NOT Bound Only	HepG2	FXR2_5	0.1	0	0.0	0	0.0	0	0.0		
Unique Binding	NOT Bound Only	HepG2	FXR2_6	0.0	115611	100.0	297	0.0032082040519759245	115314	-8.512616897093471	-8.509408693041495	-0.9992465312488523
Unique Binding	NOT Bound Only	HepG2	FXR2_6	1e-05	108647	93.97635173123665	122	0.002639512309317366	108525	-8.474493102856046	-8.47185359054673	-0.9993772629427561
Unique Binding	NOT Bound Only	HepG2	FXR2_6	0.0001	33259	28.76802380396329	0	0.0	33259	-5.478220476381317	-5.478220476381317	-1.0
Unique Binding	NOT Bound Only	HepG2	FXR2_6	0.001	0	0.0	0	0.0	0	0.0		
Unique Binding	NOT Bound Only	HepG2	FXR2_6	0.01	0	0.0	0	0.0	0	0.0		
Unique Binding	NOT Bound Only	HepG2	FXR2_6	0.1	0	0.0	0	0.0	0	0.0		
Unique Binding	NOT Bound Only	HepG2	G3BP1_1	0.0	114231	100.0	8958	1.3854377153367854	105273	-0.7709038153436826	0.6145338999931028	0.28498913147546573
Unique Binding	NOT Bound Only	HepG2	G3BP1_1	1e-05	18612	16.293300417574912	6486	1.3819254334234987	12126	-0.6843736342307665	0.6975517991927322	0.3375851105545033
Unique Binding	NOT Bound Only	HepG2	G3BP1_1	0.0001	6864	6.00887674974394	5816	1.3302507577685443	1048	-0.1810261680907298	1.1492245896778144	0.7604328300218003
Unique Binding	NOT Bound Only	HepG2	G3BP1_1	0.001	0	0.0	0	0.0	0	0.0		
Unique Binding	NOT Bound Only	HepG2	G3BP1_1	0.01	0	0.0	0	0.0	0	0.0		
Unique Binding	NOT Bound Only	HepG2	G3BP1_1	0.1	0	0.0	0	0.0	0	0.0		
Unique Binding	NOT Bound Only	HepG2	G3BP1_2	0.0	113593	100.0	55780	1.1584160317022545	57813	-1.2369557402981477	-0.07853970859589321	-0.03278810809826978
Unique Binding	NOT Bound Only	HepG2	G3BP1_2	1e-05	68024	59.88397172360973	38989	1.1175870508877295	29035	-1.1296471348759591	-0.012060083988229664	-0.005366634267416694
Unique Binding	NOT Bound Only	HepG2	G3BP1_2	0.0001	2437	2.1453786765029537	1185	0.2843374636443592	1252	-0.293847929159439	-0.009510465515079836	-0.016448816648515923
Unique Binding	NOT Bound Only	HepG2	G3BP1_2	0.001	0	0.0	0	0.0	0	0.0		
Unique Binding	NOT Bound Only	HepG2	G3BP1_2	0.01	0	0.0	0	0.0	0	0.0		
Unique Binding	NOT Bound Only	HepG2	G3BP1_2	0.1	0	0.0	0	0.0	0	0.0		
Unique Binding	NOT Bound Only	HepG2	G3BP1_3	0.0	113522	100.0	0	0.0	113522	-156.8937329632744	-156.8937329632744	-1.0
Unique Binding	NOT Bound Only	HepG2	G3BP1_3	1e-05	113522	100.0	0	0.0	113522	-156.8937329632744	-156.8937329632744	-1.0
Unique Binding	NOT Bound Only	HepG2	G3BP1_3	0.0001	107417	94.6221877697715	0	0.0	107417	-156.47232559265416	-156.47232559265416	-1.0
Unique Binding	NOT Bound Only	HepG2	G3BP1_3	0.001	47156	41.53908493507866	0	0.0	47156	-130.8706179567835	-130.8706179567835	-1.0
Unique Binding	NOT Bound Only	HepG2	G3BP1_3	0.01	0	0.0	0	0.0	0	0.0		
Unique Binding	NOT Bound Only	HepG2	G3BP1_3	0.1	0	0.0	0	0.0	0	0.0		
Unique Binding	NOT Bound Only	HepG2	G3BP1_4	0.0	113371	100.0	0	0.0	113371	-149.4970906970101	-149.4970906970101	-1.0
Unique Binding	NOT Bound Only	HepG2	G3BP1_4	1e-05	113371	100.0	0	0.0	113371	-149.4970906970101	-149.4970906970101	-1.0
Unique Binding	NOT Bound Only	HepG2	G3BP1_4	0.0001	111248	98.1273870742959	0	0.0	111248	-149.34701225418019	-149.34701225418019	-1.0
Unique Binding	NOT Bound Only	HepG2	G3BP1_4	0.001	48327	42.627303278616225	0	0.0	48327	-120.2261546484454	-120.2261546484454	-1.0
Unique Binding	NOT Bound Only	HepG2	G3BP1_4	0.01	0	0.0	0	0.0	0	0.0		
Unique Binding	NOT Bound Only	HepG2	G3BP1_4	0.1	0	0.0	0	0.0	0	0.0		
Unique Binding	NOT Bound Only	HepG2	G3BP1_5	0.0	112557	100.0	111837	210.03506603480133	720	-0.1789296412009876	209.85613639360034	0.9982976429269079
Unique Binding	NOT Bound Only	HepG2	G3BP1_5	1e-05	112499	99.94847055269774	111812	210.03493375773118	687	-0.1787570303625524	209.85617672736862	0.9982992826995007
Unique Binding	NOT Bound Only	HepG2	G3BP1_5	0.0001	111755	99.28747212523432	111335	210.00446438801623	420	-0.16435590543458087	209.84010848258166	0.9984359630015043
Unique Binding	NOT Bound Only	HepG2	G3BP1_5	0.001	89929	79.89640804214754	89909	197.3169056863414	20	-0.03118974207640668	197.285715944265	0.9996839113951549
Unique Binding	NOT Bound Only	HepG2	G3BP1_5	0.01	0	0.0	0	0.0	0	0.0		
Unique Binding	NOT Bound Only	HepG2	G3BP1_5	0.1	0	0.0	0	0.0	0	0.0		
Unique Binding	NOT Bound Only	HepG2	G3BP1_6	0.0	112817	100.0	112663	40.66461889965246	154	-0.027151420220176546	40.63746747943228	0.9986655080372889
Unique Binding	NOT Bound Only	HepG2	G3BP1_6	1e-05	112709	99.90426974658074	112614	40.664376929815305	95	-0.026915248958611842	40.637461680856696	0.9986771003073405
Unique Binding	NOT Bound Only	HepG2	G3BP1_6	0.0001	111172	98.5418864178271	111139	40.54979164812604	33	-0.024739740302976324	40.52505190782306	0.9987805285997693
Unique Binding	NOT Bound Only	HepG2	G3BP1_6	0.001	4669	4.138560677912017	4667	7.206951578774954	2	-0.0029668303989037583	7.20398474837605	0.9991770141545211
Unique Binding	NOT Bound Only	HepG2	G3BP1_6	0.01	0	0.0	0	0.0	0	0.0		
Unique Binding	NOT Bound Only	HepG2	G3BP1_6	0.1	0	0.0	0	0.0	0	0.0		
Unique Binding	NOT Bound Only	HepG2	GRSF1_1	0.0	0	0.0	0	0.0	0	0.0		
Unique Binding	NOT Bound Only	HepG2	GRSF1_1	1e-05	0	0.0	0	0.0	0	0.0		
Unique Binding	NOT Bound Only	HepG2	GRSF1_1	0.0001	0	0.0	0	0.0	0	0.0		
Unique Binding	NOT Bound Only	HepG2	GRSF1_1	0.001	0	0.0	0	0.0	0	0.0		
Unique Binding	NOT Bound Only	HepG2	GRSF1_1	0.01	0	0.0	0	0.0	0	0.0		
Unique Binding	NOT Bound Only	HepG2	GRSF1_1	0.1	0	0.0	0	0.0	0	0.0		
Unique Binding	NOT Bound Only	HepG2	GRSF1_2	0.0	0	0.0	0	0.0	0	0.0		
Unique Binding	NOT Bound Only	HepG2	GRSF1_2	1e-05	0	0.0	0	0.0	0	0.0		
Unique Binding	NOT Bound Only	HepG2	GRSF1_2	0.0001	0	0.0	0	0.0	0	0.0		
Unique Binding	NOT Bound Only	HepG2	GRSF1_2	0.001	0	0.0	0	0.0	0	0.0		
Unique Binding	NOT Bound Only	HepG2	GRSF1_2	0.01	0	0.0	0	0.0	0	0.0		
Unique Binding	NOT Bound Only	HepG2	GRSF1_2	0.1	0	0.0	0	0.0	0	0.0		
Unique Binding	NOT Bound Only	HepG2	GRSF1_3	0.0	0	0.0	0	0.0	0	0.0		
Unique Binding	NOT Bound Only	HepG2	GRSF1_3	1e-05	0	0.0	0	0.0	0	0.0		
Unique Binding	NOT Bound Only	HepG2	GRSF1_3	0.0001	0	0.0	0	0.0	0	0.0		
Unique Binding	NOT Bound Only	HepG2	GRSF1_3	0.001	0	0.0	0	0.0	0	0.0		
Unique Binding	NOT Bound Only	HepG2	GRSF1_3	0.01	0	0.0	0	0.0	0	0.0		
Unique Binding	NOT Bound Only	HepG2	GRSF1_3	0.1	0	0.0	0	0.0	0	0.0		
Unique Binding	NOT Bound Only	HepG2	GRSF1_4	0.0	0	0.0	0	0.0	0	0.0		
Unique Binding	NOT Bound Only	HepG2	GRSF1_4	1e-05	0	0.0	0	0.0	0	0.0		
Unique Binding	NOT Bound Only	HepG2	GRSF1_4	0.0001	0	0.0	0	0.0	0	0.0		
Unique Binding	NOT Bound Only	HepG2	GRSF1_4	0.001	0	0.0	0	0.0	0	0.0		
Unique Binding	NOT Bound Only	HepG2	GRSF1_4	0.01	0	0.0	0	0.0	0	0.0		
Unique Binding	NOT Bound Only	HepG2	GRSF1_4	0.1	0	0.0	0	0.0	0	0.0		
Unique Binding	NOT Bound Only	HepG2	GRSF1_5	0.0	0	0.0	0	0.0	0	0.0		
Unique Binding	NOT Bound Only	HepG2	GRSF1_5	1e-05	0	0.0	0	0.0	0	0.0		
Unique Binding	NOT Bound Only	HepG2	GRSF1_5	0.0001	0	0.0	0	0.0	0	0.0		
Unique Binding	NOT Bound Only	HepG2	GRSF1_5	0.001	0	0.0	0	0.0	0	0.0		
Unique Binding	NOT Bound Only	HepG2	GRSF1_5	0.01	0	0.0	0	0.0	0	0.0		
Unique Binding	NOT Bound Only	HepG2	GRSF1_5	0.1	0	0.0	0	0.0	0	0.0		
Unique Binding	NOT Bound Only	HepG2	GRSF1_6	0.0	0	0.0	0	0.0	0	0.0		
Unique Binding	NOT Bound Only	HepG2	GRSF1_6	1e-05	0	0.0	0	0.0	0	0.0		
Unique Binding	NOT Bound Only	HepG2	GRSF1_6	0.0001	0	0.0	0	0.0	0	0.0		
Unique Binding	NOT Bound Only	HepG2	GRSF1_6	0.001	0	0.0	0	0.0	0	0.0		
Unique Binding	NOT Bound Only	HepG2	GRSF1_6	0.01	0	0.0	0	0.0	0	0.0		
Unique Binding	NOT Bound Only	HepG2	GRSF1_6	0.1	0	0.0	0	0.0	0	0.0		
Unique Binding	NOT Bound Only	HepG2	GRWD1_1	0.0	103911	100.0	103312	18.5761251152578	599	-0.0951497020452299	18.48097541321257	0.9898079051402475
Unique Binding	NOT Bound Only	HepG2	GRWD1_1	1e-05	103686	99.78346854519732	103182	18.57536947454384	504	-0.09468150107629472	18.480687973467546	0.9898573923338578
Unique Binding	NOT Bound Only	HepG2	GRWD1_1	0.0001	80200	77.1814341118842	79931	16.80474435856715	269	-0.08304722854174611	16.7216971300254	0.9901648207684963
Unique Binding	NOT Bound Only	HepG2	GRWD1_1	0.001	144	0.1385801310737073	144	0.1594551982307013	0	0.0	0.1594551982307013	1.0
Unique Binding	NOT Bound Only	HepG2	GRWD1_1	0.01	0	0.0	0	0.0	0	0.0		
Unique Binding	NOT Bound Only	HepG2	GRWD1_1	0.1	0	0.0	0	0.0	0	0.0		
Unique Binding	NOT Bound Only	HepG2	GRWD1_2	0.0	98107	100.0	98089	203.99326677888536	18	-0.0018821634483875572	203.99138461543697	0.9999815469783655
Unique Binding	NOT Bound Only	HepG2	GRWD1_2	1e-05	98105	99.99796140948149	98089	203.99326677888536	16	-0.0018726063590537637	203.9913941725263	0.9999816406766877
Unique Binding	NOT Bound Only	HepG2	GRWD1_2	0.0001	98083	99.97553691377782	98076	203.9925780367467	7	-0.0013278750004146024	203.99125016174628	0.9999869812287335
Unique Binding	NOT Bound Only	HepG2	GRWD1_2	0.001	85239	86.88370860387128	85239	193.9077917984464	0	0.0	193.9077917984464	1.0
Unique Binding	NOT Bound Only	HepG2	GRWD1_2	0.01	0	0.0	0	0.0	0	0.0		
Unique Binding	NOT Bound Only	HepG2	GRWD1_2	0.1	0	0.0	0	0.0	0	0.0		
Unique Binding	NOT Bound Only	HepG2	GRWD1_3	0.0	106206	100.0	2	0.00024461311276982426	106204	-811.5075522745288	-811.5073076614161	-0.9999993971392175
Unique Binding	NOT Bound Only	HepG2	GRWD1_3	1e-05	106206	100.0	2	0.00024461311276982426	106204	-811.5075522745288	-811.5073076614161	-0.9999993971392175
Unique Binding	NOT Bound Only	HepG2	GRWD1_3	0.0001	106200	99.99435060166093	1	0.00016961299716800713	106199	-811.5072167137726	-811.5070471007754	-0.9999995819803984
Unique Binding	NOT Bound Only	HepG2	GRWD1_3	0.001	102310	96.3316573451594	0	0.0	102310	-808.5368526459816	-808.5368526459816	-1.0
Unique Binding	NOT Bound Only	HepG2	GRWD1_3	0.01	35115	33.06310377944749	0	0.0	35115	-545.8580021557706	-545.8580021557706	-1.0
Unique Binding	NOT Bound Only	HepG2	GRWD1_3	0.1	0	0.0	0	0.0	0	0.0		
Unique Binding	NOT Bound Only	HepG2	GRWD1_4	0.0	103226	100.0	0	0.0	103226	-763.202726264772	-763.202726264772	-1.0
Unique Binding	NOT Bound Only	HepG2	GRWD1_4	1e-05	103226	100.0	0	0.0	103226	-763.202726264772	-763.202726264772	-1.0
Unique Binding	NOT Bound Only	HepG2	GRWD1_4	0.0001	103225	99.9990312518164	0	0.0	103225	-763.2026629712524	-763.2026629712524	-1.0
Unique Binding	NOT Bound Only	HepG2	GRWD1_4	0.001	98064	94.99932187627148	0	0.0	98064	-759.2937273866413	-759.2937273866413	-1.0
Unique Binding	NOT Bound Only	HepG2	GRWD1_4	0.01	34677	33.59328076259857	0	0.0	34677	-519.9619874551031	-519.9619874551031	-1.0
Unique Binding	NOT Bound Only	HepG2	GRWD1_4	0.1	0	0.0	0	0.0	0	0.0		
Unique Binding	NOT Bound Only	HepG2	GRWD1_5	0.0	103598	100.0	103598	392.7720332871097	0	0.0	392.7720332871097	1.0
Unique Binding	NOT Bound Only	HepG2	GRWD1_5	1e-05	103598	100.0	103598	392.7720332871097	0	0.0	392.7720332871097	1.0
Unique Binding	NOT Bound Only	HepG2	GRWD1_5	0.0001	103597	99.99903473040021	103597	392.7719716529988	0	0.0	392.7719716529988	1.0
Unique Binding	NOT Bound Only	HepG2	GRWD1_5	0.001	100289	96.80592289426437	100289	390.05969953891207	0	0.0	390.05969953891207	1.0
Unique Binding	NOT Bound Only	HepG2	GRWD1_5	0.01	476	0.4594683295044306	476	5.620207337599872	0	0.0	5.620207337599872	1.0
Unique Binding	NOT Bound Only	HepG2	GRWD1_5	0.1	0	0.0	0	0.0	0	0.0		
Unique Binding	NOT Bound Only	HepG2	GRWD1_6	0.0	100270	100.0	99788	317.5762408304218	482	-1.2408478488238701	316.3353929815979	0.9922159263547365
Unique Binding	NOT Bound Only	HepG2	GRWD1_6	1e-05	100262	99.99202154183703	99786	317.5762297616648	476	-1.2408188953782284	316.33541086628657	0.9922161070080476
Unique Binding	NOT Bound Only	HepG2	GRWD1_6	0.0001	100177	99.90725042385559	99745	317.5734469198825	432	-1.2387193650036747	316.33472755487884	0.9922291587586608
Unique Binding	NOT Bound Only	HepG2	GRWD1_6	0.001	92210	91.9617034008178	92037	312.00449038836734	173	-1.1298933887656482	310.8745969996017	0.9927833323499228
Unique Binding	NOT Bound Only	HepG2	GRWD1_6	0.01	104	0.1037199561184801	58	0.5951497424524637	46	-0.5210876148770343	0.0740621275754294	0.06634980193873523
Unique Binding	NOT Bound Only	HepG2	GRWD1_6	0.1	0	0.0	0	0.0	0	0.0		
Unique Binding	NOT Bound Only	HepG2	GTF2F1_1	0.0	8407	7.189464232265788	2790	0.008158149226165525	5617	-0.03294757231939135	-0.02478942309322582	-0.6030650274743885
Unique Binding	NOT Bound Only	HepG2	GTF2F1_1	1e-05	1294	1.106597682473169	177	0.0020042108533212316	1117	-0.019780878776753823	-0.01777666792343259	-0.8160015967476809
Unique Binding	NOT Bound Only	HepG2	GTF2F1_1	0.0001	0	0.0	0	0.0	0	0.0		
Unique Binding	NOT Bound Only	HepG2	GTF2F1_1	0.001	0	0.0	0	0.0	0	0.0		
Unique Binding	NOT Bound Only	HepG2	GTF2F1_1	0.01	0	0.0	0	0.0	0	0.0		
Unique Binding	NOT Bound Only	HepG2	GTF2F1_1	0.1	0	0.0	0	0.0	0	0.0		
Unique Binding	NOT Bound Only	HepG2	GTF2F1_2	0.0	115260	100.0	113739	3.7708416167854657	1521	-0.7040412889894315	3.066800327796034	0.6853364417286286
Unique Binding	NOT Bound Only	HepG2	GTF2F1_2	1e-05	45987	39.898490369599166	44752	3.4053559162088205	1235	-0.7031597880696402	2.7021961281391804	0.6577061699740396
Unique Binding	NOT Bound Only	HepG2	GTF2F1_2	0.0001	10304	8.939788304702411	9938	2.3685200724450617	366	-0.6654567278773046	1.7030633445677572	0.5613303781316994
Unique Binding	NOT Bound Only	HepG2	GTF2F1_2	0.001	238	0.20648967551622419	2	0.0020313215490267676	236	-0.6080027158716064	-0.6059713943225796	-0.9933403009523349
Unique Binding	NOT Bound Only	HepG2	GTF2F1_2	0.01	0	0.0	0	0.0	0	0.0		
Unique Binding	NOT Bound Only	HepG2	GTF2F1_2	0.1	0	0.0	0	0.0	0	0.0		
Unique Binding	NOT Bound Only	HepG2	GTF2F1_3	0.0	117359	100.0	0	0.0	117359	-0.581409770692117	-0.581409770692117	-1.0
Unique Binding	NOT Bound Only	HepG2	GTF2F1_3	1e-05	10026	8.543017578541058	0	0.0	10026	-0.11009848613599846	-0.11009848613599846	-1.0
Unique Binding	NOT Bound Only	HepG2	GTF2F1_3	0.0001	0	0.0	0	0.0	0	0.0		
Unique Binding	NOT Bound Only	HepG2	GTF2F1_3	0.001	0	0.0	0	0.0	0	0.0		
Unique Binding	NOT Bound Only	HepG2	GTF2F1_3	0.01	0	0.0	0	0.0	0	0.0		
Unique Binding	NOT Bound Only	HepG2	GTF2F1_3	0.1	0	0.0	0	0.0	0	0.0		
Unique Binding	NOT Bound Only	HepG2	GTF2F1_4	0.0	1560	1.3277499744663466	1291	0.2945442202812065	269	-0.0005494754565104335	0.2939947448246961	0.9962759254809782
Unique Binding	NOT Bound Only	HepG2	GTF2F1_4	1e-05	1291	1.0987982160487524	1291	0.2945442202812065	0	0.0	0.2945442202812065	1.0
Unique Binding	NOT Bound Only	HepG2	GTF2F1_4	0.0001	1037	0.8826132843087189	1037	0.2753315350590487	0	0.0	0.2753315350590487	1.0
Unique Binding	NOT Bound Only	HepG2	GTF2F1_4	0.001	0	0.0	0	0.0	0	0.0		
Unique Binding	NOT Bound Only	HepG2	GTF2F1_4	0.01	0	0.0	0	0.0	0	0.0		
Unique Binding	NOT Bound Only	HepG2	GTF2F1_4	0.1	0	0.0	0	0.0	0	0.0		
Unique Binding	NOT Bound Only	HepG2	GTF2F1_5	0.0	0	0.0	0	0.0	0	0.0		
Unique Binding	NOT Bound Only	HepG2	GTF2F1_5	1e-05	0	0.0	0	0.0	0	0.0		
Unique Binding	NOT Bound Only	HepG2	GTF2F1_5	0.0001	0	0.0	0	0.0	0	0.0		
Unique Binding	NOT Bound Only	HepG2	GTF2F1_5	0.001	0	0.0	0	0.0	0	0.0		
Unique Binding	NOT Bound Only	HepG2	GTF2F1_5	0.01	0	0.0	0	0.0	0	0.0		
Unique Binding	NOT Bound Only	HepG2	GTF2F1_5	0.1	0	0.0	0	0.0	0	0.0		
Unique Binding	NOT Bound Only	HepG2	GTF2F1_6	0.0	117759	100.0	117759	9.740540658736483	0	0.0	9.740540658736483	1.0
Unique Binding	NOT Bound Only	HepG2	GTF2F1_6	1e-05	117759	100.0	117759	9.740540658736483	0	0.0	9.740540658736483	1.0
Unique Binding	NOT Bound Only	HepG2	GTF2F1_6	0.0001	37021	31.437936803131823	37021	4.2835662059738935	0	0.0	4.2835662059738935	1.0
Unique Binding	NOT Bound Only	HepG2	GTF2F1_6	0.001	0	0.0	0	0.0	0	0.0		
Unique Binding	NOT Bound Only	HepG2	GTF2F1_6	0.01	0	0.0	0	0.0	0	0.0		
Unique Binding	NOT Bound Only	HepG2	GTF2F1_6	0.1	0	0.0	0	0.0	0	0.0		
Unique Binding	NOT Bound Only	HepG2	HLTF_1	0.0	0	0.0	0	0.0	0	0.0		
Unique Binding	NOT Bound Only	HepG2	HLTF_1	1e-05	0	0.0	0	0.0	0	0.0		
Unique Binding	NOT Bound Only	HepG2	HLTF_1	0.0001	0	0.0	0	0.0	0	0.0		
Unique Binding	NOT Bound Only	HepG2	HLTF_1	0.001	0	0.0	0	0.0	0	0.0		
Unique Binding	NOT Bound Only	HepG2	HLTF_1	0.01	0	0.0	0	0.0	0	0.0		
Unique Binding	NOT Bound Only	HepG2	HLTF_1	0.1	0	0.0	0	0.0	0	0.0		
Unique Binding	NOT Bound Only	HepG2	HLTF_2	0.0	0	0.0	0	0.0	0	0.0		
Unique Binding	NOT Bound Only	HepG2	HLTF_2	1e-05	0	0.0	0	0.0	0	0.0		
Unique Binding	NOT Bound Only	HepG2	HLTF_2	0.0001	0	0.0	0	0.0	0	0.0		
Unique Binding	NOT Bound Only	HepG2	HLTF_2	0.001	0	0.0	0	0.0	0	0.0		
Unique Binding	NOT Bound Only	HepG2	HLTF_2	0.01	0	0.0	0	0.0	0	0.0		
Unique Binding	NOT Bound Only	HepG2	HLTF_2	0.1	0	0.0	0	0.0	0	0.0		
Unique Binding	NOT Bound Only	HepG2	HLTF_3	0.0	0	0.0	0	0.0	0	0.0		
Unique Binding	NOT Bound Only	HepG2	HLTF_3	1e-05	0	0.0	0	0.0	0	0.0		
Unique Binding	NOT Bound Only	HepG2	HLTF_3	0.0001	0	0.0	0	0.0	0	0.0		
Unique Binding	NOT Bound Only	HepG2	HLTF_3	0.001	0	0.0	0	0.0	0	0.0		
Unique Binding	NOT Bound Only	HepG2	HLTF_3	0.01	0	0.0	0	0.0	0	0.0		
Unique Binding	NOT Bound Only	HepG2	HLTF_3	0.1	0	0.0	0	0.0	0	0.0		
Unique Binding	NOT Bound Only	HepG2	HLTF_4	0.0	0	0.0	0	0.0	0	0.0		
Unique Binding	NOT Bound Only	HepG2	HLTF_4	1e-05	0	0.0	0	0.0	0	0.0		
Unique Binding	NOT Bound Only	HepG2	HLTF_4	0.0001	0	0.0	0	0.0	0	0.0		
Unique Binding	NOT Bound Only	HepG2	HLTF_4	0.001	0	0.0	0	0.0	0	0.0		
Unique Binding	NOT Bound Only	HepG2	HLTF_4	0.01	0	0.0	0	0.0	0	0.0		
Unique Binding	NOT Bound Only	HepG2	HLTF_4	0.1	0	0.0	0	0.0	0	0.0		
Unique Binding	NOT Bound Only	HepG2	HLTF_5	0.0	0	0.0	0	0.0	0	0.0		
Unique Binding	NOT Bound Only	HepG2	HLTF_5	1e-05	0	0.0	0	0.0	0	0.0		
Unique Binding	NOT Bound Only	HepG2	HLTF_5	0.0001	0	0.0	0	0.0	0	0.0		
Unique Binding	NOT Bound Only	HepG2	HLTF_5	0.001	0	0.0	0	0.0	0	0.0		
Unique Binding	NOT Bound Only	HepG2	HLTF_5	0.01	0	0.0	0	0.0	0	0.0		
Unique Binding	NOT Bound Only	HepG2	HLTF_5	0.1	0	0.0	0	0.0	0	0.0		
Unique Binding	NOT Bound Only	HepG2	HLTF_6	0.0	0	0.0	0	0.0	0	0.0		
Unique Binding	NOT Bound Only	HepG2	HLTF_6	1e-05	0	0.0	0	0.0	0	0.0		
Unique Binding	NOT Bound Only	HepG2	HLTF_6	0.0001	0	0.0	0	0.0	0	0.0		
Unique Binding	NOT Bound Only	HepG2	HLTF_6	0.001	0	0.0	0	0.0	0	0.0		
Unique Binding	NOT Bound Only	HepG2	HLTF_6	0.01	0	0.0	0	0.0	0	0.0		
Unique Binding	NOT Bound Only	HepG2	HLTF_6	0.1	0	0.0	0	0.0	0	0.0		
Unique Binding	NOT Bound Only	HepG2	HNRNPA1_1	0.0	0	0.0	0	0.0	0	0.0		
Unique Binding	NOT Bound Only	HepG2	HNRNPA1_1	1e-05	0	0.0	0	0.0	0	0.0		
Unique Binding	NOT Bound Only	HepG2	HNRNPA1_1	0.0001	0	0.0	0	0.0	0	0.0		
Unique Binding	NOT Bound Only	HepG2	HNRNPA1_1	0.001	0	0.0	0	0.0	0	0.0		
Unique Binding	NOT Bound Only	HepG2	HNRNPA1_1	0.01	0	0.0	0	0.0	0	0.0		
Unique Binding	NOT Bound Only	HepG2	HNRNPA1_1	0.1	0	0.0	0	0.0	0	0.0		
Unique Binding	NOT Bound Only	HepG2	HNRNPA1_2	0.0	0	0.0	0	0.0	0	0.0		
Unique Binding	NOT Bound Only	HepG2	HNRNPA1_2	1e-05	0	0.0	0	0.0	0	0.0		
Unique Binding	NOT Bound Only	HepG2	HNRNPA1_2	0.0001	0	0.0	0	0.0	0	0.0		
Unique Binding	NOT Bound Only	HepG2	HNRNPA1_2	0.001	0	0.0	0	0.0	0	0.0		
Unique Binding	NOT Bound Only	HepG2	HNRNPA1_2	0.01	0	0.0	0	0.0	0	0.0		
Unique Binding	NOT Bound Only	HepG2	HNRNPA1_2	0.1	0	0.0	0	0.0	0	0.0		
Unique Binding	NOT Bound Only	HepG2	HNRNPA1_3	0.0	0	0.0	0	0.0	0	0.0		
Unique Binding	NOT Bound Only	HepG2	HNRNPA1_3	1e-05	0	0.0	0	0.0	0	0.0		
Unique Binding	NOT Bound Only	HepG2	HNRNPA1_3	0.0001	0	0.0	0	0.0	0	0.0		
Unique Binding	NOT Bound Only	HepG2	HNRNPA1_3	0.001	0	0.0	0	0.0	0	0.0		
Unique Binding	NOT Bound Only	HepG2	HNRNPA1_3	0.01	0	0.0	0	0.0	0	0.0		
Unique Binding	NOT Bound Only	HepG2	HNRNPA1_3	0.1	0	0.0	0	0.0	0	0.0		
Unique Binding	NOT Bound Only	HepG2	HNRNPA1_4	0.0	0	0.0	0	0.0	0	0.0		
Unique Binding	NOT Bound Only	HepG2	HNRNPA1_4	1e-05	0	0.0	0	0.0	0	0.0		
Unique Binding	NOT Bound Only	HepG2	HNRNPA1_4	0.0001	0	0.0	0	0.0	0	0.0		
Unique Binding	NOT Bound Only	HepG2	HNRNPA1_4	0.001	0	0.0	0	0.0	0	0.0		
Unique Binding	NOT Bound Only	HepG2	HNRNPA1_4	0.01	0	0.0	0	0.0	0	0.0		
Unique Binding	NOT Bound Only	HepG2	HNRNPA1_4	0.1	0	0.0	0	0.0	0	0.0		
Unique Binding	NOT Bound Only	HepG2	HNRNPA1_5	0.0	0	0.0	0	0.0	0	0.0		
Unique Binding	NOT Bound Only	HepG2	HNRNPA1_5	1e-05	0	0.0	0	0.0	0	0.0		
Unique Binding	NOT Bound Only	HepG2	HNRNPA1_5	0.0001	0	0.0	0	0.0	0	0.0		
Unique Binding	NOT Bound Only	HepG2	HNRNPA1_5	0.001	0	0.0	0	0.0	0	0.0		
Unique Binding	NOT Bound Only	HepG2	HNRNPA1_5	0.01	0	0.0	0	0.0	0	0.0		
Unique Binding	NOT Bound Only	HepG2	HNRNPA1_5	0.1	0	0.0	0	0.0	0	0.0		
Unique Binding	NOT Bound Only	HepG2	HNRNPA1_6	0.0	0	0.0	0	0.0	0	0.0		
Unique Binding	NOT Bound Only	HepG2	HNRNPA1_6	1e-05	0	0.0	0	0.0	0	0.0		
Unique Binding	NOT Bound Only	HepG2	HNRNPA1_6	0.0001	0	0.0	0	0.0	0	0.0		
Unique Binding	NOT Bound Only	HepG2	HNRNPA1_6	0.001	0	0.0	0	0.0	0	0.0		
Unique Binding	NOT Bound Only	HepG2	HNRNPA1_6	0.01	0	0.0	0	0.0	0	0.0		
Unique Binding	NOT Bound Only	HepG2	HNRNPA1_6	0.1	0	0.0	0	0.0	0	0.0		
Unique Binding	NOT Bound Only	HepG2	HNRNPC_1	0.0	0	0.0	0	0.0	0	0.0		
Unique Binding	NOT Bound Only	HepG2	HNRNPC_1	1e-05	0	0.0	0	0.0	0	0.0		
Unique Binding	NOT Bound Only	HepG2	HNRNPC_1	0.0001	0	0.0	0	0.0	0	0.0		
Unique Binding	NOT Bound Only	HepG2	HNRNPC_1	0.001	0	0.0	0	0.0	0	0.0		
Unique Binding	NOT Bound Only	HepG2	HNRNPC_1	0.01	0	0.0	0	0.0	0	0.0		
Unique Binding	NOT Bound Only	HepG2	HNRNPC_1	0.1	0	0.0	0	0.0	0	0.0		
Unique Binding	NOT Bound Only	HepG2	HNRNPC_2	0.0	0	0.0	0	0.0	0	0.0		
Unique Binding	NOT Bound Only	HepG2	HNRNPC_2	1e-05	0	0.0	0	0.0	0	0.0		
Unique Binding	NOT Bound Only	HepG2	HNRNPC_2	0.0001	0	0.0	0	0.0	0	0.0		
Unique Binding	NOT Bound Only	HepG2	HNRNPC_2	0.001	0	0.0	0	0.0	0	0.0		
Unique Binding	NOT Bound Only	HepG2	HNRNPC_2	0.01	0	0.0	0	0.0	0	0.0		
Unique Binding	NOT Bound Only	HepG2	HNRNPC_2	0.1	0	0.0	0	0.0	0	0.0		
Unique Binding	NOT Bound Only	HepG2	HNRNPC_3	0.0	118085	100.0	118085	335.18976899712425	0	0.0	335.18976899712425	1.0
Unique Binding	NOT Bound Only	HepG2	HNRNPC_3	1e-05	118085	100.0	118085	335.18976899712425	0	0.0	335.18976899712425	1.0
Unique Binding	NOT Bound Only	HepG2	HNRNPC_3	0.0001	118085	100.0	118085	335.18976899712425	0	0.0	335.18976899712425	1.0
Unique Binding	NOT Bound Only	HepG2	HNRNPC_3	0.001	117388	99.40974721598849	117388	334.62510738650184	0	0.0	334.62510738650184	1.0
Unique Binding	NOT Bound Only	HepG2	HNRNPC_3	0.01	0	0.0	0	0.0	0	0.0		
Unique Binding	NOT Bound Only	HepG2	HNRNPC_3	0.1	0	0.0	0	0.0	0	0.0		
Unique Binding	NOT Bound Only	HepG2	HNRNPC_4	0.0	0	0.0	0	0.0	0	0.0		
Unique Binding	NOT Bound Only	HepG2	HNRNPC_4	1e-05	0	0.0	0	0.0	0	0.0		
Unique Binding	NOT Bound Only	HepG2	HNRNPC_4	0.0001	0	0.0	0	0.0	0	0.0		
Unique Binding	NOT Bound Only	HepG2	HNRNPC_4	0.001	0	0.0	0	0.0	0	0.0		
Unique Binding	NOT Bound Only	HepG2	HNRNPC_4	0.01	0	0.0	0	0.0	0	0.0		
Unique Binding	NOT Bound Only	HepG2	HNRNPC_4	0.1	0	0.0	0	0.0	0	0.0		
Unique Binding	NOT Bound Only	HepG2	HNRNPC_5	0.0	0	0.0	0	0.0	0	0.0		
Unique Binding	NOT Bound Only	HepG2	HNRNPC_5	1e-05	0	0.0	0	0.0	0	0.0		
Unique Binding	NOT Bound Only	HepG2	HNRNPC_5	0.0001	0	0.0	0	0.0	0	0.0		
Unique Binding	NOT Bound Only	HepG2	HNRNPC_5	0.001	0	0.0	0	0.0	0	0.0		
Unique Binding	NOT Bound Only	HepG2	HNRNPC_5	0.01	0	0.0	0	0.0	0	0.0		
Unique Binding	NOT Bound Only	HepG2	HNRNPC_5	0.1	0	0.0	0	0.0	0	0.0		
Unique Binding	NOT Bound Only	HepG2	HNRNPC_6	0.0	0	0.0	0	0.0	0	0.0		
Unique Binding	NOT Bound Only	HepG2	HNRNPC_6	1e-05	0	0.0	0	0.0	0	0.0		
Unique Binding	NOT Bound Only	HepG2	HNRNPC_6	0.0001	0	0.0	0	0.0	0	0.0		
Unique Binding	NOT Bound Only	HepG2	HNRNPC_6	0.001	0	0.0	0	0.0	0	0.0		
Unique Binding	NOT Bound Only	HepG2	HNRNPC_6	0.01	0	0.0	0	0.0	0	0.0		
Unique Binding	NOT Bound Only	HepG2	HNRNPC_6	0.1	0	0.0	0	0.0	0	0.0		
Unique Binding	NOT Bound Only	HepG2	HNRNPK_1	0.0	0	0.0	0	0.0	0	0.0		
Unique Binding	NOT Bound Only	HepG2	HNRNPK_1	1e-05	0	0.0	0	0.0	0	0.0		
Unique Binding	NOT Bound Only	HepG2	HNRNPK_1	0.0001	0	0.0	0	0.0	0	0.0		
Unique Binding	NOT Bound Only	HepG2	HNRNPK_1	0.001	0	0.0	0	0.0	0	0.0		
Unique Binding	NOT Bound Only	HepG2	HNRNPK_1	0.01	0	0.0	0	0.0	0	0.0		
Unique Binding	NOT Bound Only	HepG2	HNRNPK_1	0.1	0	0.0	0	0.0	0	0.0		
Unique Binding	NOT Bound Only	HepG2	HNRNPK_2	0.0	117103	100.0	117103	36.296920605176176	0	0.0	36.296920605176176	1.0
Unique Binding	NOT Bound Only	HepG2	HNRNPK_2	1e-05	117103	100.0	117103	36.296920605176176	0	0.0	36.296920605176176	1.0
Unique Binding	NOT Bound Only	HepG2	HNRNPK_2	0.0001	105745	90.30084626354576	105745	35.429872297160635	0	0.0	35.429872297160635	1.0
Unique Binding	NOT Bound Only	HepG2	HNRNPK_2	0.001	0	0.0	0	0.0	0	0.0		
Unique Binding	NOT Bound Only	HepG2	HNRNPK_2	0.01	0	0.0	0	0.0	0	0.0		
Unique Binding	NOT Bound Only	HepG2	HNRNPK_2	0.1	0	0.0	0	0.0	0	0.0		
Unique Binding	NOT Bound Only	HepG2	HNRNPK_3	0.0	0	0.0	0	0.0	0	0.0		
Unique Binding	NOT Bound Only	HepG2	HNRNPK_3	1e-05	0	0.0	0	0.0	0	0.0		
Unique Binding	NOT Bound Only	HepG2	HNRNPK_3	0.0001	0	0.0	0	0.0	0	0.0		
Unique Binding	NOT Bound Only	HepG2	HNRNPK_3	0.001	0	0.0	0	0.0	0	0.0		
Unique Binding	NOT Bound Only	HepG2	HNRNPK_3	0.01	0	0.0	0	0.0	0	0.0		
Unique Binding	NOT Bound Only	HepG2	HNRNPK_3	0.1	0	0.0	0	0.0	0	0.0		
Unique Binding	NOT Bound Only	HepG2	HNRNPK_4	0.0	0	0.0	0	0.0	0	0.0		
Unique Binding	NOT Bound Only	HepG2	HNRNPK_4	1e-05	0	0.0	0	0.0	0	0.0		
Unique Binding	NOT Bound Only	HepG2	HNRNPK_4	0.0001	0	0.0	0	0.0	0	0.0		
Unique Binding	NOT Bound Only	HepG2	HNRNPK_4	0.001	0	0.0	0	0.0	0	0.0		
Unique Binding	NOT Bound Only	HepG2	HNRNPK_4	0.01	0	0.0	0	0.0	0	0.0		
Unique Binding	NOT Bound Only	HepG2	HNRNPK_4	0.1	0	0.0	0	0.0	0	0.0		
Unique Binding	NOT Bound Only	HepG2	HNRNPK_5	0.0	0	0.0	0	0.0	0	0.0		
Unique Binding	NOT Bound Only	HepG2	HNRNPK_5	1e-05	0	0.0	0	0.0	0	0.0		
Unique Binding	NOT Bound Only	HepG2	HNRNPK_5	0.0001	0	0.0	0	0.0	0	0.0		
Unique Binding	NOT Bound Only	HepG2	HNRNPK_5	0.001	0	0.0	0	0.0	0	0.0		
Unique Binding	NOT Bound Only	HepG2	HNRNPK_5	0.01	0	0.0	0	0.0	0	0.0		
Unique Binding	NOT Bound Only	HepG2	HNRNPK_5	0.1	0	0.0	0	0.0	0	0.0		
Unique Binding	NOT Bound Only	HepG2	HNRNPK_6	0.0	0	0.0	0	0.0	0	0.0		
Unique Binding	NOT Bound Only	HepG2	HNRNPK_6	1e-05	0	0.0	0	0.0	0	0.0		
Unique Binding	NOT Bound Only	HepG2	HNRNPK_6	0.0001	0	0.0	0	0.0	0	0.0		
Unique Binding	NOT Bound Only	HepG2	HNRNPK_6	0.001	0	0.0	0	0.0	0	0.0		
Unique Binding	NOT Bound Only	HepG2	HNRNPK_6	0.01	0	0.0	0	0.0	0	0.0		
Unique Binding	NOT Bound Only	HepG2	HNRNPK_6	0.1	0	0.0	0	0.0	0	0.0		
Unique Binding	NOT Bound Only	HepG2	HNRNPL_1	0.0	0	0.0	0	0.0	0	0.0		
Unique Binding	NOT Bound Only	HepG2	HNRNPL_1	1e-05	0	0.0	0	0.0	0	0.0		
Unique Binding	NOT Bound Only	HepG2	HNRNPL_1	0.0001	0	0.0	0	0.0	0	0.0		
Unique Binding	NOT Bound Only	HepG2	HNRNPL_1	0.001	0	0.0	0	0.0	0	0.0		
Unique Binding	NOT Bound Only	HepG2	HNRNPL_1	0.01	0	0.0	0	0.0	0	0.0		
Unique Binding	NOT Bound Only	HepG2	HNRNPL_1	0.1	0	0.0	0	0.0	0	0.0		
Unique Binding	NOT Bound Only	HepG2	HNRNPL_2	0.0	0	0.0	0	0.0	0	0.0		
Unique Binding	NOT Bound Only	HepG2	HNRNPL_2	1e-05	0	0.0	0	0.0	0	0.0		
Unique Binding	NOT Bound Only	HepG2	HNRNPL_2	0.0001	0	0.0	0	0.0	0	0.0		
Unique Binding	NOT Bound Only	HepG2	HNRNPL_2	0.001	0	0.0	0	0.0	0	0.0		
Unique Binding	NOT Bound Only	HepG2	HNRNPL_2	0.01	0	0.0	0	0.0	0	0.0		
Unique Binding	NOT Bound Only	HepG2	HNRNPL_2	0.1	0	0.0	0	0.0	0	0.0		
Unique Binding	NOT Bound Only	HepG2	HNRNPL_3	0.0	0	0.0	0	0.0	0	0.0		
Unique Binding	NOT Bound Only	HepG2	HNRNPL_3	1e-05	0	0.0	0	0.0	0	0.0		
Unique Binding	NOT Bound Only	HepG2	HNRNPL_3	0.0001	0	0.0	0	0.0	0	0.0		
Unique Binding	NOT Bound Only	HepG2	HNRNPL_3	0.001	0	0.0	0	0.0	0	0.0		
Unique Binding	NOT Bound Only	HepG2	HNRNPL_3	0.01	0	0.0	0	0.0	0	0.0		
Unique Binding	NOT Bound Only	HepG2	HNRNPL_3	0.1	0	0.0	0	0.0	0	0.0		
Unique Binding	NOT Bound Only	HepG2	HNRNPL_4	0.0	0	0.0	0	0.0	0	0.0		
Unique Binding	NOT Bound Only	HepG2	HNRNPL_4	1e-05	0	0.0	0	0.0	0	0.0		
Unique Binding	NOT Bound Only	HepG2	HNRNPL_4	0.0001	0	0.0	0	0.0	0	0.0		
Unique Binding	NOT Bound Only	HepG2	HNRNPL_4	0.001	0	0.0	0	0.0	0	0.0		
Unique Binding	NOT Bound Only	HepG2	HNRNPL_4	0.01	0	0.0	0	0.0	0	0.0		
Unique Binding	NOT Bound Only	HepG2	HNRNPL_4	0.1	0	0.0	0	0.0	0	0.0		
Unique Binding	NOT Bound Only	HepG2	HNRNPL_5	0.0	0	0.0	0	0.0	0	0.0		
Unique Binding	NOT Bound Only	HepG2	HNRNPL_5	1e-05	0	0.0	0	0.0	0	0.0		
Unique Binding	NOT Bound Only	HepG2	HNRNPL_5	0.0001	0	0.0	0	0.0	0	0.0		
Unique Binding	NOT Bound Only	HepG2	HNRNPL_5	0.001	0	0.0	0	0.0	0	0.0		
Unique Binding	NOT Bound Only	HepG2	HNRNPL_5	0.01	0	0.0	0	0.0	0	0.0		
Unique Binding	NOT Bound Only	HepG2	HNRNPL_5	0.1	0	0.0	0	0.0	0	0.0		
Unique Binding	NOT Bound Only	HepG2	HNRNPL_6	0.0	0	0.0	0	0.0	0	0.0		
Unique Binding	NOT Bound Only	HepG2	HNRNPL_6	1e-05	0	0.0	0	0.0	0	0.0		
Unique Binding	NOT Bound Only	HepG2	HNRNPL_6	0.0001	0	0.0	0	0.0	0	0.0		
Unique Binding	NOT Bound Only	HepG2	HNRNPL_6	0.001	0	0.0	0	0.0	0	0.0		
Unique Binding	NOT Bound Only	HepG2	HNRNPL_6	0.01	0	0.0	0	0.0	0	0.0		
Unique Binding	NOT Bound Only	HepG2	HNRNPL_6	0.1	0	0.0	0	0.0	0	0.0		
Unique Binding	NOT Bound Only	HepG2	HNRNPM_1	0.0	0	0.0	0	0.0	0	0.0		
Unique Binding	NOT Bound Only	HepG2	HNRNPM_1	1e-05	0	0.0	0	0.0	0	0.0		
Unique Binding	NOT Bound Only	HepG2	HNRNPM_1	0.0001	0	0.0	0	0.0	0	0.0		
Unique Binding	NOT Bound Only	HepG2	HNRNPM_1	0.001	0	0.0	0	0.0	0	0.0		
Unique Binding	NOT Bound Only	HepG2	HNRNPM_1	0.01	0	0.0	0	0.0	0	0.0		
Unique Binding	NOT Bound Only	HepG2	HNRNPM_1	0.1	0	0.0	0	0.0	0	0.0		
Unique Binding	NOT Bound Only	HepG2	HNRNPM_2	0.0	0	0.0	0	0.0	0	0.0		
Unique Binding	NOT Bound Only	HepG2	HNRNPM_2	1e-05	0	0.0	0	0.0	0	0.0		
Unique Binding	NOT Bound Only	HepG2	HNRNPM_2	0.0001	0	0.0	0	0.0	0	0.0		
Unique Binding	NOT Bound Only	HepG2	HNRNPM_2	0.001	0	0.0	0	0.0	0	0.0		
Unique Binding	NOT Bound Only	HepG2	HNRNPM_2	0.01	0	0.0	0	0.0	0	0.0		
Unique Binding	NOT Bound Only	HepG2	HNRNPM_2	0.1	0	0.0	0	0.0	0	0.0		
Unique Binding	NOT Bound Only	HepG2	HNRNPM_3	0.0	0	0.0	0	0.0	0	0.0		
Unique Binding	NOT Bound Only	HepG2	HNRNPM_3	1e-05	0	0.0	0	0.0	0	0.0		
Unique Binding	NOT Bound Only	HepG2	HNRNPM_3	0.0001	0	0.0	0	0.0	0	0.0		
Unique Binding	NOT Bound Only	HepG2	HNRNPM_3	0.001	0	0.0	0	0.0	0	0.0		
Unique Binding	NOT Bound Only	HepG2	HNRNPM_3	0.01	0	0.0	0	0.0	0	0.0		
Unique Binding	NOT Bound Only	HepG2	HNRNPM_3	0.1	0	0.0	0	0.0	0	0.0		
Unique Binding	NOT Bound Only	HepG2	HNRNPM_4	0.0	0	0.0	0	0.0	0	0.0		
Unique Binding	NOT Bound Only	HepG2	HNRNPM_4	1e-05	0	0.0	0	0.0	0	0.0		
Unique Binding	NOT Bound Only	HepG2	HNRNPM_4	0.0001	0	0.0	0	0.0	0	0.0		
Unique Binding	NOT Bound Only	HepG2	HNRNPM_4	0.001	0	0.0	0	0.0	0	0.0		
Unique Binding	NOT Bound Only	HepG2	HNRNPM_4	0.01	0	0.0	0	0.0	0	0.0		
Unique Binding	NOT Bound Only	HepG2	HNRNPM_4	0.1	0	0.0	0	0.0	0	0.0		
Unique Binding	NOT Bound Only	HepG2	HNRNPM_5	0.0	0	0.0	0	0.0	0	0.0		
Unique Binding	NOT Bound Only	HepG2	HNRNPM_5	1e-05	0	0.0	0	0.0	0	0.0		
Unique Binding	NOT Bound Only	HepG2	HNRNPM_5	0.0001	0	0.0	0	0.0	0	0.0		
Unique Binding	NOT Bound Only	HepG2	HNRNPM_5	0.001	0	0.0	0	0.0	0	0.0		
Unique Binding	NOT Bound Only	HepG2	HNRNPM_5	0.01	0	0.0	0	0.0	0	0.0		
Unique Binding	NOT Bound Only	HepG2	HNRNPM_5	0.1	0	0.0	0	0.0	0	0.0		
Unique Binding	NOT Bound Only	HepG2	HNRNPM_6	0.0	0	0.0	0	0.0	0	0.0		
Unique Binding	NOT Bound Only	HepG2	HNRNPM_6	1e-05	0	0.0	0	0.0	0	0.0		
Unique Binding	NOT Bound Only	HepG2	HNRNPM_6	0.0001	0	0.0	0	0.0	0	0.0		
Unique Binding	NOT Bound Only	HepG2	HNRNPM_6	0.001	0	0.0	0	0.0	0	0.0		
Unique Binding	NOT Bound Only	HepG2	HNRNPM_6	0.01	0	0.0	0	0.0	0	0.0		
Unique Binding	NOT Bound Only	HepG2	HNRNPM_6	0.1	0	0.0	0	0.0	0	0.0		
Unique Binding	NOT Bound Only	HepG2	HNRNPUL1_1	0.0	0	0.0	0	0.0	0	0.0		
Unique Binding	NOT Bound Only	HepG2	HNRNPUL1_1	1e-05	0	0.0	0	0.0	0	0.0		
Unique Binding	NOT Bound Only	HepG2	HNRNPUL1_1	0.0001	0	0.0	0	0.0	0	0.0		
Unique Binding	NOT Bound Only	HepG2	HNRNPUL1_1	0.001	0	0.0	0	0.0	0	0.0		
Unique Binding	NOT Bound Only	HepG2	HNRNPUL1_1	0.01	0	0.0	0	0.0	0	0.0		
Unique Binding	NOT Bound Only	HepG2	HNRNPUL1_1	0.1	0	0.0	0	0.0	0	0.0		
Unique Binding	NOT Bound Only	HepG2	HNRNPUL1_2	0.0	0	0.0	0	0.0	0	0.0		
Unique Binding	NOT Bound Only	HepG2	HNRNPUL1_2	1e-05	0	0.0	0	0.0	0	0.0		
Unique Binding	NOT Bound Only	HepG2	HNRNPUL1_2	0.0001	0	0.0	0	0.0	0	0.0		
Unique Binding	NOT Bound Only	HepG2	HNRNPUL1_2	0.001	0	0.0	0	0.0	0	0.0		
Unique Binding	NOT Bound Only	HepG2	HNRNPUL1_2	0.01	0	0.0	0	0.0	0	0.0		
Unique Binding	NOT Bound Only	HepG2	HNRNPUL1_2	0.1	0	0.0	0	0.0	0	0.0		
Unique Binding	NOT Bound Only	HepG2	HNRNPUL1_3	0.0	0	0.0	0	0.0	0	0.0		
Unique Binding	NOT Bound Only	HepG2	HNRNPUL1_3	1e-05	0	0.0	0	0.0	0	0.0		
Unique Binding	NOT Bound Only	HepG2	HNRNPUL1_3	0.0001	0	0.0	0	0.0	0	0.0		
Unique Binding	NOT Bound Only	HepG2	HNRNPUL1_3	0.001	0	0.0	0	0.0	0	0.0		
Unique Binding	NOT Bound Only	HepG2	HNRNPUL1_3	0.01	0	0.0	0	0.0	0	0.0		
Unique Binding	NOT Bound Only	HepG2	HNRNPUL1_3	0.1	0	0.0	0	0.0	0	0.0		
Unique Binding	NOT Bound Only	HepG2	HNRNPUL1_4	0.0	0	0.0	0	0.0	0	0.0		
Unique Binding	NOT Bound Only	HepG2	HNRNPUL1_4	1e-05	0	0.0	0	0.0	0	0.0		
Unique Binding	NOT Bound Only	HepG2	HNRNPUL1_4	0.0001	0	0.0	0	0.0	0	0.0		
Unique Binding	NOT Bound Only	HepG2	HNRNPUL1_4	0.001	0	0.0	0	0.0	0	0.0		
Unique Binding	NOT Bound Only	HepG2	HNRNPUL1_4	0.01	0	0.0	0	0.0	0	0.0		
Unique Binding	NOT Bound Only	HepG2	HNRNPUL1_4	0.1	0	0.0	0	0.0	0	0.0		
Unique Binding	NOT Bound Only	HepG2	HNRNPUL1_5	0.0	0	0.0	0	0.0	0	0.0		
Unique Binding	NOT Bound Only	HepG2	HNRNPUL1_5	1e-05	0	0.0	0	0.0	0	0.0		
Unique Binding	NOT Bound Only	HepG2	HNRNPUL1_5	0.0001	0	0.0	0	0.0	0	0.0		
Unique Binding	NOT Bound Only	HepG2	HNRNPUL1_5	0.001	0	0.0	0	0.0	0	0.0		
Unique Binding	NOT Bound Only	HepG2	HNRNPUL1_5	0.01	0	0.0	0	0.0	0	0.0		
Unique Binding	NOT Bound Only	HepG2	HNRNPUL1_5	0.1	0	0.0	0	0.0	0	0.0		
Unique Binding	NOT Bound Only	HepG2	HNRNPUL1_6	0.0	0	0.0	0	0.0	0	0.0		
Unique Binding	NOT Bound Only	HepG2	HNRNPUL1_6	1e-05	0	0.0	0	0.0	0	0.0		
Unique Binding	NOT Bound Only	HepG2	HNRNPUL1_6	0.0001	0	0.0	0	0.0	0	0.0		
Unique Binding	NOT Bound Only	HepG2	HNRNPUL1_6	0.001	0	0.0	0	0.0	0	0.0		
Unique Binding	NOT Bound Only	HepG2	HNRNPUL1_6	0.01	0	0.0	0	0.0	0	0.0		
Unique Binding	NOT Bound Only	HepG2	HNRNPUL1_6	0.1	0	0.0	0	0.0	0	0.0		
Unique Binding	NOT Bound Only	HepG2	HNRNPU_1	0.0	0	0.0	0	0.0	0	0.0		
Unique Binding	NOT Bound Only	HepG2	HNRNPU_1	1e-05	0	0.0	0	0.0	0	0.0		
Unique Binding	NOT Bound Only	HepG2	HNRNPU_1	0.0001	0	0.0	0	0.0	0	0.0		
Unique Binding	NOT Bound Only	HepG2	HNRNPU_1	0.001	0	0.0	0	0.0	0	0.0		
Unique Binding	NOT Bound Only	HepG2	HNRNPU_1	0.01	0	0.0	0	0.0	0	0.0		
Unique Binding	NOT Bound Only	HepG2	HNRNPU_1	0.1	0	0.0	0	0.0	0	0.0		
Unique Binding	NOT Bound Only	HepG2	HNRNPU_2	0.0	0	0.0	0	0.0	0	0.0		
Unique Binding	NOT Bound Only	HepG2	HNRNPU_2	1e-05	0	0.0	0	0.0	0	0.0		
Unique Binding	NOT Bound Only	HepG2	HNRNPU_2	0.0001	0	0.0	0	0.0	0	0.0		
Unique Binding	NOT Bound Only	HepG2	HNRNPU_2	0.001	0	0.0	0	0.0	0	0.0		
Unique Binding	NOT Bound Only	HepG2	HNRNPU_2	0.01	0	0.0	0	0.0	0	0.0		
Unique Binding	NOT Bound Only	HepG2	HNRNPU_2	0.1	0	0.0	0	0.0	0	0.0		
Unique Binding	NOT Bound Only	HepG2	HNRNPU_3	0.0	0	0.0	0	0.0	0	0.0		
Unique Binding	NOT Bound Only	HepG2	HNRNPU_3	1e-05	0	0.0	0	0.0	0	0.0		
Unique Binding	NOT Bound Only	HepG2	HNRNPU_3	0.0001	0	0.0	0	0.0	0	0.0		
Unique Binding	NOT Bound Only	HepG2	HNRNPU_3	0.001	0	0.0	0	0.0	0	0.0		
Unique Binding	NOT Bound Only	HepG2	HNRNPU_3	0.01	0	0.0	0	0.0	0	0.0		
Unique Binding	NOT Bound Only	HepG2	HNRNPU_3	0.1	0	0.0	0	0.0	0	0.0		
Unique Binding	NOT Bound Only	HepG2	HNRNPU_4	0.0	0	0.0	0	0.0	0	0.0		
Unique Binding	NOT Bound Only	HepG2	HNRNPU_4	1e-05	0	0.0	0	0.0	0	0.0		
Unique Binding	NOT Bound Only	HepG2	HNRNPU_4	0.0001	0	0.0	0	0.0	0	0.0		
Unique Binding	NOT Bound Only	HepG2	HNRNPU_4	0.001	0	0.0	0	0.0	0	0.0		
Unique Binding	NOT Bound Only	HepG2	HNRNPU_4	0.01	0	0.0	0	0.0	0	0.0		
Unique Binding	NOT Bound Only	HepG2	HNRNPU_4	0.1	0	0.0	0	0.0	0	0.0		
Unique Binding	NOT Bound Only	HepG2	HNRNPU_5	0.0	0	0.0	0	0.0	0	0.0		
Unique Binding	NOT Bound Only	HepG2	HNRNPU_5	1e-05	0	0.0	0	0.0	0	0.0		
Unique Binding	NOT Bound Only	HepG2	HNRNPU_5	0.0001	0	0.0	0	0.0	0	0.0		
Unique Binding	NOT Bound Only	HepG2	HNRNPU_5	0.001	0	0.0	0	0.0	0	0.0		
Unique Binding	NOT Bound Only	HepG2	HNRNPU_5	0.01	0	0.0	0	0.0	0	0.0		
Unique Binding	NOT Bound Only	HepG2	HNRNPU_5	0.1	0	0.0	0	0.0	0	0.0		
Unique Binding	NOT Bound Only	HepG2	HNRNPU_6	0.0	0	0.0	0	0.0	0	0.0		
Unique Binding	NOT Bound Only	HepG2	HNRNPU_6	1e-05	0	0.0	0	0.0	0	0.0		
Unique Binding	NOT Bound Only	HepG2	HNRNPU_6	0.0001	0	0.0	0	0.0	0	0.0		
Unique Binding	NOT Bound Only	HepG2	HNRNPU_6	0.001	0	0.0	0	0.0	0	0.0		
Unique Binding	NOT Bound Only	HepG2	HNRNPU_6	0.01	0	0.0	0	0.0	0	0.0		
Unique Binding	NOT Bound Only	HepG2	HNRNPU_6	0.1	0	0.0	0	0.0	0	0.0		
Unique Binding	NOT Bound Only	HepG2	IGF2BP1_1	0.0	0	0.0	0	0.0	0	0.0		
Unique Binding	NOT Bound Only	HepG2	IGF2BP1_1	1e-05	0	0.0	0	0.0	0	0.0		
Unique Binding	NOT Bound Only	HepG2	IGF2BP1_1	0.0001	0	0.0	0	0.0	0	0.0		
Unique Binding	NOT Bound Only	HepG2	IGF2BP1_1	0.001	0	0.0	0	0.0	0	0.0		
Unique Binding	NOT Bound Only	HepG2	IGF2BP1_1	0.01	0	0.0	0	0.0	0	0.0		
Unique Binding	NOT Bound Only	HepG2	IGF2BP1_1	0.1	0	0.0	0	0.0	0	0.0		
Unique Binding	NOT Bound Only	HepG2	IGF2BP1_2	0.0	116885	100.0	116885	1.7535180336940839	0	0.0	1.7535180336940839	1.0
Unique Binding	NOT Bound Only	HepG2	IGF2BP1_2	1e-05	53234	45.54391068143902	53234	1.4349792841111286	0	0.0	1.4349792841111286	1.0
Unique Binding	NOT Bound Only	HepG2	IGF2BP1_2	0.0001	571	0.4885143517132224	571	0.08223887892700368	0	0.0	0.08223887892700368	1.0
Unique Binding	NOT Bound Only	HepG2	IGF2BP1_2	0.001	0	0.0	0	0.0	0	0.0		
Unique Binding	NOT Bound Only	HepG2	IGF2BP1_2	0.01	0	0.0	0	0.0	0	0.0		
Unique Binding	NOT Bound Only	HepG2	IGF2BP1_2	0.1	0	0.0	0	0.0	0	0.0		
Unique Binding	NOT Bound Only	HepG2	IGF2BP1_3	0.0	117023	100.0	0	0.0	117023	-68.20131656224783	-68.20131656224783	-1.0
Unique Binding	NOT Bound Only	HepG2	IGF2BP1_3	1e-05	117023	100.0	0	0.0	117023	-68.20131656224783	-68.20131656224783	-1.0
Unique Binding	NOT Bound Only	HepG2	IGF2BP1_3	0.0001	108479	92.69887116207926	0	0.0	108479	-67.56651581871662	-67.56651581871662	-1.0
Unique Binding	NOT Bound Only	HepG2	IGF2BP1_3	0.001	28636	24.470403254061168	0	0.0	28636	-38.186890373316004	-38.186890373316004	-1.0
Unique Binding	NOT Bound Only	HepG2	IGF2BP1_3	0.01	0	0.0	0	0.0	0	0.0		
Unique Binding	NOT Bound Only	HepG2	IGF2BP1_3	0.1	0	0.0	0	0.0	0	0.0		
Unique Binding	NOT Bound Only	HepG2	IGF2BP1_4	0.0	0	0.0	0	0.0	0	0.0		
Unique Binding	NOT Bound Only	HepG2	IGF2BP1_4	1e-05	0	0.0	0	0.0	0	0.0		
Unique Binding	NOT Bound Only	HepG2	IGF2BP1_4	0.0001	0	0.0	0	0.0	0	0.0		
Unique Binding	NOT Bound Only	HepG2	IGF2BP1_4	0.001	0	0.0	0	0.0	0	0.0		
Unique Binding	NOT Bound Only	HepG2	IGF2BP1_4	0.01	0	0.0	0	0.0	0	0.0		
Unique Binding	NOT Bound Only	HepG2	IGF2BP1_4	0.1	0	0.0	0	0.0	0	0.0		
Unique Binding	NOT Bound Only	HepG2	IGF2BP1_5	0.0	116483	100.0	1826	0.21873771669648012	114657	-16.19723853860813	-15.978500821911648	-0.973350629497189
Unique Binding	NOT Bound Only	HepG2	IGF2BP1_5	1e-05	116340	99.87723530472257	1793	0.21856993331031765	114547	-16.19652481731947	-15.977954884009153	-0.9733696409760983
Unique Binding	NOT Bound Only	HepG2	IGF2BP1_5	0.0001	67331	57.80328459946945	854	0.16617730189811286	66477	-12.942597177433694	-12.77641987553558	-0.9746464015900007
Unique Binding	NOT Bound Only	HepG2	IGF2BP1_5	0.001	0	0.0	0	0.0	0	0.0		
Unique Binding	NOT Bound Only	HepG2	IGF2BP1_5	0.01	0	0.0	0	0.0	0	0.0		
Unique Binding	NOT Bound Only	HepG2	IGF2BP1_5	0.1	0	0.0	0	0.0	0	0.0		
Unique Binding	NOT Bound Only	HepG2	IGF2BP1_6	0.0	0	0.0	0	0.0	0	0.0		
Unique Binding	NOT Bound Only	HepG2	IGF2BP1_6	1e-05	0	0.0	0	0.0	0	0.0		
Unique Binding	NOT Bound Only	HepG2	IGF2BP1_6	0.0001	0	0.0	0	0.0	0	0.0		
Unique Binding	NOT Bound Only	HepG2	IGF2BP1_6	0.001	0	0.0	0	0.0	0	0.0		
Unique Binding	NOT Bound Only	HepG2	IGF2BP1_6	0.01	0	0.0	0	0.0	0	0.0		
Unique Binding	NOT Bound Only	HepG2	IGF2BP1_6	0.1	0	0.0	0	0.0	0	0.0		
Unique Binding	NOT Bound Only	HepG2	IGF2BP3_1	0.0	0	0.0	0	0.0	0	0.0		
Unique Binding	NOT Bound Only	HepG2	IGF2BP3_1	1e-05	0	0.0	0	0.0	0	0.0		
Unique Binding	NOT Bound Only	HepG2	IGF2BP3_1	0.0001	0	0.0	0	0.0	0	0.0		
Unique Binding	NOT Bound Only	HepG2	IGF2BP3_1	0.001	0	0.0	0	0.0	0	0.0		
Unique Binding	NOT Bound Only	HepG2	IGF2BP3_1	0.01	0	0.0	0	0.0	0	0.0		
Unique Binding	NOT Bound Only	HepG2	IGF2BP3_1	0.1	0	0.0	0	0.0	0	0.0		
Unique Binding	NOT Bound Only	HepG2	IGF2BP3_2	0.0	117392	100.0	0	0.0	117392	-22.291591031768018	-22.291591031768018	-1.0
Unique Binding	NOT Bound Only	HepG2	IGF2BP3_2	1e-05	117392	100.0	0	0.0	117392	-22.291591031768018	-22.291591031768018	-1.0
Unique Binding	NOT Bound Only	HepG2	IGF2BP3_2	0.0001	91502	77.94568624778519	0	0.0	91502	-20.285346596355232	-20.285346596355232	-1.0
Unique Binding	NOT Bound Only	HepG2	IGF2BP3_2	0.001	0	0.0	0	0.0	0	0.0		
Unique Binding	NOT Bound Only	HepG2	IGF2BP3_2	0.01	0	0.0	0	0.0	0	0.0		
Unique Binding	NOT Bound Only	HepG2	IGF2BP3_2	0.1	0	0.0	0	0.0	0	0.0		
Unique Binding	NOT Bound Only	HepG2	IGF2BP3_3	0.0	117529	100.0	850	0.04593401978968427	116679	-2.4758014421631938	-2.4298674223735093	-0.9635695175146466
Unique Binding	NOT Bound Only	HepG2	IGF2BP3_3	1e-05	72209	61.43930434190711	745	0.045224813894142624	71464	-2.2160462837839816	-2.170821469889839	-0.9600005378032034
Unique Binding	NOT Bound Only	HepG2	IGF2BP3_3	0.0001	168	0.14294344374579893	168	0.02306009625965024	0	0.0	0.02306009625965024	1.0
Unique Binding	NOT Bound Only	HepG2	IGF2BP3_3	0.001	0	0.0	0	0.0	0	0.0		
Unique Binding	NOT Bound Only	HepG2	IGF2BP3_3	0.01	0	0.0	0	0.0	0	0.0		
Unique Binding	NOT Bound Only	HepG2	IGF2BP3_3	0.1	0	0.0	0	0.0	0	0.0		
Unique Binding	NOT Bound Only	HepG2	IGF2BP3_4	0.0	0	0.0	0	0.0	0	0.0		
Unique Binding	NOT Bound Only	HepG2	IGF2BP3_4	1e-05	0	0.0	0	0.0	0	0.0		
Unique Binding	NOT Bound Only	HepG2	IGF2BP3_4	0.0001	0	0.0	0	0.0	0	0.0		
Unique Binding	NOT Bound Only	HepG2	IGF2BP3_4	0.001	0	0.0	0	0.0	0	0.0		
Unique Binding	NOT Bound Only	HepG2	IGF2BP3_4	0.01	0	0.0	0	0.0	0	0.0		
Unique Binding	NOT Bound Only	HepG2	IGF2BP3_4	0.1	0	0.0	0	0.0	0	0.0		
Unique Binding	NOT Bound Only	HepG2	IGF2BP3_5	0.0	117139	100.0	116641	16.29083478947819	498	-0.011161847213613556	16.279672942264575	0.9986306159346774
Unique Binding	NOT Bound Only	HepG2	IGF2BP3_5	1e-05	116978	99.86255645002944	116604	16.290762995572617	374	-0.010551755856913324	16.280211239715705	0.9987054104508979
Unique Binding	NOT Bound Only	HepG2	IGF2BP3_5	0.0001	68747	58.68839583742391	68745	12.938344868327555	2	-0.00020525940032339835	12.938139608927232	0.9999682716535784
Unique Binding	NOT Bound Only	HepG2	IGF2BP3_5	0.001	0	0.0	0	0.0	0	0.0		
Unique Binding	NOT Bound Only	HepG2	IGF2BP3_5	0.01	0	0.0	0	0.0	0	0.0		
Unique Binding	NOT Bound Only	HepG2	IGF2BP3_5	0.1	0	0.0	0	0.0	0	0.0		
Unique Binding	NOT Bound Only	HepG2	IGF2BP3_6	0.0	0	0.0	0	0.0	0	0.0		
Unique Binding	NOT Bound Only	HepG2	IGF2BP3_6	1e-05	0	0.0	0	0.0	0	0.0		
Unique Binding	NOT Bound Only	HepG2	IGF2BP3_6	0.0001	0	0.0	0	0.0	0	0.0		
Unique Binding	NOT Bound Only	HepG2	IGF2BP3_6	0.001	0	0.0	0	0.0	0	0.0		
Unique Binding	NOT Bound Only	HepG2	IGF2BP3_6	0.01	0	0.0	0	0.0	0	0.0		
Unique Binding	NOT Bound Only	HepG2	IGF2BP3_6	0.1	0	0.0	0	0.0	0	0.0		
Unique Binding	NOT Bound Only	HepG2	ILF3_1	0.0	118160	100.0	0	0.0	118160	-1.1731547340319972	-1.1731547340319972	-1.0
Unique Binding	NOT Bound Only	HepG2	ILF3_1	1e-05	41708	35.29790115098172	0	0.0	41708	-0.8451720055016577	-0.8451720055016577	-1.0
Unique Binding	NOT Bound Only	HepG2	ILF3_1	0.0001	0	0.0	0	0.0	0	0.0		
Unique Binding	NOT Bound Only	HepG2	ILF3_1	0.001	0	0.0	0	0.0	0	0.0		
Unique Binding	NOT Bound Only	HepG2	ILF3_1	0.01	0	0.0	0	0.0	0	0.0		
Unique Binding	NOT Bound Only	HepG2	ILF3_1	0.1	0	0.0	0	0.0	0	0.0		
Unique Binding	NOT Bound Only	HepG2	ILF3_2	0.0	0	0.0	0	0.0	0	0.0		
Unique Binding	NOT Bound Only	HepG2	ILF3_2	1e-05	0	0.0	0	0.0	0	0.0		
Unique Binding	NOT Bound Only	HepG2	ILF3_2	0.0001	0	0.0	0	0.0	0	0.0		
Unique Binding	NOT Bound Only	HepG2	ILF3_2	0.001	0	0.0	0	0.0	0	0.0		
Unique Binding	NOT Bound Only	HepG2	ILF3_2	0.01	0	0.0	0	0.0	0	0.0		
Unique Binding	NOT Bound Only	HepG2	ILF3_2	0.1	0	0.0	0	0.0	0	0.0		
Unique Binding	NOT Bound Only	HepG2	ILF3_3	0.0	118133	100.0	118133	341.09756802912295	0	0.0	341.09756802912295	1.0
Unique Binding	NOT Bound Only	HepG2	ILF3_3	1e-05	118133	100.0	118133	341.09756802912295	0	0.0	341.09756802912295	1.0
Unique Binding	NOT Bound Only	HepG2	ILF3_3	0.0001	118133	100.0	118133	341.09756802912295	0	0.0	341.09756802912295	1.0
Unique Binding	NOT Bound Only	HepG2	ILF3_3	0.001	118052	99.931433215105	118052	341.0332102555679	0	0.0	341.0332102555679	1.0
Unique Binding	NOT Bound Only	HepG2	ILF3_3	0.01	0	0.0	0	0.0	0	0.0		
Unique Binding	NOT Bound Only	HepG2	ILF3_3	0.1	0	0.0	0	0.0	0	0.0		
Unique Binding	NOT Bound Only	HepG2	ILF3_4	0.0	0	0.0	0	0.0	0	0.0		
Unique Binding	NOT Bound Only	HepG2	ILF3_4	1e-05	0	0.0	0	0.0	0	0.0		
Unique Binding	NOT Bound Only	HepG2	ILF3_4	0.0001	0	0.0	0	0.0	0	0.0		
Unique Binding	NOT Bound Only	HepG2	ILF3_4	0.001	0	0.0	0	0.0	0	0.0		
Unique Binding	NOT Bound Only	HepG2	ILF3_4	0.01	0	0.0	0	0.0	0	0.0		
Unique Binding	NOT Bound Only	HepG2	ILF3_4	0.1	0	0.0	0	0.0	0	0.0		
Unique Binding	NOT Bound Only	HepG2	ILF3_5	0.0	0	0.0	0	0.0	0	0.0		
Unique Binding	NOT Bound Only	HepG2	ILF3_5	1e-05	0	0.0	0	0.0	0	0.0		
Unique Binding	NOT Bound Only	HepG2	ILF3_5	0.0001	0	0.0	0	0.0	0	0.0		
Unique Binding	NOT Bound Only	HepG2	ILF3_5	0.001	0	0.0	0	0.0	0	0.0		
Unique Binding	NOT Bound Only	HepG2	ILF3_5	0.01	0	0.0	0	0.0	0	0.0		
Unique Binding	NOT Bound Only	HepG2	ILF3_5	0.1	0	0.0	0	0.0	0	0.0		
Unique Binding	NOT Bound Only	HepG2	ILF3_6	0.0	0	0.0	0	0.0	0	0.0		
Unique Binding	NOT Bound Only	HepG2	ILF3_6	1e-05	0	0.0	0	0.0	0	0.0		
Unique Binding	NOT Bound Only	HepG2	ILF3_6	0.0001	0	0.0	0	0.0	0	0.0		
Unique Binding	NOT Bound Only	HepG2	ILF3_6	0.001	0	0.0	0	0.0	0	0.0		
Unique Binding	NOT Bound Only	HepG2	ILF3_6	0.01	0	0.0	0	0.0	0	0.0		
Unique Binding	NOT Bound Only	HepG2	ILF3_6	0.1	0	0.0	0	0.0	0	0.0		
Unique Binding	NOT Bound Only	HepG2	KHSRP_1	0.0	0	0.0	0	0.0	0	0.0		
Unique Binding	NOT Bound Only	HepG2	KHSRP_1	1e-05	0	0.0	0	0.0	0	0.0		
Unique Binding	NOT Bound Only	HepG2	KHSRP_1	0.0001	0	0.0	0	0.0	0	0.0		
Unique Binding	NOT Bound Only	HepG2	KHSRP_1	0.001	0	0.0	0	0.0	0	0.0		
Unique Binding	NOT Bound Only	HepG2	KHSRP_1	0.01	0	0.0	0	0.0	0	0.0		
Unique Binding	NOT Bound Only	HepG2	KHSRP_1	0.1	0	0.0	0	0.0	0	0.0		
Unique Binding	NOT Bound Only	HepG2	KHSRP_2	0.0	116335	100.0	116335	30.365477728333143	0	0.0	30.365477728333143	1.0
Unique Binding	NOT Bound Only	HepG2	KHSRP_2	1e-05	116335	100.0	116335	30.365477728333143	0	0.0	30.365477728333143	1.0
Unique Binding	NOT Bound Only	HepG2	KHSRP_2	0.0001	97032	83.40740104009971	97032	28.899310355601845	0	0.0	28.899310355601845	1.0
Unique Binding	NOT Bound Only	HepG2	KHSRP_2	0.001	25	0.02148966347187003	25	0.025812364174969613	0	0.0	0.025812364174969613	1.0
Unique Binding	NOT Bound Only	HepG2	KHSRP_2	0.01	0	0.0	0	0.0	0	0.0		
Unique Binding	NOT Bound Only	HepG2	KHSRP_2	0.1	0	0.0	0	0.0	0	0.0		
Unique Binding	NOT Bound Only	HepG2	KHSRP_3	0.0	0	0.0	0	0.0	0	0.0		
Unique Binding	NOT Bound Only	HepG2	KHSRP_3	1e-05	0	0.0	0	0.0	0	0.0		
Unique Binding	NOT Bound Only	HepG2	KHSRP_3	0.0001	0	0.0	0	0.0	0	0.0		
Unique Binding	NOT Bound Only	HepG2	KHSRP_3	0.001	0	0.0	0	0.0	0	0.0		
Unique Binding	NOT Bound Only	HepG2	KHSRP_3	0.01	0	0.0	0	0.0	0	0.0		
Unique Binding	NOT Bound Only	HepG2	KHSRP_3	0.1	0	0.0	0	0.0	0	0.0		
Unique Binding	NOT Bound Only	HepG2	KHSRP_4	0.0	116647	100.0	116647	13.619306841443183	0	0.0	13.619306841443183	1.0
Unique Binding	NOT Bound Only	HepG2	KHSRP_4	1e-05	116647	100.0	116647	13.619306841443183	0	0.0	13.619306841443183	1.0
Unique Binding	NOT Bound Only	HepG2	KHSRP_4	0.0001	47994	41.1446500981594	47994	8.90656635506365	0	0.0	8.90656635506365	1.0
Unique Binding	NOT Bound Only	HepG2	KHSRP_4	0.001	134	0.11487650775416428	134	0.1430013027001465	0	0.0	0.1430013027001465	1.0
Unique Binding	NOT Bound Only	HepG2	KHSRP_4	0.01	0	0.0	0	0.0	0	0.0		
Unique Binding	NOT Bound Only	HepG2	KHSRP_4	0.1	0	0.0	0	0.0	0	0.0		
Unique Binding	NOT Bound Only	HepG2	KHSRP_5	0.0	0	0.0	0	0.0	0	0.0		
Unique Binding	NOT Bound Only	HepG2	KHSRP_5	1e-05	0	0.0	0	0.0	0	0.0		
Unique Binding	NOT Bound Only	HepG2	KHSRP_5	0.0001	0	0.0	0	0.0	0	0.0		
Unique Binding	NOT Bound Only	HepG2	KHSRP_5	0.001	0	0.0	0	0.0	0	0.0		
Unique Binding	NOT Bound Only	HepG2	KHSRP_5	0.01	0	0.0	0	0.0	0	0.0		
Unique Binding	NOT Bound Only	HepG2	KHSRP_5	0.1	0	0.0	0	0.0	0	0.0		
Unique Binding	NOT Bound Only	HepG2	KHSRP_6	0.0	116914	100.0	116914	9.512290299272548	0	0.0	9.512290299272548	1.0
Unique Binding	NOT Bound Only	HepG2	KHSRP_6	1e-05	116914	100.0	116914	9.512290299272548	0	0.0	9.512290299272548	1.0
Unique Binding	NOT Bound Only	HepG2	KHSRP_6	0.0001	26911	23.01777374822519	26911	3.409886624231788	0	0.0	3.409886624231788	1.0
Unique Binding	NOT Bound Only	HepG2	KHSRP_6	0.001	0	0.0	0	0.0	0	0.0		
Unique Binding	NOT Bound Only	HepG2	KHSRP_6	0.01	0	0.0	0	0.0	0	0.0		
Unique Binding	NOT Bound Only	HepG2	KHSRP_6	0.1	0	0.0	0	0.0	0	0.0		
Unique Binding	NOT Bound Only	HepG2	LARP4_1	0.0	0	0.0	0	0.0	0	0.0		
Unique Binding	NOT Bound Only	HepG2	LARP4_1	1e-05	0	0.0	0	0.0	0	0.0		
Unique Binding	NOT Bound Only	HepG2	LARP4_1	0.0001	0	0.0	0	0.0	0	0.0		
Unique Binding	NOT Bound Only	HepG2	LARP4_1	0.001	0	0.0	0	0.0	0	0.0		
Unique Binding	NOT Bound Only	HepG2	LARP4_1	0.01	0	0.0	0	0.0	0	0.0		
Unique Binding	NOT Bound Only	HepG2	LARP4_1	0.1	0	0.0	0	0.0	0	0.0		
Unique Binding	NOT Bound Only	HepG2	LARP4_2	0.0	116299	100.0	116279	6.645691830373438	20	-1.0159076147441309e-05	6.64568167129729	0.9999969426627424
Unique Binding	NOT Bound Only	HepG2	LARP4_2	1e-05	97602	83.92333554028839	97602	6.52936698604509	0	0.0	6.52936698604509	1.0
Unique Binding	NOT Bound Only	HepG2	LARP4_2	0.0001	29145	25.060404646643562	29145	4.136688627126911	0	0.0	4.136688627126911	1.0
Unique Binding	NOT Bound Only	HepG2	LARP4_2	0.001	0	0.0	0	0.0	0	0.0		
Unique Binding	NOT Bound Only	HepG2	LARP4_2	0.01	0	0.0	0	0.0	0	0.0		
Unique Binding	NOT Bound Only	HepG2	LARP4_2	0.1	0	0.0	0	0.0	0	0.0		
Unique Binding	NOT Bound Only	HepG2	LARP4_3	0.0	116319	100.0	0	0.0	116319	-202.78537794884306	-202.78537794884306	-1.0
Unique Binding	NOT Bound Only	HepG2	LARP4_3	1e-05	116319	100.0	0	0.0	116319	-202.78537794884306	-202.78537794884306	-1.0
Unique Binding	NOT Bound Only	HepG2	LARP4_3	0.0001	116175	99.87620251205736	0	0.0	116175	-202.7735235726093	-202.7735235726093	-1.0
Unique Binding	NOT Bound Only	HepG2	LARP4_3	0.001	63021	54.179454775230184	0	0.0	63021	-174.20650323784892	-174.20650323784892	-1.0
Unique Binding	NOT Bound Only	HepG2	LARP4_3	0.01	0	0.0	0	0.0	0	0.0		
Unique Binding	NOT Bound Only	HepG2	LARP4_3	0.1	0	0.0	0	0.0	0	0.0		
Unique Binding	NOT Bound Only	HepG2	LARP4_4	0.0	116053	100.0	0	0.0	116053	-85.59604196115481	-85.59604196115481	-1.0
Unique Binding	NOT Bound Only	HepG2	LARP4_4	1e-05	116053	100.0	0	0.0	116053	-85.59604196115481	-85.59604196115481	-1.0
Unique Binding	NOT Bound Only	HepG2	LARP4_4	0.0001	107205	92.3758972193739	0	0.0	107205	-84.98487649446385	-84.98487649446385	-1.0
Unique Binding	NOT Bound Only	HepG2	LARP4_4	0.001	35692	30.754913703221803	0	0.0	35692	-58.66087819101318	-58.66087819101318	-1.0
Unique Binding	NOT Bound Only	HepG2	LARP4_4	0.01	0	0.0	0	0.0	0	0.0		
Unique Binding	NOT Bound Only	HepG2	LARP4_4	0.1	0	0.0	0	0.0	0	0.0		
Unique Binding	NOT Bound Only	HepG2	LARP4_5	0.0	115077	100.0	115065	29.26025130265135	12	-4.47695659128393e-05	29.260206533085437	0.9999969399102591
Unique Binding	NOT Bound Only	HepG2	LARP4_5	1e-05	114851	99.80360975694535	114851	29.258733602858083	0	0.0	29.258733602858083	1.0
Unique Binding	NOT Bound Only	HepG2	LARP4_5	0.0001	78003	67.78331030527386	78003	26.99092196314808	0	0.0	26.99092196314808	1.0
Unique Binding	NOT Bound Only	HepG2	LARP4_5	0.001	4868	4.2302110760621146	4868	6.078311515349682	0	0.0	6.078311515349682	1.0
Unique Binding	NOT Bound Only	HepG2	LARP4_5	0.01	0	0.0	0	0.0	0	0.0		
Unique Binding	NOT Bound Only	HepG2	LARP4_5	0.1	0	0.0	0	0.0	0	0.0		
Unique Binding	NOT Bound Only	HepG2	LARP4_6	0.0	114342	100.0	107794	1.9529964611620958	6548	-0.10959712953669186	1.843399331625404	0.8937288179009988
Unique Binding	NOT Bound Only	HepG2	LARP4_6	1e-05	60748	53.12833429535954	57369	1.6982429372363423	3379	-0.09566659361170887	1.6025763436246334	0.8933429005569934
Unique Binding	NOT Bound Only	HepG2	LARP4_6	0.0001	192	0.1679173007293908	192	0.02652744625268169	0	0.0	0.02652744625268169	1.0
Unique Binding	NOT Bound Only	HepG2	LARP4_6	0.001	0	0.0	0	0.0	0	0.0		
Unique Binding	NOT Bound Only	HepG2	LARP4_6	0.01	0	0.0	0	0.0	0	0.0		
Unique Binding	NOT Bound Only	HepG2	LARP4_6	0.1	0	0.0	0	0.0	0	0.0		
Unique Binding	NOT Bound Only	HepG2	LARP7_1	0.0	0	0.0	0	0.0	0	0.0		
Unique Binding	NOT Bound Only	HepG2	LARP7_1	1e-05	0	0.0	0	0.0	0	0.0		
Unique Binding	NOT Bound Only	HepG2	LARP7_1	0.0001	0	0.0	0	0.0	0	0.0		
Unique Binding	NOT Bound Only	HepG2	LARP7_1	0.001	0	0.0	0	0.0	0	0.0		
Unique Binding	NOT Bound Only	HepG2	LARP7_1	0.01	0	0.0	0	0.0	0	0.0		
Unique Binding	NOT Bound Only	HepG2	LARP7_1	0.1	0	0.0	0	0.0	0	0.0		
Unique Binding	NOT Bound Only	HepG2	LARP7_2	0.0	0	0.0	0	0.0	0	0.0		
Unique Binding	NOT Bound Only	HepG2	LARP7_2	1e-05	0	0.0	0	0.0	0	0.0		
Unique Binding	NOT Bound Only	HepG2	LARP7_2	0.0001	0	0.0	0	0.0	0	0.0		
Unique Binding	NOT Bound Only	HepG2	LARP7_2	0.001	0	0.0	0	0.0	0	0.0		
Unique Binding	NOT Bound Only	HepG2	LARP7_2	0.01	0	0.0	0	0.0	0	0.0		
Unique Binding	NOT Bound Only	HepG2	LARP7_2	0.1	0	0.0	0	0.0	0	0.0		
Unique Binding	NOT Bound Only	HepG2	LARP7_3	0.0	0	0.0	0	0.0	0	0.0		
Unique Binding	NOT Bound Only	HepG2	LARP7_3	1e-05	0	0.0	0	0.0	0	0.0		
Unique Binding	NOT Bound Only	HepG2	LARP7_3	0.0001	0	0.0	0	0.0	0	0.0		
Unique Binding	NOT Bound Only	HepG2	LARP7_3	0.001	0	0.0	0	0.0	0	0.0		
Unique Binding	NOT Bound Only	HepG2	LARP7_3	0.01	0	0.0	0	0.0	0	0.0		
Unique Binding	NOT Bound Only	HepG2	LARP7_3	0.1	0	0.0	0	0.0	0	0.0		
Unique Binding	NOT Bound Only	HepG2	LARP7_4	0.0	0	0.0	0	0.0	0	0.0		
Unique Binding	NOT Bound Only	HepG2	LARP7_4	1e-05	0	0.0	0	0.0	0	0.0		
Unique Binding	NOT Bound Only	HepG2	LARP7_4	0.0001	0	0.0	0	0.0	0	0.0		
Unique Binding	NOT Bound Only	HepG2	LARP7_4	0.001	0	0.0	0	0.0	0	0.0		
Unique Binding	NOT Bound Only	HepG2	LARP7_4	0.01	0	0.0	0	0.0	0	0.0		
Unique Binding	NOT Bound Only	HepG2	LARP7_4	0.1	0	0.0	0	0.0	0	0.0		
Unique Binding	NOT Bound Only	HepG2	LARP7_5	0.0	0	0.0	0	0.0	0	0.0		
Unique Binding	NOT Bound Only	HepG2	LARP7_5	1e-05	0	0.0	0	0.0	0	0.0		
Unique Binding	NOT Bound Only	HepG2	LARP7_5	0.0001	0	0.0	0	0.0	0	0.0		
Unique Binding	NOT Bound Only	HepG2	LARP7_5	0.001	0	0.0	0	0.0	0	0.0		
Unique Binding	NOT Bound Only	HepG2	LARP7_5	0.01	0	0.0	0	0.0	0	0.0		
Unique Binding	NOT Bound Only	HepG2	LARP7_5	0.1	0	0.0	0	0.0	0	0.0		
Unique Binding	NOT Bound Only	HepG2	LARP7_6	0.0	0	0.0	0	0.0	0	0.0		
Unique Binding	NOT Bound Only	HepG2	LARP7_6	1e-05	0	0.0	0	0.0	0	0.0		
Unique Binding	NOT Bound Only	HepG2	LARP7_6	0.0001	0	0.0	0	0.0	0	0.0		
Unique Binding	NOT Bound Only	HepG2	LARP7_6	0.001	0	0.0	0	0.0	0	0.0		
Unique Binding	NOT Bound Only	HepG2	LARP7_6	0.01	0	0.0	0	0.0	0	0.0		
Unique Binding	NOT Bound Only	HepG2	LARP7_6	0.1	0	0.0	0	0.0	0	0.0		
Unique Binding	NOT Bound Only	HepG2	LIN28B_1	0.0	116394	100.0	12054	4.605941934963175	104340	-1.0587038349750464	3.5472380999881286	0.6262065174159716
Unique Binding	NOT Bound Only	HepG2	LIN28B_1	1e-05	39523	33.95621767445057	10786	4.599717609915809	28737	-0.568215046326775	4.031502563589034	0.7800996707492301
Unique Binding	NOT Bound Only	HepG2	LIN28B_1	0.0001	11241	9.657714315170885	10716	4.5988128695779045	525	-0.25189737646189936	4.346915493116005	0.896140002727414
Unique Binding	NOT Bound Only	HepG2	LIN28B_1	0.001	49	0.042098389951372064	0	0.0	49	-0.051134668204879226	-0.051134668204879226	-1.0
Unique Binding	NOT Bound Only	HepG2	LIN28B_1	0.01	0	0.0	0	0.0	0	0.0		
Unique Binding	NOT Bound Only	HepG2	LIN28B_1	0.1	0	0.0	0	0.0	0	0.0		
Unique Binding	NOT Bound Only	HepG2	LIN28B_2	0.0	116084	100.0	116084	5.3416481930368125	0	0.0	5.3416481930368125	1.0
Unique Binding	NOT Bound Only	HepG2	LIN28B_2	1e-05	114834	98.92319354949863	114834	5.332514407305001	0	0.0	5.332514407305001	1.0
Unique Binding	NOT Bound Only	HepG2	LIN28B_2	0.0001	8379	7.218048999000723	8379	1.3326130866180752	0	0.0	1.3326130866180752	1.0
Unique Binding	NOT Bound Only	HepG2	LIN28B_2	0.001	0	0.0	0	0.0	0	0.0		
Unique Binding	NOT Bound Only	HepG2	LIN28B_2	0.01	0	0.0	0	0.0	0	0.0		
Unique Binding	NOT Bound Only	HepG2	LIN28B_2	0.1	0	0.0	0	0.0	0	0.0		
Unique Binding	NOT Bound Only	HepG2	LIN28B_3	0.0	116316	100.0	0	0.0	116316	-43.38298110531673	-43.38298110531673	-1.0
Unique Binding	NOT Bound Only	HepG2	LIN28B_3	1e-05	115273	99.10330479039857	0	0.0	115273	-43.375320034277166	-43.375320034277166	-1.0
Unique Binding	NOT Bound Only	HepG2	LIN28B_3	0.0001	77859	66.9374806561436	0	0.0	77859	-41.39535790895919	-41.39535790895919	-1.0
Unique Binding	NOT Bound Only	HepG2	LIN28B_3	0.001	10236	8.800165067574538	0	0.0	10236	-12.718514919788651	-12.718514919788651	-1.0
Unique Binding	NOT Bound Only	HepG2	LIN28B_3	0.01	0	0.0	0	0.0	0	0.0		
Unique Binding	NOT Bound Only	HepG2	LIN28B_3	0.1	0	0.0	0	0.0	0	0.0		
Unique Binding	NOT Bound Only	HepG2	LIN28B_4	0.0	116285	100.0	1	2.301558564967982e-05	116284	-193.70103491574218	-193.70101190015654	-0.9999997623597322
Unique Binding	NOT Bound Only	HepG2	LIN28B_4	1e-05	116285	100.0	1	2.301558564967982e-05	116284	-193.70103491574218	-193.70101190015654	-0.9999997623597322
Unique Binding	NOT Bound Only	HepG2	LIN28B_4	0.0001	116221	99.94496280689685	0	0.0	116221	-193.69538920613073	-193.69538920613073	-1.0
Unique Binding	NOT Bound Only	HepG2	LIN28B_4	0.001	62790	53.996646171045285	0	0.0	62790	-163.79168842286737	-163.79168842286737	-1.0
Unique Binding	NOT Bound Only	HepG2	LIN28B_4	0.01	0	0.0	0	0.0	0	0.0		
Unique Binding	NOT Bound Only	HepG2	LIN28B_4	0.1	0	0.0	0	0.0	0	0.0		
Unique Binding	NOT Bound Only	HepG2	LIN28B_5	0.0	115711	100.0	115688	10.087625861614947	23	-1.4031959737647216e-05	10.08761182965521	0.9999972179895622
Unique Binding	NOT Bound Only	HepG2	LIN28B_5	1e-05	113832	98.37612672952442	113832	10.075782426330282	0	0.0	10.075782426330282	1.0
Unique Binding	NOT Bound Only	HepG2	LIN28B_5	0.0001	33502	28.95316780599943	33502	6.539764714532134	0	0.0	6.539764714532134	1.0
Unique Binding	NOT Bound Only	HepG2	LIN28B_5	0.001	38	0.03284043867912299	38	0.04413323266529174	0	0.0	0.04413323266529174	1.0
Unique Binding	NOT Bound Only	HepG2	LIN28B_5	0.01	0	0.0	0	0.0	0	0.0		
Unique Binding	NOT Bound Only	HepG2	LIN28B_5	0.1	0	0.0	0	0.0	0	0.0		
Unique Binding	NOT Bound Only	HepG2	LIN28B_6	0.0	115400	100.0	694	0.039014214543385536	114706	-51.01214075358773	-50.973126539044344	-0.9984715638826295
Unique Binding	NOT Bound Only	HepG2	LIN28B_6	1e-05	115183	99.81195840554594	547	0.03821644262818048	114636	-51.01190355172243	-50.97368710909425	-0.9985027873535886
Unique Binding	NOT Bound Only	HepG2	LIN28B_6	0.0001	111180	96.34315424610051	69	0.020624763207634966	111111	-50.750287194447836	-50.7296624312402	-0.9991875362323672
Unique Binding	NOT Bound Only	HepG2	LIN28B_6	0.001	4729	4.09792027729636	0	0.0	4729	-5.358856812516349	-5.358856812516349	-1.0
Unique Binding	NOT Bound Only	HepG2	LIN28B_6	0.01	0	0.0	0	0.0	0	0.0		
Unique Binding	NOT Bound Only	HepG2	LIN28B_6	0.1	0	0.0	0	0.0	0	0.0		
Unique Binding	NOT Bound Only	HepG2	LSM11_1	0.0	0	0.0	0	0.0	0	0.0		
Unique Binding	NOT Bound Only	HepG2	LSM11_1	1e-05	0	0.0	0	0.0	0	0.0		
Unique Binding	NOT Bound Only	HepG2	LSM11_1	0.0001	0	0.0	0	0.0	0	0.0		
Unique Binding	NOT Bound Only	HepG2	LSM11_1	0.001	0	0.0	0	0.0	0	0.0		
Unique Binding	NOT Bound Only	HepG2	LSM11_1	0.01	0	0.0	0	0.0	0	0.0		
Unique Binding	NOT Bound Only	HepG2	LSM11_1	0.1	0	0.0	0	0.0	0	0.0		
Unique Binding	NOT Bound Only	HepG2	LSM11_2	0.0	0	0.0	0	0.0	0	0.0		
Unique Binding	NOT Bound Only	HepG2	LSM11_2	1e-05	0	0.0	0	0.0	0	0.0		
Unique Binding	NOT Bound Only	HepG2	LSM11_2	0.0001	0	0.0	0	0.0	0	0.0		
Unique Binding	NOT Bound Only	HepG2	LSM11_2	0.001	0	0.0	0	0.0	0	0.0		
Unique Binding	NOT Bound Only	HepG2	LSM11_2	0.01	0	0.0	0	0.0	0	0.0		
Unique Binding	NOT Bound Only	HepG2	LSM11_2	0.1	0	0.0	0	0.0	0	0.0		
Unique Binding	NOT Bound Only	HepG2	LSM11_3	0.0	0	0.0	0	0.0	0	0.0		
Unique Binding	NOT Bound Only	HepG2	LSM11_3	1e-05	0	0.0	0	0.0	0	0.0		
Unique Binding	NOT Bound Only	HepG2	LSM11_3	0.0001	0	0.0	0	0.0	0	0.0		
Unique Binding	NOT Bound Only	HepG2	LSM11_3	0.001	0	0.0	0	0.0	0	0.0		
Unique Binding	NOT Bound Only	HepG2	LSM11_3	0.01	0	0.0	0	0.0	0	0.0		
Unique Binding	NOT Bound Only	HepG2	LSM11_3	0.1	0	0.0	0	0.0	0	0.0		
Unique Binding	NOT Bound Only	HepG2	LSM11_4	0.0	0	0.0	0	0.0	0	0.0		
Unique Binding	NOT Bound Only	HepG2	LSM11_4	1e-05	0	0.0	0	0.0	0	0.0		
Unique Binding	NOT Bound Only	HepG2	LSM11_4	0.0001	0	0.0	0	0.0	0	0.0		
Unique Binding	NOT Bound Only	HepG2	LSM11_4	0.001	0	0.0	0	0.0	0	0.0		
Unique Binding	NOT Bound Only	HepG2	LSM11_4	0.01	0	0.0	0	0.0	0	0.0		
Unique Binding	NOT Bound Only	HepG2	LSM11_4	0.1	0	0.0	0	0.0	0	0.0		
Unique Binding	NOT Bound Only	HepG2	LSM11_5	0.0	14541	12.466136277905422	3869	0.33011250542791815	10672	-0.06766847992374597	0.2624440255041722	0.6597701629004581
Unique Binding	NOT Bound Only	HepG2	LSM11_5	1e-05	3822	3.276636603683001	3295	0.32625220317601433	527	-0.02944337747088418	0.2968088257051302	0.8344462002179734
Unique Binding	NOT Bound Only	HepG2	LSM11_5	0.0001	1076	0.9224649360447171	997	0.23955202229424874	79	-0.011662825758451874	0.22788919653579687	0.9071485953250247
Unique Binding	NOT Bound Only	HepG2	LSM11_5	0.001	0	0.0	0	0.0	0	0.0		
Unique Binding	NOT Bound Only	HepG2	LSM11_5	0.01	0	0.0	0	0.0	0	0.0		
Unique Binding	NOT Bound Only	HepG2	LSM11_5	0.1	0	0.0	0	0.0	0	0.0		
Unique Binding	NOT Bound Only	HepG2	LSM11_6	0.0	0	0.0	0	0.0	0	0.0		
Unique Binding	NOT Bound Only	HepG2	LSM11_6	1e-05	0	0.0	0	0.0	0	0.0		
Unique Binding	NOT Bound Only	HepG2	LSM11_6	0.0001	0	0.0	0	0.0	0	0.0		
Unique Binding	NOT Bound Only	HepG2	LSM11_6	0.001	0	0.0	0	0.0	0	0.0		
Unique Binding	NOT Bound Only	HepG2	LSM11_6	0.01	0	0.0	0	0.0	0	0.0		
Unique Binding	NOT Bound Only	HepG2	LSM11_6	0.1	0	0.0	0	0.0	0	0.0		
Unique Binding	NOT Bound Only	HepG2	MATR3_1	0.0	0	0.0	0	0.0	0	0.0		
Unique Binding	NOT Bound Only	HepG2	MATR3_1	1e-05	0	0.0	0	0.0	0	0.0		
Unique Binding	NOT Bound Only	HepG2	MATR3_1	0.0001	0	0.0	0	0.0	0	0.0		
Unique Binding	NOT Bound Only	HepG2	MATR3_1	0.001	0	0.0	0	0.0	0	0.0		
Unique Binding	NOT Bound Only	HepG2	MATR3_1	0.01	0	0.0	0	0.0	0	0.0		
Unique Binding	NOT Bound Only	HepG2	MATR3_1	0.1	0	0.0	0	0.0	0	0.0		
Unique Binding	NOT Bound Only	HepG2	MATR3_2	0.0	0	0.0	0	0.0	0	0.0		
Unique Binding	NOT Bound Only	HepG2	MATR3_2	1e-05	0	0.0	0	0.0	0	0.0		
Unique Binding	NOT Bound Only	HepG2	MATR3_2	0.0001	0	0.0	0	0.0	0	0.0		
Unique Binding	NOT Bound Only	HepG2	MATR3_2	0.001	0	0.0	0	0.0	0	0.0		
Unique Binding	NOT Bound Only	HepG2	MATR3_2	0.01	0	0.0	0	0.0	0	0.0		
Unique Binding	NOT Bound Only	HepG2	MATR3_2	0.1	0	0.0	0	0.0	0	0.0		
Unique Binding	NOT Bound Only	HepG2	MATR3_3	0.0	0	0.0	0	0.0	0	0.0		
Unique Binding	NOT Bound Only	HepG2	MATR3_3	1e-05	0	0.0	0	0.0	0	0.0		
Unique Binding	NOT Bound Only	HepG2	MATR3_3	0.0001	0	0.0	0	0.0	0	0.0		
Unique Binding	NOT Bound Only	HepG2	MATR3_3	0.001	0	0.0	0	0.0	0	0.0		
Unique Binding	NOT Bound Only	HepG2	MATR3_3	0.01	0	0.0	0	0.0	0	0.0		
Unique Binding	NOT Bound Only	HepG2	MATR3_3	0.1	0	0.0	0	0.0	0	0.0		
Unique Binding	NOT Bound Only	HepG2	MATR3_4	0.0	0	0.0	0	0.0	0	0.0		
Unique Binding	NOT Bound Only	HepG2	MATR3_4	1e-05	0	0.0	0	0.0	0	0.0		
Unique Binding	NOT Bound Only	HepG2	MATR3_4	0.0001	0	0.0	0	0.0	0	0.0		
Unique Binding	NOT Bound Only	HepG2	MATR3_4	0.001	0	0.0	0	0.0	0	0.0		
Unique Binding	NOT Bound Only	HepG2	MATR3_4	0.01	0	0.0	0	0.0	0	0.0		
Unique Binding	NOT Bound Only	HepG2	MATR3_4	0.1	0	0.0	0	0.0	0	0.0		
Unique Binding	NOT Bound Only	HepG2	MATR3_5	0.0	0	0.0	0	0.0	0	0.0		
Unique Binding	NOT Bound Only	HepG2	MATR3_5	1e-05	0	0.0	0	0.0	0	0.0		
Unique Binding	NOT Bound Only	HepG2	MATR3_5	0.0001	0	0.0	0	0.0	0	0.0		
Unique Binding	NOT Bound Only	HepG2	MATR3_5	0.001	0	0.0	0	0.0	0	0.0		
Unique Binding	NOT Bound Only	HepG2	MATR3_5	0.01	0	0.0	0	0.0	0	0.0		
Unique Binding	NOT Bound Only	HepG2	MATR3_5	0.1	0	0.0	0	0.0	0	0.0		
Unique Binding	NOT Bound Only	HepG2	MATR3_6	0.0	0	0.0	0	0.0	0	0.0		
Unique Binding	NOT Bound Only	HepG2	MATR3_6	1e-05	0	0.0	0	0.0	0	0.0		
Unique Binding	NOT Bound Only	HepG2	MATR3_6	0.0001	0	0.0	0	0.0	0	0.0		
Unique Binding	NOT Bound Only	HepG2	MATR3_6	0.001	0	0.0	0	0.0	0	0.0		
Unique Binding	NOT Bound Only	HepG2	MATR3_6	0.01	0	0.0	0	0.0	0	0.0		
Unique Binding	NOT Bound Only	HepG2	MATR3_6	0.1	0	0.0	0	0.0	0	0.0		
Unique Binding	NOT Bound Only	HepG2	NCBP2_1	0.0	114884	100.0	108796	11.02274352649824	6088	-0.25970688908469475	10.763036637413546	0.9539626801769947
Unique Binding	NOT Bound Only	HepG2	NCBP2_1	1e-05	107409	93.49343685804811	103223	10.986575046314252	4186	-0.25048285367426404	10.736092192639989	0.9554184278654434
Unique Binding	NOT Bound Only	HepG2	NCBP2_1	0.0001	38765	33.742731799032065	38053	7.424541311367358	712	-0.1332184576249693	7.291322853742389	0.964746575255929
Unique Binding	NOT Bound Only	HepG2	NCBP2_1	0.001	821	0.7146338915775913	821	1.1795601051469795	0	0.0	1.1795601051469795	1.0
Unique Binding	NOT Bound Only	HepG2	NCBP2_1	0.01	0	0.0	0	0.0	0	0.0		
Unique Binding	NOT Bound Only	HepG2	NCBP2_1	0.1	0	0.0	0	0.0	0	0.0		
Unique Binding	NOT Bound Only	HepG2	NCBP2_2	0.0	114477	100.0	114477	75.05664375224914	0	0.0	75.05664375224914	1.0
Unique Binding	NOT Bound Only	HepG2	NCBP2_2	1e-05	114477	100.0	114477	75.05664375224914	0	0.0	75.05664375224914	1.0
Unique Binding	NOT Bound Only	HepG2	NCBP2_2	0.0001	114440	99.9676790971112	114440	75.05339555230842	0	0.0	75.05339555230842	1.0
Unique Binding	NOT Bound Only	HepG2	NCBP2_2	0.001	21390	18.68497602138421	21390	25.659932543818243	0	0.0	25.659932543818243	1.0
Unique Binding	NOT Bound Only	HepG2	NCBP2_2	0.01	0	0.0	0	0.0	0	0.0		
Unique Binding	NOT Bound Only	HepG2	NCBP2_2	0.1	0	0.0	0	0.0	0	0.0		
Unique Binding	NOT Bound Only	HepG2	NCBP2_3	0.0	117721	100.0	0	0.0	117721	-73.12242919014207	-73.12242919014207	-1.0
Unique Binding	NOT Bound Only	HepG2	NCBP2_3	1e-05	117721	100.0	0	0.0	117721	-73.12242919014207	-73.12242919014207	-1.0
Unique Binding	NOT Bound Only	HepG2	NCBP2_3	0.0001	115790	98.35968094052888	0	0.0	115790	-72.9665676180442	-72.9665676180442	-1.0
Unique Binding	NOT Bound Only	HepG2	NCBP2_3	0.001	30183	25.63943561471615	0	0.0	30183	-38.3415471602545	-38.3415471602545	-1.0
Unique Binding	NOT Bound Only	HepG2	NCBP2_3	0.01	0	0.0	0	0.0	0	0.0		
Unique Binding	NOT Bound Only	HepG2	NCBP2_3	0.1	0	0.0	0	0.0	0	0.0		
Unique Binding	NOT Bound Only	HepG2	NCBP2_4	0.0	0	0.0	0	0.0	0	0.0		
Unique Binding	NOT Bound Only	HepG2	NCBP2_4	1e-05	0	0.0	0	0.0	0	0.0		
Unique Binding	NOT Bound Only	HepG2	NCBP2_4	0.0001	0	0.0	0	0.0	0	0.0		
Unique Binding	NOT Bound Only	HepG2	NCBP2_4	0.001	0	0.0	0	0.0	0	0.0		
Unique Binding	NOT Bound Only	HepG2	NCBP2_4	0.01	0	0.0	0	0.0	0	0.0		
Unique Binding	NOT Bound Only	HepG2	NCBP2_4	0.1	0	0.0	0	0.0	0	0.0		
Unique Binding	NOT Bound Only	HepG2	NCBP2_5	0.0	0	0.0	0	0.0	0	0.0		
Unique Binding	NOT Bound Only	HepG2	NCBP2_5	1e-05	0	0.0	0	0.0	0	0.0		
Unique Binding	NOT Bound Only	HepG2	NCBP2_5	0.0001	0	0.0	0	0.0	0	0.0		
Unique Binding	NOT Bound Only	HepG2	NCBP2_5	0.001	0	0.0	0	0.0	0	0.0		
Unique Binding	NOT Bound Only	HepG2	NCBP2_5	0.01	0	0.0	0	0.0	0	0.0		
Unique Binding	NOT Bound Only	HepG2	NCBP2_5	0.1	0	0.0	0	0.0	0	0.0		
Unique Binding	NOT Bound Only	HepG2	NCBP2_6	0.0	0	0.0	0	0.0	0	0.0		
Unique Binding	NOT Bound Only	HepG2	NCBP2_6	1e-05	0	0.0	0	0.0	0	0.0		
Unique Binding	NOT Bound Only	HepG2	NCBP2_6	0.0001	0	0.0	0	0.0	0	0.0		
Unique Binding	NOT Bound Only	HepG2	NCBP2_6	0.001	0	0.0	0	0.0	0	0.0		
Unique Binding	NOT Bound Only	HepG2	NCBP2_6	0.01	0	0.0	0	0.0	0	0.0		
Unique Binding	NOT Bound Only	HepG2	NCBP2_6	0.1	0	0.0	0	0.0	0	0.0		
Unique Binding	NOT Bound Only	HepG2	NIP7_1	0.0	0	0.0	0	0.0	0	0.0		
Unique Binding	NOT Bound Only	HepG2	NIP7_1	1e-05	0	0.0	0	0.0	0	0.0		
Unique Binding	NOT Bound Only	HepG2	NIP7_1	0.0001	0	0.0	0	0.0	0	0.0		
Unique Binding	NOT Bound Only	HepG2	NIP7_1	0.001	0	0.0	0	0.0	0	0.0		
Unique Binding	NOT Bound Only	HepG2	NIP7_1	0.01	0	0.0	0	0.0	0	0.0		
Unique Binding	NOT Bound Only	HepG2	NIP7_1	0.1	0	0.0	0	0.0	0	0.0		
Unique Binding	NOT Bound Only	HepG2	NIP7_2	0.0	0	0.0	0	0.0	0	0.0		
Unique Binding	NOT Bound Only	HepG2	NIP7_2	1e-05	0	0.0	0	0.0	0	0.0		
Unique Binding	NOT Bound Only	HepG2	NIP7_2	0.0001	0	0.0	0	0.0	0	0.0		
Unique Binding	NOT Bound Only	HepG2	NIP7_2	0.001	0	0.0	0	0.0	0	0.0		
Unique Binding	NOT Bound Only	HepG2	NIP7_2	0.01	0	0.0	0	0.0	0	0.0		
Unique Binding	NOT Bound Only	HepG2	NIP7_2	0.1	0	0.0	0	0.0	0	0.0		
Unique Binding	NOT Bound Only	HepG2	NIP7_3	0.0	0	0.0	0	0.0	0	0.0		
Unique Binding	NOT Bound Only	HepG2	NIP7_3	1e-05	0	0.0	0	0.0	0	0.0		
Unique Binding	NOT Bound Only	HepG2	NIP7_3	0.0001	0	0.0	0	0.0	0	0.0		
Unique Binding	NOT Bound Only	HepG2	NIP7_3	0.001	0	0.0	0	0.0	0	0.0		
Unique Binding	NOT Bound Only	HepG2	NIP7_3	0.01	0	0.0	0	0.0	0	0.0		
Unique Binding	NOT Bound Only	HepG2	NIP7_3	0.1	0	0.0	0	0.0	0	0.0		
Unique Binding	NOT Bound Only	HepG2	NIP7_4	0.0	0	0.0	0	0.0	0	0.0		
Unique Binding	NOT Bound Only	HepG2	NIP7_4	1e-05	0	0.0	0	0.0	0	0.0		
Unique Binding	NOT Bound Only	HepG2	NIP7_4	0.0001	0	0.0	0	0.0	0	0.0		
Unique Binding	NOT Bound Only	HepG2	NIP7_4	0.001	0	0.0	0	0.0	0	0.0		
Unique Binding	NOT Bound Only	HepG2	NIP7_4	0.01	0	0.0	0	0.0	0	0.0		
Unique Binding	NOT Bound Only	HepG2	NIP7_4	0.1	0	0.0	0	0.0	0	0.0		
Unique Binding	NOT Bound Only	HepG2	NIP7_5	0.0	0	0.0	0	0.0	0	0.0		
Unique Binding	NOT Bound Only	HepG2	NIP7_5	1e-05	0	0.0	0	0.0	0	0.0		
Unique Binding	NOT Bound Only	HepG2	NIP7_5	0.0001	0	0.0	0	0.0	0	0.0		
Unique Binding	NOT Bound Only	HepG2	NIP7_5	0.001	0	0.0	0	0.0	0	0.0		
Unique Binding	NOT Bound Only	HepG2	NIP7_5	0.01	0	0.0	0	0.0	0	0.0		
Unique Binding	NOT Bound Only	HepG2	NIP7_5	0.1	0	0.0	0	0.0	0	0.0		
Unique Binding	NOT Bound Only	HepG2	NIP7_6	0.0	0	0.0	0	0.0	0	0.0		
Unique Binding	NOT Bound Only	HepG2	NIP7_6	1e-05	0	0.0	0	0.0	0	0.0		
Unique Binding	NOT Bound Only	HepG2	NIP7_6	0.0001	0	0.0	0	0.0	0	0.0		
Unique Binding	NOT Bound Only	HepG2	NIP7_6	0.001	0	0.0	0	0.0	0	0.0		
Unique Binding	NOT Bound Only	HepG2	NIP7_6	0.01	0	0.0	0	0.0	0	0.0		
Unique Binding	NOT Bound Only	HepG2	NIP7_6	0.1	0	0.0	0	0.0	0	0.0		
Unique Binding	NOT Bound Only	HepG2	NKRF_1	0.0	0	0.0	0	0.0	0	0.0		
Unique Binding	NOT Bound Only	HepG2	NKRF_1	1e-05	0	0.0	0	0.0	0	0.0		
Unique Binding	NOT Bound Only	HepG2	NKRF_1	0.0001	0	0.0	0	0.0	0	0.0		
Unique Binding	NOT Bound Only	HepG2	NKRF_1	0.001	0	0.0	0	0.0	0	0.0		
Unique Binding	NOT Bound Only	HepG2	NKRF_1	0.01	0	0.0	0	0.0	0	0.0		
Unique Binding	NOT Bound Only	HepG2	NKRF_1	0.1	0	0.0	0	0.0	0	0.0		
Unique Binding	NOT Bound Only	HepG2	NKRF_2	0.0	0	0.0	0	0.0	0	0.0		
Unique Binding	NOT Bound Only	HepG2	NKRF_2	1e-05	0	0.0	0	0.0	0	0.0		
Unique Binding	NOT Bound Only	HepG2	NKRF_2	0.0001	0	0.0	0	0.0	0	0.0		
Unique Binding	NOT Bound Only	HepG2	NKRF_2	0.001	0	0.0	0	0.0	0	0.0		
Unique Binding	NOT Bound Only	HepG2	NKRF_2	0.01	0	0.0	0	0.0	0	0.0		
Unique Binding	NOT Bound Only	HepG2	NKRF_2	0.1	0	0.0	0	0.0	0	0.0		
Unique Binding	NOT Bound Only	HepG2	NKRF_3	0.0	117936	100.0	117936	166.24299001463103	0	0.0	166.24299001463103	1.0
Unique Binding	NOT Bound Only	HepG2	NKRF_3	1e-05	117936	100.0	117936	166.24299001463103	0	0.0	166.24299001463103	1.0
Unique Binding	NOT Bound Only	HepG2	NKRF_3	0.0001	117936	100.0	117936	166.24299001463103	0	0.0	166.24299001463103	1.0
Unique Binding	NOT Bound Only	HepG2	NKRF_3	0.001	64863	54.99847374847376	64863	132.13022329242872	0	0.0	132.13022329242872	1.0
Unique Binding	NOT Bound Only	HepG2	NKRF_3	0.01	0	0.0	0	0.0	0	0.0		
Unique Binding	NOT Bound Only	HepG2	NKRF_3	0.1	0	0.0	0	0.0	0	0.0		
Unique Binding	NOT Bound Only	HepG2	NKRF_4	0.0	0	0.0	0	0.0	0	0.0		
Unique Binding	NOT Bound Only	HepG2	NKRF_4	1e-05	0	0.0	0	0.0	0	0.0		
Unique Binding	NOT Bound Only	HepG2	NKRF_4	0.0001	0	0.0	0	0.0	0	0.0		
Unique Binding	NOT Bound Only	HepG2	NKRF_4	0.001	0	0.0	0	0.0	0	0.0		
Unique Binding	NOT Bound Only	HepG2	NKRF_4	0.01	0	0.0	0	0.0	0	0.0		
Unique Binding	NOT Bound Only	HepG2	NKRF_4	0.1	0	0.0	0	0.0	0	0.0		
Unique Binding	NOT Bound Only	HepG2	NKRF_5	0.0	0	0.0	0	0.0	0	0.0		
Unique Binding	NOT Bound Only	HepG2	NKRF_5	1e-05	0	0.0	0	0.0	0	0.0		
Unique Binding	NOT Bound Only	HepG2	NKRF_5	0.0001	0	0.0	0	0.0	0	0.0		
Unique Binding	NOT Bound Only	HepG2	NKRF_5	0.001	0	0.0	0	0.0	0	0.0		
Unique Binding	NOT Bound Only	HepG2	NKRF_5	0.01	0	0.0	0	0.0	0	0.0		
Unique Binding	NOT Bound Only	HepG2	NKRF_5	0.1	0	0.0	0	0.0	0	0.0		
Unique Binding	NOT Bound Only	HepG2	NKRF_6	0.0	0	0.0	0	0.0	0	0.0		
Unique Binding	NOT Bound Only	HepG2	NKRF_6	1e-05	0	0.0	0	0.0	0	0.0		
Unique Binding	NOT Bound Only	HepG2	NKRF_6	0.0001	0	0.0	0	0.0	0	0.0		
Unique Binding	NOT Bound Only	HepG2	NKRF_6	0.001	0	0.0	0	0.0	0	0.0		
Unique Binding	NOT Bound Only	HepG2	NKRF_6	0.01	0	0.0	0	0.0	0	0.0		
Unique Binding	NOT Bound Only	HepG2	NKRF_6	0.1	0	0.0	0	0.0	0	0.0		
Unique Binding	NOT Bound Only	HepG2	NOL12_1	0.0	0	0.0	0	0.0	0	0.0		
Unique Binding	NOT Bound Only	HepG2	NOL12_1	1e-05	0	0.0	0	0.0	0	0.0		
Unique Binding	NOT Bound Only	HepG2	NOL12_1	0.0001	0	0.0	0	0.0	0	0.0		
Unique Binding	NOT Bound Only	HepG2	NOL12_1	0.001	0	0.0	0	0.0	0	0.0		
Unique Binding	NOT Bound Only	HepG2	NOL12_1	0.01	0	0.0	0	0.0	0	0.0		
Unique Binding	NOT Bound Only	HepG2	NOL12_1	0.1	0	0.0	0	0.0	0	0.0		
Unique Binding	NOT Bound Only	HepG2	NOL12_2	0.0	0	0.0	0	0.0	0	0.0		
Unique Binding	NOT Bound Only	HepG2	NOL12_2	1e-05	0	0.0	0	0.0	0	0.0		
Unique Binding	NOT Bound Only	HepG2	NOL12_2	0.0001	0	0.0	0	0.0	0	0.0		
Unique Binding	NOT Bound Only	HepG2	NOL12_2	0.001	0	0.0	0	0.0	0	0.0		
Unique Binding	NOT Bound Only	HepG2	NOL12_2	0.01	0	0.0	0	0.0	0	0.0		
Unique Binding	NOT Bound Only	HepG2	NOL12_2	0.1	0	0.0	0	0.0	0	0.0		
Unique Binding	NOT Bound Only	HepG2	NOL12_3	0.0	0	0.0	0	0.0	0	0.0		
Unique Binding	NOT Bound Only	HepG2	NOL12_3	1e-05	0	0.0	0	0.0	0	0.0		
Unique Binding	NOT Bound Only	HepG2	NOL12_3	0.0001	0	0.0	0	0.0	0	0.0		
Unique Binding	NOT Bound Only	HepG2	NOL12_3	0.001	0	0.0	0	0.0	0	0.0		
Unique Binding	NOT Bound Only	HepG2	NOL12_3	0.01	0	0.0	0	0.0	0	0.0		
Unique Binding	NOT Bound Only	HepG2	NOL12_3	0.1	0	0.0	0	0.0	0	0.0		
Unique Binding	NOT Bound Only	HepG2	NOL12_4	0.0	0	0.0	0	0.0	0	0.0		
Unique Binding	NOT Bound Only	HepG2	NOL12_4	1e-05	0	0.0	0	0.0	0	0.0		
Unique Binding	NOT Bound Only	HepG2	NOL12_4	0.0001	0	0.0	0	0.0	0	0.0		
Unique Binding	NOT Bound Only	HepG2	NOL12_4	0.001	0	0.0	0	0.0	0	0.0		
Unique Binding	NOT Bound Only	HepG2	NOL12_4	0.01	0	0.0	0	0.0	0	0.0		
Unique Binding	NOT Bound Only	HepG2	NOL12_4	0.1	0	0.0	0	0.0	0	0.0		
Unique Binding	NOT Bound Only	HepG2	NOL12_5	0.0	0	0.0	0	0.0	0	0.0		
Unique Binding	NOT Bound Only	HepG2	NOL12_5	1e-05	0	0.0	0	0.0	0	0.0		
Unique Binding	NOT Bound Only	HepG2	NOL12_5	0.0001	0	0.0	0	0.0	0	0.0		
Unique Binding	NOT Bound Only	HepG2	NOL12_5	0.001	0	0.0	0	0.0	0	0.0		
Unique Binding	NOT Bound Only	HepG2	NOL12_5	0.01	0	0.0	0	0.0	0	0.0		
Unique Binding	NOT Bound Only	HepG2	NOL12_5	0.1	0	0.0	0	0.0	0	0.0		
Unique Binding	NOT Bound Only	HepG2	NOL12_6	0.0	0	0.0	0	0.0	0	0.0		
Unique Binding	NOT Bound Only	HepG2	NOL12_6	1e-05	0	0.0	0	0.0	0	0.0		
Unique Binding	NOT Bound Only	HepG2	NOL12_6	0.0001	0	0.0	0	0.0	0	0.0		
Unique Binding	NOT Bound Only	HepG2	NOL12_6	0.001	0	0.0	0	0.0	0	0.0		
Unique Binding	NOT Bound Only	HepG2	NOL12_6	0.01	0	0.0	0	0.0	0	0.0		
Unique Binding	NOT Bound Only	HepG2	NOL12_6	0.1	0	0.0	0	0.0	0	0.0		
Unique Binding	NOT Bound Only	HepG2	NOLC1_1	0.0	117223	100.0	116530	0.19277647362020206	693	-0.012469329980904503	0.18030714363929756	0.8784936913483646
Unique Binding	NOT Bound Only	HepG2	NOLC1_1	1e-05	1842	1.5713639814712128	1616	0.020567344722828743	226	-0.011066304319749778	0.009501040403078965	0.30034601415381057
Unique Binding	NOT Bound Only	HepG2	NOLC1_1	0.0001	31	0.026445322163739196	0	0.0	31	-0.0034477818029074953	-0.0034477818029074953	-1.0
Unique Binding	NOT Bound Only	HepG2	NOLC1_1	0.001	0	0.0	0	0.0	0	0.0		
Unique Binding	NOT Bound Only	HepG2	NOLC1_1	0.01	0	0.0	0	0.0	0	0.0		
Unique Binding	NOT Bound Only	HepG2	NOLC1_1	0.1	0	0.0	0	0.0	0	0.0		
Unique Binding	NOT Bound Only	HepG2	NOLC1_2	0.0	117248	100.0	1649	0.0008373159949261057	115599	-1.53076091451321	-1.5299235985182837	-0.9989066114360182
Unique Binding	NOT Bound Only	HepG2	NOLC1_2	1e-05	43991	37.51961653930131	0	0.0	43991	-1.2766513410859903	-1.2766513410859903	-1.0
Unique Binding	NOT Bound Only	HepG2	NOLC1_2	0.0001	1017	0.8673921943231441	0	0.0	1017	-0.1751486321306229	-0.1751486321306229	-1.0
Unique Binding	NOT Bound Only	HepG2	NOLC1_2	0.001	0	0.0	0	0.0	0	0.0		
Unique Binding	NOT Bound Only	HepG2	NOLC1_2	0.01	0	0.0	0	0.0	0	0.0		
Unique Binding	NOT Bound Only	HepG2	NOLC1_2	0.1	0	0.0	0	0.0	0	0.0		
Unique Binding	NOT Bound Only	HepG2	NOLC1_3	0.0	0	0.0	0	0.0	0	0.0		
Unique Binding	NOT Bound Only	HepG2	NOLC1_3	1e-05	0	0.0	0	0.0	0	0.0		
Unique Binding	NOT Bound Only	HepG2	NOLC1_3	0.0001	0	0.0	0	0.0	0	0.0		
Unique Binding	NOT Bound Only	HepG2	NOLC1_3	0.001	0	0.0	0	0.0	0	0.0		
Unique Binding	NOT Bound Only	HepG2	NOLC1_3	0.01	0	0.0	0	0.0	0	0.0		
Unique Binding	NOT Bound Only	HepG2	NOLC1_3	0.1	0	0.0	0	0.0	0	0.0		
Unique Binding	NOT Bound Only	HepG2	NOLC1_4	0.0	117270	100.0	117270	90.96985073420525	0	0.0	90.96985073420525	1.0
Unique Binding	NOT Bound Only	HepG2	NOLC1_4	1e-05	117270	100.0	117270	90.96985073420525	0	0.0	90.96985073420525	1.0
Unique Binding	NOT Bound Only	HepG2	NOLC1_4	0.0001	117270	100.0	117270	90.96985073420525	0	0.0	90.96985073420525	1.0
Unique Binding	NOT Bound Only	HepG2	NOLC1_4	0.001	13574	11.574997868167475	13574	13.662240547952422	0	0.0	13.662240547952422	1.0
Unique Binding	NOT Bound Only	HepG2	NOLC1_4	0.01	0	0.0	0	0.0	0	0.0		
Unique Binding	NOT Bound Only	HepG2	NOLC1_4	0.1	0	0.0	0	0.0	0	0.0		
Unique Binding	NOT Bound Only	HepG2	NOLC1_5	0.0	0	0.0	0	0.0	0	0.0		
Unique Binding	NOT Bound Only	HepG2	NOLC1_5	1e-05	0	0.0	0	0.0	0	0.0		
Unique Binding	NOT Bound Only	HepG2	NOLC1_5	0.0001	0	0.0	0	0.0	0	0.0		
Unique Binding	NOT Bound Only	HepG2	NOLC1_5	0.001	0	0.0	0	0.0	0	0.0		
Unique Binding	NOT Bound Only	HepG2	NOLC1_5	0.01	0	0.0	0	0.0	0	0.0		
Unique Binding	NOT Bound Only	HepG2	NOLC1_5	0.1	0	0.0	0	0.0	0	0.0		
Unique Binding	NOT Bound Only	HepG2	NOLC1_6	0.0	0	0.0	0	0.0	0	0.0		
Unique Binding	NOT Bound Only	HepG2	NOLC1_6	1e-05	0	0.0	0	0.0	0	0.0		
Unique Binding	NOT Bound Only	HepG2	NOLC1_6	0.0001	0	0.0	0	0.0	0	0.0		
Unique Binding	NOT Bound Only	HepG2	NOLC1_6	0.001	0	0.0	0	0.0	0	0.0		
Unique Binding	NOT Bound Only	HepG2	NOLC1_6	0.01	0	0.0	0	0.0	0	0.0		
Unique Binding	NOT Bound Only	HepG2	NOLC1_6	0.1	0	0.0	0	0.0	0	0.0		
Unique Binding	NOT Bound Only	HepG2	NSUN2_1	0.0	0	0.0	0	0.0	0	0.0		
Unique Binding	NOT Bound Only	HepG2	NSUN2_1	1e-05	0	0.0	0	0.0	0	0.0		
Unique Binding	NOT Bound Only	HepG2	NSUN2_1	0.0001	0	0.0	0	0.0	0	0.0		
Unique Binding	NOT Bound Only	HepG2	NSUN2_1	0.001	0	0.0	0	0.0	0	0.0		
Unique Binding	NOT Bound Only	HepG2	NSUN2_1	0.01	0	0.0	0	0.0	0	0.0		
Unique Binding	NOT Bound Only	HepG2	NSUN2_1	0.1	0	0.0	0	0.0	0	0.0		
Unique Binding	NOT Bound Only	HepG2	NSUN2_2	0.0	0	0.0	0	0.0	0	0.0		
Unique Binding	NOT Bound Only	HepG2	NSUN2_2	1e-05	0	0.0	0	0.0	0	0.0		
Unique Binding	NOT Bound Only	HepG2	NSUN2_2	0.0001	0	0.0	0	0.0	0	0.0		
Unique Binding	NOT Bound Only	HepG2	NSUN2_2	0.001	0	0.0	0	0.0	0	0.0		
Unique Binding	NOT Bound Only	HepG2	NSUN2_2	0.01	0	0.0	0	0.0	0	0.0		
Unique Binding	NOT Bound Only	HepG2	NSUN2_2	0.1	0	0.0	0	0.0	0	0.0		
Unique Binding	NOT Bound Only	HepG2	NSUN2_3	0.0	0	0.0	0	0.0	0	0.0		
Unique Binding	NOT Bound Only	HepG2	NSUN2_3	1e-05	0	0.0	0	0.0	0	0.0		
Unique Binding	NOT Bound Only	HepG2	NSUN2_3	0.0001	0	0.0	0	0.0	0	0.0		
Unique Binding	NOT Bound Only	HepG2	NSUN2_3	0.001	0	0.0	0	0.0	0	0.0		
Unique Binding	NOT Bound Only	HepG2	NSUN2_3	0.01	0	0.0	0	0.0	0	0.0		
Unique Binding	NOT Bound Only	HepG2	NSUN2_3	0.1	0	0.0	0	0.0	0	0.0		
Unique Binding	NOT Bound Only	HepG2	NSUN2_4	0.0	0	0.0	0	0.0	0	0.0		
Unique Binding	NOT Bound Only	HepG2	NSUN2_4	1e-05	0	0.0	0	0.0	0	0.0		
Unique Binding	NOT Bound Only	HepG2	NSUN2_4	0.0001	0	0.0	0	0.0	0	0.0		
Unique Binding	NOT Bound Only	HepG2	NSUN2_4	0.001	0	0.0	0	0.0	0	0.0		
Unique Binding	NOT Bound Only	HepG2	NSUN2_4	0.01	0	0.0	0	0.0	0	0.0		
Unique Binding	NOT Bound Only	HepG2	NSUN2_4	0.1	0	0.0	0	0.0	0	0.0		
Unique Binding	NOT Bound Only	HepG2	NSUN2_5	0.0	0	0.0	0	0.0	0	0.0		
Unique Binding	NOT Bound Only	HepG2	NSUN2_5	1e-05	0	0.0	0	0.0	0	0.0		
Unique Binding	NOT Bound Only	HepG2	NSUN2_5	0.0001	0	0.0	0	0.0	0	0.0		
Unique Binding	NOT Bound Only	HepG2	NSUN2_5	0.001	0	0.0	0	0.0	0	0.0		
Unique Binding	NOT Bound Only	HepG2	NSUN2_5	0.01	0	0.0	0	0.0	0	0.0		
Unique Binding	NOT Bound Only	HepG2	NSUN2_5	0.1	0	0.0	0	0.0	0	0.0		
Unique Binding	NOT Bound Only	HepG2	NSUN2_6	0.0	0	0.0	0	0.0	0	0.0		
Unique Binding	NOT Bound Only	HepG2	NSUN2_6	1e-05	0	0.0	0	0.0	0	0.0		
Unique Binding	NOT Bound Only	HepG2	NSUN2_6	0.0001	0	0.0	0	0.0	0	0.0		
Unique Binding	NOT Bound Only	HepG2	NSUN2_6	0.001	0	0.0	0	0.0	0	0.0		
Unique Binding	NOT Bound Only	HepG2	NSUN2_6	0.01	0	0.0	0	0.0	0	0.0		
Unique Binding	NOT Bound Only	HepG2	NSUN2_6	0.1	0	0.0	0	0.0	0	0.0		
Unique Binding	NOT Bound Only	HepG2	PABPN1_1	0.0	0	0.0	0	0.0	0	0.0		
Unique Binding	NOT Bound Only	HepG2	PABPN1_1	1e-05	0	0.0	0	0.0	0	0.0		
Unique Binding	NOT Bound Only	HepG2	PABPN1_1	0.0001	0	0.0	0	0.0	0	0.0		
Unique Binding	NOT Bound Only	HepG2	PABPN1_1	0.001	0	0.0	0	0.0	0	0.0		
Unique Binding	NOT Bound Only	HepG2	PABPN1_1	0.01	0	0.0	0	0.0	0	0.0		
Unique Binding	NOT Bound Only	HepG2	PABPN1_1	0.1	0	0.0	0	0.0	0	0.0		
Unique Binding	NOT Bound Only	HepG2	PABPN1_2	0.0	0	0.0	0	0.0	0	0.0		
Unique Binding	NOT Bound Only	HepG2	PABPN1_2	1e-05	0	0.0	0	0.0	0	0.0		
Unique Binding	NOT Bound Only	HepG2	PABPN1_2	0.0001	0	0.0	0	0.0	0	0.0		
Unique Binding	NOT Bound Only	HepG2	PABPN1_2	0.001	0	0.0	0	0.0	0	0.0		
Unique Binding	NOT Bound Only	HepG2	PABPN1_2	0.01	0	0.0	0	0.0	0	0.0		
Unique Binding	NOT Bound Only	HepG2	PABPN1_2	0.1	0	0.0	0	0.0	0	0.0		
Unique Binding	NOT Bound Only	HepG2	PABPN1_3	0.0	115840	100.0	0	0.0	115840	-77.76114006031413	-77.76114006031413	-1.0
Unique Binding	NOT Bound Only	HepG2	PABPN1_3	1e-05	115840	100.0	0	0.0	115840	-77.76114006031413	-77.76114006031413	-1.0
Unique Binding	NOT Bound Only	HepG2	PABPN1_3	0.0001	113831	98.26571132596685	0	0.0	113831	-77.59452206874035	-77.59452206874035	-1.0
Unique Binding	NOT Bound Only	HepG2	PABPN1_3	0.001	33879	29.246374309392266	0	0.0	33879	-46.267271959667134	-46.267271959667134	-1.0
Unique Binding	NOT Bound Only	HepG2	PABPN1_3	0.01	0	0.0	0	0.0	0	0.0		
Unique Binding	NOT Bound Only	HepG2	PABPN1_3	0.1	0	0.0	0	0.0	0	0.0		
Unique Binding	NOT Bound Only	HepG2	PABPN1_4	0.0	115712	100.0	0	0.0	115712	-141.74403297902302	-141.74403297902302	-1.0
Unique Binding	NOT Bound Only	HepG2	PABPN1_4	1e-05	115708	99.99654314159292	0	0.0	115708	-141.74401795380945	-141.74401795380945	-1.0
Unique Binding	NOT Bound Only	HepG2	PABPN1_4	0.0001	115265	99.61369607300885	0	0.0	115265	-141.7125752940322	-141.7125752940322	-1.0
Unique Binding	NOT Bound Only	HepG2	PABPN1_4	0.001	51286	44.322110066371685	0	0.0	51286	-108.91117472918367	-108.91117472918367	-1.0
Unique Binding	NOT Bound Only	HepG2	PABPN1_4	0.01	0	0.0	0	0.0	0	0.0		
Unique Binding	NOT Bound Only	HepG2	PABPN1_4	0.1	0	0.0	0	0.0	0	0.0		
Unique Binding	NOT Bound Only	HepG2	PABPN1_5	0.0	114421	100.0	114421	15.390567955334404	0	0.0	15.390567955334404	1.0
Unique Binding	NOT Bound Only	HepG2	PABPN1_5	1e-05	114355	99.94231828073518	114355	15.390032156300261	0	0.0	15.390032156300261	1.0
Unique Binding	NOT Bound Only	HepG2	PABPN1_5	0.0001	54281	47.43971823354104	54281	12.065656751139851	0	0.0	12.065656751139851	1.0
Unique Binding	NOT Bound Only	HepG2	PABPN1_5	0.001	0	0.0	0	0.0	0	0.0		
Unique Binding	NOT Bound Only	HepG2	PABPN1_5	0.01	0	0.0	0	0.0	0	0.0		
Unique Binding	NOT Bound Only	HepG2	PABPN1_5	0.1	0	0.0	0	0.0	0	0.0		
Unique Binding	NOT Bound Only	HepG2	PABPN1_6	0.0	27188	23.77799739376077	23941	1.096348093017721	3247	-0.03291495080111275	1.0634331422166081	0.9417054317304068
Unique Binding	NOT Bound Only	HepG2	PABPN1_6	1e-05	21916	19.167227853525855	20685	1.0765790631572523	1231	-0.024904349386258438	1.0516747137709939	0.9547803460267276
Unique Binding	NOT Bound Only	HepG2	PABPN1_6	0.0001	2537	2.218801654699539	2537	0.45896350055724566	0	0.0	0.45896350055724566	1.0
Unique Binding	NOT Bound Only	HepG2	PABPN1_6	0.001	0	0.0	0	0.0	0	0.0		
Unique Binding	NOT Bound Only	HepG2	PABPN1_6	0.01	0	0.0	0	0.0	0	0.0		
Unique Binding	NOT Bound Only	HepG2	PABPN1_6	0.1	0	0.0	0	0.0	0	0.0		
Unique Binding	NOT Bound Only	HepG2	PCBP1_1	0.0	117752	100.0	0	0.0	117752	-2.439996907339799	-2.439996907339799	-1.0
Unique Binding	NOT Bound Only	HepG2	PCBP1_1	1e-05	106127	90.1275562198519	0	0.0	106127	-2.3435185951271023	-2.3435185951271023	-1.0
Unique Binding	NOT Bound Only	HepG2	PCBP1_1	0.0001	0	0.0	0	0.0	0	0.0		
Unique Binding	NOT Bound Only	HepG2	PCBP1_1	0.001	0	0.0	0	0.0	0	0.0		
Unique Binding	NOT Bound Only	HepG2	PCBP1_1	0.01	0	0.0	0	0.0	0	0.0		
Unique Binding	NOT Bound Only	HepG2	PCBP1_1	0.1	0	0.0	0	0.0	0	0.0		
Unique Binding	NOT Bound Only	HepG2	PCBP1_2	0.0	0	0.0	0	0.0	0	0.0		
Unique Binding	NOT Bound Only	HepG2	PCBP1_2	1e-05	0	0.0	0	0.0	0	0.0		
Unique Binding	NOT Bound Only	HepG2	PCBP1_2	0.0001	0	0.0	0	0.0	0	0.0		
Unique Binding	NOT Bound Only	HepG2	PCBP1_2	0.001	0	0.0	0	0.0	0	0.0		
Unique Binding	NOT Bound Only	HepG2	PCBP1_2	0.01	0	0.0	0	0.0	0	0.0		
Unique Binding	NOT Bound Only	HepG2	PCBP1_2	0.1	0	0.0	0	0.0	0	0.0		
Unique Binding	NOT Bound Only	HepG2	PCBP1_3	0.0	0	0.0	0	0.0	0	0.0		
Unique Binding	NOT Bound Only	HepG2	PCBP1_3	1e-05	0	0.0	0	0.0	0	0.0		
Unique Binding	NOT Bound Only	HepG2	PCBP1_3	0.0001	0	0.0	0	0.0	0	0.0		
Unique Binding	NOT Bound Only	HepG2	PCBP1_3	0.001	0	0.0	0	0.0	0	0.0		
Unique Binding	NOT Bound Only	HepG2	PCBP1_3	0.01	0	0.0	0	0.0	0	0.0		
Unique Binding	NOT Bound Only	HepG2	PCBP1_3	0.1	0	0.0	0	0.0	0	0.0		
Unique Binding	NOT Bound Only	HepG2	PCBP1_4	0.0	0	0.0	0	0.0	0	0.0		
Unique Binding	NOT Bound Only	HepG2	PCBP1_4	1e-05	0	0.0	0	0.0	0	0.0		
Unique Binding	NOT Bound Only	HepG2	PCBP1_4	0.0001	0	0.0	0	0.0	0	0.0		
Unique Binding	NOT Bound Only	HepG2	PCBP1_4	0.001	0	0.0	0	0.0	0	0.0		
Unique Binding	NOT Bound Only	HepG2	PCBP1_4	0.01	0	0.0	0	0.0	0	0.0		
Unique Binding	NOT Bound Only	HepG2	PCBP1_4	0.1	0	0.0	0	0.0	0	0.0		
Unique Binding	NOT Bound Only	HepG2	PCBP1_5	0.0	357	0.3037858352408588	357	0.00030542054302638627	0	0.0	0.00030542054302638627	1.0
Unique Binding	NOT Bound Only	HepG2	PCBP1_5	1e-05	0	0.0	0	0.0	0	0.0		
Unique Binding	NOT Bound Only	HepG2	PCBP1_5	0.0001	0	0.0	0	0.0	0	0.0		
Unique Binding	NOT Bound Only	HepG2	PCBP1_5	0.001	0	0.0	0	0.0	0	0.0		
Unique Binding	NOT Bound Only	HepG2	PCBP1_5	0.01	0	0.0	0	0.0	0	0.0		
Unique Binding	NOT Bound Only	HepG2	PCBP1_5	0.1	0	0.0	0	0.0	0	0.0		
Unique Binding	NOT Bound Only	HepG2	PCBP1_6	0.0	0	0.0	0	0.0	0	0.0		
Unique Binding	NOT Bound Only	HepG2	PCBP1_6	1e-05	0	0.0	0	0.0	0	0.0		
Unique Binding	NOT Bound Only	HepG2	PCBP1_6	0.0001	0	0.0	0	0.0	0	0.0		
Unique Binding	NOT Bound Only	HepG2	PCBP1_6	0.001	0	0.0	0	0.0	0	0.0		
Unique Binding	NOT Bound Only	HepG2	PCBP1_6	0.01	0	0.0	0	0.0	0	0.0		
Unique Binding	NOT Bound Only	HepG2	PCBP1_6	0.1	0	0.0	0	0.0	0	0.0		
Unique Binding	NOT Bound Only	HepG2	PCBP2_1	0.0	9528	8.145956944753175	7859	0.07811788579712103	1669	-0.33893520771469	-0.26081732191756896	-0.6253815784492738
Unique Binding	NOT Bound Only	HepG2	PCBP2_1	1e-05	4226	3.613015748166134	2675	0.048693509294088	1551	-0.3381759386494224	-0.2894824293553344	-0.7482690372531144
Unique Binding	NOT Bound Only	HepG2	PCBP2_1	0.0001	1058	0.9045363609937931	0	0.0	1058	-0.3256215558551603	-0.3256215558551603	-1.0
Unique Binding	NOT Bound Only	HepG2	PCBP2_1	0.001	0	0.0	0	0.0	0	0.0		
Unique Binding	NOT Bound Only	HepG2	PCBP2_1	0.01	0	0.0	0	0.0	0	0.0		
Unique Binding	NOT Bound Only	HepG2	PCBP2_1	0.1	0	0.0	0	0.0	0	0.0		
Unique Binding	NOT Bound Only	HepG2	PCBP2_2	0.0	116407	100.0	116393	16.790657114952698	14	-0.0001234308517105157	16.790533684100986	0.9999852977827475
Unique Binding	NOT Bound Only	HepG2	PCBP2_2	1e-05	116381	99.97766457343631	116377	16.79054065944198	4	-6.516925572215681e-05	16.790475490186257	0.9999922374146129
Unique Binding	NOT Bound Only	HepG2	PCBP2_2	0.0001	96811	83.16596080991692	96811	15.180977999686032	0	0.0	15.180977999686032	1.0
Unique Binding	NOT Bound Only	HepG2	PCBP2_2	0.001	0	0.0	0	0.0	0	0.0		
Unique Binding	NOT Bound Only	HepG2	PCBP2_2	0.01	0	0.0	0	0.0	0	0.0		
Unique Binding	NOT Bound Only	HepG2	PCBP2_2	0.1	0	0.0	0	0.0	0	0.0		
Unique Binding	NOT Bound Only	HepG2	PCBP2_3	0.0	117004	100.0	116227	34.71013870857919	777	-0.12439811478902836	34.585740593790156	0.9928577712733886
Unique Binding	NOT Bound Only	HepG2	PCBP2_3	1e-05	116996	99.99316262691875	116225	34.71013323179367	771	-0.12437323027454948	34.58576000151912	0.9928591937761494
Unique Binding	NOT Bound Only	HepG2	PCBP2_3	0.0001	116704	99.74359850945267	116098	34.700650208583234	606	-0.11240942237432855	34.58824078620891	0.9935421118645735
Unique Binding	NOT Bound Only	HepG2	PCBP2_3	0.001	0	0.0	0	0.0	0	0.0		
Unique Binding	NOT Bound Only	HepG2	PCBP2_3	0.01	0	0.0	0	0.0	0	0.0		
Unique Binding	NOT Bound Only	HepG2	PCBP2_3	0.1	0	0.0	0	0.0	0	0.0		
Unique Binding	NOT Bound Only	HepG2	PCBP2_4	0.0	117193	100.0	114332	2.0912870817918665	2861	-0.06435775599041409	2.0269293258014525	0.9402890913545618
Unique Binding	NOT Bound Only	HepG2	PCBP2_4	1e-05	71852	61.31082914508546	70011	1.8134581106620753	1841	-0.06102136826272754	1.7524367423993477	0.9348924659364857
Unique Binding	NOT Bound Only	HepG2	PCBP2_4	0.0001	0	0.0	0	0.0	0	0.0		
Unique Binding	NOT Bound Only	HepG2	PCBP2_4	0.001	0	0.0	0	0.0	0	0.0		
Unique Binding	NOT Bound Only	HepG2	PCBP2_4	0.01	0	0.0	0	0.0	0	0.0		
Unique Binding	NOT Bound Only	HepG2	PCBP2_4	0.1	0	0.0	0	0.0	0	0.0		
Unique Binding	NOT Bound Only	HepG2	PCBP2_5	0.0	0	0.0	0	0.0	0	0.0		
Unique Binding	NOT Bound Only	HepG2	PCBP2_5	1e-05	0	0.0	0	0.0	0	0.0		
Unique Binding	NOT Bound Only	HepG2	PCBP2_5	0.0001	0	0.0	0	0.0	0	0.0		
Unique Binding	NOT Bound Only	HepG2	PCBP2_5	0.001	0	0.0	0	0.0	0	0.0		
Unique Binding	NOT Bound Only	HepG2	PCBP2_5	0.01	0	0.0	0	0.0	0	0.0		
Unique Binding	NOT Bound Only	HepG2	PCBP2_5	0.1	0	0.0	0	0.0	0	0.0		
Unique Binding	NOT Bound Only	HepG2	PCBP2_6	0.0	116850	100.0	116850	16.641327163408555	0	0.0	16.641327163408555	1.0
Unique Binding	NOT Bound Only	HepG2	PCBP2_6	1e-05	116813	99.96833547282841	116813	16.641020904716424	0	0.0	16.641020904716424	1.0
Unique Binding	NOT Bound Only	HepG2	PCBP2_6	0.0001	56190	48.087291399229784	56190	13.248546235305039	0	0.0	13.248546235305039	1.0
Unique Binding	NOT Bound Only	HepG2	PCBP2_6	0.001	292	0.24989302524604193	292	0.31748053766741835	0	0.0	0.31748053766741835	1.0
Unique Binding	NOT Bound Only	HepG2	PCBP2_6	0.01	0	0.0	0	0.0	0	0.0		
Unique Binding	NOT Bound Only	HepG2	PCBP2_6	0.1	0	0.0	0	0.0	0	0.0		
Unique Binding	NOT Bound Only	HepG2	POLR2G_1	0.0	0	0.0	0	0.0	0	0.0		
Unique Binding	NOT Bound Only	HepG2	POLR2G_1	1e-05	0	0.0	0	0.0	0	0.0		
Unique Binding	NOT Bound Only	HepG2	POLR2G_1	0.0001	0	0.0	0	0.0	0	0.0		
Unique Binding	NOT Bound Only	HepG2	POLR2G_1	0.001	0	0.0	0	0.0	0	0.0		
Unique Binding	NOT Bound Only	HepG2	POLR2G_1	0.01	0	0.0	0	0.0	0	0.0		
Unique Binding	NOT Bound Only	HepG2	POLR2G_1	0.1	0	0.0	0	0.0	0	0.0		
Unique Binding	NOT Bound Only	HepG2	POLR2G_2	0.0	0	0.0	0	0.0	0	0.0		
Unique Binding	NOT Bound Only	HepG2	POLR2G_2	1e-05	0	0.0	0	0.0	0	0.0		
Unique Binding	NOT Bound Only	HepG2	POLR2G_2	0.0001	0	0.0	0	0.0	0	0.0		
Unique Binding	NOT Bound Only	HepG2	POLR2G_2	0.001	0	0.0	0	0.0	0	0.0		
Unique Binding	NOT Bound Only	HepG2	POLR2G_2	0.01	0	0.0	0	0.0	0	0.0		
Unique Binding	NOT Bound Only	HepG2	POLR2G_2	0.1	0	0.0	0	0.0	0	0.0		
Unique Binding	NOT Bound Only	HepG2	POLR2G_3	0.0	0	0.0	0	0.0	0	0.0		
Unique Binding	NOT Bound Only	HepG2	POLR2G_3	1e-05	0	0.0	0	0.0	0	0.0		
Unique Binding	NOT Bound Only	HepG2	POLR2G_3	0.0001	0	0.0	0	0.0	0	0.0		
Unique Binding	NOT Bound Only	HepG2	POLR2G_3	0.001	0	0.0	0	0.0	0	0.0		
Unique Binding	NOT Bound Only	HepG2	POLR2G_3	0.01	0	0.0	0	0.0	0	0.0		
Unique Binding	NOT Bound Only	HepG2	POLR2G_3	0.1	0	0.0	0	0.0	0	0.0		
Unique Binding	NOT Bound Only	HepG2	POLR2G_4	0.0	0	0.0	0	0.0	0	0.0		
Unique Binding	NOT Bound Only	HepG2	POLR2G_4	1e-05	0	0.0	0	0.0	0	0.0		
Unique Binding	NOT Bound Only	HepG2	POLR2G_4	0.0001	0	0.0	0	0.0	0	0.0		
Unique Binding	NOT Bound Only	HepG2	POLR2G_4	0.001	0	0.0	0	0.0	0	0.0		
Unique Binding	NOT Bound Only	HepG2	POLR2G_4	0.01	0	0.0	0	0.0	0	0.0		
Unique Binding	NOT Bound Only	HepG2	POLR2G_4	0.1	0	0.0	0	0.0	0	0.0		
Unique Binding	NOT Bound Only	HepG2	POLR2G_5	0.0	0	0.0	0	0.0	0	0.0		
Unique Binding	NOT Bound Only	HepG2	POLR2G_5	1e-05	0	0.0	0	0.0	0	0.0		
Unique Binding	NOT Bound Only	HepG2	POLR2G_5	0.0001	0	0.0	0	0.0	0	0.0		
Unique Binding	NOT Bound Only	HepG2	POLR2G_5	0.001	0	0.0	0	0.0	0	0.0		
Unique Binding	NOT Bound Only	HepG2	POLR2G_5	0.01	0	0.0	0	0.0	0	0.0		
Unique Binding	NOT Bound Only	HepG2	POLR2G_5	0.1	0	0.0	0	0.0	0	0.0		
Unique Binding	NOT Bound Only	HepG2	POLR2G_6	0.0	0	0.0	0	0.0	0	0.0		
Unique Binding	NOT Bound Only	HepG2	POLR2G_6	1e-05	0	0.0	0	0.0	0	0.0		
Unique Binding	NOT Bound Only	HepG2	POLR2G_6	0.0001	0	0.0	0	0.0	0	0.0		
Unique Binding	NOT Bound Only	HepG2	POLR2G_6	0.001	0	0.0	0	0.0	0	0.0		
Unique Binding	NOT Bound Only	HepG2	POLR2G_6	0.01	0	0.0	0	0.0	0	0.0		
Unique Binding	NOT Bound Only	HepG2	POLR2G_6	0.1	0	0.0	0	0.0	0	0.0		
Unique Binding	NOT Bound Only	HepG2	PPIG_1	0.0	103205	100.0	19193	3.6025292149982366	84012	-14.4106445286038	-10.808115313605564	-0.6000117173934668
Unique Binding	NOT Bound Only	HepG2	PPIG_1	1e-05	98122	95.07485102465965	16962	3.591385796631085	81160	-14.396011826781992	-10.804626030150907	-0.6006775552727648
Unique Binding	NOT Bound Only	HepG2	PPIG_1	0.0001	67676	65.57434232837556	8581	3.224917104550446	59095	-13.106863413331055	-9.88194630878061	-0.6050746455942735
Unique Binding	NOT Bound Only	HepG2	PPIG_1	0.001	702	0.6801996027324257	356	0.4294897632033007	346	-0.6536553986268783	-0.2241656354235776	-0.20695807295562052
Unique Binding	NOT Bound Only	HepG2	PPIG_1	0.01	0	0.0	0	0.0	0	0.0		
Unique Binding	NOT Bound Only	HepG2	PPIG_1	0.1	0	0.0	0	0.0	0	0.0		
Unique Binding	NOT Bound Only	HepG2	PPIG_2	0.0	96699	100.0	95919	137.34252788241074	780	-0.15431542058561437	137.18821246182512	0.9977553605322333
Unique Binding	NOT Bound Only	HepG2	PPIG_2	1e-05	96607	99.9048594090942	95877	137.34232384517247	730	-0.15411029593276576	137.18821354923972	0.9977583375613276
Unique Binding	NOT Bound Only	HepG2	PPIG_2	0.0001	96053	99.33194758994406	95580	137.32621958943795	473	-0.13875994156146937	137.1874596478765	0.9979811593900515
Unique Binding	NOT Bound Only	HepG2	PPIG_2	0.001	54068	55.913711620595876	54053	110.51743993651525	15	-0.019789029630796522	110.49765090688445	0.9996419481505754
Unique Binding	NOT Bound Only	HepG2	PPIG_2	0.01	5	0.0051706842883587215	5	0.05708217065479763	0	0.0	0.05708217065479763	1.0
Unique Binding	NOT Bound Only	HepG2	PPIG_2	0.1	0	0.0	0	0.0	0	0.0		
Unique Binding	NOT Bound Only	HepG2	PPIG_3	0.0	104313	100.0	0	0.0	104313	-450.82266051914354	-450.82266051914354	-1.0
Unique Binding	NOT Bound Only	HepG2	PPIG_3	1e-05	104311	99.99808269343227	0	0.0	104311	-450.8226517925614	-450.8226517925614	-1.0
Unique Binding	NOT Bound Only	HepG2	PPIG_3	0.0001	104290	99.97795097447107	0	0.0	104290	-450.82152522195895	-450.82152522195895	-1.0
Unique Binding	NOT Bound Only	HepG2	PPIG_3	0.001	85874	82.32339209877964	0	0.0	85874	-438.74231082781586	-438.74231082781586	-1.0
Unique Binding	NOT Bound Only	HepG2	PPIG_3	0.01	9776	9.37179450308207	0	0.0	9776	-110.01401743469401	-110.01401743469401	-1.0
Unique Binding	NOT Bound Only	HepG2	PPIG_3	0.1	0	0.0	0	0.0	0	0.0		
Unique Binding	NOT Bound Only	HepG2	PPIG_4	0.0	99556	100.0	3	0.0005959459675685707	99553	-1141.9547590831612	-1141.9541631371937	-0.9999989562709876
Unique Binding	NOT Bound Only	HepG2	PPIG_4	1e-05	99556	100.0	3	0.0005959459675685707	99553	-1141.9547590831612	-1141.9541631371937	-0.9999989562709876
Unique Binding	NOT Bound Only	HepG2	PPIG_4	0.0001	99541	99.98493310297721	2	0.0005286039384982367	99539	-1141.9540268986837	-1141.9534982947453	-0.9999990742119538
Unique Binding	NOT Bound Only	HepG2	PPIG_4	0.001	97312	97.74599220539194	0	0.0	97312	-1140.3184811618848	-1140.3184811618848	-1.0
Unique Binding	NOT Bound Only	HepG2	PPIG_4	0.01	42512	42.701595082164815	0	0.0	42512	-892.9104410114987	-892.9104410114987	-1.0
Unique Binding	NOT Bound Only	HepG2	PPIG_4	0.1	0	0.0	0	0.0	0	0.0		
Unique Binding	NOT Bound Only	HepG2	PPIG_5	0.0	101708	100.0	19279	6.983371546489532	82429	-12.559724549072365	-5.576353002582834	-0.2853362115867191
Unique Binding	NOT Bound Only	HepG2	PPIG_5	1e-05	100174	98.49176072678648	18693	6.98013725827869	81481	-12.554535346044572	-5.574398087765882	-0.2853591765101914
Unique Binding	NOT Bound Only	HepG2	PPIG_5	0.0001	55136	54.21009163487631	14987	6.83331625630589	40149	-10.160973603169861	-3.3276573468639707	-0.19581032066535697
Unique Binding	NOT Bound Only	HepG2	PPIG_5	0.001	2172	2.135525229087191	1101	1.277407030823936	1071	-1.6619225197057896	-0.3845154888818536	-0.1308174133834555
Unique Binding	NOT Bound Only	HepG2	PPIG_5	0.01	0	0.0	0	0.0	0	0.0		
Unique Binding	NOT Bound Only	HepG2	PPIG_5	0.1	0	0.0	0	0.0	0	0.0		
Unique Binding	NOT Bound Only	HepG2	PPIG_6	0.0	96886	100.0	57872	6.116746412028403	39014	-19.769659251463388	-13.652912839434984	-0.5274163210186422
Unique Binding	NOT Bound Only	HepG2	PPIG_6	1e-05	93857	96.87364531511261	56073	6.106548673014761	37784	-19.76323252813233	-13.65668385511757	-0.5279010189120587
Unique Binding	NOT Bound Only	HepG2	PPIG_6	0.0001	43150	44.5368783931631	15765	3.9236978791272437	27385	-19.23971805947213	-15.316020180344886	-0.6612159545441813
Unique Binding	NOT Bound Only	HepG2	PPIG_6	0.001	4324	4.462977107115579	160	0.18806574168278228	4164	-10.67280831585983	-10.484742574177048	-0.965368212413406
Unique Binding	NOT Bound Only	HepG2	PPIG_6	0.01	30	0.03096422599756415	0	0.0	30	-0.3589187321579726	-0.3589187321579726	-1.0
Unique Binding	NOT Bound Only	HepG2	PPIG_6	0.1	0	0.0	0	0.0	0	0.0		
Unique Binding	NOT Bound Only	HepG2	PRPF4_1	0.0	23414	20.408803660928307	1605	0.0900871949084649	21809	-0.3916635261492326	-0.3015763312407677	-0.626000788496275
Unique Binding	NOT Bound Only	HepG2	PRPF4_1	1e-05	10782	9.398125953366748	1348	0.08825080335463581	9434	-0.34007119577088685	-0.25182039241625104	-0.5879230880748046
Unique Binding	NOT Bound Only	HepG2	PRPF4_1	0.0001	625	0.5447809980387884	294	0.05349244465863763	331	-0.03779011824375486	0.01570232641488277	0.17201890389156915
Unique Binding	NOT Bound Only	HepG2	PRPF4_1	0.001	0	0.0	0	0.0	0	0.0		
Unique Binding	NOT Bound Only	HepG2	PRPF4_1	0.01	0	0.0	0	0.0	0	0.0		
Unique Binding	NOT Bound Only	HepG2	PRPF4_1	0.1	0	0.0	0	0.0	0	0.0		
Unique Binding	NOT Bound Only	HepG2	PRPF4_2	0.0	111299	100.0	110060	52.66723624018139	1239	-0.6521348355647336	52.01510140461666	0.975538539843679
Unique Binding	NOT Bound Only	HepG2	PRPF4_2	1e-05	111239	99.94609115984869	110028	52.667059883239446	1211	-0.652015870829387	52.01504401241006	0.9755428667279691
Unique Binding	NOT Bound Only	HepG2	PRPF4_2	0.0001	110493	99.27582458063414	109418	52.62249044591152	1075	-0.6471951028976759	51.97529534301384	0.9757011855343252
Unique Binding	NOT Bound Only	HepG2	PRPF4_2	0.001	3535	3.1761291655810027	3378	4.336401111280702	157	-0.20951675298789296	4.126884358292809	0.9078220243992011
Unique Binding	NOT Bound Only	HepG2	PRPF4_2	0.01	0	0.0	0	0.0	0	0.0		
Unique Binding	NOT Bound Only	HepG2	PRPF4_2	0.1	0	0.0	0	0.0	0	0.0		
Unique Binding	NOT Bound Only	HepG2	PRPF4_3	0.0	114703	100.0	114703	12.086094599642749	0	0.0	12.086094599642749	1.0
Unique Binding	NOT Bound Only	HepG2	PRPF4_3	1e-05	114703	100.0	114703	12.086094599642749	0	0.0	12.086094599642749	1.0
Unique Binding	NOT Bound Only	HepG2	PRPF4_3	0.0001	48668	42.429578999677425	48668	8.211850651833583	0	0.0	8.211850651833583	1.0
Unique Binding	NOT Bound Only	HepG2	PRPF4_3	0.001	1	0.0008718167789857283	1	0.0010459905085174945	0	0.0	0.0010459905085174945	1.0
Unique Binding	NOT Bound Only	HepG2	PRPF4_3	0.01	0	0.0	0	0.0	0	0.0		
Unique Binding	NOT Bound Only	HepG2	PRPF4_3	0.1	0	0.0	0	0.0	0	0.0		
Unique Binding	NOT Bound Only	HepG2	PRPF4_4	0.0	115384	100.0	114884	2.9300648300910197	500	-0.01219604042808823	2.9178687896629314	0.9917097490910542
Unique Binding	NOT Bound Only	HepG2	PRPF4_4	1e-05	86152	74.66546488247937	85757	2.7294282007413675	395	-0.0118522279891363	2.7175759727522313	0.991352779624502
Unique Binding	NOT Bound Only	HepG2	PRPF4_4	0.0001	1203	1.0426055605629898	1203	0.1609047190189609	0	0.0	0.1609047190189609	1.0
Unique Binding	NOT Bound Only	HepG2	PRPF4_4	0.001	0	0.0	0	0.0	0	0.0		
Unique Binding	NOT Bound Only	HepG2	PRPF4_4	0.01	0	0.0	0	0.0	0	0.0		
Unique Binding	NOT Bound Only	HepG2	PRPF4_4	0.1	0	0.0	0	0.0	0	0.0		
Unique Binding	NOT Bound Only	HepG2	PRPF4_5	0.0	115176	100.0	4218	0.5837458689653849	110958	-39.42428936350445	-38.84054349453906	-0.9708185685413699
Unique Binding	NOT Bound Only	HepG2	PRPF4_5	1e-05	115105	99.93835521289157	4173	0.5834614664275243	110932	-39.424152892504374	-38.84069142607685	-0.9708324789779793
Unique Binding	NOT Bound Only	HepG2	PRPF4_5	0.0001	111834	97.09835382371327	2566	0.4679504325925895	109268	-39.29264901013899	-38.8246985775464	-0.9764616007227662
Unique Binding	NOT Bound Only	HepG2	PRPF4_5	0.001	2702	2.3459748558727513	0	0.0	2702	-3.2719093313591774	-3.2719093313591774	-1.0
Unique Binding	NOT Bound Only	HepG2	PRPF4_5	0.01	0	0.0	0	0.0	0	0.0		
Unique Binding	NOT Bound Only	HepG2	PRPF4_5	0.1	0	0.0	0	0.0	0	0.0		
Unique Binding	NOT Bound Only	HepG2	PRPF4_6	0.0	116189	100.0	115821	6.208025389964699	368	-0.014790695320202852	6.193234694644496	0.9952463016365923
Unique Binding	NOT Bound Only	HepG2	PRPF4_6	1e-05	116054	99.8838099992254	115755	6.207574147040497	299	-0.01439643636039769	6.193177710680099	0.9953723868773005
Unique Binding	NOT Bound Only	HepG2	PRPF4_6	0.0001	11268	9.697992064653281	11268	1.801171686498145	0	0.0	1.801171686498145	1.0
Unique Binding	NOT Bound Only	HepG2	PRPF4_6	0.001	0	0.0	0	0.0	0	0.0		
Unique Binding	NOT Bound Only	HepG2	PRPF4_6	0.01	0	0.0	0	0.0	0	0.0		
Unique Binding	NOT Bound Only	HepG2	PRPF4_6	0.1	0	0.0	0	0.0	0	0.0		
Unique Binding	NOT Bound Only	HepG2	PRPF8_1	0.0	114825	100.0	114825	79.52333928017555	0	0.0	79.52333928017555	1.0
Unique Binding	NOT Bound Only	HepG2	PRPF8_1	1e-05	114825	100.0	114825	79.52333928017555	0	0.0	79.52333928017555	1.0
Unique Binding	NOT Bound Only	HepG2	PRPF8_1	0.0001	114556	99.76573045939473	114556	79.50000980036789	0	0.0	79.50000980036789	1.0
Unique Binding	NOT Bound Only	HepG2	PRPF8_1	0.001	20719	18.043979969518833	20719	32.31779325270082	0	0.0	32.31779325270082	1.0
Unique Binding	NOT Bound Only	HepG2	PRPF8_1	0.01	0	0.0	0	0.0	0	0.0		
Unique Binding	NOT Bound Only	HepG2	PRPF8_1	0.1	0	0.0	0	0.0	0	0.0		
Unique Binding	NOT Bound Only	HepG2	PRPF8_2	0.0	77649	100.0	77455	308.76560072020686	194	-0.4524270384346279	308.31317368177224	0.9970737344021368
Unique Binding	NOT Bound Only	HepG2	PRPF8_2	1e-05	77647	99.99742430681657	77454	308.76559467686184	193	-0.4524181170140115	308.3131765598478	0.9970737919636292
Unique Binding	NOT Bound Only	HepG2	PRPF8_2	0.0001	77614	99.95492536929001	77434	308.76443070263406	180	-0.4517157694758337	308.31271493315825	0.9970783170631321
Unique Binding	NOT Bound Only	HepG2	PRPF8_2	0.001	74966	96.54470759443136	74847	306.8559804220384	119	-0.42512936426199505	306.4308510577764	0.9972329612805836
Unique Binding	NOT Bound Only	HepG2	PRPF8_2	0.01	568	0.7314968640935492	567	6.339113607662969	1	-0.014317762846503879	6.324795844816466	0.9954929039092287
Unique Binding	NOT Bound Only	HepG2	PRPF8_2	0.1	0	0.0	0	0.0	0	0.0		
Unique Binding	NOT Bound Only	HepG2	PRPF8_3	0.0	114317	100.0	0	0.0	114317	-23.169401422044132	-23.169401422044132	-1.0
Unique Binding	NOT Bound Only	HepG2	PRPF8_3	1e-05	114315	99.9982504789314	0	0.0	114315	-23.16938396524936	-23.16938396524936	-1.0
Unique Binding	NOT Bound Only	HepG2	PRPF8_3	0.0001	74974	65.58429629888818	0	0.0	74974	-20.60385490136296	-20.60385490136296	-1.0
Unique Binding	NOT Bound Only	HepG2	PRPF8_3	0.001	0	0.0	0	0.0	0	0.0		
Unique Binding	NOT Bound Only	HepG2	PRPF8_3	0.01	0	0.0	0	0.0	0	0.0		
Unique Binding	NOT Bound Only	HepG2	PRPF8_3	0.1	0	0.0	0	0.0	0	0.0		
Unique Binding	NOT Bound Only	HepG2	PRPF8_4	0.0	88597	100.0	242	0.10765843591817598	88355	-2149.5487727819154	-2149.4411143459974	-0.999899836611698
Unique Binding	NOT Bound Only	HepG2	PRPF8_4	1e-05	88590	99.99209905527276	237	0.10763525187131243	88353	-2149.548764315528	-2149.4411290636567	-0.9998998581802255
Unique Binding	NOT Bound Only	HepG2	PRPF8_4	0.0001	88494	99.88374324187049	204	0.10555913554661053	88290	-2149.545560729848	-2149.4400015943015	-0.9999017895187073
Unique Binding	NOT Bound Only	HepG2	PRPF8_4	0.001	87161	98.37917762452453	27	0.03728356509721165	87134	-2148.781129919527	-2148.7438463544295	-0.9999652985428052
Unique Binding	NOT Bound Only	HepG2	PRPF8_4	0.01	58984	66.57561768457171	0	0.0	58984	-2000.3364601046108	-2000.3364601046108	-1.0
Unique Binding	NOT Bound Only	HepG2	PRPF8_4	0.1	0	0.0	0	0.0	0	0.0		
Unique Binding	NOT Bound Only	HepG2	PRPF8_5	0.0	114493	100.0	31528	1.67547488397721	82965	-2.2394807774732386	-0.5640058934960286	-0.1440644396179625
Unique Binding	NOT Bound Only	HepG2	PRPF8_5	1e-05	107408	93.8118487593128	29619	1.6654940698018472	77789	-2.2009343355977906	-0.5354402657959434	-0.13848446412409382
Unique Binding	NOT Bound Only	HepG2	PRPF8_5	0.0001	9182	8.019704261395894	4587	0.7521582949029493	4595	-0.5911411780597646	0.16101711684318465	0.11986688008449328
Unique Binding	NOT Bound Only	HepG2	PRPF8_5	0.001	1	0.0008734158420165425	1	0.0010329795050124564	0	0.0	0.0010329795050124564	1.0
Unique Binding	NOT Bound Only	HepG2	PRPF8_5	0.01	0	0.0	0	0.0	0	0.0		
Unique Binding	NOT Bound Only	HepG2	PRPF8_5	0.1	0	0.0	0	0.0	0	0.0		
Unique Binding	NOT Bound Only	HepG2	PRPF8_6	0.0	92343	100.0	88243	130.4148871140012	4100	-2.6014620041349996	127.8134251098662	0.9608850788435856
Unique Binding	NOT Bound Only	HepG2	PRPF8_6	1e-05	92233	99.88087889715517	88191	130.4145864504726	4042	-2.6011706714447147	127.81341577902788	0.9608892851835503
Unique Binding	NOT Bound Only	HepG2	PRPF8_6	0.0001	91209	98.7719697215815	87735	130.3895479155543	3474	-2.5690373933542583	127.82051052220002	0.9613558253890037
Unique Binding	NOT Bound Only	HepG2	PRPF8_6	0.001	48921	52.97748611156232	48380	104.05186818542533	541	-1.4274460515847704	102.62442213384057	0.9729341044372488
Unique Binding	NOT Bound Only	HepG2	PRPF8_6	0.01	709	0.7677896537907584	705	9.659138916785995	4	-0.04890824987783589	9.610230666908159	0.9899241837131197
Unique Binding	NOT Bound Only	HepG2	PRPF8_6	0.1	0	0.0	0	0.0	0	0.0		
Unique Binding	NOT Bound Only	HepG2	PTBP1_1	0.0	0	0.0	0	0.0	0	0.0		
Unique Binding	NOT Bound Only	HepG2	PTBP1_1	1e-05	0	0.0	0	0.0	0	0.0		
Unique Binding	NOT Bound Only	HepG2	PTBP1_1	0.0001	0	0.0	0	0.0	0	0.0		
Unique Binding	NOT Bound Only	HepG2	PTBP1_1	0.001	0	0.0	0	0.0	0	0.0		
Unique Binding	NOT Bound Only	HepG2	PTBP1_1	0.01	0	0.0	0	0.0	0	0.0		
Unique Binding	NOT Bound Only	HepG2	PTBP1_1	0.1	0	0.0	0	0.0	0	0.0		
Unique Binding	NOT Bound Only	HepG2	PTBP1_2	0.0	0	0.0	0	0.0	0	0.0		
Unique Binding	NOT Bound Only	HepG2	PTBP1_2	1e-05	0	0.0	0	0.0	0	0.0		
Unique Binding	NOT Bound Only	HepG2	PTBP1_2	0.0001	0	0.0	0	0.0	0	0.0		
Unique Binding	NOT Bound Only	HepG2	PTBP1_2	0.001	0	0.0	0	0.0	0	0.0		
Unique Binding	NOT Bound Only	HepG2	PTBP1_2	0.01	0	0.0	0	0.0	0	0.0		
Unique Binding	NOT Bound Only	HepG2	PTBP1_2	0.1	0	0.0	0	0.0	0	0.0		
Unique Binding	NOT Bound Only	HepG2	PTBP1_3	0.0	117716	100.0	117716	189.9758987544383	0	0.0	189.9758987544383	1.0
Unique Binding	NOT Bound Only	HepG2	PTBP1_3	1e-05	117716	100.0	117716	189.9758987544383	0	0.0	189.9758987544383	1.0
Unique Binding	NOT Bound Only	HepG2	PTBP1_3	0.0001	117716	100.0	117716	189.9758987544383	0	0.0	189.9758987544383	1.0
Unique Binding	NOT Bound Only	HepG2	PTBP1_3	0.001	90271	76.68541234836385	90271	168.43979408801087	0	0.0	168.43979408801087	1.0
Unique Binding	NOT Bound Only	HepG2	PTBP1_3	0.01	0	0.0	0	0.0	0	0.0		
Unique Binding	NOT Bound Only	HepG2	PTBP1_3	0.1	0	0.0	0	0.0	0	0.0		
Unique Binding	NOT Bound Only	HepG2	PTBP1_4	0.0	0	0.0	0	0.0	0	0.0		
Unique Binding	NOT Bound Only	HepG2	PTBP1_4	1e-05	0	0.0	0	0.0	0	0.0		
Unique Binding	NOT Bound Only	HepG2	PTBP1_4	0.0001	0	0.0	0	0.0	0	0.0		
Unique Binding	NOT Bound Only	HepG2	PTBP1_4	0.001	0	0.0	0	0.0	0	0.0		
Unique Binding	NOT Bound Only	HepG2	PTBP1_4	0.01	0	0.0	0	0.0	0	0.0		
Unique Binding	NOT Bound Only	HepG2	PTBP1_4	0.1	0	0.0	0	0.0	0	0.0		
Unique Binding	NOT Bound Only	HepG2	PTBP1_5	0.0	0	0.0	0	0.0	0	0.0		
Unique Binding	NOT Bound Only	HepG2	PTBP1_5	1e-05	0	0.0	0	0.0	0	0.0		
Unique Binding	NOT Bound Only	HepG2	PTBP1_5	0.0001	0	0.0	0	0.0	0	0.0		
Unique Binding	NOT Bound Only	HepG2	PTBP1_5	0.001	0	0.0	0	0.0	0	0.0		
Unique Binding	NOT Bound Only	HepG2	PTBP1_5	0.01	0	0.0	0	0.0	0	0.0		
Unique Binding	NOT Bound Only	HepG2	PTBP1_5	0.1	0	0.0	0	0.0	0	0.0		
Unique Binding	NOT Bound Only	HepG2	PTBP1_6	0.0	0	0.0	0	0.0	0	0.0		
Unique Binding	NOT Bound Only	HepG2	PTBP1_6	1e-05	0	0.0	0	0.0	0	0.0		
Unique Binding	NOT Bound Only	HepG2	PTBP1_6	0.0001	0	0.0	0	0.0	0	0.0		
Unique Binding	NOT Bound Only	HepG2	PTBP1_6	0.001	0	0.0	0	0.0	0	0.0		
Unique Binding	NOT Bound Only	HepG2	PTBP1_6	0.01	0	0.0	0	0.0	0	0.0		
Unique Binding	NOT Bound Only	HepG2	PTBP1_6	0.1	0	0.0	0	0.0	0	0.0		
Unique Binding	NOT Bound Only	HepG2	QKI_1	0.0	0	0.0	0	0.0	0	0.0		
Unique Binding	NOT Bound Only	HepG2	QKI_1	1e-05	0	0.0	0	0.0	0	0.0		
Unique Binding	NOT Bound Only	HepG2	QKI_1	0.0001	0	0.0	0	0.0	0	0.0		
Unique Binding	NOT Bound Only	HepG2	QKI_1	0.001	0	0.0	0	0.0	0	0.0		
Unique Binding	NOT Bound Only	HepG2	QKI_1	0.01	0	0.0	0	0.0	0	0.0		
Unique Binding	NOT Bound Only	HepG2	QKI_1	0.1	0	0.0	0	0.0	0	0.0		
Unique Binding	NOT Bound Only	HepG2	QKI_2	0.0	117692	100.0	117651	1.5421873121021217	41	-5.698707604074305e-05	1.542130325026081	0.9999260985097224
Unique Binding	NOT Bound Only	HepG2	QKI_2	1e-05	53558	45.50691635795126	53558	1.1827065191059027	0	0.0	1.1827065191059027	1.0
Unique Binding	NOT Bound Only	HepG2	QKI_2	0.0001	641	0.5446419467763314	641	0.09044727612036974	0	0.0	0.09044727612036974	1.0
Unique Binding	NOT Bound Only	HepG2	QKI_2	0.001	0	0.0	0	0.0	0	0.0		
Unique Binding	NOT Bound Only	HepG2	QKI_2	0.01	0	0.0	0	0.0	0	0.0		
Unique Binding	NOT Bound Only	HepG2	QKI_2	0.1	0	0.0	0	0.0	0	0.0		
Unique Binding	NOT Bound Only	HepG2	QKI_3	0.0	0	0.0	0	0.0	0	0.0		
Unique Binding	NOT Bound Only	HepG2	QKI_3	1e-05	0	0.0	0	0.0	0	0.0		
Unique Binding	NOT Bound Only	HepG2	QKI_3	0.0001	0	0.0	0	0.0	0	0.0		
Unique Binding	NOT Bound Only	HepG2	QKI_3	0.001	0	0.0	0	0.0	0	0.0		
Unique Binding	NOT Bound Only	HepG2	QKI_3	0.01	0	0.0	0	0.0	0	0.0		
Unique Binding	NOT Bound Only	HepG2	QKI_3	0.1	0	0.0	0	0.0	0	0.0		
Unique Binding	NOT Bound Only	HepG2	QKI_4	0.0	117527	100.0	117527	181.8608129863385	0	0.0	181.8608129863385	1.0
Unique Binding	NOT Bound Only	HepG2	QKI_4	1e-05	117527	100.0	117527	181.8608129863385	0	0.0	181.8608129863385	1.0
Unique Binding	NOT Bound Only	HepG2	QKI_4	0.0001	117527	100.0	117527	181.8608129863385	0	0.0	181.8608129863385	1.0
Unique Binding	NOT Bound Only	HepG2	QKI_4	0.001	97408	82.88138044874795	97408	164.99508776281888	0	0.0	164.99508776281888	1.0
Unique Binding	NOT Bound Only	HepG2	QKI_4	0.01	0	0.0	0	0.0	0	0.0		
Unique Binding	NOT Bound Only	HepG2	QKI_4	0.1	0	0.0	0	0.0	0	0.0		
Unique Binding	NOT Bound Only	HepG2	QKI_5	0.0	0	0.0	0	0.0	0	0.0		
Unique Binding	NOT Bound Only	HepG2	QKI_5	1e-05	0	0.0	0	0.0	0	0.0		
Unique Binding	NOT Bound Only	HepG2	QKI_5	0.0001	0	0.0	0	0.0	0	0.0		
Unique Binding	NOT Bound Only	HepG2	QKI_5	0.001	0	0.0	0	0.0	0	0.0		
Unique Binding	NOT Bound Only	HepG2	QKI_5	0.01	0	0.0	0	0.0	0	0.0		
Unique Binding	NOT Bound Only	HepG2	QKI_5	0.1	0	0.0	0	0.0	0	0.0		
Unique Binding	NOT Bound Only	HepG2	QKI_6	0.0	0	0.0	0	0.0	0	0.0		
Unique Binding	NOT Bound Only	HepG2	QKI_6	1e-05	0	0.0	0	0.0	0	0.0		
Unique Binding	NOT Bound Only	HepG2	QKI_6	0.0001	0	0.0	0	0.0	0	0.0		
Unique Binding	NOT Bound Only	HepG2	QKI_6	0.001	0	0.0	0	0.0	0	0.0		
Unique Binding	NOT Bound Only	HepG2	QKI_6	0.01	0	0.0	0	0.0	0	0.0		
Unique Binding	NOT Bound Only	HepG2	QKI_6	0.1	0	0.0	0	0.0	0	0.0		
Unique Binding	NOT Bound Only	HepG2	RBFOX2_1	0.0	6450	5.510512691266051	2620	0.03196835864001065	3830	-0.043274126445419434	-0.011305767805408783	-0.150257767171994
Unique Binding	NOT Bound Only	HepG2	RBFOX2_1	1e-05	2887	2.4664883937496263	1219	0.023095759323755762	1668	-0.030767062026068485	-0.007671302702312723	-0.14242296467334523
Unique Binding	NOT Bound Only	HepG2	RBFOX2_1	0.0001	0	0.0	0	0.0	0	0.0		
Unique Binding	NOT Bound Only	HepG2	RBFOX2_1	0.001	0	0.0	0	0.0	0	0.0		
Unique Binding	NOT Bound Only	HepG2	RBFOX2_1	0.01	0	0.0	0	0.0	0	0.0		
Unique Binding	NOT Bound Only	HepG2	RBFOX2_1	0.1	0	0.0	0	0.0	0	0.0		
Unique Binding	NOT Bound Only	HepG2	RBFOX2_2	0.0	115367	100.0	11266	1.0541921067957993	104101	-1.8128658850224262	-0.7586737782266268	-0.2646175209541166
Unique Binding	NOT Bound Only	HepG2	RBFOX2_2	1e-05	34546	29.944438184229462	8293	1.0414982202083174	26253	-1.5393702986890165	-0.49787207848069914	-0.19290873395341082
Unique Binding	NOT Bound Only	HepG2	RBFOX2_2	0.0001	5424	4.701517765045463	3252	0.859303100252508	2172	-0.9524831295315543	-0.09318002927904634	-0.051429924649638165
Unique Binding	NOT Bound Only	HepG2	RBFOX2_2	0.001	31	0.026870768937391105	0	0.0	31	-0.03251666685180204	-0.03251666685180204	-1.0
Unique Binding	NOT Bound Only	HepG2	RBFOX2_2	0.01	0	0.0	0	0.0	0	0.0		
Unique Binding	NOT Bound Only	HepG2	RBFOX2_2	0.1	0	0.0	0	0.0	0	0.0		
Unique Binding	NOT Bound Only	HepG2	RBFOX2_3	0.0	116390	100.0	2528	0.2487375788056042	113862	-43.648621360336655	-43.39988378153105	-0.9886673100698179
Unique Binding	NOT Bound Only	HepG2	RBFOX2_3	1e-05	116352	99.96735114700576	2528	0.2487375788056042	113824	-43.64832244134575	-43.399584862540145	-0.9886672328993596
Unique Binding	NOT Bound Only	HepG2	RBFOX2_3	0.0001	104688	89.94587163845691	742	0.1443090599862748	103946	-42.975351336344325	-42.83104227635805	-0.9933065771548351
Unique Binding	NOT Bound Only	HepG2	RBFOX2_3	0.001	1748	1.5018472377352008	0	0.0	1748	-2.051375232666145	-2.051375232666145	-1.0
Unique Binding	NOT Bound Only	HepG2	RBFOX2_3	0.01	0	0.0	0	0.0	0	0.0		
Unique Binding	NOT Bound Only	HepG2	RBFOX2_3	0.1	0	0.0	0	0.0	0	0.0		
Unique Binding	NOT Bound Only	HepG2	RBFOX2_4	0.0	115809	100.0	115803	90.64956142702435	6	-1.6889677109312528e-05	90.64954453734724	0.9999996273633606
Unique Binding	NOT Bound Only	HepG2	RBFOX2_4	1e-05	115799	99.99136509252303	115799	90.64954603794811	0	0.0	90.64954603794811	1.0
Unique Binding	NOT Bound Only	HepG2	RBFOX2_4	0.0001	114785	99.11578547435865	114785	90.57837331580234	0	0.0	90.57837331580234	1.0
Unique Binding	NOT Bound Only	HepG2	RBFOX2_4	0.001	35675	30.805032424077577	35675	53.05750517161124	0	0.0	53.05750517161124	1.0
Unique Binding	NOT Bound Only	HepG2	RBFOX2_4	0.01	0	0.0	0	0.0	0	0.0		
Unique Binding	NOT Bound Only	HepG2	RBFOX2_4	0.1	0	0.0	0	0.0	0	0.0		
Unique Binding	NOT Bound Only	HepG2	RBFOX2_5	0.0	116791	100.0	116791	20.918492495744363	0	0.0	20.918492495744363	1.0
Unique Binding	NOT Bound Only	HepG2	RBFOX2_5	1e-05	116791	100.0	116791	20.918492495744363	0	0.0	20.918492495744363	1.0
Unique Binding	NOT Bound Only	HepG2	RBFOX2_5	0.0001	84388	72.25556763791731	84388	18.49812776650621	0	0.0	18.49812776650621	1.0
Unique Binding	NOT Bound Only	HepG2	RBFOX2_5	0.001	195	0.16696492024214196	195	0.21686363699367184	0	0.0	0.21686363699367184	1.0
Unique Binding	NOT Bound Only	HepG2	RBFOX2_5	0.01	0	0.0	0	0.0	0	0.0		
Unique Binding	NOT Bound Only	HepG2	RBFOX2_5	0.1	0	0.0	0	0.0	0	0.0		
Unique Binding	NOT Bound Only	HepG2	RBFOX2_6	0.0	12344	10.574287280701753	4984	0.03232076252444534	7360	-0.15446042547233405	-0.12213966294788871	-0.6539184393130357
Unique Binding	NOT Bound Only	HepG2	RBFOX2_6	1e-05	3961	3.393126370614035	922	0.015548947088352968	3039	-0.13892116572553997	-0.123372218637187	-0.7986801873177047
Unique Binding	NOT Bound Only	HepG2	RBFOX2_6	0.0001	378	0.3238075657894737	0	0.0	378	-0.08575620489636529	-0.08575620489636529	-1.0
Unique Binding	NOT Bound Only	HepG2	RBFOX2_6	0.001	0	0.0	0	0.0	0	0.0		
Unique Binding	NOT Bound Only	HepG2	RBFOX2_6	0.01	0	0.0	0	0.0	0	0.0		
Unique Binding	NOT Bound Only	HepG2	RBFOX2_6	0.1	0	0.0	0	0.0	0	0.0		
Unique Binding	NOT Bound Only	HepG2	RBM15_1	0.0	0	0.0	0	0.0	0	0.0		
Unique Binding	NOT Bound Only	HepG2	RBM15_1	1e-05	0	0.0	0	0.0	0	0.0		
Unique Binding	NOT Bound Only	HepG2	RBM15_1	0.0001	0	0.0	0	0.0	0	0.0		
Unique Binding	NOT Bound Only	HepG2	RBM15_1	0.001	0	0.0	0	0.0	0	0.0		
Unique Binding	NOT Bound Only	HepG2	RBM15_1	0.01	0	0.0	0	0.0	0	0.0		
Unique Binding	NOT Bound Only	HepG2	RBM15_1	0.1	0	0.0	0	0.0	0	0.0		
Unique Binding	NOT Bound Only	HepG2	RBM15_2	0.0	0	0.0	0	0.0	0	0.0		
Unique Binding	NOT Bound Only	HepG2	RBM15_2	1e-05	0	0.0	0	0.0	0	0.0		
Unique Binding	NOT Bound Only	HepG2	RBM15_2	0.0001	0	0.0	0	0.0	0	0.0		
Unique Binding	NOT Bound Only	HepG2	RBM15_2	0.001	0	0.0	0	0.0	0	0.0		
Unique Binding	NOT Bound Only	HepG2	RBM15_2	0.01	0	0.0	0	0.0	0	0.0		
Unique Binding	NOT Bound Only	HepG2	RBM15_2	0.1	0	0.0	0	0.0	0	0.0		
Unique Binding	NOT Bound Only	HepG2	RBM15_3	0.0	0	0.0	0	0.0	0	0.0		
Unique Binding	NOT Bound Only	HepG2	RBM15_3	1e-05	0	0.0	0	0.0	0	0.0		
Unique Binding	NOT Bound Only	HepG2	RBM15_3	0.0001	0	0.0	0	0.0	0	0.0		
Unique Binding	NOT Bound Only	HepG2	RBM15_3	0.001	0	0.0	0	0.0	0	0.0		
Unique Binding	NOT Bound Only	HepG2	RBM15_3	0.01	0	0.0	0	0.0	0	0.0		
Unique Binding	NOT Bound Only	HepG2	RBM15_3	0.1	0	0.0	0	0.0	0	0.0		
Unique Binding	NOT Bound Only	HepG2	RBM15_4	0.0	0	0.0	0	0.0	0	0.0		
Unique Binding	NOT Bound Only	HepG2	RBM15_4	1e-05	0	0.0	0	0.0	0	0.0		
Unique Binding	NOT Bound Only	HepG2	RBM15_4	0.0001	0	0.0	0	0.0	0	0.0		
Unique Binding	NOT Bound Only	HepG2	RBM15_4	0.001	0	0.0	0	0.0	0	0.0		
Unique Binding	NOT Bound Only	HepG2	RBM15_4	0.01	0	0.0	0	0.0	0	0.0		
Unique Binding	NOT Bound Only	HepG2	RBM15_4	0.1	0	0.0	0	0.0	0	0.0		
Unique Binding	NOT Bound Only	HepG2	RBM15_5	0.0	0	0.0	0	0.0	0	0.0		
Unique Binding	NOT Bound Only	HepG2	RBM15_5	1e-05	0	0.0	0	0.0	0	0.0		
Unique Binding	NOT Bound Only	HepG2	RBM15_5	0.0001	0	0.0	0	0.0	0	0.0		
Unique Binding	NOT Bound Only	HepG2	RBM15_5	0.001	0	0.0	0	0.0	0	0.0		
Unique Binding	NOT Bound Only	HepG2	RBM15_5	0.01	0	0.0	0	0.0	0	0.0		
Unique Binding	NOT Bound Only	HepG2	RBM15_5	0.1	0	0.0	0	0.0	0	0.0		
Unique Binding	NOT Bound Only	HepG2	RBM15_6	0.0	0	0.0	0	0.0	0	0.0		
Unique Binding	NOT Bound Only	HepG2	RBM15_6	1e-05	0	0.0	0	0.0	0	0.0		
Unique Binding	NOT Bound Only	HepG2	RBM15_6	0.0001	0	0.0	0	0.0	0	0.0		
Unique Binding	NOT Bound Only	HepG2	RBM15_6	0.001	0	0.0	0	0.0	0	0.0		
Unique Binding	NOT Bound Only	HepG2	RBM15_6	0.01	0	0.0	0	0.0	0	0.0		
Unique Binding	NOT Bound Only	HepG2	RBM15_6	0.1	0	0.0	0	0.0	0	0.0		
Unique Binding	NOT Bound Only	HepG2	RBM22_1	0.0	0	0.0	0	0.0	0	0.0		
Unique Binding	NOT Bound Only	HepG2	RBM22_1	1e-05	0	0.0	0	0.0	0	0.0		
Unique Binding	NOT Bound Only	HepG2	RBM22_1	0.0001	0	0.0	0	0.0	0	0.0		
Unique Binding	NOT Bound Only	HepG2	RBM22_1	0.001	0	0.0	0	0.0	0	0.0		
Unique Binding	NOT Bound Only	HepG2	RBM22_1	0.01	0	0.0	0	0.0	0	0.0		
Unique Binding	NOT Bound Only	HepG2	RBM22_1	0.1	0	0.0	0	0.0	0	0.0		
Unique Binding	NOT Bound Only	HepG2	RBM22_2	0.0	110540	100.0	110518	351.9050936997864	22	-0.02125315932762528	351.8838405404588	0.9998792181402882
Unique Binding	NOT Bound Only	HepG2	RBM22_2	1e-05	110539	99.99909535009951	110517	351.9050879125972	22	-0.02125315932762528	351.8838347532696	0.999879218138302
Unique Binding	NOT Bound Only	HepG2	RBM22_2	0.0001	110534	99.99457210059707	110512	351.90474923627323	22	-0.02125315932762528	351.8834960769456	0.9998792180220675
Unique Binding	NOT Bound Only	HepG2	RBM22_2	0.001	109101	98.69820879319703	109093	350.7890943882365	8	-0.013343002083803991	350.7757513861527	0.9999239286808663
Unique Binding	NOT Bound Only	HepG2	RBM22_2	0.01	0	0.0	0	0.0	0	0.0		
Unique Binding	NOT Bound Only	HepG2	RBM22_2	0.1	0	0.0	0	0.0	0	0.0		
Unique Binding	NOT Bound Only	HepG2	RBM22_3	0.0	0	0.0	0	0.0	0	0.0		
Unique Binding	NOT Bound Only	HepG2	RBM22_3	1e-05	0	0.0	0	0.0	0	0.0		
Unique Binding	NOT Bound Only	HepG2	RBM22_3	0.0001	0	0.0	0	0.0	0	0.0		
Unique Binding	NOT Bound Only	HepG2	RBM22_3	0.001	0	0.0	0	0.0	0	0.0		
Unique Binding	NOT Bound Only	HepG2	RBM22_3	0.01	0	0.0	0	0.0	0	0.0		
Unique Binding	NOT Bound Only	HepG2	RBM22_3	0.1	0	0.0	0	0.0	0	0.0		
Unique Binding	NOT Bound Only	HepG2	RBM22_4	0.0	0	0.0	0	0.0	0	0.0		
Unique Binding	NOT Bound Only	HepG2	RBM22_4	1e-05	0	0.0	0	0.0	0	0.0		
Unique Binding	NOT Bound Only	HepG2	RBM22_4	0.0001	0	0.0	0	0.0	0	0.0		
Unique Binding	NOT Bound Only	HepG2	RBM22_4	0.001	0	0.0	0	0.0	0	0.0		
Unique Binding	NOT Bound Only	HepG2	RBM22_4	0.01	0	0.0	0	0.0	0	0.0		
Unique Binding	NOT Bound Only	HepG2	RBM22_4	0.1	0	0.0	0	0.0	0	0.0		
Unique Binding	NOT Bound Only	HepG2	RBM22_5	0.0	0	0.0	0	0.0	0	0.0		
Unique Binding	NOT Bound Only	HepG2	RBM22_5	1e-05	0	0.0	0	0.0	0	0.0		
Unique Binding	NOT Bound Only	HepG2	RBM22_5	0.0001	0	0.0	0	0.0	0	0.0		
Unique Binding	NOT Bound Only	HepG2	RBM22_5	0.001	0	0.0	0	0.0	0	0.0		
Unique Binding	NOT Bound Only	HepG2	RBM22_5	0.01	0	0.0	0	0.0	0	0.0		
Unique Binding	NOT Bound Only	HepG2	RBM22_5	0.1	0	0.0	0	0.0	0	0.0		
Unique Binding	NOT Bound Only	HepG2	RBM22_6	0.0	114385	100.0	114385	85.63713871278544	0	0.0	85.63713871278544	1.0
Unique Binding	NOT Bound Only	HepG2	RBM22_6	1e-05	114385	100.0	114385	85.63713871278544	0	0.0	85.63713871278544	1.0
Unique Binding	NOT Bound Only	HepG2	RBM22_6	0.0001	114376	99.99213183546793	114376	85.63631305839672	0	0.0	85.63631305839672	1.0
Unique Binding	NOT Bound Only	HepG2	RBM22_6	0.001	34037	29.756524019757833	34037	45.825899519145544	0	0.0	45.825899519145544	1.0
Unique Binding	NOT Bound Only	HepG2	RBM22_6	0.01	0	0.0	0	0.0	0	0.0		
Unique Binding	NOT Bound Only	HepG2	RBM22_6	0.1	0	0.0	0	0.0	0	0.0		
Unique Binding	NOT Bound Only	HepG2	RBM5_1	0.0	117026	100.0	117026	38.022161566873024	0	0.0	38.022161566873024	1.0
Unique Binding	NOT Bound Only	HepG2	RBM5_1	1e-05	117026	100.0	117026	38.022161566873024	0	0.0	38.022161566873024	1.0
Unique Binding	NOT Bound Only	HepG2	RBM5_1	0.0001	116892	99.88549553090766	116892	38.01096667233617	0	0.0	38.01096667233617	1.0
Unique Binding	NOT Bound Only	HepG2	RBM5_1	0.001	28	0.023926306974518485	28	0.03147110848499706	0	0.0	0.03147110848499706	1.0
Unique Binding	NOT Bound Only	HepG2	RBM5_1	0.01	0	0.0	0	0.0	0	0.0		
Unique Binding	NOT Bound Only	HepG2	RBM5_1	0.1	0	0.0	0	0.0	0	0.0		
Unique Binding	NOT Bound Only	HepG2	RBM5_2	0.0	0	0.0	0	0.0	0	0.0		
Unique Binding	NOT Bound Only	HepG2	RBM5_2	1e-05	0	0.0	0	0.0	0	0.0		
Unique Binding	NOT Bound Only	HepG2	RBM5_2	0.0001	0	0.0	0	0.0	0	0.0		
Unique Binding	NOT Bound Only	HepG2	RBM5_2	0.001	0	0.0	0	0.0	0	0.0		
Unique Binding	NOT Bound Only	HepG2	RBM5_2	0.01	0	0.0	0	0.0	0	0.0		
Unique Binding	NOT Bound Only	HepG2	RBM5_2	0.1	0	0.0	0	0.0	0	0.0		
Unique Binding	NOT Bound Only	HepG2	RBM5_3	0.0	116983	100.0	0	0.0	116983	-35.40473300323011	-35.40473300323011	-1.0
Unique Binding	NOT Bound Only	HepG2	RBM5_3	1e-05	116958	99.97862937349872	0	0.0	116958	-35.40450693169896	-35.40450693169896	-1.0
Unique Binding	NOT Bound Only	HepG2	RBM5_3	0.0001	84467	72.20450834736671	0	0.0	84467	-33.36085084955574	-33.36085084955574	-1.0
Unique Binding	NOT Bound Only	HepG2	RBM5_3	0.001	588	0.5026371353102588	0	0.0	588	-0.5925917719769154	-0.5925917719769154	-1.0
Unique Binding	NOT Bound Only	HepG2	RBM5_3	0.01	0	0.0	0	0.0	0	0.0		
Unique Binding	NOT Bound Only	HepG2	RBM5_3	0.1	0	0.0	0	0.0	0	0.0		
Unique Binding	NOT Bound Only	HepG2	RBM5_4	0.0	0	0.0	0	0.0	0	0.0		
Unique Binding	NOT Bound Only	HepG2	RBM5_4	1e-05	0	0.0	0	0.0	0	0.0		
Unique Binding	NOT Bound Only	HepG2	RBM5_4	0.0001	0	0.0	0	0.0	0	0.0		
Unique Binding	NOT Bound Only	HepG2	RBM5_4	0.001	0	0.0	0	0.0	0	0.0		
Unique Binding	NOT Bound Only	HepG2	RBM5_4	0.01	0	0.0	0	0.0	0	0.0		
Unique Binding	NOT Bound Only	HepG2	RBM5_4	0.1	0	0.0	0	0.0	0	0.0		
Unique Binding	NOT Bound Only	HepG2	RBM5_5	0.0	0	0.0	0	0.0	0	0.0		
Unique Binding	NOT Bound Only	HepG2	RBM5_5	1e-05	0	0.0	0	0.0	0	0.0		
Unique Binding	NOT Bound Only	HepG2	RBM5_5	0.0001	0	0.0	0	0.0	0	0.0		
Unique Binding	NOT Bound Only	HepG2	RBM5_5	0.001	0	0.0	0	0.0	0	0.0		
Unique Binding	NOT Bound Only	HepG2	RBM5_5	0.01	0	0.0	0	0.0	0	0.0		
Unique Binding	NOT Bound Only	HepG2	RBM5_5	0.1	0	0.0	0	0.0	0	0.0		
Unique Binding	NOT Bound Only	HepG2	RBM5_6	0.0	0	0.0	0	0.0	0	0.0		
Unique Binding	NOT Bound Only	HepG2	RBM5_6	1e-05	0	0.0	0	0.0	0	0.0		
Unique Binding	NOT Bound Only	HepG2	RBM5_6	0.0001	0	0.0	0	0.0	0	0.0		
Unique Binding	NOT Bound Only	HepG2	RBM5_6	0.001	0	0.0	0	0.0	0	0.0		
Unique Binding	NOT Bound Only	HepG2	RBM5_6	0.01	0	0.0	0	0.0	0	0.0		
Unique Binding	NOT Bound Only	HepG2	RBM5_6	0.1	0	0.0	0	0.0	0	0.0		
Unique Binding	NOT Bound Only	HepG2	RPS3_1	0.0	112839	100.0	112376	2.321775999817887	463	-0.1042707247581928	2.217505275059694	0.9140406293894339
Unique Binding	NOT Bound Only	HepG2	RPS3_1	1e-05	107499	95.26759365113125	107043	2.2774247619349404	456	-0.10425082579110695	2.1731739361438334	0.9124558975803732
Unique Binding	NOT Bound Only	HepG2	RPS3_1	0.0001	1572	1.3931353521388883	1230	0.200447854961448	342	-0.09789305195489921	0.1025548030065488	0.3437503896685025
Unique Binding	NOT Bound Only	HepG2	RPS3_1	0.001	0	0.0	0	0.0	0	0.0		
Unique Binding	NOT Bound Only	HepG2	RPS3_1	0.01	0	0.0	0	0.0	0	0.0		
Unique Binding	NOT Bound Only	HepG2	RPS3_1	0.1	0	0.0	0	0.0	0	0.0		
Unique Binding	NOT Bound Only	HepG2	RPS3_2	0.0	112283	100.0	112273	136.46699340532197	10	-0.00016834292061171483	136.46682506240137	0.9999975328435289
Unique Binding	NOT Bound Only	HepG2	RPS3_2	1e-05	112282	99.99910939322962	112273	136.46699340532197	9	-0.00015926379657966707	136.4668341415254	0.9999976659028424
Unique Binding	NOT Bound Only	HepG2	RPS3_2	0.0001	111519	99.31957642742	111519	136.4110119580381	0	0.0	136.4110119580381	1.0
Unique Binding	NOT Bound Only	HepG2	RPS3_2	0.001	54422	48.46860165830981	54422	100.06898048125895	0	0.0	100.06898048125895	1.0
Unique Binding	NOT Bound Only	HepG2	RPS3_2	0.01	0	0.0	0	0.0	0	0.0		
Unique Binding	NOT Bound Only	HepG2	RPS3_2	0.1	0	0.0	0	0.0	0	0.0		
Unique Binding	NOT Bound Only	HepG2	RPS3_3	0.0	112601	100.0	0	0.0	112601	-420.4708950256408	-420.4708950256408	-1.0
Unique Binding	NOT Bound Only	HepG2	RPS3_3	1e-05	112601	100.0	0	0.0	112601	-420.4708950256408	-420.4708950256408	-1.0
Unique Binding	NOT Bound Only	HepG2	RPS3_3	0.0001	112601	100.0	0	0.0	112601	-420.4708950256408	-420.4708950256408	-1.0
Unique Binding	NOT Bound Only	HepG2	RPS3_3	0.001	101834	90.43791795809983	0	0.0	101834	-412.10289460299737	-412.10289460299737	-1.0
Unique Binding	NOT Bound Only	HepG2	RPS3_3	0.01	984	0.8738821147236703	0	0.0	984	-10.632054820570875	-10.632054820570875	-1.0
Unique Binding	NOT Bound Only	HepG2	RPS3_3	0.1	0	0.0	0	0.0	0	0.0		
Unique Binding	NOT Bound Only	HepG2	RPS3_4	0.0	113007	100.0	0	0.0	113007	-238.13192278434374	-238.13192278434374	-1.0
Unique Binding	NOT Bound Only	HepG2	RPS3_4	1e-05	113007	100.0	0	0.0	113007	-238.13192278434374	-238.13192278434374	-1.0
Unique Binding	NOT Bound Only	HepG2	RPS3_4	0.0001	113007	100.0	0	0.0	113007	-238.13192278434374	-238.13192278434374	-1.0
Unique Binding	NOT Bound Only	HepG2	RPS3_4	0.001	81552	72.16544107887121	0	0.0	81552	-215.42963828824287	-215.42963828824287	-1.0
Unique Binding	NOT Bound Only	HepG2	RPS3_4	0.01	0	0.0	0	0.0	0	0.0		
Unique Binding	NOT Bound Only	HepG2	RPS3_4	0.1	0	0.0	0	0.0	0	0.0		
Unique Binding	NOT Bound Only	HepG2	RPS3_5	0.0	112539	100.0	112539	200.72286762848051	0	0.0	200.72286762848051	1.0
Unique Binding	NOT Bound Only	HepG2	RPS3_5	1e-05	112539	100.0	112539	200.72286762848051	0	0.0	200.72286762848051	1.0
Unique Binding	NOT Bound Only	HepG2	RPS3_5	0.0001	112539	100.0	112539	200.72286762848051	0	0.0	200.72286762848051	1.0
Unique Binding	NOT Bound Only	HepG2	RPS3_5	0.001	101609	90.28781133651445	101609	191.7655950797808	0	0.0	191.7655950797808	1.0
Unique Binding	NOT Bound Only	HepG2	RPS3_5	0.01	0	0.0	0	0.0	0	0.0		
Unique Binding	NOT Bound Only	HepG2	RPS3_5	0.1	0	0.0	0	0.0	0	0.0		
Unique Binding	NOT Bound Only	HepG2	RPS3_6	0.0	113536	100.0	113536	157.44630707742104	0	0.0	157.44630707742104	1.0
Unique Binding	NOT Bound Only	HepG2	RPS3_6	1e-05	113536	100.0	113536	157.44630707742104	0	0.0	157.44630707742104	1.0
Unique Binding	NOT Bound Only	HepG2	RPS3_6	0.0001	113536	100.0	113536	157.44630707742104	0	0.0	157.44630707742104	1.0
Unique Binding	NOT Bound Only	HepG2	RPS3_6	0.001	76355	67.25179678692221	76355	128.24238584938075	0	0.0	128.24238584938075	1.0
Unique Binding	NOT Bound Only	HepG2	RPS3_6	0.01	0	0.0	0	0.0	0	0.0		
Unique Binding	NOT Bound Only	HepG2	RPS3_6	0.1	0	0.0	0	0.0	0	0.0		
Unique Binding	NOT Bound Only	HepG2	SAFB_1	0.0	0	0.0	0	0.0	0	0.0		
Unique Binding	NOT Bound Only	HepG2	SAFB_1	1e-05	0	0.0	0	0.0	0	0.0		
Unique Binding	NOT Bound Only	HepG2	SAFB_1	0.0001	0	0.0	0	0.0	0	0.0		
Unique Binding	NOT Bound Only	HepG2	SAFB_1	0.001	0	0.0	0	0.0	0	0.0		
Unique Binding	NOT Bound Only	HepG2	SAFB_1	0.01	0	0.0	0	0.0	0	0.0		
Unique Binding	NOT Bound Only	HepG2	SAFB_1	0.1	0	0.0	0	0.0	0	0.0		
Unique Binding	NOT Bound Only	HepG2	SAFB_2	0.0	0	0.0	0	0.0	0	0.0		
Unique Binding	NOT Bound Only	HepG2	SAFB_2	1e-05	0	0.0	0	0.0	0	0.0		
Unique Binding	NOT Bound Only	HepG2	SAFB_2	0.0001	0	0.0	0	0.0	0	0.0		
Unique Binding	NOT Bound Only	HepG2	SAFB_2	0.001	0	0.0	0	0.0	0	0.0		
Unique Binding	NOT Bound Only	HepG2	SAFB_2	0.01	0	0.0	0	0.0	0	0.0		
Unique Binding	NOT Bound Only	HepG2	SAFB_2	0.1	0	0.0	0	0.0	0	0.0		
Unique Binding	NOT Bound Only	HepG2	SAFB_3	0.0	0	0.0	0	0.0	0	0.0		
Unique Binding	NOT Bound Only	HepG2	SAFB_3	1e-05	0	0.0	0	0.0	0	0.0		
Unique Binding	NOT Bound Only	HepG2	SAFB_3	0.0001	0	0.0	0	0.0	0	0.0		
Unique Binding	NOT Bound Only	HepG2	SAFB_3	0.001	0	0.0	0	0.0	0	0.0		
Unique Binding	NOT Bound Only	HepG2	SAFB_3	0.01	0	0.0	0	0.0	0	0.0		
Unique Binding	NOT Bound Only	HepG2	SAFB_3	0.1	0	0.0	0	0.0	0	0.0		
Unique Binding	NOT Bound Only	HepG2	SAFB_4	0.0	0	0.0	0	0.0	0	0.0		
Unique Binding	NOT Bound Only	HepG2	SAFB_4	1e-05	0	0.0	0	0.0	0	0.0		
Unique Binding	NOT Bound Only	HepG2	SAFB_4	0.0001	0	0.0	0	0.0	0	0.0		
Unique Binding	NOT Bound Only	HepG2	SAFB_4	0.001	0	0.0	0	0.0	0	0.0		
Unique Binding	NOT Bound Only	HepG2	SAFB_4	0.01	0	0.0	0	0.0	0	0.0		
Unique Binding	NOT Bound Only	HepG2	SAFB_4	0.1	0	0.0	0	0.0	0	0.0		
Unique Binding	NOT Bound Only	HepG2	SAFB_5	0.0	0	0.0	0	0.0	0	0.0		
Unique Binding	NOT Bound Only	HepG2	SAFB_5	1e-05	0	0.0	0	0.0	0	0.0		
Unique Binding	NOT Bound Only	HepG2	SAFB_5	0.0001	0	0.0	0	0.0	0	0.0		
Unique Binding	NOT Bound Only	HepG2	SAFB_5	0.001	0	0.0	0	0.0	0	0.0		
Unique Binding	NOT Bound Only	HepG2	SAFB_5	0.01	0	0.0	0	0.0	0	0.0		
Unique Binding	NOT Bound Only	HepG2	SAFB_5	0.1	0	0.0	0	0.0	0	0.0		
Unique Binding	NOT Bound Only	HepG2	SAFB_6	0.0	0	0.0	0	0.0	0	0.0		
Unique Binding	NOT Bound Only	HepG2	SAFB_6	1e-05	0	0.0	0	0.0	0	0.0		
Unique Binding	NOT Bound Only	HepG2	SAFB_6	0.0001	0	0.0	0	0.0	0	0.0		
Unique Binding	NOT Bound Only	HepG2	SAFB_6	0.001	0	0.0	0	0.0	0	0.0		
Unique Binding	NOT Bound Only	HepG2	SAFB_6	0.01	0	0.0	0	0.0	0	0.0		
Unique Binding	NOT Bound Only	HepG2	SAFB_6	0.1	0	0.0	0	0.0	0	0.0		
Unique Binding	NOT Bound Only	HepG2	SDAD1_1	0.0	117020	100.0	0	0.0	117020	-6.037993068471801	-6.037993068471801	-1.0
Unique Binding	NOT Bound Only	HepG2	SDAD1_1	1e-05	86246	73.70193129379594	0	0.0	86246	-5.8739199011235375	-5.8739199011235375	-1.0
Unique Binding	NOT Bound Only	HepG2	SDAD1_1	0.0001	25145	21.487779866689454	0	0.0	25145	-3.5797171734181727	-3.5797171734181727	-1.0
Unique Binding	NOT Bound Only	HepG2	SDAD1_1	0.001	0	0.0	0	0.0	0	0.0		
Unique Binding	NOT Bound Only	HepG2	SDAD1_1	0.01	0	0.0	0	0.0	0	0.0		
Unique Binding	NOT Bound Only	HepG2	SDAD1_1	0.1	0	0.0	0	0.0	0	0.0		
Unique Binding	NOT Bound Only	HepG2	SDAD1_2	0.0	0	0.0	0	0.0	0	0.0		
Unique Binding	NOT Bound Only	HepG2	SDAD1_2	1e-05	0	0.0	0	0.0	0	0.0		
Unique Binding	NOT Bound Only	HepG2	SDAD1_2	0.0001	0	0.0	0	0.0	0	0.0		
Unique Binding	NOT Bound Only	HepG2	SDAD1_2	0.001	0	0.0	0	0.0	0	0.0		
Unique Binding	NOT Bound Only	HepG2	SDAD1_2	0.01	0	0.0	0	0.0	0	0.0		
Unique Binding	NOT Bound Only	HepG2	SDAD1_2	0.1	0	0.0	0	0.0	0	0.0		
Unique Binding	NOT Bound Only	HepG2	SDAD1_3	0.0	504	0.43106397536777286	0	0.0	504	-0.12258245754984778	-0.12258245754984778	-1.0
Unique Binding	NOT Bound Only	HepG2	SDAD1_3	1e-05	504	0.43106397536777286	0	0.0	504	-0.12258245754984778	-0.12258245754984778	-1.0
Unique Binding	NOT Bound Only	HepG2	SDAD1_3	0.0001	371	0.3173109818679439	0	0.0	371	-0.1141921722964301	-0.1141921722964301	-1.0
Unique Binding	NOT Bound Only	HepG2	SDAD1_3	0.001	0	0.0	0	0.0	0	0.0		
Unique Binding	NOT Bound Only	HepG2	SDAD1_3	0.01	0	0.0	0	0.0	0	0.0		
Unique Binding	NOT Bound Only	HepG2	SDAD1_3	0.1	0	0.0	0	0.0	0	0.0		
Unique Binding	NOT Bound Only	HepG2	SDAD1_4	0.0	1713	1.4649289342706142	1713	0.02439114324761125	0	0.0	0.02439114324761125	1.0
Unique Binding	NOT Bound Only	HepG2	SDAD1_4	1e-05	729	0.6234286007491405	729	0.01907607959744004	0	0.0	0.01907607959744004	1.0
Unique Binding	NOT Bound Only	HepG2	SDAD1_4	0.0001	12	0.010262199189286263	12	0.0020580307481125357	0	0.0	0.0020580307481125357	1.0
Unique Binding	NOT Bound Only	HepG2	SDAD1_4	0.001	0	0.0	0	0.0	0	0.0		
Unique Binding	NOT Bound Only	HepG2	SDAD1_4	0.01	0	0.0	0	0.0	0	0.0		
Unique Binding	NOT Bound Only	HepG2	SDAD1_4	0.1	0	0.0	0	0.0	0	0.0		
Unique Binding	NOT Bound Only	HepG2	SDAD1_5	0.0	0	0.0	0	0.0	0	0.0		
Unique Binding	NOT Bound Only	HepG2	SDAD1_5	1e-05	0	0.0	0	0.0	0	0.0		
Unique Binding	NOT Bound Only	HepG2	SDAD1_5	0.0001	0	0.0	0	0.0	0	0.0		
Unique Binding	NOT Bound Only	HepG2	SDAD1_5	0.001	0	0.0	0	0.0	0	0.0		
Unique Binding	NOT Bound Only	HepG2	SDAD1_5	0.01	0	0.0	0	0.0	0	0.0		
Unique Binding	NOT Bound Only	HepG2	SDAD1_5	0.1	0	0.0	0	0.0	0	0.0		
Unique Binding	NOT Bound Only	HepG2	SDAD1_6	0.0	0	0.0	0	0.0	0	0.0		
Unique Binding	NOT Bound Only	HepG2	SDAD1_6	1e-05	0	0.0	0	0.0	0	0.0		
Unique Binding	NOT Bound Only	HepG2	SDAD1_6	0.0001	0	0.0	0	0.0	0	0.0		
Unique Binding	NOT Bound Only	HepG2	SDAD1_6	0.001	0	0.0	0	0.0	0	0.0		
Unique Binding	NOT Bound Only	HepG2	SDAD1_6	0.01	0	0.0	0	0.0	0	0.0		
Unique Binding	NOT Bound Only	HepG2	SDAD1_6	0.1	0	0.0	0	0.0	0	0.0		
Unique Binding	NOT Bound Only	HepG2	SF3A3_1	0.0	8294	7.327437693809578	7701	0.22379131697359025	593	-0.045425953393817026	0.17836536357977323	0.662533140375258
Unique Binding	NOT Bound Only	HepG2	SF3A3_1	1e-05	5105	4.510075889425838	4752	0.20934972791681886	353	-0.04424916591813329	0.16510056199868556	0.6510302923723977
Unique Binding	NOT Bound Only	HepG2	SF3A3_1	0.0001	634	0.5601152035055791	444	0.061347452053662634	190	-0.03940307090637858	0.021944381147284052	0.2178091041372305
Unique Binding	NOT Bound Only	HepG2	SF3A3_1	0.001	0	0.0	0	0.0	0	0.0		
Unique Binding	NOT Bound Only	HepG2	SF3A3_1	0.01	0	0.0	0	0.0	0	0.0		
Unique Binding	NOT Bound Only	HepG2	SF3A3_1	0.1	0	0.0	0	0.0	0	0.0		
Unique Binding	NOT Bound Only	HepG2	SF3A3_2	0.0	0	0.0	0	0.0	0	0.0		
Unique Binding	NOT Bound Only	HepG2	SF3A3_2	1e-05	0	0.0	0	0.0	0	0.0		
Unique Binding	NOT Bound Only	HepG2	SF3A3_2	0.0001	0	0.0	0	0.0	0	0.0		
Unique Binding	NOT Bound Only	HepG2	SF3A3_2	0.001	0	0.0	0	0.0	0	0.0		
Unique Binding	NOT Bound Only	HepG2	SF3A3_2	0.01	0	0.0	0	0.0	0	0.0		
Unique Binding	NOT Bound Only	HepG2	SF3A3_2	0.1	0	0.0	0	0.0	0	0.0		
Unique Binding	NOT Bound Only	HepG2	SF3A3_3	0.0	111815	100.0	2	1.3433533918182003e-05	111813	-68.06961738972055	-68.06960395618663	-0.9999996053002268
Unique Binding	NOT Bound Only	HepG2	SF3A3_3	1e-05	111785	99.97316996825113	0	0.0	111785	-68.06942628797611	-68.06942628797611	-1.0
Unique Binding	NOT Bound Only	HepG2	SF3A3_3	0.0001	104014	93.02329741090193	0	0.0	104014	-67.51337053652516	-67.51337053652516	-1.0
Unique Binding	NOT Bound Only	HepG2	SF3A3_3	0.001	30512	27.287930957384965	0	0.0	30512	-40.641909586792885	-40.641909586792885	-1.0
Unique Binding	NOT Bound Only	HepG2	SF3A3_3	0.01	0	0.0	0	0.0	0	0.0		
Unique Binding	NOT Bound Only	HepG2	SF3A3_3	0.1	0	0.0	0	0.0	0	0.0		
Unique Binding	NOT Bound Only	HepG2	SF3A3_4	0.0	0	0.0	0	0.0	0	0.0		
Unique Binding	NOT Bound Only	HepG2	SF3A3_4	1e-05	0	0.0	0	0.0	0	0.0		
Unique Binding	NOT Bound Only	HepG2	SF3A3_4	0.0001	0	0.0	0	0.0	0	0.0		
Unique Binding	NOT Bound Only	HepG2	SF3A3_4	0.001	0	0.0	0	0.0	0	0.0		
Unique Binding	NOT Bound Only	HepG2	SF3A3_4	0.01	0	0.0	0	0.0	0	0.0		
Unique Binding	NOT Bound Only	HepG2	SF3A3_4	0.1	0	0.0	0	0.0	0	0.0		
Unique Binding	NOT Bound Only	HepG2	SF3A3_5	0.0	107410	100.0	107410	713.873548946966	0	0.0	713.873548946966	1.0
Unique Binding	NOT Bound Only	HepG2	SF3A3_5	1e-05	107410	100.0	107410	713.873548946966	0	0.0	713.873548946966	1.0
Unique Binding	NOT Bound Only	HepG2	SF3A3_5	0.0001	107410	100.0	107410	713.873548946966	0	0.0	713.873548946966	1.0
Unique Binding	NOT Bound Only	HepG2	SF3A3_5	0.001	107409	99.99906898798994	107409	713.8726443133478	0	0.0	713.8726443133478	1.0
Unique Binding	NOT Bound Only	HepG2	SF3A3_5	0.01	7727	7.193929801694441	7727	82.10377535180548	0	0.0	82.10377535180548	1.0
Unique Binding	NOT Bound Only	HepG2	SF3A3_5	0.1	0	0.0	0	0.0	0	0.0		
Unique Binding	NOT Bound Only	HepG2	SF3A3_6	0.0	0	0.0	0	0.0	0	0.0		
Unique Binding	NOT Bound Only	HepG2	SF3A3_6	1e-05	0	0.0	0	0.0	0	0.0		
Unique Binding	NOT Bound Only	HepG2	SF3A3_6	0.0001	0	0.0	0	0.0	0	0.0		
Unique Binding	NOT Bound Only	HepG2	SF3A3_6	0.001	0	0.0	0	0.0	0	0.0		
Unique Binding	NOT Bound Only	HepG2	SF3A3_6	0.01	0	0.0	0	0.0	0	0.0		
Unique Binding	NOT Bound Only	HepG2	SF3A3_6	0.1	0	0.0	0	0.0	0	0.0		
Unique Binding	NOT Bound Only	HepG2	SF3B4_1	0.0	108351	100.0	95969	0.7307822864056969	12382	-2.463935320347885	-1.733153033942188	-0.5425058635161775
Unique Binding	NOT Bound Only	HepG2	SF3B4_1	1e-05	20912	19.300237192088673	9550	0.48142821841573036	11362	-2.4586753138008692	-1.9772470953851389	-0.6725093431980115
Unique Binding	NOT Bound Only	HepG2	SF3B4_1	0.0001	6166	5.690764275364326	970	0.27591645570971063	5196	-2.1997129101769626	-1.923796454467252	-0.7770938901341654
Unique Binding	NOT Bound Only	HepG2	SF3B4_1	0.001	662	0.6109772867809249	57	0.07662666701555178	605	-1.0382668294268267	-0.9616401624112749	-0.8625399336168572
Unique Binding	NOT Bound Only	HepG2	SF3B4_1	0.01	0	0.0	0	0.0	0	0.0		
Unique Binding	NOT Bound Only	HepG2	SF3B4_1	0.1	0	0.0	0	0.0	0	0.0		
Unique Binding	NOT Bound Only	HepG2	SF3B4_2	0.0	0	0.0	0	0.0	0	0.0		
Unique Binding	NOT Bound Only	HepG2	SF3B4_2	1e-05	0	0.0	0	0.0	0	0.0		
Unique Binding	NOT Bound Only	HepG2	SF3B4_2	0.0001	0	0.0	0	0.0	0	0.0		
Unique Binding	NOT Bound Only	HepG2	SF3B4_2	0.001	0	0.0	0	0.0	0	0.0		
Unique Binding	NOT Bound Only	HepG2	SF3B4_2	0.01	0	0.0	0	0.0	0	0.0		
Unique Binding	NOT Bound Only	HepG2	SF3B4_2	0.1	0	0.0	0	0.0	0	0.0		
Unique Binding	NOT Bound Only	HepG2	SF3B4_3	0.0	106014	100.0	1	0.0007527865980204811	106013	-879.0945211410605	-879.0937683544624	-0.9999982873606074
Unique Binding	NOT Bound Only	HepG2	SF3B4_3	1e-05	106014	100.0	1	0.0007527865980204811	106013	-879.0945211410605	-879.0937683544624	-0.9999982873606074
Unique Binding	NOT Bound Only	HepG2	SF3B4_3	0.0001	106013	99.99905672835663	1	0.0007527865980204811	106012	-879.094476466787	-879.093723680189	-0.9999982873605203
Unique Binding	NOT Bound Only	HepG2	SF3B4_3	0.001	104425	98.50114135868847	0	0.0	104425	-877.8290057568255	-877.8290057568255	-1.0
Unique Binding	NOT Bound Only	HepG2	SF3B4_3	0.01	36173	34.1209651555455	0	0.0	36173	-582.7723031607792	-582.7723031607792	-1.0
Unique Binding	NOT Bound Only	HepG2	SF3B4_3	0.1	0	0.0	0	0.0	0	0.0		
Unique Binding	NOT Bound Only	HepG2	SF3B4_4	0.0	0	0.0	0	0.0	0	0.0		
Unique Binding	NOT Bound Only	HepG2	SF3B4_4	1e-05	0	0.0	0	0.0	0	0.0		
Unique Binding	NOT Bound Only	HepG2	SF3B4_4	0.0001	0	0.0	0	0.0	0	0.0		
Unique Binding	NOT Bound Only	HepG2	SF3B4_4	0.001	0	0.0	0	0.0	0	0.0		
Unique Binding	NOT Bound Only	HepG2	SF3B4_4	0.01	0	0.0	0	0.0	0	0.0		
Unique Binding	NOT Bound Only	HepG2	SF3B4_4	0.1	0	0.0	0	0.0	0	0.0		
Unique Binding	NOT Bound Only	HepG2	SF3B4_5	0.0	101255	100.0	101029	382.92267576992407	226	-0.22064580109997928	382.7020299688241	0.9988482336051415
Unique Binding	NOT Bound Only	HepG2	SF3B4_5	1e-05	101254	99.99901239444966	101028	382.9226674284433	226	-0.22064580109997928	382.7020216273433	0.9988482335800662
Unique Binding	NOT Bound Only	HepG2	SF3B4_5	0.0001	101243	99.98814873339587	101022	382.92228875859183	221	-0.22039440099926216	382.70189435759255	0.998849543991383
Unique Binding	NOT Bound Only	HepG2	SF3B4_5	0.001	100279	99.03609698286505	100161	382.22427662284406	118	-0.16548258564169127	382.05879403720235	0.999134482126382
Unique Binding	NOT Bound Only	HepG2	SF3B4_5	0.01	166	0.16394252135697002	166	1.9746190570468511	0	0.0	1.9746190570468511	1.0
Unique Binding	NOT Bound Only	HepG2	SF3B4_5	0.1	0	0.0	0	0.0	0	0.0		
Unique Binding	NOT Bound Only	HepG2	SF3B4_6	0.0	0	0.0	0	0.0	0	0.0		
Unique Binding	NOT Bound Only	HepG2	SF3B4_6	1e-05	0	0.0	0	0.0	0	0.0		
Unique Binding	NOT Bound Only	HepG2	SF3B4_6	0.0001	0	0.0	0	0.0	0	0.0		
Unique Binding	NOT Bound Only	HepG2	SF3B4_6	0.001	0	0.0	0	0.0	0	0.0		
Unique Binding	NOT Bound Only	HepG2	SF3B4_6	0.01	0	0.0	0	0.0	0	0.0		
Unique Binding	NOT Bound Only	HepG2	SF3B4_6	0.1	0	0.0	0	0.0	0	0.0		
Unique Binding	NOT Bound Only	HepG2	SFPQ_1	0.0	0	0.0	0	0.0	0	0.0		
Unique Binding	NOT Bound Only	HepG2	SFPQ_1	1e-05	0	0.0	0	0.0	0	0.0		
Unique Binding	NOT Bound Only	HepG2	SFPQ_1	0.0001	0	0.0	0	0.0	0	0.0		
Unique Binding	NOT Bound Only	HepG2	SFPQ_1	0.001	0	0.0	0	0.0	0	0.0		
Unique Binding	NOT Bound Only	HepG2	SFPQ_1	0.01	0	0.0	0	0.0	0	0.0		
Unique Binding	NOT Bound Only	HepG2	SFPQ_1	0.1	0	0.0	0	0.0	0	0.0		
Unique Binding	NOT Bound Only	HepG2	SFPQ_2	0.0	0	0.0	0	0.0	0	0.0		
Unique Binding	NOT Bound Only	HepG2	SFPQ_2	1e-05	0	0.0	0	0.0	0	0.0		
Unique Binding	NOT Bound Only	HepG2	SFPQ_2	0.0001	0	0.0	0	0.0	0	0.0		
Unique Binding	NOT Bound Only	HepG2	SFPQ_2	0.001	0	0.0	0	0.0	0	0.0		
Unique Binding	NOT Bound Only	HepG2	SFPQ_2	0.01	0	0.0	0	0.0	0	0.0		
Unique Binding	NOT Bound Only	HepG2	SFPQ_2	0.1	0	0.0	0	0.0	0	0.0		
Unique Binding	NOT Bound Only	HepG2	SFPQ_3	0.0	0	0.0	0	0.0	0	0.0		
Unique Binding	NOT Bound Only	HepG2	SFPQ_3	1e-05	0	0.0	0	0.0	0	0.0		
Unique Binding	NOT Bound Only	HepG2	SFPQ_3	0.0001	0	0.0	0	0.0	0	0.0		
Unique Binding	NOT Bound Only	HepG2	SFPQ_3	0.001	0	0.0	0	0.0	0	0.0		
Unique Binding	NOT Bound Only	HepG2	SFPQ_3	0.01	0	0.0	0	0.0	0	0.0		
Unique Binding	NOT Bound Only	HepG2	SFPQ_3	0.1	0	0.0	0	0.0	0	0.0		
Unique Binding	NOT Bound Only	HepG2	SFPQ_4	0.0	0	0.0	0	0.0	0	0.0		
Unique Binding	NOT Bound Only	HepG2	SFPQ_4	1e-05	0	0.0	0	0.0	0	0.0		
Unique Binding	NOT Bound Only	HepG2	SFPQ_4	0.0001	0	0.0	0	0.0	0	0.0		
Unique Binding	NOT Bound Only	HepG2	SFPQ_4	0.001	0	0.0	0	0.0	0	0.0		
Unique Binding	NOT Bound Only	HepG2	SFPQ_4	0.01	0	0.0	0	0.0	0	0.0		
Unique Binding	NOT Bound Only	HepG2	SFPQ_4	0.1	0	0.0	0	0.0	0	0.0		
Unique Binding	NOT Bound Only	HepG2	SFPQ_5	0.0	0	0.0	0	0.0	0	0.0		
Unique Binding	NOT Bound Only	HepG2	SFPQ_5	1e-05	0	0.0	0	0.0	0	0.0		
Unique Binding	NOT Bound Only	HepG2	SFPQ_5	0.0001	0	0.0	0	0.0	0	0.0		
Unique Binding	NOT Bound Only	HepG2	SFPQ_5	0.001	0	0.0	0	0.0	0	0.0		
Unique Binding	NOT Bound Only	HepG2	SFPQ_5	0.01	0	0.0	0	0.0	0	0.0		
Unique Binding	NOT Bound Only	HepG2	SFPQ_5	0.1	0	0.0	0	0.0	0	0.0		
Unique Binding	NOT Bound Only	HepG2	SFPQ_6	0.0	0	0.0	0	0.0	0	0.0		
Unique Binding	NOT Bound Only	HepG2	SFPQ_6	1e-05	0	0.0	0	0.0	0	0.0		
Unique Binding	NOT Bound Only	HepG2	SFPQ_6	0.0001	0	0.0	0	0.0	0	0.0		
Unique Binding	NOT Bound Only	HepG2	SFPQ_6	0.001	0	0.0	0	0.0	0	0.0		
Unique Binding	NOT Bound Only	HepG2	SFPQ_6	0.01	0	0.0	0	0.0	0	0.0		
Unique Binding	NOT Bound Only	HepG2	SFPQ_6	0.1	0	0.0	0	0.0	0	0.0		
Unique Binding	NOT Bound Only	HepG2	SLTM_1	0.0	0	0.0	0	0.0	0	0.0		
Unique Binding	NOT Bound Only	HepG2	SLTM_1	1e-05	0	0.0	0	0.0	0	0.0		
Unique Binding	NOT Bound Only	HepG2	SLTM_1	0.0001	0	0.0	0	0.0	0	0.0		
Unique Binding	NOT Bound Only	HepG2	SLTM_1	0.001	0	0.0	0	0.0	0	0.0		
Unique Binding	NOT Bound Only	HepG2	SLTM_1	0.01	0	0.0	0	0.0	0	0.0		
Unique Binding	NOT Bound Only	HepG2	SLTM_1	0.1	0	0.0	0	0.0	0	0.0		
Unique Binding	NOT Bound Only	HepG2	SLTM_2	0.0	0	0.0	0	0.0	0	0.0		
Unique Binding	NOT Bound Only	HepG2	SLTM_2	1e-05	0	0.0	0	0.0	0	0.0		
Unique Binding	NOT Bound Only	HepG2	SLTM_2	0.0001	0	0.0	0	0.0	0	0.0		
Unique Binding	NOT Bound Only	HepG2	SLTM_2	0.001	0	0.0	0	0.0	0	0.0		
Unique Binding	NOT Bound Only	HepG2	SLTM_2	0.01	0	0.0	0	0.0	0	0.0		
Unique Binding	NOT Bound Only	HepG2	SLTM_2	0.1	0	0.0	0	0.0	0	0.0		
Unique Binding	NOT Bound Only	HepG2	SLTM_3	0.0	118141	100.0	118141	13.834274539434345	0	0.0	13.834274539434345	1.0
Unique Binding	NOT Bound Only	HepG2	SLTM_3	1e-05	118082	99.9500596744568	118082	13.83376555734437	0	0.0	13.83376555734437	1.0
Unique Binding	NOT Bound Only	HepG2	SLTM_3	0.0001	50579	42.81240212965863	50579	10.133859054372948	0	0.0	10.133859054372948	1.0
Unique Binding	NOT Bound Only	HepG2	SLTM_3	0.001	0	0.0	0	0.0	0	0.0		
Unique Binding	NOT Bound Only	HepG2	SLTM_3	0.01	0	0.0	0	0.0	0	0.0		
Unique Binding	NOT Bound Only	HepG2	SLTM_3	0.1	0	0.0	0	0.0	0	0.0		
Unique Binding	NOT Bound Only	HepG2	SLTM_4	0.0	118120	100.0	118120	8.887301377103098	0	0.0	8.887301377103098	1.0
Unique Binding	NOT Bound Only	HepG2	SLTM_4	1e-05	117336	99.33626820182864	117336	8.8807179704495	0	0.0	8.8807179704495	1.0
Unique Binding	NOT Bound Only	HepG2	SLTM_4	0.0001	36177	30.62732814087369	36177	5.440069828163769	0	0.0	5.440069828163769	1.0
Unique Binding	NOT Bound Only	HepG2	SLTM_4	0.001	0	0.0	0	0.0	0	0.0		
Unique Binding	NOT Bound Only	HepG2	SLTM_4	0.01	0	0.0	0	0.0	0	0.0		
Unique Binding	NOT Bound Only	HepG2	SLTM_4	0.1	0	0.0	0	0.0	0	0.0		
Unique Binding	NOT Bound Only	HepG2	SLTM_5	0.0	0	0.0	0	0.0	0	0.0		
Unique Binding	NOT Bound Only	HepG2	SLTM_5	1e-05	0	0.0	0	0.0	0	0.0		
Unique Binding	NOT Bound Only	HepG2	SLTM_5	0.0001	0	0.0	0	0.0	0	0.0		
Unique Binding	NOT Bound Only	HepG2	SLTM_5	0.001	0	0.0	0	0.0	0	0.0		
Unique Binding	NOT Bound Only	HepG2	SLTM_5	0.01	0	0.0	0	0.0	0	0.0		
Unique Binding	NOT Bound Only	HepG2	SLTM_5	0.1	0	0.0	0	0.0	0	0.0		
Unique Binding	NOT Bound Only	HepG2	SLTM_6	0.0	0	0.0	0	0.0	0	0.0		
Unique Binding	NOT Bound Only	HepG2	SLTM_6	1e-05	0	0.0	0	0.0	0	0.0		
Unique Binding	NOT Bound Only	HepG2	SLTM_6	0.0001	0	0.0	0	0.0	0	0.0		
Unique Binding	NOT Bound Only	HepG2	SLTM_6	0.001	0	0.0	0	0.0	0	0.0		
Unique Binding	NOT Bound Only	HepG2	SLTM_6	0.01	0	0.0	0	0.0	0	0.0		
Unique Binding	NOT Bound Only	HepG2	SLTM_6	0.1	0	0.0	0	0.0	0	0.0		
Unique Binding	NOT Bound Only	HepG2	SMNDC1_1	0.0	0	0.0	0	0.0	0	0.0		
Unique Binding	NOT Bound Only	HepG2	SMNDC1_1	1e-05	0	0.0	0	0.0	0	0.0		
Unique Binding	NOT Bound Only	HepG2	SMNDC1_1	0.0001	0	0.0	0	0.0	0	0.0		
Unique Binding	NOT Bound Only	HepG2	SMNDC1_1	0.001	0	0.0	0	0.0	0	0.0		
Unique Binding	NOT Bound Only	HepG2	SMNDC1_1	0.01	0	0.0	0	0.0	0	0.0		
Unique Binding	NOT Bound Only	HepG2	SMNDC1_1	0.1	0	0.0	0	0.0	0	0.0		
Unique Binding	NOT Bound Only	HepG2	SMNDC1_2	0.0	0	0.0	0	0.0	0	0.0		
Unique Binding	NOT Bound Only	HepG2	SMNDC1_2	1e-05	0	0.0	0	0.0	0	0.0		
Unique Binding	NOT Bound Only	HepG2	SMNDC1_2	0.0001	0	0.0	0	0.0	0	0.0		
Unique Binding	NOT Bound Only	HepG2	SMNDC1_2	0.001	0	0.0	0	0.0	0	0.0		
Unique Binding	NOT Bound Only	HepG2	SMNDC1_2	0.01	0	0.0	0	0.0	0	0.0		
Unique Binding	NOT Bound Only	HepG2	SMNDC1_2	0.1	0	0.0	0	0.0	0	0.0		
Unique Binding	NOT Bound Only	HepG2	SMNDC1_3	0.0	0	0.0	0	0.0	0	0.0		
Unique Binding	NOT Bound Only	HepG2	SMNDC1_3	1e-05	0	0.0	0	0.0	0	0.0		
Unique Binding	NOT Bound Only	HepG2	SMNDC1_3	0.0001	0	0.0	0	0.0	0	0.0		
Unique Binding	NOT Bound Only	HepG2	SMNDC1_3	0.001	0	0.0	0	0.0	0	0.0		
Unique Binding	NOT Bound Only	HepG2	SMNDC1_3	0.01	0	0.0	0	0.0	0	0.0		
Unique Binding	NOT Bound Only	HepG2	SMNDC1_3	0.1	0	0.0	0	0.0	0	0.0		
Unique Binding	NOT Bound Only	HepG2	SMNDC1_4	0.0	0	0.0	0	0.0	0	0.0		
Unique Binding	NOT Bound Only	HepG2	SMNDC1_4	1e-05	0	0.0	0	0.0	0	0.0		
Unique Binding	NOT Bound Only	HepG2	SMNDC1_4	0.0001	0	0.0	0	0.0	0	0.0		
Unique Binding	NOT Bound Only	HepG2	SMNDC1_4	0.001	0	0.0	0	0.0	0	0.0		
Unique Binding	NOT Bound Only	HepG2	SMNDC1_4	0.01	0	0.0	0	0.0	0	0.0		
Unique Binding	NOT Bound Only	HepG2	SMNDC1_4	0.1	0	0.0	0	0.0	0	0.0		
Unique Binding	NOT Bound Only	HepG2	SMNDC1_5	0.0	0	0.0	0	0.0	0	0.0		
Unique Binding	NOT Bound Only	HepG2	SMNDC1_5	1e-05	0	0.0	0	0.0	0	0.0		
Unique Binding	NOT Bound Only	HepG2	SMNDC1_5	0.0001	0	0.0	0	0.0	0	0.0		
Unique Binding	NOT Bound Only	HepG2	SMNDC1_5	0.001	0	0.0	0	0.0	0	0.0		
Unique Binding	NOT Bound Only	HepG2	SMNDC1_5	0.01	0	0.0	0	0.0	0	0.0		
Unique Binding	NOT Bound Only	HepG2	SMNDC1_5	0.1	0	0.0	0	0.0	0	0.0		
Unique Binding	NOT Bound Only	HepG2	SMNDC1_6	0.0	0	0.0	0	0.0	0	0.0		
Unique Binding	NOT Bound Only	HepG2	SMNDC1_6	1e-05	0	0.0	0	0.0	0	0.0		
Unique Binding	NOT Bound Only	HepG2	SMNDC1_6	0.0001	0	0.0	0	0.0	0	0.0		
Unique Binding	NOT Bound Only	HepG2	SMNDC1_6	0.001	0	0.0	0	0.0	0	0.0		
Unique Binding	NOT Bound Only	HepG2	SMNDC1_6	0.01	0	0.0	0	0.0	0	0.0		
Unique Binding	NOT Bound Only	HepG2	SMNDC1_6	0.1	0	0.0	0	0.0	0	0.0		
Unique Binding	NOT Bound Only	HepG2	SND1_1	0.0	114791	100.0	102987	2.8964710461108036	11804	-1.1004991902640444	1.7959718558467592	0.44933330738926414
Unique Binding	NOT Bound Only	HepG2	SND1_1	1e-05	100765	87.78127205094476	89649	2.793794662347904	11116	-1.095712178093716	1.6980824842541882	0.4365804082404919
Unique Binding	NOT Bound Only	HepG2	SND1_1	0.0001	2494	2.1726441968447	242	0.0450189635931616	2252	-0.7239782171101241	-0.6789592535169625	-0.8829151400737528
Unique Binding	NOT Bound Only	HepG2	SND1_1	0.001	0	0.0	0	0.0	0	0.0		
Unique Binding	NOT Bound Only	HepG2	SND1_1	0.01	0	0.0	0	0.0	0	0.0		
Unique Binding	NOT Bound Only	HepG2	SND1_1	0.1	0	0.0	0	0.0	0	0.0		
Unique Binding	NOT Bound Only	HepG2	SND1_2	0.0	114157	100.0	113960	69.79370560918991	197	-0.010943070165670497	69.78276253902425	0.9996864658622971
Unique Binding	NOT Bound Only	HepG2	SND1_2	1e-05	114088	99.93955692598789	113931	69.79351843846653	157	-0.010744820503349527	69.78277361796319	0.9996921442902854
Unique Binding	NOT Bound Only	HepG2	SND1_2	0.0001	111869	97.99574270522176	111841	69.64148604708309	28	-0.0047993172517605	69.63668672983133	0.999862180237563
Unique Binding	NOT Bound Only	HepG2	SND1_2	0.001	19492	17.07473041513004	19492	24.69746380176163	0	0.0	24.69746380176163	1.0
Unique Binding	NOT Bound Only	HepG2	SND1_2	0.01	0	0.0	0	0.0	0	0.0		
Unique Binding	NOT Bound Only	HepG2	SND1_2	0.1	0	0.0	0	0.0	0	0.0		
Unique Binding	NOT Bound Only	HepG2	SND1_3	0.0	114025	100.0	0	0.0	114025	-468.253182605776	-468.253182605776	-1.0
Unique Binding	NOT Bound Only	HepG2	SND1_3	1e-05	114025	100.0	0	0.0	114025	-468.253182605776	-468.253182605776	-1.0
Unique Binding	NOT Bound Only	HepG2	SND1_3	0.0001	114025	100.0	0	0.0	114025	-468.253182605776	-468.253182605776	-1.0
Unique Binding	NOT Bound Only	HepG2	SND1_3	0.001	104972	92.06051304538478	0	0.0	104972	-461.44603248274115	-461.44603248274115	-1.0
Unique Binding	NOT Bound Only	HepG2	SND1_3	0.01	4779	4.191186143389607	0	0.0	4779	-50.20265224720555	-50.20265224720555	-1.0
Unique Binding	NOT Bound Only	HepG2	SND1_3	0.1	0	0.0	0	0.0	0	0.0		
Unique Binding	NOT Bound Only	HepG2	SND1_4	0.0	113249	100.0	0	0.0	113249	-474.11320370221387	-474.11320370221387	-1.0
Unique Binding	NOT Bound Only	HepG2	SND1_4	1e-05	113249	100.0	0	0.0	113249	-474.11320370221387	-474.11320370221387	-1.0
Unique Binding	NOT Bound Only	HepG2	SND1_4	0.0001	113196	99.95320046976133	0	0.0	113196	-474.109241789504	-474.109241789504	-1.0
Unique Binding	NOT Bound Only	HepG2	SND1_4	0.001	89413	78.95257353265812	0	0.0	89413	-458.570375438934	-458.570375438934	-1.0
Unique Binding	NOT Bound Only	HepG2	SND1_4	0.01	11658	10.294130632500066	0	0.0	11658	-137.88341372387356	-137.88341372387356	-1.0
Unique Binding	NOT Bound Only	HepG2	SND1_4	0.1	0	0.0	0	0.0	0	0.0		
Unique Binding	NOT Bound Only	HepG2	SND1_5	0.0	112758	100.0	21779	3.7590196717543494	90979	-16.78756100139854	-13.028541329644192	-0.6340977867265226
Unique Binding	NOT Bound Only	HepG2	SND1_5	1e-05	112187	99.4936057752	21446	3.75770256325479	90741	-16.786602557448028	-13.028899994193237	-0.6341854795110013
Unique Binding	NOT Bound Only	HepG2	SND1_5	0.0001	73179	64.89916458255733	12255	3.1344770342009998	60924	-14.718791860456447	-11.584314826255447	-0.648862395710739
Unique Binding	NOT Bound Only	HepG2	SND1_5	0.001	546	0.4842228489331134	390	0.5944537127754361	156	-0.19693837877043616	0.39751533400499994	0.5022988456057351
Unique Binding	NOT Bound Only	HepG2	SND1_5	0.01	0	0.0	0	0.0	0	0.0		
Unique Binding	NOT Bound Only	HepG2	SND1_5	0.1	0	0.0	0	0.0	0	0.0		
Unique Binding	NOT Bound Only	HepG2	SND1_6	0.0	113321	100.0	111455	19.902677697050756	1866	-0.18737857161659427	19.71529912543416	0.9813461377000887
Unique Binding	NOT Bound Only	HepG2	SND1_6	1e-05	112528	99.30021796489618	110903	19.899846741552803	1625	-0.18655805623301408	19.71328868531979	0.9814244452293843
Unique Binding	NOT Bound Only	HepG2	SND1_6	0.0001	67280	59.37116686227619	66643	17.14264965732038	637	-0.13375648094751644	17.008893176372865	0.9845157054219467
Unique Binding	NOT Bound Only	HepG2	SND1_6	0.001	1074	0.9477501963448964	1074	1.4310116551913445	0	0.0	1.4310116551913445	1.0
Unique Binding	NOT Bound Only	HepG2	SND1_6	0.01	0	0.0	0	0.0	0	0.0		
Unique Binding	NOT Bound Only	HepG2	SND1_6	0.1	0	0.0	0	0.0	0	0.0		
Unique Binding	NOT Bound Only	HepG2	SRSF1_1	0.0	116386	100.0	115893	1.845104621935402	493	-0.001131663250018194	1.8439729586853837	0.9987740862216836
Unique Binding	NOT Bound Only	HepG2	SRSF1_1	1e-05	57096	49.05744677194851	57078	1.5464087043805508	18	-0.00025976948658868853	1.546148934893962	0.999664091573627
Unique Binding	NOT Bound Only	HepG2	SRSF1_1	0.0001	1863	1.600707988933377	1863	0.26887605584482216	0	0.0	0.26887605584482216	1.0
Unique Binding	NOT Bound Only	HepG2	SRSF1_1	0.001	0	0.0	0	0.0	0	0.0		
Unique Binding	NOT Bound Only	HepG2	SRSF1_1	0.01	0	0.0	0	0.0	0	0.0		
Unique Binding	NOT Bound Only	HepG2	SRSF1_1	0.1	0	0.0	0	0.0	0	0.0		
Unique Binding	NOT Bound Only	HepG2	SRSF1_2	0.0	115247	100.0	115210	207.15565066958325	37	-0.0034719710583555915	207.1521786985249	0.9999664801528979
Unique Binding	NOT Bound Only	HepG2	SRSF1_2	1e-05	115247	100.0	115210	207.15565066958325	37	-0.0034719710583555915	207.1521786985249	0.9999664801528979
Unique Binding	NOT Bound Only	HepG2	SRSF1_2	0.0001	115206	99.96442423663957	115197	207.15493416369074	9	-0.0014410042066659665	207.15349315948407	0.9999860877638402
Unique Binding	NOT Bound Only	HepG2	SRSF1_2	0.001	92971	80.67108037519415	92971	189.71352537717374	0	0.0	189.71352537717374	1.0
Unique Binding	NOT Bound Only	HepG2	SRSF1_2	0.01	0	0.0	0	0.0	0	0.0		
Unique Binding	NOT Bound Only	HepG2	SRSF1_2	0.1	0	0.0	0	0.0	0	0.0		
Unique Binding	NOT Bound Only	HepG2	SRSF1_3	0.0	0	0.0	0	0.0	0	0.0		
Unique Binding	NOT Bound Only	HepG2	SRSF1_3	1e-05	0	0.0	0	0.0	0	0.0		
Unique Binding	NOT Bound Only	HepG2	SRSF1_3	0.0001	0	0.0	0	0.0	0	0.0		
Unique Binding	NOT Bound Only	HepG2	SRSF1_3	0.001	0	0.0	0	0.0	0	0.0		
Unique Binding	NOT Bound Only	HepG2	SRSF1_3	0.01	0	0.0	0	0.0	0	0.0		
Unique Binding	NOT Bound Only	HepG2	SRSF1_3	0.1	0	0.0	0	0.0	0	0.0		
Unique Binding	NOT Bound Only	HepG2	SRSF1_4	0.0	116298	100.0	13596	0.28029931256956303	102702	-0.19204376572886941	0.08825554684069362	0.18684627952763735
Unique Binding	NOT Bound Only	HepG2	SRSF1_4	1e-05	9360	8.048289738430583	8739	0.25386386651594384	621	-0.0583209421538151	0.19554292436212872	0.6263691215320523
Unique Binding	NOT Bound Only	HepG2	SRSF1_4	0.0001	527	0.4531462277941151	193	0.02566601092006551	334	-0.0476990892235085	-0.022033078303442994	-0.3003209736008634
Unique Binding	NOT Bound Only	HepG2	SRSF1_4	0.001	0	0.0	0	0.0	0	0.0		
Unique Binding	NOT Bound Only	HepG2	SRSF1_4	0.01	0	0.0	0	0.0	0	0.0		
Unique Binding	NOT Bound Only	HepG2	SRSF1_4	0.1	0	0.0	0	0.0	0	0.0		
Unique Binding	NOT Bound Only	HepG2	SRSF1_5	0.0	116716	100.0	3703	0.07460050610435079	113013	-1.5266441582466177	-1.4520436521422668	-0.9068218520689483
Unique Binding	NOT Bound Only	HepG2	SRSF1_5	1e-05	59948	51.362281092566576	3034	0.07124853871930152	56914	-1.145990279305097	-1.0747417405857953	-0.8829341659758447
Unique Binding	NOT Bound Only	HepG2	SRSF1_5	0.0001	0	0.0	0	0.0	0	0.0		
Unique Binding	NOT Bound Only	HepG2	SRSF1_5	0.001	0	0.0	0	0.0	0	0.0		
Unique Binding	NOT Bound Only	HepG2	SRSF1_5	0.01	0	0.0	0	0.0	0	0.0		
Unique Binding	NOT Bound Only	HepG2	SRSF1_5	0.1	0	0.0	0	0.0	0	0.0		
Unique Binding	NOT Bound Only	HepG2	SRSF1_6	0.0	116479	100.0	103352	2.8367162943695217	13127	-0.2971905972432254	2.5395256971262965	0.8103385917184749
Unique Binding	NOT Bound Only	HepG2	SRSF1_6	1e-05	103998	89.28476377716154	98858	2.808142454787941	5140	-0.2744789174940394	2.5336635372939016	0.8219185009472312
Unique Binding	NOT Bound Only	HepG2	SRSF1_6	0.0001	1209	1.0379553395891103	286	0.0304295906696309	923	-0.11348754430974245	-0.08305795364011155	-0.5771234512972737
Unique Binding	NOT Bound Only	HepG2	SRSF1_6	0.001	0	0.0	0	0.0	0	0.0		
Unique Binding	NOT Bound Only	HepG2	SRSF1_6	0.01	0	0.0	0	0.0	0	0.0		
Unique Binding	NOT Bound Only	HepG2	SRSF1_6	0.1	0	0.0	0	0.0	0	0.0		
Unique Binding	NOT Bound Only	HepG2	SRSF7_1	0.0	0	0.0	0	0.0	0	0.0		
Unique Binding	NOT Bound Only	HepG2	SRSF7_1	1e-05	0	0.0	0	0.0	0	0.0		
Unique Binding	NOT Bound Only	HepG2	SRSF7_1	0.0001	0	0.0	0	0.0	0	0.0		
Unique Binding	NOT Bound Only	HepG2	SRSF7_1	0.001	0	0.0	0	0.0	0	0.0		
Unique Binding	NOT Bound Only	HepG2	SRSF7_1	0.01	0	0.0	0	0.0	0	0.0		
Unique Binding	NOT Bound Only	HepG2	SRSF7_1	0.1	0	0.0	0	0.0	0	0.0		
Unique Binding	NOT Bound Only	HepG2	SRSF7_2	0.0	0	0.0	0	0.0	0	0.0		
Unique Binding	NOT Bound Only	HepG2	SRSF7_2	1e-05	0	0.0	0	0.0	0	0.0		
Unique Binding	NOT Bound Only	HepG2	SRSF7_2	0.0001	0	0.0	0	0.0	0	0.0		
Unique Binding	NOT Bound Only	HepG2	SRSF7_2	0.001	0	0.0	0	0.0	0	0.0		
Unique Binding	NOT Bound Only	HepG2	SRSF7_2	0.01	0	0.0	0	0.0	0	0.0		
Unique Binding	NOT Bound Only	HepG2	SRSF7_2	0.1	0	0.0	0	0.0	0	0.0		
Unique Binding	NOT Bound Only	HepG2	SRSF7_3	0.0	0	0.0	0	0.0	0	0.0		
Unique Binding	NOT Bound Only	HepG2	SRSF7_3	1e-05	0	0.0	0	0.0	0	0.0		
Unique Binding	NOT Bound Only	HepG2	SRSF7_3	0.0001	0	0.0	0	0.0	0	0.0		
Unique Binding	NOT Bound Only	HepG2	SRSF7_3	0.001	0	0.0	0	0.0	0	0.0		
Unique Binding	NOT Bound Only	HepG2	SRSF7_3	0.01	0	0.0	0	0.0	0	0.0		
Unique Binding	NOT Bound Only	HepG2	SRSF7_3	0.1	0	0.0	0	0.0	0	0.0		
Unique Binding	NOT Bound Only	HepG2	SRSF7_4	0.0	117962	100.0	1542	0.02581177762518269	116420	-11.496640586324325	-11.470828808699142	-0.9955197423586769
Unique Binding	NOT Bound Only	HepG2	SRSF7_4	1e-05	115332	97.77046845594344	1046	0.023889853248188445	114286	-11.486117150988262	-11.462227297740073	-0.9958488551328603
Unique Binding	NOT Bound Only	HepG2	SRSF7_4	0.0001	53682	45.50787541750733	0	0.0	53682	-7.662159773934538	-7.662159773934538	-1.0
Unique Binding	NOT Bound Only	HepG2	SRSF7_4	0.001	0	0.0	0	0.0	0	0.0		
Unique Binding	NOT Bound Only	HepG2	SRSF7_4	0.01	0	0.0	0	0.0	0	0.0		
Unique Binding	NOT Bound Only	HepG2	SRSF7_4	0.1	0	0.0	0	0.0	0	0.0		
Unique Binding	NOT Bound Only	HepG2	SRSF7_5	0.0	0	0.0	0	0.0	0	0.0		
Unique Binding	NOT Bound Only	HepG2	SRSF7_5	1e-05	0	0.0	0	0.0	0	0.0		
Unique Binding	NOT Bound Only	HepG2	SRSF7_5	0.0001	0	0.0	0	0.0	0	0.0		
Unique Binding	NOT Bound Only	HepG2	SRSF7_5	0.001	0	0.0	0	0.0	0	0.0		
Unique Binding	NOT Bound Only	HepG2	SRSF7_5	0.01	0	0.0	0	0.0	0	0.0		
Unique Binding	NOT Bound Only	HepG2	SRSF7_5	0.1	0	0.0	0	0.0	0	0.0		
Unique Binding	NOT Bound Only	HepG2	SRSF7_6	0.0	0	0.0	0	0.0	0	0.0		
Unique Binding	NOT Bound Only	HepG2	SRSF7_6	1e-05	0	0.0	0	0.0	0	0.0		
Unique Binding	NOT Bound Only	HepG2	SRSF7_6	0.0001	0	0.0	0	0.0	0	0.0		
Unique Binding	NOT Bound Only	HepG2	SRSF7_6	0.001	0	0.0	0	0.0	0	0.0		
Unique Binding	NOT Bound Only	HepG2	SRSF7_6	0.01	0	0.0	0	0.0	0	0.0		
Unique Binding	NOT Bound Only	HepG2	SRSF7_6	0.1	0	0.0	0	0.0	0	0.0		
Unique Binding	NOT Bound Only	HepG2	SRSF9_1	0.0	0	0.0	0	0.0	0	0.0		
Unique Binding	NOT Bound Only	HepG2	SRSF9_1	1e-05	0	0.0	0	0.0	0	0.0		
Unique Binding	NOT Bound Only	HepG2	SRSF9_1	0.0001	0	0.0	0	0.0	0	0.0		
Unique Binding	NOT Bound Only	HepG2	SRSF9_1	0.001	0	0.0	0	0.0	0	0.0		
Unique Binding	NOT Bound Only	HepG2	SRSF9_1	0.01	0	0.0	0	0.0	0	0.0		
Unique Binding	NOT Bound Only	HepG2	SRSF9_1	0.1	0	0.0	0	0.0	0	0.0		
Unique Binding	NOT Bound Only	HepG2	SRSF9_2	0.0	0	0.0	0	0.0	0	0.0		
Unique Binding	NOT Bound Only	HepG2	SRSF9_2	1e-05	0	0.0	0	0.0	0	0.0		
Unique Binding	NOT Bound Only	HepG2	SRSF9_2	0.0001	0	0.0	0	0.0	0	0.0		
Unique Binding	NOT Bound Only	HepG2	SRSF9_2	0.001	0	0.0	0	0.0	0	0.0		
Unique Binding	NOT Bound Only	HepG2	SRSF9_2	0.01	0	0.0	0	0.0	0	0.0		
Unique Binding	NOT Bound Only	HepG2	SRSF9_2	0.1	0	0.0	0	0.0	0	0.0		
Unique Binding	NOT Bound Only	HepG2	SRSF9_3	0.0	0	0.0	0	0.0	0	0.0		
Unique Binding	NOT Bound Only	HepG2	SRSF9_3	1e-05	0	0.0	0	0.0	0	0.0		
Unique Binding	NOT Bound Only	HepG2	SRSF9_3	0.0001	0	0.0	0	0.0	0	0.0		
Unique Binding	NOT Bound Only	HepG2	SRSF9_3	0.001	0	0.0	0	0.0	0	0.0		
Unique Binding	NOT Bound Only	HepG2	SRSF9_3	0.01	0	0.0	0	0.0	0	0.0		
Unique Binding	NOT Bound Only	HepG2	SRSF9_3	0.1	0	0.0	0	0.0	0	0.0		
Unique Binding	NOT Bound Only	HepG2	SRSF9_4	0.0	0	0.0	0	0.0	0	0.0		
Unique Binding	NOT Bound Only	HepG2	SRSF9_4	1e-05	0	0.0	0	0.0	0	0.0		
Unique Binding	NOT Bound Only	HepG2	SRSF9_4	0.0001	0	0.0	0	0.0	0	0.0		
Unique Binding	NOT Bound Only	HepG2	SRSF9_4	0.001	0	0.0	0	0.0	0	0.0		
Unique Binding	NOT Bound Only	HepG2	SRSF9_4	0.01	0	0.0	0	0.0	0	0.0		
Unique Binding	NOT Bound Only	HepG2	SRSF9_4	0.1	0	0.0	0	0.0	0	0.0		
Unique Binding	NOT Bound Only	HepG2	SRSF9_5	0.0	0	0.0	0	0.0	0	0.0		
Unique Binding	NOT Bound Only	HepG2	SRSF9_5	1e-05	0	0.0	0	0.0	0	0.0		
Unique Binding	NOT Bound Only	HepG2	SRSF9_5	0.0001	0	0.0	0	0.0	0	0.0		
Unique Binding	NOT Bound Only	HepG2	SRSF9_5	0.001	0	0.0	0	0.0	0	0.0		
Unique Binding	NOT Bound Only	HepG2	SRSF9_5	0.01	0	0.0	0	0.0	0	0.0		
Unique Binding	NOT Bound Only	HepG2	SRSF9_5	0.1	0	0.0	0	0.0	0	0.0		
Unique Binding	NOT Bound Only	HepG2	SRSF9_6	0.0	0	0.0	0	0.0	0	0.0		
Unique Binding	NOT Bound Only	HepG2	SRSF9_6	1e-05	0	0.0	0	0.0	0	0.0		
Unique Binding	NOT Bound Only	HepG2	SRSF9_6	0.0001	0	0.0	0	0.0	0	0.0		
Unique Binding	NOT Bound Only	HepG2	SRSF9_6	0.001	0	0.0	0	0.0	0	0.0		
Unique Binding	NOT Bound Only	HepG2	SRSF9_6	0.01	0	0.0	0	0.0	0	0.0		
Unique Binding	NOT Bound Only	HepG2	SRSF9_6	0.1	0	0.0	0	0.0	0	0.0		
Unique Binding	NOT Bound Only	HepG2	SSB_1	0.0	0	0.0	0	0.0	0	0.0		
Unique Binding	NOT Bound Only	HepG2	SSB_1	1e-05	0	0.0	0	0.0	0	0.0		
Unique Binding	NOT Bound Only	HepG2	SSB_1	0.0001	0	0.0	0	0.0	0	0.0		
Unique Binding	NOT Bound Only	HepG2	SSB_1	0.001	0	0.0	0	0.0	0	0.0		
Unique Binding	NOT Bound Only	HepG2	SSB_1	0.01	0	0.0	0	0.0	0	0.0		
Unique Binding	NOT Bound Only	HepG2	SSB_1	0.1	0	0.0	0	0.0	0	0.0		
Unique Binding	NOT Bound Only	HepG2	SSB_2	0.0	0	0.0	0	0.0	0	0.0		
Unique Binding	NOT Bound Only	HepG2	SSB_2	1e-05	0	0.0	0	0.0	0	0.0		
Unique Binding	NOT Bound Only	HepG2	SSB_2	0.0001	0	0.0	0	0.0	0	0.0		
Unique Binding	NOT Bound Only	HepG2	SSB_2	0.001	0	0.0	0	0.0	0	0.0		
Unique Binding	NOT Bound Only	HepG2	SSB_2	0.01	0	0.0	0	0.0	0	0.0		
Unique Binding	NOT Bound Only	HepG2	SSB_2	0.1	0	0.0	0	0.0	0	0.0		
Unique Binding	NOT Bound Only	HepG2	SSB_3	0.0	0	0.0	0	0.0	0	0.0		
Unique Binding	NOT Bound Only	HepG2	SSB_3	1e-05	0	0.0	0	0.0	0	0.0		
Unique Binding	NOT Bound Only	HepG2	SSB_3	0.0001	0	0.0	0	0.0	0	0.0		
Unique Binding	NOT Bound Only	HepG2	SSB_3	0.001	0	0.0	0	0.0	0	0.0		
Unique Binding	NOT Bound Only	HepG2	SSB_3	0.01	0	0.0	0	0.0	0	0.0		
Unique Binding	NOT Bound Only	HepG2	SSB_3	0.1	0	0.0	0	0.0	0	0.0		
Unique Binding	NOT Bound Only	HepG2	SSB_4	0.0	0	0.0	0	0.0	0	0.0		
Unique Binding	NOT Bound Only	HepG2	SSB_4	1e-05	0	0.0	0	0.0	0	0.0		
Unique Binding	NOT Bound Only	HepG2	SSB_4	0.0001	0	0.0	0	0.0	0	0.0		
Unique Binding	NOT Bound Only	HepG2	SSB_4	0.001	0	0.0	0	0.0	0	0.0		
Unique Binding	NOT Bound Only	HepG2	SSB_4	0.01	0	0.0	0	0.0	0	0.0		
Unique Binding	NOT Bound Only	HepG2	SSB_4	0.1	0	0.0	0	0.0	0	0.0		
Unique Binding	NOT Bound Only	HepG2	SSB_5	0.0	0	0.0	0	0.0	0	0.0		
Unique Binding	NOT Bound Only	HepG2	SSB_5	1e-05	0	0.0	0	0.0	0	0.0		
Unique Binding	NOT Bound Only	HepG2	SSB_5	0.0001	0	0.0	0	0.0	0	0.0		
Unique Binding	NOT Bound Only	HepG2	SSB_5	0.001	0	0.0	0	0.0	0	0.0		
Unique Binding	NOT Bound Only	HepG2	SSB_5	0.01	0	0.0	0	0.0	0	0.0		
Unique Binding	NOT Bound Only	HepG2	SSB_5	0.1	0	0.0	0	0.0	0	0.0		
Unique Binding	NOT Bound Only	HepG2	SSB_6	0.0	0	0.0	0	0.0	0	0.0		
Unique Binding	NOT Bound Only	HepG2	SSB_6	1e-05	0	0.0	0	0.0	0	0.0		
Unique Binding	NOT Bound Only	HepG2	SSB_6	0.0001	0	0.0	0	0.0	0	0.0		
Unique Binding	NOT Bound Only	HepG2	SSB_6	0.001	0	0.0	0	0.0	0	0.0		
Unique Binding	NOT Bound Only	HepG2	SSB_6	0.01	0	0.0	0	0.0	0	0.0		
Unique Binding	NOT Bound Only	HepG2	SSB_6	0.1	0	0.0	0	0.0	0	0.0		
Unique Binding	NOT Bound Only	HepG2	STAU2_1	0.0	0	0.0	0	0.0	0	0.0		
Unique Binding	NOT Bound Only	HepG2	STAU2_1	1e-05	0	0.0	0	0.0	0	0.0		
Unique Binding	NOT Bound Only	HepG2	STAU2_1	0.0001	0	0.0	0	0.0	0	0.0		
Unique Binding	NOT Bound Only	HepG2	STAU2_1	0.001	0	0.0	0	0.0	0	0.0		
Unique Binding	NOT Bound Only	HepG2	STAU2_1	0.01	0	0.0	0	0.0	0	0.0		
Unique Binding	NOT Bound Only	HepG2	STAU2_1	0.1	0	0.0	0	0.0	0	0.0		
Unique Binding	NOT Bound Only	HepG2	STAU2_2	0.0	0	0.0	0	0.0	0	0.0		
Unique Binding	NOT Bound Only	HepG2	STAU2_2	1e-05	0	0.0	0	0.0	0	0.0		
Unique Binding	NOT Bound Only	HepG2	STAU2_2	0.0001	0	0.0	0	0.0	0	0.0		
Unique Binding	NOT Bound Only	HepG2	STAU2_2	0.001	0	0.0	0	0.0	0	0.0		
Unique Binding	NOT Bound Only	HepG2	STAU2_2	0.01	0	0.0	0	0.0	0	0.0		
Unique Binding	NOT Bound Only	HepG2	STAU2_2	0.1	0	0.0	0	0.0	0	0.0		
Unique Binding	NOT Bound Only	HepG2	STAU2_3	0.0	118183	100.0	118183	2.5703503815771396	0	0.0	2.5703503815771396	1.0
Unique Binding	NOT Bound Only	HepG2	STAU2_3	1e-05	72841	61.634075966932635	72841	2.3075647098491814	0	0.0	2.3075647098491814	1.0
Unique Binding	NOT Bound Only	HepG2	STAU2_3	0.0001	0	0.0	0	0.0	0	0.0		
Unique Binding	NOT Bound Only	HepG2	STAU2_3	0.001	0	0.0	0	0.0	0	0.0		
Unique Binding	NOT Bound Only	HepG2	STAU2_3	0.01	0	0.0	0	0.0	0	0.0		
Unique Binding	NOT Bound Only	HepG2	STAU2_3	0.1	0	0.0	0	0.0	0	0.0		
Unique Binding	NOT Bound Only	HepG2	STAU2_4	0.0	0	0.0	0	0.0	0	0.0		
Unique Binding	NOT Bound Only	HepG2	STAU2_4	1e-05	0	0.0	0	0.0	0	0.0		
Unique Binding	NOT Bound Only	HepG2	STAU2_4	0.0001	0	0.0	0	0.0	0	0.0		
Unique Binding	NOT Bound Only	HepG2	STAU2_4	0.001	0	0.0	0	0.0	0	0.0		
Unique Binding	NOT Bound Only	HepG2	STAU2_4	0.01	0	0.0	0	0.0	0	0.0		
Unique Binding	NOT Bound Only	HepG2	STAU2_4	0.1	0	0.0	0	0.0	0	0.0		
Unique Binding	NOT Bound Only	HepG2	STAU2_5	0.0	0	0.0	0	0.0	0	0.0		
Unique Binding	NOT Bound Only	HepG2	STAU2_5	1e-05	0	0.0	0	0.0	0	0.0		
Unique Binding	NOT Bound Only	HepG2	STAU2_5	0.0001	0	0.0	0	0.0	0	0.0		
Unique Binding	NOT Bound Only	HepG2	STAU2_5	0.001	0	0.0	0	0.0	0	0.0		
Unique Binding	NOT Bound Only	HepG2	STAU2_5	0.01	0	0.0	0	0.0	0	0.0		
Unique Binding	NOT Bound Only	HepG2	STAU2_5	0.1	0	0.0	0	0.0	0	0.0		
Unique Binding	NOT Bound Only	HepG2	STAU2_6	0.0	0	0.0	0	0.0	0	0.0		
Unique Binding	NOT Bound Only	HepG2	STAU2_6	1e-05	0	0.0	0	0.0	0	0.0		
Unique Binding	NOT Bound Only	HepG2	STAU2_6	0.0001	0	0.0	0	0.0	0	0.0		
Unique Binding	NOT Bound Only	HepG2	STAU2_6	0.001	0	0.0	0	0.0	0	0.0		
Unique Binding	NOT Bound Only	HepG2	STAU2_6	0.01	0	0.0	0	0.0	0	0.0		
Unique Binding	NOT Bound Only	HepG2	STAU2_6	0.1	0	0.0	0	0.0	0	0.0		
Unique Binding	NOT Bound Only	HepG2	SUB1_1	0.0	117233	100.0	115164	1.3975684522492022	2069	-0.008309006762576718	1.3892594454866256	0.9881796145043578
Unique Binding	NOT Bound Only	HepG2	SUB1_1	1e-05	47762	40.741088260131534	47616	1.0336131983131531	146	-0.0026960408734618287	1.0309171574396914	0.9947968409978128
Unique Binding	NOT Bound Only	HepG2	SUB1_1	0.0001	544	0.46403316472324346	544	0.12151754577775237	0	0.0	0.12151754577775237	1.0
Unique Binding	NOT Bound Only	HepG2	SUB1_1	0.001	0	0.0	0	0.0	0	0.0		
Unique Binding	NOT Bound Only	HepG2	SUB1_1	0.01	0	0.0	0	0.0	0	0.0		
Unique Binding	NOT Bound Only	HepG2	SUB1_1	0.1	0	0.0	0	0.0	0	0.0		
Unique Binding	NOT Bound Only	HepG2	SUB1_2	0.0	0	0.0	0	0.0	0	0.0		
Unique Binding	NOT Bound Only	HepG2	SUB1_2	1e-05	0	0.0	0	0.0	0	0.0		
Unique Binding	NOT Bound Only	HepG2	SUB1_2	0.0001	0	0.0	0	0.0	0	0.0		
Unique Binding	NOT Bound Only	HepG2	SUB1_2	0.001	0	0.0	0	0.0	0	0.0		
Unique Binding	NOT Bound Only	HepG2	SUB1_2	0.01	0	0.0	0	0.0	0	0.0		
Unique Binding	NOT Bound Only	HepG2	SUB1_2	0.1	0	0.0	0	0.0	0	0.0		
Unique Binding	NOT Bound Only	HepG2	SUB1_3	0.0	117016	100.0	37	0.00042459228006683973	116979	-42.874181171091514	-42.873756578811445	-0.9999801937640004
Unique Binding	NOT Bound Only	HepG2	SUB1_3	1e-05	116957	99.94957954467765	16	0.00033431546808586294	116941	-42.87392414043242	-42.873589824964334	-0.9999844048396345
Unique Binding	NOT Bound Only	HepG2	SUB1_3	0.0001	105769	90.38849388117865	0	0.0	105769	-42.0356104629993	-42.0356104629993	-1.0
Unique Binding	NOT Bound Only	HepG2	SUB1_3	0.001	0	0.0	0	0.0	0	0.0		
Unique Binding	NOT Bound Only	HepG2	SUB1_3	0.01	0	0.0	0	0.0	0	0.0		
Unique Binding	NOT Bound Only	HepG2	SUB1_3	0.1	0	0.0	0	0.0	0	0.0		
Unique Binding	NOT Bound Only	HepG2	SUB1_4	0.0	0	0.0	0	0.0	0	0.0		
Unique Binding	NOT Bound Only	HepG2	SUB1_4	1e-05	0	0.0	0	0.0	0	0.0		
Unique Binding	NOT Bound Only	HepG2	SUB1_4	0.0001	0	0.0	0	0.0	0	0.0		
Unique Binding	NOT Bound Only	HepG2	SUB1_4	0.001	0	0.0	0	0.0	0	0.0		
Unique Binding	NOT Bound Only	HepG2	SUB1_4	0.01	0	0.0	0	0.0	0	0.0		
Unique Binding	NOT Bound Only	HepG2	SUB1_4	0.1	0	0.0	0	0.0	0	0.0		
Unique Binding	NOT Bound Only	HepG2	SUB1_5	0.0	0	0.0	0	0.0	0	0.0		
Unique Binding	NOT Bound Only	HepG2	SUB1_5	1e-05	0	0.0	0	0.0	0	0.0		
Unique Binding	NOT Bound Only	HepG2	SUB1_5	0.0001	0	0.0	0	0.0	0	0.0		
Unique Binding	NOT Bound Only	HepG2	SUB1_5	0.001	0	0.0	0	0.0	0	0.0		
Unique Binding	NOT Bound Only	HepG2	SUB1_5	0.01	0	0.0	0	0.0	0	0.0		
Unique Binding	NOT Bound Only	HepG2	SUB1_5	0.1	0	0.0	0	0.0	0	0.0		
Unique Binding	NOT Bound Only	HepG2	SUB1_6	0.0	0	0.0	0	0.0	0	0.0		
Unique Binding	NOT Bound Only	HepG2	SUB1_6	1e-05	0	0.0	0	0.0	0	0.0		
Unique Binding	NOT Bound Only	HepG2	SUB1_6	0.0001	0	0.0	0	0.0	0	0.0		
Unique Binding	NOT Bound Only	HepG2	SUB1_6	0.001	0	0.0	0	0.0	0	0.0		
Unique Binding	NOT Bound Only	HepG2	SUB1_6	0.01	0	0.0	0	0.0	0	0.0		
Unique Binding	NOT Bound Only	HepG2	SUB1_6	0.1	0	0.0	0	0.0	0	0.0		
Unique Binding	NOT Bound Only	HepG2	SUGP2_1	0.0	0	0.0	0	0.0	0	0.0		
Unique Binding	NOT Bound Only	HepG2	SUGP2_1	1e-05	0	0.0	0	0.0	0	0.0		
Unique Binding	NOT Bound Only	HepG2	SUGP2_1	0.0001	0	0.0	0	0.0	0	0.0		
Unique Binding	NOT Bound Only	HepG2	SUGP2_1	0.001	0	0.0	0	0.0	0	0.0		
Unique Binding	NOT Bound Only	HepG2	SUGP2_1	0.01	0	0.0	0	0.0	0	0.0		
Unique Binding	NOT Bound Only	HepG2	SUGP2_1	0.1	0	0.0	0	0.0	0	0.0		
Unique Binding	NOT Bound Only	HepG2	SUGP2_2	0.0	0	0.0	0	0.0	0	0.0		
Unique Binding	NOT Bound Only	HepG2	SUGP2_2	1e-05	0	0.0	0	0.0	0	0.0		
Unique Binding	NOT Bound Only	HepG2	SUGP2_2	0.0001	0	0.0	0	0.0	0	0.0		
Unique Binding	NOT Bound Only	HepG2	SUGP2_2	0.001	0	0.0	0	0.0	0	0.0		
Unique Binding	NOT Bound Only	HepG2	SUGP2_2	0.01	0	0.0	0	0.0	0	0.0		
Unique Binding	NOT Bound Only	HepG2	SUGP2_2	0.1	0	0.0	0	0.0	0	0.0		
Unique Binding	NOT Bound Only	HepG2	SUGP2_3	0.0	0	0.0	0	0.0	0	0.0		
Unique Binding	NOT Bound Only	HepG2	SUGP2_3	1e-05	0	0.0	0	0.0	0	0.0		
Unique Binding	NOT Bound Only	HepG2	SUGP2_3	0.0001	0	0.0	0	0.0	0	0.0		
Unique Binding	NOT Bound Only	HepG2	SUGP2_3	0.001	0	0.0	0	0.0	0	0.0		
Unique Binding	NOT Bound Only	HepG2	SUGP2_3	0.01	0	0.0	0	0.0	0	0.0		
Unique Binding	NOT Bound Only	HepG2	SUGP2_3	0.1	0	0.0	0	0.0	0	0.0		
Unique Binding	NOT Bound Only	HepG2	SUGP2_4	0.0	0	0.0	0	0.0	0	0.0		
Unique Binding	NOT Bound Only	HepG2	SUGP2_4	1e-05	0	0.0	0	0.0	0	0.0		
Unique Binding	NOT Bound Only	HepG2	SUGP2_4	0.0001	0	0.0	0	0.0	0	0.0		
Unique Binding	NOT Bound Only	HepG2	SUGP2_4	0.001	0	0.0	0	0.0	0	0.0		
Unique Binding	NOT Bound Only	HepG2	SUGP2_4	0.01	0	0.0	0	0.0	0	0.0		
Unique Binding	NOT Bound Only	HepG2	SUGP2_4	0.1	0	0.0	0	0.0	0	0.0		
Unique Binding	NOT Bound Only	HepG2	SUGP2_5	0.0	0	0.0	0	0.0	0	0.0		
Unique Binding	NOT Bound Only	HepG2	SUGP2_5	1e-05	0	0.0	0	0.0	0	0.0		
Unique Binding	NOT Bound Only	HepG2	SUGP2_5	0.0001	0	0.0	0	0.0	0	0.0		
Unique Binding	NOT Bound Only	HepG2	SUGP2_5	0.001	0	0.0	0	0.0	0	0.0		
Unique Binding	NOT Bound Only	HepG2	SUGP2_5	0.01	0	0.0	0	0.0	0	0.0		
Unique Binding	NOT Bound Only	HepG2	SUGP2_5	0.1	0	0.0	0	0.0	0	0.0		
Unique Binding	NOT Bound Only	HepG2	SUGP2_6	0.0	0	0.0	0	0.0	0	0.0		
Unique Binding	NOT Bound Only	HepG2	SUGP2_6	1e-05	0	0.0	0	0.0	0	0.0		
Unique Binding	NOT Bound Only	HepG2	SUGP2_6	0.0001	0	0.0	0	0.0	0	0.0		
Unique Binding	NOT Bound Only	HepG2	SUGP2_6	0.001	0	0.0	0	0.0	0	0.0		
Unique Binding	NOT Bound Only	HepG2	SUGP2_6	0.01	0	0.0	0	0.0	0	0.0		
Unique Binding	NOT Bound Only	HepG2	SUGP2_6	0.1	0	0.0	0	0.0	0	0.0		
Unique Binding	NOT Bound Only	HepG2	SUPV3L1_1	0.0	0	0.0	0	0.0	0	0.0		
Unique Binding	NOT Bound Only	HepG2	SUPV3L1_1	1e-05	0	0.0	0	0.0	0	0.0		
Unique Binding	NOT Bound Only	HepG2	SUPV3L1_1	0.0001	0	0.0	0	0.0	0	0.0		
Unique Binding	NOT Bound Only	HepG2	SUPV3L1_1	0.001	0	0.0	0	0.0	0	0.0		
Unique Binding	NOT Bound Only	HepG2	SUPV3L1_1	0.01	0	0.0	0	0.0	0	0.0		
Unique Binding	NOT Bound Only	HepG2	SUPV3L1_1	0.1	0	0.0	0	0.0	0	0.0		
Unique Binding	NOT Bound Only	HepG2	SUPV3L1_2	0.0	0	0.0	0	0.0	0	0.0		
Unique Binding	NOT Bound Only	HepG2	SUPV3L1_2	1e-05	0	0.0	0	0.0	0	0.0		
Unique Binding	NOT Bound Only	HepG2	SUPV3L1_2	0.0001	0	0.0	0	0.0	0	0.0		
Unique Binding	NOT Bound Only	HepG2	SUPV3L1_2	0.001	0	0.0	0	0.0	0	0.0		
Unique Binding	NOT Bound Only	HepG2	SUPV3L1_2	0.01	0	0.0	0	0.0	0	0.0		
Unique Binding	NOT Bound Only	HepG2	SUPV3L1_2	0.1	0	0.0	0	0.0	0	0.0		
Unique Binding	NOT Bound Only	HepG2	SUPV3L1_3	0.0	0	0.0	0	0.0	0	0.0		
Unique Binding	NOT Bound Only	HepG2	SUPV3L1_3	1e-05	0	0.0	0	0.0	0	0.0		
Unique Binding	NOT Bound Only	HepG2	SUPV3L1_3	0.0001	0	0.0	0	0.0	0	0.0		
Unique Binding	NOT Bound Only	HepG2	SUPV3L1_3	0.001	0	0.0	0	0.0	0	0.0		
Unique Binding	NOT Bound Only	HepG2	SUPV3L1_3	0.01	0	0.0	0	0.0	0	0.0		
Unique Binding	NOT Bound Only	HepG2	SUPV3L1_3	0.1	0	0.0	0	0.0	0	0.0		
Unique Binding	NOT Bound Only	HepG2	SUPV3L1_4	0.0	0	0.0	0	0.0	0	0.0		
Unique Binding	NOT Bound Only	HepG2	SUPV3L1_4	1e-05	0	0.0	0	0.0	0	0.0		
Unique Binding	NOT Bound Only	HepG2	SUPV3L1_4	0.0001	0	0.0	0	0.0	0	0.0		
Unique Binding	NOT Bound Only	HepG2	SUPV3L1_4	0.001	0	0.0	0	0.0	0	0.0		
Unique Binding	NOT Bound Only	HepG2	SUPV3L1_4	0.01	0	0.0	0	0.0	0	0.0		
Unique Binding	NOT Bound Only	HepG2	SUPV3L1_4	0.1	0	0.0	0	0.0	0	0.0		
Unique Binding	NOT Bound Only	HepG2	SUPV3L1_5	0.0	118056	100.0	118056	5.864619330716151	0	0.0	5.864619330716151	1.0
Unique Binding	NOT Bound Only	HepG2	SUPV3L1_5	1e-05	118010	99.96103544080775	118010	5.864183206964669	0	0.0	5.864183206964669	1.0
Unique Binding	NOT Bound Only	HepG2	SUPV3L1_5	0.0001	260	0.22023446499966118	260	0.03043442090504211	0	0.0	0.03043442090504211	1.0
Unique Binding	NOT Bound Only	HepG2	SUPV3L1_5	0.001	0	0.0	0	0.0	0	0.0		
Unique Binding	NOT Bound Only	HepG2	SUPV3L1_5	0.01	0	0.0	0	0.0	0	0.0		
Unique Binding	NOT Bound Only	HepG2	SUPV3L1_5	0.1	0	0.0	0	0.0	0	0.0		
Unique Binding	NOT Bound Only	HepG2	SUPV3L1_6	0.0	0	0.0	0	0.0	0	0.0		
Unique Binding	NOT Bound Only	HepG2	SUPV3L1_6	1e-05	0	0.0	0	0.0	0	0.0		
Unique Binding	NOT Bound Only	HepG2	SUPV3L1_6	0.0001	0	0.0	0	0.0	0	0.0		
Unique Binding	NOT Bound Only	HepG2	SUPV3L1_6	0.001	0	0.0	0	0.0	0	0.0		
Unique Binding	NOT Bound Only	HepG2	SUPV3L1_6	0.01	0	0.0	0	0.0	0	0.0		
Unique Binding	NOT Bound Only	HepG2	SUPV3L1_6	0.1	0	0.0	0	0.0	0	0.0		
Unique Binding	NOT Bound Only	HepG2	TAF15_1	0.0	0	0.0	0	0.0	0	0.0		
Unique Binding	NOT Bound Only	HepG2	TAF15_1	1e-05	0	0.0	0	0.0	0	0.0		
Unique Binding	NOT Bound Only	HepG2	TAF15_1	0.0001	0	0.0	0	0.0	0	0.0		
Unique Binding	NOT Bound Only	HepG2	TAF15_1	0.001	0	0.0	0	0.0	0	0.0		
Unique Binding	NOT Bound Only	HepG2	TAF15_1	0.01	0	0.0	0	0.0	0	0.0		
Unique Binding	NOT Bound Only	HepG2	TAF15_1	0.1	0	0.0	0	0.0	0	0.0		
Unique Binding	NOT Bound Only	HepG2	TAF15_2	0.0	0	0.0	0	0.0	0	0.0		
Unique Binding	NOT Bound Only	HepG2	TAF15_2	1e-05	0	0.0	0	0.0	0	0.0		
Unique Binding	NOT Bound Only	HepG2	TAF15_2	0.0001	0	0.0	0	0.0	0	0.0		
Unique Binding	NOT Bound Only	HepG2	TAF15_2	0.001	0	0.0	0	0.0	0	0.0		
Unique Binding	NOT Bound Only	HepG2	TAF15_2	0.01	0	0.0	0	0.0	0	0.0		
Unique Binding	NOT Bound Only	HepG2	TAF15_2	0.1	0	0.0	0	0.0	0	0.0		
Unique Binding	NOT Bound Only	HepG2	TAF15_3	0.0	0	0.0	0	0.0	0	0.0		
Unique Binding	NOT Bound Only	HepG2	TAF15_3	1e-05	0	0.0	0	0.0	0	0.0		
Unique Binding	NOT Bound Only	HepG2	TAF15_3	0.0001	0	0.0	0	0.0	0	0.0		
Unique Binding	NOT Bound Only	HepG2	TAF15_3	0.001	0	0.0	0	0.0	0	0.0		
Unique Binding	NOT Bound Only	HepG2	TAF15_3	0.01	0	0.0	0	0.0	0	0.0		
Unique Binding	NOT Bound Only	HepG2	TAF15_3	0.1	0	0.0	0	0.0	0	0.0		
Unique Binding	NOT Bound Only	HepG2	TAF15_4	0.0	0	0.0	0	0.0	0	0.0		
Unique Binding	NOT Bound Only	HepG2	TAF15_4	1e-05	0	0.0	0	0.0	0	0.0		
Unique Binding	NOT Bound Only	HepG2	TAF15_4	0.0001	0	0.0	0	0.0	0	0.0		
Unique Binding	NOT Bound Only	HepG2	TAF15_4	0.001	0	0.0	0	0.0	0	0.0		
Unique Binding	NOT Bound Only	HepG2	TAF15_4	0.01	0	0.0	0	0.0	0	0.0		
Unique Binding	NOT Bound Only	HepG2	TAF15_4	0.1	0	0.0	0	0.0	0	0.0		
Unique Binding	NOT Bound Only	HepG2	TAF15_5	0.0	0	0.0	0	0.0	0	0.0		
Unique Binding	NOT Bound Only	HepG2	TAF15_5	1e-05	0	0.0	0	0.0	0	0.0		
Unique Binding	NOT Bound Only	HepG2	TAF15_5	0.0001	0	0.0	0	0.0	0	0.0		
Unique Binding	NOT Bound Only	HepG2	TAF15_5	0.001	0	0.0	0	0.0	0	0.0		
Unique Binding	NOT Bound Only	HepG2	TAF15_5	0.01	0	0.0	0	0.0	0	0.0		
Unique Binding	NOT Bound Only	HepG2	TAF15_5	0.1	0	0.0	0	0.0	0	0.0		
Unique Binding	NOT Bound Only	HepG2	TAF15_6	0.0	0	0.0	0	0.0	0	0.0		
Unique Binding	NOT Bound Only	HepG2	TAF15_6	1e-05	0	0.0	0	0.0	0	0.0		
Unique Binding	NOT Bound Only	HepG2	TAF15_6	0.0001	0	0.0	0	0.0	0	0.0		
Unique Binding	NOT Bound Only	HepG2	TAF15_6	0.001	0	0.0	0	0.0	0	0.0		
Unique Binding	NOT Bound Only	HepG2	TAF15_6	0.01	0	0.0	0	0.0	0	0.0		
Unique Binding	NOT Bound Only	HepG2	TAF15_6	0.1	0	0.0	0	0.0	0	0.0		
Unique Binding	NOT Bound Only	HepG2	TARDBP_1	0.0	0	0.0	0	0.0	0	0.0		
Unique Binding	NOT Bound Only	HepG2	TARDBP_1	1e-05	0	0.0	0	0.0	0	0.0		
Unique Binding	NOT Bound Only	HepG2	TARDBP_1	0.0001	0	0.0	0	0.0	0	0.0		
Unique Binding	NOT Bound Only	HepG2	TARDBP_1	0.001	0	0.0	0	0.0	0	0.0		
Unique Binding	NOT Bound Only	HepG2	TARDBP_1	0.01	0	0.0	0	0.0	0	0.0		
Unique Binding	NOT Bound Only	HepG2	TARDBP_1	0.1	0	0.0	0	0.0	0	0.0		
Unique Binding	NOT Bound Only	HepG2	TARDBP_2	0.0	3619	3.0842260459011923	1900	0.0046395924418792065	1719	-0.014085512327203339	-0.009445919885324132	-0.5044521780684779
Unique Binding	NOT Bound Only	HepG2	TARDBP_2	1e-05	447	0.3809475110577046	13	0.00019375518630140694	434	-0.010306727010148679	-0.010112971823847272	-0.9630959449906196
Unique Binding	NOT Bound Only	HepG2	TARDBP_2	0.0001	0	0.0	0	0.0	0	0.0		
Unique Binding	NOT Bound Only	HepG2	TARDBP_2	0.001	0	0.0	0	0.0	0	0.0		
Unique Binding	NOT Bound Only	HepG2	TARDBP_2	0.01	0	0.0	0	0.0	0	0.0		
Unique Binding	NOT Bound Only	HepG2	TARDBP_2	0.1	0	0.0	0	0.0	0	0.0		
Unique Binding	NOT Bound Only	HepG2	TARDBP_3	0.0	117621	100.0	117621	16.25863408755047	0	0.0	16.25863408755047	1.0
Unique Binding	NOT Bound Only	HepG2	TARDBP_3	1e-05	116996	99.4686323020549	116996	16.25343233396428	0	0.0	16.25343233396428	1.0
Unique Binding	NOT Bound Only	HepG2	TARDBP_3	0.0001	53190	45.22151656591935	53190	13.064713935512902	0	0.0	13.064713935512902	1.0
Unique Binding	NOT Bound Only	HepG2	TARDBP_3	0.001	0	0.0	0	0.0	0	0.0		
Unique Binding	NOT Bound Only	HepG2	TARDBP_3	0.01	0	0.0	0	0.0	0	0.0		
Unique Binding	NOT Bound Only	HepG2	TARDBP_3	0.1	0	0.0	0	0.0	0	0.0		
Unique Binding	NOT Bound Only	HepG2	TARDBP_4	0.0	0	0.0	0	0.0	0	0.0		
Unique Binding	NOT Bound Only	HepG2	TARDBP_4	1e-05	0	0.0	0	0.0	0	0.0		
Unique Binding	NOT Bound Only	HepG2	TARDBP_4	0.0001	0	0.0	0	0.0	0	0.0		
Unique Binding	NOT Bound Only	HepG2	TARDBP_4	0.001	0	0.0	0	0.0	0	0.0		
Unique Binding	NOT Bound Only	HepG2	TARDBP_4	0.01	0	0.0	0	0.0	0	0.0		
Unique Binding	NOT Bound Only	HepG2	TARDBP_4	0.1	0	0.0	0	0.0	0	0.0		
Unique Binding	NOT Bound Only	HepG2	TARDBP_5	0.0	117607	100.0	117607	22.113697972773164	0	0.0	22.113697972773164	1.0
Unique Binding	NOT Bound Only	HepG2	TARDBP_5	1e-05	117607	100.0	117607	22.113697972773164	0	0.0	22.113697972773164	1.0
Unique Binding	NOT Bound Only	HepG2	TARDBP_5	0.0001	103672	88.15121548887396	103672	20.940690911292055	0	0.0	20.940690911292055	1.0
Unique Binding	NOT Bound Only	HepG2	TARDBP_5	0.001	0	0.0	0	0.0	0	0.0		
Unique Binding	NOT Bound Only	HepG2	TARDBP_5	0.01	0	0.0	0	0.0	0	0.0		
Unique Binding	NOT Bound Only	HepG2	TARDBP_5	0.1	0	0.0	0	0.0	0	0.0		
Unique Binding	NOT Bound Only	HepG2	TARDBP_6	0.0	5424	4.608013049240493	5424	0.06924155093877538	0	0.0	0.06924155093877538	1.0
Unique Binding	NOT Bound Only	HepG2	TARDBP_6	1e-05	2339	1.987120671492167	2339	0.05243914960489489	0	0.0	0.05243914960489489	1.0
Unique Binding	NOT Bound Only	HepG2	TARDBP_6	0.0001	0	0.0	0	0.0	0	0.0		
Unique Binding	NOT Bound Only	HepG2	TARDBP_6	0.001	0	0.0	0	0.0	0	0.0		
Unique Binding	NOT Bound Only	HepG2	TARDBP_6	0.01	0	0.0	0	0.0	0	0.0		
Unique Binding	NOT Bound Only	HepG2	TARDBP_6	0.1	0	0.0	0	0.0	0	0.0		
Unique Binding	NOT Bound Only	HepG2	TBRG4_1	0.0	0	0.0	0	0.0	0	0.0		
Unique Binding	NOT Bound Only	HepG2	TBRG4_1	1e-05	0	0.0	0	0.0	0	0.0		
Unique Binding	NOT Bound Only	HepG2	TBRG4_1	0.0001	0	0.0	0	0.0	0	0.0		
Unique Binding	NOT Bound Only	HepG2	TBRG4_1	0.001	0	0.0	0	0.0	0	0.0		
Unique Binding	NOT Bound Only	HepG2	TBRG4_1	0.01	0	0.0	0	0.0	0	0.0		
Unique Binding	NOT Bound Only	HepG2	TBRG4_1	0.1	0	0.0	0	0.0	0	0.0		
Unique Binding	NOT Bound Only	HepG2	TBRG4_2	0.0	0	0.0	0	0.0	0	0.0		
Unique Binding	NOT Bound Only	HepG2	TBRG4_2	1e-05	0	0.0	0	0.0	0	0.0		
Unique Binding	NOT Bound Only	HepG2	TBRG4_2	0.0001	0	0.0	0	0.0	0	0.0		
Unique Binding	NOT Bound Only	HepG2	TBRG4_2	0.001	0	0.0	0	0.0	0	0.0		
Unique Binding	NOT Bound Only	HepG2	TBRG4_2	0.01	0	0.0	0	0.0	0	0.0		
Unique Binding	NOT Bound Only	HepG2	TBRG4_2	0.1	0	0.0	0	0.0	0	0.0		
Unique Binding	NOT Bound Only	HepG2	TBRG4_3	0.0	0	0.0	0	0.0	0	0.0		
Unique Binding	NOT Bound Only	HepG2	TBRG4_3	1e-05	0	0.0	0	0.0	0	0.0		
Unique Binding	NOT Bound Only	HepG2	TBRG4_3	0.0001	0	0.0	0	0.0	0	0.0		
Unique Binding	NOT Bound Only	HepG2	TBRG4_3	0.001	0	0.0	0	0.0	0	0.0		
Unique Binding	NOT Bound Only	HepG2	TBRG4_3	0.01	0	0.0	0	0.0	0	0.0		
Unique Binding	NOT Bound Only	HepG2	TBRG4_3	0.1	0	0.0	0	0.0	0	0.0		
Unique Binding	NOT Bound Only	HepG2	TBRG4_4	0.0	0	0.0	0	0.0	0	0.0		
Unique Binding	NOT Bound Only	HepG2	TBRG4_4	1e-05	0	0.0	0	0.0	0	0.0		
Unique Binding	NOT Bound Only	HepG2	TBRG4_4	0.0001	0	0.0	0	0.0	0	0.0		
Unique Binding	NOT Bound Only	HepG2	TBRG4_4	0.001	0	0.0	0	0.0	0	0.0		
Unique Binding	NOT Bound Only	HepG2	TBRG4_4	0.01	0	0.0	0	0.0	0	0.0		
Unique Binding	NOT Bound Only	HepG2	TBRG4_4	0.1	0	0.0	0	0.0	0	0.0		
Unique Binding	NOT Bound Only	HepG2	TBRG4_5	0.0	0	0.0	0	0.0	0	0.0		
Unique Binding	NOT Bound Only	HepG2	TBRG4_5	1e-05	0	0.0	0	0.0	0	0.0		
Unique Binding	NOT Bound Only	HepG2	TBRG4_5	0.0001	0	0.0	0	0.0	0	0.0		
Unique Binding	NOT Bound Only	HepG2	TBRG4_5	0.001	0	0.0	0	0.0	0	0.0		
Unique Binding	NOT Bound Only	HepG2	TBRG4_5	0.01	0	0.0	0	0.0	0	0.0		
Unique Binding	NOT Bound Only	HepG2	TBRG4_5	0.1	0	0.0	0	0.0	0	0.0		
Unique Binding	NOT Bound Only	HepG2	TBRG4_6	0.0	0	0.0	0	0.0	0	0.0		
Unique Binding	NOT Bound Only	HepG2	TBRG4_6	1e-05	0	0.0	0	0.0	0	0.0		
Unique Binding	NOT Bound Only	HepG2	TBRG4_6	0.0001	0	0.0	0	0.0	0	0.0		
Unique Binding	NOT Bound Only	HepG2	TBRG4_6	0.001	0	0.0	0	0.0	0	0.0		
Unique Binding	NOT Bound Only	HepG2	TBRG4_6	0.01	0	0.0	0	0.0	0	0.0		
Unique Binding	NOT Bound Only	HepG2	TBRG4_6	0.1	0	0.0	0	0.0	0	0.0		
Unique Binding	NOT Bound Only	HepG2	TIA1_1	0.0	0	0.0	0	0.0	0	0.0		
Unique Binding	NOT Bound Only	HepG2	TIA1_1	1e-05	0	0.0	0	0.0	0	0.0		
Unique Binding	NOT Bound Only	HepG2	TIA1_1	0.0001	0	0.0	0	0.0	0	0.0		
Unique Binding	NOT Bound Only	HepG2	TIA1_1	0.001	0	0.0	0	0.0	0	0.0		
Unique Binding	NOT Bound Only	HepG2	TIA1_1	0.01	0	0.0	0	0.0	0	0.0		
Unique Binding	NOT Bound Only	HepG2	TIA1_1	0.1	0	0.0	0	0.0	0	0.0		
Unique Binding	NOT Bound Only	HepG2	TIA1_2	0.0	0	0.0	0	0.0	0	0.0		
Unique Binding	NOT Bound Only	HepG2	TIA1_2	1e-05	0	0.0	0	0.0	0	0.0		
Unique Binding	NOT Bound Only	HepG2	TIA1_2	0.0001	0	0.0	0	0.0	0	0.0		
Unique Binding	NOT Bound Only	HepG2	TIA1_2	0.001	0	0.0	0	0.0	0	0.0		
Unique Binding	NOT Bound Only	HepG2	TIA1_2	0.01	0	0.0	0	0.0	0	0.0		
Unique Binding	NOT Bound Only	HepG2	TIA1_2	0.1	0	0.0	0	0.0	0	0.0		
Unique Binding	NOT Bound Only	HepG2	TIA1_3	0.0	0	0.0	0	0.0	0	0.0		
Unique Binding	NOT Bound Only	HepG2	TIA1_3	1e-05	0	0.0	0	0.0	0	0.0		
Unique Binding	NOT Bound Only	HepG2	TIA1_3	0.0001	0	0.0	0	0.0	0	0.0		
Unique Binding	NOT Bound Only	HepG2	TIA1_3	0.001	0	0.0	0	0.0	0	0.0		
Unique Binding	NOT Bound Only	HepG2	TIA1_3	0.01	0	0.0	0	0.0	0	0.0		
Unique Binding	NOT Bound Only	HepG2	TIA1_3	0.1	0	0.0	0	0.0	0	0.0		
Unique Binding	NOT Bound Only	HepG2	TIA1_4	0.0	35326	30.29726067342493	33500	3.0901902246922437	1826	-0.038766823704833864	3.0514234009874097	0.9752206098676275
Unique Binding	NOT Bound Only	HepG2	TIA1_4	1e-05	30687	26.318633252714456	28995	3.0653133801007204	1692	-0.03785356312933923	3.027459816971381	0.975603269935624
Unique Binding	NOT Bound Only	HepG2	TIA1_4	0.0001	16913	14.505394603681024	16913	2.622825084256199	0	0.0	2.622825084256199	1.0
Unique Binding	NOT Bound Only	HepG2	TIA1_4	0.001	0	0.0	0	0.0	0	0.0		
Unique Binding	NOT Bound Only	HepG2	TIA1_4	0.01	0	0.0	0	0.0	0	0.0		
Unique Binding	NOT Bound Only	HepG2	TIA1_4	0.1	0	0.0	0	0.0	0	0.0		
Unique Binding	NOT Bound Only	HepG2	TIA1_5	0.0	117712	100.0	117712	11.695735859879788	0	0.0	11.695735859879788	1.0
Unique Binding	NOT Bound Only	HepG2	TIA1_5	1e-05	117712	100.0	117712	11.695735859879788	0	0.0	11.695735859879788	1.0
Unique Binding	NOT Bound Only	HepG2	TIA1_5	0.0001	48603	41.289758053554436	48603	6.638046015158711	0	0.0	6.638046015158711	1.0
Unique Binding	NOT Bound Only	HepG2	TIA1_5	0.001	0	0.0	0	0.0	0	0.0		
Unique Binding	NOT Bound Only	HepG2	TIA1_5	0.01	0	0.0	0	0.0	0	0.0		
Unique Binding	NOT Bound Only	HepG2	TIA1_5	0.1	0	0.0	0	0.0	0	0.0		
Unique Binding	NOT Bound Only	HepG2	TIA1_6	0.0	116445	100.0	110358	4.962076230219115	6087	-0.4650130223402999	4.497063207878814	0.8286326239720491
Unique Binding	NOT Bound Only	HepG2	TIA1_6	1e-05	103407	88.80329769419039	99386	4.877567939791719	4021	-0.46148461377412225	4.4160833260175965	0.8271286490836631
Unique Binding	NOT Bound Only	HepG2	TIA1_6	0.0001	11179	9.600240456868049	9185	3.0734947734987257	1994	-0.3191304249879977	2.754364348510728	0.811868151465511
Unique Binding	NOT Bound Only	HepG2	TIA1_6	0.001	146	0.1253810811971317	146	0.16466428849108294	0	0.0	0.16466428849108294	1.0
Unique Binding	NOT Bound Only	HepG2	TIA1_6	0.01	0	0.0	0	0.0	0	0.0		
Unique Binding	NOT Bound Only	HepG2	TIA1_6	0.1	0	0.0	0	0.0	0	0.0		
Unique Binding	NOT Bound Only	HepG2	TIAL1_1	0.0	0	0.0	0	0.0	0	0.0		
Unique Binding	NOT Bound Only	HepG2	TIAL1_1	1e-05	0	0.0	0	0.0	0	0.0		
Unique Binding	NOT Bound Only	HepG2	TIAL1_1	0.0001	0	0.0	0	0.0	0	0.0		
Unique Binding	NOT Bound Only	HepG2	TIAL1_1	0.001	0	0.0	0	0.0	0	0.0		
Unique Binding	NOT Bound Only	HepG2	TIAL1_1	0.01	0	0.0	0	0.0	0	0.0		
Unique Binding	NOT Bound Only	HepG2	TIAL1_1	0.1	0	0.0	0	0.0	0	0.0		
Unique Binding	NOT Bound Only	HepG2	TIAL1_2	0.0	114423	100.0	114419	49.70318405464245	4	-2.947985536556186e-06	49.70318110665691	0.9999998813763981
Unique Binding	NOT Bound Only	HepG2	TIAL1_2	1e-05	114412	99.99038654815902	114412	49.703157717889425	0	0.0	49.703157717889425	1.0
Unique Binding	NOT Bound Only	HepG2	TIAL1_2	0.0001	112555	98.3674610873688	112555	49.55721165342362	0	0.0	49.55721165342362	1.0
Unique Binding	NOT Bound Only	HepG2	TIAL1_2	0.001	7442	6.503937145503963	7442	10.087506963224854	0	0.0	10.087506963224854	1.0
Unique Binding	NOT Bound Only	HepG2	TIAL1_2	0.01	0	0.0	0	0.0	0	0.0		
Unique Binding	NOT Bound Only	HepG2	TIAL1_2	0.1	0	0.0	0	0.0	0	0.0		
Unique Binding	NOT Bound Only	HepG2	TIAL1_3	0.0	1150	0.9760403316839666	1150	0.019692690209486868	0	0.0	0.019692690209486868	1.0
Unique Binding	NOT Bound Only	HepG2	TIAL1_3	1e-05	769	0.6526739261434524	769	0.016972539063828805	0	0.0	0.016972539063828805	1.0
Unique Binding	NOT Bound Only	HepG2	TIAL1_3	0.0001	0	0.0	0	0.0	0	0.0		
Unique Binding	NOT Bound Only	HepG2	TIAL1_3	0.001	0	0.0	0	0.0	0	0.0		
Unique Binding	NOT Bound Only	HepG2	TIAL1_3	0.01	0	0.0	0	0.0	0	0.0		
Unique Binding	NOT Bound Only	HepG2	TIAL1_3	0.1	0	0.0	0	0.0	0	0.0		
Unique Binding	NOT Bound Only	HepG2	TIAL1_4	0.0	115008	100.0	106235	2.058741414227772	8773	-2.53087654113431	-0.4721351269065379	-0.10287024573688955
Unique Binding	NOT Bound Only	HepG2	TIAL1_4	1e-05	72538	63.07213411240957	63771	1.7498382053537933	8767	-2.5308477343551523	-0.781009529001359	-0.18244962139279525
Unique Binding	NOT Bound Only	HepG2	TIAL1_4	0.0001	9466	8.230731775180857	1834	0.39848733743502324	7632	-2.4537805728884576	-2.0552932354534343	-0.7205821122253343
Unique Binding	NOT Bound Only	HepG2	TIAL1_4	0.001	0	0.0	0	0.0	0	0.0		
Unique Binding	NOT Bound Only	HepG2	TIAL1_4	0.01	0	0.0	0	0.0	0	0.0		
Unique Binding	NOT Bound Only	HepG2	TIAL1_4	0.1	0	0.0	0	0.0	0	0.0		
Unique Binding	NOT Bound Only	HepG2	TIAL1_5	0.0	0	0.0	0	0.0	0	0.0		
Unique Binding	NOT Bound Only	HepG2	TIAL1_5	1e-05	0	0.0	0	0.0	0	0.0		
Unique Binding	NOT Bound Only	HepG2	TIAL1_5	0.0001	0	0.0	0	0.0	0	0.0		
Unique Binding	NOT Bound Only	HepG2	TIAL1_5	0.001	0	0.0	0	0.0	0	0.0		
Unique Binding	NOT Bound Only	HepG2	TIAL1_5	0.01	0	0.0	0	0.0	0	0.0		
Unique Binding	NOT Bound Only	HepG2	TIAL1_5	0.1	0	0.0	0	0.0	0	0.0		
Unique Binding	NOT Bound Only	HepG2	TIAL1_6	0.0	115502	100.0	25010	2.6495262868098837	90492	-6.814695106246009	-4.165168819436126	-0.4400963002082984
Unique Binding	NOT Bound Only	HepG2	TIAL1_6	1e-05	110329	95.52128967463767	21573	2.6412103340852298	88756	-6.8109370709429475	-4.169726736857718	-0.44114068033255427
Unique Binding	NOT Bound Only	HepG2	TIAL1_6	0.0001	25098	21.729493861578156	12152	2.1636563483935882	12946	-2.052541900580202	0.11111444781338609	0.026354180057930388
Unique Binding	NOT Bound Only	HepG2	TIAL1_6	0.001	0	0.0	0	0.0	0	0.0		
Unique Binding	NOT Bound Only	HepG2	TIAL1_6	0.01	0	0.0	0	0.0	0	0.0		
Unique Binding	NOT Bound Only	HepG2	TIAL1_6	0.1	0	0.0	0	0.0	0	0.0		
Unique Binding	NOT Bound Only	HepG2	TRA2A_1	0.0	117072	100.0	117072	9.222133952169758	0	0.0	9.222133952169758	1.0
Unique Binding	NOT Bound Only	HepG2	TRA2A_1	1e-05	115430	98.59744430777641	115430	9.209055971076276	0	0.0	9.209055971076276	1.0
Unique Binding	NOT Bound Only	HepG2	TRA2A_1	0.0001	36335	31.036456197895312	36335	5.658572140504667	0	0.0	5.658572140504667	1.0
Unique Binding	NOT Bound Only	HepG2	TRA2A_1	0.001	0	0.0	0	0.0	0	0.0		
Unique Binding	NOT Bound Only	HepG2	TRA2A_1	0.01	0	0.0	0	0.0	0	0.0		
Unique Binding	NOT Bound Only	HepG2	TRA2A_1	0.1	0	0.0	0	0.0	0	0.0		
Unique Binding	NOT Bound Only	HepG2	TRA2A_2	0.0	116826	100.0	116826	17.476132840908917	0	0.0	17.476132840908917	1.0
Unique Binding	NOT Bound Only	HepG2	TRA2A_2	1e-05	116595	99.8022700426275	116595	17.474350401879576	0	0.0	17.474350401879576	1.0
Unique Binding	NOT Bound Only	HepG2	TRA2A_2	0.0001	58744	50.28332734151645	58744	14.290241421678166	0	0.0	14.290241421678166	1.0
Unique Binding	NOT Bound Only	HepG2	TRA2A_2	0.001	0	0.0	0	0.0	0	0.0		
Unique Binding	NOT Bound Only	HepG2	TRA2A_2	0.01	0	0.0	0	0.0	0	0.0		
Unique Binding	NOT Bound Only	HepG2	TRA2A_2	0.1	0	0.0	0	0.0	0	0.0		
Unique Binding	NOT Bound Only	HepG2	TRA2A_3	0.0	0	0.0	0	0.0	0	0.0		
Unique Binding	NOT Bound Only	HepG2	TRA2A_3	1e-05	0	0.0	0	0.0	0	0.0		
Unique Binding	NOT Bound Only	HepG2	TRA2A_3	0.0001	0	0.0	0	0.0	0	0.0		
Unique Binding	NOT Bound Only	HepG2	TRA2A_3	0.001	0	0.0	0	0.0	0	0.0		
Unique Binding	NOT Bound Only	HepG2	TRA2A_3	0.01	0	0.0	0	0.0	0	0.0		
Unique Binding	NOT Bound Only	HepG2	TRA2A_3	0.1	0	0.0	0	0.0	0	0.0		
Unique Binding	NOT Bound Only	HepG2	TRA2A_4	0.0	117066	100.0	117066	4.201707194347185	0	0.0	4.201707194347185	1.0
Unique Binding	NOT Bound Only	HepG2	TRA2A_4	1e-05	105023	89.71264073257821	105023	4.113916936978515	0	0.0	4.113916936978515	1.0
Unique Binding	NOT Bound Only	HepG2	TRA2A_4	0.0001	1083	0.9251191635487673	1083	0.1527469423349513	0	0.0	0.1527469423349513	1.0
Unique Binding	NOT Bound Only	HepG2	TRA2A_4	0.001	0	0.0	0	0.0	0	0.0		
Unique Binding	NOT Bound Only	HepG2	TRA2A_4	0.01	0	0.0	0	0.0	0	0.0		
Unique Binding	NOT Bound Only	HepG2	TRA2A_4	0.1	0	0.0	0	0.0	0	0.0		
Unique Binding	NOT Bound Only	HepG2	TRA2A_5	0.0	116887	100.0	116887	4.088418415909053	0	0.0	4.088418415909053	1.0
Unique Binding	NOT Bound Only	HepG2	TRA2A_5	1e-05	96334	82.41635083456671	96334	3.944866269389971	0	0.0	3.944866269389971	1.0
Unique Binding	NOT Bound Only	HepG2	TRA2A_5	0.0001	2350	2.010488762651107	2350	0.3865817538321926	0	0.0	0.3865817538321926	1.0
Unique Binding	NOT Bound Only	HepG2	TRA2A_5	0.001	0	0.0	0	0.0	0	0.0		
Unique Binding	NOT Bound Only	HepG2	TRA2A_5	0.01	0	0.0	0	0.0	0	0.0		
Unique Binding	NOT Bound Only	HepG2	TRA2A_5	0.1	0	0.0	0	0.0	0	0.0		
Unique Binding	NOT Bound Only	HepG2	TRA2A_6	0.0	0	0.0	0	0.0	0	0.0		
Unique Binding	NOT Bound Only	HepG2	TRA2A_6	1e-05	0	0.0	0	0.0	0	0.0		
Unique Binding	NOT Bound Only	HepG2	TRA2A_6	0.0001	0	0.0	0	0.0	0	0.0		
Unique Binding	NOT Bound Only	HepG2	TRA2A_6	0.001	0	0.0	0	0.0	0	0.0		
Unique Binding	NOT Bound Only	HepG2	TRA2A_6	0.01	0	0.0	0	0.0	0	0.0		
Unique Binding	NOT Bound Only	HepG2	TRA2A_6	0.1	0	0.0	0	0.0	0	0.0		
Unique Binding	NOT Bound Only	HepG2	TROVE2_1	0.0	0	0.0	0	0.0	0	0.0		
Unique Binding	NOT Bound Only	HepG2	TROVE2_1	1e-05	0	0.0	0	0.0	0	0.0		
Unique Binding	NOT Bound Only	HepG2	TROVE2_1	0.0001	0	0.0	0	0.0	0	0.0		
Unique Binding	NOT Bound Only	HepG2	TROVE2_1	0.001	0	0.0	0	0.0	0	0.0		
Unique Binding	NOT Bound Only	HepG2	TROVE2_1	0.01	0	0.0	0	0.0	0	0.0		
Unique Binding	NOT Bound Only	HepG2	TROVE2_1	0.1	0	0.0	0	0.0	0	0.0		
Unique Binding	NOT Bound Only	HepG2	TROVE2_2	0.0	0	0.0	0	0.0	0	0.0		
Unique Binding	NOT Bound Only	HepG2	TROVE2_2	1e-05	0	0.0	0	0.0	0	0.0		
Unique Binding	NOT Bound Only	HepG2	TROVE2_2	0.0001	0	0.0	0	0.0	0	0.0		
Unique Binding	NOT Bound Only	HepG2	TROVE2_2	0.001	0	0.0	0	0.0	0	0.0		
Unique Binding	NOT Bound Only	HepG2	TROVE2_2	0.01	0	0.0	0	0.0	0	0.0		
Unique Binding	NOT Bound Only	HepG2	TROVE2_2	0.1	0	0.0	0	0.0	0	0.0		
Unique Binding	NOT Bound Only	HepG2	TROVE2_3	0.0	0	0.0	0	0.0	0	0.0		
Unique Binding	NOT Bound Only	HepG2	TROVE2_3	1e-05	0	0.0	0	0.0	0	0.0		
Unique Binding	NOT Bound Only	HepG2	TROVE2_3	0.0001	0	0.0	0	0.0	0	0.0		
Unique Binding	NOT Bound Only	HepG2	TROVE2_3	0.001	0	0.0	0	0.0	0	0.0		
Unique Binding	NOT Bound Only	HepG2	TROVE2_3	0.01	0	0.0	0	0.0	0	0.0		
Unique Binding	NOT Bound Only	HepG2	TROVE2_3	0.1	0	0.0	0	0.0	0	0.0		
Unique Binding	NOT Bound Only	HepG2	TROVE2_4	0.0	0	0.0	0	0.0	0	0.0		
Unique Binding	NOT Bound Only	HepG2	TROVE2_4	1e-05	0	0.0	0	0.0	0	0.0		
Unique Binding	NOT Bound Only	HepG2	TROVE2_4	0.0001	0	0.0	0	0.0	0	0.0		
Unique Binding	NOT Bound Only	HepG2	TROVE2_4	0.001	0	0.0	0	0.0	0	0.0		
Unique Binding	NOT Bound Only	HepG2	TROVE2_4	0.01	0	0.0	0	0.0	0	0.0		
Unique Binding	NOT Bound Only	HepG2	TROVE2_4	0.1	0	0.0	0	0.0	0	0.0		
Unique Binding	NOT Bound Only	HepG2	TROVE2_5	0.0	118170	100.0	0	0.0	118170	-1.4219191456424294	-1.4219191456424294	-1.0
Unique Binding	NOT Bound Only	HepG2	TROVE2_5	1e-05	49220	41.65185749344165	0	0.0	49220	-1.0698975212223707	-1.0698975212223707	-1.0
Unique Binding	NOT Bound Only	HepG2	TROVE2_5	0.0001	0	0.0	0	0.0	0	0.0		
Unique Binding	NOT Bound Only	HepG2	TROVE2_5	0.001	0	0.0	0	0.0	0	0.0		
Unique Binding	NOT Bound Only	HepG2	TROVE2_5	0.01	0	0.0	0	0.0	0	0.0		
Unique Binding	NOT Bound Only	HepG2	TROVE2_5	0.1	0	0.0	0	0.0	0	0.0		
Unique Binding	NOT Bound Only	HepG2	TROVE2_6	0.0	0	0.0	0	0.0	0	0.0		
Unique Binding	NOT Bound Only	HepG2	TROVE2_6	1e-05	0	0.0	0	0.0	0	0.0		
Unique Binding	NOT Bound Only	HepG2	TROVE2_6	0.0001	0	0.0	0	0.0	0	0.0		
Unique Binding	NOT Bound Only	HepG2	TROVE2_6	0.001	0	0.0	0	0.0	0	0.0		
Unique Binding	NOT Bound Only	HepG2	TROVE2_6	0.01	0	0.0	0	0.0	0	0.0		
Unique Binding	NOT Bound Only	HepG2	TROVE2_6	0.1	0	0.0	0	0.0	0	0.0		
Unique Binding	NOT Bound Only	HepG2	U2AF1_1	0.0	0	0.0	0	0.0	0	0.0		
Unique Binding	NOT Bound Only	HepG2	U2AF1_1	1e-05	0	0.0	0	0.0	0	0.0		
Unique Binding	NOT Bound Only	HepG2	U2AF1_1	0.0001	0	0.0	0	0.0	0	0.0		
Unique Binding	NOT Bound Only	HepG2	U2AF1_1	0.001	0	0.0	0	0.0	0	0.0		
Unique Binding	NOT Bound Only	HepG2	U2AF1_1	0.01	0	0.0	0	0.0	0	0.0		
Unique Binding	NOT Bound Only	HepG2	U2AF1_1	0.1	0	0.0	0	0.0	0	0.0		
Unique Binding	NOT Bound Only	HepG2	U2AF1_2	0.0	117663	100.0	117663	10.120080977746582	0	0.0	10.120080977746582	1.0
Unique Binding	NOT Bound Only	HepG2	U2AF1_2	1e-05	117663	100.0	117663	10.120080977746582	0	0.0	10.120080977746582	1.0
Unique Binding	NOT Bound Only	HepG2	U2AF1_2	0.0001	37855	32.172390641068134	37855	4.443432795400936	0	0.0	4.443432795400936	1.0
Unique Binding	NOT Bound Only	HepG2	U2AF1_2	0.001	0	0.0	0	0.0	0	0.0		
Unique Binding	NOT Bound Only	HepG2	U2AF1_2	0.01	0	0.0	0	0.0	0	0.0		
Unique Binding	NOT Bound Only	HepG2	U2AF1_2	0.1	0	0.0	0	0.0	0	0.0		
Unique Binding	NOT Bound Only	HepG2	U2AF1_3	0.0	116512	100.0	116512	54.85854877630762	0	0.0	54.85854877630762	1.0
Unique Binding	NOT Bound Only	HepG2	U2AF1_3	1e-05	116512	100.0	116512	54.85854877630762	0	0.0	54.85854877630762	1.0
Unique Binding	NOT Bound Only	HepG2	U2AF1_3	0.0001	116345	99.85666712441636	116345	54.84410351346502	0	0.0	54.84410351346502	1.0
Unique Binding	NOT Bound Only	HepG2	U2AF1_3	0.001	1459	1.2522315297995057	1459	1.717718557673193	0	0.0	1.717718557673193	1.0
Unique Binding	NOT Bound Only	HepG2	U2AF1_3	0.01	0	0.0	0	0.0	0	0.0		
Unique Binding	NOT Bound Only	HepG2	U2AF1_3	0.1	0	0.0	0	0.0	0	0.0		
Unique Binding	NOT Bound Only	HepG2	U2AF1_4	0.0	117541	100.0	117541	319.2005653379219	0	0.0	319.2005653379219	1.0
Unique Binding	NOT Bound Only	HepG2	U2AF1_4	1e-05	117541	100.0	117541	319.2005653379219	0	0.0	319.2005653379219	1.0
Unique Binding	NOT Bound Only	HepG2	U2AF1_4	0.0001	117541	100.0	117541	319.2005653379219	0	0.0	319.2005653379219	1.0
Unique Binding	NOT Bound Only	HepG2	U2AF1_4	0.001	116591	99.19177138190078	116591	318.3933616045438	0	0.0	318.3933616045438	1.0
Unique Binding	NOT Bound Only	HepG2	U2AF1_4	0.01	0	0.0	0	0.0	0	0.0		
Unique Binding	NOT Bound Only	HepG2	U2AF1_4	0.1	0	0.0	0	0.0	0	0.0		
Unique Binding	NOT Bound Only	HepG2	U2AF1_5	0.0	116258	100.0	100926	3.928017081705432	15332	-0.10271935429637093	3.825297727409061	0.9490319667746566
Unique Binding	NOT Bound Only	HepG2	U2AF1_5	1e-05	65949	56.72641882709147	61435	3.732664848819828	4514	-0.05728228818642504	3.6753825606334027	0.9697714579567073
Unique Binding	NOT Bound Only	HepG2	U2AF1_5	0.0001	11244	9.671592492559652	11244	2.3835498386162373	0	0.0	2.3835498386162373	1.0
Unique Binding	NOT Bound Only	HepG2	U2AF1_5	0.001	11	0.009461714462660633	11	0.012926612680554015	0	0.0	0.012926612680554015	1.0
Unique Binding	NOT Bound Only	HepG2	U2AF1_5	0.01	0	0.0	0	0.0	0	0.0		
Unique Binding	NOT Bound Only	HepG2	U2AF1_5	0.1	0	0.0	0	0.0	0	0.0		
Unique Binding	NOT Bound Only	HepG2	U2AF1_6	0.0	0	0.0	0	0.0	0	0.0		
Unique Binding	NOT Bound Only	HepG2	U2AF1_6	1e-05	0	0.0	0	0.0	0	0.0		
Unique Binding	NOT Bound Only	HepG2	U2AF1_6	0.0001	0	0.0	0	0.0	0	0.0		
Unique Binding	NOT Bound Only	HepG2	U2AF1_6	0.001	0	0.0	0	0.0	0	0.0		
Unique Binding	NOT Bound Only	HepG2	U2AF1_6	0.01	0	0.0	0	0.0	0	0.0		
Unique Binding	NOT Bound Only	HepG2	U2AF1_6	0.1	0	0.0	0	0.0	0	0.0		
Unique Binding	NOT Bound Only	HepG2	U2AF2_1	0.0	112539	100.0	2327	0.754254895900053	110212	-25.778262701764653	-25.0240078058646	-0.9431448679437461
Unique Binding	NOT Bound Only	HepG2	U2AF2_1	1e-05	112434	99.90669901100951	2289	0.7540469004659883	110145	-25.777864488692583	-25.023817588226596	-0.9431592477898818
Unique Binding	NOT Bound Only	HepG2	U2AF2_1	0.0001	89106	79.1778849998667	1537	0.703952876087198	87569	-24.165404406614233	-23.461451530527036	-0.9433879317358274
Unique Binding	NOT Bound Only	HepG2	U2AF2_1	0.001	398	0.35365517731630813	230	0.38427732784785007	168	-0.1984944760767893	0.18578285177106077	0.318791764666578
Unique Binding	NOT Bound Only	HepG2	U2AF2_1	0.01	0	0.0	0	0.0	0	0.0		
Unique Binding	NOT Bound Only	HepG2	U2AF2_1	0.1	0	0.0	0	0.0	0	0.0		
Unique Binding	NOT Bound Only	HepG2	U2AF2_2	0.0	116496	100.0	116496	155.8503512484834	0	0.0	155.8503512484834	1.0
Unique Binding	NOT Bound Only	HepG2	U2AF2_2	1e-05	116496	100.0	116496	155.8503512484834	0	0.0	155.8503512484834	1.0
Unique Binding	NOT Bound Only	HepG2	U2AF2_2	0.0001	116496	100.0	116496	155.8503512484834	0	0.0	155.8503512484834	1.0
Unique Binding	NOT Bound Only	HepG2	U2AF2_2	0.001	94045	80.72809366845213	94045	137.04553494530492	0	0.0	137.04553494530492	1.0
Unique Binding	NOT Bound Only	HepG2	U2AF2_2	0.01	0	0.0	0	0.0	0	0.0		
Unique Binding	NOT Bound Only	HepG2	U2AF2_2	0.1	0	0.0	0	0.0	0	0.0		
Unique Binding	NOT Bound Only	HepG2	U2AF2_3	0.0	108883	100.0	16651	14.209769022002863	92232	-141.76338409823842	-127.55361507623556	-0.8177921169414533
Unique Binding	NOT Bound Only	HepG2	U2AF2_3	1e-05	108632	99.76947732887595	16534	14.209195786052623	92098	-141.76267306924973	-127.55347728319711	-0.817797967154773
Unique Binding	NOT Bound Only	HepG2	U2AF2_3	0.0001	106401	97.72048896521954	15519	14.151977521126245	90882	-141.69077620786396	-127.53879868673772	-0.8183813211394293
Unique Binding	NOT Bound Only	HepG2	U2AF2_3	0.001	60098	55.19502585343902	4818	9.17647640654181	55280	-122.06406049868987	-112.88758409214806	-0.860157895983493
Unique Binding	NOT Bound Only	HepG2	U2AF2_3	0.01	0	0.0	0	0.0	0	0.0		
Unique Binding	NOT Bound Only	HepG2	U2AF2_3	0.1	0	0.0	0	0.0	0	0.0		
Unique Binding	NOT Bound Only	HepG2	U2AF2_4	0.0	116119	100.0	78825	15.268595183180103	37294	-20.10266541769539	-4.834070234515288	-0.13666660877773854
Unique Binding	NOT Bound Only	HepG2	U2AF2_4	1e-05	106071	91.3468080159147	73940	15.244113305557313	32131	-20.077058267949088	-4.832944962391775	-0.13682855769192137
Unique Binding	NOT Bound Only	HepG2	U2AF2_4	0.0001	67568	58.188582402535324	44144	13.861671982281402	23424	-19.86816099669454	-6.006489014413139	-0.1780764529180156
Unique Binding	NOT Bound Only	HepG2	U2AF2_4	0.001	10252	8.828873827711227	1186	1.716837790082372	9066	-12.660573073967136	-10.943735283884763	-0.7611756655886772
Unique Binding	NOT Bound Only	HepG2	U2AF2_4	0.01	0	0.0	0	0.0	0	0.0		
Unique Binding	NOT Bound Only	HepG2	U2AF2_4	0.1	0	0.0	0	0.0	0	0.0		
Unique Binding	NOT Bound Only	HepG2	U2AF2_5	0.0	107340	100.0	106973	68.62814413845211	367	-0.1556135235203123	68.4725306149318	0.9954752828629964
Unique Binding	NOT Bound Only	HepG2	U2AF2_5	1e-05	107307	99.96925656791504	106963	68.62808734844685	344	-0.15548849629750133	68.47259885214935	0.9954789062828466
Unique Binding	NOT Bound Only	HepG2	U2AF2_5	0.0001	106761	99.460592509782	106511	68.59628613239491	250	-0.15027997363983817	68.44600615875507	0.9956280005780056
Unique Binding	NOT Bound Only	HepG2	U2AF2_5	0.001	22048	20.540339109372088	22006	27.754586450362634	42	-0.052382603318835604	27.702203847043798	0.996232411866413
Unique Binding	NOT Bound Only	HepG2	U2AF2_5	0.01	0	0.0	0	0.0	0	0.0		
Unique Binding	NOT Bound Only	HepG2	U2AF2_5	0.1	0	0.0	0	0.0	0	0.0		
Unique Binding	NOT Bound Only	HepG2	U2AF2_6	0.0	116572	100.0	116572	12.692316427675665	0	0.0	12.692316427675665	1.0
Unique Binding	NOT Bound Only	HepG2	U2AF2_6	1e-05	116572	100.0	116572	12.692316427675665	0	0.0	12.692316427675665	1.0
Unique Binding	NOT Bound Only	HepG2	U2AF2_6	0.0001	50733	43.52074254537968	50733	8.108674543604579	0	0.0	8.108674543604579	1.0
Unique Binding	NOT Bound Only	HepG2	U2AF2_6	0.001	281	0.2410527399375493	281	0.38351058553209894	0	0.0	0.38351058553209894	1.0
Unique Binding	NOT Bound Only	HepG2	U2AF2_6	0.01	0	0.0	0	0.0	0	0.0		
Unique Binding	NOT Bound Only	HepG2	U2AF2_6	0.1	0	0.0	0	0.0	0	0.0		
Unique Binding	NOT Bound Only	HepG2	UCHL5_1	0.0	115625	100.0	102851	0.6622648558959316	12774	-1.7312040917977782	-1.0689392359018466	-0.44660668647147117
Unique Binding	NOT Bound Only	HepG2	UCHL5_1	1e-05	10531	9.107891891891892	0	0.0	10531	-1.7207652347127633	-1.7207652347127633	-1.0
Unique Binding	NOT Bound Only	HepG2	UCHL5_1	0.0001	9066	7.840864864864865	0	0.0	9066	-1.6041194715341427	-1.6041194715341427	-1.0
Unique Binding	NOT Bound Only	HepG2	UCHL5_1	0.001	0	0.0	0	0.0	0	0.0		
Unique Binding	NOT Bound Only	HepG2	UCHL5_1	0.01	0	0.0	0	0.0	0	0.0		
Unique Binding	NOT Bound Only	HepG2	UCHL5_1	0.1	0	0.0	0	0.0	0	0.0		
Unique Binding	NOT Bound Only	HepG2	UCHL5_2	0.0	114517	100.0	114517	43.053817261310904	0	0.0	43.053817261310904	1.0
Unique Binding	NOT Bound Only	HepG2	UCHL5_2	1e-05	114517	100.0	114517	43.053817261310904	0	0.0	43.053817261310904	1.0
Unique Binding	NOT Bound Only	HepG2	UCHL5_2	0.0001	95546	83.43390064357257	95546	41.734821410299695	0	0.0	41.734821410299695	1.0
Unique Binding	NOT Bound Only	HepG2	UCHL5_2	0.001	5178	4.521599413187562	5178	5.580911075199724	0	0.0	5.580911075199724	1.0
Unique Binding	NOT Bound Only	HepG2	UCHL5_2	0.01	0	0.0	0	0.0	0	0.0		
Unique Binding	NOT Bound Only	HepG2	UCHL5_2	0.1	0	0.0	0	0.0	0	0.0		
Unique Binding	NOT Bound Only	HepG2	UCHL5_3	0.0	0	0.0	0	0.0	0	0.0		
Unique Binding	NOT Bound Only	HepG2	UCHL5_3	1e-05	0	0.0	0	0.0	0	0.0		
Unique Binding	NOT Bound Only	HepG2	UCHL5_3	0.0001	0	0.0	0	0.0	0	0.0		
Unique Binding	NOT Bound Only	HepG2	UCHL5_3	0.001	0	0.0	0	0.0	0	0.0		
Unique Binding	NOT Bound Only	HepG2	UCHL5_3	0.01	0	0.0	0	0.0	0	0.0		
Unique Binding	NOT Bound Only	HepG2	UCHL5_3	0.1	0	0.0	0	0.0	0	0.0		
Unique Binding	NOT Bound Only	HepG2	UCHL5_4	0.0	0	0.0	0	0.0	0	0.0		
Unique Binding	NOT Bound Only	HepG2	UCHL5_4	1e-05	0	0.0	0	0.0	0	0.0		
Unique Binding	NOT Bound Only	HepG2	UCHL5_4	0.0001	0	0.0	0	0.0	0	0.0		
Unique Binding	NOT Bound Only	HepG2	UCHL5_4	0.001	0	0.0	0	0.0	0	0.0		
Unique Binding	NOT Bound Only	HepG2	UCHL5_4	0.01	0	0.0	0	0.0	0	0.0		
Unique Binding	NOT Bound Only	HepG2	UCHL5_4	0.1	0	0.0	0	0.0	0	0.0		
Unique Binding	NOT Bound Only	HepG2	UCHL5_5	0.0	0	0.0	0	0.0	0	0.0		
Unique Binding	NOT Bound Only	HepG2	UCHL5_5	1e-05	0	0.0	0	0.0	0	0.0		
Unique Binding	NOT Bound Only	HepG2	UCHL5_5	0.0001	0	0.0	0	0.0	0	0.0		
Unique Binding	NOT Bound Only	HepG2	UCHL5_5	0.001	0	0.0	0	0.0	0	0.0		
Unique Binding	NOT Bound Only	HepG2	UCHL5_5	0.01	0	0.0	0	0.0	0	0.0		
Unique Binding	NOT Bound Only	HepG2	UCHL5_5	0.1	0	0.0	0	0.0	0	0.0		
Unique Binding	NOT Bound Only	HepG2	UCHL5_6	0.0	115094	100.0	115072	94.98602267573928	22	-0.0025820314069737484	94.9834406443323	0.9999456349229482
Unique Binding	NOT Bound Only	HepG2	UCHL5_6	1e-05	115094	100.0	115072	94.98602267573928	22	-0.0025820314069737484	94.9834406443323	0.9999456349229482
Unique Binding	NOT Bound Only	HepG2	UCHL5_6	0.0001	115044	99.95655724885746	115033	94.98317314916568	11	-0.0018179239913584473	94.98135522517433	0.9999617218684591
Unique Binding	NOT Bound Only	HepG2	UCHL5_6	0.001	27403	23.80923419118286	27403	38.7326261128581	0	0.0	38.7326261128581	1.0
Unique Binding	NOT Bound Only	HepG2	UCHL5_6	0.01	0	0.0	0	0.0	0	0.0		
Unique Binding	NOT Bound Only	HepG2	UCHL5_6	0.1	0	0.0	0	0.0	0	0.0		
Unique Binding	NOT Bound Only	HepG2	UPF1_1	0.0	0	0.0	0	0.0	0	0.0		
Unique Binding	NOT Bound Only	HepG2	UPF1_1	1e-05	0	0.0	0	0.0	0	0.0		
Unique Binding	NOT Bound Only	HepG2	UPF1_1	0.0001	0	0.0	0	0.0	0	0.0		
Unique Binding	NOT Bound Only	HepG2	UPF1_1	0.001	0	0.0	0	0.0	0	0.0		
Unique Binding	NOT Bound Only	HepG2	UPF1_1	0.01	0	0.0	0	0.0	0	0.0		
Unique Binding	NOT Bound Only	HepG2	UPF1_1	0.1	0	0.0	0	0.0	0	0.0		
Unique Binding	NOT Bound Only	HepG2	UPF1_2	0.0	0	0.0	0	0.0	0	0.0		
Unique Binding	NOT Bound Only	HepG2	UPF1_2	1e-05	0	0.0	0	0.0	0	0.0		
Unique Binding	NOT Bound Only	HepG2	UPF1_2	0.0001	0	0.0	0	0.0	0	0.0		
Unique Binding	NOT Bound Only	HepG2	UPF1_2	0.001	0	0.0	0	0.0	0	0.0		
Unique Binding	NOT Bound Only	HepG2	UPF1_2	0.01	0	0.0	0	0.0	0	0.0		
Unique Binding	NOT Bound Only	HepG2	UPF1_2	0.1	0	0.0	0	0.0	0	0.0		
Unique Binding	NOT Bound Only	HepG2	UPF1_3	0.0	0	0.0	0	0.0	0	0.0		
Unique Binding	NOT Bound Only	HepG2	UPF1_3	1e-05	0	0.0	0	0.0	0	0.0		
Unique Binding	NOT Bound Only	HepG2	UPF1_3	0.0001	0	0.0	0	0.0	0	0.0		
Unique Binding	NOT Bound Only	HepG2	UPF1_3	0.001	0	0.0	0	0.0	0	0.0		
Unique Binding	NOT Bound Only	HepG2	UPF1_3	0.01	0	0.0	0	0.0	0	0.0		
Unique Binding	NOT Bound Only	HepG2	UPF1_3	0.1	0	0.0	0	0.0	0	0.0		
Unique Binding	NOT Bound Only	HepG2	UPF1_4	0.0	0	0.0	0	0.0	0	0.0		
Unique Binding	NOT Bound Only	HepG2	UPF1_4	1e-05	0	0.0	0	0.0	0	0.0		
Unique Binding	NOT Bound Only	HepG2	UPF1_4	0.0001	0	0.0	0	0.0	0	0.0		
Unique Binding	NOT Bound Only	HepG2	UPF1_4	0.001	0	0.0	0	0.0	0	0.0		
Unique Binding	NOT Bound Only	HepG2	UPF1_4	0.01	0	0.0	0	0.0	0	0.0		
Unique Binding	NOT Bound Only	HepG2	UPF1_4	0.1	0	0.0	0	0.0	0	0.0		
Unique Binding	NOT Bound Only	HepG2	UPF1_5	0.0	0	0.0	0	0.0	0	0.0		
Unique Binding	NOT Bound Only	HepG2	UPF1_5	1e-05	0	0.0	0	0.0	0	0.0		
Unique Binding	NOT Bound Only	HepG2	UPF1_5	0.0001	0	0.0	0	0.0	0	0.0		
Unique Binding	NOT Bound Only	HepG2	UPF1_5	0.001	0	0.0	0	0.0	0	0.0		
Unique Binding	NOT Bound Only	HepG2	UPF1_5	0.01	0	0.0	0	0.0	0	0.0		
Unique Binding	NOT Bound Only	HepG2	UPF1_5	0.1	0	0.0	0	0.0	0	0.0		
Unique Binding	NOT Bound Only	HepG2	UPF1_6	0.0	0	0.0	0	0.0	0	0.0		
Unique Binding	NOT Bound Only	HepG2	UPF1_6	1e-05	0	0.0	0	0.0	0	0.0		
Unique Binding	NOT Bound Only	HepG2	UPF1_6	0.0001	0	0.0	0	0.0	0	0.0		
Unique Binding	NOT Bound Only	HepG2	UPF1_6	0.001	0	0.0	0	0.0	0	0.0		
Unique Binding	NOT Bound Only	HepG2	UPF1_6	0.01	0	0.0	0	0.0	0	0.0		
Unique Binding	NOT Bound Only	HepG2	UPF1_6	0.1	0	0.0	0	0.0	0	0.0		
Unique Binding	NOT Bound Only	HepG2	UTP18_1	0.0	0	0.0	0	0.0	0	0.0		
Unique Binding	NOT Bound Only	HepG2	UTP18_1	1e-05	0	0.0	0	0.0	0	0.0		
Unique Binding	NOT Bound Only	HepG2	UTP18_1	0.0001	0	0.0	0	0.0	0	0.0		
Unique Binding	NOT Bound Only	HepG2	UTP18_1	0.001	0	0.0	0	0.0	0	0.0		
Unique Binding	NOT Bound Only	HepG2	UTP18_1	0.01	0	0.0	0	0.0	0	0.0		
Unique Binding	NOT Bound Only	HepG2	UTP18_1	0.1	0	0.0	0	0.0	0	0.0		
Unique Binding	NOT Bound Only	HepG2	UTP18_2	0.0	0	0.0	0	0.0	0	0.0		
Unique Binding	NOT Bound Only	HepG2	UTP18_2	1e-05	0	0.0	0	0.0	0	0.0		
Unique Binding	NOT Bound Only	HepG2	UTP18_2	0.0001	0	0.0	0	0.0	0	0.0		
Unique Binding	NOT Bound Only	HepG2	UTP18_2	0.001	0	0.0	0	0.0	0	0.0		
Unique Binding	NOT Bound Only	HepG2	UTP18_2	0.01	0	0.0	0	0.0	0	0.0		
Unique Binding	NOT Bound Only	HepG2	UTP18_2	0.1	0	0.0	0	0.0	0	0.0		
Unique Binding	NOT Bound Only	HepG2	UTP18_3	0.0	0	0.0	0	0.0	0	0.0		
Unique Binding	NOT Bound Only	HepG2	UTP18_3	1e-05	0	0.0	0	0.0	0	0.0		
Unique Binding	NOT Bound Only	HepG2	UTP18_3	0.0001	0	0.0	0	0.0	0	0.0		
Unique Binding	NOT Bound Only	HepG2	UTP18_3	0.001	0	0.0	0	0.0	0	0.0		
Unique Binding	NOT Bound Only	HepG2	UTP18_3	0.01	0	0.0	0	0.0	0	0.0		
Unique Binding	NOT Bound Only	HepG2	UTP18_3	0.1	0	0.0	0	0.0	0	0.0		
Unique Binding	NOT Bound Only	HepG2	UTP18_4	0.0	0	0.0	0	0.0	0	0.0		
Unique Binding	NOT Bound Only	HepG2	UTP18_4	1e-05	0	0.0	0	0.0	0	0.0		
Unique Binding	NOT Bound Only	HepG2	UTP18_4	0.0001	0	0.0	0	0.0	0	0.0		
Unique Binding	NOT Bound Only	HepG2	UTP18_4	0.001	0	0.0	0	0.0	0	0.0		
Unique Binding	NOT Bound Only	HepG2	UTP18_4	0.01	0	0.0	0	0.0	0	0.0		
Unique Binding	NOT Bound Only	HepG2	UTP18_4	0.1	0	0.0	0	0.0	0	0.0		
Unique Binding	NOT Bound Only	HepG2	UTP18_5	0.0	0	0.0	0	0.0	0	0.0		
Unique Binding	NOT Bound Only	HepG2	UTP18_5	1e-05	0	0.0	0	0.0	0	0.0		
Unique Binding	NOT Bound Only	HepG2	UTP18_5	0.0001	0	0.0	0	0.0	0	0.0		
Unique Binding	NOT Bound Only	HepG2	UTP18_5	0.001	0	0.0	0	0.0	0	0.0		
Unique Binding	NOT Bound Only	HepG2	UTP18_5	0.01	0	0.0	0	0.0	0	0.0		
Unique Binding	NOT Bound Only	HepG2	UTP18_5	0.1	0	0.0	0	0.0	0	0.0		
Unique Binding	NOT Bound Only	HepG2	UTP18_6	0.0	0	0.0	0	0.0	0	0.0		
Unique Binding	NOT Bound Only	HepG2	UTP18_6	1e-05	0	0.0	0	0.0	0	0.0		
Unique Binding	NOT Bound Only	HepG2	UTP18_6	0.0001	0	0.0	0	0.0	0	0.0		
Unique Binding	NOT Bound Only	HepG2	UTP18_6	0.001	0	0.0	0	0.0	0	0.0		
Unique Binding	NOT Bound Only	HepG2	UTP18_6	0.01	0	0.0	0	0.0	0	0.0		
Unique Binding	NOT Bound Only	HepG2	UTP18_6	0.1	0	0.0	0	0.0	0	0.0		
Unique Binding	NOT Bound Only	HepG2	WDR43_1	0.0	0	0.0	0	0.0	0	0.0		
Unique Binding	NOT Bound Only	HepG2	WDR43_1	1e-05	0	0.0	0	0.0	0	0.0		
Unique Binding	NOT Bound Only	HepG2	WDR43_1	0.0001	0	0.0	0	0.0	0	0.0		
Unique Binding	NOT Bound Only	HepG2	WDR43_1	0.001	0	0.0	0	0.0	0	0.0		
Unique Binding	NOT Bound Only	HepG2	WDR43_1	0.01	0	0.0	0	0.0	0	0.0		
Unique Binding	NOT Bound Only	HepG2	WDR43_1	0.1	0	0.0	0	0.0	0	0.0		
Unique Binding	NOT Bound Only	HepG2	WDR43_2	0.0	0	0.0	0	0.0	0	0.0		
Unique Binding	NOT Bound Only	HepG2	WDR43_2	1e-05	0	0.0	0	0.0	0	0.0		
Unique Binding	NOT Bound Only	HepG2	WDR43_2	0.0001	0	0.0	0	0.0	0	0.0		
Unique Binding	NOT Bound Only	HepG2	WDR43_2	0.001	0	0.0	0	0.0	0	0.0		
Unique Binding	NOT Bound Only	HepG2	WDR43_2	0.01	0	0.0	0	0.0	0	0.0		
Unique Binding	NOT Bound Only	HepG2	WDR43_2	0.1	0	0.0	0	0.0	0	0.0		
Unique Binding	NOT Bound Only	HepG2	WDR43_3	0.0	0	0.0	0	0.0	0	0.0		
Unique Binding	NOT Bound Only	HepG2	WDR43_3	1e-05	0	0.0	0	0.0	0	0.0		
Unique Binding	NOT Bound Only	HepG2	WDR43_3	0.0001	0	0.0	0	0.0	0	0.0		
Unique Binding	NOT Bound Only	HepG2	WDR43_3	0.001	0	0.0	0	0.0	0	0.0		
Unique Binding	NOT Bound Only	HepG2	WDR43_3	0.01	0	0.0	0	0.0	0	0.0		
Unique Binding	NOT Bound Only	HepG2	WDR43_3	0.1	0	0.0	0	0.0	0	0.0		
Unique Binding	NOT Bound Only	HepG2	WDR43_4	0.0	0	0.0	0	0.0	0	0.0		
Unique Binding	NOT Bound Only	HepG2	WDR43_4	1e-05	0	0.0	0	0.0	0	0.0		
Unique Binding	NOT Bound Only	HepG2	WDR43_4	0.0001	0	0.0	0	0.0	0	0.0		
Unique Binding	NOT Bound Only	HepG2	WDR43_4	0.001	0	0.0	0	0.0	0	0.0		
Unique Binding	NOT Bound Only	HepG2	WDR43_4	0.01	0	0.0	0	0.0	0	0.0		
Unique Binding	NOT Bound Only	HepG2	WDR43_4	0.1	0	0.0	0	0.0	0	0.0		
Unique Binding	NOT Bound Only	HepG2	WDR43_5	0.0	0	0.0	0	0.0	0	0.0		
Unique Binding	NOT Bound Only	HepG2	WDR43_5	1e-05	0	0.0	0	0.0	0	0.0		
Unique Binding	NOT Bound Only	HepG2	WDR43_5	0.0001	0	0.0	0	0.0	0	0.0		
Unique Binding	NOT Bound Only	HepG2	WDR43_5	0.001	0	0.0	0	0.0	0	0.0		
Unique Binding	NOT Bound Only	HepG2	WDR43_5	0.01	0	0.0	0	0.0	0	0.0		
Unique Binding	NOT Bound Only	HepG2	WDR43_5	0.1	0	0.0	0	0.0	0	0.0		
Unique Binding	NOT Bound Only	HepG2	WDR43_6	0.0	0	0.0	0	0.0	0	0.0		
Unique Binding	NOT Bound Only	HepG2	WDR43_6	1e-05	0	0.0	0	0.0	0	0.0		
Unique Binding	NOT Bound Only	HepG2	WDR43_6	0.0001	0	0.0	0	0.0	0	0.0		
Unique Binding	NOT Bound Only	HepG2	WDR43_6	0.001	0	0.0	0	0.0	0	0.0		
Unique Binding	NOT Bound Only	HepG2	WDR43_6	0.01	0	0.0	0	0.0	0	0.0		
Unique Binding	NOT Bound Only	HepG2	WDR43_6	0.1	0	0.0	0	0.0	0	0.0		
Unique Binding	NOT Bound Only	HepG2	XPO5_1	0.0	0	0.0	0	0.0	0	0.0		
Unique Binding	NOT Bound Only	HepG2	XPO5_1	1e-05	0	0.0	0	0.0	0	0.0		
Unique Binding	NOT Bound Only	HepG2	XPO5_1	0.0001	0	0.0	0	0.0	0	0.0		
Unique Binding	NOT Bound Only	HepG2	XPO5_1	0.001	0	0.0	0	0.0	0	0.0		
Unique Binding	NOT Bound Only	HepG2	XPO5_1	0.01	0	0.0	0	0.0	0	0.0		
Unique Binding	NOT Bound Only	HepG2	XPO5_1	0.1	0	0.0	0	0.0	0	0.0		
Unique Binding	NOT Bound Only	HepG2	XPO5_2	0.0	0	0.0	0	0.0	0	0.0		
Unique Binding	NOT Bound Only	HepG2	XPO5_2	1e-05	0	0.0	0	0.0	0	0.0		
Unique Binding	NOT Bound Only	HepG2	XPO5_2	0.0001	0	0.0	0	0.0	0	0.0		
Unique Binding	NOT Bound Only	HepG2	XPO5_2	0.001	0	0.0	0	0.0	0	0.0		
Unique Binding	NOT Bound Only	HepG2	XPO5_2	0.01	0	0.0	0	0.0	0	0.0		
Unique Binding	NOT Bound Only	HepG2	XPO5_2	0.1	0	0.0	0	0.0	0	0.0		
Unique Binding	NOT Bound Only	HepG2	XPO5_3	0.0	0	0.0	0	0.0	0	0.0		
Unique Binding	NOT Bound Only	HepG2	XPO5_3	1e-05	0	0.0	0	0.0	0	0.0		
Unique Binding	NOT Bound Only	HepG2	XPO5_3	0.0001	0	0.0	0	0.0	0	0.0		
Unique Binding	NOT Bound Only	HepG2	XPO5_3	0.001	0	0.0	0	0.0	0	0.0		
Unique Binding	NOT Bound Only	HepG2	XPO5_3	0.01	0	0.0	0	0.0	0	0.0		
Unique Binding	NOT Bound Only	HepG2	XPO5_3	0.1	0	0.0	0	0.0	0	0.0		
Unique Binding	NOT Bound Only	HepG2	XPO5_4	0.0	0	0.0	0	0.0	0	0.0		
Unique Binding	NOT Bound Only	HepG2	XPO5_4	1e-05	0	0.0	0	0.0	0	0.0		
Unique Binding	NOT Bound Only	HepG2	XPO5_4	0.0001	0	0.0	0	0.0	0	0.0		
Unique Binding	NOT Bound Only	HepG2	XPO5_4	0.001	0	0.0	0	0.0	0	0.0		
Unique Binding	NOT Bound Only	HepG2	XPO5_4	0.01	0	0.0	0	0.0	0	0.0		
Unique Binding	NOT Bound Only	HepG2	XPO5_4	0.1	0	0.0	0	0.0	0	0.0		
Unique Binding	NOT Bound Only	HepG2	XPO5_5	0.0	0	0.0	0	0.0	0	0.0		
Unique Binding	NOT Bound Only	HepG2	XPO5_5	1e-05	0	0.0	0	0.0	0	0.0		
Unique Binding	NOT Bound Only	HepG2	XPO5_5	0.0001	0	0.0	0	0.0	0	0.0		
Unique Binding	NOT Bound Only	HepG2	XPO5_5	0.001	0	0.0	0	0.0	0	0.0		
Unique Binding	NOT Bound Only	HepG2	XPO5_5	0.01	0	0.0	0	0.0	0	0.0		
Unique Binding	NOT Bound Only	HepG2	XPO5_5	0.1	0	0.0	0	0.0	0	0.0		
Unique Binding	NOT Bound Only	HepG2	XPO5_6	0.0	0	0.0	0	0.0	0	0.0		
Unique Binding	NOT Bound Only	HepG2	XPO5_6	1e-05	0	0.0	0	0.0	0	0.0		
Unique Binding	NOT Bound Only	HepG2	XPO5_6	0.0001	0	0.0	0	0.0	0	0.0		
Unique Binding	NOT Bound Only	HepG2	XPO5_6	0.001	0	0.0	0	0.0	0	0.0		
Unique Binding	NOT Bound Only	HepG2	XPO5_6	0.01	0	0.0	0	0.0	0	0.0		
Unique Binding	NOT Bound Only	HepG2	XPO5_6	0.1	0	0.0	0	0.0	0	0.0		
Unique Binding	NOT Bound Only	HepG2	XRCC6_1	0.0	0	0.0	0	0.0	0	0.0		
Unique Binding	NOT Bound Only	HepG2	XRCC6_1	1e-05	0	0.0	0	0.0	0	0.0		
Unique Binding	NOT Bound Only	HepG2	XRCC6_1	0.0001	0	0.0	0	0.0	0	0.0		
Unique Binding	NOT Bound Only	HepG2	XRCC6_1	0.001	0	0.0	0	0.0	0	0.0		
Unique Binding	NOT Bound Only	HepG2	XRCC6_1	0.01	0	0.0	0	0.0	0	0.0		
Unique Binding	NOT Bound Only	HepG2	XRCC6_1	0.1	0	0.0	0	0.0	0	0.0		
Unique Binding	NOT Bound Only	HepG2	XRCC6_2	0.0	0	0.0	0	0.0	0	0.0		
Unique Binding	NOT Bound Only	HepG2	XRCC6_2	1e-05	0	0.0	0	0.0	0	0.0		
Unique Binding	NOT Bound Only	HepG2	XRCC6_2	0.0001	0	0.0	0	0.0	0	0.0		
Unique Binding	NOT Bound Only	HepG2	XRCC6_2	0.001	0	0.0	0	0.0	0	0.0		
Unique Binding	NOT Bound Only	HepG2	XRCC6_2	0.01	0	0.0	0	0.0	0	0.0		
Unique Binding	NOT Bound Only	HepG2	XRCC6_2	0.1	0	0.0	0	0.0	0	0.0		
Unique Binding	NOT Bound Only	HepG2	XRCC6_3	0.0	0	0.0	0	0.0	0	0.0		
Unique Binding	NOT Bound Only	HepG2	XRCC6_3	1e-05	0	0.0	0	0.0	0	0.0		
Unique Binding	NOT Bound Only	HepG2	XRCC6_3	0.0001	0	0.0	0	0.0	0	0.0		
Unique Binding	NOT Bound Only	HepG2	XRCC6_3	0.001	0	0.0	0	0.0	0	0.0		
Unique Binding	NOT Bound Only	HepG2	XRCC6_3	0.01	0	0.0	0	0.0	0	0.0		
Unique Binding	NOT Bound Only	HepG2	XRCC6_3	0.1	0	0.0	0	0.0	0	0.0		
Unique Binding	NOT Bound Only	HepG2	XRCC6_4	0.0	0	0.0	0	0.0	0	0.0		
Unique Binding	NOT Bound Only	HepG2	XRCC6_4	1e-05	0	0.0	0	0.0	0	0.0		
Unique Binding	NOT Bound Only	HepG2	XRCC6_4	0.0001	0	0.0	0	0.0	0	0.0		
Unique Binding	NOT Bound Only	HepG2	XRCC6_4	0.001	0	0.0	0	0.0	0	0.0		
Unique Binding	NOT Bound Only	HepG2	XRCC6_4	0.01	0	0.0	0	0.0	0	0.0		
Unique Binding	NOT Bound Only	HepG2	XRCC6_4	0.1	0	0.0	0	0.0	0	0.0		
Unique Binding	NOT Bound Only	HepG2	XRCC6_5	0.0	0	0.0	0	0.0	0	0.0		
Unique Binding	NOT Bound Only	HepG2	XRCC6_5	1e-05	0	0.0	0	0.0	0	0.0		
Unique Binding	NOT Bound Only	HepG2	XRCC6_5	0.0001	0	0.0	0	0.0	0	0.0		
Unique Binding	NOT Bound Only	HepG2	XRCC6_5	0.001	0	0.0	0	0.0	0	0.0		
Unique Binding	NOT Bound Only	HepG2	XRCC6_5	0.01	0	0.0	0	0.0	0	0.0		
Unique Binding	NOT Bound Only	HepG2	XRCC6_5	0.1	0	0.0	0	0.0	0	0.0		
Unique Binding	NOT Bound Only	HepG2	XRCC6_6	0.0	0	0.0	0	0.0	0	0.0		
Unique Binding	NOT Bound Only	HepG2	XRCC6_6	1e-05	0	0.0	0	0.0	0	0.0		
Unique Binding	NOT Bound Only	HepG2	XRCC6_6	0.0001	0	0.0	0	0.0	0	0.0		
Unique Binding	NOT Bound Only	HepG2	XRCC6_6	0.001	0	0.0	0	0.0	0	0.0		
Unique Binding	NOT Bound Only	HepG2	XRCC6_6	0.01	0	0.0	0	0.0	0	0.0		
Unique Binding	NOT Bound Only	HepG2	XRCC6_6	0.1	0	0.0	0	0.0	0	0.0		
Unique Binding	NOT Bound Only	HepG2	XRN2_1	0.0	0	0.0	0	0.0	0	0.0		
Unique Binding	NOT Bound Only	HepG2	XRN2_1	1e-05	0	0.0	0	0.0	0	0.0		
Unique Binding	NOT Bound Only	HepG2	XRN2_1	0.0001	0	0.0	0	0.0	0	0.0		
Unique Binding	NOT Bound Only	HepG2	XRN2_1	0.001	0	0.0	0	0.0	0	0.0		
Unique Binding	NOT Bound Only	HepG2	XRN2_1	0.01	0	0.0	0	0.0	0	0.0		
Unique Binding	NOT Bound Only	HepG2	XRN2_1	0.1	0	0.0	0	0.0	0	0.0		
Unique Binding	NOT Bound Only	HepG2	XRN2_2	0.0	5302	4.556352855239978	4669	0.16623483582541643	633	-0.009671606115765535	0.1565632297096509	0.8900369308930773
Unique Binding	NOT Bound Only	HepG2	XRN2_2	1e-05	5238	4.501353499763675	4668	0.166227417680123	570	-0.00913037218941501	0.157097045490708	0.8958657930599172
Unique Binding	NOT Bound Only	HepG2	XRN2_2	0.0001	0	0.0	0	0.0	0	0.0		
Unique Binding	NOT Bound Only	HepG2	XRN2_2	0.001	0	0.0	0	0.0	0	0.0		
Unique Binding	NOT Bound Only	HepG2	XRN2_2	0.01	0	0.0	0	0.0	0	0.0		
Unique Binding	NOT Bound Only	HepG2	XRN2_2	0.1	0	0.0	0	0.0	0	0.0		
Unique Binding	NOT Bound Only	HepG2	XRN2_3	0.0	0	0.0	0	0.0	0	0.0		
Unique Binding	NOT Bound Only	HepG2	XRN2_3	1e-05	0	0.0	0	0.0	0	0.0		
Unique Binding	NOT Bound Only	HepG2	XRN2_3	0.0001	0	0.0	0	0.0	0	0.0		
Unique Binding	NOT Bound Only	HepG2	XRN2_3	0.001	0	0.0	0	0.0	0	0.0		
Unique Binding	NOT Bound Only	HepG2	XRN2_3	0.01	0	0.0	0	0.0	0	0.0		
Unique Binding	NOT Bound Only	HepG2	XRN2_3	0.1	0	0.0	0	0.0	0	0.0		
Unique Binding	NOT Bound Only	HepG2	XRN2_4	0.0	0	0.0	0	0.0	0	0.0		
Unique Binding	NOT Bound Only	HepG2	XRN2_4	1e-05	0	0.0	0	0.0	0	0.0		
Unique Binding	NOT Bound Only	HepG2	XRN2_4	0.0001	0	0.0	0	0.0	0	0.0		
Unique Binding	NOT Bound Only	HepG2	XRN2_4	0.001	0	0.0	0	0.0	0	0.0		
Unique Binding	NOT Bound Only	HepG2	XRN2_4	0.01	0	0.0	0	0.0	0	0.0		
Unique Binding	NOT Bound Only	HepG2	XRN2_4	0.1	0	0.0	0	0.0	0	0.0		
Unique Binding	NOT Bound Only	HepG2	XRN2_5	0.0	0	0.0	0	0.0	0	0.0		
Unique Binding	NOT Bound Only	HepG2	XRN2_5	1e-05	0	0.0	0	0.0	0	0.0		
Unique Binding	NOT Bound Only	HepG2	XRN2_5	0.0001	0	0.0	0	0.0	0	0.0		
Unique Binding	NOT Bound Only	HepG2	XRN2_5	0.001	0	0.0	0	0.0	0	0.0		
Unique Binding	NOT Bound Only	HepG2	XRN2_5	0.01	0	0.0	0	0.0	0	0.0		
Unique Binding	NOT Bound Only	HepG2	XRN2_5	0.1	0	0.0	0	0.0	0	0.0		
Unique Binding	NOT Bound Only	HepG2	XRN2_6	0.0	0	0.0	0	0.0	0	0.0		
Unique Binding	NOT Bound Only	HepG2	XRN2_6	1e-05	0	0.0	0	0.0	0	0.0		
Unique Binding	NOT Bound Only	HepG2	XRN2_6	0.0001	0	0.0	0	0.0	0	0.0		
Unique Binding	NOT Bound Only	HepG2	XRN2_6	0.001	0	0.0	0	0.0	0	0.0		
Unique Binding	NOT Bound Only	HepG2	XRN2_6	0.01	0	0.0	0	0.0	0	0.0		
Unique Binding	NOT Bound Only	HepG2	XRN2_6	0.1	0	0.0	0	0.0	0	0.0		
Unique Binding	NOT Bound Only	HepG2	YBX3_1	0.0	117651	100.0	117651	35.53086926500993	0	0.0	35.53086926500993	1.0
Unique Binding	NOT Bound Only	HepG2	YBX3_1	1e-05	117540	99.90565316061912	117540	35.529971278388324	0	0.0	35.529971278388324	1.0
Unique Binding	NOT Bound Only	HepG2	YBX3_1	0.0001	82027	69.72061435941896	82027	33.394366117212456	0	0.0	33.394366117212456	1.0
Unique Binding	NOT Bound Only	HepG2	YBX3_1	0.001	2602	2.211625910531997	2602	2.7791828350709293	0	0.0	2.7791828350709293	1.0
Unique Binding	NOT Bound Only	HepG2	YBX3_1	0.01	0	0.0	0	0.0	0	0.0		
Unique Binding	NOT Bound Only	HepG2	YBX3_1	0.1	0	0.0	0	0.0	0	0.0		
Unique Binding	NOT Bound Only	HepG2	YBX3_2	0.0	0	0.0	0	0.0	0	0.0		
Unique Binding	NOT Bound Only	HepG2	YBX3_2	1e-05	0	0.0	0	0.0	0	0.0		
Unique Binding	NOT Bound Only	HepG2	YBX3_2	0.0001	0	0.0	0	0.0	0	0.0		
Unique Binding	NOT Bound Only	HepG2	YBX3_2	0.001	0	0.0	0	0.0	0	0.0		
Unique Binding	NOT Bound Only	HepG2	YBX3_2	0.01	0	0.0	0	0.0	0	0.0		
Unique Binding	NOT Bound Only	HepG2	YBX3_2	0.1	0	0.0	0	0.0	0	0.0		
Unique Binding	NOT Bound Only	HepG2	YBX3_3	0.0	0	0.0	0	0.0	0	0.0		
Unique Binding	NOT Bound Only	HepG2	YBX3_3	1e-05	0	0.0	0	0.0	0	0.0		
Unique Binding	NOT Bound Only	HepG2	YBX3_3	0.0001	0	0.0	0	0.0	0	0.0		
Unique Binding	NOT Bound Only	HepG2	YBX3_3	0.001	0	0.0	0	0.0	0	0.0		
Unique Binding	NOT Bound Only	HepG2	YBX3_3	0.01	0	0.0	0	0.0	0	0.0		
Unique Binding	NOT Bound Only	HepG2	YBX3_3	0.1	0	0.0	0	0.0	0	0.0		
Unique Binding	NOT Bound Only	HepG2	YBX3_4	0.0	0	0.0	0	0.0	0	0.0		
Unique Binding	NOT Bound Only	HepG2	YBX3_4	1e-05	0	0.0	0	0.0	0	0.0		
Unique Binding	NOT Bound Only	HepG2	YBX3_4	0.0001	0	0.0	0	0.0	0	0.0		
Unique Binding	NOT Bound Only	HepG2	YBX3_4	0.001	0	0.0	0	0.0	0	0.0		
Unique Binding	NOT Bound Only	HepG2	YBX3_4	0.01	0	0.0	0	0.0	0	0.0		
Unique Binding	NOT Bound Only	HepG2	YBX3_4	0.1	0	0.0	0	0.0	0	0.0		
Unique Binding	NOT Bound Only	HepG2	YBX3_5	0.0	0	0.0	0	0.0	0	0.0		
Unique Binding	NOT Bound Only	HepG2	YBX3_5	1e-05	0	0.0	0	0.0	0	0.0		
Unique Binding	NOT Bound Only	HepG2	YBX3_5	0.0001	0	0.0	0	0.0	0	0.0		
Unique Binding	NOT Bound Only	HepG2	YBX3_5	0.001	0	0.0	0	0.0	0	0.0		
Unique Binding	NOT Bound Only	HepG2	YBX3_5	0.01	0	0.0	0	0.0	0	0.0		
Unique Binding	NOT Bound Only	HepG2	YBX3_5	0.1	0	0.0	0	0.0	0	0.0		
Unique Binding	NOT Bound Only	HepG2	YBX3_6	0.0	0	0.0	0	0.0	0	0.0		
Unique Binding	NOT Bound Only	HepG2	YBX3_6	1e-05	0	0.0	0	0.0	0	0.0		
Unique Binding	NOT Bound Only	HepG2	YBX3_6	0.0001	0	0.0	0	0.0	0	0.0		
Unique Binding	NOT Bound Only	HepG2	YBX3_6	0.001	0	0.0	0	0.0	0	0.0		
Unique Binding	NOT Bound Only	HepG2	YBX3_6	0.01	0	0.0	0	0.0	0	0.0		
Unique Binding	NOT Bound Only	HepG2	YBX3_6	0.1	0	0.0	0	0.0	0	0.0		
Unique Binding	NOT Bound Only	HepG2	ZC3H11A_1	0.0	0	0.0	0	0.0	0	0.0		
Unique Binding	NOT Bound Only	HepG2	ZC3H11A_1	1e-05	0	0.0	0	0.0	0	0.0		
Unique Binding	NOT Bound Only	HepG2	ZC3H11A_1	0.0001	0	0.0	0	0.0	0	0.0		
Unique Binding	NOT Bound Only	HepG2	ZC3H11A_1	0.001	0	0.0	0	0.0	0	0.0		
Unique Binding	NOT Bound Only	HepG2	ZC3H11A_1	0.01	0	0.0	0	0.0	0	0.0		
Unique Binding	NOT Bound Only	HepG2	ZC3H11A_1	0.1	0	0.0	0	0.0	0	0.0		
Unique Binding	NOT Bound Only	HepG2	ZC3H11A_2	0.0	0	0.0	0	0.0	0	0.0		
Unique Binding	NOT Bound Only	HepG2	ZC3H11A_2	1e-05	0	0.0	0	0.0	0	0.0		
Unique Binding	NOT Bound Only	HepG2	ZC3H11A_2	0.0001	0	0.0	0	0.0	0	0.0		
Unique Binding	NOT Bound Only	HepG2	ZC3H11A_2	0.001	0	0.0	0	0.0	0	0.0		
Unique Binding	NOT Bound Only	HepG2	ZC3H11A_2	0.01	0	0.0	0	0.0	0	0.0		
Unique Binding	NOT Bound Only	HepG2	ZC3H11A_2	0.1	0	0.0	0	0.0	0	0.0		
Unique Binding	NOT Bound Only	HepG2	ZC3H11A_3	0.0	0	0.0	0	0.0	0	0.0		
Unique Binding	NOT Bound Only	HepG2	ZC3H11A_3	1e-05	0	0.0	0	0.0	0	0.0		
Unique Binding	NOT Bound Only	HepG2	ZC3H11A_3	0.0001	0	0.0	0	0.0	0	0.0		
Unique Binding	NOT Bound Only	HepG2	ZC3H11A_3	0.001	0	0.0	0	0.0	0	0.0		
Unique Binding	NOT Bound Only	HepG2	ZC3H11A_3	0.01	0	0.0	0	0.0	0	0.0		
Unique Binding	NOT Bound Only	HepG2	ZC3H11A_3	0.1	0	0.0	0	0.0	0	0.0		
Unique Binding	NOT Bound Only	HepG2	ZC3H11A_4	0.0	0	0.0	0	0.0	0	0.0		
Unique Binding	NOT Bound Only	HepG2	ZC3H11A_4	1e-05	0	0.0	0	0.0	0	0.0		
Unique Binding	NOT Bound Only	HepG2	ZC3H11A_4	0.0001	0	0.0	0	0.0	0	0.0		
Unique Binding	NOT Bound Only	HepG2	ZC3H11A_4	0.001	0	0.0	0	0.0	0	0.0		
Unique Binding	NOT Bound Only	HepG2	ZC3H11A_4	0.01	0	0.0	0	0.0	0	0.0		
Unique Binding	NOT Bound Only	HepG2	ZC3H11A_4	0.1	0	0.0	0	0.0	0	0.0		
Unique Binding	NOT Bound Only	HepG2	ZC3H11A_5	0.0	0	0.0	0	0.0	0	0.0		
Unique Binding	NOT Bound Only	HepG2	ZC3H11A_5	1e-05	0	0.0	0	0.0	0	0.0		
Unique Binding	NOT Bound Only	HepG2	ZC3H11A_5	0.0001	0	0.0	0	0.0	0	0.0		
Unique Binding	NOT Bound Only	HepG2	ZC3H11A_5	0.001	0	0.0	0	0.0	0	0.0		
Unique Binding	NOT Bound Only	HepG2	ZC3H11A_5	0.01	0	0.0	0	0.0	0	0.0		
Unique Binding	NOT Bound Only	HepG2	ZC3H11A_5	0.1	0	0.0	0	0.0	0	0.0		
Unique Binding	NOT Bound Only	HepG2	ZC3H11A_6	0.0	0	0.0	0	0.0	0	0.0		
Unique Binding	NOT Bound Only	HepG2	ZC3H11A_6	1e-05	0	0.0	0	0.0	0	0.0		
Unique Binding	NOT Bound Only	HepG2	ZC3H11A_6	0.0001	0	0.0	0	0.0	0	0.0		
Unique Binding	NOT Bound Only	HepG2	ZC3H11A_6	0.001	0	0.0	0	0.0	0	0.0		
Unique Binding	NOT Bound Only	HepG2	ZC3H11A_6	0.01	0	0.0	0	0.0	0	0.0		
Unique Binding	NOT Bound Only	HepG2	ZC3H11A_6	0.1	0	0.0	0	0.0	0	0.0		
Unique Binding	NOT Bound Only	HepG2	ZNF800_1	0.0	0	0.0	0	0.0	0	0.0		
Unique Binding	NOT Bound Only	HepG2	ZNF800_1	1e-05	0	0.0	0	0.0	0	0.0		
Unique Binding	NOT Bound Only	HepG2	ZNF800_1	0.0001	0	0.0	0	0.0	0	0.0		
Unique Binding	NOT Bound Only	HepG2	ZNF800_1	0.001	0	0.0	0	0.0	0	0.0		
Unique Binding	NOT Bound Only	HepG2	ZNF800_1	0.01	0	0.0	0	0.0	0	0.0		
Unique Binding	NOT Bound Only	HepG2	ZNF800_1	0.1	0	0.0	0	0.0	0	0.0		
Unique Binding	NOT Bound Only	HepG2	ZNF800_2	0.0	114652	100.0	111931	2.2908660533046357	2721	-0.6074556157310811	1.6834104375735546	0.5808224999862186
Unique Binding	NOT Bound Only	HepG2	ZNF800_2	1e-05	67139	58.55894358580749	64618	2.0355296164751193	2521	-0.6067236031681873	1.428806013306932	0.5407528705745376
Unique Binding	NOT Bound Only	HepG2	ZNF800_2	0.0001	2625	2.2895370338066496	980	0.1304637978921011	1645	-0.5614557991481146	-0.4309920012560135	-0.6228931845544525
Unique Binding	NOT Bound Only	HepG2	ZNF800_2	0.001	0	0.0	0	0.0	0	0.0		
Unique Binding	NOT Bound Only	HepG2	ZNF800_2	0.01	0	0.0	0	0.0	0	0.0		
Unique Binding	NOT Bound Only	HepG2	ZNF800_2	0.1	0	0.0	0	0.0	0	0.0		
Unique Binding	NOT Bound Only	HepG2	ZNF800_3	0.0	0	0.0	0	0.0	0	0.0		
Unique Binding	NOT Bound Only	HepG2	ZNF800_3	1e-05	0	0.0	0	0.0	0	0.0		
Unique Binding	NOT Bound Only	HepG2	ZNF800_3	0.0001	0	0.0	0	0.0	0	0.0		
Unique Binding	NOT Bound Only	HepG2	ZNF800_3	0.001	0	0.0	0	0.0	0	0.0		
Unique Binding	NOT Bound Only	HepG2	ZNF800_3	0.01	0	0.0	0	0.0	0	0.0		
Unique Binding	NOT Bound Only	HepG2	ZNF800_3	0.1	0	0.0	0	0.0	0	0.0		
Unique Binding	NOT Bound Only	HepG2	ZNF800_4	0.0	49299	42.738621586475944	44815	0.2567663731148204	4484	-0.05176271112693652	0.2050036619878839	0.6644549005540343
Unique Binding	NOT Bound Only	HepG2	ZNF800_4	1e-05	8196	7.105331599479844	6489	0.14761523870531773	1707	-0.04553417314498295	0.10208106556033478	0.5285082909776194
Unique Binding	NOT Bound Only	HepG2	ZNF800_4	0.0001	11	0.00953619419159081	11	0.0013079727012251306	0	0.0	0.0013079727012251306	1.0
Unique Binding	NOT Bound Only	HepG2	ZNF800_4	0.001	0	0.0	0	0.0	0	0.0		
Unique Binding	NOT Bound Only	HepG2	ZNF800_4	0.01	0	0.0	0	0.0	0	0.0		
Unique Binding	NOT Bound Only	HepG2	ZNF800_4	0.1	0	0.0	0	0.0	0	0.0		
Unique Binding	NOT Bound Only	HepG2	ZNF800_5	0.0	114705	100.0	111837	2.9276761167038896	2868	-0.015288548955505004	2.9123875677483846	0.9896101036251623
Unique Binding	NOT Bound Only	HepG2	ZNF800_5	1e-05	99873	87.06943899568458	99482	2.8367714383067932	391	-0.004642575955191098	2.832128862351602	0.9967322073222075
Unique Binding	NOT Bound Only	HepG2	ZNF800_5	0.0001	395	0.3443616232945382	395	0.04570357548912167	0	0.0	0.04570357548912167	1.0
Unique Binding	NOT Bound Only	HepG2	ZNF800_5	0.001	0	0.0	0	0.0	0	0.0		
Unique Binding	NOT Bound Only	HepG2	ZNF800_5	0.01	0	0.0	0	0.0	0	0.0		
Unique Binding	NOT Bound Only	HepG2	ZNF800_5	0.1	0	0.0	0	0.0	0	0.0		
Unique Binding	NOT Bound Only	HepG2	ZNF800_6	0.0	114611	100.0	114611	12.518696247892246	0	0.0	12.518696247892246	1.0
Unique Binding	NOT Bound Only	HepG2	ZNF800_6	1e-05	114588	99.97993211820855	114588	12.518507872213124	0	0.0	12.518507872213124	1.0
Unique Binding	NOT Bound Only	HepG2	ZNF800_6	0.0001	49951	43.58307666803361	49951	8.661656984060732	0	0.0	8.661656984060732	1.0
Unique Binding	NOT Bound Only	HepG2	ZNF800_6	0.001	0	0.0	0	0.0	0	0.0		
Unique Binding	NOT Bound Only	HepG2	ZNF800_6	0.01	0	0.0	0	0.0	0	0.0		
Unique Binding	NOT Bound Only	HepG2	ZNF800_6	0.1	0	0.0	0	0.0	0	0.0		
Unique Binding	NOT Bound Only	K562	AARS_1	0.0	0	0.0	0	0.0	0	0.0		
Unique Binding	NOT Bound Only	K562	AARS_1	1e-05	0	0.0	0	0.0	0	0.0		
Unique Binding	NOT Bound Only	K562	AARS_1	0.0001	0	0.0	0	0.0	0	0.0		
Unique Binding	NOT Bound Only	K562	AARS_1	0.001	0	0.0	0	0.0	0	0.0		
Unique Binding	NOT Bound Only	K562	AARS_1	0.01	0	0.0	0	0.0	0	0.0		
Unique Binding	NOT Bound Only	K562	AARS_1	0.1	0	0.0	0	0.0	0	0.0		
Unique Binding	NOT Bound Only	K562	AARS_2	0.0	0	0.0	0	0.0	0	0.0		
Unique Binding	NOT Bound Only	K562	AARS_2	1e-05	0	0.0	0	0.0	0	0.0		
Unique Binding	NOT Bound Only	K562	AARS_2	0.0001	0	0.0	0	0.0	0	0.0		
Unique Binding	NOT Bound Only	K562	AARS_2	0.001	0	0.0	0	0.0	0	0.0		
Unique Binding	NOT Bound Only	K562	AARS_2	0.01	0	0.0	0	0.0	0	0.0		
Unique Binding	NOT Bound Only	K562	AARS_2	0.1	0	0.0	0	0.0	0	0.0		
Unique Binding	NOT Bound Only	K562	AARS_3	0.0	0	0.0	0	0.0	0	0.0		
Unique Binding	NOT Bound Only	K562	AARS_3	1e-05	0	0.0	0	0.0	0	0.0		
Unique Binding	NOT Bound Only	K562	AARS_3	0.0001	0	0.0	0	0.0	0	0.0		
Unique Binding	NOT Bound Only	K562	AARS_3	0.001	0	0.0	0	0.0	0	0.0		
Unique Binding	NOT Bound Only	K562	AARS_3	0.01	0	0.0	0	0.0	0	0.0		
Unique Binding	NOT Bound Only	K562	AARS_3	0.1	0	0.0	0	0.0	0	0.0		
Unique Binding	NOT Bound Only	K562	AARS_4	0.0	0	0.0	0	0.0	0	0.0		
Unique Binding	NOT Bound Only	K562	AARS_4	1e-05	0	0.0	0	0.0	0	0.0		
Unique Binding	NOT Bound Only	K562	AARS_4	0.0001	0	0.0	0	0.0	0	0.0		
Unique Binding	NOT Bound Only	K562	AARS_4	0.001	0	0.0	0	0.0	0	0.0		
Unique Binding	NOT Bound Only	K562	AARS_4	0.01	0	0.0	0	0.0	0	0.0		
Unique Binding	NOT Bound Only	K562	AARS_4	0.1	0	0.0	0	0.0	0	0.0		
Unique Binding	NOT Bound Only	K562	AARS_5	0.0	0	0.0	0	0.0	0	0.0		
Unique Binding	NOT Bound Only	K562	AARS_5	1e-05	0	0.0	0	0.0	0	0.0		
Unique Binding	NOT Bound Only	K562	AARS_5	0.0001	0	0.0	0	0.0	0	0.0		
Unique Binding	NOT Bound Only	K562	AARS_5	0.001	0	0.0	0	0.0	0	0.0		
Unique Binding	NOT Bound Only	K562	AARS_5	0.01	0	0.0	0	0.0	0	0.0		
Unique Binding	NOT Bound Only	K562	AARS_5	0.1	0	0.0	0	0.0	0	0.0		
Unique Binding	NOT Bound Only	K562	AARS_6	0.0	0	0.0	0	0.0	0	0.0		
Unique Binding	NOT Bound Only	K562	AARS_6	1e-05	0	0.0	0	0.0	0	0.0		
Unique Binding	NOT Bound Only	K562	AARS_6	0.0001	0	0.0	0	0.0	0	0.0		
Unique Binding	NOT Bound Only	K562	AARS_6	0.001	0	0.0	0	0.0	0	0.0		
Unique Binding	NOT Bound Only	K562	AARS_6	0.01	0	0.0	0	0.0	0	0.0		
Unique Binding	NOT Bound Only	K562	AARS_6	0.1	0	0.0	0	0.0	0	0.0		
Unique Binding	NOT Bound Only	K562	AATF_1	0.0	138978	91.76190947806279	137672	0.1625275046750696	1306	-0.009036433745899413	0.1534910709291702	0.8946581218749295
Unique Binding	NOT Bound Only	K562	AATF_1	1e-05	276	0.18223234624145787	54	0.0006839051434340572	222	-0.006011841213590189	-0.005327936070156132	-0.7957195189400808
Unique Binding	NOT Bound Only	K562	AATF_1	0.0001	0	0.0	0	0.0	0	0.0		
Unique Binding	NOT Bound Only	K562	AATF_1	0.001	0	0.0	0	0.0	0	0.0		
Unique Binding	NOT Bound Only	K562	AATF_1	0.01	0	0.0	0	0.0	0	0.0		
Unique Binding	NOT Bound Only	K562	AATF_1	0.1	0	0.0	0	0.0	0	0.0		
Unique Binding	NOT Bound Only	K562	AATF_2	0.0	0	0.0	0	0.0	0	0.0		
Unique Binding	NOT Bound Only	K562	AATF_2	1e-05	0	0.0	0	0.0	0	0.0		
Unique Binding	NOT Bound Only	K562	AATF_2	0.0001	0	0.0	0	0.0	0	0.0		
Unique Binding	NOT Bound Only	K562	AATF_2	0.001	0	0.0	0	0.0	0	0.0		
Unique Binding	NOT Bound Only	K562	AATF_2	0.01	0	0.0	0	0.0	0	0.0		
Unique Binding	NOT Bound Only	K562	AATF_2	0.1	0	0.0	0	0.0	0	0.0		
Unique Binding	NOT Bound Only	K562	AATF_3	0.0	150955	100.0	150121	0.6106283782649529	834	-0.0005371496891965427	0.6100912285757564	0.9982422120861607
Unique Binding	NOT Bound Only	K562	AATF_3	1e-05	10417	6.900732006227021	10408	0.1361821251458833	9	-0.00011426428117735508	0.13606786086470593	0.9983232970197129
Unique Binding	NOT Bound Only	K562	AATF_3	0.0001	0	0.0	0	0.0	0	0.0		
Unique Binding	NOT Bound Only	K562	AATF_3	0.001	0	0.0	0	0.0	0	0.0		
Unique Binding	NOT Bound Only	K562	AATF_3	0.01	0	0.0	0	0.0	0	0.0		
Unique Binding	NOT Bound Only	K562	AATF_3	0.1	0	0.0	0	0.0	0	0.0		
Unique Binding	NOT Bound Only	K562	AATF_4	0.0	0	0.0	0	0.0	0	0.0		
Unique Binding	NOT Bound Only	K562	AATF_4	1e-05	0	0.0	0	0.0	0	0.0		
Unique Binding	NOT Bound Only	K562	AATF_4	0.0001	0	0.0	0	0.0	0	0.0		
Unique Binding	NOT Bound Only	K562	AATF_4	0.001	0	0.0	0	0.0	0	0.0		
Unique Binding	NOT Bound Only	K562	AATF_4	0.01	0	0.0	0	0.0	0	0.0		
Unique Binding	NOT Bound Only	K562	AATF_4	0.1	0	0.0	0	0.0	0	0.0		
Unique Binding	NOT Bound Only	K562	AATF_5	0.0	0	0.0	0	0.0	0	0.0		
Unique Binding	NOT Bound Only	K562	AATF_5	1e-05	0	0.0	0	0.0	0	0.0		
Unique Binding	NOT Bound Only	K562	AATF_5	0.0001	0	0.0	0	0.0	0	0.0		
Unique Binding	NOT Bound Only	K562	AATF_5	0.001	0	0.0	0	0.0	0	0.0		
Unique Binding	NOT Bound Only	K562	AATF_5	0.01	0	0.0	0	0.0	0	0.0		
Unique Binding	NOT Bound Only	K562	AATF_5	0.1	0	0.0	0	0.0	0	0.0		
Unique Binding	NOT Bound Only	K562	AATF_6	0.0	0	0.0	0	0.0	0	0.0		
Unique Binding	NOT Bound Only	K562	AATF_6	1e-05	0	0.0	0	0.0	0	0.0		
Unique Binding	NOT Bound Only	K562	AATF_6	0.0001	0	0.0	0	0.0	0	0.0		
Unique Binding	NOT Bound Only	K562	AATF_6	0.001	0	0.0	0	0.0	0	0.0		
Unique Binding	NOT Bound Only	K562	AATF_6	0.01	0	0.0	0	0.0	0	0.0		
Unique Binding	NOT Bound Only	K562	AATF_6	0.1	0	0.0	0	0.0	0	0.0		
Unique Binding	NOT Bound Only	K562	ABCF1_1	0.0	0	0.0	0	0.0	0	0.0		
Unique Binding	NOT Bound Only	K562	ABCF1_1	1e-05	0	0.0	0	0.0	0	0.0		
Unique Binding	NOT Bound Only	K562	ABCF1_1	0.0001	0	0.0	0	0.0	0	0.0		
Unique Binding	NOT Bound Only	K562	ABCF1_1	0.001	0	0.0	0	0.0	0	0.0		
Unique Binding	NOT Bound Only	K562	ABCF1_1	0.01	0	0.0	0	0.0	0	0.0		
Unique Binding	NOT Bound Only	K562	ABCF1_1	0.1	0	0.0	0	0.0	0	0.0		
Unique Binding	NOT Bound Only	K562	ABCF1_2	0.0	0	0.0	0	0.0	0	0.0		
Unique Binding	NOT Bound Only	K562	ABCF1_2	1e-05	0	0.0	0	0.0	0	0.0		
Unique Binding	NOT Bound Only	K562	ABCF1_2	0.0001	0	0.0	0	0.0	0	0.0		
Unique Binding	NOT Bound Only	K562	ABCF1_2	0.001	0	0.0	0	0.0	0	0.0		
Unique Binding	NOT Bound Only	K562	ABCF1_2	0.01	0	0.0	0	0.0	0	0.0		
Unique Binding	NOT Bound Only	K562	ABCF1_2	0.1	0	0.0	0	0.0	0	0.0		
Unique Binding	NOT Bound Only	K562	ABCF1_3	0.0	0	0.0	0	0.0	0	0.0		
Unique Binding	NOT Bound Only	K562	ABCF1_3	1e-05	0	0.0	0	0.0	0	0.0		
Unique Binding	NOT Bound Only	K562	ABCF1_3	0.0001	0	0.0	0	0.0	0	0.0		
Unique Binding	NOT Bound Only	K562	ABCF1_3	0.001	0	0.0	0	0.0	0	0.0		
Unique Binding	NOT Bound Only	K562	ABCF1_3	0.01	0	0.0	0	0.0	0	0.0		
Unique Binding	NOT Bound Only	K562	ABCF1_3	0.1	0	0.0	0	0.0	0	0.0		
Unique Binding	NOT Bound Only	K562	ABCF1_4	0.0	0	0.0	0	0.0	0	0.0		
Unique Binding	NOT Bound Only	K562	ABCF1_4	1e-05	0	0.0	0	0.0	0	0.0		
Unique Binding	NOT Bound Only	K562	ABCF1_4	0.0001	0	0.0	0	0.0	0	0.0		
Unique Binding	NOT Bound Only	K562	ABCF1_4	0.001	0	0.0	0	0.0	0	0.0		
Unique Binding	NOT Bound Only	K562	ABCF1_4	0.01	0	0.0	0	0.0	0	0.0		
Unique Binding	NOT Bound Only	K562	ABCF1_4	0.1	0	0.0	0	0.0	0	0.0		
Unique Binding	NOT Bound Only	K562	ABCF1_5	0.0	0	0.0	0	0.0	0	0.0		
Unique Binding	NOT Bound Only	K562	ABCF1_5	1e-05	0	0.0	0	0.0	0	0.0		
Unique Binding	NOT Bound Only	K562	ABCF1_5	0.0001	0	0.0	0	0.0	0	0.0		
Unique Binding	NOT Bound Only	K562	ABCF1_5	0.001	0	0.0	0	0.0	0	0.0		
Unique Binding	NOT Bound Only	K562	ABCF1_5	0.01	0	0.0	0	0.0	0	0.0		
Unique Binding	NOT Bound Only	K562	ABCF1_5	0.1	0	0.0	0	0.0	0	0.0		
Unique Binding	NOT Bound Only	K562	ABCF1_6	0.0	0	0.0	0	0.0	0	0.0		
Unique Binding	NOT Bound Only	K562	ABCF1_6	1e-05	0	0.0	0	0.0	0	0.0		
Unique Binding	NOT Bound Only	K562	ABCF1_6	0.0001	0	0.0	0	0.0	0	0.0		
Unique Binding	NOT Bound Only	K562	ABCF1_6	0.001	0	0.0	0	0.0	0	0.0		
Unique Binding	NOT Bound Only	K562	ABCF1_6	0.01	0	0.0	0	0.0	0	0.0		
Unique Binding	NOT Bound Only	K562	ABCF1_6	0.1	0	0.0	0	0.0	0	0.0		
Unique Binding	NOT Bound Only	K562	ADAT1_1	0.0	0	0.0	0	0.0	0	0.0		
Unique Binding	NOT Bound Only	K562	ADAT1_1	1e-05	0	0.0	0	0.0	0	0.0		
Unique Binding	NOT Bound Only	K562	ADAT1_1	0.0001	0	0.0	0	0.0	0	0.0		
Unique Binding	NOT Bound Only	K562	ADAT1_1	0.001	0	0.0	0	0.0	0	0.0		
Unique Binding	NOT Bound Only	K562	ADAT1_1	0.01	0	0.0	0	0.0	0	0.0		
Unique Binding	NOT Bound Only	K562	ADAT1_1	0.1	0	0.0	0	0.0	0	0.0		
Unique Binding	NOT Bound Only	K562	ADAT1_2	0.0	0	0.0	0	0.0	0	0.0		
Unique Binding	NOT Bound Only	K562	ADAT1_2	1e-05	0	0.0	0	0.0	0	0.0		
Unique Binding	NOT Bound Only	K562	ADAT1_2	0.0001	0	0.0	0	0.0	0	0.0		
Unique Binding	NOT Bound Only	K562	ADAT1_2	0.001	0	0.0	0	0.0	0	0.0		
Unique Binding	NOT Bound Only	K562	ADAT1_2	0.01	0	0.0	0	0.0	0	0.0		
Unique Binding	NOT Bound Only	K562	ADAT1_2	0.1	0	0.0	0	0.0	0	0.0		
Unique Binding	NOT Bound Only	K562	ADAT1_3	0.0	0	0.0	0	0.0	0	0.0		
Unique Binding	NOT Bound Only	K562	ADAT1_3	1e-05	0	0.0	0	0.0	0	0.0		
Unique Binding	NOT Bound Only	K562	ADAT1_3	0.0001	0	0.0	0	0.0	0	0.0		
Unique Binding	NOT Bound Only	K562	ADAT1_3	0.001	0	0.0	0	0.0	0	0.0		
Unique Binding	NOT Bound Only	K562	ADAT1_3	0.01	0	0.0	0	0.0	0	0.0		
Unique Binding	NOT Bound Only	K562	ADAT1_3	0.1	0	0.0	0	0.0	0	0.0		
Unique Binding	NOT Bound Only	K562	ADAT1_4	0.0	0	0.0	0	0.0	0	0.0		
Unique Binding	NOT Bound Only	K562	ADAT1_4	1e-05	0	0.0	0	0.0	0	0.0		
Unique Binding	NOT Bound Only	K562	ADAT1_4	0.0001	0	0.0	0	0.0	0	0.0		
Unique Binding	NOT Bound Only	K562	ADAT1_4	0.001	0	0.0	0	0.0	0	0.0		
Unique Binding	NOT Bound Only	K562	ADAT1_4	0.01	0	0.0	0	0.0	0	0.0		
Unique Binding	NOT Bound Only	K562	ADAT1_4	0.1	0	0.0	0	0.0	0	0.0		
Unique Binding	NOT Bound Only	K562	ADAT1_5	0.0	0	0.0	0	0.0	0	0.0		
Unique Binding	NOT Bound Only	K562	ADAT1_5	1e-05	0	0.0	0	0.0	0	0.0		
Unique Binding	NOT Bound Only	K562	ADAT1_5	0.0001	0	0.0	0	0.0	0	0.0		
Unique Binding	NOT Bound Only	K562	ADAT1_5	0.001	0	0.0	0	0.0	0	0.0		
Unique Binding	NOT Bound Only	K562	ADAT1_5	0.01	0	0.0	0	0.0	0	0.0		
Unique Binding	NOT Bound Only	K562	ADAT1_5	0.1	0	0.0	0	0.0	0	0.0		
Unique Binding	NOT Bound Only	K562	ADAT1_6	0.0	0	0.0	0	0.0	0	0.0		
Unique Binding	NOT Bound Only	K562	ADAT1_6	1e-05	0	0.0	0	0.0	0	0.0		
Unique Binding	NOT Bound Only	K562	ADAT1_6	0.0001	0	0.0	0	0.0	0	0.0		
Unique Binding	NOT Bound Only	K562	ADAT1_6	0.001	0	0.0	0	0.0	0	0.0		
Unique Binding	NOT Bound Only	K562	ADAT1_6	0.01	0	0.0	0	0.0	0	0.0		
Unique Binding	NOT Bound Only	K562	ADAT1_6	0.1	0	0.0	0	0.0	0	0.0		
Unique Binding	NOT Bound Only	K562	AGGF1_1	0.0	0	0.0	0	0.0	0	0.0		
Unique Binding	NOT Bound Only	K562	AGGF1_1	1e-05	0	0.0	0	0.0	0	0.0		
Unique Binding	NOT Bound Only	K562	AGGF1_1	0.0001	0	0.0	0	0.0	0	0.0		
Unique Binding	NOT Bound Only	K562	AGGF1_1	0.001	0	0.0	0	0.0	0	0.0		
Unique Binding	NOT Bound Only	K562	AGGF1_1	0.01	0	0.0	0	0.0	0	0.0		
Unique Binding	NOT Bound Only	K562	AGGF1_1	0.1	0	0.0	0	0.0	0	0.0		
Unique Binding	NOT Bound Only	K562	AGGF1_2	0.0	0	0.0	0	0.0	0	0.0		
Unique Binding	NOT Bound Only	K562	AGGF1_2	1e-05	0	0.0	0	0.0	0	0.0		
Unique Binding	NOT Bound Only	K562	AGGF1_2	0.0001	0	0.0	0	0.0	0	0.0		
Unique Binding	NOT Bound Only	K562	AGGF1_2	0.001	0	0.0	0	0.0	0	0.0		
Unique Binding	NOT Bound Only	K562	AGGF1_2	0.01	0	0.0	0	0.0	0	0.0		
Unique Binding	NOT Bound Only	K562	AGGF1_2	0.1	0	0.0	0	0.0	0	0.0		
Unique Binding	NOT Bound Only	K562	AGGF1_3	0.0	151678	100.0	151678	18.73737462012599	0	0.0	18.73737462012599	1.0
Unique Binding	NOT Bound Only	K562	AGGF1_3	1e-05	150607	99.29389891744353	150607	18.728438996456852	0	0.0	18.728438996456852	1.0
Unique Binding	NOT Bound Only	K562	AGGF1_3	0.0001	64815	42.73197167684173	64815	14.406621788854231	0	0.0	14.406621788854231	1.0
Unique Binding	NOT Bound Only	K562	AGGF1_3	0.001	32	0.02109732459552473	32	0.03433151456845747	0	0.0	0.03433151456845747	1.0
Unique Binding	NOT Bound Only	K562	AGGF1_3	0.01	0	0.0	0	0.0	0	0.0		
Unique Binding	NOT Bound Only	K562	AGGF1_3	0.1	0	0.0	0	0.0	0	0.0		
Unique Binding	NOT Bound Only	K562	AGGF1_4	0.0	0	0.0	0	0.0	0	0.0		
Unique Binding	NOT Bound Only	K562	AGGF1_4	1e-05	0	0.0	0	0.0	0	0.0		
Unique Binding	NOT Bound Only	K562	AGGF1_4	0.0001	0	0.0	0	0.0	0	0.0		
Unique Binding	NOT Bound Only	K562	AGGF1_4	0.001	0	0.0	0	0.0	0	0.0		
Unique Binding	NOT Bound Only	K562	AGGF1_4	0.01	0	0.0	0	0.0	0	0.0		
Unique Binding	NOT Bound Only	K562	AGGF1_4	0.1	0	0.0	0	0.0	0	0.0		
Unique Binding	NOT Bound Only	K562	AGGF1_5	0.0	23527	15.513705630617263	23249	1.6759047225479913	278	-0.08871040023804205	1.5871943223099492	0.8994563753959185
Unique Binding	NOT Bound Only	K562	AGGF1_5	1e-05	21292	14.03994645671368	21059	1.6613357407205653	233	-0.08865916570312324	1.572676575017442	0.8986749442781999
Unique Binding	NOT Bound Only	K562	AGGF1_5	0.0001	5811	3.8317738521493143	5585	0.9089342696238637	226	-0.08803452780784687	0.8208997418160169	0.8233956207363111
Unique Binding	NOT Bound Only	K562	AGGF1_5	0.001	0	0.0	0	0.0	0	0.0		
Unique Binding	NOT Bound Only	K562	AGGF1_5	0.01	0	0.0	0	0.0	0	0.0		
Unique Binding	NOT Bound Only	K562	AGGF1_5	0.1	0	0.0	0	0.0	0	0.0		
Unique Binding	NOT Bound Only	K562	AGGF1_6	0.0	0	0.0	0	0.0	0	0.0		
Unique Binding	NOT Bound Only	K562	AGGF1_6	1e-05	0	0.0	0	0.0	0	0.0		
Unique Binding	NOT Bound Only	K562	AGGF1_6	0.0001	0	0.0	0	0.0	0	0.0		
Unique Binding	NOT Bound Only	K562	AGGF1_6	0.001	0	0.0	0	0.0	0	0.0		
Unique Binding	NOT Bound Only	K562	AGGF1_6	0.01	0	0.0	0	0.0	0	0.0		
Unique Binding	NOT Bound Only	K562	AGGF1_6	0.1	0	0.0	0	0.0	0	0.0		
Unique Binding	NOT Bound Only	K562	AKAP1_1	0.0	0	0.0	0	0.0	0	0.0		
Unique Binding	NOT Bound Only	K562	AKAP1_1	1e-05	0	0.0	0	0.0	0	0.0		
Unique Binding	NOT Bound Only	K562	AKAP1_1	0.0001	0	0.0	0	0.0	0	0.0		
Unique Binding	NOT Bound Only	K562	AKAP1_1	0.001	0	0.0	0	0.0	0	0.0		
Unique Binding	NOT Bound Only	K562	AKAP1_1	0.01	0	0.0	0	0.0	0	0.0		
Unique Binding	NOT Bound Only	K562	AKAP1_1	0.1	0	0.0	0	0.0	0	0.0		
Unique Binding	NOT Bound Only	K562	AKAP1_2	0.0	0	0.0	0	0.0	0	0.0		
Unique Binding	NOT Bound Only	K562	AKAP1_2	1e-05	0	0.0	0	0.0	0	0.0		
Unique Binding	NOT Bound Only	K562	AKAP1_2	0.0001	0	0.0	0	0.0	0	0.0		
Unique Binding	NOT Bound Only	K562	AKAP1_2	0.001	0	0.0	0	0.0	0	0.0		
Unique Binding	NOT Bound Only	K562	AKAP1_2	0.01	0	0.0	0	0.0	0	0.0		
Unique Binding	NOT Bound Only	K562	AKAP1_2	0.1	0	0.0	0	0.0	0	0.0		
Unique Binding	NOT Bound Only	K562	AKAP1_3	0.0	0	0.0	0	0.0	0	0.0		
Unique Binding	NOT Bound Only	K562	AKAP1_3	1e-05	0	0.0	0	0.0	0	0.0		
Unique Binding	NOT Bound Only	K562	AKAP1_3	0.0001	0	0.0	0	0.0	0	0.0		
Unique Binding	NOT Bound Only	K562	AKAP1_3	0.001	0	0.0	0	0.0	0	0.0		
Unique Binding	NOT Bound Only	K562	AKAP1_3	0.01	0	0.0	0	0.0	0	0.0		
Unique Binding	NOT Bound Only	K562	AKAP1_3	0.1	0	0.0	0	0.0	0	0.0		
Unique Binding	NOT Bound Only	K562	AKAP1_4	0.0	0	0.0	0	0.0	0	0.0		
Unique Binding	NOT Bound Only	K562	AKAP1_4	1e-05	0	0.0	0	0.0	0	0.0		
Unique Binding	NOT Bound Only	K562	AKAP1_4	0.0001	0	0.0	0	0.0	0	0.0		
Unique Binding	NOT Bound Only	K562	AKAP1_4	0.001	0	0.0	0	0.0	0	0.0		
Unique Binding	NOT Bound Only	K562	AKAP1_4	0.01	0	0.0	0	0.0	0	0.0		
Unique Binding	NOT Bound Only	K562	AKAP1_4	0.1	0	0.0	0	0.0	0	0.0		
Unique Binding	NOT Bound Only	K562	AKAP1_5	0.0	0	0.0	0	0.0	0	0.0		
Unique Binding	NOT Bound Only	K562	AKAP1_5	1e-05	0	0.0	0	0.0	0	0.0		
Unique Binding	NOT Bound Only	K562	AKAP1_5	0.0001	0	0.0	0	0.0	0	0.0		
Unique Binding	NOT Bound Only	K562	AKAP1_5	0.001	0	0.0	0	0.0	0	0.0		
Unique Binding	NOT Bound Only	K562	AKAP1_5	0.01	0	0.0	0	0.0	0	0.0		
Unique Binding	NOT Bound Only	K562	AKAP1_5	0.1	0	0.0	0	0.0	0	0.0		
Unique Binding	NOT Bound Only	K562	AKAP1_6	0.0	151989	100.0	151989	27.86573146029777	0	0.0	27.86573146029777	1.0
Unique Binding	NOT Bound Only	K562	AKAP1_6	1e-05	151915	99.95131226601926	151915	27.865057650900404	0	0.0	27.865057650900404	1.0
Unique Binding	NOT Bound Only	K562	AKAP1_6	0.0001	86999	57.24032660258308	86999	24.163289295055563	0	0.0	24.163289295055563	1.0
Unique Binding	NOT Bound Only	K562	AKAP1_6	0.001	0	0.0	0	0.0	0	0.0		
Unique Binding	NOT Bound Only	K562	AKAP1_6	0.01	0	0.0	0	0.0	0	0.0		
Unique Binding	NOT Bound Only	K562	AKAP1_6	0.1	0	0.0	0	0.0	0	0.0		
Unique Binding	NOT Bound Only	K562	AKAP8L_1	0.0	0	0.0	0	0.0	0	0.0		
Unique Binding	NOT Bound Only	K562	AKAP8L_1	1e-05	0	0.0	0	0.0	0	0.0		
Unique Binding	NOT Bound Only	K562	AKAP8L_1	0.0001	0	0.0	0	0.0	0	0.0		
Unique Binding	NOT Bound Only	K562	AKAP8L_1	0.001	0	0.0	0	0.0	0	0.0		
Unique Binding	NOT Bound Only	K562	AKAP8L_1	0.01	0	0.0	0	0.0	0	0.0		
Unique Binding	NOT Bound Only	K562	AKAP8L_1	0.1	0	0.0	0	0.0	0	0.0		
Unique Binding	NOT Bound Only	K562	AKAP8L_2	0.0	0	0.0	0	0.0	0	0.0		
Unique Binding	NOT Bound Only	K562	AKAP8L_2	1e-05	0	0.0	0	0.0	0	0.0		
Unique Binding	NOT Bound Only	K562	AKAP8L_2	0.0001	0	0.0	0	0.0	0	0.0		
Unique Binding	NOT Bound Only	K562	AKAP8L_2	0.001	0	0.0	0	0.0	0	0.0		
Unique Binding	NOT Bound Only	K562	AKAP8L_2	0.01	0	0.0	0	0.0	0	0.0		
Unique Binding	NOT Bound Only	K562	AKAP8L_2	0.1	0	0.0	0	0.0	0	0.0		
Unique Binding	NOT Bound Only	K562	AKAP8L_3	0.0	0	0.0	0	0.0	0	0.0		
Unique Binding	NOT Bound Only	K562	AKAP8L_3	1e-05	0	0.0	0	0.0	0	0.0		
Unique Binding	NOT Bound Only	K562	AKAP8L_3	0.0001	0	0.0	0	0.0	0	0.0		
Unique Binding	NOT Bound Only	K562	AKAP8L_3	0.001	0	0.0	0	0.0	0	0.0		
Unique Binding	NOT Bound Only	K562	AKAP8L_3	0.01	0	0.0	0	0.0	0	0.0		
Unique Binding	NOT Bound Only	K562	AKAP8L_3	0.1	0	0.0	0	0.0	0	0.0		
Unique Binding	NOT Bound Only	K562	AKAP8L_4	0.0	0	0.0	0	0.0	0	0.0		
Unique Binding	NOT Bound Only	K562	AKAP8L_4	1e-05	0	0.0	0	0.0	0	0.0		
Unique Binding	NOT Bound Only	K562	AKAP8L_4	0.0001	0	0.0	0	0.0	0	0.0		
Unique Binding	NOT Bound Only	K562	AKAP8L_4	0.001	0	0.0	0	0.0	0	0.0		
Unique Binding	NOT Bound Only	K562	AKAP8L_4	0.01	0	0.0	0	0.0	0	0.0		
Unique Binding	NOT Bound Only	K562	AKAP8L_4	0.1	0	0.0	0	0.0	0	0.0		
Unique Binding	NOT Bound Only	K562	AKAP8L_5	0.0	0	0.0	0	0.0	0	0.0		
Unique Binding	NOT Bound Only	K562	AKAP8L_5	1e-05	0	0.0	0	0.0	0	0.0		
Unique Binding	NOT Bound Only	K562	AKAP8L_5	0.0001	0	0.0	0	0.0	0	0.0		
Unique Binding	NOT Bound Only	K562	AKAP8L_5	0.001	0	0.0	0	0.0	0	0.0		
Unique Binding	NOT Bound Only	K562	AKAP8L_5	0.01	0	0.0	0	0.0	0	0.0		
Unique Binding	NOT Bound Only	K562	AKAP8L_5	0.1	0	0.0	0	0.0	0	0.0		
Unique Binding	NOT Bound Only	K562	AKAP8L_6	0.0	0	0.0	0	0.0	0	0.0		
Unique Binding	NOT Bound Only	K562	AKAP8L_6	1e-05	0	0.0	0	0.0	0	0.0		
Unique Binding	NOT Bound Only	K562	AKAP8L_6	0.0001	0	0.0	0	0.0	0	0.0		
Unique Binding	NOT Bound Only	K562	AKAP8L_6	0.001	0	0.0	0	0.0	0	0.0		
Unique Binding	NOT Bound Only	K562	AKAP8L_6	0.01	0	0.0	0	0.0	0	0.0		
Unique Binding	NOT Bound Only	K562	AKAP8L_6	0.1	0	0.0	0	0.0	0	0.0		
Unique Binding	NOT Bound Only	K562	APEX1_1	0.0	0	0.0	0	0.0	0	0.0		
Unique Binding	NOT Bound Only	K562	APEX1_1	1e-05	0	0.0	0	0.0	0	0.0		
Unique Binding	NOT Bound Only	K562	APEX1_1	0.0001	0	0.0	0	0.0	0	0.0		
Unique Binding	NOT Bound Only	K562	APEX1_1	0.001	0	0.0	0	0.0	0	0.0		
Unique Binding	NOT Bound Only	K562	APEX1_1	0.01	0	0.0	0	0.0	0	0.0		
Unique Binding	NOT Bound Only	K562	APEX1_1	0.1	0	0.0	0	0.0	0	0.0		
Unique Binding	NOT Bound Only	K562	APEX1_2	0.0	0	0.0	0	0.0	0	0.0		
Unique Binding	NOT Bound Only	K562	APEX1_2	1e-05	0	0.0	0	0.0	0	0.0		
Unique Binding	NOT Bound Only	K562	APEX1_2	0.0001	0	0.0	0	0.0	0	0.0		
Unique Binding	NOT Bound Only	K562	APEX1_2	0.001	0	0.0	0	0.0	0	0.0		
Unique Binding	NOT Bound Only	K562	APEX1_2	0.01	0	0.0	0	0.0	0	0.0		
Unique Binding	NOT Bound Only	K562	APEX1_2	0.1	0	0.0	0	0.0	0	0.0		
Unique Binding	NOT Bound Only	K562	APEX1_3	0.0	0	0.0	0	0.0	0	0.0		
Unique Binding	NOT Bound Only	K562	APEX1_3	1e-05	0	0.0	0	0.0	0	0.0		
Unique Binding	NOT Bound Only	K562	APEX1_3	0.0001	0	0.0	0	0.0	0	0.0		
Unique Binding	NOT Bound Only	K562	APEX1_3	0.001	0	0.0	0	0.0	0	0.0		
Unique Binding	NOT Bound Only	K562	APEX1_3	0.01	0	0.0	0	0.0	0	0.0		
Unique Binding	NOT Bound Only	K562	APEX1_3	0.1	0	0.0	0	0.0	0	0.0		
Unique Binding	NOT Bound Only	K562	APEX1_4	0.0	0	0.0	0	0.0	0	0.0		
Unique Binding	NOT Bound Only	K562	APEX1_4	1e-05	0	0.0	0	0.0	0	0.0		
Unique Binding	NOT Bound Only	K562	APEX1_4	0.0001	0	0.0	0	0.0	0	0.0		
Unique Binding	NOT Bound Only	K562	APEX1_4	0.001	0	0.0	0	0.0	0	0.0		
Unique Binding	NOT Bound Only	K562	APEX1_4	0.01	0	0.0	0	0.0	0	0.0		
Unique Binding	NOT Bound Only	K562	APEX1_4	0.1	0	0.0	0	0.0	0	0.0		
Unique Binding	NOT Bound Only	K562	APEX1_5	0.0	0	0.0	0	0.0	0	0.0		
Unique Binding	NOT Bound Only	K562	APEX1_5	1e-05	0	0.0	0	0.0	0	0.0		
Unique Binding	NOT Bound Only	K562	APEX1_5	0.0001	0	0.0	0	0.0	0	0.0		
Unique Binding	NOT Bound Only	K562	APEX1_5	0.001	0	0.0	0	0.0	0	0.0		
Unique Binding	NOT Bound Only	K562	APEX1_5	0.01	0	0.0	0	0.0	0	0.0		
Unique Binding	NOT Bound Only	K562	APEX1_5	0.1	0	0.0	0	0.0	0	0.0		
Unique Binding	NOT Bound Only	K562	APEX1_6	0.0	0	0.0	0	0.0	0	0.0		
Unique Binding	NOT Bound Only	K562	APEX1_6	1e-05	0	0.0	0	0.0	0	0.0		
Unique Binding	NOT Bound Only	K562	APEX1_6	0.0001	0	0.0	0	0.0	0	0.0		
Unique Binding	NOT Bound Only	K562	APEX1_6	0.001	0	0.0	0	0.0	0	0.0		
Unique Binding	NOT Bound Only	K562	APEX1_6	0.01	0	0.0	0	0.0	0	0.0		
Unique Binding	NOT Bound Only	K562	APEX1_6	0.1	0	0.0	0	0.0	0	0.0		
Unique Binding	NOT Bound Only	K562	APOBEC3C_1	0.0	35080	23.147781560957583	32425	0.060421143479873894	2655	-0.0042642686379322	0.05615687484194169	0.8681536223293732
Unique Binding	NOT Bound Only	K562	APOBEC3C_1	1e-05	1220	0.8050254704780003	1163	0.026826290363227825	57	-0.002933347611617558	0.023892942751610267	0.8028640258260535
Unique Binding	NOT Bound Only	K562	APOBEC3C_1	0.0001	23	0.015176709689339351	9	0.0012001031545582702	14	-0.0022513309688243174	-0.0010512278142660472	-0.30457710525147974
Unique Binding	NOT Bound Only	K562	APOBEC3C_1	0.001	0	0.0	0	0.0	0	0.0		
Unique Binding	NOT Bound Only	K562	APOBEC3C_1	0.01	0	0.0	0	0.0	0	0.0		
Unique Binding	NOT Bound Only	K562	APOBEC3C_1	0.1	0	0.0	0	0.0	0	0.0		
Unique Binding	NOT Bound Only	K562	APOBEC3C_2	0.0	0	0.0	0	0.0	0	0.0		
Unique Binding	NOT Bound Only	K562	APOBEC3C_2	1e-05	0	0.0	0	0.0	0	0.0		
Unique Binding	NOT Bound Only	K562	APOBEC3C_2	0.0001	0	0.0	0	0.0	0	0.0		
Unique Binding	NOT Bound Only	K562	APOBEC3C_2	0.001	0	0.0	0	0.0	0	0.0		
Unique Binding	NOT Bound Only	K562	APOBEC3C_2	0.01	0	0.0	0	0.0	0	0.0		
Unique Binding	NOT Bound Only	K562	APOBEC3C_2	0.1	0	0.0	0	0.0	0	0.0		
Unique Binding	NOT Bound Only	K562	APOBEC3C_3	0.0	0	0.0	0	0.0	0	0.0		
Unique Binding	NOT Bound Only	K562	APOBEC3C_3	1e-05	0	0.0	0	0.0	0	0.0		
Unique Binding	NOT Bound Only	K562	APOBEC3C_3	0.0001	0	0.0	0	0.0	0	0.0		
Unique Binding	NOT Bound Only	K562	APOBEC3C_3	0.001	0	0.0	0	0.0	0	0.0		
Unique Binding	NOT Bound Only	K562	APOBEC3C_3	0.01	0	0.0	0	0.0	0	0.0		
Unique Binding	NOT Bound Only	K562	APOBEC3C_3	0.1	0	0.0	0	0.0	0	0.0		
Unique Binding	NOT Bound Only	K562	APOBEC3C_4	0.0	0	0.0	0	0.0	0	0.0		
Unique Binding	NOT Bound Only	K562	APOBEC3C_4	1e-05	0	0.0	0	0.0	0	0.0		
Unique Binding	NOT Bound Only	K562	APOBEC3C_4	0.0001	0	0.0	0	0.0	0	0.0		
Unique Binding	NOT Bound Only	K562	APOBEC3C_4	0.001	0	0.0	0	0.0	0	0.0		
Unique Binding	NOT Bound Only	K562	APOBEC3C_4	0.01	0	0.0	0	0.0	0	0.0		
Unique Binding	NOT Bound Only	K562	APOBEC3C_4	0.1	0	0.0	0	0.0	0	0.0		
Unique Binding	NOT Bound Only	K562	APOBEC3C_5	0.0	150604	99.98273916218548	25237	0.5282183379537448	125367	-0.5180503318184932	0.010168006135251595	0.009718350963777846
Unique Binding	NOT Bound Only	K562	APOBEC3C_5	1e-05	16306	10.825200823209189	14934	0.4888876049097012	1372	-0.05549205377852709	0.4333955511311741	0.7961273795121433
Unique Binding	NOT Bound Only	K562	APOBEC3C_5	0.0001	443	0.2940981212241917	443	0.06381159913174496	0	0.0	0.06381159913174496	1.0
Unique Binding	NOT Bound Only	K562	APOBEC3C_5	0.001	0	0.0	0	0.0	0	0.0		
Unique Binding	NOT Bound Only	K562	APOBEC3C_5	0.01	0	0.0	0	0.0	0	0.0		
Unique Binding	NOT Bound Only	K562	APOBEC3C_5	0.1	0	0.0	0	0.0	0	0.0		
Unique Binding	NOT Bound Only	K562	APOBEC3C_6	0.0	145382	96.56725340418465	23994	1.002446563581051	121388	-0.29359406175966657	0.7088525018213845	0.5469369462357967
Unique Binding	NOT Bound Only	K562	APOBEC3C_6	1e-05	11877	7.889073397542344	10443	0.9674009465835334	1434	-0.026992618324877402	0.940408328258656	0.9457103921878988
Unique Binding	NOT Bound Only	K562	APOBEC3C_6	0.0001	4074	2.7060777150448354	4068	0.6989932240070178	6	-0.0007027526142732415	0.6982904713927446	0.9979912629549003
Unique Binding	NOT Bound Only	K562	APOBEC3C_6	0.001	0	0.0	0	0.0	0	0.0		
Unique Binding	NOT Bound Only	K562	APOBEC3C_6	0.01	0	0.0	0	0.0	0	0.0		
Unique Binding	NOT Bound Only	K562	APOBEC3C_6	0.1	0	0.0	0	0.0	0	0.0		
Unique Binding	NOT Bound Only	K562	AQR_1	0.0	143368	100.0	122470	4.399561667116894	20898	-0.6518142425626965	3.747747424554197	0.741926059664785
Unique Binding	NOT Bound Only	K562	AQR_1	1e-05	88675	61.85131968082138	79907	4.181353503753902	8768	-0.6214138971457565	3.559939606608146	0.741226736473079
Unique Binding	NOT Bound Only	K562	AQR_1	0.0001	11972	8.35053847441549	10128	2.0166442695039204	1844	-0.37360396692194486	1.6430403025819755	0.6873931659243943
Unique Binding	NOT Bound Only	K562	AQR_1	0.001	0	0.0	0	0.0	0	0.0		
Unique Binding	NOT Bound Only	K562	AQR_1	0.01	0	0.0	0	0.0	0	0.0		
Unique Binding	NOT Bound Only	K562	AQR_1	0.1	0	0.0	0	0.0	0	0.0		
Unique Binding	NOT Bound Only	K562	AQR_2	0.0	110452	100.0	110419	642.6677657492667	33	-0.023602062014088068	642.6441636872526	0.9999265524225275
Unique Binding	NOT Bound Only	K562	AQR_2	1e-05	110451	99.99909462934126	110418	642.6677585926614	33	-0.023602062014088068	642.6441565306473	0.9999265524217097
Unique Binding	NOT Bound Only	K562	AQR_2	0.0001	110440	99.98913555209504	110408	642.6671210093048	32	-0.023556554404425903	642.6435644549003	0.999926693959546
Unique Binding	NOT Bound Only	K562	AQR_2	0.001	109915	99.5138159562525	109908	642.281041757743	7	-0.009979335248899225	642.2710624224941	0.9999689258142457
Unique Binding	NOT Bound Only	K562	AQR_2	0.01	14998	13.578749139897875	14998	178.46583011779182	0	0.0	178.46583011779182	1.0
Unique Binding	NOT Bound Only	K562	AQR_2	0.1	0	0.0	0	0.0	0	0.0		
Unique Binding	NOT Bound Only	K562	AQR_3	0.0	139755	100.0	143	0.08058889864804117	139612	-889.5996065431173	-889.5190176444693	-0.9998188362536091
Unique Binding	NOT Bound Only	K562	AQR_3	1e-05	139748	99.99499123466066	140	0.08057334627041196	139608	-889.5995903021958	-889.5190169559254	-0.9998188712088624
Unique Binding	NOT Bound Only	K562	AQR_3	0.0001	139655	99.92844620943795	103	0.07842769972180337	139552	-889.5961142476093	-889.5176865478875	-0.9998236935058293
Unique Binding	NOT Bound Only	K562	AQR_3	0.001	135981	97.29955994418805	17	0.03174057266800264	135964	-887.1009475292385	-887.0692069565705	-0.9999284423331622
Unique Binding	NOT Bound Only	K562	AQR_3	0.01	35611	25.481020357053414	0	0.0	35611	-458.6280316094555	-458.6280316094555	-1.0
Unique Binding	NOT Bound Only	K562	AQR_3	0.1	0	0.0	0	0.0	0	0.0		
Unique Binding	NOT Bound Only	K562	AQR_4	0.0	119238	100.0	868	0.367775231655103	118370	-1397.270017584478	-1396.902242352823	-0.9994737188225084
Unique Binding	NOT Bound Only	K562	AQR_4	1e-05	119200	99.96813096496084	844	0.3676281596604753	118356	-1397.2699439671815	-1396.902315807521	-0.9994739291973942
Unique Binding	NOT Bound Only	K562	AQR_4	0.0001	118781	99.61673292071319	651	0.35681137642788185	118130	-1397.2562095084404	-1396.8993981320125	-0.9994893988949788
Unique Binding	NOT Bound Only	K562	AQR_4	0.001	113114	94.86405340579346	85	0.1405549336030535	113029	-1394.0692415632823	-1393.9286866296793	-0.9997983733381358
Unique Binding	NOT Bound Only	K562	AQR_4	0.01	50874	42.665928646907865	0	0.0	50874	-1089.7397593465985	-1089.7397593465985	-1.0
Unique Binding	NOT Bound Only	K562	AQR_4	0.1	0	0.0	0	0.0	0	0.0		
Unique Binding	NOT Bound Only	K562	AQR_5	0.0	138691	100.0	138628	140.7400123671944	63	-0.0038723740865603622	140.73613999310783	0.9999449727553892
Unique Binding	NOT Bound Only	K562	AQR_5	1e-05	138670	99.98485842628577	138623	140.7399895992737	47	-0.0037587570240804834	140.73623084224963	0.9999465872258202
Unique Binding	NOT Bound Only	K562	AQR_5	0.0001	138299	99.71735729066774	138289	140.7161228387467	10	-0.002376753289289935	140.71374608545742	0.9999662197465694
Unique Binding	NOT Bound Only	K562	AQR_5	0.001	54765	39.48706116474753	54764	90.0812555935064	1	-0.0011473135250572755	90.08010827998135	0.9999745274662303
Unique Binding	NOT Bound Only	K562	AQR_5	0.01	0	0.0	0	0.0	0	0.0		
Unique Binding	NOT Bound Only	K562	AQR_5	0.1	0	0.0	0	0.0	0	0.0		
Unique Binding	NOT Bound Only	K562	AQR_6	0.0	125175	100.0	115133	32.105719090040026	10042	-2.3167844571752028	29.788934632864823	0.8653912866042754
Unique Binding	NOT Bound Only	K562	AQR_6	1e-05	123777	98.8831635710006	114416	32.102201822225304	9361	-2.313366316702994	29.78883550552231	0.865562799523493
Unique Binding	NOT Bound Only	K562	AQR_6	0.0001	100922	80.62472538446175	95471	30.854724005640648	5451	-2.1202532193286556	28.73447078631199	0.8714022936323269
Unique Binding	NOT Bound Only	K562	AQR_6	0.001	4776	3.815458358298382	4494	8.038780252224473	282	-0.5660449651387083	7.472735287085765	0.8684354531695732
Unique Binding	NOT Bound Only	K562	AQR_6	0.01	0	0.0	0	0.0	0	0.0		
Unique Binding	NOT Bound Only	K562	AQR_6	0.1	0	0.0	0	0.0	0	0.0		
Unique Binding	NOT Bound Only	K562	BUD13_1	0.0	142228	100.0	2450	0.20718392330709642	139778	-85.05366190675029	-84.8464779834432	-0.9951399984063011
Unique Binding	NOT Bound Only	K562	BUD13_1	1e-05	141602	99.55986163062126	2129	0.20544777212615467	139473	-85.0520110260848	-84.84656325395865	-0.9951805325886522
Unique Binding	NOT Bound Only	K562	BUD13_1	0.0001	134441	94.52498804736058	646	0.14069711757172082	133795	-84.6992613956571	-84.55856427808538	-0.9966832346446803
Unique Binding	NOT Bound Only	K562	BUD13_1	0.001	31135	21.8909075568805	0	0.0	31135	-40.57168600423027	-40.57168600423027	-1.0
Unique Binding	NOT Bound Only	K562	BUD13_1	0.01	0	0.0	0	0.0	0	0.0		
Unique Binding	NOT Bound Only	K562	BUD13_1	0.1	0	0.0	0	0.0	0	0.0		
Unique Binding	NOT Bound Only	K562	BUD13_2	0.0	142057	100.0	141186	174.06098389817936	871	-1.7264657904410416	172.33451810773832	0.9803573486787686
Unique Binding	NOT Bound Only	K562	BUD13_2	1e-05	142050	99.99507240051528	141182	174.0609678349523	868	-1.7264425127311007	172.3345253222212	0.9803576091221046
Unique Binding	NOT Bound Only	K562	BUD13_2	0.0001	141974	99.94157274896696	141113	174.05603823390288	861	-1.7260925390540056	172.32994569484887	0.9803610010703141
Unique Binding	NOT Bound Only	K562	BUD13_2	0.001	72248	50.858458224515516	71585	129.06147992710007	663	-1.6129049659387493	127.44857496116131	0.9753141372387715
Unique Binding	NOT Bound Only	K562	BUD13_2	0.01	0	0.0	0	0.0	0	0.0		
Unique Binding	NOT Bound Only	K562	BUD13_2	0.1	0	0.0	0	0.0	0	0.0		
Unique Binding	NOT Bound Only	K562	BUD13_3	0.0	140161	100.0	84	0.00617490604496026	140077	-271.5647808157389	-271.55860590969394	-0.9999545245475271
Unique Binding	NOT Bound Only	K562	BUD13_3	1e-05	140141	99.98573069541456	78	0.006146239782568936	140063	-271.56469303836167	-271.5585467985791	-0.999954735642465
Unique Binding	NOT Bound Only	K562	BUD13_3	0.0001	138675	98.93979066930173	15	0.003625785366865348	138660	-271.4572080783162	-271.45358229294936	-0.9999732868619369
Unique Binding	NOT Bound Only	K562	BUD13_3	0.001	77439	55.25003388959839	0	0.0	77439	-241.37824661054765	-241.37824661054765	-1.0
Unique Binding	NOT Bound Only	K562	BUD13_3	0.01	0	0.0	0	0.0	0	0.0		
Unique Binding	NOT Bound Only	K562	BUD13_3	0.1	0	0.0	0	0.0	0	0.0		
Unique Binding	NOT Bound Only	K562	BUD13_4	0.0	144518	100.0	649	0.11944753877505991	143869	-242.89463653919952	-242.77518900042446	-0.9990169496617592
Unique Binding	NOT Bound Only	K562	BUD13_4	1e-05	144397	99.91627340538895	592	0.11918112727682127	143805	-242.89433682795607	-242.77515570067925	-0.9990191399369086
Unique Binding	NOT Bound Only	K562	BUD13_4	0.0001	143100	99.01880734579775	259	0.10383243609173305	142841	-242.8370514789152	-242.7332190428235	-0.99914520409724
Unique Binding	NOT Bound Only	K562	BUD13_4	0.001	87423	60.492810584148685	14	0.015446149397322567	87409	-209.93213309122189	-209.91668694182457	-0.9998528570850572
Unique Binding	NOT Bound Only	K562	BUD13_4	0.01	0	0.0	0	0.0	0	0.0		
Unique Binding	NOT Bound Only	K562	BUD13_4	0.1	0	0.0	0	0.0	0	0.0		
Unique Binding	NOT Bound Only	K562	BUD13_5	0.0	137922	100.0	134644	93.80501999951326	3278	-0.7773079666613059	93.02771203285195	0.9835633572703074
Unique Binding	NOT Bound Only	K562	BUD13_5	1e-05	137572	99.74623337828628	134474	93.80421373658288	3098	-0.7764515592766221	93.02776217730626	0.9835811778898406
Unique Binding	NOT Bound Only	K562	BUD13_5	0.0001	133930	97.10561041748235	132099	93.66560507858472	1831	-0.7139150393803613	92.95169003920435	0.9848713992508535
Unique Binding	NOT Bound Only	K562	BUD13_5	0.001	25094	18.194341729383275	24951	32.696701104114396	143	-0.21632858558140367	32.480372518532995	0.9868545322250216
Unique Binding	NOT Bound Only	K562	BUD13_5	0.01	0	0.0	0	0.0	0	0.0		
Unique Binding	NOT Bound Only	K562	BUD13_5	0.1	0	0.0	0	0.0	0	0.0		
Unique Binding	NOT Bound Only	K562	BUD13_6	0.0	145622	100.0	84107	5.358800721556147	61515	-6.939382908938323	-1.5805821873821762	-0.12852159594226403
Unique Binding	NOT Bound Only	K562	BUD13_6	1e-05	118387	81.29746878905661	65820	5.256066541833419	52567	-6.889482547653188	-1.633416005819769	-0.13448679790308382
Unique Binding	NOT Bound Only	K562	BUD13_6	0.0001	33932	23.301424235349057	13794	3.550984664296249	20138	-5.5934809848925795	-2.0424963205963307	-0.22335873947730486
Unique Binding	NOT Bound Only	K562	BUD13_6	0.001	464	0.3186331735589403	130	0.14905686080467137	334	-0.3928675748809073	-0.24381071407623592	-0.4498979895006865
Unique Binding	NOT Bound Only	K562	BUD13_6	0.01	0	0.0	0	0.0	0	0.0		
Unique Binding	NOT Bound Only	K562	BUD13_6	0.1	0	0.0	0	0.0	0	0.0		
Unique Binding	NOT Bound Only	K562	CPEB4_1	0.0	0	0.0	0	0.0	0	0.0		
Unique Binding	NOT Bound Only	K562	CPEB4_1	1e-05	0	0.0	0	0.0	0	0.0		
Unique Binding	NOT Bound Only	K562	CPEB4_1	0.0001	0	0.0	0	0.0	0	0.0		
Unique Binding	NOT Bound Only	K562	CPEB4_1	0.001	0	0.0	0	0.0	0	0.0		
Unique Binding	NOT Bound Only	K562	CPEB4_1	0.01	0	0.0	0	0.0	0	0.0		
Unique Binding	NOT Bound Only	K562	CPEB4_1	0.1	0	0.0	0	0.0	0	0.0		
Unique Binding	NOT Bound Only	K562	CPEB4_2	0.0	0	0.0	0	0.0	0	0.0		
Unique Binding	NOT Bound Only	K562	CPEB4_2	1e-05	0	0.0	0	0.0	0	0.0		
Unique Binding	NOT Bound Only	K562	CPEB4_2	0.0001	0	0.0	0	0.0	0	0.0		
Unique Binding	NOT Bound Only	K562	CPEB4_2	0.001	0	0.0	0	0.0	0	0.0		
Unique Binding	NOT Bound Only	K562	CPEB4_2	0.01	0	0.0	0	0.0	0	0.0		
Unique Binding	NOT Bound Only	K562	CPEB4_2	0.1	0	0.0	0	0.0	0	0.0		
Unique Binding	NOT Bound Only	K562	CPEB4_3	0.0	3930	2.5827057292693505	3930	0.01744697192155438	0	0.0	0.01744697192155438	1.0
Unique Binding	NOT Bound Only	K562	CPEB4_3	1e-05	284	0.18663827661895563	284	0.0043743877759939015	0	0.0	0.0043743877759939015	1.0
Unique Binding	NOT Bound Only	K562	CPEB4_3	0.0001	0	0.0	0	0.0	0	0.0		
Unique Binding	NOT Bound Only	K562	CPEB4_3	0.001	0	0.0	0	0.0	0	0.0		
Unique Binding	NOT Bound Only	K562	CPEB4_3	0.01	0	0.0	0	0.0	0	0.0		
Unique Binding	NOT Bound Only	K562	CPEB4_3	0.1	0	0.0	0	0.0	0	0.0		
Unique Binding	NOT Bound Only	K562	CPEB4_4	0.0	0	0.0	0	0.0	0	0.0		
Unique Binding	NOT Bound Only	K562	CPEB4_4	1e-05	0	0.0	0	0.0	0	0.0		
Unique Binding	NOT Bound Only	K562	CPEB4_4	0.0001	0	0.0	0	0.0	0	0.0		
Unique Binding	NOT Bound Only	K562	CPEB4_4	0.001	0	0.0	0	0.0	0	0.0		
Unique Binding	NOT Bound Only	K562	CPEB4_4	0.01	0	0.0	0	0.0	0	0.0		
Unique Binding	NOT Bound Only	K562	CPEB4_4	0.1	0	0.0	0	0.0	0	0.0		
Unique Binding	NOT Bound Only	K562	CPEB4_5	0.0	0	0.0	0	0.0	0	0.0		
Unique Binding	NOT Bound Only	K562	CPEB4_5	1e-05	0	0.0	0	0.0	0	0.0		
Unique Binding	NOT Bound Only	K562	CPEB4_5	0.0001	0	0.0	0	0.0	0	0.0		
Unique Binding	NOT Bound Only	K562	CPEB4_5	0.001	0	0.0	0	0.0	0	0.0		
Unique Binding	NOT Bound Only	K562	CPEB4_5	0.01	0	0.0	0	0.0	0	0.0		
Unique Binding	NOT Bound Only	K562	CPEB4_5	0.1	0	0.0	0	0.0	0	0.0		
Unique Binding	NOT Bound Only	K562	CPEB4_6	0.0	0	0.0	0	0.0	0	0.0		
Unique Binding	NOT Bound Only	K562	CPEB4_6	1e-05	0	0.0	0	0.0	0	0.0		
Unique Binding	NOT Bound Only	K562	CPEB4_6	0.0001	0	0.0	0	0.0	0	0.0		
Unique Binding	NOT Bound Only	K562	CPEB4_6	0.001	0	0.0	0	0.0	0	0.0		
Unique Binding	NOT Bound Only	K562	CPEB4_6	0.01	0	0.0	0	0.0	0	0.0		
Unique Binding	NOT Bound Only	K562	CPEB4_6	0.1	0	0.0	0	0.0	0	0.0		
Unique Binding	NOT Bound Only	K562	CPSF6_1	0.0	151876	100.0	151876	27.723724118805453	0	0.0	27.723724118805453	1.0
Unique Binding	NOT Bound Only	K562	CPSF6_1	1e-05	151876	100.0	151876	27.723724118805453	0	0.0	27.723724118805453	1.0
Unique Binding	NOT Bound Only	K562	CPSF6_1	0.0001	100816	66.3804682767521	100816	24.391744744577842	0	0.0	24.391744744577842	1.0
Unique Binding	NOT Bound Only	K562	CPSF6_1	0.001	21	0.013827069451394558	21	0.02446141040110371	0	0.0	0.02446141040110371	1.0
Unique Binding	NOT Bound Only	K562	CPSF6_1	0.01	0	0.0	0	0.0	0	0.0		
Unique Binding	NOT Bound Only	K562	CPSF6_1	0.1	0	0.0	0	0.0	0	0.0		
Unique Binding	NOT Bound Only	K562	CPSF6_2	0.0	0	0.0	0	0.0	0	0.0		
Unique Binding	NOT Bound Only	K562	CPSF6_2	1e-05	0	0.0	0	0.0	0	0.0		
Unique Binding	NOT Bound Only	K562	CPSF6_2	0.0001	0	0.0	0	0.0	0	0.0		
Unique Binding	NOT Bound Only	K562	CPSF6_2	0.001	0	0.0	0	0.0	0	0.0		
Unique Binding	NOT Bound Only	K562	CPSF6_2	0.01	0	0.0	0	0.0	0	0.0		
Unique Binding	NOT Bound Only	K562	CPSF6_2	0.1	0	0.0	0	0.0	0	0.0		
Unique Binding	NOT Bound Only	K562	CPSF6_3	0.0	0	0.0	0	0.0	0	0.0		
Unique Binding	NOT Bound Only	K562	CPSF6_3	1e-05	0	0.0	0	0.0	0	0.0		
Unique Binding	NOT Bound Only	K562	CPSF6_3	0.0001	0	0.0	0	0.0	0	0.0		
Unique Binding	NOT Bound Only	K562	CPSF6_3	0.001	0	0.0	0	0.0	0	0.0		
Unique Binding	NOT Bound Only	K562	CPSF6_3	0.01	0	0.0	0	0.0	0	0.0		
Unique Binding	NOT Bound Only	K562	CPSF6_3	0.1	0	0.0	0	0.0	0	0.0		
Unique Binding	NOT Bound Only	K562	CPSF6_4	0.0	0	0.0	0	0.0	0	0.0		
Unique Binding	NOT Bound Only	K562	CPSF6_4	1e-05	0	0.0	0	0.0	0	0.0		
Unique Binding	NOT Bound Only	K562	CPSF6_4	0.0001	0	0.0	0	0.0	0	0.0		
Unique Binding	NOT Bound Only	K562	CPSF6_4	0.001	0	0.0	0	0.0	0	0.0		
Unique Binding	NOT Bound Only	K562	CPSF6_4	0.01	0	0.0	0	0.0	0	0.0		
Unique Binding	NOT Bound Only	K562	CPSF6_4	0.1	0	0.0	0	0.0	0	0.0		
Unique Binding	NOT Bound Only	K562	CPSF6_5	0.0	0	0.0	0	0.0	0	0.0		
Unique Binding	NOT Bound Only	K562	CPSF6_5	1e-05	0	0.0	0	0.0	0	0.0		
Unique Binding	NOT Bound Only	K562	CPSF6_5	0.0001	0	0.0	0	0.0	0	0.0		
Unique Binding	NOT Bound Only	K562	CPSF6_5	0.001	0	0.0	0	0.0	0	0.0		
Unique Binding	NOT Bound Only	K562	CPSF6_5	0.01	0	0.0	0	0.0	0	0.0		
Unique Binding	NOT Bound Only	K562	CPSF6_5	0.1	0	0.0	0	0.0	0	0.0		
Unique Binding	NOT Bound Only	K562	CPSF6_6	0.0	0	0.0	0	0.0	0	0.0		
Unique Binding	NOT Bound Only	K562	CPSF6_6	1e-05	0	0.0	0	0.0	0	0.0		
Unique Binding	NOT Bound Only	K562	CPSF6_6	0.0001	0	0.0	0	0.0	0	0.0		
Unique Binding	NOT Bound Only	K562	CPSF6_6	0.001	0	0.0	0	0.0	0	0.0		
Unique Binding	NOT Bound Only	K562	CPSF6_6	0.01	0	0.0	0	0.0	0	0.0		
Unique Binding	NOT Bound Only	K562	CPSF6_6	0.1	0	0.0	0	0.0	0	0.0		
Unique Binding	NOT Bound Only	K562	CSTF2T_1	0.0	18170	12.063470986588767	14989	0.32045800575182976	3181	-0.4972598978985595	-0.17680189214672976	-0.21621379617281858
Unique Binding	NOT Bound Only	K562	CSTF2T_1	1e-05	14347	9.525295445491967	12284	0.30297023249127025	2063	-0.49216273351236783	-0.18919250102109758	-0.23793819286852702
Unique Binding	NOT Bound Only	K562	CSTF2T_1	0.0001	995	0.6606028415881025	3	0.0004103932184690214	992	-0.47357049642917665	-0.4731601032107076	-0.9982683132276742
Unique Binding	NOT Bound Only	K562	CSTF2T_1	0.001	0	0.0	0	0.0	0	0.0		
Unique Binding	NOT Bound Only	K562	CSTF2T_1	0.01	0	0.0	0	0.0	0	0.0		
Unique Binding	NOT Bound Only	K562	CSTF2T_1	0.1	0	0.0	0	0.0	0	0.0		
Unique Binding	NOT Bound Only	K562	CSTF2T_2	0.0	148411	100.0	18767	0.5500751566150238	129644	-1.616041108683708	-1.0659659520686842	-0.492109296784065
Unique Binding	NOT Bound Only	K562	CSTF2T_2	1e-05	61887	41.69973923765758	7866	0.5014088769141811	54021	-1.1857932845680523	-0.6843844076538712	-0.40563272337953193
Unique Binding	NOT Bound Only	K562	CSTF2T_2	0.0001	2148	1.447332071072899	1730	0.2703863705379779	418	-0.05797821460367075	0.21240815593430717	0.6468668228721418
Unique Binding	NOT Bound Only	K562	CSTF2T_2	0.001	0	0.0	0	0.0	0	0.0		
Unique Binding	NOT Bound Only	K562	CSTF2T_2	0.01	0	0.0	0	0.0	0	0.0		
Unique Binding	NOT Bound Only	K562	CSTF2T_2	0.1	0	0.0	0	0.0	0	0.0		
Unique Binding	NOT Bound Only	K562	CSTF2T_3	0.0	150415	100.0	150258	6.115628211532526	157	-0.012704737640622603	6.102923473891903	0.995853770431211
Unique Binding	NOT Bound Only	K562	CSTF2T_3	1e-05	129476	86.07918093275272	129344	5.965071323615745	132	-0.012625577589319113	5.9524457460264255	0.9957757719074802
Unique Binding	NOT Bound Only	K562	CSTF2T_3	0.0001	10115	6.724728251836585	10051	1.2038641723464107	64	-0.010577765965478592	1.193286406380932	0.9825800383998892
Unique Binding	NOT Bound Only	K562	CSTF2T_3	0.001	0	0.0	0	0.0	0	0.0		
Unique Binding	NOT Bound Only	K562	CSTF2T_3	0.01	0	0.0	0	0.0	0	0.0		
Unique Binding	NOT Bound Only	K562	CSTF2T_3	0.1	0	0.0	0	0.0	0	0.0		
Unique Binding	NOT Bound Only	K562	CSTF2T_4	0.0	0	0.0	0	0.0	0	0.0		
Unique Binding	NOT Bound Only	K562	CSTF2T_4	1e-05	0	0.0	0	0.0	0	0.0		
Unique Binding	NOT Bound Only	K562	CSTF2T_4	0.0001	0	0.0	0	0.0	0	0.0		
Unique Binding	NOT Bound Only	K562	CSTF2T_4	0.001	0	0.0	0	0.0	0	0.0		
Unique Binding	NOT Bound Only	K562	CSTF2T_4	0.01	0	0.0	0	0.0	0	0.0		
Unique Binding	NOT Bound Only	K562	CSTF2T_4	0.1	0	0.0	0	0.0	0	0.0		
Unique Binding	NOT Bound Only	K562	CSTF2T_5	0.0	0	0.0	0	0.0	0	0.0		
Unique Binding	NOT Bound Only	K562	CSTF2T_5	1e-05	0	0.0	0	0.0	0	0.0		
Unique Binding	NOT Bound Only	K562	CSTF2T_5	0.0001	0	0.0	0	0.0	0	0.0		
Unique Binding	NOT Bound Only	K562	CSTF2T_5	0.001	0	0.0	0	0.0	0	0.0		
Unique Binding	NOT Bound Only	K562	CSTF2T_5	0.01	0	0.0	0	0.0	0	0.0		
Unique Binding	NOT Bound Only	K562	CSTF2T_5	0.1	0	0.0	0	0.0	0	0.0		
Unique Binding	NOT Bound Only	K562	CSTF2T_6	0.0	0	0.0	0	0.0	0	0.0		
Unique Binding	NOT Bound Only	K562	CSTF2T_6	1e-05	0	0.0	0	0.0	0	0.0		
Unique Binding	NOT Bound Only	K562	CSTF2T_6	0.0001	0	0.0	0	0.0	0	0.0		
Unique Binding	NOT Bound Only	K562	CSTF2T_6	0.001	0	0.0	0	0.0	0	0.0		
Unique Binding	NOT Bound Only	K562	CSTF2T_6	0.01	0	0.0	0	0.0	0	0.0		
Unique Binding	NOT Bound Only	K562	CSTF2T_6	0.1	0	0.0	0	0.0	0	0.0		
Unique Binding	NOT Bound Only	K562	DDX1_1	0.0	2042	1.3441019463807322	2036	0.02735316270248246	6	-0.00012024365591535103	0.02723291904656711	0.9912465418851422
Unique Binding	NOT Bound Only	K562	DDX1_1	1e-05	1036	0.6819243959110866	1030	0.022536178184276993	6	-0.00012024365591535103	0.02241593452836164	0.9893854681234756
Unique Binding	NOT Bound Only	K562	DDX1_1	0.0001	0	0.0	0	0.0	0	0.0		
Unique Binding	NOT Bound Only	K562	DDX1_1	0.001	0	0.0	0	0.0	0	0.0		
Unique Binding	NOT Bound Only	K562	DDX1_1	0.01	0	0.0	0	0.0	0	0.0		
Unique Binding	NOT Bound Only	K562	DDX1_1	0.1	0	0.0	0	0.0	0	0.0		
Unique Binding	NOT Bound Only	K562	DDX1_2	0.0	1010	0.6653491436100132	854	0.004964566599304167	156	-0.002718298522976117	0.0022462680763280503	0.2923737486701257
Unique Binding	NOT Bound Only	K562	DDX1_2	1e-05	232	0.152832674571805	134	0.00194344822398154	98	-0.002471125635997575	-0.0005276774120160351	-0.11953076984389416
Unique Binding	NOT Bound Only	K562	DDX1_2	0.0001	0	0.0	0	0.0	0	0.0		
Unique Binding	NOT Bound Only	K562	DDX1_2	0.001	0	0.0	0	0.0	0	0.0		
Unique Binding	NOT Bound Only	K562	DDX1_2	0.01	0	0.0	0	0.0	0	0.0		
Unique Binding	NOT Bound Only	K562	DDX1_2	0.1	0	0.0	0	0.0	0	0.0		
Unique Binding	NOT Bound Only	K562	DDX1_3	0.0	0	0.0	0	0.0	0	0.0		
Unique Binding	NOT Bound Only	K562	DDX1_3	1e-05	0	0.0	0	0.0	0	0.0		
Unique Binding	NOT Bound Only	K562	DDX1_3	0.0001	0	0.0	0	0.0	0	0.0		
Unique Binding	NOT Bound Only	K562	DDX1_3	0.001	0	0.0	0	0.0	0	0.0		
Unique Binding	NOT Bound Only	K562	DDX1_3	0.01	0	0.0	0	0.0	0	0.0		
Unique Binding	NOT Bound Only	K562	DDX1_3	0.1	0	0.0	0	0.0	0	0.0		
Unique Binding	NOT Bound Only	K562	DDX1_4	0.0	0	0.0	0	0.0	0	0.0		
Unique Binding	NOT Bound Only	K562	DDX1_4	1e-05	0	0.0	0	0.0	0	0.0		
Unique Binding	NOT Bound Only	K562	DDX1_4	0.0001	0	0.0	0	0.0	0	0.0		
Unique Binding	NOT Bound Only	K562	DDX1_4	0.001	0	0.0	0	0.0	0	0.0		
Unique Binding	NOT Bound Only	K562	DDX1_4	0.01	0	0.0	0	0.0	0	0.0		
Unique Binding	NOT Bound Only	K562	DDX1_4	0.1	0	0.0	0	0.0	0	0.0		
Unique Binding	NOT Bound Only	K562	DDX1_5	0.0	0	0.0	0	0.0	0	0.0		
Unique Binding	NOT Bound Only	K562	DDX1_5	1e-05	0	0.0	0	0.0	0	0.0		
Unique Binding	NOT Bound Only	K562	DDX1_5	0.0001	0	0.0	0	0.0	0	0.0		
Unique Binding	NOT Bound Only	K562	DDX1_5	0.001	0	0.0	0	0.0	0	0.0		
Unique Binding	NOT Bound Only	K562	DDX1_5	0.01	0	0.0	0	0.0	0	0.0		
Unique Binding	NOT Bound Only	K562	DDX1_5	0.1	0	0.0	0	0.0	0	0.0		
Unique Binding	NOT Bound Only	K562	DDX1_6	0.0	0	0.0	0	0.0	0	0.0		
Unique Binding	NOT Bound Only	K562	DDX1_6	1e-05	0	0.0	0	0.0	0	0.0		
Unique Binding	NOT Bound Only	K562	DDX1_6	0.0001	0	0.0	0	0.0	0	0.0		
Unique Binding	NOT Bound Only	K562	DDX1_6	0.001	0	0.0	0	0.0	0	0.0		
Unique Binding	NOT Bound Only	K562	DDX1_6	0.01	0	0.0	0	0.0	0	0.0		
Unique Binding	NOT Bound Only	K562	DDX1_6	0.1	0	0.0	0	0.0	0	0.0		
Unique Binding	NOT Bound Only	K562	DDX21_1	0.0	0	0.0	0	0.0	0	0.0		
Unique Binding	NOT Bound Only	K562	DDX21_1	1e-05	0	0.0	0	0.0	0	0.0		
Unique Binding	NOT Bound Only	K562	DDX21_1	0.0001	0	0.0	0	0.0	0	0.0		
Unique Binding	NOT Bound Only	K562	DDX21_1	0.001	0	0.0	0	0.0	0	0.0		
Unique Binding	NOT Bound Only	K562	DDX21_1	0.01	0	0.0	0	0.0	0	0.0		
Unique Binding	NOT Bound Only	K562	DDX21_1	0.1	0	0.0	0	0.0	0	0.0		
Unique Binding	NOT Bound Only	K562	DDX21_2	0.0	0	0.0	0	0.0	0	0.0		
Unique Binding	NOT Bound Only	K562	DDX21_2	1e-05	0	0.0	0	0.0	0	0.0		
Unique Binding	NOT Bound Only	K562	DDX21_2	0.0001	0	0.0	0	0.0	0	0.0		
Unique Binding	NOT Bound Only	K562	DDX21_2	0.001	0	0.0	0	0.0	0	0.0		
Unique Binding	NOT Bound Only	K562	DDX21_2	0.01	0	0.0	0	0.0	0	0.0		
Unique Binding	NOT Bound Only	K562	DDX21_2	0.1	0	0.0	0	0.0	0	0.0		
Unique Binding	NOT Bound Only	K562	DDX21_3	0.0	0	0.0	0	0.0	0	0.0		
Unique Binding	NOT Bound Only	K562	DDX21_3	1e-05	0	0.0	0	0.0	0	0.0		
Unique Binding	NOT Bound Only	K562	DDX21_3	0.0001	0	0.0	0	0.0	0	0.0		
Unique Binding	NOT Bound Only	K562	DDX21_3	0.001	0	0.0	0	0.0	0	0.0		
Unique Binding	NOT Bound Only	K562	DDX21_3	0.01	0	0.0	0	0.0	0	0.0		
Unique Binding	NOT Bound Only	K562	DDX21_3	0.1	0	0.0	0	0.0	0	0.0		
Unique Binding	NOT Bound Only	K562	DDX21_4	0.0	0	0.0	0	0.0	0	0.0		
Unique Binding	NOT Bound Only	K562	DDX21_4	1e-05	0	0.0	0	0.0	0	0.0		
Unique Binding	NOT Bound Only	K562	DDX21_4	0.0001	0	0.0	0	0.0	0	0.0		
Unique Binding	NOT Bound Only	K562	DDX21_4	0.001	0	0.0	0	0.0	0	0.0		
Unique Binding	NOT Bound Only	K562	DDX21_4	0.01	0	0.0	0	0.0	0	0.0		
Unique Binding	NOT Bound Only	K562	DDX21_4	0.1	0	0.0	0	0.0	0	0.0		
Unique Binding	NOT Bound Only	K562	DDX21_5	0.0	0	0.0	0	0.0	0	0.0		
Unique Binding	NOT Bound Only	K562	DDX21_5	1e-05	0	0.0	0	0.0	0	0.0		
Unique Binding	NOT Bound Only	K562	DDX21_5	0.0001	0	0.0	0	0.0	0	0.0		
Unique Binding	NOT Bound Only	K562	DDX21_5	0.001	0	0.0	0	0.0	0	0.0		
Unique Binding	NOT Bound Only	K562	DDX21_5	0.01	0	0.0	0	0.0	0	0.0		
Unique Binding	NOT Bound Only	K562	DDX21_5	0.1	0	0.0	0	0.0	0	0.0		
Unique Binding	NOT Bound Only	K562	DDX21_6	0.0	0	0.0	0	0.0	0	0.0		
Unique Binding	NOT Bound Only	K562	DDX21_6	1e-05	0	0.0	0	0.0	0	0.0		
Unique Binding	NOT Bound Only	K562	DDX21_6	0.0001	0	0.0	0	0.0	0	0.0		
Unique Binding	NOT Bound Only	K562	DDX21_6	0.001	0	0.0	0	0.0	0	0.0		
Unique Binding	NOT Bound Only	K562	DDX21_6	0.01	0	0.0	0	0.0	0	0.0		
Unique Binding	NOT Bound Only	K562	DDX21_6	0.1	0	0.0	0	0.0	0	0.0		
Unique Binding	NOT Bound Only	K562	DDX24_1	0.0	141535	100.0	137543	11.863110494714313	3992	-0.45196139770163213	11.41114909701268	0.9266002827023745
Unique Binding	NOT Bound Only	K562	DDX24_1	1e-05	139387	98.48235418801004	135829	11.851783937893753	3558	-0.44990994859524336	11.40187398929851	0.9268539840534674
Unique Binding	NOT Bound Only	K562	DDX24_1	0.0001	32837	23.200621754336385	31193	6.94761353911396	1644	-0.3613713800968408	6.58624215901712	0.901115850123861
Unique Binding	NOT Bound Only	K562	DDX24_1	0.001	66	0.04663157522874201	65	0.07801760090498353	1	-0.0011598770995141128	0.07685772380546942	0.9707018427778611
Unique Binding	NOT Bound Only	K562	DDX24_1	0.01	0	0.0	0	0.0	0	0.0		
Unique Binding	NOT Bound Only	K562	DDX24_1	0.1	0	0.0	0	0.0	0	0.0		
Unique Binding	NOT Bound Only	K562	DDX24_2	0.0	139599	100.0	138320	77.07547063259085	1279	-0.6031544021358098	76.47231623045504	0.9844705180642379
Unique Binding	NOT Bound Only	K562	DDX24_2	1e-05	139486	99.91905386141735	138254	77.07515788559498	1232	-0.6029625460767503	76.47219533951822	0.984475356954417
Unique Binding	NOT Bound Only	K562	DDX24_2	0.0001	137802	98.71274149528291	136857	76.97339234675123	945	-0.5896183214233017	76.38377402532792	0.984796404462798
Unique Binding	NOT Bound Only	K562	DDX24_2	0.001	13335	9.552360690262825	13171	19.034675602957137	164	-0.2383655746462231	18.796310028310913	0.9752643526831436
Unique Binding	NOT Bound Only	K562	DDX24_2	0.01	0	0.0	0	0.0	0	0.0		
Unique Binding	NOT Bound Only	K562	DDX24_2	0.1	0	0.0	0	0.0	0	0.0		
Unique Binding	NOT Bound Only	K562	DDX24_3	0.0	141715	100.0	97	0.0013944571679507757	141618	-149.4004277522925	-149.39903329512455	-0.9999813327957139
Unique Binding	NOT Bound Only	K562	DDX24_3	1e-05	141504	99.85110962142329	47	0.0011995956195702106	141457	-149.3995792053731	-149.39837960975353	-0.9999839412400766
Unique Binding	NOT Bound Only	K562	DDX24_3	0.0001	129430	91.33119288713263	0	0.0	129430	-148.62235417623606	-148.62235417623606	-1.0
Unique Binding	NOT Bound Only	K562	DDX24_3	0.001	50037	35.30818897082172	0	0.0	50037	-114.7004328072687	-114.7004328072687	-1.0
Unique Binding	NOT Bound Only	K562	DDX24_3	0.01	0	0.0	0	0.0	0	0.0		
Unique Binding	NOT Bound Only	K562	DDX24_3	0.1	0	0.0	0	0.0	0	0.0		
Unique Binding	NOT Bound Only	K562	DDX24_4	0.0	141431	100.0	14	0.00021113847265555552	141417	-424.5554641702484	-424.55525303177575	-0.999999005367329
Unique Binding	NOT Bound Only	K562	DDX24_4	1e-05	141422	99.99363647290906	9	0.00019971390331676337	141413	-424.55544969070826	-424.55524997680493	-0.9999990591862169
Unique Binding	NOT Bound Only	K562	DDX24_4	0.0001	141184	99.82535653428174	0	0.0	141184	-424.53875582456857	-424.53875582456857	-1.0
Unique Binding	NOT Bound Only	K562	DDX24_4	0.001	100493	71.05443643897024	0	0.0	100493	-401.0988589318688	-401.0988589318688	-1.0
Unique Binding	NOT Bound Only	K562	DDX24_4	0.01	1511	1.0683654927137614	0	0.0	1511	-15.599359060640094	-15.599359060640094	-1.0
Unique Binding	NOT Bound Only	K562	DDX24_4	0.1	0	0.0	0	0.0	0	0.0		
Unique Binding	NOT Bound Only	K562	DDX24_5	0.0	141123	100.0	139776	27.983377616693147	1347	-0.23712932660321936	27.746248290089927	0.9831945381364208
Unique Binding	NOT Bound Only	K562	DDX24_5	1e-05	140868	99.8193065623605	139641	27.98256437850562	1227	-0.23657271363041338	27.74599166487521	0.9832331716694244
Unique Binding	NOT Bound Only	K562	DDX24_5	0.0001	112140	79.46259645840861	111460	25.84144089906963	680	-0.21214196126794277	25.62929893780169	0.9837149491181196
Unique Binding	NOT Bound Only	K562	DDX24_5	0.001	1232	0.8729973143994955	1228	1.4490514395990466	4	-0.004122468779856585	1.44492897081919	0.9943262554384072
Unique Binding	NOT Bound Only	K562	DDX24_5	0.01	0	0.0	0	0.0	0	0.0		
Unique Binding	NOT Bound Only	K562	DDX24_5	0.1	0	0.0	0	0.0	0	0.0		
Unique Binding	NOT Bound Only	K562	DDX24_6	0.0	140417	100.0	21377	1.3261458163043502	119040	-10.277108274874752	-8.950962458570402	-0.7714182925094265
Unique Binding	NOT Bound Only	K562	DDX24_6	1e-05	111527	79.42556812921512	14574	1.295192001578908	96953	-10.158924109142188	-8.86373210756328	-0.7738468880428752
Unique Binding	NOT Bound Only	K562	DDX24_6	0.0001	27382	19.500487832669833	4161	0.9102410803379826	23221	-7.053231219621981	-6.142990139283999	-0.7713959323139584
Unique Binding	NOT Bound Only	K562	DDX24_6	0.001	390	0.2777441477883732	0	0.0	390	-0.4606745325250836	-0.4606745325250836	-1.0
Unique Binding	NOT Bound Only	K562	DDX24_6	0.01	0	0.0	0	0.0	0	0.0		
Unique Binding	NOT Bound Only	K562	DDX24_6	0.1	0	0.0	0	0.0	0	0.0		
Unique Binding	NOT Bound Only	K562	DDX3X_1	0.0	142156	100.0	142156	438.2802029442016	0	0.0	438.2802029442016	1.0
Unique Binding	NOT Bound Only	K562	DDX3X_1	1e-05	142156	100.0	142156	438.2802029442016	0	0.0	438.2802029442016	1.0
Unique Binding	NOT Bound Only	K562	DDX3X_1	0.0001	142156	100.0	142156	438.2802029442016	0	0.0	438.2802029442016	1.0
Unique Binding	NOT Bound Only	K562	DDX3X_1	0.001	140043	98.51360477222207	140043	436.4813503771718	0	0.0	436.4813503771718	1.0
Unique Binding	NOT Bound Only	K562	DDX3X_1	0.01	0	0.0	0	0.0	0	0.0		
Unique Binding	NOT Bound Only	K562	DDX3X_1	0.1	0	0.0	0	0.0	0	0.0		
Unique Binding	NOT Bound Only	K562	DDX3X_2	0.0	140146	100.0	140028	267.74461990673956	118	-0.046087714418247695	267.6985321923213	0.9996557930271168
Unique Binding	NOT Bound Only	K562	DDX3X_2	1e-05	140140	99.99571875044596	140024	267.7445962486279	116	-0.046081077854443146	267.6985151707734	0.999655842553486
Unique Binding	NOT Bound Only	K562	DDX3X_2	0.0001	140073	99.94791146375923	139992	267.7429631013906	81	-0.04411316828607709	267.69884993310455	0.9996705354948374
Unique Binding	NOT Bound Only	K562	DDX3X_2	0.001	134640	96.07123999257917	134625	263.3689157841118	15	-0.016898723642093345	263.3520170604697	0.9998716808369222
Unique Binding	NOT Bound Only	K562	DDX3X_2	0.01	0	0.0	0	0.0	0	0.0		
Unique Binding	NOT Bound Only	K562	DDX3X_2	0.1	0	0.0	0	0.0	0	0.0		
Unique Binding	NOT Bound Only	K562	DDX3X_3	0.0	146912	100.0	4946	0.5628492877192515	141966	-215.72511716501361	-215.16226787729437	-0.9947953712178227
Unique Binding	NOT Bound Only	K562	DDX3X_3	1e-05	146142	99.47587671531257	4589	0.5610383060895309	141553	-215.7230956834539	-215.16205737736436	-0.9948120253137324
Unique Binding	NOT Bound Only	K562	DDX3X_3	0.0001	139323	94.83432258767152	2157	0.4345220759241184	137166	-215.46841262321072	-215.0338905472866	-0.9959748386326509
Unique Binding	NOT Bound Only	K562	DDX3X_3	0.001	74226	50.52412328468743	0	0.0	74226	-182.75290741084336	-182.75290741084336	-1.0
Unique Binding	NOT Bound Only	K562	DDX3X_3	0.01	0	0.0	0	0.0	0	0.0		
Unique Binding	NOT Bound Only	K562	DDX3X_3	0.1	0	0.0	0	0.0	0	0.0		
Unique Binding	NOT Bound Only	K562	DDX3X_4	0.0	150189	100.0	1028	0.004872755671539938	149161	-32.34858657192983	-32.34371381625829	-0.9996987799281554
Unique Binding	NOT Bound Only	K562	DDX3X_4	1e-05	144805	96.41518353541205	148	0.0021778029512155824	144657	-32.32219696916742	-32.320019166216206	-0.9998652532049532
Unique Binding	NOT Bound Only	K562	DDX3X_4	0.0001	83664	55.705810678545035	0	0.0	83664	-29.251482511151444	-29.251482511151444	-1.0
Unique Binding	NOT Bound Only	K562	DDX3X_4	0.001	1319	0.8782267676061497	0	0.0	1319	-1.9645461862708986	-1.9645461862708986	-1.0
Unique Binding	NOT Bound Only	K562	DDX3X_4	0.01	0	0.0	0	0.0	0	0.0		
Unique Binding	NOT Bound Only	K562	DDX3X_4	0.1	0	0.0	0	0.0	0	0.0		
Unique Binding	NOT Bound Only	K562	DDX3X_5	0.0	150182	100.0	150182	804.8106128309086	0	0.0	804.8106128309086	1.0
Unique Binding	NOT Bound Only	K562	DDX3X_5	1e-05	150182	100.0	150182	804.8106128309086	0	0.0	804.8106128309086	1.0
Unique Binding	NOT Bound Only	K562	DDX3X_5	0.0001	150182	100.0	150182	804.8106128309086	0	0.0	804.8106128309086	1.0
Unique Binding	NOT Bound Only	K562	DDX3X_5	0.001	150043	99.9074456326324	150043	804.7055565633581	0	0.0	804.7055565633581	1.0
Unique Binding	NOT Bound Only	K562	DDX3X_5	0.01	0	0.0	0	0.0	0	0.0		
Unique Binding	NOT Bound Only	K562	DDX3X_5	0.1	0	0.0	0	0.0	0	0.0		
Unique Binding	NOT Bound Only	K562	DDX3X_6	0.0	0	0.0	0	0.0	0	0.0		
Unique Binding	NOT Bound Only	K562	DDX3X_6	1e-05	0	0.0	0	0.0	0	0.0		
Unique Binding	NOT Bound Only	K562	DDX3X_6	0.0001	0	0.0	0	0.0	0	0.0		
Unique Binding	NOT Bound Only	K562	DDX3X_6	0.001	0	0.0	0	0.0	0	0.0		
Unique Binding	NOT Bound Only	K562	DDX3X_6	0.01	0	0.0	0	0.0	0	0.0		
Unique Binding	NOT Bound Only	K562	DDX3X_6	0.1	0	0.0	0	0.0	0	0.0		
Unique Binding	NOT Bound Only	K562	DDX42_1	0.0	0	0.0	0	0.0	0	0.0		
Unique Binding	NOT Bound Only	K562	DDX42_1	1e-05	0	0.0	0	0.0	0	0.0		
Unique Binding	NOT Bound Only	K562	DDX42_1	0.0001	0	0.0	0	0.0	0	0.0		
Unique Binding	NOT Bound Only	K562	DDX42_1	0.001	0	0.0	0	0.0	0	0.0		
Unique Binding	NOT Bound Only	K562	DDX42_1	0.01	0	0.0	0	0.0	0	0.0		
Unique Binding	NOT Bound Only	K562	DDX42_1	0.1	0	0.0	0	0.0	0	0.0		
Unique Binding	NOT Bound Only	K562	DDX42_2	0.0	0	0.0	0	0.0	0	0.0		
Unique Binding	NOT Bound Only	K562	DDX42_2	1e-05	0	0.0	0	0.0	0	0.0		
Unique Binding	NOT Bound Only	K562	DDX42_2	0.0001	0	0.0	0	0.0	0	0.0		
Unique Binding	NOT Bound Only	K562	DDX42_2	0.001	0	0.0	0	0.0	0	0.0		
Unique Binding	NOT Bound Only	K562	DDX42_2	0.01	0	0.0	0	0.0	0	0.0		
Unique Binding	NOT Bound Only	K562	DDX42_2	0.1	0	0.0	0	0.0	0	0.0		
Unique Binding	NOT Bound Only	K562	DDX42_3	0.0	0	0.0	0	0.0	0	0.0		
Unique Binding	NOT Bound Only	K562	DDX42_3	1e-05	0	0.0	0	0.0	0	0.0		
Unique Binding	NOT Bound Only	K562	DDX42_3	0.0001	0	0.0	0	0.0	0	0.0		
Unique Binding	NOT Bound Only	K562	DDX42_3	0.001	0	0.0	0	0.0	0	0.0		
Unique Binding	NOT Bound Only	K562	DDX42_3	0.01	0	0.0	0	0.0	0	0.0		
Unique Binding	NOT Bound Only	K562	DDX42_3	0.1	0	0.0	0	0.0	0	0.0		
Unique Binding	NOT Bound Only	K562	DDX42_4	0.0	0	0.0	0	0.0	0	0.0		
Unique Binding	NOT Bound Only	K562	DDX42_4	1e-05	0	0.0	0	0.0	0	0.0		
Unique Binding	NOT Bound Only	K562	DDX42_4	0.0001	0	0.0	0	0.0	0	0.0		
Unique Binding	NOT Bound Only	K562	DDX42_4	0.001	0	0.0	0	0.0	0	0.0		
Unique Binding	NOT Bound Only	K562	DDX42_4	0.01	0	0.0	0	0.0	0	0.0		
Unique Binding	NOT Bound Only	K562	DDX42_4	0.1	0	0.0	0	0.0	0	0.0		
Unique Binding	NOT Bound Only	K562	DDX42_5	0.0	0	0.0	0	0.0	0	0.0		
Unique Binding	NOT Bound Only	K562	DDX42_5	1e-05	0	0.0	0	0.0	0	0.0		
Unique Binding	NOT Bound Only	K562	DDX42_5	0.0001	0	0.0	0	0.0	0	0.0		
Unique Binding	NOT Bound Only	K562	DDX42_5	0.001	0	0.0	0	0.0	0	0.0		
Unique Binding	NOT Bound Only	K562	DDX42_5	0.01	0	0.0	0	0.0	0	0.0		
Unique Binding	NOT Bound Only	K562	DDX42_5	0.1	0	0.0	0	0.0	0	0.0		
Unique Binding	NOT Bound Only	K562	DDX42_6	0.0	0	0.0	0	0.0	0	0.0		
Unique Binding	NOT Bound Only	K562	DDX42_6	1e-05	0	0.0	0	0.0	0	0.0		
Unique Binding	NOT Bound Only	K562	DDX42_6	0.0001	0	0.0	0	0.0	0	0.0		
Unique Binding	NOT Bound Only	K562	DDX42_6	0.001	0	0.0	0	0.0	0	0.0		
Unique Binding	NOT Bound Only	K562	DDX42_6	0.01	0	0.0	0	0.0	0	0.0		
Unique Binding	NOT Bound Only	K562	DDX42_6	0.1	0	0.0	0	0.0	0	0.0		
Unique Binding	NOT Bound Only	K562	DDX43_1	0.0	142923	100.0	141279	19.016741097210314	1644	-0.133831257993912	18.882909839216403	0.9860232628548522
Unique Binding	NOT Bound Only	K562	DDX43_1	1e-05	140616	98.38584412585799	139744	19.00834150114781	872	-0.13119611093113037	18.87714539021668	0.9862905663041375
Unique Binding	NOT Bound Only	K562	DDX43_1	0.0001	68960	48.24975686208658	68673	14.989793374158467	287	-0.11143506896376983	14.878358305194697	0.985241588870272
Unique Binding	NOT Bound Only	K562	DDX43_1	0.001	211	0.14763194167488786	187	0.2235637880858337	24	-0.026927856285895474	0.1966359317999382	0.7849999639434313
Unique Binding	NOT Bound Only	K562	DDX43_1	0.01	0	0.0	0	0.0	0	0.0		
Unique Binding	NOT Bound Only	K562	DDX43_1	0.1	0	0.0	0	0.0	0	0.0		
Unique Binding	NOT Bound Only	K562	DDX43_2	0.0	139972	100.0	139968	141.3395744278569	4	-9.58764582234769e-05	141.33947855139866	0.9999986433184961
Unique Binding	NOT Bound Only	K562	DDX43_2	1e-05	139970	99.99857114279999	139968	141.3395744278569	2	-8.595239123743915e-05	141.33948847546566	0.9999987837470248
Unique Binding	NOT Bound Only	K562	DDX43_2	0.0001	139802	99.87854713799904	139802	141.32629191240878	0	0.0	141.32629191240878	1.0
Unique Binding	NOT Bound Only	K562	DDX43_2	0.001	55491	39.644357442917155	55491	90.89470780011888	0	0.0	90.89470780011888	1.0
Unique Binding	NOT Bound Only	K562	DDX43_2	0.01	0	0.0	0	0.0	0	0.0		
Unique Binding	NOT Bound Only	K562	DDX43_2	0.1	0	0.0	0	0.0	0	0.0		
Unique Binding	NOT Bound Only	K562	DDX43_3	0.0	144757	100.0	1	1.955584307416052e-05	144756	-299.9018885490281	-299.901868993185	-0.9999998695850706
Unique Binding	NOT Bound Only	K562	DDX43_3	1e-05	144756	99.99930918712049	1	1.955584307416052e-05	144755	-299.90188511975435	-299.90186556391126	-0.999999869585069
Unique Binding	NOT Bound Only	K562	DDX43_3	0.0001	144583	99.87979855896432	0	0.0	144583	-299.88956672745473	-299.88956672745473	-1.0
Unique Binding	NOT Bound Only	K562	DDX43_3	0.001	90774	62.707848325124175	0	0.0	90774	-268.4587496620693	-268.4587496620693	-1.0
Unique Binding	NOT Bound Only	K562	DDX43_3	0.01	0	0.0	0	0.0	0	0.0		
Unique Binding	NOT Bound Only	K562	DDX43_3	0.1	0	0.0	0	0.0	0	0.0		
Unique Binding	NOT Bound Only	K562	DDX43_4	0.0	142871	100.0	283	0.021263381668938618	142588	-415.61134797658013	-415.5900845949112	-0.9998976818416657
Unique Binding	NOT Bound Only	K562	DDX43_4	1e-05	142743	99.91040869035703	237	0.02101432590318022	142506	-415.61092538558245	-415.58991105967925	-0.9998988801201477
Unique Binding	NOT Bound Only	K562	DDX43_4	0.0001	141278	98.88500815420905	80	0.014611537134185835	141198	-415.5251993869833	-415.5105878498491	-0.999929674429501
Unique Binding	NOT Bound Only	K562	DDX43_4	0.001	94916	66.43475582868462	0	0.0	94916	-390.3513476331492	-390.3513476331492	-1.0
Unique Binding	NOT Bound Only	K562	DDX43_4	0.01	3469	2.4280644777456586	0	0.0	3469	-37.39049641384384	-37.39049641384384	-1.0
Unique Binding	NOT Bound Only	K562	DDX43_4	0.1	0	0.0	0	0.0	0	0.0		
Unique Binding	NOT Bound Only	K562	DDX43_5	0.0	142496	100.0	142462	89.77737956118438	34	-0.010773965440988688	89.76660559574339	0.9997600136539662
Unique Binding	NOT Bound Only	K562	DDX43_5	1e-05	142492	99.99719290366046	142459	89.77736363757185	33	-0.010767573728216998	89.76659606384364	0.9997601559675438
Unique Binding	NOT Bound Only	K562	DDX43_5	0.0001	141565	99.34664832697058	141543	89.70714406164998	22	-0.01013758865849923	89.69700647299149	0.9997740103473485
Unique Binding	NOT Bound Only	K562	DDX43_5	0.001	21873	15.349904558724456	21873	32.80577783655174	0	0.0	32.80577783655174	1.0
Unique Binding	NOT Bound Only	K562	DDX43_5	0.01	0	0.0	0	0.0	0	0.0		
Unique Binding	NOT Bound Only	K562	DDX43_5	0.1	0	0.0	0	0.0	0	0.0		
Unique Binding	NOT Bound Only	K562	DDX43_6	0.0	140155	100.0	131591	21.724246828939208	8564	-1.0234382729224347	20.700808556016774	0.9100182485963219
Unique Binding	NOT Bound Only	K562	DDX43_6	1e-05	137879	98.37608362170455	130293	21.717299091479283	7586	-1.0184729234322005	20.698826168047084	0.9104078873799206
Unique Binding	NOT Bound Only	K562	DDX43_6	0.0001	83237	59.38924761870786	79817	18.652601792317455	3420	-0.8271350982546791	17.825466694062776	0.915077384987166
Unique Binding	NOT Bound Only	K562	DDX43_6	0.001	199	0.14198565873497201	190	0.21365351156671147	9	-0.00975703006733872	0.20389648149937276	0.9126538076853967
Unique Binding	NOT Bound Only	K562	DDX43_6	0.01	0	0.0	0	0.0	0	0.0		
Unique Binding	NOT Bound Only	K562	DDX43_6	0.1	0	0.0	0	0.0	0	0.0		
Unique Binding	NOT Bound Only	K562	DDX47_1	0.0	0	0.0	0	0.0	0	0.0		
Unique Binding	NOT Bound Only	K562	DDX47_1	1e-05	0	0.0	0	0.0	0	0.0		
Unique Binding	NOT Bound Only	K562	DDX47_1	0.0001	0	0.0	0	0.0	0	0.0		
Unique Binding	NOT Bound Only	K562	DDX47_1	0.001	0	0.0	0	0.0	0	0.0		
Unique Binding	NOT Bound Only	K562	DDX47_1	0.01	0	0.0	0	0.0	0	0.0		
Unique Binding	NOT Bound Only	K562	DDX47_1	0.1	0	0.0	0	0.0	0	0.0		
Unique Binding	NOT Bound Only	K562	DDX47_2	0.0	0	0.0	0	0.0	0	0.0		
Unique Binding	NOT Bound Only	K562	DDX47_2	1e-05	0	0.0	0	0.0	0	0.0		
Unique Binding	NOT Bound Only	K562	DDX47_2	0.0001	0	0.0	0	0.0	0	0.0		
Unique Binding	NOT Bound Only	K562	DDX47_2	0.001	0	0.0	0	0.0	0	0.0		
Unique Binding	NOT Bound Only	K562	DDX47_2	0.01	0	0.0	0	0.0	0	0.0		
Unique Binding	NOT Bound Only	K562	DDX47_2	0.1	0	0.0	0	0.0	0	0.0		
Unique Binding	NOT Bound Only	K562	DDX47_3	0.0	0	0.0	0	0.0	0	0.0		
Unique Binding	NOT Bound Only	K562	DDX47_3	1e-05	0	0.0	0	0.0	0	0.0		
Unique Binding	NOT Bound Only	K562	DDX47_3	0.0001	0	0.0	0	0.0	0	0.0		
Unique Binding	NOT Bound Only	K562	DDX47_3	0.001	0	0.0	0	0.0	0	0.0		
Unique Binding	NOT Bound Only	K562	DDX47_3	0.01	0	0.0	0	0.0	0	0.0		
Unique Binding	NOT Bound Only	K562	DDX47_3	0.1	0	0.0	0	0.0	0	0.0		
Unique Binding	NOT Bound Only	K562	DDX47_4	0.0	0	0.0	0	0.0	0	0.0		
Unique Binding	NOT Bound Only	K562	DDX47_4	1e-05	0	0.0	0	0.0	0	0.0		
Unique Binding	NOT Bound Only	K562	DDX47_4	0.0001	0	0.0	0	0.0	0	0.0		
Unique Binding	NOT Bound Only	K562	DDX47_4	0.001	0	0.0	0	0.0	0	0.0		
Unique Binding	NOT Bound Only	K562	DDX47_4	0.01	0	0.0	0	0.0	0	0.0		
Unique Binding	NOT Bound Only	K562	DDX47_4	0.1	0	0.0	0	0.0	0	0.0		
Unique Binding	NOT Bound Only	K562	DDX47_5	0.0	0	0.0	0	0.0	0	0.0		
Unique Binding	NOT Bound Only	K562	DDX47_5	1e-05	0	0.0	0	0.0	0	0.0		
Unique Binding	NOT Bound Only	K562	DDX47_5	0.0001	0	0.0	0	0.0	0	0.0		
Unique Binding	NOT Bound Only	K562	DDX47_5	0.001	0	0.0	0	0.0	0	0.0		
Unique Binding	NOT Bound Only	K562	DDX47_5	0.01	0	0.0	0	0.0	0	0.0		
Unique Binding	NOT Bound Only	K562	DDX47_5	0.1	0	0.0	0	0.0	0	0.0		
Unique Binding	NOT Bound Only	K562	DDX47_6	0.0	0	0.0	0	0.0	0	0.0		
Unique Binding	NOT Bound Only	K562	DDX47_6	1e-05	0	0.0	0	0.0	0	0.0		
Unique Binding	NOT Bound Only	K562	DDX47_6	0.0001	0	0.0	0	0.0	0	0.0		
Unique Binding	NOT Bound Only	K562	DDX47_6	0.001	0	0.0	0	0.0	0	0.0		
Unique Binding	NOT Bound Only	K562	DDX47_6	0.01	0	0.0	0	0.0	0	0.0		
Unique Binding	NOT Bound Only	K562	DDX47_6	0.1	0	0.0	0	0.0	0	0.0		
Unique Binding	NOT Bound Only	K562	DDX51_1	0.0	0	0.0	0	0.0	0	0.0		
Unique Binding	NOT Bound Only	K562	DDX51_1	1e-05	0	0.0	0	0.0	0	0.0		
Unique Binding	NOT Bound Only	K562	DDX51_1	0.0001	0	0.0	0	0.0	0	0.0		
Unique Binding	NOT Bound Only	K562	DDX51_1	0.001	0	0.0	0	0.0	0	0.0		
Unique Binding	NOT Bound Only	K562	DDX51_1	0.01	0	0.0	0	0.0	0	0.0		
Unique Binding	NOT Bound Only	K562	DDX51_1	0.1	0	0.0	0	0.0	0	0.0		
Unique Binding	NOT Bound Only	K562	DDX51_2	0.0	0	0.0	0	0.0	0	0.0		
Unique Binding	NOT Bound Only	K562	DDX51_2	1e-05	0	0.0	0	0.0	0	0.0		
Unique Binding	NOT Bound Only	K562	DDX51_2	0.0001	0	0.0	0	0.0	0	0.0		
Unique Binding	NOT Bound Only	K562	DDX51_2	0.001	0	0.0	0	0.0	0	0.0		
Unique Binding	NOT Bound Only	K562	DDX51_2	0.01	0	0.0	0	0.0	0	0.0		
Unique Binding	NOT Bound Only	K562	DDX51_2	0.1	0	0.0	0	0.0	0	0.0		
Unique Binding	NOT Bound Only	K562	DDX51_3	0.0	0	0.0	0	0.0	0	0.0		
Unique Binding	NOT Bound Only	K562	DDX51_3	1e-05	0	0.0	0	0.0	0	0.0		
Unique Binding	NOT Bound Only	K562	DDX51_3	0.0001	0	0.0	0	0.0	0	0.0		
Unique Binding	NOT Bound Only	K562	DDX51_3	0.001	0	0.0	0	0.0	0	0.0		
Unique Binding	NOT Bound Only	K562	DDX51_3	0.01	0	0.0	0	0.0	0	0.0		
Unique Binding	NOT Bound Only	K562	DDX51_3	0.1	0	0.0	0	0.0	0	0.0		
Unique Binding	NOT Bound Only	K562	DDX51_4	0.0	0	0.0	0	0.0	0	0.0		
Unique Binding	NOT Bound Only	K562	DDX51_4	1e-05	0	0.0	0	0.0	0	0.0		
Unique Binding	NOT Bound Only	K562	DDX51_4	0.0001	0	0.0	0	0.0	0	0.0		
Unique Binding	NOT Bound Only	K562	DDX51_4	0.001	0	0.0	0	0.0	0	0.0		
Unique Binding	NOT Bound Only	K562	DDX51_4	0.01	0	0.0	0	0.0	0	0.0		
Unique Binding	NOT Bound Only	K562	DDX51_4	0.1	0	0.0	0	0.0	0	0.0		
Unique Binding	NOT Bound Only	K562	DDX51_5	0.0	0	0.0	0	0.0	0	0.0		
Unique Binding	NOT Bound Only	K562	DDX51_5	1e-05	0	0.0	0	0.0	0	0.0		
Unique Binding	NOT Bound Only	K562	DDX51_5	0.0001	0	0.0	0	0.0	0	0.0		
Unique Binding	NOT Bound Only	K562	DDX51_5	0.001	0	0.0	0	0.0	0	0.0		
Unique Binding	NOT Bound Only	K562	DDX51_5	0.01	0	0.0	0	0.0	0	0.0		
Unique Binding	NOT Bound Only	K562	DDX51_5	0.1	0	0.0	0	0.0	0	0.0		
Unique Binding	NOT Bound Only	K562	DDX51_6	0.0	0	0.0	0	0.0	0	0.0		
Unique Binding	NOT Bound Only	K562	DDX51_6	1e-05	0	0.0	0	0.0	0	0.0		
Unique Binding	NOT Bound Only	K562	DDX51_6	0.0001	0	0.0	0	0.0	0	0.0		
Unique Binding	NOT Bound Only	K562	DDX51_6	0.001	0	0.0	0	0.0	0	0.0		
Unique Binding	NOT Bound Only	K562	DDX51_6	0.01	0	0.0	0	0.0	0	0.0		
Unique Binding	NOT Bound Only	K562	DDX51_6	0.1	0	0.0	0	0.0	0	0.0		
Unique Binding	NOT Bound Only	K562	DDX52_1	0.0	0	0.0	0	0.0	0	0.0		
Unique Binding	NOT Bound Only	K562	DDX52_1	1e-05	0	0.0	0	0.0	0	0.0		
Unique Binding	NOT Bound Only	K562	DDX52_1	0.0001	0	0.0	0	0.0	0	0.0		
Unique Binding	NOT Bound Only	K562	DDX52_1	0.001	0	0.0	0	0.0	0	0.0		
Unique Binding	NOT Bound Only	K562	DDX52_1	0.01	0	0.0	0	0.0	0	0.0		
Unique Binding	NOT Bound Only	K562	DDX52_1	0.1	0	0.0	0	0.0	0	0.0		
Unique Binding	NOT Bound Only	K562	DDX52_2	0.0	0	0.0	0	0.0	0	0.0		
Unique Binding	NOT Bound Only	K562	DDX52_2	1e-05	0	0.0	0	0.0	0	0.0		
Unique Binding	NOT Bound Only	K562	DDX52_2	0.0001	0	0.0	0	0.0	0	0.0		
Unique Binding	NOT Bound Only	K562	DDX52_2	0.001	0	0.0	0	0.0	0	0.0		
Unique Binding	NOT Bound Only	K562	DDX52_2	0.01	0	0.0	0	0.0	0	0.0		
Unique Binding	NOT Bound Only	K562	DDX52_2	0.1	0	0.0	0	0.0	0	0.0		
Unique Binding	NOT Bound Only	K562	DDX52_3	0.0	151862	100.0	460	0.00023332029121028556	151402	-0.3943175311366867	-0.39408421084547646	-0.9988172865912424
Unique Binding	NOT Bound Only	K562	DDX52_3	1e-05	414	0.27261592761849573	0	0.0	414	-0.013602229297026303	-0.013602229297026303	-1.0
Unique Binding	NOT Bound Only	K562	DDX52_3	0.0001	36	0.023705732836390936	0	0.0	36	-0.0059866209663494135	-0.0059866209663494135	-1.0
Unique Binding	NOT Bound Only	K562	DDX52_3	0.001	0	0.0	0	0.0	0	0.0		
Unique Binding	NOT Bound Only	K562	DDX52_3	0.01	0	0.0	0	0.0	0	0.0		
Unique Binding	NOT Bound Only	K562	DDX52_3	0.1	0	0.0	0	0.0	0	0.0		
Unique Binding	NOT Bound Only	K562	DDX52_4	0.0	0	0.0	0	0.0	0	0.0		
Unique Binding	NOT Bound Only	K562	DDX52_4	1e-05	0	0.0	0	0.0	0	0.0		
Unique Binding	NOT Bound Only	K562	DDX52_4	0.0001	0	0.0	0	0.0	0	0.0		
Unique Binding	NOT Bound Only	K562	DDX52_4	0.001	0	0.0	0	0.0	0	0.0		
Unique Binding	NOT Bound Only	K562	DDX52_4	0.01	0	0.0	0	0.0	0	0.0		
Unique Binding	NOT Bound Only	K562	DDX52_4	0.1	0	0.0	0	0.0	0	0.0		
Unique Binding	NOT Bound Only	K562	DDX52_5	0.0	0	0.0	0	0.0	0	0.0		
Unique Binding	NOT Bound Only	K562	DDX52_5	1e-05	0	0.0	0	0.0	0	0.0		
Unique Binding	NOT Bound Only	K562	DDX52_5	0.0001	0	0.0	0	0.0	0	0.0		
Unique Binding	NOT Bound Only	K562	DDX52_5	0.001	0	0.0	0	0.0	0	0.0		
Unique Binding	NOT Bound Only	K562	DDX52_5	0.01	0	0.0	0	0.0	0	0.0		
Unique Binding	NOT Bound Only	K562	DDX52_5	0.1	0	0.0	0	0.0	0	0.0		
Unique Binding	NOT Bound Only	K562	DDX52_6	0.0	0	0.0	0	0.0	0	0.0		
Unique Binding	NOT Bound Only	K562	DDX52_6	1e-05	0	0.0	0	0.0	0	0.0		
Unique Binding	NOT Bound Only	K562	DDX52_6	0.0001	0	0.0	0	0.0	0	0.0		
Unique Binding	NOT Bound Only	K562	DDX52_6	0.001	0	0.0	0	0.0	0	0.0		
Unique Binding	NOT Bound Only	K562	DDX52_6	0.01	0	0.0	0	0.0	0	0.0		
Unique Binding	NOT Bound Only	K562	DDX52_6	0.1	0	0.0	0	0.0	0	0.0		
Unique Binding	NOT Bound Only	K562	DDX55_1	0.0	0	0.0	0	0.0	0	0.0		
Unique Binding	NOT Bound Only	K562	DDX55_1	1e-05	0	0.0	0	0.0	0	0.0		
Unique Binding	NOT Bound Only	K562	DDX55_1	0.0001	0	0.0	0	0.0	0	0.0		
Unique Binding	NOT Bound Only	K562	DDX55_1	0.001	0	0.0	0	0.0	0	0.0		
Unique Binding	NOT Bound Only	K562	DDX55_1	0.01	0	0.0	0	0.0	0	0.0		
Unique Binding	NOT Bound Only	K562	DDX55_1	0.1	0	0.0	0	0.0	0	0.0		
Unique Binding	NOT Bound Only	K562	DDX55_2	0.0	0	0.0	0	0.0	0	0.0		
Unique Binding	NOT Bound Only	K562	DDX55_2	1e-05	0	0.0	0	0.0	0	0.0		
Unique Binding	NOT Bound Only	K562	DDX55_2	0.0001	0	0.0	0	0.0	0	0.0		
Unique Binding	NOT Bound Only	K562	DDX55_2	0.001	0	0.0	0	0.0	0	0.0		
Unique Binding	NOT Bound Only	K562	DDX55_2	0.01	0	0.0	0	0.0	0	0.0		
Unique Binding	NOT Bound Only	K562	DDX55_2	0.1	0	0.0	0	0.0	0	0.0		
Unique Binding	NOT Bound Only	K562	DDX55_3	0.0	0	0.0	0	0.0	0	0.0		
Unique Binding	NOT Bound Only	K562	DDX55_3	1e-05	0	0.0	0	0.0	0	0.0		
Unique Binding	NOT Bound Only	K562	DDX55_3	0.0001	0	0.0	0	0.0	0	0.0		
Unique Binding	NOT Bound Only	K562	DDX55_3	0.001	0	0.0	0	0.0	0	0.0		
Unique Binding	NOT Bound Only	K562	DDX55_3	0.01	0	0.0	0	0.0	0	0.0		
Unique Binding	NOT Bound Only	K562	DDX55_3	0.1	0	0.0	0	0.0	0	0.0		
Unique Binding	NOT Bound Only	K562	DDX55_4	0.0	0	0.0	0	0.0	0	0.0		
Unique Binding	NOT Bound Only	K562	DDX55_4	1e-05	0	0.0	0	0.0	0	0.0		
Unique Binding	NOT Bound Only	K562	DDX55_4	0.0001	0	0.0	0	0.0	0	0.0		
Unique Binding	NOT Bound Only	K562	DDX55_4	0.001	0	0.0	0	0.0	0	0.0		
Unique Binding	NOT Bound Only	K562	DDX55_4	0.01	0	0.0	0	0.0	0	0.0		
Unique Binding	NOT Bound Only	K562	DDX55_4	0.1	0	0.0	0	0.0	0	0.0		
Unique Binding	NOT Bound Only	K562	DDX55_5	0.0	0	0.0	0	0.0	0	0.0		
Unique Binding	NOT Bound Only	K562	DDX55_5	1e-05	0	0.0	0	0.0	0	0.0		
Unique Binding	NOT Bound Only	K562	DDX55_5	0.0001	0	0.0	0	0.0	0	0.0		
Unique Binding	NOT Bound Only	K562	DDX55_5	0.001	0	0.0	0	0.0	0	0.0		
Unique Binding	NOT Bound Only	K562	DDX55_5	0.01	0	0.0	0	0.0	0	0.0		
Unique Binding	NOT Bound Only	K562	DDX55_5	0.1	0	0.0	0	0.0	0	0.0		
Unique Binding	NOT Bound Only	K562	DDX55_6	0.0	0	0.0	0	0.0	0	0.0		
Unique Binding	NOT Bound Only	K562	DDX55_6	1e-05	0	0.0	0	0.0	0	0.0		
Unique Binding	NOT Bound Only	K562	DDX55_6	0.0001	0	0.0	0	0.0	0	0.0		
Unique Binding	NOT Bound Only	K562	DDX55_6	0.001	0	0.0	0	0.0	0	0.0		
Unique Binding	NOT Bound Only	K562	DDX55_6	0.01	0	0.0	0	0.0	0	0.0		
Unique Binding	NOT Bound Only	K562	DDX55_6	0.1	0	0.0	0	0.0	0	0.0		
Unique Binding	NOT Bound Only	K562	DDX6_1	0.0	0	0.0	0	0.0	0	0.0		
Unique Binding	NOT Bound Only	K562	DDX6_1	1e-05	0	0.0	0	0.0	0	0.0		
Unique Binding	NOT Bound Only	K562	DDX6_1	0.0001	0	0.0	0	0.0	0	0.0		
Unique Binding	NOT Bound Only	K562	DDX6_1	0.001	0	0.0	0	0.0	0	0.0		
Unique Binding	NOT Bound Only	K562	DDX6_1	0.01	0	0.0	0	0.0	0	0.0		
Unique Binding	NOT Bound Only	K562	DDX6_1	0.1	0	0.0	0	0.0	0	0.0		
Unique Binding	NOT Bound Only	K562	DDX6_2	0.0	150756	100.0	47	0.00020539676571795917	150709	-4.436021124220786	-4.435815727455068	-0.9999074002354268
Unique Binding	NOT Bound Only	K562	DDX6_2	1e-05	117355	77.84433123723102	7	7.507039592932924e-05	117348	-4.211206660646934	-4.211131590251005	-0.9999643479583066
Unique Binding	NOT Bound Only	K562	DDX6_2	0.0001	2314	1.5349306163602112	0	0.0	2314	-0.27507757026563295	-0.27507757026563295	-1.0
Unique Binding	NOT Bound Only	K562	DDX6_2	0.001	0	0.0	0	0.0	0	0.0		
Unique Binding	NOT Bound Only	K562	DDX6_2	0.01	0	0.0	0	0.0	0	0.0		
Unique Binding	NOT Bound Only	K562	DDX6_2	0.1	0	0.0	0	0.0	0	0.0		
Unique Binding	NOT Bound Only	K562	DDX6_3	0.0	0	0.0	0	0.0	0	0.0		
Unique Binding	NOT Bound Only	K562	DDX6_3	1e-05	0	0.0	0	0.0	0	0.0		
Unique Binding	NOT Bound Only	K562	DDX6_3	0.0001	0	0.0	0	0.0	0	0.0		
Unique Binding	NOT Bound Only	K562	DDX6_3	0.001	0	0.0	0	0.0	0	0.0		
Unique Binding	NOT Bound Only	K562	DDX6_3	0.01	0	0.0	0	0.0	0	0.0		
Unique Binding	NOT Bound Only	K562	DDX6_3	0.1	0	0.0	0	0.0	0	0.0		
Unique Binding	NOT Bound Only	K562	DDX6_4	0.0	0	0.0	0	0.0	0	0.0		
Unique Binding	NOT Bound Only	K562	DDX6_4	1e-05	0	0.0	0	0.0	0	0.0		
Unique Binding	NOT Bound Only	K562	DDX6_4	0.0001	0	0.0	0	0.0	0	0.0		
Unique Binding	NOT Bound Only	K562	DDX6_4	0.001	0	0.0	0	0.0	0	0.0		
Unique Binding	NOT Bound Only	K562	DDX6_4	0.01	0	0.0	0	0.0	0	0.0		
Unique Binding	NOT Bound Only	K562	DDX6_4	0.1	0	0.0	0	0.0	0	0.0		
Unique Binding	NOT Bound Only	K562	DDX6_5	0.0	34919	23.05904261290472	13248	0.12483080879927987	21671	-0.04252497479740436	0.08230583400187551	0.4918015513597476
Unique Binding	NOT Bound Only	K562	DDX6_5	1e-05	3822	2.523888452318847	3152	0.10091629525965032	670	-0.018746227756313752	0.08217006750333657	0.6866817231688682
Unique Binding	NOT Bound Only	K562	DDX6_5	0.0001	140	0.09245012645856585	140	0.021287240110648538	0	0.0	0.021287240110648538	1.0
Unique Binding	NOT Bound Only	K562	DDX6_5	0.001	0	0.0	0	0.0	0	0.0		
Unique Binding	NOT Bound Only	K562	DDX6_5	0.01	0	0.0	0	0.0	0	0.0		
Unique Binding	NOT Bound Only	K562	DDX6_5	0.1	0	0.0	0	0.0	0	0.0		
Unique Binding	NOT Bound Only	K562	DDX6_6	0.0	150617	100.0	125732	4.272234568790172	24885	-0.18007444423147606	4.0921601245586965	0.919109637850916
Unique Binding	NOT Bound Only	K562	DDX6_6	1e-05	55825	37.06420921941082	50979	3.973963143744369	4846	-0.11951227051522062	3.8544508732291485	0.941608409275453
Unique Binding	NOT Bound Only	K562	DDX6_6	0.0001	11954	7.936687093754358	11932	2.4382555434029642	22	-0.00265665798382607	2.435598885419138	0.9978232252824852
Unique Binding	NOT Bound Only	K562	DDX6_6	0.001	0	0.0	0	0.0	0	0.0		
Unique Binding	NOT Bound Only	K562	DDX6_6	0.01	0	0.0	0	0.0	0	0.0		
Unique Binding	NOT Bound Only	K562	DDX6_6	0.1	0	0.0	0	0.0	0	0.0		
Unique Binding	NOT Bound Only	K562	DGCR8_1	0.0	0	0.0	0	0.0	0	0.0		
Unique Binding	NOT Bound Only	K562	DGCR8_1	1e-05	0	0.0	0	0.0	0	0.0		
Unique Binding	NOT Bound Only	K562	DGCR8_1	0.0001	0	0.0	0	0.0	0	0.0		
Unique Binding	NOT Bound Only	K562	DGCR8_1	0.001	0	0.0	0	0.0	0	0.0		
Unique Binding	NOT Bound Only	K562	DGCR8_1	0.01	0	0.0	0	0.0	0	0.0		
Unique Binding	NOT Bound Only	K562	DGCR8_1	0.1	0	0.0	0	0.0	0	0.0		
Unique Binding	NOT Bound Only	K562	DGCR8_2	0.0	0	0.0	0	0.0	0	0.0		
Unique Binding	NOT Bound Only	K562	DGCR8_2	1e-05	0	0.0	0	0.0	0	0.0		
Unique Binding	NOT Bound Only	K562	DGCR8_2	0.0001	0	0.0	0	0.0	0	0.0		
Unique Binding	NOT Bound Only	K562	DGCR8_2	0.001	0	0.0	0	0.0	0	0.0		
Unique Binding	NOT Bound Only	K562	DGCR8_2	0.01	0	0.0	0	0.0	0	0.0		
Unique Binding	NOT Bound Only	K562	DGCR8_2	0.1	0	0.0	0	0.0	0	0.0		
Unique Binding	NOT Bound Only	K562	DGCR8_3	0.0	0	0.0	0	0.0	0	0.0		
Unique Binding	NOT Bound Only	K562	DGCR8_3	1e-05	0	0.0	0	0.0	0	0.0		
Unique Binding	NOT Bound Only	K562	DGCR8_3	0.0001	0	0.0	0	0.0	0	0.0		
Unique Binding	NOT Bound Only	K562	DGCR8_3	0.001	0	0.0	0	0.0	0	0.0		
Unique Binding	NOT Bound Only	K562	DGCR8_3	0.01	0	0.0	0	0.0	0	0.0		
Unique Binding	NOT Bound Only	K562	DGCR8_3	0.1	0	0.0	0	0.0	0	0.0		
Unique Binding	NOT Bound Only	K562	DGCR8_4	0.0	0	0.0	0	0.0	0	0.0		
Unique Binding	NOT Bound Only	K562	DGCR8_4	1e-05	0	0.0	0	0.0	0	0.0		
Unique Binding	NOT Bound Only	K562	DGCR8_4	0.0001	0	0.0	0	0.0	0	0.0		
Unique Binding	NOT Bound Only	K562	DGCR8_4	0.001	0	0.0	0	0.0	0	0.0		
Unique Binding	NOT Bound Only	K562	DGCR8_4	0.01	0	0.0	0	0.0	0	0.0		
Unique Binding	NOT Bound Only	K562	DGCR8_4	0.1	0	0.0	0	0.0	0	0.0		
Unique Binding	NOT Bound Only	K562	DGCR8_5	0.0	151865	100.0	19200	0.9340182657089942	132665	-0.3770769574521059	0.5569413082568883	0.4247908911711856
Unique Binding	NOT Bound Only	K562	DGCR8_5	1e-05	18477	12.166727027293977	18245	0.9261190687828829	232	-0.003132824231587037	0.9229862445512959	0.9932573196672773
Unique Binding	NOT Bound Only	K562	DGCR8_5	0.0001	1627	1.0713462614822375	1627	0.22523515087532686	0	0.0	0.22523515087532686	1.0
Unique Binding	NOT Bound Only	K562	DGCR8_5	0.001	0	0.0	0	0.0	0	0.0		
Unique Binding	NOT Bound Only	K562	DGCR8_5	0.01	0	0.0	0	0.0	0	0.0		
Unique Binding	NOT Bound Only	K562	DGCR8_5	0.1	0	0.0	0	0.0	0	0.0		
Unique Binding	NOT Bound Only	K562	DGCR8_6	0.0	0	0.0	0	0.0	0	0.0		
Unique Binding	NOT Bound Only	K562	DGCR8_6	1e-05	0	0.0	0	0.0	0	0.0		
Unique Binding	NOT Bound Only	K562	DGCR8_6	0.0001	0	0.0	0	0.0	0	0.0		
Unique Binding	NOT Bound Only	K562	DGCR8_6	0.001	0	0.0	0	0.0	0	0.0		
Unique Binding	NOT Bound Only	K562	DGCR8_6	0.01	0	0.0	0	0.0	0	0.0		
Unique Binding	NOT Bound Only	K562	DGCR8_6	0.1	0	0.0	0	0.0	0	0.0		
Unique Binding	NOT Bound Only	K562	DHX30_1	0.0	0	0.0	0	0.0	0	0.0		
Unique Binding	NOT Bound Only	K562	DHX30_1	1e-05	0	0.0	0	0.0	0	0.0		
Unique Binding	NOT Bound Only	K562	DHX30_1	0.0001	0	0.0	0	0.0	0	0.0		
Unique Binding	NOT Bound Only	K562	DHX30_1	0.001	0	0.0	0	0.0	0	0.0		
Unique Binding	NOT Bound Only	K562	DHX30_1	0.01	0	0.0	0	0.0	0	0.0		
Unique Binding	NOT Bound Only	K562	DHX30_1	0.1	0	0.0	0	0.0	0	0.0		
Unique Binding	NOT Bound Only	K562	DHX30_2	0.0	151512	100.0	22433	0.2795567805609647	129079	-0.5568907793596073	-0.27733399879864257	-0.3315617285379825
Unique Binding	NOT Bound Only	K562	DHX30_2	1e-05	18050	11.913247795554147	8716	0.23497873989769621	9334	-0.11343834092802133	0.12154039896967489	0.34883593732441287
Unique Binding	NOT Bound Only	K562	DHX30_2	0.0001	75	0.04950102962141612	75	0.009301759490417524	0	0.0	0.009301759490417524	1.0
Unique Binding	NOT Bound Only	K562	DHX30_2	0.001	0	0.0	0	0.0	0	0.0		
Unique Binding	NOT Bound Only	K562	DHX30_2	0.01	0	0.0	0	0.0	0	0.0		
Unique Binding	NOT Bound Only	K562	DHX30_2	0.1	0	0.0	0	0.0	0	0.0		
Unique Binding	NOT Bound Only	K562	DHX30_3	0.0	151963	100.0	151963	3.157610783329572	0	0.0	3.157610783329572	1.0
Unique Binding	NOT Bound Only	K562	DHX30_3	1e-05	97508	64.16561926258365	97508	2.834362054855636	0	0.0	2.834362054855636	1.0
Unique Binding	NOT Bound Only	K562	DHX30_3	0.0001	2349	1.5457710100484987	2349	0.2779211894830431	0	0.0	0.2779211894830431	1.0
Unique Binding	NOT Bound Only	K562	DHX30_3	0.001	0	0.0	0	0.0	0	0.0		
Unique Binding	NOT Bound Only	K562	DHX30_3	0.01	0	0.0	0	0.0	0	0.0		
Unique Binding	NOT Bound Only	K562	DHX30_3	0.1	0	0.0	0	0.0	0	0.0		
Unique Binding	NOT Bound Only	K562	DHX30_4	0.0	0	0.0	0	0.0	0	0.0		
Unique Binding	NOT Bound Only	K562	DHX30_4	1e-05	0	0.0	0	0.0	0	0.0		
Unique Binding	NOT Bound Only	K562	DHX30_4	0.0001	0	0.0	0	0.0	0	0.0		
Unique Binding	NOT Bound Only	K562	DHX30_4	0.001	0	0.0	0	0.0	0	0.0		
Unique Binding	NOT Bound Only	K562	DHX30_4	0.01	0	0.0	0	0.0	0	0.0		
Unique Binding	NOT Bound Only	K562	DHX30_4	0.1	0	0.0	0	0.0	0	0.0		
Unique Binding	NOT Bound Only	K562	DHX30_5	0.0	0	0.0	0	0.0	0	0.0		
Unique Binding	NOT Bound Only	K562	DHX30_5	1e-05	0	0.0	0	0.0	0	0.0		
Unique Binding	NOT Bound Only	K562	DHX30_5	0.0001	0	0.0	0	0.0	0	0.0		
Unique Binding	NOT Bound Only	K562	DHX30_5	0.001	0	0.0	0	0.0	0	0.0		
Unique Binding	NOT Bound Only	K562	DHX30_5	0.01	0	0.0	0	0.0	0	0.0		
Unique Binding	NOT Bound Only	K562	DHX30_5	0.1	0	0.0	0	0.0	0	0.0		
Unique Binding	NOT Bound Only	K562	DHX30_6	0.0	0	0.0	0	0.0	0	0.0		
Unique Binding	NOT Bound Only	K562	DHX30_6	1e-05	0	0.0	0	0.0	0	0.0		
Unique Binding	NOT Bound Only	K562	DHX30_6	0.0001	0	0.0	0	0.0	0	0.0		
Unique Binding	NOT Bound Only	K562	DHX30_6	0.001	0	0.0	0	0.0	0	0.0		
Unique Binding	NOT Bound Only	K562	DHX30_6	0.01	0	0.0	0	0.0	0	0.0		
Unique Binding	NOT Bound Only	K562	DHX30_6	0.1	0	0.0	0	0.0	0	0.0		
Unique Binding	NOT Bound Only	K562	DROSHA_1	0.0	149879	100.0	3427	0.13814433711038465	146452	-4.033067043985366	-3.894922706874982	-0.9337629650050989
Unique Binding	NOT Bound Only	K562	DROSHA_1	1e-05	146073	97.4606182320405	2023	0.1327761228634182	144050	-4.022688298767505	-3.889912175904087	-0.9360956517051316
Unique Binding	NOT Bound Only	K562	DROSHA_1	0.0001	3436	2.2925159628767204	130	0.014823793958162006	3306	-0.5126008146673388	-0.49777702070917673	-0.9437880079323804
Unique Binding	NOT Bound Only	K562	DROSHA_1	0.001	0	0.0	0	0.0	0	0.0		
Unique Binding	NOT Bound Only	K562	DROSHA_1	0.01	0	0.0	0	0.0	0	0.0		
Unique Binding	NOT Bound Only	K562	DROSHA_1	0.1	0	0.0	0	0.0	0	0.0		
Unique Binding	NOT Bound Only	K562	DROSHA_2	0.0	148129	100.0	148129	45.70171115254958	0	0.0	45.70171115254958	1.0
Unique Binding	NOT Bound Only	K562	DROSHA_2	1e-05	148129	100.0	148129	45.70171115254958	0	0.0	45.70171115254958	1.0
Unique Binding	NOT Bound Only	K562	DROSHA_2	0.0001	125292	84.58303235693214	125292	43.98482296314038	0	0.0	43.98482296314038	1.0
Unique Binding	NOT Bound Only	K562	DROSHA_2	0.001	241	0.16269602846167866	241	0.258219697600102	0	0.0	0.258219697600102	1.0
Unique Binding	NOT Bound Only	K562	DROSHA_2	0.01	0	0.0	0	0.0	0	0.0		
Unique Binding	NOT Bound Only	K562	DROSHA_2	0.1	0	0.0	0	0.0	0	0.0		
Unique Binding	NOT Bound Only	K562	DROSHA_3	0.0	53259	35.42735128015805	40983	0.3731067721723022	12276	-0.24772566037073238	0.12538111180156983	0.20195644626358775
Unique Binding	NOT Bound Only	K562	DROSHA_3	1e-05	11057	7.3550052217410675	8813	0.29071329079214514	2244	-0.23686022083325403	0.05385306995889111	0.1020769025969014
Unique Binding	NOT Bound Only	K562	DROSHA_3	0.0001	1053	0.7004450120731975	247	0.029447562803122537	806	-0.171239566239554	-0.14179200343643145	-0.7065326217621015
Unique Binding	NOT Bound Only	K562	DROSHA_3	0.001	0	0.0	0	0.0	0	0.0		
Unique Binding	NOT Bound Only	K562	DROSHA_3	0.01	0	0.0	0	0.0	0	0.0		
Unique Binding	NOT Bound Only	K562	DROSHA_3	0.1	0	0.0	0	0.0	0	0.0		
Unique Binding	NOT Bound Only	K562	DROSHA_4	0.0	0	0.0	0	0.0	0	0.0		
Unique Binding	NOT Bound Only	K562	DROSHA_4	1e-05	0	0.0	0	0.0	0	0.0		
Unique Binding	NOT Bound Only	K562	DROSHA_4	0.0001	0	0.0	0	0.0	0	0.0		
Unique Binding	NOT Bound Only	K562	DROSHA_4	0.001	0	0.0	0	0.0	0	0.0		
Unique Binding	NOT Bound Only	K562	DROSHA_4	0.01	0	0.0	0	0.0	0	0.0		
Unique Binding	NOT Bound Only	K562	DROSHA_4	0.1	0	0.0	0	0.0	0	0.0		
Unique Binding	NOT Bound Only	K562	DROSHA_5	0.0	0	0.0	0	0.0	0	0.0		
Unique Binding	NOT Bound Only	K562	DROSHA_5	1e-05	0	0.0	0	0.0	0	0.0		
Unique Binding	NOT Bound Only	K562	DROSHA_5	0.0001	0	0.0	0	0.0	0	0.0		
Unique Binding	NOT Bound Only	K562	DROSHA_5	0.001	0	0.0	0	0.0	0	0.0		
Unique Binding	NOT Bound Only	K562	DROSHA_5	0.01	0	0.0	0	0.0	0	0.0		
Unique Binding	NOT Bound Only	K562	DROSHA_5	0.1	0	0.0	0	0.0	0	0.0		
Unique Binding	NOT Bound Only	K562	DROSHA_6	0.0	0	0.0	0	0.0	0	0.0		
Unique Binding	NOT Bound Only	K562	DROSHA_6	1e-05	0	0.0	0	0.0	0	0.0		
Unique Binding	NOT Bound Only	K562	DROSHA_6	0.0001	0	0.0	0	0.0	0	0.0		
Unique Binding	NOT Bound Only	K562	DROSHA_6	0.001	0	0.0	0	0.0	0	0.0		
Unique Binding	NOT Bound Only	K562	DROSHA_6	0.01	0	0.0	0	0.0	0	0.0		
Unique Binding	NOT Bound Only	K562	DROSHA_6	0.1	0	0.0	0	0.0	0	0.0		
Unique Binding	NOT Bound Only	K562	EEF2_1	0.0	0	0.0	0	0.0	0	0.0		
Unique Binding	NOT Bound Only	K562	EEF2_1	1e-05	0	0.0	0	0.0	0	0.0		
Unique Binding	NOT Bound Only	K562	EEF2_1	0.0001	0	0.0	0	0.0	0	0.0		
Unique Binding	NOT Bound Only	K562	EEF2_1	0.001	0	0.0	0	0.0	0	0.0		
Unique Binding	NOT Bound Only	K562	EEF2_1	0.01	0	0.0	0	0.0	0	0.0		
Unique Binding	NOT Bound Only	K562	EEF2_1	0.1	0	0.0	0	0.0	0	0.0		
Unique Binding	NOT Bound Only	K562	EEF2_2	0.0	0	0.0	0	0.0	0	0.0		
Unique Binding	NOT Bound Only	K562	EEF2_2	1e-05	0	0.0	0	0.0	0	0.0		
Unique Binding	NOT Bound Only	K562	EEF2_2	0.0001	0	0.0	0	0.0	0	0.0		
Unique Binding	NOT Bound Only	K562	EEF2_2	0.001	0	0.0	0	0.0	0	0.0		
Unique Binding	NOT Bound Only	K562	EEF2_2	0.01	0	0.0	0	0.0	0	0.0		
Unique Binding	NOT Bound Only	K562	EEF2_2	0.1	0	0.0	0	0.0	0	0.0		
Unique Binding	NOT Bound Only	K562	EEF2_3	0.0	0	0.0	0	0.0	0	0.0		
Unique Binding	NOT Bound Only	K562	EEF2_3	1e-05	0	0.0	0	0.0	0	0.0		
Unique Binding	NOT Bound Only	K562	EEF2_3	0.0001	0	0.0	0	0.0	0	0.0		
Unique Binding	NOT Bound Only	K562	EEF2_3	0.001	0	0.0	0	0.0	0	0.0		
Unique Binding	NOT Bound Only	K562	EEF2_3	0.01	0	0.0	0	0.0	0	0.0		
Unique Binding	NOT Bound Only	K562	EEF2_3	0.1	0	0.0	0	0.0	0	0.0		
Unique Binding	NOT Bound Only	K562	EEF2_4	0.0	0	0.0	0	0.0	0	0.0		
Unique Binding	NOT Bound Only	K562	EEF2_4	1e-05	0	0.0	0	0.0	0	0.0		
Unique Binding	NOT Bound Only	K562	EEF2_4	0.0001	0	0.0	0	0.0	0	0.0		
Unique Binding	NOT Bound Only	K562	EEF2_4	0.001	0	0.0	0	0.0	0	0.0		
Unique Binding	NOT Bound Only	K562	EEF2_4	0.01	0	0.0	0	0.0	0	0.0		
Unique Binding	NOT Bound Only	K562	EEF2_4	0.1	0	0.0	0	0.0	0	0.0		
Unique Binding	NOT Bound Only	K562	EEF2_5	0.0	0	0.0	0	0.0	0	0.0		
Unique Binding	NOT Bound Only	K562	EEF2_5	1e-05	0	0.0	0	0.0	0	0.0		
Unique Binding	NOT Bound Only	K562	EEF2_5	0.0001	0	0.0	0	0.0	0	0.0		
Unique Binding	NOT Bound Only	K562	EEF2_5	0.001	0	0.0	0	0.0	0	0.0		
Unique Binding	NOT Bound Only	K562	EEF2_5	0.01	0	0.0	0	0.0	0	0.0		
Unique Binding	NOT Bound Only	K562	EEF2_5	0.1	0	0.0	0	0.0	0	0.0		
Unique Binding	NOT Bound Only	K562	EEF2_6	0.0	0	0.0	0	0.0	0	0.0		
Unique Binding	NOT Bound Only	K562	EEF2_6	1e-05	0	0.0	0	0.0	0	0.0		
Unique Binding	NOT Bound Only	K562	EEF2_6	0.0001	0	0.0	0	0.0	0	0.0		
Unique Binding	NOT Bound Only	K562	EEF2_6	0.001	0	0.0	0	0.0	0	0.0		
Unique Binding	NOT Bound Only	K562	EEF2_6	0.01	0	0.0	0	0.0	0	0.0		
Unique Binding	NOT Bound Only	K562	EEF2_6	0.1	0	0.0	0	0.0	0	0.0		
Unique Binding	NOT Bound Only	K562	EFTUD2_1	0.0	147906	100.0	22915	0.8362056114990791	124991	-1.6523458341783446	-0.8161402226792654	-0.32795794681958
Unique Binding	NOT Bound Only	K562	EFTUD2_1	1e-05	34728	23.479777696645165	12628	0.7932674930462571	22100	-1.3933282317070064	-0.6000607386607493	-0.27442692394748025
Unique Binding	NOT Bound Only	K562	EFTUD2_1	0.0001	6555	4.4318688897002145	2107	0.47324035048762303	4448	-0.7037153776595575	-0.23047502717193447	-0.19582302176714766
Unique Binding	NOT Bound Only	K562	EFTUD2_1	0.001	0	0.0	0	0.0	0	0.0		
Unique Binding	NOT Bound Only	K562	EFTUD2_1	0.01	0	0.0	0	0.0	0	0.0		
Unique Binding	NOT Bound Only	K562	EFTUD2_1	0.1	0	0.0	0	0.0	0	0.0		
Unique Binding	NOT Bound Only	K562	EFTUD2_2	0.0	136901	100.0	132855	92.76306088449408	4046	-1.5124790365066758	91.2505818479874	0.9679136489109673
Unique Binding	NOT Bound Only	K562	EFTUD2_2	1e-05	136567	99.7560280786846	132705	92.76221792708404	3862	-1.5116085562598374	91.2506093708242	0.9679315327987262
Unique Binding	NOT Bound Only	K562	EFTUD2_2	0.0001	133241	97.32653523348989	130459	92.61830357946505	2782	-1.4573699440876737	91.16093363537738	0.9690170712682104
Unique Binding	NOT Bound Only	K562	EFTUD2_2	0.001	31017	22.65651821389179	30715	46.86071028932851	302	-0.4856162939169151	46.375093995411596	0.9794866326931154
Unique Binding	NOT Bound Only	K562	EFTUD2_2	0.01	0	0.0	0	0.0	0	0.0		
Unique Binding	NOT Bound Only	K562	EFTUD2_2	0.1	0	0.0	0	0.0	0	0.0		
Unique Binding	NOT Bound Only	K562	EFTUD2_3	0.0	146599	100.0	13122	0.7693604777729197	133477	-15.69617954447723	-14.926819066704311	-0.906549013669364
Unique Binding	NOT Bound Only	K562	EFTUD2_3	1e-05	140317	95.71484116535584	10372	0.7568237143262954	129945	-15.677444991736595	-14.9206212774103	-0.9078968796406389
Unique Binding	NOT Bound Only	K562	EFTUD2_3	0.0001	68469	46.704957059734376	2574	0.4237812903572665	65895	-11.964708872399619	-11.540927582042352	-0.9315846750024039
Unique Binding	NOT Bound Only	K562	EFTUD2_3	0.001	0	0.0	0	0.0	0	0.0		
Unique Binding	NOT Bound Only	K562	EFTUD2_3	0.01	0	0.0	0	0.0	0	0.0		
Unique Binding	NOT Bound Only	K562	EFTUD2_3	0.1	0	0.0	0	0.0	0	0.0		
Unique Binding	NOT Bound Only	K562	EFTUD2_4	0.0	141400	100.0	1254	0.20032132884716833	140146	-524.4002872208426	-524.1999658919955	-0.9992362901392701
Unique Binding	NOT Bound Only	K562	EFTUD2_4	1e-05	141250	99.8939179632249	1184	0.199989925904839	140066	-524.3998861605612	-524.1998962346564	-0.9992375525232803
Unique Binding	NOT Bound Only	K562	EFTUD2_4	0.0001	139744	98.82885431400284	677	0.17522042186626993	139067	-524.3392378021908	-524.1640173803246	-0.9993318757219409
Unique Binding	NOT Bound Only	K562	EFTUD2_4	0.001	110039	77.82107496463932	3	0.004910515939992662	110036	-507.0271814499023	-507.0222709339623	-0.9999806303544971
Unique Binding	NOT Bound Only	K562	EFTUD2_4	0.01	6377	4.50990099009901	0	0.0	6377	-70.61994064902115	-70.61994064902115	-1.0
Unique Binding	NOT Bound Only	K562	EFTUD2_4	0.1	0	0.0	0	0.0	0	0.0		
Unique Binding	NOT Bound Only	K562	EFTUD2_5	0.0	146136	100.0	56	0.0016481095953887344	146080	-78.86222790434219	-78.8605797947468	-0.9999582036877035
Unique Binding	NOT Bound Only	K562	EFTUD2_5	1e-05	146024	99.92335906279082	30	0.0015735840812396253	145994	-78.86178231684576	-78.86020873276452	-0.999960093402994
Unique Binding	NOT Bound Only	K562	EFTUD2_5	0.0001	131696	90.11879345267421	2	0.0002487995668424072	131694	-77.82940675616499	-77.82915795659814	-0.9999936065612761
Unique Binding	NOT Bound Only	K562	EFTUD2_5	0.001	28328	19.38468276126348	0	0.0	28328	-38.887567110274766	-38.887567110274766	-1.0
Unique Binding	NOT Bound Only	K562	EFTUD2_5	0.01	0	0.0	0	0.0	0	0.0		
Unique Binding	NOT Bound Only	K562	EFTUD2_5	0.1	0	0.0	0	0.0	0	0.0		
Unique Binding	NOT Bound Only	K562	EFTUD2_6	0.0	144039	100.0	143877	39.106045075545765	162	-0.02327187743622537	39.08277319810954	0.9988105145068499
Unique Binding	NOT Bound Only	K562	EFTUD2_6	1e-05	143960	99.94515374308347	143821	39.105655067858045	139	-0.023146294189685217	39.08250877366836	0.9988169178004959
Unique Binding	NOT Bound Only	K562	EFTUD2_6	0.0001	115348	80.08108914946646	115291	37.06756975085067	57	-0.019614591921625246	37.04795515892905	0.9989422442135084
Unique Binding	NOT Bound Only	K562	EFTUD2_6	0.001	2323	1.6127576559126346	2323	4.158108919457741	0	0.0	4.158108919457741	1.0
Unique Binding	NOT Bound Only	K562	EFTUD2_6	0.01	0	0.0	0	0.0	0	0.0		
Unique Binding	NOT Bound Only	K562	EFTUD2_6	0.1	0	0.0	0	0.0	0	0.0		
Unique Binding	NOT Bound Only	K562	EIF3G_1	0.0	151303	100.0	0	0.0	151303	-96.57134357904255	-96.57134357904255	-1.0
Unique Binding	NOT Bound Only	K562	EIF3G_1	1e-05	151303	100.0	0	0.0	151303	-96.57134357904255	-96.57134357904255	-1.0
Unique Binding	NOT Bound Only	K562	EIF3G_1	0.0001	151289	99.99074704401102	0	0.0	151289	-96.57000616735112	-96.57000616735112	-1.0
Unique Binding	NOT Bound Only	K562	EIF3G_1	0.001	30710	20.297019887246122	0	0.0	30710	-36.09295975814651	-36.09295975814651	-1.0
Unique Binding	NOT Bound Only	K562	EIF3G_1	0.01	0	0.0	0	0.0	0	0.0		
Unique Binding	NOT Bound Only	K562	EIF3G_1	0.1	0	0.0	0	0.0	0	0.0		
Unique Binding	NOT Bound Only	K562	EIF3G_2	0.0	151115	100.0	150824	0.5052727233429888	291	-0.0002836489262430024	0.5049890744167458	0.9988778741924671
Unique Binding	NOT Bound Only	K562	EIF3G_2	1e-05	5015	3.3186645931906162	5011	0.09750980943725873	4	-0.00010526798742232172	0.09740454144983642	0.997843202296212
Unique Binding	NOT Bound Only	K562	EIF3G_2	0.0001	107	0.07080700129040797	107	0.01141507028579882	0	0.0	0.01141507028579882	1.0
Unique Binding	NOT Bound Only	K562	EIF3G_2	0.001	0	0.0	0	0.0	0	0.0		
Unique Binding	NOT Bound Only	K562	EIF3G_2	0.01	0	0.0	0	0.0	0	0.0		
Unique Binding	NOT Bound Only	K562	EIF3G_2	0.1	0	0.0	0	0.0	0	0.0		
Unique Binding	NOT Bound Only	K562	EIF3G_3	0.0	0	0.0	0	0.0	0	0.0		
Unique Binding	NOT Bound Only	K562	EIF3G_3	1e-05	0	0.0	0	0.0	0	0.0		
Unique Binding	NOT Bound Only	K562	EIF3G_3	0.0001	0	0.0	0	0.0	0	0.0		
Unique Binding	NOT Bound Only	K562	EIF3G_3	0.001	0	0.0	0	0.0	0	0.0		
Unique Binding	NOT Bound Only	K562	EIF3G_3	0.01	0	0.0	0	0.0	0	0.0		
Unique Binding	NOT Bound Only	K562	EIF3G_3	0.1	0	0.0	0	0.0	0	0.0		
Unique Binding	NOT Bound Only	K562	EIF3G_4	0.0	765	0.5032530540552986	765	0.000392990261515106	0	0.0	0.000392990261515106	1.0
Unique Binding	NOT Bound Only	K562	EIF3G_4	1e-05	0	0.0	0	0.0	0	0.0		
Unique Binding	NOT Bound Only	K562	EIF3G_4	0.0001	0	0.0	0	0.0	0	0.0		
Unique Binding	NOT Bound Only	K562	EIF3G_4	0.001	0	0.0	0	0.0	0	0.0		
Unique Binding	NOT Bound Only	K562	EIF3G_4	0.01	0	0.0	0	0.0	0	0.0		
Unique Binding	NOT Bound Only	K562	EIF3G_4	0.1	0	0.0	0	0.0	0	0.0		
Unique Binding	NOT Bound Only	K562	EIF3G_5	0.0	0	0.0	0	0.0	0	0.0		
Unique Binding	NOT Bound Only	K562	EIF3G_5	1e-05	0	0.0	0	0.0	0	0.0		
Unique Binding	NOT Bound Only	K562	EIF3G_5	0.0001	0	0.0	0	0.0	0	0.0		
Unique Binding	NOT Bound Only	K562	EIF3G_5	0.001	0	0.0	0	0.0	0	0.0		
Unique Binding	NOT Bound Only	K562	EIF3G_5	0.01	0	0.0	0	0.0	0	0.0		
Unique Binding	NOT Bound Only	K562	EIF3G_5	0.1	0	0.0	0	0.0	0	0.0		
Unique Binding	NOT Bound Only	K562	EIF3G_6	0.0	0	0.0	0	0.0	0	0.0		
Unique Binding	NOT Bound Only	K562	EIF3G_6	1e-05	0	0.0	0	0.0	0	0.0		
Unique Binding	NOT Bound Only	K562	EIF3G_6	0.0001	0	0.0	0	0.0	0	0.0		
Unique Binding	NOT Bound Only	K562	EIF3G_6	0.001	0	0.0	0	0.0	0	0.0		
Unique Binding	NOT Bound Only	K562	EIF3G_6	0.01	0	0.0	0	0.0	0	0.0		
Unique Binding	NOT Bound Only	K562	EIF3G_6	0.1	0	0.0	0	0.0	0	0.0		
Unique Binding	NOT Bound Only	K562	EIF4E_1	0.0	147434	100.0	147369	87.15746502797234	65	-0.004183351281527994	87.15328167669081	0.9999040093582598
Unique Binding	NOT Bound Only	K562	EIF4E_1	1e-05	147433	99.9993217304014	147369	87.15746502797234	64	-0.0041824460280725515	87.15328258194427	0.9999040301290928
Unique Binding	NOT Bound Only	K562	EIF4E_1	0.0001	146895	99.63441268635457	146886	87.12085530089215	9	-0.0015918326686741144	87.11926346822347	0.9999634575767542
Unique Binding	NOT Bound Only	K562	EIF4E_1	0.001	17042	11.559070499342077	17042	18.720906576007053	0	0.0	18.720906576007053	1.0
Unique Binding	NOT Bound Only	K562	EIF4E_1	0.01	0	0.0	0	0.0	0	0.0		
Unique Binding	NOT Bound Only	K562	EIF4E_1	0.1	0	0.0	0	0.0	0	0.0		
Unique Binding	NOT Bound Only	K562	EIF4E_2	0.0	148563	100.0	33324	0.5153420402983058	115239	-1.415477806634994	-0.9001357663366882	-0.4661935538762791
Unique Binding	NOT Bound Only	K562	EIF4E_2	1e-05	54731	36.84026305338476	8266	0.4336752206652541	46465	-1.1246897895309722	-0.6910145688657181	-0.4434227952658581
Unique Binding	NOT Bound Only	K562	EIF4E_2	0.0001	1630	1.0971776283462236	986	0.16892518328019065	644	-0.0926973652357413	0.07622781804444935	0.29136562760685486
Unique Binding	NOT Bound Only	K562	EIF4E_2	0.001	0	0.0	0	0.0	0	0.0		
Unique Binding	NOT Bound Only	K562	EIF4E_2	0.01	0	0.0	0	0.0	0	0.0		
Unique Binding	NOT Bound Only	K562	EIF4E_2	0.1	0	0.0	0	0.0	0	0.0		
Unique Binding	NOT Bound Only	K562	EIF4E_3	0.0	40608	26.809269162210335	38982	0.2593574794902019	1626	-0.002235060721721685	0.2571224187684802	0.9829118925187162
Unique Binding	NOT Bound Only	K562	EIF4E_3	1e-05	9263	6.115402389912194	9263	0.18671867087463906	0	0.0	0.18671867087463906	1.0
Unique Binding	NOT Bound Only	K562	EIF4E_3	0.0001	31	0.020466098897471446	31	0.004802457546825185	0	0.0	0.004802457546825185	1.0
Unique Binding	NOT Bound Only	K562	EIF4E_3	0.001	0	0.0	0	0.0	0	0.0		
Unique Binding	NOT Bound Only	K562	EIF4E_3	0.01	0	0.0	0	0.0	0	0.0		
Unique Binding	NOT Bound Only	K562	EIF4E_3	0.1	0	0.0	0	0.0	0	0.0		
Unique Binding	NOT Bound Only	K562	EIF4E_4	0.0	0	0.0	0	0.0	0	0.0		
Unique Binding	NOT Bound Only	K562	EIF4E_4	1e-05	0	0.0	0	0.0	0	0.0		
Unique Binding	NOT Bound Only	K562	EIF4E_4	0.0001	0	0.0	0	0.0	0	0.0		
Unique Binding	NOT Bound Only	K562	EIF4E_4	0.001	0	0.0	0	0.0	0	0.0		
Unique Binding	NOT Bound Only	K562	EIF4E_4	0.01	0	0.0	0	0.0	0	0.0		
Unique Binding	NOT Bound Only	K562	EIF4E_4	0.1	0	0.0	0	0.0	0	0.0		
Unique Binding	NOT Bound Only	K562	EIF4E_5	0.0	0	0.0	0	0.0	0	0.0		
Unique Binding	NOT Bound Only	K562	EIF4E_5	1e-05	0	0.0	0	0.0	0	0.0		
Unique Binding	NOT Bound Only	K562	EIF4E_5	0.0001	0	0.0	0	0.0	0	0.0		
Unique Binding	NOT Bound Only	K562	EIF4E_5	0.001	0	0.0	0	0.0	0	0.0		
Unique Binding	NOT Bound Only	K562	EIF4E_5	0.01	0	0.0	0	0.0	0	0.0		
Unique Binding	NOT Bound Only	K562	EIF4E_5	0.1	0	0.0	0	0.0	0	0.0		
Unique Binding	NOT Bound Only	K562	EIF4E_6	0.0	0	0.0	0	0.0	0	0.0		
Unique Binding	NOT Bound Only	K562	EIF4E_6	1e-05	0	0.0	0	0.0	0	0.0		
Unique Binding	NOT Bound Only	K562	EIF4E_6	0.0001	0	0.0	0	0.0	0	0.0		
Unique Binding	NOT Bound Only	K562	EIF4E_6	0.001	0	0.0	0	0.0	0	0.0		
Unique Binding	NOT Bound Only	K562	EIF4E_6	0.01	0	0.0	0	0.0	0	0.0		
Unique Binding	NOT Bound Only	K562	EIF4E_6	0.1	0	0.0	0	0.0	0	0.0		
Unique Binding	NOT Bound Only	K562	EIF4G2_1	0.0	151921	100.0	151908	5.31718105787077	13	-5.2184546661636206e-05	5.317128873324108	0.9999803715412574
Unique Binding	NOT Bound Only	K562	EIF4G2_1	1e-05	119301	78.52831405796434	119301	5.09962699539974	0	0.0	5.09962699539974	1.0
Unique Binding	NOT Bound Only	K562	EIF4G2_1	0.0001	10555	6.947689917786218	10555	2.353380568873166	0	0.0	2.353380568873166	1.0
Unique Binding	NOT Bound Only	K562	EIF4G2_1	0.001	0	0.0	0	0.0	0	0.0		
Unique Binding	NOT Bound Only	K562	EIF4G2_1	0.01	0	0.0	0	0.0	0	0.0		
Unique Binding	NOT Bound Only	K562	EIF4G2_1	0.1	0	0.0	0	0.0	0	0.0		
Unique Binding	NOT Bound Only	K562	EIF4G2_2	0.0	151784	100.0	4785	1.545427053361689	146999	-27.412197110912935	-25.866770057551246	-0.8932628557788729
Unique Binding	NOT Bound Only	K562	EIF4G2_2	1e-05	151660	99.91830495967955	4771	1.5453687774334846	146889	-27.41155376766527	-25.866184990231787	-0.8932642945722798
Unique Binding	NOT Bound Only	K562	EIF4G2_2	0.0001	114878	75.6851842091393	4479	1.522654833030338	110399	-24.712395702936	-23.189740869905663	-0.8839220964379018
Unique Binding	NOT Bound Only	K562	EIF4G2_2	0.001	29	0.01910609813946134	29	0.034448292045049414	0	0.0	0.034448292045049414	1.0
Unique Binding	NOT Bound Only	K562	EIF4G2_2	0.01	0	0.0	0	0.0	0	0.0		
Unique Binding	NOT Bound Only	K562	EIF4G2_2	0.1	0	0.0	0	0.0	0	0.0		
Unique Binding	NOT Bound Only	K562	EIF4G2_3	0.0	151760	100.0	151760	5.815895199115674	0	0.0	5.815895199115674	1.0
Unique Binding	NOT Bound Only	K562	EIF4G2_3	1e-05	126790	83.54638903531892	126790	5.636510532865235	0	0.0	5.636510532865235	1.0
Unique Binding	NOT Bound Only	K562	EIF4G2_3	0.0001	6922	4.561149182920401	6922	1.08452944936806	0	0.0	1.08452944936806	1.0
Unique Binding	NOT Bound Only	K562	EIF4G2_3	0.001	3	0.0019768054823405376	3	0.0033966112357451178	0	0.0	0.0033966112357451178	1.0
Unique Binding	NOT Bound Only	K562	EIF4G2_3	0.01	0	0.0	0	0.0	0	0.0		
Unique Binding	NOT Bound Only	K562	EIF4G2_3	0.1	0	0.0	0	0.0	0	0.0		
Unique Binding	NOT Bound Only	K562	EIF4G2_4	0.0	0	0.0	0	0.0	0	0.0		
Unique Binding	NOT Bound Only	K562	EIF4G2_4	1e-05	0	0.0	0	0.0	0	0.0		
Unique Binding	NOT Bound Only	K562	EIF4G2_4	0.0001	0	0.0	0	0.0	0	0.0		
Unique Binding	NOT Bound Only	K562	EIF4G2_4	0.001	0	0.0	0	0.0	0	0.0		
Unique Binding	NOT Bound Only	K562	EIF4G2_4	0.01	0	0.0	0	0.0	0	0.0		
Unique Binding	NOT Bound Only	K562	EIF4G2_4	0.1	0	0.0	0	0.0	0	0.0		
Unique Binding	NOT Bound Only	K562	EIF4G2_5	0.0	0	0.0	0	0.0	0	0.0		
Unique Binding	NOT Bound Only	K562	EIF4G2_5	1e-05	0	0.0	0	0.0	0	0.0		
Unique Binding	NOT Bound Only	K562	EIF4G2_5	0.0001	0	0.0	0	0.0	0	0.0		
Unique Binding	NOT Bound Only	K562	EIF4G2_5	0.001	0	0.0	0	0.0	0	0.0		
Unique Binding	NOT Bound Only	K562	EIF4G2_5	0.01	0	0.0	0	0.0	0	0.0		
Unique Binding	NOT Bound Only	K562	EIF4G2_5	0.1	0	0.0	0	0.0	0	0.0		
Unique Binding	NOT Bound Only	K562	EIF4G2_6	0.0	0	0.0	0	0.0	0	0.0		
Unique Binding	NOT Bound Only	K562	EIF4G2_6	1e-05	0	0.0	0	0.0	0	0.0		
Unique Binding	NOT Bound Only	K562	EIF4G2_6	0.0001	0	0.0	0	0.0	0	0.0		
Unique Binding	NOT Bound Only	K562	EIF4G2_6	0.001	0	0.0	0	0.0	0	0.0		
Unique Binding	NOT Bound Only	K562	EIF4G2_6	0.01	0	0.0	0	0.0	0	0.0		
Unique Binding	NOT Bound Only	K562	EIF4G2_6	0.1	0	0.0	0	0.0	0	0.0		
Unique Binding	NOT Bound Only	K562	ELAC2_1	0.0	30491	20.144288894908264	20873	0.8079765042386792	9618	-0.027710212688630453	0.7802662915500487	0.9336827733949951
Unique Binding	NOT Bound Only	K562	ELAC2_1	1e-05	18532	12.243414837179497	18127	0.7957702233242367	405	-0.012265474855531686	0.7835047484687051	0.9696412550010807
Unique Binding	NOT Bound Only	K562	ELAC2_1	0.0001	926	0.61177434379604	914	0.12762126374923685	12	-0.0012395342755607576	0.1263817294736761	0.9807616545208385
Unique Binding	NOT Bound Only	K562	ELAC2_1	0.001	0	0.0	0	0.0	0	0.0		
Unique Binding	NOT Bound Only	K562	ELAC2_1	0.01	0	0.0	0	0.0	0	0.0		
Unique Binding	NOT Bound Only	K562	ELAC2_1	0.1	0	0.0	0	0.0	0	0.0		
Unique Binding	NOT Bound Only	K562	ELAC2_2	0.0	150449	100.0	11402	0.7434769879566947	139047	-0.8659766931385697	-0.12249970518187503	-0.07611260058041038
Unique Binding	NOT Bound Only	K562	ELAC2_2	1e-05	27574	18.32780543572905	6499	0.735948831463528	21075	-0.713139204401684	0.022809627061843973	0.015740677237891177
Unique Binding	NOT Bound Only	K562	ELAC2_2	0.0001	4059	2.697924213520861	3123	0.5288865648530154	936	-0.2877964010761734	0.24109016377684206	0.2952065536257873
Unique Binding	NOT Bound Only	K562	ELAC2_2	0.001	0	0.0	0	0.0	0	0.0		
Unique Binding	NOT Bound Only	K562	ELAC2_2	0.01	0	0.0	0	0.0	0	0.0		
Unique Binding	NOT Bound Only	K562	ELAC2_2	0.1	0	0.0	0	0.0	0	0.0		
Unique Binding	NOT Bound Only	K562	ELAC2_3	0.0	151385	100.0	150757	1.413336989027339	628	-0.05498228614312205	1.3583547028842171	0.9251085413467192
Unique Binding	NOT Bound Only	K562	ELAC2_3	1e-05	46922	30.99514482940846	46300	1.0206765202097596	622	-0.05494690026100374	0.965729619948756	0.8978324584324218
Unique Binding	NOT Bound Only	K562	ELAC2_3	0.0001	1027	0.678402747960498	868	0.13629202199395402	159	-0.03644967190138003	0.09984235009257399	0.5779864017836335
Unique Binding	NOT Bound Only	K562	ELAC2_3	0.001	0	0.0	0	0.0	0	0.0		
Unique Binding	NOT Bound Only	K562	ELAC2_3	0.01	0	0.0	0	0.0	0	0.0		
Unique Binding	NOT Bound Only	K562	ELAC2_3	0.1	0	0.0	0	0.0	0	0.0		
Unique Binding	NOT Bound Only	K562	ELAC2_4	0.0	0	0.0	0	0.0	0	0.0		
Unique Binding	NOT Bound Only	K562	ELAC2_4	1e-05	0	0.0	0	0.0	0	0.0		
Unique Binding	NOT Bound Only	K562	ELAC2_4	0.0001	0	0.0	0	0.0	0	0.0		
Unique Binding	NOT Bound Only	K562	ELAC2_4	0.001	0	0.0	0	0.0	0	0.0		
Unique Binding	NOT Bound Only	K562	ELAC2_4	0.01	0	0.0	0	0.0	0	0.0		
Unique Binding	NOT Bound Only	K562	ELAC2_4	0.1	0	0.0	0	0.0	0	0.0		
Unique Binding	NOT Bound Only	K562	ELAC2_5	0.0	0	0.0	0	0.0	0	0.0		
Unique Binding	NOT Bound Only	K562	ELAC2_5	1e-05	0	0.0	0	0.0	0	0.0		
Unique Binding	NOT Bound Only	K562	ELAC2_5	0.0001	0	0.0	0	0.0	0	0.0		
Unique Binding	NOT Bound Only	K562	ELAC2_5	0.001	0	0.0	0	0.0	0	0.0		
Unique Binding	NOT Bound Only	K562	ELAC2_5	0.01	0	0.0	0	0.0	0	0.0		
Unique Binding	NOT Bound Only	K562	ELAC2_5	0.1	0	0.0	0	0.0	0	0.0		
Unique Binding	NOT Bound Only	K562	ELAC2_6	0.0	0	0.0	0	0.0	0	0.0		
Unique Binding	NOT Bound Only	K562	ELAC2_6	1e-05	0	0.0	0	0.0	0	0.0		
Unique Binding	NOT Bound Only	K562	ELAC2_6	0.0001	0	0.0	0	0.0	0	0.0		
Unique Binding	NOT Bound Only	K562	ELAC2_6	0.001	0	0.0	0	0.0	0	0.0		
Unique Binding	NOT Bound Only	K562	ELAC2_6	0.01	0	0.0	0	0.0	0	0.0		
Unique Binding	NOT Bound Only	K562	ELAC2_6	0.1	0	0.0	0	0.0	0	0.0		
Unique Binding	NOT Bound Only	K562	ELAVL1_1	0.0	0	0.0	0	0.0	0	0.0		
Unique Binding	NOT Bound Only	K562	ELAVL1_1	1e-05	0	0.0	0	0.0	0	0.0		
Unique Binding	NOT Bound Only	K562	ELAVL1_1	0.0001	0	0.0	0	0.0	0	0.0		
Unique Binding	NOT Bound Only	K562	ELAVL1_1	0.001	0	0.0	0	0.0	0	0.0		
Unique Binding	NOT Bound Only	K562	ELAVL1_1	0.01	0	0.0	0	0.0	0	0.0		
Unique Binding	NOT Bound Only	K562	ELAVL1_1	0.1	0	0.0	0	0.0	0	0.0		
Unique Binding	NOT Bound Only	K562	ELAVL1_2	0.0	41037	27.08373207320534	31136	0.13666068646322857	9901	-0.04272597362430381	0.09393471283892477	0.5236438026834827
Unique Binding	NOT Bound Only	K562	ELAVL1_2	1e-05	4402	2.905246206746349	3697	0.07202120564912604	705	-0.016193077668013384	0.055828127981112655	0.6328694841900466
Unique Binding	NOT Bound Only	K562	ELAVL1_2	0.0001	0	0.0	0	0.0	0	0.0		
Unique Binding	NOT Bound Only	K562	ELAVL1_2	0.001	0	0.0	0	0.0	0	0.0		
Unique Binding	NOT Bound Only	K562	ELAVL1_2	0.01	0	0.0	0	0.0	0	0.0		
Unique Binding	NOT Bound Only	K562	ELAVL1_2	0.1	0	0.0	0	0.0	0	0.0		
Unique Binding	NOT Bound Only	K562	ELAVL1_3	0.0	0	0.0	0	0.0	0	0.0		
Unique Binding	NOT Bound Only	K562	ELAVL1_3	1e-05	0	0.0	0	0.0	0	0.0		
Unique Binding	NOT Bound Only	K562	ELAVL1_3	0.0001	0	0.0	0	0.0	0	0.0		
Unique Binding	NOT Bound Only	K562	ELAVL1_3	0.001	0	0.0	0	0.0	0	0.0		
Unique Binding	NOT Bound Only	K562	ELAVL1_3	0.01	0	0.0	0	0.0	0	0.0		
Unique Binding	NOT Bound Only	K562	ELAVL1_3	0.1	0	0.0	0	0.0	0	0.0		
Unique Binding	NOT Bound Only	K562	ELAVL1_4	0.0	151612	100.0	151612	17.34297434983923	0	0.0	17.34297434983923	1.0
Unique Binding	NOT Bound Only	K562	ELAVL1_4	1e-05	151607	99.99670210801256	151607	17.342925989011828	0	0.0	17.342925989011828	1.0
Unique Binding	NOT Bound Only	K562	ELAVL1_4	0.0001	65569	43.24789594491201	65569	12.588123319842227	0	0.0	12.588123319842227	1.0
Unique Binding	NOT Bound Only	K562	ELAVL1_4	0.001	0	0.0	0	0.0	0	0.0		
Unique Binding	NOT Bound Only	K562	ELAVL1_4	0.01	0	0.0	0	0.0	0	0.0		
Unique Binding	NOT Bound Only	K562	ELAVL1_4	0.1	0	0.0	0	0.0	0	0.0		
Unique Binding	NOT Bound Only	K562	ELAVL1_5	0.0	0	0.0	0	0.0	0	0.0		
Unique Binding	NOT Bound Only	K562	ELAVL1_5	1e-05	0	0.0	0	0.0	0	0.0		
Unique Binding	NOT Bound Only	K562	ELAVL1_5	0.0001	0	0.0	0	0.0	0	0.0		
Unique Binding	NOT Bound Only	K562	ELAVL1_5	0.001	0	0.0	0	0.0	0	0.0		
Unique Binding	NOT Bound Only	K562	ELAVL1_5	0.01	0	0.0	0	0.0	0	0.0		
Unique Binding	NOT Bound Only	K562	ELAVL1_5	0.1	0	0.0	0	0.0	0	0.0		
Unique Binding	NOT Bound Only	K562	ELAVL1_6	0.0	151014	100.0	14222	0.20353812632920062	136792	-2.7942650971279077	-2.5907269707987073	-0.8642084812394875
Unique Binding	NOT Bound Only	K562	ELAVL1_6	1e-05	84518	55.96699643741639	5369	0.17073896318480722	79149	-2.50261239064987	-2.3318734274650628	-0.8722659758584312
Unique Binding	NOT Bound Only	K562	ELAVL1_6	0.0001	120	0.07946283126067781	90	0.01085864892763291	30	-0.003638517068347365	0.007220131859285545	0.49803746892927336
Unique Binding	NOT Bound Only	K562	ELAVL1_6	0.001	0	0.0	0	0.0	0	0.0		
Unique Binding	NOT Bound Only	K562	ELAVL1_6	0.01	0	0.0	0	0.0	0	0.0		
Unique Binding	NOT Bound Only	K562	ELAVL1_6	0.1	0	0.0	0	0.0	0	0.0		
Unique Binding	NOT Bound Only	K562	EWSR1_1	0.0	0	0.0	0	0.0	0	0.0		
Unique Binding	NOT Bound Only	K562	EWSR1_1	1e-05	0	0.0	0	0.0	0	0.0		
Unique Binding	NOT Bound Only	K562	EWSR1_1	0.0001	0	0.0	0	0.0	0	0.0		
Unique Binding	NOT Bound Only	K562	EWSR1_1	0.001	0	0.0	0	0.0	0	0.0		
Unique Binding	NOT Bound Only	K562	EWSR1_1	0.01	0	0.0	0	0.0	0	0.0		
Unique Binding	NOT Bound Only	K562	EWSR1_1	0.1	0	0.0	0	0.0	0	0.0		
Unique Binding	NOT Bound Only	K562	EWSR1_2	0.0	149957	100.0	12105	0.22409858090853865	137852	-9.50791195429556	-9.283813373387021	-0.9539460874815342
Unique Binding	NOT Bound Only	K562	EWSR1_2	1e-05	143234	95.51671479157359	7667	0.20369834725158112	135567	-9.500014374561887	-9.296316027310306	-0.9580164101944861
Unique Binding	NOT Bound Only	K562	EWSR1_2	0.0001	33204	22.142347472942244	33	0.0044060222850267295	33171	-4.083682594802634	-4.079276572517608	-0.9978444585244018
Unique Binding	NOT Bound Only	K562	EWSR1_2	0.001	0	0.0	0	0.0	0	0.0		
Unique Binding	NOT Bound Only	K562	EWSR1_2	0.01	0	0.0	0	0.0	0	0.0		
Unique Binding	NOT Bound Only	K562	EWSR1_2	0.1	0	0.0	0	0.0	0	0.0		
Unique Binding	NOT Bound Only	K562	EWSR1_3	0.0	150927	100.0	150304	3.584149999264236	623	-0.011872394393111269	3.5722776048711244	0.9933969296664826
Unique Binding	NOT Bound Only	K562	EWSR1_3	1e-05	95917	63.5519158268567	95556	3.2654413326859038	361	-0.010989056037021813	3.254452276648882	0.993292055845383
Unique Binding	NOT Bound Only	K562	EWSR1_3	0.0001	3061	2.028132805926044	3061	0.4700635473614326	0	0.0	0.4700635473614326	1.0
Unique Binding	NOT Bound Only	K562	EWSR1_3	0.001	0	0.0	0	0.0	0	0.0		
Unique Binding	NOT Bound Only	K562	EWSR1_3	0.01	0	0.0	0	0.0	0	0.0		
Unique Binding	NOT Bound Only	K562	EWSR1_3	0.1	0	0.0	0	0.0	0	0.0		
Unique Binding	NOT Bound Only	K562	EWSR1_4	0.0	150937	100.0	150937	106.86994773007753	0	0.0	106.86994773007753	1.0
Unique Binding	NOT Bound Only	K562	EWSR1_4	1e-05	150937	100.0	150937	106.86994773007753	0	0.0	106.86994773007753	1.0
Unique Binding	NOT Bound Only	K562	EWSR1_4	0.0001	150802	99.91055870992534	150802	106.86056308370418	0	0.0	106.86056308370418	1.0
Unique Binding	NOT Bound Only	K562	EWSR1_4	0.001	7118	4.715874835196141	7118	8.864308994751017	0	0.0	8.864308994751017	1.0
Unique Binding	NOT Bound Only	K562	EWSR1_4	0.01	0	0.0	0	0.0	0	0.0		
Unique Binding	NOT Bound Only	K562	EWSR1_4	0.1	0	0.0	0	0.0	0	0.0		
Unique Binding	NOT Bound Only	K562	EWSR1_5	0.0	0	0.0	0	0.0	0	0.0		
Unique Binding	NOT Bound Only	K562	EWSR1_5	1e-05	0	0.0	0	0.0	0	0.0		
Unique Binding	NOT Bound Only	K562	EWSR1_5	0.0001	0	0.0	0	0.0	0	0.0		
Unique Binding	NOT Bound Only	K562	EWSR1_5	0.001	0	0.0	0	0.0	0	0.0		
Unique Binding	NOT Bound Only	K562	EWSR1_5	0.01	0	0.0	0	0.0	0	0.0		
Unique Binding	NOT Bound Only	K562	EWSR1_5	0.1	0	0.0	0	0.0	0	0.0		
Unique Binding	NOT Bound Only	K562	EWSR1_6	0.0	0	0.0	0	0.0	0	0.0		
Unique Binding	NOT Bound Only	K562	EWSR1_6	1e-05	0	0.0	0	0.0	0	0.0		
Unique Binding	NOT Bound Only	K562	EWSR1_6	0.0001	0	0.0	0	0.0	0	0.0		
Unique Binding	NOT Bound Only	K562	EWSR1_6	0.001	0	0.0	0	0.0	0	0.0		
Unique Binding	NOT Bound Only	K562	EWSR1_6	0.01	0	0.0	0	0.0	0	0.0		
Unique Binding	NOT Bound Only	K562	EWSR1_6	0.1	0	0.0	0	0.0	0	0.0		
Unique Binding	NOT Bound Only	K562	EXOSC10_1	0.0	0	0.0	0	0.0	0	0.0		
Unique Binding	NOT Bound Only	K562	EXOSC10_1	1e-05	0	0.0	0	0.0	0	0.0		
Unique Binding	NOT Bound Only	K562	EXOSC10_1	0.0001	0	0.0	0	0.0	0	0.0		
Unique Binding	NOT Bound Only	K562	EXOSC10_1	0.001	0	0.0	0	0.0	0	0.0		
Unique Binding	NOT Bound Only	K562	EXOSC10_1	0.01	0	0.0	0	0.0	0	0.0		
Unique Binding	NOT Bound Only	K562	EXOSC10_1	0.1	0	0.0	0	0.0	0	0.0		
Unique Binding	NOT Bound Only	K562	EXOSC10_2	0.0	0	0.0	0	0.0	0	0.0		
Unique Binding	NOT Bound Only	K562	EXOSC10_2	1e-05	0	0.0	0	0.0	0	0.0		
Unique Binding	NOT Bound Only	K562	EXOSC10_2	0.0001	0	0.0	0	0.0	0	0.0		
Unique Binding	NOT Bound Only	K562	EXOSC10_2	0.001	0	0.0	0	0.0	0	0.0		
Unique Binding	NOT Bound Only	K562	EXOSC10_2	0.01	0	0.0	0	0.0	0	0.0		
Unique Binding	NOT Bound Only	K562	EXOSC10_2	0.1	0	0.0	0	0.0	0	0.0		
Unique Binding	NOT Bound Only	K562	EXOSC10_3	0.0	0	0.0	0	0.0	0	0.0		
Unique Binding	NOT Bound Only	K562	EXOSC10_3	1e-05	0	0.0	0	0.0	0	0.0		
Unique Binding	NOT Bound Only	K562	EXOSC10_3	0.0001	0	0.0	0	0.0	0	0.0		
Unique Binding	NOT Bound Only	K562	EXOSC10_3	0.001	0	0.0	0	0.0	0	0.0		
Unique Binding	NOT Bound Only	K562	EXOSC10_3	0.01	0	0.0	0	0.0	0	0.0		
Unique Binding	NOT Bound Only	K562	EXOSC10_3	0.1	0	0.0	0	0.0	0	0.0		
Unique Binding	NOT Bound Only	K562	EXOSC10_4	0.0	0	0.0	0	0.0	0	0.0		
Unique Binding	NOT Bound Only	K562	EXOSC10_4	1e-05	0	0.0	0	0.0	0	0.0		
Unique Binding	NOT Bound Only	K562	EXOSC10_4	0.0001	0	0.0	0	0.0	0	0.0		
Unique Binding	NOT Bound Only	K562	EXOSC10_4	0.001	0	0.0	0	0.0	0	0.0		
Unique Binding	NOT Bound Only	K562	EXOSC10_4	0.01	0	0.0	0	0.0	0	0.0		
Unique Binding	NOT Bound Only	K562	EXOSC10_4	0.1	0	0.0	0	0.0	0	0.0		
Unique Binding	NOT Bound Only	K562	EXOSC10_5	0.0	0	0.0	0	0.0	0	0.0		
Unique Binding	NOT Bound Only	K562	EXOSC10_5	1e-05	0	0.0	0	0.0	0	0.0		
Unique Binding	NOT Bound Only	K562	EXOSC10_5	0.0001	0	0.0	0	0.0	0	0.0		
Unique Binding	NOT Bound Only	K562	EXOSC10_5	0.001	0	0.0	0	0.0	0	0.0		
Unique Binding	NOT Bound Only	K562	EXOSC10_5	0.01	0	0.0	0	0.0	0	0.0		
Unique Binding	NOT Bound Only	K562	EXOSC10_5	0.1	0	0.0	0	0.0	0	0.0		
Unique Binding	NOT Bound Only	K562	EXOSC10_6	0.0	0	0.0	0	0.0	0	0.0		
Unique Binding	NOT Bound Only	K562	EXOSC10_6	1e-05	0	0.0	0	0.0	0	0.0		
Unique Binding	NOT Bound Only	K562	EXOSC10_6	0.0001	0	0.0	0	0.0	0	0.0		
Unique Binding	NOT Bound Only	K562	EXOSC10_6	0.001	0	0.0	0	0.0	0	0.0		
Unique Binding	NOT Bound Only	K562	EXOSC10_6	0.01	0	0.0	0	0.0	0	0.0		
Unique Binding	NOT Bound Only	K562	EXOSC10_6	0.1	0	0.0	0	0.0	0	0.0		
Unique Binding	NOT Bound Only	K562	EXOSC5_1	0.0	0	0.0	0	0.0	0	0.0		
Unique Binding	NOT Bound Only	K562	EXOSC5_1	1e-05	0	0.0	0	0.0	0	0.0		
Unique Binding	NOT Bound Only	K562	EXOSC5_1	0.0001	0	0.0	0	0.0	0	0.0		
Unique Binding	NOT Bound Only	K562	EXOSC5_1	0.001	0	0.0	0	0.0	0	0.0		
Unique Binding	NOT Bound Only	K562	EXOSC5_1	0.01	0	0.0	0	0.0	0	0.0		
Unique Binding	NOT Bound Only	K562	EXOSC5_1	0.1	0	0.0	0	0.0	0	0.0		
Unique Binding	NOT Bound Only	K562	EXOSC5_2	0.0	10130	6.672814702588763	10130	1.6644801611429674	0	0.0	1.6644801611429674	1.0
Unique Binding	NOT Bound Only	K562	EXOSC5_2	1e-05	7830	5.1577629932152025	7830	1.6593965944837499	0	0.0	1.6593965944837499	1.0
Unique Binding	NOT Bound Only	K562	EXOSC5_2	0.0001	7118	4.688755681443911	7118	1.623669024447902	0	0.0	1.623669024447902	1.0
Unique Binding	NOT Bound Only	K562	EXOSC5_2	0.001	0	0.0	0	0.0	0	0.0		
Unique Binding	NOT Bound Only	K562	EXOSC5_2	0.01	0	0.0	0	0.0	0	0.0		
Unique Binding	NOT Bound Only	K562	EXOSC5_2	0.1	0	0.0	0	0.0	0	0.0		
Unique Binding	NOT Bound Only	K562	EXOSC5_3	0.0	0	0.0	0	0.0	0	0.0		
Unique Binding	NOT Bound Only	K562	EXOSC5_3	1e-05	0	0.0	0	0.0	0	0.0		
Unique Binding	NOT Bound Only	K562	EXOSC5_3	0.0001	0	0.0	0	0.0	0	0.0		
Unique Binding	NOT Bound Only	K562	EXOSC5_3	0.001	0	0.0	0	0.0	0	0.0		
Unique Binding	NOT Bound Only	K562	EXOSC5_3	0.01	0	0.0	0	0.0	0	0.0		
Unique Binding	NOT Bound Only	K562	EXOSC5_3	0.1	0	0.0	0	0.0	0	0.0		
Unique Binding	NOT Bound Only	K562	EXOSC5_4	0.0	0	0.0	0	0.0	0	0.0		
Unique Binding	NOT Bound Only	K562	EXOSC5_4	1e-05	0	0.0	0	0.0	0	0.0		
Unique Binding	NOT Bound Only	K562	EXOSC5_4	0.0001	0	0.0	0	0.0	0	0.0		
Unique Binding	NOT Bound Only	K562	EXOSC5_4	0.001	0	0.0	0	0.0	0	0.0		
Unique Binding	NOT Bound Only	K562	EXOSC5_4	0.01	0	0.0	0	0.0	0	0.0		
Unique Binding	NOT Bound Only	K562	EXOSC5_4	0.1	0	0.0	0	0.0	0	0.0		
Unique Binding	NOT Bound Only	K562	EXOSC5_5	0.0	152160	100.0	0	0.0	152160	-41.75991765818338	-41.75991765818338	-1.0
Unique Binding	NOT Bound Only	K562	EXOSC5_5	1e-05	152160	100.0	0	0.0	152160	-41.75991765818338	-41.75991765818338	-1.0
Unique Binding	NOT Bound Only	K562	EXOSC5_5	0.0001	140212	92.14773922187172	0	0.0	140212	-40.76527316433954	-40.76527316433954	-1.0
Unique Binding	NOT Bound Only	K562	EXOSC5_5	0.001	0	0.0	0	0.0	0	0.0		
Unique Binding	NOT Bound Only	K562	EXOSC5_5	0.01	0	0.0	0	0.0	0	0.0		
Unique Binding	NOT Bound Only	K562	EXOSC5_5	0.1	0	0.0	0	0.0	0	0.0		
Unique Binding	NOT Bound Only	K562	EXOSC5_6	0.0	0	0.0	0	0.0	0	0.0		
Unique Binding	NOT Bound Only	K562	EXOSC5_6	1e-05	0	0.0	0	0.0	0	0.0		
Unique Binding	NOT Bound Only	K562	EXOSC5_6	0.0001	0	0.0	0	0.0	0	0.0		
Unique Binding	NOT Bound Only	K562	EXOSC5_6	0.001	0	0.0	0	0.0	0	0.0		
Unique Binding	NOT Bound Only	K562	EXOSC5_6	0.01	0	0.0	0	0.0	0	0.0		
Unique Binding	NOT Bound Only	K562	EXOSC5_6	0.1	0	0.0	0	0.0	0	0.0		
Unique Binding	NOT Bound Only	K562	FAM120A_1	0.0	0	0.0	0	0.0	0	0.0		
Unique Binding	NOT Bound Only	K562	FAM120A_1	1e-05	0	0.0	0	0.0	0	0.0		
Unique Binding	NOT Bound Only	K562	FAM120A_1	0.0001	0	0.0	0	0.0	0	0.0		
Unique Binding	NOT Bound Only	K562	FAM120A_1	0.001	0	0.0	0	0.0	0	0.0		
Unique Binding	NOT Bound Only	K562	FAM120A_1	0.01	0	0.0	0	0.0	0	0.0		
Unique Binding	NOT Bound Only	K562	FAM120A_1	0.1	0	0.0	0	0.0	0	0.0		
Unique Binding	NOT Bound Only	K562	FAM120A_2	0.0	0	0.0	0	0.0	0	0.0		
Unique Binding	NOT Bound Only	K562	FAM120A_2	1e-05	0	0.0	0	0.0	0	0.0		
Unique Binding	NOT Bound Only	K562	FAM120A_2	0.0001	0	0.0	0	0.0	0	0.0		
Unique Binding	NOT Bound Only	K562	FAM120A_2	0.001	0	0.0	0	0.0	0	0.0		
Unique Binding	NOT Bound Only	K562	FAM120A_2	0.01	0	0.0	0	0.0	0	0.0		
Unique Binding	NOT Bound Only	K562	FAM120A_2	0.1	0	0.0	0	0.0	0	0.0		
Unique Binding	NOT Bound Only	K562	FAM120A_3	0.0	0	0.0	0	0.0	0	0.0		
Unique Binding	NOT Bound Only	K562	FAM120A_3	1e-05	0	0.0	0	0.0	0	0.0		
Unique Binding	NOT Bound Only	K562	FAM120A_3	0.0001	0	0.0	0	0.0	0	0.0		
Unique Binding	NOT Bound Only	K562	FAM120A_3	0.001	0	0.0	0	0.0	0	0.0		
Unique Binding	NOT Bound Only	K562	FAM120A_3	0.01	0	0.0	0	0.0	0	0.0		
Unique Binding	NOT Bound Only	K562	FAM120A_3	0.1	0	0.0	0	0.0	0	0.0		
Unique Binding	NOT Bound Only	K562	FAM120A_4	0.0	0	0.0	0	0.0	0	0.0		
Unique Binding	NOT Bound Only	K562	FAM120A_4	1e-05	0	0.0	0	0.0	0	0.0		
Unique Binding	NOT Bound Only	K562	FAM120A_4	0.0001	0	0.0	0	0.0	0	0.0		
Unique Binding	NOT Bound Only	K562	FAM120A_4	0.001	0	0.0	0	0.0	0	0.0		
Unique Binding	NOT Bound Only	K562	FAM120A_4	0.01	0	0.0	0	0.0	0	0.0		
Unique Binding	NOT Bound Only	K562	FAM120A_4	0.1	0	0.0	0	0.0	0	0.0		
Unique Binding	NOT Bound Only	K562	FAM120A_5	0.0	0	0.0	0	0.0	0	0.0		
Unique Binding	NOT Bound Only	K562	FAM120A_5	1e-05	0	0.0	0	0.0	0	0.0		
Unique Binding	NOT Bound Only	K562	FAM120A_5	0.0001	0	0.0	0	0.0	0	0.0		
Unique Binding	NOT Bound Only	K562	FAM120A_5	0.001	0	0.0	0	0.0	0	0.0		
Unique Binding	NOT Bound Only	K562	FAM120A_5	0.01	0	0.0	0	0.0	0	0.0		
Unique Binding	NOT Bound Only	K562	FAM120A_5	0.1	0	0.0	0	0.0	0	0.0		
Unique Binding	NOT Bound Only	K562	FAM120A_6	0.0	0	0.0	0	0.0	0	0.0		
Unique Binding	NOT Bound Only	K562	FAM120A_6	1e-05	0	0.0	0	0.0	0	0.0		
Unique Binding	NOT Bound Only	K562	FAM120A_6	0.0001	0	0.0	0	0.0	0	0.0		
Unique Binding	NOT Bound Only	K562	FAM120A_6	0.001	0	0.0	0	0.0	0	0.0		
Unique Binding	NOT Bound Only	K562	FAM120A_6	0.01	0	0.0	0	0.0	0	0.0		
Unique Binding	NOT Bound Only	K562	FAM120A_6	0.1	0	0.0	0	0.0	0	0.0		
Unique Binding	NOT Bound Only	K562	FASTKD2_1	0.0	0	0.0	0	0.0	0	0.0		
Unique Binding	NOT Bound Only	K562	FASTKD2_1	1e-05	0	0.0	0	0.0	0	0.0		
Unique Binding	NOT Bound Only	K562	FASTKD2_1	0.0001	0	0.0	0	0.0	0	0.0		
Unique Binding	NOT Bound Only	K562	FASTKD2_1	0.001	0	0.0	0	0.0	0	0.0		
Unique Binding	NOT Bound Only	K562	FASTKD2_1	0.01	0	0.0	0	0.0	0	0.0		
Unique Binding	NOT Bound Only	K562	FASTKD2_1	0.1	0	0.0	0	0.0	0	0.0		
Unique Binding	NOT Bound Only	K562	FASTKD2_2	0.0	0	0.0	0	0.0	0	0.0		
Unique Binding	NOT Bound Only	K562	FASTKD2_2	1e-05	0	0.0	0	0.0	0	0.0		
Unique Binding	NOT Bound Only	K562	FASTKD2_2	0.0001	0	0.0	0	0.0	0	0.0		
Unique Binding	NOT Bound Only	K562	FASTKD2_2	0.001	0	0.0	0	0.0	0	0.0		
Unique Binding	NOT Bound Only	K562	FASTKD2_2	0.01	0	0.0	0	0.0	0	0.0		
Unique Binding	NOT Bound Only	K562	FASTKD2_2	0.1	0	0.0	0	0.0	0	0.0		
Unique Binding	NOT Bound Only	K562	FASTKD2_3	0.0	0	0.0	0	0.0	0	0.0		
Unique Binding	NOT Bound Only	K562	FASTKD2_3	1e-05	0	0.0	0	0.0	0	0.0		
Unique Binding	NOT Bound Only	K562	FASTKD2_3	0.0001	0	0.0	0	0.0	0	0.0		
Unique Binding	NOT Bound Only	K562	FASTKD2_3	0.001	0	0.0	0	0.0	0	0.0		
Unique Binding	NOT Bound Only	K562	FASTKD2_3	0.01	0	0.0	0	0.0	0	0.0		
Unique Binding	NOT Bound Only	K562	FASTKD2_3	0.1	0	0.0	0	0.0	0	0.0		
Unique Binding	NOT Bound Only	K562	FASTKD2_4	0.0	0	0.0	0	0.0	0	0.0		
Unique Binding	NOT Bound Only	K562	FASTKD2_4	1e-05	0	0.0	0	0.0	0	0.0		
Unique Binding	NOT Bound Only	K562	FASTKD2_4	0.0001	0	0.0	0	0.0	0	0.0		
Unique Binding	NOT Bound Only	K562	FASTKD2_4	0.001	0	0.0	0	0.0	0	0.0		
Unique Binding	NOT Bound Only	K562	FASTKD2_4	0.01	0	0.0	0	0.0	0	0.0		
Unique Binding	NOT Bound Only	K562	FASTKD2_4	0.1	0	0.0	0	0.0	0	0.0		
Unique Binding	NOT Bound Only	K562	FASTKD2_5	0.0	0	0.0	0	0.0	0	0.0		
Unique Binding	NOT Bound Only	K562	FASTKD2_5	1e-05	0	0.0	0	0.0	0	0.0		
Unique Binding	NOT Bound Only	K562	FASTKD2_5	0.0001	0	0.0	0	0.0	0	0.0		
Unique Binding	NOT Bound Only	K562	FASTKD2_5	0.001	0	0.0	0	0.0	0	0.0		
Unique Binding	NOT Bound Only	K562	FASTKD2_5	0.01	0	0.0	0	0.0	0	0.0		
Unique Binding	NOT Bound Only	K562	FASTKD2_5	0.1	0	0.0	0	0.0	0	0.0		
Unique Binding	NOT Bound Only	K562	FASTKD2_6	0.0	0	0.0	0	0.0	0	0.0		
Unique Binding	NOT Bound Only	K562	FASTKD2_6	1e-05	0	0.0	0	0.0	0	0.0		
Unique Binding	NOT Bound Only	K562	FASTKD2_6	0.0001	0	0.0	0	0.0	0	0.0		
Unique Binding	NOT Bound Only	K562	FASTKD2_6	0.001	0	0.0	0	0.0	0	0.0		
Unique Binding	NOT Bound Only	K562	FASTKD2_6	0.01	0	0.0	0	0.0	0	0.0		
Unique Binding	NOT Bound Only	K562	FASTKD2_6	0.1	0	0.0	0	0.0	0	0.0		
Unique Binding	NOT Bound Only	K562	FMR1_1	0.0	0	0.0	0	0.0	0	0.0		
Unique Binding	NOT Bound Only	K562	FMR1_1	1e-05	0	0.0	0	0.0	0	0.0		
Unique Binding	NOT Bound Only	K562	FMR1_1	0.0001	0	0.0	0	0.0	0	0.0		
Unique Binding	NOT Bound Only	K562	FMR1_1	0.001	0	0.0	0	0.0	0	0.0		
Unique Binding	NOT Bound Only	K562	FMR1_1	0.01	0	0.0	0	0.0	0	0.0		
Unique Binding	NOT Bound Only	K562	FMR1_1	0.1	0	0.0	0	0.0	0	0.0		
Unique Binding	NOT Bound Only	K562	FMR1_2	0.0	148784	100.0	146596	4.871332119546664	2188	-0.0538920533355862	4.817440066211078	0.9781158983047676
Unique Binding	NOT Bound Only	K562	FMR1_2	1e-05	145175	97.57433595010217	143805	4.853962621791944	1370	-0.05094598274072671	4.803016639051218	0.9792265312778115
Unique Binding	NOT Bound Only	K562	FMR1_2	0.0001	723	0.4859393483170233	657	0.07661164054592899	66	-0.008004272932934736	0.06860736761299426	0.8108092767932091
Unique Binding	NOT Bound Only	K562	FMR1_2	0.001	0	0.0	0	0.0	0	0.0		
Unique Binding	NOT Bound Only	K562	FMR1_2	0.01	0	0.0	0	0.0	0	0.0		
Unique Binding	NOT Bound Only	K562	FMR1_2	0.1	0	0.0	0	0.0	0	0.0		
Unique Binding	NOT Bound Only	K562	FMR1_3	0.0	149547	100.0	82	0.00011385654634752698	149465	-23.92733019978239	-23.92721634323604	-0.9999904831835711
Unique Binding	NOT Bound Only	K562	FMR1_3	1e-05	136405	91.21212729108575	2	4.035211876608025e-05	136403	-23.852113837214198	-23.85207348509543	-0.9999966164801346
Unique Binding	NOT Bound Only	K562	FMR1_3	0.0001	68203	45.60639798859222	0	0.0	68203	-20.87043159500484	-20.87043159500484	-1.0
Unique Binding	NOT Bound Only	K562	FMR1_3	0.001	0	0.0	0	0.0	0	0.0		
Unique Binding	NOT Bound Only	K562	FMR1_3	0.01	0	0.0	0	0.0	0	0.0		
Unique Binding	NOT Bound Only	K562	FMR1_3	0.1	0	0.0	0	0.0	0	0.0		
Unique Binding	NOT Bound Only	K562	FMR1_4	0.0	149422	100.0	2	0.00040814251639939065	149420	-77.9983305901018	-77.9979224475854	-0.9999895346380457
Unique Binding	NOT Bound Only	K562	FMR1_4	1e-05	149329	99.93776016918527	2	0.00040814251639939065	149327	-77.99758969234577	-77.99718154982936	-0.9999895345386359
Unique Binding	NOT Bound Only	K562	FMR1_4	0.0001	119417	79.91928899358864	1	0.00038604737176342797	119416	-76.20481168076134	-76.20442563338958	-0.9999898682141567
Unique Binding	NOT Bound Only	K562	FMR1_4	0.001	31303	20.949391655847197	0	0.0	31303	-43.742851525754006	-43.742851525754006	-1.0
Unique Binding	NOT Bound Only	K562	FMR1_4	0.01	0	0.0	0	0.0	0	0.0		
Unique Binding	NOT Bound Only	K562	FMR1_4	0.1	0	0.0	0	0.0	0	0.0		
Unique Binding	NOT Bound Only	K562	FMR1_5	0.0	149330	100.0	148649	85.85701087869465	681	-0.2761799647093371	85.58083091398531	0.9935871419134709
Unique Binding	NOT Bound Only	K562	FMR1_5	1e-05	149312	99.98794615951249	148640	85.85695322968826	672	-0.2761338691323535	85.5808193605559	0.9935882045231806
Unique Binding	NOT Bound Only	K562	FMR1_5	0.0001	149176	99.8968726980513	148565	85.85215860544857	611	-0.2724798546234448	85.57967875082512	0.9936724296439337
Unique Binding	NOT Bound Only	K562	FMR1_5	0.001	6906	4.624656800375009	6900	9.463100476623211	6	-0.006665403992287738	9.456435072630923	0.9985922769208196
Unique Binding	NOT Bound Only	K562	FMR1_5	0.01	0	0.0	0	0.0	0	0.0		
Unique Binding	NOT Bound Only	K562	FMR1_5	0.1	0	0.0	0	0.0	0	0.0		
Unique Binding	NOT Bound Only	K562	FMR1_6	0.0	149345	100.0	21365	2.6203938157118456	127980	-10.128103849953773	-7.507710034241927	-0.5889093939642603
Unique Binding	NOT Bound Only	K562	FMR1_6	1e-05	143800	96.28712042585958	19355	2.61123502624015	124445	-10.108621011607802	-7.497385985367652	-0.5894238081829831
Unique Binding	NOT Bound Only	K562	FMR1_6	0.0001	49115	32.88693963641233	9504	2.162528916925588	39611	-5.203301954522331	-3.0407730375967432	-0.41282145771003986
Unique Binding	NOT Bound Only	K562	FMR1_6	0.001	1	0.0006695905453814993	1	0.0013925706808041176	0	0.0	0.0013925706808041176	1.0
Unique Binding	NOT Bound Only	K562	FMR1_6	0.01	0	0.0	0	0.0	0	0.0		
Unique Binding	NOT Bound Only	K562	FMR1_6	0.1	0	0.0	0	0.0	0	0.0		
Unique Binding	NOT Bound Only	K562	FTO_1	0.0	151360	100.0	151276	122.11112998302875	84	-0.0047396085688525625	122.10639037445989	0.9999223752230614
Unique Binding	NOT Bound Only	K562	FTO_1	1e-05	151307	99.96498414376322	151235	122.1108947925544	72	-0.004682444347132967	122.10621234820726	0.9999233112686672
Unique Binding	NOT Bound Only	K562	FTO_1	0.0001	150544	99.46088794926004	150524	122.0607076810621	20	-0.002829947101005035	122.05787773396109	0.999953631573261
Unique Binding	NOT Bound Only	K562	FTO_1	0.001	42962	28.383985200845668	42962	51.200303412241965	0	0.0	51.200303412241965	1.0
Unique Binding	NOT Bound Only	K562	FTO_1	0.01	0	0.0	0	0.0	0	0.0		
Unique Binding	NOT Bound Only	K562	FTO_1	0.1	0	0.0	0	0.0	0	0.0		
Unique Binding	NOT Bound Only	K562	FTO_2	0.0	0	0.0	0	0.0	0	0.0		
Unique Binding	NOT Bound Only	K562	FTO_2	1e-05	0	0.0	0	0.0	0	0.0		
Unique Binding	NOT Bound Only	K562	FTO_2	0.0001	0	0.0	0	0.0	0	0.0		
Unique Binding	NOT Bound Only	K562	FTO_2	0.001	0	0.0	0	0.0	0	0.0		
Unique Binding	NOT Bound Only	K562	FTO_2	0.01	0	0.0	0	0.0	0	0.0		
Unique Binding	NOT Bound Only	K562	FTO_2	0.1	0	0.0	0	0.0	0	0.0		
Unique Binding	NOT Bound Only	K562	FTO_3	0.0	28743	18.96726936782368	21796	0.03011628895361731	6947	-0.19596310191818855	-0.16584681296457124	-0.7335777592333111
Unique Binding	NOT Bound Only	K562	FTO_3	1e-05	2306	1.521710439487924	390	0.005623874771317166	1916	-0.19180787018355597	-0.1861839954122388	-0.943029680737486
Unique Binding	NOT Bound Only	K562	FTO_3	0.0001	1177	0.7766926224099248	0	0.0	1177	-0.17238898680574988	-0.17238898680574988	-1.0
Unique Binding	NOT Bound Only	K562	FTO_3	0.001	0	0.0	0	0.0	0	0.0		
Unique Binding	NOT Bound Only	K562	FTO_3	0.01	0	0.0	0	0.0	0	0.0		
Unique Binding	NOT Bound Only	K562	FTO_3	0.1	0	0.0	0	0.0	0	0.0		
Unique Binding	NOT Bound Only	K562	FTO_4	0.0	0	0.0	0	0.0	0	0.0		
Unique Binding	NOT Bound Only	K562	FTO_4	1e-05	0	0.0	0	0.0	0	0.0		
Unique Binding	NOT Bound Only	K562	FTO_4	0.0001	0	0.0	0	0.0	0	0.0		
Unique Binding	NOT Bound Only	K562	FTO_4	0.001	0	0.0	0	0.0	0	0.0		
Unique Binding	NOT Bound Only	K562	FTO_4	0.01	0	0.0	0	0.0	0	0.0		
Unique Binding	NOT Bound Only	K562	FTO_4	0.1	0	0.0	0	0.0	0	0.0		
Unique Binding	NOT Bound Only	K562	FTO_5	0.0	151894	100.0	151894	142.7854484302784	0	0.0	142.7854484302784	1.0
Unique Binding	NOT Bound Only	K562	FTO_5	1e-05	151894	100.0	151894	142.7854484302784	0	0.0	142.7854484302784	1.0
Unique Binding	NOT Bound Only	K562	FTO_5	0.0001	151831	99.95852370732221	151831	142.78020237885275	0	0.0	142.78020237885275	1.0
Unique Binding	NOT Bound Only	K562	FTO_5	0.001	69144	45.521218744650874	69144	77.53179383326822	0	0.0	77.53179383326822	1.0
Unique Binding	NOT Bound Only	K562	FTO_5	0.01	0	0.0	0	0.0	0	0.0		
Unique Binding	NOT Bound Only	K562	FTO_5	0.1	0	0.0	0	0.0	0	0.0		
Unique Binding	NOT Bound Only	K562	FTO_6	0.0	0	0.0	0	0.0	0	0.0		
Unique Binding	NOT Bound Only	K562	FTO_6	1e-05	0	0.0	0	0.0	0	0.0		
Unique Binding	NOT Bound Only	K562	FTO_6	0.0001	0	0.0	0	0.0	0	0.0		
Unique Binding	NOT Bound Only	K562	FTO_6	0.001	0	0.0	0	0.0	0	0.0		
Unique Binding	NOT Bound Only	K562	FTO_6	0.01	0	0.0	0	0.0	0	0.0		
Unique Binding	NOT Bound Only	K562	FTO_6	0.1	0	0.0	0	0.0	0	0.0		
Unique Binding	NOT Bound Only	K562	FUS_1	0.0	0	0.0	0	0.0	0	0.0		
Unique Binding	NOT Bound Only	K562	FUS_1	1e-05	0	0.0	0	0.0	0	0.0		
Unique Binding	NOT Bound Only	K562	FUS_1	0.0001	0	0.0	0	0.0	0	0.0		
Unique Binding	NOT Bound Only	K562	FUS_1	0.001	0	0.0	0	0.0	0	0.0		
Unique Binding	NOT Bound Only	K562	FUS_1	0.01	0	0.0	0	0.0	0	0.0		
Unique Binding	NOT Bound Only	K562	FUS_1	0.1	0	0.0	0	0.0	0	0.0		
Unique Binding	NOT Bound Only	K562	FUS_2	0.0	150424	100.0	150417	32.2344219567096	7	-0.0004244146583158967	32.233997542051284	0.9999736673379218
Unique Binding	NOT Bound Only	K562	FUS_2	1e-05	150421	99.9980056373983	150414	32.2344155417754	7	-0.0004244146583158967	32.23399112711708	0.9999736673326814
Unique Binding	NOT Bound Only	K562	FUS_2	0.0001	108256	71.9672392703292	108254	29.386138676309074	2	-0.00024460835861992846	29.385894067950453	0.999983352265146
Unique Binding	NOT Bound Only	K562	FUS_2	0.001	1058	0.7033452108706058	1058	1.4004591866154648	0	0.0	1.4004591866154648	1.0
Unique Binding	NOT Bound Only	K562	FUS_2	0.01	0	0.0	0	0.0	0	0.0		
Unique Binding	NOT Bound Only	K562	FUS_2	0.1	0	0.0	0	0.0	0	0.0		
Unique Binding	NOT Bound Only	K562	FUS_3	0.0	151299	100.0	151299	72.69268599263616	0	0.0	72.69268599263616	1.0
Unique Binding	NOT Bound Only	K562	FUS_3	1e-05	151299	100.0	151299	72.69268599263616	0	0.0	72.69268599263616	1.0
Unique Binding	NOT Bound Only	K562	FUS_3	0.0001	151298	99.99933905709885	151298	72.69260707342096	0	0.0	72.69260707342096	1.0
Unique Binding	NOT Bound Only	K562	FUS_3	0.001	2201	1.4547353254152373	2201	2.7023634427401637	0	0.0	2.7023634427401637	1.0
Unique Binding	NOT Bound Only	K562	FUS_3	0.01	0	0.0	0	0.0	0	0.0		
Unique Binding	NOT Bound Only	K562	FUS_3	0.1	0	0.0	0	0.0	0	0.0		
Unique Binding	NOT Bound Only	K562	FUS_4	0.0	0	0.0	0	0.0	0	0.0		
Unique Binding	NOT Bound Only	K562	FUS_4	1e-05	0	0.0	0	0.0	0	0.0		
Unique Binding	NOT Bound Only	K562	FUS_4	0.0001	0	0.0	0	0.0	0	0.0		
Unique Binding	NOT Bound Only	K562	FUS_4	0.001	0	0.0	0	0.0	0	0.0		
Unique Binding	NOT Bound Only	K562	FUS_4	0.01	0	0.0	0	0.0	0	0.0		
Unique Binding	NOT Bound Only	K562	FUS_4	0.1	0	0.0	0	0.0	0	0.0		
Unique Binding	NOT Bound Only	K562	FUS_5	0.0	0	0.0	0	0.0	0	0.0		
Unique Binding	NOT Bound Only	K562	FUS_5	1e-05	0	0.0	0	0.0	0	0.0		
Unique Binding	NOT Bound Only	K562	FUS_5	0.0001	0	0.0	0	0.0	0	0.0		
Unique Binding	NOT Bound Only	K562	FUS_5	0.001	0	0.0	0	0.0	0	0.0		
Unique Binding	NOT Bound Only	K562	FUS_5	0.01	0	0.0	0	0.0	0	0.0		
Unique Binding	NOT Bound Only	K562	FUS_5	0.1	0	0.0	0	0.0	0	0.0		
Unique Binding	NOT Bound Only	K562	FUS_6	0.0	0	0.0	0	0.0	0	0.0		
Unique Binding	NOT Bound Only	K562	FUS_6	1e-05	0	0.0	0	0.0	0	0.0		
Unique Binding	NOT Bound Only	K562	FUS_6	0.0001	0	0.0	0	0.0	0	0.0		
Unique Binding	NOT Bound Only	K562	FUS_6	0.001	0	0.0	0	0.0	0	0.0		
Unique Binding	NOT Bound Only	K562	FUS_6	0.01	0	0.0	0	0.0	0	0.0		
Unique Binding	NOT Bound Only	K562	FUS_6	0.1	0	0.0	0	0.0	0	0.0		
Unique Binding	NOT Bound Only	K562	FXR1_1	0.0	150075	100.0	145612	2.4082052206548674	4463	-0.013845675098287906	2.3943595455565796	0.9885669825332202
Unique Binding	NOT Bound Only	K562	FXR1_1	1e-05	41532	27.67416291854073	41371	2.0801988763589168	161	-0.004966709331475803	2.075232167027441	0.9952361487590624
Unique Binding	NOT Bound Only	K562	FXR1_1	0.0001	5700	3.798100949525238	5694	0.8404736408447191	6	-0.000649617227270693	0.8398240236174485	0.9984553578300529
Unique Binding	NOT Bound Only	K562	FXR1_1	0.001	0	0.0	0	0.0	0	0.0		
Unique Binding	NOT Bound Only	K562	FXR1_1	0.01	0	0.0	0	0.0	0	0.0		
Unique Binding	NOT Bound Only	K562	FXR1_1	0.1	0	0.0	0	0.0	0	0.0		
Unique Binding	NOT Bound Only	K562	FXR1_2	0.0	149607	100.0	149281	3.086177112274029	326	-0.0018156089094638144	3.084361503364565	0.9988240847220857
Unique Binding	NOT Bound Only	K562	FXR1_2	1e-05	141680	94.70145113530783	141606	3.0295072801577203	74	-0.0010152151859555835	3.028492064971765	0.9993300065005191
Unique Binding	NOT Bound Only	K562	FXR1_2	0.0001	0	0.0	0	0.0	0	0.0		
Unique Binding	NOT Bound Only	K562	FXR1_2	0.001	0	0.0	0	0.0	0	0.0		
Unique Binding	NOT Bound Only	K562	FXR1_2	0.01	0	0.0	0	0.0	0	0.0		
Unique Binding	NOT Bound Only	K562	FXR1_2	0.1	0	0.0	0	0.0	0	0.0		
Unique Binding	NOT Bound Only	K562	FXR1_3	0.0	150195	100.0	0	0.0	150195	-103.45040164041635	-103.45040164041635	-1.0
Unique Binding	NOT Bound Only	K562	FXR1_3	1e-05	150156	99.97403375611705	0	0.0	150156	-103.45007843416565	-103.45007843416565	-1.0
Unique Binding	NOT Bound Only	K562	FXR1_3	0.0001	132389	88.14474516461934	0	0.0	132389	-102.28277451501623	-102.28277451501623	-1.0
Unique Binding	NOT Bound Only	K562	FXR1_3	0.001	40558	27.00356203601984	0	0.0	40558	-67.99975146758925	-67.99975146758925	-1.0
Unique Binding	NOT Bound Only	K562	FXR1_3	0.01	0	0.0	0	0.0	0	0.0		
Unique Binding	NOT Bound Only	K562	FXR1_3	0.1	0	0.0	0	0.0	0	0.0		
Unique Binding	NOT Bound Only	K562	FXR1_4	0.0	149619	100.0	0	0.0	149619	-227.11369158670422	-227.11369158670422	-1.0
Unique Binding	NOT Bound Only	K562	FXR1_4	1e-05	149619	100.0	0	0.0	149619	-227.11369158670422	-227.11369158670422	-1.0
Unique Binding	NOT Bound Only	K562	FXR1_4	0.0001	149379	99.8395925651154	0	0.0	149379	-227.0929306844229	-227.0929306844229	-1.0
Unique Binding	NOT Bound Only	K562	FXR1_4	0.001	76315	51.0062224717449	0	0.0	76315	-188.63234246323364	-188.63234246323364	-1.0
Unique Binding	NOT Bound Only	K562	FXR1_4	0.01	0	0.0	0	0.0	0	0.0		
Unique Binding	NOT Bound Only	K562	FXR1_4	0.1	0	0.0	0	0.0	0	0.0		
Unique Binding	NOT Bound Only	K562	FXR1_5	0.0	14829	9.885011498850114	10944	0.12634157010538133	3885	-0.03237425329517887	0.09396731681020246	0.592047565245286
Unique Binding	NOT Bound Only	K562	FXR1_5	1e-05	5362	3.574309235743092	4710	0.10213146351430546	652	-0.019911017235597493	0.08222044627870798	0.673703498761216
Unique Binding	NOT Bound Only	K562	FXR1_5	0.0001	33	0.021997800219978002	0	0.0	33	-0.003928980900457904	-0.003928980900457904	-1.0
Unique Binding	NOT Bound Only	K562	FXR1_5	0.001	0	0.0	0	0.0	0	0.0		
Unique Binding	NOT Bound Only	K562	FXR1_5	0.01	0	0.0	0	0.0	0	0.0		
Unique Binding	NOT Bound Only	K562	FXR1_5	0.1	0	0.0	0	0.0	0	0.0		
Unique Binding	NOT Bound Only	K562	FXR1_6	0.0	76797	51.339697565280176	72221	3.1570756756054106	4576	-0.06962291150444719	3.0874527641009633	0.9568457296987207
Unique Binding	NOT Bound Only	K562	FXR1_6	1e-05	36197	24.19812014493335	34725	3.0396972821735173	1472	-0.0660749503231938	2.9736223318503234	0.9574502279131547
Unique Binding	NOT Bound Only	K562	FXR1_6	0.0001	10909	7.292794780260185	10814	2.0947360082533795	95	-0.010404496747059101	2.0843315115063206	0.9901151521978275
Unique Binding	NOT Bound Only	K562	FXR1_6	0.001	0	0.0	0	0.0	0	0.0		
Unique Binding	NOT Bound Only	K562	FXR1_6	0.01	0	0.0	0	0.0	0	0.0		
Unique Binding	NOT Bound Only	K562	FXR1_6	0.1	0	0.0	0	0.0	0	0.0		
Unique Binding	NOT Bound Only	K562	FXR2_1	0.0	0	0.0	0	0.0	0	0.0		
Unique Binding	NOT Bound Only	K562	FXR2_1	1e-05	0	0.0	0	0.0	0	0.0		
Unique Binding	NOT Bound Only	K562	FXR2_1	0.0001	0	0.0	0	0.0	0	0.0		
Unique Binding	NOT Bound Only	K562	FXR2_1	0.001	0	0.0	0	0.0	0	0.0		
Unique Binding	NOT Bound Only	K562	FXR2_1	0.01	0	0.0	0	0.0	0	0.0		
Unique Binding	NOT Bound Only	K562	FXR2_1	0.1	0	0.0	0	0.0	0	0.0		
Unique Binding	NOT Bound Only	K562	FXR2_2	0.0	148798	100.0	148796	53.9707227811209	2	-8.355848420314125e-06	53.970714425272476	0.9999996903563007
Unique Binding	NOT Bound Only	K562	FXR2_2	1e-05	148791	99.99529563569402	148791	53.97070940874442	0	0.0	53.97070940874442	1.0
Unique Binding	NOT Bound Only	K562	FXR2_2	0.0001	148256	99.63574779230903	148256	53.92592627384581	0	0.0	53.92592627384581	1.0
Unique Binding	NOT Bound Only	K562	FXR2_2	0.001	48	0.03225849809809272	48	0.05022598363553937	0	0.0	0.05022598363553937	1.0
Unique Binding	NOT Bound Only	K562	FXR2_2	0.01	0	0.0	0	0.0	0	0.0		
Unique Binding	NOT Bound Only	K562	FXR2_2	0.1	0	0.0	0	0.0	0	0.0		
Unique Binding	NOT Bound Only	K562	FXR2_3	0.0	149561	100.0	0	0.0	149561	-15.931040805710685	-15.931040805710685	-1.0
Unique Binding	NOT Bound Only	K562	FXR2_3	1e-05	144616	96.69365676881006	0	0.0	144616	-15.893048940987809	-15.893048940987809	-1.0
Unique Binding	NOT Bound Only	K562	FXR2_3	0.0001	54097	36.170525738661816	0	0.0	54097	-11.829983783501584	-11.829983783501584	-1.0
Unique Binding	NOT Bound Only	K562	FXR2_3	0.001	0	0.0	0	0.0	0	0.0		
Unique Binding	NOT Bound Only	K562	FXR2_3	0.01	0	0.0	0	0.0	0	0.0		
Unique Binding	NOT Bound Only	K562	FXR2_3	0.1	0	0.0	0	0.0	0	0.0		
Unique Binding	NOT Bound Only	K562	FXR2_4	0.0	149674	100.0	74	0.0006293796131262256	149600	-45.68869018643693	-45.688060806823806	-0.9999724495956998
Unique Binding	NOT Bound Only	K562	FXR2_4	1e-05	148426	99.16618784825688	10	0.0002874047045264265	148416	-45.68009011706047	-45.679802712355944	-0.9999874167106262
Unique Binding	NOT Bound Only	K562	FXR2_4	0.0001	97497	65.13956999879738	0	0.0	97497	-42.91908116869093	-42.91908116869093	-1.0
Unique Binding	NOT Bound Only	K562	FXR2_4	0.001	5825	3.8917914935125677	0	0.0	5825	-6.905138512267721	-6.905138512267721	-1.0
Unique Binding	NOT Bound Only	K562	FXR2_4	0.01	0	0.0	0	0.0	0	0.0		
Unique Binding	NOT Bound Only	K562	FXR2_4	0.1	0	0.0	0	0.0	0	0.0		
Unique Binding	NOT Bound Only	K562	FXR2_5	0.0	149502	100.0	149493	8.066410779191036	9	-2.1354578168034742e-05	8.066389424612868	0.9999947053225481
Unique Binding	NOT Bound Only	K562	FXR2_5	1e-05	149435	99.95518454602615	149435	8.06601187445789	0	0.0	8.06601187445789	1.0
Unique Binding	NOT Bound Only	K562	FXR2_5	0.0001	2743	1.8347580634372787	2743	0.33999384381207365	0	0.0	0.33999384381207365	1.0
Unique Binding	NOT Bound Only	K562	FXR2_5	0.001	0	0.0	0	0.0	0	0.0		
Unique Binding	NOT Bound Only	K562	FXR2_5	0.01	0	0.0	0	0.0	0	0.0		
Unique Binding	NOT Bound Only	K562	FXR2_5	0.1	0	0.0	0	0.0	0	0.0		
Unique Binding	NOT Bound Only	K562	FXR2_6	0.0	52489	35.0574060097647	46522	2.147533381344045	5967	-0.24734257220726502	1.9001908091367798	0.7934401806152123
Unique Binding	NOT Bound Only	K562	FXR2_6	1e-05	40337	26.941084536110015	38584	2.101156767455306	1753	-0.2293952437797645	1.8717615236755414	0.8031408501729193
Unique Binding	NOT Bound Only	K562	FXR2_6	0.0001	5550	3.7068453076681607	5128	0.9385291437050811	422	-0.19728510255882525	0.7412440411462559	0.6526102693151357
Unique Binding	NOT Bound Only	K562	FXR2_6	0.001	27	0.018033301496764024	9	0.009442458226455593	18	-0.01849153599261289	-0.009049077766157298	-0.32394500031721774
Unique Binding	NOT Bound Only	K562	FXR2_6	0.01	0	0.0	0	0.0	0	0.0		
Unique Binding	NOT Bound Only	K562	FXR2_6	0.1	0	0.0	0	0.0	0	0.0		
Unique Binding	NOT Bound Only	K562	GARS_1	0.0	0	0.0	0	0.0	0	0.0		
Unique Binding	NOT Bound Only	K562	GARS_1	1e-05	0	0.0	0	0.0	0	0.0		
Unique Binding	NOT Bound Only	K562	GARS_1	0.0001	0	0.0	0	0.0	0	0.0		
Unique Binding	NOT Bound Only	K562	GARS_1	0.001	0	0.0	0	0.0	0	0.0		
Unique Binding	NOT Bound Only	K562	GARS_1	0.01	0	0.0	0	0.0	0	0.0		
Unique Binding	NOT Bound Only	K562	GARS_1	0.1	0	0.0	0	0.0	0	0.0		
Unique Binding	NOT Bound Only	K562	GARS_2	0.0	0	0.0	0	0.0	0	0.0		
Unique Binding	NOT Bound Only	K562	GARS_2	1e-05	0	0.0	0	0.0	0	0.0		
Unique Binding	NOT Bound Only	K562	GARS_2	0.0001	0	0.0	0	0.0	0	0.0		
Unique Binding	NOT Bound Only	K562	GARS_2	0.001	0	0.0	0	0.0	0	0.0		
Unique Binding	NOT Bound Only	K562	GARS_2	0.01	0	0.0	0	0.0	0	0.0		
Unique Binding	NOT Bound Only	K562	GARS_2	0.1	0	0.0	0	0.0	0	0.0		
Unique Binding	NOT Bound Only	K562	GARS_3	0.0	0	0.0	0	0.0	0	0.0		
Unique Binding	NOT Bound Only	K562	GARS_3	1e-05	0	0.0	0	0.0	0	0.0		
Unique Binding	NOT Bound Only	K562	GARS_3	0.0001	0	0.0	0	0.0	0	0.0		
Unique Binding	NOT Bound Only	K562	GARS_3	0.001	0	0.0	0	0.0	0	0.0		
Unique Binding	NOT Bound Only	K562	GARS_3	0.01	0	0.0	0	0.0	0	0.0		
Unique Binding	NOT Bound Only	K562	GARS_3	0.1	0	0.0	0	0.0	0	0.0		
Unique Binding	NOT Bound Only	K562	GARS_4	0.0	0	0.0	0	0.0	0	0.0		
Unique Binding	NOT Bound Only	K562	GARS_4	1e-05	0	0.0	0	0.0	0	0.0		
Unique Binding	NOT Bound Only	K562	GARS_4	0.0001	0	0.0	0	0.0	0	0.0		
Unique Binding	NOT Bound Only	K562	GARS_4	0.001	0	0.0	0	0.0	0	0.0		
Unique Binding	NOT Bound Only	K562	GARS_4	0.01	0	0.0	0	0.0	0	0.0		
Unique Binding	NOT Bound Only	K562	GARS_4	0.1	0	0.0	0	0.0	0	0.0		
Unique Binding	NOT Bound Only	K562	GARS_5	0.0	0	0.0	0	0.0	0	0.0		
Unique Binding	NOT Bound Only	K562	GARS_5	1e-05	0	0.0	0	0.0	0	0.0		
Unique Binding	NOT Bound Only	K562	GARS_5	0.0001	0	0.0	0	0.0	0	0.0		
Unique Binding	NOT Bound Only	K562	GARS_5	0.001	0	0.0	0	0.0	0	0.0		
Unique Binding	NOT Bound Only	K562	GARS_5	0.01	0	0.0	0	0.0	0	0.0		
Unique Binding	NOT Bound Only	K562	GARS_5	0.1	0	0.0	0	0.0	0	0.0		
Unique Binding	NOT Bound Only	K562	GARS_6	0.0	0	0.0	0	0.0	0	0.0		
Unique Binding	NOT Bound Only	K562	GARS_6	1e-05	0	0.0	0	0.0	0	0.0		
Unique Binding	NOT Bound Only	K562	GARS_6	0.0001	0	0.0	0	0.0	0	0.0		
Unique Binding	NOT Bound Only	K562	GARS_6	0.001	0	0.0	0	0.0	0	0.0		
Unique Binding	NOT Bound Only	K562	GARS_6	0.01	0	0.0	0	0.0	0	0.0		
Unique Binding	NOT Bound Only	K562	GARS_6	0.1	0	0.0	0	0.0	0	0.0		
Unique Binding	NOT Bound Only	K562	GEMIN5_1	0.0	148675	100.0	17355	0.11157943274752459	131320	-0.6957344694300226	-0.584155036682498	-0.723578567279557
Unique Binding	NOT Bound Only	K562	GEMIN5_1	1e-05	12386	8.330923154531696	3358	0.06286799776744208	9028	-0.174239112980229	-0.11137111521278693	-0.46970803558611046
Unique Binding	NOT Bound Only	K562	GEMIN5_1	0.0001	126	0.08474861274592231	1	0.00039742582718851216	125	-0.016484382929489692	-0.01608695710230118	-0.9529166770081676
Unique Binding	NOT Bound Only	K562	GEMIN5_1	0.001	0	0.0	0	0.0	0	0.0		
Unique Binding	NOT Bound Only	K562	GEMIN5_1	0.01	0	0.0	0	0.0	0	0.0		
Unique Binding	NOT Bound Only	K562	GEMIN5_1	0.1	0	0.0	0	0.0	0	0.0		
Unique Binding	NOT Bound Only	K562	GEMIN5_2	0.0	147428	100.0	2817	0.011581904906218337	144611	-0.9687779936261306	-0.9571960887199122	-0.9763721365519804
Unique Binding	NOT Bound Only	K562	GEMIN5_2	1e-05	25150	17.05917464796375	199	0.005342096210194151	24951	-0.4762509275374412	-0.47090883132724703	-0.977814893709949
Unique Binding	NOT Bound Only	K562	GEMIN5_2	0.0001	403	0.27335377268904143	2	0.00020365320290553483	401	-0.054012289522863834	-0.053808636319958296	-0.992487331487137
Unique Binding	NOT Bound Only	K562	GEMIN5_2	0.001	0	0.0	0	0.0	0	0.0		
Unique Binding	NOT Bound Only	K562	GEMIN5_2	0.01	0	0.0	0	0.0	0	0.0		
Unique Binding	NOT Bound Only	K562	GEMIN5_2	0.1	0	0.0	0	0.0	0	0.0		
Unique Binding	NOT Bound Only	K562	GEMIN5_3	0.0	150417	100.0	146709	1.5580896786326581	3708	-0.09755775957872032	1.4605319190539379	0.8821515289703061
Unique Binding	NOT Bound Only	K562	GEMIN5_3	1e-05	62240	41.37830165473317	59772	1.0240130731957553	2468	-0.09140123285402754	0.9326118403417277	0.8361124967497985
Unique Binding	NOT Bound Only	K562	GEMIN5_3	0.0001	2	0.0013296369426328142	2	0.0002932052648268659	0	0.0	0.0002932052648268659	1.0
Unique Binding	NOT Bound Only	K562	GEMIN5_3	0.001	0	0.0	0	0.0	0	0.0		
Unique Binding	NOT Bound Only	K562	GEMIN5_3	0.01	0	0.0	0	0.0	0	0.0		
Unique Binding	NOT Bound Only	K562	GEMIN5_3	0.1	0	0.0	0	0.0	0	0.0		
Unique Binding	NOT Bound Only	K562	GEMIN5_4	0.0	0	0.0	0	0.0	0	0.0		
Unique Binding	NOT Bound Only	K562	GEMIN5_4	1e-05	0	0.0	0	0.0	0	0.0		
Unique Binding	NOT Bound Only	K562	GEMIN5_4	0.0001	0	0.0	0	0.0	0	0.0		
Unique Binding	NOT Bound Only	K562	GEMIN5_4	0.001	0	0.0	0	0.0	0	0.0		
Unique Binding	NOT Bound Only	K562	GEMIN5_4	0.01	0	0.0	0	0.0	0	0.0		
Unique Binding	NOT Bound Only	K562	GEMIN5_4	0.1	0	0.0	0	0.0	0	0.0		
Unique Binding	NOT Bound Only	K562	GEMIN5_5	0.0	151239	100.0	151239	99.36055613520837	0	0.0	99.36055613520837	1.0
Unique Binding	NOT Bound Only	K562	GEMIN5_5	1e-05	151239	100.0	151239	99.36055613520837	0	0.0	99.36055613520837	1.0
Unique Binding	NOT Bound Only	K562	GEMIN5_5	0.0001	151051	99.87569343886167	151051	99.3459601800976	0	0.0	99.3459601800976	1.0
Unique Binding	NOT Bound Only	K562	GEMIN5_5	0.001	0	0.0	0	0.0	0	0.0		
Unique Binding	NOT Bound Only	K562	GEMIN5_5	0.01	0	0.0	0	0.0	0	0.0		
Unique Binding	NOT Bound Only	K562	GEMIN5_5	0.1	0	0.0	0	0.0	0	0.0		
Unique Binding	NOT Bound Only	K562	GEMIN5_6	0.0	0	0.0	0	0.0	0	0.0		
Unique Binding	NOT Bound Only	K562	GEMIN5_6	1e-05	0	0.0	0	0.0	0	0.0		
Unique Binding	NOT Bound Only	K562	GEMIN5_6	0.0001	0	0.0	0	0.0	0	0.0		
Unique Binding	NOT Bound Only	K562	GEMIN5_6	0.001	0	0.0	0	0.0	0	0.0		
Unique Binding	NOT Bound Only	K562	GEMIN5_6	0.01	0	0.0	0	0.0	0	0.0		
Unique Binding	NOT Bound Only	K562	GEMIN5_6	0.1	0	0.0	0	0.0	0	0.0		
Unique Binding	NOT Bound Only	K562	GNL3_1	0.0	0	0.0	0	0.0	0	0.0		
Unique Binding	NOT Bound Only	K562	GNL3_1	1e-05	0	0.0	0	0.0	0	0.0		
Unique Binding	NOT Bound Only	K562	GNL3_1	0.0001	0	0.0	0	0.0	0	0.0		
Unique Binding	NOT Bound Only	K562	GNL3_1	0.001	0	0.0	0	0.0	0	0.0		
Unique Binding	NOT Bound Only	K562	GNL3_1	0.01	0	0.0	0	0.0	0	0.0		
Unique Binding	NOT Bound Only	K562	GNL3_1	0.1	0	0.0	0	0.0	0	0.0		
Unique Binding	NOT Bound Only	K562	GNL3_2	0.0	0	0.0	0	0.0	0	0.0		
Unique Binding	NOT Bound Only	K562	GNL3_2	1e-05	0	0.0	0	0.0	0	0.0		
Unique Binding	NOT Bound Only	K562	GNL3_2	0.0001	0	0.0	0	0.0	0	0.0		
Unique Binding	NOT Bound Only	K562	GNL3_2	0.001	0	0.0	0	0.0	0	0.0		
Unique Binding	NOT Bound Only	K562	GNL3_2	0.01	0	0.0	0	0.0	0	0.0		
Unique Binding	NOT Bound Only	K562	GNL3_2	0.1	0	0.0	0	0.0	0	0.0		
Unique Binding	NOT Bound Only	K562	GNL3_3	0.0	0	0.0	0	0.0	0	0.0		
Unique Binding	NOT Bound Only	K562	GNL3_3	1e-05	0	0.0	0	0.0	0	0.0		
Unique Binding	NOT Bound Only	K562	GNL3_3	0.0001	0	0.0	0	0.0	0	0.0		
Unique Binding	NOT Bound Only	K562	GNL3_3	0.001	0	0.0	0	0.0	0	0.0		
Unique Binding	NOT Bound Only	K562	GNL3_3	0.01	0	0.0	0	0.0	0	0.0		
Unique Binding	NOT Bound Only	K562	GNL3_3	0.1	0	0.0	0	0.0	0	0.0		
Unique Binding	NOT Bound Only	K562	GNL3_4	0.0	0	0.0	0	0.0	0	0.0		
Unique Binding	NOT Bound Only	K562	GNL3_4	1e-05	0	0.0	0	0.0	0	0.0		
Unique Binding	NOT Bound Only	K562	GNL3_4	0.0001	0	0.0	0	0.0	0	0.0		
Unique Binding	NOT Bound Only	K562	GNL3_4	0.001	0	0.0	0	0.0	0	0.0		
Unique Binding	NOT Bound Only	K562	GNL3_4	0.01	0	0.0	0	0.0	0	0.0		
Unique Binding	NOT Bound Only	K562	GNL3_4	0.1	0	0.0	0	0.0	0	0.0		
Unique Binding	NOT Bound Only	K562	GNL3_5	0.0	0	0.0	0	0.0	0	0.0		
Unique Binding	NOT Bound Only	K562	GNL3_5	1e-05	0	0.0	0	0.0	0	0.0		
Unique Binding	NOT Bound Only	K562	GNL3_5	0.0001	0	0.0	0	0.0	0	0.0		
Unique Binding	NOT Bound Only	K562	GNL3_5	0.001	0	0.0	0	0.0	0	0.0		
Unique Binding	NOT Bound Only	K562	GNL3_5	0.01	0	0.0	0	0.0	0	0.0		
Unique Binding	NOT Bound Only	K562	GNL3_5	0.1	0	0.0	0	0.0	0	0.0		
Unique Binding	NOT Bound Only	K562	GNL3_6	0.0	0	0.0	0	0.0	0	0.0		
Unique Binding	NOT Bound Only	K562	GNL3_6	1e-05	0	0.0	0	0.0	0	0.0		
Unique Binding	NOT Bound Only	K562	GNL3_6	0.0001	0	0.0	0	0.0	0	0.0		
Unique Binding	NOT Bound Only	K562	GNL3_6	0.001	0	0.0	0	0.0	0	0.0		
Unique Binding	NOT Bound Only	K562	GNL3_6	0.01	0	0.0	0	0.0	0	0.0		
Unique Binding	NOT Bound Only	K562	GNL3_6	0.1	0	0.0	0	0.0	0	0.0		
Unique Binding	NOT Bound Only	K562	GPKOW_1	0.0	149958	100.0	144875	4.216262323373655	5083	-0.015491412246888499	4.200770911126767	0.9926784906614532
Unique Binding	NOT Bound Only	K562	GPKOW_1	1e-05	54332	36.23147814721455	53952	3.8849530008591593	380	-0.008408633868051149	3.876544366991108	0.9956805276997392
Unique Binding	NOT Bound Only	K562	GPKOW_1	0.0001	11599	7.734832419744195	11595	2.635549353073274	4	-0.0006673766506263392	2.6348819764226477	0.9994936860516046
Unique Binding	NOT Bound Only	K562	GPKOW_1	0.001	1	0.0006668533856146388	1	0.0010033038626053319	0	0.0	0.0010033038626053319	1.0
Unique Binding	NOT Bound Only	K562	GPKOW_1	0.01	0	0.0	0	0.0	0	0.0		
Unique Binding	NOT Bound Only	K562	GPKOW_1	0.1	0	0.0	0	0.0	0	0.0		
Unique Binding	NOT Bound Only	K562	GPKOW_2	0.0	149931	100.0	149931	23.938399263229154	0	0.0	23.938399263229154	1.0
Unique Binding	NOT Bound Only	K562	GPKOW_2	1e-05	149931	100.0	149931	23.938399263229154	0	0.0	23.938399263229154	1.0
Unique Binding	NOT Bound Only	K562	GPKOW_2	0.0001	101677	67.81586196316972	101677	20.39705147457126	0	0.0	20.39705147457126	1.0
Unique Binding	NOT Bound Only	K562	GPKOW_2	0.001	0	0.0	0	0.0	0	0.0		
Unique Binding	NOT Bound Only	K562	GPKOW_2	0.01	0	0.0	0	0.0	0	0.0		
Unique Binding	NOT Bound Only	K562	GPKOW_2	0.1	0	0.0	0	0.0	0	0.0		
Unique Binding	NOT Bound Only	K562	GPKOW_3	0.0	149441	100.0	3276	0.09058483343161075	146165	-10.529188613210675	-10.438603779779063	-0.982940345406285
Unique Binding	NOT Bound Only	K562	GPKOW_3	1e-05	115288	77.14616470714195	1917	0.08572070363702328	113371	-10.36172211034644	-10.276001406709417	-0.9835901080937645
Unique Binding	NOT Bound Only	K562	GPKOW_3	0.0001	39361	26.338822679184425	190	0.025581686004802883	39171	-7.564429204686371	-7.5388475186815675	-0.9932591174444353
Unique Binding	NOT Bound Only	K562	GPKOW_3	0.001	0	0.0	0	0.0	0	0.0		
Unique Binding	NOT Bound Only	K562	GPKOW_3	0.01	0	0.0	0	0.0	0	0.0		
Unique Binding	NOT Bound Only	K562	GPKOW_3	0.1	0	0.0	0	0.0	0	0.0		
Unique Binding	NOT Bound Only	K562	GPKOW_4	0.0	150363	100.0	43435	2.133803243327558	106928	-3.668387214013848	-1.53458397068629	-0.2644835570236425
Unique Binding	NOT Bound Only	K562	GPKOW_4	1e-05	118923	79.09060074619421	34899	2.1023659791476415	84024	-3.5451058520324685	-1.442739872884827	-0.25546650182819036
Unique Binding	NOT Bound Only	K562	GPKOW_4	0.0001	7576	5.038473560649894	5167	0.879466295723155	2409	-0.27439306498704075	0.6050732307361143	0.524390797821057
Unique Binding	NOT Bound Only	K562	GPKOW_4	0.001	0	0.0	0	0.0	0	0.0		
Unique Binding	NOT Bound Only	K562	GPKOW_4	0.01	0	0.0	0	0.0	0	0.0		
Unique Binding	NOT Bound Only	K562	GPKOW_4	0.1	0	0.0	0	0.0	0	0.0		
Unique Binding	NOT Bound Only	K562	GPKOW_5	0.0	0	0.0	0	0.0	0	0.0		
Unique Binding	NOT Bound Only	K562	GPKOW_5	1e-05	0	0.0	0	0.0	0	0.0		
Unique Binding	NOT Bound Only	K562	GPKOW_5	0.0001	0	0.0	0	0.0	0	0.0		
Unique Binding	NOT Bound Only	K562	GPKOW_5	0.001	0	0.0	0	0.0	0	0.0		
Unique Binding	NOT Bound Only	K562	GPKOW_5	0.01	0	0.0	0	0.0	0	0.0		
Unique Binding	NOT Bound Only	K562	GPKOW_5	0.1	0	0.0	0	0.0	0	0.0		
Unique Binding	NOT Bound Only	K562	GPKOW_6	0.0	150276	100.0	150257	9.3411479108019	19	-0.0013699082532669788	9.339778002548634	0.9997067368176762
Unique Binding	NOT Bound Only	K562	GPKOW_6	1e-05	140070	93.2084963666853	140052	9.272758964895548	18	-0.0013680202563248517	9.271390944639224	0.999704981340343
Unique Binding	NOT Bound Only	K562	GPKOW_6	0.0001	25503	16.970773776251697	25497	3.879555229590662	6	-0.000707133433559264	3.878848096157103	0.9996355228758254
Unique Binding	NOT Bound Only	K562	GPKOW_6	0.001	28	0.018632383081796162	28	0.030305606900619956	0	0.0	0.030305606900619956	1.0
Unique Binding	NOT Bound Only	K562	GPKOW_6	0.01	0	0.0	0	0.0	0	0.0		
Unique Binding	NOT Bound Only	K562	GPKOW_6	0.1	0	0.0	0	0.0	0	0.0		
Unique Binding	NOT Bound Only	K562	GRWD1_1	0.0	147382	100.0	137823	11.22648350368707	9559	-0.24561177473580953	10.98087172895126	0.95718100856471
Unique Binding	NOT Bound Only	K562	GRWD1_1	1e-05	137247	93.1233122090893	131644	11.192559871867633	5603	-0.22794894060251372	10.964610931265119	0.96008077322201
Unique Binding	NOT Bound Only	K562	GRWD1_1	0.0001	34449	23.373953400008144	34126	6.204097429889753	323	-0.06448737791126488	6.139610051978488	0.9794252196026725
Unique Binding	NOT Bound Only	K562	GRWD1_1	0.001	0	0.0	0	0.0	0	0.0		
Unique Binding	NOT Bound Only	K562	GRWD1_1	0.01	0	0.0	0	0.0	0	0.0		
Unique Binding	NOT Bound Only	K562	GRWD1_1	0.1	0	0.0	0	0.0	0	0.0		
Unique Binding	NOT Bound Only	K562	GRWD1_2	0.0	144994	100.0	14693	1.350466410260219	130301	-8.335801442107831	-6.985335031847612	-0.7211585657462355
Unique Binding	NOT Bound Only	K562	GRWD1_2	1e-05	139370	96.12121880905417	12555	1.3427117765519214	126815	-8.316026147816574	-6.973314371264653	-0.7219695187785707
Unique Binding	NOT Bound Only	K562	GRWD1_2	0.0001	22657	15.626163841262397	5550	0.9662152049327948	17107	-2.9400102507783297	-1.973795045845535	-0.5052947066738644
Unique Binding	NOT Bound Only	K562	GRWD1_2	0.001	0	0.0	0	0.0	0	0.0		
Unique Binding	NOT Bound Only	K562	GRWD1_2	0.01	0	0.0	0	0.0	0	0.0		
Unique Binding	NOT Bound Only	K562	GRWD1_2	0.1	0	0.0	0	0.0	0	0.0		
Unique Binding	NOT Bound Only	K562	GRWD1_3	0.0	147412	100.0	277	0.006741123067658374	147135	-123.02516932444667	-123.01842820137901	-0.9998904166725017
Unique Binding	NOT Bound Only	K562	GRWD1_3	1e-05	147119	99.80123734838412	165	0.006204812909576243	146954	-123.024250720322	-123.01804590741243	-0.9998991337082728
Unique Binding	NOT Bound Only	K562	GRWD1_3	0.0001	139630	94.72091824274823	8	0.0011317657317602941	139622	-122.53101954883832	-122.52988778310656	-0.9999815270405422
Unique Binding	NOT Bound Only	K562	GRWD1_3	0.001	45733	31.02393292269286	0	0.0	45733	-80.9195751393766	-80.9195751393766	-1.0
Unique Binding	NOT Bound Only	K562	GRWD1_3	0.01	0	0.0	0	0.0	0	0.0		
Unique Binding	NOT Bound Only	K562	GRWD1_3	0.1	0	0.0	0	0.0	0	0.0		
Unique Binding	NOT Bound Only	K562	GRWD1_4	0.0	146745	100.0	2	0.00011443025967141481	146743	-259.4440386320656	-259.44392420180594	-0.999999117881376
Unique Binding	NOT Bound Only	K562	GRWD1_4	1e-05	146744	99.99931854577669	1	0.00010853355838084911	146743	-259.4440386320656	-259.4439300985072	-0.9999991633377776
Unique Binding	NOT Bound Only	K562	GRWD1_4	0.0001	145681	99.27493270639545	1	0.00010853355838084911	145680	-259.3622564031471	-259.36214786958874	-0.999999163073961
Unique Binding	NOT Bound Only	K562	GRWD1_4	0.001	79467	54.15312276397833	0	0.0	79467	-225.86589772548643	-225.86589772548643	-1.0
Unique Binding	NOT Bound Only	K562	GRWD1_4	0.01	0	0.0	0	0.0	0	0.0		
Unique Binding	NOT Bound Only	K562	GRWD1_4	0.1	0	0.0	0	0.0	0	0.0		
Unique Binding	NOT Bound Only	K562	GRWD1_5	0.0	145345	100.0	135264	19.75743908470744	10081	-1.3870581207290154	18.370380963978423	0.8688019764903759
Unique Binding	NOT Bound Only	K562	GRWD1_5	1e-05	143972	99.05535106126801	134495	19.75333918340214	9477	-1.3840123850378796	18.36932679836426	0.8690458092106168
Unique Binding	NOT Bound Only	K562	GRWD1_5	0.0001	77591	53.384017338057724	73961	16.271236144857887	3630	-1.1146234425862471	15.15661270227164	0.8717781612142761
Unique Binding	NOT Bound Only	K562	GRWD1_5	0.001	165	0.113522997007121	49	0.05256417434030795	116	-0.12240576701332277	-0.06984159267301482	-0.39916337705033794
Unique Binding	NOT Bound Only	K562	GRWD1_5	0.01	0	0.0	0	0.0	0	0.0		
Unique Binding	NOT Bound Only	K562	GRWD1_5	0.1	0	0.0	0	0.0	0	0.0		
Unique Binding	NOT Bound Only	K562	GRWD1_6	0.0	145871	100.0	145867	125.34578140105701	4	-0.00043664133118328694	125.34534475972583	0.9999930330354119
Unique Binding	NOT Bound Only	K562	GRWD1_6	1e-05	145871	100.0	145867	125.34578140105701	4	-0.00043664133118328694	125.34534475972583	0.9999930330354119
Unique Binding	NOT Bound Only	K562	GRWD1_6	0.0001	145673	99.8642636301938	145671	125.33022039466016	2	-0.0003664292505799897	125.32985396540958	0.999994152596587
Unique Binding	NOT Bound Only	K562	GRWD1_6	0.001	45982	31.52237250721528	45982	72.82398785733838	0	0.0	72.82398785733838	1.0
Unique Binding	NOT Bound Only	K562	GRWD1_6	0.01	0	0.0	0	0.0	0	0.0		
Unique Binding	NOT Bound Only	K562	GRWD1_6	0.1	0	0.0	0	0.0	0	0.0		
Unique Binding	NOT Bound Only	K562	GTF2F1_1	0.0	150973	100.0	18816	0.5470436940006511	132157	-0.9555062996630118	-0.4084626056623607	-0.27184626627058683
Unique Binding	NOT Bound Only	K562	GTF2F1_1	1e-05	36563	24.218237698131453	14568	0.5251591047604516	21995	-0.2551067214297868	0.2700523833306648	0.34610305137831665
Unique Binding	NOT Bound Only	K562	GTF2F1_1	0.0001	139	0.09206944288051505	139	0.016915992752446547	0	0.0	0.016915992752446547	1.0
Unique Binding	NOT Bound Only	K562	GTF2F1_1	0.001	0	0.0	0	0.0	0	0.0		
Unique Binding	NOT Bound Only	K562	GTF2F1_1	0.01	0	0.0	0	0.0	0	0.0		
Unique Binding	NOT Bound Only	K562	GTF2F1_1	0.1	0	0.0	0	0.0	0	0.0		
Unique Binding	NOT Bound Only	K562	GTF2F1_2	0.0	42260	28.3428234173692	28122	0.5684056083302076	14138	-0.1496711676263789	0.4187344407038287	0.5831332452522383
Unique Binding	NOT Bound Only	K562	GTF2F1_2	1e-05	19884	13.335747771674614	16564	0.526872477308395	3320	-0.12654333526449857	0.40032914204389647	0.6126713408840816
Unique Binding	NOT Bound Only	K562	GTF2F1_2	0.0001	371	0.248821284615333	265	0.03220798692629284	106	-0.023464284805064795	0.008743702121228047	0.1570566791924735
Unique Binding	NOT Bound Only	K562	GTF2F1_2	0.001	0	0.0	0	0.0	0	0.0		
Unique Binding	NOT Bound Only	K562	GTF2F1_2	0.01	0	0.0	0	0.0	0	0.0		
Unique Binding	NOT Bound Only	K562	GTF2F1_2	0.1	0	0.0	0	0.0	0	0.0		
Unique Binding	NOT Bound Only	K562	GTF2F1_3	0.0	0	0.0	0	0.0	0	0.0		
Unique Binding	NOT Bound Only	K562	GTF2F1_3	1e-05	0	0.0	0	0.0	0	0.0		
Unique Binding	NOT Bound Only	K562	GTF2F1_3	0.0001	0	0.0	0	0.0	0	0.0		
Unique Binding	NOT Bound Only	K562	GTF2F1_3	0.001	0	0.0	0	0.0	0	0.0		
Unique Binding	NOT Bound Only	K562	GTF2F1_3	0.01	0	0.0	0	0.0	0	0.0		
Unique Binding	NOT Bound Only	K562	GTF2F1_3	0.1	0	0.0	0	0.0	0	0.0		
Unique Binding	NOT Bound Only	K562	GTF2F1_4	0.0	0	0.0	0	0.0	0	0.0		
Unique Binding	NOT Bound Only	K562	GTF2F1_4	1e-05	0	0.0	0	0.0	0	0.0		
Unique Binding	NOT Bound Only	K562	GTF2F1_4	0.0001	0	0.0	0	0.0	0	0.0		
Unique Binding	NOT Bound Only	K562	GTF2F1_4	0.001	0	0.0	0	0.0	0	0.0		
Unique Binding	NOT Bound Only	K562	GTF2F1_4	0.01	0	0.0	0	0.0	0	0.0		
Unique Binding	NOT Bound Only	K562	GTF2F1_4	0.1	0	0.0	0	0.0	0	0.0		
Unique Binding	NOT Bound Only	K562	GTF2F1_5	0.0	0	0.0	0	0.0	0	0.0		
Unique Binding	NOT Bound Only	K562	GTF2F1_5	1e-05	0	0.0	0	0.0	0	0.0		
Unique Binding	NOT Bound Only	K562	GTF2F1_5	0.0001	0	0.0	0	0.0	0	0.0		
Unique Binding	NOT Bound Only	K562	GTF2F1_5	0.001	0	0.0	0	0.0	0	0.0		
Unique Binding	NOT Bound Only	K562	GTF2F1_5	0.01	0	0.0	0	0.0	0	0.0		
Unique Binding	NOT Bound Only	K562	GTF2F1_5	0.1	0	0.0	0	0.0	0	0.0		
Unique Binding	NOT Bound Only	K562	GTF2F1_6	0.0	0	0.0	0	0.0	0	0.0		
Unique Binding	NOT Bound Only	K562	GTF2F1_6	1e-05	0	0.0	0	0.0	0	0.0		
Unique Binding	NOT Bound Only	K562	GTF2F1_6	0.0001	0	0.0	0	0.0	0	0.0		
Unique Binding	NOT Bound Only	K562	GTF2F1_6	0.001	0	0.0	0	0.0	0	0.0		
Unique Binding	NOT Bound Only	K562	GTF2F1_6	0.01	0	0.0	0	0.0	0	0.0		
Unique Binding	NOT Bound Only	K562	GTF2F1_6	0.1	0	0.0	0	0.0	0	0.0		
Unique Binding	NOT Bound Only	K562	HLTF_1	0.0	0	0.0	0	0.0	0	0.0		
Unique Binding	NOT Bound Only	K562	HLTF_1	1e-05	0	0.0	0	0.0	0	0.0		
Unique Binding	NOT Bound Only	K562	HLTF_1	0.0001	0	0.0	0	0.0	0	0.0		
Unique Binding	NOT Bound Only	K562	HLTF_1	0.001	0	0.0	0	0.0	0	0.0		
Unique Binding	NOT Bound Only	K562	HLTF_1	0.01	0	0.0	0	0.0	0	0.0		
Unique Binding	NOT Bound Only	K562	HLTF_1	0.1	0	0.0	0	0.0	0	0.0		
Unique Binding	NOT Bound Only	K562	HLTF_2	0.0	0	0.0	0	0.0	0	0.0		
Unique Binding	NOT Bound Only	K562	HLTF_2	1e-05	0	0.0	0	0.0	0	0.0		
Unique Binding	NOT Bound Only	K562	HLTF_2	0.0001	0	0.0	0	0.0	0	0.0		
Unique Binding	NOT Bound Only	K562	HLTF_2	0.001	0	0.0	0	0.0	0	0.0		
Unique Binding	NOT Bound Only	K562	HLTF_2	0.01	0	0.0	0	0.0	0	0.0		
Unique Binding	NOT Bound Only	K562	HLTF_2	0.1	0	0.0	0	0.0	0	0.0		
Unique Binding	NOT Bound Only	K562	HLTF_3	0.0	0	0.0	0	0.0	0	0.0		
Unique Binding	NOT Bound Only	K562	HLTF_3	1e-05	0	0.0	0	0.0	0	0.0		
Unique Binding	NOT Bound Only	K562	HLTF_3	0.0001	0	0.0	0	0.0	0	0.0		
Unique Binding	NOT Bound Only	K562	HLTF_3	0.001	0	0.0	0	0.0	0	0.0		
Unique Binding	NOT Bound Only	K562	HLTF_3	0.01	0	0.0	0	0.0	0	0.0		
Unique Binding	NOT Bound Only	K562	HLTF_3	0.1	0	0.0	0	0.0	0	0.0		
Unique Binding	NOT Bound Only	K562	HLTF_4	0.0	0	0.0	0	0.0	0	0.0		
Unique Binding	NOT Bound Only	K562	HLTF_4	1e-05	0	0.0	0	0.0	0	0.0		
Unique Binding	NOT Bound Only	K562	HLTF_4	0.0001	0	0.0	0	0.0	0	0.0		
Unique Binding	NOT Bound Only	K562	HLTF_4	0.001	0	0.0	0	0.0	0	0.0		
Unique Binding	NOT Bound Only	K562	HLTF_4	0.01	0	0.0	0	0.0	0	0.0		
Unique Binding	NOT Bound Only	K562	HLTF_4	0.1	0	0.0	0	0.0	0	0.0		
Unique Binding	NOT Bound Only	K562	HLTF_5	0.0	0	0.0	0	0.0	0	0.0		
Unique Binding	NOT Bound Only	K562	HLTF_5	1e-05	0	0.0	0	0.0	0	0.0		
Unique Binding	NOT Bound Only	K562	HLTF_5	0.0001	0	0.0	0	0.0	0	0.0		
Unique Binding	NOT Bound Only	K562	HLTF_5	0.001	0	0.0	0	0.0	0	0.0		
Unique Binding	NOT Bound Only	K562	HLTF_5	0.01	0	0.0	0	0.0	0	0.0		
Unique Binding	NOT Bound Only	K562	HLTF_5	0.1	0	0.0	0	0.0	0	0.0		
Unique Binding	NOT Bound Only	K562	HLTF_6	0.0	0	0.0	0	0.0	0	0.0		
Unique Binding	NOT Bound Only	K562	HLTF_6	1e-05	0	0.0	0	0.0	0	0.0		
Unique Binding	NOT Bound Only	K562	HLTF_6	0.0001	0	0.0	0	0.0	0	0.0		
Unique Binding	NOT Bound Only	K562	HLTF_6	0.001	0	0.0	0	0.0	0	0.0		
Unique Binding	NOT Bound Only	K562	HLTF_6	0.01	0	0.0	0	0.0	0	0.0		
Unique Binding	NOT Bound Only	K562	HLTF_6	0.1	0	0.0	0	0.0	0	0.0		
Unique Binding	NOT Bound Only	K562	HNRNPA1_1	0.0	0	0.0	0	0.0	0	0.0		
Unique Binding	NOT Bound Only	K562	HNRNPA1_1	1e-05	0	0.0	0	0.0	0	0.0		
Unique Binding	NOT Bound Only	K562	HNRNPA1_1	0.0001	0	0.0	0	0.0	0	0.0		
Unique Binding	NOT Bound Only	K562	HNRNPA1_1	0.001	0	0.0	0	0.0	0	0.0		
Unique Binding	NOT Bound Only	K562	HNRNPA1_1	0.01	0	0.0	0	0.0	0	0.0		
Unique Binding	NOT Bound Only	K562	HNRNPA1_1	0.1	0	0.0	0	0.0	0	0.0		
Unique Binding	NOT Bound Only	K562	HNRNPA1_2	0.0	0	0.0	0	0.0	0	0.0		
Unique Binding	NOT Bound Only	K562	HNRNPA1_2	1e-05	0	0.0	0	0.0	0	0.0		
Unique Binding	NOT Bound Only	K562	HNRNPA1_2	0.0001	0	0.0	0	0.0	0	0.0		
Unique Binding	NOT Bound Only	K562	HNRNPA1_2	0.001	0	0.0	0	0.0	0	0.0		
Unique Binding	NOT Bound Only	K562	HNRNPA1_2	0.01	0	0.0	0	0.0	0	0.0		
Unique Binding	NOT Bound Only	K562	HNRNPA1_2	0.1	0	0.0	0	0.0	0	0.0		
Unique Binding	NOT Bound Only	K562	HNRNPA1_3	0.0	0	0.0	0	0.0	0	0.0		
Unique Binding	NOT Bound Only	K562	HNRNPA1_3	1e-05	0	0.0	0	0.0	0	0.0		
Unique Binding	NOT Bound Only	K562	HNRNPA1_3	0.0001	0	0.0	0	0.0	0	0.0		
Unique Binding	NOT Bound Only	K562	HNRNPA1_3	0.001	0	0.0	0	0.0	0	0.0		
Unique Binding	NOT Bound Only	K562	HNRNPA1_3	0.01	0	0.0	0	0.0	0	0.0		
Unique Binding	NOT Bound Only	K562	HNRNPA1_3	0.1	0	0.0	0	0.0	0	0.0		
Unique Binding	NOT Bound Only	K562	HNRNPA1_4	0.0	0	0.0	0	0.0	0	0.0		
Unique Binding	NOT Bound Only	K562	HNRNPA1_4	1e-05	0	0.0	0	0.0	0	0.0		
Unique Binding	NOT Bound Only	K562	HNRNPA1_4	0.0001	0	0.0	0	0.0	0	0.0		
Unique Binding	NOT Bound Only	K562	HNRNPA1_4	0.001	0	0.0	0	0.0	0	0.0		
Unique Binding	NOT Bound Only	K562	HNRNPA1_4	0.01	0	0.0	0	0.0	0	0.0		
Unique Binding	NOT Bound Only	K562	HNRNPA1_4	0.1	0	0.0	0	0.0	0	0.0		
Unique Binding	NOT Bound Only	K562	HNRNPA1_5	0.0	0	0.0	0	0.0	0	0.0		
Unique Binding	NOT Bound Only	K562	HNRNPA1_5	1e-05	0	0.0	0	0.0	0	0.0		
Unique Binding	NOT Bound Only	K562	HNRNPA1_5	0.0001	0	0.0	0	0.0	0	0.0		
Unique Binding	NOT Bound Only	K562	HNRNPA1_5	0.001	0	0.0	0	0.0	0	0.0		
Unique Binding	NOT Bound Only	K562	HNRNPA1_5	0.01	0	0.0	0	0.0	0	0.0		
Unique Binding	NOT Bound Only	K562	HNRNPA1_5	0.1	0	0.0	0	0.0	0	0.0		
Unique Binding	NOT Bound Only	K562	HNRNPA1_6	0.0	0	0.0	0	0.0	0	0.0		
Unique Binding	NOT Bound Only	K562	HNRNPA1_6	1e-05	0	0.0	0	0.0	0	0.0		
Unique Binding	NOT Bound Only	K562	HNRNPA1_6	0.0001	0	0.0	0	0.0	0	0.0		
Unique Binding	NOT Bound Only	K562	HNRNPA1_6	0.001	0	0.0	0	0.0	0	0.0		
Unique Binding	NOT Bound Only	K562	HNRNPA1_6	0.01	0	0.0	0	0.0	0	0.0		
Unique Binding	NOT Bound Only	K562	HNRNPA1_6	0.1	0	0.0	0	0.0	0	0.0		
Unique Binding	NOT Bound Only	K562	HNRNPC_1	0.0	0	0.0	0	0.0	0	0.0		
Unique Binding	NOT Bound Only	K562	HNRNPC_1	1e-05	0	0.0	0	0.0	0	0.0		
Unique Binding	NOT Bound Only	K562	HNRNPC_1	0.0001	0	0.0	0	0.0	0	0.0		
Unique Binding	NOT Bound Only	K562	HNRNPC_1	0.001	0	0.0	0	0.0	0	0.0		
Unique Binding	NOT Bound Only	K562	HNRNPC_1	0.01	0	0.0	0	0.0	0	0.0		
Unique Binding	NOT Bound Only	K562	HNRNPC_1	0.1	0	0.0	0	0.0	0	0.0		
Unique Binding	NOT Bound Only	K562	HNRNPC_2	0.0	0	0.0	0	0.0	0	0.0		
Unique Binding	NOT Bound Only	K562	HNRNPC_2	1e-05	0	0.0	0	0.0	0	0.0		
Unique Binding	NOT Bound Only	K562	HNRNPC_2	0.0001	0	0.0	0	0.0	0	0.0		
Unique Binding	NOT Bound Only	K562	HNRNPC_2	0.001	0	0.0	0	0.0	0	0.0		
Unique Binding	NOT Bound Only	K562	HNRNPC_2	0.01	0	0.0	0	0.0	0	0.0		
Unique Binding	NOT Bound Only	K562	HNRNPC_2	0.1	0	0.0	0	0.0	0	0.0		
Unique Binding	NOT Bound Only	K562	HNRNPC_3	0.0	0	0.0	0	0.0	0	0.0		
Unique Binding	NOT Bound Only	K562	HNRNPC_3	1e-05	0	0.0	0	0.0	0	0.0		
Unique Binding	NOT Bound Only	K562	HNRNPC_3	0.0001	0	0.0	0	0.0	0	0.0		
Unique Binding	NOT Bound Only	K562	HNRNPC_3	0.001	0	0.0	0	0.0	0	0.0		
Unique Binding	NOT Bound Only	K562	HNRNPC_3	0.01	0	0.0	0	0.0	0	0.0		
Unique Binding	NOT Bound Only	K562	HNRNPC_3	0.1	0	0.0	0	0.0	0	0.0		
Unique Binding	NOT Bound Only	K562	HNRNPC_4	0.0	0	0.0	0	0.0	0	0.0		
Unique Binding	NOT Bound Only	K562	HNRNPC_4	1e-05	0	0.0	0	0.0	0	0.0		
Unique Binding	NOT Bound Only	K562	HNRNPC_4	0.0001	0	0.0	0	0.0	0	0.0		
Unique Binding	NOT Bound Only	K562	HNRNPC_4	0.001	0	0.0	0	0.0	0	0.0		
Unique Binding	NOT Bound Only	K562	HNRNPC_4	0.01	0	0.0	0	0.0	0	0.0		
Unique Binding	NOT Bound Only	K562	HNRNPC_4	0.1	0	0.0	0	0.0	0	0.0		
Unique Binding	NOT Bound Only	K562	HNRNPC_5	0.0	0	0.0	0	0.0	0	0.0		
Unique Binding	NOT Bound Only	K562	HNRNPC_5	1e-05	0	0.0	0	0.0	0	0.0		
Unique Binding	NOT Bound Only	K562	HNRNPC_5	0.0001	0	0.0	0	0.0	0	0.0		
Unique Binding	NOT Bound Only	K562	HNRNPC_5	0.001	0	0.0	0	0.0	0	0.0		
Unique Binding	NOT Bound Only	K562	HNRNPC_5	0.01	0	0.0	0	0.0	0	0.0		
Unique Binding	NOT Bound Only	K562	HNRNPC_5	0.1	0	0.0	0	0.0	0	0.0		
Unique Binding	NOT Bound Only	K562	HNRNPC_6	0.0	0	0.0	0	0.0	0	0.0		
Unique Binding	NOT Bound Only	K562	HNRNPC_6	1e-05	0	0.0	0	0.0	0	0.0		
Unique Binding	NOT Bound Only	K562	HNRNPC_6	0.0001	0	0.0	0	0.0	0	0.0		
Unique Binding	NOT Bound Only	K562	HNRNPC_6	0.001	0	0.0	0	0.0	0	0.0		
Unique Binding	NOT Bound Only	K562	HNRNPC_6	0.01	0	0.0	0	0.0	0	0.0		
Unique Binding	NOT Bound Only	K562	HNRNPC_6	0.1	0	0.0	0	0.0	0	0.0		
Unique Binding	NOT Bound Only	K562	HNRNPK_1	0.0	0	0.0	0	0.0	0	0.0		
Unique Binding	NOT Bound Only	K562	HNRNPK_1	1e-05	0	0.0	0	0.0	0	0.0		
Unique Binding	NOT Bound Only	K562	HNRNPK_1	0.0001	0	0.0	0	0.0	0	0.0		
Unique Binding	NOT Bound Only	K562	HNRNPK_1	0.001	0	0.0	0	0.0	0	0.0		
Unique Binding	NOT Bound Only	K562	HNRNPK_1	0.01	0	0.0	0	0.0	0	0.0		
Unique Binding	NOT Bound Only	K562	HNRNPK_1	0.1	0	0.0	0	0.0	0	0.0		
Unique Binding	NOT Bound Only	K562	HNRNPK_2	0.0	0	0.0	0	0.0	0	0.0		
Unique Binding	NOT Bound Only	K562	HNRNPK_2	1e-05	0	0.0	0	0.0	0	0.0		
Unique Binding	NOT Bound Only	K562	HNRNPK_2	0.0001	0	0.0	0	0.0	0	0.0		
Unique Binding	NOT Bound Only	K562	HNRNPK_2	0.001	0	0.0	0	0.0	0	0.0		
Unique Binding	NOT Bound Only	K562	HNRNPK_2	0.01	0	0.0	0	0.0	0	0.0		
Unique Binding	NOT Bound Only	K562	HNRNPK_2	0.1	0	0.0	0	0.0	0	0.0		
Unique Binding	NOT Bound Only	K562	HNRNPK_3	0.0	0	0.0	0	0.0	0	0.0		
Unique Binding	NOT Bound Only	K562	HNRNPK_3	1e-05	0	0.0	0	0.0	0	0.0		
Unique Binding	NOT Bound Only	K562	HNRNPK_3	0.0001	0	0.0	0	0.0	0	0.0		
Unique Binding	NOT Bound Only	K562	HNRNPK_3	0.001	0	0.0	0	0.0	0	0.0		
Unique Binding	NOT Bound Only	K562	HNRNPK_3	0.01	0	0.0	0	0.0	0	0.0		
Unique Binding	NOT Bound Only	K562	HNRNPK_3	0.1	0	0.0	0	0.0	0	0.0		
Unique Binding	NOT Bound Only	K562	HNRNPK_4	0.0	151526	100.0	150719	68.65518637054336	807	-0.12910434699206505	68.5260820235513	0.996246109521657
Unique Binding	NOT Bound Only	K562	HNRNPK_4	1e-05	151462	99.95776302416746	150694	68.65509846698691	768	-0.1289926743671424	68.52610579261977	0.9962493456778528
Unique Binding	NOT Bound Only	K562	HNRNPK_4	0.0001	150207	99.12952232620145	149533	68.56533293347594	674	-0.1248324024104081	68.44050053106554	0.9963653486114064
Unique Binding	NOT Bound Only	K562	HNRNPK_4	0.001	2968	1.9587397542335967	2968	3.157562860147499	0	0.0	3.157562860147499	1.0
Unique Binding	NOT Bound Only	K562	HNRNPK_4	0.01	0	0.0	0	0.0	0	0.0		
Unique Binding	NOT Bound Only	K562	HNRNPK_4	0.1	0	0.0	0	0.0	0	0.0		
Unique Binding	NOT Bound Only	K562	HNRNPK_5	0.0	41107	27.099704656927376	38224	0.22055636426702285	2883	-0.16767254905404844	0.05288381521297442	0.1362181264671513
Unique Binding	NOT Bound Only	K562	HNRNPK_5	1e-05	7826	5.159274299878698	5894	0.10584975060535304	1932	-0.16363886066385297	-0.05778911005849993	-0.2144398970566197
Unique Binding	NOT Bound Only	K562	HNRNPK_5	0.0001	647	0.4265334106850905	17	0.0019166784879315326	630	-0.11730078872697765	-0.11538411023904611	-0.9678456767668717
Unique Binding	NOT Bound Only	K562	HNRNPK_5	0.001	0	0.0	0	0.0	0	0.0		
Unique Binding	NOT Bound Only	K562	HNRNPK_5	0.01	0	0.0	0	0.0	0	0.0		
Unique Binding	NOT Bound Only	K562	HNRNPK_5	0.1	0	0.0	0	0.0	0	0.0		
Unique Binding	NOT Bound Only	K562	HNRNPK_6	0.0	0	0.0	0	0.0	0	0.0		
Unique Binding	NOT Bound Only	K562	HNRNPK_6	1e-05	0	0.0	0	0.0	0	0.0		
Unique Binding	NOT Bound Only	K562	HNRNPK_6	0.0001	0	0.0	0	0.0	0	0.0		
Unique Binding	NOT Bound Only	K562	HNRNPK_6	0.001	0	0.0	0	0.0	0	0.0		
Unique Binding	NOT Bound Only	K562	HNRNPK_6	0.01	0	0.0	0	0.0	0	0.0		
Unique Binding	NOT Bound Only	K562	HNRNPK_6	0.1	0	0.0	0	0.0	0	0.0		
Unique Binding	NOT Bound Only	K562	HNRNPL_1	0.0	0	0.0	0	0.0	0	0.0		
Unique Binding	NOT Bound Only	K562	HNRNPL_1	1e-05	0	0.0	0	0.0	0	0.0		
Unique Binding	NOT Bound Only	K562	HNRNPL_1	0.0001	0	0.0	0	0.0	0	0.0		
Unique Binding	NOT Bound Only	K562	HNRNPL_1	0.001	0	0.0	0	0.0	0	0.0		
Unique Binding	NOT Bound Only	K562	HNRNPL_1	0.01	0	0.0	0	0.0	0	0.0		
Unique Binding	NOT Bound Only	K562	HNRNPL_1	0.1	0	0.0	0	0.0	0	0.0		
Unique Binding	NOT Bound Only	K562	HNRNPL_2	0.0	0	0.0	0	0.0	0	0.0		
Unique Binding	NOT Bound Only	K562	HNRNPL_2	1e-05	0	0.0	0	0.0	0	0.0		
Unique Binding	NOT Bound Only	K562	HNRNPL_2	0.0001	0	0.0	0	0.0	0	0.0		
Unique Binding	NOT Bound Only	K562	HNRNPL_2	0.001	0	0.0	0	0.0	0	0.0		
Unique Binding	NOT Bound Only	K562	HNRNPL_2	0.01	0	0.0	0	0.0	0	0.0		
Unique Binding	NOT Bound Only	K562	HNRNPL_2	0.1	0	0.0	0	0.0	0	0.0		
Unique Binding	NOT Bound Only	K562	HNRNPL_3	0.0	0	0.0	0	0.0	0	0.0		
Unique Binding	NOT Bound Only	K562	HNRNPL_3	1e-05	0	0.0	0	0.0	0	0.0		
Unique Binding	NOT Bound Only	K562	HNRNPL_3	0.0001	0	0.0	0	0.0	0	0.0		
Unique Binding	NOT Bound Only	K562	HNRNPL_3	0.001	0	0.0	0	0.0	0	0.0		
Unique Binding	NOT Bound Only	K562	HNRNPL_3	0.01	0	0.0	0	0.0	0	0.0		
Unique Binding	NOT Bound Only	K562	HNRNPL_3	0.1	0	0.0	0	0.0	0	0.0		
Unique Binding	NOT Bound Only	K562	HNRNPL_4	0.0	0	0.0	0	0.0	0	0.0		
Unique Binding	NOT Bound Only	K562	HNRNPL_4	1e-05	0	0.0	0	0.0	0	0.0		
Unique Binding	NOT Bound Only	K562	HNRNPL_4	0.0001	0	0.0	0	0.0	0	0.0		
Unique Binding	NOT Bound Only	K562	HNRNPL_4	0.001	0	0.0	0	0.0	0	0.0		
Unique Binding	NOT Bound Only	K562	HNRNPL_4	0.01	0	0.0	0	0.0	0	0.0		
Unique Binding	NOT Bound Only	K562	HNRNPL_4	0.1	0	0.0	0	0.0	0	0.0		
Unique Binding	NOT Bound Only	K562	HNRNPL_5	0.0	0	0.0	0	0.0	0	0.0		
Unique Binding	NOT Bound Only	K562	HNRNPL_5	1e-05	0	0.0	0	0.0	0	0.0		
Unique Binding	NOT Bound Only	K562	HNRNPL_5	0.0001	0	0.0	0	0.0	0	0.0		
Unique Binding	NOT Bound Only	K562	HNRNPL_5	0.001	0	0.0	0	0.0	0	0.0		
Unique Binding	NOT Bound Only	K562	HNRNPL_5	0.01	0	0.0	0	0.0	0	0.0		
Unique Binding	NOT Bound Only	K562	HNRNPL_5	0.1	0	0.0	0	0.0	0	0.0		
Unique Binding	NOT Bound Only	K562	HNRNPL_6	0.0	0	0.0	0	0.0	0	0.0		
Unique Binding	NOT Bound Only	K562	HNRNPL_6	1e-05	0	0.0	0	0.0	0	0.0		
Unique Binding	NOT Bound Only	K562	HNRNPL_6	0.0001	0	0.0	0	0.0	0	0.0		
Unique Binding	NOT Bound Only	K562	HNRNPL_6	0.001	0	0.0	0	0.0	0	0.0		
Unique Binding	NOT Bound Only	K562	HNRNPL_6	0.01	0	0.0	0	0.0	0	0.0		
Unique Binding	NOT Bound Only	K562	HNRNPL_6	0.1	0	0.0	0	0.0	0	0.0		
Unique Binding	NOT Bound Only	K562	HNRNPM_1	0.0	0	0.0	0	0.0	0	0.0		
Unique Binding	NOT Bound Only	K562	HNRNPM_1	1e-05	0	0.0	0	0.0	0	0.0		
Unique Binding	NOT Bound Only	K562	HNRNPM_1	0.0001	0	0.0	0	0.0	0	0.0		
Unique Binding	NOT Bound Only	K562	HNRNPM_1	0.001	0	0.0	0	0.0	0	0.0		
Unique Binding	NOT Bound Only	K562	HNRNPM_1	0.01	0	0.0	0	0.0	0	0.0		
Unique Binding	NOT Bound Only	K562	HNRNPM_1	0.1	0	0.0	0	0.0	0	0.0		
Unique Binding	NOT Bound Only	K562	HNRNPM_2	0.0	0	0.0	0	0.0	0	0.0		
Unique Binding	NOT Bound Only	K562	HNRNPM_2	1e-05	0	0.0	0	0.0	0	0.0		
Unique Binding	NOT Bound Only	K562	HNRNPM_2	0.0001	0	0.0	0	0.0	0	0.0		
Unique Binding	NOT Bound Only	K562	HNRNPM_2	0.001	0	0.0	0	0.0	0	0.0		
Unique Binding	NOT Bound Only	K562	HNRNPM_2	0.01	0	0.0	0	0.0	0	0.0		
Unique Binding	NOT Bound Only	K562	HNRNPM_2	0.1	0	0.0	0	0.0	0	0.0		
Unique Binding	NOT Bound Only	K562	HNRNPM_3	0.0	0	0.0	0	0.0	0	0.0		
Unique Binding	NOT Bound Only	K562	HNRNPM_3	1e-05	0	0.0	0	0.0	0	0.0		
Unique Binding	NOT Bound Only	K562	HNRNPM_3	0.0001	0	0.0	0	0.0	0	0.0		
Unique Binding	NOT Bound Only	K562	HNRNPM_3	0.001	0	0.0	0	0.0	0	0.0		
Unique Binding	NOT Bound Only	K562	HNRNPM_3	0.01	0	0.0	0	0.0	0	0.0		
Unique Binding	NOT Bound Only	K562	HNRNPM_3	0.1	0	0.0	0	0.0	0	0.0		
Unique Binding	NOT Bound Only	K562	HNRNPM_4	0.0	0	0.0	0	0.0	0	0.0		
Unique Binding	NOT Bound Only	K562	HNRNPM_4	1e-05	0	0.0	0	0.0	0	0.0		
Unique Binding	NOT Bound Only	K562	HNRNPM_4	0.0001	0	0.0	0	0.0	0	0.0		
Unique Binding	NOT Bound Only	K562	HNRNPM_4	0.001	0	0.0	0	0.0	0	0.0		
Unique Binding	NOT Bound Only	K562	HNRNPM_4	0.01	0	0.0	0	0.0	0	0.0		
Unique Binding	NOT Bound Only	K562	HNRNPM_4	0.1	0	0.0	0	0.0	0	0.0		
Unique Binding	NOT Bound Only	K562	HNRNPM_5	0.0	40065	26.34919173451537	39634	5.234995064039489	431	-0.06060680958872022	5.174388254450768	0.9771105113129676
Unique Binding	NOT Bound Only	K562	HNRNPM_5	1e-05	39934	26.263038131190235	39505	5.233907809419339	429	-0.06059222063354748	5.173315588785791	0.9771112587441264
Unique Binding	NOT Bound Only	K562	HNRNPM_5	0.0001	22619	14.875636287108525	22368	4.364162391852275	251	-0.0497928627328986	4.314369529119377	0.9774384379265403
Unique Binding	NOT Bound Only	K562	HNRNPM_5	0.001	0	0.0	0	0.0	0	0.0		
Unique Binding	NOT Bound Only	K562	HNRNPM_5	0.01	0	0.0	0	0.0	0	0.0		
Unique Binding	NOT Bound Only	K562	HNRNPM_5	0.1	0	0.0	0	0.0	0	0.0		
Unique Binding	NOT Bound Only	K562	HNRNPM_6	0.0	151945	100.0	151934	12.667616550824373	11	-4.591874613098481e-05	12.667570632078242	0.9999927502416106
Unique Binding	NOT Bound Only	K562	HNRNPM_6	1e-05	151401	99.64197571489683	151400	12.663643171762354	1	-1.3856425279605356e-05	12.663629315337074	0.999997811623412
Unique Binding	NOT Bound Only	K562	HNRNPM_6	0.0001	46279	30.457731415972884	46279	6.957854554933318	0	0.0	6.957854554933318	1.0
Unique Binding	NOT Bound Only	K562	HNRNPM_6	0.001	0	0.0	0	0.0	0	0.0		
Unique Binding	NOT Bound Only	K562	HNRNPM_6	0.01	0	0.0	0	0.0	0	0.0		
Unique Binding	NOT Bound Only	K562	HNRNPM_6	0.1	0	0.0	0	0.0	0	0.0		
Unique Binding	NOT Bound Only	K562	HNRNPUL1_1	0.0	152038	100.0	0	0.0	152038	-1.2306177366469837	-1.2306177366469837	-1.0
Unique Binding	NOT Bound Only	K562	HNRNPUL1_1	1e-05	44828	29.484734079637988	0	0.0	44828	-0.7993155331455569	-0.7993155331455569	-1.0
Unique Binding	NOT Bound Only	K562	HNRNPUL1_1	0.0001	0	0.0	0	0.0	0	0.0		
Unique Binding	NOT Bound Only	K562	HNRNPUL1_1	0.001	0	0.0	0	0.0	0	0.0		
Unique Binding	NOT Bound Only	K562	HNRNPUL1_1	0.01	0	0.0	0	0.0	0	0.0		
Unique Binding	NOT Bound Only	K562	HNRNPUL1_1	0.1	0	0.0	0	0.0	0	0.0		
Unique Binding	NOT Bound Only	K562	HNRNPUL1_2	0.0	0	0.0	0	0.0	0	0.0		
Unique Binding	NOT Bound Only	K562	HNRNPUL1_2	1e-05	0	0.0	0	0.0	0	0.0		
Unique Binding	NOT Bound Only	K562	HNRNPUL1_2	0.0001	0	0.0	0	0.0	0	0.0		
Unique Binding	NOT Bound Only	K562	HNRNPUL1_2	0.001	0	0.0	0	0.0	0	0.0		
Unique Binding	NOT Bound Only	K562	HNRNPUL1_2	0.01	0	0.0	0	0.0	0	0.0		
Unique Binding	NOT Bound Only	K562	HNRNPUL1_2	0.1	0	0.0	0	0.0	0	0.0		
Unique Binding	NOT Bound Only	K562	HNRNPUL1_3	0.0	0	0.0	0	0.0	0	0.0		
Unique Binding	NOT Bound Only	K562	HNRNPUL1_3	1e-05	0	0.0	0	0.0	0	0.0		
Unique Binding	NOT Bound Only	K562	HNRNPUL1_3	0.0001	0	0.0	0	0.0	0	0.0		
Unique Binding	NOT Bound Only	K562	HNRNPUL1_3	0.001	0	0.0	0	0.0	0	0.0		
Unique Binding	NOT Bound Only	K562	HNRNPUL1_3	0.01	0	0.0	0	0.0	0	0.0		
Unique Binding	NOT Bound Only	K562	HNRNPUL1_3	0.1	0	0.0	0	0.0	0	0.0		
Unique Binding	NOT Bound Only	K562	HNRNPUL1_4	0.0	0	0.0	0	0.0	0	0.0		
Unique Binding	NOT Bound Only	K562	HNRNPUL1_4	1e-05	0	0.0	0	0.0	0	0.0		
Unique Binding	NOT Bound Only	K562	HNRNPUL1_4	0.0001	0	0.0	0	0.0	0	0.0		
Unique Binding	NOT Bound Only	K562	HNRNPUL1_4	0.001	0	0.0	0	0.0	0	0.0		
Unique Binding	NOT Bound Only	K562	HNRNPUL1_4	0.01	0	0.0	0	0.0	0	0.0		
Unique Binding	NOT Bound Only	K562	HNRNPUL1_4	0.1	0	0.0	0	0.0	0	0.0		
Unique Binding	NOT Bound Only	K562	HNRNPUL1_5	0.0	0	0.0	0	0.0	0	0.0		
Unique Binding	NOT Bound Only	K562	HNRNPUL1_5	1e-05	0	0.0	0	0.0	0	0.0		
Unique Binding	NOT Bound Only	K562	HNRNPUL1_5	0.0001	0	0.0	0	0.0	0	0.0		
Unique Binding	NOT Bound Only	K562	HNRNPUL1_5	0.001	0	0.0	0	0.0	0	0.0		
Unique Binding	NOT Bound Only	K562	HNRNPUL1_5	0.01	0	0.0	0	0.0	0	0.0		
Unique Binding	NOT Bound Only	K562	HNRNPUL1_5	0.1	0	0.0	0	0.0	0	0.0		
Unique Binding	NOT Bound Only	K562	HNRNPUL1_6	0.0	0	0.0	0	0.0	0	0.0		
Unique Binding	NOT Bound Only	K562	HNRNPUL1_6	1e-05	0	0.0	0	0.0	0	0.0		
Unique Binding	NOT Bound Only	K562	HNRNPUL1_6	0.0001	0	0.0	0	0.0	0	0.0		
Unique Binding	NOT Bound Only	K562	HNRNPUL1_6	0.001	0	0.0	0	0.0	0	0.0		
Unique Binding	NOT Bound Only	K562	HNRNPUL1_6	0.01	0	0.0	0	0.0	0	0.0		
Unique Binding	NOT Bound Only	K562	HNRNPUL1_6	0.1	0	0.0	0	0.0	0	0.0		
Unique Binding	NOT Bound Only	K562	HNRNPU_1	0.0	0	0.0	0	0.0	0	0.0		
Unique Binding	NOT Bound Only	K562	HNRNPU_1	1e-05	0	0.0	0	0.0	0	0.0		
Unique Binding	NOT Bound Only	K562	HNRNPU_1	0.0001	0	0.0	0	0.0	0	0.0		
Unique Binding	NOT Bound Only	K562	HNRNPU_1	0.001	0	0.0	0	0.0	0	0.0		
Unique Binding	NOT Bound Only	K562	HNRNPU_1	0.01	0	0.0	0	0.0	0	0.0		
Unique Binding	NOT Bound Only	K562	HNRNPU_1	0.1	0	0.0	0	0.0	0	0.0		
Unique Binding	NOT Bound Only	K562	HNRNPU_2	0.0	0	0.0	0	0.0	0	0.0		
Unique Binding	NOT Bound Only	K562	HNRNPU_2	1e-05	0	0.0	0	0.0	0	0.0		
Unique Binding	NOT Bound Only	K562	HNRNPU_2	0.0001	0	0.0	0	0.0	0	0.0		
Unique Binding	NOT Bound Only	K562	HNRNPU_2	0.001	0	0.0	0	0.0	0	0.0		
Unique Binding	NOT Bound Only	K562	HNRNPU_2	0.01	0	0.0	0	0.0	0	0.0		
Unique Binding	NOT Bound Only	K562	HNRNPU_2	0.1	0	0.0	0	0.0	0	0.0		
Unique Binding	NOT Bound Only	K562	HNRNPU_3	0.0	0	0.0	0	0.0	0	0.0		
Unique Binding	NOT Bound Only	K562	HNRNPU_3	1e-05	0	0.0	0	0.0	0	0.0		
Unique Binding	NOT Bound Only	K562	HNRNPU_3	0.0001	0	0.0	0	0.0	0	0.0		
Unique Binding	NOT Bound Only	K562	HNRNPU_3	0.001	0	0.0	0	0.0	0	0.0		
Unique Binding	NOT Bound Only	K562	HNRNPU_3	0.01	0	0.0	0	0.0	0	0.0		
Unique Binding	NOT Bound Only	K562	HNRNPU_3	0.1	0	0.0	0	0.0	0	0.0		
Unique Binding	NOT Bound Only	K562	HNRNPU_4	0.0	0	0.0	0	0.0	0	0.0		
Unique Binding	NOT Bound Only	K562	HNRNPU_4	1e-05	0	0.0	0	0.0	0	0.0		
Unique Binding	NOT Bound Only	K562	HNRNPU_4	0.0001	0	0.0	0	0.0	0	0.0		
Unique Binding	NOT Bound Only	K562	HNRNPU_4	0.001	0	0.0	0	0.0	0	0.0		
Unique Binding	NOT Bound Only	K562	HNRNPU_4	0.01	0	0.0	0	0.0	0	0.0		
Unique Binding	NOT Bound Only	K562	HNRNPU_4	0.1	0	0.0	0	0.0	0	0.0		
Unique Binding	NOT Bound Only	K562	HNRNPU_5	0.0	0	0.0	0	0.0	0	0.0		
Unique Binding	NOT Bound Only	K562	HNRNPU_5	1e-05	0	0.0	0	0.0	0	0.0		
Unique Binding	NOT Bound Only	K562	HNRNPU_5	0.0001	0	0.0	0	0.0	0	0.0		
Unique Binding	NOT Bound Only	K562	HNRNPU_5	0.001	0	0.0	0	0.0	0	0.0		
Unique Binding	NOT Bound Only	K562	HNRNPU_5	0.01	0	0.0	0	0.0	0	0.0		
Unique Binding	NOT Bound Only	K562	HNRNPU_5	0.1	0	0.0	0	0.0	0	0.0		
Unique Binding	NOT Bound Only	K562	HNRNPU_6	0.0	0	0.0	0	0.0	0	0.0		
Unique Binding	NOT Bound Only	K562	HNRNPU_6	1e-05	0	0.0	0	0.0	0	0.0		
Unique Binding	NOT Bound Only	K562	HNRNPU_6	0.0001	0	0.0	0	0.0	0	0.0		
Unique Binding	NOT Bound Only	K562	HNRNPU_6	0.001	0	0.0	0	0.0	0	0.0		
Unique Binding	NOT Bound Only	K562	HNRNPU_6	0.01	0	0.0	0	0.0	0	0.0		
Unique Binding	NOT Bound Only	K562	HNRNPU_6	0.1	0	0.0	0	0.0	0	0.0		
Unique Binding	NOT Bound Only	K562	IGF2BP1_1	0.0	150190	100.0	150190	6.693515134100747	0	0.0	6.693515134100747	1.0
Unique Binding	NOT Bound Only	K562	IGF2BP1_1	1e-05	126538	84.2519475331247	126538	6.533334179492603	0	0.0	6.533334179492603	1.0
Unique Binding	NOT Bound Only	K562	IGF2BP1_1	0.0001	14398	9.586523736600308	14398	2.153584044454446	0	0.0	2.153584044454446	1.0
Unique Binding	NOT Bound Only	K562	IGF2BP1_1	0.001	0	0.0	0	0.0	0	0.0		
Unique Binding	NOT Bound Only	K562	IGF2BP1_1	0.01	0	0.0	0	0.0	0	0.0		
Unique Binding	NOT Bound Only	K562	IGF2BP1_1	0.1	0	0.0	0	0.0	0	0.0		
Unique Binding	NOT Bound Only	K562	IGF2BP1_2	0.0	149632	100.0	149596	29.24713658316724	36	-0.0032700326729495294	29.24386655049429	0.9997764111305598
Unique Binding	NOT Bound Only	K562	IGF2BP1_2	1e-05	148550	99.27689264328487	148533	29.2398560744913	17	-0.0031737400099900465	29.23668233448131	0.9997829404114332
Unique Binding	NOT Bound Only	K562	IGF2BP1_2	0.0001	86883	58.06445145423439	86876	25.830098860435584	7	-0.002912283271070354	25.827186577164515	0.999774530096018
Unique Binding	NOT Bound Only	K562	IGF2BP1_2	0.001	284	0.18979897348160824	284	0.3122799170320189	0	0.0	0.3122799170320189	1.0
Unique Binding	NOT Bound Only	K562	IGF2BP1_2	0.01	0	0.0	0	0.0	0	0.0		
Unique Binding	NOT Bound Only	K562	IGF2BP1_2	0.1	0	0.0	0	0.0	0	0.0		
Unique Binding	NOT Bound Only	K562	IGF2BP1_3	0.0	149541	100.0	145	0.008379851973335106	149396	-45.22162989696158	-45.21325004498824	-0.9996294561058088
Unique Binding	NOT Bound Only	K562	IGF2BP1_3	1e-05	148942	99.59944095599201	105	0.008175553687214331	148837	-45.21740525569328	-45.20922970200606	-0.9996384544525067
Unique Binding	NOT Bound Only	K562	IGF2BP1_3	0.0001	99780	66.72417597849419	36	0.005793216618635012	99744	-42.47797497140394	-42.472181754785304	-0.9997272738805562
Unique Binding	NOT Bound Only	K562	IGF2BP1_3	0.001	5562	3.7193813067988044	0	0.0	5562	-6.381048294069801	-6.381048294069801	-1.0
Unique Binding	NOT Bound Only	K562	IGF2BP1_3	0.01	0	0.0	0	0.0	0	0.0		
Unique Binding	NOT Bound Only	K562	IGF2BP1_3	0.1	0	0.0	0	0.0	0	0.0		
Unique Binding	NOT Bound Only	K562	IGF2BP1_4	0.0	149212	100.0	36	0.001618020260496766	149176	-447.6833438737432	-447.6817258534827	-0.9999927716121907
Unique Binding	NOT Bound Only	K562	IGF2BP1_4	1e-05	149191	99.98592606492775	30	0.0015821857188428492	149161	-447.6832536881413	-447.68167150242243	-0.9999929316984089
Unique Binding	NOT Bound Only	K562	IGF2BP1_4	0.0001	149024	99.87400477173418	0	0.0	149024	-447.67464634813393	-447.67464634813393	-1.0
Unique Binding	NOT Bound Only	K562	IGF2BP1_4	0.001	117848	78.9802428759081	0	0.0	117848	-426.2898715059114	-426.2898715059114	-1.0
Unique Binding	NOT Bound Only	K562	IGF2BP1_4	0.01	76	0.05093424121384339	0	0.0	76	-0.8182679274976211	-0.8182679274976211	-1.0
Unique Binding	NOT Bound Only	K562	IGF2BP1_4	0.1	0	0.0	0	0.0	0	0.0		
Unique Binding	NOT Bound Only	K562	IGF2BP1_5	0.0	148358	100.0	7884	0.2013938886743275	140474	-13.058528299085854	-12.857134410411525	-0.9696236696079215
Unique Binding	NOT Bound Only	K562	IGF2BP1_5	1e-05	141019	95.0531821674598	4958	0.1875621116720181	136061	-13.032462151782708	-12.844900040110689	-0.9716245435054891
Unique Binding	NOT Bound Only	K562	IGF2BP1_5	0.0001	49567	33.410399169576294	369	0.07368453923173943	49198	-8.661620738870953	-8.587936199639213	-0.9831294873193615
Unique Binding	NOT Bound Only	K562	IGF2BP1_5	0.001	0	0.0	0	0.0	0	0.0		
Unique Binding	NOT Bound Only	K562	IGF2BP1_5	0.01	0	0.0	0	0.0	0	0.0		
Unique Binding	NOT Bound Only	K562	IGF2BP1_5	0.1	0	0.0	0	0.0	0	0.0		
Unique Binding	NOT Bound Only	K562	IGF2BP1_6	0.0	148176	100.0	148176	232.4936175976299	0	0.0	232.4936175976299	1.0
Unique Binding	NOT Bound Only	K562	IGF2BP1_6	1e-05	148176	100.0	148176	232.4936175976299	0	0.0	232.4936175976299	1.0
Unique Binding	NOT Bound Only	K562	IGF2BP1_6	0.0001	148176	100.0	148176	232.4936175976299	0	0.0	232.4936175976299	1.0
Unique Binding	NOT Bound Only	K562	IGF2BP1_6	0.001	99571	67.19779181513876	99571	196.3398565405482	0	0.0	196.3398565405482	1.0
Unique Binding	NOT Bound Only	K562	IGF2BP1_6	0.01	6	0.004049238743116294	6	0.06160403039616631	0	0.0	0.06160403039616631	1.0
Unique Binding	NOT Bound Only	K562	IGF2BP1_6	0.1	0	0.0	0	0.0	0	0.0		
Unique Binding	NOT Bound Only	K562	IGF2BP2_1	0.0	0	0.0	0	0.0	0	0.0		
Unique Binding	NOT Bound Only	K562	IGF2BP2_1	1e-05	0	0.0	0	0.0	0	0.0		
Unique Binding	NOT Bound Only	K562	IGF2BP2_1	0.0001	0	0.0	0	0.0	0	0.0		
Unique Binding	NOT Bound Only	K562	IGF2BP2_1	0.001	0	0.0	0	0.0	0	0.0		
Unique Binding	NOT Bound Only	K562	IGF2BP2_1	0.01	0	0.0	0	0.0	0	0.0		
Unique Binding	NOT Bound Only	K562	IGF2BP2_1	0.1	0	0.0	0	0.0	0	0.0		
Unique Binding	NOT Bound Only	K562	IGF2BP2_2	0.0	149185	100.0	149041	25.227350877817784	144	-0.004899362304547844	25.222451515513235	0.9996116587099506
Unique Binding	NOT Bound Only	K562	IGF2BP2_2	1e-05	149082	99.93095820625399	148986	25.226958938989927	96	-0.004643754639243202	25.222315184350684	0.9996319096574539
Unique Binding	NOT Bound Only	K562	IGF2BP2_2	0.0001	91693	61.46261353353219	91676	21.53112212240433	17	-0.0020832373625398787	21.52903888504179	0.9998065093117596
Unique Binding	NOT Bound Only	K562	IGF2BP2_2	0.001	234	0.15685223045212318	234	0.2763300839570314	0	0.0	0.2763300839570314	1.0
Unique Binding	NOT Bound Only	K562	IGF2BP2_2	0.01	0	0.0	0	0.0	0	0.0		
Unique Binding	NOT Bound Only	K562	IGF2BP2_2	0.1	0	0.0	0	0.0	0	0.0		
Unique Binding	NOT Bound Only	K562	IGF2BP2_3	0.0	0	0.0	0	0.0	0	0.0		
Unique Binding	NOT Bound Only	K562	IGF2BP2_3	1e-05	0	0.0	0	0.0	0	0.0		
Unique Binding	NOT Bound Only	K562	IGF2BP2_3	0.0001	0	0.0	0	0.0	0	0.0		
Unique Binding	NOT Bound Only	K562	IGF2BP2_3	0.001	0	0.0	0	0.0	0	0.0		
Unique Binding	NOT Bound Only	K562	IGF2BP2_3	0.01	0	0.0	0	0.0	0	0.0		
Unique Binding	NOT Bound Only	K562	IGF2BP2_3	0.1	0	0.0	0	0.0	0	0.0		
Unique Binding	NOT Bound Only	K562	IGF2BP2_4	0.0	149759	100.0	0	0.0	149759	-117.5176747535337	-117.5176747535337	-1.0
Unique Binding	NOT Bound Only	K562	IGF2BP2_4	1e-05	149759	100.0	0	0.0	149759	-117.5176747535337	-117.5176747535337	-1.0
Unique Binding	NOT Bound Only	K562	IGF2BP2_4	0.0001	149088	99.55194679451652	0	0.0	149088	-117.46197024393847	-117.46197024393847	-1.0
Unique Binding	NOT Bound Only	K562	IGF2BP2_4	0.001	44323	29.596217923463698	0	0.0	44323	-66.61822610495749	-66.61822610495749	-1.0
Unique Binding	NOT Bound Only	K562	IGF2BP2_4	0.01	0	0.0	0	0.0	0	0.0		
Unique Binding	NOT Bound Only	K562	IGF2BP2_4	0.1	0	0.0	0	0.0	0	0.0		
Unique Binding	NOT Bound Only	K562	IGF2BP2_5	0.0	149659	100.0	149624	21.626520672309056	35	-0.0026685581358850147	21.62385211417317	0.9997532447372435
Unique Binding	NOT Bound Only	K562	IGF2BP2_5	1e-05	149639	99.98663628649129	149608	21.62641458367366	31	-0.002655945266523006	21.62375863840714	0.999754409671653
Unique Binding	NOT Bound Only	K562	IGF2BP2_5	0.0001	91382	61.06014339264595	91372	17.46773000673528	10	-0.0014629848975531348	17.466267021837727	0.9998325068710094
Unique Binding	NOT Bound Only	K562	IGF2BP2_5	0.001	356	0.23787410045503446	356	0.46304863750274655	0	0.0	0.46304863750274655	1.0
Unique Binding	NOT Bound Only	K562	IGF2BP2_5	0.01	0	0.0	0	0.0	0	0.0		
Unique Binding	NOT Bound Only	K562	IGF2BP2_5	0.1	0	0.0	0	0.0	0	0.0		
Unique Binding	NOT Bound Only	K562	IGF2BP2_6	0.0	149092	100.0	148471	12.258287341938722	621	-0.0435543290262041	12.214733012912518	0.9929190555054855
Unique Binding	NOT Bound Only	K562	IGF2BP2_6	1e-05	148942	99.89939098006599	148349	12.257499449085788	593	-0.043400026649208716	12.214099422436579	0.9929436011187929
Unique Binding	NOT Bound Only	K562	IGF2BP2_6	0.0001	28823	19.332358543717973	28691	5.773659153931234	132	-0.014904403463122754	5.758754750468111	0.9948503965395408
Unique Binding	NOT Bound Only	K562	IGF2BP2_6	0.001	75	0.05030450996700024	75	0.08463594622957248	0	0.0	0.08463594622957248	1.0
Unique Binding	NOT Bound Only	K562	IGF2BP2_6	0.01	0	0.0	0	0.0	0	0.0		
Unique Binding	NOT Bound Only	K562	IGF2BP2_6	0.1	0	0.0	0	0.0	0	0.0		
Unique Binding	NOT Bound Only	K562	ILF3_1	0.0	0	0.0	0	0.0	0	0.0		
Unique Binding	NOT Bound Only	K562	ILF3_1	1e-05	0	0.0	0	0.0	0	0.0		
Unique Binding	NOT Bound Only	K562	ILF3_1	0.0001	0	0.0	0	0.0	0	0.0		
Unique Binding	NOT Bound Only	K562	ILF3_1	0.001	0	0.0	0	0.0	0	0.0		
Unique Binding	NOT Bound Only	K562	ILF3_1	0.01	0	0.0	0	0.0	0	0.0		
Unique Binding	NOT Bound Only	K562	ILF3_1	0.1	0	0.0	0	0.0	0	0.0		
Unique Binding	NOT Bound Only	K562	ILF3_2	0.0	0	0.0	0	0.0	0	0.0		
Unique Binding	NOT Bound Only	K562	ILF3_2	1e-05	0	0.0	0	0.0	0	0.0		
Unique Binding	NOT Bound Only	K562	ILF3_2	0.0001	0	0.0	0	0.0	0	0.0		
Unique Binding	NOT Bound Only	K562	ILF3_2	0.001	0	0.0	0	0.0	0	0.0		
Unique Binding	NOT Bound Only	K562	ILF3_2	0.01	0	0.0	0	0.0	0	0.0		
Unique Binding	NOT Bound Only	K562	ILF3_2	0.1	0	0.0	0	0.0	0	0.0		
Unique Binding	NOT Bound Only	K562	ILF3_3	0.0	0	0.0	0	0.0	0	0.0		
Unique Binding	NOT Bound Only	K562	ILF3_3	1e-05	0	0.0	0	0.0	0	0.0		
Unique Binding	NOT Bound Only	K562	ILF3_3	0.0001	0	0.0	0	0.0	0	0.0		
Unique Binding	NOT Bound Only	K562	ILF3_3	0.001	0	0.0	0	0.0	0	0.0		
Unique Binding	NOT Bound Only	K562	ILF3_3	0.01	0	0.0	0	0.0	0	0.0		
Unique Binding	NOT Bound Only	K562	ILF3_3	0.1	0	0.0	0	0.0	0	0.0		
Unique Binding	NOT Bound Only	K562	ILF3_4	0.0	0	0.0	0	0.0	0	0.0		
Unique Binding	NOT Bound Only	K562	ILF3_4	1e-05	0	0.0	0	0.0	0	0.0		
Unique Binding	NOT Bound Only	K562	ILF3_4	0.0001	0	0.0	0	0.0	0	0.0		
Unique Binding	NOT Bound Only	K562	ILF3_4	0.001	0	0.0	0	0.0	0	0.0		
Unique Binding	NOT Bound Only	K562	ILF3_4	0.01	0	0.0	0	0.0	0	0.0		
Unique Binding	NOT Bound Only	K562	ILF3_4	0.1	0	0.0	0	0.0	0	0.0		
Unique Binding	NOT Bound Only	K562	ILF3_5	0.0	0	0.0	0	0.0	0	0.0		
Unique Binding	NOT Bound Only	K562	ILF3_5	1e-05	0	0.0	0	0.0	0	0.0		
Unique Binding	NOT Bound Only	K562	ILF3_5	0.0001	0	0.0	0	0.0	0	0.0		
Unique Binding	NOT Bound Only	K562	ILF3_5	0.001	0	0.0	0	0.0	0	0.0		
Unique Binding	NOT Bound Only	K562	ILF3_5	0.01	0	0.0	0	0.0	0	0.0		
Unique Binding	NOT Bound Only	K562	ILF3_5	0.1	0	0.0	0	0.0	0	0.0		
Unique Binding	NOT Bound Only	K562	ILF3_6	0.0	0	0.0	0	0.0	0	0.0		
Unique Binding	NOT Bound Only	K562	ILF3_6	1e-05	0	0.0	0	0.0	0	0.0		
Unique Binding	NOT Bound Only	K562	ILF3_6	0.0001	0	0.0	0	0.0	0	0.0		
Unique Binding	NOT Bound Only	K562	ILF3_6	0.001	0	0.0	0	0.0	0	0.0		
Unique Binding	NOT Bound Only	K562	ILF3_6	0.01	0	0.0	0	0.0	0	0.0		
Unique Binding	NOT Bound Only	K562	ILF3_6	0.1	0	0.0	0	0.0	0	0.0		
Unique Binding	NOT Bound Only	K562	KHDRBS1_1	0.0	0	0.0	0	0.0	0	0.0		
Unique Binding	NOT Bound Only	K562	KHDRBS1_1	1e-05	0	0.0	0	0.0	0	0.0		
Unique Binding	NOT Bound Only	K562	KHDRBS1_1	0.0001	0	0.0	0	0.0	0	0.0		
Unique Binding	NOT Bound Only	K562	KHDRBS1_1	0.001	0	0.0	0	0.0	0	0.0		
Unique Binding	NOT Bound Only	K562	KHDRBS1_1	0.01	0	0.0	0	0.0	0	0.0		
Unique Binding	NOT Bound Only	K562	KHDRBS1_1	0.1	0	0.0	0	0.0	0	0.0		
Unique Binding	NOT Bound Only	K562	KHDRBS1_2	0.0	0	0.0	0	0.0	0	0.0		
Unique Binding	NOT Bound Only	K562	KHDRBS1_2	1e-05	0	0.0	0	0.0	0	0.0		
Unique Binding	NOT Bound Only	K562	KHDRBS1_2	0.0001	0	0.0	0	0.0	0	0.0		
Unique Binding	NOT Bound Only	K562	KHDRBS1_2	0.001	0	0.0	0	0.0	0	0.0		
Unique Binding	NOT Bound Only	K562	KHDRBS1_2	0.01	0	0.0	0	0.0	0	0.0		
Unique Binding	NOT Bound Only	K562	KHDRBS1_2	0.1	0	0.0	0	0.0	0	0.0		
Unique Binding	NOT Bound Only	K562	KHDRBS1_3	0.0	0	0.0	0	0.0	0	0.0		
Unique Binding	NOT Bound Only	K562	KHDRBS1_3	1e-05	0	0.0	0	0.0	0	0.0		
Unique Binding	NOT Bound Only	K562	KHDRBS1_3	0.0001	0	0.0	0	0.0	0	0.0		
Unique Binding	NOT Bound Only	K562	KHDRBS1_3	0.001	0	0.0	0	0.0	0	0.0		
Unique Binding	NOT Bound Only	K562	KHDRBS1_3	0.01	0	0.0	0	0.0	0	0.0		
Unique Binding	NOT Bound Only	K562	KHDRBS1_3	0.1	0	0.0	0	0.0	0	0.0		
Unique Binding	NOT Bound Only	K562	KHDRBS1_4	0.0	0	0.0	0	0.0	0	0.0		
Unique Binding	NOT Bound Only	K562	KHDRBS1_4	1e-05	0	0.0	0	0.0	0	0.0		
Unique Binding	NOT Bound Only	K562	KHDRBS1_4	0.0001	0	0.0	0	0.0	0	0.0		
Unique Binding	NOT Bound Only	K562	KHDRBS1_4	0.001	0	0.0	0	0.0	0	0.0		
Unique Binding	NOT Bound Only	K562	KHDRBS1_4	0.01	0	0.0	0	0.0	0	0.0		
Unique Binding	NOT Bound Only	K562	KHDRBS1_4	0.1	0	0.0	0	0.0	0	0.0		
Unique Binding	NOT Bound Only	K562	KHDRBS1_5	0.0	0	0.0	0	0.0	0	0.0		
Unique Binding	NOT Bound Only	K562	KHDRBS1_5	1e-05	0	0.0	0	0.0	0	0.0		
Unique Binding	NOT Bound Only	K562	KHDRBS1_5	0.0001	0	0.0	0	0.0	0	0.0		
Unique Binding	NOT Bound Only	K562	KHDRBS1_5	0.001	0	0.0	0	0.0	0	0.0		
Unique Binding	NOT Bound Only	K562	KHDRBS1_5	0.01	0	0.0	0	0.0	0	0.0		
Unique Binding	NOT Bound Only	K562	KHDRBS1_5	0.1	0	0.0	0	0.0	0	0.0		
Unique Binding	NOT Bound Only	K562	KHDRBS1_6	0.0	0	0.0	0	0.0	0	0.0		
Unique Binding	NOT Bound Only	K562	KHDRBS1_6	1e-05	0	0.0	0	0.0	0	0.0		
Unique Binding	NOT Bound Only	K562	KHDRBS1_6	0.0001	0	0.0	0	0.0	0	0.0		
Unique Binding	NOT Bound Only	K562	KHDRBS1_6	0.001	0	0.0	0	0.0	0	0.0		
Unique Binding	NOT Bound Only	K562	KHDRBS1_6	0.01	0	0.0	0	0.0	0	0.0		
Unique Binding	NOT Bound Only	K562	KHDRBS1_6	0.1	0	0.0	0	0.0	0	0.0		
Unique Binding	NOT Bound Only	K562	KHSRP_1	0.0	146856	100.0	8125	0.6502126774463258	138731	-10.728735422856134	-10.078522745409808	-0.8857165580306947
Unique Binding	NOT Bound Only	K562	KHSRP_1	1e-05	140546	95.70327395543934	6509	0.6435392193593445	134037	-10.702405306173455	-10.05886608681411	-0.8865604854825209
Unique Binding	NOT Bound Only	K562	KHSRP_1	0.0001	41282	28.110530043035354	2067	0.45697541370494976	39215	-6.286691626354706	-5.829716212649757	-0.8644727235225698
Unique Binding	NOT Bound Only	K562	KHSRP_1	0.001	5	0.0034046957563872095	5	0.0053390290740286	0	0.0	0.0053390290740286	1.0
Unique Binding	NOT Bound Only	K562	KHSRP_1	0.01	0	0.0	0	0.0	0	0.0		
Unique Binding	NOT Bound Only	K562	KHSRP_1	0.1	0	0.0	0	0.0	0	0.0		
Unique Binding	NOT Bound Only	K562	KHSRP_2	0.0	144455	100.0	138173	9.841319682309907	6282	-0.4411623046297117	9.400157377680195	0.9141914753286108
Unique Binding	NOT Bound Only	K562	KHSRP_2	1e-05	138455	95.8464573742688	133631	9.812629831735334	4824	-0.4339963611014654	9.378633470633869	0.9152899007080275
Unique Binding	NOT Bound Only	K562	KHSRP_2	0.0001	26392	18.270049496382956	25360	4.891160588230783	1032	-0.2904800889508411	4.600680499279942	0.8878810372822541
Unique Binding	NOT Bound Only	K562	KHSRP_2	0.001	13	0.008999342355750926	10	0.013933956657781028	3	-0.0032142636025321567	0.010719693055248872	0.6251198604007838
Unique Binding	NOT Bound Only	K562	KHSRP_2	0.01	0	0.0	0	0.0	0	0.0		
Unique Binding	NOT Bound Only	K562	KHSRP_2	0.1	0	0.0	0	0.0	0	0.0		
Unique Binding	NOT Bound Only	K562	KHSRP_3	0.0	144908	100.0	4612	1.4395100078379384	140296	-94.85856315599999	-93.41905314816205	-0.9701030361139457
Unique Binding	NOT Bound Only	K562	KHSRP_3	1e-05	144795	99.92201948822701	4575	1.4393576311755591	140220	-94.85816550973482	-93.41880787855926	-0.9701060300570894
Unique Binding	NOT Bound Only	K562	KHSRP_3	0.0001	140974	97.28517404146079	3833	1.3924780720927397	137141	-94.63841522807813	-93.24593715598539	-0.9709993727176905
Unique Binding	NOT Bound Only	K562	KHSRP_3	0.001	34806	24.019377812129076	185	0.2544751361045945	34621	-50.0525692453488	-49.798094109244204	-0.9898831211718567
Unique Binding	NOT Bound Only	K562	KHSRP_3	0.01	0	0.0	0	0.0	0	0.0		
Unique Binding	NOT Bound Only	K562	KHSRP_3	0.1	0	0.0	0	0.0	0	0.0		
Unique Binding	NOT Bound Only	K562	KHSRP_4	0.0	144213	100.0	1865	0.09722622690075355	142348	-37.01253809257088	-36.91531186567013	-0.9947600730598153
Unique Binding	NOT Bound Only	K562	KHSRP_4	1e-05	142815	99.03060056999023	1347	0.09482424900114532	141468	-37.00781371972273	-36.91298947072159	-0.9948885440932218
Unique Binding	NOT Bound Only	K562	KHSRP_4	0.0001	105962	73.47603891466096	281	0.056474089993512895	105681	-34.744817614458405	-34.68834352446489	-0.996754483110965
Unique Binding	NOT Bound Only	K562	KHSRP_4	0.001	1589	1.1018424136520286	0	0.0	1589	-2.615660207986375	-2.615660207986375	-1.0
Unique Binding	NOT Bound Only	K562	KHSRP_4	0.01	0	0.0	0	0.0	0	0.0		
Unique Binding	NOT Bound Only	K562	KHSRP_4	0.1	0	0.0	0	0.0	0	0.0		
Unique Binding	NOT Bound Only	K562	KHSRP_5	0.0	144251	100.0	134222	31.19169626199697	10029	-7.194974109991281	23.996722152005688	0.6251316386512313
Unique Binding	NOT Bound Only	K562	KHSRP_5	1e-05	142672	98.90538020533654	133375	31.18751921421668	9297	-7.191295096015592	23.99622411820109	0.6252466249798498
Unique Binding	NOT Bound Only	K562	KHSRP_5	0.0001	97651	67.69519795356705	92664	28.530795104435498	4987	-7.000344235572701	21.530450868862797	0.6059600471246197
Unique Binding	NOT Bound Only	K562	KHSRP_5	0.001	4344	3.0114175984915184	2913	3.6199980870809334	1431	-5.763283493508258	-2.1432854064273243	-0.22841533508501446
Unique Binding	NOT Bound Only	K562	KHSRP_5	0.01	0	0.0	0	0.0	0	0.0		
Unique Binding	NOT Bound Only	K562	KHSRP_5	0.1	0	0.0	0	0.0	0	0.0		
Unique Binding	NOT Bound Only	K562	KHSRP_6	0.0	145021	100.0	134654	14.882726951801155	10367	-0.2604475598099789	14.622279391991176	0.9656019866098381
Unique Binding	NOT Bound Only	K562	KHSRP_6	1e-05	134087	92.4604022865654	127757	14.853453240720079	6330	-0.24162972948761718	14.611823511232462	0.9679856374470406
Unique Binding	NOT Bound Only	K562	KHSRP_6	0.0001	28498	19.650947104212495	28167	10.748422030355627	331	-0.05481368815235663	10.693608342203271	0.9898523572787643
Unique Binding	NOT Bound Only	K562	KHSRP_6	0.001	1584	1.0922556043607476	1584	2.4555968884044965	0	0.0	2.4555968884044965	1.0
Unique Binding	NOT Bound Only	K562	KHSRP_6	0.01	0	0.0	0	0.0	0	0.0		
Unique Binding	NOT Bound Only	K562	KHSRP_6	0.1	0	0.0	0	0.0	0	0.0		
Unique Binding	NOT Bound Only	K562	LARP4_1	0.0	0	0.0	0	0.0	0	0.0		
Unique Binding	NOT Bound Only	K562	LARP4_1	1e-05	0	0.0	0	0.0	0	0.0		
Unique Binding	NOT Bound Only	K562	LARP4_1	0.0001	0	0.0	0	0.0	0	0.0		
Unique Binding	NOT Bound Only	K562	LARP4_1	0.001	0	0.0	0	0.0	0	0.0		
Unique Binding	NOT Bound Only	K562	LARP4_1	0.01	0	0.0	0	0.0	0	0.0		
Unique Binding	NOT Bound Only	K562	LARP4_1	0.1	0	0.0	0	0.0	0	0.0		
Unique Binding	NOT Bound Only	K562	LARP4_2	0.0	0	0.0	0	0.0	0	0.0		
Unique Binding	NOT Bound Only	K562	LARP4_2	1e-05	0	0.0	0	0.0	0	0.0		
Unique Binding	NOT Bound Only	K562	LARP4_2	0.0001	0	0.0	0	0.0	0	0.0		
Unique Binding	NOT Bound Only	K562	LARP4_2	0.001	0	0.0	0	0.0	0	0.0		
Unique Binding	NOT Bound Only	K562	LARP4_2	0.01	0	0.0	0	0.0	0	0.0		
Unique Binding	NOT Bound Only	K562	LARP4_2	0.1	0	0.0	0	0.0	0	0.0		
Unique Binding	NOT Bound Only	K562	LARP4_3	0.0	0	0.0	0	0.0	0	0.0		
Unique Binding	NOT Bound Only	K562	LARP4_3	1e-05	0	0.0	0	0.0	0	0.0		
Unique Binding	NOT Bound Only	K562	LARP4_3	0.0001	0	0.0	0	0.0	0	0.0		
Unique Binding	NOT Bound Only	K562	LARP4_3	0.001	0	0.0	0	0.0	0	0.0		
Unique Binding	NOT Bound Only	K562	LARP4_3	0.01	0	0.0	0	0.0	0	0.0		
Unique Binding	NOT Bound Only	K562	LARP4_3	0.1	0	0.0	0	0.0	0	0.0		
Unique Binding	NOT Bound Only	K562	LARP4_4	0.0	0	0.0	0	0.0	0	0.0		
Unique Binding	NOT Bound Only	K562	LARP4_4	1e-05	0	0.0	0	0.0	0	0.0		
Unique Binding	NOT Bound Only	K562	LARP4_4	0.0001	0	0.0	0	0.0	0	0.0		
Unique Binding	NOT Bound Only	K562	LARP4_4	0.001	0	0.0	0	0.0	0	0.0		
Unique Binding	NOT Bound Only	K562	LARP4_4	0.01	0	0.0	0	0.0	0	0.0		
Unique Binding	NOT Bound Only	K562	LARP4_4	0.1	0	0.0	0	0.0	0	0.0		
Unique Binding	NOT Bound Only	K562	LARP4_5	0.0	33364	21.99384298964383	32529	0.005990144697035171	835	-0.001444176957949585	0.004545967739085586	0.611483864978789
Unique Binding	NOT Bound Only	K562	LARP4_5	1e-05	23	0.01516180280427431	0	0.0	23	-0.0005411785884660915	-0.0005411785884660915	-1.0
Unique Binding	NOT Bound Only	K562	LARP4_5	0.0001	0	0.0	0	0.0	0	0.0		
Unique Binding	NOT Bound Only	K562	LARP4_5	0.001	0	0.0	0	0.0	0	0.0		
Unique Binding	NOT Bound Only	K562	LARP4_5	0.01	0	0.0	0	0.0	0	0.0		
Unique Binding	NOT Bound Only	K562	LARP4_5	0.1	0	0.0	0	0.0	0	0.0		
Unique Binding	NOT Bound Only	K562	LARP4_6	0.0	0	0.0	0	0.0	0	0.0		
Unique Binding	NOT Bound Only	K562	LARP4_6	1e-05	0	0.0	0	0.0	0	0.0		
Unique Binding	NOT Bound Only	K562	LARP4_6	0.0001	0	0.0	0	0.0	0	0.0		
Unique Binding	NOT Bound Only	K562	LARP4_6	0.001	0	0.0	0	0.0	0	0.0		
Unique Binding	NOT Bound Only	K562	LARP4_6	0.01	0	0.0	0	0.0	0	0.0		
Unique Binding	NOT Bound Only	K562	LARP4_6	0.1	0	0.0	0	0.0	0	0.0		
Unique Binding	NOT Bound Only	K562	LARP7_1	0.0	0	0.0	0	0.0	0	0.0		
Unique Binding	NOT Bound Only	K562	LARP7_1	1e-05	0	0.0	0	0.0	0	0.0		
Unique Binding	NOT Bound Only	K562	LARP7_1	0.0001	0	0.0	0	0.0	0	0.0		
Unique Binding	NOT Bound Only	K562	LARP7_1	0.001	0	0.0	0	0.0	0	0.0		
Unique Binding	NOT Bound Only	K562	LARP7_1	0.01	0	0.0	0	0.0	0	0.0		
Unique Binding	NOT Bound Only	K562	LARP7_1	0.1	0	0.0	0	0.0	0	0.0		
Unique Binding	NOT Bound Only	K562	LARP7_2	0.0	0	0.0	0	0.0	0	0.0		
Unique Binding	NOT Bound Only	K562	LARP7_2	1e-05	0	0.0	0	0.0	0	0.0		
Unique Binding	NOT Bound Only	K562	LARP7_2	0.0001	0	0.0	0	0.0	0	0.0		
Unique Binding	NOT Bound Only	K562	LARP7_2	0.001	0	0.0	0	0.0	0	0.0		
Unique Binding	NOT Bound Only	K562	LARP7_2	0.01	0	0.0	0	0.0	0	0.0		
Unique Binding	NOT Bound Only	K562	LARP7_2	0.1	0	0.0	0	0.0	0	0.0		
Unique Binding	NOT Bound Only	K562	LARP7_3	0.0	0	0.0	0	0.0	0	0.0		
Unique Binding	NOT Bound Only	K562	LARP7_3	1e-05	0	0.0	0	0.0	0	0.0		
Unique Binding	NOT Bound Only	K562	LARP7_3	0.0001	0	0.0	0	0.0	0	0.0		
Unique Binding	NOT Bound Only	K562	LARP7_3	0.001	0	0.0	0	0.0	0	0.0		
Unique Binding	NOT Bound Only	K562	LARP7_3	0.01	0	0.0	0	0.0	0	0.0		
Unique Binding	NOT Bound Only	K562	LARP7_3	0.1	0	0.0	0	0.0	0	0.0		
Unique Binding	NOT Bound Only	K562	LARP7_4	0.0	0	0.0	0	0.0	0	0.0		
Unique Binding	NOT Bound Only	K562	LARP7_4	1e-05	0	0.0	0	0.0	0	0.0		
Unique Binding	NOT Bound Only	K562	LARP7_4	0.0001	0	0.0	0	0.0	0	0.0		
Unique Binding	NOT Bound Only	K562	LARP7_4	0.001	0	0.0	0	0.0	0	0.0		
Unique Binding	NOT Bound Only	K562	LARP7_4	0.01	0	0.0	0	0.0	0	0.0		
Unique Binding	NOT Bound Only	K562	LARP7_4	0.1	0	0.0	0	0.0	0	0.0		
Unique Binding	NOT Bound Only	K562	LARP7_5	0.0	0	0.0	0	0.0	0	0.0		
Unique Binding	NOT Bound Only	K562	LARP7_5	1e-05	0	0.0	0	0.0	0	0.0		
Unique Binding	NOT Bound Only	K562	LARP7_5	0.0001	0	0.0	0	0.0	0	0.0		
Unique Binding	NOT Bound Only	K562	LARP7_5	0.001	0	0.0	0	0.0	0	0.0		
Unique Binding	NOT Bound Only	K562	LARP7_5	0.01	0	0.0	0	0.0	0	0.0		
Unique Binding	NOT Bound Only	K562	LARP7_5	0.1	0	0.0	0	0.0	0	0.0		
Unique Binding	NOT Bound Only	K562	LARP7_6	0.0	0	0.0	0	0.0	0	0.0		
Unique Binding	NOT Bound Only	K562	LARP7_6	1e-05	0	0.0	0	0.0	0	0.0		
Unique Binding	NOT Bound Only	K562	LARP7_6	0.0001	0	0.0	0	0.0	0	0.0		
Unique Binding	NOT Bound Only	K562	LARP7_6	0.001	0	0.0	0	0.0	0	0.0		
Unique Binding	NOT Bound Only	K562	LARP7_6	0.01	0	0.0	0	0.0	0	0.0		
Unique Binding	NOT Bound Only	K562	LARP7_6	0.1	0	0.0	0	0.0	0	0.0		
Unique Binding	NOT Bound Only	K562	LIN28B_1	0.0	147936	100.0	3654	0.11749346628693665	144282	-31.236057613787636	-31.1185641475007	-0.9925052530102975
Unique Binding	NOT Bound Only	K562	LIN28B_1	1e-05	145286	98.20868483668613	2489	0.1116917891231083	142797	-31.22812096667365	-31.116429177550543	-0.9928722108205673
Unique Binding	NOT Bound Only	K562	LIN28B_1	0.0001	96511	65.23834631191868	249	0.04384964460836789	96262	-28.39282648610675	-28.34897684149838	-0.9969159796027633
Unique Binding	NOT Bound Only	K562	LIN28B_1	0.001	50	0.033798399307808785	0	0.0	50	-0.05094718571786388	-0.05094718571786388	-1.0
Unique Binding	NOT Bound Only	K562	LIN28B_1	0.01	0	0.0	0	0.0	0	0.0		
Unique Binding	NOT Bound Only	K562	LIN28B_1	0.1	0	0.0	0	0.0	0	0.0		
Unique Binding	NOT Bound Only	K562	LIN28B_2	0.0	146766	100.0	132987	5.230909163608937	13779	-0.30152858639362523	4.929380577215311	0.8909961214137526
Unique Binding	NOT Bound Only	K562	LIN28B_2	1e-05	110032	74.97104233950643	105310	5.057493814127411	4722	-0.2702089509386332	4.787284863188778	0.898564554798213
Unique Binding	NOT Bound Only	K562	LIN28B_2	0.0001	9929	6.765190848016571	9398	1.8321592364237194	531	-0.12581967284954437	1.706339563574175	0.8714800529733546
Unique Binding	NOT Bound Only	K562	LIN28B_2	0.001	0	0.0	0	0.0	0	0.0		
Unique Binding	NOT Bound Only	K562	LIN28B_2	0.01	0	0.0	0	0.0	0	0.0		
Unique Binding	NOT Bound Only	K562	LIN28B_2	0.1	0	0.0	0	0.0	0	0.0		
Unique Binding	NOT Bound Only	K562	LIN28B_3	0.0	147356	100.0	7	9.148784800852848e-05	147349	-69.67205468451255	-69.67196319666454	-0.9999973737611646
Unique Binding	NOT Bound Only	K562	LIN28B_3	1e-05	147329	99.98167702706371	1	6.425134730333815e-05	147328	-69.67186595445438	-69.67180170310708	-0.999998155603064
Unique Binding	NOT Bound Only	K562	LIN28B_3	0.0001	120044	81.46529493200141	0	0.0	120044	-67.92455557545422	-67.92455557545422	-1.0
Unique Binding	NOT Bound Only	K562	LIN28B_3	0.001	22910	15.547381850755993	0	0.0	22910	-29.948117943907487	-29.948117943907487	-1.0
Unique Binding	NOT Bound Only	K562	LIN28B_3	0.01	0	0.0	0	0.0	0	0.0		
Unique Binding	NOT Bound Only	K562	LIN28B_3	0.1	0	0.0	0	0.0	0	0.0		
Unique Binding	NOT Bound Only	K562	LIN28B_4	0.0	146381	100.0	1	3.3230782773474205e-05	146380	-160.04812820170415	-160.04809497092137	-0.9999995847402122
Unique Binding	NOT Bound Only	K562	LIN28B_4	1e-05	146381	100.0	1	3.3230782773474205e-05	146380	-160.04812820170415	-160.04809497092137	-0.9999995847402122
Unique Binding	NOT Bound Only	K562	LIN28B_4	0.0001	146165	99.85243986582958	0	0.0	146165	-160.0294985105259	-160.0294985105259	-1.0
Unique Binding	NOT Bound Only	K562	LIN28B_4	0.001	60550	41.36465798156865	0	0.0	60550	-114.43130742323147	-114.43130742323147	-1.0
Unique Binding	NOT Bound Only	K562	LIN28B_4	0.01	0	0.0	0	0.0	0	0.0		
Unique Binding	NOT Bound Only	K562	LIN28B_4	0.1	0	0.0	0	0.0	0	0.0		
Unique Binding	NOT Bound Only	K562	LIN28B_5	0.0	145263	100.0	6520	0.18005327737098895	138743	-6.599373662155021	-6.419320384784032	-0.9468824492166951
Unique Binding	NOT Bound Only	K562	LIN28B_5	1e-05	134043	92.27607856095496	3517	0.16641409754211406	130526	-6.548370633072579	-6.381956535530464	-0.9504335271439505
Unique Binding	NOT Bound Only	K562	LIN28B_5	0.0001	13166	9.063560576333959	396	0.0788058312381718	12770	-1.5157906940720984	-1.4369848628339266	-0.9011589076141525
Unique Binding	NOT Bound Only	K562	LIN28B_5	0.001	0	0.0	0	0.0	0	0.0		
Unique Binding	NOT Bound Only	K562	LIN28B_5	0.01	0	0.0	0	0.0	0	0.0		
Unique Binding	NOT Bound Only	K562	LIN28B_5	0.1	0	0.0	0	0.0	0	0.0		
Unique Binding	NOT Bound Only	K562	LIN28B_6	0.0	145255	100.0	128202	11.462238104339189	17053	-1.8740749777218522	9.588163126617337	0.7189515623710558
Unique Binding	NOT Bound Only	K562	LIN28B_6	1e-05	127931	88.07338817940862	114719	11.379357899530904	13212	-1.8562857082261717	9.523072191304731	0.7195020108975659
Unique Binding	NOT Bound Only	K562	LIN28B_6	0.0001	35141	24.19262675983615	29137	7.851841540466164	6004	-1.64943927329943	6.202402267166733	0.6527964375266757
Unique Binding	NOT Bound Only	K562	LIN28B_6	0.001	409	0.281573784034973	224	0.26284600255735824	185	-0.20086126250414654	0.061984740053211695	0.13367213482193388
Unique Binding	NOT Bound Only	K562	LIN28B_6	0.01	0	0.0	0	0.0	0	0.0		
Unique Binding	NOT Bound Only	K562	LIN28B_6	0.1	0	0.0	0	0.0	0	0.0		
Unique Binding	NOT Bound Only	K562	LSM11_1	0.0	0	0.0	0	0.0	0	0.0		
Unique Binding	NOT Bound Only	K562	LSM11_1	1e-05	0	0.0	0	0.0	0	0.0		
Unique Binding	NOT Bound Only	K562	LSM11_1	0.0001	0	0.0	0	0.0	0	0.0		
Unique Binding	NOT Bound Only	K562	LSM11_1	0.001	0	0.0	0	0.0	0	0.0		
Unique Binding	NOT Bound Only	K562	LSM11_1	0.01	0	0.0	0	0.0	0	0.0		
Unique Binding	NOT Bound Only	K562	LSM11_1	0.1	0	0.0	0	0.0	0	0.0		
Unique Binding	NOT Bound Only	K562	LSM11_2	0.0	0	0.0	0	0.0	0	0.0		
Unique Binding	NOT Bound Only	K562	LSM11_2	1e-05	0	0.0	0	0.0	0	0.0		
Unique Binding	NOT Bound Only	K562	LSM11_2	0.0001	0	0.0	0	0.0	0	0.0		
Unique Binding	NOT Bound Only	K562	LSM11_2	0.001	0	0.0	0	0.0	0	0.0		
Unique Binding	NOT Bound Only	K562	LSM11_2	0.01	0	0.0	0	0.0	0	0.0		
Unique Binding	NOT Bound Only	K562	LSM11_2	0.1	0	0.0	0	0.0	0	0.0		
Unique Binding	NOT Bound Only	K562	LSM11_3	0.0	151585	100.0	11974	0.13669234416955736	139611	-0.920940284694747	-0.7842479405251896	-0.741512618958553
Unique Binding	NOT Bound Only	K562	LSM11_3	1e-05	40759	26.88854438104034	5365	0.10652336946387446	35394	-0.5608737377121833	-0.4543503682483088	-0.68077964882226
Unique Binding	NOT Bound Only	K562	LSM11_3	0.0001	397	0.26189926443909356	3	0.00034416466343758145	394	-0.056076613943918344	-0.05573244928048076	-0.9878000739467742
Unique Binding	NOT Bound Only	K562	LSM11_3	0.001	0	0.0	0	0.0	0	0.0		
Unique Binding	NOT Bound Only	K562	LSM11_3	0.01	0	0.0	0	0.0	0	0.0		
Unique Binding	NOT Bound Only	K562	LSM11_3	0.1	0	0.0	0	0.0	0	0.0		
Unique Binding	NOT Bound Only	K562	LSM11_4	0.0	0	0.0	0	0.0	0	0.0		
Unique Binding	NOT Bound Only	K562	LSM11_4	1e-05	0	0.0	0	0.0	0	0.0		
Unique Binding	NOT Bound Only	K562	LSM11_4	0.0001	0	0.0	0	0.0	0	0.0		
Unique Binding	NOT Bound Only	K562	LSM11_4	0.001	0	0.0	0	0.0	0	0.0		
Unique Binding	NOT Bound Only	K562	LSM11_4	0.01	0	0.0	0	0.0	0	0.0		
Unique Binding	NOT Bound Only	K562	LSM11_4	0.1	0	0.0	0	0.0	0	0.0		
Unique Binding	NOT Bound Only	K562	LSM11_5	0.0	62023	40.954953051333185	59732	0.31894346910131754	2291	-0.0004547111426273943	0.31848875795869014	0.9971527004801335
Unique Binding	NOT Bound Only	K562	LSM11_5	1e-05	9866	6.514705299718704	9857	0.24173916811336366	9	-0.00011776395963148814	0.24162140415373218	0.9990261684159961
Unique Binding	NOT Bound Only	K562	LSM11_5	0.0001	78	0.051504866549570136	78	0.01097155542227559	0	0.0	0.01097155542227559	1.0
Unique Binding	NOT Bound Only	K562	LSM11_5	0.001	0	0.0	0	0.0	0	0.0		
Unique Binding	NOT Bound Only	K562	LSM11_5	0.01	0	0.0	0	0.0	0	0.0		
Unique Binding	NOT Bound Only	K562	LSM11_5	0.1	0	0.0	0	0.0	0	0.0		
Unique Binding	NOT Bound Only	K562	LSM11_6	0.0	50442	33.20999683977668	50387	2.1686265341234523	55	-6.246705451029212e-06	2.168620287418001	0.9999942390380646
Unique Binding	NOT Bound Only	K562	LSM11_6	1e-05	31649	20.837064152533447	31649	2.1071439664596685	0	0.0	2.1071439664596685	1.0
Unique Binding	NOT Bound Only	K562	LSM11_6	0.0001	8101	5.333535236490046	8101	1.2581829217633285	0	0.0	1.2581829217633285	1.0
Unique Binding	NOT Bound Only	K562	LSM11_6	0.001	0	0.0	0	0.0	0	0.0		
Unique Binding	NOT Bound Only	K562	LSM11_6	0.01	0	0.0	0	0.0	0	0.0		
Unique Binding	NOT Bound Only	K562	LSM11_6	0.1	0	0.0	0	0.0	0	0.0		
Unique Binding	NOT Bound Only	K562	MATR3_1	0.0	0	0.0	0	0.0	0	0.0		
Unique Binding	NOT Bound Only	K562	MATR3_1	1e-05	0	0.0	0	0.0	0	0.0		
Unique Binding	NOT Bound Only	K562	MATR3_1	0.0001	0	0.0	0	0.0	0	0.0		
Unique Binding	NOT Bound Only	K562	MATR3_1	0.001	0	0.0	0	0.0	0	0.0		
Unique Binding	NOT Bound Only	K562	MATR3_1	0.01	0	0.0	0	0.0	0	0.0		
Unique Binding	NOT Bound Only	K562	MATR3_1	0.1	0	0.0	0	0.0	0	0.0		
Unique Binding	NOT Bound Only	K562	MATR3_2	0.0	0	0.0	0	0.0	0	0.0		
Unique Binding	NOT Bound Only	K562	MATR3_2	1e-05	0	0.0	0	0.0	0	0.0		
Unique Binding	NOT Bound Only	K562	MATR3_2	0.0001	0	0.0	0	0.0	0	0.0		
Unique Binding	NOT Bound Only	K562	MATR3_2	0.001	0	0.0	0	0.0	0	0.0		
Unique Binding	NOT Bound Only	K562	MATR3_2	0.01	0	0.0	0	0.0	0	0.0		
Unique Binding	NOT Bound Only	K562	MATR3_2	0.1	0	0.0	0	0.0	0	0.0		
Unique Binding	NOT Bound Only	K562	MATR3_3	0.0	0	0.0	0	0.0	0	0.0		
Unique Binding	NOT Bound Only	K562	MATR3_3	1e-05	0	0.0	0	0.0	0	0.0		
Unique Binding	NOT Bound Only	K562	MATR3_3	0.0001	0	0.0	0	0.0	0	0.0		
Unique Binding	NOT Bound Only	K562	MATR3_3	0.001	0	0.0	0	0.0	0	0.0		
Unique Binding	NOT Bound Only	K562	MATR3_3	0.01	0	0.0	0	0.0	0	0.0		
Unique Binding	NOT Bound Only	K562	MATR3_3	0.1	0	0.0	0	0.0	0	0.0		
Unique Binding	NOT Bound Only	K562	MATR3_4	0.0	152062	100.0	152062	1.6178840692192105	0	0.0	1.6178840692192105	1.0
Unique Binding	NOT Bound Only	K562	MATR3_4	1e-05	61861	40.681432573555526	61861	1.1215169163963268	0	0.0	1.1215169163963268	1.0
Unique Binding	NOT Bound Only	K562	MATR3_4	0.0001	0	0.0	0	0.0	0	0.0		
Unique Binding	NOT Bound Only	K562	MATR3_4	0.001	0	0.0	0	0.0	0	0.0		
Unique Binding	NOT Bound Only	K562	MATR3_4	0.01	0	0.0	0	0.0	0	0.0		
Unique Binding	NOT Bound Only	K562	MATR3_4	0.1	0	0.0	0	0.0	0	0.0		
Unique Binding	NOT Bound Only	K562	MATR3_5	0.0	0	0.0	0	0.0	0	0.0		
Unique Binding	NOT Bound Only	K562	MATR3_5	1e-05	0	0.0	0	0.0	0	0.0		
Unique Binding	NOT Bound Only	K562	MATR3_5	0.0001	0	0.0	0	0.0	0	0.0		
Unique Binding	NOT Bound Only	K562	MATR3_5	0.001	0	0.0	0	0.0	0	0.0		
Unique Binding	NOT Bound Only	K562	MATR3_5	0.01	0	0.0	0	0.0	0	0.0		
Unique Binding	NOT Bound Only	K562	MATR3_5	0.1	0	0.0	0	0.0	0	0.0		
Unique Binding	NOT Bound Only	K562	MATR3_6	0.0	0	0.0	0	0.0	0	0.0		
Unique Binding	NOT Bound Only	K562	MATR3_6	1e-05	0	0.0	0	0.0	0	0.0		
Unique Binding	NOT Bound Only	K562	MATR3_6	0.0001	0	0.0	0	0.0	0	0.0		
Unique Binding	NOT Bound Only	K562	MATR3_6	0.001	0	0.0	0	0.0	0	0.0		
Unique Binding	NOT Bound Only	K562	MATR3_6	0.01	0	0.0	0	0.0	0	0.0		
Unique Binding	NOT Bound Only	K562	MATR3_6	0.1	0	0.0	0	0.0	0	0.0		
Unique Binding	NOT Bound Only	K562	MBNL1_1	0.0	0	0.0	0	0.0	0	0.0		
Unique Binding	NOT Bound Only	K562	MBNL1_1	1e-05	0	0.0	0	0.0	0	0.0		
Unique Binding	NOT Bound Only	K562	MBNL1_1	0.0001	0	0.0	0	0.0	0	0.0		
Unique Binding	NOT Bound Only	K562	MBNL1_1	0.001	0	0.0	0	0.0	0	0.0		
Unique Binding	NOT Bound Only	K562	MBNL1_1	0.01	0	0.0	0	0.0	0	0.0		
Unique Binding	NOT Bound Only	K562	MBNL1_1	0.1	0	0.0	0	0.0	0	0.0		
Unique Binding	NOT Bound Only	K562	MBNL1_2	0.0	0	0.0	0	0.0	0	0.0		
Unique Binding	NOT Bound Only	K562	MBNL1_2	1e-05	0	0.0	0	0.0	0	0.0		
Unique Binding	NOT Bound Only	K562	MBNL1_2	0.0001	0	0.0	0	0.0	0	0.0		
Unique Binding	NOT Bound Only	K562	MBNL1_2	0.001	0	0.0	0	0.0	0	0.0		
Unique Binding	NOT Bound Only	K562	MBNL1_2	0.01	0	0.0	0	0.0	0	0.0		
Unique Binding	NOT Bound Only	K562	MBNL1_2	0.1	0	0.0	0	0.0	0	0.0		
Unique Binding	NOT Bound Only	K562	MBNL1_3	0.0	0	0.0	0	0.0	0	0.0		
Unique Binding	NOT Bound Only	K562	MBNL1_3	1e-05	0	0.0	0	0.0	0	0.0		
Unique Binding	NOT Bound Only	K562	MBNL1_3	0.0001	0	0.0	0	0.0	0	0.0		
Unique Binding	NOT Bound Only	K562	MBNL1_3	0.001	0	0.0	0	0.0	0	0.0		
Unique Binding	NOT Bound Only	K562	MBNL1_3	0.01	0	0.0	0	0.0	0	0.0		
Unique Binding	NOT Bound Only	K562	MBNL1_3	0.1	0	0.0	0	0.0	0	0.0		
Unique Binding	NOT Bound Only	K562	MBNL1_4	0.0	0	0.0	0	0.0	0	0.0		
Unique Binding	NOT Bound Only	K562	MBNL1_4	1e-05	0	0.0	0	0.0	0	0.0		
Unique Binding	NOT Bound Only	K562	MBNL1_4	0.0001	0	0.0	0	0.0	0	0.0		
Unique Binding	NOT Bound Only	K562	MBNL1_4	0.001	0	0.0	0	0.0	0	0.0		
Unique Binding	NOT Bound Only	K562	MBNL1_4	0.01	0	0.0	0	0.0	0	0.0		
Unique Binding	NOT Bound Only	K562	MBNL1_4	0.1	0	0.0	0	0.0	0	0.0		
Unique Binding	NOT Bound Only	K562	MBNL1_5	0.0	0	0.0	0	0.0	0	0.0		
Unique Binding	NOT Bound Only	K562	MBNL1_5	1e-05	0	0.0	0	0.0	0	0.0		
Unique Binding	NOT Bound Only	K562	MBNL1_5	0.0001	0	0.0	0	0.0	0	0.0		
Unique Binding	NOT Bound Only	K562	MBNL1_5	0.001	0	0.0	0	0.0	0	0.0		
Unique Binding	NOT Bound Only	K562	MBNL1_5	0.01	0	0.0	0	0.0	0	0.0		
Unique Binding	NOT Bound Only	K562	MBNL1_5	0.1	0	0.0	0	0.0	0	0.0		
Unique Binding	NOT Bound Only	K562	MBNL1_6	0.0	0	0.0	0	0.0	0	0.0		
Unique Binding	NOT Bound Only	K562	MBNL1_6	1e-05	0	0.0	0	0.0	0	0.0		
Unique Binding	NOT Bound Only	K562	MBNL1_6	0.0001	0	0.0	0	0.0	0	0.0		
Unique Binding	NOT Bound Only	K562	MBNL1_6	0.001	0	0.0	0	0.0	0	0.0		
Unique Binding	NOT Bound Only	K562	MBNL1_6	0.01	0	0.0	0	0.0	0	0.0		
Unique Binding	NOT Bound Only	K562	MBNL1_6	0.1	0	0.0	0	0.0	0	0.0		
Unique Binding	NOT Bound Only	K562	METAP2_1	0.0	32967	22.009547017391597	27587	0.23252406742726187	5380	-0.00672856122269465	0.2257955062045672	0.9437535022234675
Unique Binding	NOT Bound Only	K562	METAP2_1	1e-05	6274	4.188670427612911	6245	0.18444657660207608	29	-0.0018382427875652616	0.18260833381451083	0.9802641697419229
Unique Binding	NOT Bound Only	K562	METAP2_1	0.0001	153	0.10214640985412424	153	0.02287516485702621	0	0.0	0.02287516485702621	1.0
Unique Binding	NOT Bound Only	K562	METAP2_1	0.001	0	0.0	0	0.0	0	0.0		
Unique Binding	NOT Bound Only	K562	METAP2_1	0.01	0	0.0	0	0.0	0	0.0		
Unique Binding	NOT Bound Only	K562	METAP2_1	0.1	0	0.0	0	0.0	0	0.0		
Unique Binding	NOT Bound Only	K562	METAP2_2	0.0	149108	100.0	149108	38.079117767763044	0	0.0	38.079117767763044	1.0
Unique Binding	NOT Bound Only	K562	METAP2_2	1e-05	149108	100.0	149108	38.079117767763044	0	0.0	38.079117767763044	1.0
Unique Binding	NOT Bound Only	K562	METAP2_2	0.0001	148321	99.47219465085709	148321	38.007789328742014	0	0.0	38.007789328742014	1.0
Unique Binding	NOT Bound Only	K562	METAP2_2	0.001	49	0.03286208654129892	49	0.052154115318164204	0	0.0	0.052154115318164204	1.0
Unique Binding	NOT Bound Only	K562	METAP2_2	0.01	0	0.0	0	0.0	0	0.0		
Unique Binding	NOT Bound Only	K562	METAP2_2	0.1	0	0.0	0	0.0	0	0.0		
Unique Binding	NOT Bound Only	K562	METAP2_3	0.0	149077	100.0	2742	0.2772564200415862	146335	-108.06140072047462	-107.78414430043304	-0.9948816714668712
Unique Binding	NOT Bound Only	K562	METAP2_3	1e-05	148352	99.51367414155101	2381	0.27544935408313287	145971	-108.05961123654446	-107.78416188246132	-0.9949148622323849
Unique Binding	NOT Bound Only	K562	METAP2_3	0.0001	142150	95.35340797037773	1077	0.22261359280796342	141073	-107.76524406812617	-107.5426304753182	-0.9958770625211043
Unique Binding	NOT Bound Only	K562	METAP2_3	0.001	42210	28.314226876043925	2	0.0022869723711931153	42208	-60.27203937689236	-60.269752404521164	-0.9999241145439621
Unique Binding	NOT Bound Only	K562	METAP2_3	0.01	0	0.0	0	0.0	0	0.0		
Unique Binding	NOT Bound Only	K562	METAP2_3	0.1	0	0.0	0	0.0	0	0.0		
Unique Binding	NOT Bound Only	K562	METAP2_4	0.0	149149	100.0	13	0.0004436764502437309	149136	-31.618827683752116	-31.618384007301874	-0.9999719363267301
Unique Binding	NOT Bound Only	K562	METAP2_4	1e-05	148978	99.88534954977908	9	0.0004362000116768016	148969	-31.617731484390827	-31.61729528437915	-0.9999724082675485
Unique Binding	NOT Bound Only	K562	METAP2_4	0.0001	91855	61.586064941769635	2	0.0002628150844171715	91853	-28.275388044348457	-28.275125229264038	-0.9999814105015141
Unique Binding	NOT Bound Only	K562	METAP2_4	0.001	0	0.0	0	0.0	0	0.0		
Unique Binding	NOT Bound Only	K562	METAP2_4	0.01	0	0.0	0	0.0	0	0.0		
Unique Binding	NOT Bound Only	K562	METAP2_4	0.1	0	0.0	0	0.0	0	0.0		
Unique Binding	NOT Bound Only	K562	METAP2_5	0.0	148409	100.0	147692	34.212762630707175	717	-0.5578656976292315	33.65489693307794	0.967911670024404
Unique Binding	NOT Bound Only	K562	METAP2_5	1e-05	148385	99.98382847401437	147673	34.21265066576914	712	-0.5578344964313466	33.65481616933779	0.9679133325963609
Unique Binding	NOT Bound Only	K562	METAP2_5	0.0001	133217	89.76342405110202	132590	33.01042403156008	627	-0.553316146049355	32.45710788551072	0.9670289340150193
Unique Binding	NOT Bound Only	K562	METAP2_5	0.001	1538	1.0363252902452007	1235	1.5135962947806876	303	-0.39683576691991573	1.1167605278607717	0.5845591425358871
Unique Binding	NOT Bound Only	K562	METAP2_5	0.01	0	0.0	0	0.0	0	0.0		
Unique Binding	NOT Bound Only	K562	METAP2_5	0.1	0	0.0	0	0.0	0	0.0		
Unique Binding	NOT Bound Only	K562	METAP2_6	0.0	149137	100.0	149024	18.73621372330297	113	-0.009980162547455701	18.726233560755514	0.9989352331883231
Unique Binding	NOT Bound Only	K562	METAP2_6	1e-05	149110	99.98189584073704	149001	18.736052663264914	109	-0.009963580261516877	18.726089083003398	0.9989369922513582
Unique Binding	NOT Bound Only	K562	METAP2_6	0.0001	86040	57.691920851297795	86005	14.176654570558405	35	-0.0071163743113264715	14.169538196247078	0.9989965469212684
Unique Binding	NOT Bound Only	K562	METAP2_6	0.001	0	0.0	0	0.0	0	0.0		
Unique Binding	NOT Bound Only	K562	METAP2_6	0.01	0	0.0	0	0.0	0	0.0		
Unique Binding	NOT Bound Only	K562	METAP2_6	0.1	0	0.0	0	0.0	0	0.0		
Unique Binding	NOT Bound Only	K562	METTL1_1	0.0	0	0.0	0	0.0	0	0.0		
Unique Binding	NOT Bound Only	K562	METTL1_1	1e-05	0	0.0	0	0.0	0	0.0		
Unique Binding	NOT Bound Only	K562	METTL1_1	0.0001	0	0.0	0	0.0	0	0.0		
Unique Binding	NOT Bound Only	K562	METTL1_1	0.001	0	0.0	0	0.0	0	0.0		
Unique Binding	NOT Bound Only	K562	METTL1_1	0.01	0	0.0	0	0.0	0	0.0		
Unique Binding	NOT Bound Only	K562	METTL1_1	0.1	0	0.0	0	0.0	0	0.0		
Unique Binding	NOT Bound Only	K562	METTL1_2	0.0	0	0.0	0	0.0	0	0.0		
Unique Binding	NOT Bound Only	K562	METTL1_2	1e-05	0	0.0	0	0.0	0	0.0		
Unique Binding	NOT Bound Only	K562	METTL1_2	0.0001	0	0.0	0	0.0	0	0.0		
Unique Binding	NOT Bound Only	K562	METTL1_2	0.001	0	0.0	0	0.0	0	0.0		
Unique Binding	NOT Bound Only	K562	METTL1_2	0.01	0	0.0	0	0.0	0	0.0		
Unique Binding	NOT Bound Only	K562	METTL1_2	0.1	0	0.0	0	0.0	0	0.0		
Unique Binding	NOT Bound Only	K562	METTL1_3	0.0	0	0.0	0	0.0	0	0.0		
Unique Binding	NOT Bound Only	K562	METTL1_3	1e-05	0	0.0	0	0.0	0	0.0		
Unique Binding	NOT Bound Only	K562	METTL1_3	0.0001	0	0.0	0	0.0	0	0.0		
Unique Binding	NOT Bound Only	K562	METTL1_3	0.001	0	0.0	0	0.0	0	0.0		
Unique Binding	NOT Bound Only	K562	METTL1_3	0.01	0	0.0	0	0.0	0	0.0		
Unique Binding	NOT Bound Only	K562	METTL1_3	0.1	0	0.0	0	0.0	0	0.0		
Unique Binding	NOT Bound Only	K562	METTL1_4	0.0	0	0.0	0	0.0	0	0.0		
Unique Binding	NOT Bound Only	K562	METTL1_4	1e-05	0	0.0	0	0.0	0	0.0		
Unique Binding	NOT Bound Only	K562	METTL1_4	0.0001	0	0.0	0	0.0	0	0.0		
Unique Binding	NOT Bound Only	K562	METTL1_4	0.001	0	0.0	0	0.0	0	0.0		
Unique Binding	NOT Bound Only	K562	METTL1_4	0.01	0	0.0	0	0.0	0	0.0		
Unique Binding	NOT Bound Only	K562	METTL1_4	0.1	0	0.0	0	0.0	0	0.0		
Unique Binding	NOT Bound Only	K562	METTL1_5	0.0	0	0.0	0	0.0	0	0.0		
Unique Binding	NOT Bound Only	K562	METTL1_5	1e-05	0	0.0	0	0.0	0	0.0		
Unique Binding	NOT Bound Only	K562	METTL1_5	0.0001	0	0.0	0	0.0	0	0.0		
Unique Binding	NOT Bound Only	K562	METTL1_5	0.001	0	0.0	0	0.0	0	0.0		
Unique Binding	NOT Bound Only	K562	METTL1_5	0.01	0	0.0	0	0.0	0	0.0		
Unique Binding	NOT Bound Only	K562	METTL1_5	0.1	0	0.0	0	0.0	0	0.0		
Unique Binding	NOT Bound Only	K562	METTL1_6	0.0	0	0.0	0	0.0	0	0.0		
Unique Binding	NOT Bound Only	K562	METTL1_6	1e-05	0	0.0	0	0.0	0	0.0		
Unique Binding	NOT Bound Only	K562	METTL1_6	0.0001	0	0.0	0	0.0	0	0.0		
Unique Binding	NOT Bound Only	K562	METTL1_6	0.001	0	0.0	0	0.0	0	0.0		
Unique Binding	NOT Bound Only	K562	METTL1_6	0.01	0	0.0	0	0.0	0	0.0		
Unique Binding	NOT Bound Only	K562	METTL1_6	0.1	0	0.0	0	0.0	0	0.0		
Unique Binding	NOT Bound Only	K562	MORC2_1	0.0	0	0.0	0	0.0	0	0.0		
Unique Binding	NOT Bound Only	K562	MORC2_1	1e-05	0	0.0	0	0.0	0	0.0		
Unique Binding	NOT Bound Only	K562	MORC2_1	0.0001	0	0.0	0	0.0	0	0.0		
Unique Binding	NOT Bound Only	K562	MORC2_1	0.001	0	0.0	0	0.0	0	0.0		
Unique Binding	NOT Bound Only	K562	MORC2_1	0.01	0	0.0	0	0.0	0	0.0		
Unique Binding	NOT Bound Only	K562	MORC2_1	0.1	0	0.0	0	0.0	0	0.0		
Unique Binding	NOT Bound Only	K562	MORC2_2	0.0	0	0.0	0	0.0	0	0.0		
Unique Binding	NOT Bound Only	K562	MORC2_2	1e-05	0	0.0	0	0.0	0	0.0		
Unique Binding	NOT Bound Only	K562	MORC2_2	0.0001	0	0.0	0	0.0	0	0.0		
Unique Binding	NOT Bound Only	K562	MORC2_2	0.001	0	0.0	0	0.0	0	0.0		
Unique Binding	NOT Bound Only	K562	MORC2_2	0.01	0	0.0	0	0.0	0	0.0		
Unique Binding	NOT Bound Only	K562	MORC2_2	0.1	0	0.0	0	0.0	0	0.0		
Unique Binding	NOT Bound Only	K562	MORC2_3	0.0	141940	93.34657398212512	141940	0.31355925822702263	0	0.0	0.31355925822702263	1.0
Unique Binding	NOT Bound Only	K562	MORC2_3	1e-05	2577	1.6947592021413023	2577	0.09009868307248084	0	0.0	0.09009868307248084	1.0
Unique Binding	NOT Bound Only	K562	MORC2_3	0.0001	176	0.11574606890836989	176	0.026285224674512164	0	0.0	0.026285224674512164	1.0
Unique Binding	NOT Bound Only	K562	MORC2_3	0.001	0	0.0	0	0.0	0	0.0		
Unique Binding	NOT Bound Only	K562	MORC2_3	0.01	0	0.0	0	0.0	0	0.0		
Unique Binding	NOT Bound Only	K562	MORC2_3	0.1	0	0.0	0	0.0	0	0.0		
Unique Binding	NOT Bound Only	K562	MORC2_4	0.0	0	0.0	0	0.0	0	0.0		
Unique Binding	NOT Bound Only	K562	MORC2_4	1e-05	0	0.0	0	0.0	0	0.0		
Unique Binding	NOT Bound Only	K562	MORC2_4	0.0001	0	0.0	0	0.0	0	0.0		
Unique Binding	NOT Bound Only	K562	MORC2_4	0.001	0	0.0	0	0.0	0	0.0		
Unique Binding	NOT Bound Only	K562	MORC2_4	0.01	0	0.0	0	0.0	0	0.0		
Unique Binding	NOT Bound Only	K562	MORC2_4	0.1	0	0.0	0	0.0	0	0.0		
Unique Binding	NOT Bound Only	K562	MORC2_5	0.0	0	0.0	0	0.0	0	0.0		
Unique Binding	NOT Bound Only	K562	MORC2_5	1e-05	0	0.0	0	0.0	0	0.0		
Unique Binding	NOT Bound Only	K562	MORC2_5	0.0001	0	0.0	0	0.0	0	0.0		
Unique Binding	NOT Bound Only	K562	MORC2_5	0.001	0	0.0	0	0.0	0	0.0		
Unique Binding	NOT Bound Only	K562	MORC2_5	0.01	0	0.0	0	0.0	0	0.0		
Unique Binding	NOT Bound Only	K562	MORC2_5	0.1	0	0.0	0	0.0	0	0.0		
Unique Binding	NOT Bound Only	K562	MORC2_6	0.0	0	0.0	0	0.0	0	0.0		
Unique Binding	NOT Bound Only	K562	MORC2_6	1e-05	0	0.0	0	0.0	0	0.0		
Unique Binding	NOT Bound Only	K562	MORC2_6	0.0001	0	0.0	0	0.0	0	0.0		
Unique Binding	NOT Bound Only	K562	MORC2_6	0.001	0	0.0	0	0.0	0	0.0		
Unique Binding	NOT Bound Only	K562	MORC2_6	0.01	0	0.0	0	0.0	0	0.0		
Unique Binding	NOT Bound Only	K562	MORC2_6	0.1	0	0.0	0	0.0	0	0.0		
Unique Binding	NOT Bound Only	K562	MTPAP_1	0.0	0	0.0	0	0.0	0	0.0		
Unique Binding	NOT Bound Only	K562	MTPAP_1	1e-05	0	0.0	0	0.0	0	0.0		
Unique Binding	NOT Bound Only	K562	MTPAP_1	0.0001	0	0.0	0	0.0	0	0.0		
Unique Binding	NOT Bound Only	K562	MTPAP_1	0.001	0	0.0	0	0.0	0	0.0		
Unique Binding	NOT Bound Only	K562	MTPAP_1	0.01	0	0.0	0	0.0	0	0.0		
Unique Binding	NOT Bound Only	K562	MTPAP_1	0.1	0	0.0	0	0.0	0	0.0		
Unique Binding	NOT Bound Only	K562	MTPAP_2	0.0	0	0.0	0	0.0	0	0.0		
Unique Binding	NOT Bound Only	K562	MTPAP_2	1e-05	0	0.0	0	0.0	0	0.0		
Unique Binding	NOT Bound Only	K562	MTPAP_2	0.0001	0	0.0	0	0.0	0	0.0		
Unique Binding	NOT Bound Only	K562	MTPAP_2	0.001	0	0.0	0	0.0	0	0.0		
Unique Binding	NOT Bound Only	K562	MTPAP_2	0.01	0	0.0	0	0.0	0	0.0		
Unique Binding	NOT Bound Only	K562	MTPAP_2	0.1	0	0.0	0	0.0	0	0.0		
Unique Binding	NOT Bound Only	K562	MTPAP_3	0.0	151518	100.0	62	5.493250247532188e-05	151456	-3.057074804367249	-3.0570198718647736	-0.9999640626946167
Unique Binding	NOT Bound Only	K562	MTPAP_3	1e-05	92275	60.90035507332462	0	0.0	92275	-2.7079508074522347	-2.7079508074522347	-1.0
Unique Binding	NOT Bound Only	K562	MTPAP_3	0.0001	0	0.0	0	0.0	0	0.0		
Unique Binding	NOT Bound Only	K562	MTPAP_3	0.001	0	0.0	0	0.0	0	0.0		
Unique Binding	NOT Bound Only	K562	MTPAP_3	0.01	0	0.0	0	0.0	0	0.0		
Unique Binding	NOT Bound Only	K562	MTPAP_3	0.1	0	0.0	0	0.0	0	0.0		
Unique Binding	NOT Bound Only	K562	MTPAP_4	0.0	27447	18.12855840741866	27194	0.5919951689254088	253	-0.00027605941874236017	0.5917191095066665	0.9990677939243677
Unique Binding	NOT Bound Only	K562	MTPAP_4	1e-05	11284	7.453005904809712	11283	0.5500193534969807	1	-1.3139380587252374e-05	0.5500062141163935	0.9999522232567808
Unique Binding	NOT Bound Only	K562	MTPAP_4	0.0001	1300	0.8586412332730083	1300	0.21830793861069064	0	0.0	0.21830793861069064	1.0
Unique Binding	NOT Bound Only	K562	MTPAP_4	0.001	0	0.0	0	0.0	0	0.0		
Unique Binding	NOT Bound Only	K562	MTPAP_4	0.01	0	0.0	0	0.0	0	0.0		
Unique Binding	NOT Bound Only	K562	MTPAP_4	0.1	0	0.0	0	0.0	0	0.0		
Unique Binding	NOT Bound Only	K562	MTPAP_5	0.0	0	0.0	0	0.0	0	0.0		
Unique Binding	NOT Bound Only	K562	MTPAP_5	1e-05	0	0.0	0	0.0	0	0.0		
Unique Binding	NOT Bound Only	K562	MTPAP_5	0.0001	0	0.0	0	0.0	0	0.0		
Unique Binding	NOT Bound Only	K562	MTPAP_5	0.001	0	0.0	0	0.0	0	0.0		
Unique Binding	NOT Bound Only	K562	MTPAP_5	0.01	0	0.0	0	0.0	0	0.0		
Unique Binding	NOT Bound Only	K562	MTPAP_5	0.1	0	0.0	0	0.0	0	0.0		
Unique Binding	NOT Bound Only	K562	MTPAP_6	0.0	141585	93.61177411783375	135698	0.3973085694185781	5887	-0.04857387322162151	0.34873469619695663	0.7821225122298987
Unique Binding	NOT Bound Only	K562	MTPAP_6	1e-05	7857	5.194813781430375	6462	0.12998195007680857	1395	-0.03394558191681067	0.0960363681599979	0.5858464834554823
Unique Binding	NOT Bound Only	K562	MTPAP_6	0.0001	35	0.023140954861914618	21	0.002551127290577647	14	-0.0015181274977836567	0.0010329997927939901	0.25385478337422585
Unique Binding	NOT Bound Only	K562	MTPAP_6	0.001	0	0.0	0	0.0	0	0.0		
Unique Binding	NOT Bound Only	K562	MTPAP_6	0.01	0	0.0	0	0.0	0	0.0		
Unique Binding	NOT Bound Only	K562	MTPAP_6	0.1	0	0.0	0	0.0	0	0.0		
Unique Binding	NOT Bound Only	K562	NCBP2_1	0.0	151472	100.0	151472	35.899140568623714	0	0.0	35.899140568623714	1.0
Unique Binding	NOT Bound Only	K562	NCBP2_1	1e-05	151472	100.0	151472	35.899140568623714	0	0.0	35.899140568623714	1.0
Unique Binding	NOT Bound Only	K562	NCBP2_1	0.0001	139914	92.369546846942	139914	34.99722058040843	0	0.0	34.99722058040843	1.0
Unique Binding	NOT Bound Only	K562	NCBP2_1	0.001	87	0.05743635787472272	87	0.09442499724861639	0	0.0	0.09442499724861639	1.0
Unique Binding	NOT Bound Only	K562	NCBP2_1	0.01	0	0.0	0	0.0	0	0.0		
Unique Binding	NOT Bound Only	K562	NCBP2_1	0.1	0	0.0	0	0.0	0	0.0		
Unique Binding	NOT Bound Only	K562	NCBP2_2	0.0	150631	100.0	149817	0.3823024293068593	814	-0.0009271984678685717	0.3813752308389907	0.9951611336876405
Unique Binding	NOT Bound Only	K562	NCBP2_2	1e-05	3260	2.164229142739542	3241	0.10282698043976404	19	-0.0002227247633402657	0.10260425567642378	0.9956773333237338
Unique Binding	NOT Bound Only	K562	NCBP2_2	0.0001	130	0.08630361612151549	130	0.015751692925151304	0	0.0	0.015751692925151304	1.0
Unique Binding	NOT Bound Only	K562	NCBP2_2	0.001	0	0.0	0	0.0	0	0.0		
Unique Binding	NOT Bound Only	K562	NCBP2_2	0.01	0	0.0	0	0.0	0	0.0		
Unique Binding	NOT Bound Only	K562	NCBP2_2	0.1	0	0.0	0	0.0	0	0.0		
Unique Binding	NOT Bound Only	K562	NCBP2_3	0.0	0	0.0	0	0.0	0	0.0		
Unique Binding	NOT Bound Only	K562	NCBP2_3	1e-05	0	0.0	0	0.0	0	0.0		
Unique Binding	NOT Bound Only	K562	NCBP2_3	0.0001	0	0.0	0	0.0	0	0.0		
Unique Binding	NOT Bound Only	K562	NCBP2_3	0.001	0	0.0	0	0.0	0	0.0		
Unique Binding	NOT Bound Only	K562	NCBP2_3	0.01	0	0.0	0	0.0	0	0.0		
Unique Binding	NOT Bound Only	K562	NCBP2_3	0.1	0	0.0	0	0.0	0	0.0		
Unique Binding	NOT Bound Only	K562	NCBP2_4	0.0	0	0.0	0	0.0	0	0.0		
Unique Binding	NOT Bound Only	K562	NCBP2_4	1e-05	0	0.0	0	0.0	0	0.0		
Unique Binding	NOT Bound Only	K562	NCBP2_4	0.0001	0	0.0	0	0.0	0	0.0		
Unique Binding	NOT Bound Only	K562	NCBP2_4	0.001	0	0.0	0	0.0	0	0.0		
Unique Binding	NOT Bound Only	K562	NCBP2_4	0.01	0	0.0	0	0.0	0	0.0		
Unique Binding	NOT Bound Only	K562	NCBP2_4	0.1	0	0.0	0	0.0	0	0.0		
Unique Binding	NOT Bound Only	K562	NCBP2_5	0.0	0	0.0	0	0.0	0	0.0		
Unique Binding	NOT Bound Only	K562	NCBP2_5	1e-05	0	0.0	0	0.0	0	0.0		
Unique Binding	NOT Bound Only	K562	NCBP2_5	0.0001	0	0.0	0	0.0	0	0.0		
Unique Binding	NOT Bound Only	K562	NCBP2_5	0.001	0	0.0	0	0.0	0	0.0		
Unique Binding	NOT Bound Only	K562	NCBP2_5	0.01	0	0.0	0	0.0	0	0.0		
Unique Binding	NOT Bound Only	K562	NCBP2_5	0.1	0	0.0	0	0.0	0	0.0		
Unique Binding	NOT Bound Only	K562	NCBP2_6	0.0	0	0.0	0	0.0	0	0.0		
Unique Binding	NOT Bound Only	K562	NCBP2_6	1e-05	0	0.0	0	0.0	0	0.0		
Unique Binding	NOT Bound Only	K562	NCBP2_6	0.0001	0	0.0	0	0.0	0	0.0		
Unique Binding	NOT Bound Only	K562	NCBP2_6	0.001	0	0.0	0	0.0	0	0.0		
Unique Binding	NOT Bound Only	K562	NCBP2_6	0.01	0	0.0	0	0.0	0	0.0		
Unique Binding	NOT Bound Only	K562	NCBP2_6	0.1	0	0.0	0	0.0	0	0.0		
Unique Binding	NOT Bound Only	K562	NIPBL_1	0.0	844	0.5558226372598735	251	0.0003673340868713906	593	-0.0016594047632817312	-0.0012920706764103407	-0.6375121670523678
Unique Binding	NOT Bound Only	K562	NIPBL_1	1e-05	45	0.029635093218832113	12	0.0001363253180248006	33	-0.00045402297617502964	-0.000317697658150229	-0.5381529196774298
Unique Binding	NOT Bound Only	K562	NIPBL_1	0.0001	0	0.0	0	0.0	0	0.0		
Unique Binding	NOT Bound Only	K562	NIPBL_1	0.001	0	0.0	0	0.0	0	0.0		
Unique Binding	NOT Bound Only	K562	NIPBL_1	0.01	0	0.0	0	0.0	0	0.0		
Unique Binding	NOT Bound Only	K562	NIPBL_1	0.1	0	0.0	0	0.0	0	0.0		
Unique Binding	NOT Bound Only	K562	NIPBL_2	0.0	0	0.0	0	0.0	0	0.0		
Unique Binding	NOT Bound Only	K562	NIPBL_2	1e-05	0	0.0	0	0.0	0	0.0		
Unique Binding	NOT Bound Only	K562	NIPBL_2	0.0001	0	0.0	0	0.0	0	0.0		
Unique Binding	NOT Bound Only	K562	NIPBL_2	0.001	0	0.0	0	0.0	0	0.0		
Unique Binding	NOT Bound Only	K562	NIPBL_2	0.01	0	0.0	0	0.0	0	0.0		
Unique Binding	NOT Bound Only	K562	NIPBL_2	0.1	0	0.0	0	0.0	0	0.0		
Unique Binding	NOT Bound Only	K562	NIPBL_3	0.0	0	0.0	0	0.0	0	0.0		
Unique Binding	NOT Bound Only	K562	NIPBL_3	1e-05	0	0.0	0	0.0	0	0.0		
Unique Binding	NOT Bound Only	K562	NIPBL_3	0.0001	0	0.0	0	0.0	0	0.0		
Unique Binding	NOT Bound Only	K562	NIPBL_3	0.001	0	0.0	0	0.0	0	0.0		
Unique Binding	NOT Bound Only	K562	NIPBL_3	0.01	0	0.0	0	0.0	0	0.0		
Unique Binding	NOT Bound Only	K562	NIPBL_3	0.1	0	0.0	0	0.0	0	0.0		
Unique Binding	NOT Bound Only	K562	NIPBL_4	0.0	0	0.0	0	0.0	0	0.0		
Unique Binding	NOT Bound Only	K562	NIPBL_4	1e-05	0	0.0	0	0.0	0	0.0		
Unique Binding	NOT Bound Only	K562	NIPBL_4	0.0001	0	0.0	0	0.0	0	0.0		
Unique Binding	NOT Bound Only	K562	NIPBL_4	0.001	0	0.0	0	0.0	0	0.0		
Unique Binding	NOT Bound Only	K562	NIPBL_4	0.01	0	0.0	0	0.0	0	0.0		
Unique Binding	NOT Bound Only	K562	NIPBL_4	0.1	0	0.0	0	0.0	0	0.0		
Unique Binding	NOT Bound Only	K562	NIPBL_5	0.0	0	0.0	0	0.0	0	0.0		
Unique Binding	NOT Bound Only	K562	NIPBL_5	1e-05	0	0.0	0	0.0	0	0.0		
Unique Binding	NOT Bound Only	K562	NIPBL_5	0.0001	0	0.0	0	0.0	0	0.0		
Unique Binding	NOT Bound Only	K562	NIPBL_5	0.001	0	0.0	0	0.0	0	0.0		
Unique Binding	NOT Bound Only	K562	NIPBL_5	0.01	0	0.0	0	0.0	0	0.0		
Unique Binding	NOT Bound Only	K562	NIPBL_5	0.1	0	0.0	0	0.0	0	0.0		
Unique Binding	NOT Bound Only	K562	NIPBL_6	0.0	0	0.0	0	0.0	0	0.0		
Unique Binding	NOT Bound Only	K562	NIPBL_6	1e-05	0	0.0	0	0.0	0	0.0		
Unique Binding	NOT Bound Only	K562	NIPBL_6	0.0001	0	0.0	0	0.0	0	0.0		
Unique Binding	NOT Bound Only	K562	NIPBL_6	0.001	0	0.0	0	0.0	0	0.0		
Unique Binding	NOT Bound Only	K562	NIPBL_6	0.01	0	0.0	0	0.0	0	0.0		
Unique Binding	NOT Bound Only	K562	NIPBL_6	0.1	0	0.0	0	0.0	0	0.0		
Unique Binding	NOT Bound Only	K562	NOLC1_1	0.0	0	0.0	0	0.0	0	0.0		
Unique Binding	NOT Bound Only	K562	NOLC1_1	1e-05	0	0.0	0	0.0	0	0.0		
Unique Binding	NOT Bound Only	K562	NOLC1_1	0.0001	0	0.0	0	0.0	0	0.0		
Unique Binding	NOT Bound Only	K562	NOLC1_1	0.001	0	0.0	0	0.0	0	0.0		
Unique Binding	NOT Bound Only	K562	NOLC1_1	0.01	0	0.0	0	0.0	0	0.0		
Unique Binding	NOT Bound Only	K562	NOLC1_1	0.1	0	0.0	0	0.0	0	0.0		
Unique Binding	NOT Bound Only	K562	NOLC1_2	0.0	0	0.0	0	0.0	0	0.0		
Unique Binding	NOT Bound Only	K562	NOLC1_2	1e-05	0	0.0	0	0.0	0	0.0		
Unique Binding	NOT Bound Only	K562	NOLC1_2	0.0001	0	0.0	0	0.0	0	0.0		
Unique Binding	NOT Bound Only	K562	NOLC1_2	0.001	0	0.0	0	0.0	0	0.0		
Unique Binding	NOT Bound Only	K562	NOLC1_2	0.01	0	0.0	0	0.0	0	0.0		
Unique Binding	NOT Bound Only	K562	NOLC1_2	0.1	0	0.0	0	0.0	0	0.0		
Unique Binding	NOT Bound Only	K562	NOLC1_3	0.0	151534	100.0	58475	1.7338431782721442	93059	-1.317364638399232	0.4164785398729123	0.13649628766593064
Unique Binding	NOT Bound Only	K562	NOLC1_3	1e-05	86039	56.778676732614464	39303	1.6495068445973446	46736	-1.110900088216923	0.5386067563804215	0.19511860732479233
Unique Binding	NOT Bound Only	K562	NOLC1_3	0.0001	2960	1.9533570023889029	2960	0.4816280497392041	0	0.0	0.4816280497392041	1.0
Unique Binding	NOT Bound Only	K562	NOLC1_3	0.001	0	0.0	0	0.0	0	0.0		
Unique Binding	NOT Bound Only	K562	NOLC1_3	0.01	0	0.0	0	0.0	0	0.0		
Unique Binding	NOT Bound Only	K562	NOLC1_3	0.1	0	0.0	0	0.0	0	0.0		
Unique Binding	NOT Bound Only	K562	NOLC1_4	0.0	0	0.0	0	0.0	0	0.0		
Unique Binding	NOT Bound Only	K562	NOLC1_4	1e-05	0	0.0	0	0.0	0	0.0		
Unique Binding	NOT Bound Only	K562	NOLC1_4	0.0001	0	0.0	0	0.0	0	0.0		
Unique Binding	NOT Bound Only	K562	NOLC1_4	0.001	0	0.0	0	0.0	0	0.0		
Unique Binding	NOT Bound Only	K562	NOLC1_4	0.01	0	0.0	0	0.0	0	0.0		
Unique Binding	NOT Bound Only	K562	NOLC1_4	0.1	0	0.0	0	0.0	0	0.0		
Unique Binding	NOT Bound Only	K562	NOLC1_5	0.0	0	0.0	0	0.0	0	0.0		
Unique Binding	NOT Bound Only	K562	NOLC1_5	1e-05	0	0.0	0	0.0	0	0.0		
Unique Binding	NOT Bound Only	K562	NOLC1_5	0.0001	0	0.0	0	0.0	0	0.0		
Unique Binding	NOT Bound Only	K562	NOLC1_5	0.001	0	0.0	0	0.0	0	0.0		
Unique Binding	NOT Bound Only	K562	NOLC1_5	0.01	0	0.0	0	0.0	0	0.0		
Unique Binding	NOT Bound Only	K562	NOLC1_5	0.1	0	0.0	0	0.0	0	0.0		
Unique Binding	NOT Bound Only	K562	NOLC1_6	0.0	0	0.0	0	0.0	0	0.0		
Unique Binding	NOT Bound Only	K562	NOLC1_6	1e-05	0	0.0	0	0.0	0	0.0		
Unique Binding	NOT Bound Only	K562	NOLC1_6	0.0001	0	0.0	0	0.0	0	0.0		
Unique Binding	NOT Bound Only	K562	NOLC1_6	0.001	0	0.0	0	0.0	0	0.0		
Unique Binding	NOT Bound Only	K562	NOLC1_6	0.01	0	0.0	0	0.0	0	0.0		
Unique Binding	NOT Bound Only	K562	NOLC1_6	0.1	0	0.0	0	0.0	0	0.0		
Unique Binding	NOT Bound Only	K562	NONO_1	0.0	0	0.0	0	0.0	0	0.0		
Unique Binding	NOT Bound Only	K562	NONO_1	1e-05	0	0.0	0	0.0	0	0.0		
Unique Binding	NOT Bound Only	K562	NONO_1	0.0001	0	0.0	0	0.0	0	0.0		
Unique Binding	NOT Bound Only	K562	NONO_1	0.001	0	0.0	0	0.0	0	0.0		
Unique Binding	NOT Bound Only	K562	NONO_1	0.01	0	0.0	0	0.0	0	0.0		
Unique Binding	NOT Bound Only	K562	NONO_1	0.1	0	0.0	0	0.0	0	0.0		
Unique Binding	NOT Bound Only	K562	NONO_2	0.0	148940	100.0	7103	0.16444183456452852	141837	-5.446844830021061	-5.282402995456533	-0.9413889026192985
Unique Binding	NOT Bound Only	K562	NONO_2	1e-05	121499	81.57580233651134	3674	0.147370602149373	117825	-5.274612177423951	-5.127241575274579	-0.9456395904817058
Unique Binding	NOT Bound Only	K562	NONO_2	0.0001	5857	3.93245602255942	291	0.04073003429312227	5566	-2.1735367180908365	-2.1328066837977144	-0.9632112668907026
Unique Binding	NOT Bound Only	K562	NONO_2	0.001	779	0.5230294078152277	0	0.0	779	-1.1096906145100656	-1.1096906145100656	-1.0
Unique Binding	NOT Bound Only	K562	NONO_2	0.01	0	0.0	0	0.0	0	0.0		
Unique Binding	NOT Bound Only	K562	NONO_2	0.1	0	0.0	0	0.0	0	0.0		
Unique Binding	NOT Bound Only	K562	NONO_3	0.0	150748	100.0	135974	17.639332235469922	14774	-0.6163374517806789	17.022994783689242	0.9324771468437427
Unique Binding	NOT Bound Only	K562	NONO_3	1e-05	144418	95.80093931594449	132310	17.618965329432697	12108	-0.6026590445728901	17.01630628485981	0.9338523248857414
Unique Binding	NOT Bound Only	K562	NONO_3	0.0001	61160	40.57101918433412	59933	14.110090938176782	1227	-0.16985214120391656	13.940238796972865	0.9762110898818397
Unique Binding	NOT Bound Only	K562	NONO_3	0.001	0	0.0	0	0.0	0	0.0		
Unique Binding	NOT Bound Only	K562	NONO_3	0.01	0	0.0	0	0.0	0	0.0		
Unique Binding	NOT Bound Only	K562	NONO_3	0.1	0	0.0	0	0.0	0	0.0		
Unique Binding	NOT Bound Only	K562	NONO_4	0.0	150964	100.0	150964	325.8453968698753	0	0.0	325.8453968698753	1.0
Unique Binding	NOT Bound Only	K562	NONO_4	1e-05	150964	100.0	150964	325.8453968698753	0	0.0	325.8453968698753	1.0
Unique Binding	NOT Bound Only	K562	NONO_4	0.0001	150964	100.0	150964	325.8453968698753	0	0.0	325.8453968698753	1.0
Unique Binding	NOT Bound Only	K562	NONO_4	0.001	147144	97.46959540022787	147144	322.5824594014075	0	0.0	322.5824594014075	1.0
Unique Binding	NOT Bound Only	K562	NONO_4	0.01	0	0.0	0	0.0	0	0.0		
Unique Binding	NOT Bound Only	K562	NONO_4	0.1	0	0.0	0	0.0	0	0.0		
Unique Binding	NOT Bound Only	K562	NONO_5	0.0	151506	100.0	150250	2.3179794168458234	1256	-0.02284235151180989	2.2951370653340137	0.9804834765118949
Unique Binding	NOT Bound Only	K562	NONO_5	1e-05	49911	32.94324977228625	49317	1.9129972992944482	594	-0.020569003600827536	1.8924282956936207	0.9787242841685564
Unique Binding	NOT Bound Only	K562	NONO_5	0.0001	1552	1.024381872665109	1552	0.1936046449009181	0	0.0	0.1936046449009181	1.0
Unique Binding	NOT Bound Only	K562	NONO_5	0.001	0	0.0	0	0.0	0	0.0		
Unique Binding	NOT Bound Only	K562	NONO_5	0.01	0	0.0	0	0.0	0	0.0		
Unique Binding	NOT Bound Only	K562	NONO_5	0.1	0	0.0	0	0.0	0	0.0		
Unique Binding	NOT Bound Only	K562	NONO_6	0.0	0	0.0	0	0.0	0	0.0		
Unique Binding	NOT Bound Only	K562	NONO_6	1e-05	0	0.0	0	0.0	0	0.0		
Unique Binding	NOT Bound Only	K562	NONO_6	0.0001	0	0.0	0	0.0	0	0.0		
Unique Binding	NOT Bound Only	K562	NONO_6	0.001	0	0.0	0	0.0	0	0.0		
Unique Binding	NOT Bound Only	K562	NONO_6	0.01	0	0.0	0	0.0	0	0.0		
Unique Binding	NOT Bound Only	K562	NONO_6	0.1	0	0.0	0	0.0	0	0.0		
Unique Binding	NOT Bound Only	K562	NPM1_1	0.0	0	0.0	0	0.0	0	0.0		
Unique Binding	NOT Bound Only	K562	NPM1_1	1e-05	0	0.0	0	0.0	0	0.0		
Unique Binding	NOT Bound Only	K562	NPM1_1	0.0001	0	0.0	0	0.0	0	0.0		
Unique Binding	NOT Bound Only	K562	NPM1_1	0.001	0	0.0	0	0.0	0	0.0		
Unique Binding	NOT Bound Only	K562	NPM1_1	0.01	0	0.0	0	0.0	0	0.0		
Unique Binding	NOT Bound Only	K562	NPM1_1	0.1	0	0.0	0	0.0	0	0.0		
Unique Binding	NOT Bound Only	K562	NPM1_2	0.0	0	0.0	0	0.0	0	0.0		
Unique Binding	NOT Bound Only	K562	NPM1_2	1e-05	0	0.0	0	0.0	0	0.0		
Unique Binding	NOT Bound Only	K562	NPM1_2	0.0001	0	0.0	0	0.0	0	0.0		
Unique Binding	NOT Bound Only	K562	NPM1_2	0.001	0	0.0	0	0.0	0	0.0		
Unique Binding	NOT Bound Only	K562	NPM1_2	0.01	0	0.0	0	0.0	0	0.0		
Unique Binding	NOT Bound Only	K562	NPM1_2	0.1	0	0.0	0	0.0	0	0.0		
Unique Binding	NOT Bound Only	K562	NPM1_3	0.0	0	0.0	0	0.0	0	0.0		
Unique Binding	NOT Bound Only	K562	NPM1_3	1e-05	0	0.0	0	0.0	0	0.0		
Unique Binding	NOT Bound Only	K562	NPM1_3	0.0001	0	0.0	0	0.0	0	0.0		
Unique Binding	NOT Bound Only	K562	NPM1_3	0.001	0	0.0	0	0.0	0	0.0		
Unique Binding	NOT Bound Only	K562	NPM1_3	0.01	0	0.0	0	0.0	0	0.0		
Unique Binding	NOT Bound Only	K562	NPM1_3	0.1	0	0.0	0	0.0	0	0.0		
Unique Binding	NOT Bound Only	K562	NPM1_4	0.0	0	0.0	0	0.0	0	0.0		
Unique Binding	NOT Bound Only	K562	NPM1_4	1e-05	0	0.0	0	0.0	0	0.0		
Unique Binding	NOT Bound Only	K562	NPM1_4	0.0001	0	0.0	0	0.0	0	0.0		
Unique Binding	NOT Bound Only	K562	NPM1_4	0.001	0	0.0	0	0.0	0	0.0		
Unique Binding	NOT Bound Only	K562	NPM1_4	0.01	0	0.0	0	0.0	0	0.0		
Unique Binding	NOT Bound Only	K562	NPM1_4	0.1	0	0.0	0	0.0	0	0.0		
Unique Binding	NOT Bound Only	K562	NPM1_5	0.0	0	0.0	0	0.0	0	0.0		
Unique Binding	NOT Bound Only	K562	NPM1_5	1e-05	0	0.0	0	0.0	0	0.0		
Unique Binding	NOT Bound Only	K562	NPM1_5	0.0001	0	0.0	0	0.0	0	0.0		
Unique Binding	NOT Bound Only	K562	NPM1_5	0.001	0	0.0	0	0.0	0	0.0		
Unique Binding	NOT Bound Only	K562	NPM1_5	0.01	0	0.0	0	0.0	0	0.0		
Unique Binding	NOT Bound Only	K562	NPM1_5	0.1	0	0.0	0	0.0	0	0.0		
Unique Binding	NOT Bound Only	K562	NPM1_6	0.0	0	0.0	0	0.0	0	0.0		
Unique Binding	NOT Bound Only	K562	NPM1_6	1e-05	0	0.0	0	0.0	0	0.0		
Unique Binding	NOT Bound Only	K562	NPM1_6	0.0001	0	0.0	0	0.0	0	0.0		
Unique Binding	NOT Bound Only	K562	NPM1_6	0.001	0	0.0	0	0.0	0	0.0		
Unique Binding	NOT Bound Only	K562	NPM1_6	0.01	0	0.0	0	0.0	0	0.0		
Unique Binding	NOT Bound Only	K562	NPM1_6	0.1	0	0.0	0	0.0	0	0.0		
Unique Binding	NOT Bound Only	K562	NSUN2_1	0.0	0	0.0	0	0.0	0	0.0		
Unique Binding	NOT Bound Only	K562	NSUN2_1	1e-05	0	0.0	0	0.0	0	0.0		
Unique Binding	NOT Bound Only	K562	NSUN2_1	0.0001	0	0.0	0	0.0	0	0.0		
Unique Binding	NOT Bound Only	K562	NSUN2_1	0.001	0	0.0	0	0.0	0	0.0		
Unique Binding	NOT Bound Only	K562	NSUN2_1	0.01	0	0.0	0	0.0	0	0.0		
Unique Binding	NOT Bound Only	K562	NSUN2_1	0.1	0	0.0	0	0.0	0	0.0		
Unique Binding	NOT Bound Only	K562	NSUN2_2	0.0	0	0.0	0	0.0	0	0.0		
Unique Binding	NOT Bound Only	K562	NSUN2_2	1e-05	0	0.0	0	0.0	0	0.0		
Unique Binding	NOT Bound Only	K562	NSUN2_2	0.0001	0	0.0	0	0.0	0	0.0		
Unique Binding	NOT Bound Only	K562	NSUN2_2	0.001	0	0.0	0	0.0	0	0.0		
Unique Binding	NOT Bound Only	K562	NSUN2_2	0.01	0	0.0	0	0.0	0	0.0		
Unique Binding	NOT Bound Only	K562	NSUN2_2	0.1	0	0.0	0	0.0	0	0.0		
Unique Binding	NOT Bound Only	K562	NSUN2_3	0.0	0	0.0	0	0.0	0	0.0		
Unique Binding	NOT Bound Only	K562	NSUN2_3	1e-05	0	0.0	0	0.0	0	0.0		
Unique Binding	NOT Bound Only	K562	NSUN2_3	0.0001	0	0.0	0	0.0	0	0.0		
Unique Binding	NOT Bound Only	K562	NSUN2_3	0.001	0	0.0	0	0.0	0	0.0		
Unique Binding	NOT Bound Only	K562	NSUN2_3	0.01	0	0.0	0	0.0	0	0.0		
Unique Binding	NOT Bound Only	K562	NSUN2_3	0.1	0	0.0	0	0.0	0	0.0		
Unique Binding	NOT Bound Only	K562	NSUN2_4	0.0	0	0.0	0	0.0	0	0.0		
Unique Binding	NOT Bound Only	K562	NSUN2_4	1e-05	0	0.0	0	0.0	0	0.0		
Unique Binding	NOT Bound Only	K562	NSUN2_4	0.0001	0	0.0	0	0.0	0	0.0		
Unique Binding	NOT Bound Only	K562	NSUN2_4	0.001	0	0.0	0	0.0	0	0.0		
Unique Binding	NOT Bound Only	K562	NSUN2_4	0.01	0	0.0	0	0.0	0	0.0		
Unique Binding	NOT Bound Only	K562	NSUN2_4	0.1	0	0.0	0	0.0	0	0.0		
Unique Binding	NOT Bound Only	K562	NSUN2_5	0.0	0	0.0	0	0.0	0	0.0		
Unique Binding	NOT Bound Only	K562	NSUN2_5	1e-05	0	0.0	0	0.0	0	0.0		
Unique Binding	NOT Bound Only	K562	NSUN2_5	0.0001	0	0.0	0	0.0	0	0.0		
Unique Binding	NOT Bound Only	K562	NSUN2_5	0.001	0	0.0	0	0.0	0	0.0		
Unique Binding	NOT Bound Only	K562	NSUN2_5	0.01	0	0.0	0	0.0	0	0.0		
Unique Binding	NOT Bound Only	K562	NSUN2_5	0.1	0	0.0	0	0.0	0	0.0		
Unique Binding	NOT Bound Only	K562	NSUN2_6	0.0	0	0.0	0	0.0	0	0.0		
Unique Binding	NOT Bound Only	K562	NSUN2_6	1e-05	0	0.0	0	0.0	0	0.0		
Unique Binding	NOT Bound Only	K562	NSUN2_6	0.0001	0	0.0	0	0.0	0	0.0		
Unique Binding	NOT Bound Only	K562	NSUN2_6	0.001	0	0.0	0	0.0	0	0.0		
Unique Binding	NOT Bound Only	K562	NSUN2_6	0.01	0	0.0	0	0.0	0	0.0		
Unique Binding	NOT Bound Only	K562	NSUN2_6	0.1	0	0.0	0	0.0	0	0.0		
Unique Binding	NOT Bound Only	K562	PABPC4_1	0.0	0	0.0	0	0.0	0	0.0		
Unique Binding	NOT Bound Only	K562	PABPC4_1	1e-05	0	0.0	0	0.0	0	0.0		
Unique Binding	NOT Bound Only	K562	PABPC4_1	0.0001	0	0.0	0	0.0	0	0.0		
Unique Binding	NOT Bound Only	K562	PABPC4_1	0.001	0	0.0	0	0.0	0	0.0		
Unique Binding	NOT Bound Only	K562	PABPC4_1	0.01	0	0.0	0	0.0	0	0.0		
Unique Binding	NOT Bound Only	K562	PABPC4_1	0.1	0	0.0	0	0.0	0	0.0		
Unique Binding	NOT Bound Only	K562	PABPC4_2	0.0	147874	100.0	147873	181.23993078465008	1	-1.990597243274939e-05	181.23991087867765	0.9999997803357111
Unique Binding	NOT Bound Only	K562	PABPC4_2	1e-05	147873	99.99932374859678	147872	181.2399224673905	1	-1.990597243274939e-05	181.23990256141806	0.9999997803357011
Unique Binding	NOT Bound Only	K562	PABPC4_2	0.0001	147837	99.97497869808079	147837	181.23684933100586	0	0.0	181.23684933100586	1.0
Unique Binding	NOT Bound Only	K562	PABPC4_2	0.001	75716	51.203051246331334	75716	134.47287289860915	0	0.0	134.47287289860915	1.0
Unique Binding	NOT Bound Only	K562	PABPC4_2	0.01	0	0.0	0	0.0	0	0.0		
Unique Binding	NOT Bound Only	K562	PABPC4_2	0.1	0	0.0	0	0.0	0	0.0		
Unique Binding	NOT Bound Only	K562	PABPC4_3	0.0	148763	100.0	34640	0.5170156679335004	114123	-3.0650475165228785	-2.5480318485893783	-0.7113307938413914
Unique Binding	NOT Bound Only	K562	PABPC4_3	1e-05	84431	56.755376000752875	15655	0.4420074643736304	68776	-2.865054839445044	-2.4230473750714134	-0.7326887589246546
Unique Binding	NOT Bound Only	K562	PABPC4_3	0.0001	4199	2.8226104609345066	392	0.054313495153590186	3807	-0.764899652552415	-0.7105861573988248	-0.8674008216160077
Unique Binding	NOT Bound Only	K562	PABPC4_3	0.001	0	0.0	0	0.0	0	0.0		
Unique Binding	NOT Bound Only	K562	PABPC4_3	0.01	0	0.0	0	0.0	0	0.0		
Unique Binding	NOT Bound Only	K562	PABPC4_3	0.1	0	0.0	0	0.0	0	0.0		
Unique Binding	NOT Bound Only	K562	PABPC4_4	0.0	0	0.0	0	0.0	0	0.0		
Unique Binding	NOT Bound Only	K562	PABPC4_4	1e-05	0	0.0	0	0.0	0	0.0		
Unique Binding	NOT Bound Only	K562	PABPC4_4	0.0001	0	0.0	0	0.0	0	0.0		
Unique Binding	NOT Bound Only	K562	PABPC4_4	0.001	0	0.0	0	0.0	0	0.0		
Unique Binding	NOT Bound Only	K562	PABPC4_4	0.01	0	0.0	0	0.0	0	0.0		
Unique Binding	NOT Bound Only	K562	PABPC4_4	0.1	0	0.0	0	0.0	0	0.0		
Unique Binding	NOT Bound Only	K562	PABPC4_5	0.0	147074	100.0	147074	67.35783670716224	0	0.0	67.35783670716224	1.0
Unique Binding	NOT Bound Only	K562	PABPC4_5	1e-05	147074	100.0	147074	67.35783670716224	0	0.0	67.35783670716224	1.0
Unique Binding	NOT Bound Only	K562	PABPC4_5	0.0001	147050	99.98368168405021	147050	67.35569550287586	0	0.0	67.35569550287586	1.0
Unique Binding	NOT Bound Only	K562	PABPC4_5	0.001	32	0.02175775459972531	32	0.034319644270175045	0	0.0	0.034319644270175045	1.0
Unique Binding	NOT Bound Only	K562	PABPC4_5	0.01	0	0.0	0	0.0	0	0.0		
Unique Binding	NOT Bound Only	K562	PABPC4_5	0.1	0	0.0	0	0.0	0	0.0		
Unique Binding	NOT Bound Only	K562	PABPC4_6	0.0	145731	100.0	5750	0.12338628416110606	139981	-12.220499065105042	-12.097112780943936	-0.9800085174691872
Unique Binding	NOT Bound Only	K562	PABPC4_6	1e-05	140032	96.089370140876	2531	0.11186155692070321	137501	-12.210101057473226	-12.098239500552523	-0.9818435487233127
Unique Binding	NOT Bound Only	K562	PABPC4_6	0.0001	28418	19.500312219088595	253	0.035154475814072064	28165	-4.397526282399682	-4.36237180658561	-0.9841385032075992
Unique Binding	NOT Bound Only	K562	PABPC4_6	0.001	0	0.0	0	0.0	0	0.0		
Unique Binding	NOT Bound Only	K562	PABPC4_6	0.01	0	0.0	0	0.0	0	0.0		
Unique Binding	NOT Bound Only	K562	PABPC4_6	0.1	0	0.0	0	0.0	0	0.0		
Unique Binding	NOT Bound Only	K562	PCBP1_1	0.0	0	0.0	0	0.0	0	0.0		
Unique Binding	NOT Bound Only	K562	PCBP1_1	1e-05	0	0.0	0	0.0	0	0.0		
Unique Binding	NOT Bound Only	K562	PCBP1_1	0.0001	0	0.0	0	0.0	0	0.0		
Unique Binding	NOT Bound Only	K562	PCBP1_1	0.001	0	0.0	0	0.0	0	0.0		
Unique Binding	NOT Bound Only	K562	PCBP1_1	0.01	0	0.0	0	0.0	0	0.0		
Unique Binding	NOT Bound Only	K562	PCBP1_1	0.1	0	0.0	0	0.0	0	0.0		
Unique Binding	NOT Bound Only	K562	PCBP1_2	0.0	0	0.0	0	0.0	0	0.0		
Unique Binding	NOT Bound Only	K562	PCBP1_2	1e-05	0	0.0	0	0.0	0	0.0		
Unique Binding	NOT Bound Only	K562	PCBP1_2	0.0001	0	0.0	0	0.0	0	0.0		
Unique Binding	NOT Bound Only	K562	PCBP1_2	0.001	0	0.0	0	0.0	0	0.0		
Unique Binding	NOT Bound Only	K562	PCBP1_2	0.01	0	0.0	0	0.0	0	0.0		
Unique Binding	NOT Bound Only	K562	PCBP1_2	0.1	0	0.0	0	0.0	0	0.0		
Unique Binding	NOT Bound Only	K562	PCBP1_3	0.0	0	0.0	0	0.0	0	0.0		
Unique Binding	NOT Bound Only	K562	PCBP1_3	1e-05	0	0.0	0	0.0	0	0.0		
Unique Binding	NOT Bound Only	K562	PCBP1_3	0.0001	0	0.0	0	0.0	0	0.0		
Unique Binding	NOT Bound Only	K562	PCBP1_3	0.001	0	0.0	0	0.0	0	0.0		
Unique Binding	NOT Bound Only	K562	PCBP1_3	0.01	0	0.0	0	0.0	0	0.0		
Unique Binding	NOT Bound Only	K562	PCBP1_3	0.1	0	0.0	0	0.0	0	0.0		
Unique Binding	NOT Bound Only	K562	PCBP1_4	0.0	0	0.0	0	0.0	0	0.0		
Unique Binding	NOT Bound Only	K562	PCBP1_4	1e-05	0	0.0	0	0.0	0	0.0		
Unique Binding	NOT Bound Only	K562	PCBP1_4	0.0001	0	0.0	0	0.0	0	0.0		
Unique Binding	NOT Bound Only	K562	PCBP1_4	0.001	0	0.0	0	0.0	0	0.0		
Unique Binding	NOT Bound Only	K562	PCBP1_4	0.01	0	0.0	0	0.0	0	0.0		
Unique Binding	NOT Bound Only	K562	PCBP1_4	0.1	0	0.0	0	0.0	0	0.0		
Unique Binding	NOT Bound Only	K562	PCBP1_5	0.0	150939	100.0	150934	6.972736447224936	5	-1.4651810291375793e-05	6.972721795414644	0.9999957974090619
Unique Binding	NOT Bound Only	K562	PCBP1_5	1e-05	135746	89.93434433777884	135746	6.8604496801108334	0	0.0	6.8604496801108334	1.0
Unique Binding	NOT Bound Only	K562	PCBP1_5	0.0001	13817	9.154029111097861	13817	1.8138011168671875	0	0.0	1.8138011168671875	1.0
Unique Binding	NOT Bound Only	K562	PCBP1_5	0.001	0	0.0	0	0.0	0	0.0		
Unique Binding	NOT Bound Only	K562	PCBP1_5	0.01	0	0.0	0	0.0	0	0.0		
Unique Binding	NOT Bound Only	K562	PCBP1_5	0.1	0	0.0	0	0.0	0	0.0		
Unique Binding	NOT Bound Only	K562	PCBP1_6	0.0	150939	100.0	150939	55.12485514964722	0	0.0	55.12485514964722	1.0
Unique Binding	NOT Bound Only	K562	PCBP1_6	1e-05	150939	100.0	150939	55.12485514964722	0	0.0	55.12485514964722	1.0
Unique Binding	NOT Bound Only	K562	PCBP1_6	0.0001	131341	87.0159468394517	131341	53.70099897334695	0	0.0	53.70099897334695	1.0
Unique Binding	NOT Bound Only	K562	PCBP1_6	0.001	5575	3.693545074500295	5575	6.315816857243919	0	0.0	6.315816857243919	1.0
Unique Binding	NOT Bound Only	K562	PCBP1_6	0.01	0	0.0	0	0.0	0	0.0		
Unique Binding	NOT Bound Only	K562	PCBP1_6	0.1	0	0.0	0	0.0	0	0.0		
Unique Binding	NOT Bound Only	K562	PHF6_1	0.0	0	0.0	0	0.0	0	0.0		
Unique Binding	NOT Bound Only	K562	PHF6_1	1e-05	0	0.0	0	0.0	0	0.0		
Unique Binding	NOT Bound Only	K562	PHF6_1	0.0001	0	0.0	0	0.0	0	0.0		
Unique Binding	NOT Bound Only	K562	PHF6_1	0.001	0	0.0	0	0.0	0	0.0		
Unique Binding	NOT Bound Only	K562	PHF6_1	0.01	0	0.0	0	0.0	0	0.0		
Unique Binding	NOT Bound Only	K562	PHF6_1	0.1	0	0.0	0	0.0	0	0.0		
Unique Binding	NOT Bound Only	K562	PHF6_2	0.0	0	0.0	0	0.0	0	0.0		
Unique Binding	NOT Bound Only	K562	PHF6_2	1e-05	0	0.0	0	0.0	0	0.0		
Unique Binding	NOT Bound Only	K562	PHF6_2	0.0001	0	0.0	0	0.0	0	0.0		
Unique Binding	NOT Bound Only	K562	PHF6_2	0.001	0	0.0	0	0.0	0	0.0		
Unique Binding	NOT Bound Only	K562	PHF6_2	0.01	0	0.0	0	0.0	0	0.0		
Unique Binding	NOT Bound Only	K562	PHF6_2	0.1	0	0.0	0	0.0	0	0.0		
Unique Binding	NOT Bound Only	K562	PHF6_3	0.0	0	0.0	0	0.0	0	0.0		
Unique Binding	NOT Bound Only	K562	PHF6_3	1e-05	0	0.0	0	0.0	0	0.0		
Unique Binding	NOT Bound Only	K562	PHF6_3	0.0001	0	0.0	0	0.0	0	0.0		
Unique Binding	NOT Bound Only	K562	PHF6_3	0.001	0	0.0	0	0.0	0	0.0		
Unique Binding	NOT Bound Only	K562	PHF6_3	0.01	0	0.0	0	0.0	0	0.0		
Unique Binding	NOT Bound Only	K562	PHF6_3	0.1	0	0.0	0	0.0	0	0.0		
Unique Binding	NOT Bound Only	K562	PHF6_4	0.0	0	0.0	0	0.0	0	0.0		
Unique Binding	NOT Bound Only	K562	PHF6_4	1e-05	0	0.0	0	0.0	0	0.0		
Unique Binding	NOT Bound Only	K562	PHF6_4	0.0001	0	0.0	0	0.0	0	0.0		
Unique Binding	NOT Bound Only	K562	PHF6_4	0.001	0	0.0	0	0.0	0	0.0		
Unique Binding	NOT Bound Only	K562	PHF6_4	0.01	0	0.0	0	0.0	0	0.0		
Unique Binding	NOT Bound Only	K562	PHF6_4	0.1	0	0.0	0	0.0	0	0.0		
Unique Binding	NOT Bound Only	K562	PHF6_5	0.0	0	0.0	0	0.0	0	0.0		
Unique Binding	NOT Bound Only	K562	PHF6_5	1e-05	0	0.0	0	0.0	0	0.0		
Unique Binding	NOT Bound Only	K562	PHF6_5	0.0001	0	0.0	0	0.0	0	0.0		
Unique Binding	NOT Bound Only	K562	PHF6_5	0.001	0	0.0	0	0.0	0	0.0		
Unique Binding	NOT Bound Only	K562	PHF6_5	0.01	0	0.0	0	0.0	0	0.0		
Unique Binding	NOT Bound Only	K562	PHF6_5	0.1	0	0.0	0	0.0	0	0.0		
Unique Binding	NOT Bound Only	K562	PHF6_6	0.0	0	0.0	0	0.0	0	0.0		
Unique Binding	NOT Bound Only	K562	PHF6_6	1e-05	0	0.0	0	0.0	0	0.0		
Unique Binding	NOT Bound Only	K562	PHF6_6	0.0001	0	0.0	0	0.0	0	0.0		
Unique Binding	NOT Bound Only	K562	PHF6_6	0.001	0	0.0	0	0.0	0	0.0		
Unique Binding	NOT Bound Only	K562	PHF6_6	0.01	0	0.0	0	0.0	0	0.0		
Unique Binding	NOT Bound Only	K562	PHF6_6	0.1	0	0.0	0	0.0	0	0.0		
Unique Binding	NOT Bound Only	K562	PPIL4_1	0.0	0	0.0	0	0.0	0	0.0		
Unique Binding	NOT Bound Only	K562	PPIL4_1	1e-05	0	0.0	0	0.0	0	0.0		
Unique Binding	NOT Bound Only	K562	PPIL4_1	0.0001	0	0.0	0	0.0	0	0.0		
Unique Binding	NOT Bound Only	K562	PPIL4_1	0.001	0	0.0	0	0.0	0	0.0		
Unique Binding	NOT Bound Only	K562	PPIL4_1	0.01	0	0.0	0	0.0	0	0.0		
Unique Binding	NOT Bound Only	K562	PPIL4_1	0.1	0	0.0	0	0.0	0	0.0		
Unique Binding	NOT Bound Only	K562	PPIL4_2	0.0	0	0.0	0	0.0	0	0.0		
Unique Binding	NOT Bound Only	K562	PPIL4_2	1e-05	0	0.0	0	0.0	0	0.0		
Unique Binding	NOT Bound Only	K562	PPIL4_2	0.0001	0	0.0	0	0.0	0	0.0		
Unique Binding	NOT Bound Only	K562	PPIL4_2	0.001	0	0.0	0	0.0	0	0.0		
Unique Binding	NOT Bound Only	K562	PPIL4_2	0.01	0	0.0	0	0.0	0	0.0		
Unique Binding	NOT Bound Only	K562	PPIL4_2	0.1	0	0.0	0	0.0	0	0.0		
Unique Binding	NOT Bound Only	K562	PPIL4_3	0.0	0	0.0	0	0.0	0	0.0		
Unique Binding	NOT Bound Only	K562	PPIL4_3	1e-05	0	0.0	0	0.0	0	0.0		
Unique Binding	NOT Bound Only	K562	PPIL4_3	0.0001	0	0.0	0	0.0	0	0.0		
Unique Binding	NOT Bound Only	K562	PPIL4_3	0.001	0	0.0	0	0.0	0	0.0		
Unique Binding	NOT Bound Only	K562	PPIL4_3	0.01	0	0.0	0	0.0	0	0.0		
Unique Binding	NOT Bound Only	K562	PPIL4_3	0.1	0	0.0	0	0.0	0	0.0		
Unique Binding	NOT Bound Only	K562	PPIL4_4	0.0	0	0.0	0	0.0	0	0.0		
Unique Binding	NOT Bound Only	K562	PPIL4_4	1e-05	0	0.0	0	0.0	0	0.0		
Unique Binding	NOT Bound Only	K562	PPIL4_4	0.0001	0	0.0	0	0.0	0	0.0		
Unique Binding	NOT Bound Only	K562	PPIL4_4	0.001	0	0.0	0	0.0	0	0.0		
Unique Binding	NOT Bound Only	K562	PPIL4_4	0.01	0	0.0	0	0.0	0	0.0		
Unique Binding	NOT Bound Only	K562	PPIL4_4	0.1	0	0.0	0	0.0	0	0.0		
Unique Binding	NOT Bound Only	K562	PPIL4_5	0.0	0	0.0	0	0.0	0	0.0		
Unique Binding	NOT Bound Only	K562	PPIL4_5	1e-05	0	0.0	0	0.0	0	0.0		
Unique Binding	NOT Bound Only	K562	PPIL4_5	0.0001	0	0.0	0	0.0	0	0.0		
Unique Binding	NOT Bound Only	K562	PPIL4_5	0.001	0	0.0	0	0.0	0	0.0		
Unique Binding	NOT Bound Only	K562	PPIL4_5	0.01	0	0.0	0	0.0	0	0.0		
Unique Binding	NOT Bound Only	K562	PPIL4_5	0.1	0	0.0	0	0.0	0	0.0		
Unique Binding	NOT Bound Only	K562	PPIL4_6	0.0	0	0.0	0	0.0	0	0.0		
Unique Binding	NOT Bound Only	K562	PPIL4_6	1e-05	0	0.0	0	0.0	0	0.0		
Unique Binding	NOT Bound Only	K562	PPIL4_6	0.0001	0	0.0	0	0.0	0	0.0		
Unique Binding	NOT Bound Only	K562	PPIL4_6	0.001	0	0.0	0	0.0	0	0.0		
Unique Binding	NOT Bound Only	K562	PPIL4_6	0.01	0	0.0	0	0.0	0	0.0		
Unique Binding	NOT Bound Only	K562	PPIL4_6	0.1	0	0.0	0	0.0	0	0.0		
Unique Binding	NOT Bound Only	K562	PRPF8_1	0.0	149385	100.0	4149	0.31655961350679296	145236	-30.32952189939153	-30.012962285884736	-0.9793409403173741
Unique Binding	NOT Bound Only	K562	PRPF8_1	1e-05	148725	99.55818857314992	3853	0.3152599428032498	144872	-30.327545355601327	-30.01228541279808	-0.9794235586635626
Unique Binding	NOT Bound Only	K562	PRPF8_1	0.0001	106812	71.50115473441109	1071	0.17224427662453407	105741	-27.60685706494551	-27.434612788320972	-0.987599002969417
Unique Binding	NOT Bound Only	K562	PRPF8_1	0.001	461	0.3085985875422566	0	0.0	461	-0.7447078714895652	-0.7447078714895652	-1.0
Unique Binding	NOT Bound Only	K562	PRPF8_1	0.01	0	0.0	0	0.0	0	0.0		
Unique Binding	NOT Bound Only	K562	PRPF8_1	0.1	0	0.0	0	0.0	0	0.0		
Unique Binding	NOT Bound Only	K562	PRPF8_2	0.0	122820	100.0	122801	347.8892385020912	19	-0.01401073500351098	347.87522776708767	0.9999194561417046
Unique Binding	NOT Bound Only	K562	PRPF8_2	1e-05	122818	99.9983716007165	122799	347.88921971721334	19	-0.01401073500351098	347.8752089822098	0.9999194561373557
Unique Binding	NOT Bound Only	K562	PRPF8_2	0.0001	122802	99.98534440644846	122785	347.8881385409709	17	-0.013832320043922814	347.87430622092694	0.9999204815079966
Unique Binding	NOT Bound Only	K562	PRPF8_2	0.001	111044	90.4119850187266	111038	338.93304698097296	6	-0.008850816647790142	338.92419616432517	0.9999477738414442
Unique Binding	NOT Bound Only	K562	PRPF8_2	0.01	518	0.4217554144276176	518	6.083114731568845	0	0.0	6.083114731568845	1.0
Unique Binding	NOT Bound Only	K562	PRPF8_2	0.1	0	0.0	0	0.0	0	0.0		
Unique Binding	NOT Bound Only	K562	PRPF8_3	0.0	148149	100.0	148149	210.09490804493132	0	0.0	210.09490804493132	1.0
Unique Binding	NOT Bound Only	K562	PRPF8_3	1e-05	148149	100.0	148149	210.09490804493132	0	0.0	210.09490804493132	1.0
Unique Binding	NOT Bound Only	K562	PRPF8_3	0.0001	148149	100.0	148149	210.09490804493132	0	0.0	210.09490804493132	1.0
Unique Binding	NOT Bound Only	K562	PRPF8_3	0.001	108889	73.49965237699884	108889	179.23453196133428	0	0.0	179.23453196133428	1.0
Unique Binding	NOT Bound Only	K562	PRPF8_3	0.01	0	0.0	0	0.0	0	0.0		
Unique Binding	NOT Bound Only	K562	PRPF8_3	0.1	0	0.0	0	0.0	0	0.0		
Unique Binding	NOT Bound Only	K562	PRPF8_4	0.0	128228	100.0	21	0.0025720510093850484	128207	-768.7609217054971	-768.7583496544878	-0.999993308602632
Unique Binding	NOT Bound Only	K562	PRPF8_4	1e-05	128227	99.99922013912717	20	0.0025686704434285546	128207	-768.7609217054971	-768.7583530350537	-0.9999933173974165
Unique Binding	NOT Bound Only	K562	PRPF8_4	0.0001	128169	99.9539882085036	9	0.0020996463306010306	128160	-768.7580154219161	-768.7559157755854	-0.9999945375773548
Unique Binding	NOT Bound Only	K562	PRPF8_4	0.001	113099	88.20148485510185	0	0.0	113099	-758.5891534152009	-758.5891534152009	-1.0
Unique Binding	NOT Bound Only	K562	PRPF8_4	0.01	34816	27.151636148111173	0	0.0	34816	-465.3596623212634	-465.3596623212634	-1.0
Unique Binding	NOT Bound Only	K562	PRPF8_4	0.1	0	0.0	0	0.0	0	0.0		
Unique Binding	NOT Bound Only	K562	PRPF8_5	0.0	149074	100.0	24661	1.4270727101690108	124413	-18.54543333299828	-17.118360622829268	-0.8570962795470306
Unique Binding	NOT Bound Only	K562	PRPF8_5	1e-05	127786	85.71984383594724	16616	1.3940058005280527	111170	-18.482117401401155	-17.088111600873102	-0.8597306138258644
Unique Binding	NOT Bound Only	K562	PRPF8_5	0.0001	62940	42.220642097213464	3521	0.9132736288432479	59419	-16.186153077372385	-15.272879448529137	-0.8931807896797765
Unique Binding	NOT Bound Only	K562	PRPF8_5	0.001	67	0.044944121711364825	30	0.03545498687491416	37	-0.03917317107281766	-0.0037181841979034985	-0.04982280549531513
Unique Binding	NOT Bound Only	K562	PRPF8_5	0.01	0	0.0	0	0.0	0	0.0		
Unique Binding	NOT Bound Only	K562	PRPF8_5	0.1	0	0.0	0	0.0	0	0.0		
Unique Binding	NOT Bound Only	K562	PRPF8_6	0.0	133735	100.0	82037	7.834337719911929	51698	-8.765953230916496	-0.9316155110045674	-0.05612043269386648
Unique Binding	NOT Bound Only	K562	PRPF8_6	1e-05	107581	80.44341421467827	67480	7.760132754890584	40101	-8.718245166569078	-0.9581124116784938	-0.05814361196503156
Unique Binding	NOT Bound Only	K562	PRPF8_6	0.0001	40787	30.49837364938124	20730	5.808140026239789	20057	-7.90151600390721	-2.093375977667421	-0.15269354483177175
Unique Binding	NOT Bound Only	K562	PRPF8_6	0.001	1201	0.8980446405204323	298	0.4045282682898418	903	-1.3446943990292466	-0.9401661307394048	-0.5374765307497026
Unique Binding	NOT Bound Only	K562	PRPF8_6	0.01	0	0.0	0	0.0	0	0.0		
Unique Binding	NOT Bound Only	K562	PRPF8_6	0.1	0	0.0	0	0.0	0	0.0		
Unique Binding	NOT Bound Only	K562	PTBP1_1	0.0	0	0.0	0	0.0	0	0.0		
Unique Binding	NOT Bound Only	K562	PTBP1_1	1e-05	0	0.0	0	0.0	0	0.0		
Unique Binding	NOT Bound Only	K562	PTBP1_1	0.0001	0	0.0	0	0.0	0	0.0		
Unique Binding	NOT Bound Only	K562	PTBP1_1	0.001	0	0.0	0	0.0	0	0.0		
Unique Binding	NOT Bound Only	K562	PTBP1_1	0.01	0	0.0	0	0.0	0	0.0		
Unique Binding	NOT Bound Only	K562	PTBP1_1	0.1	0	0.0	0	0.0	0	0.0		
Unique Binding	NOT Bound Only	K562	PTBP1_2	0.0	0	0.0	0	0.0	0	0.0		
Unique Binding	NOT Bound Only	K562	PTBP1_2	1e-05	0	0.0	0	0.0	0	0.0		
Unique Binding	NOT Bound Only	K562	PTBP1_2	0.0001	0	0.0	0	0.0	0	0.0		
Unique Binding	NOT Bound Only	K562	PTBP1_2	0.001	0	0.0	0	0.0	0	0.0		
Unique Binding	NOT Bound Only	K562	PTBP1_2	0.01	0	0.0	0	0.0	0	0.0		
Unique Binding	NOT Bound Only	K562	PTBP1_2	0.1	0	0.0	0	0.0	0	0.0		
Unique Binding	NOT Bound Only	K562	PTBP1_3	0.0	0	0.0	0	0.0	0	0.0		
Unique Binding	NOT Bound Only	K562	PTBP1_3	1e-05	0	0.0	0	0.0	0	0.0		
Unique Binding	NOT Bound Only	K562	PTBP1_3	0.0001	0	0.0	0	0.0	0	0.0		
Unique Binding	NOT Bound Only	K562	PTBP1_3	0.001	0	0.0	0	0.0	0	0.0		
Unique Binding	NOT Bound Only	K562	PTBP1_3	0.01	0	0.0	0	0.0	0	0.0		
Unique Binding	NOT Bound Only	K562	PTBP1_3	0.1	0	0.0	0	0.0	0	0.0		
Unique Binding	NOT Bound Only	K562	PTBP1_4	0.0	151648	100.0	151648	5.310938924639609	0	0.0	5.310938924639609	1.0
Unique Binding	NOT Bound Only	K562	PTBP1_4	1e-05	134700	88.82411901244988	134700	5.183508905993511	0	0.0	5.183508905993511	1.0
Unique Binding	NOT Bound Only	K562	PTBP1_4	0.0001	5387	3.552305338679046	5387	0.8044782474115425	0	0.0	0.8044782474115425	1.0
Unique Binding	NOT Bound Only	K562	PTBP1_4	0.001	0	0.0	0	0.0	0	0.0		
Unique Binding	NOT Bound Only	K562	PTBP1_4	0.01	0	0.0	0	0.0	0	0.0		
Unique Binding	NOT Bound Only	K562	PTBP1_4	0.1	0	0.0	0	0.0	0	0.0		
Unique Binding	NOT Bound Only	K562	PTBP1_5	0.0	0	0.0	0	0.0	0	0.0		
Unique Binding	NOT Bound Only	K562	PTBP1_5	1e-05	0	0.0	0	0.0	0	0.0		
Unique Binding	NOT Bound Only	K562	PTBP1_5	0.0001	0	0.0	0	0.0	0	0.0		
Unique Binding	NOT Bound Only	K562	PTBP1_5	0.001	0	0.0	0	0.0	0	0.0		
Unique Binding	NOT Bound Only	K562	PTBP1_5	0.01	0	0.0	0	0.0	0	0.0		
Unique Binding	NOT Bound Only	K562	PTBP1_5	0.1	0	0.0	0	0.0	0	0.0		
Unique Binding	NOT Bound Only	K562	PTBP1_6	0.0	0	0.0	0	0.0	0	0.0		
Unique Binding	NOT Bound Only	K562	PTBP1_6	1e-05	0	0.0	0	0.0	0	0.0		
Unique Binding	NOT Bound Only	K562	PTBP1_6	0.0001	0	0.0	0	0.0	0	0.0		
Unique Binding	NOT Bound Only	K562	PTBP1_6	0.001	0	0.0	0	0.0	0	0.0		
Unique Binding	NOT Bound Only	K562	PTBP1_6	0.01	0	0.0	0	0.0	0	0.0		
Unique Binding	NOT Bound Only	K562	PTBP1_6	0.1	0	0.0	0	0.0	0	0.0		
Unique Binding	NOT Bound Only	K562	PUM1_1	0.0	150074	100.0	38713	10.627729444323101	111361	-1.129755322064464	9.497974122258638	0.8078236383866351
Unique Binding	NOT Bound Only	K562	PUM1_1	1e-05	67633	45.06643389261298	29357	10.5788254540827	38276	-0.7487032637723664	9.830122190310334	0.8678081896906217
Unique Binding	NOT Bound Only	K562	PUM1_1	0.0001	11266	7.506963231472473	10420	9.999755541556087	846	-0.136987650475724	9.862767891080363	0.9729720586029236
Unique Binding	NOT Bound Only	K562	PUM1_1	0.001	4174	2.781294561349734	4174	6.779743245359707	0	0.0	6.779743245359707	1.0
Unique Binding	NOT Bound Only	K562	PUM1_1	0.01	0	0.0	0	0.0	0	0.0		
Unique Binding	NOT Bound Only	K562	PUM1_1	0.1	0	0.0	0	0.0	0	0.0		
Unique Binding	NOT Bound Only	K562	PUM1_2	0.0	148898	100.0	147508	2.317913558839309	1390	-0.007595316339253268	2.3103182425000557	0.9934678242510082
Unique Binding	NOT Bound Only	K562	PUM1_2	1e-05	57308	38.48809251971148	57173	1.8370444083940543	135	-0.004265321657713261	1.832779086736341	0.9953670785657627
Unique Binding	NOT Bound Only	K562	PUM1_2	0.0001	2779	1.8663783261024327	2779	0.46431280956796644	0	0.0	0.46431280956796644	1.0
Unique Binding	NOT Bound Only	K562	PUM1_2	0.001	0	0.0	0	0.0	0	0.0		
Unique Binding	NOT Bound Only	K562	PUM1_2	0.01	0	0.0	0	0.0	0	0.0		
Unique Binding	NOT Bound Only	K562	PUM1_2	0.1	0	0.0	0	0.0	0	0.0		
Unique Binding	NOT Bound Only	K562	PUM1_3	0.0	149491	100.0	1	0.0001783707292075109	149490	-81.22812291483994	-81.22794454411074	-0.9999956081630077
Unique Binding	NOT Bound Only	K562	PUM1_3	1e-05	149491	100.0	1	0.0001783707292075109	149490	-81.22812291483994	-81.22794454411074	-0.9999956081630077
Unique Binding	NOT Bound Only	K562	PUM1_3	0.0001	145349	97.22926463800496	1	0.0001783707292075109	145348	-80.88674317389467	-80.88656480316547	-0.9999955896274504
Unique Binding	NOT Bound Only	K562	PUM1_3	0.001	27631	18.483386959750085	0	0.0	27631	-33.89721285505639	-33.89721285505639	-1.0
Unique Binding	NOT Bound Only	K562	PUM1_3	0.01	0	0.0	0	0.0	0	0.0		
Unique Binding	NOT Bound Only	K562	PUM1_3	0.1	0	0.0	0	0.0	0	0.0		
Unique Binding	NOT Bound Only	K562	PUM1_4	0.0	0	0.0	0	0.0	0	0.0		
Unique Binding	NOT Bound Only	K562	PUM1_4	1e-05	0	0.0	0	0.0	0	0.0		
Unique Binding	NOT Bound Only	K562	PUM1_4	0.0001	0	0.0	0	0.0	0	0.0		
Unique Binding	NOT Bound Only	K562	PUM1_4	0.001	0	0.0	0	0.0	0	0.0		
Unique Binding	NOT Bound Only	K562	PUM1_4	0.01	0	0.0	0	0.0	0	0.0		
Unique Binding	NOT Bound Only	K562	PUM1_4	0.1	0	0.0	0	0.0	0	0.0		
Unique Binding	NOT Bound Only	K562	PUM1_5	0.0	0	0.0	0	0.0	0	0.0		
Unique Binding	NOT Bound Only	K562	PUM1_5	1e-05	0	0.0	0	0.0	0	0.0		
Unique Binding	NOT Bound Only	K562	PUM1_5	0.0001	0	0.0	0	0.0	0	0.0		
Unique Binding	NOT Bound Only	K562	PUM1_5	0.001	0	0.0	0	0.0	0	0.0		
Unique Binding	NOT Bound Only	K562	PUM1_5	0.01	0	0.0	0	0.0	0	0.0		
Unique Binding	NOT Bound Only	K562	PUM1_5	0.1	0	0.0	0	0.0	0	0.0		
Unique Binding	NOT Bound Only	K562	PUM1_6	0.0	148675	100.0	148675	56.45618571504609	0	0.0	56.45618571504609	1.0
Unique Binding	NOT Bound Only	K562	PUM1_6	1e-05	148675	100.0	148675	56.45618571504609	0	0.0	56.45618571504609	1.0
Unique Binding	NOT Bound Only	K562	PUM1_6	0.0001	148653	99.98520262317135	148653	56.45411600550344	0	0.0	56.45411600550344	1.0
Unique Binding	NOT Bound Only	K562	PUM1_6	0.001	0	0.0	0	0.0	0	0.0		
Unique Binding	NOT Bound Only	K562	PUM1_6	0.01	0	0.0	0	0.0	0	0.0		
Unique Binding	NOT Bound Only	K562	PUM1_6	0.1	0	0.0	0	0.0	0	0.0		
Unique Binding	NOT Bound Only	K562	PUM2_1	0.0	0	0.0	0	0.0	0	0.0		
Unique Binding	NOT Bound Only	K562	PUM2_1	1e-05	0	0.0	0	0.0	0	0.0		
Unique Binding	NOT Bound Only	K562	PUM2_1	0.0001	0	0.0	0	0.0	0	0.0		
Unique Binding	NOT Bound Only	K562	PUM2_1	0.001	0	0.0	0	0.0	0	0.0		
Unique Binding	NOT Bound Only	K562	PUM2_1	0.01	0	0.0	0	0.0	0	0.0		
Unique Binding	NOT Bound Only	K562	PUM2_1	0.1	0	0.0	0	0.0	0	0.0		
Unique Binding	NOT Bound Only	K562	PUM2_2	0.0	0	0.0	0	0.0	0	0.0		
Unique Binding	NOT Bound Only	K562	PUM2_2	1e-05	0	0.0	0	0.0	0	0.0		
Unique Binding	NOT Bound Only	K562	PUM2_2	0.0001	0	0.0	0	0.0	0	0.0		
Unique Binding	NOT Bound Only	K562	PUM2_2	0.001	0	0.0	0	0.0	0	0.0		
Unique Binding	NOT Bound Only	K562	PUM2_2	0.01	0	0.0	0	0.0	0	0.0		
Unique Binding	NOT Bound Only	K562	PUM2_2	0.1	0	0.0	0	0.0	0	0.0		
Unique Binding	NOT Bound Only	K562	PUM2_3	0.0	0	0.0	0	0.0	0	0.0		
Unique Binding	NOT Bound Only	K562	PUM2_3	1e-05	0	0.0	0	0.0	0	0.0		
Unique Binding	NOT Bound Only	K562	PUM2_3	0.0001	0	0.0	0	0.0	0	0.0		
Unique Binding	NOT Bound Only	K562	PUM2_3	0.001	0	0.0	0	0.0	0	0.0		
Unique Binding	NOT Bound Only	K562	PUM2_3	0.01	0	0.0	0	0.0	0	0.0		
Unique Binding	NOT Bound Only	K562	PUM2_3	0.1	0	0.0	0	0.0	0	0.0		
Unique Binding	NOT Bound Only	K562	PUM2_4	0.0	0	0.0	0	0.0	0	0.0		
Unique Binding	NOT Bound Only	K562	PUM2_4	1e-05	0	0.0	0	0.0	0	0.0		
Unique Binding	NOT Bound Only	K562	PUM2_4	0.0001	0	0.0	0	0.0	0	0.0		
Unique Binding	NOT Bound Only	K562	PUM2_4	0.001	0	0.0	0	0.0	0	0.0		
Unique Binding	NOT Bound Only	K562	PUM2_4	0.01	0	0.0	0	0.0	0	0.0		
Unique Binding	NOT Bound Only	K562	PUM2_4	0.1	0	0.0	0	0.0	0	0.0		
Unique Binding	NOT Bound Only	K562	PUM2_5	0.0	0	0.0	0	0.0	0	0.0		
Unique Binding	NOT Bound Only	K562	PUM2_5	1e-05	0	0.0	0	0.0	0	0.0		
Unique Binding	NOT Bound Only	K562	PUM2_5	0.0001	0	0.0	0	0.0	0	0.0		
Unique Binding	NOT Bound Only	K562	PUM2_5	0.001	0	0.0	0	0.0	0	0.0		
Unique Binding	NOT Bound Only	K562	PUM2_5	0.01	0	0.0	0	0.0	0	0.0		
Unique Binding	NOT Bound Only	K562	PUM2_5	0.1	0	0.0	0	0.0	0	0.0		
Unique Binding	NOT Bound Only	K562	PUM2_6	0.0	149328	100.0	15228	1.7716026259574436	134100	-6.9593073979955635	-5.18770477203812	-0.5941768679101946
Unique Binding	NOT Bound Only	K562	PUM2_6	1e-05	145447	97.40102325083039	15022	1.7705368350865935	130425	-6.9324707386819036	-5.16193390359531	-0.5931206953276426
Unique Binding	NOT Bound Only	K562	PUM2_6	0.0001	21692	14.5264116575592	7217	1.3093207348849054	14475	-1.9300805967126702	-0.6207598618277648	-0.19162795784912043
Unique Binding	NOT Bound Only	K562	PUM2_6	0.001	0	0.0	0	0.0	0	0.0		
Unique Binding	NOT Bound Only	K562	PUM2_6	0.01	0	0.0	0	0.0	0	0.0		
Unique Binding	NOT Bound Only	K562	PUM2_6	0.1	0	0.0	0	0.0	0	0.0		
Unique Binding	NOT Bound Only	K562	PUS1_1	0.0	0	0.0	0	0.0	0	0.0		
Unique Binding	NOT Bound Only	K562	PUS1_1	1e-05	0	0.0	0	0.0	0	0.0		
Unique Binding	NOT Bound Only	K562	PUS1_1	0.0001	0	0.0	0	0.0	0	0.0		
Unique Binding	NOT Bound Only	K562	PUS1_1	0.001	0	0.0	0	0.0	0	0.0		
Unique Binding	NOT Bound Only	K562	PUS1_1	0.01	0	0.0	0	0.0	0	0.0		
Unique Binding	NOT Bound Only	K562	PUS1_1	0.1	0	0.0	0	0.0	0	0.0		
Unique Binding	NOT Bound Only	K562	PUS1_2	0.0	0	0.0	0	0.0	0	0.0		
Unique Binding	NOT Bound Only	K562	PUS1_2	1e-05	0	0.0	0	0.0	0	0.0		
Unique Binding	NOT Bound Only	K562	PUS1_2	0.0001	0	0.0	0	0.0	0	0.0		
Unique Binding	NOT Bound Only	K562	PUS1_2	0.001	0	0.0	0	0.0	0	0.0		
Unique Binding	NOT Bound Only	K562	PUS1_2	0.01	0	0.0	0	0.0	0	0.0		
Unique Binding	NOT Bound Only	K562	PUS1_2	0.1	0	0.0	0	0.0	0	0.0		
Unique Binding	NOT Bound Only	K562	PUS1_3	0.0	0	0.0	0	0.0	0	0.0		
Unique Binding	NOT Bound Only	K562	PUS1_3	1e-05	0	0.0	0	0.0	0	0.0		
Unique Binding	NOT Bound Only	K562	PUS1_3	0.0001	0	0.0	0	0.0	0	0.0		
Unique Binding	NOT Bound Only	K562	PUS1_3	0.001	0	0.0	0	0.0	0	0.0		
Unique Binding	NOT Bound Only	K562	PUS1_3	0.01	0	0.0	0	0.0	0	0.0		
Unique Binding	NOT Bound Only	K562	PUS1_3	0.1	0	0.0	0	0.0	0	0.0		
Unique Binding	NOT Bound Only	K562	PUS1_4	0.0	0	0.0	0	0.0	0	0.0		
Unique Binding	NOT Bound Only	K562	PUS1_4	1e-05	0	0.0	0	0.0	0	0.0		
Unique Binding	NOT Bound Only	K562	PUS1_4	0.0001	0	0.0	0	0.0	0	0.0		
Unique Binding	NOT Bound Only	K562	PUS1_4	0.001	0	0.0	0	0.0	0	0.0		
Unique Binding	NOT Bound Only	K562	PUS1_4	0.01	0	0.0	0	0.0	0	0.0		
Unique Binding	NOT Bound Only	K562	PUS1_4	0.1	0	0.0	0	0.0	0	0.0		
Unique Binding	NOT Bound Only	K562	PUS1_5	0.0	0	0.0	0	0.0	0	0.0		
Unique Binding	NOT Bound Only	K562	PUS1_5	1e-05	0	0.0	0	0.0	0	0.0		
Unique Binding	NOT Bound Only	K562	PUS1_5	0.0001	0	0.0	0	0.0	0	0.0		
Unique Binding	NOT Bound Only	K562	PUS1_5	0.001	0	0.0	0	0.0	0	0.0		
Unique Binding	NOT Bound Only	K562	PUS1_5	0.01	0	0.0	0	0.0	0	0.0		
Unique Binding	NOT Bound Only	K562	PUS1_5	0.1	0	0.0	0	0.0	0	0.0		
Unique Binding	NOT Bound Only	K562	PUS1_6	0.0	0	0.0	0	0.0	0	0.0		
Unique Binding	NOT Bound Only	K562	PUS1_6	1e-05	0	0.0	0	0.0	0	0.0		
Unique Binding	NOT Bound Only	K562	PUS1_6	0.0001	0	0.0	0	0.0	0	0.0		
Unique Binding	NOT Bound Only	K562	PUS1_6	0.001	0	0.0	0	0.0	0	0.0		
Unique Binding	NOT Bound Only	K562	PUS1_6	0.01	0	0.0	0	0.0	0	0.0		
Unique Binding	NOT Bound Only	K562	PUS1_6	0.1	0	0.0	0	0.0	0	0.0		
Unique Binding	NOT Bound Only	K562	QKI_1	0.0	0	0.0	0	0.0	0	0.0		
Unique Binding	NOT Bound Only	K562	QKI_1	1e-05	0	0.0	0	0.0	0	0.0		
Unique Binding	NOT Bound Only	K562	QKI_1	0.0001	0	0.0	0	0.0	0	0.0		
Unique Binding	NOT Bound Only	K562	QKI_1	0.001	0	0.0	0	0.0	0	0.0		
Unique Binding	NOT Bound Only	K562	QKI_1	0.01	0	0.0	0	0.0	0	0.0		
Unique Binding	NOT Bound Only	K562	QKI_1	0.1	0	0.0	0	0.0	0	0.0		
Unique Binding	NOT Bound Only	K562	QKI_2	0.0	0	0.0	0	0.0	0	0.0		
Unique Binding	NOT Bound Only	K562	QKI_2	1e-05	0	0.0	0	0.0	0	0.0		
Unique Binding	NOT Bound Only	K562	QKI_2	0.0001	0	0.0	0	0.0	0	0.0		
Unique Binding	NOT Bound Only	K562	QKI_2	0.001	0	0.0	0	0.0	0	0.0		
Unique Binding	NOT Bound Only	K562	QKI_2	0.01	0	0.0	0	0.0	0	0.0		
Unique Binding	NOT Bound Only	K562	QKI_2	0.1	0	0.0	0	0.0	0	0.0		
Unique Binding	NOT Bound Only	K562	QKI_3	0.0	0	0.0	0	0.0	0	0.0		
Unique Binding	NOT Bound Only	K562	QKI_3	1e-05	0	0.0	0	0.0	0	0.0		
Unique Binding	NOT Bound Only	K562	QKI_3	0.0001	0	0.0	0	0.0	0	0.0		
Unique Binding	NOT Bound Only	K562	QKI_3	0.001	0	0.0	0	0.0	0	0.0		
Unique Binding	NOT Bound Only	K562	QKI_3	0.01	0	0.0	0	0.0	0	0.0		
Unique Binding	NOT Bound Only	K562	QKI_3	0.1	0	0.0	0	0.0	0	0.0		
Unique Binding	NOT Bound Only	K562	QKI_4	0.0	0	0.0	0	0.0	0	0.0		
Unique Binding	NOT Bound Only	K562	QKI_4	1e-05	0	0.0	0	0.0	0	0.0		
Unique Binding	NOT Bound Only	K562	QKI_4	0.0001	0	0.0	0	0.0	0	0.0		
Unique Binding	NOT Bound Only	K562	QKI_4	0.001	0	0.0	0	0.0	0	0.0		
Unique Binding	NOT Bound Only	K562	QKI_4	0.01	0	0.0	0	0.0	0	0.0		
Unique Binding	NOT Bound Only	K562	QKI_4	0.1	0	0.0	0	0.0	0	0.0		
Unique Binding	NOT Bound Only	K562	QKI_5	0.0	0	0.0	0	0.0	0	0.0		
Unique Binding	NOT Bound Only	K562	QKI_5	1e-05	0	0.0	0	0.0	0	0.0		
Unique Binding	NOT Bound Only	K562	QKI_5	0.0001	0	0.0	0	0.0	0	0.0		
Unique Binding	NOT Bound Only	K562	QKI_5	0.001	0	0.0	0	0.0	0	0.0		
Unique Binding	NOT Bound Only	K562	QKI_5	0.01	0	0.0	0	0.0	0	0.0		
Unique Binding	NOT Bound Only	K562	QKI_5	0.1	0	0.0	0	0.0	0	0.0		
Unique Binding	NOT Bound Only	K562	QKI_6	0.0	0	0.0	0	0.0	0	0.0		
Unique Binding	NOT Bound Only	K562	QKI_6	1e-05	0	0.0	0	0.0	0	0.0		
Unique Binding	NOT Bound Only	K562	QKI_6	0.0001	0	0.0	0	0.0	0	0.0		
Unique Binding	NOT Bound Only	K562	QKI_6	0.001	0	0.0	0	0.0	0	0.0		
Unique Binding	NOT Bound Only	K562	QKI_6	0.01	0	0.0	0	0.0	0	0.0		
Unique Binding	NOT Bound Only	K562	QKI_6	0.1	0	0.0	0	0.0	0	0.0		
Unique Binding	NOT Bound Only	K562	RBFOX2_1	0.0	0	0.0	0	0.0	0	0.0		
Unique Binding	NOT Bound Only	K562	RBFOX2_1	1e-05	0	0.0	0	0.0	0	0.0		
Unique Binding	NOT Bound Only	K562	RBFOX2_1	0.0001	0	0.0	0	0.0	0	0.0		
Unique Binding	NOT Bound Only	K562	RBFOX2_1	0.001	0	0.0	0	0.0	0	0.0		
Unique Binding	NOT Bound Only	K562	RBFOX2_1	0.01	0	0.0	0	0.0	0	0.0		
Unique Binding	NOT Bound Only	K562	RBFOX2_1	0.1	0	0.0	0	0.0	0	0.0		
Unique Binding	NOT Bound Only	K562	RBFOX2_2	0.0	0	0.0	0	0.0	0	0.0		
Unique Binding	NOT Bound Only	K562	RBFOX2_2	1e-05	0	0.0	0	0.0	0	0.0		
Unique Binding	NOT Bound Only	K562	RBFOX2_2	0.0001	0	0.0	0	0.0	0	0.0		
Unique Binding	NOT Bound Only	K562	RBFOX2_2	0.001	0	0.0	0	0.0	0	0.0		
Unique Binding	NOT Bound Only	K562	RBFOX2_2	0.01	0	0.0	0	0.0	0	0.0		
Unique Binding	NOT Bound Only	K562	RBFOX2_2	0.1	0	0.0	0	0.0	0	0.0		
Unique Binding	NOT Bound Only	K562	RBFOX2_3	0.0	150666	100.0	149571	1.561019677510411	1095	-0.00468614851106575	1.5563335289993452	0.9940140115299008
Unique Binding	NOT Bound Only	K562	RBFOX2_3	1e-05	29988	19.903627892158816	29825	1.1757757426054716	163	-0.0025459630264991068	1.1732297795789726	0.9956786622628945
Unique Binding	NOT Bound Only	K562	RBFOX2_3	0.0001	2708	1.7973530856331223	2708	0.4704231913902305	0	0.0	0.4704231913902305	1.0
Unique Binding	NOT Bound Only	K562	RBFOX2_3	0.001	0	0.0	0	0.0	0	0.0		
Unique Binding	NOT Bound Only	K562	RBFOX2_3	0.01	0	0.0	0	0.0	0	0.0		
Unique Binding	NOT Bound Only	K562	RBFOX2_3	0.1	0	0.0	0	0.0	0	0.0		
Unique Binding	NOT Bound Only	K562	RBFOX2_4	0.0	0	0.0	0	0.0	0	0.0		
Unique Binding	NOT Bound Only	K562	RBFOX2_4	1e-05	0	0.0	0	0.0	0	0.0		
Unique Binding	NOT Bound Only	K562	RBFOX2_4	0.0001	0	0.0	0	0.0	0	0.0		
Unique Binding	NOT Bound Only	K562	RBFOX2_4	0.001	0	0.0	0	0.0	0	0.0		
Unique Binding	NOT Bound Only	K562	RBFOX2_4	0.01	0	0.0	0	0.0	0	0.0		
Unique Binding	NOT Bound Only	K562	RBFOX2_4	0.1	0	0.0	0	0.0	0	0.0		
Unique Binding	NOT Bound Only	K562	RBFOX2_5	0.0	0	0.0	0	0.0	0	0.0		
Unique Binding	NOT Bound Only	K562	RBFOX2_5	1e-05	0	0.0	0	0.0	0	0.0		
Unique Binding	NOT Bound Only	K562	RBFOX2_5	0.0001	0	0.0	0	0.0	0	0.0		
Unique Binding	NOT Bound Only	K562	RBFOX2_5	0.001	0	0.0	0	0.0	0	0.0		
Unique Binding	NOT Bound Only	K562	RBFOX2_5	0.01	0	0.0	0	0.0	0	0.0		
Unique Binding	NOT Bound Only	K562	RBFOX2_5	0.1	0	0.0	0	0.0	0	0.0		
Unique Binding	NOT Bound Only	K562	RBFOX2_6	0.0	0	0.0	0	0.0	0	0.0		
Unique Binding	NOT Bound Only	K562	RBFOX2_6	1e-05	0	0.0	0	0.0	0	0.0		
Unique Binding	NOT Bound Only	K562	RBFOX2_6	0.0001	0	0.0	0	0.0	0	0.0		
Unique Binding	NOT Bound Only	K562	RBFOX2_6	0.001	0	0.0	0	0.0	0	0.0		
Unique Binding	NOT Bound Only	K562	RBFOX2_6	0.01	0	0.0	0	0.0	0	0.0		
Unique Binding	NOT Bound Only	K562	RBFOX2_6	0.1	0	0.0	0	0.0	0	0.0		
Unique Binding	NOT Bound Only	K562	RBM15_1	0.0	148292	100.0	148289	10.719402694456972	3	-8.821577054201324e-06	10.719393872879918	0.9999983540930318
Unique Binding	NOT Bound Only	K562	RBM15_1	1e-05	143655	96.87306125751894	143655	10.682548359466614	0	0.0	10.682548359466614	1.0
Unique Binding	NOT Bound Only	K562	RBM15_1	0.0001	34845	23.497558870336903	34845	5.985536079061423	0	0.0	5.985536079061423	1.0
Unique Binding	NOT Bound Only	K562	RBM15_1	0.001	0	0.0	0	0.0	0	0.0		
Unique Binding	NOT Bound Only	K562	RBM15_1	0.01	0	0.0	0	0.0	0	0.0		
Unique Binding	NOT Bound Only	K562	RBM15_1	0.1	0	0.0	0	0.0	0	0.0		
Unique Binding	NOT Bound Only	K562	RBM15_2	0.0	78129	53.59744803457501	50976	1.1963183490148142	27153	-0.48348990945883213	0.7128284395559821	0.42435107457067267
Unique Binding	NOT Bound Only	K562	RBM15_2	1e-05	34968	23.988474994854908	24473	1.090055459791421	10495	-0.4274959736236376	0.6625594861677833	0.43659771364505023
Unique Binding	NOT Bound Only	K562	RBM15_2	0.0001	2956	2.0278520957673045	1905	0.31660245462770975	1051	-0.13858057155411507	0.17802188307359468	0.3910995639861208
Unique Binding	NOT Bound Only	K562	RBM15_2	0.001	0	0.0	0	0.0	0	0.0		
Unique Binding	NOT Bound Only	K562	RBM15_2	0.01	0	0.0	0	0.0	0	0.0		
Unique Binding	NOT Bound Only	K562	RBM15_2	0.1	0	0.0	0	0.0	0	0.0		
Unique Binding	NOT Bound Only	K562	RBM15_3	0.0	0	0.0	0	0.0	0	0.0		
Unique Binding	NOT Bound Only	K562	RBM15_3	1e-05	0	0.0	0	0.0	0	0.0		
Unique Binding	NOT Bound Only	K562	RBM15_3	0.0001	0	0.0	0	0.0	0	0.0		
Unique Binding	NOT Bound Only	K562	RBM15_3	0.001	0	0.0	0	0.0	0	0.0		
Unique Binding	NOT Bound Only	K562	RBM15_3	0.01	0	0.0	0	0.0	0	0.0		
Unique Binding	NOT Bound Only	K562	RBM15_3	0.1	0	0.0	0	0.0	0	0.0		
Unique Binding	NOT Bound Only	K562	RBM15_4	0.0	0	0.0	0	0.0	0	0.0		
Unique Binding	NOT Bound Only	K562	RBM15_4	1e-05	0	0.0	0	0.0	0	0.0		
Unique Binding	NOT Bound Only	K562	RBM15_4	0.0001	0	0.0	0	0.0	0	0.0		
Unique Binding	NOT Bound Only	K562	RBM15_4	0.001	0	0.0	0	0.0	0	0.0		
Unique Binding	NOT Bound Only	K562	RBM15_4	0.01	0	0.0	0	0.0	0	0.0		
Unique Binding	NOT Bound Only	K562	RBM15_4	0.1	0	0.0	0	0.0	0	0.0		
Unique Binding	NOT Bound Only	K562	RBM15_5	0.0	69665	46.9782591104038	34508	3.2052049705138543	35157	-3.7270657513987495	-0.5218607808848952	-0.07527991935388734
Unique Binding	NOT Bound Only	K562	RBM15_5	1e-05	60285	40.65290103309686	29140	3.179444925516149	31145	-3.7030359495990273	-0.523591024082878	-0.07607591413381384
Unique Binding	NOT Bound Only	K562	RBM15_5	0.0001	24896	16.78849836808459	10913	2.4716956606314406	13983	-2.867338388807495	-0.39564272817605417	-0.07410380314349768
Unique Binding	NOT Bound Only	K562	RBM15_5	0.001	2	0.0013486904216006258	1	0.0010342544199288697	1	-0.0010100077631299271	2.424665679894261e-05	0.011860835170693576
Unique Binding	NOT Bound Only	K562	RBM15_5	0.01	0	0.0	0	0.0	0	0.0		
Unique Binding	NOT Bound Only	K562	RBM15_5	0.1	0	0.0	0	0.0	0	0.0		
Unique Binding	NOT Bound Only	K562	RBM15_6	0.0	148551	100.0	148457	96.3769740221872	94	-0.004509329203385888	96.37246469298381	0.9999064274786694
Unique Binding	NOT Bound Only	K562	RBM15_6	1e-05	148516	99.97643906806417	148433	96.37684162075489	83	-0.004482398646491443	96.3723592221084	0.9999069861574928
Unique Binding	NOT Bound Only	K562	RBM15_6	0.0001	147573	99.34164024476443	147565	96.31771949369322	8	-0.0010090430748614441	96.31671045061836	0.9999790478323336
Unique Binding	NOT Bound Only	K562	RBM15_6	0.001	28424	19.134169409832314	28424	34.50784589073075	0	0.0	34.50784589073075	1.0
Unique Binding	NOT Bound Only	K562	RBM15_6	0.01	0	0.0	0	0.0	0	0.0		
Unique Binding	NOT Bound Only	K562	RBM15_6	0.1	0	0.0	0	0.0	0	0.0		
Unique Binding	NOT Bound Only	K562	RBM22_1	0.0	0	0.0	0	0.0	0	0.0		
Unique Binding	NOT Bound Only	K562	RBM22_1	1e-05	0	0.0	0	0.0	0	0.0		
Unique Binding	NOT Bound Only	K562	RBM22_1	0.0001	0	0.0	0	0.0	0	0.0		
Unique Binding	NOT Bound Only	K562	RBM22_1	0.001	0	0.0	0	0.0	0	0.0		
Unique Binding	NOT Bound Only	K562	RBM22_1	0.01	0	0.0	0	0.0	0	0.0		
Unique Binding	NOT Bound Only	K562	RBM22_1	0.1	0	0.0	0	0.0	0	0.0		
Unique Binding	NOT Bound Only	K562	RBM22_2	0.0	0	0.0	0	0.0	0	0.0		
Unique Binding	NOT Bound Only	K562	RBM22_2	1e-05	0	0.0	0	0.0	0	0.0		
Unique Binding	NOT Bound Only	K562	RBM22_2	0.0001	0	0.0	0	0.0	0	0.0		
Unique Binding	NOT Bound Only	K562	RBM22_2	0.001	0	0.0	0	0.0	0	0.0		
Unique Binding	NOT Bound Only	K562	RBM22_2	0.01	0	0.0	0	0.0	0	0.0		
Unique Binding	NOT Bound Only	K562	RBM22_2	0.1	0	0.0	0	0.0	0	0.0		
Unique Binding	NOT Bound Only	K562	RBM22_3	0.0	0	0.0	0	0.0	0	0.0		
Unique Binding	NOT Bound Only	K562	RBM22_3	1e-05	0	0.0	0	0.0	0	0.0		
Unique Binding	NOT Bound Only	K562	RBM22_3	0.0001	0	0.0	0	0.0	0	0.0		
Unique Binding	NOT Bound Only	K562	RBM22_3	0.001	0	0.0	0	0.0	0	0.0		
Unique Binding	NOT Bound Only	K562	RBM22_3	0.01	0	0.0	0	0.0	0	0.0		
Unique Binding	NOT Bound Only	K562	RBM22_3	0.1	0	0.0	0	0.0	0	0.0		
Unique Binding	NOT Bound Only	K562	RBM22_4	0.0	147368	100.0	445	0.02114255382446599	146923	-127.15449018654509	-127.13334763272063	-0.9996675062137473
Unique Binding	NOT Bound Only	K562	RBM22_4	1e-05	147147	99.8500352858151	335	0.02073240826711695	146812	-127.15397155095731	-127.13323914269019	-0.9996739538977222
Unique Binding	NOT Bound Only	K562	RBM22_4	0.0001	138121	93.72523207209163	52	0.01039968335396388	138069	-126.5377837658701	-126.52738408251614	-0.9998356407327152
Unique Binding	NOT Bound Only	K562	RBM22_4	0.001	45821	31.092910265457903	0	0.0	45821	-87.77311201297962	-87.77311201297962	-1.0
Unique Binding	NOT Bound Only	K562	RBM22_4	0.01	0	0.0	0	0.0	0	0.0		
Unique Binding	NOT Bound Only	K562	RBM22_4	0.1	0	0.0	0	0.0	0	0.0		
Unique Binding	NOT Bound Only	K562	RBM22_5	0.0	0	0.0	0	0.0	0	0.0		
Unique Binding	NOT Bound Only	K562	RBM22_5	1e-05	0	0.0	0	0.0	0	0.0		
Unique Binding	NOT Bound Only	K562	RBM22_5	0.0001	0	0.0	0	0.0	0	0.0		
Unique Binding	NOT Bound Only	K562	RBM22_5	0.001	0	0.0	0	0.0	0	0.0		
Unique Binding	NOT Bound Only	K562	RBM22_5	0.01	0	0.0	0	0.0	0	0.0		
Unique Binding	NOT Bound Only	K562	RBM22_5	0.1	0	0.0	0	0.0	0	0.0		
Unique Binding	NOT Bound Only	K562	RBM22_6	0.0	0	0.0	0	0.0	0	0.0		
Unique Binding	NOT Bound Only	K562	RBM22_6	1e-05	0	0.0	0	0.0	0	0.0		
Unique Binding	NOT Bound Only	K562	RBM22_6	0.0001	0	0.0	0	0.0	0	0.0		
Unique Binding	NOT Bound Only	K562	RBM22_6	0.001	0	0.0	0	0.0	0	0.0		
Unique Binding	NOT Bound Only	K562	RBM22_6	0.01	0	0.0	0	0.0	0	0.0		
Unique Binding	NOT Bound Only	K562	RBM22_6	0.1	0	0.0	0	0.0	0	0.0		
Unique Binding	NOT Bound Only	K562	RNF187_1	0.0	0	0.0	0	0.0	0	0.0		
Unique Binding	NOT Bound Only	K562	RNF187_1	1e-05	0	0.0	0	0.0	0	0.0		
Unique Binding	NOT Bound Only	K562	RNF187_1	0.0001	0	0.0	0	0.0	0	0.0		
Unique Binding	NOT Bound Only	K562	RNF187_1	0.001	0	0.0	0	0.0	0	0.0		
Unique Binding	NOT Bound Only	K562	RNF187_1	0.01	0	0.0	0	0.0	0	0.0		
Unique Binding	NOT Bound Only	K562	RNF187_1	0.1	0	0.0	0	0.0	0	0.0		
Unique Binding	NOT Bound Only	K562	RNF187_2	0.0	0	0.0	0	0.0	0	0.0		
Unique Binding	NOT Bound Only	K562	RNF187_2	1e-05	0	0.0	0	0.0	0	0.0		
Unique Binding	NOT Bound Only	K562	RNF187_2	0.0001	0	0.0	0	0.0	0	0.0		
Unique Binding	NOT Bound Only	K562	RNF187_2	0.001	0	0.0	0	0.0	0	0.0		
Unique Binding	NOT Bound Only	K562	RNF187_2	0.01	0	0.0	0	0.0	0	0.0		
Unique Binding	NOT Bound Only	K562	RNF187_2	0.1	0	0.0	0	0.0	0	0.0		
Unique Binding	NOT Bound Only	K562	RNF187_3	0.0	0	0.0	0	0.0	0	0.0		
Unique Binding	NOT Bound Only	K562	RNF187_3	1e-05	0	0.0	0	0.0	0	0.0		
Unique Binding	NOT Bound Only	K562	RNF187_3	0.0001	0	0.0	0	0.0	0	0.0		
Unique Binding	NOT Bound Only	K562	RNF187_3	0.001	0	0.0	0	0.0	0	0.0		
Unique Binding	NOT Bound Only	K562	RNF187_3	0.01	0	0.0	0	0.0	0	0.0		
Unique Binding	NOT Bound Only	K562	RNF187_3	0.1	0	0.0	0	0.0	0	0.0		
Unique Binding	NOT Bound Only	K562	RNF187_4	0.0	0	0.0	0	0.0	0	0.0		
Unique Binding	NOT Bound Only	K562	RNF187_4	1e-05	0	0.0	0	0.0	0	0.0		
Unique Binding	NOT Bound Only	K562	RNF187_4	0.0001	0	0.0	0	0.0	0	0.0		
Unique Binding	NOT Bound Only	K562	RNF187_4	0.001	0	0.0	0	0.0	0	0.0		
Unique Binding	NOT Bound Only	K562	RNF187_4	0.01	0	0.0	0	0.0	0	0.0		
Unique Binding	NOT Bound Only	K562	RNF187_4	0.1	0	0.0	0	0.0	0	0.0		
Unique Binding	NOT Bound Only	K562	RNF187_5	0.0	0	0.0	0	0.0	0	0.0		
Unique Binding	NOT Bound Only	K562	RNF187_5	1e-05	0	0.0	0	0.0	0	0.0		
Unique Binding	NOT Bound Only	K562	RNF187_5	0.0001	0	0.0	0	0.0	0	0.0		
Unique Binding	NOT Bound Only	K562	RNF187_5	0.001	0	0.0	0	0.0	0	0.0		
Unique Binding	NOT Bound Only	K562	RNF187_5	0.01	0	0.0	0	0.0	0	0.0		
Unique Binding	NOT Bound Only	K562	RNF187_5	0.1	0	0.0	0	0.0	0	0.0		
Unique Binding	NOT Bound Only	K562	RNF187_6	0.0	0	0.0	0	0.0	0	0.0		
Unique Binding	NOT Bound Only	K562	RNF187_6	1e-05	0	0.0	0	0.0	0	0.0		
Unique Binding	NOT Bound Only	K562	RNF187_6	0.0001	0	0.0	0	0.0	0	0.0		
Unique Binding	NOT Bound Only	K562	RNF187_6	0.001	0	0.0	0	0.0	0	0.0		
Unique Binding	NOT Bound Only	K562	RNF187_6	0.01	0	0.0	0	0.0	0	0.0		
Unique Binding	NOT Bound Only	K562	RNF187_6	0.1	0	0.0	0	0.0	0	0.0		
Unique Binding	NOT Bound Only	K562	RPS10_1	0.0	0	0.0	0	0.0	0	0.0		
Unique Binding	NOT Bound Only	K562	RPS10_1	1e-05	0	0.0	0	0.0	0	0.0		
Unique Binding	NOT Bound Only	K562	RPS10_1	0.0001	0	0.0	0	0.0	0	0.0		
Unique Binding	NOT Bound Only	K562	RPS10_1	0.001	0	0.0	0	0.0	0	0.0		
Unique Binding	NOT Bound Only	K562	RPS10_1	0.01	0	0.0	0	0.0	0	0.0		
Unique Binding	NOT Bound Only	K562	RPS10_1	0.1	0	0.0	0	0.0	0	0.0		
Unique Binding	NOT Bound Only	K562	RPS10_2	0.0	0	0.0	0	0.0	0	0.0		
Unique Binding	NOT Bound Only	K562	RPS10_2	1e-05	0	0.0	0	0.0	0	0.0		
Unique Binding	NOT Bound Only	K562	RPS10_2	0.0001	0	0.0	0	0.0	0	0.0		
Unique Binding	NOT Bound Only	K562	RPS10_2	0.001	0	0.0	0	0.0	0	0.0		
Unique Binding	NOT Bound Only	K562	RPS10_2	0.01	0	0.0	0	0.0	0	0.0		
Unique Binding	NOT Bound Only	K562	RPS10_2	0.1	0	0.0	0	0.0	0	0.0		
Unique Binding	NOT Bound Only	K562	RPS10_3	0.0	0	0.0	0	0.0	0	0.0		
Unique Binding	NOT Bound Only	K562	RPS10_3	1e-05	0	0.0	0	0.0	0	0.0		
Unique Binding	NOT Bound Only	K562	RPS10_3	0.0001	0	0.0	0	0.0	0	0.0		
Unique Binding	NOT Bound Only	K562	RPS10_3	0.001	0	0.0	0	0.0	0	0.0		
Unique Binding	NOT Bound Only	K562	RPS10_3	0.01	0	0.0	0	0.0	0	0.0		
Unique Binding	NOT Bound Only	K562	RPS10_3	0.1	0	0.0	0	0.0	0	0.0		
Unique Binding	NOT Bound Only	K562	RPS10_4	0.0	0	0.0	0	0.0	0	0.0		
Unique Binding	NOT Bound Only	K562	RPS10_4	1e-05	0	0.0	0	0.0	0	0.0		
Unique Binding	NOT Bound Only	K562	RPS10_4	0.0001	0	0.0	0	0.0	0	0.0		
Unique Binding	NOT Bound Only	K562	RPS10_4	0.001	0	0.0	0	0.0	0	0.0		
Unique Binding	NOT Bound Only	K562	RPS10_4	0.01	0	0.0	0	0.0	0	0.0		
Unique Binding	NOT Bound Only	K562	RPS10_4	0.1	0	0.0	0	0.0	0	0.0		
Unique Binding	NOT Bound Only	K562	RPS10_5	0.0	0	0.0	0	0.0	0	0.0		
Unique Binding	NOT Bound Only	K562	RPS10_5	1e-05	0	0.0	0	0.0	0	0.0		
Unique Binding	NOT Bound Only	K562	RPS10_5	0.0001	0	0.0	0	0.0	0	0.0		
Unique Binding	NOT Bound Only	K562	RPS10_5	0.001	0	0.0	0	0.0	0	0.0		
Unique Binding	NOT Bound Only	K562	RPS10_5	0.01	0	0.0	0	0.0	0	0.0		
Unique Binding	NOT Bound Only	K562	RPS10_5	0.1	0	0.0	0	0.0	0	0.0		
Unique Binding	NOT Bound Only	K562	RPS10_6	0.0	0	0.0	0	0.0	0	0.0		
Unique Binding	NOT Bound Only	K562	RPS10_6	1e-05	0	0.0	0	0.0	0	0.0		
Unique Binding	NOT Bound Only	K562	RPS10_6	0.0001	0	0.0	0	0.0	0	0.0		
Unique Binding	NOT Bound Only	K562	RPS10_6	0.001	0	0.0	0	0.0	0	0.0		
Unique Binding	NOT Bound Only	K562	RPS10_6	0.01	0	0.0	0	0.0	0	0.0		
Unique Binding	NOT Bound Only	K562	RPS10_6	0.1	0	0.0	0	0.0	0	0.0		
Unique Binding	NOT Bound Only	K562	RPS11_1	0.0	0	0.0	0	0.0	0	0.0		
Unique Binding	NOT Bound Only	K562	RPS11_1	1e-05	0	0.0	0	0.0	0	0.0		
Unique Binding	NOT Bound Only	K562	RPS11_1	0.0001	0	0.0	0	0.0	0	0.0		
Unique Binding	NOT Bound Only	K562	RPS11_1	0.001	0	0.0	0	0.0	0	0.0		
Unique Binding	NOT Bound Only	K562	RPS11_1	0.01	0	0.0	0	0.0	0	0.0		
Unique Binding	NOT Bound Only	K562	RPS11_1	0.1	0	0.0	0	0.0	0	0.0		
Unique Binding	NOT Bound Only	K562	RPS11_2	0.0	0	0.0	0	0.0	0	0.0		
Unique Binding	NOT Bound Only	K562	RPS11_2	1e-05	0	0.0	0	0.0	0	0.0		
Unique Binding	NOT Bound Only	K562	RPS11_2	0.0001	0	0.0	0	0.0	0	0.0		
Unique Binding	NOT Bound Only	K562	RPS11_2	0.001	0	0.0	0	0.0	0	0.0		
Unique Binding	NOT Bound Only	K562	RPS11_2	0.01	0	0.0	0	0.0	0	0.0		
Unique Binding	NOT Bound Only	K562	RPS11_2	0.1	0	0.0	0	0.0	0	0.0		
Unique Binding	NOT Bound Only	K562	RPS11_3	0.0	0	0.0	0	0.0	0	0.0		
Unique Binding	NOT Bound Only	K562	RPS11_3	1e-05	0	0.0	0	0.0	0	0.0		
Unique Binding	NOT Bound Only	K562	RPS11_3	0.0001	0	0.0	0	0.0	0	0.0		
Unique Binding	NOT Bound Only	K562	RPS11_3	0.001	0	0.0	0	0.0	0	0.0		
Unique Binding	NOT Bound Only	K562	RPS11_3	0.01	0	0.0	0	0.0	0	0.0		
Unique Binding	NOT Bound Only	K562	RPS11_3	0.1	0	0.0	0	0.0	0	0.0		
Unique Binding	NOT Bound Only	K562	RPS11_4	0.0	0	0.0	0	0.0	0	0.0		
Unique Binding	NOT Bound Only	K562	RPS11_4	1e-05	0	0.0	0	0.0	0	0.0		
Unique Binding	NOT Bound Only	K562	RPS11_4	0.0001	0	0.0	0	0.0	0	0.0		
Unique Binding	NOT Bound Only	K562	RPS11_4	0.001	0	0.0	0	0.0	0	0.0		
Unique Binding	NOT Bound Only	K562	RPS11_4	0.01	0	0.0	0	0.0	0	0.0		
Unique Binding	NOT Bound Only	K562	RPS11_4	0.1	0	0.0	0	0.0	0	0.0		
Unique Binding	NOT Bound Only	K562	RPS11_5	0.0	0	0.0	0	0.0	0	0.0		
Unique Binding	NOT Bound Only	K562	RPS11_5	1e-05	0	0.0	0	0.0	0	0.0		
Unique Binding	NOT Bound Only	K562	RPS11_5	0.0001	0	0.0	0	0.0	0	0.0		
Unique Binding	NOT Bound Only	K562	RPS11_5	0.001	0	0.0	0	0.0	0	0.0		
Unique Binding	NOT Bound Only	K562	RPS11_5	0.01	0	0.0	0	0.0	0	0.0		
Unique Binding	NOT Bound Only	K562	RPS11_5	0.1	0	0.0	0	0.0	0	0.0		
Unique Binding	NOT Bound Only	K562	RPS11_6	0.0	0	0.0	0	0.0	0	0.0		
Unique Binding	NOT Bound Only	K562	RPS11_6	1e-05	0	0.0	0	0.0	0	0.0		
Unique Binding	NOT Bound Only	K562	RPS11_6	0.0001	0	0.0	0	0.0	0	0.0		
Unique Binding	NOT Bound Only	K562	RPS11_6	0.001	0	0.0	0	0.0	0	0.0		
Unique Binding	NOT Bound Only	K562	RPS11_6	0.01	0	0.0	0	0.0	0	0.0		
Unique Binding	NOT Bound Only	K562	RPS11_6	0.1	0	0.0	0	0.0	0	0.0		
Unique Binding	NOT Bound Only	K562	RPS3_1	0.0	0	0.0	0	0.0	0	0.0		
Unique Binding	NOT Bound Only	K562	RPS3_1	1e-05	0	0.0	0	0.0	0	0.0		
Unique Binding	NOT Bound Only	K562	RPS3_1	0.0001	0	0.0	0	0.0	0	0.0		
Unique Binding	NOT Bound Only	K562	RPS3_1	0.001	0	0.0	0	0.0	0	0.0		
Unique Binding	NOT Bound Only	K562	RPS3_1	0.01	0	0.0	0	0.0	0	0.0		
Unique Binding	NOT Bound Only	K562	RPS3_1	0.1	0	0.0	0	0.0	0	0.0		
Unique Binding	NOT Bound Only	K562	RPS3_2	0.0	147991	100.0	121290	6.015342627779308	26701	-1.5756943970702468	4.439648230709061	0.5848539818967684
Unique Binding	NOT Bound Only	K562	RPS3_2	1e-05	135130	91.30960666527018	113120	5.971322590120732	22010	-1.5555375174193862	4.415785072701345	0.5866702728110732
Unique Binding	NOT Bound Only	K562	RPS3_2	0.0001	12606	8.518085559256981	8015	1.6075947459459865	4591	-0.8116081636210747	0.7959865823249118	0.32902844948519056
Unique Binding	NOT Bound Only	K562	RPS3_2	0.001	0	0.0	0	0.0	0	0.0		
Unique Binding	NOT Bound Only	K562	RPS3_2	0.01	0	0.0	0	0.0	0	0.0		
Unique Binding	NOT Bound Only	K562	RPS3_2	0.1	0	0.0	0	0.0	0	0.0		
Unique Binding	NOT Bound Only	K562	RPS3_3	0.0	148559	100.0	0	0.0	148559	-119.93714584275615	-119.93714584275615	-1.0
Unique Binding	NOT Bound Only	K562	RPS3_3	1e-05	148559	100.0	0	0.0	148559	-119.93714584275615	-119.93714584275615	-1.0
Unique Binding	NOT Bound Only	K562	RPS3_3	0.0001	136116	91.62420317853513	0	0.0	136116	-119.06387242184559	-119.06387242184559	-1.0
Unique Binding	NOT Bound Only	K562	RPS3_3	0.001	43797	29.481216217125855	0	0.0	43797	-82.93046587444536	-82.93046587444536	-1.0
Unique Binding	NOT Bound Only	K562	RPS3_3	0.01	0	0.0	0	0.0	0	0.0		
Unique Binding	NOT Bound Only	K562	RPS3_3	0.1	0	0.0	0	0.0	0	0.0		
Unique Binding	NOT Bound Only	K562	RPS3_4	0.0	148718	100.0	0	0.0	148718	-120.35035985761361	-120.35035985761361	-1.0
Unique Binding	NOT Bound Only	K562	RPS3_4	1e-05	148718	100.0	0	0.0	148718	-120.35035985761361	-120.35035985761361	-1.0
Unique Binding	NOT Bound Only	K562	RPS3_4	0.0001	145319	97.71446630535645	0	0.0	145319	-120.07694156759217	-120.07694156759217	-1.0
Unique Binding	NOT Bound Only	K562	RPS3_4	0.001	44426	29.87264487150177	0	0.0	44426	-77.929521295218	-77.929521295218	-1.0
Unique Binding	NOT Bound Only	K562	RPS3_4	0.01	0	0.0	0	0.0	0	0.0		
Unique Binding	NOT Bound Only	K562	RPS3_4	0.1	0	0.0	0	0.0	0	0.0		
Unique Binding	NOT Bound Only	K562	RPS3_5	0.0	147696	100.0	146118	16.280747920628553	1578	-0.057032237725664	16.22371568290289	0.9930183614698106
Unique Binding	NOT Bound Only	K562	RPS3_5	1e-05	146649	99.29111147221319	145511	16.27752722948341	1138	-0.05485716410262127	16.22267006538079	0.9932824059511892
Unique Binding	NOT Bound Only	K562	RPS3_5	0.0001	79627	53.91276676416423	79556	11.106007581246512	71	-0.013615741120130176	11.092391840126382	0.9975510427421147
Unique Binding	NOT Bound Only	K562	RPS3_5	0.001	0	0.0	0	0.0	0	0.0		
Unique Binding	NOT Bound Only	K562	RPS3_5	0.01	0	0.0	0	0.0	0	0.0		
Unique Binding	NOT Bound Only	K562	RPS3_5	0.1	0	0.0	0	0.0	0	0.0		
Unique Binding	NOT Bound Only	K562	RPS3_6	0.0	148624	100.0	148612	57.64438499302493	12	-4.163290252698792e-05	57.6443433601224	0.999998555527222
Unique Binding	NOT Bound Only	K562	RPS3_6	1e-05	148568	99.96232102486813	148567	57.64413832327916	1	-1.1414033735769938e-05	57.64412690924542	0.9999996039829266
Unique Binding	NOT Bound Only	K562	RPS3_6	0.0001	141499	95.20602325331036	141499	57.13620861534981	0	0.0	57.13620861534981	1.0
Unique Binding	NOT Bound Only	K562	RPS3_6	0.001	409	0.27519108623102595	409	0.43288751106036855	0	0.0	0.43288751106036855	1.0
Unique Binding	NOT Bound Only	K562	RPS3_6	0.01	0	0.0	0	0.0	0	0.0		
Unique Binding	NOT Bound Only	K562	RPS3_6	0.1	0	0.0	0	0.0	0	0.0		
Unique Binding	NOT Bound Only	K562	RPS6_1	0.0	0	0.0	0	0.0	0	0.0		
Unique Binding	NOT Bound Only	K562	RPS6_1	1e-05	0	0.0	0	0.0	0	0.0		
Unique Binding	NOT Bound Only	K562	RPS6_1	0.0001	0	0.0	0	0.0	0	0.0		
Unique Binding	NOT Bound Only	K562	RPS6_1	0.001	0	0.0	0	0.0	0	0.0		
Unique Binding	NOT Bound Only	K562	RPS6_1	0.01	0	0.0	0	0.0	0	0.0		
Unique Binding	NOT Bound Only	K562	RPS6_1	0.1	0	0.0	0	0.0	0	0.0		
Unique Binding	NOT Bound Only	K562	RPS6_2	0.0	151649	100.0	117653	0.5838867096482934	33996	-0.040981097227571435	0.5429056124207219	0.8688327458171878
Unique Binding	NOT Bound Only	K562	RPS6_2	1e-05	13939	9.191620122783533	13859	0.40475941786483893	80	-0.0009004945215546721	0.40385892334328427	0.9955603475026296
Unique Binding	NOT Bound Only	K562	RPS6_2	0.0001	464	0.30596970636140036	464	0.059983386022368745	0	0.0	0.059983386022368745	1.0
Unique Binding	NOT Bound Only	K562	RPS6_2	0.001	0	0.0	0	0.0	0	0.0		
Unique Binding	NOT Bound Only	K562	RPS6_2	0.01	0	0.0	0	0.0	0	0.0		
Unique Binding	NOT Bound Only	K562	RPS6_2	0.1	0	0.0	0	0.0	0	0.0		
Unique Binding	NOT Bound Only	K562	RPS6_3	0.0	0	0.0	0	0.0	0	0.0		
Unique Binding	NOT Bound Only	K562	RPS6_3	1e-05	0	0.0	0	0.0	0	0.0		
Unique Binding	NOT Bound Only	K562	RPS6_3	0.0001	0	0.0	0	0.0	0	0.0		
Unique Binding	NOT Bound Only	K562	RPS6_3	0.001	0	0.0	0	0.0	0	0.0		
Unique Binding	NOT Bound Only	K562	RPS6_3	0.01	0	0.0	0	0.0	0	0.0		
Unique Binding	NOT Bound Only	K562	RPS6_3	0.1	0	0.0	0	0.0	0	0.0		
Unique Binding	NOT Bound Only	K562	RPS6_4	0.0	151767	100.0	2502	0.04038448702588046	149265	-0.30365711831816833	-0.26327263129228784	-0.7652348646292639
Unique Binding	NOT Bound Only	K562	RPS6_4	1e-05	1270	0.8368090559871382	1253	0.03237300320982116	17	-0.0003364204265354176	0.03203658278328574	0.97942975515096
Unique Binding	NOT Bound Only	K562	RPS6_4	0.0001	5	0.003294523842469048	5	0.0005256464952850038	0	0.0	0.0005256464952850038	1.0
Unique Binding	NOT Bound Only	K562	RPS6_4	0.001	0	0.0	0	0.0	0	0.0		
Unique Binding	NOT Bound Only	K562	RPS6_4	0.01	0	0.0	0	0.0	0	0.0		
Unique Binding	NOT Bound Only	K562	RPS6_4	0.1	0	0.0	0	0.0	0	0.0		
Unique Binding	NOT Bound Only	K562	RPS6_5	0.0	0	0.0	0	0.0	0	0.0		
Unique Binding	NOT Bound Only	K562	RPS6_5	1e-05	0	0.0	0	0.0	0	0.0		
Unique Binding	NOT Bound Only	K562	RPS6_5	0.0001	0	0.0	0	0.0	0	0.0		
Unique Binding	NOT Bound Only	K562	RPS6_5	0.001	0	0.0	0	0.0	0	0.0		
Unique Binding	NOT Bound Only	K562	RPS6_5	0.01	0	0.0	0	0.0	0	0.0		
Unique Binding	NOT Bound Only	K562	RPS6_5	0.1	0	0.0	0	0.0	0	0.0		
Unique Binding	NOT Bound Only	K562	RPS6_6	0.0	0	0.0	0	0.0	0	0.0		
Unique Binding	NOT Bound Only	K562	RPS6_6	1e-05	0	0.0	0	0.0	0	0.0		
Unique Binding	NOT Bound Only	K562	RPS6_6	0.0001	0	0.0	0	0.0	0	0.0		
Unique Binding	NOT Bound Only	K562	RPS6_6	0.001	0	0.0	0	0.0	0	0.0		
Unique Binding	NOT Bound Only	K562	RPS6_6	0.01	0	0.0	0	0.0	0	0.0		
Unique Binding	NOT Bound Only	K562	RPS6_6	0.1	0	0.0	0	0.0	0	0.0		
Unique Binding	NOT Bound Only	K562	RYBP_1	0.0	0	0.0	0	0.0	0	0.0		
Unique Binding	NOT Bound Only	K562	RYBP_1	1e-05	0	0.0	0	0.0	0	0.0		
Unique Binding	NOT Bound Only	K562	RYBP_1	0.0001	0	0.0	0	0.0	0	0.0		
Unique Binding	NOT Bound Only	K562	RYBP_1	0.001	0	0.0	0	0.0	0	0.0		
Unique Binding	NOT Bound Only	K562	RYBP_1	0.01	0	0.0	0	0.0	0	0.0		
Unique Binding	NOT Bound Only	K562	RYBP_1	0.1	0	0.0	0	0.0	0	0.0		
Unique Binding	NOT Bound Only	K562	RYBP_2	0.0	0	0.0	0	0.0	0	0.0		
Unique Binding	NOT Bound Only	K562	RYBP_2	1e-05	0	0.0	0	0.0	0	0.0		
Unique Binding	NOT Bound Only	K562	RYBP_2	0.0001	0	0.0	0	0.0	0	0.0		
Unique Binding	NOT Bound Only	K562	RYBP_2	0.001	0	0.0	0	0.0	0	0.0		
Unique Binding	NOT Bound Only	K562	RYBP_2	0.01	0	0.0	0	0.0	0	0.0		
Unique Binding	NOT Bound Only	K562	RYBP_2	0.1	0	0.0	0	0.0	0	0.0		
Unique Binding	NOT Bound Only	K562	RYBP_3	0.0	0	0.0	0	0.0	0	0.0		
Unique Binding	NOT Bound Only	K562	RYBP_3	1e-05	0	0.0	0	0.0	0	0.0		
Unique Binding	NOT Bound Only	K562	RYBP_3	0.0001	0	0.0	0	0.0	0	0.0		
Unique Binding	NOT Bound Only	K562	RYBP_3	0.001	0	0.0	0	0.0	0	0.0		
Unique Binding	NOT Bound Only	K562	RYBP_3	0.01	0	0.0	0	0.0	0	0.0		
Unique Binding	NOT Bound Only	K562	RYBP_3	0.1	0	0.0	0	0.0	0	0.0		
Unique Binding	NOT Bound Only	K562	RYBP_4	0.0	0	0.0	0	0.0	0	0.0		
Unique Binding	NOT Bound Only	K562	RYBP_4	1e-05	0	0.0	0	0.0	0	0.0		
Unique Binding	NOT Bound Only	K562	RYBP_4	0.0001	0	0.0	0	0.0	0	0.0		
Unique Binding	NOT Bound Only	K562	RYBP_4	0.001	0	0.0	0	0.0	0	0.0		
Unique Binding	NOT Bound Only	K562	RYBP_4	0.01	0	0.0	0	0.0	0	0.0		
Unique Binding	NOT Bound Only	K562	RYBP_4	0.1	0	0.0	0	0.0	0	0.0		
Unique Binding	NOT Bound Only	K562	RYBP_5	0.0	0	0.0	0	0.0	0	0.0		
Unique Binding	NOT Bound Only	K562	RYBP_5	1e-05	0	0.0	0	0.0	0	0.0		
Unique Binding	NOT Bound Only	K562	RYBP_5	0.0001	0	0.0	0	0.0	0	0.0		
Unique Binding	NOT Bound Only	K562	RYBP_5	0.001	0	0.0	0	0.0	0	0.0		
Unique Binding	NOT Bound Only	K562	RYBP_5	0.01	0	0.0	0	0.0	0	0.0		
Unique Binding	NOT Bound Only	K562	RYBP_5	0.1	0	0.0	0	0.0	0	0.0		
Unique Binding	NOT Bound Only	K562	RYBP_6	0.0	0	0.0	0	0.0	0	0.0		
Unique Binding	NOT Bound Only	K562	RYBP_6	1e-05	0	0.0	0	0.0	0	0.0		
Unique Binding	NOT Bound Only	K562	RYBP_6	0.0001	0	0.0	0	0.0	0	0.0		
Unique Binding	NOT Bound Only	K562	RYBP_6	0.001	0	0.0	0	0.0	0	0.0		
Unique Binding	NOT Bound Only	K562	RYBP_6	0.01	0	0.0	0	0.0	0	0.0		
Unique Binding	NOT Bound Only	K562	RYBP_6	0.1	0	0.0	0	0.0	0	0.0		
Unique Binding	NOT Bound Only	K562	SAFB2_1	0.0	0	0.0	0	0.0	0	0.0		
Unique Binding	NOT Bound Only	K562	SAFB2_1	1e-05	0	0.0	0	0.0	0	0.0		
Unique Binding	NOT Bound Only	K562	SAFB2_1	0.0001	0	0.0	0	0.0	0	0.0		
Unique Binding	NOT Bound Only	K562	SAFB2_1	0.001	0	0.0	0	0.0	0	0.0		
Unique Binding	NOT Bound Only	K562	SAFB2_1	0.01	0	0.0	0	0.0	0	0.0		
Unique Binding	NOT Bound Only	K562	SAFB2_1	0.1	0	0.0	0	0.0	0	0.0		
Unique Binding	NOT Bound Only	K562	SAFB2_2	0.0	0	0.0	0	0.0	0	0.0		
Unique Binding	NOT Bound Only	K562	SAFB2_2	1e-05	0	0.0	0	0.0	0	0.0		
Unique Binding	NOT Bound Only	K562	SAFB2_2	0.0001	0	0.0	0	0.0	0	0.0		
Unique Binding	NOT Bound Only	K562	SAFB2_2	0.001	0	0.0	0	0.0	0	0.0		
Unique Binding	NOT Bound Only	K562	SAFB2_2	0.01	0	0.0	0	0.0	0	0.0		
Unique Binding	NOT Bound Only	K562	SAFB2_2	0.1	0	0.0	0	0.0	0	0.0		
Unique Binding	NOT Bound Only	K562	SAFB2_3	0.0	0	0.0	0	0.0	0	0.0		
Unique Binding	NOT Bound Only	K562	SAFB2_3	1e-05	0	0.0	0	0.0	0	0.0		
Unique Binding	NOT Bound Only	K562	SAFB2_3	0.0001	0	0.0	0	0.0	0	0.0		
Unique Binding	NOT Bound Only	K562	SAFB2_3	0.001	0	0.0	0	0.0	0	0.0		
Unique Binding	NOT Bound Only	K562	SAFB2_3	0.01	0	0.0	0	0.0	0	0.0		
Unique Binding	NOT Bound Only	K562	SAFB2_3	0.1	0	0.0	0	0.0	0	0.0		
Unique Binding	NOT Bound Only	K562	SAFB2_4	0.0	1333	0.8762415613270491	1333	0.006772319825719943	0	0.0	0.006772319825719943	1.0
Unique Binding	NOT Bound Only	K562	SAFB2_4	1e-05	207	0.13607052002603087	207	0.0026101940791712934	0	0.0	0.0026101940791712934	1.0
Unique Binding	NOT Bound Only	K562	SAFB2_4	0.0001	0	0.0	0	0.0	0	0.0		
Unique Binding	NOT Bound Only	K562	SAFB2_4	0.001	0	0.0	0	0.0	0	0.0		
Unique Binding	NOT Bound Only	K562	SAFB2_4	0.01	0	0.0	0	0.0	0	0.0		
Unique Binding	NOT Bound Only	K562	SAFB2_4	0.1	0	0.0	0	0.0	0	0.0		
Unique Binding	NOT Bound Only	K562	SAFB2_5	0.0	0	0.0	0	0.0	0	0.0		
Unique Binding	NOT Bound Only	K562	SAFB2_5	1e-05	0	0.0	0	0.0	0	0.0		
Unique Binding	NOT Bound Only	K562	SAFB2_5	0.0001	0	0.0	0	0.0	0	0.0		
Unique Binding	NOT Bound Only	K562	SAFB2_5	0.001	0	0.0	0	0.0	0	0.0		
Unique Binding	NOT Bound Only	K562	SAFB2_5	0.01	0	0.0	0	0.0	0	0.0		
Unique Binding	NOT Bound Only	K562	SAFB2_5	0.1	0	0.0	0	0.0	0	0.0		
Unique Binding	NOT Bound Only	K562	SAFB2_6	0.0	0	0.0	0	0.0	0	0.0		
Unique Binding	NOT Bound Only	K562	SAFB2_6	1e-05	0	0.0	0	0.0	0	0.0		
Unique Binding	NOT Bound Only	K562	SAFB2_6	0.0001	0	0.0	0	0.0	0	0.0		
Unique Binding	NOT Bound Only	K562	SAFB2_6	0.001	0	0.0	0	0.0	0	0.0		
Unique Binding	NOT Bound Only	K562	SAFB2_6	0.01	0	0.0	0	0.0	0	0.0		
Unique Binding	NOT Bound Only	K562	SAFB2_6	0.1	0	0.0	0	0.0	0	0.0		
Unique Binding	NOT Bound Only	K562	SAFB_1	0.0	0	0.0	0	0.0	0	0.0		
Unique Binding	NOT Bound Only	K562	SAFB_1	1e-05	0	0.0	0	0.0	0	0.0		
Unique Binding	NOT Bound Only	K562	SAFB_1	0.0001	0	0.0	0	0.0	0	0.0		
Unique Binding	NOT Bound Only	K562	SAFB_1	0.001	0	0.0	0	0.0	0	0.0		
Unique Binding	NOT Bound Only	K562	SAFB_1	0.01	0	0.0	0	0.0	0	0.0		
Unique Binding	NOT Bound Only	K562	SAFB_1	0.1	0	0.0	0	0.0	0	0.0		
Unique Binding	NOT Bound Only	K562	SAFB_2	0.0	0	0.0	0	0.0	0	0.0		
Unique Binding	NOT Bound Only	K562	SAFB_2	1e-05	0	0.0	0	0.0	0	0.0		
Unique Binding	NOT Bound Only	K562	SAFB_2	0.0001	0	0.0	0	0.0	0	0.0		
Unique Binding	NOT Bound Only	K562	SAFB_2	0.001	0	0.0	0	0.0	0	0.0		
Unique Binding	NOT Bound Only	K562	SAFB_2	0.01	0	0.0	0	0.0	0	0.0		
Unique Binding	NOT Bound Only	K562	SAFB_2	0.1	0	0.0	0	0.0	0	0.0		
Unique Binding	NOT Bound Only	K562	SAFB_3	0.0	0	0.0	0	0.0	0	0.0		
Unique Binding	NOT Bound Only	K562	SAFB_3	1e-05	0	0.0	0	0.0	0	0.0		
Unique Binding	NOT Bound Only	K562	SAFB_3	0.0001	0	0.0	0	0.0	0	0.0		
Unique Binding	NOT Bound Only	K562	SAFB_3	0.001	0	0.0	0	0.0	0	0.0		
Unique Binding	NOT Bound Only	K562	SAFB_3	0.01	0	0.0	0	0.0	0	0.0		
Unique Binding	NOT Bound Only	K562	SAFB_3	0.1	0	0.0	0	0.0	0	0.0		
Unique Binding	NOT Bound Only	K562	SAFB_4	0.0	0	0.0	0	0.0	0	0.0		
Unique Binding	NOT Bound Only	K562	SAFB_4	1e-05	0	0.0	0	0.0	0	0.0		
Unique Binding	NOT Bound Only	K562	SAFB_4	0.0001	0	0.0	0	0.0	0	0.0		
Unique Binding	NOT Bound Only	K562	SAFB_4	0.001	0	0.0	0	0.0	0	0.0		
Unique Binding	NOT Bound Only	K562	SAFB_4	0.01	0	0.0	0	0.0	0	0.0		
Unique Binding	NOT Bound Only	K562	SAFB_4	0.1	0	0.0	0	0.0	0	0.0		
Unique Binding	NOT Bound Only	K562	SAFB_5	0.0	0	0.0	0	0.0	0	0.0		
Unique Binding	NOT Bound Only	K562	SAFB_5	1e-05	0	0.0	0	0.0	0	0.0		
Unique Binding	NOT Bound Only	K562	SAFB_5	0.0001	0	0.0	0	0.0	0	0.0		
Unique Binding	NOT Bound Only	K562	SAFB_5	0.001	0	0.0	0	0.0	0	0.0		
Unique Binding	NOT Bound Only	K562	SAFB_5	0.01	0	0.0	0	0.0	0	0.0		
Unique Binding	NOT Bound Only	K562	SAFB_5	0.1	0	0.0	0	0.0	0	0.0		
Unique Binding	NOT Bound Only	K562	SAFB_6	0.0	0	0.0	0	0.0	0	0.0		
Unique Binding	NOT Bound Only	K562	SAFB_6	1e-05	0	0.0	0	0.0	0	0.0		
Unique Binding	NOT Bound Only	K562	SAFB_6	0.0001	0	0.0	0	0.0	0	0.0		
Unique Binding	NOT Bound Only	K562	SAFB_6	0.001	0	0.0	0	0.0	0	0.0		
Unique Binding	NOT Bound Only	K562	SAFB_6	0.01	0	0.0	0	0.0	0	0.0		
Unique Binding	NOT Bound Only	K562	SAFB_6	0.1	0	0.0	0	0.0	0	0.0		
Unique Binding	NOT Bound Only	K562	SBDS_1	0.0	0	0.0	0	0.0	0	0.0		
Unique Binding	NOT Bound Only	K562	SBDS_1	1e-05	0	0.0	0	0.0	0	0.0		
Unique Binding	NOT Bound Only	K562	SBDS_1	0.0001	0	0.0	0	0.0	0	0.0		
Unique Binding	NOT Bound Only	K562	SBDS_1	0.001	0	0.0	0	0.0	0	0.0		
Unique Binding	NOT Bound Only	K562	SBDS_1	0.01	0	0.0	0	0.0	0	0.0		
Unique Binding	NOT Bound Only	K562	SBDS_1	0.1	0	0.0	0	0.0	0	0.0		
Unique Binding	NOT Bound Only	K562	SBDS_2	0.0	0	0.0	0	0.0	0	0.0		
Unique Binding	NOT Bound Only	K562	SBDS_2	1e-05	0	0.0	0	0.0	0	0.0		
Unique Binding	NOT Bound Only	K562	SBDS_2	0.0001	0	0.0	0	0.0	0	0.0		
Unique Binding	NOT Bound Only	K562	SBDS_2	0.001	0	0.0	0	0.0	0	0.0		
Unique Binding	NOT Bound Only	K562	SBDS_2	0.01	0	0.0	0	0.0	0	0.0		
Unique Binding	NOT Bound Only	K562	SBDS_2	0.1	0	0.0	0	0.0	0	0.0		
Unique Binding	NOT Bound Only	K562	SBDS_3	0.0	0	0.0	0	0.0	0	0.0		
Unique Binding	NOT Bound Only	K562	SBDS_3	1e-05	0	0.0	0	0.0	0	0.0		
Unique Binding	NOT Bound Only	K562	SBDS_3	0.0001	0	0.0	0	0.0	0	0.0		
Unique Binding	NOT Bound Only	K562	SBDS_3	0.001	0	0.0	0	0.0	0	0.0		
Unique Binding	NOT Bound Only	K562	SBDS_3	0.01	0	0.0	0	0.0	0	0.0		
Unique Binding	NOT Bound Only	K562	SBDS_3	0.1	0	0.0	0	0.0	0	0.0		
Unique Binding	NOT Bound Only	K562	SBDS_4	0.0	0	0.0	0	0.0	0	0.0		
Unique Binding	NOT Bound Only	K562	SBDS_4	1e-05	0	0.0	0	0.0	0	0.0		
Unique Binding	NOT Bound Only	K562	SBDS_4	0.0001	0	0.0	0	0.0	0	0.0		
Unique Binding	NOT Bound Only	K562	SBDS_4	0.001	0	0.0	0	0.0	0	0.0		
Unique Binding	NOT Bound Only	K562	SBDS_4	0.01	0	0.0	0	0.0	0	0.0		
Unique Binding	NOT Bound Only	K562	SBDS_4	0.1	0	0.0	0	0.0	0	0.0		
Unique Binding	NOT Bound Only	K562	SBDS_5	0.0	0	0.0	0	0.0	0	0.0		
Unique Binding	NOT Bound Only	K562	SBDS_5	1e-05	0	0.0	0	0.0	0	0.0		
Unique Binding	NOT Bound Only	K562	SBDS_5	0.0001	0	0.0	0	0.0	0	0.0		
Unique Binding	NOT Bound Only	K562	SBDS_5	0.001	0	0.0	0	0.0	0	0.0		
Unique Binding	NOT Bound Only	K562	SBDS_5	0.01	0	0.0	0	0.0	0	0.0		
Unique Binding	NOT Bound Only	K562	SBDS_5	0.1	0	0.0	0	0.0	0	0.0		
Unique Binding	NOT Bound Only	K562	SBDS_6	0.0	0	0.0	0	0.0	0	0.0		
Unique Binding	NOT Bound Only	K562	SBDS_6	1e-05	0	0.0	0	0.0	0	0.0		
Unique Binding	NOT Bound Only	K562	SBDS_6	0.0001	0	0.0	0	0.0	0	0.0		
Unique Binding	NOT Bound Only	K562	SBDS_6	0.001	0	0.0	0	0.0	0	0.0		
Unique Binding	NOT Bound Only	K562	SBDS_6	0.01	0	0.0	0	0.0	0	0.0		
Unique Binding	NOT Bound Only	K562	SBDS_6	0.1	0	0.0	0	0.0	0	0.0		
Unique Binding	NOT Bound Only	K562	SDAD1_1	0.0	0	0.0	0	0.0	0	0.0		
Unique Binding	NOT Bound Only	K562	SDAD1_1	1e-05	0	0.0	0	0.0	0	0.0		
Unique Binding	NOT Bound Only	K562	SDAD1_1	0.0001	0	0.0	0	0.0	0	0.0		
Unique Binding	NOT Bound Only	K562	SDAD1_1	0.001	0	0.0	0	0.0	0	0.0		
Unique Binding	NOT Bound Only	K562	SDAD1_1	0.01	0	0.0	0	0.0	0	0.0		
Unique Binding	NOT Bound Only	K562	SDAD1_1	0.1	0	0.0	0	0.0	0	0.0		
Unique Binding	NOT Bound Only	K562	SDAD1_2	0.0	0	0.0	0	0.0	0	0.0		
Unique Binding	NOT Bound Only	K562	SDAD1_2	1e-05	0	0.0	0	0.0	0	0.0		
Unique Binding	NOT Bound Only	K562	SDAD1_2	0.0001	0	0.0	0	0.0	0	0.0		
Unique Binding	NOT Bound Only	K562	SDAD1_2	0.001	0	0.0	0	0.0	0	0.0		
Unique Binding	NOT Bound Only	K562	SDAD1_2	0.01	0	0.0	0	0.0	0	0.0		
Unique Binding	NOT Bound Only	K562	SDAD1_2	0.1	0	0.0	0	0.0	0	0.0		
Unique Binding	NOT Bound Only	K562	SDAD1_3	0.0	0	0.0	0	0.0	0	0.0		
Unique Binding	NOT Bound Only	K562	SDAD1_3	1e-05	0	0.0	0	0.0	0	0.0		
Unique Binding	NOT Bound Only	K562	SDAD1_3	0.0001	0	0.0	0	0.0	0	0.0		
Unique Binding	NOT Bound Only	K562	SDAD1_3	0.001	0	0.0	0	0.0	0	0.0		
Unique Binding	NOT Bound Only	K562	SDAD1_3	0.01	0	0.0	0	0.0	0	0.0		
Unique Binding	NOT Bound Only	K562	SDAD1_3	0.1	0	0.0	0	0.0	0	0.0		
Unique Binding	NOT Bound Only	K562	SDAD1_4	0.0	0	0.0	0	0.0	0	0.0		
Unique Binding	NOT Bound Only	K562	SDAD1_4	1e-05	0	0.0	0	0.0	0	0.0		
Unique Binding	NOT Bound Only	K562	SDAD1_4	0.0001	0	0.0	0	0.0	0	0.0		
Unique Binding	NOT Bound Only	K562	SDAD1_4	0.001	0	0.0	0	0.0	0	0.0		
Unique Binding	NOT Bound Only	K562	SDAD1_4	0.01	0	0.0	0	0.0	0	0.0		
Unique Binding	NOT Bound Only	K562	SDAD1_4	0.1	0	0.0	0	0.0	0	0.0		
Unique Binding	NOT Bound Only	K562	SDAD1_5	0.0	0	0.0	0	0.0	0	0.0		
Unique Binding	NOT Bound Only	K562	SDAD1_5	1e-05	0	0.0	0	0.0	0	0.0		
Unique Binding	NOT Bound Only	K562	SDAD1_5	0.0001	0	0.0	0	0.0	0	0.0		
Unique Binding	NOT Bound Only	K562	SDAD1_5	0.001	0	0.0	0	0.0	0	0.0		
Unique Binding	NOT Bound Only	K562	SDAD1_5	0.01	0	0.0	0	0.0	0	0.0		
Unique Binding	NOT Bound Only	K562	SDAD1_5	0.1	0	0.0	0	0.0	0	0.0		
Unique Binding	NOT Bound Only	K562	SDAD1_6	0.0	0	0.0	0	0.0	0	0.0		
Unique Binding	NOT Bound Only	K562	SDAD1_6	1e-05	0	0.0	0	0.0	0	0.0		
Unique Binding	NOT Bound Only	K562	SDAD1_6	0.0001	0	0.0	0	0.0	0	0.0		
Unique Binding	NOT Bound Only	K562	SDAD1_6	0.001	0	0.0	0	0.0	0	0.0		
Unique Binding	NOT Bound Only	K562	SDAD1_6	0.01	0	0.0	0	0.0	0	0.0		
Unique Binding	NOT Bound Only	K562	SDAD1_6	0.1	0	0.0	0	0.0	0	0.0		
Unique Binding	NOT Bound Only	K562	SERBP1_1	0.0	0	0.0	0	0.0	0	0.0		
Unique Binding	NOT Bound Only	K562	SERBP1_1	1e-05	0	0.0	0	0.0	0	0.0		
Unique Binding	NOT Bound Only	K562	SERBP1_1	0.0001	0	0.0	0	0.0	0	0.0		
Unique Binding	NOT Bound Only	K562	SERBP1_1	0.001	0	0.0	0	0.0	0	0.0		
Unique Binding	NOT Bound Only	K562	SERBP1_1	0.01	0	0.0	0	0.0	0	0.0		
Unique Binding	NOT Bound Only	K562	SERBP1_1	0.1	0	0.0	0	0.0	0	0.0		
Unique Binding	NOT Bound Only	K562	SERBP1_2	0.0	0	0.0	0	0.0	0	0.0		
Unique Binding	NOT Bound Only	K562	SERBP1_2	1e-05	0	0.0	0	0.0	0	0.0		
Unique Binding	NOT Bound Only	K562	SERBP1_2	0.0001	0	0.0	0	0.0	0	0.0		
Unique Binding	NOT Bound Only	K562	SERBP1_2	0.001	0	0.0	0	0.0	0	0.0		
Unique Binding	NOT Bound Only	K562	SERBP1_2	0.01	0	0.0	0	0.0	0	0.0		
Unique Binding	NOT Bound Only	K562	SERBP1_2	0.1	0	0.0	0	0.0	0	0.0		
Unique Binding	NOT Bound Only	K562	SERBP1_3	0.0	152025	100.0	152025	24.438514708784407	0	0.0	24.438514708784407	1.0
Unique Binding	NOT Bound Only	K562	SERBP1_3	1e-05	152025	100.0	152025	24.438514708784407	0	0.0	24.438514708784407	1.0
Unique Binding	NOT Bound Only	K562	SERBP1_3	0.0001	121880	80.17102450254893	121880	21.969232231158273	0	0.0	21.969232231158273	1.0
Unique Binding	NOT Bound Only	K562	SERBP1_3	0.001	0	0.0	0	0.0	0	0.0		
Unique Binding	NOT Bound Only	K562	SERBP1_3	0.01	0	0.0	0	0.0	0	0.0		
Unique Binding	NOT Bound Only	K562	SERBP1_3	0.1	0	0.0	0	0.0	0	0.0		
Unique Binding	NOT Bound Only	K562	SERBP1_4	0.0	0	0.0	0	0.0	0	0.0		
Unique Binding	NOT Bound Only	K562	SERBP1_4	1e-05	0	0.0	0	0.0	0	0.0		
Unique Binding	NOT Bound Only	K562	SERBP1_4	0.0001	0	0.0	0	0.0	0	0.0		
Unique Binding	NOT Bound Only	K562	SERBP1_4	0.001	0	0.0	0	0.0	0	0.0		
Unique Binding	NOT Bound Only	K562	SERBP1_4	0.01	0	0.0	0	0.0	0	0.0		
Unique Binding	NOT Bound Only	K562	SERBP1_4	0.1	0	0.0	0	0.0	0	0.0		
Unique Binding	NOT Bound Only	K562	SERBP1_5	0.0	152080	100.0	152080	147.77297450726786	0	0.0	147.77297450726786	1.0
Unique Binding	NOT Bound Only	K562	SERBP1_5	1e-05	152080	100.0	152080	147.77297450726786	0	0.0	147.77297450726786	1.0
Unique Binding	NOT Bound Only	K562	SERBP1_5	0.0001	152080	100.0	152080	147.77297450726786	0	0.0	147.77297450726786	1.0
Unique Binding	NOT Bound Only	K562	SERBP1_5	0.001	64516	42.422409258285114	64516	86.51651379074178	0	0.0	86.51651379074178	1.0
Unique Binding	NOT Bound Only	K562	SERBP1_5	0.01	0	0.0	0	0.0	0	0.0		
Unique Binding	NOT Bound Only	K562	SERBP1_5	0.1	0	0.0	0	0.0	0	0.0		
Unique Binding	NOT Bound Only	K562	SERBP1_6	0.0	0	0.0	0	0.0	0	0.0		
Unique Binding	NOT Bound Only	K562	SERBP1_6	1e-05	0	0.0	0	0.0	0	0.0		
Unique Binding	NOT Bound Only	K562	SERBP1_6	0.0001	0	0.0	0	0.0	0	0.0		
Unique Binding	NOT Bound Only	K562	SERBP1_6	0.001	0	0.0	0	0.0	0	0.0		
Unique Binding	NOT Bound Only	K562	SERBP1_6	0.01	0	0.0	0	0.0	0	0.0		
Unique Binding	NOT Bound Only	K562	SERBP1_6	0.1	0	0.0	0	0.0	0	0.0		
Unique Binding	NOT Bound Only	K562	SF3B1_1	0.0	0	0.0	0	0.0	0	0.0		
Unique Binding	NOT Bound Only	K562	SF3B1_1	1e-05	0	0.0	0	0.0	0	0.0		
Unique Binding	NOT Bound Only	K562	SF3B1_1	0.0001	0	0.0	0	0.0	0	0.0		
Unique Binding	NOT Bound Only	K562	SF3B1_1	0.001	0	0.0	0	0.0	0	0.0		
Unique Binding	NOT Bound Only	K562	SF3B1_1	0.01	0	0.0	0	0.0	0	0.0		
Unique Binding	NOT Bound Only	K562	SF3B1_1	0.1	0	0.0	0	0.0	0	0.0		
Unique Binding	NOT Bound Only	K562	SF3B1_2	0.0	0	0.0	0	0.0	0	0.0		
Unique Binding	NOT Bound Only	K562	SF3B1_2	1e-05	0	0.0	0	0.0	0	0.0		
Unique Binding	NOT Bound Only	K562	SF3B1_2	0.0001	0	0.0	0	0.0	0	0.0		
Unique Binding	NOT Bound Only	K562	SF3B1_2	0.001	0	0.0	0	0.0	0	0.0		
Unique Binding	NOT Bound Only	K562	SF3B1_2	0.01	0	0.0	0	0.0	0	0.0		
Unique Binding	NOT Bound Only	K562	SF3B1_2	0.1	0	0.0	0	0.0	0	0.0		
Unique Binding	NOT Bound Only	K562	SF3B1_3	0.0	0	0.0	0	0.0	0	0.0		
Unique Binding	NOT Bound Only	K562	SF3B1_3	1e-05	0	0.0	0	0.0	0	0.0		
Unique Binding	NOT Bound Only	K562	SF3B1_3	0.0001	0	0.0	0	0.0	0	0.0		
Unique Binding	NOT Bound Only	K562	SF3B1_3	0.001	0	0.0	0	0.0	0	0.0		
Unique Binding	NOT Bound Only	K562	SF3B1_3	0.01	0	0.0	0	0.0	0	0.0		
Unique Binding	NOT Bound Only	K562	SF3B1_3	0.1	0	0.0	0	0.0	0	0.0		
Unique Binding	NOT Bound Only	K562	SF3B1_4	0.0	0	0.0	0	0.0	0	0.0		
Unique Binding	NOT Bound Only	K562	SF3B1_4	1e-05	0	0.0	0	0.0	0	0.0		
Unique Binding	NOT Bound Only	K562	SF3B1_4	0.0001	0	0.0	0	0.0	0	0.0		
Unique Binding	NOT Bound Only	K562	SF3B1_4	0.001	0	0.0	0	0.0	0	0.0		
Unique Binding	NOT Bound Only	K562	SF3B1_4	0.01	0	0.0	0	0.0	0	0.0		
Unique Binding	NOT Bound Only	K562	SF3B1_4	0.1	0	0.0	0	0.0	0	0.0		
Unique Binding	NOT Bound Only	K562	SF3B1_5	0.0	0	0.0	0	0.0	0	0.0		
Unique Binding	NOT Bound Only	K562	SF3B1_5	1e-05	0	0.0	0	0.0	0	0.0		
Unique Binding	NOT Bound Only	K562	SF3B1_5	0.0001	0	0.0	0	0.0	0	0.0		
Unique Binding	NOT Bound Only	K562	SF3B1_5	0.001	0	0.0	0	0.0	0	0.0		
Unique Binding	NOT Bound Only	K562	SF3B1_5	0.01	0	0.0	0	0.0	0	0.0		
Unique Binding	NOT Bound Only	K562	SF3B1_5	0.1	0	0.0	0	0.0	0	0.0		
Unique Binding	NOT Bound Only	K562	SF3B1_6	0.0	0	0.0	0	0.0	0	0.0		
Unique Binding	NOT Bound Only	K562	SF3B1_6	1e-05	0	0.0	0	0.0	0	0.0		
Unique Binding	NOT Bound Only	K562	SF3B1_6	0.0001	0	0.0	0	0.0	0	0.0		
Unique Binding	NOT Bound Only	K562	SF3B1_6	0.001	0	0.0	0	0.0	0	0.0		
Unique Binding	NOT Bound Only	K562	SF3B1_6	0.01	0	0.0	0	0.0	0	0.0		
Unique Binding	NOT Bound Only	K562	SF3B1_6	0.1	0	0.0	0	0.0	0	0.0		
Unique Binding	NOT Bound Only	K562	SF3B4_1	0.0	133648	100.0	7292	2.917623622792255	126356	-33.1769243835696	-30.259300760777343	-0.8383343865517856
Unique Binding	NOT Bound Only	K562	SF3B4_1	1e-05	131956	98.73398778881838	6522	2.9138800079183476	125434	-33.17226433272913	-30.25838432481078	-0.838504220322804
Unique Binding	NOT Bound Only	K562	SF3B4_1	0.0001	105117	78.65213097090866	3652	2.781542831397492	101465	-31.575389813272103	-28.793846981874612	-0.8380796760778909
Unique Binding	NOT Bound Only	K562	SF3B4_1	0.001	3047	2.2798695079612115	878	1.8102613932252671	2169	-3.5310584832656096	-1.7207970900403424	-0.32216701673573356
Unique Binding	NOT Bound Only	K562	SF3B4_1	0.01	1	0.0007482341673650185	1	0.01022582839818775	0	0.0	0.01022582839818775	1.0
Unique Binding	NOT Bound Only	K562	SF3B4_1	0.1	0	0.0	0	0.0	0	0.0		
Unique Binding	NOT Bound Only	K562	SF3B4_2	0.0	148770	100.0	148770	51.51073205817576	0	0.0	51.51073205817576	1.0
Unique Binding	NOT Bound Only	K562	SF3B4_2	1e-05	148770	100.0	148770	51.51073205817576	0	0.0	51.51073205817576	1.0
Unique Binding	NOT Bound Only	K562	SF3B4_2	0.0001	141550	95.14687100893997	141550	50.91129711533393	0	0.0	50.91129711533393	1.0
Unique Binding	NOT Bound Only	K562	SF3B4_2	0.001	1963	1.319486455602608	1963	2.2379691093638696	0	0.0	2.2379691093638696	1.0
Unique Binding	NOT Bound Only	K562	SF3B4_2	0.01	0	0.0	0	0.0	0	0.0		
Unique Binding	NOT Bound Only	K562	SF3B4_2	0.1	0	0.0	0	0.0	0	0.0		
Unique Binding	NOT Bound Only	K562	SF3B4_3	0.0	128354	100.0	1	2.7249366944572947e-06	128353	-1438.5940877370556	-1438.594085012119	-0.9999999962116671
Unique Binding	NOT Bound Only	K562	SF3B4_3	1e-05	128353	99.99922090468549	0	0.0	128353	-1438.5940877370556	-1438.5940877370556	-1.0
Unique Binding	NOT Bound Only	K562	SF3B4_3	0.0001	128353	99.99922090468549	0	0.0	128353	-1438.5940877370556	-1438.5940877370556	-1.0
Unique Binding	NOT Bound Only	K562	SF3B4_3	0.001	126677	98.69345715754866	0	0.0	126677	-1437.2372953340641	-1437.2372953340641	-1.0
Unique Binding	NOT Bound Only	K562	SF3B4_3	0.01	52530	40.925876871776495	0	0.0	52530	-1081.6372321449694	-1081.6372321449694	-1.0
Unique Binding	NOT Bound Only	K562	SF3B4_3	0.1	0	0.0	0	0.0	0	0.0		
Unique Binding	NOT Bound Only	K562	SF3B4_4	0.0	148968	100.0	148968	65.32509807996983	0	0.0	65.32509807996983	1.0
Unique Binding	NOT Bound Only	K562	SF3B4_4	1e-05	148968	100.0	148968	65.32509807996983	0	0.0	65.32509807996983	1.0
Unique Binding	NOT Bound Only	K562	SF3B4_4	0.0001	148941	99.9818753020783	148941	65.32264902744295	0	0.0	65.32264902744295	1.0
Unique Binding	NOT Bound Only	K562	SF3B4_4	0.001	173	0.11613232372053059	173	0.19180973379317473	0	0.0	0.19180973379317473	1.0
Unique Binding	NOT Bound Only	K562	SF3B4_4	0.01	0	0.0	0	0.0	0	0.0		
Unique Binding	NOT Bound Only	K562	SF3B4_4	0.1	0	0.0	0	0.0	0	0.0		
Unique Binding	NOT Bound Only	K562	SF3B4_5	0.0	116133	100.0	115892	438.31126046594596	241	-0.3391125774881528	437.9721478884578	0.9984538365936619
Unique Binding	NOT Bound Only	K562	SF3B4_5	1e-05	116131	99.99827783661836	115891	438.31125716900635	240	-0.3391093048825669	437.97214786412377	0.998453851491754
Unique Binding	NOT Bound Only	K562	SF3B4_5	0.0001	116079	99.95350158869572	115868	438.3099405240063	211	-0.33743465543782514	437.9725058685685	0.9984614764636409
Unique Binding	NOT Bound Only	K562	SF3B4_5	0.001	113019	97.3185916147865	112927	436.04304285672885	92	-0.291907996371565	435.7511348603573	0.9986620003930429
Unique Binding	NOT Bound Only	K562	SF3B4_5	0.01	975	0.8395546485495078	975	11.383829590890738	0	0.0	11.383829590890738	1.0
Unique Binding	NOT Bound Only	K562	SF3B4_5	0.1	0	0.0	0	0.0	0	0.0		
Unique Binding	NOT Bound Only	K562	SF3B4_6	0.0	149504	100.0	32310	1.0923662546818997	117194	-0.4844133038803784	0.6079529508015213	0.38556623054896677
Unique Binding	NOT Bound Only	K562	SF3B4_6	1e-05	23156	15.488548801369864	16159	1.0460665844826607	6997	-0.12642728387057683	0.9196393006120838	0.7843446566622246
Unique Binding	NOT Bound Only	K562	SF3B4_6	0.0001	3213	2.1491063784246576	3061	0.5151468717468146	152	-0.02166825942266487	0.49347861232414975	0.9192710556594801
Unique Binding	NOT Bound Only	K562	SF3B4_6	0.001	0	0.0	0	0.0	0	0.0		
Unique Binding	NOT Bound Only	K562	SF3B4_6	0.01	0	0.0	0	0.0	0	0.0		
Unique Binding	NOT Bound Only	K562	SF3B4_6	0.1	0	0.0	0	0.0	0	0.0		
Unique Binding	NOT Bound Only	K562	SLBP_1	0.0	0	0.0	0	0.0	0	0.0		
Unique Binding	NOT Bound Only	K562	SLBP_1	1e-05	0	0.0	0	0.0	0	0.0		
Unique Binding	NOT Bound Only	K562	SLBP_1	0.0001	0	0.0	0	0.0	0	0.0		
Unique Binding	NOT Bound Only	K562	SLBP_1	0.001	0	0.0	0	0.0	0	0.0		
Unique Binding	NOT Bound Only	K562	SLBP_1	0.01	0	0.0	0	0.0	0	0.0		
Unique Binding	NOT Bound Only	K562	SLBP_1	0.1	0	0.0	0	0.0	0	0.0		
Unique Binding	NOT Bound Only	K562	SLBP_2	0.0	0	0.0	0	0.0	0	0.0		
Unique Binding	NOT Bound Only	K562	SLBP_2	1e-05	0	0.0	0	0.0	0	0.0		
Unique Binding	NOT Bound Only	K562	SLBP_2	0.0001	0	0.0	0	0.0	0	0.0		
Unique Binding	NOT Bound Only	K562	SLBP_2	0.001	0	0.0	0	0.0	0	0.0		
Unique Binding	NOT Bound Only	K562	SLBP_2	0.01	0	0.0	0	0.0	0	0.0		
Unique Binding	NOT Bound Only	K562	SLBP_2	0.1	0	0.0	0	0.0	0	0.0		
Unique Binding	NOT Bound Only	K562	SLBP_3	0.0	0	0.0	0	0.0	0	0.0		
Unique Binding	NOT Bound Only	K562	SLBP_3	1e-05	0	0.0	0	0.0	0	0.0		
Unique Binding	NOT Bound Only	K562	SLBP_3	0.0001	0	0.0	0	0.0	0	0.0		
Unique Binding	NOT Bound Only	K562	SLBP_3	0.001	0	0.0	0	0.0	0	0.0		
Unique Binding	NOT Bound Only	K562	SLBP_3	0.01	0	0.0	0	0.0	0	0.0		
Unique Binding	NOT Bound Only	K562	SLBP_3	0.1	0	0.0	0	0.0	0	0.0		
Unique Binding	NOT Bound Only	K562	SLBP_4	0.0	0	0.0	0	0.0	0	0.0		
Unique Binding	NOT Bound Only	K562	SLBP_4	1e-05	0	0.0	0	0.0	0	0.0		
Unique Binding	NOT Bound Only	K562	SLBP_4	0.0001	0	0.0	0	0.0	0	0.0		
Unique Binding	NOT Bound Only	K562	SLBP_4	0.001	0	0.0	0	0.0	0	0.0		
Unique Binding	NOT Bound Only	K562	SLBP_4	0.01	0	0.0	0	0.0	0	0.0		
Unique Binding	NOT Bound Only	K562	SLBP_4	0.1	0	0.0	0	0.0	0	0.0		
Unique Binding	NOT Bound Only	K562	SLBP_5	0.0	0	0.0	0	0.0	0	0.0		
Unique Binding	NOT Bound Only	K562	SLBP_5	1e-05	0	0.0	0	0.0	0	0.0		
Unique Binding	NOT Bound Only	K562	SLBP_5	0.0001	0	0.0	0	0.0	0	0.0		
Unique Binding	NOT Bound Only	K562	SLBP_5	0.001	0	0.0	0	0.0	0	0.0		
Unique Binding	NOT Bound Only	K562	SLBP_5	0.01	0	0.0	0	0.0	0	0.0		
Unique Binding	NOT Bound Only	K562	SLBP_5	0.1	0	0.0	0	0.0	0	0.0		
Unique Binding	NOT Bound Only	K562	SLBP_6	0.0	0	0.0	0	0.0	0	0.0		
Unique Binding	NOT Bound Only	K562	SLBP_6	1e-05	0	0.0	0	0.0	0	0.0		
Unique Binding	NOT Bound Only	K562	SLBP_6	0.0001	0	0.0	0	0.0	0	0.0		
Unique Binding	NOT Bound Only	K562	SLBP_6	0.001	0	0.0	0	0.0	0	0.0		
Unique Binding	NOT Bound Only	K562	SLBP_6	0.01	0	0.0	0	0.0	0	0.0		
Unique Binding	NOT Bound Only	K562	SLBP_6	0.1	0	0.0	0	0.0	0	0.0		
Unique Binding	NOT Bound Only	K562	SLTM_1	0.0	151863	100.0	0	0.0	151863	-49.15650291655748	-49.15650291655748	-1.0
Unique Binding	NOT Bound Only	K562	SLTM_1	1e-05	151863	100.0	0	0.0	151863	-49.15650291655748	-49.15650291655748	-1.0
Unique Binding	NOT Bound Only	K562	SLTM_1	0.0001	145919	96.08594588543622	0	0.0	145919	-48.673949265359255	-48.673949265359255	-1.0
Unique Binding	NOT Bound Only	K562	SLTM_1	0.001	0	0.0	0	0.0	0	0.0		
Unique Binding	NOT Bound Only	K562	SLTM_1	0.01	0	0.0	0	0.0	0	0.0		
Unique Binding	NOT Bound Only	K562	SLTM_1	0.1	0	0.0	0	0.0	0	0.0		
Unique Binding	NOT Bound Only	K562	SLTM_2	0.0	3340	2.2015252483307295	3313	0.02956329583152357	27	-1.5730341087844774e-05	0.029547565490435725	0.9989363854647514
Unique Binding	NOT Bound Only	K562	SLTM_2	1e-05	1079	0.7112113002840891	1079	0.017611853798336862	0	0.0	0.017611853798336862	1.0
Unique Binding	NOT Bound Only	K562	SLTM_2	0.0001	0	0.0	0	0.0	0	0.0		
Unique Binding	NOT Bound Only	K562	SLTM_2	0.001	0	0.0	0	0.0	0	0.0		
Unique Binding	NOT Bound Only	K562	SLTM_2	0.01	0	0.0	0	0.0	0	0.0		
Unique Binding	NOT Bound Only	K562	SLTM_2	0.1	0	0.0	0	0.0	0	0.0		
Unique Binding	NOT Bound Only	K562	SLTM_3	0.0	0	0.0	0	0.0	0	0.0		
Unique Binding	NOT Bound Only	K562	SLTM_3	1e-05	0	0.0	0	0.0	0	0.0		
Unique Binding	NOT Bound Only	K562	SLTM_3	0.0001	0	0.0	0	0.0	0	0.0		
Unique Binding	NOT Bound Only	K562	SLTM_3	0.001	0	0.0	0	0.0	0	0.0		
Unique Binding	NOT Bound Only	K562	SLTM_3	0.01	0	0.0	0	0.0	0	0.0		
Unique Binding	NOT Bound Only	K562	SLTM_3	0.1	0	0.0	0	0.0	0	0.0		
Unique Binding	NOT Bound Only	K562	SLTM_4	0.0	151969	100.0	151968	2.308553246405154	1	-6.231955246833598e-07	2.3085526232096294	0.9999994600987807
Unique Binding	NOT Bound Only	K562	SLTM_4	1e-05	136368	89.73409050530043	136368	2.1708313656749048	0	0.0	2.1708313656749048	1.0
Unique Binding	NOT Bound Only	K562	SLTM_4	0.0001	181	0.1191032381604143	181	0.0342524327402491	0	0.0	0.0342524327402491	1.0
Unique Binding	NOT Bound Only	K562	SLTM_4	0.001	0	0.0	0	0.0	0	0.0		
Unique Binding	NOT Bound Only	K562	SLTM_4	0.01	0	0.0	0	0.0	0	0.0		
Unique Binding	NOT Bound Only	K562	SLTM_4	0.1	0	0.0	0	0.0	0	0.0		
Unique Binding	NOT Bound Only	K562	SLTM_5	0.0	0	0.0	0	0.0	0	0.0		
Unique Binding	NOT Bound Only	K562	SLTM_5	1e-05	0	0.0	0	0.0	0	0.0		
Unique Binding	NOT Bound Only	K562	SLTM_5	0.0001	0	0.0	0	0.0	0	0.0		
Unique Binding	NOT Bound Only	K562	SLTM_5	0.001	0	0.0	0	0.0	0	0.0		
Unique Binding	NOT Bound Only	K562	SLTM_5	0.01	0	0.0	0	0.0	0	0.0		
Unique Binding	NOT Bound Only	K562	SLTM_5	0.1	0	0.0	0	0.0	0	0.0		
Unique Binding	NOT Bound Only	K562	SLTM_6	0.0	0	0.0	0	0.0	0	0.0		
Unique Binding	NOT Bound Only	K562	SLTM_6	1e-05	0	0.0	0	0.0	0	0.0		
Unique Binding	NOT Bound Only	K562	SLTM_6	0.0001	0	0.0	0	0.0	0	0.0		
Unique Binding	NOT Bound Only	K562	SLTM_6	0.001	0	0.0	0	0.0	0	0.0		
Unique Binding	NOT Bound Only	K562	SLTM_6	0.01	0	0.0	0	0.0	0	0.0		
Unique Binding	NOT Bound Only	K562	SLTM_6	0.1	0	0.0	0	0.0	0	0.0		
Unique Binding	NOT Bound Only	K562	SMNDC1_1	0.0	32117	21.439204298921933	30220	0.16564684868255658	1897	-0.020152107446134045	0.14549474123642253	0.7830762038062687
Unique Binding	NOT Bound Only	K562	SMNDC1_1	1e-05	5820	3.885050565735456	5193	0.10231170995396979	627	-0.016184380408545397	0.0861273295454244	0.7268368878832626
Unique Binding	NOT Bound Only	K562	SMNDC1_1	0.0001	3	0.0020026033843997195	3	0.0003688032830770749	0	0.0	0.0003688032830770749	1.0
Unique Binding	NOT Bound Only	K562	SMNDC1_1	0.001	0	0.0	0	0.0	0	0.0		
Unique Binding	NOT Bound Only	K562	SMNDC1_1	0.01	0	0.0	0	0.0	0	0.0		
Unique Binding	NOT Bound Only	K562	SMNDC1_1	0.1	0	0.0	0	0.0	0	0.0		
Unique Binding	NOT Bound Only	K562	SMNDC1_2	0.0	0	0.0	0	0.0	0	0.0		
Unique Binding	NOT Bound Only	K562	SMNDC1_2	1e-05	0	0.0	0	0.0	0	0.0		
Unique Binding	NOT Bound Only	K562	SMNDC1_2	0.0001	0	0.0	0	0.0	0	0.0		
Unique Binding	NOT Bound Only	K562	SMNDC1_2	0.001	0	0.0	0	0.0	0	0.0		
Unique Binding	NOT Bound Only	K562	SMNDC1_2	0.01	0	0.0	0	0.0	0	0.0		
Unique Binding	NOT Bound Only	K562	SMNDC1_2	0.1	0	0.0	0	0.0	0	0.0		
Unique Binding	NOT Bound Only	K562	SMNDC1_3	0.0	0	0.0	0	0.0	0	0.0		
Unique Binding	NOT Bound Only	K562	SMNDC1_3	1e-05	0	0.0	0	0.0	0	0.0		
Unique Binding	NOT Bound Only	K562	SMNDC1_3	0.0001	0	0.0	0	0.0	0	0.0		
Unique Binding	NOT Bound Only	K562	SMNDC1_3	0.001	0	0.0	0	0.0	0	0.0		
Unique Binding	NOT Bound Only	K562	SMNDC1_3	0.01	0	0.0	0	0.0	0	0.0		
Unique Binding	NOT Bound Only	K562	SMNDC1_3	0.1	0	0.0	0	0.0	0	0.0		
Unique Binding	NOT Bound Only	K562	SMNDC1_4	0.0	151277	100.0	151277	85.66489586312596	0	0.0	85.66489586312596	1.0
Unique Binding	NOT Bound Only	K562	SMNDC1_4	1e-05	151277	100.0	151277	85.66489586312596	0	0.0	85.66489586312596	1.0
Unique Binding	NOT Bound Only	K562	SMNDC1_4	0.0001	151277	100.0	151277	85.66489586312596	0	0.0	85.66489586312596	1.0
Unique Binding	NOT Bound Only	K562	SMNDC1_4	0.001	4790	3.16637691122907	4790	4.983724735988124	0	0.0	4.983724735988124	1.0
Unique Binding	NOT Bound Only	K562	SMNDC1_4	0.01	0	0.0	0	0.0	0	0.0		
Unique Binding	NOT Bound Only	K562	SMNDC1_4	0.1	0	0.0	0	0.0	0	0.0		
Unique Binding	NOT Bound Only	K562	SMNDC1_5	0.0	147935	100.0	137867	4.921855854057575	10068	-1.2992266908341923	3.6226291632233822	0.582314916589233
Unique Binding	NOT Bound Only	K562	SMNDC1_5	1e-05	143947	97.30422144860918	135611	4.90826353770727	8336	-1.2905640083330072	3.6176995293742626	0.583610287994735
Unique Binding	NOT Bound Only	K562	SMNDC1_5	0.0001	4490	3.0351167742589653	1571	0.2270597731101164	2919	-1.080162571178015	-0.8531027980678986	-0.6526072643995916
Unique Binding	NOT Bound Only	K562	SMNDC1_5	0.001	253	0.17102105654510427	0	0.0	253	-0.2972472225700622	-0.2972472225700622	-1.0
Unique Binding	NOT Bound Only	K562	SMNDC1_5	0.01	0	0.0	0	0.0	0	0.0		
Unique Binding	NOT Bound Only	K562	SMNDC1_5	0.1	0	0.0	0	0.0	0	0.0		
Unique Binding	NOT Bound Only	K562	SMNDC1_6	0.0	0	0.0	0	0.0	0	0.0		
Unique Binding	NOT Bound Only	K562	SMNDC1_6	1e-05	0	0.0	0	0.0	0	0.0		
Unique Binding	NOT Bound Only	K562	SMNDC1_6	0.0001	0	0.0	0	0.0	0	0.0		
Unique Binding	NOT Bound Only	K562	SMNDC1_6	0.001	0	0.0	0	0.0	0	0.0		
Unique Binding	NOT Bound Only	K562	SMNDC1_6	0.01	0	0.0	0	0.0	0	0.0		
Unique Binding	NOT Bound Only	K562	SMNDC1_6	0.1	0	0.0	0	0.0	0	0.0		
Unique Binding	NOT Bound Only	K562	SND1_1	0.0	149272	100.0	149203	20.943613004722838	69	-0.0014981739010700562	20.94211483082177	0.9998569428552283
Unique Binding	NOT Bound Only	K562	SND1_1	1e-05	148490	99.47612412240741	148462	20.938597809736294	28	-0.0014170097159388946	20.937180800020354	0.99986466010381
Unique Binding	NOT Bound Only	K562	SND1_1	0.0001	71259	47.737686907122566	71255	16.623229856327576	4	-0.000494354655094707	16.62273550167248	0.999940524199172
Unique Binding	NOT Bound Only	K562	SND1_1	0.001	145	0.09713811029529985	145	0.16182300341604866	0	0.0	0.16182300341604866	1.0
Unique Binding	NOT Bound Only	K562	SND1_1	0.01	0	0.0	0	0.0	0	0.0		
Unique Binding	NOT Bound Only	K562	SND1_1	0.1	0	0.0	0	0.0	0	0.0		
Unique Binding	NOT Bound Only	K562	SND1_2	0.0	148304	100.0	135241	51.148706334186684	13063	-1.1293965359330378	50.019309798253644	0.9567927497775149
Unique Binding	NOT Bound Only	K562	SND1_2	1e-05	147011	99.12814219441148	134780	51.14661817854861	12231	-1.1247465545795436	50.02187162396906	0.9569650970346021
Unique Binding	NOT Bound Only	K562	SND1_2	0.0001	122588	82.65994174128816	118900	50.00299139933242	3688	-0.6859707424598481	49.31702065687257	0.972934117666841
Unique Binding	NOT Bound Only	K562	SND1_2	0.001	7854	5.29587873557018	7854	11.08435220000015	0	0.0	11.08435220000015	1.0
Unique Binding	NOT Bound Only	K562	SND1_2	0.01	0	0.0	0	0.0	0	0.0		
Unique Binding	NOT Bound Only	K562	SND1_2	0.1	0	0.0	0	0.0	0	0.0		
Unique Binding	NOT Bound Only	K562	SND1_3	0.0	148458	100.0	0	0.0	148458	-227.51590675736875	-227.51590675736875	-1.0
Unique Binding	NOT Bound Only	K562	SND1_3	1e-05	148456	99.99865281763192	0	0.0	148456	-227.51588864339803	-227.51588864339803	-1.0
Unique Binding	NOT Bound Only	K562	SND1_3	0.0001	145858	98.24866292149969	0	0.0	145858	-227.323916414852	-227.323916414852	-1.0
Unique Binding	NOT Bound Only	K562	SND1_3	0.001	70684	47.61211925258323	0	0.0	70684	-192.37682073669686	-192.37682073669686	-1.0
Unique Binding	NOT Bound Only	K562	SND1_3	0.01	0	0.0	0	0.0	0	0.0		
Unique Binding	NOT Bound Only	K562	SND1_3	0.1	0	0.0	0	0.0	0	0.0		
Unique Binding	NOT Bound Only	K562	SND1_4	0.0	147476	100.0	0	0.0	147476	-553.2917603547384	-553.2917603547384	-1.0
Unique Binding	NOT Bound Only	K562	SND1_4	1e-05	147476	100.0	0	0.0	147476	-553.2917603547384	-553.2917603547384	-1.0
Unique Binding	NOT Bound Only	K562	SND1_4	0.0001	147476	100.0	0	0.0	147476	-553.2917603547384	-553.2917603547384	-1.0
Unique Binding	NOT Bound Only	K562	SND1_4	0.001	123613	83.81906208467818	0	0.0	123613	-536.1324713999554	-536.1324713999554	-1.0
Unique Binding	NOT Bound Only	K562	SND1_4	0.01	7330	4.970300252244432	0	0.0	7330	-82.65051101939179	-82.65051101939179	-1.0
Unique Binding	NOT Bound Only	K562	SND1_4	0.1	0	0.0	0	0.0	0	0.0		
Unique Binding	NOT Bound Only	K562	SND1_5	0.0	147339	100.0	10316	0.37707815966520725	137023	-23.52545865875495	-23.148380499089743	-0.968448691238947
Unique Binding	NOT Bound Only	K562	SND1_5	1e-05	140817	95.57347341844317	5766	0.359109176213518	135051	-23.520062439177295	-23.160953262963776	-0.9699228112266622
Unique Binding	NOT Bound Only	K562	SND1_5	0.0001	98674	66.97072737021426	1005	0.19798737587260914	97669	-20.89256353550858	-20.694576159635968	-0.9812250161975835
Unique Binding	NOT Bound Only	K562	SND1_5	0.001	101	0.06854939968372258	0	0.0	101	-0.1282902381439672	-0.1282902381439672	-1.0
Unique Binding	NOT Bound Only	K562	SND1_5	0.01	0	0.0	0	0.0	0	0.0		
Unique Binding	NOT Bound Only	K562	SND1_5	0.1	0	0.0	0	0.0	0	0.0		
Unique Binding	NOT Bound Only	K562	SND1_6	0.0	147659	100.0	60881	7.0891936638138455	86778	-3.0366931183887886	4.052500545425056	0.4002119155181326
Unique Binding	NOT Bound Only	K562	SND1_6	1e-05	68089	46.11232637360405	33509	6.974998912137569	34580	-2.8452149070513926	4.129784005086177	0.42053911260226007
Unique Binding	NOT Bound Only	K562	SND1_6	0.0001	25402	17.20315050217054	19959	6.335588629076518	5443	-1.8322619772304223	4.503326651846097	0.5513478231799169
Unique Binding	NOT Bound Only	K562	SND1_6	0.001	807	0.5465295037891358	372	0.7509384967103782	435	-0.6765641591394822	0.07437433757089595	0.052101015200295635
Unique Binding	NOT Bound Only	K562	SND1_6	0.01	0	0.0	0	0.0	0	0.0		
Unique Binding	NOT Bound Only	K562	SND1_6	0.1	0	0.0	0	0.0	0	0.0		
Unique Binding	NOT Bound Only	K562	SRSF1_1	0.0	148834	100.0	148833	49.26435151357129	1	-8.38186242349323e-06	49.26434313170887	0.9999996597190164
Unique Binding	NOT Bound Only	K562	SRSF1_1	1e-05	148821	99.99126543666098	148821	49.264277741329686	0	0.0	49.264277741329686	1.0
Unique Binding	NOT Bound Only	K562	SRSF1_1	0.0001	133501	89.69791848636737	133501	48.09508934479928	0	0.0	48.09508934479928	1.0
Unique Binding	NOT Bound Only	K562	SRSF1_1	0.001	1641	1.102570649179623	1641	1.851653115362062	0	0.0	1.851653115362062	1.0
Unique Binding	NOT Bound Only	K562	SRSF1_1	0.01	0	0.0	0	0.0	0	0.0		
Unique Binding	NOT Bound Only	K562	SRSF1_1	0.1	0	0.0	0	0.0	0	0.0		
Unique Binding	NOT Bound Only	K562	SRSF1_2	0.0	147761	100.0	147519	63.25694479641634	242	-0.012809041049250743	63.24413575536709	0.9995950974905906
Unique Binding	NOT Bound Only	K562	SRSF1_2	1e-05	147593	99.88630288100379	147411	63.256363831842336	182	-0.01252673772839152	63.24383709411394	0.9996040158878835
Unique Binding	NOT Bound Only	K562	SRSF1_2	0.0001	143553	97.15215787657094	143518	62.99088093482802	35	-0.006831179673958793	62.98404975515406	0.999783129277408
Unique Binding	NOT Bound Only	K562	SRSF1_2	0.001	3751	2.538558889016723	3751	4.45964916027879	0	0.0	4.45964916027879	1.0
Unique Binding	NOT Bound Only	K562	SRSF1_2	0.01	0	0.0	0	0.0	0	0.0		
Unique Binding	NOT Bound Only	K562	SRSF1_2	0.1	0	0.0	0	0.0	0	0.0		
Unique Binding	NOT Bound Only	K562	SRSF1_3	0.0	149016	100.0	1	3.443538303122715e-05	149015	-78.73292026850254	-78.73288583311951	-0.9999991252612541
Unique Binding	NOT Bound Only	K562	SRSF1_3	1e-05	149016	100.0	1	3.443538303122715e-05	149015	-78.73292026850254	-78.73288583311951	-0.9999991252612541
Unique Binding	NOT Bound Only	K562	SRSF1_3	0.0001	138968	93.25709990873463	0	0.0	138968	-77.98625775916388	-77.98625775916388	-1.0
Unique Binding	NOT Bound Only	K562	SRSF1_3	0.001	25334	17.000858968164493	0	0.0	25334	-31.9448830920743	-31.9448830920743	-1.0
Unique Binding	NOT Bound Only	K562	SRSF1_3	0.01	0	0.0	0	0.0	0	0.0		
Unique Binding	NOT Bound Only	K562	SRSF1_3	0.1	0	0.0	0	0.0	0	0.0		
Unique Binding	NOT Bound Only	K562	SRSF1_4	0.0	148650	100.0	2	0.00024829946238654296	148648	-185.10134143031343	-185.10109313085104	-0.9999973171547284
Unique Binding	NOT Bound Only	K562	SRSF1_4	1e-05	148649	99.99932727884293	2	0.00024829946238654296	148647	-185.10133696465456	-185.10108866519218	-0.9999973171546637
Unique Binding	NOT Bound Only	K562	SRSF1_4	0.0001	147335	99.11537167843929	1	0.00016650111484034947	147334	-185.0029673507187	-185.00280084960386	-0.9999982000184389
Unique Binding	NOT Bound Only	K562	SRSF1_4	0.001	68142	45.84056508577194	0	0.0	68142	-143.65985609452437	-143.65985609452437	-1.0
Unique Binding	NOT Bound Only	K562	SRSF1_4	0.01	0	0.0	0	0.0	0	0.0		
Unique Binding	NOT Bound Only	K562	SRSF1_4	0.1	0	0.0	0	0.0	0	0.0		
Unique Binding	NOT Bound Only	K562	SRSF1_5	0.0	147940	100.0	145844	18.85662883263681	2096	-0.075663022426643	18.78096581021017	0.9920069875315802
Unique Binding	NOT Bound Only	K562	SRSF1_5	1e-05	146119	98.7690955792889	144726	18.850854047684347	1393	-0.07234073391115602	18.778513313773193	0.992354278995055
Unique Binding	NOT Bound Only	K562	SRSF1_5	0.0001	80954	54.7208327700419	80762	14.60713645035273	192	-0.029783459889919296	14.57735299046281	0.9959303651215474
Unique Binding	NOT Bound Only	K562	SRSF1_5	0.001	3	0.002027849128024875	3	0.004289997404352406	0	0.0	0.004289997404352406	1.0
Unique Binding	NOT Bound Only	K562	SRSF1_5	0.01	0	0.0	0	0.0	0	0.0		
Unique Binding	NOT Bound Only	K562	SRSF1_5	0.1	0	0.0	0	0.0	0	0.0		
Unique Binding	NOT Bound Only	K562	SRSF1_6	0.0	70465	47.54851682906421	52940	2.172103590323045	17525	-0.5005406531335872	1.6715629371894578	0.6254341337354956
Unique Binding	NOT Bound Only	K562	SRSF1_6	1e-05	43763	29.530486652811145	32573	2.1038115204447116	11190	-0.47647466268928806	1.6273368577554237	0.6306807626194667
Unique Binding	NOT Bound Only	K562	SRSF1_6	0.0001	7213	4.867202893465411	6212	1.0584890255195227	1001	-0.15007273752496633	0.9084162879945564	0.7516506940498962
Unique Binding	NOT Bound Only	K562	SRSF1_6	0.001	0	0.0	0	0.0	0	0.0		
Unique Binding	NOT Bound Only	K562	SRSF1_6	0.01	0	0.0	0	0.0	0	0.0		
Unique Binding	NOT Bound Only	K562	SRSF1_6	0.1	0	0.0	0	0.0	0	0.0		
Unique Binding	NOT Bound Only	K562	SRSF7_1	0.0	0	0.0	0	0.0	0	0.0		
Unique Binding	NOT Bound Only	K562	SRSF7_1	1e-05	0	0.0	0	0.0	0	0.0		
Unique Binding	NOT Bound Only	K562	SRSF7_1	0.0001	0	0.0	0	0.0	0	0.0		
Unique Binding	NOT Bound Only	K562	SRSF7_1	0.001	0	0.0	0	0.0	0	0.0		
Unique Binding	NOT Bound Only	K562	SRSF7_1	0.01	0	0.0	0	0.0	0	0.0		
Unique Binding	NOT Bound Only	K562	SRSF7_1	0.1	0	0.0	0	0.0	0	0.0		
Unique Binding	NOT Bound Only	K562	SRSF7_2	0.0	0	0.0	0	0.0	0	0.0		
Unique Binding	NOT Bound Only	K562	SRSF7_2	1e-05	0	0.0	0	0.0	0	0.0		
Unique Binding	NOT Bound Only	K562	SRSF7_2	0.0001	0	0.0	0	0.0	0	0.0		
Unique Binding	NOT Bound Only	K562	SRSF7_2	0.001	0	0.0	0	0.0	0	0.0		
Unique Binding	NOT Bound Only	K562	SRSF7_2	0.01	0	0.0	0	0.0	0	0.0		
Unique Binding	NOT Bound Only	K562	SRSF7_2	0.1	0	0.0	0	0.0	0	0.0		
Unique Binding	NOT Bound Only	K562	SRSF7_3	0.0	0	0.0	0	0.0	0	0.0		
Unique Binding	NOT Bound Only	K562	SRSF7_3	1e-05	0	0.0	0	0.0	0	0.0		
Unique Binding	NOT Bound Only	K562	SRSF7_3	0.0001	0	0.0	0	0.0	0	0.0		
Unique Binding	NOT Bound Only	K562	SRSF7_3	0.001	0	0.0	0	0.0	0	0.0		
Unique Binding	NOT Bound Only	K562	SRSF7_3	0.01	0	0.0	0	0.0	0	0.0		
Unique Binding	NOT Bound Only	K562	SRSF7_3	0.1	0	0.0	0	0.0	0	0.0		
Unique Binding	NOT Bound Only	K562	SRSF7_4	0.0	151296	100.0	151296	21.959932014228308	0	0.0	21.959932014228308	1.0
Unique Binding	NOT Bound Only	K562	SRSF7_4	1e-05	150330	99.36151649746193	150330	21.951908383594287	0	0.0	21.951908383594287	1.0
Unique Binding	NOT Bound Only	K562	SRSF7_4	0.0001	73963	48.8862891285956	73963	18.08581411035017	0	0.0	18.08581411035017	1.0
Unique Binding	NOT Bound Only	K562	SRSF7_4	0.001	0	0.0	0	0.0	0	0.0		
Unique Binding	NOT Bound Only	K562	SRSF7_4	0.01	0	0.0	0	0.0	0	0.0		
Unique Binding	NOT Bound Only	K562	SRSF7_4	0.1	0	0.0	0	0.0	0	0.0		
Unique Binding	NOT Bound Only	K562	SRSF7_5	0.0	0	0.0	0	0.0	0	0.0		
Unique Binding	NOT Bound Only	K562	SRSF7_5	1e-05	0	0.0	0	0.0	0	0.0		
Unique Binding	NOT Bound Only	K562	SRSF7_5	0.0001	0	0.0	0	0.0	0	0.0		
Unique Binding	NOT Bound Only	K562	SRSF7_5	0.001	0	0.0	0	0.0	0	0.0		
Unique Binding	NOT Bound Only	K562	SRSF7_5	0.01	0	0.0	0	0.0	0	0.0		
Unique Binding	NOT Bound Only	K562	SRSF7_5	0.1	0	0.0	0	0.0	0	0.0		
Unique Binding	NOT Bound Only	K562	SRSF7_6	0.0	0	0.0	0	0.0	0	0.0		
Unique Binding	NOT Bound Only	K562	SRSF7_6	1e-05	0	0.0	0	0.0	0	0.0		
Unique Binding	NOT Bound Only	K562	SRSF7_6	0.0001	0	0.0	0	0.0	0	0.0		
Unique Binding	NOT Bound Only	K562	SRSF7_6	0.001	0	0.0	0	0.0	0	0.0		
Unique Binding	NOT Bound Only	K562	SRSF7_6	0.01	0	0.0	0	0.0	0	0.0		
Unique Binding	NOT Bound Only	K562	SRSF7_6	0.1	0	0.0	0	0.0	0	0.0		
Unique Binding	NOT Bound Only	K562	SRSF9_1	0.0	0	0.0	0	0.0	0	0.0		
Unique Binding	NOT Bound Only	K562	SRSF9_1	1e-05	0	0.0	0	0.0	0	0.0		
Unique Binding	NOT Bound Only	K562	SRSF9_1	0.0001	0	0.0	0	0.0	0	0.0		
Unique Binding	NOT Bound Only	K562	SRSF9_1	0.001	0	0.0	0	0.0	0	0.0		
Unique Binding	NOT Bound Only	K562	SRSF9_1	0.01	0	0.0	0	0.0	0	0.0		
Unique Binding	NOT Bound Only	K562	SRSF9_1	0.1	0	0.0	0	0.0	0	0.0		
Unique Binding	NOT Bound Only	K562	SRSF9_2	0.0	0	0.0	0	0.0	0	0.0		
Unique Binding	NOT Bound Only	K562	SRSF9_2	1e-05	0	0.0	0	0.0	0	0.0		
Unique Binding	NOT Bound Only	K562	SRSF9_2	0.0001	0	0.0	0	0.0	0	0.0		
Unique Binding	NOT Bound Only	K562	SRSF9_2	0.001	0	0.0	0	0.0	0	0.0		
Unique Binding	NOT Bound Only	K562	SRSF9_2	0.01	0	0.0	0	0.0	0	0.0		
Unique Binding	NOT Bound Only	K562	SRSF9_2	0.1	0	0.0	0	0.0	0	0.0		
Unique Binding	NOT Bound Only	K562	SRSF9_3	0.0	0	0.0	0	0.0	0	0.0		
Unique Binding	NOT Bound Only	K562	SRSF9_3	1e-05	0	0.0	0	0.0	0	0.0		
Unique Binding	NOT Bound Only	K562	SRSF9_3	0.0001	0	0.0	0	0.0	0	0.0		
Unique Binding	NOT Bound Only	K562	SRSF9_3	0.001	0	0.0	0	0.0	0	0.0		
Unique Binding	NOT Bound Only	K562	SRSF9_3	0.01	0	0.0	0	0.0	0	0.0		
Unique Binding	NOT Bound Only	K562	SRSF9_3	0.1	0	0.0	0	0.0	0	0.0		
Unique Binding	NOT Bound Only	K562	SRSF9_4	0.0	0	0.0	0	0.0	0	0.0		
Unique Binding	NOT Bound Only	K562	SRSF9_4	1e-05	0	0.0	0	0.0	0	0.0		
Unique Binding	NOT Bound Only	K562	SRSF9_4	0.0001	0	0.0	0	0.0	0	0.0		
Unique Binding	NOT Bound Only	K562	SRSF9_4	0.001	0	0.0	0	0.0	0	0.0		
Unique Binding	NOT Bound Only	K562	SRSF9_4	0.01	0	0.0	0	0.0	0	0.0		
Unique Binding	NOT Bound Only	K562	SRSF9_4	0.1	0	0.0	0	0.0	0	0.0		
Unique Binding	NOT Bound Only	K562	SRSF9_5	0.0	0	0.0	0	0.0	0	0.0		
Unique Binding	NOT Bound Only	K562	SRSF9_5	1e-05	0	0.0	0	0.0	0	0.0		
Unique Binding	NOT Bound Only	K562	SRSF9_5	0.0001	0	0.0	0	0.0	0	0.0		
Unique Binding	NOT Bound Only	K562	SRSF9_5	0.001	0	0.0	0	0.0	0	0.0		
Unique Binding	NOT Bound Only	K562	SRSF9_5	0.01	0	0.0	0	0.0	0	0.0		
Unique Binding	NOT Bound Only	K562	SRSF9_5	0.1	0	0.0	0	0.0	0	0.0		
Unique Binding	NOT Bound Only	K562	SRSF9_6	0.0	0	0.0	0	0.0	0	0.0		
Unique Binding	NOT Bound Only	K562	SRSF9_6	1e-05	0	0.0	0	0.0	0	0.0		
Unique Binding	NOT Bound Only	K562	SRSF9_6	0.0001	0	0.0	0	0.0	0	0.0		
Unique Binding	NOT Bound Only	K562	SRSF9_6	0.001	0	0.0	0	0.0	0	0.0		
Unique Binding	NOT Bound Only	K562	SRSF9_6	0.01	0	0.0	0	0.0	0	0.0		
Unique Binding	NOT Bound Only	K562	SRSF9_6	0.1	0	0.0	0	0.0	0	0.0		
Unique Binding	NOT Bound Only	K562	SSB_1	0.0	0	0.0	0	0.0	0	0.0		
Unique Binding	NOT Bound Only	K562	SSB_1	1e-05	0	0.0	0	0.0	0	0.0		
Unique Binding	NOT Bound Only	K562	SSB_1	0.0001	0	0.0	0	0.0	0	0.0		
Unique Binding	NOT Bound Only	K562	SSB_1	0.001	0	0.0	0	0.0	0	0.0		
Unique Binding	NOT Bound Only	K562	SSB_1	0.01	0	0.0	0	0.0	0	0.0		
Unique Binding	NOT Bound Only	K562	SSB_1	0.1	0	0.0	0	0.0	0	0.0		
Unique Binding	NOT Bound Only	K562	SSB_2	0.0	0	0.0	0	0.0	0	0.0		
Unique Binding	NOT Bound Only	K562	SSB_2	1e-05	0	0.0	0	0.0	0	0.0		
Unique Binding	NOT Bound Only	K562	SSB_2	0.0001	0	0.0	0	0.0	0	0.0		
Unique Binding	NOT Bound Only	K562	SSB_2	0.001	0	0.0	0	0.0	0	0.0		
Unique Binding	NOT Bound Only	K562	SSB_2	0.01	0	0.0	0	0.0	0	0.0		
Unique Binding	NOT Bound Only	K562	SSB_2	0.1	0	0.0	0	0.0	0	0.0		
Unique Binding	NOT Bound Only	K562	SSB_3	0.0	0	0.0	0	0.0	0	0.0		
Unique Binding	NOT Bound Only	K562	SSB_3	1e-05	0	0.0	0	0.0	0	0.0		
Unique Binding	NOT Bound Only	K562	SSB_3	0.0001	0	0.0	0	0.0	0	0.0		
Unique Binding	NOT Bound Only	K562	SSB_3	0.001	0	0.0	0	0.0	0	0.0		
Unique Binding	NOT Bound Only	K562	SSB_3	0.01	0	0.0	0	0.0	0	0.0		
Unique Binding	NOT Bound Only	K562	SSB_3	0.1	0	0.0	0	0.0	0	0.0		
Unique Binding	NOT Bound Only	K562	SSB_4	0.0	0	0.0	0	0.0	0	0.0		
Unique Binding	NOT Bound Only	K562	SSB_4	1e-05	0	0.0	0	0.0	0	0.0		
Unique Binding	NOT Bound Only	K562	SSB_4	0.0001	0	0.0	0	0.0	0	0.0		
Unique Binding	NOT Bound Only	K562	SSB_4	0.001	0	0.0	0	0.0	0	0.0		
Unique Binding	NOT Bound Only	K562	SSB_4	0.01	0	0.0	0	0.0	0	0.0		
Unique Binding	NOT Bound Only	K562	SSB_4	0.1	0	0.0	0	0.0	0	0.0		
Unique Binding	NOT Bound Only	K562	SSB_5	0.0	0	0.0	0	0.0	0	0.0		
Unique Binding	NOT Bound Only	K562	SSB_5	1e-05	0	0.0	0	0.0	0	0.0		
Unique Binding	NOT Bound Only	K562	SSB_5	0.0001	0	0.0	0	0.0	0	0.0		
Unique Binding	NOT Bound Only	K562	SSB_5	0.001	0	0.0	0	0.0	0	0.0		
Unique Binding	NOT Bound Only	K562	SSB_5	0.01	0	0.0	0	0.0	0	0.0		
Unique Binding	NOT Bound Only	K562	SSB_5	0.1	0	0.0	0	0.0	0	0.0		
Unique Binding	NOT Bound Only	K562	SSB_6	0.0	0	0.0	0	0.0	0	0.0		
Unique Binding	NOT Bound Only	K562	SSB_6	1e-05	0	0.0	0	0.0	0	0.0		
Unique Binding	NOT Bound Only	K562	SSB_6	0.0001	0	0.0	0	0.0	0	0.0		
Unique Binding	NOT Bound Only	K562	SSB_6	0.001	0	0.0	0	0.0	0	0.0		
Unique Binding	NOT Bound Only	K562	SSB_6	0.01	0	0.0	0	0.0	0	0.0		
Unique Binding	NOT Bound Only	K562	SSB_6	0.1	0	0.0	0	0.0	0	0.0		
Unique Binding	NOT Bound Only	K562	SUPV3L1_1	0.0	0	0.0	0	0.0	0	0.0		
Unique Binding	NOT Bound Only	K562	SUPV3L1_1	1e-05	0	0.0	0	0.0	0	0.0		
Unique Binding	NOT Bound Only	K562	SUPV3L1_1	0.0001	0	0.0	0	0.0	0	0.0		
Unique Binding	NOT Bound Only	K562	SUPV3L1_1	0.001	0	0.0	0	0.0	0	0.0		
Unique Binding	NOT Bound Only	K562	SUPV3L1_1	0.01	0	0.0	0	0.0	0	0.0		
Unique Binding	NOT Bound Only	K562	SUPV3L1_1	0.1	0	0.0	0	0.0	0	0.0		
Unique Binding	NOT Bound Only	K562	SUPV3L1_2	0.0	0	0.0	0	0.0	0	0.0		
Unique Binding	NOT Bound Only	K562	SUPV3L1_2	1e-05	0	0.0	0	0.0	0	0.0		
Unique Binding	NOT Bound Only	K562	SUPV3L1_2	0.0001	0	0.0	0	0.0	0	0.0		
Unique Binding	NOT Bound Only	K562	SUPV3L1_2	0.001	0	0.0	0	0.0	0	0.0		
Unique Binding	NOT Bound Only	K562	SUPV3L1_2	0.01	0	0.0	0	0.0	0	0.0		
Unique Binding	NOT Bound Only	K562	SUPV3L1_2	0.1	0	0.0	0	0.0	0	0.0		
Unique Binding	NOT Bound Only	K562	SUPV3L1_3	0.0	0	0.0	0	0.0	0	0.0		
Unique Binding	NOT Bound Only	K562	SUPV3L1_3	1e-05	0	0.0	0	0.0	0	0.0		
Unique Binding	NOT Bound Only	K562	SUPV3L1_3	0.0001	0	0.0	0	0.0	0	0.0		
Unique Binding	NOT Bound Only	K562	SUPV3L1_3	0.001	0	0.0	0	0.0	0	0.0		
Unique Binding	NOT Bound Only	K562	SUPV3L1_3	0.01	0	0.0	0	0.0	0	0.0		
Unique Binding	NOT Bound Only	K562	SUPV3L1_3	0.1	0	0.0	0	0.0	0	0.0		
Unique Binding	NOT Bound Only	K562	SUPV3L1_4	0.0	0	0.0	0	0.0	0	0.0		
Unique Binding	NOT Bound Only	K562	SUPV3L1_4	1e-05	0	0.0	0	0.0	0	0.0		
Unique Binding	NOT Bound Only	K562	SUPV3L1_4	0.0001	0	0.0	0	0.0	0	0.0		
Unique Binding	NOT Bound Only	K562	SUPV3L1_4	0.001	0	0.0	0	0.0	0	0.0		
Unique Binding	NOT Bound Only	K562	SUPV3L1_4	0.01	0	0.0	0	0.0	0	0.0		
Unique Binding	NOT Bound Only	K562	SUPV3L1_4	0.1	0	0.0	0	0.0	0	0.0		
Unique Binding	NOT Bound Only	K562	SUPV3L1_5	0.0	0	0.0	0	0.0	0	0.0		
Unique Binding	NOT Bound Only	K562	SUPV3L1_5	1e-05	0	0.0	0	0.0	0	0.0		
Unique Binding	NOT Bound Only	K562	SUPV3L1_5	0.0001	0	0.0	0	0.0	0	0.0		
Unique Binding	NOT Bound Only	K562	SUPV3L1_5	0.001	0	0.0	0	0.0	0	0.0		
Unique Binding	NOT Bound Only	K562	SUPV3L1_5	0.01	0	0.0	0	0.0	0	0.0		
Unique Binding	NOT Bound Only	K562	SUPV3L1_5	0.1	0	0.0	0	0.0	0	0.0		
Unique Binding	NOT Bound Only	K562	SUPV3L1_6	0.0	0	0.0	0	0.0	0	0.0		
Unique Binding	NOT Bound Only	K562	SUPV3L1_6	1e-05	0	0.0	0	0.0	0	0.0		
Unique Binding	NOT Bound Only	K562	SUPV3L1_6	0.0001	0	0.0	0	0.0	0	0.0		
Unique Binding	NOT Bound Only	K562	SUPV3L1_6	0.001	0	0.0	0	0.0	0	0.0		
Unique Binding	NOT Bound Only	K562	SUPV3L1_6	0.01	0	0.0	0	0.0	0	0.0		
Unique Binding	NOT Bound Only	K562	SUPV3L1_6	0.1	0	0.0	0	0.0	0	0.0		
Unique Binding	NOT Bound Only	K562	TAF15_1	0.0	0	0.0	0	0.0	0	0.0		
Unique Binding	NOT Bound Only	K562	TAF15_1	1e-05	0	0.0	0	0.0	0	0.0		
Unique Binding	NOT Bound Only	K562	TAF15_1	0.0001	0	0.0	0	0.0	0	0.0		
Unique Binding	NOT Bound Only	K562	TAF15_1	0.001	0	0.0	0	0.0	0	0.0		
Unique Binding	NOT Bound Only	K562	TAF15_1	0.01	0	0.0	0	0.0	0	0.0		
Unique Binding	NOT Bound Only	K562	TAF15_1	0.1	0	0.0	0	0.0	0	0.0		
Unique Binding	NOT Bound Only	K562	TAF15_2	0.0	0	0.0	0	0.0	0	0.0		
Unique Binding	NOT Bound Only	K562	TAF15_2	1e-05	0	0.0	0	0.0	0	0.0		
Unique Binding	NOT Bound Only	K562	TAF15_2	0.0001	0	0.0	0	0.0	0	0.0		
Unique Binding	NOT Bound Only	K562	TAF15_2	0.001	0	0.0	0	0.0	0	0.0		
Unique Binding	NOT Bound Only	K562	TAF15_2	0.01	0	0.0	0	0.0	0	0.0		
Unique Binding	NOT Bound Only	K562	TAF15_2	0.1	0	0.0	0	0.0	0	0.0		
Unique Binding	NOT Bound Only	K562	TAF15_3	0.0	0	0.0	0	0.0	0	0.0		
Unique Binding	NOT Bound Only	K562	TAF15_3	1e-05	0	0.0	0	0.0	0	0.0		
Unique Binding	NOT Bound Only	K562	TAF15_3	0.0001	0	0.0	0	0.0	0	0.0		
Unique Binding	NOT Bound Only	K562	TAF15_3	0.001	0	0.0	0	0.0	0	0.0		
Unique Binding	NOT Bound Only	K562	TAF15_3	0.01	0	0.0	0	0.0	0	0.0		
Unique Binding	NOT Bound Only	K562	TAF15_3	0.1	0	0.0	0	0.0	0	0.0		
Unique Binding	NOT Bound Only	K562	TAF15_4	0.0	0	0.0	0	0.0	0	0.0		
Unique Binding	NOT Bound Only	K562	TAF15_4	1e-05	0	0.0	0	0.0	0	0.0		
Unique Binding	NOT Bound Only	K562	TAF15_4	0.0001	0	0.0	0	0.0	0	0.0		
Unique Binding	NOT Bound Only	K562	TAF15_4	0.001	0	0.0	0	0.0	0	0.0		
Unique Binding	NOT Bound Only	K562	TAF15_4	0.01	0	0.0	0	0.0	0	0.0		
Unique Binding	NOT Bound Only	K562	TAF15_4	0.1	0	0.0	0	0.0	0	0.0		
Unique Binding	NOT Bound Only	K562	TAF15_5	0.0	0	0.0	0	0.0	0	0.0		
Unique Binding	NOT Bound Only	K562	TAF15_5	1e-05	0	0.0	0	0.0	0	0.0		
Unique Binding	NOT Bound Only	K562	TAF15_5	0.0001	0	0.0	0	0.0	0	0.0		
Unique Binding	NOT Bound Only	K562	TAF15_5	0.001	0	0.0	0	0.0	0	0.0		
Unique Binding	NOT Bound Only	K562	TAF15_5	0.01	0	0.0	0	0.0	0	0.0		
Unique Binding	NOT Bound Only	K562	TAF15_5	0.1	0	0.0	0	0.0	0	0.0		
Unique Binding	NOT Bound Only	K562	TAF15_6	0.0	0	0.0	0	0.0	0	0.0		
Unique Binding	NOT Bound Only	K562	TAF15_6	1e-05	0	0.0	0	0.0	0	0.0		
Unique Binding	NOT Bound Only	K562	TAF15_6	0.0001	0	0.0	0	0.0	0	0.0		
Unique Binding	NOT Bound Only	K562	TAF15_6	0.001	0	0.0	0	0.0	0	0.0		
Unique Binding	NOT Bound Only	K562	TAF15_6	0.01	0	0.0	0	0.0	0	0.0		
Unique Binding	NOT Bound Only	K562	TAF15_6	0.1	0	0.0	0	0.0	0	0.0		
Unique Binding	NOT Bound Only	K562	TARDBP_1	0.0	0	0.0	0	0.0	0	0.0		
Unique Binding	NOT Bound Only	K562	TARDBP_1	1e-05	0	0.0	0	0.0	0	0.0		
Unique Binding	NOT Bound Only	K562	TARDBP_1	0.0001	0	0.0	0	0.0	0	0.0		
Unique Binding	NOT Bound Only	K562	TARDBP_1	0.001	0	0.0	0	0.0	0	0.0		
Unique Binding	NOT Bound Only	K562	TARDBP_1	0.01	0	0.0	0	0.0	0	0.0		
Unique Binding	NOT Bound Only	K562	TARDBP_1	0.1	0	0.0	0	0.0	0	0.0		
Unique Binding	NOT Bound Only	K562	TARDBP_2	0.0	151814	100.0	130819	0.7703253270624222	20995	-0.7753681215348973	-0.005042794472475132	-0.0032624803301400736
Unique Binding	NOT Bound Only	K562	TARDBP_2	1e-05	17642	11.62079913578458	14496	0.6351124001955482	3146	-0.749833789618102	-0.11472138942255383	-0.08283454640067282
Unique Binding	NOT Bound Only	K562	TARDBP_2	0.0001	3126	2.0590986338545854	1423	0.21013092482285256	1703	-0.702322803808315	-0.49219187898546246	-0.5394157134124842
Unique Binding	NOT Bound Only	K562	TARDBP_2	0.001	0	0.0	0	0.0	0	0.0		
Unique Binding	NOT Bound Only	K562	TARDBP_2	0.01	0	0.0	0	0.0	0	0.0		
Unique Binding	NOT Bound Only	K562	TARDBP_2	0.1	0	0.0	0	0.0	0	0.0		
Unique Binding	NOT Bound Only	K562	TARDBP_3	0.0	0	0.0	0	0.0	0	0.0		
Unique Binding	NOT Bound Only	K562	TARDBP_3	1e-05	0	0.0	0	0.0	0	0.0		
Unique Binding	NOT Bound Only	K562	TARDBP_3	0.0001	0	0.0	0	0.0	0	0.0		
Unique Binding	NOT Bound Only	K562	TARDBP_3	0.001	0	0.0	0	0.0	0	0.0		
Unique Binding	NOT Bound Only	K562	TARDBP_3	0.01	0	0.0	0	0.0	0	0.0		
Unique Binding	NOT Bound Only	K562	TARDBP_3	0.1	0	0.0	0	0.0	0	0.0		
Unique Binding	NOT Bound Only	K562	TARDBP_4	0.0	0	0.0	0	0.0	0	0.0		
Unique Binding	NOT Bound Only	K562	TARDBP_4	1e-05	0	0.0	0	0.0	0	0.0		
Unique Binding	NOT Bound Only	K562	TARDBP_4	0.0001	0	0.0	0	0.0	0	0.0		
Unique Binding	NOT Bound Only	K562	TARDBP_4	0.001	0	0.0	0	0.0	0	0.0		
Unique Binding	NOT Bound Only	K562	TARDBP_4	0.01	0	0.0	0	0.0	0	0.0		
Unique Binding	NOT Bound Only	K562	TARDBP_4	0.1	0	0.0	0	0.0	0	0.0		
Unique Binding	NOT Bound Only	K562	TARDBP_5	0.0	0	0.0	0	0.0	0	0.0		
Unique Binding	NOT Bound Only	K562	TARDBP_5	1e-05	0	0.0	0	0.0	0	0.0		
Unique Binding	NOT Bound Only	K562	TARDBP_5	0.0001	0	0.0	0	0.0	0	0.0		
Unique Binding	NOT Bound Only	K562	TARDBP_5	0.001	0	0.0	0	0.0	0	0.0		
Unique Binding	NOT Bound Only	K562	TARDBP_5	0.01	0	0.0	0	0.0	0	0.0		
Unique Binding	NOT Bound Only	K562	TARDBP_5	0.1	0	0.0	0	0.0	0	0.0		
Unique Binding	NOT Bound Only	K562	TARDBP_6	0.0	0	0.0	0	0.0	0	0.0		
Unique Binding	NOT Bound Only	K562	TARDBP_6	1e-05	0	0.0	0	0.0	0	0.0		
Unique Binding	NOT Bound Only	K562	TARDBP_6	0.0001	0	0.0	0	0.0	0	0.0		
Unique Binding	NOT Bound Only	K562	TARDBP_6	0.001	0	0.0	0	0.0	0	0.0		
Unique Binding	NOT Bound Only	K562	TARDBP_6	0.01	0	0.0	0	0.0	0	0.0		
Unique Binding	NOT Bound Only	K562	TARDBP_6	0.1	0	0.0	0	0.0	0	0.0		
Unique Binding	NOT Bound Only	K562	TBRG4_1	0.0	0	0.0	0	0.0	0	0.0		
Unique Binding	NOT Bound Only	K562	TBRG4_1	1e-05	0	0.0	0	0.0	0	0.0		
Unique Binding	NOT Bound Only	K562	TBRG4_1	0.0001	0	0.0	0	0.0	0	0.0		
Unique Binding	NOT Bound Only	K562	TBRG4_1	0.001	0	0.0	0	0.0	0	0.0		
Unique Binding	NOT Bound Only	K562	TBRG4_1	0.01	0	0.0	0	0.0	0	0.0		
Unique Binding	NOT Bound Only	K562	TBRG4_1	0.1	0	0.0	0	0.0	0	0.0		
Unique Binding	NOT Bound Only	K562	TBRG4_2	0.0	45931	30.25697779358774	45910	0.5154739781616239	21	-0.00031257099999471895	0.5151614071616292	0.9987879831278936
Unique Binding	NOT Bound Only	K562	TBRG4_2	1e-05	19779	13.02938677101243	19766	0.3615893433841958	13	-0.00028874863440970524	0.3613005947497861	0.9984041662605271
Unique Binding	NOT Bound Only	K562	TBRG4_2	0.0001	24	0.01580996422995593	24	0.0031308638507693935	0	0.0	0.0031308638507693935	1.0
Unique Binding	NOT Bound Only	K562	TBRG4_2	0.001	0	0.0	0	0.0	0	0.0		
Unique Binding	NOT Bound Only	K562	TBRG4_2	0.01	0	0.0	0	0.0	0	0.0		
Unique Binding	NOT Bound Only	K562	TBRG4_2	0.1	0	0.0	0	0.0	0	0.0		
Unique Binding	NOT Bound Only	K562	TBRG4_3	0.0	0	0.0	0	0.0	0	0.0		
Unique Binding	NOT Bound Only	K562	TBRG4_3	1e-05	0	0.0	0	0.0	0	0.0		
Unique Binding	NOT Bound Only	K562	TBRG4_3	0.0001	0	0.0	0	0.0	0	0.0		
Unique Binding	NOT Bound Only	K562	TBRG4_3	0.001	0	0.0	0	0.0	0	0.0		
Unique Binding	NOT Bound Only	K562	TBRG4_3	0.01	0	0.0	0	0.0	0	0.0		
Unique Binding	NOT Bound Only	K562	TBRG4_3	0.1	0	0.0	0	0.0	0	0.0		
Unique Binding	NOT Bound Only	K562	TBRG4_4	0.0	0	0.0	0	0.0	0	0.0		
Unique Binding	NOT Bound Only	K562	TBRG4_4	1e-05	0	0.0	0	0.0	0	0.0		
Unique Binding	NOT Bound Only	K562	TBRG4_4	0.0001	0	0.0	0	0.0	0	0.0		
Unique Binding	NOT Bound Only	K562	TBRG4_4	0.001	0	0.0	0	0.0	0	0.0		
Unique Binding	NOT Bound Only	K562	TBRG4_4	0.01	0	0.0	0	0.0	0	0.0		
Unique Binding	NOT Bound Only	K562	TBRG4_4	0.1	0	0.0	0	0.0	0	0.0		
Unique Binding	NOT Bound Only	K562	TBRG4_5	0.0	0	0.0	0	0.0	0	0.0		
Unique Binding	NOT Bound Only	K562	TBRG4_5	1e-05	0	0.0	0	0.0	0	0.0		
Unique Binding	NOT Bound Only	K562	TBRG4_5	0.0001	0	0.0	0	0.0	0	0.0		
Unique Binding	NOT Bound Only	K562	TBRG4_5	0.001	0	0.0	0	0.0	0	0.0		
Unique Binding	NOT Bound Only	K562	TBRG4_5	0.01	0	0.0	0	0.0	0	0.0		
Unique Binding	NOT Bound Only	K562	TBRG4_5	0.1	0	0.0	0	0.0	0	0.0		
Unique Binding	NOT Bound Only	K562	TBRG4_6	0.0	0	0.0	0	0.0	0	0.0		
Unique Binding	NOT Bound Only	K562	TBRG4_6	1e-05	0	0.0	0	0.0	0	0.0		
Unique Binding	NOT Bound Only	K562	TBRG4_6	0.0001	0	0.0	0	0.0	0	0.0		
Unique Binding	NOT Bound Only	K562	TBRG4_6	0.001	0	0.0	0	0.0	0	0.0		
Unique Binding	NOT Bound Only	K562	TBRG4_6	0.01	0	0.0	0	0.0	0	0.0		
Unique Binding	NOT Bound Only	K562	TBRG4_6	0.1	0	0.0	0	0.0	0	0.0		
Unique Binding	NOT Bound Only	K562	TIA1_1	0.0	0	0.0	0	0.0	0	0.0		
Unique Binding	NOT Bound Only	K562	TIA1_1	1e-05	0	0.0	0	0.0	0	0.0		
Unique Binding	NOT Bound Only	K562	TIA1_1	0.0001	0	0.0	0	0.0	0	0.0		
Unique Binding	NOT Bound Only	K562	TIA1_1	0.001	0	0.0	0	0.0	0	0.0		
Unique Binding	NOT Bound Only	K562	TIA1_1	0.01	0	0.0	0	0.0	0	0.0		
Unique Binding	NOT Bound Only	K562	TIA1_1	0.1	0	0.0	0	0.0	0	0.0		
Unique Binding	NOT Bound Only	K562	TIA1_2	0.0	146155	100.0	146155	148.11689696598253	0	0.0	148.11689696598253	1.0
Unique Binding	NOT Bound Only	K562	TIA1_2	1e-05	146155	100.0	146155	148.11689696598253	0	0.0	148.11689696598253	1.0
Unique Binding	NOT Bound Only	K562	TIA1_2	0.0001	146154	99.9993157948753	146154	148.11679844961878	0	0.0	148.11679844961878	1.0
Unique Binding	NOT Bound Only	K562	TIA1_2	0.001	61374	41.992405323115875	61374	91.58501834328948	0	0.0	91.58501834328948	1.0
Unique Binding	NOT Bound Only	K562	TIA1_2	0.01	0	0.0	0	0.0	0	0.0		
Unique Binding	NOT Bound Only	K562	TIA1_2	0.1	0	0.0	0	0.0	0	0.0		
Unique Binding	NOT Bound Only	K562	TIA1_3	0.0	151294	100.0	151294	17.56716993120895	0	0.0	17.56716993120895	1.0
Unique Binding	NOT Bound Only	K562	TIA1_3	1e-05	149240	98.64237841553532	149240	17.550814220507807	0	0.0	17.550814220507807	1.0
Unique Binding	NOT Bound Only	K562	TIA1_3	0.0001	60729	40.139727946911314	60729	13.3403302989026	0	0.0	13.3403302989026	1.0
Unique Binding	NOT Bound Only	K562	TIA1_3	0.001	0	0.0	0	0.0	0	0.0		
Unique Binding	NOT Bound Only	K562	TIA1_3	0.01	0	0.0	0	0.0	0	0.0		
Unique Binding	NOT Bound Only	K562	TIA1_3	0.1	0	0.0	0	0.0	0	0.0		
Unique Binding	NOT Bound Only	K562	TIA1_4	0.0	147330	100.0	147312	24.486807046053194	18	-0.001387836388244236	24.48541920966495	0.9998866526181366
Unique Binding	NOT Bound Only	K562	TIA1_4	1e-05	147327	99.99796375483608	147309	24.48678199241596	18	-0.001387836388244236	24.485394156027716	0.9998866525021718
Unique Binding	NOT Bound Only	K562	TIA1_4	0.0001	92704	62.92269055860993	92701	21.107064161378883	3	-0.00034472966042807757	21.106719431718457	0.9999673356723029
Unique Binding	NOT Bound Only	K562	TIA1_4	0.001	129	0.08755854204846263	129	0.18155818229666149	0	0.0	0.18155818229666149	1.0
Unique Binding	NOT Bound Only	K562	TIA1_4	0.01	0	0.0	0	0.0	0	0.0		
Unique Binding	NOT Bound Only	K562	TIA1_4	0.1	0	0.0	0	0.0	0	0.0		
Unique Binding	NOT Bound Only	K562	TIA1_5	0.0	151109	100.0	151109	9.905304344599799	0	0.0	9.905304344599799	1.0
Unique Binding	NOT Bound Only	K562	TIA1_5	1e-05	139493	92.31283378223665	139493	9.820308038550692	0	0.0	9.820308038550692	1.0
Unique Binding	NOT Bound Only	K562	TIA1_5	0.0001	39710	26.279043604285647	39710	6.106587256188587	0	0.0	6.106587256188587	1.0
Unique Binding	NOT Bound Only	K562	TIA1_5	0.001	0	0.0	0	0.0	0	0.0		
Unique Binding	NOT Bound Only	K562	TIA1_5	0.01	0	0.0	0	0.0	0	0.0		
Unique Binding	NOT Bound Only	K562	TIA1_5	0.1	0	0.0	0	0.0	0	0.0		
Unique Binding	NOT Bound Only	K562	TIA1_6	0.0	0	0.0	0	0.0	0	0.0		
Unique Binding	NOT Bound Only	K562	TIA1_6	1e-05	0	0.0	0	0.0	0	0.0		
Unique Binding	NOT Bound Only	K562	TIA1_6	0.0001	0	0.0	0	0.0	0	0.0		
Unique Binding	NOT Bound Only	K562	TIA1_6	0.001	0	0.0	0	0.0	0	0.0		
Unique Binding	NOT Bound Only	K562	TIA1_6	0.01	0	0.0	0	0.0	0	0.0		
Unique Binding	NOT Bound Only	K562	TIA1_6	0.1	0	0.0	0	0.0	0	0.0		
Unique Binding	NOT Bound Only	K562	TRA2A_1	0.0	150512	100.0	148866	4.670429696575887	1646	-0.09194871871607901	4.578480977859808	0.9613853790279108
Unique Binding	NOT Bound Only	K562	TRA2A_1	1e-05	108008	71.760391198044	107130	4.431482062229144	878	-0.09057861244581569	4.340903449783329	0.959939231707754
Unique Binding	NOT Bound Only	K562	TRA2A_1	0.0001	6956	4.621558413947061	6684	1.1752369253479693	272	-0.06857265677789584	1.1066642685700734	0.889737693352234
Unique Binding	NOT Bound Only	K562	TRA2A_1	0.001	16	0.010630381630700542	0	0.0	16	-0.019929427962023794	-0.019929427962023794	-1.0
Unique Binding	NOT Bound Only	K562	TRA2A_1	0.01	0	0.0	0	0.0	0	0.0		
Unique Binding	NOT Bound Only	K562	TRA2A_1	0.1	0	0.0	0	0.0	0	0.0		
Unique Binding	NOT Bound Only	K562	TRA2A_2	0.0	149917	100.0	149869	13.262488996758147	48	-0.000251320253798558	13.262237676504348	0.9999621013082075
Unique Binding	NOT Bound Only	K562	TRA2A_2	1e-05	139792	93.24626293215579	139782	13.195436520176115	10	-0.00016629359470831317	13.195270226581407	0.9999747956047095
Unique Binding	NOT Bound Only	K562	TRA2A_2	0.0001	47035	31.37402696158541	47035	9.25237353357682	0	0.0	9.25237353357682	1.0
Unique Binding	NOT Bound Only	K562	TRA2A_2	0.001	0	0.0	0	0.0	0	0.0		
Unique Binding	NOT Bound Only	K562	TRA2A_2	0.01	0	0.0	0	0.0	0	0.0		
Unique Binding	NOT Bound Only	K562	TRA2A_2	0.1	0	0.0	0	0.0	0	0.0		
Unique Binding	NOT Bound Only	K562	TRA2A_3	0.0	0	0.0	0	0.0	0	0.0		
Unique Binding	NOT Bound Only	K562	TRA2A_3	1e-05	0	0.0	0	0.0	0	0.0		
Unique Binding	NOT Bound Only	K562	TRA2A_3	0.0001	0	0.0	0	0.0	0	0.0		
Unique Binding	NOT Bound Only	K562	TRA2A_3	0.001	0	0.0	0	0.0	0	0.0		
Unique Binding	NOT Bound Only	K562	TRA2A_3	0.01	0	0.0	0	0.0	0	0.0		
Unique Binding	NOT Bound Only	K562	TRA2A_3	0.1	0	0.0	0	0.0	0	0.0		
Unique Binding	NOT Bound Only	K562	TRA2A_4	0.0	0	0.0	0	0.0	0	0.0		
Unique Binding	NOT Bound Only	K562	TRA2A_4	1e-05	0	0.0	0	0.0	0	0.0		
Unique Binding	NOT Bound Only	K562	TRA2A_4	0.0001	0	0.0	0	0.0	0	0.0		
Unique Binding	NOT Bound Only	K562	TRA2A_4	0.001	0	0.0	0	0.0	0	0.0		
Unique Binding	NOT Bound Only	K562	TRA2A_4	0.01	0	0.0	0	0.0	0	0.0		
Unique Binding	NOT Bound Only	K562	TRA2A_4	0.1	0	0.0	0	0.0	0	0.0		
Unique Binding	NOT Bound Only	K562	TRA2A_5	0.0	0	0.0	0	0.0	0	0.0		
Unique Binding	NOT Bound Only	K562	TRA2A_5	1e-05	0	0.0	0	0.0	0	0.0		
Unique Binding	NOT Bound Only	K562	TRA2A_5	0.0001	0	0.0	0	0.0	0	0.0		
Unique Binding	NOT Bound Only	K562	TRA2A_5	0.001	0	0.0	0	0.0	0	0.0		
Unique Binding	NOT Bound Only	K562	TRA2A_5	0.01	0	0.0	0	0.0	0	0.0		
Unique Binding	NOT Bound Only	K562	TRA2A_5	0.1	0	0.0	0	0.0	0	0.0		
Unique Binding	NOT Bound Only	K562	TRA2A_6	0.0	0	0.0	0	0.0	0	0.0		
Unique Binding	NOT Bound Only	K562	TRA2A_6	1e-05	0	0.0	0	0.0	0	0.0		
Unique Binding	NOT Bound Only	K562	TRA2A_6	0.0001	0	0.0	0	0.0	0	0.0		
Unique Binding	NOT Bound Only	K562	TRA2A_6	0.001	0	0.0	0	0.0	0	0.0		
Unique Binding	NOT Bound Only	K562	TRA2A_6	0.01	0	0.0	0	0.0	0	0.0		
Unique Binding	NOT Bound Only	K562	TRA2A_6	0.1	0	0.0	0	0.0	0	0.0		
Unique Binding	NOT Bound Only	K562	TROVE2_1	0.0	0	0.0	0	0.0	0	0.0		
Unique Binding	NOT Bound Only	K562	TROVE2_1	1e-05	0	0.0	0	0.0	0	0.0		
Unique Binding	NOT Bound Only	K562	TROVE2_1	0.0001	0	0.0	0	0.0	0	0.0		
Unique Binding	NOT Bound Only	K562	TROVE2_1	0.001	0	0.0	0	0.0	0	0.0		
Unique Binding	NOT Bound Only	K562	TROVE2_1	0.01	0	0.0	0	0.0	0	0.0		
Unique Binding	NOT Bound Only	K562	TROVE2_1	0.1	0	0.0	0	0.0	0	0.0		
Unique Binding	NOT Bound Only	K562	TROVE2_2	0.0	0	0.0	0	0.0	0	0.0		
Unique Binding	NOT Bound Only	K562	TROVE2_2	1e-05	0	0.0	0	0.0	0	0.0		
Unique Binding	NOT Bound Only	K562	TROVE2_2	0.0001	0	0.0	0	0.0	0	0.0		
Unique Binding	NOT Bound Only	K562	TROVE2_2	0.001	0	0.0	0	0.0	0	0.0		
Unique Binding	NOT Bound Only	K562	TROVE2_2	0.01	0	0.0	0	0.0	0	0.0		
Unique Binding	NOT Bound Only	K562	TROVE2_2	0.1	0	0.0	0	0.0	0	0.0		
Unique Binding	NOT Bound Only	K562	TROVE2_3	0.0	0	0.0	0	0.0	0	0.0		
Unique Binding	NOT Bound Only	K562	TROVE2_3	1e-05	0	0.0	0	0.0	0	0.0		
Unique Binding	NOT Bound Only	K562	TROVE2_3	0.0001	0	0.0	0	0.0	0	0.0		
Unique Binding	NOT Bound Only	K562	TROVE2_3	0.001	0	0.0	0	0.0	0	0.0		
Unique Binding	NOT Bound Only	K562	TROVE2_3	0.01	0	0.0	0	0.0	0	0.0		
Unique Binding	NOT Bound Only	K562	TROVE2_3	0.1	0	0.0	0	0.0	0	0.0		
Unique Binding	NOT Bound Only	K562	TROVE2_4	0.0	0	0.0	0	0.0	0	0.0		
Unique Binding	NOT Bound Only	K562	TROVE2_4	1e-05	0	0.0	0	0.0	0	0.0		
Unique Binding	NOT Bound Only	K562	TROVE2_4	0.0001	0	0.0	0	0.0	0	0.0		
Unique Binding	NOT Bound Only	K562	TROVE2_4	0.001	0	0.0	0	0.0	0	0.0		
Unique Binding	NOT Bound Only	K562	TROVE2_4	0.01	0	0.0	0	0.0	0	0.0		
Unique Binding	NOT Bound Only	K562	TROVE2_4	0.1	0	0.0	0	0.0	0	0.0		
Unique Binding	NOT Bound Only	K562	TROVE2_5	0.0	0	0.0	0	0.0	0	0.0		
Unique Binding	NOT Bound Only	K562	TROVE2_5	1e-05	0	0.0	0	0.0	0	0.0		
Unique Binding	NOT Bound Only	K562	TROVE2_5	0.0001	0	0.0	0	0.0	0	0.0		
Unique Binding	NOT Bound Only	K562	TROVE2_5	0.001	0	0.0	0	0.0	0	0.0		
Unique Binding	NOT Bound Only	K562	TROVE2_5	0.01	0	0.0	0	0.0	0	0.0		
Unique Binding	NOT Bound Only	K562	TROVE2_5	0.1	0	0.0	0	0.0	0	0.0		
Unique Binding	NOT Bound Only	K562	TROVE2_6	0.0	0	0.0	0	0.0	0	0.0		
Unique Binding	NOT Bound Only	K562	TROVE2_6	1e-05	0	0.0	0	0.0	0	0.0		
Unique Binding	NOT Bound Only	K562	TROVE2_6	0.0001	0	0.0	0	0.0	0	0.0		
Unique Binding	NOT Bound Only	K562	TROVE2_6	0.001	0	0.0	0	0.0	0	0.0		
Unique Binding	NOT Bound Only	K562	TROVE2_6	0.01	0	0.0	0	0.0	0	0.0		
Unique Binding	NOT Bound Only	K562	TROVE2_6	0.1	0	0.0	0	0.0	0	0.0		
Unique Binding	NOT Bound Only	K562	U2AF1_1	0.0	149882	100.0	117609	0.5446900329068678	32273	-0.15010662041109668	0.3945834124957711	0.5679120799034638
Unique Binding	NOT Bound Only	K562	U2AF1_1	1e-05	14412	9.615564243871846	10244	0.26697212417679805	4168	-0.07622394558792948	0.19074817858886856	0.5557994260238261
Unique Binding	NOT Bound Only	K562	U2AF1_1	0.0001	275	0.18347766909969176	217	0.027335680897629368	58	-0.0074694749710062696	0.0198662059266231	0.5707834207553529
Unique Binding	NOT Bound Only	K562	U2AF1_1	0.001	0	0.0	0	0.0	0	0.0		
Unique Binding	NOT Bound Only	K562	U2AF1_1	0.01	0	0.0	0	0.0	0	0.0		
Unique Binding	NOT Bound Only	K562	U2AF1_1	0.1	0	0.0	0	0.0	0	0.0		
Unique Binding	NOT Bound Only	K562	U2AF1_2	0.0	0	0.0	0	0.0	0	0.0		
Unique Binding	NOT Bound Only	K562	U2AF1_2	1e-05	0	0.0	0	0.0	0	0.0		
Unique Binding	NOT Bound Only	K562	U2AF1_2	0.0001	0	0.0	0	0.0	0	0.0		
Unique Binding	NOT Bound Only	K562	U2AF1_2	0.001	0	0.0	0	0.0	0	0.0		
Unique Binding	NOT Bound Only	K562	U2AF1_2	0.01	0	0.0	0	0.0	0	0.0		
Unique Binding	NOT Bound Only	K562	U2AF1_2	0.1	0	0.0	0	0.0	0	0.0		
Unique Binding	NOT Bound Only	K562	U2AF1_3	0.0	149388	100.0	268	0.011614925043123413	149120	-60.874560349134484	-60.86294542409136	-0.9996184708600656
Unique Binding	NOT Bound Only	K562	U2AF1_3	1e-05	149113	99.81591560232414	188	0.011242054468489996	148925	-60.87337497543183	-60.86213292096334	-0.9996307095283865
Unique Binding	NOT Bound Only	K562	U2AF1_3	0.0001	128220	85.8301871636276	34	0.006178255608976201	128186	-59.4498522451597	-59.44367398955072	-0.9997921739626092
Unique Binding	NOT Bound Only	K562	U2AF1_3	0.001	9852	6.594907221463571	0	0.0	9852	-11.861741987610843	-11.861741987610843	-1.0
Unique Binding	NOT Bound Only	K562	U2AF1_3	0.01	0	0.0	0	0.0	0	0.0		
Unique Binding	NOT Bound Only	K562	U2AF1_3	0.1	0	0.0	0	0.0	0	0.0		
Unique Binding	NOT Bound Only	K562	U2AF1_4	0.0	0	0.0	0	0.0	0	0.0		
Unique Binding	NOT Bound Only	K562	U2AF1_4	1e-05	0	0.0	0	0.0	0	0.0		
Unique Binding	NOT Bound Only	K562	U2AF1_4	0.0001	0	0.0	0	0.0	0	0.0		
Unique Binding	NOT Bound Only	K562	U2AF1_4	0.001	0	0.0	0	0.0	0	0.0		
Unique Binding	NOT Bound Only	K562	U2AF1_4	0.01	0	0.0	0	0.0	0	0.0		
Unique Binding	NOT Bound Only	K562	U2AF1_4	0.1	0	0.0	0	0.0	0	0.0		
Unique Binding	NOT Bound Only	K562	U2AF1_5	0.0	148268	100.0	148268	38.812327220723716	0	0.0	38.812327220723716	1.0
Unique Binding	NOT Bound Only	K562	U2AF1_5	1e-05	148268	100.0	148268	38.812327220723716	0	0.0	38.812327220723716	1.0
Unique Binding	NOT Bound Only	K562	U2AF1_5	0.0001	139443	94.04794021636495	139443	38.09795389801922	0	0.0	38.09795389801922	1.0
Unique Binding	NOT Bound Only	K562	U2AF1_5	0.001	38	0.02562926592386759	38	0.041243521675375316	0	0.0	0.041243521675375316	1.0
Unique Binding	NOT Bound Only	K562	U2AF1_5	0.01	0	0.0	0	0.0	0	0.0		
Unique Binding	NOT Bound Only	K562	U2AF1_5	0.1	0	0.0	0	0.0	0	0.0		
Unique Binding	NOT Bound Only	K562	U2AF1_6	0.0	0	0.0	0	0.0	0	0.0		
Unique Binding	NOT Bound Only	K562	U2AF1_6	1e-05	0	0.0	0	0.0	0	0.0		
Unique Binding	NOT Bound Only	K562	U2AF1_6	0.0001	0	0.0	0	0.0	0	0.0		
Unique Binding	NOT Bound Only	K562	U2AF1_6	0.001	0	0.0	0	0.0	0	0.0		
Unique Binding	NOT Bound Only	K562	U2AF1_6	0.01	0	0.0	0	0.0	0	0.0		
Unique Binding	NOT Bound Only	K562	U2AF1_6	0.1	0	0.0	0	0.0	0	0.0		
Unique Binding	NOT Bound Only	K562	U2AF2_1	0.0	146576	100.0	7764	1.828646419270687	138812	-137.93415531390147	-136.1055088946308	-0.9738321442244433
Unique Binding	NOT Bound Only	K562	U2AF2_1	1e-05	145990	99.60020740093877	7463	1.8270118757066602	138527	-137.93270554212154	-136.10569366641488	-0.9738549575018874
Unique Binding	NOT Bound Only	K562	U2AF2_1	0.0001	140667	95.96864425281083	4531	1.6714852189417426	136136	-137.79891921598295	-136.1274339970412	-0.9760309690688301
Unique Binding	NOT Bound Only	K562	U2AF2_1	0.001	54319	37.05859076520031	150	0.1935220111102246	54169	-89.12675069864275	-88.93322868753253	-0.9956667841411755
Unique Binding	NOT Bound Only	K562	U2AF2_1	0.01	0	0.0	0	0.0	0	0.0		
Unique Binding	NOT Bound Only	K562	U2AF2_1	0.1	0	0.0	0	0.0	0	0.0		
Unique Binding	NOT Bound Only	K562	U2AF2_2	0.0	0	0.0	0	0.0	0	0.0		
Unique Binding	NOT Bound Only	K562	U2AF2_2	1e-05	0	0.0	0	0.0	0	0.0		
Unique Binding	NOT Bound Only	K562	U2AF2_2	0.0001	0	0.0	0	0.0	0	0.0		
Unique Binding	NOT Bound Only	K562	U2AF2_2	0.001	0	0.0	0	0.0	0	0.0		
Unique Binding	NOT Bound Only	K562	U2AF2_2	0.01	0	0.0	0	0.0	0	0.0		
Unique Binding	NOT Bound Only	K562	U2AF2_2	0.1	0	0.0	0	0.0	0	0.0		
Unique Binding	NOT Bound Only	K562	U2AF2_3	0.0	145115	100.0	2453	0.06535250135164912	142662	-37.391786758192225	-37.32643425684058	-0.9965105449778845
Unique Binding	NOT Bound Only	K562	U2AF2_3	1e-05	142991	98.53633325293733	1714	0.06197467983514436	141277	-37.38406634193761	-37.322091662102466	-0.99668992084909
Unique Binding	NOT Bound Only	K562	U2AF2_3	0.0001	97647	67.28939117251834	57	0.009481328945044519	97590	-34.83352096381253	-34.82403963486749	-0.9994557685434006
Unique Binding	NOT Bound Only	K562	U2AF2_3	0.001	870	0.599524515039796	0	0.0	870	-1.0721039892903519	-1.0721039892903519	-1.0
Unique Binding	NOT Bound Only	K562	U2AF2_3	0.01	0	0.0	0	0.0	0	0.0		
Unique Binding	NOT Bound Only	K562	U2AF2_3	0.1	0	0.0	0	0.0	0	0.0		
Unique Binding	NOT Bound Only	K562	U2AF2_4	0.0	0	0.0	0	0.0	0	0.0		
Unique Binding	NOT Bound Only	K562	U2AF2_4	1e-05	0	0.0	0	0.0	0	0.0		
Unique Binding	NOT Bound Only	K562	U2AF2_4	0.0001	0	0.0	0	0.0	0	0.0		
Unique Binding	NOT Bound Only	K562	U2AF2_4	0.001	0	0.0	0	0.0	0	0.0		
Unique Binding	NOT Bound Only	K562	U2AF2_4	0.01	0	0.0	0	0.0	0	0.0		
Unique Binding	NOT Bound Only	K562	U2AF2_4	0.1	0	0.0	0	0.0	0	0.0		
Unique Binding	NOT Bound Only	K562	U2AF2_5	0.0	142441	100.0	135048	71.94551529235991	7393	-0.7403473803014975	71.20516791205841	0.9796288479470724
Unique Binding	NOT Bound Only	K562	U2AF2_5	1e-05	141459	99.31059175377875	134557	71.94315225238823	6902	-0.7377420943248949	71.20541015806333	0.9796991464963098
Unique Binding	NOT Bound Only	K562	U2AF2_5	0.0001	134471	94.40470089370335	131962	71.80609444031688	2509	-0.5206491491558364	71.28544529116105	0.9856028593763038
Unique Binding	NOT Bound Only	K562	U2AF2_5	0.001	10164	7.135585961907036	10153	12.223013839559783	11	-0.01151682729087925	12.211497012268904	0.9981173242187239
Unique Binding	NOT Bound Only	K562	U2AF2_5	0.01	0	0.0	0	0.0	0	0.0		
Unique Binding	NOT Bound Only	K562	U2AF2_5	0.1	0	0.0	0	0.0	0	0.0		
Unique Binding	NOT Bound Only	K562	U2AF2_6	0.0	0	0.0	0	0.0	0	0.0		
Unique Binding	NOT Bound Only	K562	U2AF2_6	1e-05	0	0.0	0	0.0	0	0.0		
Unique Binding	NOT Bound Only	K562	U2AF2_6	0.0001	0	0.0	0	0.0	0	0.0		
Unique Binding	NOT Bound Only	K562	U2AF2_6	0.001	0	0.0	0	0.0	0	0.0		
Unique Binding	NOT Bound Only	K562	U2AF2_6	0.01	0	0.0	0	0.0	0	0.0		
Unique Binding	NOT Bound Only	K562	U2AF2_6	0.1	0	0.0	0	0.0	0	0.0		
Unique Binding	NOT Bound Only	K562	UCHL5_1	0.0	138680	100.0	137672	23.208927490784873	1008	-0.07060105049182545	23.13832644029305	0.9939344948187725
Unique Binding	NOT Bound Only	K562	UCHL5_1	1e-05	138099	99.58104989904817	137327	23.207083454042486	772	-0.06940280794976653	23.13768064609272	0.9940366593850469
Unique Binding	NOT Bound Only	K562	UCHL5_1	0.0001	82692	59.62792039226997	82457	19.744909086303505	235	-0.049777991896657825	19.695131094406847	0.9949705704667109
Unique Binding	NOT Bound Only	K562	UCHL5_1	0.001	693	0.4997115661955581	693	0.8942067286991351	0	0.0	0.8942067286991351	1.0
Unique Binding	NOT Bound Only	K562	UCHL5_1	0.01	0	0.0	0	0.0	0	0.0		
Unique Binding	NOT Bound Only	K562	UCHL5_1	0.1	0	0.0	0	0.0	0	0.0		
Unique Binding	NOT Bound Only	K562	UCHL5_2	0.0	133658	100.0	133625	109.11958281592534	33	-0.005141455767472983	109.11444136015787	0.9999057691865563
Unique Binding	NOT Bound Only	K562	UCHL5_2	1e-05	133651	99.99476275269718	133620	109.11954766242148	31	-0.0051237547398498146	109.11442390768163	0.9999060935593516
Unique Binding	NOT Bound Only	K562	UCHL5_2	0.0001	132120	98.84930194975236	132100	109.00497628437506	20	-0.004779390468967566	109.0001968939061	0.9999123126101993
Unique Binding	NOT Bound Only	K562	UCHL5_2	0.001	41851	31.31200526717443	41851	65.7214356335544	0	0.0	65.7214356335544	1.0
Unique Binding	NOT Bound Only	K562	UCHL5_2	0.01	0	0.0	0	0.0	0	0.0		
Unique Binding	NOT Bound Only	K562	UCHL5_2	0.1	0	0.0	0	0.0	0	0.0		
Unique Binding	NOT Bound Only	K562	UCHL5_3	0.0	139454	100.0	77	0.006991943352266001	139377	-366.99510270279865	-366.9881107594464	-0.999961896983945
Unique Binding	NOT Bound Only	K562	UCHL5_3	1e-05	139446	99.99426334131685	76	0.006990868531521838	139370	-366.99506579334764	-366.9880749248161	-0.9999619028373021
Unique Binding	NOT Bound Only	K562	UCHL5_3	0.0001	139311	99.89745722603868	24	0.004482741947425068	139287	-366.99113262286204	-366.9866498809146	-0.9999755705967062
Unique Binding	NOT Bound Only	K562	UCHL5_3	0.001	105653	75.76189998135587	0	0.0	105653	-344.7202946737482	-344.7202946737482	-1.0
Unique Binding	NOT Bound Only	K562	UCHL5_3	0.01	0	0.0	0	0.0	0	0.0		
Unique Binding	NOT Bound Only	K562	UCHL5_3	0.1	0	0.0	0	0.0	0	0.0		
Unique Binding	NOT Bound Only	K562	UCHL5_4	0.0	137455	100.0	28	0.007149905833331664	137427	-547.8227408872144	-547.8155909813811	-0.999973897350424
Unique Binding	NOT Bound Only	K562	UCHL5_4	1e-05	137442	99.99054235931759	22	0.007111075903201097	137420	-547.8227061157817	-547.8155950398784	-0.9999740391060139
Unique Binding	NOT Bound Only	K562	UCHL5_4	0.0001	137137	99.76865155869193	6	0.0064476863288541325	137131	-547.8017655526161	-547.7953178662872	-0.9999764600596593
Unique Binding	NOT Bound Only	K562	UCHL5_4	0.001	106796	77.69524571678004	3	0.0056569197640543994	106793	-529.581856280064	-529.5761993602999	-0.9999786365062503
Unique Binding	NOT Bound Only	K562	UCHL5_4	0.01	10290	7.486086355534538	0	0.0	10290	-121.61066527900834	-121.61066527900834	-1.0
Unique Binding	NOT Bound Only	K562	UCHL5_4	0.1	0	0.0	0	0.0	0	0.0		
Unique Binding	NOT Bound Only	K562	UCHL5_5	0.0	136780	100.0	136482	79.16106840204111	298	-0.1921979292523126	78.9688704727888	0.9951558911652129
Unique Binding	NOT Bound Only	K562	UCHL5_5	1e-05	136736	99.96783155432081	136457	79.1609387672817	279	-0.19211575091269378	78.96882301636902	0.9951579494430516
Unique Binding	NOT Bound Only	K562	UCHL5_5	0.0001	135376	98.97353414241849	135149	79.05823291128546	227	-0.18983770959538504	78.86839520169008	0.9952090263369677
Unique Binding	NOT Bound Only	K562	UCHL5_5	0.001	14889	10.885363357215967	14784	21.174732391222093	105	-0.11719622576259248	21.057536165459503	0.9889914880074224
Unique Binding	NOT Bound Only	K562	UCHL5_5	0.01	0	0.0	0	0.0	0	0.0		
Unique Binding	NOT Bound Only	K562	UCHL5_5	0.1	0	0.0	0	0.0	0	0.0		
Unique Binding	NOT Bound Only	K562	UCHL5_6	0.0	135188	100.0	130976	59.79685082123999	4212	-0.893809671139844	58.90304115010015	0.9705453964781924
Unique Binding	NOT Bound Only	K562	UCHL5_6	1e-05	134391	99.41045063171288	130531	59.79460182745211	3860	-0.8922607055323819	58.90234112191973	0.9705946009303935
Unique Binding	NOT Bound Only	K562	UCHL5_6	0.0001	124960	92.43423972541942	123127	59.33224660112791	1833	-0.7948409351886215	58.53740566593929	0.9735613026422228
Unique Binding	NOT Bound Only	K562	UCHL5_6	0.001	7675	5.677279048436252	7542	10.216624239816296	133	-0.2297407709038548	9.986883468912442	0.9560151745285385
Unique Binding	NOT Bound Only	K562	UCHL5_6	0.01	0	0.0	0	0.0	0	0.0		
Unique Binding	NOT Bound Only	K562	UCHL5_6	0.1	0	0.0	0	0.0	0	0.0		
Unique Binding	NOT Bound Only	K562	UPF1_1	0.0	0	0.0	0	0.0	0	0.0		
Unique Binding	NOT Bound Only	K562	UPF1_1	1e-05	0	0.0	0	0.0	0	0.0		
Unique Binding	NOT Bound Only	K562	UPF1_1	0.0001	0	0.0	0	0.0	0	0.0		
Unique Binding	NOT Bound Only	K562	UPF1_1	0.001	0	0.0	0	0.0	0	0.0		
Unique Binding	NOT Bound Only	K562	UPF1_1	0.01	0	0.0	0	0.0	0	0.0		
Unique Binding	NOT Bound Only	K562	UPF1_1	0.1	0	0.0	0	0.0	0	0.0		
Unique Binding	NOT Bound Only	K562	UPF1_2	0.0	0	0.0	0	0.0	0	0.0		
Unique Binding	NOT Bound Only	K562	UPF1_2	1e-05	0	0.0	0	0.0	0	0.0		
Unique Binding	NOT Bound Only	K562	UPF1_2	0.0001	0	0.0	0	0.0	0	0.0		
Unique Binding	NOT Bound Only	K562	UPF1_2	0.001	0	0.0	0	0.0	0	0.0		
Unique Binding	NOT Bound Only	K562	UPF1_2	0.01	0	0.0	0	0.0	0	0.0		
Unique Binding	NOT Bound Only	K562	UPF1_2	0.1	0	0.0	0	0.0	0	0.0		
Unique Binding	NOT Bound Only	K562	UPF1_3	0.0	0	0.0	0	0.0	0	0.0		
Unique Binding	NOT Bound Only	K562	UPF1_3	1e-05	0	0.0	0	0.0	0	0.0		
Unique Binding	NOT Bound Only	K562	UPF1_3	0.0001	0	0.0	0	0.0	0	0.0		
Unique Binding	NOT Bound Only	K562	UPF1_3	0.001	0	0.0	0	0.0	0	0.0		
Unique Binding	NOT Bound Only	K562	UPF1_3	0.01	0	0.0	0	0.0	0	0.0		
Unique Binding	NOT Bound Only	K562	UPF1_3	0.1	0	0.0	0	0.0	0	0.0		
Unique Binding	NOT Bound Only	K562	UPF1_4	0.0	0	0.0	0	0.0	0	0.0		
Unique Binding	NOT Bound Only	K562	UPF1_4	1e-05	0	0.0	0	0.0	0	0.0		
Unique Binding	NOT Bound Only	K562	UPF1_4	0.0001	0	0.0	0	0.0	0	0.0		
Unique Binding	NOT Bound Only	K562	UPF1_4	0.001	0	0.0	0	0.0	0	0.0		
Unique Binding	NOT Bound Only	K562	UPF1_4	0.01	0	0.0	0	0.0	0	0.0		
Unique Binding	NOT Bound Only	K562	UPF1_4	0.1	0	0.0	0	0.0	0	0.0		
Unique Binding	NOT Bound Only	K562	UPF1_5	0.0	0	0.0	0	0.0	0	0.0		
Unique Binding	NOT Bound Only	K562	UPF1_5	1e-05	0	0.0	0	0.0	0	0.0		
Unique Binding	NOT Bound Only	K562	UPF1_5	0.0001	0	0.0	0	0.0	0	0.0		
Unique Binding	NOT Bound Only	K562	UPF1_5	0.001	0	0.0	0	0.0	0	0.0		
Unique Binding	NOT Bound Only	K562	UPF1_5	0.01	0	0.0	0	0.0	0	0.0		
Unique Binding	NOT Bound Only	K562	UPF1_5	0.1	0	0.0	0	0.0	0	0.0		
Unique Binding	NOT Bound Only	K562	UPF1_6	0.0	149671	100.0	42859	7.604593000389489	106812	-8.97163737802314	-1.3670443776336505	-0.08247016036975237
Unique Binding	NOT Bound Only	K562	UPF1_6	1e-05	130831	87.41239117798371	36199	7.573523904317373	94632	-8.917483113328053	-1.3439592090106807	-0.081496491243539
Unique Binding	NOT Bound Only	K562	UPF1_6	0.0001	48631	32.49193230485531	16736	6.768182047258382	31895	-5.755752809183178	1.0124292380752031	0.0808395484071422
Unique Binding	NOT Bound Only	K562	UPF1_6	0.001	1569	1.0482992697316114	1439	2.2474111668078733	130	-0.1393599958554918	2.1080511709523817	0.8832229934435929
Unique Binding	NOT Bound Only	K562	UPF1_6	0.01	0	0.0	0	0.0	0	0.0		
Unique Binding	NOT Bound Only	K562	UPF1_6	0.1	0	0.0	0	0.0	0	0.0		
Unique Binding	NOT Bound Only	K562	UTP18_1	0.0	0	0.0	0	0.0	0	0.0		
Unique Binding	NOT Bound Only	K562	UTP18_1	1e-05	0	0.0	0	0.0	0	0.0		
Unique Binding	NOT Bound Only	K562	UTP18_1	0.0001	0	0.0	0	0.0	0	0.0		
Unique Binding	NOT Bound Only	K562	UTP18_1	0.001	0	0.0	0	0.0	0	0.0		
Unique Binding	NOT Bound Only	K562	UTP18_1	0.01	0	0.0	0	0.0	0	0.0		
Unique Binding	NOT Bound Only	K562	UTP18_1	0.1	0	0.0	0	0.0	0	0.0		
Unique Binding	NOT Bound Only	K562	UTP18_2	0.0	0	0.0	0	0.0	0	0.0		
Unique Binding	NOT Bound Only	K562	UTP18_2	1e-05	0	0.0	0	0.0	0	0.0		
Unique Binding	NOT Bound Only	K562	UTP18_2	0.0001	0	0.0	0	0.0	0	0.0		
Unique Binding	NOT Bound Only	K562	UTP18_2	0.001	0	0.0	0	0.0	0	0.0		
Unique Binding	NOT Bound Only	K562	UTP18_2	0.01	0	0.0	0	0.0	0	0.0		
Unique Binding	NOT Bound Only	K562	UTP18_2	0.1	0	0.0	0	0.0	0	0.0		
Unique Binding	NOT Bound Only	K562	UTP18_3	0.0	0	0.0	0	0.0	0	0.0		
Unique Binding	NOT Bound Only	K562	UTP18_3	1e-05	0	0.0	0	0.0	0	0.0		
Unique Binding	NOT Bound Only	K562	UTP18_3	0.0001	0	0.0	0	0.0	0	0.0		
Unique Binding	NOT Bound Only	K562	UTP18_3	0.001	0	0.0	0	0.0	0	0.0		
Unique Binding	NOT Bound Only	K562	UTP18_3	0.01	0	0.0	0	0.0	0	0.0		
Unique Binding	NOT Bound Only	K562	UTP18_3	0.1	0	0.0	0	0.0	0	0.0		
Unique Binding	NOT Bound Only	K562	UTP18_4	0.0	0	0.0	0	0.0	0	0.0		
Unique Binding	NOT Bound Only	K562	UTP18_4	1e-05	0	0.0	0	0.0	0	0.0		
Unique Binding	NOT Bound Only	K562	UTP18_4	0.0001	0	0.0	0	0.0	0	0.0		
Unique Binding	NOT Bound Only	K562	UTP18_4	0.001	0	0.0	0	0.0	0	0.0		
Unique Binding	NOT Bound Only	K562	UTP18_4	0.01	0	0.0	0	0.0	0	0.0		
Unique Binding	NOT Bound Only	K562	UTP18_4	0.1	0	0.0	0	0.0	0	0.0		
Unique Binding	NOT Bound Only	K562	UTP18_5	0.0	0	0.0	0	0.0	0	0.0		
Unique Binding	NOT Bound Only	K562	UTP18_5	1e-05	0	0.0	0	0.0	0	0.0		
Unique Binding	NOT Bound Only	K562	UTP18_5	0.0001	0	0.0	0	0.0	0	0.0		
Unique Binding	NOT Bound Only	K562	UTP18_5	0.001	0	0.0	0	0.0	0	0.0		
Unique Binding	NOT Bound Only	K562	UTP18_5	0.01	0	0.0	0	0.0	0	0.0		
Unique Binding	NOT Bound Only	K562	UTP18_5	0.1	0	0.0	0	0.0	0	0.0		
Unique Binding	NOT Bound Only	K562	UTP18_6	0.0	0	0.0	0	0.0	0	0.0		
Unique Binding	NOT Bound Only	K562	UTP18_6	1e-05	0	0.0	0	0.0	0	0.0		
Unique Binding	NOT Bound Only	K562	UTP18_6	0.0001	0	0.0	0	0.0	0	0.0		
Unique Binding	NOT Bound Only	K562	UTP18_6	0.001	0	0.0	0	0.0	0	0.0		
Unique Binding	NOT Bound Only	K562	UTP18_6	0.01	0	0.0	0	0.0	0	0.0		
Unique Binding	NOT Bound Only	K562	UTP18_6	0.1	0	0.0	0	0.0	0	0.0		
Unique Binding	NOT Bound Only	K562	UTP3_1	0.0	0	0.0	0	0.0	0	0.0		
Unique Binding	NOT Bound Only	K562	UTP3_1	1e-05	0	0.0	0	0.0	0	0.0		
Unique Binding	NOT Bound Only	K562	UTP3_1	0.0001	0	0.0	0	0.0	0	0.0		
Unique Binding	NOT Bound Only	K562	UTP3_1	0.001	0	0.0	0	0.0	0	0.0		
Unique Binding	NOT Bound Only	K562	UTP3_1	0.01	0	0.0	0	0.0	0	0.0		
Unique Binding	NOT Bound Only	K562	UTP3_1	0.1	0	0.0	0	0.0	0	0.0		
Unique Binding	NOT Bound Only	K562	UTP3_2	0.0	0	0.0	0	0.0	0	0.0		
Unique Binding	NOT Bound Only	K562	UTP3_2	1e-05	0	0.0	0	0.0	0	0.0		
Unique Binding	NOT Bound Only	K562	UTP3_2	0.0001	0	0.0	0	0.0	0	0.0		
Unique Binding	NOT Bound Only	K562	UTP3_2	0.001	0	0.0	0	0.0	0	0.0		
Unique Binding	NOT Bound Only	K562	UTP3_2	0.01	0	0.0	0	0.0	0	0.0		
Unique Binding	NOT Bound Only	K562	UTP3_2	0.1	0	0.0	0	0.0	0	0.0		
Unique Binding	NOT Bound Only	K562	UTP3_3	0.0	0	0.0	0	0.0	0	0.0		
Unique Binding	NOT Bound Only	K562	UTP3_3	1e-05	0	0.0	0	0.0	0	0.0		
Unique Binding	NOT Bound Only	K562	UTP3_3	0.0001	0	0.0	0	0.0	0	0.0		
Unique Binding	NOT Bound Only	K562	UTP3_3	0.001	0	0.0	0	0.0	0	0.0		
Unique Binding	NOT Bound Only	K562	UTP3_3	0.01	0	0.0	0	0.0	0	0.0		
Unique Binding	NOT Bound Only	K562	UTP3_3	0.1	0	0.0	0	0.0	0	0.0		
Unique Binding	NOT Bound Only	K562	UTP3_4	0.0	0	0.0	0	0.0	0	0.0		
Unique Binding	NOT Bound Only	K562	UTP3_4	1e-05	0	0.0	0	0.0	0	0.0		
Unique Binding	NOT Bound Only	K562	UTP3_4	0.0001	0	0.0	0	0.0	0	0.0		
Unique Binding	NOT Bound Only	K562	UTP3_4	0.001	0	0.0	0	0.0	0	0.0		
Unique Binding	NOT Bound Only	K562	UTP3_4	0.01	0	0.0	0	0.0	0	0.0		
Unique Binding	NOT Bound Only	K562	UTP3_4	0.1	0	0.0	0	0.0	0	0.0		
Unique Binding	NOT Bound Only	K562	UTP3_5	0.0	0	0.0	0	0.0	0	0.0		
Unique Binding	NOT Bound Only	K562	UTP3_5	1e-05	0	0.0	0	0.0	0	0.0		
Unique Binding	NOT Bound Only	K562	UTP3_5	0.0001	0	0.0	0	0.0	0	0.0		
Unique Binding	NOT Bound Only	K562	UTP3_5	0.001	0	0.0	0	0.0	0	0.0		
Unique Binding	NOT Bound Only	K562	UTP3_5	0.01	0	0.0	0	0.0	0	0.0		
Unique Binding	NOT Bound Only	K562	UTP3_5	0.1	0	0.0	0	0.0	0	0.0		
Unique Binding	NOT Bound Only	K562	UTP3_6	0.0	0	0.0	0	0.0	0	0.0		
Unique Binding	NOT Bound Only	K562	UTP3_6	1e-05	0	0.0	0	0.0	0	0.0		
Unique Binding	NOT Bound Only	K562	UTP3_6	0.0001	0	0.0	0	0.0	0	0.0		
Unique Binding	NOT Bound Only	K562	UTP3_6	0.001	0	0.0	0	0.0	0	0.0		
Unique Binding	NOT Bound Only	K562	UTP3_6	0.01	0	0.0	0	0.0	0	0.0		
Unique Binding	NOT Bound Only	K562	UTP3_6	0.1	0	0.0	0	0.0	0	0.0		
Unique Binding	NOT Bound Only	K562	WDR3_1	0.0	0	0.0	0	0.0	0	0.0		
Unique Binding	NOT Bound Only	K562	WDR3_1	1e-05	0	0.0	0	0.0	0	0.0		
Unique Binding	NOT Bound Only	K562	WDR3_1	0.0001	0	0.0	0	0.0	0	0.0		
Unique Binding	NOT Bound Only	K562	WDR3_1	0.001	0	0.0	0	0.0	0	0.0		
Unique Binding	NOT Bound Only	K562	WDR3_1	0.01	0	0.0	0	0.0	0	0.0		
Unique Binding	NOT Bound Only	K562	WDR3_1	0.1	0	0.0	0	0.0	0	0.0		
Unique Binding	NOT Bound Only	K562	WDR3_2	0.0	0	0.0	0	0.0	0	0.0		
Unique Binding	NOT Bound Only	K562	WDR3_2	1e-05	0	0.0	0	0.0	0	0.0		
Unique Binding	NOT Bound Only	K562	WDR3_2	0.0001	0	0.0	0	0.0	0	0.0		
Unique Binding	NOT Bound Only	K562	WDR3_2	0.001	0	0.0	0	0.0	0	0.0		
Unique Binding	NOT Bound Only	K562	WDR3_2	0.01	0	0.0	0	0.0	0	0.0		
Unique Binding	NOT Bound Only	K562	WDR3_2	0.1	0	0.0	0	0.0	0	0.0		
Unique Binding	NOT Bound Only	K562	WDR3_3	0.0	0	0.0	0	0.0	0	0.0		
Unique Binding	NOT Bound Only	K562	WDR3_3	1e-05	0	0.0	0	0.0	0	0.0		
Unique Binding	NOT Bound Only	K562	WDR3_3	0.0001	0	0.0	0	0.0	0	0.0		
Unique Binding	NOT Bound Only	K562	WDR3_3	0.001	0	0.0	0	0.0	0	0.0		
Unique Binding	NOT Bound Only	K562	WDR3_3	0.01	0	0.0	0	0.0	0	0.0		
Unique Binding	NOT Bound Only	K562	WDR3_3	0.1	0	0.0	0	0.0	0	0.0		
Unique Binding	NOT Bound Only	K562	WDR3_4	0.0	0	0.0	0	0.0	0	0.0		
Unique Binding	NOT Bound Only	K562	WDR3_4	1e-05	0	0.0	0	0.0	0	0.0		
Unique Binding	NOT Bound Only	K562	WDR3_4	0.0001	0	0.0	0	0.0	0	0.0		
Unique Binding	NOT Bound Only	K562	WDR3_4	0.001	0	0.0	0	0.0	0	0.0		
Unique Binding	NOT Bound Only	K562	WDR3_4	0.01	0	0.0	0	0.0	0	0.0		
Unique Binding	NOT Bound Only	K562	WDR3_4	0.1	0	0.0	0	0.0	0	0.0		
Unique Binding	NOT Bound Only	K562	WDR3_5	0.0	0	0.0	0	0.0	0	0.0		
Unique Binding	NOT Bound Only	K562	WDR3_5	1e-05	0	0.0	0	0.0	0	0.0		
Unique Binding	NOT Bound Only	K562	WDR3_5	0.0001	0	0.0	0	0.0	0	0.0		
Unique Binding	NOT Bound Only	K562	WDR3_5	0.001	0	0.0	0	0.0	0	0.0		
Unique Binding	NOT Bound Only	K562	WDR3_5	0.01	0	0.0	0	0.0	0	0.0		
Unique Binding	NOT Bound Only	K562	WDR3_5	0.1	0	0.0	0	0.0	0	0.0		
Unique Binding	NOT Bound Only	K562	WDR3_6	0.0	0	0.0	0	0.0	0	0.0		
Unique Binding	NOT Bound Only	K562	WDR3_6	1e-05	0	0.0	0	0.0	0	0.0		
Unique Binding	NOT Bound Only	K562	WDR3_6	0.0001	0	0.0	0	0.0	0	0.0		
Unique Binding	NOT Bound Only	K562	WDR3_6	0.001	0	0.0	0	0.0	0	0.0		
Unique Binding	NOT Bound Only	K562	WDR3_6	0.01	0	0.0	0	0.0	0	0.0		
Unique Binding	NOT Bound Only	K562	WDR3_6	0.1	0	0.0	0	0.0	0	0.0		
Unique Binding	NOT Bound Only	K562	WDR43_1	0.0	0	0.0	0	0.0	0	0.0		
Unique Binding	NOT Bound Only	K562	WDR43_1	1e-05	0	0.0	0	0.0	0	0.0		
Unique Binding	NOT Bound Only	K562	WDR43_1	0.0001	0	0.0	0	0.0	0	0.0		
Unique Binding	NOT Bound Only	K562	WDR43_1	0.001	0	0.0	0	0.0	0	0.0		
Unique Binding	NOT Bound Only	K562	WDR43_1	0.01	0	0.0	0	0.0	0	0.0		
Unique Binding	NOT Bound Only	K562	WDR43_1	0.1	0	0.0	0	0.0	0	0.0		
Unique Binding	NOT Bound Only	K562	WDR43_2	0.0	0	0.0	0	0.0	0	0.0		
Unique Binding	NOT Bound Only	K562	WDR43_2	1e-05	0	0.0	0	0.0	0	0.0		
Unique Binding	NOT Bound Only	K562	WDR43_2	0.0001	0	0.0	0	0.0	0	0.0		
Unique Binding	NOT Bound Only	K562	WDR43_2	0.001	0	0.0	0	0.0	0	0.0		
Unique Binding	NOT Bound Only	K562	WDR43_2	0.01	0	0.0	0	0.0	0	0.0		
Unique Binding	NOT Bound Only	K562	WDR43_2	0.1	0	0.0	0	0.0	0	0.0		
Unique Binding	NOT Bound Only	K562	WDR43_3	0.0	0	0.0	0	0.0	0	0.0		
Unique Binding	NOT Bound Only	K562	WDR43_3	1e-05	0	0.0	0	0.0	0	0.0		
Unique Binding	NOT Bound Only	K562	WDR43_3	0.0001	0	0.0	0	0.0	0	0.0		
Unique Binding	NOT Bound Only	K562	WDR43_3	0.001	0	0.0	0	0.0	0	0.0		
Unique Binding	NOT Bound Only	K562	WDR43_3	0.01	0	0.0	0	0.0	0	0.0		
Unique Binding	NOT Bound Only	K562	WDR43_3	0.1	0	0.0	0	0.0	0	0.0		
Unique Binding	NOT Bound Only	K562	WDR43_4	0.0	0	0.0	0	0.0	0	0.0		
Unique Binding	NOT Bound Only	K562	WDR43_4	1e-05	0	0.0	0	0.0	0	0.0		
Unique Binding	NOT Bound Only	K562	WDR43_4	0.0001	0	0.0	0	0.0	0	0.0		
Unique Binding	NOT Bound Only	K562	WDR43_4	0.001	0	0.0	0	0.0	0	0.0		
Unique Binding	NOT Bound Only	K562	WDR43_4	0.01	0	0.0	0	0.0	0	0.0		
Unique Binding	NOT Bound Only	K562	WDR43_4	0.1	0	0.0	0	0.0	0	0.0		
Unique Binding	NOT Bound Only	K562	WDR43_5	0.0	0	0.0	0	0.0	0	0.0		
Unique Binding	NOT Bound Only	K562	WDR43_5	1e-05	0	0.0	0	0.0	0	0.0		
Unique Binding	NOT Bound Only	K562	WDR43_5	0.0001	0	0.0	0	0.0	0	0.0		
Unique Binding	NOT Bound Only	K562	WDR43_5	0.001	0	0.0	0	0.0	0	0.0		
Unique Binding	NOT Bound Only	K562	WDR43_5	0.01	0	0.0	0	0.0	0	0.0		
Unique Binding	NOT Bound Only	K562	WDR43_5	0.1	0	0.0	0	0.0	0	0.0		
Unique Binding	NOT Bound Only	K562	WDR43_6	0.0	0	0.0	0	0.0	0	0.0		
Unique Binding	NOT Bound Only	K562	WDR43_6	1e-05	0	0.0	0	0.0	0	0.0		
Unique Binding	NOT Bound Only	K562	WDR43_6	0.0001	0	0.0	0	0.0	0	0.0		
Unique Binding	NOT Bound Only	K562	WDR43_6	0.001	0	0.0	0	0.0	0	0.0		
Unique Binding	NOT Bound Only	K562	WDR43_6	0.01	0	0.0	0	0.0	0	0.0		
Unique Binding	NOT Bound Only	K562	WDR43_6	0.1	0	0.0	0	0.0	0	0.0		
Unique Binding	NOT Bound Only	K562	WRN_1	0.0	0	0.0	0	0.0	0	0.0		
Unique Binding	NOT Bound Only	K562	WRN_1	1e-05	0	0.0	0	0.0	0	0.0		
Unique Binding	NOT Bound Only	K562	WRN_1	0.0001	0	0.0	0	0.0	0	0.0		
Unique Binding	NOT Bound Only	K562	WRN_1	0.001	0	0.0	0	0.0	0	0.0		
Unique Binding	NOT Bound Only	K562	WRN_1	0.01	0	0.0	0	0.0	0	0.0		
Unique Binding	NOT Bound Only	K562	WRN_1	0.1	0	0.0	0	0.0	0	0.0		
Unique Binding	NOT Bound Only	K562	WRN_2	0.0	0	0.0	0	0.0	0	0.0		
Unique Binding	NOT Bound Only	K562	WRN_2	1e-05	0	0.0	0	0.0	0	0.0		
Unique Binding	NOT Bound Only	K562	WRN_2	0.0001	0	0.0	0	0.0	0	0.0		
Unique Binding	NOT Bound Only	K562	WRN_2	0.001	0	0.0	0	0.0	0	0.0		
Unique Binding	NOT Bound Only	K562	WRN_2	0.01	0	0.0	0	0.0	0	0.0		
Unique Binding	NOT Bound Only	K562	WRN_2	0.1	0	0.0	0	0.0	0	0.0		
Unique Binding	NOT Bound Only	K562	WRN_3	0.0	0	0.0	0	0.0	0	0.0		
Unique Binding	NOT Bound Only	K562	WRN_3	1e-05	0	0.0	0	0.0	0	0.0		
Unique Binding	NOT Bound Only	K562	WRN_3	0.0001	0	0.0	0	0.0	0	0.0		
Unique Binding	NOT Bound Only	K562	WRN_3	0.001	0	0.0	0	0.0	0	0.0		
Unique Binding	NOT Bound Only	K562	WRN_3	0.01	0	0.0	0	0.0	0	0.0		
Unique Binding	NOT Bound Only	K562	WRN_3	0.1	0	0.0	0	0.0	0	0.0		
Unique Binding	NOT Bound Only	K562	WRN_4	0.0	0	0.0	0	0.0	0	0.0		
Unique Binding	NOT Bound Only	K562	WRN_4	1e-05	0	0.0	0	0.0	0	0.0		
Unique Binding	NOT Bound Only	K562	WRN_4	0.0001	0	0.0	0	0.0	0	0.0		
Unique Binding	NOT Bound Only	K562	WRN_4	0.001	0	0.0	0	0.0	0	0.0		
Unique Binding	NOT Bound Only	K562	WRN_4	0.01	0	0.0	0	0.0	0	0.0		
Unique Binding	NOT Bound Only	K562	WRN_4	0.1	0	0.0	0	0.0	0	0.0		
Unique Binding	NOT Bound Only	K562	WRN_5	0.0	0	0.0	0	0.0	0	0.0		
Unique Binding	NOT Bound Only	K562	WRN_5	1e-05	0	0.0	0	0.0	0	0.0		
Unique Binding	NOT Bound Only	K562	WRN_5	0.0001	0	0.0	0	0.0	0	0.0		
Unique Binding	NOT Bound Only	K562	WRN_5	0.001	0	0.0	0	0.0	0	0.0		
Unique Binding	NOT Bound Only	K562	WRN_5	0.01	0	0.0	0	0.0	0	0.0		
Unique Binding	NOT Bound Only	K562	WRN_5	0.1	0	0.0	0	0.0	0	0.0		
Unique Binding	NOT Bound Only	K562	WRN_6	0.0	0	0.0	0	0.0	0	0.0		
Unique Binding	NOT Bound Only	K562	WRN_6	1e-05	0	0.0	0	0.0	0	0.0		
Unique Binding	NOT Bound Only	K562	WRN_6	0.0001	0	0.0	0	0.0	0	0.0		
Unique Binding	NOT Bound Only	K562	WRN_6	0.001	0	0.0	0	0.0	0	0.0		
Unique Binding	NOT Bound Only	K562	WRN_6	0.01	0	0.0	0	0.0	0	0.0		
Unique Binding	NOT Bound Only	K562	WRN_6	0.1	0	0.0	0	0.0	0	0.0		
Unique Binding	NOT Bound Only	K562	XRCC6_1	0.0	151617	100.0	151617	6.753913797560876	0	0.0	6.753913797560876	1.0
Unique Binding	NOT Bound Only	K562	XRCC6_1	1e-05	151611	99.99604266012386	151611	6.753857447796426	0	0.0	6.753857447796426	1.0
Unique Binding	NOT Bound Only	K562	XRCC6_1	0.0001	1304	0.8600618664133969	1304	0.16353174616322713	0	0.0	0.16353174616322713	1.0
Unique Binding	NOT Bound Only	K562	XRCC6_1	0.001	0	0.0	0	0.0	0	0.0		
Unique Binding	NOT Bound Only	K562	XRCC6_1	0.01	0	0.0	0	0.0	0	0.0		
Unique Binding	NOT Bound Only	K562	XRCC6_1	0.1	0	0.0	0	0.0	0	0.0		
Unique Binding	NOT Bound Only	K562	XRCC6_2	0.0	0	0.0	0	0.0	0	0.0		
Unique Binding	NOT Bound Only	K562	XRCC6_2	1e-05	0	0.0	0	0.0	0	0.0		
Unique Binding	NOT Bound Only	K562	XRCC6_2	0.0001	0	0.0	0	0.0	0	0.0		
Unique Binding	NOT Bound Only	K562	XRCC6_2	0.001	0	0.0	0	0.0	0	0.0		
Unique Binding	NOT Bound Only	K562	XRCC6_2	0.01	0	0.0	0	0.0	0	0.0		
Unique Binding	NOT Bound Only	K562	XRCC6_2	0.1	0	0.0	0	0.0	0	0.0		
Unique Binding	NOT Bound Only	K562	XRCC6_3	0.0	0	0.0	0	0.0	0	0.0		
Unique Binding	NOT Bound Only	K562	XRCC6_3	1e-05	0	0.0	0	0.0	0	0.0		
Unique Binding	NOT Bound Only	K562	XRCC6_3	0.0001	0	0.0	0	0.0	0	0.0		
Unique Binding	NOT Bound Only	K562	XRCC6_3	0.001	0	0.0	0	0.0	0	0.0		
Unique Binding	NOT Bound Only	K562	XRCC6_3	0.01	0	0.0	0	0.0	0	0.0		
Unique Binding	NOT Bound Only	K562	XRCC6_3	0.1	0	0.0	0	0.0	0	0.0		
Unique Binding	NOT Bound Only	K562	XRCC6_4	0.0	0	0.0	0	0.0	0	0.0		
Unique Binding	NOT Bound Only	K562	XRCC6_4	1e-05	0	0.0	0	0.0	0	0.0		
Unique Binding	NOT Bound Only	K562	XRCC6_4	0.0001	0	0.0	0	0.0	0	0.0		
Unique Binding	NOT Bound Only	K562	XRCC6_4	0.001	0	0.0	0	0.0	0	0.0		
Unique Binding	NOT Bound Only	K562	XRCC6_4	0.01	0	0.0	0	0.0	0	0.0		
Unique Binding	NOT Bound Only	K562	XRCC6_4	0.1	0	0.0	0	0.0	0	0.0		
Unique Binding	NOT Bound Only	K562	XRCC6_5	0.0	0	0.0	0	0.0	0	0.0		
Unique Binding	NOT Bound Only	K562	XRCC6_5	1e-05	0	0.0	0	0.0	0	0.0		
Unique Binding	NOT Bound Only	K562	XRCC6_5	0.0001	0	0.0	0	0.0	0	0.0		
Unique Binding	NOT Bound Only	K562	XRCC6_5	0.001	0	0.0	0	0.0	0	0.0		
Unique Binding	NOT Bound Only	K562	XRCC6_5	0.01	0	0.0	0	0.0	0	0.0		
Unique Binding	NOT Bound Only	K562	XRCC6_5	0.1	0	0.0	0	0.0	0	0.0		
Unique Binding	NOT Bound Only	K562	XRCC6_6	0.0	0	0.0	0	0.0	0	0.0		
Unique Binding	NOT Bound Only	K562	XRCC6_6	1e-05	0	0.0	0	0.0	0	0.0		
Unique Binding	NOT Bound Only	K562	XRCC6_6	0.0001	0	0.0	0	0.0	0	0.0		
Unique Binding	NOT Bound Only	K562	XRCC6_6	0.001	0	0.0	0	0.0	0	0.0		
Unique Binding	NOT Bound Only	K562	XRCC6_6	0.01	0	0.0	0	0.0	0	0.0		
Unique Binding	NOT Bound Only	K562	XRCC6_6	0.1	0	0.0	0	0.0	0	0.0		
Unique Binding	NOT Bound Only	K562	XRN2_1	0.0	0	0.0	0	0.0	0	0.0		
Unique Binding	NOT Bound Only	K562	XRN2_1	1e-05	0	0.0	0	0.0	0	0.0		
Unique Binding	NOT Bound Only	K562	XRN2_1	0.0001	0	0.0	0	0.0	0	0.0		
Unique Binding	NOT Bound Only	K562	XRN2_1	0.001	0	0.0	0	0.0	0	0.0		
Unique Binding	NOT Bound Only	K562	XRN2_1	0.01	0	0.0	0	0.0	0	0.0		
Unique Binding	NOT Bound Only	K562	XRN2_1	0.1	0	0.0	0	0.0	0	0.0		
Unique Binding	NOT Bound Only	K562	XRN2_2	0.0	148901	100.0	148901	128.92953412001424	0	0.0	128.92953412001424	1.0
Unique Binding	NOT Bound Only	K562	XRN2_2	1e-05	148901	100.0	148901	128.92953412001424	0	0.0	128.92953412001424	1.0
Unique Binding	NOT Bound Only	K562	XRN2_2	0.0001	148898	99.99798523851418	148898	128.92925531827666	0	0.0	128.92925531827666	1.0
Unique Binding	NOT Bound Only	K562	XRN2_2	0.001	48686	32.696892566201704	48686	71.80733443645329	0	0.0	71.80733443645329	1.0
Unique Binding	NOT Bound Only	K562	XRN2_2	0.01	0	0.0	0	0.0	0	0.0		
Unique Binding	NOT Bound Only	K562	XRN2_2	0.1	0	0.0	0	0.0	0	0.0		
Unique Binding	NOT Bound Only	K562	XRN2_3	0.0	151284	100.0	146757	0.18272296788277576	4527	-0.00101528577894028	0.18170768210383548	0.9889485639630652
Unique Binding	NOT Bound Only	K562	XRN2_3	1e-05	4715	3.116654768514846	4702	0.08927844208204709	13	-0.0007444832358187555	0.08853395884622833	0.9834601412209162
Unique Binding	NOT Bound Only	K562	XRN2_3	0.0001	2	0.0013220168689352476	2	0.0002601648256459683	0	0.0	0.0002601648256459683	1.0
Unique Binding	NOT Bound Only	K562	XRN2_3	0.001	0	0.0	0	0.0	0	0.0		
Unique Binding	NOT Bound Only	K562	XRN2_3	0.01	0	0.0	0	0.0	0	0.0		
Unique Binding	NOT Bound Only	K562	XRN2_3	0.1	0	0.0	0	0.0	0	0.0		
Unique Binding	NOT Bound Only	K562	XRN2_4	0.0	151307	100.0	151307	48.58223138579472	0	0.0	48.58223138579472	1.0
Unique Binding	NOT Bound Only	K562	XRN2_4	1e-05	151307	100.0	151307	48.58223138579472	0	0.0	48.58223138579472	1.0
Unique Binding	NOT Bound Only	K562	XRN2_4	0.0001	151085	99.85327843391251	151085	48.561821656962934	0	0.0	48.561821656962934	1.0
Unique Binding	NOT Bound Only	K562	XRN2_4	0.001	15	0.009913619330235879	15	0.017031787527477915	0	0.0	0.017031787527477915	1.0
Unique Binding	NOT Bound Only	K562	XRN2_4	0.01	0	0.0	0	0.0	0	0.0		
Unique Binding	NOT Bound Only	K562	XRN2_4	0.1	0	0.0	0	0.0	0	0.0		
Unique Binding	NOT Bound Only	K562	XRN2_5	0.0	0	0.0	0	0.0	0	0.0		
Unique Binding	NOT Bound Only	K562	XRN2_5	1e-05	0	0.0	0	0.0	0	0.0		
Unique Binding	NOT Bound Only	K562	XRN2_5	0.0001	0	0.0	0	0.0	0	0.0		
Unique Binding	NOT Bound Only	K562	XRN2_5	0.001	0	0.0	0	0.0	0	0.0		
Unique Binding	NOT Bound Only	K562	XRN2_5	0.01	0	0.0	0	0.0	0	0.0		
Unique Binding	NOT Bound Only	K562	XRN2_5	0.1	0	0.0	0	0.0	0	0.0		
Unique Binding	NOT Bound Only	K562	XRN2_6	0.0	0	0.0	0	0.0	0	0.0		
Unique Binding	NOT Bound Only	K562	XRN2_6	1e-05	0	0.0	0	0.0	0	0.0		
Unique Binding	NOT Bound Only	K562	XRN2_6	0.0001	0	0.0	0	0.0	0	0.0		
Unique Binding	NOT Bound Only	K562	XRN2_6	0.001	0	0.0	0	0.0	0	0.0		
Unique Binding	NOT Bound Only	K562	XRN2_6	0.01	0	0.0	0	0.0	0	0.0		
Unique Binding	NOT Bound Only	K562	XRN2_6	0.1	0	0.0	0	0.0	0	0.0		
Unique Binding	NOT Bound Only	K562	YBX3_1	0.0	143331	100.0	10937	0.8135529343099135	132394	-12.119252797802867	-11.305699863492954	-0.8741877128348381
Unique Binding	NOT Bound Only	K562	YBX3_1	1e-05	139809	97.54275069594156	9357	0.8057055788846058	130452	-12.109408001319771	-11.303702422435165	-0.8752305856419954
Unique Binding	NOT Bound Only	K562	YBX3_1	0.0001	48647	33.940319958697	2174	0.5133857200204915	46473	-6.883130345743615	-6.369744625723123	-0.861181746796502
Unique Binding	NOT Bound Only	K562	YBX3_1	0.001	0	0.0	0	0.0	0	0.0		
Unique Binding	NOT Bound Only	K562	YBX3_1	0.01	0	0.0	0	0.0	0	0.0		
Unique Binding	NOT Bound Only	K562	YBX3_1	0.1	0	0.0	0	0.0	0	0.0		
Unique Binding	NOT Bound Only	K562	YBX3_2	0.0	140699	100.0	140202	221.16483753556685	497	-0.19570890173516203	220.96912863383167	0.9982317634747021
Unique Binding	NOT Bound Only	K562	YBX3_2	1e-05	140665	99.97583493841464	140187	221.16474301437574	478	-0.19560754503606853	220.96913546933968	0.9982326776720245
Unique Binding	NOT Bound Only	K562	YBX3_2	0.0001	140271	99.69580451886651	139946	221.15070025004246	325	-0.18800251910586424	220.9626977309366	0.9983012232677452
Unique Binding	NOT Bound Only	K562	YBX3_2	0.001	98322	69.88109368225787	98258	190.6474967825564	64	-0.09020048414856283	190.55729629840783	0.9990541934243607
Unique Binding	NOT Bound Only	K562	YBX3_2	0.01	0	0.0	0	0.0	0	0.0		
Unique Binding	NOT Bound Only	K562	YBX3_2	0.1	0	0.0	0	0.0	0	0.0		
Unique Binding	NOT Bound Only	K562	YBX3_3	0.0	141691	100.0	2253	0.428135017013737	139438	-604.4275338148935	-603.9993987978798	-0.9985843399042932
Unique Binding	NOT Bound Only	K562	YBX3_3	1e-05	141545	99.89695887529906	2178	0.4277396692876008	139367	-604.4271764942465	-603.9994368249589	-0.9985856453907968
Unique Binding	NOT Bound Only	K562	YBX3_3	0.0001	139944	98.76703530922923	1478	0.3911914323786009	138466	-604.3766164634383	-603.9854250310597	-0.9987063086782357
Unique Binding	NOT Bound Only	K562	YBX3_3	0.001	115099	81.23240008186829	1	0.0011191749499593266	115098	-590.0833618148594	-590.0822426399094	-0.9999962067297615
Unique Binding	NOT Bound Only	K562	YBX3_3	0.01	13050	9.210182721556063	0	0.0	13050	-151.73569591005662	-151.73569591005662	-1.0
Unique Binding	NOT Bound Only	K562	YBX3_3	0.1	0	0.0	0	0.0	0	0.0		
Unique Binding	NOT Bound Only	K562	YBX3_4	0.0	141199	100.0	4369	0.8600075032707455	136830	-505.59612733472	-504.73611983144923	-0.9966038223486191
Unique Binding	NOT Bound Only	K562	YBX3_4	1e-05	140839	99.74504068725699	4199	0.8591743991381309	136640	-505.59519545038495	-504.73602105124684	-0.9966071004604289
Unique Binding	NOT Bound Only	K562	YBX3_4	0.0001	137180	97.15366256134959	2845	0.78636786947564	134335	-505.46075023393587	-504.67438236446026	-0.9968933438182458
Unique Binding	NOT Bound Only	K562	YBX3_4	0.001	99331	70.34823192798815	25	0.02808992012968691	99306	-486.2356461631518	-486.2075562430221	-0.9998844663171639
Unique Binding	NOT Bound Only	K562	YBX3_4	0.01	8579	6.075822066728518	0	0.0	8579	-104.39241030032959	-104.39241030032959	-1.0
Unique Binding	NOT Bound Only	K562	YBX3_4	0.1	0	0.0	0	0.0	0	0.0		
Unique Binding	NOT Bound Only	K562	YBX3_5	0.0	139651	100.0	135084	85.09098803347025	4567	-0.7924038141993015	84.29858421927095	0.9815469837147377
Unique Binding	NOT Bound Only	K562	YBX3_5	1e-05	139156	99.6455449656644	134843	85.08981472978742	4313	-0.7911306903633029	84.29868403942412	0.9815761066324341
Unique Binding	NOT Bound Only	K562	YBX3_5	0.0001	135383	96.9438099261731	132822	84.98444092364444	2561	-0.7030416780543679	84.28139924559008	0.9835905628988469
Unique Binding	NOT Bound Only	K562	YBX3_5	0.001	13172	9.432084267208971	13161	22.35009678223269	11	-0.012277612723213089	22.337819169509476	0.9989019401512227
Unique Binding	NOT Bound Only	K562	YBX3_5	0.01	0	0.0	0	0.0	0	0.0		
Unique Binding	NOT Bound Only	K562	YBX3_5	0.1	0	0.0	0	0.0	0	0.0		
Unique Binding	NOT Bound Only	K562	YBX3_6	0.0	140556	100.0	140534	357.7447543998965	22	-0.0028392420652485293	357.7419151578313	0.99998412712138
Unique Binding	NOT Bound Only	K562	YBX3_6	1e-05	140553	99.99786561939726	140532	357.74474469512364	21	-0.0028325228883388895	357.7419121722353	0.9999841646844382
Unique Binding	NOT Bound Only	K562	YBX3_6	0.0001	140529	99.98079057457527	140516	357.7439546802619	13	-0.0024880756543202557	357.7414666046076	0.9999860902843078
Unique Binding	NOT Bound Only	K562	YBX3_6	0.001	133300	94.83764478215089	133300	351.84421237841275	0	0.0	351.84421237841275	1.0
Unique Binding	NOT Bound Only	K562	YBX3_6	0.01	0	0.0	0	0.0	0	0.0		
Unique Binding	NOT Bound Only	K562	YBX3_6	0.1	0	0.0	0	0.0	0	0.0		
Unique Binding	NOT Bound Only	K562	YWHAG_1	0.0	152074	100.0	151726	1.2998709089326506	348	-0.021433644750588052	1.2784372641820625	0.9675568441948676
Unique Binding	NOT Bound Only	K562	YWHAG_1	1e-05	49301	32.41908544524376	48957	0.6968379531228868	344	-0.02139702291014601	0.6754409302127408	0.9404177640350337
Unique Binding	NOT Bound Only	K562	YWHAG_1	0.0001	77	0.05063324434157055	0	0.0	77	-0.011344525460987019	-0.011344525460987019	-1.0
Unique Binding	NOT Bound Only	K562	YWHAG_1	0.001	0	0.0	0	0.0	0	0.0		
Unique Binding	NOT Bound Only	K562	YWHAG_1	0.01	0	0.0	0	0.0	0	0.0		
Unique Binding	NOT Bound Only	K562	YWHAG_1	0.1	0	0.0	0	0.0	0	0.0		
Unique Binding	NOT Bound Only	K562	YWHAG_2	0.0	0	0.0	0	0.0	0	0.0		
Unique Binding	NOT Bound Only	K562	YWHAG_2	1e-05	0	0.0	0	0.0	0	0.0		
Unique Binding	NOT Bound Only	K562	YWHAG_2	0.0001	0	0.0	0	0.0	0	0.0		
Unique Binding	NOT Bound Only	K562	YWHAG_2	0.001	0	0.0	0	0.0	0	0.0		
Unique Binding	NOT Bound Only	K562	YWHAG_2	0.01	0	0.0	0	0.0	0	0.0		
Unique Binding	NOT Bound Only	K562	YWHAG_2	0.1	0	0.0	0	0.0	0	0.0		
Unique Binding	NOT Bound Only	K562	YWHAG_3	0.0	0	0.0	0	0.0	0	0.0		
Unique Binding	NOT Bound Only	K562	YWHAG_3	1e-05	0	0.0	0	0.0	0	0.0		
Unique Binding	NOT Bound Only	K562	YWHAG_3	0.0001	0	0.0	0	0.0	0	0.0		
Unique Binding	NOT Bound Only	K562	YWHAG_3	0.001	0	0.0	0	0.0	0	0.0		
Unique Binding	NOT Bound Only	K562	YWHAG_3	0.01	0	0.0	0	0.0	0	0.0		
Unique Binding	NOT Bound Only	K562	YWHAG_3	0.1	0	0.0	0	0.0	0	0.0		
Unique Binding	NOT Bound Only	K562	YWHAG_4	0.0	0	0.0	0	0.0	0	0.0		
Unique Binding	NOT Bound Only	K562	YWHAG_4	1e-05	0	0.0	0	0.0	0	0.0		
Unique Binding	NOT Bound Only	K562	YWHAG_4	0.0001	0	0.0	0	0.0	0	0.0		
Unique Binding	NOT Bound Only	K562	YWHAG_4	0.001	0	0.0	0	0.0	0	0.0		
Unique Binding	NOT Bound Only	K562	YWHAG_4	0.01	0	0.0	0	0.0	0	0.0		
Unique Binding	NOT Bound Only	K562	YWHAG_4	0.1	0	0.0	0	0.0	0	0.0		
Unique Binding	NOT Bound Only	K562	YWHAG_5	0.0	0	0.0	0	0.0	0	0.0		
Unique Binding	NOT Bound Only	K562	YWHAG_5	1e-05	0	0.0	0	0.0	0	0.0		
Unique Binding	NOT Bound Only	K562	YWHAG_5	0.0001	0	0.0	0	0.0	0	0.0		
Unique Binding	NOT Bound Only	K562	YWHAG_5	0.001	0	0.0	0	0.0	0	0.0		
Unique Binding	NOT Bound Only	K562	YWHAG_5	0.01	0	0.0	0	0.0	0	0.0		
Unique Binding	NOT Bound Only	K562	YWHAG_5	0.1	0	0.0	0	0.0	0	0.0		
Unique Binding	NOT Bound Only	K562	YWHAG_6	0.0	0	0.0	0	0.0	0	0.0		
Unique Binding	NOT Bound Only	K562	YWHAG_6	1e-05	0	0.0	0	0.0	0	0.0		
Unique Binding	NOT Bound Only	K562	YWHAG_6	0.0001	0	0.0	0	0.0	0	0.0		
Unique Binding	NOT Bound Only	K562	YWHAG_6	0.001	0	0.0	0	0.0	0	0.0		
Unique Binding	NOT Bound Only	K562	YWHAG_6	0.01	0	0.0	0	0.0	0	0.0		
Unique Binding	NOT Bound Only	K562	YWHAG_6	0.1	0	0.0	0	0.0	0	0.0		
Unique Binding	NOT Bound Only	K562	ZC3H11A_1	0.0	0	0.0	0	0.0	0	0.0		
Unique Binding	NOT Bound Only	K562	ZC3H11A_1	1e-05	0	0.0	0	0.0	0	0.0		
Unique Binding	NOT Bound Only	K562	ZC3H11A_1	0.0001	0	0.0	0	0.0	0	0.0		
Unique Binding	NOT Bound Only	K562	ZC3H11A_1	0.001	0	0.0	0	0.0	0	0.0		
Unique Binding	NOT Bound Only	K562	ZC3H11A_1	0.01	0	0.0	0	0.0	0	0.0		
Unique Binding	NOT Bound Only	K562	ZC3H11A_1	0.1	0	0.0	0	0.0	0	0.0		
Unique Binding	NOT Bound Only	K562	ZC3H11A_2	0.0	0	0.0	0	0.0	0	0.0		
Unique Binding	NOT Bound Only	K562	ZC3H11A_2	1e-05	0	0.0	0	0.0	0	0.0		
Unique Binding	NOT Bound Only	K562	ZC3H11A_2	0.0001	0	0.0	0	0.0	0	0.0		
Unique Binding	NOT Bound Only	K562	ZC3H11A_2	0.001	0	0.0	0	0.0	0	0.0		
Unique Binding	NOT Bound Only	K562	ZC3H11A_2	0.01	0	0.0	0	0.0	0	0.0		
Unique Binding	NOT Bound Only	K562	ZC3H11A_2	0.1	0	0.0	0	0.0	0	0.0		
Unique Binding	NOT Bound Only	K562	ZC3H11A_3	0.0	0	0.0	0	0.0	0	0.0		
Unique Binding	NOT Bound Only	K562	ZC3H11A_3	1e-05	0	0.0	0	0.0	0	0.0		
Unique Binding	NOT Bound Only	K562	ZC3H11A_3	0.0001	0	0.0	0	0.0	0	0.0		
Unique Binding	NOT Bound Only	K562	ZC3H11A_3	0.001	0	0.0	0	0.0	0	0.0		
Unique Binding	NOT Bound Only	K562	ZC3H11A_3	0.01	0	0.0	0	0.0	0	0.0		
Unique Binding	NOT Bound Only	K562	ZC3H11A_3	0.1	0	0.0	0	0.0	0	0.0		
Unique Binding	NOT Bound Only	K562	ZC3H11A_4	0.0	0	0.0	0	0.0	0	0.0		
Unique Binding	NOT Bound Only	K562	ZC3H11A_4	1e-05	0	0.0	0	0.0	0	0.0		
Unique Binding	NOT Bound Only	K562	ZC3H11A_4	0.0001	0	0.0	0	0.0	0	0.0		
Unique Binding	NOT Bound Only	K562	ZC3H11A_4	0.001	0	0.0	0	0.0	0	0.0		
Unique Binding	NOT Bound Only	K562	ZC3H11A_4	0.01	0	0.0	0	0.0	0	0.0		
Unique Binding	NOT Bound Only	K562	ZC3H11A_4	0.1	0	0.0	0	0.0	0	0.0		
Unique Binding	NOT Bound Only	K562	ZC3H11A_5	0.0	151764	100.0	0	0.0	151764	-31.917140124255578	-31.917140124255578	-1.0
Unique Binding	NOT Bound Only	K562	ZC3H11A_5	1e-05	150710	99.30550064573944	0	0.0	150710	-31.909176719259854	-31.909176719259854	-1.0
Unique Binding	NOT Bound Only	K562	ZC3H11A_5	0.0001	87081	57.37922036846683	0	0.0	87081	-28.560263347964703	-28.560263347964703	-1.0
Unique Binding	NOT Bound Only	K562	ZC3H11A_5	0.001	29	0.019108616009066708	0	0.0	29	-0.02944813112767011	-0.02944813112767011	-1.0
Unique Binding	NOT Bound Only	K562	ZC3H11A_5	0.01	0	0.0	0	0.0	0	0.0		
Unique Binding	NOT Bound Only	K562	ZC3H11A_5	0.1	0	0.0	0	0.0	0	0.0		
Unique Binding	NOT Bound Only	K562	ZC3H11A_6	0.0	150916	100.0	971	0.015230586661595383	149945	-23.410282294841178	-23.395051708179583	-0.99869965821123
Unique Binding	NOT Bound Only	K562	ZC3H11A_6	1e-05	148916	98.6747594688436	374	0.012791738318843733	148542	-23.40169559719335	-23.388903858874507	-0.9989073655010638
Unique Binding	NOT Bound Only	K562	ZC3H11A_6	0.0001	80962	53.64706194174242	20	0.004050394449863105	80942	-19.547258293675558	-19.543207899225695	-0.9995856651322453
Unique Binding	NOT Bound Only	K562	ZC3H11A_6	0.001	0	0.0	0	0.0	0	0.0		
Unique Binding	NOT Bound Only	K562	ZC3H11A_6	0.01	0	0.0	0	0.0	0	0.0		
Unique Binding	NOT Bound Only	K562	ZC3H11A_6	0.1	0	0.0	0	0.0	0	0.0		
Unique Binding	NOT Bound Only	K562	ZC3H8_1	0.0	146112	96.23965064121565	146104	1.7774164418897795	8	-5.831099601075453e-05	1.7773581308937687	0.9999343889459851
Unique Binding	NOT Bound Only	K562	ZC3H8_1	1e-05	65041	42.840582001172436	65041	1.3797557970215146	0	0.0	1.3797557970215146	1.0
Unique Binding	NOT Bound Only	K562	ZC3H8_1	0.0001	107	0.07047773364686044	107	0.014275359026890515	0	0.0	0.014275359026890515	1.0
Unique Binding	NOT Bound Only	K562	ZC3H8_1	0.001	0	0.0	0	0.0	0	0.0		
Unique Binding	NOT Bound Only	K562	ZC3H8_1	0.01	0	0.0	0	0.0	0	0.0		
Unique Binding	NOT Bound Only	K562	ZC3H8_1	0.1	0	0.0	0	0.0	0	0.0		
Unique Binding	NOT Bound Only	K562	ZC3H8_2	0.0	0	0.0	0	0.0	0	0.0		
Unique Binding	NOT Bound Only	K562	ZC3H8_2	1e-05	0	0.0	0	0.0	0	0.0		
Unique Binding	NOT Bound Only	K562	ZC3H8_2	0.0001	0	0.0	0	0.0	0	0.0		
Unique Binding	NOT Bound Only	K562	ZC3H8_2	0.001	0	0.0	0	0.0	0	0.0		
Unique Binding	NOT Bound Only	K562	ZC3H8_2	0.01	0	0.0	0	0.0	0	0.0		
Unique Binding	NOT Bound Only	K562	ZC3H8_2	0.1	0	0.0	0	0.0	0	0.0		
Unique Binding	NOT Bound Only	K562	ZC3H8_3	0.0	10530	6.952238845386962	10459	0.055639503828877154	71	-0.00022470517201483877	0.055414798656862316	0.9919553082005959
Unique Binding	NOT Bound Only	K562	ZC3H8_3	1e-05	1539	1.016096446633479	1536	0.025758885647082723	3	-3.263310278792866e-05	0.025726252544294795	0.9974694702468352
Unique Binding	NOT Bound Only	K562	ZC3H8_3	0.0001	0	0.0	0	0.0	0	0.0		
Unique Binding	NOT Bound Only	K562	ZC3H8_3	0.001	0	0.0	0	0.0	0	0.0		
Unique Binding	NOT Bound Only	K562	ZC3H8_3	0.01	0	0.0	0	0.0	0	0.0		
Unique Binding	NOT Bound Only	K562	ZC3H8_3	0.1	0	0.0	0	0.0	0	0.0		
Unique Binding	NOT Bound Only	K562	ZC3H8_4	0.0	0	0.0	0	0.0	0	0.0		
Unique Binding	NOT Bound Only	K562	ZC3H8_4	1e-05	0	0.0	0	0.0	0	0.0		
Unique Binding	NOT Bound Only	K562	ZC3H8_4	0.0001	0	0.0	0	0.0	0	0.0		
Unique Binding	NOT Bound Only	K562	ZC3H8_4	0.001	0	0.0	0	0.0	0	0.0		
Unique Binding	NOT Bound Only	K562	ZC3H8_4	0.01	0	0.0	0	0.0	0	0.0		
Unique Binding	NOT Bound Only	K562	ZC3H8_4	0.1	0	0.0	0	0.0	0	0.0		
Unique Binding	NOT Bound Only	K562	ZC3H8_5	0.0	0	0.0	0	0.0	0	0.0		
Unique Binding	NOT Bound Only	K562	ZC3H8_5	1e-05	0	0.0	0	0.0	0	0.0		
Unique Binding	NOT Bound Only	K562	ZC3H8_5	0.0001	0	0.0	0	0.0	0	0.0		
Unique Binding	NOT Bound Only	K562	ZC3H8_5	0.001	0	0.0	0	0.0	0	0.0		
Unique Binding	NOT Bound Only	K562	ZC3H8_5	0.01	0	0.0	0	0.0	0	0.0		
Unique Binding	NOT Bound Only	K562	ZC3H8_5	0.1	0	0.0	0	0.0	0	0.0		
Unique Binding	NOT Bound Only	K562	ZC3H8_6	0.0	0	0.0	0	0.0	0	0.0		
Unique Binding	NOT Bound Only	K562	ZC3H8_6	1e-05	0	0.0	0	0.0	0	0.0		
Unique Binding	NOT Bound Only	K562	ZC3H8_6	0.0001	0	0.0	0	0.0	0	0.0		
Unique Binding	NOT Bound Only	K562	ZC3H8_6	0.001	0	0.0	0	0.0	0	0.0		
Unique Binding	NOT Bound Only	K562	ZC3H8_6	0.01	0	0.0	0	0.0	0	0.0		
Unique Binding	NOT Bound Only	K562	ZC3H8_6	0.1	0	0.0	0	0.0	0	0.0		
Unique Binding	NOT Bound Only	K562	ZNF622_1	0.0	139499	100.0	139409	43.01669604850913	90	-0.013333232937667479	43.003362815571464	0.999380282413918
Unique Binding	NOT Bound Only	K562	ZNF622_1	1e-05	139463	99.97419336339328	139394	43.016583858128406	69	-0.013211706875023915	43.00337215125338	0.9993859275089947
Unique Binding	NOT Bound Only	K562	ZNF622_1	0.0001	133026	95.35982336790944	133012	42.50716337795981	14	-0.010778672001031771	42.49638470595878	0.9994929824219448
Unique Binding	NOT Bound Only	K562	ZNF622_1	0.001	738	0.5290360504376376	731	0.8630340347339217	7	-0.009539412640652306	0.8534946220932694	0.9781349921445472
Unique Binding	NOT Bound Only	K562	ZNF622_1	0.01	0	0.0	0	0.0	0	0.0		
Unique Binding	NOT Bound Only	K562	ZNF622_1	0.1	0	0.0	0	0.0	0	0.0		
Unique Binding	NOT Bound Only	K562	ZNF622_2	0.0	134433	100.0	107631	6.3249815876115765	26802	-3.875361657547436	2.4496199300641406	0.24015073524380737
Unique Binding	NOT Bound Only	K562	ZNF622_2	1e-05	81936	60.94932047934659	64748	6.149173833681376	17188	-3.8400546574022796	2.309119176279096	0.2311609128112553
Unique Binding	NOT Bound Only	K562	ZNF622_2	0.0001	26054	19.380658022955675	17127	4.502606848973543	8927	-3.5055978701829185	0.9970089787906247	0.12449843800891792
Unique Binding	NOT Bound Only	K562	ZNF622_2	0.001	114	0.08480060699381849	27	0.0305246233530063	87	-0.15926532615488728	-0.128740702801881	-0.6783325625813843
Unique Binding	NOT Bound Only	K562	ZNF622_2	0.01	0	0.0	0	0.0	0	0.0		
Unique Binding	NOT Bound Only	K562	ZNF622_2	0.1	0	0.0	0	0.0	0	0.0		
Unique Binding	NOT Bound Only	K562	ZNF622_3	0.0	141130	100.0	21	0.0005034362509455639	141109	-428.25494646446583	-428.2544430282149	-0.9999976488973996
Unique Binding	NOT Bound Only	K562	ZNF622_3	1e-05	141118	99.99149720116205	17	0.0004960620561533212	141101	-428.2549082471463	-428.2544121850902	-0.9999976833354529
Unique Binding	NOT Bound Only	K562	ZNF622_3	0.0001	140841	99.79522426131935	0	0.0	140841	-428.2382306804427	-428.2382306804427	-1.0
Unique Binding	NOT Bound Only	K562	ZNF622_3	0.001	108398	76.80719903634946	0	0.0	108398	-407.656900794871	-407.656900794871	-1.0
Unique Binding	NOT Bound Only	K562	ZNF622_3	0.01	123	0.08715368808899596	0	0.0	123	-1.2666188853027627	-1.2666188853027627	-1.0
Unique Binding	NOT Bound Only	K562	ZNF622_3	0.1	0	0.0	0	0.0	0	0.0		
Unique Binding	NOT Bound Only	K562	ZNF622_4	0.0	138957	100.0	14	0.0012438705463469646	138943	-369.0834105414745	-369.08216667092813	-0.9999932597005511
Unique Binding	NOT Bound Only	K562	ZNF622_4	1e-05	138944	99.9906445878941	7	0.0011982701791827385	138937	-369.0833740315996	-369.0821757614204	-0.9999935067988796
Unique Binding	NOT Bound Only	K562	ZNF622_4	0.0001	138340	99.55597774851212	5	0.0011663864628686715	138335	-369.04134586583274	-369.0401794793699	-0.9999936788504082
Unique Binding	NOT Bound Only	K562	ZNF622_4	0.001	93828	67.52304669789935	0	0.0	93828	-343.8618513565808	-343.8618513565808	-1.0
Unique Binding	NOT Bound Only	K562	ZNF622_4	0.01	87	0.06260929640104493	0	0.0	87	-0.9031450447840067	-0.9031450447840067	-1.0
Unique Binding	NOT Bound Only	K562	ZNF622_4	0.1	0	0.0	0	0.0	0	0.0		
Unique Binding	NOT Bound Only	K562	ZNF622_5	0.0	139524	100.0	139266	115.76380983006293	258	-0.3226421895723141	115.4411676404906	0.9944413463593883
Unique Binding	NOT Bound Only	K562	ZNF622_5	1e-05	139521	99.99784983228692	139266	115.76380983006293	255	-0.3226267894012938	115.44118304066163	0.9944416109444572
Unique Binding	NOT Bound Only	K562	ZNF622_5	0.0001	139327	99.85880565350764	139112	115.75144717716357	215	-0.3199375489073142	115.43150962825625	0.9944872278441
Unique Binding	NOT Bound Only	K562	ZNF622_5	0.001	43353	31.072073621742497	43211	66.66606457485676	142	-0.29045700393670104	66.37560757092007	0.9913240115499462
Unique Binding	NOT Bound Only	K562	ZNF622_5	0.01	0	0.0	0	0.0	0	0.0		
Unique Binding	NOT Bound Only	K562	ZNF622_5	0.1	0	0.0	0	0.0	0	0.0		
Unique Binding	NOT Bound Only	K562	ZNF622_6	0.0	136853	100.0	5475	0.34657045738240944	131378	-18.808921877089205	-18.462351419706795	-0.9638150300361915
Unique Binding	NOT Bound Only	K562	ZNF622_6	1e-05	132854	97.07788649134473	4295	0.3409604018903128	128559	-18.79270717957578	-18.451746777685464	-0.9643601624791907
Unique Binding	NOT Bound Only	K562	ZNF622_6	0.0001	60340	44.09110505432837	956	0.21813377483393823	59384	-15.217175856946241	-14.999042082112304	-0.9717357435597125
Unique Binding	NOT Bound Only	K562	ZNF622_6	0.001	982	0.7175582559388541	0	0.0	982	-1.9778224939428137	-1.9778224939428137	-1.0
Unique Binding	NOT Bound Only	K562	ZNF622_6	0.01	0	0.0	0	0.0	0	0.0		
Unique Binding	NOT Bound Only	K562	ZNF622_6	0.1	0	0.0	0	0.0	0	0.0		
Unique Binding	NOT Bound Only	K562	ZNF800_1	0.0	149154	100.0	147992	4.735621575977681	1162	-0.009447797492387378	4.726173778485293	0.9960178464217149
Unique Binding	NOT Bound Only	K562	ZNF800_1	1e-05	121494	81.45540850396235	121197	4.555674885140761	297	-0.007503404076492304	4.548171481064269	0.9967113254837214
Unique Binding	NOT Bound Only	K562	ZNF800_1	0.0001	4317	2.894323987288306	4314	0.6136679886802523	3	-0.0003016052950091849	0.6133663833852431	0.999017523675541
Unique Binding	NOT Bound Only	K562	ZNF800_1	0.001	0	0.0	0	0.0	0	0.0		
Unique Binding	NOT Bound Only	K562	ZNF800_1	0.01	0	0.0	0	0.0	0	0.0		
Unique Binding	NOT Bound Only	K562	ZNF800_1	0.1	0	0.0	0	0.0	0	0.0		
Unique Binding	NOT Bound Only	K562	ZNF800_2	0.0	148678	100.0	148678	38.4022195576387	0	0.0	38.4022195576387	1.0
Unique Binding	NOT Bound Only	K562	ZNF800_2	1e-05	148678	100.0	148678	38.4022195576387	0	0.0	38.4022195576387	1.0
Unique Binding	NOT Bound Only	K562	ZNF800_2	0.0001	110578	74.37415084948681	110578	35.74563105609994	0	0.0	35.74563105609994	1.0
Unique Binding	NOT Bound Only	K562	ZNF800_2	0.001	677	0.45534645340938135	677	0.7505778837346373	0	0.0	0.7505778837346373	1.0
Unique Binding	NOT Bound Only	K562	ZNF800_2	0.01	0	0.0	0	0.0	0	0.0		
Unique Binding	NOT Bound Only	K562	ZNF800_2	0.1	0	0.0	0	0.0	0	0.0		
Unique Binding	NOT Bound Only	K562	ZNF800_3	0.0	148531	100.0	0	0.0	148531	-87.78659266909442	-87.78659266909442	-1.0
Unique Binding	NOT Bound Only	K562	ZNF800_3	1e-05	148526	99.99663369936242	0	0.0	148526	-87.7865521771728	-87.7865521771728	-1.0
Unique Binding	NOT Bound Only	K562	ZNF800_3	0.0001	135980	91.54991213955336	0	0.0	135980	-86.8903785479842	-86.8903785479842	-1.0
Unique Binding	NOT Bound Only	K562	ZNF800_3	0.001	35847	24.13435579104699	0	0.0	35847	-49.33125807246911	-49.33125807246911	-1.0
Unique Binding	NOT Bound Only	K562	ZNF800_3	0.01	0	0.0	0	0.0	0	0.0		
Unique Binding	NOT Bound Only	K562	ZNF800_3	0.1	0	0.0	0	0.0	0	0.0		
Unique Binding	NOT Bound Only	K562	ZNF800_4	0.0	148446	100.0	0	0.0	148446	-97.5466540312855	-97.5466540312855	-1.0
Unique Binding	NOT Bound Only	K562	ZNF800_4	1e-05	148441	99.99663177182275	0	0.0	148441	-97.54663397102125	-97.54663397102125	-1.0
Unique Binding	NOT Bound Only	K562	ZNF800_4	0.0001	145815	98.22763833313124	0	0.0	145815	-97.34602235747285	-97.34602235747285	-1.0
Unique Binding	NOT Bound Only	K562	ZNF800_4	0.001	38503	25.937377901728574	0	0.0	38503	-52.23416209784219	-52.23416209784219	-1.0
Unique Binding	NOT Bound Only	K562	ZNF800_4	0.01	0	0.0	0	0.0	0	0.0		
Unique Binding	NOT Bound Only	K562	ZNF800_4	0.1	0	0.0	0	0.0	0	0.0		
Unique Binding	NOT Bound Only	K562	ZNF800_5	0.0	0	0.0	0	0.0	0	0.0		
Unique Binding	NOT Bound Only	K562	ZNF800_5	1e-05	0	0.0	0	0.0	0	0.0		
Unique Binding	NOT Bound Only	K562	ZNF800_5	0.0001	0	0.0	0	0.0	0	0.0		
Unique Binding	NOT Bound Only	K562	ZNF800_5	0.001	0	0.0	0	0.0	0	0.0		
Unique Binding	NOT Bound Only	K562	ZNF800_5	0.01	0	0.0	0	0.0	0	0.0		
Unique Binding	NOT Bound Only	K562	ZNF800_5	0.1	0	0.0	0	0.0	0	0.0		
Unique Binding	NOT Bound Only	K562	ZNF800_6	0.0	147960	100.0	147943	22.50882937799591	17	-0.0003984353418931576	22.508430942654016	0.9999645980443934
Unique Binding	NOT Bound Only	K562	ZNF800_6	1e-05	147932	99.98107596647743	147920	22.508687347655204	12	-0.00036999677999199123	22.508317350875213	0.9999671246312691
Unique Binding	NOT Bound Only	K562	ZNF800_6	0.0001	89098	60.21762638550959	89098	18.434287714815813	0	0.0	18.434287714815813	1.0
Unique Binding	NOT Bound Only	K562	ZNF800_6	0.001	12	0.008110300081103	12	0.01305087501042875	0	0.0	0.01305087501042875	1.0
Unique Binding	NOT Bound Only	K562	ZNF800_6	0.01	0	0.0	0	0.0	0	0.0		
Unique Binding	NOT Bound Only	K562	ZNF800_6	0.1	0	0.0	0	0.0	0	0.0		
Unique Binding	NOT Bound Only	K562	ZRANB2_1	0.0	0	0.0	0	0.0	0	0.0		
Unique Binding	NOT Bound Only	K562	ZRANB2_1	1e-05	0	0.0	0	0.0	0	0.0		
Unique Binding	NOT Bound Only	K562	ZRANB2_1	0.0001	0	0.0	0	0.0	0	0.0		
Unique Binding	NOT Bound Only	K562	ZRANB2_1	0.001	0	0.0	0	0.0	0	0.0		
Unique Binding	NOT Bound Only	K562	ZRANB2_1	0.01	0	0.0	0	0.0	0	0.0		
Unique Binding	NOT Bound Only	K562	ZRANB2_1	0.1	0	0.0	0	0.0	0	0.0		
Unique Binding	NOT Bound Only	K562	ZRANB2_2	0.0	0	0.0	0	0.0	0	0.0		
Unique Binding	NOT Bound Only	K562	ZRANB2_2	1e-05	0	0.0	0	0.0	0	0.0		
Unique Binding	NOT Bound Only	K562	ZRANB2_2	0.0001	0	0.0	0	0.0	0	0.0		
Unique Binding	NOT Bound Only	K562	ZRANB2_2	0.001	0	0.0	0	0.0	0	0.0		
Unique Binding	NOT Bound Only	K562	ZRANB2_2	0.01	0	0.0	0	0.0	0	0.0		
Unique Binding	NOT Bound Only	K562	ZRANB2_2	0.1	0	0.0	0	0.0	0	0.0		
Unique Binding	NOT Bound Only	K562	ZRANB2_3	0.0	0	0.0	0	0.0	0	0.0		
Unique Binding	NOT Bound Only	K562	ZRANB2_3	1e-05	0	0.0	0	0.0	0	0.0		
Unique Binding	NOT Bound Only	K562	ZRANB2_3	0.0001	0	0.0	0	0.0	0	0.0		
Unique Binding	NOT Bound Only	K562	ZRANB2_3	0.001	0	0.0	0	0.0	0	0.0		
Unique Binding	NOT Bound Only	K562	ZRANB2_3	0.01	0	0.0	0	0.0	0	0.0		
Unique Binding	NOT Bound Only	K562	ZRANB2_3	0.1	0	0.0	0	0.0	0	0.0		
Unique Binding	NOT Bound Only	K562	ZRANB2_4	0.0	0	0.0	0	0.0	0	0.0		
Unique Binding	NOT Bound Only	K562	ZRANB2_4	1e-05	0	0.0	0	0.0	0	0.0		
Unique Binding	NOT Bound Only	K562	ZRANB2_4	0.0001	0	0.0	0	0.0	0	0.0		
Unique Binding	NOT Bound Only	K562	ZRANB2_4	0.001	0	0.0	0	0.0	0	0.0		
Unique Binding	NOT Bound Only	K562	ZRANB2_4	0.01	0	0.0	0	0.0	0	0.0		
Unique Binding	NOT Bound Only	K562	ZRANB2_4	0.1	0	0.0	0	0.0	0	0.0		
Unique Binding	NOT Bound Only	K562	ZRANB2_5	0.0	0	0.0	0	0.0	0	0.0		
Unique Binding	NOT Bound Only	K562	ZRANB2_5	1e-05	0	0.0	0	0.0	0	0.0		
Unique Binding	NOT Bound Only	K562	ZRANB2_5	0.0001	0	0.0	0	0.0	0	0.0		
Unique Binding	NOT Bound Only	K562	ZRANB2_5	0.001	0	0.0	0	0.0	0	0.0		
Unique Binding	NOT Bound Only	K562	ZRANB2_5	0.01	0	0.0	0	0.0	0	0.0		
Unique Binding	NOT Bound Only	K562	ZRANB2_5	0.1	0	0.0	0	0.0	0	0.0		
Unique Binding	NOT Bound Only	K562	ZRANB2_6	0.0	0	0.0	0	0.0	0	0.0		
Unique Binding	NOT Bound Only	K562	ZRANB2_6	1e-05	0	0.0	0	0.0	0	0.0		
Unique Binding	NOT Bound Only	K562	ZRANB2_6	0.0001	0	0.0	0	0.0	0	0.0		
Unique Binding	NOT Bound Only	K562	ZRANB2_6	0.001	0	0.0	0	0.0	0	0.0		
Unique Binding	NOT Bound Only	K562	ZRANB2_6	0.01	0	0.0	0	0.0	0	0.0		
Unique Binding	NOT Bound Only	K562	ZRANB2_6	0.1	0	0.0	0	0.0	0	0.0		
