Data Mode	Binding Type	Cell Line	Feature	Zero Cutoff	# Non-Zeros	% Non-Zeros	Num Positive	Sum Positive	Num Negative	Sum Negative	ARBS	NARBS
Unique Binding	Bound Only	HepG2	AGGF1_1	0.0	37	14.859437751004014	0	0.0	37	-0.0025089557476248234	-0.0025089557476248234	-1.0
Unique Binding	Bound Only	HepG2	AGGF1_1	1e-05	17	6.827309236947792	0	0.0	17	-0.0023622838759855946	-0.0023622838759855946	-1.0
Unique Binding	Bound Only	HepG2	AGGF1_1	0.0001	9	3.614457831325301	0	0.0	9	-0.00225528051758686	-0.00225528051758686	-1.0
Unique Binding	Bound Only	HepG2	AGGF1_1	0.001	0	0.0	0	0.0	0	0.0		
Unique Binding	Bound Only	HepG2	AGGF1_1	0.01	0	0.0	0	0.0	0	0.0		
Unique Binding	Bound Only	HepG2	AGGF1_1	0.1	0	0.0	0	0.0	0	0.0		
Unique Binding	Bound Only	HepG2	AGGF1_2	0.0	66	12.132352941176471	0	0.0	66	-0.5956955495835805	-0.5956955495835805	-1.0
Unique Binding	Bound Only	HepG2	AGGF1_2	1e-05	66	12.132352941176471	0	0.0	66	-0.5956955495835805	-0.5956955495835805	-1.0
Unique Binding	Bound Only	HepG2	AGGF1_2	0.0001	65	11.948529411764707	0	0.0	65	-0.595661675070471	-0.595661675070471	-1.0
Unique Binding	Bound Only	HepG2	AGGF1_2	0.001	48	8.823529411764707	0	0.0	48	-0.5856102217536063	-0.5856102217536063	-1.0
Unique Binding	Bound Only	HepG2	AGGF1_2	0.01	41	7.536764705882352	0	0.0	41	-0.5397218159275295	-0.5397218159275295	-1.0
Unique Binding	Bound Only	HepG2	AGGF1_2	0.1	0	0.0	0	0.0	0	0.0		
Unique Binding	Bound Only	HepG2	AGGF1_3	0.0	302	100.0	0	0.0	302	-4.661199620720672	-4.661199620720672	-1.0
Unique Binding	Bound Only	HepG2	AGGF1_3	1e-05	302	100.0	0	0.0	302	-4.661199620720672	-4.661199620720672	-1.0
Unique Binding	Bound Only	HepG2	AGGF1_3	0.0001	302	100.0	0	0.0	302	-4.661199620720672	-4.661199620720672	-1.0
Unique Binding	Bound Only	HepG2	AGGF1_3	0.001	302	100.0	0	0.0	302	-4.661199620720672	-4.661199620720672	-1.0
Unique Binding	Bound Only	HepG2	AGGF1_3	0.01	149	49.337748344370866	0	0.0	149	-4.0886279084490385	-4.0886279084490385	-1.0
Unique Binding	Bound Only	HepG2	AGGF1_3	0.1	6	1.9867549668874174	0	0.0	6	-0.7956790573092404	-0.7956790573092404	-1.0
Unique Binding	Bound Only	HepG2	AGGF1_4	0.0	336	100.0	0	0.0	336	-1.28763376560608	-1.28763376560608	-1.0
Unique Binding	Bound Only	HepG2	AGGF1_4	1e-05	336	100.0	0	0.0	336	-1.28763376560608	-1.28763376560608	-1.0
Unique Binding	Bound Only	HepG2	AGGF1_4	0.0001	191	56.845238095238095	0	0.0	191	-1.2791580146476846	-1.2791580146476846	-1.0
Unique Binding	Bound Only	HepG2	AGGF1_4	0.001	115	34.226190476190474	0	0.0	115	-1.257483132708056	-1.257483132708056	-1.0
Unique Binding	Bound Only	HepG2	AGGF1_4	0.01	35	10.416666666666668	0	0.0	35	-0.8747797840596649	-0.8747797840596649	-1.0
Unique Binding	Bound Only	HepG2	AGGF1_4	0.1	0	0.0	0	0.0	0	0.0		
Unique Binding	Bound Only	HepG2	AGGF1_5	0.0	36	9.30232558139535	23	0.12049894612063614	13	-0.034739010119945436	0.0857599360006907	0.5524418001727838
Unique Binding	Bound Only	HepG2	AGGF1_5	1e-05	36	9.30232558139535	23	0.12049894612063614	13	-0.034739010119945436	0.0857599360006907	0.5524418001727838
Unique Binding	Bound Only	HepG2	AGGF1_5	0.0001	36	9.30232558139535	23	0.12049894612063614	13	-0.034739010119945436	0.0857599360006907	0.5524418001727838
Unique Binding	Bound Only	HepG2	AGGF1_5	0.001	31	8.010335917312661	23	0.12049894612063614	8	-0.02987198237708476	0.09062696374355138	0.6026893938140773
Unique Binding	Bound Only	HepG2	AGGF1_5	0.01	5	1.2919896640826873	5	0.053484223962996666	0	0.0	0.053484223962996666	1.0
Unique Binding	Bound Only	HepG2	AGGF1_5	0.1	0	0.0	0	0.0	0	0.0		
Unique Binding	Bound Only	HepG2	AGGF1_6	0.0	386	100.0	386	0.8114385456067659	0	0.0	0.8114385456067659	1.0
Unique Binding	Bound Only	HepG2	AGGF1_6	1e-05	386	100.0	386	0.8114385456067659	0	0.0	0.8114385456067659	1.0
Unique Binding	Bound Only	HepG2	AGGF1_6	0.0001	386	100.0	386	0.8114385456067659	0	0.0	0.8114385456067659	1.0
Unique Binding	Bound Only	HepG2	AGGF1_6	0.001	305	79.01554404145078	305	0.7454871543695045	0	0.0	0.7454871543695045	1.0
Unique Binding	Bound Only	HepG2	AGGF1_6	0.01	0	0.0	0	0.0	0	0.0		
Unique Binding	Bound Only	HepG2	AGGF1_6	0.1	0	0.0	0	0.0	0	0.0		
Unique Binding	Bound Only	HepG2	AKAP1_1	0.0	154	100.0	154	3.2993520605812066	0	0.0	3.2993520605812066	1.0
Unique Binding	Bound Only	HepG2	AKAP1_1	1e-05	154	100.0	154	3.2993520605812066	0	0.0	3.2993520605812066	1.0
Unique Binding	Bound Only	HepG2	AKAP1_1	0.0001	154	100.0	154	3.2993520605812066	0	0.0	3.2993520605812066	1.0
Unique Binding	Bound Only	HepG2	AKAP1_1	0.001	154	100.0	154	3.2993520605812066	0	0.0	3.2993520605812066	1.0
Unique Binding	Bound Only	HepG2	AKAP1_1	0.01	92	59.74025974025974	92	2.79781146179245	0	0.0	2.79781146179245	1.0
Unique Binding	Bound Only	HepG2	AKAP1_1	0.1	0	0.0	0	0.0	0	0.0		
Unique Binding	Bound Only	HepG2	AKAP1_2	0.0	226	100.0	226	5.770347587974835	0	0.0	5.770347587974835	1.0
Unique Binding	Bound Only	HepG2	AKAP1_2	1e-05	226	100.0	226	5.770347587974835	0	0.0	5.770347587974835	1.0
Unique Binding	Bound Only	HepG2	AKAP1_2	0.0001	226	100.0	226	5.770347587974835	0	0.0	5.770347587974835	1.0
Unique Binding	Bound Only	HepG2	AKAP1_2	0.001	226	100.0	226	5.770347587974835	0	0.0	5.770347587974835	1.0
Unique Binding	Bound Only	HepG2	AKAP1_2	0.01	160	70.79646017699115	160	5.244345199939783	0	0.0	5.244345199939783	1.0
Unique Binding	Bound Only	HepG2	AKAP1_2	0.1	0	0.0	0	0.0	0	0.0		
Unique Binding	Bound Only	HepG2	AKAP1_3	0.0	0	0.0	0	0.0	0	0.0		
Unique Binding	Bound Only	HepG2	AKAP1_3	1e-05	0	0.0	0	0.0	0	0.0		
Unique Binding	Bound Only	HepG2	AKAP1_3	0.0001	0	0.0	0	0.0	0	0.0		
Unique Binding	Bound Only	HepG2	AKAP1_3	0.001	0	0.0	0	0.0	0	0.0		
Unique Binding	Bound Only	HepG2	AKAP1_3	0.01	0	0.0	0	0.0	0	0.0		
Unique Binding	Bound Only	HepG2	AKAP1_3	0.1	0	0.0	0	0.0	0	0.0		
Unique Binding	Bound Only	HepG2	AKAP1_4	0.0	120	61.53846153846154	0	0.0	120	-0.04437737460628975	-0.04437737460628975	-1.0
Unique Binding	Bound Only	HepG2	AKAP1_4	1e-05	120	61.53846153846154	0	0.0	120	-0.04437737460628975	-0.04437737460628975	-1.0
Unique Binding	Bound Only	HepG2	AKAP1_4	0.0001	119	61.02564102564103	0	0.0	119	-0.04427747686343708	-0.04427747686343708	-1.0
Unique Binding	Bound Only	HepG2	AKAP1_4	0.001	1	0.5128205128205128	0	0.0	1	-0.0010133648583682256	-0.0010133648583682256	-1.0
Unique Binding	Bound Only	HepG2	AKAP1_4	0.01	0	0.0	0	0.0	0	0.0		
Unique Binding	Bound Only	HepG2	AKAP1_4	0.1	0	0.0	0	0.0	0	0.0		
Unique Binding	Bound Only	HepG2	AKAP1_5	0.0	59	17.82477341389728	0	0.0	59	-0.014697981660226048	-0.014697981660226048	-1.0
Unique Binding	Bound Only	HepG2	AKAP1_5	1e-05	59	17.82477341389728	0	0.0	59	-0.014697981660226048	-0.014697981660226048	-1.0
Unique Binding	Bound Only	HepG2	AKAP1_5	0.0001	54	16.314199395770395	0	0.0	54	-0.014382301937727405	-0.014382301937727405	-1.0
Unique Binding	Bound Only	HepG2	AKAP1_5	0.001	0	0.0	0	0.0	0	0.0		
Unique Binding	Bound Only	HepG2	AKAP1_5	0.01	0	0.0	0	0.0	0	0.0		
Unique Binding	Bound Only	HepG2	AKAP1_5	0.1	0	0.0	0	0.0	0	0.0		
Unique Binding	Bound Only	HepG2	AKAP1_6	0.0	1391	100.0	442	0.11963799314845351	949	-2.41092519736635	-2.2912872042178964	-0.9054455596312414
Unique Binding	Bound Only	HepG2	AKAP1_6	1e-05	1385	99.568655643422	439	0.11961984517373864	946	-2.4109080300471275	-2.291288184873389	-0.9054585832900195
Unique Binding	Bound Only	HepG2	AKAP1_6	0.0001	1266	91.0136592379583	328	0.11247779105237816	938	-2.4107825127687916	-2.2983047217164136	-0.9108472551309557
Unique Binding	Bound Only	HepG2	AKAP1_6	0.001	463	33.28540618260244	0	0.0	463	-2.117939390244505	-2.117939390244505	-1.0
Unique Binding	Bound Only	HepG2	AKAP1_6	0.01	57	4.097771387491013	0	0.0	57	-1.0983961528967254	-1.0983961528967254	-1.0
Unique Binding	Bound Only	HepG2	AKAP1_6	0.1	0	0.0	0	0.0	0	0.0		
Unique Binding	Bound Only	HepG2	AQR_1	0.0	10535	100.0	829	2.6129440949889116	9706	-39.349801376234204	-36.73685728124529	-0.8754636253826245
Unique Binding	Bound Only	HepG2	AQR_1	1e-05	10532	99.97152349311817	828	2.612934570289073	9704	-39.349790246540735	-36.736855676251665	-0.8754640180448381
Unique Binding	Bound Only	HepG2	AQR_1	0.0001	10530	99.95253915519696	827	2.612883059844002	9703	-39.34976504916138	-36.736881989317375	-0.8754662454544538
Unique Binding	Bound Only	HepG2	AQR_1	0.001	10127	96.12719506407214	637	2.49195030797824	9490	-39.1894586624961	-36.69750835451786	-0.8804286913744469
Unique Binding	Bound Only	HepG2	AQR_1	0.01	205	1.9458946369245371	37	0.5078623829189732	168	-2.535451853273263	-2.0275894703542896	-0.6662438752598842
Unique Binding	Bound Only	HepG2	AQR_1	0.1	0	0.0	0	0.0	0	0.0		
Unique Binding	Bound Only	HepG2	AQR_2	0.0	17645	100.0	12	0.007767487939998986	17633	-370.97092472332525	-370.96315723538527	-0.9999581243445888
Unique Binding	Bound Only	HepG2	AQR_2	1e-05	17643	99.98866534429015	12	0.007767487939998986	17631	-370.9709152482664	-370.9631477603264	-0.9999581243435192
Unique Binding	Bound Only	HepG2	AQR_2	0.0001	17634	99.93765939359592	11	0.007722236761917719	17623	-370.9704068885538	-370.96268465179185	-0.9999583682370703
Unique Binding	Bound Only	HepG2	AQR_2	0.001	17563	99.53527911589686	3	0.004736456637461234	17560	-370.9287493319413	-370.9240128753038	-0.9999744619624867
Unique Binding	Bound Only	HepG2	AQR_2	0.01	10964	62.13658260130348	0	0.0	10964	-333.08090689566336	-333.08090689566336	-1.0
Unique Binding	Bound Only	HepG2	AQR_2	0.1	0	0.0	0	0.0	0	0.0		
Unique Binding	Bound Only	HepG2	AQR_3	0.0	13737	100.0	13737	769.514300213636	0	0.0	769.514300213636	1.0
Unique Binding	Bound Only	HepG2	AQR_3	1e-05	13737	100.0	13737	769.514300213636	0	0.0	769.514300213636	1.0
Unique Binding	Bound Only	HepG2	AQR_3	0.0001	13737	100.0	13737	769.514300213636	0	0.0	769.514300213636	1.0
Unique Binding	Bound Only	HepG2	AQR_3	0.001	13737	100.0	13737	769.514300213636	0	0.0	769.514300213636	1.0
Unique Binding	Bound Only	HepG2	AQR_3	0.01	13735	99.98544078037416	13735	769.4948167226005	0	0.0	769.4948167226005	1.0
Unique Binding	Bound Only	HepG2	AQR_3	0.1	1632	11.880323214675693	1632	211.6326134828343	0	0.0	211.6326134828343	1.0
Unique Binding	Bound Only	HepG2	AQR_4	0.0	11660	100.0	11648	394.85743637920984	12	-0.0025530648807580744	394.8548833143291	0.9999870685055512
Unique Binding	Bound Only	HepG2	AQR_4	1e-05	11660	100.0	11648	394.85743637920984	12	-0.0025530648807580744	394.8548833143291	0.9999870685055512
Unique Binding	Bound Only	HepG2	AQR_4	0.0001	11655	99.95711835334477	11645	394.85717274408984	10	-0.002439748138832774	394.854732995951	0.9999876424528533
Unique Binding	Bound Only	HepG2	AQR_4	0.001	11643	99.85420240137222	11643	394.85695949416606	0	0.0	394.85695949416606	1.0
Unique Binding	Bound Only	HepG2	AQR_4	0.01	11141	95.54888507718697	11141	390.95798980615956	0	0.0	390.95798980615956	1.0
Unique Binding	Bound Only	HepG2	AQR_4	0.1	224	1.921097770154374	224	27.213615614743148	0	0.0	27.213615614743148	1.0
Unique Binding	Bound Only	HepG2	AQR_5	0.0	16699	100.0	14	0.028657500164422797	16685	-260.822130604254	-260.7934731040896	-0.9997802766832897
Unique Binding	Bound Only	HepG2	AQR_5	1e-05	16699	100.0	14	0.028657500164422797	16685	-260.822130604254	-260.7934731040896	-0.9997802766832897
Unique Binding	Bound Only	HepG2	AQR_5	0.0001	16699	100.0	14	0.028657500164422797	16685	-260.822130604254	-260.7934731040896	-0.9997802766832897
Unique Binding	Bound Only	HepG2	AQR_5	0.001	16680	99.88622073178036	5	0.02253708797811015	16675	-260.8151002575221	-260.792563169544	-0.9998271945091403
Unique Binding	Bound Only	HepG2	AQR_5	0.01	9139	54.727828013653514	0	0.0	9139	-212.62485296843494	-212.62485296843494	-1.0
Unique Binding	Bound Only	HepG2	AQR_5	0.1	0	0.0	0	0.0	0	0.0		
Unique Binding	Bound Only	HepG2	AQR_6	0.0	9184	100.0	22	0.083623950361096	9162	-64.36489263488993	-64.28126868452883	-0.9974049379321094
Unique Binding	Bound Only	HepG2	AQR_6	1e-05	9184	100.0	22	0.083623950361096	9162	-64.36489263488993	-64.28126868452883	-0.9974049379321094
Unique Binding	Bound Only	HepG2	AQR_6	0.0001	9183	99.98911149825784	22	0.083623950361096	9161	-64.36482941143927	-64.28120546107817	-0.997404935386373
Unique Binding	Bound Only	HepG2	AQR_6	0.001	9094	99.02003484320558	17	0.0813727881063398	9077	-64.3136152035203	-64.23224241541396	-0.9974726980889594
Unique Binding	Bound Only	HepG2	AQR_6	0.01	2319	25.250435540069688	0	0.0	2319	-32.433749129429316	-32.433749129429316	-1.0
Unique Binding	Bound Only	HepG2	AQR_6	0.1	0	0.0	0	0.0	0	0.0		
Unique Binding	Bound Only	HepG2	BCCIP_1	0.0	0	0.0	0	0.0	0	0.0		
Unique Binding	Bound Only	HepG2	BCCIP_1	1e-05	0	0.0	0	0.0	0	0.0		
Unique Binding	Bound Only	HepG2	BCCIP_1	0.0001	0	0.0	0	0.0	0	0.0		
Unique Binding	Bound Only	HepG2	BCCIP_1	0.001	0	0.0	0	0.0	0	0.0		
Unique Binding	Bound Only	HepG2	BCCIP_1	0.01	0	0.0	0	0.0	0	0.0		
Unique Binding	Bound Only	HepG2	BCCIP_1	0.1	0	0.0	0	0.0	0	0.0		
Unique Binding	Bound Only	HepG2	BCCIP_2	0.0	0	0.0	0	0.0	0	0.0		
Unique Binding	Bound Only	HepG2	BCCIP_2	1e-05	0	0.0	0	0.0	0	0.0		
Unique Binding	Bound Only	HepG2	BCCIP_2	0.0001	0	0.0	0	0.0	0	0.0		
Unique Binding	Bound Only	HepG2	BCCIP_2	0.001	0	0.0	0	0.0	0	0.0		
Unique Binding	Bound Only	HepG2	BCCIP_2	0.01	0	0.0	0	0.0	0	0.0		
Unique Binding	Bound Only	HepG2	BCCIP_2	0.1	0	0.0	0	0.0	0	0.0		
Unique Binding	Bound Only	HepG2	BCCIP_3	0.0	0	0.0	0	0.0	0	0.0		
Unique Binding	Bound Only	HepG2	BCCIP_3	1e-05	0	0.0	0	0.0	0	0.0		
Unique Binding	Bound Only	HepG2	BCCIP_3	0.0001	0	0.0	0	0.0	0	0.0		
Unique Binding	Bound Only	HepG2	BCCIP_3	0.001	0	0.0	0	0.0	0	0.0		
Unique Binding	Bound Only	HepG2	BCCIP_3	0.01	0	0.0	0	0.0	0	0.0		
Unique Binding	Bound Only	HepG2	BCCIP_3	0.1	0	0.0	0	0.0	0	0.0		
Unique Binding	Bound Only	HepG2	BCCIP_4	0.0	0	0.0	0	0.0	0	0.0		
Unique Binding	Bound Only	HepG2	BCCIP_4	1e-05	0	0.0	0	0.0	0	0.0		
Unique Binding	Bound Only	HepG2	BCCIP_4	0.0001	0	0.0	0	0.0	0	0.0		
Unique Binding	Bound Only	HepG2	BCCIP_4	0.001	0	0.0	0	0.0	0	0.0		
Unique Binding	Bound Only	HepG2	BCCIP_4	0.01	0	0.0	0	0.0	0	0.0		
Unique Binding	Bound Only	HepG2	BCCIP_4	0.1	0	0.0	0	0.0	0	0.0		
Unique Binding	Bound Only	HepG2	BCCIP_5	0.0	0	0.0	0	0.0	0	0.0		
Unique Binding	Bound Only	HepG2	BCCIP_5	1e-05	0	0.0	0	0.0	0	0.0		
Unique Binding	Bound Only	HepG2	BCCIP_5	0.0001	0	0.0	0	0.0	0	0.0		
Unique Binding	Bound Only	HepG2	BCCIP_5	0.001	0	0.0	0	0.0	0	0.0		
Unique Binding	Bound Only	HepG2	BCCIP_5	0.01	0	0.0	0	0.0	0	0.0		
Unique Binding	Bound Only	HepG2	BCCIP_5	0.1	0	0.0	0	0.0	0	0.0		
Unique Binding	Bound Only	HepG2	BCCIP_6	0.0	0	0.0	0	0.0	0	0.0		
Unique Binding	Bound Only	HepG2	BCCIP_6	1e-05	0	0.0	0	0.0	0	0.0		
Unique Binding	Bound Only	HepG2	BCCIP_6	0.0001	0	0.0	0	0.0	0	0.0		
Unique Binding	Bound Only	HepG2	BCCIP_6	0.001	0	0.0	0	0.0	0	0.0		
Unique Binding	Bound Only	HepG2	BCCIP_6	0.01	0	0.0	0	0.0	0	0.0		
Unique Binding	Bound Only	HepG2	BCCIP_6	0.1	0	0.0	0	0.0	0	0.0		
Unique Binding	Bound Only	HepG2	BCLAF1_1	0.0	13927	100.0	11105	10.434840064062207	2822	-4.600070452362055	5.834769611700152	0.3880814325649761
Unique Binding	Bound Only	HepG2	BCLAF1_1	1e-05	13832	99.31787175989086	11057	10.434605498156518	2775	-4.599835428399507	5.8347700697570115	0.3880935844744841
Unique Binding	Bound Only	HepG2	BCLAF1_1	0.0001	12062	86.60874560206793	9749	10.333268959239318	2313	-4.577855499886632	5.755413459352686	0.3859811830509027
Unique Binding	Bound Only	HepG2	BCLAF1_1	0.001	4273	30.681410210382708	2879	7.259371754495576	1394	-4.18458548715578	3.074786267339796	0.26868208281562106
Unique Binding	Bound Only	HepG2	BCLAF1_1	0.01	135	0.9693401306814102	109	1.7153884459227609	26	-0.5871530342940887	1.1282354116286721	0.4899956944629796
Unique Binding	Bound Only	HepG2	BCLAF1_1	0.1	0	0.0	0	0.0	0	0.0		
Unique Binding	Bound Only	HepG2	BCLAF1_2	0.0	17724	100.0	36	0.02588227350971717	17688	-110.27998773122292	-110.2541054577132	-0.9995307181112191
Unique Binding	Bound Only	HepG2	BCLAF1_2	1e-05	17723	99.99435793274655	36	0.02588227350971717	17687	-110.27997954432153	-110.25409727081181	-0.9995307180763889
Unique Binding	Bound Only	HepG2	BCLAF1_2	0.0001	17715	99.94922139471902	33	0.025694102742819996	17682	-110.27958424155757	-110.25389013881475	-0.9995341274120606
Unique Binding	Bound Only	HepG2	BCLAF1_2	0.001	17139	96.69939065673663	9	0.016073634409455948	17130	-109.83223511132921	-109.81616147691976	-0.999707348531935
Unique Binding	Bound Only	HepG2	BCLAF1_2	0.01	2537	14.313924621981494	0	0.0	2537	-53.461783468860574	-53.461783468860574	-1.0
Unique Binding	Bound Only	HepG2	BCLAF1_2	0.1	0	0.0	0	0.0	0	0.0		
Unique Binding	Bound Only	HepG2	BCLAF1_3	0.0	13066	100.0	13066	860.2692050906824	0	0.0	860.2692050906824	1.0
Unique Binding	Bound Only	HepG2	BCLAF1_3	1e-05	13066	100.0	13066	860.2692050906824	0	0.0	860.2692050906824	1.0
Unique Binding	Bound Only	HepG2	BCLAF1_3	0.0001	13066	100.0	13066	860.2692050906824	0	0.0	860.2692050906824	1.0
Unique Binding	Bound Only	HepG2	BCLAF1_3	0.001	13065	99.99234654829327	13065	860.2688647558044	0	0.0	860.2688647558044	1.0
Unique Binding	Bound Only	HepG2	BCLAF1_3	0.01	13037	99.77804990050512	13037	860.1100968092647	0	0.0	860.1100968092647	1.0
Unique Binding	Bound Only	HepG2	BCLAF1_3	0.1	2067	15.819684677789683	2067	269.7661531128949	0	0.0	269.7661531128949	1.0
Unique Binding	Bound Only	HepG2	BCLAF1_4	0.0	16729	100.0	16636	1103.4000961575932	93	-0.6376890250465302	1102.7624071325467	0.9988448057963143
Unique Binding	Bound Only	HepG2	BCLAF1_4	1e-05	16728	99.99402235638712	16635	1103.4000910463444	93	-0.6376890250465302	1102.762402021298	0.9988448057909662
Unique Binding	Bound Only	HepG2	BCLAF1_4	0.0001	16727	99.98804471277423	16634	1103.4000019105958	93	-0.6376890250465302	1102.7623128855494	0.9988448056977003
Unique Binding	Bound Only	HepG2	BCLAF1_4	0.001	16703	99.8445812660649	16620	1103.3917672886769	83	-0.6318082257365025	1102.7599590629404	0.9988554443224782
Unique Binding	Bound Only	HepG2	BCLAF1_4	0.01	16391	97.97955645884392	16375	1101.8268130411473	16	-0.2973291294169765	1101.5294839117303	0.9994604434871893
Unique Binding	Bound Only	HepG2	BCLAF1_4	0.1	3457	20.664713969753123	3457	441.70642470862424	0	0.0	441.70642470862424	1.0
Unique Binding	Bound Only	HepG2	BCLAF1_5	0.0	16368	100.0	693	2.527044419902632	15675	-129.95421349163945	-127.42716907173681	-0.9618505370534759
Unique Binding	Bound Only	HepG2	BCLAF1_5	1e-05	16356	99.9266862170088	686	2.527011116673937	15670	-129.95417730010809	-127.42716618343415	-0.9618510198032941
Unique Binding	Bound Only	HepG2	BCLAF1_5	0.0001	16271	99.40738025415445	645	2.5246442341401916	15626	-129.9517226664119	-127.42707843227171	-0.9618853642622097
Unique Binding	Bound Only	HepG2	BCLAF1_5	0.001	15194	92.82746823069404	438	2.4275628896533954	14756	-129.4072685275021	-126.97970563784871	-0.9631726628910074
Unique Binding	Bound Only	HepG2	BCLAF1_5	0.01	3430	20.955522971652005	35	0.7694953376182293	3395	-77.33722963338559	-76.56773429576737	-0.980296310262557
Unique Binding	Bound Only	HepG2	BCLAF1_5	0.1	0	0.0	0	0.0	0	0.0		
Unique Binding	Bound Only	HepG2	BCLAF1_6	0.0	19394	100.0	92	0.15321519050228194	19302	-179.57081382979072	-179.41759863928843	-0.9982949949281963
Unique Binding	Bound Only	HepG2	BCLAF1_6	1e-05	19394	100.0	92	0.15321519050228194	19302	-179.57081382979072	-179.41759863928843	-0.9982949949281963
Unique Binding	Bound Only	HepG2	BCLAF1_6	0.0001	19386	99.95875012890585	85	0.15284147073122645	19301	-179.5707692345162	-179.41792776378497	-0.9982991497874824
Unique Binding	Bound Only	HepG2	BCLAF1_6	0.001	19302	99.52562648241724	42	0.12948922955863043	19260	-179.53975849744177	-179.41026926788314	-0.9985585821591976
Unique Binding	Bound Only	HepG2	BCLAF1_6	0.01	6691	34.500360936372076	0	0.0	6691	-108.37956382117365	-108.37956382117365	-1.0
Unique Binding	Bound Only	HepG2	BCLAF1_6	0.1	0	0.0	0	0.0	0	0.0		
Unique Binding	Bound Only	HepG2	BUD13_1	0.0	5461	100.0	5382	22.82096145639443	79	-0.2255816848959003	22.59537977149853	0.9804238159698887
Unique Binding	Bound Only	HepG2	BUD13_1	1e-05	5456	99.90844167734846	5379	22.820956488805635	77	-0.22556586891691602	22.595390619888718	0.9804251708422002
Unique Binding	Bound Only	HepG2	BUD13_1	0.0001	5438	99.57883171580296	5373	22.82050921448989	65	-0.22492088709521788	22.59558832739467	0.98048021789103
Unique Binding	Bound Only	HepG2	BUD13_1	0.001	5035	92.19923091008972	5005	22.558202829078738	30	-0.21163111272563828	22.3465717163531	0.9814112730671177
Unique Binding	Bound Only	HepG2	BUD13_1	0.01	396	7.251419154001098	389	4.604159207718136	7	-0.1113266806409304	4.492832527077206	0.9527825198604631
Unique Binding	Bound Only	HepG2	BUD13_1	0.1	0	0.0	0	0.0	0	0.0		
Unique Binding	Bound Only	HepG2	BUD13_2	0.0	5985	100.0	649	2.2684721609461946	5336	-21.919214108966848	-19.650741948020652	-0.8124275190580805
Unique Binding	Bound Only	HepG2	BUD13_2	1e-05	5984	99.98329156223893	649	2.2684721609461946	5335	-21.91921341748133	-19.650741256535134	-0.8124275136956967
Unique Binding	Bound Only	HepG2	BUD13_2	0.0001	5930	99.08103592314119	637	2.2679777162897246	5293	-21.917238563749557	-19.649260847459832	-0.8124492508126505
Unique Binding	Bound Only	HepG2	BUD13_2	0.001	5534	92.46449456975773	435	2.1403249918915552	5099	-21.802385998160744	-19.66206100626919	-0.8212128114664363
Unique Binding	Bound Only	HepG2	BUD13_2	0.01	240	4.010025062656641	47	0.898374733739554	193	-2.4753016093292564	-1.5769268755897023	-0.4674209127468571
Unique Binding	Bound Only	HepG2	BUD13_2	0.1	0	0.0	0	0.0	0	0.0		
Unique Binding	Bound Only	HepG2	BUD13_3	0.0	5723	100.0	5718	210.68003766636608	5	-0.002605102852126903	210.67743256351395	0.9999752698863287
Unique Binding	Bound Only	HepG2	BUD13_3	1e-05	5723	100.0	5718	210.68003766636608	5	-0.002605102852126903	210.67743256351395	0.9999752698863287
Unique Binding	Bound Only	HepG2	BUD13_3	0.0001	5723	100.0	5718	210.68003766636608	5	-0.002605102852126903	210.67743256351395	0.9999752698863287
Unique Binding	Bound Only	HepG2	BUD13_3	0.001	5718	99.91263323431767	5718	210.68003766636608	0	0.0	210.68003766636608	1.0
Unique Binding	Bound Only	HepG2	BUD13_3	0.01	5565	97.23921020443824	5565	209.58211755254825	0	0.0	209.58211755254825	1.0
Unique Binding	Bound Only	HepG2	BUD13_3	0.1	131	2.2890092608771626	131	14.963286477857146	0	0.0	14.963286477857146	1.0
Unique Binding	Bound Only	HepG2	BUD13_4	0.0	3987	100.0	3691	45.3768247841679	296	-0.6120687814836804	44.76475600268422	0.9733818870588866
Unique Binding	Bound Only	HepG2	BUD13_4	1e-05	3986	99.9749184850765	3690	45.3768186741361	296	-0.6120687814836804	44.764749892652425	0.973381883522434
Unique Binding	Bound Only	HepG2	BUD13_4	0.0001	3968	99.52345121645348	3684	45.37658898808017	284	-0.6112518323069934	44.76533715577318	0.9734168066426805
Unique Binding	Bound Only	HepG2	BUD13_4	0.001	3828	96.01203912716329	3632	45.351836687894576	196	-0.5615368838031294	44.79029980409145	0.9755392888772924
Unique Binding	Bound Only	HepG2	BUD13_4	0.01	1947	48.83370955605719	1947	34.7156298886286	0	0.0	34.7156298886286	1.0
Unique Binding	Bound Only	HepG2	BUD13_4	0.1	0	0.0	0	0.0	0	0.0		
Unique Binding	Bound Only	HepG2	BUD13_5	0.0	6839	100.0	0	0.0	6839	-123.900265105041	-123.900265105041	-1.0
Unique Binding	Bound Only	HepG2	BUD13_5	1e-05	6839	100.0	0	0.0	6839	-123.900265105041	-123.900265105041	-1.0
Unique Binding	Bound Only	HepG2	BUD13_5	0.0001	6839	100.0	0	0.0	6839	-123.900265105041	-123.900265105041	-1.0
Unique Binding	Bound Only	HepG2	BUD13_5	0.001	6839	100.0	0	0.0	6839	-123.900265105041	-123.900265105041	-1.0
Unique Binding	Bound Only	HepG2	BUD13_5	0.01	4713	68.91358385728907	0	0.0	4713	-108.84591490130522	-108.84591490130522	-1.0
Unique Binding	Bound Only	HepG2	BUD13_5	0.1	0	0.0	0	0.0	0	0.0		
Unique Binding	Bound Only	HepG2	BUD13_6	0.0	3453	100.0	3	0.0001704623446559549	3450	-13.03618387139564	-13.036013409050984	-0.999973848157193
Unique Binding	Bound Only	HepG2	BUD13_6	1e-05	3452	99.97103967564436	2	0.00016992244636477772	3450	-13.03618387139564	-13.036013948949275	-0.999973930985757
Unique Binding	Bound Only	HepG2	BUD13_6	0.0001	3443	99.71039675644367	0	0.0	3443	-13.035804575835371	-13.035804575835371	-1.0
Unique Binding	Bound Only	HepG2	BUD13_6	0.001	2628	76.10773240660296	0	0.0	2628	-12.475220297310806	-12.475220297310806	-1.0
Unique Binding	Bound Only	HepG2	BUD13_6	0.01	306	8.861859252823631	0	0.0	306	-4.229078241591786	-4.229078241591786	-1.0
Unique Binding	Bound Only	HepG2	BUD13_6	0.1	0	0.0	0	0.0	0	0.0		
Unique Binding	Bound Only	HepG2	CDC40_1	0.0	344	100.0	0	0.0	344	-5.6145837509769105	-5.6145837509769105	-1.0
Unique Binding	Bound Only	HepG2	CDC40_1	1e-05	344	100.0	0	0.0	344	-5.6145837509769105	-5.6145837509769105	-1.0
Unique Binding	Bound Only	HepG2	CDC40_1	0.0001	344	100.0	0	0.0	344	-5.6145837509769105	-5.6145837509769105	-1.0
Unique Binding	Bound Only	HepG2	CDC40_1	0.001	344	100.0	0	0.0	344	-5.6145837509769105	-5.6145837509769105	-1.0
Unique Binding	Bound Only	HepG2	CDC40_1	0.01	214	62.2093023255814	0	0.0	214	-4.659071064151071	-4.659071064151071	-1.0
Unique Binding	Bound Only	HepG2	CDC40_1	0.1	0	0.0	0	0.0	0	0.0		
Unique Binding	Bound Only	HepG2	CDC40_2	0.0	14	1.303538175046555	0	0.0	14	-0.6146619530880597	-0.6146619530880597	-1.0
Unique Binding	Bound Only	HepG2	CDC40_2	1e-05	14	1.303538175046555	0	0.0	14	-0.6146619530880597	-0.6146619530880597	-1.0
Unique Binding	Bound Only	HepG2	CDC40_2	0.0001	14	1.303538175046555	0	0.0	14	-0.6146619530880597	-0.6146619530880597	-1.0
Unique Binding	Bound Only	HepG2	CDC40_2	0.001	14	1.303538175046555	0	0.0	14	-0.6146619530880597	-0.6146619530880597	-1.0
Unique Binding	Bound Only	HepG2	CDC40_2	0.01	14	1.303538175046555	0	0.0	14	-0.6146619530880597	-0.6146619530880597	-1.0
Unique Binding	Bound Only	HepG2	CDC40_2	0.1	0	0.0	0	0.0	0	0.0		
Unique Binding	Bound Only	HepG2	CDC40_3	0.0	286	100.0	0	0.0	286	-1.6949639062151562	-1.6949639062151562	-1.0
Unique Binding	Bound Only	HepG2	CDC40_3	1e-05	286	100.0	0	0.0	286	-1.6949639062151562	-1.6949639062151562	-1.0
Unique Binding	Bound Only	HepG2	CDC40_3	0.0001	286	100.0	0	0.0	286	-1.6949639062151562	-1.6949639062151562	-1.0
Unique Binding	Bound Only	HepG2	CDC40_3	0.001	286	100.0	0	0.0	286	-1.6949639062151562	-1.6949639062151562	-1.0
Unique Binding	Bound Only	HepG2	CDC40_3	0.01	31	10.839160839160838	0	0.0	31	-0.5554353263591223	-0.5554353263591223	-1.0
Unique Binding	Bound Only	HepG2	CDC40_3	0.1	0	0.0	0	0.0	0	0.0		
Unique Binding	Bound Only	HepG2	CDC40_4	0.0	582	100.0	582	19.407833788195745	0	0.0	19.407833788195745	1.0
Unique Binding	Bound Only	HepG2	CDC40_4	1e-05	582	100.0	582	19.407833788195745	0	0.0	19.407833788195745	1.0
Unique Binding	Bound Only	HepG2	CDC40_4	0.0001	582	100.0	582	19.407833788195745	0	0.0	19.407833788195745	1.0
Unique Binding	Bound Only	HepG2	CDC40_4	0.001	582	100.0	582	19.407833788195745	0	0.0	19.407833788195745	1.0
Unique Binding	Bound Only	HepG2	CDC40_4	0.01	580	99.65635738831615	580	19.38906668724004	0	0.0	19.38906668724004	1.0
Unique Binding	Bound Only	HepG2	CDC40_4	0.1	5	0.859106529209622	5	0.5171986283331584	0	0.0	0.5171986283331584	1.0
Unique Binding	Bound Only	HepG2	CDC40_5	0.0	287	100.0	0	0.0	287	-0.016824032427910012	-0.016824032427910012	-1.0
Unique Binding	Bound Only	HepG2	CDC40_5	1e-05	200	69.68641114982579	0	0.0	200	-0.01614722720430199	-0.01614722720430199	-1.0
Unique Binding	Bound Only	HepG2	CDC40_5	0.0001	11	3.8327526132404177	0	0.0	11	-0.01158482092846456	-0.01158482092846456	-1.0
Unique Binding	Bound Only	HepG2	CDC40_5	0.001	6	2.0905923344947737	0	0.0	6	-0.00863437282848284	-0.00863437282848284	-1.0
Unique Binding	Bound Only	HepG2	CDC40_5	0.01	0	0.0	0	0.0	0	0.0		
Unique Binding	Bound Only	HepG2	CDC40_5	0.1	0	0.0	0	0.0	0	0.0		
Unique Binding	Bound Only	HepG2	CDC40_6	0.0	0	0.0	0	0.0	0	0.0		
Unique Binding	Bound Only	HepG2	CDC40_6	1e-05	0	0.0	0	0.0	0	0.0		
Unique Binding	Bound Only	HepG2	CDC40_6	0.0001	0	0.0	0	0.0	0	0.0		
Unique Binding	Bound Only	HepG2	CDC40_6	0.001	0	0.0	0	0.0	0	0.0		
Unique Binding	Bound Only	HepG2	CDC40_6	0.01	0	0.0	0	0.0	0	0.0		
Unique Binding	Bound Only	HepG2	CDC40_6	0.1	0	0.0	0	0.0	0	0.0		
Unique Binding	Bound Only	HepG2	CSTF2T_1	0.0	1206	100.0	100	0.05494707465563864	1106	-1.4257224303836955	-1.3707753557280569	-0.9257807708355836
Unique Binding	Bound Only	HepG2	CSTF2T_1	1e-05	1206	100.0	100	0.05494707465563864	1106	-1.4257224303836955	-1.3707753557280569	-0.9257807708355836
Unique Binding	Bound Only	HepG2	CSTF2T_1	0.0001	1200	99.50248756218906	94	0.054501667221415175	1106	-1.4257224303836955	-1.3712207631622804	-0.9263602486818115
Unique Binding	Bound Only	HepG2	CSTF2T_1	0.001	529	43.86401326699834	12	0.019142507991139618	517	-1.0962994819187646	-1.077156973927625	-0.9656772684473072
Unique Binding	Bound Only	HepG2	CSTF2T_1	0.01	4	0.33167495854063017	0	0.0	4	-0.05709527940107302	-0.05709527940107302	-1.0
Unique Binding	Bound Only	HepG2	CSTF2T_1	0.1	0	0.0	0	0.0	0	0.0		
Unique Binding	Bound Only	HepG2	CSTF2T_2	0.0	2973	100.0	2742	2.847502513490106	231	-0.32142563533170687	2.526076878158399	0.7971392090721837
Unique Binding	Bound Only	HepG2	CSTF2T_2	1e-05	2970	99.89909182643795	2739	2.8474783067967335	231	-0.32142563533170687	2.5260526714650267	0.7971376594546967
Unique Binding	Bound Only	HepG2	CSTF2T_2	0.0001	2061	69.3239152371342	1830	2.7910167494959244	231	-0.32142563533170687	2.4695911141642175	0.7934576158591237
Unique Binding	Bound Only	HepG2	CSTF2T_2	0.001	220	7.399932727884292	127	2.4100403469273473	93	-0.23404991401612013	2.175990432911227	0.8229637486485758
Unique Binding	Bound Only	HepG2	CSTF2T_2	0.01	100	3.363605785401951	100	2.2531188159911366	0	0.0	2.2531188159911366	1.0
Unique Binding	Bound Only	HepG2	CSTF2T_2	0.1	0	0.0	0	0.0	0	0.0		
Unique Binding	Bound Only	HepG2	CSTF2T_3	0.0	974	100.0	6	0.005405274906540507	968	-22.9275468373732	-22.92214156246666	-0.999528601910467
Unique Binding	Bound Only	HepG2	CSTF2T_3	1e-05	974	100.0	6	0.005405274906540507	968	-22.9275468373732	-22.92214156246666	-0.999528601910467
Unique Binding	Bound Only	HepG2	CSTF2T_3	0.0001	973	99.89733059548254	5	0.00530714893065885	968	-22.9275468373732	-22.92223968844254	-0.999537157570198
Unique Binding	Bound Only	HepG2	CSTF2T_3	0.001	959	98.4599589322382	1	0.0036135068715438977	958	-22.922157390480308	-22.918543883608763	-0.9996847646355951
Unique Binding	Bound Only	HepG2	CSTF2T_3	0.01	805	82.64887063655031	0	0.0	805	-21.849387945107708	-21.849387945107708	-1.0
Unique Binding	Bound Only	HepG2	CSTF2T_3	0.1	0	0.0	0	0.0	0	0.0		
Unique Binding	Bound Only	HepG2	CSTF2T_4	0.0	800	100.0	230	0.0993743046809277	570	-1.637643902309185	-1.5382695976282574	-0.885580583691034
Unique Binding	Bound Only	HepG2	CSTF2T_4	1e-05	800	100.0	230	0.0993743046809277	570	-1.637643902309185	-1.5382695976282574	-0.885580583691034
Unique Binding	Bound Only	HepG2	CSTF2T_4	0.0001	642	80.25	230	0.0993743046809277	412	-1.6292604247775055	-1.5298861200965779	-0.8850256760581678
Unique Binding	Bound Only	HepG2	CSTF2T_4	0.001	107	13.375	0	0.0	107	-1.543523642394653	-1.543523642394653	-1.0
Unique Binding	Bound Only	HepG2	CSTF2T_4	0.01	64	8.0	0	0.0	64	-1.3508499751001022	-1.3508499751001022	-1.0
Unique Binding	Bound Only	HepG2	CSTF2T_4	0.1	0	0.0	0	0.0	0	0.0		
Unique Binding	Bound Only	HepG2	CSTF2T_5	0.0	588	100.0	0	0.0	588	-0.5422687073549332	-0.5422687073549332	-1.0
Unique Binding	Bound Only	HepG2	CSTF2T_5	1e-05	588	100.0	0	0.0	588	-0.5422687073549332	-0.5422687073549332	-1.0
Unique Binding	Bound Only	HepG2	CSTF2T_5	0.0001	526	89.45578231292517	0	0.0	526	-0.5379045832074048	-0.5379045832074048	-1.0
Unique Binding	Bound Only	HepG2	CSTF2T_5	0.001	114	19.387755102040817	0	0.0	114	-0.3784698514623154	-0.3784698514623154	-1.0
Unique Binding	Bound Only	HepG2	CSTF2T_5	0.01	7	1.1904761904761905	0	0.0	7	-0.10613423842922079	-0.10613423842922079	-1.0
Unique Binding	Bound Only	HepG2	CSTF2T_5	0.1	0	0.0	0	0.0	0	0.0		
Unique Binding	Bound Only	HepG2	CSTF2T_6	0.0	524	100.0	516	0.1879335296677052	8	-0.04493359537728342	0.1429999342904218	0.6140838225352548
Unique Binding	Bound Only	HepG2	CSTF2T_6	1e-05	524	100.0	516	0.1879335296677052	8	-0.04493359537728342	0.1429999342904218	0.6140838225352548
Unique Binding	Bound Only	HepG2	CSTF2T_6	0.0001	486	92.74809160305344	478	0.18526005343155	8	-0.04493359537728342	0.14032645805426658	0.6096017799813498
Unique Binding	Bound Only	HepG2	CSTF2T_6	0.001	8	1.5267175572519083	0	0.0	8	-0.04493359537728342	-0.04493359537728342	-1.0
Unique Binding	Bound Only	HepG2	CSTF2T_6	0.01	3	0.5725190839694656	0	0.0	3	-0.03199161282409081	-0.03199161282409081	-1.0
Unique Binding	Bound Only	HepG2	CSTF2T_6	0.1	0	0.0	0	0.0	0	0.0		
Unique Binding	Bound Only	HepG2	CSTF2_1	0.0	80	100.0	0	0.0	80	-7.498516671079887	-7.498516671079887	-1.0
Unique Binding	Bound Only	HepG2	CSTF2_1	1e-05	80	100.0	0	0.0	80	-7.498516671079887	-7.498516671079887	-1.0
Unique Binding	Bound Only	HepG2	CSTF2_1	0.0001	80	100.0	0	0.0	80	-7.498516671079887	-7.498516671079887	-1.0
Unique Binding	Bound Only	HepG2	CSTF2_1	0.001	80	100.0	0	0.0	80	-7.498516671079887	-7.498516671079887	-1.0
Unique Binding	Bound Only	HepG2	CSTF2_1	0.01	80	100.0	0	0.0	80	-7.498516671079887	-7.498516671079887	-1.0
Unique Binding	Bound Only	HepG2	CSTF2_1	0.1	30	37.5	0	0.0	30	-4.148240502884014	-4.148240502884014	-1.0
Unique Binding	Bound Only	HepG2	CSTF2_2	0.0	0	0.0	0	0.0	0	0.0		
Unique Binding	Bound Only	HepG2	CSTF2_2	1e-05	0	0.0	0	0.0	0	0.0		
Unique Binding	Bound Only	HepG2	CSTF2_2	0.0001	0	0.0	0	0.0	0	0.0		
Unique Binding	Bound Only	HepG2	CSTF2_2	0.001	0	0.0	0	0.0	0	0.0		
Unique Binding	Bound Only	HepG2	CSTF2_2	0.01	0	0.0	0	0.0	0	0.0		
Unique Binding	Bound Only	HepG2	CSTF2_2	0.1	0	0.0	0	0.0	0	0.0		
Unique Binding	Bound Only	HepG2	CSTF2_3	0.0	0	0.0	0	0.0	0	0.0		
Unique Binding	Bound Only	HepG2	CSTF2_3	1e-05	0	0.0	0	0.0	0	0.0		
Unique Binding	Bound Only	HepG2	CSTF2_3	0.0001	0	0.0	0	0.0	0	0.0		
Unique Binding	Bound Only	HepG2	CSTF2_3	0.001	0	0.0	0	0.0	0	0.0		
Unique Binding	Bound Only	HepG2	CSTF2_3	0.01	0	0.0	0	0.0	0	0.0		
Unique Binding	Bound Only	HepG2	CSTF2_3	0.1	0	0.0	0	0.0	0	0.0		
Unique Binding	Bound Only	HepG2	CSTF2_4	0.0	0	0.0	0	0.0	0	0.0		
Unique Binding	Bound Only	HepG2	CSTF2_4	1e-05	0	0.0	0	0.0	0	0.0		
Unique Binding	Bound Only	HepG2	CSTF2_4	0.0001	0	0.0	0	0.0	0	0.0		
Unique Binding	Bound Only	HepG2	CSTF2_4	0.001	0	0.0	0	0.0	0	0.0		
Unique Binding	Bound Only	HepG2	CSTF2_4	0.01	0	0.0	0	0.0	0	0.0		
Unique Binding	Bound Only	HepG2	CSTF2_4	0.1	0	0.0	0	0.0	0	0.0		
Unique Binding	Bound Only	HepG2	CSTF2_5	0.0	0	0.0	0	0.0	0	0.0		
Unique Binding	Bound Only	HepG2	CSTF2_5	1e-05	0	0.0	0	0.0	0	0.0		
Unique Binding	Bound Only	HepG2	CSTF2_5	0.0001	0	0.0	0	0.0	0	0.0		
Unique Binding	Bound Only	HepG2	CSTF2_5	0.001	0	0.0	0	0.0	0	0.0		
Unique Binding	Bound Only	HepG2	CSTF2_5	0.01	0	0.0	0	0.0	0	0.0		
Unique Binding	Bound Only	HepG2	CSTF2_5	0.1	0	0.0	0	0.0	0	0.0		
Unique Binding	Bound Only	HepG2	CSTF2_6	0.0	866	100.0	11	0.011574876592949009	855	-0.18430322146981531	-0.1727283448768663	-0.8818155096723461
Unique Binding	Bound Only	HepG2	CSTF2_6	1e-05	812	93.76443418013857	11	0.011574876592949009	801	-0.18386120215730112	-0.1722863255643521	-0.8815482108834094
Unique Binding	Bound Only	HepG2	CSTF2_6	0.0001	304	35.10392609699769	11	0.011574876592949009	293	-0.1616814443416582	-0.1501065677487092	-0.8663843658862206
Unique Binding	Bound Only	HepG2	CSTF2_6	0.001	38	4.387990762124711	9	0.010834576914814067	29	-0.07778650899004036	-0.06695193207522629	-0.755485349695527
Unique Binding	Bound Only	HepG2	CSTF2_6	0.01	1	0.11547344110854503	0	0.0	1	-0.038541053358805866	-0.038541053358805866	-1.0
Unique Binding	Bound Only	HepG2	CSTF2_6	0.1	0	0.0	0	0.0	0	0.0		
Unique Binding	Bound Only	HepG2	DDX3X_1	0.0	7355	100.0	123	0.5817249954540366	7232	-162.53452195502462	-161.95279695957058	-0.9928673567921086
Unique Binding	Bound Only	HepG2	DDX3X_1	1e-05	7355	100.0	123	0.5817249954540366	7232	-162.53452195502462	-161.95279695957058	-0.9928673567921086
Unique Binding	Bound Only	HepG2	DDX3X_1	0.0001	7350	99.93201903467029	119	0.5814864233960666	7231	-162.534467351013	-161.95298092761695	-0.9928702691558883
Unique Binding	Bound Only	HepG2	DDX3X_1	0.001	7302	99.27940176750509	98	0.5721294759730029	7204	-162.52223168933259	-161.95010221335957	-0.9929840679728574
Unique Binding	Bound Only	HepG2	DDX3X_1	0.01	5493	74.68388851121685	17	0.310395151563927	5476	-151.30358746376854	-150.9931923122046	-0.9959054548108343
Unique Binding	Bound Only	HepG2	DDX3X_1	0.1	0	0.0	0	0.0	0	0.0		
Unique Binding	Bound Only	HepG2	DDX3X_2	0.0	7309	100.0	1674	3.7283448413920652	5635	-21.245501291915808	-17.517156450523743	-0.7014200518822342
Unique Binding	Bound Only	HepG2	DDX3X_2	1e-05	7294	99.7947735668354	1664	3.7282956949623274	5630	-21.245480255092765	-17.51718456013044	-0.7014231486325077
Unique Binding	Bound Only	HepG2	DDX3X_2	0.0001	7115	97.34573813107129	1578	3.7242441312668277	5537	-21.239703616681147	-17.51545948541432	-0.7016301933597053
Unique Binding	Bound Only	HepG2	DDX3X_2	0.001	5106	69.85907784922698	877	3.387786203046902	4229	-20.567479016193737	-17.179692813146836	-0.7171572786156537
Unique Binding	Bound Only	HepG2	DDX3X_2	0.01	158	2.161718429333698	65	0.9764306691727913	93	-1.2887054069708832	-0.3122747377980919	-0.13786135900926985
Unique Binding	Bound Only	HepG2	DDX3X_2	0.1	0	0.0	0	0.0	0	0.0		
Unique Binding	Bound Only	HepG2	DDX3X_3	0.0	3302	100.0	3302	210.15147955580895	0	0.0	210.15147955580895	1.0
Unique Binding	Bound Only	HepG2	DDX3X_3	1e-05	3302	100.0	3302	210.15147955580895	0	0.0	210.15147955580895	1.0
Unique Binding	Bound Only	HepG2	DDX3X_3	0.0001	3302	100.0	3302	210.15147955580895	0	0.0	210.15147955580895	1.0
Unique Binding	Bound Only	HepG2	DDX3X_3	0.001	3302	100.0	3302	210.15147955580895	0	0.0	210.15147955580895	1.0
Unique Binding	Bound Only	HepG2	DDX3X_3	0.01	3302	100.0	3302	210.15147955580895	0	0.0	210.15147955580895	1.0
Unique Binding	Bound Only	HepG2	DDX3X_3	0.1	602	18.23137492428831	602	83.78376752849292	0	0.0	83.78376752849292	1.0
Unique Binding	Bound Only	HepG2	DDX3X_4	0.0	1526	100.0	1526	80.10175673479642	0	0.0	80.10175673479642	1.0
Unique Binding	Bound Only	HepG2	DDX3X_4	1e-05	1526	100.0	1526	80.10175673479642	0	0.0	80.10175673479642	1.0
Unique Binding	Bound Only	HepG2	DDX3X_4	0.0001	1526	100.0	1526	80.10175673479642	0	0.0	80.10175673479642	1.0
Unique Binding	Bound Only	HepG2	DDX3X_4	0.001	1526	100.0	1526	80.10175673479642	0	0.0	80.10175673479642	1.0
Unique Binding	Bound Only	HepG2	DDX3X_4	0.01	1406	92.13630406290957	1406	79.12894559356617	0	0.0	79.12894559356617	1.0
Unique Binding	Bound Only	HepG2	DDX3X_4	0.1	183	11.99213630406291	183	27.50835117909759	0	0.0	27.50835117909759	1.0
Unique Binding	Bound Only	HepG2	DDX3X_5	0.0	1582	100.0	0	0.0	1582	-282.2913256481661	-282.2913256481661	-1.0
Unique Binding	Bound Only	HepG2	DDX3X_5	1e-05	1582	100.0	0	0.0	1582	-282.2913256481661	-282.2913256481661	-1.0
Unique Binding	Bound Only	HepG2	DDX3X_5	0.0001	1582	100.0	0	0.0	1582	-282.2913256481661	-282.2913256481661	-1.0
Unique Binding	Bound Only	HepG2	DDX3X_5	0.001	1582	100.0	0	0.0	1582	-282.2913256481661	-282.2913256481661	-1.0
Unique Binding	Bound Only	HepG2	DDX3X_5	0.01	1582	100.0	0	0.0	1582	-282.2913256481661	-282.2913256481661	-1.0
Unique Binding	Bound Only	HepG2	DDX3X_5	0.1	1027	64.91782553729456	0	0.0	1027	-253.26004474057706	-253.26004474057706	-1.0
Unique Binding	Bound Only	HepG2	DDX3X_6	0.0	736	100.0	0	0.0	736	-78.0294571997843	-78.0294571997843	-1.0
Unique Binding	Bound Only	HepG2	DDX3X_6	1e-05	736	100.0	0	0.0	736	-78.0294571997843	-78.0294571997843	-1.0
Unique Binding	Bound Only	HepG2	DDX3X_6	0.0001	736	100.0	0	0.0	736	-78.0294571997843	-78.0294571997843	-1.0
Unique Binding	Bound Only	HepG2	DDX3X_6	0.001	736	100.0	0	0.0	736	-78.0294571997843	-78.0294571997843	-1.0
Unique Binding	Bound Only	HepG2	DDX3X_6	0.01	732	99.45652173913044	0	0.0	732	-77.99089069163762	-77.99089069163762	-1.0
Unique Binding	Bound Only	HepG2	DDX3X_6	0.1	404	54.891304347826086	0	0.0	404	-65.08346669873693	-65.08346669873693	-1.0
Unique Binding	Bound Only	HepG2	DDX52_1	0.0	0	0.0	0	0.0	0	0.0		
Unique Binding	Bound Only	HepG2	DDX52_1	1e-05	0	0.0	0	0.0	0	0.0		
Unique Binding	Bound Only	HepG2	DDX52_1	0.0001	0	0.0	0	0.0	0	0.0		
Unique Binding	Bound Only	HepG2	DDX52_1	0.001	0	0.0	0	0.0	0	0.0		
Unique Binding	Bound Only	HepG2	DDX52_1	0.01	0	0.0	0	0.0	0	0.0		
Unique Binding	Bound Only	HepG2	DDX52_1	0.1	0	0.0	0	0.0	0	0.0		
Unique Binding	Bound Only	HepG2	DDX52_2	0.0	85	100.0	85	2.2701770755674855	0	0.0	2.2701770755674855	1.0
Unique Binding	Bound Only	HepG2	DDX52_2	1e-05	85	100.0	85	2.2701770755674855	0	0.0	2.2701770755674855	1.0
Unique Binding	Bound Only	HepG2	DDX52_2	0.0001	85	100.0	85	2.2701770755674855	0	0.0	2.2701770755674855	1.0
Unique Binding	Bound Only	HepG2	DDX52_2	0.001	85	100.0	85	2.2701770755674855	0	0.0	2.2701770755674855	1.0
Unique Binding	Bound Only	HepG2	DDX52_2	0.01	85	100.0	85	2.2701770755674855	0	0.0	2.2701770755674855	1.0
Unique Binding	Bound Only	HepG2	DDX52_2	0.1	0	0.0	0	0.0	0	0.0		
Unique Binding	Bound Only	HepG2	DDX52_3	0.0	0	0.0	0	0.0	0	0.0		
Unique Binding	Bound Only	HepG2	DDX52_3	1e-05	0	0.0	0	0.0	0	0.0		
Unique Binding	Bound Only	HepG2	DDX52_3	0.0001	0	0.0	0	0.0	0	0.0		
Unique Binding	Bound Only	HepG2	DDX52_3	0.001	0	0.0	0	0.0	0	0.0		
Unique Binding	Bound Only	HepG2	DDX52_3	0.01	0	0.0	0	0.0	0	0.0		
Unique Binding	Bound Only	HepG2	DDX52_3	0.1	0	0.0	0	0.0	0	0.0		
Unique Binding	Bound Only	HepG2	DDX52_4	0.0	0	0.0	0	0.0	0	0.0		
Unique Binding	Bound Only	HepG2	DDX52_4	1e-05	0	0.0	0	0.0	0	0.0		
Unique Binding	Bound Only	HepG2	DDX52_4	0.0001	0	0.0	0	0.0	0	0.0		
Unique Binding	Bound Only	HepG2	DDX52_4	0.001	0	0.0	0	0.0	0	0.0		
Unique Binding	Bound Only	HepG2	DDX52_4	0.01	0	0.0	0	0.0	0	0.0		
Unique Binding	Bound Only	HepG2	DDX52_4	0.1	0	0.0	0	0.0	0	0.0		
Unique Binding	Bound Only	HepG2	DDX52_5	0.0	17	100.0	17	1.1974075119655219	0	0.0	1.1974075119655219	1.0
Unique Binding	Bound Only	HepG2	DDX52_5	1e-05	17	100.0	17	1.1974075119655219	0	0.0	1.1974075119655219	1.0
Unique Binding	Bound Only	HepG2	DDX52_5	0.0001	17	100.0	17	1.1974075119655219	0	0.0	1.1974075119655219	1.0
Unique Binding	Bound Only	HepG2	DDX52_5	0.001	17	100.0	17	1.1974075119655219	0	0.0	1.1974075119655219	1.0
Unique Binding	Bound Only	HepG2	DDX52_5	0.01	17	100.0	17	1.1974075119655219	0	0.0	1.1974075119655219	1.0
Unique Binding	Bound Only	HepG2	DDX52_5	0.1	0	0.0	0	0.0	0	0.0		
Unique Binding	Bound Only	HepG2	DDX52_6	0.0	0	0.0	0	0.0	0	0.0		
Unique Binding	Bound Only	HepG2	DDX52_6	1e-05	0	0.0	0	0.0	0	0.0		
Unique Binding	Bound Only	HepG2	DDX52_6	0.0001	0	0.0	0	0.0	0	0.0		
Unique Binding	Bound Only	HepG2	DDX52_6	0.001	0	0.0	0	0.0	0	0.0		
Unique Binding	Bound Only	HepG2	DDX52_6	0.01	0	0.0	0	0.0	0	0.0		
Unique Binding	Bound Only	HepG2	DDX52_6	0.1	0	0.0	0	0.0	0	0.0		
Unique Binding	Bound Only	HepG2	DDX55_1	0.0	241	100.0	0	0.0	241	-1.0819041549797364	-1.0819041549797364	-1.0
Unique Binding	Bound Only	HepG2	DDX55_1	1e-05	241	100.0	0	0.0	241	-1.0819041549797364	-1.0819041549797364	-1.0
Unique Binding	Bound Only	HepG2	DDX55_1	0.0001	241	100.0	0	0.0	241	-1.0819041549797364	-1.0819041549797364	-1.0
Unique Binding	Bound Only	HepG2	DDX55_1	0.001	196	81.32780082987551	0	0.0	196	-1.049477746500249	-1.049477746500249	-1.0
Unique Binding	Bound Only	HepG2	DDX55_1	0.01	34	14.107883817427386	0	0.0	34	-0.5606382613312043	-0.5606382613312043	-1.0
Unique Binding	Bound Only	HepG2	DDX55_1	0.1	0	0.0	0	0.0	0	0.0		
Unique Binding	Bound Only	HepG2	DDX55_2	0.0	397	100.0	0	0.0	397	-26.638802805596317	-26.638802805596317	-1.0
Unique Binding	Bound Only	HepG2	DDX55_2	1e-05	397	100.0	0	0.0	397	-26.638802805596317	-26.638802805596317	-1.0
Unique Binding	Bound Only	HepG2	DDX55_2	0.0001	397	100.0	0	0.0	397	-26.638802805596317	-26.638802805596317	-1.0
Unique Binding	Bound Only	HepG2	DDX55_2	0.001	397	100.0	0	0.0	397	-26.638802805596317	-26.638802805596317	-1.0
Unique Binding	Bound Only	HepG2	DDX55_2	0.01	375	94.45843828715365	0	0.0	375	-26.455834738807432	-26.455834738807432	-1.0
Unique Binding	Bound Only	HepG2	DDX55_2	0.1	136	34.25692695214106	0	0.0	136	-17.108613010285637	-17.108613010285637	-1.0
Unique Binding	Bound Only	HepG2	DDX55_3	0.0	346	100.0	17	0.03354621356737995	329	-0.2544876878291681	-0.22094147426178815	-0.7670676027736366
Unique Binding	Bound Only	HepG2	DDX55_3	1e-05	292	84.39306358381504	17	0.03354621356737995	275	-0.25409682668704103	-0.2205506131196611	-0.7667510846936658
Unique Binding	Bound Only	HepG2	DDX55_3	0.0001	211	60.982658959537574	16	0.03348301136838047	195	-0.2520337342702916	-0.2185507229019111	-0.7654567595082218
Unique Binding	Bound Only	HepG2	DDX55_3	0.001	108	31.213872832369944	5	0.030281793314657628	103	-0.17906576815860956	-0.14878397484395192	-0.7107031665279321
Unique Binding	Bound Only	HepG2	DDX55_3	0.01	1	0.2890173410404624	1	0.010269110829868382	0	0.0	0.010269110829868382	1.0
Unique Binding	Bound Only	HepG2	DDX55_3	0.1	0	0.0	0	0.0	0	0.0		
Unique Binding	Bound Only	HepG2	DDX55_4	0.0	387	100.0	387	5.605846642322155	0	0.0	5.605846642322155	1.0
Unique Binding	Bound Only	HepG2	DDX55_4	1e-05	387	100.0	387	5.605846642322155	0	0.0	5.605846642322155	1.0
Unique Binding	Bound Only	HepG2	DDX55_4	0.0001	387	100.0	387	5.605846642322155	0	0.0	5.605846642322155	1.0
Unique Binding	Bound Only	HepG2	DDX55_4	0.001	387	100.0	387	5.605846642322155	0	0.0	5.605846642322155	1.0
Unique Binding	Bound Only	HepG2	DDX55_4	0.01	242	62.532299741602074	242	4.488705080204414	0	0.0	4.488705080204414	1.0
Unique Binding	Bound Only	HepG2	DDX55_4	0.1	0	0.0	0	0.0	0	0.0		
Unique Binding	Bound Only	HepG2	DDX55_5	0.0	562	100.0	562	4.739958899872885	0	0.0	4.739958899872885	1.0
Unique Binding	Bound Only	HepG2	DDX55_5	1e-05	562	100.0	562	4.739958899872885	0	0.0	4.739958899872885	1.0
Unique Binding	Bound Only	HepG2	DDX55_5	0.0001	562	100.0	562	4.739958899872885	0	0.0	4.739958899872885	1.0
Unique Binding	Bound Only	HepG2	DDX55_5	0.001	561	99.8220640569395	561	4.7389913827661125	0	0.0	4.7389913827661125	1.0
Unique Binding	Bound Only	HepG2	DDX55_5	0.01	161	28.647686832740217	161	2.839596186376637	0	0.0	2.839596186376637	1.0
Unique Binding	Bound Only	HepG2	DDX55_5	0.1	0	0.0	0	0.0	0	0.0		
Unique Binding	Bound Only	HepG2	DDX55_6	0.0	1084	100.0	225	0.056041668290816526	859	-0.31588123338473273	-0.2598395650939162	-0.6986382498182108
Unique Binding	Bound Only	HepG2	DDX55_6	1e-05	745	68.72693726937268	205	0.05601698966232499	540	-0.31412104741434077	-0.2581040577520158	-0.6973183836779124
Unique Binding	Bound Only	HepG2	DDX55_6	0.0001	259	23.8929889298893	174	0.0533798735264776	85	-0.3012059502942689	-0.24782607676779128	-0.6989170466472867
Unique Binding	Bound Only	HepG2	DDX55_6	0.001	83	7.656826568265683	0	0.0	83	-0.2993583014959637	-0.2993583014959637	-1.0
Unique Binding	Bound Only	HepG2	DDX55_6	0.01	2	0.18450184501845018	0	0.0	2	-0.023090176140644646	-0.023090176140644646	-1.0
Unique Binding	Bound Only	HepG2	DDX55_6	0.1	0	0.0	0	0.0	0	0.0		
Unique Binding	Bound Only	HepG2	DDX59_1	0.0	506	100.0	449	3.014472040310675	57	-0.21441126970817673	2.800060770602498	0.8671916888152115
Unique Binding	Bound Only	HepG2	DDX59_1	1e-05	506	100.0	449	3.014472040310675	57	-0.21441126970817673	2.800060770602498	0.8671916888152115
Unique Binding	Bound Only	HepG2	DDX59_1	0.0001	506	100.0	449	3.014472040310675	57	-0.21441126970817673	2.800060770602498	0.8671916888152115
Unique Binding	Bound Only	HepG2	DDX59_1	0.001	497	98.22134387351778	444	3.010284902072845	53	-0.21053905825969746	2.7997458438131475	0.8692638524472728
Unique Binding	Bound Only	HepG2	DDX59_1	0.01	95	18.774703557312254	91	1.3661036833266018	4	-0.04023363493499991	1.325870048391602	0.9427823831273519
Unique Binding	Bound Only	HepG2	DDX59_1	0.1	0	0.0	0	0.0	0	0.0		
Unique Binding	Bound Only	HepG2	DDX59_2	0.0	566	100.0	0	0.0	566	-3.252041326099806	-3.252041326099806	-1.0
Unique Binding	Bound Only	HepG2	DDX59_2	1e-05	566	100.0	0	0.0	566	-3.252041326099806	-3.252041326099806	-1.0
Unique Binding	Bound Only	HepG2	DDX59_2	0.0001	566	100.0	0	0.0	566	-3.252041326099806	-3.252041326099806	-1.0
Unique Binding	Bound Only	HepG2	DDX59_2	0.001	546	96.46643109540636	0	0.0	546	-3.234411379762023	-3.234411379762023	-1.0
Unique Binding	Bound Only	HepG2	DDX59_2	0.01	96	16.96113074204947	0	0.0	96	-1.841467645017836	-1.841467645017836	-1.0
Unique Binding	Bound Only	HepG2	DDX59_2	0.1	0	0.0	0	0.0	0	0.0		
Unique Binding	Bound Only	HepG2	DDX59_3	0.0	697	100.0	0	0.0	697	-13.913117697677912	-13.913117697677912	-1.0
Unique Binding	Bound Only	HepG2	DDX59_3	1e-05	697	100.0	0	0.0	697	-13.913117697677912	-13.913117697677912	-1.0
Unique Binding	Bound Only	HepG2	DDX59_3	0.0001	697	100.0	0	0.0	697	-13.913117697677912	-13.913117697677912	-1.0
Unique Binding	Bound Only	HepG2	DDX59_3	0.001	697	100.0	0	0.0	697	-13.913117697677912	-13.913117697677912	-1.0
Unique Binding	Bound Only	HepG2	DDX59_3	0.01	485	69.58393113342898	0	0.0	485	-12.384541173072307	-12.384541173072307	-1.0
Unique Binding	Bound Only	HepG2	DDX59_3	0.1	0	0.0	0	0.0	0	0.0		
Unique Binding	Bound Only	HepG2	DDX59_4	0.0	394	100.0	0	0.0	394	-1.655810039450098	-1.655810039450098	-1.0
Unique Binding	Bound Only	HepG2	DDX59_4	1e-05	394	100.0	0	0.0	394	-1.655810039450098	-1.655810039450098	-1.0
Unique Binding	Bound Only	HepG2	DDX59_4	0.0001	394	100.0	0	0.0	394	-1.655810039450098	-1.655810039450098	-1.0
Unique Binding	Bound Only	HepG2	DDX59_4	0.001	381	96.7005076142132	0	0.0	381	-1.6455391105793344	-1.6455391105793344	-1.0
Unique Binding	Bound Only	HepG2	DDX59_4	0.01	32	8.121827411167512	0	0.0	32	-0.3757763426738723	-0.3757763426738723	-1.0
Unique Binding	Bound Only	HepG2	DDX59_4	0.1	0	0.0	0	0.0	0	0.0		
Unique Binding	Bound Only	HepG2	DDX59_5	0.0	454	100.0	0	0.0	454	-5.1287676891384955	-5.1287676891384955	-1.0
Unique Binding	Bound Only	HepG2	DDX59_5	1e-05	454	100.0	0	0.0	454	-5.1287676891384955	-5.1287676891384955	-1.0
Unique Binding	Bound Only	HepG2	DDX59_5	0.0001	454	100.0	0	0.0	454	-5.1287676891384955	-5.1287676891384955	-1.0
Unique Binding	Bound Only	HepG2	DDX59_5	0.001	454	100.0	0	0.0	454	-5.1287676891384955	-5.1287676891384955	-1.0
Unique Binding	Bound Only	HepG2	DDX59_5	0.01	175	38.54625550660793	0	0.0	175	-3.368536232645689	-3.368536232645689	-1.0
Unique Binding	Bound Only	HepG2	DDX59_5	0.1	0	0.0	0	0.0	0	0.0		
Unique Binding	Bound Only	HepG2	DDX59_6	0.0	377	100.0	5	0.0005980593193899897	372	-2.1741236794221352	-2.1735256201027453	-0.9994499900297718
Unique Binding	Bound Only	HepG2	DDX59_6	1e-05	376	99.73474801061008	4	0.0005950775025851725	372	-2.1741236794221352	-2.17352860191955	-0.9994527315307411
Unique Binding	Bound Only	HepG2	DDX59_6	0.0001	375	99.46949602122017	4	0.0005950775025851725	371	-2.1740423012667516	-2.173447223764166	-0.9994527110511435
Unique Binding	Bound Only	HepG2	DDX59_6	0.001	259	68.70026525198939	0	0.0	259	-2.128759196939046	-2.128759196939046	-1.0
Unique Binding	Bound Only	HepG2	DDX59_6	0.01	35	9.283819628647215	0	0.0	35	-1.3820355301213432	-1.3820355301213432	-1.0
Unique Binding	Bound Only	HepG2	DDX59_6	0.1	0	0.0	0	0.0	0	0.0		
Unique Binding	Bound Only	HepG2	DDX6_1	0.0	0	0.0	0	0.0	0	0.0		
Unique Binding	Bound Only	HepG2	DDX6_1	1e-05	0	0.0	0	0.0	0	0.0		
Unique Binding	Bound Only	HepG2	DDX6_1	0.0001	0	0.0	0	0.0	0	0.0		
Unique Binding	Bound Only	HepG2	DDX6_1	0.001	0	0.0	0	0.0	0	0.0		
Unique Binding	Bound Only	HepG2	DDX6_1	0.01	0	0.0	0	0.0	0	0.0		
Unique Binding	Bound Only	HepG2	DDX6_1	0.1	0	0.0	0	0.0	0	0.0		
Unique Binding	Bound Only	HepG2	DDX6_2	0.0	38	100.0	0	0.0	38	-0.02983639961720864	-0.02983639961720864	-1.0
Unique Binding	Bound Only	HepG2	DDX6_2	1e-05	38	100.0	0	0.0	38	-0.02983639961720864	-0.02983639961720864	-1.0
Unique Binding	Bound Only	HepG2	DDX6_2	0.0001	38	100.0	0	0.0	38	-0.02983639961720864	-0.02983639961720864	-1.0
Unique Binding	Bound Only	HepG2	DDX6_2	0.001	9	23.684210526315788	0	0.0	9	-0.015498059813839817	-0.015498059813839817	-1.0
Unique Binding	Bound Only	HepG2	DDX6_2	0.01	0	0.0	0	0.0	0	0.0		
Unique Binding	Bound Only	HepG2	DDX6_2	0.1	0	0.0	0	0.0	0	0.0		
Unique Binding	Bound Only	HepG2	DDX6_3	0.0	61	100.0	0	0.0	61	-4.178517615588085	-4.178517615588085	-1.0
Unique Binding	Bound Only	HepG2	DDX6_3	1e-05	61	100.0	0	0.0	61	-4.178517615588085	-4.178517615588085	-1.0
Unique Binding	Bound Only	HepG2	DDX6_3	0.0001	61	100.0	0	0.0	61	-4.178517615588085	-4.178517615588085	-1.0
Unique Binding	Bound Only	HepG2	DDX6_3	0.001	61	100.0	0	0.0	61	-4.178517615588085	-4.178517615588085	-1.0
Unique Binding	Bound Only	HepG2	DDX6_3	0.01	61	100.0	0	0.0	61	-4.178517615588085	-4.178517615588085	-1.0
Unique Binding	Bound Only	HepG2	DDX6_3	0.1	12	19.672131147540984	0	0.0	12	-1.3994834371513025	-1.3994834371513025	-1.0
Unique Binding	Bound Only	HepG2	DDX6_4	0.0	83	100.0	83	0.02081679268454965	0	0.0	0.02081679268454965	1.0
Unique Binding	Bound Only	HepG2	DDX6_4	1e-05	67	80.72289156626506	67	0.02071060395200245	0	0.0	0.02071060395200245	1.0
Unique Binding	Bound Only	HepG2	DDX6_4	0.0001	14	16.867469879518072	14	0.01978129752975993	0	0.0	0.01978129752975993	1.0
Unique Binding	Bound Only	HepG2	DDX6_4	0.001	14	16.867469879518072	14	0.01978129752975993	0	0.0	0.01978129752975993	1.0
Unique Binding	Bound Only	HepG2	DDX6_4	0.01	0	0.0	0	0.0	0	0.0		
Unique Binding	Bound Only	HepG2	DDX6_4	0.1	0	0.0	0	0.0	0	0.0		
Unique Binding	Bound Only	HepG2	DDX6_5	0.0	0	0.0	0	0.0	0	0.0		
Unique Binding	Bound Only	HepG2	DDX6_5	1e-05	0	0.0	0	0.0	0	0.0		
Unique Binding	Bound Only	HepG2	DDX6_5	0.0001	0	0.0	0	0.0	0	0.0		
Unique Binding	Bound Only	HepG2	DDX6_5	0.001	0	0.0	0	0.0	0	0.0		
Unique Binding	Bound Only	HepG2	DDX6_5	0.01	0	0.0	0	0.0	0	0.0		
Unique Binding	Bound Only	HepG2	DDX6_5	0.1	0	0.0	0	0.0	0	0.0		
Unique Binding	Bound Only	HepG2	DDX6_6	0.0	362	100.0	2	0.0009220490344467494	360	-0.6127927101736037	-0.611870661139157	-0.9969951870291126
Unique Binding	Bound Only	HepG2	DDX6_6	1e-05	362	100.0	2	0.0009220490344467494	360	-0.6127927101736037	-0.611870661139157	-0.9969951870291126
Unique Binding	Bound Only	HepG2	DDX6_6	0.0001	362	100.0	2	0.0009220490344467494	360	-0.6127927101736037	-0.611870661139157	-0.9969951870291126
Unique Binding	Bound Only	HepG2	DDX6_6	0.001	273	75.41436464088397	0	0.0	273	-0.5388981749689803	-0.5388981749689803	-1.0
Unique Binding	Bound Only	HepG2	DDX6_6	0.01	0	0.0	0	0.0	0	0.0		
Unique Binding	Bound Only	HepG2	DDX6_6	0.1	0	0.0	0	0.0	0	0.0		
Unique Binding	Bound Only	HepG2	DGCR8_1	0.0	360	100.0	360	4.8891592644225526	0	0.0	4.8891592644225526	1.0
Unique Binding	Bound Only	HepG2	DGCR8_1	1e-05	360	100.0	360	4.8891592644225526	0	0.0	4.8891592644225526	1.0
Unique Binding	Bound Only	HepG2	DGCR8_1	0.0001	360	100.0	360	4.8891592644225526	0	0.0	4.8891592644225526	1.0
Unique Binding	Bound Only	HepG2	DGCR8_1	0.001	360	100.0	360	4.8891592644225526	0	0.0	4.8891592644225526	1.0
Unique Binding	Bound Only	HepG2	DGCR8_1	0.01	165	45.83333333333333	165	3.5001313974980888	0	0.0	3.5001313974980888	1.0
Unique Binding	Bound Only	HepG2	DGCR8_1	0.1	0	0.0	0	0.0	0	0.0		
Unique Binding	Bound Only	HepG2	DGCR8_2	0.0	811	100.0	614	2.0268604628753764	197	-0.4692047069605261	1.5576557559148503	0.6240445060243577
Unique Binding	Bound Only	HepG2	DGCR8_2	1e-05	798	98.39704069050555	601	2.0268162758255013	197	-0.4692047069605261	1.5576115688649752	0.6240378504856913
Unique Binding	Bound Only	HepG2	DGCR8_2	0.0001	419	51.66461159062885	246	2.012335725964979	173	-0.4673487689284679	1.5449869570365111	0.6230578770074133
Unique Binding	Bound Only	HepG2	DGCR8_2	0.001	200	24.66091245376079	87	1.9900341072139331	113	-0.443316748682234	1.5467173585316991	0.6356326934046121
Unique Binding	Bound Only	HepG2	DGCR8_2	0.01	84	10.35758323057953	70	1.8482112103066854	14	-0.2785942669092875	1.5696169433973979	0.7380162220816052
Unique Binding	Bound Only	HepG2	DGCR8_2	0.1	0	0.0	0	0.0	0	0.0		
Unique Binding	Bound Only	HepG2	DGCR8_3	0.0	247	100.0	0	0.0	247	-28.666286208246106	-28.666286208246106	-1.0
Unique Binding	Bound Only	HepG2	DGCR8_3	1e-05	247	100.0	0	0.0	247	-28.666286208246106	-28.666286208246106	-1.0
Unique Binding	Bound Only	HepG2	DGCR8_3	0.0001	247	100.0	0	0.0	247	-28.666286208246106	-28.666286208246106	-1.0
Unique Binding	Bound Only	HepG2	DGCR8_3	0.001	247	100.0	0	0.0	247	-28.666286208246106	-28.666286208246106	-1.0
Unique Binding	Bound Only	HepG2	DGCR8_3	0.01	247	100.0	0	0.0	247	-28.666286208246106	-28.666286208246106	-1.0
Unique Binding	Bound Only	HepG2	DGCR8_3	0.1	131	53.036437246963565	0	0.0	131	-21.69098261064804	-21.69098261064804	-1.0
Unique Binding	Bound Only	HepG2	DGCR8_4	0.0	266	100.0	22	0.007498333829141899	244	-0.16007661539814155	-0.15257828156899966	-0.9105076998236552
Unique Binding	Bound Only	HepG2	DGCR8_4	1e-05	250	93.98496240601504	22	0.007498333829141899	228	-0.15993008148990512	-0.15243174766076323	-0.9104293758636696
Unique Binding	Bound Only	HepG2	DGCR8_4	0.0001	110	41.35338345864661	22	0.007498333829141899	88	-0.15165367294183651	-0.14415533911269462	-0.9057714196474811
Unique Binding	Bound Only	HepG2	DGCR8_4	0.001	62	23.308270676691727	0	0.0	62	-0.12995085024201738	-0.12995085024201738	-1.0
Unique Binding	Bound Only	HepG2	DGCR8_4	0.01	0	0.0	0	0.0	0	0.0		
Unique Binding	Bound Only	HepG2	DGCR8_4	0.1	0	0.0	0	0.0	0	0.0		
Unique Binding	Bound Only	HepG2	DGCR8_5	0.0	0	0.0	0	0.0	0	0.0		
Unique Binding	Bound Only	HepG2	DGCR8_5	1e-05	0	0.0	0	0.0	0	0.0		
Unique Binding	Bound Only	HepG2	DGCR8_5	0.0001	0	0.0	0	0.0	0	0.0		
Unique Binding	Bound Only	HepG2	DGCR8_5	0.001	0	0.0	0	0.0	0	0.0		
Unique Binding	Bound Only	HepG2	DGCR8_5	0.01	0	0.0	0	0.0	0	0.0		
Unique Binding	Bound Only	HepG2	DGCR8_5	0.1	0	0.0	0	0.0	0	0.0		
Unique Binding	Bound Only	HepG2	DGCR8_6	0.0	146	100.0	146	3.389136872375221	0	0.0	3.389136872375221	1.0
Unique Binding	Bound Only	HepG2	DGCR8_6	1e-05	146	100.0	146	3.389136872375221	0	0.0	3.389136872375221	1.0
Unique Binding	Bound Only	HepG2	DGCR8_6	0.0001	146	100.0	146	3.389136872375221	0	0.0	3.389136872375221	1.0
Unique Binding	Bound Only	HepG2	DGCR8_6	0.001	146	100.0	146	3.389136872375221	0	0.0	3.389136872375221	1.0
Unique Binding	Bound Only	HepG2	DGCR8_6	0.01	109	74.65753424657534	109	3.1153128671814203	0	0.0	3.1153128671814203	1.0
Unique Binding	Bound Only	HepG2	DGCR8_6	0.1	0	0.0	0	0.0	0	0.0		
Unique Binding	Bound Only	HepG2	DHX30_1	0.0	0	0.0	0	0.0	0	0.0		
Unique Binding	Bound Only	HepG2	DHX30_1	1e-05	0	0.0	0	0.0	0	0.0		
Unique Binding	Bound Only	HepG2	DHX30_1	0.0001	0	0.0	0	0.0	0	0.0		
Unique Binding	Bound Only	HepG2	DHX30_1	0.001	0	0.0	0	0.0	0	0.0		
Unique Binding	Bound Only	HepG2	DHX30_1	0.01	0	0.0	0	0.0	0	0.0		
Unique Binding	Bound Only	HepG2	DHX30_1	0.1	0	0.0	0	0.0	0	0.0		
Unique Binding	Bound Only	HepG2	DHX30_2	0.0	0	0.0	0	0.0	0	0.0		
Unique Binding	Bound Only	HepG2	DHX30_2	1e-05	0	0.0	0	0.0	0	0.0		
Unique Binding	Bound Only	HepG2	DHX30_2	0.0001	0	0.0	0	0.0	0	0.0		
Unique Binding	Bound Only	HepG2	DHX30_2	0.001	0	0.0	0	0.0	0	0.0		
Unique Binding	Bound Only	HepG2	DHX30_2	0.01	0	0.0	0	0.0	0	0.0		
Unique Binding	Bound Only	HepG2	DHX30_2	0.1	0	0.0	0	0.0	0	0.0		
Unique Binding	Bound Only	HepG2	DHX30_3	0.0	0		0	0.0	0	0.0		
Unique Binding	Bound Only	HepG2	DHX30_3	1e-05	0		0	0.0	0	0.0		
Unique Binding	Bound Only	HepG2	DHX30_3	0.0001	0		0	0.0	0	0.0		
Unique Binding	Bound Only	HepG2	DHX30_3	0.001	0		0	0.0	0	0.0		
Unique Binding	Bound Only	HepG2	DHX30_3	0.01	0		0	0.0	0	0.0		
Unique Binding	Bound Only	HepG2	DHX30_3	0.1	0		0	0.0	0	0.0		
Unique Binding	Bound Only	HepG2	DHX30_4	0.0	0		0	0.0	0	0.0		
Unique Binding	Bound Only	HepG2	DHX30_4	1e-05	0		0	0.0	0	0.0		
Unique Binding	Bound Only	HepG2	DHX30_4	0.0001	0		0	0.0	0	0.0		
Unique Binding	Bound Only	HepG2	DHX30_4	0.001	0		0	0.0	0	0.0		
Unique Binding	Bound Only	HepG2	DHX30_4	0.01	0		0	0.0	0	0.0		
Unique Binding	Bound Only	HepG2	DHX30_4	0.1	0		0	0.0	0	0.0		
Unique Binding	Bound Only	HepG2	DHX30_5	0.0	0		0	0.0	0	0.0		
Unique Binding	Bound Only	HepG2	DHX30_5	1e-05	0		0	0.0	0	0.0		
Unique Binding	Bound Only	HepG2	DHX30_5	0.0001	0		0	0.0	0	0.0		
Unique Binding	Bound Only	HepG2	DHX30_5	0.001	0		0	0.0	0	0.0		
Unique Binding	Bound Only	HepG2	DHX30_5	0.01	0		0	0.0	0	0.0		
Unique Binding	Bound Only	HepG2	DHX30_5	0.1	0		0	0.0	0	0.0		
Unique Binding	Bound Only	HepG2	DHX30_6	0.0	0	0.0	0	0.0	0	0.0		
Unique Binding	Bound Only	HepG2	DHX30_6	1e-05	0	0.0	0	0.0	0	0.0		
Unique Binding	Bound Only	HepG2	DHX30_6	0.0001	0	0.0	0	0.0	0	0.0		
Unique Binding	Bound Only	HepG2	DHX30_6	0.001	0	0.0	0	0.0	0	0.0		
Unique Binding	Bound Only	HepG2	DHX30_6	0.01	0	0.0	0	0.0	0	0.0		
Unique Binding	Bound Only	HepG2	DHX30_6	0.1	0	0.0	0	0.0	0	0.0		
Unique Binding	Bound Only	HepG2	DKC1_1	0.0	269	100.0	269	1.1088428856602224	0	0.0	1.1088428856602224	1.0
Unique Binding	Bound Only	HepG2	DKC1_1	1e-05	269	100.0	269	1.1088428856602224	0	0.0	1.1088428856602224	1.0
Unique Binding	Bound Only	HepG2	DKC1_1	0.0001	269	100.0	269	1.1088428856602224	0	0.0	1.1088428856602224	1.0
Unique Binding	Bound Only	HepG2	DKC1_1	0.001	269	100.0	269	1.1088428856602224	0	0.0	1.1088428856602224	1.0
Unique Binding	Bound Only	HepG2	DKC1_1	0.01	4	1.486988847583643	4	0.041567192867930355	0	0.0	0.041567192867930355	1.0
Unique Binding	Bound Only	HepG2	DKC1_1	0.1	0	0.0	0	0.0	0	0.0		
Unique Binding	Bound Only	HepG2	DKC1_2	0.0	127	32.07070707070707	0	0.0	127	-0.0010929855212631237	-0.0010929855212631237	-1.0
Unique Binding	Bound Only	HepG2	DKC1_2	1e-05	9	2.272727272727273	0	0.0	9	-0.0010607139740867733	-0.0010607139740867733	-1.0
Unique Binding	Bound Only	HepG2	DKC1_2	0.0001	6	1.5151515151515151	0	0.0	6	-0.0008596587057604086	-0.0008596587057604086	-1.0
Unique Binding	Bound Only	HepG2	DKC1_2	0.001	0	0.0	0	0.0	0	0.0		
Unique Binding	Bound Only	HepG2	DKC1_2	0.01	0	0.0	0	0.0	0	0.0		
Unique Binding	Bound Only	HepG2	DKC1_2	0.1	0	0.0	0	0.0	0	0.0		
Unique Binding	Bound Only	HepG2	DKC1_3	0.0	393	100.0	312	1.513279788593907	81	-0.19122376390840445	1.3220560246855027	0.7756252679817808
Unique Binding	Bound Only	HepG2	DKC1_3	1e-05	393	100.0	312	1.513279788593907	81	-0.19122376390840445	1.3220560246855027	0.7756252679817808
Unique Binding	Bound Only	HepG2	DKC1_3	0.0001	393	100.0	312	1.513279788593907	81	-0.19122376390840445	1.3220560246855027	0.7756252679817808
Unique Binding	Bound Only	HepG2	DKC1_3	0.001	380	96.69211195928753	300	1.5076605557252685	80	-0.19075355706315028	1.3169069986621182	0.7753745030415753
Unique Binding	Bound Only	HepG2	DKC1_3	0.01	30	7.633587786259542	30	0.3783694440925553	0	0.0	0.3783694440925553	1.0
Unique Binding	Bound Only	HepG2	DKC1_3	0.1	0	0.0	0	0.0	0	0.0		
Unique Binding	Bound Only	HepG2	DKC1_4	0.0	477	100.0	0	0.0	477	-3.853455718355383	-3.853455718355383	-1.0
Unique Binding	Bound Only	HepG2	DKC1_4	1e-05	477	100.0	0	0.0	477	-3.853455718355383	-3.853455718355383	-1.0
Unique Binding	Bound Only	HepG2	DKC1_4	0.0001	477	100.0	0	0.0	477	-3.853455718355383	-3.853455718355383	-1.0
Unique Binding	Bound Only	HepG2	DKC1_4	0.001	355	74.42348008385744	0	0.0	355	-3.7963149343634006	-3.7963149343634006	-1.0
Unique Binding	Bound Only	HepG2	DKC1_4	0.01	91	19.07756813417191	0	0.0	91	-3.0849233822859685	-3.0849233822859685	-1.0
Unique Binding	Bound Only	HepG2	DKC1_4	0.1	0	0.0	0	0.0	0	0.0		
Unique Binding	Bound Only	HepG2	DKC1_5	0.0	420	100.0	0	0.0	420	-3.6373574200560688	-3.6373574200560688	-1.0
Unique Binding	Bound Only	HepG2	DKC1_5	1e-05	420	100.0	0	0.0	420	-3.6373574200560688	-3.6373574200560688	-1.0
Unique Binding	Bound Only	HepG2	DKC1_5	0.0001	420	100.0	0	0.0	420	-3.6373574200560688	-3.6373574200560688	-1.0
Unique Binding	Bound Only	HepG2	DKC1_5	0.001	420	100.0	0	0.0	420	-3.6373574200560688	-3.6373574200560688	-1.0
Unique Binding	Bound Only	HepG2	DKC1_5	0.01	103	24.523809523809522	0	0.0	103	-2.143625752362303	-2.143625752362303	-1.0
Unique Binding	Bound Only	HepG2	DKC1_5	0.1	0	0.0	0	0.0	0	0.0		
Unique Binding	Bound Only	HepG2	DKC1_6	0.0	0	0.0	0	0.0	0	0.0		
Unique Binding	Bound Only	HepG2	DKC1_6	1e-05	0	0.0	0	0.0	0	0.0		
Unique Binding	Bound Only	HepG2	DKC1_6	0.0001	0	0.0	0	0.0	0	0.0		
Unique Binding	Bound Only	HepG2	DKC1_6	0.001	0	0.0	0	0.0	0	0.0		
Unique Binding	Bound Only	HepG2	DKC1_6	0.01	0	0.0	0	0.0	0	0.0		
Unique Binding	Bound Only	HepG2	DKC1_6	0.1	0	0.0	0	0.0	0	0.0		
Unique Binding	Bound Only	HepG2	DROSHA_1	0.0	426	100.0	402	1.6198737316254452	24	-0.1323761638052216	1.4874975678202236	0.8489072087829272
Unique Binding	Bound Only	HepG2	DROSHA_1	1e-05	426	100.0	402	1.6198737316254452	24	-0.1323761638052216	1.4874975678202236	0.8489072087829272
Unique Binding	Bound Only	HepG2	DROSHA_1	0.0001	425	99.76525821596243	401	1.619809534205315	24	-0.1323761638052216	1.4874333704000933	0.8489016729727632
Unique Binding	Bound Only	HepG2	DROSHA_1	0.001	282	66.19718309859155	259	1.5206138510057536	23	-0.13174353625229437	1.3888703147534593	0.8405386906389399
Unique Binding	Bound Only	HepG2	DROSHA_1	0.01	68	15.96244131455399	68	0.8632664026706629	0	0.0	0.8632664026706629	1.0
Unique Binding	Bound Only	HepG2	DROSHA_1	0.1	0	0.0	0	0.0	0	0.0		
Unique Binding	Bound Only	HepG2	DROSHA_2	0.0	424	100.0	424	0.19111807829338193	0	0.0	0.19111807829338193	1.0
Unique Binding	Bound Only	HepG2	DROSHA_2	1e-05	424	100.0	424	0.19111807829338193	0	0.0	0.19111807829338193	1.0
Unique Binding	Bound Only	HepG2	DROSHA_2	0.0001	130	30.660377358490564	130	0.18060614969752875	0	0.0	0.18060614969752875	1.0
Unique Binding	Bound Only	HepG2	DROSHA_2	0.001	82	19.339622641509436	82	0.15334121233462422	0	0.0	0.15334121233462422	1.0
Unique Binding	Bound Only	HepG2	DROSHA_2	0.01	0	0.0	0	0.0	0	0.0		
Unique Binding	Bound Only	HepG2	DROSHA_2	0.1	0	0.0	0	0.0	0	0.0		
Unique Binding	Bound Only	HepG2	DROSHA_3	0.0	454	100.0	91	0.2557367254632872	363	-0.9459709089733845	-0.6902341835100974	-0.5743777968371322
Unique Binding	Bound Only	HepG2	DROSHA_3	1e-05	454	100.0	91	0.2557367254632872	363	-0.9459709089733845	-0.6902341835100974	-0.5743777968371322
Unique Binding	Bound Only	HepG2	DROSHA_3	0.0001	454	100.0	91	0.2557367254632872	363	-0.9459709089733845	-0.6902341835100974	-0.5743777968371322
Unique Binding	Bound Only	HepG2	DROSHA_3	0.001	390	85.90308370044053	78	0.2446231588723722	312	-0.9011076757801311	-0.6564845169077589	-0.5729831973203974
Unique Binding	Bound Only	HepG2	DROSHA_3	0.01	0	0.0	0	0.0	0	0.0		
Unique Binding	Bound Only	HepG2	DROSHA_3	0.1	0	0.0	0	0.0	0	0.0		
Unique Binding	Bound Only	HepG2	DROSHA_4	0.0	228	100.0	111	0.08353184855872238	117	-1.323718679731299	-1.2401868311725766	-0.881283613856271
Unique Binding	Bound Only	HepG2	DROSHA_4	1e-05	228	100.0	111	0.08353184855872238	117	-1.323718679731299	-1.2401868311725766	-0.881283613856271
Unique Binding	Bound Only	HepG2	DROSHA_4	0.0001	225	98.68421052631578	110	0.08347448685568416	115	-1.323524531119394	-1.2400500442637097	-0.8813439301815308
Unique Binding	Bound Only	HepG2	DROSHA_4	0.001	107	46.92982456140351	18	0.029305306997629763	89	-1.3153027574666674	-1.2859974504690377	-0.956410633295874
Unique Binding	Bound Only	HepG2	DROSHA_4	0.01	56	24.561403508771928	0	0.0	56	-1.1937452753192725	-1.1937452753192725	-1.0
Unique Binding	Bound Only	HepG2	DROSHA_4	0.1	0	0.0	0	0.0	0	0.0		
Unique Binding	Bound Only	HepG2	DROSHA_5	0.0	213	100.0	0	0.0	213	-0.486095118867921	-0.486095118867921	-1.0
Unique Binding	Bound Only	HepG2	DROSHA_5	1e-05	213	100.0	0	0.0	213	-0.486095118867921	-0.486095118867921	-1.0
Unique Binding	Bound Only	HepG2	DROSHA_5	0.0001	213	100.0	0	0.0	213	-0.486095118867921	-0.486095118867921	-1.0
Unique Binding	Bound Only	HepG2	DROSHA_5	0.001	175	82.15962441314554	0	0.0	175	-0.46390051044648506	-0.46390051044648506	-1.0
Unique Binding	Bound Only	HepG2	DROSHA_5	0.01	0	0.0	0	0.0	0	0.0		
Unique Binding	Bound Only	HepG2	DROSHA_5	0.1	0	0.0	0	0.0	0	0.0		
Unique Binding	Bound Only	HepG2	DROSHA_6	0.0	15	10.0	15	0.005829461270104335	0	0.0	0.005829461270104335	1.0
Unique Binding	Bound Only	HepG2	DROSHA_6	1e-05	15	10.0	15	0.005829461270104335	0	0.0	0.005829461270104335	1.0
Unique Binding	Bound Only	HepG2	DROSHA_6	0.0001	15	10.0	15	0.005829461270104335	0	0.0	0.005829461270104335	1.0
Unique Binding	Bound Only	HepG2	DROSHA_6	0.001	0	0.0	0	0.0	0	0.0		
Unique Binding	Bound Only	HepG2	DROSHA_6	0.01	0	0.0	0	0.0	0	0.0		
Unique Binding	Bound Only	HepG2	DROSHA_6	0.1	0	0.0	0	0.0	0	0.0		
Unique Binding	Bound Only	HepG2	EFTUD2_1	0.0	4817	100.0	4485	16.096178199055572	332	-1.528078515498293	14.568099683557278	0.8265937065888938
Unique Binding	Bound Only	HepG2	EFTUD2_1	1e-05	4809	99.83392152792194	4484	16.09617186560953	325	-1.5280251083977197	14.56814675721181	0.8265991794518295
Unique Binding	Bound Only	HepG2	EFTUD2_1	0.0001	4802	99.68860286485365	4483	16.096114636990496	319	-1.5277859810441063	14.56832865594639	0.8266234003293552
Unique Binding	Bound Only	HepG2	EFTUD2_1	0.001	4590	95.28752335478514	4275	15.93523991425899	315	-1.5256322010999055	14.409607713159083	0.8252513172285441
Unique Binding	Bound Only	HepG2	EFTUD2_1	0.01	122	2.5326966991903674	80	0.8696387078544237	42	-0.6890717575890033	0.18056695026542036	0.11584380439381478
Unique Binding	Bound Only	HepG2	EFTUD2_1	0.1	0	0.0	0	0.0	0	0.0		
Unique Binding	Bound Only	HepG2	EFTUD2_2	0.0	15695	100.0	930	1.765095737747503	14765	-146.01659734192424	-144.25150160417672	-0.9761121191540834
Unique Binding	Bound Only	HepG2	EFTUD2_2	1e-05	15687	99.94902835297866	925	1.7650791078093246	14762	-146.01658079746312	-144.2515016896538	-0.9761123388525919
Unique Binding	Bound Only	HepG2	EFTUD2_2	0.0001	15623	99.5412551768079	877	1.7626272725015988	14746	-146.0157441618441	-144.25311688934252	-0.97614498988731
Unique Binding	Bound Only	HepG2	EFTUD2_2	0.001	15132	96.41287034087289	566	1.5970807300030128	14566	-145.92185256353488	-144.32477183353188	-0.9783474474178161
Unique Binding	Bound Only	HepG2	EFTUD2_2	0.01	5779	36.82064351704364	26	0.413223309633019	5753	-100.31414819592217	-99.90092488628915	-0.9917952130894185
Unique Binding	Bound Only	HepG2	EFTUD2_2	0.1	0	0.0	0	0.0	0	0.0		
Unique Binding	Bound Only	HepG2	EFTUD2_3	0.0	6392	100.0	209	0.4052309995734302	6183	-24.19802055099757	-23.79278955142414	-0.9670587443500714
Unique Binding	Bound Only	HepG2	EFTUD2_3	1e-05	6392	100.0	209	0.4052309995734302	6183	-24.19802055099757	-23.79278955142414	-0.9670587443500714
Unique Binding	Bound Only	HepG2	EFTUD2_3	0.0001	6379	99.79662077596996	207	0.40509658879514043	6172	-24.1970244551133	-23.79192786631816	-0.9670681574103187
Unique Binding	Bound Only	HepG2	EFTUD2_3	0.001	3807	59.55882352941176	120	0.34379364549410346	3687	-23.119375075598924	-22.775581430104822	-0.9706950370104923
Unique Binding	Bound Only	HepG2	EFTUD2_3	0.01	608	9.51188986232791	0	0.0	608	-9.931246704966355	-9.931246704966355	-1.0
Unique Binding	Bound Only	HepG2	EFTUD2_3	0.1	0	0.0	0	0.0	0	0.0		
Unique Binding	Bound Only	HepG2	EFTUD2_4	0.0	8092	100.0	7783	110.93188417730785	309	-0.9029277837405456	110.0289563935673	0.9838524736992442
Unique Binding	Bound Only	HepG2	EFTUD2_4	1e-05	8091	99.9876421156698	7782	110.93188276941848	309	-0.9029277837405456	110.02895498567793	0.9838524734959629
Unique Binding	Bound Only	HepG2	EFTUD2_4	0.0001	8084	99.90113692535839	7777	110.93175988726813	307	-0.9028479446204236	110.02891194264771	0.9838538720325717
Unique Binding	Bound Only	HepG2	EFTUD2_4	0.001	7931	98.01038062283737	7702	110.88584894564619	229	-0.8529357822599125	110.03291316338627	0.9847333979094745
Unique Binding	Bound Only	HepG2	EFTUD2_4	0.01	4698	58.05734058329214	4682	91.14408282635502	16	-0.245270946867213	90.89881187948781	0.9946323956403974
Unique Binding	Bound Only	HepG2	EFTUD2_4	0.1	0	0.0	0	0.0	0	0.0		
Unique Binding	Bound Only	HepG2	EFTUD2_5	0.0	5737	100.0	5735	52.32936363751906	2	-0.0005780669615709025	52.328785570557486	0.9999779068371665
Unique Binding	Bound Only	HepG2	EFTUD2_5	1e-05	5737	100.0	5735	52.32936363751906	2	-0.0005780669615709025	52.328785570557486	0.9999779068371665
Unique Binding	Bound Only	HepG2	EFTUD2_5	0.0001	5736	99.98256928708385	5735	52.32936363751906	1	-0.0005373143378062087	52.328826323181254	0.9999794643472266
Unique Binding	Bound Only	HepG2	EFTUD2_5	0.001	5724	99.77340073208994	5724	52.32085388817568	0	0.0	52.32085388817568	1.0
Unique Binding	Bound Only	HepG2	EFTUD2_5	0.01	1795	31.288129684504096	1795	29.70491903029098	0	0.0	29.70491903029098	1.0
Unique Binding	Bound Only	HepG2	EFTUD2_5	0.1	0	0.0	0	0.0	0	0.0		
Unique Binding	Bound Only	HepG2	EFTUD2_6	0.0	6275	100.0	123	0.183028950365806	6152	-3.5763567599141886	-3.3933278095483828	-0.9026282672377482
Unique Binding	Bound Only	HepG2	EFTUD2_6	1e-05	6269	99.90438247011953	120	0.18302117039023097	6149	-3.5763417329266582	-3.3933205625364273	-0.9026318154979126
Unique Binding	Bound Only	HepG2	EFTUD2_6	0.0001	4700	74.9003984063745	117	0.18289874430779232	4583	-3.4835362963596848	-3.3006375520518922	-0.9002307460630773
Unique Binding	Bound Only	HepG2	EFTUD2_6	0.001	1336	21.290836653386457	80	0.16809129314238536	1256	-2.2646659255693145	-2.096574632426929	-0.8618100549865798
Unique Binding	Bound Only	HepG2	EFTUD2_6	0.01	0	0.0	0	0.0	0	0.0		
Unique Binding	Bound Only	HepG2	EFTUD2_6	0.1	0	0.0	0	0.0	0	0.0		
Unique Binding	Bound Only	HepG2	EIF3D_1	0.0	0	0.0	0	0.0	0	0.0		
Unique Binding	Bound Only	HepG2	EIF3D_1	1e-05	0	0.0	0	0.0	0	0.0		
Unique Binding	Bound Only	HepG2	EIF3D_1	0.0001	0	0.0	0	0.0	0	0.0		
Unique Binding	Bound Only	HepG2	EIF3D_1	0.001	0	0.0	0	0.0	0	0.0		
Unique Binding	Bound Only	HepG2	EIF3D_1	0.01	0	0.0	0	0.0	0	0.0		
Unique Binding	Bound Only	HepG2	EIF3D_1	0.1	0	0.0	0	0.0	0	0.0		
Unique Binding	Bound Only	HepG2	EIF3D_2	0.0	0	0.0	0	0.0	0	0.0		
Unique Binding	Bound Only	HepG2	EIF3D_2	1e-05	0	0.0	0	0.0	0	0.0		
Unique Binding	Bound Only	HepG2	EIF3D_2	0.0001	0	0.0	0	0.0	0	0.0		
Unique Binding	Bound Only	HepG2	EIF3D_2	0.001	0	0.0	0	0.0	0	0.0		
Unique Binding	Bound Only	HepG2	EIF3D_2	0.01	0	0.0	0	0.0	0	0.0		
Unique Binding	Bound Only	HepG2	EIF3D_2	0.1	0	0.0	0	0.0	0	0.0		
Unique Binding	Bound Only	HepG2	EIF3D_3	0.0	356	100.0	356	2.7730090096444684	0	0.0	2.7730090096444684	1.0
Unique Binding	Bound Only	HepG2	EIF3D_3	1e-05	356	100.0	356	2.7730090096444684	0	0.0	2.7730090096444684	1.0
Unique Binding	Bound Only	HepG2	EIF3D_3	0.0001	356	100.0	356	2.7730090096444684	0	0.0	2.7730090096444684	1.0
Unique Binding	Bound Only	HepG2	EIF3D_3	0.001	356	100.0	356	2.7730090096444684	0	0.0	2.7730090096444684	1.0
Unique Binding	Bound Only	HepG2	EIF3D_3	0.01	78	21.910112359550563	78	1.1818318431476207	0	0.0	1.1818318431476207	1.0
Unique Binding	Bound Only	HepG2	EIF3D_3	0.1	0	0.0	0	0.0	0	0.0		
Unique Binding	Bound Only	HepG2	EIF3D_4	0.0	29	11.934156378600823	29	0.3412404950339151	0	0.0	0.3412404950339151	1.0
Unique Binding	Bound Only	HepG2	EIF3D_4	1e-05	29	11.934156378600823	29	0.3412404950339151	0	0.0	0.3412404950339151	1.0
Unique Binding	Bound Only	HepG2	EIF3D_4	0.0001	29	11.934156378600823	29	0.3412404950339151	0	0.0	0.3412404950339151	1.0
Unique Binding	Bound Only	HepG2	EIF3D_4	0.001	29	11.934156378600823	29	0.3412404950339151	0	0.0	0.3412404950339151	1.0
Unique Binding	Bound Only	HepG2	EIF3D_4	0.01	11	4.526748971193416	11	0.19271187949337296	0	0.0	0.19271187949337296	1.0
Unique Binding	Bound Only	HepG2	EIF3D_4	0.1	0	0.0	0	0.0	0	0.0		
Unique Binding	Bound Only	HepG2	EIF3D_5	0.0	301	100.0	0	0.0	301	-21.911224253382656	-21.911224253382656	-1.0
Unique Binding	Bound Only	HepG2	EIF3D_5	1e-05	301	100.0	0	0.0	301	-21.911224253382656	-21.911224253382656	-1.0
Unique Binding	Bound Only	HepG2	EIF3D_5	0.0001	301	100.0	0	0.0	301	-21.911224253382656	-21.911224253382656	-1.0
Unique Binding	Bound Only	HepG2	EIF3D_5	0.001	301	100.0	0	0.0	301	-21.911224253382656	-21.911224253382656	-1.0
Unique Binding	Bound Only	HepG2	EIF3D_5	0.01	296	98.33887043189368	0	0.0	296	-21.864710721054077	-21.864710721054077	-1.0
Unique Binding	Bound Only	HepG2	EIF3D_5	0.1	98	32.55813953488372	0	0.0	98	-12.14645300553232	-12.14645300553232	-1.0
Unique Binding	Bound Only	HepG2	EIF3D_6	0.0	355	100.0	0	0.0	355	-17.221692352655317	-17.221692352655317	-1.0
Unique Binding	Bound Only	HepG2	EIF3D_6	1e-05	355	100.0	0	0.0	355	-17.221692352655317	-17.221692352655317	-1.0
Unique Binding	Bound Only	HepG2	EIF3D_6	0.0001	355	100.0	0	0.0	355	-17.221692352655317	-17.221692352655317	-1.0
Unique Binding	Bound Only	HepG2	EIF3D_6	0.001	355	100.0	0	0.0	355	-17.221692352655317	-17.221692352655317	-1.0
Unique Binding	Bound Only	HepG2	EIF3D_6	0.01	354	99.71830985915493	0	0.0	354	-17.214984180985255	-17.214984180985255	-1.0
Unique Binding	Bound Only	HepG2	EIF3D_6	0.1	38	10.704225352112676	0	0.0	38	-3.984709040540993	-3.984709040540993	-1.0
Unique Binding	Bound Only	HepG2	EIF3H_1	0.0	1318	100.0	24	0.0003622785127082034	1294	-0.7706106195187057	-0.7702483410059975	-0.9990602042856934
Unique Binding	Bound Only	HepG2	EIF3H_1	1e-05	1304	98.93778452200304	20	0.0003403720087213882	1284	-0.770583550242186	-0.7702431782334647	-0.9991169763996229
Unique Binding	Bound Only	HepG2	EIF3H_1	0.0001	843	63.96054628224582	0	0.0	843	-0.7376631119482702	-0.7376631119482702	-1.0
Unique Binding	Bound Only	HepG2	EIF3H_1	0.001	208	15.781487101669194	0	0.0	208	-0.570132567188919	-0.570132567188919	-1.0
Unique Binding	Bound Only	HepG2	EIF3H_1	0.01	7	0.5311077389984825	0	0.0	7	-0.09272882368703593	-0.09272882368703593	-1.0
Unique Binding	Bound Only	HepG2	EIF3H_1	0.1	0	0.0	0	0.0	0	0.0		
Unique Binding	Bound Only	HepG2	EIF3H_2	0.0	1340	100.0	0	0.0	1340	-0.7353443821583863	-0.7353443821583863	-1.0
Unique Binding	Bound Only	HepG2	EIF3H_2	1e-05	1340	100.0	0	0.0	1340	-0.7353443821583863	-0.7353443821583863	-1.0
Unique Binding	Bound Only	HepG2	EIF3H_2	0.0001	1340	100.0	0	0.0	1340	-0.7353443821583863	-0.7353443821583863	-1.0
Unique Binding	Bound Only	HepG2	EIF3H_2	0.001	126	9.402985074626866	0	0.0	126	-0.304680429809613	-0.304680429809613	-1.0
Unique Binding	Bound Only	HepG2	EIF3H_2	0.01	0	0.0	0	0.0	0	0.0		
Unique Binding	Bound Only	HepG2	EIF3H_2	0.1	0	0.0	0	0.0	0	0.0		
Unique Binding	Bound Only	HepG2	EIF3H_3	0.0	1295	100.0	1295	21.690477736303013	0	0.0	21.690477736303013	1.0
Unique Binding	Bound Only	HepG2	EIF3H_3	1e-05	1295	100.0	1295	21.690477736303013	0	0.0	21.690477736303013	1.0
Unique Binding	Bound Only	HepG2	EIF3H_3	0.0001	1295	100.0	1295	21.690477736303013	0	0.0	21.690477736303013	1.0
Unique Binding	Bound Only	HepG2	EIF3H_3	0.001	1295	100.0	1295	21.690477736303013	0	0.0	21.690477736303013	1.0
Unique Binding	Bound Only	HepG2	EIF3H_3	0.01	1003	77.45173745173746	1003	19.261551154209556	0	0.0	19.261551154209556	1.0
Unique Binding	Bound Only	HepG2	EIF3H_3	0.1	0	0.0	0	0.0	0	0.0		
Unique Binding	Bound Only	HepG2	EIF3H_4	0.0	1054	100.0	1021	17.192488775222124	33	-0.06456006383897869	17.127928711383145	0.9925178326327908
Unique Binding	Bound Only	HepG2	EIF3H_4	1e-05	1054	100.0	1021	17.192488775222124	33	-0.06456006383897869	17.127928711383145	0.9925178326327908
Unique Binding	Bound Only	HepG2	EIF3H_4	0.0001	1054	100.0	1021	17.192488775222124	33	-0.06456006383897869	17.127928711383145	0.9925178326327908
Unique Binding	Bound Only	HepG2	EIF3H_4	0.001	1025	97.24857685009488	1007	17.182531462902087	18	-0.05313313118251735	17.12939833171957	0.9938345132103868
Unique Binding	Bound Only	HepG2	EIF3H_4	0.01	798	75.71157495256166	798	15.885933991043531	0	0.0	15.885933991043531	1.0
Unique Binding	Bound Only	HepG2	EIF3H_4	0.1	0	0.0	0	0.0	0	0.0		
Unique Binding	Bound Only	HepG2	EIF3H_5	0.0	1331	100.0	1002	0.04047903876367427	329	-0.5898545882322666	-0.5493755494685922	-0.871563130919763
Unique Binding	Bound Only	HepG2	EIF3H_5	1e-05	624	46.882043576258454	295	0.04030668936388319	329	-0.5898545882322666	-0.5495478988683834	-0.872075004298457
Unique Binding	Bound Only	HepG2	EIF3H_5	0.0001	467	35.08640120210369	143	0.03186039610717491	324	-0.5896385749409256	-0.5577781788337507	-0.8974724091547719
Unique Binding	Bound Only	HepG2	EIF3H_5	0.001	225	16.9045830202855	0	0.0	225	-0.5362496462970289	-0.5362496462970289	-1.0
Unique Binding	Bound Only	HepG2	EIF3H_5	0.01	0	0.0	0	0.0	0	0.0		
Unique Binding	Bound Only	HepG2	EIF3H_5	0.1	0	0.0	0	0.0	0	0.0		
Unique Binding	Bound Only	HepG2	EIF3H_6	0.0	1266	100.0	1260	6.319127227217198	6	-0.00680119159338299	6.312326035623815	0.9978497412101094
Unique Binding	Bound Only	HepG2	EIF3H_6	1e-05	1266	100.0	1260	6.319127227217198	6	-0.00680119159338299	6.312326035623815	0.9978497412101094
Unique Binding	Bound Only	HepG2	EIF3H_6	0.0001	1265	99.92101105845181	1260	6.319127227217198	5	-0.006736467057313388	6.312390760159884	0.9978701826713684
Unique Binding	Bound Only	HepG2	EIF3H_6	0.001	1261	99.60505529225908	1257	6.316960784535738	4	-0.006305996990392593	6.310654787545345	0.9980054623003363
Unique Binding	Bound Only	HepG2	EIF3H_6	0.01	172	13.58609794628752	172	2.1682626329857797	0	0.0	2.1682626329857797	1.0
Unique Binding	Bound Only	HepG2	EIF3H_6	0.1	0	0.0	0	0.0	0	0.0		
Unique Binding	Bound Only	HepG2	EXOSC5_1	0.0	0	0.0	0	0.0	0	0.0		
Unique Binding	Bound Only	HepG2	EXOSC5_1	1e-05	0	0.0	0	0.0	0	0.0		
Unique Binding	Bound Only	HepG2	EXOSC5_1	0.0001	0	0.0	0	0.0	0	0.0		
Unique Binding	Bound Only	HepG2	EXOSC5_1	0.001	0	0.0	0	0.0	0	0.0		
Unique Binding	Bound Only	HepG2	EXOSC5_1	0.01	0	0.0	0	0.0	0	0.0		
Unique Binding	Bound Only	HepG2	EXOSC5_1	0.1	0	0.0	0	0.0	0	0.0		
Unique Binding	Bound Only	HepG2	EXOSC5_2	0.0	14	5.447470817120623	0	0.0	14	-0.026358646462128606	-0.026358646462128606	-1.0
Unique Binding	Bound Only	HepG2	EXOSC5_2	1e-05	14	5.447470817120623	0	0.0	14	-0.026358646462128606	-0.026358646462128606	-1.0
Unique Binding	Bound Only	HepG2	EXOSC5_2	0.0001	14	5.447470817120623	0	0.0	14	-0.026358646462128606	-0.026358646462128606	-1.0
Unique Binding	Bound Only	HepG2	EXOSC5_2	0.001	14	5.447470817120623	0	0.0	14	-0.026358646462128606	-0.026358646462128606	-1.0
Unique Binding	Bound Only	HepG2	EXOSC5_2	0.01	0	0.0	0	0.0	0	0.0		
Unique Binding	Bound Only	HepG2	EXOSC5_2	0.1	0	0.0	0	0.0	0	0.0		
Unique Binding	Bound Only	HepG2	EXOSC5_3	0.0	0	0.0	0	0.0	0	0.0		
Unique Binding	Bound Only	HepG2	EXOSC5_3	1e-05	0	0.0	0	0.0	0	0.0		
Unique Binding	Bound Only	HepG2	EXOSC5_3	0.0001	0	0.0	0	0.0	0	0.0		
Unique Binding	Bound Only	HepG2	EXOSC5_3	0.001	0	0.0	0	0.0	0	0.0		
Unique Binding	Bound Only	HepG2	EXOSC5_3	0.01	0	0.0	0	0.0	0	0.0		
Unique Binding	Bound Only	HepG2	EXOSC5_3	0.1	0	0.0	0	0.0	0	0.0		
Unique Binding	Bound Only	HepG2	EXOSC5_4	0.0	0	0.0	0	0.0	0	0.0		
Unique Binding	Bound Only	HepG2	EXOSC5_4	1e-05	0	0.0	0	0.0	0	0.0		
Unique Binding	Bound Only	HepG2	EXOSC5_4	0.0001	0	0.0	0	0.0	0	0.0		
Unique Binding	Bound Only	HepG2	EXOSC5_4	0.001	0	0.0	0	0.0	0	0.0		
Unique Binding	Bound Only	HepG2	EXOSC5_4	0.01	0	0.0	0	0.0	0	0.0		
Unique Binding	Bound Only	HepG2	EXOSC5_4	0.1	0	0.0	0	0.0	0	0.0		
Unique Binding	Bound Only	HepG2	EXOSC5_5	0.0	57	100.0	57	0.4255134012170669	0	0.0	0.4255134012170669	1.0
Unique Binding	Bound Only	HepG2	EXOSC5_5	1e-05	57	100.0	57	0.4255134012170669	0	0.0	0.4255134012170669	1.0
Unique Binding	Bound Only	HepG2	EXOSC5_5	0.0001	57	100.0	57	0.4255134012170669	0	0.0	0.4255134012170669	1.0
Unique Binding	Bound Only	HepG2	EXOSC5_5	0.001	57	100.0	57	0.4255134012170669	0	0.0	0.4255134012170669	1.0
Unique Binding	Bound Only	HepG2	EXOSC5_5	0.01	12	21.052631578947366	12	0.21786028169244454	0	0.0	0.21786028169244454	1.0
Unique Binding	Bound Only	HepG2	EXOSC5_5	0.1	0	0.0	0	0.0	0	0.0		
Unique Binding	Bound Only	HepG2	EXOSC5_6	0.0	0	0.0	0	0.0	0	0.0		
Unique Binding	Bound Only	HepG2	EXOSC5_6	1e-05	0	0.0	0	0.0	0	0.0		
Unique Binding	Bound Only	HepG2	EXOSC5_6	0.0001	0	0.0	0	0.0	0	0.0		
Unique Binding	Bound Only	HepG2	EXOSC5_6	0.001	0	0.0	0	0.0	0	0.0		
Unique Binding	Bound Only	HepG2	EXOSC5_6	0.01	0	0.0	0	0.0	0	0.0		
Unique Binding	Bound Only	HepG2	EXOSC5_6	0.1	0	0.0	0	0.0	0	0.0		
Unique Binding	Bound Only	HepG2	FAM120A_1	0.0	0	0.0	0	0.0	0	0.0		
Unique Binding	Bound Only	HepG2	FAM120A_1	1e-05	0	0.0	0	0.0	0	0.0		
Unique Binding	Bound Only	HepG2	FAM120A_1	0.0001	0	0.0	0	0.0	0	0.0		
Unique Binding	Bound Only	HepG2	FAM120A_1	0.001	0	0.0	0	0.0	0	0.0		
Unique Binding	Bound Only	HepG2	FAM120A_1	0.01	0	0.0	0	0.0	0	0.0		
Unique Binding	Bound Only	HepG2	FAM120A_1	0.1	0	0.0	0	0.0	0	0.0		
Unique Binding	Bound Only	HepG2	FAM120A_2	0.0	2280	100.0	47	0.5327407957838852	2233	-35.210720101176186	-34.6779793053923	-0.9701908666695901
Unique Binding	Bound Only	HepG2	FAM120A_2	1e-05	2280	100.0	47	0.5327407957838852	2233	-35.210720101176186	-34.6779793053923	-0.9701908666695901
Unique Binding	Bound Only	HepG2	FAM120A_2	0.0001	2280	100.0	47	0.5327407957838852	2233	-35.210720101176186	-34.6779793053923	-0.9701908666695901
Unique Binding	Bound Only	HepG2	FAM120A_2	0.001	2280	100.0	47	0.5327407957838852	2233	-35.210720101176186	-34.6779793053923	-0.9701908666695901
Unique Binding	Bound Only	HepG2	FAM120A_2	0.01	1533	67.23684210526316	27	0.3890389233586691	1506	-30.37320861701007	-29.984169693651403	-0.9747067295490591
Unique Binding	Bound Only	HepG2	FAM120A_2	0.1	0	0.0	0	0.0	0	0.0		
Unique Binding	Bound Only	HepG2	FAM120A_3	0.0	339	50.22222222222222	339	0.09129485383543158	0	0.0	0.09129485383543158	1.0
Unique Binding	Bound Only	HepG2	FAM120A_3	1e-05	226	33.48148148148148	226	0.09073887912191891	0	0.0	0.09073887912191891	1.0
Unique Binding	Bound Only	HepG2	FAM120A_3	0.0001	94	13.925925925925926	94	0.08875270134280737	0	0.0	0.08875270134280737	1.0
Unique Binding	Bound Only	HepG2	FAM120A_3	0.001	33	4.888888888888889	33	0.06590846158856407	0	0.0	0.06590846158856407	1.0
Unique Binding	Bound Only	HepG2	FAM120A_3	0.01	0	0.0	0	0.0	0	0.0		
Unique Binding	Bound Only	HepG2	FAM120A_3	0.1	0	0.0	0	0.0	0	0.0		
Unique Binding	Bound Only	HepG2	FAM120A_4	0.0	621	100.0	0	0.0	621	-1.7993834425341264	-1.7993834425341264	-1.0
Unique Binding	Bound Only	HepG2	FAM120A_4	1e-05	621	100.0	0	0.0	621	-1.7993834425341264	-1.7993834425341264	-1.0
Unique Binding	Bound Only	HepG2	FAM120A_4	0.0001	621	100.0	0	0.0	621	-1.7993834425341264	-1.7993834425341264	-1.0
Unique Binding	Bound Only	HepG2	FAM120A_4	0.001	486	78.26086956521739	0	0.0	486	-1.6920006568717814	-1.6920006568717814	-1.0
Unique Binding	Bound Only	HepG2	FAM120A_4	0.01	8	1.288244766505636	0	0.0	8	-0.12748372141081316	-0.12748372141081316	-1.0
Unique Binding	Bound Only	HepG2	FAM120A_4	0.1	0	0.0	0	0.0	0	0.0		
Unique Binding	Bound Only	HepG2	FAM120A_5	0.0	7	1.3916500994035785	0	0.0	7	-0.014404945293013642	-0.014404945293013642	-1.0
Unique Binding	Bound Only	HepG2	FAM120A_5	1e-05	7	1.3916500994035785	0	0.0	7	-0.014404945293013642	-0.014404945293013642	-1.0
Unique Binding	Bound Only	HepG2	FAM120A_5	0.0001	7	1.3916500994035785	0	0.0	7	-0.014404945293013642	-0.014404945293013642	-1.0
Unique Binding	Bound Only	HepG2	FAM120A_5	0.001	7	1.3916500994035785	0	0.0	7	-0.014404945293013642	-0.014404945293013642	-1.0
Unique Binding	Bound Only	HepG2	FAM120A_5	0.01	0	0.0	0	0.0	0	0.0		
Unique Binding	Bound Only	HepG2	FAM120A_5	0.1	0	0.0	0	0.0	0	0.0		
Unique Binding	Bound Only	HepG2	FAM120A_6	0.0	496	100.0	0	0.0	496	-3.1830806703176333	-3.1830806703176333	-1.0
Unique Binding	Bound Only	HepG2	FAM120A_6	1e-05	496	100.0	0	0.0	496	-3.1830806703176333	-3.1830806703176333	-1.0
Unique Binding	Bound Only	HepG2	FAM120A_6	0.0001	496	100.0	0	0.0	496	-3.1830806703176333	-3.1830806703176333	-1.0
Unique Binding	Bound Only	HepG2	FAM120A_6	0.001	496	100.0	0	0.0	496	-3.1830806703176333	-3.1830806703176333	-1.0
Unique Binding	Bound Only	HepG2	FAM120A_6	0.01	66	13.306451612903224	0	0.0	66	-1.0960274952809053	-1.0960274952809053	-1.0
Unique Binding	Bound Only	HepG2	FAM120A_6	0.1	0	0.0	0	0.0	0	0.0		
Unique Binding	Bound Only	HepG2	FASTKD2_1	0.0	0	0.0	0	0.0	0	0.0		
Unique Binding	Bound Only	HepG2	FASTKD2_1	1e-05	0	0.0	0	0.0	0	0.0		
Unique Binding	Bound Only	HepG2	FASTKD2_1	0.0001	0	0.0	0	0.0	0	0.0		
Unique Binding	Bound Only	HepG2	FASTKD2_1	0.001	0	0.0	0	0.0	0	0.0		
Unique Binding	Bound Only	HepG2	FASTKD2_1	0.01	0	0.0	0	0.0	0	0.0		
Unique Binding	Bound Only	HepG2	FASTKD2_1	0.1	0	0.0	0	0.0	0	0.0		
Unique Binding	Bound Only	HepG2	FASTKD2_2	0.0	863	100.0	733	0.6690944915711347	130	-0.22884361348164983	0.4402508780894848	0.4902908960118193
Unique Binding	Bound Only	HepG2	FASTKD2_2	1e-05	863	100.0	733	0.6690944915711347	130	-0.22884361348164983	0.4402508780894848	0.4902908960118193
Unique Binding	Bound Only	HepG2	FASTKD2_2	0.0001	841	97.45075318655852	722	0.6684216888270678	119	-0.22847870060737582	0.4399429882196919	0.49051488147653244
Unique Binding	Bound Only	HepG2	FASTKD2_2	0.001	363	42.06257242178447	246	0.40047337371513425	117	-0.2264833091786951	0.17399006453643914	0.2775152881908161
Unique Binding	Bound Only	HepG2	FASTKD2_2	0.01	0	0.0	0	0.0	0	0.0		
Unique Binding	Bound Only	HepG2	FASTKD2_2	0.1	0	0.0	0	0.0	0	0.0		
Unique Binding	Bound Only	HepG2	FASTKD2_3	0.0	0	0.0	0	0.0	0	0.0		
Unique Binding	Bound Only	HepG2	FASTKD2_3	1e-05	0	0.0	0	0.0	0	0.0		
Unique Binding	Bound Only	HepG2	FASTKD2_3	0.0001	0	0.0	0	0.0	0	0.0		
Unique Binding	Bound Only	HepG2	FASTKD2_3	0.001	0	0.0	0	0.0	0	0.0		
Unique Binding	Bound Only	HepG2	FASTKD2_3	0.01	0	0.0	0	0.0	0	0.0		
Unique Binding	Bound Only	HepG2	FASTKD2_3	0.1	0	0.0	0	0.0	0	0.0		
Unique Binding	Bound Only	HepG2	FASTKD2_4	0.0	0	0.0	0	0.0	0	0.0		
Unique Binding	Bound Only	HepG2	FASTKD2_4	1e-05	0	0.0	0	0.0	0	0.0		
Unique Binding	Bound Only	HepG2	FASTKD2_4	0.0001	0	0.0	0	0.0	0	0.0		
Unique Binding	Bound Only	HepG2	FASTKD2_4	0.001	0	0.0	0	0.0	0	0.0		
Unique Binding	Bound Only	HepG2	FASTKD2_4	0.01	0	0.0	0	0.0	0	0.0		
Unique Binding	Bound Only	HepG2	FASTKD2_4	0.1	0	0.0	0	0.0	0	0.0		
Unique Binding	Bound Only	HepG2	FASTKD2_5	0.0	64	19.814241486068113	0	0.0	64	-0.1992605374548182	-0.1992605374548182	-1.0
Unique Binding	Bound Only	HepG2	FASTKD2_5	1e-05	64	19.814241486068113	0	0.0	64	-0.1992605374548182	-0.1992605374548182	-1.0
Unique Binding	Bound Only	HepG2	FASTKD2_5	0.0001	63	19.5046439628483	0	0.0	63	-0.1991860173672952	-0.1991860173672952	-1.0
Unique Binding	Bound Only	HepG2	FASTKD2_5	0.001	58	17.956656346749224	0	0.0	58	-0.19499224144065128	-0.19499224144065128	-1.0
Unique Binding	Bound Only	HepG2	FASTKD2_5	0.01	0	0.0	0	0.0	0	0.0		
Unique Binding	Bound Only	HepG2	FASTKD2_5	0.1	0	0.0	0	0.0	0	0.0		
Unique Binding	Bound Only	HepG2	FASTKD2_6	0.0	367	100.0	367	6.5984723007299815	0	0.0	6.5984723007299815	1.0
Unique Binding	Bound Only	HepG2	FASTKD2_6	1e-05	367	100.0	367	6.5984723007299815	0	0.0	6.5984723007299815	1.0
Unique Binding	Bound Only	HepG2	FASTKD2_6	0.0001	367	100.0	367	6.5984723007299815	0	0.0	6.5984723007299815	1.0
Unique Binding	Bound Only	HepG2	FASTKD2_6	0.001	367	100.0	367	6.5984723007299815	0	0.0	6.5984723007299815	1.0
Unique Binding	Bound Only	HepG2	FASTKD2_6	0.01	276	75.20435967302453	276	5.8157018011526755	0	0.0	5.8157018011526755	1.0
Unique Binding	Bound Only	HepG2	FASTKD2_6	0.1	0	0.0	0	0.0	0	0.0		
Unique Binding	Bound Only	HepG2	FKBP4_1	0.0	0	0.0	0	0.0	0	0.0		
Unique Binding	Bound Only	HepG2	FKBP4_1	1e-05	0	0.0	0	0.0	0	0.0		
Unique Binding	Bound Only	HepG2	FKBP4_1	0.0001	0	0.0	0	0.0	0	0.0		
Unique Binding	Bound Only	HepG2	FKBP4_1	0.001	0	0.0	0	0.0	0	0.0		
Unique Binding	Bound Only	HepG2	FKBP4_1	0.01	0	0.0	0	0.0	0	0.0		
Unique Binding	Bound Only	HepG2	FKBP4_1	0.1	0	0.0	0	0.0	0	0.0		
Unique Binding	Bound Only	HepG2	FKBP4_2	0.0	563	100.0	0	0.0	563	-22.998202779160504	-22.998202779160504	-1.0
Unique Binding	Bound Only	HepG2	FKBP4_2	1e-05	563	100.0	0	0.0	563	-22.998202779160504	-22.998202779160504	-1.0
Unique Binding	Bound Only	HepG2	FKBP4_2	0.0001	563	100.0	0	0.0	563	-22.998202779160504	-22.998202779160504	-1.0
Unique Binding	Bound Only	HepG2	FKBP4_2	0.001	563	100.0	0	0.0	563	-22.998202779160504	-22.998202779160504	-1.0
Unique Binding	Bound Only	HepG2	FKBP4_2	0.01	544	96.62522202486679	0	0.0	544	-22.840053215893708	-22.840053215893708	-1.0
Unique Binding	Bound Only	HepG2	FKBP4_2	0.1	0	0.0	0	0.0	0	0.0		
Unique Binding	Bound Only	HepG2	FKBP4_3	0.0	120	100.0	0	0.0	120	-7.986367504451774	-7.986367504451774	-1.0
Unique Binding	Bound Only	HepG2	FKBP4_3	1e-05	120	100.0	0	0.0	120	-7.986367504451774	-7.986367504451774	-1.0
Unique Binding	Bound Only	HepG2	FKBP4_3	0.0001	120	100.0	0	0.0	120	-7.986367504451774	-7.986367504451774	-1.0
Unique Binding	Bound Only	HepG2	FKBP4_3	0.001	120	100.0	0	0.0	120	-7.986367504451774	-7.986367504451774	-1.0
Unique Binding	Bound Only	HepG2	FKBP4_3	0.01	120	100.0	0	0.0	120	-7.986367504451774	-7.986367504451774	-1.0
Unique Binding	Bound Only	HepG2	FKBP4_3	0.1	30	25.0	0	0.0	30	-4.674626144748004	-4.674626144748004	-1.0
Unique Binding	Bound Only	HepG2	FKBP4_4	0.0	0	0.0	0	0.0	0	0.0		
Unique Binding	Bound Only	HepG2	FKBP4_4	1e-05	0	0.0	0	0.0	0	0.0		
Unique Binding	Bound Only	HepG2	FKBP4_4	0.0001	0	0.0	0	0.0	0	0.0		
Unique Binding	Bound Only	HepG2	FKBP4_4	0.001	0	0.0	0	0.0	0	0.0		
Unique Binding	Bound Only	HepG2	FKBP4_4	0.01	0	0.0	0	0.0	0	0.0		
Unique Binding	Bound Only	HepG2	FKBP4_4	0.1	0	0.0	0	0.0	0	0.0		
Unique Binding	Bound Only	HepG2	FKBP4_5	0.0	0	0.0	0	0.0	0	0.0		
Unique Binding	Bound Only	HepG2	FKBP4_5	1e-05	0	0.0	0	0.0	0	0.0		
Unique Binding	Bound Only	HepG2	FKBP4_5	0.0001	0	0.0	0	0.0	0	0.0		
Unique Binding	Bound Only	HepG2	FKBP4_5	0.001	0	0.0	0	0.0	0	0.0		
Unique Binding	Bound Only	HepG2	FKBP4_5	0.01	0	0.0	0	0.0	0	0.0		
Unique Binding	Bound Only	HepG2	FKBP4_5	0.1	0	0.0	0	0.0	0	0.0		
Unique Binding	Bound Only	HepG2	FKBP4_6	0.0	0	0.0	0	0.0	0	0.0		
Unique Binding	Bound Only	HepG2	FKBP4_6	1e-05	0	0.0	0	0.0	0	0.0		
Unique Binding	Bound Only	HepG2	FKBP4_6	0.0001	0	0.0	0	0.0	0	0.0		
Unique Binding	Bound Only	HepG2	FKBP4_6	0.001	0	0.0	0	0.0	0	0.0		
Unique Binding	Bound Only	HepG2	FKBP4_6	0.01	0	0.0	0	0.0	0	0.0		
Unique Binding	Bound Only	HepG2	FKBP4_6	0.1	0	0.0	0	0.0	0	0.0		
Unique Binding	Bound Only	HepG2	FTO_1	0.0	616	100.0	0	0.0	616	-0.4029185788938241	-0.4029185788938241	-1.0
Unique Binding	Bound Only	HepG2	FTO_1	1e-05	616	100.0	0	0.0	616	-0.4029185788938241	-0.4029185788938241	-1.0
Unique Binding	Bound Only	HepG2	FTO_1	0.0001	606	98.37662337662337	0	0.0	606	-0.40212253135000303	-0.40212253135000303	-1.0
Unique Binding	Bound Only	HepG2	FTO_1	0.001	93	15.0974025974026	0	0.0	93	-0.18269519070508422	-0.18269519070508422	-1.0
Unique Binding	Bound Only	HepG2	FTO_1	0.01	0	0.0	0	0.0	0	0.0		
Unique Binding	Bound Only	HepG2	FTO_1	0.1	0	0.0	0	0.0	0	0.0		
Unique Binding	Bound Only	HepG2	FTO_2	0.0	0	0.0	0	0.0	0	0.0		
Unique Binding	Bound Only	HepG2	FTO_2	1e-05	0	0.0	0	0.0	0	0.0		
Unique Binding	Bound Only	HepG2	FTO_2	0.0001	0	0.0	0	0.0	0	0.0		
Unique Binding	Bound Only	HepG2	FTO_2	0.001	0	0.0	0	0.0	0	0.0		
Unique Binding	Bound Only	HepG2	FTO_2	0.01	0	0.0	0	0.0	0	0.0		
Unique Binding	Bound Only	HepG2	FTO_2	0.1	0	0.0	0	0.0	0	0.0		
Unique Binding	Bound Only	HepG2	FTO_3	0.0	441	100.0	0	0.0	441	-2.9077175701541162	-2.9077175701541162	-1.0
Unique Binding	Bound Only	HepG2	FTO_3	1e-05	441	100.0	0	0.0	441	-2.9077175701541162	-2.9077175701541162	-1.0
Unique Binding	Bound Only	HepG2	FTO_3	0.0001	441	100.0	0	0.0	441	-2.9077175701541162	-2.9077175701541162	-1.0
Unique Binding	Bound Only	HepG2	FTO_3	0.001	441	100.0	0	0.0	441	-2.9077175701541162	-2.9077175701541162	-1.0
Unique Binding	Bound Only	HepG2	FTO_3	0.01	54	12.244897959183673	0	0.0	54	-0.8724251909540787	-0.8724251909540787	-1.0
Unique Binding	Bound Only	HepG2	FTO_3	0.1	0	0.0	0	0.0	0	0.0		
Unique Binding	Bound Only	HepG2	FTO_4	0.0	0	0.0	0	0.0	0	0.0		
Unique Binding	Bound Only	HepG2	FTO_4	1e-05	0	0.0	0	0.0	0	0.0		
Unique Binding	Bound Only	HepG2	FTO_4	0.0001	0	0.0	0	0.0	0	0.0		
Unique Binding	Bound Only	HepG2	FTO_4	0.001	0	0.0	0	0.0	0	0.0		
Unique Binding	Bound Only	HepG2	FTO_4	0.01	0	0.0	0	0.0	0	0.0		
Unique Binding	Bound Only	HepG2	FTO_4	0.1	0	0.0	0	0.0	0	0.0		
Unique Binding	Bound Only	HepG2	FTO_5	0.0	377	100.0	0	0.0	377	-9.101674602580104	-9.101674602580104	-1.0
Unique Binding	Bound Only	HepG2	FTO_5	1e-05	377	100.0	0	0.0	377	-9.101674602580104	-9.101674602580104	-1.0
Unique Binding	Bound Only	HepG2	FTO_5	0.0001	377	100.0	0	0.0	377	-9.101674602580104	-9.101674602580104	-1.0
Unique Binding	Bound Only	HepG2	FTO_5	0.001	377	100.0	0	0.0	377	-9.101674602580104	-9.101674602580104	-1.0
Unique Binding	Bound Only	HepG2	FTO_5	0.01	344	91.24668435013263	0	0.0	344	-8.824656750400134	-8.824656750400134	-1.0
Unique Binding	Bound Only	HepG2	FTO_5	0.1	0	0.0	0	0.0	0	0.0		
Unique Binding	Bound Only	HepG2	FTO_6	0.0	311	100.0	311	0.782273237917514	0	0.0	0.782273237917514	1.0
Unique Binding	Bound Only	HepG2	FTO_6	1e-05	311	100.0	311	0.782273237917514	0	0.0	0.782273237917514	1.0
Unique Binding	Bound Only	HepG2	FTO_6	0.0001	311	100.0	311	0.782273237917514	0	0.0	0.782273237917514	1.0
Unique Binding	Bound Only	HepG2	FTO_6	0.001	293	94.21221864951768	293	0.7669081359198603	0	0.0	0.7669081359198603	1.0
Unique Binding	Bound Only	HepG2	FTO_6	0.01	0	0.0	0	0.0	0	0.0		
Unique Binding	Bound Only	HepG2	FTO_6	0.1	0	0.0	0	0.0	0	0.0		
Unique Binding	Bound Only	HepG2	FUBP3_1	0.0	45	100.0	0	0.0	45	-0.8913843033564869	-0.8913843033564869	-1.0
Unique Binding	Bound Only	HepG2	FUBP3_1	1e-05	45	100.0	0	0.0	45	-0.8913843033564869	-0.8913843033564869	-1.0
Unique Binding	Bound Only	HepG2	FUBP3_1	0.0001	45	100.0	0	0.0	45	-0.8913843033564869	-0.8913843033564869	-1.0
Unique Binding	Bound Only	HepG2	FUBP3_1	0.001	38	84.44444444444444	0	0.0	38	-0.8863854681637566	-0.8863854681637566	-1.0
Unique Binding	Bound Only	HepG2	FUBP3_1	0.01	23	51.11111111111111	0	0.0	23	-0.8314998398336159	-0.8314998398336159	-1.0
Unique Binding	Bound Only	HepG2	FUBP3_1	0.1	0	0.0	0	0.0	0	0.0		
Unique Binding	Bound Only	HepG2	FUBP3_2	0.0	0	0.0	0	0.0	0	0.0		
Unique Binding	Bound Only	HepG2	FUBP3_2	1e-05	0	0.0	0	0.0	0	0.0		
Unique Binding	Bound Only	HepG2	FUBP3_2	0.0001	0	0.0	0	0.0	0	0.0		
Unique Binding	Bound Only	HepG2	FUBP3_2	0.001	0	0.0	0	0.0	0	0.0		
Unique Binding	Bound Only	HepG2	FUBP3_2	0.01	0	0.0	0	0.0	0	0.0		
Unique Binding	Bound Only	HepG2	FUBP3_2	0.1	0	0.0	0	0.0	0	0.0		
Unique Binding	Bound Only	HepG2	FUBP3_3	0.0	69	100.0	0	0.0	69	-1.9208556024776946	-1.9208556024776946	-1.0
Unique Binding	Bound Only	HepG2	FUBP3_3	1e-05	69	100.0	0	0.0	69	-1.9208556024776946	-1.9208556024776946	-1.0
Unique Binding	Bound Only	HepG2	FUBP3_3	0.0001	69	100.0	0	0.0	69	-1.9208556024776946	-1.9208556024776946	-1.0
Unique Binding	Bound Only	HepG2	FUBP3_3	0.001	69	100.0	0	0.0	69	-1.9208556024776946	-1.9208556024776946	-1.0
Unique Binding	Bound Only	HepG2	FUBP3_3	0.01	68	98.55072463768117	0	0.0	68	-1.9147735096764626	-1.9147735096764626	-1.0
Unique Binding	Bound Only	HepG2	FUBP3_3	0.1	0	0.0	0	0.0	0	0.0		
Unique Binding	Bound Only	HepG2	FUBP3_4	0.0	28	100.0	0	0.0	28	-0.23178470754969824	-0.23178470754969824	-1.0
Unique Binding	Bound Only	HepG2	FUBP3_4	1e-05	28	100.0	0	0.0	28	-0.23178470754969824	-0.23178470754969824	-1.0
Unique Binding	Bound Only	HepG2	FUBP3_4	0.0001	27	96.42857142857143	0	0.0	27	-0.23169307881413032	-0.23169307881413032	-1.0
Unique Binding	Bound Only	HepG2	FUBP3_4	0.001	14	50.0	0	0.0	14	-0.22618713782275296	-0.22618713782275296	-1.0
Unique Binding	Bound Only	HepG2	FUBP3_4	0.01	11	39.285714285714285	0	0.0	11	-0.22110997760789775	-0.22110997760789775	-1.0
Unique Binding	Bound Only	HepG2	FUBP3_4	0.1	0	0.0	0	0.0	0	0.0		
Unique Binding	Bound Only	HepG2	FUBP3_5	0.0	0	0.0	0	0.0	0	0.0		
Unique Binding	Bound Only	HepG2	FUBP3_5	1e-05	0	0.0	0	0.0	0	0.0		
Unique Binding	Bound Only	HepG2	FUBP3_5	0.0001	0	0.0	0	0.0	0	0.0		
Unique Binding	Bound Only	HepG2	FUBP3_5	0.001	0	0.0	0	0.0	0	0.0		
Unique Binding	Bound Only	HepG2	FUBP3_5	0.01	0	0.0	0	0.0	0	0.0		
Unique Binding	Bound Only	HepG2	FUBP3_5	0.1	0	0.0	0	0.0	0	0.0		
Unique Binding	Bound Only	HepG2	FUBP3_6	0.0	740	100.0	736	10.248340662381539	4	-0.09893712961217649	10.149403532769362	0.980876684360648
Unique Binding	Bound Only	HepG2	FUBP3_6	1e-05	740	100.0	736	10.248340662381539	4	-0.09893712961217649	10.149403532769362	0.980876684360648
Unique Binding	Bound Only	HepG2	FUBP3_6	0.0001	740	100.0	736	10.248340662381539	4	-0.09893712961217649	10.149403532769362	0.980876684360648
Unique Binding	Bound Only	HepG2	FUBP3_6	0.001	740	100.0	736	10.248340662381539	4	-0.09893712961217649	10.149403532769362	0.980876684360648
Unique Binding	Bound Only	HepG2	FUBP3_6	0.01	440	59.45945945945946	437	8.413880283836413	3	-0.09221160866944098	8.321668675166972	0.9783186897497117
Unique Binding	Bound Only	HepG2	FUBP3_6	0.1	0	0.0	0	0.0	0	0.0		
Unique Binding	Bound Only	HepG2	FUS_1	0.0	99	100.0	99	0.38134421699276133	0	0.0	0.38134421699276133	1.0
Unique Binding	Bound Only	HepG2	FUS_1	1e-05	99	100.0	99	0.38134421699276133	0	0.0	0.38134421699276133	1.0
Unique Binding	Bound Only	HepG2	FUS_1	0.0001	99	100.0	99	0.38134421699276133	0	0.0	0.38134421699276133	1.0
Unique Binding	Bound Only	HepG2	FUS_1	0.001	99	100.0	99	0.38134421699276133	0	0.0	0.38134421699276133	1.0
Unique Binding	Bound Only	HepG2	FUS_1	0.01	5	5.05050505050505	5	0.0625218763532995	0	0.0	0.0625218763532995	1.0
Unique Binding	Bound Only	HepG2	FUS_1	0.1	0	0.0	0	0.0	0	0.0		
Unique Binding	Bound Only	HepG2	FUS_2	0.0	0	0.0	0	0.0	0	0.0		
Unique Binding	Bound Only	HepG2	FUS_2	1e-05	0	0.0	0	0.0	0	0.0		
Unique Binding	Bound Only	HepG2	FUS_2	0.0001	0	0.0	0	0.0	0	0.0		
Unique Binding	Bound Only	HepG2	FUS_2	0.001	0	0.0	0	0.0	0	0.0		
Unique Binding	Bound Only	HepG2	FUS_2	0.01	0	0.0	0	0.0	0	0.0		
Unique Binding	Bound Only	HepG2	FUS_2	0.1	0	0.0	0	0.0	0	0.0		
Unique Binding	Bound Only	HepG2	FUS_3	0.0	0	0.0	0	0.0	0	0.0		
Unique Binding	Bound Only	HepG2	FUS_3	1e-05	0	0.0	0	0.0	0	0.0		
Unique Binding	Bound Only	HepG2	FUS_3	0.0001	0	0.0	0	0.0	0	0.0		
Unique Binding	Bound Only	HepG2	FUS_3	0.001	0	0.0	0	0.0	0	0.0		
Unique Binding	Bound Only	HepG2	FUS_3	0.01	0	0.0	0	0.0	0	0.0		
Unique Binding	Bound Only	HepG2	FUS_3	0.1	0	0.0	0	0.0	0	0.0		
Unique Binding	Bound Only	HepG2	FUS_4	0.0	275	100.0	0	0.0	275	-3.4558558943495665	-3.4558558943495665	-1.0
Unique Binding	Bound Only	HepG2	FUS_4	1e-05	275	100.0	0	0.0	275	-3.4558558943495665	-3.4558558943495665	-1.0
Unique Binding	Bound Only	HepG2	FUS_4	0.0001	275	100.0	0	0.0	275	-3.4558558943495665	-3.4558558943495665	-1.0
Unique Binding	Bound Only	HepG2	FUS_4	0.001	275	100.0	0	0.0	275	-3.4558558943495665	-3.4558558943495665	-1.0
Unique Binding	Bound Only	HepG2	FUS_4	0.01	133	48.36363636363637	0	0.0	133	-2.777018073388234	-2.777018073388234	-1.0
Unique Binding	Bound Only	HepG2	FUS_4	0.1	0	0.0	0	0.0	0	0.0		
Unique Binding	Bound Only	HepG2	FUS_5	0.0	0	0.0	0	0.0	0	0.0		
Unique Binding	Bound Only	HepG2	FUS_5	1e-05	0	0.0	0	0.0	0	0.0		
Unique Binding	Bound Only	HepG2	FUS_5	0.0001	0	0.0	0	0.0	0	0.0		
Unique Binding	Bound Only	HepG2	FUS_5	0.001	0	0.0	0	0.0	0	0.0		
Unique Binding	Bound Only	HepG2	FUS_5	0.01	0	0.0	0	0.0	0	0.0		
Unique Binding	Bound Only	HepG2	FUS_5	0.1	0	0.0	0	0.0	0	0.0		
Unique Binding	Bound Only	HepG2	FUS_6	0.0	0	0.0	0	0.0	0	0.0		
Unique Binding	Bound Only	HepG2	FUS_6	1e-05	0	0.0	0	0.0	0	0.0		
Unique Binding	Bound Only	HepG2	FUS_6	0.0001	0	0.0	0	0.0	0	0.0		
Unique Binding	Bound Only	HepG2	FUS_6	0.001	0	0.0	0	0.0	0	0.0		
Unique Binding	Bound Only	HepG2	FUS_6	0.01	0	0.0	0	0.0	0	0.0		
Unique Binding	Bound Only	HepG2	FUS_6	0.1	0	0.0	0	0.0	0	0.0		
Unique Binding	Bound Only	HepG2	FXR2_1	0.0	1926	100.0	145	0.011615278488342236	1781	-0.8714111692840599	-0.8597958907957177	-0.9736921164306145
Unique Binding	Bound Only	HepG2	FXR2_1	1e-05	1899	98.5981308411215	128	0.011489446275141844	1771	-0.8713272841884137	-0.8598378379132718	-0.9739709367104793
Unique Binding	Bound Only	HepG2	FXR2_1	0.0001	1637	84.99480789200416	47	0.00815513212312895	1590	-0.8640763535959208	-0.8559212214727919	-0.9813005325841775
Unique Binding	Bound Only	HepG2	FXR2_1	0.001	154	7.995846313603323	0	0.0	154	-0.2626198725154825	-0.2626198725154825	-1.0
Unique Binding	Bound Only	HepG2	FXR2_1	0.01	0	0.0	0	0.0	0	0.0		
Unique Binding	Bound Only	HepG2	FXR2_1	0.1	0	0.0	0	0.0	0	0.0		
Unique Binding	Bound Only	HepG2	FXR2_2	0.0	2297	100.0	0	0.0	2297	-3.227396155469458	-3.227396155469458	-1.0
Unique Binding	Bound Only	HepG2	FXR2_2	1e-05	2297	100.0	0	0.0	2297	-3.227396155469458	-3.227396155469458	-1.0
Unique Binding	Bound Only	HepG2	FXR2_2	0.0001	2297	100.0	0	0.0	2297	-3.227396155469458	-3.227396155469458	-1.0
Unique Binding	Bound Only	HepG2	FXR2_2	0.001	1206	52.50326512842839	0	0.0	1206	-2.6016564473531356	-2.6016564473531356	-1.0
Unique Binding	Bound Only	HepG2	FXR2_2	0.01	2	0.087070091423596	0	0.0	2	-0.020156126601307153	-0.020156126601307153	-1.0
Unique Binding	Bound Only	HepG2	FXR2_2	0.1	0	0.0	0	0.0	0	0.0		
Unique Binding	Bound Only	HepG2	FXR2_3	0.0	1804	100.0	1804	44.91735395337262	0	0.0	44.91735395337262	1.0
Unique Binding	Bound Only	HepG2	FXR2_3	1e-05	1804	100.0	1804	44.91735395337262	0	0.0	44.91735395337262	1.0
Unique Binding	Bound Only	HepG2	FXR2_3	0.0001	1804	100.0	1804	44.91735395337262	0	0.0	44.91735395337262	1.0
Unique Binding	Bound Only	HepG2	FXR2_3	0.001	1804	100.0	1804	44.91735395337262	0	0.0	44.91735395337262	1.0
Unique Binding	Bound Only	HepG2	FXR2_3	0.01	1587	87.97117516629712	1587	43.243640430154564	0	0.0	43.243640430154564	1.0
Unique Binding	Bound Only	HepG2	FXR2_3	0.1	5	0.2771618625277162	5	0.5391028024828605	0	0.0	0.5391028024828605	1.0
Unique Binding	Bound Only	HepG2	FXR2_4	0.0	2157	100.0	2156	83.29295672935716	1	-0.0004921259374557216	83.2924646034197	0.9999881833218766
Unique Binding	Bound Only	HepG2	FXR2_4	1e-05	2157	100.0	2156	83.29295672935716	1	-0.0004921259374557216	83.2924646034197	0.9999881833218766
Unique Binding	Bound Only	HepG2	FXR2_4	0.0001	2157	100.0	2156	83.29295672935716	1	-0.0004921259374557216	83.2924646034197	0.9999881833218766
Unique Binding	Bound Only	HepG2	FXR2_4	0.001	2156	99.95363931386184	2156	83.29295672935716	0	0.0	83.29295672935716	1.0
Unique Binding	Bound Only	HepG2	FXR2_4	0.01	2027	93.97311080203987	2027	82.28921898649307	0	0.0	82.28921898649307	1.0
Unique Binding	Bound Only	HepG2	FXR2_4	0.1	106	4.914232730644414	106	12.317068889390754	0	0.0	12.317068889390754	1.0
Unique Binding	Bound Only	HepG2	FXR2_5	0.0	2277	100.0	2056	1.5159701040315918	221	-0.12506624636965918	1.3909038576619326	0.8475765069566202
Unique Binding	Bound Only	HepG2	FXR2_5	1e-05	2271	99.7364953886693	2050	1.5159121027086226	221	-0.12506624636965918	1.3908458563389634	0.8475711194606468
Unique Binding	Bound Only	HepG2	FXR2_5	0.0001	1843	80.93983311374616	1665	1.4921021199915216	178	-0.12273604534433769	1.3693660746471839	0.847989664872937
Unique Binding	Bound Only	HepG2	FXR2_5	0.001	157	6.895037329819939	130	1.0458749357490247	27	-0.06253944641714598	0.9833354893318786	0.8871551155896671
Unique Binding	Bound Only	HepG2	FXR2_5	0.01	30	1.3175230566534915	30	0.9041777227833366	0	0.0	0.9041777227833366	1.0
Unique Binding	Bound Only	HepG2	FXR2_5	0.1	0	0.0	0	0.0	0	0.0		
Unique Binding	Bound Only	HepG2	FXR2_6	0.0	2627	100.0	2517	13.480519606194212	110	-0.01958221166795209	13.46093739452626	0.9970989534846258
Unique Binding	Bound Only	HepG2	FXR2_6	1e-05	2612	99.42900647126	2511	13.480503206329171	101	-0.01953859661441718	13.460964609714754	0.9971054020573245
Unique Binding	Bound Only	HepG2	FXR2_6	0.0001	2527	96.19337647506661	2468	13.478231931540096	59	-0.017209718835931528	13.461022212704163	0.997449550851053
Unique Binding	Bound Only	HepG2	FXR2_6	0.001	2285	86.98134754472783	2282	13.386889280501642	3	-0.00423010728987238	13.382659173211769	0.9993682220033481
Unique Binding	Bound Only	HepG2	FXR2_6	0.01	326	12.409592691282832	326	4.414084498818718	0	0.0	4.414084498818718	1.0
Unique Binding	Bound Only	HepG2	FXR2_6	0.1	0	0.0	0	0.0	0	0.0		
Unique Binding	Bound Only	HepG2	G3BP1_1	0.0	4007	100.0	1477	1.1140323363726552	2530	-1.2736427759917035	-0.1596104396190483	-0.06684763718167525
Unique Binding	Bound Only	HepG2	G3BP1_1	1e-05	4003	99.900174694285	1473	1.1140075865422907	2530	-1.2736427759917035	-0.1596351894494128	-0.06685869587706017
Unique Binding	Bound Only	HepG2	G3BP1_1	0.0001	2933	73.19690541552283	905	1.0749488029675034	2028	-1.2409548705329434	-0.16600606756544	-0.0716809034265768
Unique Binding	Bound Only	HepG2	G3BP1_1	0.001	493	12.303468929373597	272	0.8273857996242653	221	-0.5124468856514057	0.31493891397285956	0.2350583900765645
Unique Binding	Bound Only	HepG2	G3BP1_1	0.01	23	0.5739955078612428	15	0.19144763695277975	8	-0.16016486363327065	0.0312827733195091	0.08896945719326961
Unique Binding	Bound Only	HepG2	G3BP1_1	0.1	0	0.0	0	0.0	0	0.0		
Unique Binding	Bound Only	HepG2	G3BP1_2	0.0	4645	100.0	3818	3.571467842544397	827	-0.540745066902218	3.030722775642179	0.7370053162082083
Unique Binding	Bound Only	HepG2	G3BP1_2	1e-05	4615	99.35414424111949	3813	3.571445926963119	802	-0.54061064731516	3.0308352796479587	0.7370606957614416
Unique Binding	Bound Only	HepG2	G3BP1_2	0.0001	4483	96.51237890204521	3807	3.5709891340464837	676	-0.5315981137579556	3.039391020288528	0.7408473815919707
Unique Binding	Bound Only	HepG2	G3BP1_2	0.001	1534	33.02475780409042	1360	2.2375221406606425	174	-0.3511852361423241	1.8863369045183185	0.7286790779913989
Unique Binding	Bound Only	HepG2	G3BP1_2	0.01	9	0.193756727664155	7	0.0841678169442354	2	-0.03259783899970492	0.051569977944530485	0.44165364830639453
Unique Binding	Bound Only	HepG2	G3BP1_2	0.1	0	0.0	0	0.0	0	0.0		
Unique Binding	Bound Only	HepG2	G3BP1_3	0.0	4716	100.0	4716	320.50042394315113	0	0.0	320.50042394315113	1.0
Unique Binding	Bound Only	HepG2	G3BP1_3	1e-05	4716	100.0	4716	320.50042394315113	0	0.0	320.50042394315113	1.0
Unique Binding	Bound Only	HepG2	G3BP1_3	0.0001	4716	100.0	4716	320.50042394315113	0	0.0	320.50042394315113	1.0
Unique Binding	Bound Only	HepG2	G3BP1_3	0.001	4716	100.0	4716	320.50042394315113	0	0.0	320.50042394315113	1.0
Unique Binding	Bound Only	HepG2	G3BP1_3	0.01	4716	100.0	4716	320.50042394315113	0	0.0	320.50042394315113	1.0
Unique Binding	Bound Only	HepG2	G3BP1_3	0.1	701	14.86429177268872	701	92.01204375075314	0	0.0	92.01204375075314	1.0
Unique Binding	Bound Only	HepG2	G3BP1_4	0.0	4867	100.0	4867	315.74786445985615	0	0.0	315.74786445985615	1.0
Unique Binding	Bound Only	HepG2	G3BP1_4	1e-05	4867	100.0	4867	315.74786445985615	0	0.0	315.74786445985615	1.0
Unique Binding	Bound Only	HepG2	G3BP1_4	0.0001	4867	100.0	4867	315.74786445985615	0	0.0	315.74786445985615	1.0
Unique Binding	Bound Only	HepG2	G3BP1_4	0.001	4867	100.0	4867	315.74786445985615	0	0.0	315.74786445985615	1.0
Unique Binding	Bound Only	HepG2	G3BP1_4	0.01	4859	99.8356276967331	4859	315.69088913031646	0	0.0	315.69088913031646	1.0
Unique Binding	Bound Only	HepG2	G3BP1_4	0.1	750	15.409903431271832	750	100.33765809788972	0	0.0	100.33765809788972	1.0
Unique Binding	Bound Only	HepG2	G3BP1_5	0.0	5681	100.0	641	1.547691756663009	5040	-48.3431735289041	-46.7954817722411	-0.9379569086323007
Unique Binding	Bound Only	HepG2	G3BP1_5	1e-05	5674	99.87678225664496	638	1.547687743570449	5036	-48.343143859484314	-46.795456115913865	-0.9379570276204542
Unique Binding	Bound Only	HepG2	G3BP1_5	0.0001	5615	98.8382327055096	619	1.546842982004331	4996	-48.340813886848565	-46.79397090484424	-0.9379869459064496
Unique Binding	Bound Only	HepG2	G3BP1_5	0.001	5222	91.92043654286218	477	1.4795155118472003	4745	-48.21587281262483	-46.73635730077763	-0.9404566273962033
Unique Binding	Bound Only	HepG2	G3BP1_5	0.01	1625	28.604118993135014	0	0.0	1625	-33.07225651540088	-33.07225651540088	-1.0
Unique Binding	Bound Only	HepG2	G3BP1_5	0.1	0	0.0	0	0.0	0	0.0		
Unique Binding	Bound Only	HepG2	G3BP1_6	0.0	5421	100.0	13	0.11023242221385664	5408	-26.259709176339012	-26.149476754125157	-0.9916395399055488
Unique Binding	Bound Only	HepG2	G3BP1_6	1e-05	5421	100.0	13	0.11023242221385664	5408	-26.259709176339012	-26.149476754125157	-0.9916395399055488
Unique Binding	Bound Only	HepG2	G3BP1_6	0.0001	5421	100.0	13	0.11023242221385664	5408	-26.259709176339012	-26.149476754125157	-0.9916395399055488
Unique Binding	Bound Only	HepG2	G3BP1_6	0.001	5043	93.02711676812396	7	0.10832585835440325	5036	-25.963589959022144	-25.855264100667743	-0.9916902264403443
Unique Binding	Bound Only	HepG2	G3BP1_6	0.01	442	8.15347721822542	5	0.09379485859011175	437	-7.951472940059881	-7.8576780814697695	-0.9766832227496888
Unique Binding	Bound Only	HepG2	G3BP1_6	0.1	0	0.0	0	0.0	0	0.0		
Unique Binding	Bound Only	HepG2	GRSF1_1	0.0	390	100.0	368	14.429274542122318	22	-0.2233135673651992	14.205960974757119	0.9695188910386958
Unique Binding	Bound Only	HepG2	GRSF1_1	1e-05	390	100.0	368	14.429274542122318	22	-0.2233135673651992	14.205960974757119	0.9695188910386958
Unique Binding	Bound Only	HepG2	GRSF1_1	0.0001	390	100.0	368	14.429274542122318	22	-0.2233135673651992	14.205960974757119	0.9695188910386958
Unique Binding	Bound Only	HepG2	GRSF1_1	0.001	388	99.48717948717949	366	14.42826818522474	22	-0.2233135673651992	14.20495461785954	0.9695167974166715
Unique Binding	Bound Only	HepG2	GRSF1_1	0.01	374	95.8974358974359	362	14.407257792065078	12	-0.13316356236504237	14.274094229700035	0.9816836721413893
Unique Binding	Bound Only	HepG2	GRSF1_1	0.1	0	0.0	0	0.0	0	0.0		
Unique Binding	Bound Only	HepG2	GRSF1_2	0.0	8	1.4466546112115732	8	0.05875384572584395	0	0.0	0.05875384572584395	1.0
Unique Binding	Bound Only	HepG2	GRSF1_2	1e-05	8	1.4466546112115732	8	0.05875384572584395	0	0.0	0.05875384572584395	1.0
Unique Binding	Bound Only	HepG2	GRSF1_2	0.0001	8	1.4466546112115732	8	0.05875384572584395	0	0.0	0.05875384572584395	1.0
Unique Binding	Bound Only	HepG2	GRSF1_2	0.001	8	1.4466546112115732	8	0.05875384572584395	0	0.0	0.05875384572584395	1.0
Unique Binding	Bound Only	HepG2	GRSF1_2	0.01	0	0.0	0	0.0	0	0.0		
Unique Binding	Bound Only	HepG2	GRSF1_2	0.1	0	0.0	0	0.0	0	0.0		
Unique Binding	Bound Only	HepG2	GRSF1_3	0.0	0	0.0	0	0.0	0	0.0		
Unique Binding	Bound Only	HepG2	GRSF1_3	1e-05	0	0.0	0	0.0	0	0.0		
Unique Binding	Bound Only	HepG2	GRSF1_3	0.0001	0	0.0	0	0.0	0	0.0		
Unique Binding	Bound Only	HepG2	GRSF1_3	0.001	0	0.0	0	0.0	0	0.0		
Unique Binding	Bound Only	HepG2	GRSF1_3	0.01	0	0.0	0	0.0	0	0.0		
Unique Binding	Bound Only	HepG2	GRSF1_3	0.1	0	0.0	0	0.0	0	0.0		
Unique Binding	Bound Only	HepG2	GRSF1_4	0.0	288	100.0	0	0.0	288	-0.03716391627677412	-0.03716391627677412	-1.0
Unique Binding	Bound Only	HepG2	GRSF1_4	1e-05	183	63.541666666666664	0	0.0	183	-0.03632848449885005	-0.03632848449885005	-1.0
Unique Binding	Bound Only	HepG2	GRSF1_4	0.0001	42	14.583333333333334	0	0.0	42	-0.033385522482356045	-0.033385522482356045	-1.0
Unique Binding	Bound Only	HepG2	GRSF1_4	0.001	15	5.208333333333334	0	0.0	15	-0.019375984974267825	-0.019375984974267825	-1.0
Unique Binding	Bound Only	HepG2	GRSF1_4	0.01	0	0.0	0	0.0	0	0.0		
Unique Binding	Bound Only	HepG2	GRSF1_4	0.1	0	0.0	0	0.0	0	0.0		
Unique Binding	Bound Only	HepG2	GRSF1_5	0.0	385	100.0	0	0.0	385	-0.059555748747884704	-0.059555748747884704	-1.0
Unique Binding	Bound Only	HepG2	GRSF1_5	1e-05	111	28.83116883116883	0	0.0	111	-0.058978440098771914	-0.058978440098771914	-1.0
Unique Binding	Bound Only	HepG2	GRSF1_5	0.0001	80	20.77922077922078	0	0.0	80	-0.05865562163986759	-0.05865562163986759	-1.0
Unique Binding	Bound Only	HepG2	GRSF1_5	0.001	17	4.415584415584416	0	0.0	17	-0.03128809491099173	-0.03128809491099173	-1.0
Unique Binding	Bound Only	HepG2	GRSF1_5	0.01	0	0.0	0	0.0	0	0.0		
Unique Binding	Bound Only	HepG2	GRSF1_5	0.1	0	0.0	0	0.0	0	0.0		
Unique Binding	Bound Only	HepG2	GRSF1_6	0.0	364	100.0	364	0.015241501015998188	0	0.0	0.015241501015998188	1.0
Unique Binding	Bound Only	HepG2	GRSF1_6	1e-05	46	12.637362637362637	46	0.014380808678734272	0	0.0	0.014380808678734272	1.0
Unique Binding	Bound Only	HepG2	GRSF1_6	0.0001	15	4.1208791208791204	15	0.013963753409883076	0	0.0	0.013963753409883076	1.0
Unique Binding	Bound Only	HepG2	GRSF1_6	0.001	8	2.197802197802198	8	0.010658294282069394	0	0.0	0.010658294282069394	1.0
Unique Binding	Bound Only	HepG2	GRSF1_6	0.01	0	0.0	0	0.0	0	0.0		
Unique Binding	Bound Only	HepG2	GRSF1_6	0.1	0	0.0	0	0.0	0	0.0		
Unique Binding	Bound Only	HepG2	GRWD1_1	0.0	14327	100.0	366	0.5421750412571411	13961	-26.57706837077935	-26.03489332952221	-0.9600154743980427
Unique Binding	Bound Only	HepG2	GRWD1_1	1e-05	14305	99.84644377748307	355	0.5421144971215641	13950	-26.577007954212153	-26.03489345709059	-0.9600197611044083
Unique Binding	Bound Only	HepG2	GRWD1_1	0.0001	14198	99.09960214978712	308	0.5395784577221785	13890	-26.573816404576718	-26.03423794685454	-0.96019838456508
Unique Binding	Bound Only	HepG2	GRWD1_1	0.001	9047	63.14650659593774	100	0.4595035544652505	8947	-23.361777868559553	-22.902274314094303	-0.9614207526198729
Unique Binding	Bound Only	HepG2	GRWD1_1	0.01	41	0.2861729601451804	0	0.0	41	-0.4996694690726899	-0.4996694690726899	-1.0
Unique Binding	Bound Only	HepG2	GRWD1_1	0.1	0	0.0	0	0.0	0	0.0		
Unique Binding	Bound Only	HepG2	GRWD1_2	0.0	20131	100.0	23	0.025002233673369748	20108	-288.633433951712	-288.6084317180386	-0.9998267694233796
Unique Binding	Bound Only	HepG2	GRWD1_2	1e-05	20131	100.0	23	0.025002233673369748	20108	-288.633433951712	-288.6084317180386	-0.9998267694233796
Unique Binding	Bound Only	HepG2	GRWD1_2	0.0001	20127	99.98013014753366	22	0.024958725205748277	20105	-288.63331517841596	-288.6083564532102	-0.9998270707791035
Unique Binding	Bound Only	HepG2	GRWD1_2	0.001	20092	99.80626893845313	9	0.0197918823440069	20083	-288.6188639161782	-288.5990720338342	-0.999862860487004
Unique Binding	Bound Only	HepG2	GRWD1_2	0.01	10824	53.76782077393075	0	0.0	10824	-233.61124265730285	-233.61124265730285	-1.0
Unique Binding	Bound Only	HepG2	GRWD1_2	0.1	0	0.0	0	0.0	0	0.0		
Unique Binding	Bound Only	HepG2	GRWD1_3	0.0	12032	100.0	12032	689.7039844117962	0	0.0	689.7039844117962	1.0
Unique Binding	Bound Only	HepG2	GRWD1_3	1e-05	12032	100.0	12032	689.7039844117962	0	0.0	689.7039844117962	1.0
Unique Binding	Bound Only	HepG2	GRWD1_3	0.0001	12032	100.0	12032	689.7039844117962	0	0.0	689.7039844117962	1.0
Unique Binding	Bound Only	HepG2	GRWD1_3	0.001	12032	100.0	12032	689.7039844117962	0	0.0	689.7039844117962	1.0
Unique Binding	Bound Only	HepG2	GRWD1_3	0.01	12020	99.9002659574468	12020	689.6219917989525	0	0.0	689.6219917989525	1.0
Unique Binding	Bound Only	HepG2	GRWD1_3	0.1	1509	12.54155585106383	1509	189.99108254789957	0	0.0	189.99108254789957	1.0
Unique Binding	Bound Only	HepG2	GRWD1_4	0.0	15012	100.0	15012	804.5912636758545	0	0.0	804.5912636758545	1.0
Unique Binding	Bound Only	HepG2	GRWD1_4	1e-05	15012	100.0	15012	804.5912636758545	0	0.0	804.5912636758545	1.0
Unique Binding	Bound Only	HepG2	GRWD1_4	0.0001	15012	100.0	15012	804.5912636758545	0	0.0	804.5912636758545	1.0
Unique Binding	Bound Only	HepG2	GRWD1_4	0.001	15012	100.0	15012	804.5912636758545	0	0.0	804.5912636758545	1.0
Unique Binding	Bound Only	HepG2	GRWD1_4	0.01	14983	99.80682120969891	14983	804.3359150561362	0	0.0	804.3359150561362	1.0
Unique Binding	Bound Only	HepG2	GRWD1_4	0.1	1581	10.531574740207834	1581	198.9488052817395	0	0.0	198.9488052817395	1.0
Unique Binding	Bound Only	HepG2	GRWD1_5	0.0	14640	100.0	1	0.0002110877467775029	14639	-383.8393739926138	-383.839162904867	-0.9999989001251826
Unique Binding	Bound Only	HepG2	GRWD1_5	1e-05	14640	100.0	1	0.0002110877467775029	14639	-383.8393739926138	-383.839162904867	-0.9999989001251826
Unique Binding	Bound Only	HepG2	GRWD1_5	0.0001	14640	100.0	1	0.0002110877467775029	14639	-383.8393739926138	-383.839162904867	-0.9999989001251826
Unique Binding	Bound Only	HepG2	GRWD1_5	0.001	14627	99.91120218579235	0	0.0	14627	-383.83462757875526	-383.83462757875526	-1.0
Unique Binding	Bound Only	HepG2	GRWD1_5	0.01	10668	72.8688524590164	0	0.0	10668	-357.32606183515094	-357.32606183515094	-1.0
Unique Binding	Bound Only	HepG2	GRWD1_5	0.1	78	0.5327868852459016	0	0.0	78	-9.109332467052294	-9.109332467052294	-1.0
Unique Binding	Bound Only	HepG2	GRWD1_6	0.0	17968	100.0	170	1.520751775754154	17798	-367.69814950330243	-366.1773977275483	-0.9917623297697603
Unique Binding	Bound Only	HepG2	GRWD1_6	1e-05	17967	99.99443455031167	170	1.520751775754154	17797	-367.6981422806415	-366.17739050488734	-0.991762329608615
Unique Binding	Bound Only	HepG2	GRWD1_6	0.0001	17960	99.95547640249333	167	1.5205785307653972	17793	-367.6978937676164	-366.177315236851	-0.9917632586403392
Unique Binding	Bound Only	HepG2	GRWD1_6	0.001	17768	98.88691006233303	102	1.482625703806833	17666	-367.62106158363315	-366.1384358798263	-0.9919663457458108
Unique Binding	Bound Only	HepG2	GRWD1_6	0.01	11748	65.38290293855744	25	1.2862325083635784	11723	-334.00991205176086	-332.7236795433973	-0.992327782294956
Unique Binding	Bound Only	HepG2	GRWD1_6	0.1	0	0.0	0	0.0	0	0.0		
Unique Binding	Bound Only	HepG2	GTF2F1_1	0.0	1303	100.0	1290	0.3638711138683092	13	-0.016171803257241293	0.34769931061106796	0.914894857772609
Unique Binding	Bound Only	HepG2	GTF2F1_1	1e-05	1303	100.0	1290	0.3638711138683092	13	-0.016171803257241293	0.34769931061106796	0.914894857772609
Unique Binding	Bound Only	HepG2	GTF2F1_1	0.0001	800	61.39677666922486	787	0.3256120012269106	13	-0.016171803257241293	0.3094401979696693	0.9053682295938564
Unique Binding	Bound Only	HepG2	GTF2F1_1	0.001	83	6.36991557943208	71	0.18872578844842958	12	-0.01574545287097743	0.17298033557745215	0.8459885823612597
Unique Binding	Bound Only	HepG2	GTF2F1_1	0.01	0	0.0	0	0.0	0	0.0		
Unique Binding	Bound Only	HepG2	GTF2F1_1	0.1	0	0.0	0	0.0	0	0.0		
Unique Binding	Bound Only	HepG2	GTF2F1_2	0.0	2978	100.0	2294	2.0674044131347586	684	-1.4901055640359688	0.5772988490987898	0.16227610120658414
Unique Binding	Bound Only	HepG2	GTF2F1_2	1e-05	2956	99.26124916051042	2286	2.0673666723575406	670	-1.4900442572456565	0.5773224151118841	0.1622872438794357
Unique Binding	Bound Only	HepG2	GTF2F1_2	0.0001	2788	93.619879113499	2183	2.0620562636993394	605	-1.4866692827904449	0.5753869809088945	0.16213904777111815
Unique Binding	Bound Only	HepG2	GTF2F1_2	0.001	562	18.871725990597714	163	1.218969380536979	399	-1.417200372419218	-0.19823099188223892	-0.07519659599308541
Unique Binding	Bound Only	HepG2	GTF2F1_2	0.01	62	2.0819341840161183	41	0.9539056506412019	21	-0.26153548077732625	0.6923701698638757	0.5696451699440334
Unique Binding	Bound Only	HepG2	GTF2F1_2	0.1	0	0.0	0	0.0	0	0.0		
Unique Binding	Bound Only	HepG2	GTF2F1_3	0.0	67	7.622298065984073	67	0.02708489701273228	0	0.0	0.02708489701273228	1.0
Unique Binding	Bound Only	HepG2	GTF2F1_3	1e-05	67	7.622298065984073	67	0.02708489701273228	0	0.0	0.02708489701273228	1.0
Unique Binding	Bound Only	HepG2	GTF2F1_3	0.0001	62	7.053469852104664	62	0.026612199628657605	0	0.0	0.026612199628657605	1.0
Unique Binding	Bound Only	HepG2	GTF2F1_3	0.001	0	0.0	0	0.0	0	0.0		
Unique Binding	Bound Only	HepG2	GTF2F1_3	0.01	0	0.0	0	0.0	0	0.0		
Unique Binding	Bound Only	HepG2	GTF2F1_3	0.1	0	0.0	0	0.0	0	0.0		
Unique Binding	Bound Only	HepG2	GTF2F1_4	0.0	61	8.176943699731904	38	0.00457415503462233	23	-0.7476092893129082	-0.7430351342782858	-0.9878376609615754
Unique Binding	Bound Only	HepG2	GTF2F1_4	1e-05	57	7.640750670241286	34	0.004542673681453967	23	-0.7476092893129082	-0.7430666156314542	-0.9879208619934479
Unique Binding	Bound Only	HepG2	GTF2F1_4	0.0001	57	7.640750670241286	34	0.004542673681453967	23	-0.7476092893129082	-0.7430666156314542	-0.9879208619934479
Unique Binding	Bound Only	HepG2	GTF2F1_4	0.001	23	3.0831099195710454	0	0.0	23	-0.7476092893129082	-0.7476092893129082	-1.0
Unique Binding	Bound Only	HepG2	GTF2F1_4	0.01	19	2.546916890080429	0	0.0	19	-0.7303387203662417	-0.7303387203662417	-1.0
Unique Binding	Bound Only	HepG2	GTF2F1_4	0.1	0	0.0	0	0.0	0	0.0		
Unique Binding	Bound Only	HepG2	GTF2F1_5	0.0	450	100.0	450	1.961807577040159	0	0.0	1.961807577040159	1.0
Unique Binding	Bound Only	HepG2	GTF2F1_5	1e-05	450	100.0	450	1.961807577040159	0	0.0	1.961807577040159	1.0
Unique Binding	Bound Only	HepG2	GTF2F1_5	0.0001	450	100.0	450	1.961807577040159	0	0.0	1.961807577040159	1.0
Unique Binding	Bound Only	HepG2	GTF2F1_5	0.001	450	100.0	450	1.961807577040159	0	0.0	1.961807577040159	1.0
Unique Binding	Bound Only	HepG2	GTF2F1_5	0.01	14	3.111111111111111	14	0.1504699276546823	0	0.0	0.1504699276546823	1.0
Unique Binding	Bound Only	HepG2	GTF2F1_5	0.1	0	0.0	0	0.0	0	0.0		
Unique Binding	Bound Only	HepG2	GTF2F1_6	0.0	479	100.0	0	0.0	479	-1.3816607947567305	-1.3816607947567305	-1.0
Unique Binding	Bound Only	HepG2	GTF2F1_6	1e-05	479	100.0	0	0.0	479	-1.3816607947567305	-1.3816607947567305	-1.0
Unique Binding	Bound Only	HepG2	GTF2F1_6	0.0001	479	100.0	0	0.0	479	-1.3816607947567305	-1.3816607947567305	-1.0
Unique Binding	Bound Only	HepG2	GTF2F1_6	0.001	442	92.27557411273486	0	0.0	442	-1.3548188084985706	-1.3548188084985706	-1.0
Unique Binding	Bound Only	HepG2	GTF2F1_6	0.01	5	1.0438413361169103	0	0.0	5	-0.056511166438803835	-0.056511166438803835	-1.0
Unique Binding	Bound Only	HepG2	GTF2F1_6	0.1	0	0.0	0	0.0	0	0.0		
Unique Binding	Bound Only	HepG2	HLTF_1	0.0	0	0.0	0	0.0	0	0.0		
Unique Binding	Bound Only	HepG2	HLTF_1	1e-05	0	0.0	0	0.0	0	0.0		
Unique Binding	Bound Only	HepG2	HLTF_1	0.0001	0	0.0	0	0.0	0	0.0		
Unique Binding	Bound Only	HepG2	HLTF_1	0.001	0	0.0	0	0.0	0	0.0		
Unique Binding	Bound Only	HepG2	HLTF_1	0.01	0	0.0	0	0.0	0	0.0		
Unique Binding	Bound Only	HepG2	HLTF_1	0.1	0	0.0	0	0.0	0	0.0		
Unique Binding	Bound Only	HepG2	HLTF_2	0.0	428	100.0	428	7.444698088624997	0	0.0	7.444698088624997	1.0
Unique Binding	Bound Only	HepG2	HLTF_2	1e-05	428	100.0	428	7.444698088624997	0	0.0	7.444698088624997	1.0
Unique Binding	Bound Only	HepG2	HLTF_2	0.0001	428	100.0	428	7.444698088624997	0	0.0	7.444698088624997	1.0
Unique Binding	Bound Only	HepG2	HLTF_2	0.001	428	100.0	428	7.444698088624997	0	0.0	7.444698088624997	1.0
Unique Binding	Bound Only	HepG2	HLTF_2	0.01	321	75.0	321	6.625194072587201	0	0.0	6.625194072587201	1.0
Unique Binding	Bound Only	HepG2	HLTF_2	0.1	0	0.0	0	0.0	0	0.0		
Unique Binding	Bound Only	HepG2	HLTF_3	0.0	405	100.0	0	0.0	405	-7.988272663388488	-7.988272663388488	-1.0
Unique Binding	Bound Only	HepG2	HLTF_3	1e-05	405	100.0	0	0.0	405	-7.988272663388488	-7.988272663388488	-1.0
Unique Binding	Bound Only	HepG2	HLTF_3	0.0001	405	100.0	0	0.0	405	-7.988272663388488	-7.988272663388488	-1.0
Unique Binding	Bound Only	HepG2	HLTF_3	0.001	405	100.0	0	0.0	405	-7.988272663388488	-7.988272663388488	-1.0
Unique Binding	Bound Only	HepG2	HLTF_3	0.01	337	83.20987654320989	0	0.0	337	-7.4244235231168965	-7.4244235231168965	-1.0
Unique Binding	Bound Only	HepG2	HLTF_3	0.1	3	0.7407407407407408	0	0.0	3	-0.35959586145824446	-0.35959586145824446	-1.0
Unique Binding	Bound Only	HepG2	HLTF_4	0.0	452	100.0	0	0.0	452	-12.604090331497353	-12.604090331497353	-1.0
Unique Binding	Bound Only	HepG2	HLTF_4	1e-05	452	100.0	0	0.0	452	-12.604090331497353	-12.604090331497353	-1.0
Unique Binding	Bound Only	HepG2	HLTF_4	0.0001	452	100.0	0	0.0	452	-12.604090331497353	-12.604090331497353	-1.0
Unique Binding	Bound Only	HepG2	HLTF_4	0.001	452	100.0	0	0.0	452	-12.604090331497353	-12.604090331497353	-1.0
Unique Binding	Bound Only	HepG2	HLTF_4	0.01	449	99.33628318584071	0	0.0	449	-12.57780616669488	-12.57780616669488	-1.0
Unique Binding	Bound Only	HepG2	HLTF_4	0.1	4	0.8849557522123894	0	0.0	4	-0.40950702093656866	-0.40950702093656866	-1.0
Unique Binding	Bound Only	HepG2	HLTF_5	0.0	0	0.0	0	0.0	0	0.0		
Unique Binding	Bound Only	HepG2	HLTF_5	1e-05	0	0.0	0	0.0	0	0.0		
Unique Binding	Bound Only	HepG2	HLTF_5	0.0001	0	0.0	0	0.0	0	0.0		
Unique Binding	Bound Only	HepG2	HLTF_5	0.001	0	0.0	0	0.0	0	0.0		
Unique Binding	Bound Only	HepG2	HLTF_5	0.01	0	0.0	0	0.0	0	0.0		
Unique Binding	Bound Only	HepG2	HLTF_5	0.1	0	0.0	0	0.0	0	0.0		
Unique Binding	Bound Only	HepG2	HLTF_6	0.0	475	100.0	0	0.0	475	-15.003819070717991	-15.003819070717991	-1.0
Unique Binding	Bound Only	HepG2	HLTF_6	1e-05	475	100.0	0	0.0	475	-15.003819070717991	-15.003819070717991	-1.0
Unique Binding	Bound Only	HepG2	HLTF_6	0.0001	475	100.0	0	0.0	475	-15.003819070717991	-15.003819070717991	-1.0
Unique Binding	Bound Only	HepG2	HLTF_6	0.001	475	100.0	0	0.0	475	-15.003819070717991	-15.003819070717991	-1.0
Unique Binding	Bound Only	HepG2	HLTF_6	0.01	442	93.05263157894737	0	0.0	442	-14.730185697700504	-14.730185697700504	-1.0
Unique Binding	Bound Only	HepG2	HLTF_6	0.1	0	0.0	0	0.0	0	0.0		
Unique Binding	Bound Only	HepG2	HNRNPA1_1	0.0	0		0	0.0	0	0.0		
Unique Binding	Bound Only	HepG2	HNRNPA1_1	1e-05	0		0	0.0	0	0.0		
Unique Binding	Bound Only	HepG2	HNRNPA1_1	0.0001	0		0	0.0	0	0.0		
Unique Binding	Bound Only	HepG2	HNRNPA1_1	0.001	0		0	0.0	0	0.0		
Unique Binding	Bound Only	HepG2	HNRNPA1_1	0.01	0		0	0.0	0	0.0		
Unique Binding	Bound Only	HepG2	HNRNPA1_1	0.1	0		0	0.0	0	0.0		
Unique Binding	Bound Only	HepG2	HNRNPA1_2	0.0	0	0.0	0	0.0	0	0.0		
Unique Binding	Bound Only	HepG2	HNRNPA1_2	1e-05	0	0.0	0	0.0	0	0.0		
Unique Binding	Bound Only	HepG2	HNRNPA1_2	0.0001	0	0.0	0	0.0	0	0.0		
Unique Binding	Bound Only	HepG2	HNRNPA1_2	0.001	0	0.0	0	0.0	0	0.0		
Unique Binding	Bound Only	HepG2	HNRNPA1_2	0.01	0	0.0	0	0.0	0	0.0		
Unique Binding	Bound Only	HepG2	HNRNPA1_2	0.1	0	0.0	0	0.0	0	0.0		
Unique Binding	Bound Only	HepG2	HNRNPA1_3	0.0	0		0	0.0	0	0.0		
Unique Binding	Bound Only	HepG2	HNRNPA1_3	1e-05	0		0	0.0	0	0.0		
Unique Binding	Bound Only	HepG2	HNRNPA1_3	0.0001	0		0	0.0	0	0.0		
Unique Binding	Bound Only	HepG2	HNRNPA1_3	0.001	0		0	0.0	0	0.0		
Unique Binding	Bound Only	HepG2	HNRNPA1_3	0.01	0		0	0.0	0	0.0		
Unique Binding	Bound Only	HepG2	HNRNPA1_3	0.1	0		0	0.0	0	0.0		
Unique Binding	Bound Only	HepG2	HNRNPA1_4	0.0	0		0	0.0	0	0.0		
Unique Binding	Bound Only	HepG2	HNRNPA1_4	1e-05	0		0	0.0	0	0.0		
Unique Binding	Bound Only	HepG2	HNRNPA1_4	0.0001	0		0	0.0	0	0.0		
Unique Binding	Bound Only	HepG2	HNRNPA1_4	0.001	0		0	0.0	0	0.0		
Unique Binding	Bound Only	HepG2	HNRNPA1_4	0.01	0		0	0.0	0	0.0		
Unique Binding	Bound Only	HepG2	HNRNPA1_4	0.1	0		0	0.0	0	0.0		
Unique Binding	Bound Only	HepG2	HNRNPA1_5	0.0	0	0.0	0	0.0	0	0.0		
Unique Binding	Bound Only	HepG2	HNRNPA1_5	1e-05	0	0.0	0	0.0	0	0.0		
Unique Binding	Bound Only	HepG2	HNRNPA1_5	0.0001	0	0.0	0	0.0	0	0.0		
Unique Binding	Bound Only	HepG2	HNRNPA1_5	0.001	0	0.0	0	0.0	0	0.0		
Unique Binding	Bound Only	HepG2	HNRNPA1_5	0.01	0	0.0	0	0.0	0	0.0		
Unique Binding	Bound Only	HepG2	HNRNPA1_5	0.1	0	0.0	0	0.0	0	0.0		
Unique Binding	Bound Only	HepG2	HNRNPA1_6	0.0	0	0.0	0	0.0	0	0.0		
Unique Binding	Bound Only	HepG2	HNRNPA1_6	1e-05	0	0.0	0	0.0	0	0.0		
Unique Binding	Bound Only	HepG2	HNRNPA1_6	0.0001	0	0.0	0	0.0	0	0.0		
Unique Binding	Bound Only	HepG2	HNRNPA1_6	0.001	0	0.0	0	0.0	0	0.0		
Unique Binding	Bound Only	HepG2	HNRNPA1_6	0.01	0	0.0	0	0.0	0	0.0		
Unique Binding	Bound Only	HepG2	HNRNPA1_6	0.1	0	0.0	0	0.0	0	0.0		
Unique Binding	Bound Only	HepG2	HNRNPC_1	0.0	98	100.0	98	0.07005934602130338	0	0.0	0.07005934602130338	1.0
Unique Binding	Bound Only	HepG2	HNRNPC_1	1e-05	98	100.0	98	0.07005934602130338	0	0.0	0.07005934602130338	1.0
Unique Binding	Bound Only	HepG2	HNRNPC_1	0.0001	98	100.0	98	0.07005934602130338	0	0.0	0.07005934602130338	1.0
Unique Binding	Bound Only	HepG2	HNRNPC_1	0.001	27	27.55102040816326	27	0.033710761249355174	0	0.0	0.033710761249355174	1.0
Unique Binding	Bound Only	HepG2	HNRNPC_1	0.01	0	0.0	0	0.0	0	0.0		
Unique Binding	Bound Only	HepG2	HNRNPC_1	0.1	0	0.0	0	0.0	0	0.0		
Unique Binding	Bound Only	HepG2	HNRNPC_2	0.0	89	100.0	0	0.0	89	-1.7986831427734054	-1.7986831427734054	-1.0
Unique Binding	Bound Only	HepG2	HNRNPC_2	1e-05	89	100.0	0	0.0	89	-1.7986831427734054	-1.7986831427734054	-1.0
Unique Binding	Bound Only	HepG2	HNRNPC_2	0.0001	89	100.0	0	0.0	89	-1.7986831427734054	-1.7986831427734054	-1.0
Unique Binding	Bound Only	HepG2	HNRNPC_2	0.001	83	93.25842696629213	0	0.0	83	-1.79513183922701	-1.79513183922701	-1.0
Unique Binding	Bound Only	HepG2	HNRNPC_2	0.01	23	25.842696629213485	0	0.0	23	-1.5599876608202288	-1.5599876608202288	-1.0
Unique Binding	Bound Only	HepG2	HNRNPC_2	0.1	8	8.98876404494382	0	0.0	8	-1.012700717785511	-1.012700717785511	-1.0
Unique Binding	Bound Only	HepG2	HNRNPC_3	0.0	153	100.0	0	0.0	153	-48.37408867865136	-48.37408867865136	-1.0
Unique Binding	Bound Only	HepG2	HNRNPC_3	1e-05	153	100.0	0	0.0	153	-48.37408867865136	-48.37408867865136	-1.0
Unique Binding	Bound Only	HepG2	HNRNPC_3	0.0001	153	100.0	0	0.0	153	-48.37408867865136	-48.37408867865136	-1.0
Unique Binding	Bound Only	HepG2	HNRNPC_3	0.001	153	100.0	0	0.0	153	-48.37408867865136	-48.37408867865136	-1.0
Unique Binding	Bound Only	HepG2	HNRNPC_3	0.01	153	100.0	0	0.0	153	-48.37408867865136	-48.37408867865136	-1.0
Unique Binding	Bound Only	HepG2	HNRNPC_3	0.1	148	96.73202614379085	0	0.0	148	-47.90559063652215	-47.90559063652215	-1.0
Unique Binding	Bound Only	HepG2	HNRNPC_4	0.0	53	29.2817679558011	0	0.0	53	-0.014367194419544593	-0.014367194419544593	-1.0
Unique Binding	Bound Only	HepG2	HNRNPC_4	1e-05	21	11.602209944751381	0	0.0	21	-0.014341638689448209	-0.014341638689448209	-1.0
Unique Binding	Bound Only	HepG2	HNRNPC_4	0.0001	19	10.497237569060774	0	0.0	19	-0.014302685636360956	-0.014302685636360956	-1.0
Unique Binding	Bound Only	HepG2	HNRNPC_4	0.001	0	0.0	0	0.0	0	0.0		
Unique Binding	Bound Only	HepG2	HNRNPC_4	0.01	0	0.0	0	0.0	0	0.0		
Unique Binding	Bound Only	HepG2	HNRNPC_4	0.1	0	0.0	0	0.0	0	0.0		
Unique Binding	Bound Only	HepG2	HNRNPC_5	0.0	27	100.0	27	0.04846329738014831	0	0.0	0.04846329738014831	1.0
Unique Binding	Bound Only	HepG2	HNRNPC_5	1e-05	27	100.0	27	0.04846329738014831	0	0.0	0.04846329738014831	1.0
Unique Binding	Bound Only	HepG2	HNRNPC_5	0.0001	27	100.0	27	0.04846329738014831	0	0.0	0.04846329738014831	1.0
Unique Binding	Bound Only	HepG2	HNRNPC_5	0.001	24	88.88888888888889	24	0.04567099247512853	0	0.0	0.04567099247512853	1.0
Unique Binding	Bound Only	HepG2	HNRNPC_5	0.01	0	0.0	0	0.0	0	0.0		
Unique Binding	Bound Only	HepG2	HNRNPC_5	0.1	0	0.0	0	0.0	0	0.0		
Unique Binding	Bound Only	HepG2	HNRNPC_6	0.0	190	100.0	168	3.4913285070490416	22	-0.49208965354342066	2.999238853505621	0.7529309584358419
Unique Binding	Bound Only	HepG2	HNRNPC_6	1e-05	190	100.0	168	3.4913285070490416	22	-0.49208965354342066	2.999238853505621	0.7529309584358419
Unique Binding	Bound Only	HepG2	HNRNPC_6	0.0001	190	100.0	168	3.4913285070490416	22	-0.49208965354342066	2.999238853505621	0.7529309584358419
Unique Binding	Bound Only	HepG2	HNRNPC_6	0.001	190	100.0	168	3.4913285070490416	22	-0.49208965354342066	2.999238853505621	0.7529309584358419
Unique Binding	Bound Only	HepG2	HNRNPC_6	0.01	160	84.21052631578947	152	3.364405187521676	8	-0.4174673894484655	2.9469377980732103	0.7792271521834715
Unique Binding	Bound Only	HepG2	HNRNPC_6	0.1	0	0.0	0	0.0	0	0.0		
Unique Binding	Bound Only	HepG2	HNRNPK_1	0.0	911	100.0	0	0.0	911	-15.930842420988279	-15.930842420988279	-1.0
Unique Binding	Bound Only	HepG2	HNRNPK_1	1e-05	911	100.0	0	0.0	911	-15.930842420988279	-15.930842420988279	-1.0
Unique Binding	Bound Only	HepG2	HNRNPK_1	0.0001	911	100.0	0	0.0	911	-15.930842420988279	-15.930842420988279	-1.0
Unique Binding	Bound Only	HepG2	HNRNPK_1	0.001	911	100.0	0	0.0	911	-15.930842420988279	-15.930842420988279	-1.0
Unique Binding	Bound Only	HepG2	HNRNPK_1	0.01	596	65.42261251372119	0	0.0	596	-13.917127643898688	-13.917127643898688	-1.0
Unique Binding	Bound Only	HepG2	HNRNPK_1	0.1	0	0.0	0	0.0	0	0.0		
Unique Binding	Bound Only	HepG2	HNRNPK_2	0.0	1135	100.0	0	0.0	1135	-18.02408603555368	-18.02408603555368	-1.0
Unique Binding	Bound Only	HepG2	HNRNPK_2	1e-05	1135	100.0	0	0.0	1135	-18.02408603555368	-18.02408603555368	-1.0
Unique Binding	Bound Only	HepG2	HNRNPK_2	0.0001	1135	100.0	0	0.0	1135	-18.02408603555368	-18.02408603555368	-1.0
Unique Binding	Bound Only	HepG2	HNRNPK_2	0.001	1135	100.0	0	0.0	1135	-18.02408603555368	-18.02408603555368	-1.0
Unique Binding	Bound Only	HepG2	HNRNPK_2	0.01	709	62.46696035242291	0	0.0	709	-15.308422710155833	-15.308422710155833	-1.0
Unique Binding	Bound Only	HepG2	HNRNPK_2	0.1	0	0.0	0	0.0	0	0.0		
Unique Binding	Bound Only	HepG2	HNRNPK_3	0.0	1122	100.0	0	0.0	1122	-69.97296420901716	-69.97296420901716	-1.0
Unique Binding	Bound Only	HepG2	HNRNPK_3	1e-05	1122	100.0	0	0.0	1122	-69.97296420901716	-69.97296420901716	-1.0
Unique Binding	Bound Only	HepG2	HNRNPK_3	0.0001	1122	100.0	0	0.0	1122	-69.97296420901716	-69.97296420901716	-1.0
Unique Binding	Bound Only	HepG2	HNRNPK_3	0.001	1122	100.0	0	0.0	1122	-69.97296420901716	-69.97296420901716	-1.0
Unique Binding	Bound Only	HepG2	HNRNPK_3	0.01	1099	97.95008912655972	0	0.0	1099	-69.78111343488595	-69.78111343488595	-1.0
Unique Binding	Bound Only	HepG2	HNRNPK_3	0.1	258	22.994652406417114	0	0.0	258	-30.25691470996498	-30.25691470996498	-1.0
Unique Binding	Bound Only	HepG2	HNRNPK_4	0.0	1156	100.0	72	0.05059874416136621	1084	-0.5677900082929288	-0.5171912641315626	-0.836352960947148
Unique Binding	Bound Only	HepG2	HNRNPK_4	1e-05	1156	100.0	72	0.05059874416136621	1084	-0.5677900082929288	-0.5171912641315626	-0.836352960947148
Unique Binding	Bound Only	HepG2	HNRNPK_4	0.0001	891	77.07612456747405	72	0.05059874416136621	819	-0.5497754194826878	-0.4991766753213216	-0.8314426328599813
Unique Binding	Bound Only	HepG2	HNRNPK_4	0.001	146	12.629757785467127	17	0.024443478611266035	129	-0.3366577674236768	-0.31221428881241076	-0.8646170353624273
Unique Binding	Bound Only	HepG2	HNRNPK_4	0.01	0	0.0	0	0.0	0	0.0		
Unique Binding	Bound Only	HepG2	HNRNPK_4	0.1	0	0.0	0	0.0	0	0.0		
Unique Binding	Bound Only	HepG2	HNRNPK_5	0.0	0	0.0	0	0.0	0	0.0		
Unique Binding	Bound Only	HepG2	HNRNPK_5	1e-05	0	0.0	0	0.0	0	0.0		
Unique Binding	Bound Only	HepG2	HNRNPK_5	0.0001	0	0.0	0	0.0	0	0.0		
Unique Binding	Bound Only	HepG2	HNRNPK_5	0.001	0	0.0	0	0.0	0	0.0		
Unique Binding	Bound Only	HepG2	HNRNPK_5	0.01	0	0.0	0	0.0	0	0.0		
Unique Binding	Bound Only	HepG2	HNRNPK_5	0.1	0	0.0	0	0.0	0	0.0		
Unique Binding	Bound Only	HepG2	HNRNPK_6	0.0	0	0.0	0	0.0	0	0.0		
Unique Binding	Bound Only	HepG2	HNRNPK_6	1e-05	0	0.0	0	0.0	0	0.0		
Unique Binding	Bound Only	HepG2	HNRNPK_6	0.0001	0	0.0	0	0.0	0	0.0		
Unique Binding	Bound Only	HepG2	HNRNPK_6	0.001	0	0.0	0	0.0	0	0.0		
Unique Binding	Bound Only	HepG2	HNRNPK_6	0.01	0	0.0	0	0.0	0	0.0		
Unique Binding	Bound Only	HepG2	HNRNPK_6	0.1	0	0.0	0	0.0	0	0.0		
Unique Binding	Bound Only	HepG2	HNRNPL_1	0.0	88	100.0	71	0.4688420658398515	17	-0.8805493274362245	-0.411707261596373	-0.30510588969803853
Unique Binding	Bound Only	HepG2	HNRNPL_1	1e-05	88	100.0	71	0.4688420658398515	17	-0.8805493274362245	-0.411707261596373	-0.30510588969803853
Unique Binding	Bound Only	HepG2	HNRNPL_1	0.0001	88	100.0	71	0.4688420658398515	17	-0.8805493274362245	-0.411707261596373	-0.30510588969803853
Unique Binding	Bound Only	HepG2	HNRNPL_1	0.001	88	100.0	71	0.4688420658398515	17	-0.8805493274362245	-0.411707261596373	-0.30510588969803853
Unique Binding	Bound Only	HepG2	HNRNPL_1	0.01	37	42.04545454545455	20	0.23710072534641755	17	-0.8805493274362245	-0.6434486020898069	-0.5757156280606764
Unique Binding	Bound Only	HepG2	HNRNPL_1	0.1	0	0.0	0	0.0	0	0.0		
Unique Binding	Bound Only	HepG2	HNRNPL_2	0.0	0	0.0	0	0.0	0	0.0		
Unique Binding	Bound Only	HepG2	HNRNPL_2	1e-05	0	0.0	0	0.0	0	0.0		
Unique Binding	Bound Only	HepG2	HNRNPL_2	0.0001	0	0.0	0	0.0	0	0.0		
Unique Binding	Bound Only	HepG2	HNRNPL_2	0.001	0	0.0	0	0.0	0	0.0		
Unique Binding	Bound Only	HepG2	HNRNPL_2	0.01	0	0.0	0	0.0	0	0.0		
Unique Binding	Bound Only	HepG2	HNRNPL_2	0.1	0	0.0	0	0.0	0	0.0		
Unique Binding	Bound Only	HepG2	HNRNPL_3	0.0	0	0.0	0	0.0	0	0.0		
Unique Binding	Bound Only	HepG2	HNRNPL_3	1e-05	0	0.0	0	0.0	0	0.0		
Unique Binding	Bound Only	HepG2	HNRNPL_3	0.0001	0	0.0	0	0.0	0	0.0		
Unique Binding	Bound Only	HepG2	HNRNPL_3	0.001	0	0.0	0	0.0	0	0.0		
Unique Binding	Bound Only	HepG2	HNRNPL_3	0.01	0	0.0	0	0.0	0	0.0		
Unique Binding	Bound Only	HepG2	HNRNPL_3	0.1	0	0.0	0	0.0	0	0.0		
Unique Binding	Bound Only	HepG2	HNRNPL_4	0.0	3	1.5228426395939088	0	0.0	3	-0.003969859644915901	-0.003969859644915901	-1.0
Unique Binding	Bound Only	HepG2	HNRNPL_4	1e-05	3	1.5228426395939088	0	0.0	3	-0.003969859644915901	-0.003969859644915901	-1.0
Unique Binding	Bound Only	HepG2	HNRNPL_4	0.0001	3	1.5228426395939088	0	0.0	3	-0.003969859644915901	-0.003969859644915901	-1.0
Unique Binding	Bound Only	HepG2	HNRNPL_4	0.001	3	1.5228426395939088	0	0.0	3	-0.003969859644915901	-0.003969859644915901	-1.0
Unique Binding	Bound Only	HepG2	HNRNPL_4	0.01	0	0.0	0	0.0	0	0.0		
Unique Binding	Bound Only	HepG2	HNRNPL_4	0.1	0	0.0	0	0.0	0	0.0		
Unique Binding	Bound Only	HepG2	HNRNPL_5	0.0	0	0.0	0	0.0	0	0.0		
Unique Binding	Bound Only	HepG2	HNRNPL_5	1e-05	0	0.0	0	0.0	0	0.0		
Unique Binding	Bound Only	HepG2	HNRNPL_5	0.0001	0	0.0	0	0.0	0	0.0		
Unique Binding	Bound Only	HepG2	HNRNPL_5	0.001	0	0.0	0	0.0	0	0.0		
Unique Binding	Bound Only	HepG2	HNRNPL_5	0.01	0	0.0	0	0.0	0	0.0		
Unique Binding	Bound Only	HepG2	HNRNPL_5	0.1	0	0.0	0	0.0	0	0.0		
Unique Binding	Bound Only	HepG2	HNRNPL_6	0.0	336	100.0	336	13.254415573641047	0	0.0	13.254415573641047	1.0
Unique Binding	Bound Only	HepG2	HNRNPL_6	1e-05	336	100.0	336	13.254415573641047	0	0.0	13.254415573641047	1.0
Unique Binding	Bound Only	HepG2	HNRNPL_6	0.0001	336	100.0	336	13.254415573641047	0	0.0	13.254415573641047	1.0
Unique Binding	Bound Only	HepG2	HNRNPL_6	0.001	336	100.0	336	13.254415573641047	0	0.0	13.254415573641047	1.0
Unique Binding	Bound Only	HepG2	HNRNPL_6	0.01	331	98.51190476190477	331	13.211767549382824	0	0.0	13.211767549382824	1.0
Unique Binding	Bound Only	HepG2	HNRNPL_6	0.1	0	0.0	0	0.0	0	0.0		
Unique Binding	Bound Only	HepG2	HNRNPM_1	0.0	0	0.0	0	0.0	0	0.0		
Unique Binding	Bound Only	HepG2	HNRNPM_1	1e-05	0	0.0	0	0.0	0	0.0		
Unique Binding	Bound Only	HepG2	HNRNPM_1	0.0001	0	0.0	0	0.0	0	0.0		
Unique Binding	Bound Only	HepG2	HNRNPM_1	0.001	0	0.0	0	0.0	0	0.0		
Unique Binding	Bound Only	HepG2	HNRNPM_1	0.01	0	0.0	0	0.0	0	0.0		
Unique Binding	Bound Only	HepG2	HNRNPM_1	0.1	0	0.0	0	0.0	0	0.0		
Unique Binding	Bound Only	HepG2	HNRNPM_2	0.0	497	100.0	0	0.0	497	-3.1968897088040715	-3.1968897088040715	-1.0
Unique Binding	Bound Only	HepG2	HNRNPM_2	1e-05	497	100.0	0	0.0	497	-3.1968897088040715	-3.1968897088040715	-1.0
Unique Binding	Bound Only	HepG2	HNRNPM_2	0.0001	497	100.0	0	0.0	497	-3.1968897088040715	-3.1968897088040715	-1.0
Unique Binding	Bound Only	HepG2	HNRNPM_2	0.001	469	94.36619718309859	0	0.0	469	-3.1747560598783604	-3.1747560598783604	-1.0
Unique Binding	Bound Only	HepG2	HNRNPM_2	0.01	87	17.50503018108652	0	0.0	87	-1.8162946635390744	-1.8162946635390744	-1.0
Unique Binding	Bound Only	HepG2	HNRNPM_2	0.1	0	0.0	0	0.0	0	0.0		
Unique Binding	Bound Only	HepG2	HNRNPM_3	0.0	170	100.0	0	0.0	170	-17.922110080913633	-17.922110080913633	-1.0
Unique Binding	Bound Only	HepG2	HNRNPM_3	1e-05	170	100.0	0	0.0	170	-17.922110080913633	-17.922110080913633	-1.0
Unique Binding	Bound Only	HepG2	HNRNPM_3	0.0001	170	100.0	0	0.0	170	-17.922110080913633	-17.922110080913633	-1.0
Unique Binding	Bound Only	HepG2	HNRNPM_3	0.001	170	100.0	0	0.0	170	-17.922110080913633	-17.922110080913633	-1.0
Unique Binding	Bound Only	HepG2	HNRNPM_3	0.01	170	100.0	0	0.0	170	-17.922110080913633	-17.922110080913633	-1.0
Unique Binding	Bound Only	HepG2	HNRNPM_3	0.1	93	54.70588235294118	0	0.0	93	-12.792565766944081	-12.792565766944081	-1.0
Unique Binding	Bound Only	HepG2	HNRNPM_4	0.0	229	100.0	0	0.0	229	-22.639012666245993	-22.639012666245993	-1.0
Unique Binding	Bound Only	HepG2	HNRNPM_4	1e-05	229	100.0	0	0.0	229	-22.639012666245993	-22.639012666245993	-1.0
Unique Binding	Bound Only	HepG2	HNRNPM_4	0.0001	229	100.0	0	0.0	229	-22.639012666245993	-22.639012666245993	-1.0
Unique Binding	Bound Only	HepG2	HNRNPM_4	0.001	229	100.0	0	0.0	229	-22.639012666245993	-22.639012666245993	-1.0
Unique Binding	Bound Only	HepG2	HNRNPM_4	0.01	229	100.0	0	0.0	229	-22.639012666245993	-22.639012666245993	-1.0
Unique Binding	Bound Only	HepG2	HNRNPM_4	0.1	106	46.288209606986904	0	0.0	106	-16.695211174550586	-16.695211174550586	-1.0
Unique Binding	Bound Only	HepG2	HNRNPM_5	0.0	0	0.0	0	0.0	0	0.0		
Unique Binding	Bound Only	HepG2	HNRNPM_5	1e-05	0	0.0	0	0.0	0	0.0		
Unique Binding	Bound Only	HepG2	HNRNPM_5	0.0001	0	0.0	0	0.0	0	0.0		
Unique Binding	Bound Only	HepG2	HNRNPM_5	0.001	0	0.0	0	0.0	0	0.0		
Unique Binding	Bound Only	HepG2	HNRNPM_5	0.01	0	0.0	0	0.0	0	0.0		
Unique Binding	Bound Only	HepG2	HNRNPM_5	0.1	0	0.0	0	0.0	0	0.0		
Unique Binding	Bound Only	HepG2	HNRNPM_6	0.0	0	0.0	0	0.0	0	0.0		
Unique Binding	Bound Only	HepG2	HNRNPM_6	1e-05	0	0.0	0	0.0	0	0.0		
Unique Binding	Bound Only	HepG2	HNRNPM_6	0.0001	0	0.0	0	0.0	0	0.0		
Unique Binding	Bound Only	HepG2	HNRNPM_6	0.001	0	0.0	0	0.0	0	0.0		
Unique Binding	Bound Only	HepG2	HNRNPM_6	0.01	0	0.0	0	0.0	0	0.0		
Unique Binding	Bound Only	HepG2	HNRNPM_6	0.1	0	0.0	0	0.0	0	0.0		
Unique Binding	Bound Only	HepG2	HNRNPUL1_1	0.0	0	0.0	0	0.0	0	0.0		
Unique Binding	Bound Only	HepG2	HNRNPUL1_1	1e-05	0	0.0	0	0.0	0	0.0		
Unique Binding	Bound Only	HepG2	HNRNPUL1_1	0.0001	0	0.0	0	0.0	0	0.0		
Unique Binding	Bound Only	HepG2	HNRNPUL1_1	0.001	0	0.0	0	0.0	0	0.0		
Unique Binding	Bound Only	HepG2	HNRNPUL1_1	0.01	0	0.0	0	0.0	0	0.0		
Unique Binding	Bound Only	HepG2	HNRNPUL1_1	0.1	0	0.0	0	0.0	0	0.0		
Unique Binding	Bound Only	HepG2	HNRNPUL1_2	0.0	0	0.0	0	0.0	0	0.0		
Unique Binding	Bound Only	HepG2	HNRNPUL1_2	1e-05	0	0.0	0	0.0	0	0.0		
Unique Binding	Bound Only	HepG2	HNRNPUL1_2	0.0001	0	0.0	0	0.0	0	0.0		
Unique Binding	Bound Only	HepG2	HNRNPUL1_2	0.001	0	0.0	0	0.0	0	0.0		
Unique Binding	Bound Only	HepG2	HNRNPUL1_2	0.01	0	0.0	0	0.0	0	0.0		
Unique Binding	Bound Only	HepG2	HNRNPUL1_2	0.1	0	0.0	0	0.0	0	0.0		
Unique Binding	Bound Only	HepG2	HNRNPUL1_3	0.0	0	0.0	0	0.0	0	0.0		
Unique Binding	Bound Only	HepG2	HNRNPUL1_3	1e-05	0	0.0	0	0.0	0	0.0		
Unique Binding	Bound Only	HepG2	HNRNPUL1_3	0.0001	0	0.0	0	0.0	0	0.0		
Unique Binding	Bound Only	HepG2	HNRNPUL1_3	0.001	0	0.0	0	0.0	0	0.0		
Unique Binding	Bound Only	HepG2	HNRNPUL1_3	0.01	0	0.0	0	0.0	0	0.0		
Unique Binding	Bound Only	HepG2	HNRNPUL1_3	0.1	0	0.0	0	0.0	0	0.0		
Unique Binding	Bound Only	HepG2	HNRNPUL1_4	0.0	0	0.0	0	0.0	0	0.0		
Unique Binding	Bound Only	HepG2	HNRNPUL1_4	1e-05	0	0.0	0	0.0	0	0.0		
Unique Binding	Bound Only	HepG2	HNRNPUL1_4	0.0001	0	0.0	0	0.0	0	0.0		
Unique Binding	Bound Only	HepG2	HNRNPUL1_4	0.001	0	0.0	0	0.0	0	0.0		
Unique Binding	Bound Only	HepG2	HNRNPUL1_4	0.01	0	0.0	0	0.0	0	0.0		
Unique Binding	Bound Only	HepG2	HNRNPUL1_4	0.1	0	0.0	0	0.0	0	0.0		
Unique Binding	Bound Only	HepG2	HNRNPUL1_5	0.0	0	0.0	0	0.0	0	0.0		
Unique Binding	Bound Only	HepG2	HNRNPUL1_5	1e-05	0	0.0	0	0.0	0	0.0		
Unique Binding	Bound Only	HepG2	HNRNPUL1_5	0.0001	0	0.0	0	0.0	0	0.0		
Unique Binding	Bound Only	HepG2	HNRNPUL1_5	0.001	0	0.0	0	0.0	0	0.0		
Unique Binding	Bound Only	HepG2	HNRNPUL1_5	0.01	0	0.0	0	0.0	0	0.0		
Unique Binding	Bound Only	HepG2	HNRNPUL1_5	0.1	0	0.0	0	0.0	0	0.0		
Unique Binding	Bound Only	HepG2	HNRNPUL1_6	0.0	0	0.0	0	0.0	0	0.0		
Unique Binding	Bound Only	HepG2	HNRNPUL1_6	1e-05	0	0.0	0	0.0	0	0.0		
Unique Binding	Bound Only	HepG2	HNRNPUL1_6	0.0001	0	0.0	0	0.0	0	0.0		
Unique Binding	Bound Only	HepG2	HNRNPUL1_6	0.001	0	0.0	0	0.0	0	0.0		
Unique Binding	Bound Only	HepG2	HNRNPUL1_6	0.01	0	0.0	0	0.0	0	0.0		
Unique Binding	Bound Only	HepG2	HNRNPUL1_6	0.1	0	0.0	0	0.0	0	0.0		
Unique Binding	Bound Only	HepG2	HNRNPU_1	0.0	0	0.0	0	0.0	0	0.0		
Unique Binding	Bound Only	HepG2	HNRNPU_1	1e-05	0	0.0	0	0.0	0	0.0		
Unique Binding	Bound Only	HepG2	HNRNPU_1	0.0001	0	0.0	0	0.0	0	0.0		
Unique Binding	Bound Only	HepG2	HNRNPU_1	0.001	0	0.0	0	0.0	0	0.0		
Unique Binding	Bound Only	HepG2	HNRNPU_1	0.01	0	0.0	0	0.0	0	0.0		
Unique Binding	Bound Only	HepG2	HNRNPU_1	0.1	0	0.0	0	0.0	0	0.0		
Unique Binding	Bound Only	HepG2	HNRNPU_2	0.0	0	0.0	0	0.0	0	0.0		
Unique Binding	Bound Only	HepG2	HNRNPU_2	1e-05	0	0.0	0	0.0	0	0.0		
Unique Binding	Bound Only	HepG2	HNRNPU_2	0.0001	0	0.0	0	0.0	0	0.0		
Unique Binding	Bound Only	HepG2	HNRNPU_2	0.001	0	0.0	0	0.0	0	0.0		
Unique Binding	Bound Only	HepG2	HNRNPU_2	0.01	0	0.0	0	0.0	0	0.0		
Unique Binding	Bound Only	HepG2	HNRNPU_2	0.1	0	0.0	0	0.0	0	0.0		
Unique Binding	Bound Only	HepG2	HNRNPU_3	0.0	0	0.0	0	0.0	0	0.0		
Unique Binding	Bound Only	HepG2	HNRNPU_3	1e-05	0	0.0	0	0.0	0	0.0		
Unique Binding	Bound Only	HepG2	HNRNPU_3	0.0001	0	0.0	0	0.0	0	0.0		
Unique Binding	Bound Only	HepG2	HNRNPU_3	0.001	0	0.0	0	0.0	0	0.0		
Unique Binding	Bound Only	HepG2	HNRNPU_3	0.01	0	0.0	0	0.0	0	0.0		
Unique Binding	Bound Only	HepG2	HNRNPU_3	0.1	0	0.0	0	0.0	0	0.0		
Unique Binding	Bound Only	HepG2	HNRNPU_4	0.0	0	0.0	0	0.0	0	0.0		
Unique Binding	Bound Only	HepG2	HNRNPU_4	1e-05	0	0.0	0	0.0	0	0.0		
Unique Binding	Bound Only	HepG2	HNRNPU_4	0.0001	0	0.0	0	0.0	0	0.0		
Unique Binding	Bound Only	HepG2	HNRNPU_4	0.001	0	0.0	0	0.0	0	0.0		
Unique Binding	Bound Only	HepG2	HNRNPU_4	0.01	0	0.0	0	0.0	0	0.0		
Unique Binding	Bound Only	HepG2	HNRNPU_4	0.1	0	0.0	0	0.0	0	0.0		
Unique Binding	Bound Only	HepG2	HNRNPU_5	0.0	0	0.0	0	0.0	0	0.0		
Unique Binding	Bound Only	HepG2	HNRNPU_5	1e-05	0	0.0	0	0.0	0	0.0		
Unique Binding	Bound Only	HepG2	HNRNPU_5	0.0001	0	0.0	0	0.0	0	0.0		
Unique Binding	Bound Only	HepG2	HNRNPU_5	0.001	0	0.0	0	0.0	0	0.0		
Unique Binding	Bound Only	HepG2	HNRNPU_5	0.01	0	0.0	0	0.0	0	0.0		
Unique Binding	Bound Only	HepG2	HNRNPU_5	0.1	0	0.0	0	0.0	0	0.0		
Unique Binding	Bound Only	HepG2	HNRNPU_6	0.0	0	0.0	0	0.0	0	0.0		
Unique Binding	Bound Only	HepG2	HNRNPU_6	1e-05	0	0.0	0	0.0	0	0.0		
Unique Binding	Bound Only	HepG2	HNRNPU_6	0.0001	0	0.0	0	0.0	0	0.0		
Unique Binding	Bound Only	HepG2	HNRNPU_6	0.001	0	0.0	0	0.0	0	0.0		
Unique Binding	Bound Only	HepG2	HNRNPU_6	0.01	0	0.0	0	0.0	0	0.0		
Unique Binding	Bound Only	HepG2	HNRNPU_6	0.1	0	0.0	0	0.0	0	0.0		
Unique Binding	Bound Only	HepG2	IGF2BP1_1	0.0	1198	100.0	0	0.0	1198	-38.0443461777228	-38.0443461777228	-1.0
Unique Binding	Bound Only	HepG2	IGF2BP1_1	1e-05	1198	100.0	0	0.0	1198	-38.0443461777228	-38.0443461777228	-1.0
Unique Binding	Bound Only	HepG2	IGF2BP1_1	0.0001	1198	100.0	0	0.0	1198	-38.0443461777228	-38.0443461777228	-1.0
Unique Binding	Bound Only	HepG2	IGF2BP1_1	0.001	1198	100.0	0	0.0	1198	-38.0443461777228	-38.0443461777228	-1.0
Unique Binding	Bound Only	HepG2	IGF2BP1_1	0.01	1016	84.80801335559266	0	0.0	1016	-36.68201697011701	-36.68201697011701	-1.0
Unique Binding	Bound Only	HepG2	IGF2BP1_1	0.1	0	0.0	0	0.0	0	0.0		
Unique Binding	Bound Only	HepG2	IGF2BP1_2	0.0	1353	100.0	0	0.0	1353	-10.429389239111782	-10.429389239111782	-1.0
Unique Binding	Bound Only	HepG2	IGF2BP1_2	1e-05	1353	100.0	0	0.0	1353	-10.429389239111782	-10.429389239111782	-1.0
Unique Binding	Bound Only	HepG2	IGF2BP1_2	0.0001	1353	100.0	0	0.0	1353	-10.429389239111782	-10.429389239111782	-1.0
Unique Binding	Bound Only	HepG2	IGF2BP1_2	0.001	1221	90.2439024390244	0	0.0	1221	-10.326026599118542	-10.326026599118542	-1.0
Unique Binding	Bound Only	HepG2	IGF2BP1_2	0.01	312	23.059866962305986	0	0.0	312	-6.875606196519435	-6.875606196519435	-1.0
Unique Binding	Bound Only	HepG2	IGF2BP1_2	0.1	0	0.0	0	0.0	0	0.0		
Unique Binding	Bound Only	HepG2	IGF2BP1_3	0.0	1215	100.0	1215	79.07014367041732	0	0.0	79.07014367041732	1.0
Unique Binding	Bound Only	HepG2	IGF2BP1_3	1e-05	1215	100.0	1215	79.07014367041732	0	0.0	79.07014367041732	1.0
Unique Binding	Bound Only	HepG2	IGF2BP1_3	0.0001	1215	100.0	1215	79.07014367041732	0	0.0	79.07014367041732	1.0
Unique Binding	Bound Only	HepG2	IGF2BP1_3	0.001	1215	100.0	1215	79.07014367041732	0	0.0	79.07014367041732	1.0
Unique Binding	Bound Only	HepG2	IGF2BP1_3	0.01	1215	100.0	1215	79.07014367041732	0	0.0	79.07014367041732	1.0
Unique Binding	Bound Only	HepG2	IGF2BP1_3	0.1	266	21.89300411522634	266	34.291970931634204	0	0.0	34.291970931634204	1.0
Unique Binding	Bound Only	HepG2	IGF2BP1_4	0.0	1314	100.0	1314	84.06116046124188	0	0.0	84.06116046124188	1.0
Unique Binding	Bound Only	HepG2	IGF2BP1_4	1e-05	1314	100.0	1314	84.06116046124188	0	0.0	84.06116046124188	1.0
Unique Binding	Bound Only	HepG2	IGF2BP1_4	0.0001	1314	100.0	1314	84.06116046124188	0	0.0	84.06116046124188	1.0
Unique Binding	Bound Only	HepG2	IGF2BP1_4	0.001	1314	100.0	1314	84.06116046124188	0	0.0	84.06116046124188	1.0
Unique Binding	Bound Only	HepG2	IGF2BP1_4	0.01	1311	99.77168949771689	1311	84.03233026613191	0	0.0	84.03233026613191	1.0
Unique Binding	Bound Only	HepG2	IGF2BP1_4	0.1	270	20.54794520547945	270	34.87504434433632	0	0.0	34.87504434433632	1.0
Unique Binding	Bound Only	HepG2	IGF2BP1_5	0.0	1755	100.0	1256	4.528326894806138	499	-2.229793295793132	2.2985335990130062	0.34011434159018494
Unique Binding	Bound Only	HepG2	IGF2BP1_5	1e-05	1755	100.0	1256	4.528326894806138	499	-2.229793295793132	2.2985335990130062	0.34011434159018494
Unique Binding	Bound Only	HepG2	IGF2BP1_5	0.0001	1754	99.94301994301993	1256	4.528326894806138	498	-2.2297056952242285	2.29862119958191	0.34013171273735765
Unique Binding	Bound Only	HepG2	IGF2BP1_5	0.001	1563	89.05982905982906	1139	4.451284798445532	424	-2.1738551569093847	2.2774296415361475	0.3437557028052463
Unique Binding	Bound Only	HepG2	IGF2BP1_5	0.01	49	2.792022792022792	8	0.11310434151056314	41	-0.5572407279973972	-0.44413638648683407	-0.662548897111803
Unique Binding	Bound Only	HepG2	IGF2BP1_5	0.1	0	0.0	0	0.0	0	0.0		
Unique Binding	Bound Only	HepG2	IGF2BP1_6	0.0	1735	100.0	1499	13.748855377285087	236	-1.293999110791305	12.454856266493783	0.8279583024861428
Unique Binding	Bound Only	HepG2	IGF2BP1_6	1e-05	1734	99.94236311239193	1499	13.748855377285087	235	-1.2939929755550041	12.454862401730082	0.8279590480202244
Unique Binding	Bound Only	HepG2	IGF2BP1_6	0.0001	1732	99.82708933717579	1498	13.748825457372876	234	-1.2939788671992785	12.454846590173597	0.8279604202408474
Unique Binding	Bound Only	HepG2	IGF2BP1_6	0.001	1665	95.96541786743515	1448	13.718113244479227	217	-1.2818765340770142	12.436236710402213	0.8290830123218397
Unique Binding	Bound Only	HepG2	IGF2BP1_6	0.01	646	37.23342939481268	594	9.195575263319927	52	-0.6921118810013689	8.503463382318559	0.8600053033840451
Unique Binding	Bound Only	HepG2	IGF2BP1_6	0.1	0	0.0	0	0.0	0	0.0		
Unique Binding	Bound Only	HepG2	IGF2BP3_1	0.0	658	100.0	0	0.0	658	-25.501512895930418	-25.501512895930418	-1.0
Unique Binding	Bound Only	HepG2	IGF2BP3_1	1e-05	658	100.0	0	0.0	658	-25.501512895930418	-25.501512895930418	-1.0
Unique Binding	Bound Only	HepG2	IGF2BP3_1	0.0001	658	100.0	0	0.0	658	-25.501512895930418	-25.501512895930418	-1.0
Unique Binding	Bound Only	HepG2	IGF2BP3_1	0.001	658	100.0	0	0.0	658	-25.501512895930418	-25.501512895930418	-1.0
Unique Binding	Bound Only	HepG2	IGF2BP3_1	0.01	567	86.17021276595744	0	0.0	567	-24.79610182982028	-24.79610182982028	-1.0
Unique Binding	Bound Only	HepG2	IGF2BP3_1	0.1	21	3.1914893617021276	0	0.0	21	-2.264466349721044	-2.264466349721044	-1.0
Unique Binding	Bound Only	HepG2	IGF2BP3_2	0.0	846	100.0	846	5.300803125880391	0	0.0	5.300803125880391	1.0
Unique Binding	Bound Only	HepG2	IGF2BP3_2	1e-05	846	100.0	846	5.300803125880391	0	0.0	5.300803125880391	1.0
Unique Binding	Bound Only	HepG2	IGF2BP3_2	0.0001	846	100.0	846	5.300803125880391	0	0.0	5.300803125880391	1.0
Unique Binding	Bound Only	HepG2	IGF2BP3_2	0.001	842	99.52718676122932	842	5.297162578835136	0	0.0	5.297162578835136	1.0
Unique Binding	Bound Only	HepG2	IGF2BP3_2	0.01	146	17.257683215130022	146	2.0968019613514164	0	0.0	2.0968019613514164	1.0
Unique Binding	Bound Only	HepG2	IGF2BP3_2	0.1	0	0.0	0	0.0	0	0.0		
Unique Binding	Bound Only	HepG2	IGF2BP3_3	0.0	709	100.0	709	7.042748311446947	0	0.0	7.042748311446947	1.0
Unique Binding	Bound Only	HepG2	IGF2BP3_3	1e-05	709	100.0	709	7.042748311446947	0	0.0	7.042748311446947	1.0
Unique Binding	Bound Only	HepG2	IGF2BP3_3	0.0001	709	100.0	709	7.042748311446947	0	0.0	7.042748311446947	1.0
Unique Binding	Bound Only	HepG2	IGF2BP3_3	0.001	679	95.76868829337094	679	7.018147085812585	0	0.0	7.018147085812585	1.0
Unique Binding	Bound Only	HepG2	IGF2BP3_3	0.01	236	33.286318758815234	236	5.188069151845389	0	0.0	5.188069151845389	1.0
Unique Binding	Bound Only	HepG2	IGF2BP3_3	0.1	0	0.0	0	0.0	0	0.0		
Unique Binding	Bound Only	HepG2	IGF2BP3_4	0.0	870	100.0	870	44.84340095585944	0	0.0	44.84340095585944	1.0
Unique Binding	Bound Only	HepG2	IGF2BP3_4	1e-05	870	100.0	870	44.84340095585944	0	0.0	44.84340095585944	1.0
Unique Binding	Bound Only	HepG2	IGF2BP3_4	0.0001	870	100.0	870	44.84340095585944	0	0.0	44.84340095585944	1.0
Unique Binding	Bound Only	HepG2	IGF2BP3_4	0.001	870	100.0	870	44.84340095585944	0	0.0	44.84340095585944	1.0
Unique Binding	Bound Only	HepG2	IGF2BP3_4	0.01	870	100.0	870	44.84340095585944	0	0.0	44.84340095585944	1.0
Unique Binding	Bound Only	HepG2	IGF2BP3_4	0.1	66	7.586206896551724	66	8.525410738616658	0	0.0	8.525410738616658	1.0
Unique Binding	Bound Only	HepG2	IGF2BP3_5	0.0	1099	100.0	274	0.3796407266932793	825	-4.796498395887243	-4.416857669193964	-0.8533112353811648
Unique Binding	Bound Only	HepG2	IGF2BP3_5	1e-05	1099	100.0	274	0.3796407266932793	825	-4.796498395887243	-4.416857669193964	-0.8533112353811648
Unique Binding	Bound Only	HepG2	IGF2BP3_5	0.0001	1087	98.9080982711556	265	0.3791579660566952	822	-4.796401401306914	-4.417243435250219	-0.8534813576103039
Unique Binding	Bound Only	HepG2	IGF2BP3_5	0.001	906	82.4385805277525	140	0.305433183950539	766	-4.759753304117041	-4.454320120166502	-0.8793990370660312
Unique Binding	Bound Only	HepG2	IGF2BP3_5	0.01	160	14.558689717925386	0	0.0	160	-2.491164404483485	-2.491164404483485	-1.0
Unique Binding	Bound Only	HepG2	IGF2BP3_5	0.1	0	0.0	0	0.0	0	0.0		
Unique Binding	Bound Only	HepG2	IGF2BP3_6	0.0	1436	100.0	0	0.0	1436	-3.5997309043818633	-3.5997309043818633	-1.0
Unique Binding	Bound Only	HepG2	IGF2BP3_6	1e-05	1436	100.0	0	0.0	1436	-3.5997309043818633	-3.5997309043818633	-1.0
Unique Binding	Bound Only	HepG2	IGF2BP3_6	0.0001	1436	100.0	0	0.0	1436	-3.5997309043818633	-3.5997309043818633	-1.0
Unique Binding	Bound Only	HepG2	IGF2BP3_6	0.001	1166	81.19777158774373	0	0.0	1166	-3.3988137040935253	-3.3988137040935253	-1.0
Unique Binding	Bound Only	HepG2	IGF2BP3_6	0.01	15	1.0445682451253482	0	0.0	15	-0.24922734130811597	-0.24922734130811597	-1.0
Unique Binding	Bound Only	HepG2	IGF2BP3_6	0.1	0	0.0	0	0.0	0	0.0		
Unique Binding	Bound Only	HepG2	ILF3_1	0.0	78	100.0	78	0.10797093588975656	0	0.0	0.10797093588975656	1.0
Unique Binding	Bound Only	HepG2	ILF3_1	1e-05	78	100.0	78	0.10797093588975656	0	0.0	0.10797093588975656	1.0
Unique Binding	Bound Only	HepG2	ILF3_1	0.0001	78	100.0	78	0.10797093588975656	0	0.0	0.10797093588975656	1.0
Unique Binding	Bound Only	HepG2	ILF3_1	0.001	41	52.56410256410257	41	0.07704935232847053	0	0.0	0.07704935232847053	1.0
Unique Binding	Bound Only	HepG2	ILF3_1	0.01	0	0.0	0	0.0	0	0.0		
Unique Binding	Bound Only	HepG2	ILF3_1	0.1	0	0.0	0	0.0	0	0.0		
Unique Binding	Bound Only	HepG2	ILF3_2	0.0	54	100.0	54	0.8613182860102514	0	0.0	0.8613182860102514	1.0
Unique Binding	Bound Only	HepG2	ILF3_2	1e-05	54	100.0	54	0.8613182860102514	0	0.0	0.8613182860102514	1.0
Unique Binding	Bound Only	HepG2	ILF3_2	0.0001	54	100.0	54	0.8613182860102514	0	0.0	0.8613182860102514	1.0
Unique Binding	Bound Only	HepG2	ILF3_2	0.001	54	100.0	54	0.8613182860102514	0	0.0	0.8613182860102514	1.0
Unique Binding	Bound Only	HepG2	ILF3_2	0.01	34	62.96296296296296	34	0.7258285372291063	0	0.0	0.7258285372291063	1.0
Unique Binding	Bound Only	HepG2	ILF3_2	0.1	0	0.0	0	0.0	0	0.0		
Unique Binding	Bound Only	HepG2	ILF3_3	0.0	105	100.0	0	0.0	105	-23.035008612572952	-23.035008612572952	-1.0
Unique Binding	Bound Only	HepG2	ILF3_3	1e-05	105	100.0	0	0.0	105	-23.035008612572952	-23.035008612572952	-1.0
Unique Binding	Bound Only	HepG2	ILF3_3	0.0001	105	100.0	0	0.0	105	-23.035008612572952	-23.035008612572952	-1.0
Unique Binding	Bound Only	HepG2	ILF3_3	0.001	105	100.0	0	0.0	105	-23.035008612572952	-23.035008612572952	-1.0
Unique Binding	Bound Only	HepG2	ILF3_3	0.01	105	100.0	0	0.0	105	-23.035008612572952	-23.035008612572952	-1.0
Unique Binding	Bound Only	HepG2	ILF3_3	0.1	92	87.61904761904762	0	0.0	92	-22.155118190548276	-22.155118190548276	-1.0
Unique Binding	Bound Only	HepG2	ILF3_4	0.0	117	100.0	0	0.0	117	-19.958603444629038	-19.958603444629038	-1.0
Unique Binding	Bound Only	HepG2	ILF3_4	1e-05	117	100.0	0	0.0	117	-19.958603444629038	-19.958603444629038	-1.0
Unique Binding	Bound Only	HepG2	ILF3_4	0.0001	117	100.0	0	0.0	117	-19.958603444629038	-19.958603444629038	-1.0
Unique Binding	Bound Only	HepG2	ILF3_4	0.001	117	100.0	0	0.0	117	-19.958603444629038	-19.958603444629038	-1.0
Unique Binding	Bound Only	HepG2	ILF3_4	0.01	117	100.0	0	0.0	117	-19.958603444629038	-19.958603444629038	-1.0
Unique Binding	Bound Only	HepG2	ILF3_4	0.1	73	62.39316239316239	0	0.0	73	-17.53290239614313	-17.53290239614313	-1.0
Unique Binding	Bound Only	HepG2	ILF3_5	0.0	0	0.0	0	0.0	0	0.0		
Unique Binding	Bound Only	HepG2	ILF3_5	1e-05	0	0.0	0	0.0	0	0.0		
Unique Binding	Bound Only	HepG2	ILF3_5	0.0001	0	0.0	0	0.0	0	0.0		
Unique Binding	Bound Only	HepG2	ILF3_5	0.001	0	0.0	0	0.0	0	0.0		
Unique Binding	Bound Only	HepG2	ILF3_5	0.01	0	0.0	0	0.0	0	0.0		
Unique Binding	Bound Only	HepG2	ILF3_5	0.1	0	0.0	0	0.0	0	0.0		
Unique Binding	Bound Only	HepG2	ILF3_6	0.0	0	0.0	0	0.0	0	0.0		
Unique Binding	Bound Only	HepG2	ILF3_6	1e-05	0	0.0	0	0.0	0	0.0		
Unique Binding	Bound Only	HepG2	ILF3_6	0.0001	0	0.0	0	0.0	0	0.0		
Unique Binding	Bound Only	HepG2	ILF3_6	0.001	0	0.0	0	0.0	0	0.0		
Unique Binding	Bound Only	HepG2	ILF3_6	0.01	0	0.0	0	0.0	0	0.0		
Unique Binding	Bound Only	HepG2	ILF3_6	0.1	0	0.0	0	0.0	0	0.0		
Unique Binding	Bound Only	HepG2	KHSRP_1	0.0	660	100.0	0	0.0	660	-0.5284903377557768	-0.5284903377557768	-1.0
Unique Binding	Bound Only	HepG2	KHSRP_1	1e-05	660	100.0	0	0.0	660	-0.5284903377557768	-0.5284903377557768	-1.0
Unique Binding	Bound Only	HepG2	KHSRP_1	0.0001	645	97.72727272727273	0	0.0	645	-0.5272215663129348	-0.5272215663129348	-1.0
Unique Binding	Bound Only	HepG2	KHSRP_1	0.001	88	13.333333333333334	0	0.0	88	-0.2883326305146677	-0.2883326305146677	-1.0
Unique Binding	Bound Only	HepG2	KHSRP_1	0.01	9	1.3636363636363635	0	0.0	9	-0.16042333298510295	-0.16042333298510295	-1.0
Unique Binding	Bound Only	HepG2	KHSRP_1	0.1	0	0.0	0	0.0	0	0.0		
Unique Binding	Bound Only	HepG2	KHSRP_2	0.0	1903	100.0	0	0.0	1903	-41.764126216046094	-41.764126216046094	-1.0
Unique Binding	Bound Only	HepG2	KHSRP_2	1e-05	1903	100.0	0	0.0	1903	-41.764126216046094	-41.764126216046094	-1.0
Unique Binding	Bound Only	HepG2	KHSRP_2	0.0001	1903	100.0	0	0.0	1903	-41.764126216046094	-41.764126216046094	-1.0
Unique Binding	Bound Only	HepG2	KHSRP_2	0.001	1903	100.0	0	0.0	1903	-41.764126216046094	-41.764126216046094	-1.0
Unique Binding	Bound Only	HepG2	KHSRP_2	0.01	1618	85.02364687335786	0	0.0	1618	-39.499807815299974	-39.499807815299974	-1.0
Unique Binding	Bound Only	HepG2	KHSRP_2	0.1	2	0.10509721492380451	0	0.0	2	-0.21852076007974847	-0.21852076007974847	-1.0
Unique Binding	Bound Only	HepG2	KHSRP_3	0.0	1461	100.0	0	0.0	1461	-28.35931537565984	-28.35931537565984	-1.0
Unique Binding	Bound Only	HepG2	KHSRP_3	1e-05	1461	100.0	0	0.0	1461	-28.35931537565984	-28.35931537565984	-1.0
Unique Binding	Bound Only	HepG2	KHSRP_3	0.0001	1461	100.0	0	0.0	1461	-28.35931537565984	-28.35931537565984	-1.0
Unique Binding	Bound Only	HepG2	KHSRP_3	0.001	1461	100.0	0	0.0	1461	-28.35931537565984	-28.35931537565984	-1.0
Unique Binding	Bound Only	HepG2	KHSRP_3	0.01	1153	78.91854893908283	0	0.0	1153	-26.265229553708842	-26.265229553708842	-1.0
Unique Binding	Bound Only	HepG2	KHSRP_3	0.1	3	0.20533880903490762	0	0.0	3	-0.3040477928848131	-0.3040477928848131	-1.0
Unique Binding	Bound Only	HepG2	KHSRP_4	0.0	1591	100.0	0	0.0	1591	-6.765877237001638	-6.765877237001638	-1.0
Unique Binding	Bound Only	HepG2	KHSRP_4	1e-05	1591	100.0	0	0.0	1591	-6.765877237001638	-6.765877237001638	-1.0
Unique Binding	Bound Only	HepG2	KHSRP_4	0.0001	1591	100.0	0	0.0	1591	-6.765877237001638	-6.765877237001638	-1.0
Unique Binding	Bound Only	HepG2	KHSRP_4	0.001	1372	86.23507228158391	0	0.0	1372	-6.60308140907933	-6.60308140907933	-1.0
Unique Binding	Bound Only	HepG2	KHSRP_4	0.01	118	7.416719044626022	0	0.0	118	-1.9516785273092692	-1.9516785273092692	-1.0
Unique Binding	Bound Only	HepG2	KHSRP_4	0.1	0	0.0	0	0.0	0	0.0		
Unique Binding	Bound Only	HepG2	KHSRP_5	0.0	1217	100.0	11	0.017339859172508607	1206	-40.73844761965872	-40.72110776048621	-0.9991490848173887
Unique Binding	Bound Only	HepG2	KHSRP_5	1e-05	1217	100.0	11	0.017339859172508607	1206	-40.73844761965872	-40.72110776048621	-0.9991490848173887
Unique Binding	Bound Only	HepG2	KHSRP_5	0.0001	1216	99.9178307313065	10	0.01724096663493326	1206	-40.73844761965872	-40.721206653023785	-0.9991539356966853
Unique Binding	Bound Only	HepG2	KHSRP_5	0.001	1207	99.17830731306492	6	0.01600623452095431	1201	-40.7354446156513	-40.71943838113035	-0.9992144459062428
Unique Binding	Bound Only	HepG2	KHSRP_5	0.01	1095	89.97534921939194	0	0.0	1095	-40.10541596227009	-40.10541596227009	-1.0
Unique Binding	Bound Only	HepG2	KHSRP_5	0.1	3	0.24650780608052586	0	0.0	3	-0.3404019005806391	-0.3404019005806391	-1.0
Unique Binding	Bound Only	HepG2	KHSRP_6	0.0	1324	100.0	0	0.0	1324	-4.581338683547935	-4.581338683547935	-1.0
Unique Binding	Bound Only	HepG2	KHSRP_6	1e-05	1324	100.0	0	0.0	1324	-4.581338683547935	-4.581338683547935	-1.0
Unique Binding	Bound Only	HepG2	KHSRP_6	0.0001	1324	100.0	0	0.0	1324	-4.581338683547935	-4.581338683547935	-1.0
Unique Binding	Bound Only	HepG2	KHSRP_6	0.001	1275	96.29909365558912	0	0.0	1275	-4.540733424901017	-4.540733424901017	-1.0
Unique Binding	Bound Only	HepG2	KHSRP_6	0.01	21	1.5861027190332326	0	0.0	21	-0.44573580295319754	-0.44573580295319754	-1.0
Unique Binding	Bound Only	HepG2	KHSRP_6	0.1	0	0.0	0	0.0	0	0.0		
Unique Binding	Bound Only	HepG2	LARP4_1	0.0	1456	100.0	0	0.0	1456	-25.190128017815354	-25.190128017815354	-1.0
Unique Binding	Bound Only	HepG2	LARP4_1	1e-05	1456	100.0	0	0.0	1456	-25.190128017815354	-25.190128017815354	-1.0
Unique Binding	Bound Only	HepG2	LARP4_1	0.0001	1456	100.0	0	0.0	1456	-25.190128017815354	-25.190128017815354	-1.0
Unique Binding	Bound Only	HepG2	LARP4_1	0.001	1456	100.0	0	0.0	1456	-25.190128017815354	-25.190128017815354	-1.0
Unique Binding	Bound Only	HepG2	LARP4_1	0.01	824	56.59340659340659	0	0.0	824	-21.72938165143139	-21.72938165143139	-1.0
Unique Binding	Bound Only	HepG2	LARP4_1	0.1	3	0.20604395604395606	0	0.0	3	-0.39947365535879076	-0.39947365535879076	-1.0
Unique Binding	Bound Only	HepG2	LARP4_2	0.0	1939	100.0	0	0.0	1939	-39.1308468552729	-39.1308468552729	-1.0
Unique Binding	Bound Only	HepG2	LARP4_2	1e-05	1939	100.0	0	0.0	1939	-39.1308468552729	-39.1308468552729	-1.0
Unique Binding	Bound Only	HepG2	LARP4_2	0.0001	1939	100.0	0	0.0	1939	-39.1308468552729	-39.1308468552729	-1.0
Unique Binding	Bound Only	HepG2	LARP4_2	0.001	1939	100.0	0	0.0	1939	-39.1308468552729	-39.1308468552729	-1.0
Unique Binding	Bound Only	HepG2	LARP4_2	0.01	1019	52.55286230015472	0	0.0	1019	-33.996138374134176	-33.996138374134176	-1.0
Unique Binding	Bound Only	HepG2	LARP4_2	0.1	0	0.0	0	0.0	0	0.0		
Unique Binding	Bound Only	HepG2	LARP4_3	0.0	1919	100.0	1919	93.95301557954502	0	0.0	93.95301557954502	1.0
Unique Binding	Bound Only	HepG2	LARP4_3	1e-05	1919	100.0	1919	93.95301557954502	0	0.0	93.95301557954502	1.0
Unique Binding	Bound Only	HepG2	LARP4_3	0.0001	1919	100.0	1919	93.95301557954502	0	0.0	93.95301557954502	1.0
Unique Binding	Bound Only	HepG2	LARP4_3	0.001	1919	100.0	1919	93.95301557954502	0	0.0	93.95301557954502	1.0
Unique Binding	Bound Only	HepG2	LARP4_3	0.01	1919	100.0	1919	93.95301557954502	0	0.0	93.95301557954502	1.0
Unique Binding	Bound Only	HepG2	LARP4_3	0.1	157	8.181344450234498	157	21.76456763620335	0	0.0	21.76456763620335	1.0
Unique Binding	Bound Only	HepG2	LARP4_4	0.0	2185	100.0	2185	134.79443525010532	0	0.0	134.79443525010532	1.0
Unique Binding	Bound Only	HepG2	LARP4_4	1e-05	2185	100.0	2185	134.79443525010532	0	0.0	134.79443525010532	1.0
Unique Binding	Bound Only	HepG2	LARP4_4	0.0001	2185	100.0	2185	134.79443525010532	0	0.0	134.79443525010532	1.0
Unique Binding	Bound Only	HepG2	LARP4_4	0.001	2185	100.0	2185	134.79443525010532	0	0.0	134.79443525010532	1.0
Unique Binding	Bound Only	HepG2	LARP4_4	0.01	2185	100.0	2185	134.79443525010532	0	0.0	134.79443525010532	1.0
Unique Binding	Bound Only	HepG2	LARP4_4	0.1	281	12.860411899313501	281	38.23211681248573	0	0.0	38.23211681248573	1.0
Unique Binding	Bound Only	HepG2	LARP4_5	0.0	3161	100.0	0	0.0	3161	-70.6751849499183	-70.6751849499183	-1.0
Unique Binding	Bound Only	HepG2	LARP4_5	1e-05	3161	100.0	0	0.0	3161	-70.6751849499183	-70.6751849499183	-1.0
Unique Binding	Bound Only	HepG2	LARP4_5	0.0001	3161	100.0	0	0.0	3161	-70.6751849499183	-70.6751849499183	-1.0
Unique Binding	Bound Only	HepG2	LARP4_5	0.001	3161	100.0	0	0.0	3161	-70.6751849499183	-70.6751849499183	-1.0
Unique Binding	Bound Only	HepG2	LARP4_5	0.01	1977	62.54349889275546	0	0.0	1977	-63.72644636315803	-63.72644636315803	-1.0
Unique Binding	Bound Only	HepG2	LARP4_5	0.1	66	2.0879468522619424	0	0.0	66	-7.205097526268076	-7.205097526268076	-1.0
Unique Binding	Bound Only	HepG2	LARP4_6	0.0	3896	100.0	441	1.1359918954409902	3455	-13.127371431042372	-11.991379535601382	-0.8407119177379787
Unique Binding	Bound Only	HepG2	LARP4_6	1e-05	3896	100.0	441	1.1359918954409902	3455	-13.127371431042372	-11.991379535601382	-0.8407119177379787
Unique Binding	Bound Only	HepG2	LARP4_6	0.0001	3888	99.7946611909651	440	1.1359239070440437	3448	-13.127056179728939	-11.991132272684895	-0.8407171712877224
Unique Binding	Bound Only	HepG2	LARP4_6	0.001	3390	87.01232032854209	371	1.0780071851927477	3019	-12.836125504778604	-11.758118319585856	-0.8450485978231723
Unique Binding	Bound Only	HepG2	LARP4_6	0.01	108	2.772073921971253	0	0.0	108	-1.7134871941318266	-1.7134871941318266	-1.0
Unique Binding	Bound Only	HepG2	LARP4_6	0.1	0	0.0	0	0.0	0	0.0		
Unique Binding	Bound Only	HepG2	LARP7_1	0.0	231	100.0	0	0.0	231	-1.2697042167287018	-1.2697042167287018	-1.0
Unique Binding	Bound Only	HepG2	LARP7_1	1e-05	231	100.0	0	0.0	231	-1.2697042167287018	-1.2697042167287018	-1.0
Unique Binding	Bound Only	HepG2	LARP7_1	0.0001	231	100.0	0	0.0	231	-1.2697042167287018	-1.2697042167287018	-1.0
Unique Binding	Bound Only	HepG2	LARP7_1	0.001	175	75.75757575757575	0	0.0	175	-1.2421876189672185	-1.2421876189672185	-1.0
Unique Binding	Bound Only	HepG2	LARP7_1	0.01	24	10.38961038961039	0	0.0	24	-0.5322460019114515	-0.5322460019114515	-1.0
Unique Binding	Bound Only	HepG2	LARP7_1	0.1	0	0.0	0	0.0	0	0.0		
Unique Binding	Bound Only	HepG2	LARP7_2	0.0	0	0.0	0	0.0	0	0.0		
Unique Binding	Bound Only	HepG2	LARP7_2	1e-05	0	0.0	0	0.0	0	0.0		
Unique Binding	Bound Only	HepG2	LARP7_2	0.0001	0	0.0	0	0.0	0	0.0		
Unique Binding	Bound Only	HepG2	LARP7_2	0.001	0	0.0	0	0.0	0	0.0		
Unique Binding	Bound Only	HepG2	LARP7_2	0.01	0	0.0	0	0.0	0	0.0		
Unique Binding	Bound Only	HepG2	LARP7_2	0.1	0	0.0	0	0.0	0	0.0		
Unique Binding	Bound Only	HepG2	LARP7_3	0.0	205	100.0	205	0.08471539705898183	0	0.0	0.08471539705898183	1.0
Unique Binding	Bound Only	HepG2	LARP7_3	1e-05	205	100.0	205	0.08471539705898183	0	0.0	0.08471539705898183	1.0
Unique Binding	Bound Only	HepG2	LARP7_3	0.0001	205	100.0	205	0.08471539705898183	0	0.0	0.08471539705898183	1.0
Unique Binding	Bound Only	HepG2	LARP7_3	0.001	11	5.365853658536586	11	0.012498371000607819	0	0.0	0.012498371000607819	1.0
Unique Binding	Bound Only	HepG2	LARP7_3	0.01	0	0.0	0	0.0	0	0.0		
Unique Binding	Bound Only	HepG2	LARP7_3	0.1	0	0.0	0	0.0	0	0.0		
Unique Binding	Bound Only	HepG2	LARP7_4	0.0	0	0.0	0	0.0	0	0.0		
Unique Binding	Bound Only	HepG2	LARP7_4	1e-05	0	0.0	0	0.0	0	0.0		
Unique Binding	Bound Only	HepG2	LARP7_4	0.0001	0	0.0	0	0.0	0	0.0		
Unique Binding	Bound Only	HepG2	LARP7_4	0.001	0	0.0	0	0.0	0	0.0		
Unique Binding	Bound Only	HepG2	LARP7_4	0.01	0	0.0	0	0.0	0	0.0		
Unique Binding	Bound Only	HepG2	LARP7_4	0.1	0	0.0	0	0.0	0	0.0		
Unique Binding	Bound Only	HepG2	LARP7_5	0.0	237	100.0	0	0.0	237	-1.7674899659731715	-1.7674899659731715	-1.0
Unique Binding	Bound Only	HepG2	LARP7_5	1e-05	237	100.0	0	0.0	237	-1.7674899659731715	-1.7674899659731715	-1.0
Unique Binding	Bound Only	HepG2	LARP7_5	0.0001	237	100.0	0	0.0	237	-1.7674899659731715	-1.7674899659731715	-1.0
Unique Binding	Bound Only	HepG2	LARP7_5	0.001	237	100.0	0	0.0	237	-1.7674899659731715	-1.7674899659731715	-1.0
Unique Binding	Bound Only	HepG2	LARP7_5	0.01	39	16.455696202531644	0	0.0	39	-0.6241237663640185	-0.6241237663640185	-1.0
Unique Binding	Bound Only	HepG2	LARP7_5	0.1	0	0.0	0	0.0	0	0.0		
Unique Binding	Bound Only	HepG2	LARP7_6	0.0	0	0.0	0	0.0	0	0.0		
Unique Binding	Bound Only	HepG2	LARP7_6	1e-05	0	0.0	0	0.0	0	0.0		
Unique Binding	Bound Only	HepG2	LARP7_6	0.0001	0	0.0	0	0.0	0	0.0		
Unique Binding	Bound Only	HepG2	LARP7_6	0.001	0	0.0	0	0.0	0	0.0		
Unique Binding	Bound Only	HepG2	LARP7_6	0.01	0	0.0	0	0.0	0	0.0		
Unique Binding	Bound Only	HepG2	LARP7_6	0.1	0	0.0	0	0.0	0	0.0		
Unique Binding	Bound Only	HepG2	LIN28B_1	0.0	1844	100.0	103	0.6271644966467679	1741	-2.005817912254072	-1.378653415607304	-0.5236090491705314
Unique Binding	Bound Only	HepG2	LIN28B_1	1e-05	1844	100.0	103	0.6271644966467679	1741	-2.005817912254072	-1.378653415607304	-0.5236090491705314
Unique Binding	Bound Only	HepG2	LIN28B_1	0.0001	1735	94.08893709327549	94	0.6266131788141049	1641	-1.9975174767373316	-1.3709042979232267	-0.5224222715523074
Unique Binding	Bound Only	HepG2	LIN28B_1	0.001	228	12.364425162689804	76	0.6156553530784176	152	-1.5794566698258836	-0.963801316747466	-0.4390670301519661
Unique Binding	Bound Only	HepG2	LIN28B_1	0.01	66	3.5791757049891544	18	0.3747497440784797	48	-0.9881084390760868	-0.6133586949976071	-0.45005320625355477
Unique Binding	Bound Only	HepG2	LIN28B_1	0.1	0	0.0	0	0.0	0	0.0		
Unique Binding	Bound Only	HepG2	LIN28B_2	0.0	2154	100.0	0	0.0	2154	-4.715310737082785	-4.715310737082785	-1.0
Unique Binding	Bound Only	HepG2	LIN28B_2	1e-05	2154	100.0	0	0.0	2154	-4.715310737082785	-4.715310737082785	-1.0
Unique Binding	Bound Only	HepG2	LIN28B_2	0.0001	2154	100.0	0	0.0	2154	-4.715310737082785	-4.715310737082785	-1.0
Unique Binding	Bound Only	HepG2	LIN28B_2	0.001	1128	52.36768802228412	0	0.0	1128	-4.1359484522073435	-4.1359484522073435	-1.0
Unique Binding	Bound Only	HepG2	LIN28B_2	0.01	94	4.36397400185701	0	0.0	94	-1.417585437356423	-1.417585437356423	-1.0
Unique Binding	Bound Only	HepG2	LIN28B_2	0.1	0	0.0	0	0.0	0	0.0		
Unique Binding	Bound Only	HepG2	LIN28B_3	0.0	1922	100.0	1922	102.39867484241339	0	0.0	102.39867484241339	1.0
Unique Binding	Bound Only	HepG2	LIN28B_3	1e-05	1922	100.0	1922	102.39867484241339	0	0.0	102.39867484241339	1.0
Unique Binding	Bound Only	HepG2	LIN28B_3	0.0001	1922	100.0	1922	102.39867484241339	0	0.0	102.39867484241339	1.0
Unique Binding	Bound Only	HepG2	LIN28B_3	0.001	1922	100.0	1922	102.39867484241339	0	0.0	102.39867484241339	1.0
Unique Binding	Bound Only	HepG2	LIN28B_3	0.01	1922	100.0	1922	102.39867484241339	0	0.0	102.39867484241339	1.0
Unique Binding	Bound Only	HepG2	LIN28B_3	0.1	208	10.822060353798127	208	25.206836475674855	0	0.0	25.206836475674855	1.0
Unique Binding	Bound Only	HepG2	LIN28B_4	0.0	1953	100.0	1944	117.15405688374389	9	-0.144575258812985	117.0094816249309	0.997534919953077
Unique Binding	Bound Only	HepG2	LIN28B_4	1e-05	1953	100.0	1944	117.15405688374389	9	-0.144575258812985	117.0094816249309	0.997534919953077
Unique Binding	Bound Only	HepG2	LIN28B_4	0.0001	1953	100.0	1944	117.15405688374389	9	-0.144575258812985	117.0094816249309	0.997534919953077
Unique Binding	Bound Only	HepG2	LIN28B_4	0.001	1953	100.0	1944	117.15405688374389	9	-0.144575258812985	117.0094816249309	0.997534919953077
Unique Binding	Bound Only	HepG2	LIN28B_4	0.01	1951	99.89759344598055	1944	117.15405688374389	7	-0.1307483870351984	117.0233084967087	0.9977704121734553
Unique Binding	Bound Only	HepG2	LIN28B_4	0.1	242	12.391193036354327	242	32.04792324972546	0	0.0	32.04792324972546	1.0
Unique Binding	Bound Only	HepG2	LIN28B_5	0.0	2527	100.0	0	0.0	2527	-7.727332710047264	-7.727332710047264	-1.0
Unique Binding	Bound Only	HepG2	LIN28B_5	1e-05	2527	100.0	0	0.0	2527	-7.727332710047264	-7.727332710047264	-1.0
Unique Binding	Bound Only	HepG2	LIN28B_5	0.0001	2527	100.0	0	0.0	2527	-7.727332710047264	-7.727332710047264	-1.0
Unique Binding	Bound Only	HepG2	LIN28B_5	0.001	2016	79.77839335180056	0	0.0	2016	-7.391212984392744	-7.391212984392744	-1.0
Unique Binding	Bound Only	HepG2	LIN28B_5	0.01	138	5.461020973486348	0	0.0	138	-2.042974098283218	-2.042974098283218	-1.0
Unique Binding	Bound Only	HepG2	LIN28B_5	0.1	0	0.0	0	0.0	0	0.0		
Unique Binding	Bound Only	HepG2	LIN28B_6	0.0	2838	100.0	2828	47.21197687222708	10	-0.15844176996630085	47.05353510226078	0.9933105184835679
Unique Binding	Bound Only	HepG2	LIN28B_6	1e-05	2838	100.0	2828	47.21197687222708	10	-0.15844176996630085	47.05353510226078	0.9933105184835679
Unique Binding	Bound Only	HepG2	LIN28B_6	0.0001	2838	100.0	2828	47.21197687222708	10	-0.15844176996630085	47.05353510226078	0.9933105184835679
Unique Binding	Bound Only	HepG2	LIN28B_6	0.001	2831	99.75334742776603	2821	47.208120245060854	10	-0.15844176996630085	47.04967847509455	0.9933099738200954
Unique Binding	Bound Only	HepG2	LIN28B_6	0.01	1627	57.32910500352361	1621	39.95734237182738	6	-0.14261662852149848	39.81472574330588	0.9928869439232962
Unique Binding	Bound Only	HepG2	LIN28B_6	0.1	0	0.0	0	0.0	0	0.0		
Unique Binding	Bound Only	HepG2	LSM11_1	0.0	515	100.0	0	0.0	515	-0.6795172755705823	-0.6795172755705823	-1.0
Unique Binding	Bound Only	HepG2	LSM11_1	1e-05	515	100.0	0	0.0	515	-0.6795172755705823	-0.6795172755705823	-1.0
Unique Binding	Bound Only	HepG2	LSM11_1	0.0001	515	100.0	0	0.0	515	-0.6795172755705823	-0.6795172755705823	-1.0
Unique Binding	Bound Only	HepG2	LSM11_1	0.001	241	46.79611650485437	0	0.0	241	-0.4844140240607655	-0.4844140240607655	-1.0
Unique Binding	Bound Only	HepG2	LSM11_1	0.01	0	0.0	0	0.0	0	0.0		
Unique Binding	Bound Only	HepG2	LSM11_1	0.1	0	0.0	0	0.0	0	0.0		
Unique Binding	Bound Only	HepG2	LSM11_2	0.0	714	100.0	0	0.0	714	-12.717081367101493	-12.717081367101493	-1.0
Unique Binding	Bound Only	HepG2	LSM11_2	1e-05	714	100.0	0	0.0	714	-12.717081367101493	-12.717081367101493	-1.0
Unique Binding	Bound Only	HepG2	LSM11_2	0.0001	714	100.0	0	0.0	714	-12.717081367101493	-12.717081367101493	-1.0
Unique Binding	Bound Only	HepG2	LSM11_2	0.001	714	100.0	0	0.0	714	-12.717081367101493	-12.717081367101493	-1.0
Unique Binding	Bound Only	HepG2	LSM11_2	0.01	500	70.02801120448179	0	0.0	500	-11.138933246765479	-11.138933246765479	-1.0
Unique Binding	Bound Only	HepG2	LSM11_2	0.1	0	0.0	0	0.0	0	0.0		
Unique Binding	Bound Only	HepG2	LSM11_3	0.0	280	32.0	0	0.0	280	-0.05630214104425728	-0.05630214104425728	-1.0
Unique Binding	Bound Only	HepG2	LSM11_3	1e-05	117	13.37142857142857	0	0.0	117	-0.05597398851902104	-0.05597398851902104	-1.0
Unique Binding	Bound Only	HepG2	LSM11_3	0.0001	117	13.37142857142857	0	0.0	117	-0.05597398851902104	-0.05597398851902104	-1.0
Unique Binding	Bound Only	HepG2	LSM11_3	0.001	2	0.2285714285714286	0	0.0	2	-0.0024180419123704493	-0.0024180419123704493	-1.0
Unique Binding	Bound Only	HepG2	LSM11_3	0.01	0	0.0	0	0.0	0	0.0		
Unique Binding	Bound Only	HepG2	LSM11_3	0.1	0	0.0	0	0.0	0	0.0		
Unique Binding	Bound Only	HepG2	LSM11_4	0.0	968	100.0	968	0.7553697219771884	0	0.0	0.7553697219771884	1.0
Unique Binding	Bound Only	HepG2	LSM11_4	1e-05	968	100.0	968	0.7553697219771884	0	0.0	0.7553697219771884	1.0
Unique Binding	Bound Only	HepG2	LSM11_4	0.0001	967	99.89669421487604	967	0.7552798362770081	0	0.0	0.7552798362770081	1.0
Unique Binding	Bound Only	HepG2	LSM11_4	0.001	222	22.933884297520663	222	0.3174388718891369	0	0.0	0.3174388718891369	1.0
Unique Binding	Bound Only	HepG2	LSM11_4	0.01	0	0.0	0	0.0	0	0.0		
Unique Binding	Bound Only	HepG2	LSM11_4	0.1	0	0.0	0	0.0	0	0.0		
Unique Binding	Bound Only	HepG2	LSM11_5	0.0	1594	100.0	1552	0.9729785026457234	42	-0.3471313762830997	0.6258471263626237	0.47408714710206923
Unique Binding	Bound Only	HepG2	LSM11_5	1e-05	1399	87.76662484316185	1357	0.9713202336537449	42	-0.3471313762830997	0.6241888573706451	0.4734256856044527
Unique Binding	Bound Only	HepG2	LSM11_5	0.0001	342	21.45545796737767	300	0.9461846998528007	42	-0.3471313762830997	0.5990533235697011	0.46319173991830376
Unique Binding	Bound Only	HepG2	LSM11_5	0.001	212	13.29987452948557	170	0.8924659771515286	42	-0.3471313762830997	0.545334600868429	0.43992881991675525
Unique Binding	Bound Only	HepG2	LSM11_5	0.01	18	1.1292346298619824	9	0.14528121492186716	9	-0.2290236427525696	-0.08374242783070243	-0.2237278681099565
Unique Binding	Bound Only	HepG2	LSM11_5	0.1	0	0.0	0	0.0	0	0.0		
Unique Binding	Bound Only	HepG2	LSM11_6	0.0	1643	100.0	1632	15.84585415686934	11	-0.0341804937124963	15.811673663156844	0.9956951613186507
Unique Binding	Bound Only	HepG2	LSM11_6	1e-05	1642	99.93913572732805	1631	15.845846594244993	11	-0.0341804937124963	15.811666100532497	0.9956951592685359
Unique Binding	Bound Only	HepG2	LSM11_6	0.0001	1642	99.93913572732805	1631	15.845846594244993	11	-0.0341804937124963	15.811666100532497	0.9956951592685359
Unique Binding	Bound Only	HepG2	LSM11_6	0.001	1633	99.39135727328059	1622	15.83848109747978	11	-0.0341804937124963	15.804300603767285	0.9956931616646495
Unique Binding	Bound Only	HepG2	LSM11_6	0.01	576	35.057821059038346	576	10.342857768133953	0	0.0	10.342857768133953	1.0
Unique Binding	Bound Only	HepG2	LSM11_6	0.1	0	0.0	0	0.0	0	0.0		
Unique Binding	Bound Only	HepG2	MATR3_1	0.0	0	0.0	0	0.0	0	0.0		
Unique Binding	Bound Only	HepG2	MATR3_1	1e-05	0	0.0	0	0.0	0	0.0		
Unique Binding	Bound Only	HepG2	MATR3_1	0.0001	0	0.0	0	0.0	0	0.0		
Unique Binding	Bound Only	HepG2	MATR3_1	0.001	0	0.0	0	0.0	0	0.0		
Unique Binding	Bound Only	HepG2	MATR3_1	0.01	0	0.0	0	0.0	0	0.0		
Unique Binding	Bound Only	HepG2	MATR3_1	0.1	0	0.0	0	0.0	0	0.0		
Unique Binding	Bound Only	HepG2	MATR3_2	0.0	0	0.0	0	0.0	0	0.0		
Unique Binding	Bound Only	HepG2	MATR3_2	1e-05	0	0.0	0	0.0	0	0.0		
Unique Binding	Bound Only	HepG2	MATR3_2	0.0001	0	0.0	0	0.0	0	0.0		
Unique Binding	Bound Only	HepG2	MATR3_2	0.001	0	0.0	0	0.0	0	0.0		
Unique Binding	Bound Only	HepG2	MATR3_2	0.01	0	0.0	0	0.0	0	0.0		
Unique Binding	Bound Only	HepG2	MATR3_2	0.1	0	0.0	0	0.0	0	0.0		
Unique Binding	Bound Only	HepG2	MATR3_3	0.0	47	100.0	0	0.0	47	-6.408053269591762	-6.408053269591762	-1.0
Unique Binding	Bound Only	HepG2	MATR3_3	1e-05	47	100.0	0	0.0	47	-6.408053269591762	-6.408053269591762	-1.0
Unique Binding	Bound Only	HepG2	MATR3_3	0.0001	47	100.0	0	0.0	47	-6.408053269591762	-6.408053269591762	-1.0
Unique Binding	Bound Only	HepG2	MATR3_3	0.001	47	100.0	0	0.0	47	-6.408053269591762	-6.408053269591762	-1.0
Unique Binding	Bound Only	HepG2	MATR3_3	0.01	47	100.0	0	0.0	47	-6.408053269591762	-6.408053269591762	-1.0
Unique Binding	Bound Only	HepG2	MATR3_3	0.1	41	87.2340425531915	0	0.0	41	-5.9544776795218874	-5.9544776795218874	-1.0
Unique Binding	Bound Only	HepG2	MATR3_4	0.0	0	0.0	0	0.0	0	0.0		
Unique Binding	Bound Only	HepG2	MATR3_4	1e-05	0	0.0	0	0.0	0	0.0		
Unique Binding	Bound Only	HepG2	MATR3_4	0.0001	0	0.0	0	0.0	0	0.0		
Unique Binding	Bound Only	HepG2	MATR3_4	0.001	0	0.0	0	0.0	0	0.0		
Unique Binding	Bound Only	HepG2	MATR3_4	0.01	0	0.0	0	0.0	0	0.0		
Unique Binding	Bound Only	HepG2	MATR3_4	0.1	0	0.0	0	0.0	0	0.0		
Unique Binding	Bound Only	HepG2	MATR3_5	0.0	37	100.0	0	0.0	37	-0.04430564611647194	-0.04430564611647194	-1.0
Unique Binding	Bound Only	HepG2	MATR3_5	1e-05	37	100.0	0	0.0	37	-0.04430564611647194	-0.04430564611647194	-1.0
Unique Binding	Bound Only	HepG2	MATR3_5	0.0001	37	100.0	0	0.0	37	-0.04430564611647194	-0.04430564611647194	-1.0
Unique Binding	Bound Only	HepG2	MATR3_5	0.001	14	37.83783783783784	0	0.0	14	-0.030116609326783023	-0.030116609326783023	-1.0
Unique Binding	Bound Only	HepG2	MATR3_5	0.01	0	0.0	0	0.0	0	0.0		
Unique Binding	Bound Only	HepG2	MATR3_5	0.1	0	0.0	0	0.0	0	0.0		
Unique Binding	Bound Only	HepG2	MATR3_6	0.0	0	0.0	0	0.0	0	0.0		
Unique Binding	Bound Only	HepG2	MATR3_6	1e-05	0	0.0	0	0.0	0	0.0		
Unique Binding	Bound Only	HepG2	MATR3_6	0.0001	0	0.0	0	0.0	0	0.0		
Unique Binding	Bound Only	HepG2	MATR3_6	0.001	0	0.0	0	0.0	0	0.0		
Unique Binding	Bound Only	HepG2	MATR3_6	0.01	0	0.0	0	0.0	0	0.0		
Unique Binding	Bound Only	HepG2	MATR3_6	0.1	0	0.0	0	0.0	0	0.0		
Unique Binding	Bound Only	HepG2	NCBP2_1	0.0	3354	100.0	143	0.1757078756421767	3211	-9.349195547070284	-9.173487671428108	-0.9631055837850923
Unique Binding	Bound Only	HepG2	NCBP2_1	1e-05	3349	99.85092426952892	142	0.1757066989831425	3207	-9.349163806094044	-9.1734571071109	-0.9631057033500909
Unique Binding	Bound Only	HepG2	NCBP2_1	0.0001	3331	99.31425163983305	134	0.17532358624618316	3197	-9.348645976956565	-9.173322390710382	-0.9631826655718071
Unique Binding	Bound Only	HepG2	NCBP2_1	0.001	2875	85.71854502087061	57	0.1386824884056762	2818	-9.090551464167369	-8.951868975761693	-0.9699471290643765
Unique Binding	Bound Only	HepG2	NCBP2_1	0.01	56	1.6696481812760882	0	0.0	56	-1.1872015618320804	-1.1872015618320804	-1.0
Unique Binding	Bound Only	HepG2	NCBP2_1	0.1	0	0.0	0	0.0	0	0.0		
Unique Binding	Bound Only	HepG2	NCBP2_2	0.0	3761	100.0	0	0.0	3761	-119.32761305051491	-119.32761305051491	-1.0
Unique Binding	Bound Only	HepG2	NCBP2_2	1e-05	3761	100.0	0	0.0	3761	-119.32761305051491	-119.32761305051491	-1.0
Unique Binding	Bound Only	HepG2	NCBP2_2	0.0001	3761	100.0	0	0.0	3761	-119.32761305051491	-119.32761305051491	-1.0
Unique Binding	Bound Only	HepG2	NCBP2_2	0.001	3761	100.0	0	0.0	3761	-119.32761305051491	-119.32761305051491	-1.0
Unique Binding	Bound Only	HepG2	NCBP2_2	0.01	3560	94.65567668173358	0	0.0	3560	-117.70687733873677	-117.70687733873677	-1.0
Unique Binding	Bound Only	HepG2	NCBP2_2	0.1	0	0.0	0	0.0	0	0.0		
Unique Binding	Bound Only	HepG2	NCBP2_3	0.0	517	100.0	517	26.614688102357505	0	0.0	26.614688102357505	1.0
Unique Binding	Bound Only	HepG2	NCBP2_3	1e-05	517	100.0	517	26.614688102357505	0	0.0	26.614688102357505	1.0
Unique Binding	Bound Only	HepG2	NCBP2_3	0.0001	517	100.0	517	26.614688102357505	0	0.0	26.614688102357505	1.0
Unique Binding	Bound Only	HepG2	NCBP2_3	0.001	517	100.0	517	26.614688102357505	0	0.0	26.614688102357505	1.0
Unique Binding	Bound Only	HepG2	NCBP2_3	0.01	517	100.0	517	26.614688102357505	0	0.0	26.614688102357505	1.0
Unique Binding	Bound Only	HepG2	NCBP2_3	0.1	64	12.379110251450678	64	7.899451754625644	0	0.0	7.899451754625644	1.0
Unique Binding	Bound Only	HepG2	NCBP2_4	0.0	0	0.0	0	0.0	0	0.0		
Unique Binding	Bound Only	HepG2	NCBP2_4	1e-05	0	0.0	0	0.0	0	0.0		
Unique Binding	Bound Only	HepG2	NCBP2_4	0.0001	0	0.0	0	0.0	0	0.0		
Unique Binding	Bound Only	HepG2	NCBP2_4	0.001	0	0.0	0	0.0	0	0.0		
Unique Binding	Bound Only	HepG2	NCBP2_4	0.01	0	0.0	0	0.0	0	0.0		
Unique Binding	Bound Only	HepG2	NCBP2_4	0.1	0	0.0	0	0.0	0	0.0		
Unique Binding	Bound Only	HepG2	NCBP2_5	0.0	69	100.0	0	0.0	69	-18.53896510243283	-18.53896510243283	-1.0
Unique Binding	Bound Only	HepG2	NCBP2_5	1e-05	69	100.0	0	0.0	69	-18.53896510243283	-18.53896510243283	-1.0
Unique Binding	Bound Only	HepG2	NCBP2_5	0.0001	69	100.0	0	0.0	69	-18.53896510243283	-18.53896510243283	-1.0
Unique Binding	Bound Only	HepG2	NCBP2_5	0.001	69	100.0	0	0.0	69	-18.53896510243283	-18.53896510243283	-1.0
Unique Binding	Bound Only	HepG2	NCBP2_5	0.01	69	100.0	0	0.0	69	-18.53896510243283	-18.53896510243283	-1.0
Unique Binding	Bound Only	HepG2	NCBP2_5	0.1	67	97.10144927536231	0	0.0	67	-18.357652928659075	-18.357652928659075	-1.0
Unique Binding	Bound Only	HepG2	NCBP2_6	0.0	98	100.0	0	0.0	98	-2.7392335924287665	-2.7392335924287665	-1.0
Unique Binding	Bound Only	HepG2	NCBP2_6	1e-05	98	100.0	0	0.0	98	-2.7392335924287665	-2.7392335924287665	-1.0
Unique Binding	Bound Only	HepG2	NCBP2_6	0.0001	98	100.0	0	0.0	98	-2.7392335924287665	-2.7392335924287665	-1.0
Unique Binding	Bound Only	HepG2	NCBP2_6	0.001	98	100.0	0	0.0	98	-2.7392335924287665	-2.7392335924287665	-1.0
Unique Binding	Bound Only	HepG2	NCBP2_6	0.01	94	95.91836734693877	0	0.0	94	-2.710207226956458	-2.710207226956458	-1.0
Unique Binding	Bound Only	HepG2	NCBP2_6	0.1	2	2.0408163265306123	0	0.0	2	-0.21438221421621848	-0.21438221421621848	-1.0
Unique Binding	Bound Only	HepG2	NIP7_1	0.0	249	100.0	0	0.0	249	-1.0772452516157394	-1.0772452516157394	-1.0
Unique Binding	Bound Only	HepG2	NIP7_1	1e-05	249	100.0	0	0.0	249	-1.0772452516157394	-1.0772452516157394	-1.0
Unique Binding	Bound Only	HepG2	NIP7_1	0.0001	243	97.59036144578313	0	0.0	243	-1.0768623558660284	-1.0768623558660284	-1.0
Unique Binding	Bound Only	HepG2	NIP7_1	0.001	94	37.75100401606426	0	0.0	94	-1.0231365773123426	-1.0231365773123426	-1.0
Unique Binding	Bound Only	HepG2	NIP7_1	0.01	42	16.867469879518072	0	0.0	42	-0.6983124400288491	-0.6983124400288491	-1.0
Unique Binding	Bound Only	HepG2	NIP7_1	0.1	0	0.0	0	0.0	0	0.0		
Unique Binding	Bound Only	HepG2	NIP7_2	0.0	489	100.0	489	5.8979278252478675	0	0.0	5.8979278252478675	1.0
Unique Binding	Bound Only	HepG2	NIP7_2	1e-05	489	100.0	489	5.8979278252478675	0	0.0	5.8979278252478675	1.0
Unique Binding	Bound Only	HepG2	NIP7_2	0.0001	489	100.0	489	5.8979278252478675	0	0.0	5.8979278252478675	1.0
Unique Binding	Bound Only	HepG2	NIP7_2	0.001	489	100.0	489	5.8979278252478675	0	0.0	5.8979278252478675	1.0
Unique Binding	Bound Only	HepG2	NIP7_2	0.01	230	47.034764826175866	230	4.294845236514722	0	0.0	4.294845236514722	1.0
Unique Binding	Bound Only	HepG2	NIP7_2	0.1	0	0.0	0	0.0	0	0.0		
Unique Binding	Bound Only	HepG2	NIP7_3	0.0	0	0.0	0	0.0	0	0.0		
Unique Binding	Bound Only	HepG2	NIP7_3	1e-05	0	0.0	0	0.0	0	0.0		
Unique Binding	Bound Only	HepG2	NIP7_3	0.0001	0	0.0	0	0.0	0	0.0		
Unique Binding	Bound Only	HepG2	NIP7_3	0.001	0	0.0	0	0.0	0	0.0		
Unique Binding	Bound Only	HepG2	NIP7_3	0.01	0	0.0	0	0.0	0	0.0		
Unique Binding	Bound Only	HepG2	NIP7_3	0.1	0	0.0	0	0.0	0	0.0		
Unique Binding	Bound Only	HepG2	NIP7_4	0.0	0	0.0	0	0.0	0	0.0		
Unique Binding	Bound Only	HepG2	NIP7_4	1e-05	0	0.0	0	0.0	0	0.0		
Unique Binding	Bound Only	HepG2	NIP7_4	0.0001	0	0.0	0	0.0	0	0.0		
Unique Binding	Bound Only	HepG2	NIP7_4	0.001	0	0.0	0	0.0	0	0.0		
Unique Binding	Bound Only	HepG2	NIP7_4	0.01	0	0.0	0	0.0	0	0.0		
Unique Binding	Bound Only	HepG2	NIP7_4	0.1	0	0.0	0	0.0	0	0.0		
Unique Binding	Bound Only	HepG2	NIP7_5	0.0	319	100.0	0	0.0	319	-5.657891847115112	-5.657891847115112	-1.0
Unique Binding	Bound Only	HepG2	NIP7_5	1e-05	319	100.0	0	0.0	319	-5.657891847115112	-5.657891847115112	-1.0
Unique Binding	Bound Only	HepG2	NIP7_5	0.0001	319	100.0	0	0.0	319	-5.657891847115112	-5.657891847115112	-1.0
Unique Binding	Bound Only	HepG2	NIP7_5	0.001	319	100.0	0	0.0	319	-5.657891847115112	-5.657891847115112	-1.0
Unique Binding	Bound Only	HepG2	NIP7_5	0.01	253	79.3103448275862	0	0.0	253	-5.142698557084422	-5.142698557084422	-1.0
Unique Binding	Bound Only	HepG2	NIP7_5	0.1	0	0.0	0	0.0	0	0.0		
Unique Binding	Bound Only	HepG2	NIP7_6	0.0	0	0.0	0	0.0	0	0.0		
Unique Binding	Bound Only	HepG2	NIP7_6	1e-05	0	0.0	0	0.0	0	0.0		
Unique Binding	Bound Only	HepG2	NIP7_6	0.0001	0	0.0	0	0.0	0	0.0		
Unique Binding	Bound Only	HepG2	NIP7_6	0.001	0	0.0	0	0.0	0	0.0		
Unique Binding	Bound Only	HepG2	NIP7_6	0.01	0	0.0	0	0.0	0	0.0		
Unique Binding	Bound Only	HepG2	NIP7_6	0.1	0	0.0	0	0.0	0	0.0		
Unique Binding	Bound Only	HepG2	NKRF_1	0.0	409	100.0	0	0.0	409	-1.1833399774130269	-1.1833399774130269	-1.0
Unique Binding	Bound Only	HepG2	NKRF_1	1e-05	409	100.0	0	0.0	409	-1.1833399774130269	-1.1833399774130269	-1.0
Unique Binding	Bound Only	HepG2	NKRF_1	0.0001	409	100.0	0	0.0	409	-1.1833399774130269	-1.1833399774130269	-1.0
Unique Binding	Bound Only	HepG2	NKRF_1	0.001	314	76.77261613691931	0	0.0	314	-1.1110197729887321	-1.1110197729887321	-1.0
Unique Binding	Bound Only	HepG2	NKRF_1	0.01	26	6.356968215158925	0	0.0	26	-0.48901230343377333	-0.48901230343377333	-1.0
Unique Binding	Bound Only	HepG2	NKRF_1	0.1	0	0.0	0	0.0	0	0.0		
Unique Binding	Bound Only	HepG2	NKRF_2	0.0	1111	100.0	0	0.0	1111	-39.21477049155688	-39.21477049155688	-1.0
Unique Binding	Bound Only	HepG2	NKRF_2	1e-05	1111	100.0	0	0.0	1111	-39.21477049155688	-39.21477049155688	-1.0
Unique Binding	Bound Only	HepG2	NKRF_2	0.0001	1111	100.0	0	0.0	1111	-39.21477049155688	-39.21477049155688	-1.0
Unique Binding	Bound Only	HepG2	NKRF_2	0.001	1110	99.9099909990999	0	0.0	1110	-39.21441303540487	-39.21441303540487	-1.0
Unique Binding	Bound Only	HepG2	NKRF_2	0.01	1045	94.05940594059405	0	0.0	1045	-38.77366966920008	-38.77366966920008	-1.0
Unique Binding	Bound Only	HepG2	NKRF_2	0.1	7	0.6300630063006301	0	0.0	7	-0.7078588190977181	-0.7078588190977181	-1.0
Unique Binding	Bound Only	HepG2	NKRF_3	0.0	302	100.0	0	0.0	302	-42.77337303596622	-42.77337303596622	-1.0
Unique Binding	Bound Only	HepG2	NKRF_3	1e-05	302	100.0	0	0.0	302	-42.77337303596622	-42.77337303596622	-1.0
Unique Binding	Bound Only	HepG2	NKRF_3	0.0001	302	100.0	0	0.0	302	-42.77337303596622	-42.77337303596622	-1.0
Unique Binding	Bound Only	HepG2	NKRF_3	0.001	302	100.0	0	0.0	302	-42.77337303596622	-42.77337303596622	-1.0
Unique Binding	Bound Only	HepG2	NKRF_3	0.01	302	100.0	0	0.0	302	-42.77337303596622	-42.77337303596622	-1.0
Unique Binding	Bound Only	HepG2	NKRF_3	0.1	230	76.15894039735099	0	0.0	230	-37.712597311490185	-37.712597311490185	-1.0
Unique Binding	Bound Only	HepG2	NKRF_4	0.0	0	0.0	0	0.0	0	0.0		
Unique Binding	Bound Only	HepG2	NKRF_4	1e-05	0	0.0	0	0.0	0	0.0		
Unique Binding	Bound Only	HepG2	NKRF_4	0.0001	0	0.0	0	0.0	0	0.0		
Unique Binding	Bound Only	HepG2	NKRF_4	0.001	0	0.0	0	0.0	0	0.0		
Unique Binding	Bound Only	HepG2	NKRF_4	0.01	0	0.0	0	0.0	0	0.0		
Unique Binding	Bound Only	HepG2	NKRF_4	0.1	0	0.0	0	0.0	0	0.0		
Unique Binding	Bound Only	HepG2	NKRF_5	0.0	0	0.0	0	0.0	0	0.0		
Unique Binding	Bound Only	HepG2	NKRF_5	1e-05	0	0.0	0	0.0	0	0.0		
Unique Binding	Bound Only	HepG2	NKRF_5	0.0001	0	0.0	0	0.0	0	0.0		
Unique Binding	Bound Only	HepG2	NKRF_5	0.001	0	0.0	0	0.0	0	0.0		
Unique Binding	Bound Only	HepG2	NKRF_5	0.01	0	0.0	0	0.0	0	0.0		
Unique Binding	Bound Only	HepG2	NKRF_5	0.1	0	0.0	0	0.0	0	0.0		
Unique Binding	Bound Only	HepG2	NKRF_6	0.0	0	0.0	0	0.0	0	0.0		
Unique Binding	Bound Only	HepG2	NKRF_6	1e-05	0	0.0	0	0.0	0	0.0		
Unique Binding	Bound Only	HepG2	NKRF_6	0.0001	0	0.0	0	0.0	0	0.0		
Unique Binding	Bound Only	HepG2	NKRF_6	0.001	0	0.0	0	0.0	0	0.0		
Unique Binding	Bound Only	HepG2	NKRF_6	0.01	0	0.0	0	0.0	0	0.0		
Unique Binding	Bound Only	HepG2	NKRF_6	0.1	0	0.0	0	0.0	0	0.0		
Unique Binding	Bound Only	HepG2	NOL12_1	0.0	381	100.0	0	0.0	381	-0.04007114638560654	-0.04007114638560654	-1.0
Unique Binding	Bound Only	HepG2	NOL12_1	1e-05	380	99.73753280839895	0	0.0	380	-0.04006118418943575	-0.04006118418943575	-1.0
Unique Binding	Bound Only	HepG2	NOL12_1	0.0001	28	7.349081364829396	0	0.0	28	-0.03143880126589284	-0.03143880126589284	-1.0
Unique Binding	Bound Only	HepG2	NOL12_1	0.001	19	4.986876640419948	0	0.0	19	-0.028796135819424244	-0.028796135819424244	-1.0
Unique Binding	Bound Only	HepG2	NOL12_1	0.01	0	0.0	0	0.0	0	0.0		
Unique Binding	Bound Only	HepG2	NOL12_1	0.1	0	0.0	0	0.0	0	0.0		
Unique Binding	Bound Only	HepG2	NOL12_2	0.0	0	0.0	0	0.0	0	0.0		
Unique Binding	Bound Only	HepG2	NOL12_2	1e-05	0	0.0	0	0.0	0	0.0		
Unique Binding	Bound Only	HepG2	NOL12_2	0.0001	0	0.0	0	0.0	0	0.0		
Unique Binding	Bound Only	HepG2	NOL12_2	0.001	0	0.0	0	0.0	0	0.0		
Unique Binding	Bound Only	HepG2	NOL12_2	0.01	0	0.0	0	0.0	0	0.0		
Unique Binding	Bound Only	HepG2	NOL12_2	0.1	0	0.0	0	0.0	0	0.0		
Unique Binding	Bound Only	HepG2	NOL12_3	0.0	0	0.0	0	0.0	0	0.0		
Unique Binding	Bound Only	HepG2	NOL12_3	1e-05	0	0.0	0	0.0	0	0.0		
Unique Binding	Bound Only	HepG2	NOL12_3	0.0001	0	0.0	0	0.0	0	0.0		
Unique Binding	Bound Only	HepG2	NOL12_3	0.001	0	0.0	0	0.0	0	0.0		
Unique Binding	Bound Only	HepG2	NOL12_3	0.01	0	0.0	0	0.0	0	0.0		
Unique Binding	Bound Only	HepG2	NOL12_3	0.1	0	0.0	0	0.0	0	0.0		
Unique Binding	Bound Only	HepG2	NOL12_4	0.0	0	0.0	0	0.0	0	0.0		
Unique Binding	Bound Only	HepG2	NOL12_4	1e-05	0	0.0	0	0.0	0	0.0		
Unique Binding	Bound Only	HepG2	NOL12_4	0.0001	0	0.0	0	0.0	0	0.0		
Unique Binding	Bound Only	HepG2	NOL12_4	0.001	0	0.0	0	0.0	0	0.0		
Unique Binding	Bound Only	HepG2	NOL12_4	0.01	0	0.0	0	0.0	0	0.0		
Unique Binding	Bound Only	HepG2	NOL12_4	0.1	0	0.0	0	0.0	0	0.0		
Unique Binding	Bound Only	HepG2	NOL12_5	0.0	25	7.936507936507936	25	0.011145072581648976	0	0.0	0.011145072581648976	1.0
Unique Binding	Bound Only	HepG2	NOL12_5	1e-05	25	7.936507936507936	25	0.011145072581648976	0	0.0	0.011145072581648976	1.0
Unique Binding	Bound Only	HepG2	NOL12_5	0.0001	25	7.936507936507936	25	0.011145072581648976	0	0.0	0.011145072581648976	1.0
Unique Binding	Bound Only	HepG2	NOL12_5	0.001	0	0.0	0	0.0	0	0.0		
Unique Binding	Bound Only	HepG2	NOL12_5	0.01	0	0.0	0	0.0	0	0.0		
Unique Binding	Bound Only	HepG2	NOL12_5	0.1	0	0.0	0	0.0	0	0.0		
Unique Binding	Bound Only	HepG2	NOL12_6	0.0	0	0.0	0	0.0	0	0.0		
Unique Binding	Bound Only	HepG2	NOL12_6	1e-05	0	0.0	0	0.0	0	0.0		
Unique Binding	Bound Only	HepG2	NOL12_6	0.0001	0	0.0	0	0.0	0	0.0		
Unique Binding	Bound Only	HepG2	NOL12_6	0.001	0	0.0	0	0.0	0	0.0		
Unique Binding	Bound Only	HepG2	NOL12_6	0.01	0	0.0	0	0.0	0	0.0		
Unique Binding	Bound Only	HepG2	NOL12_6	0.1	0	0.0	0	0.0	0	0.0		
Unique Binding	Bound Only	HepG2	NOLC1_1	0.0	1015	100.0	286	1.448715990374375	729	-0.5392209523546188	0.9094950380197562	0.45750698549382685
Unique Binding	Bound Only	HepG2	NOLC1_1	1e-05	993	97.83251231527093	280	1.4486953555893276	713	-0.5391566481447273	0.9095387074446003	0.4575485024720598
Unique Binding	Bound Only	HepG2	NOLC1_1	0.0001	898	88.47290640394088	275	1.4486268441740577	623	-0.5342595296999646	0.9143673144740931	0.4611294557880628
Unique Binding	Bound Only	HepG2	NOLC1_1	0.001	416	40.98522167487685	275	1.4486268441740577	141	-0.35687076720469413	1.0917560769693635	0.6046843097929406
Unique Binding	Bound Only	HepG2	NOLC1_1	0.01	29	2.857142857142857	29	0.39730176620580804	0	0.0	0.39730176620580804	1.0
Unique Binding	Bound Only	HepG2	NOLC1_1	0.1	0	0.0	0	0.0	0	0.0		
Unique Binding	Bound Only	HepG2	NOLC1_2	0.0	990	100.0	851	3.043578461732998	139	-0.04910348388652447	2.994474977846474	0.9682453710081151
Unique Binding	Bound Only	HepG2	NOLC1_2	1e-05	980	98.98989898989899	844	3.0435368424311067	136	-0.049091578967429564	2.994445263463677	0.9682525203301147
Unique Binding	Bound Only	HepG2	NOLC1_2	0.0001	917	92.62626262626263	814	3.042208487269927	103	-0.047347495351045404	2.9948609919188818	0.9693499676863736
Unique Binding	Bound Only	HepG2	NOLC1_2	0.001	790	79.7979797979798	786	3.0244446969772345	4	-0.006764531590897745	3.0176801653863365	0.9955367438663458
Unique Binding	Bound Only	HepG2	NOLC1_2	0.01	23	2.323232323232323	23	0.4654521772937003	0	0.0	0.4654521772937003	1.0
Unique Binding	Bound Only	HepG2	NOLC1_2	0.1	0	0.0	0	0.0	0	0.0		
Unique Binding	Bound Only	HepG2	NOLC1_3	0.0	1262	100.0	1126	5.8109336324554866	136	-0.08120483370023929	5.729728798755247	0.9724362099883845
Unique Binding	Bound Only	HepG2	NOLC1_3	1e-05	1254	99.3660855784469	1124	5.810923108570102	130	-0.08116902381169686	5.729754084758405	0.9724481484715395
Unique Binding	Bound Only	HepG2	NOLC1_3	0.0001	1236	97.93977812995246	1114	5.810507835345408	122	-0.08079777033537631	5.729710065010032	0.9725705044880151
Unique Binding	Bound Only	HepG2	NOLC1_3	0.001	1063	84.23137876386689	1054	5.7894625876246	9	-0.011192070331893534	5.7782705172927065	0.9961411009646844
Unique Binding	Bound Only	HepG2	NOLC1_3	0.01	165	13.074484944532488	165	2.5164143385645343	0	0.0	2.5164143385645343	1.0
Unique Binding	Bound Only	HepG2	NOLC1_3	0.1	0	0.0	0	0.0	0	0.0		
Unique Binding	Bound Only	HepG2	NOLC1_4	0.0	968	100.0	0	0.0	968	-22.164778403003915	-22.164778403003915	-1.0
Unique Binding	Bound Only	HepG2	NOLC1_4	1e-05	968	100.0	0	0.0	968	-22.164778403003915	-22.164778403003915	-1.0
Unique Binding	Bound Only	HepG2	NOLC1_4	0.0001	968	100.0	0	0.0	968	-22.164778403003915	-22.164778403003915	-1.0
Unique Binding	Bound Only	HepG2	NOLC1_4	0.001	968	100.0	0	0.0	968	-22.164778403003915	-22.164778403003915	-1.0
Unique Binding	Bound Only	HepG2	NOLC1_4	0.01	711	73.4504132231405	0	0.0	711	-20.28053663443525	-20.28053663443525	-1.0
Unique Binding	Bound Only	HepG2	NOLC1_4	0.1	0	0.0	0	0.0	0	0.0		
Unique Binding	Bound Only	HepG2	NOLC1_5	0.0	1200	100.0	0	0.0	1200	-6.21987423912848	-6.21987423912848	-1.0
Unique Binding	Bound Only	HepG2	NOLC1_5	1e-05	1200	100.0	0	0.0	1200	-6.21987423912848	-6.21987423912848	-1.0
Unique Binding	Bound Only	HepG2	NOLC1_5	0.0001	1197	99.75	0	0.0	1197	-6.219582394186514	-6.219582394186514	-1.0
Unique Binding	Bound Only	HepG2	NOLC1_5	0.001	819	68.25	0	0.0	819	-6.0377413941393385	-6.0377413941393385	-1.0
Unique Binding	Bound Only	HepG2	NOLC1_5	0.01	137	11.416666666666666	0	0.0	137	-3.521888717000162	-3.521888717000162	-1.0
Unique Binding	Bound Only	HepG2	NOLC1_5	0.1	0	0.0	0	0.0	0	0.0		
Unique Binding	Bound Only	HepG2	NOLC1_6	0.0	912	100.0	0	0.0	912	-1.641453880032472	-1.641453880032472	-1.0
Unique Binding	Bound Only	HepG2	NOLC1_6	1e-05	912	100.0	0	0.0	912	-1.641453880032472	-1.641453880032472	-1.0
Unique Binding	Bound Only	HepG2	NOLC1_6	0.0001	435	47.69736842105263	0	0.0	435	-1.617809740322976	-1.617809740322976	-1.0
Unique Binding	Bound Only	HepG2	NOLC1_6	0.001	163	17.87280701754386	0	0.0	163	-1.5594384177033818	-1.5594384177033818	-1.0
Unique Binding	Bound Only	HepG2	NOLC1_6	0.01	42	4.605263157894736	0	0.0	42	-0.8014442855468094	-0.8014442855468094	-1.0
Unique Binding	Bound Only	HepG2	NOLC1_6	0.1	0	0.0	0	0.0	0	0.0		
Unique Binding	Bound Only	HepG2	NSUN2_1	0.0	0	0.0	0	0.0	0	0.0		
Unique Binding	Bound Only	HepG2	NSUN2_1	1e-05	0	0.0	0	0.0	0	0.0		
Unique Binding	Bound Only	HepG2	NSUN2_1	0.0001	0	0.0	0	0.0	0	0.0		
Unique Binding	Bound Only	HepG2	NSUN2_1	0.001	0	0.0	0	0.0	0	0.0		
Unique Binding	Bound Only	HepG2	NSUN2_1	0.01	0	0.0	0	0.0	0	0.0		
Unique Binding	Bound Only	HepG2	NSUN2_1	0.1	0	0.0	0	0.0	0	0.0		
Unique Binding	Bound Only	HepG2	NSUN2_2	0.0	0	0.0	0	0.0	0	0.0		
Unique Binding	Bound Only	HepG2	NSUN2_2	1e-05	0	0.0	0	0.0	0	0.0		
Unique Binding	Bound Only	HepG2	NSUN2_2	0.0001	0	0.0	0	0.0	0	0.0		
Unique Binding	Bound Only	HepG2	NSUN2_2	0.001	0	0.0	0	0.0	0	0.0		
Unique Binding	Bound Only	HepG2	NSUN2_2	0.01	0	0.0	0	0.0	0	0.0		
Unique Binding	Bound Only	HepG2	NSUN2_2	0.1	0	0.0	0	0.0	0	0.0		
Unique Binding	Bound Only	HepG2	NSUN2_3	0.0	0	0.0	0	0.0	0	0.0		
Unique Binding	Bound Only	HepG2	NSUN2_3	1e-05	0	0.0	0	0.0	0	0.0		
Unique Binding	Bound Only	HepG2	NSUN2_3	0.0001	0	0.0	0	0.0	0	0.0		
Unique Binding	Bound Only	HepG2	NSUN2_3	0.001	0	0.0	0	0.0	0	0.0		
Unique Binding	Bound Only	HepG2	NSUN2_3	0.01	0	0.0	0	0.0	0	0.0		
Unique Binding	Bound Only	HepG2	NSUN2_3	0.1	0	0.0	0	0.0	0	0.0		
Unique Binding	Bound Only	HepG2	NSUN2_4	0.0	0	0.0	0	0.0	0	0.0		
Unique Binding	Bound Only	HepG2	NSUN2_4	1e-05	0	0.0	0	0.0	0	0.0		
Unique Binding	Bound Only	HepG2	NSUN2_4	0.0001	0	0.0	0	0.0	0	0.0		
Unique Binding	Bound Only	HepG2	NSUN2_4	0.001	0	0.0	0	0.0	0	0.0		
Unique Binding	Bound Only	HepG2	NSUN2_4	0.01	0	0.0	0	0.0	0	0.0		
Unique Binding	Bound Only	HepG2	NSUN2_4	0.1	0	0.0	0	0.0	0	0.0		
Unique Binding	Bound Only	HepG2	NSUN2_5	0.0	38	100.0	0	0.0	38	-0.0677499440808453	-0.0677499440808453	-1.0
Unique Binding	Bound Only	HepG2	NSUN2_5	1e-05	38	100.0	0	0.0	38	-0.0677499440808453	-0.0677499440808453	-1.0
Unique Binding	Bound Only	HepG2	NSUN2_5	0.0001	38	100.0	0	0.0	38	-0.0677499440808453	-0.0677499440808453	-1.0
Unique Binding	Bound Only	HepG2	NSUN2_5	0.001	36	94.73684210526315	0	0.0	36	-0.06589581675165947	-0.06589581675165947	-1.0
Unique Binding	Bound Only	HepG2	NSUN2_5	0.01	0	0.0	0	0.0	0	0.0		
Unique Binding	Bound Only	HepG2	NSUN2_5	0.1	0	0.0	0	0.0	0	0.0		
Unique Binding	Bound Only	HepG2	NSUN2_6	0.0	0	0.0	0	0.0	0	0.0		
Unique Binding	Bound Only	HepG2	NSUN2_6	1e-05	0	0.0	0	0.0	0	0.0		
Unique Binding	Bound Only	HepG2	NSUN2_6	0.0001	0	0.0	0	0.0	0	0.0		
Unique Binding	Bound Only	HepG2	NSUN2_6	0.001	0	0.0	0	0.0	0	0.0		
Unique Binding	Bound Only	HepG2	NSUN2_6	0.01	0	0.0	0	0.0	0	0.0		
Unique Binding	Bound Only	HepG2	NSUN2_6	0.1	0	0.0	0	0.0	0	0.0		
Unique Binding	Bound Only	HepG2	PABPN1_1	0.0	1871	100.0	0	0.0	1871	-35.31661251081856	-35.31661251081856	-1.0
Unique Binding	Bound Only	HepG2	PABPN1_1	1e-05	1871	100.0	0	0.0	1871	-35.31661251081856	-35.31661251081856	-1.0
Unique Binding	Bound Only	HepG2	PABPN1_1	0.0001	1871	100.0	0	0.0	1871	-35.31661251081856	-35.31661251081856	-1.0
Unique Binding	Bound Only	HepG2	PABPN1_1	0.001	1871	100.0	0	0.0	1871	-35.31661251081856	-35.31661251081856	-1.0
Unique Binding	Bound Only	HepG2	PABPN1_1	0.01	1169	62.47995724211651	0	0.0	1169	-30.61221430964102	-30.61221430964102	-1.0
Unique Binding	Bound Only	HepG2	PABPN1_1	0.1	0	0.0	0	0.0	0	0.0		
Unique Binding	Bound Only	HepG2	PABPN1_2	0.0	2250	100.0	325	0.7818363055433166	1925	-0.4546230518178534	0.3272132537254632	0.26463729016034626
Unique Binding	Bound Only	HepG2	PABPN1_2	1e-05	1642	72.97777777777777	325	0.7818363055433166	1317	-0.4511864387114259	0.33064986683189074	0.26816201758852426
Unique Binding	Bound Only	HepG2	PABPN1_2	0.0001	1315	58.44444444444444	325	0.7818363055433166	990	-0.4447563201960402	0.3370799853472764	0.274810053699853
Unique Binding	Bound Only	HepG2	PABPN1_2	0.001	324	14.399999999999999	294	0.7547422592881026	30	-0.11889748311673554	0.635844776171367	0.7278111849869592
Unique Binding	Bound Only	HepG2	PABPN1_2	0.01	6	0.26666666666666666	0	0.0	6	-0.061686898943291865	-0.061686898943291865	-1.0
Unique Binding	Bound Only	HepG2	PABPN1_2	0.1	0	0.0	0	0.0	0	0.0		
Unique Binding	Bound Only	HepG2	PABPN1_3	0.0	2398	100.0	2398	106.36463284624642	0	0.0	106.36463284624642	1.0
Unique Binding	Bound Only	HepG2	PABPN1_3	1e-05	2398	100.0	2398	106.36463284624642	0	0.0	106.36463284624642	1.0
Unique Binding	Bound Only	HepG2	PABPN1_3	0.0001	2398	100.0	2398	106.36463284624642	0	0.0	106.36463284624642	1.0
Unique Binding	Bound Only	HepG2	PABPN1_3	0.001	2398	100.0	2398	106.36463284624642	0	0.0	106.36463284624642	1.0
Unique Binding	Bound Only	HepG2	PABPN1_3	0.01	2398	100.0	2398	106.36463284624642	0	0.0	106.36463284624642	1.0
Unique Binding	Bound Only	HepG2	PABPN1_3	0.1	120	5.004170141784821	120	14.902722317842489	0	0.0	14.902722317842489	1.0
Unique Binding	Bound Only	HepG2	PABPN1_4	0.0	2526	100.0	2514	101.25088455661985	12	-0.011238693486890435	101.23964586313296	0.9997780276943408
Unique Binding	Bound Only	HepG2	PABPN1_4	1e-05	2526	100.0	2514	101.25088455661985	12	-0.011238693486890435	101.23964586313296	0.9997780276943408
Unique Binding	Bound Only	HepG2	PABPN1_4	0.0001	2525	99.96041171813144	2513	101.25085285220769	12	-0.011238693486890435	101.2396141587208	0.9997780276248429
Unique Binding	Bound Only	HepG2	PABPN1_4	0.001	2514	99.5249406175772	2511	101.24912695881775	3	-0.0045647602642706064	101.24456219855348	0.9999098351835519
Unique Binding	Bound Only	HepG2	PABPN1_4	0.01	2442	96.67458432304038	2442	100.76430185829196	0	0.0	100.76430185829196	1.0
Unique Binding	Bound Only	HepG2	PABPN1_4	0.1	142	5.6215360253365	142	16.806531596639196	0	0.0	16.806531596639196	1.0
Unique Binding	Bound Only	HepG2	PABPN1_5	0.0	3817	100.0	19	0.010433293706652533	3798	-15.157886122254187	-15.147452828547534	-0.9986243309597405
Unique Binding	Bound Only	HepG2	PABPN1_5	1e-05	3817	100.0	19	0.010433293706652533	3798	-15.157886122254187	-15.147452828547534	-0.9986243309597405
Unique Binding	Bound Only	HepG2	PABPN1_5	0.0001	3816	99.97380141472361	19	0.010433293706652533	3797	-15.157828870526682	-15.14739557682003	-0.9986243257673573
Unique Binding	Bound Only	HepG2	PABPN1_5	0.001	2564	67.17317264867697	1	0.0013376696739845187	2563	-14.38000007604752	-14.378662406373534	-0.999813971454167
Unique Binding	Bound Only	HepG2	PABPN1_5	0.01	418	10.951008645533141	0	0.0	418	-7.20475096500624	-7.20475096500624	-1.0
Unique Binding	Bound Only	HepG2	PABPN1_5	0.1	0	0.0	0	0.0	0	0.0		
Unique Binding	Bound Only	HepG2	PABPN1_6	0.0	3897	100.0	49	0.002743288567146708	3848	-5.030641070134092	-5.027897781566945	-0.9989099626129666
Unique Binding	Bound Only	HepG2	PABPN1_6	1e-05	3885	99.69207082371054	44	0.0027196415913607257	3841	-5.030617101078109	-5.0278974594867485	-0.9989193484440232
Unique Binding	Bound Only	HepG2	PABPN1_6	0.0001	3831	98.30638953040801	5	0.0005115002688706848	3826	-5.029686759493746	-5.029175259224876	-0.9997966281874169
Unique Binding	Bound Only	HepG2	PABPN1_6	0.001	1273	32.66615345137286	0	0.0	1273	-3.9427819639612935	-3.9427819639612935	-1.0
Unique Binding	Bound Only	HepG2	PABPN1_6	0.01	61	1.565306646138055	0	0.0	61	-1.1637906955237274	-1.1637906955237274	-1.0
Unique Binding	Bound Only	HepG2	PABPN1_6	0.1	0	0.0	0	0.0	0	0.0		
Unique Binding	Bound Only	HepG2	PCBP1_1	0.0	486	100.0	486	0.582001837613746	0	0.0	0.582001837613746	1.0
Unique Binding	Bound Only	HepG2	PCBP1_1	1e-05	486	100.0	486	0.582001837613746	0	0.0	0.582001837613746	1.0
Unique Binding	Bound Only	HepG2	PCBP1_1	0.0001	486	100.0	486	0.582001837613746	0	0.0	0.582001837613746	1.0
Unique Binding	Bound Only	HepG2	PCBP1_1	0.001	228	46.913580246913575	228	0.42833105895989515	0	0.0	0.42833105895989515	1.0
Unique Binding	Bound Only	HepG2	PCBP1_1	0.01	0	0.0	0	0.0	0	0.0		
Unique Binding	Bound Only	HepG2	PCBP1_1	0.1	0	0.0	0	0.0	0	0.0		
Unique Binding	Bound Only	HepG2	PCBP1_2	0.0	389	100.0	0	0.0	389	-16.392899657210922	-16.392899657210922	-1.0
Unique Binding	Bound Only	HepG2	PCBP1_2	1e-05	389	100.0	0	0.0	389	-16.392899657210922	-16.392899657210922	-1.0
Unique Binding	Bound Only	HepG2	PCBP1_2	0.0001	389	100.0	0	0.0	389	-16.392899657210922	-16.392899657210922	-1.0
Unique Binding	Bound Only	HepG2	PCBP1_2	0.001	389	100.0	0	0.0	389	-16.392899657210922	-16.392899657210922	-1.0
Unique Binding	Bound Only	HepG2	PCBP1_2	0.01	379	97.42930591259639	0	0.0	379	-16.310583253896795	-16.310583253896795	-1.0
Unique Binding	Bound Only	HepG2	PCBP1_2	0.1	18	4.627249357326478	0	0.0	18	-1.9651458415906777	-1.9651458415906777	-1.0
Unique Binding	Bound Only	HepG2	PCBP1_3	0.0	20	3.4129692832764507	0	0.0	20	-0.05417821070972211	-0.05417821070972211	-1.0
Unique Binding	Bound Only	HepG2	PCBP1_3	1e-05	20	3.4129692832764507	0	0.0	20	-0.05417821070972211	-0.05417821070972211	-1.0
Unique Binding	Bound Only	HepG2	PCBP1_3	0.0001	20	3.4129692832764507	0	0.0	20	-0.05417821070972211	-0.05417821070972211	-1.0
Unique Binding	Bound Only	HepG2	PCBP1_3	0.001	19	3.242320819112628	0	0.0	19	-0.05327961433157114	-0.05327961433157114	-1.0
Unique Binding	Bound Only	HepG2	PCBP1_3	0.01	0	0.0	0	0.0	0	0.0		
Unique Binding	Bound Only	HepG2	PCBP1_3	0.1	0	0.0	0	0.0	0	0.0		
Unique Binding	Bound Only	HepG2	PCBP1_4	0.0	502	100.0	0	0.0	502	-1.4220990509456195	-1.4220990509456195	-1.0
Unique Binding	Bound Only	HepG2	PCBP1_4	1e-05	502	100.0	0	0.0	502	-1.4220990509456195	-1.4220990509456195	-1.0
Unique Binding	Bound Only	HepG2	PCBP1_4	0.0001	472	94.02390438247012	0	0.0	472	-1.4192753759531653	-1.4192753759531653	-1.0
Unique Binding	Bound Only	HepG2	PCBP1_4	0.001	214	42.62948207171315	0	0.0	214	-1.3434154057806356	-1.3434154057806356	-1.0
Unique Binding	Bound Only	HepG2	PCBP1_4	0.01	33	6.573705179282868	0	0.0	33	-0.4232078792171728	-0.4232078792171728	-1.0
Unique Binding	Bound Only	HepG2	PCBP1_4	0.1	0	0.0	0	0.0	0	0.0		
Unique Binding	Bound Only	HepG2	PCBP1_5	0.0	32	4.438280166435506	0	0.0	32	-0.005138614292161559	-0.005138614292161559	-1.0
Unique Binding	Bound Only	HepG2	PCBP1_5	1e-05	23	3.19001386962552	0	0.0	23	-0.005107988164321626	-0.005107988164321626	-1.0
Unique Binding	Bound Only	HepG2	PCBP1_5	0.0001	22	3.0513176144244105	0	0.0	22	-0.005085256376523231	-0.005085256376523231	-1.0
Unique Binding	Bound Only	HepG2	PCBP1_5	0.001	0	0.0	0	0.0	0	0.0		
Unique Binding	Bound Only	HepG2	PCBP1_5	0.01	0	0.0	0	0.0	0	0.0		
Unique Binding	Bound Only	HepG2	PCBP1_5	0.1	0	0.0	0	0.0	0	0.0		
Unique Binding	Bound Only	HepG2	PCBP1_6	0.0	664	100.0	0	0.0	664	-20.32849746782374	-20.32849746782374	-1.0
Unique Binding	Bound Only	HepG2	PCBP1_6	1e-05	664	100.0	0	0.0	664	-20.32849746782374	-20.32849746782374	-1.0
Unique Binding	Bound Only	HepG2	PCBP1_6	0.0001	664	100.0	0	0.0	664	-20.32849746782374	-20.32849746782374	-1.0
Unique Binding	Bound Only	HepG2	PCBP1_6	0.001	664	100.0	0	0.0	664	-20.32849746782374	-20.32849746782374	-1.0
Unique Binding	Bound Only	HepG2	PCBP1_6	0.01	616	92.7710843373494	0	0.0	616	-19.947409766494147	-19.947409766494147	-1.0
Unique Binding	Bound Only	HepG2	PCBP1_6	0.1	0	0.0	0	0.0	0	0.0		
Unique Binding	Bound Only	HepG2	PCBP2_1	0.0	1272	100.0	324	0.7737038114192193	948	-0.11227425460163214	0.6614295568175872	0.7465529703102385
Unique Binding	Bound Only	HepG2	PCBP2_1	1e-05	1272	100.0	324	0.7737038114192193	948	-0.11227425460163214	0.6614295568175872	0.7465529703102385
Unique Binding	Bound Only	HepG2	PCBP2_1	0.0001	615	48.34905660377358	324	0.7737038114192193	291	-0.07817314164426001	0.6955306697749593	0.816468466805828
Unique Binding	Bound Only	HepG2	PCBP2_1	0.001	168	13.20754716981132	152	0.6697356262533485	16	-0.02763346643136129	0.6421021598219872	0.9207493801453722
Unique Binding	Bound Only	HepG2	PCBP2_1	0.01	19	1.4937106918238994	19	0.3914161274362559	0	0.0	0.3914161274362559	1.0
Unique Binding	Bound Only	HepG2	PCBP2_1	0.1	0	0.0	0	0.0	0	0.0		
Unique Binding	Bound Only	HepG2	PCBP2_2	0.0	1831	100.0	6	0.002160269511479137	1825	-14.513800282300439	-14.511640012788959	-0.9997023594127624
Unique Binding	Bound Only	HepG2	PCBP2_2	1e-05	1831	100.0	6	0.002160269511479137	1825	-14.513800282300439	-14.511640012788959	-0.9997023594127624
Unique Binding	Bound Only	HepG2	PCBP2_2	0.0001	1829	99.89077007099945	5	0.002144283135298804	1824	-14.5137057264397	-14.5115614433044	-0.9997045597558689
Unique Binding	Bound Only	HepG2	PCBP2_2	0.001	1817	99.23539049699617	0	0.0	1817	-14.510116958184817	-14.510116958184817	-1.0
Unique Binding	Bound Only	HepG2	PCBP2_2	0.01	598	32.6597487711633	0	0.0	598	-8.307509709732905	-8.307509709732905	-1.0
Unique Binding	Bound Only	HepG2	PCBP2_2	0.1	0	0.0	0	0.0	0	0.0		
Unique Binding	Bound Only	HepG2	PCBP2_3	0.0	1234	100.0	271	1.5262836915197942	963	-12.939711074983858	-11.413427383464064	-0.7889832374260304
Unique Binding	Bound Only	HepG2	PCBP2_3	1e-05	1233	99.91896272285251	270	1.526275634015505	963	-12.939711074983858	-11.413435440968353	-0.7889842338834722
Unique Binding	Bound Only	HepG2	PCBP2_3	0.0001	1223	99.10858995137764	263	1.5257649382105103	960	-12.939569727238222	-11.413804789027711	-0.7890453316845982
Unique Binding	Bound Only	HepG2	PCBP2_3	0.001	1177	95.3808752025932	220	1.508105914562099	957	-12.939201850609004	-11.431095936046905	-0.791226720012462
Unique Binding	Bound Only	HepG2	PCBP2_3	0.01	601	48.703403565640194	54	0.6601812677291221	547	-10.288130615065008	-9.627949347335885	-0.8794003541739375
Unique Binding	Bound Only	HepG2	PCBP2_3	0.1	0	0.0	0	0.0	0	0.0		
Unique Binding	Bound Only	HepG2	PCBP2_4	0.0	1045	100.0	188	0.6124533884192422	857	-2.3499105972581953	-1.737457208838953	-0.5865103738903406
Unique Binding	Bound Only	HepG2	PCBP2_4	1e-05	1045	100.0	188	0.6124533884192422	857	-2.3499105972581953	-1.737457208838953	-0.5865103738903406
Unique Binding	Bound Only	HepG2	PCBP2_4	0.0001	1045	100.0	188	0.6124533884192422	857	-2.3499105972581953	-1.737457208838953	-0.5865103738903406
Unique Binding	Bound Only	HepG2	PCBP2_4	0.001	904	86.50717703349282	186	0.6105479779383277	718	-2.24133551782442	-1.6307875398860925	-0.571828246949454
Unique Binding	Bound Only	HepG2	PCBP2_4	0.01	0	0.0	0	0.0	0	0.0		
Unique Binding	Bound Only	HepG2	PCBP2_4	0.1	0	0.0	0	0.0	0	0.0		
Unique Binding	Bound Only	HepG2	PCBP2_5	0.0	894	100.0	894	6.783999674352854	0	0.0	6.783999674352854	1.0
Unique Binding	Bound Only	HepG2	PCBP2_5	1e-05	894	100.0	894	6.783999674352854	0	0.0	6.783999674352854	1.0
Unique Binding	Bound Only	HepG2	PCBP2_5	0.0001	894	100.0	894	6.783999674352854	0	0.0	6.783999674352854	1.0
Unique Binding	Bound Only	HepG2	PCBP2_5	0.001	894	100.0	894	6.783999674352854	0	0.0	6.783999674352854	1.0
Unique Binding	Bound Only	HepG2	PCBP2_5	0.01	286	31.991051454138702	286	3.806438602046759	0	0.0	3.806438602046759	1.0
Unique Binding	Bound Only	HepG2	PCBP2_5	0.1	0	0.0	0	0.0	0	0.0		
Unique Binding	Bound Only	HepG2	PCBP2_6	0.0	1388	100.0	0	0.0	1388	-26.93688678910674	-26.93688678910674	-1.0
Unique Binding	Bound Only	HepG2	PCBP2_6	1e-05	1388	100.0	0	0.0	1388	-26.93688678910674	-26.93688678910674	-1.0
Unique Binding	Bound Only	HepG2	PCBP2_6	0.0001	1388	100.0	0	0.0	1388	-26.93688678910674	-26.93688678910674	-1.0
Unique Binding	Bound Only	HepG2	PCBP2_6	0.001	1388	100.0	0	0.0	1388	-26.93688678910674	-26.93688678910674	-1.0
Unique Binding	Bound Only	HepG2	PCBP2_6	0.01	983	70.82132564841498	0	0.0	983	-23.887784002414215	-23.887784002414215	-1.0
Unique Binding	Bound Only	HepG2	PCBP2_6	0.1	2	0.1440922190201729	0	0.0	2	-0.2396649198561191	-0.2396649198561191	-1.0
Unique Binding	Bound Only	HepG2	POLR2G_1	0.0	0	0.0	0	0.0	0	0.0		
Unique Binding	Bound Only	HepG2	POLR2G_1	1e-05	0	0.0	0	0.0	0	0.0		
Unique Binding	Bound Only	HepG2	POLR2G_1	0.0001	0	0.0	0	0.0	0	0.0		
Unique Binding	Bound Only	HepG2	POLR2G_1	0.001	0	0.0	0	0.0	0	0.0		
Unique Binding	Bound Only	HepG2	POLR2G_1	0.01	0	0.0	0	0.0	0	0.0		
Unique Binding	Bound Only	HepG2	POLR2G_1	0.1	0	0.0	0	0.0	0	0.0		
Unique Binding	Bound Only	HepG2	POLR2G_2	0.0	0		0	0.0	0	0.0		
Unique Binding	Bound Only	HepG2	POLR2G_2	1e-05	0		0	0.0	0	0.0		
Unique Binding	Bound Only	HepG2	POLR2G_2	0.0001	0		0	0.0	0	0.0		
Unique Binding	Bound Only	HepG2	POLR2G_2	0.001	0		0	0.0	0	0.0		
Unique Binding	Bound Only	HepG2	POLR2G_2	0.01	0		0	0.0	0	0.0		
Unique Binding	Bound Only	HepG2	POLR2G_2	0.1	0		0	0.0	0	0.0		
Unique Binding	Bound Only	HepG2	POLR2G_3	0.0	0		0	0.0	0	0.0		
Unique Binding	Bound Only	HepG2	POLR2G_3	1e-05	0		0	0.0	0	0.0		
Unique Binding	Bound Only	HepG2	POLR2G_3	0.0001	0		0	0.0	0	0.0		
Unique Binding	Bound Only	HepG2	POLR2G_3	0.001	0		0	0.0	0	0.0		
Unique Binding	Bound Only	HepG2	POLR2G_3	0.01	0		0	0.0	0	0.0		
Unique Binding	Bound Only	HepG2	POLR2G_3	0.1	0		0	0.0	0	0.0		
Unique Binding	Bound Only	HepG2	POLR2G_4	0.0	0		0	0.0	0	0.0		
Unique Binding	Bound Only	HepG2	POLR2G_4	1e-05	0		0	0.0	0	0.0		
Unique Binding	Bound Only	HepG2	POLR2G_4	0.0001	0		0	0.0	0	0.0		
Unique Binding	Bound Only	HepG2	POLR2G_4	0.001	0		0	0.0	0	0.0		
Unique Binding	Bound Only	HepG2	POLR2G_4	0.01	0		0	0.0	0	0.0		
Unique Binding	Bound Only	HepG2	POLR2G_4	0.1	0		0	0.0	0	0.0		
Unique Binding	Bound Only	HepG2	POLR2G_5	0.0	0	0.0	0	0.0	0	0.0		
Unique Binding	Bound Only	HepG2	POLR2G_5	1e-05	0	0.0	0	0.0	0	0.0		
Unique Binding	Bound Only	HepG2	POLR2G_5	0.0001	0	0.0	0	0.0	0	0.0		
Unique Binding	Bound Only	HepG2	POLR2G_5	0.001	0	0.0	0	0.0	0	0.0		
Unique Binding	Bound Only	HepG2	POLR2G_5	0.01	0	0.0	0	0.0	0	0.0		
Unique Binding	Bound Only	HepG2	POLR2G_5	0.1	0	0.0	0	0.0	0	0.0		
Unique Binding	Bound Only	HepG2	POLR2G_6	0.0	0		0	0.0	0	0.0		
Unique Binding	Bound Only	HepG2	POLR2G_6	1e-05	0		0	0.0	0	0.0		
Unique Binding	Bound Only	HepG2	POLR2G_6	0.0001	0		0	0.0	0	0.0		
Unique Binding	Bound Only	HepG2	POLR2G_6	0.001	0		0	0.0	0	0.0		
Unique Binding	Bound Only	HepG2	POLR2G_6	0.01	0		0	0.0	0	0.0		
Unique Binding	Bound Only	HepG2	POLR2G_6	0.1	0		0	0.0	0	0.0		
Unique Binding	Bound Only	HepG2	PPIG_1	0.0	15033	100.0	13585	34.981831368853484	1448	-2.4367837217910724	32.54504764706241	0.8697555366018707
Unique Binding	Bound Only	HepG2	PPIG_1	1e-05	15005	99.8137430985166	13570	34.98174642006741	1435	-2.436715258056082	32.54503116201133	0.8697586619665503
Unique Binding	Bound Only	HepG2	PPIG_1	0.0001	14704	97.81148140757001	13412	34.972227059009	1292	-2.428817274658005	32.543409784351	0.8701203499565561
Unique Binding	Bound Only	HepG2	PPIG_1	0.001	11652	77.50947914587907	10890	33.43184400804439	762	-2.2067948101814947	31.225049197862898	0.8761571775264929
Unique Binding	Bound Only	HepG2	PPIG_1	0.01	51	0.3392536419876272	44	0.8226325821523618	7	-0.11771225178428243	0.7049203303680793	0.7496402435870385
Unique Binding	Bound Only	HepG2	PPIG_1	0.1	0	0.0	0	0.0	0	0.0		
Unique Binding	Bound Only	HepG2	PPIG_2	0.0	21539	100.0	35	0.0371799587047491	21504	-219.85570525735628	-219.81852529865154	-0.9996618357281709
Unique Binding	Bound Only	HepG2	PPIG_2	1e-05	21539	100.0	35	0.0371799587047491	21504	-219.85570525735628	-219.81852529865154	-0.9996618357281709
Unique Binding	Bound Only	HepG2	PPIG_2	0.0001	21530	99.95821533033103	31	0.036963128641092795	21499	-219.8554764351432	-219.8185133065021	-0.9996638071894202
Unique Binding	Bound Only	HepG2	PPIG_2	0.001	21470	99.67965086587121	16	0.028598053061105022	21454	-219.82502542067112	-219.79642736761002	-0.999739844605613
Unique Binding	Bound Only	HepG2	PPIG_2	0.01	7888	36.621941594317285	0	0.0	7888	-144.35247587322436	-144.35247587322436	-1.0
Unique Binding	Bound Only	HepG2	PPIG_2	0.1	0	0.0	0	0.0	0	0.0		
Unique Binding	Bound Only	HepG2	PPIG_3	0.0	13925	100.0	13925	643.4338295899593	0	0.0	643.4338295899593	1.0
Unique Binding	Bound Only	HepG2	PPIG_3	1e-05	13925	100.0	13925	643.4338295899593	0	0.0	643.4338295899593	1.0
Unique Binding	Bound Only	HepG2	PPIG_3	0.0001	13925	100.0	13925	643.4338295899593	0	0.0	643.4338295899593	1.0
Unique Binding	Bound Only	HepG2	PPIG_3	0.001	13925	100.0	13925	643.4338295899593	0	0.0	643.4338295899593	1.0
Unique Binding	Bound Only	HepG2	PPIG_3	0.01	13828	99.30341113105925	13828	642.675117540839	0	0.0	642.675117540839	1.0
Unique Binding	Bound Only	HepG2	PPIG_3	0.1	966	6.937163375224417	966	115.16122901119704	0	0.0	115.16122901119704	1.0
Unique Binding	Bound Only	HepG2	PPIG_4	0.0	18682	100.0	18672	1158.8537255098909	10	-0.0440606730434547	1158.8096648368473	0.9999239610713406
Unique Binding	Bound Only	HepG2	PPIG_4	1e-05	18682	100.0	18672	1158.8537255098909	10	-0.0440606730434547	1158.8096648368473	0.9999239610713406
Unique Binding	Bound Only	HepG2	PPIG_4	0.0001	18682	100.0	18672	1158.8537255098909	10	-0.0440606730434547	1158.8096648368473	0.9999239610713406
Unique Binding	Bound Only	HepG2	PPIG_4	0.001	18682	100.0	18672	1158.8537255098909	10	-0.0440606730434547	1158.8096648368473	0.9999239610713406
Unique Binding	Bound Only	HepG2	PPIG_4	0.01	18571	99.40584519858687	18571	1158.1794966317352	0	0.0	1158.1794966317352	1.0
Unique Binding	Bound Only	HepG2	PPIG_4	0.1	3157	16.898618991542662	3157	394.31383716939575	0	0.0	394.31383716939575	1.0
Unique Binding	Bound Only	HepG2	PPIG_5	0.0	16530	100.0	2367	6.454652142991817	14163	-57.29952568176424	-50.84487353877242	-0.7975143790346099
Unique Binding	Bound Only	HepG2	PPIG_5	1e-05	16434	99.41923774954627	2325	6.454457372815224	14109	-57.299278532450984	-50.84482115963576	-0.7975190855511238
Unique Binding	Bound Only	HepG2	PPIG_5	0.0001	15681	94.86388384754991	1990	6.435613162491105	13691	-57.27607267140388	-50.84045950891277	-0.7979769934429415
Unique Binding	Bound Only	HepG2	PPIG_5	0.001	9144	55.317604355716874	942	6.014259572693684	8202	-54.51847019294231	-48.50421062024863	-0.8012890019670669
Unique Binding	Bound Only	HepG2	PPIG_5	0.01	1859	11.246218995765275	191	3.298924047030324	1668	-28.18915073114561	-24.890226684115284	-0.7904651795786019
Unique Binding	Bound Only	HepG2	PPIG_5	0.1	0	0.0	0	0.0	0	0.0		
Unique Binding	Bound Only	HepG2	PPIG_6	0.0	21352	100.0	18548	43.74025695324556	2804	-4.280102255661733	39.46015469758383	0.8217380158677441
Unique Binding	Bound Only	HepG2	PPIG_6	1e-05	21321	99.85481453727988	18533	43.74019282388288	2788	-4.2800185589476785	39.4601742649352	0.8217409529988873
Unique Binding	Bound Only	HepG2	PPIG_6	0.0001	20905	97.90651929561633	18326	43.72786706950182	2579	-4.268535970776636	39.45933109872519	0.822131005642465
Unique Binding	Bound Only	HepG2	PPIG_6	0.001	12335	57.769763956538036	11082	39.26016783645786	1253	-3.6290582558656133	35.631109580592245	0.8307706346552538
Unique Binding	Bound Only	HepG2	PPIG_6	0.01	589	2.758523791682278	570	10.787080836886268	19	-0.25409515560548945	10.53298568128078	0.9539731717385396
Unique Binding	Bound Only	HepG2	PPIG_6	0.1	0	0.0	0	0.0	0	0.0		
Unique Binding	Bound Only	HepG2	PRPF4_1	0.0	3513	100.0	3247	1.8333776688925143	266	-1.1788469569358422	0.6545307119566721	0.21729146835345234
Unique Binding	Bound Only	HepG2	PRPF4_1	1e-05	3513	100.0	3247	1.8333776688925143	266	-1.1788469569358422	0.6545307119566721	0.21729146835345234
Unique Binding	Bound Only	HepG2	PRPF4_1	0.0001	3334	94.90463990890976	3068	1.819020248890027	266	-1.1788469569358422	0.6401732919541847	0.21354291167737907
Unique Binding	Bound Only	HepG2	PRPF4_1	0.001	670	19.072018218047255	412	0.9591086934830042	258	-1.1712052396256543	-0.21209654614265006	-0.09956116929355496
Unique Binding	Bound Only	HepG2	PRPF4_1	0.01	46	1.3094221463136921	0	0.0	46	-0.5912286966643661	-0.5912286966643661	-1.0
Unique Binding	Bound Only	HepG2	PRPF4_1	0.1	0	0.0	0	0.0	0	0.0		
Unique Binding	Bound Only	HepG2	PRPF4_2	0.0	6939	100.0	126	0.3401609241521129	6813	-34.591888793884024	-34.25172786973191	-0.9805244223057152
Unique Binding	Bound Only	HepG2	PRPF4_2	1e-05	6939	100.0	126	0.3401609241521129	6813	-34.591888793884024	-34.25172786973191	-0.9805244223057152
Unique Binding	Bound Only	HepG2	PRPF4_2	0.0001	6937	99.97117740308403	124	0.34004476344222057	6813	-34.591888793884024	-34.2518440304418	-0.9805310082315266
Unique Binding	Bound Only	HepG2	PRPF4_2	0.001	6729	96.97362732382187	101	0.3301216257057563	6628	-34.457484498638394	-34.127362872932636	-0.9810207333884501
Unique Binding	Bound Only	HepG2	PRPF4_2	0.01	457	6.585963395301916	0	0.0	457	-5.949365004298361	-5.949365004298361	-1.0
Unique Binding	Bound Only	HepG2	PRPF4_2	0.1	0	0.0	0	0.0	0	0.0		
Unique Binding	Bound Only	HepG2	PRPF4_3	0.0	3535	100.0	46	0.0011875261940188786	3489	-8.476726969558886	-8.475539443364866	-0.9997198541705947
Unique Binding	Bound Only	HepG2	PRPF4_3	1e-05	3506	99.17963224893917	32	0.0011177980539713007	3474	-8.476671077193469	-8.475553279139497	-0.9997362996247204
Unique Binding	Bound Only	HepG2	PRPF4_3	0.0001	3051	86.3083451202263	0	0.0	3051	-8.446770363706218	-8.446770363706218	-1.0
Unique Binding	Bound Only	HepG2	PRPF4_3	0.001	1421	40.1980198019802	0	0.0	1421	-7.797192132240711	-7.797192132240711	-1.0
Unique Binding	Bound Only	HepG2	PRPF4_3	0.01	198	5.601131541725602	0	0.0	198	-3.1901003453442054	-3.1901003453442054	-1.0
Unique Binding	Bound Only	HepG2	PRPF4_3	0.1	0	0.0	0	0.0	0	0.0		
Unique Binding	Bound Only	HepG2	PRPF4_4	0.0	2854	100.0	607	0.18931174986264776	2247	-1.5002518567318988	-1.310940106869251	-0.7759045600606643
Unique Binding	Bound Only	HepG2	PRPF4_4	1e-05	2497	87.49124036440085	552	0.18926953684580103	1945	-1.4987593320485386	-1.3094897952027376	-0.7757508294632748
Unique Binding	Bound Only	HepG2	PRPF4_4	0.0001	1268	44.42887175893483	426	0.1831394931074944	842	-1.4655641463219384	-1.282424653214444	-0.7778381890745708
Unique Binding	Bound Only	HepG2	PRPF4_4	0.001	446	15.627189908899789	17	0.03492831396525417	429	-1.3511641146336637	-1.3162358006684096	-0.9496017534695574
Unique Binding	Bound Only	HepG2	PRPF4_4	0.01	12	0.42046250875963564	0	0.0	12	-0.15565398874392594	-0.15565398874392594	-1.0
Unique Binding	Bound Only	HepG2	PRPF4_4	0.1	0	0.0	0	0.0	0	0.0		
Unique Binding	Bound Only	HepG2	PRPF4_5	0.0	3062	100.0	3001	21.62885299238495	61	-0.15137263001249887	21.47748036237245	0.9860999943125623
Unique Binding	Bound Only	HepG2	PRPF4_5	1e-05	3061	99.96734160679294	3000	21.628844959785745	61	-0.15137263001249887	21.477472329773246	0.9860999891862052
Unique Binding	Bound Only	HepG2	PRPF4_5	0.0001	3056	99.80404964075767	2996	21.628534716132215	60	-0.15130665804545318	21.477228058086762	0.9861058071593816
Unique Binding	Bound Only	HepG2	PRPF4_5	0.001	3025	98.791639451339	2971	21.61646465343832	54	-0.14740497410631664	21.469059679332005	0.9864541575897185
Unique Binding	Bound Only	HepG2	PRPF4_5	0.01	696	22.730241672109734	696	10.123122099007707	0	0.0	10.123122099007707	1.0
Unique Binding	Bound Only	HepG2	PRPF4_5	0.1	0	0.0	0	0.0	0	0.0		
Unique Binding	Bound Only	HepG2	PRPF4_6	0.0	2049	100.0	7	0.019339625184299013	2042	-2.4232266238895166	-2.4038869987052176	-0.98416450305769
Unique Binding	Bound Only	HepG2	PRPF4_6	1e-05	2049	100.0	7	0.019339625184299013	2042	-2.4232266238895166	-2.4038869987052176	-0.98416450305769
Unique Binding	Bound Only	HepG2	PRPF4_6	0.0001	2047	99.90239141044412	7	0.019339625184299013	2040	-2.4230318948244123	-2.4036922696401133	-0.9841632405014041
Unique Binding	Bound Only	HepG2	PRPF4_6	0.001	576	28.111273792093705	6	0.018687582973657007	570	-1.709112656029356	-1.690425073055699	-0.9783683523687434
Unique Binding	Bound Only	HepG2	PRPF4_6	0.01	22	1.0736944851146901	0	0.0	22	-0.29316779312979785	-0.29316779312979785	-1.0
Unique Binding	Bound Only	HepG2	PRPF4_6	0.1	0	0.0	0	0.0	0	0.0		
Unique Binding	Bound Only	HepG2	PRPF8_1	0.0	3413	100.0	0	0.0	3413	-40.10479570703193	-40.10479570703193	-1.0
Unique Binding	Bound Only	HepG2	PRPF8_1	1e-05	3413	100.0	0	0.0	3413	-40.10479570703193	-40.10479570703193	-1.0
Unique Binding	Bound Only	HepG2	PRPF8_1	0.0001	3413	100.0	0	0.0	3413	-40.10479570703193	-40.10479570703193	-1.0
Unique Binding	Bound Only	HepG2	PRPF8_1	0.001	3413	100.0	0	0.0	3413	-40.10479570703193	-40.10479570703193	-1.0
Unique Binding	Bound Only	HepG2	PRPF8_1	0.01	1496	43.832405508350426	0	0.0	1496	-29.64793357633007	-29.64793357633007	-1.0
Unique Binding	Bound Only	HepG2	PRPF8_1	0.1	0	0.0	0	0.0	0	0.0		
Unique Binding	Bound Only	HepG2	PRPF8_2	0.0	40589	100.0	305	1.1504610844298149	40284	-648.1333685511404	-646.9829074667106	-0.9964562151961321
Unique Binding	Bound Only	HepG2	PRPF8_2	1e-05	40583	99.98521766981202	303	1.1504452646748509	40280	-648.133338283561	-646.9828930188861	-0.9964562636744511
Unique Binding	Bound Only	HepG2	PRPF8_2	0.0001	40534	99.86449530661017	284	1.1494304796347805	40250	-648.1318663824043	-646.9824359027695	-0.9964593759740501
Unique Binding	Bound Only	HepG2	PRPF8_2	0.001	40070	98.72132843873956	208	1.1154069247547231	39862	-647.8889530674285	-646.7735461426737	-0.9965627136163825
Unique Binding	Bound Only	HepG2	PRPF8_2	0.01	23909	58.905122077410134	25	0.6180294137249559	23884	-553.73804860529	-553.1200191915651	-0.9977702800123219
Unique Binding	Bound Only	HepG2	PRPF8_2	0.1	0	0.0	0	0.0	0	0.0		
Unique Binding	Bound Only	HepG2	PRPF8_3	0.0	3921	100.0	3921	62.93610052057963	0	0.0	62.93610052057963	1.0
Unique Binding	Bound Only	HepG2	PRPF8_3	1e-05	3921	100.0	3921	62.93610052057963	0	0.0	62.93610052057963	1.0
Unique Binding	Bound Only	HepG2	PRPF8_3	0.0001	3921	100.0	3921	62.93610052057963	0	0.0	62.93610052057963	1.0
Unique Binding	Bound Only	HepG2	PRPF8_3	0.001	3918	99.92348890589136	3918	62.93336377080423	0	0.0	62.93336377080423	1.0
Unique Binding	Bound Only	HepG2	PRPF8_3	0.01	2804	71.51236929354756	2804	54.507729385031695	0	0.0	54.507729385031695	1.0
Unique Binding	Bound Only	HepG2	PRPF8_3	0.1	0	0.0	0	0.0	0	0.0		
Unique Binding	Bound Only	HepG2	PRPF8_4	0.0	29641	100.0	29496	1810.136582485833	145	-1.17798747116487	1808.9585950146682	0.9986993010593485
Unique Binding	Bound Only	HepG2	PRPF8_4	1e-05	29641	100.0	29496	1810.136582485833	145	-1.17798747116487	1808.9585950146682	0.9986993010593485
Unique Binding	Bound Only	HepG2	PRPF8_4	0.0001	29638	99.98987888397828	29494	1810.1364711349763	144	-1.1779113535637387	1808.9585597814125	0.9986993849715415
Unique Binding	Bound Only	HepG2	PRPF8_4	0.001	29588	99.8211936169495	29472	1810.1246903282142	116	-1.1626376804733272	1808.9620526477408	0.9987162305367072
Unique Binding	Bound Only	HepG2	PRPF8_4	0.01	28852	97.3381464862859	28818	1805.9736303444363	34	-0.7841295653528083	1805.1895007790836	0.9991320036556623
Unique Binding	Bound Only	HepG2	PRPF8_4	0.1	4670	15.755203940487839	4670	573.0145219415948	0	0.0	573.0145219415948	1.0
Unique Binding	Bound Only	HepG2	PRPF8_5	0.0	3745	100.0	411	0.3657975545501799	3334	-4.809327668299881	-4.443530113749701	-0.8586323851894249
Unique Binding	Bound Only	HepG2	PRPF8_5	1e-05	3735	99.73297730307075	404	0.36577876434402423	3331	-4.80931599573001	-4.443537231385986	-0.8586388148228646
Unique Binding	Bound Only	HepG2	PRPF8_5	0.0001	3551	94.81975967957277	283	0.3601489501454901	3268	-4.805861110801083	-4.445712160655593	-0.8605697836835031
Unique Binding	Bound Only	HepG2	PRPF8_5	0.001	1654	44.16555407209613	170	0.3016338624586816	1484	-3.746190702876632	-3.4445568404179503	-0.850964952857983
Unique Binding	Bound Only	HepG2	PRPF8_5	0.01	73	1.9492656875834447	0	0.0	73	-1.1345164120075237	-1.1345164120075237	-1.0
Unique Binding	Bound Only	HepG2	PRPF8_5	0.1	0	0.0	0	0.0	0	0.0		
Unique Binding	Bound Only	HepG2	PRPF8_6	0.0	25895	100.0	1824	3.179119857680089	24071	-110.02657246570357	-106.84745260802347	-0.9438346289407672
Unique Binding	Bound Only	HepG2	PRPF8_6	1e-05	25877	99.93048851129561	1814	3.1790774140581557	24063	-110.0265103833615	-106.84743296930334	-0.9438353269319694
Unique Binding	Bound Only	HepG2	PRPF8_6	0.0001	25651	99.05773315311836	1668	3.170671098100157	23983	-110.02205795285047	-106.85138685475032	-0.9439774776227373
Unique Binding	Bound Only	HepG2	PRPF8_6	0.001	23245	89.76636416296583	822	2.7499867209660205	22423	-109.02867082443457	-106.27868410346855	-0.9507958534955732
Unique Binding	Bound Only	HepG2	PRPF8_6	0.01	1816	7.01293686039776	31	0.5996620289646487	1785	-28.76448618712464	-28.16482415815999	-0.9591568585915201
Unique Binding	Bound Only	HepG2	PRPF8_6	0.1	0	0.0	0	0.0	0	0.0		
Unique Binding	Bound Only	HepG2	PTBP1_1	0.0	254	100.0	254	0.12560753605916716	0	0.0	0.12560753605916716	1.0
Unique Binding	Bound Only	HepG2	PTBP1_1	1e-05	254	100.0	254	0.12560753605916716	0	0.0	0.12560753605916716	1.0
Unique Binding	Bound Only	HepG2	PTBP1_1	0.0001	251	98.81889763779527	251	0.12535447047961612	0	0.0	0.12535447047961612	1.0
Unique Binding	Bound Only	HepG2	PTBP1_1	0.001	5	1.968503937007874	5	0.005102832159957406	0	0.0	0.005102832159957406	1.0
Unique Binding	Bound Only	HepG2	PTBP1_1	0.01	0	0.0	0	0.0	0	0.0		
Unique Binding	Bound Only	HepG2	PTBP1_1	0.1	0	0.0	0	0.0	0	0.0		
Unique Binding	Bound Only	HepG2	PTBP1_2	0.0	391	100.0	56	0.47914597349340166	335	-3.3733987190289336	-2.894252745535532	-0.7512574094606047
Unique Binding	Bound Only	HepG2	PTBP1_2	1e-05	391	100.0	56	0.47914597349340166	335	-3.3733987190289336	-2.894252745535532	-0.7512574094606047
Unique Binding	Bound Only	HepG2	PTBP1_2	0.0001	391	100.0	56	0.47914597349340166	335	-3.3733987190289336	-2.894252745535532	-0.7512574094606047
Unique Binding	Bound Only	HepG2	PTBP1_2	0.001	389	99.48849104859335	56	0.47914597349340166	333	-3.3716079495993134	-2.8924619761059116	-0.7511417332486529
Unique Binding	Bound Only	HepG2	PTBP1_2	0.01	113	28.9002557544757	18	0.33222951715266363	95	-2.521647494091162	-2.1894179769384983	-0.7671732062427836
Unique Binding	Bound Only	HepG2	PTBP1_2	0.1	0	0.0	0	0.0	0	0.0		
Unique Binding	Bound Only	HepG2	PTBP1_3	0.0	522	100.0	0	0.0	522	-66.47674747856564	-66.47674747856564	-1.0
Unique Binding	Bound Only	HepG2	PTBP1_3	1e-05	522	100.0	0	0.0	522	-66.47674747856564	-66.47674747856564	-1.0
Unique Binding	Bound Only	HepG2	PTBP1_3	0.0001	522	100.0	0	0.0	522	-66.47674747856564	-66.47674747856564	-1.0
Unique Binding	Bound Only	HepG2	PTBP1_3	0.001	522	100.0	0	0.0	522	-66.47674747856564	-66.47674747856564	-1.0
Unique Binding	Bound Only	HepG2	PTBP1_3	0.01	522	100.0	0	0.0	522	-66.47674747856564	-66.47674747856564	-1.0
Unique Binding	Bound Only	HepG2	PTBP1_3	0.1	328	62.83524904214559	0	0.0	328	-55.66379820541029	-55.66379820541029	-1.0
Unique Binding	Bound Only	HepG2	PTBP1_4	0.0	417	100.0	0	0.0	417	-21.894056038310072	-21.894056038310072	-1.0
Unique Binding	Bound Only	HepG2	PTBP1_4	1e-05	417	100.0	0	0.0	417	-21.894056038310072	-21.894056038310072	-1.0
Unique Binding	Bound Only	HepG2	PTBP1_4	0.0001	417	100.0	0	0.0	417	-21.894056038310072	-21.894056038310072	-1.0
Unique Binding	Bound Only	HepG2	PTBP1_4	0.001	417	100.0	0	0.0	417	-21.894056038310072	-21.894056038310072	-1.0
Unique Binding	Bound Only	HepG2	PTBP1_4	0.01	416	99.76019184652279	0	0.0	416	-21.884352791105886	-21.884352791105886	-1.0
Unique Binding	Bound Only	HepG2	PTBP1_4	0.1	39	9.352517985611511	0	0.0	39	-4.368126938251439	-4.368126938251439	-1.0
Unique Binding	Bound Only	HepG2	PTBP1_5	0.0	240	100.0	226	0.08720097130505945	14	-0.005597752356034492	0.08160321894902496	0.8793571261501874
Unique Binding	Bound Only	HepG2	PTBP1_5	1e-05	240	100.0	226	0.08720097130505945	14	-0.005597752356034492	0.08160321894902496	0.8793571261501874
Unique Binding	Bound Only	HepG2	PTBP1_5	0.0001	231	96.25	217	0.08638184294329782	14	-0.005597752356034492	0.08078409058726332	0.8782827356911599
Unique Binding	Bound Only	HepG2	PTBP1_5	0.001	0	0.0	0	0.0	0	0.0		
Unique Binding	Bound Only	HepG2	PTBP1_5	0.01	0	0.0	0	0.0	0	0.0		
Unique Binding	Bound Only	HepG2	PTBP1_5	0.1	0	0.0	0	0.0	0	0.0		
Unique Binding	Bound Only	HepG2	PTBP1_6	0.0	240	100.0	0	0.0	240	-4.49554751833768	-4.49554751833768	-1.0
Unique Binding	Bound Only	HepG2	PTBP1_6	1e-05	240	100.0	0	0.0	240	-4.49554751833768	-4.49554751833768	-1.0
Unique Binding	Bound Only	HepG2	PTBP1_6	0.0001	240	100.0	0	0.0	240	-4.49554751833768	-4.49554751833768	-1.0
Unique Binding	Bound Only	HepG2	PTBP1_6	0.001	240	100.0	0	0.0	240	-4.49554751833768	-4.49554751833768	-1.0
Unique Binding	Bound Only	HepG2	PTBP1_6	0.01	173	72.08333333333333	0	0.0	173	-3.991577399366075	-3.991577399366075	-1.0
Unique Binding	Bound Only	HepG2	PTBP1_6	0.1	0	0.0	0	0.0	0	0.0		
Unique Binding	Bound Only	HepG2	QKI_1	0.0	297	100.0	297	3.706121967372783	0	0.0	3.706121967372783	1.0
Unique Binding	Bound Only	HepG2	QKI_1	1e-05	297	100.0	297	3.706121967372783	0	0.0	3.706121967372783	1.0
Unique Binding	Bound Only	HepG2	QKI_1	0.0001	297	100.0	297	3.706121967372783	0	0.0	3.706121967372783	1.0
Unique Binding	Bound Only	HepG2	QKI_1	0.001	297	100.0	297	3.706121967372783	0	0.0	3.706121967372783	1.0
Unique Binding	Bound Only	HepG2	QKI_1	0.01	162	54.54545454545454	162	2.781067021167445	0	0.0	2.781067021167445	1.0
Unique Binding	Bound Only	HepG2	QKI_1	0.1	0	0.0	0	0.0	0	0.0		
Unique Binding	Bound Only	HepG2	QKI_2	0.0	546	100.0	0	0.0	546	-1.3495192735049777	-1.3495192735049777	-1.0
Unique Binding	Bound Only	HepG2	QKI_2	1e-05	546	100.0	0	0.0	546	-1.3495192735049777	-1.3495192735049777	-1.0
Unique Binding	Bound Only	HepG2	QKI_2	0.0001	546	100.0	0	0.0	546	-1.3495192735049777	-1.3495192735049777	-1.0
Unique Binding	Bound Only	HepG2	QKI_2	0.001	495	90.65934065934066	0	0.0	495	-1.3103977689481376	-1.3103977689481376	-1.0
Unique Binding	Bound Only	HepG2	QKI_2	0.01	9	1.6483516483516485	0	0.0	9	-0.17253001090081274	-0.17253001090081274	-1.0
Unique Binding	Bound Only	HepG2	QKI_2	0.1	0	0.0	0	0.0	0	0.0		
Unique Binding	Bound Only	HepG2	QKI_3	0.0	661	100.0	0	0.0	661	-35.04931412827812	-35.04931412827812	-1.0
Unique Binding	Bound Only	HepG2	QKI_3	1e-05	661	100.0	0	0.0	661	-35.04931412827812	-35.04931412827812	-1.0
Unique Binding	Bound Only	HepG2	QKI_3	0.0001	661	100.0	0	0.0	661	-35.04931412827812	-35.04931412827812	-1.0
Unique Binding	Bound Only	HepG2	QKI_3	0.001	661	100.0	0	0.0	661	-35.04931412827812	-35.04931412827812	-1.0
Unique Binding	Bound Only	HepG2	QKI_3	0.01	636	96.2178517397882	0	0.0	636	-34.881120442985676	-34.881120442985676	-1.0
Unique Binding	Bound Only	HepG2	QKI_3	0.1	45	6.80786686838124	0	0.0	45	-5.024125602678507	-5.024125602678507	-1.0
Unique Binding	Bound Only	HepG2	QKI_4	0.0	711	100.0	0	0.0	711	-70.32689097714558	-70.32689097714558	-1.0
Unique Binding	Bound Only	HepG2	QKI_4	1e-05	711	100.0	0	0.0	711	-70.32689097714558	-70.32689097714558	-1.0
Unique Binding	Bound Only	HepG2	QKI_4	0.0001	711	100.0	0	0.0	711	-70.32689097714558	-70.32689097714558	-1.0
Unique Binding	Bound Only	HepG2	QKI_4	0.001	711	100.0	0	0.0	711	-70.32689097714558	-70.32689097714558	-1.0
Unique Binding	Bound Only	HepG2	QKI_4	0.01	711	100.0	0	0.0	711	-70.32689097714558	-70.32689097714558	-1.0
Unique Binding	Bound Only	HepG2	QKI_4	0.1	393	55.27426160337553	0	0.0	393	-51.98084607640898	-51.98084607640898	-1.0
Unique Binding	Bound Only	HepG2	QKI_5	0.0	720	100.0	2	0.013291297280966466	718	-15.535176193480826	-15.52188489619986	-0.9982903398950587
Unique Binding	Bound Only	HepG2	QKI_5	1e-05	720	100.0	2	0.013291297280966466	718	-15.535176193480826	-15.52188489619986	-0.9982903398950587
Unique Binding	Bound Only	HepG2	QKI_5	0.0001	720	100.0	2	0.013291297280966466	718	-15.535176193480826	-15.52188489619986	-0.9982903398950587
Unique Binding	Bound Only	HepG2	QKI_5	0.001	720	100.0	2	0.013291297280966466	718	-15.535176193480826	-15.52188489619986	-0.9982903398950587
Unique Binding	Bound Only	HepG2	QKI_5	0.01	313	43.47222222222222	0	0.0	313	-13.489976962420485	-13.489976962420485	-1.0
Unique Binding	Bound Only	HepG2	QKI_5	0.1	55	7.638888888888889	0	0.0	55	-6.239608671356894	-6.239608671356894	-1.0
Unique Binding	Bound Only	HepG2	QKI_6	0.0	429	100.0	5	0.01583438962405247	424	-6.796592402391926	-6.780758012767874	-0.9953513218982083
Unique Binding	Bound Only	HepG2	QKI_6	1e-05	429	100.0	5	0.01583438962405247	424	-6.796592402391926	-6.780758012767874	-0.9953513218982083
Unique Binding	Bound Only	HepG2	QKI_6	0.0001	429	100.0	5	0.01583438962405247	424	-6.796592402391926	-6.780758012767874	-0.9953513218982083
Unique Binding	Bound Only	HepG2	QKI_6	0.001	428	99.76689976689977	5	0.01583438962405247	423	-6.796469556183906	-6.780635166559854	-0.9953512380686431
Unique Binding	Bound Only	HepG2	QKI_6	0.01	265	61.771561771561764	0	0.0	265	-5.731460934994855	-5.731460934994855	-1.0
Unique Binding	Bound Only	HepG2	QKI_6	0.1	0	0.0	0	0.0	0	0.0		
Unique Binding	Bound Only	HepG2	RBFOX2_1	0.0	1189	100.0	1035	0.15829447006806716	154	-0.09834319564273436	0.059951274425332796	0.23360278881623858
Unique Binding	Bound Only	HepG2	RBFOX2_1	1e-05	1050	88.30950378469302	998	0.1580726672309779	52	-0.09766497178844803	0.06040769544252987	0.23620963919957547
Unique Binding	Bound Only	HepG2	RBFOX2_1	0.0001	244	20.521446593776282	192	0.1326714539283841	52	-0.09766497178844803	0.035006482139936054	0.15197979230159564
Unique Binding	Bound Only	HepG2	RBFOX2_1	0.001	88	7.401177460050462	54	0.07368172318089639	34	-0.08862761327591198	-0.014945890095015596	-0.0920827502673748
Unique Binding	Bound Only	HepG2	RBFOX2_1	0.01	0	0.0	0	0.0	0	0.0		
Unique Binding	Bound Only	HepG2	RBFOX2_1	0.1	0	0.0	0	0.0	0	0.0		
Unique Binding	Bound Only	HepG2	RBFOX2_2	0.0	2871	100.0	2524	2.4567083404563905	347	-1.2192736689411399	1.2374346715152507	0.33662696616898247
Unique Binding	Bound Only	HepG2	RBFOX2_2	1e-05	2862	99.68652037617555	2518	2.4566660574228054	344	-1.219252627610441	1.2374134298123645	0.33662698656816803
Unique Binding	Bound Only	HepG2	RBFOX2_2	0.0001	1833	63.84535005224661	1526	2.4141948460690337	307	-1.2176778442653753	1.1965170018036584	0.32944904841735734
Unique Binding	Bound Only	HepG2	RBFOX2_2	0.001	474	16.509926854754443	301	1.9334627753026985	173	-1.1508821712092245	0.782580604093474	0.2537266802724164
Unique Binding	Bound Only	HepG2	RBFOX2_2	0.01	144	5.015673981191222	90	1.4733548241113292	54	-0.7371359357180827	0.7362188883932466	0.3330567590565554
Unique Binding	Bound Only	HepG2	RBFOX2_2	0.1	0	0.0	0	0.0	0	0.0		
Unique Binding	Bound Only	HepG2	RBFOX2_3	0.0	1848	100.0	127	2.8239326145374806	1721	-3.5748143561279253	-0.7508817415904447	-0.11734824724790775
Unique Binding	Bound Only	HepG2	RBFOX2_3	1e-05	1848	100.0	127	2.8239326145374806	1721	-3.5748143561279253	-0.7508817415904447	-0.11734824724790775
Unique Binding	Bound Only	HepG2	RBFOX2_3	0.0001	1848	100.0	127	2.8239326145374806	1721	-3.5748143561279253	-0.7508817415904447	-0.11734824724790775
Unique Binding	Bound Only	HepG2	RBFOX2_3	0.001	599	32.41341991341991	127	2.8239326145374806	472	-2.979559044083978	-0.1556264295464973	-0.026815999522512325
Unique Binding	Bound Only	HepG2	RBFOX2_3	0.01	241	13.041125541125542	115	2.754153016625609	126	-1.9703992759375184	0.7837537406880906	0.16588952606616075
Unique Binding	Bound Only	HepG2	RBFOX2_3	0.1	0	0.0	0	0.0	0	0.0		
Unique Binding	Bound Only	HepG2	RBFOX2_4	0.0	2429	100.0	0	0.0	2429	-110.6450439672303	-110.6450439672303	-1.0
Unique Binding	Bound Only	HepG2	RBFOX2_4	1e-05	2429	100.0	0	0.0	2429	-110.6450439672303	-110.6450439672303	-1.0
Unique Binding	Bound Only	HepG2	RBFOX2_4	0.0001	2429	100.0	0	0.0	2429	-110.6450439672303	-110.6450439672303	-1.0
Unique Binding	Bound Only	HepG2	RBFOX2_4	0.001	2429	100.0	0	0.0	2429	-110.6450439672303	-110.6450439672303	-1.0
Unique Binding	Bound Only	HepG2	RBFOX2_4	0.01	2342	96.41827912721284	0	0.0	2342	-110.10022022753907	-110.10022022753907	-1.0
Unique Binding	Bound Only	HepG2	RBFOX2_4	0.1	9	0.37052284890901604	0	0.0	9	-0.9761067975564786	-0.9761067975564786	-1.0
Unique Binding	Bound Only	HepG2	RBFOX2_5	0.0	1447	100.0	180	0.02938798527633823	1267	-4.504706842766261	-4.475318857489922	-0.9870368898795063
Unique Binding	Bound Only	HepG2	RBFOX2_5	1e-05	1440	99.5162404975812	173	0.029350756170393153	1267	-4.504706842766261	-4.475356086595868	-0.9870532054214413
Unique Binding	Bound Only	HepG2	RBFOX2_5	0.0001	1329	91.84519695922599	114	0.02586068312413193	1215	-4.501448143922632	-4.4755874607985	-0.9885756929283742
Unique Binding	Bound Only	HepG2	RBFOX2_5	0.001	785	54.25017277125086	0	0.0	785	-4.307972575868469	-4.307972575868469	-1.0
Unique Binding	Bound Only	HepG2	RBFOX2_5	0.01	125	8.638562543192812	0	0.0	125	-2.04589083991141	-2.04589083991141	-1.0
Unique Binding	Bound Only	HepG2	RBFOX2_5	0.1	0	0.0	0	0.0	0	0.0		
Unique Binding	Bound Only	HepG2	RBFOX2_6	0.0	1502	100.0	1406	0.38470976814120683	96	-0.1361899814087025	0.24851978673250433	0.47709715150994275
Unique Binding	Bound Only	HepG2	RBFOX2_6	1e-05	1502	100.0	1406	0.38470976814120683	96	-0.1361899814087025	0.24851978673250433	0.47709715150994275
Unique Binding	Bound Only	HepG2	RBFOX2_6	0.0001	664	44.207723035952064	568	0.33701763578741606	96	-0.1361899814087025	0.20082765437871355	0.4243964954931854
Unique Binding	Bound Only	HepG2	RBFOX2_6	0.001	126	8.388814913448735	69	0.23908967040989437	57	-0.11437791130561616	0.12471175910427822	0.352823754017286
Unique Binding	Bound Only	HepG2	RBFOX2_6	0.01	10	0.6657789613848202	10	0.1554818065046586	0	0.0	0.1554818065046586	1.0
Unique Binding	Bound Only	HepG2	RBFOX2_6	0.1	0	0.0	0	0.0	0	0.0		
Unique Binding	Bound Only	HepG2	RBM15_1	0.0	517	100.0	21	0.17497255628756997	496	-0.23062339246293323	-0.05565083617536326	-0.13720757405689993
Unique Binding	Bound Only	HepG2	RBM15_1	1e-05	517	100.0	21	0.17497255628756997	496	-0.23062339246293323	-0.05565083617536326	-0.13720757405689993
Unique Binding	Bound Only	HepG2	RBM15_1	0.0001	394	76.20889748549324	21	0.17497255628756997	373	-0.22209530402900377	-0.047122747741433796	-0.11867681182723738
Unique Binding	Bound Only	HepG2	RBM15_1	0.001	38	7.35009671179884	21	0.17497255628756997	17	-0.11647645108549012	0.058496105202079846	0.2007078553100157
Unique Binding	Bound Only	HepG2	RBM15_1	0.01	13	2.5145067698259185	8	0.08934921294959533	5	-0.0580470411367589	0.03130217181283643	0.2123674852313248
Unique Binding	Bound Only	HepG2	RBM15_1	0.1	0	0.0	0	0.0	0	0.0		
Unique Binding	Bound Only	HepG2	RBM15_2	0.0	692	100.0	0	0.0	692	-24.32875203166696	-24.32875203166696	-1.0
Unique Binding	Bound Only	HepG2	RBM15_2	1e-05	692	100.0	0	0.0	692	-24.32875203166696	-24.32875203166696	-1.0
Unique Binding	Bound Only	HepG2	RBM15_2	0.0001	692	100.0	0	0.0	692	-24.32875203166696	-24.32875203166696	-1.0
Unique Binding	Bound Only	HepG2	RBM15_2	0.001	692	100.0	0	0.0	692	-24.32875203166696	-24.32875203166696	-1.0
Unique Binding	Bound Only	HepG2	RBM15_2	0.01	641	92.63005780346822	0	0.0	641	-24.014874149449764	-24.014874149449764	-1.0
Unique Binding	Bound Only	HepG2	RBM15_2	0.1	0	0.0	0	0.0	0	0.0		
Unique Binding	Bound Only	HepG2	RBM15_3	0.0	0	0.0	0	0.0	0	0.0		
Unique Binding	Bound Only	HepG2	RBM15_3	1e-05	0	0.0	0	0.0	0	0.0		
Unique Binding	Bound Only	HepG2	RBM15_3	0.0001	0	0.0	0	0.0	0	0.0		
Unique Binding	Bound Only	HepG2	RBM15_3	0.001	0	0.0	0	0.0	0	0.0		
Unique Binding	Bound Only	HepG2	RBM15_3	0.01	0	0.0	0	0.0	0	0.0		
Unique Binding	Bound Only	HepG2	RBM15_3	0.1	0	0.0	0	0.0	0	0.0		
Unique Binding	Bound Only	HepG2	RBM15_4	0.0	253	100.0	253	1.3556440841686705	0	0.0	1.3556440841686705	1.0
Unique Binding	Bound Only	HepG2	RBM15_4	1e-05	253	100.0	253	1.3556440841686705	0	0.0	1.3556440841686705	1.0
Unique Binding	Bound Only	HepG2	RBM15_4	0.0001	253	100.0	253	1.3556440841686705	0	0.0	1.3556440841686705	1.0
Unique Binding	Bound Only	HepG2	RBM15_4	0.001	253	100.0	253	1.3556440841686705	0	0.0	1.3556440841686705	1.0
Unique Binding	Bound Only	HepG2	RBM15_4	0.01	26	10.276679841897234	26	0.4798720615122044	0	0.0	0.4798720615122044	1.0
Unique Binding	Bound Only	HepG2	RBM15_4	0.1	0	0.0	0	0.0	0	0.0		
Unique Binding	Bound Only	HepG2	RBM15_5	0.0	576	100.0	0	0.0	576	-1.758996185188531	-1.758996185188531	-1.0
Unique Binding	Bound Only	HepG2	RBM15_5	1e-05	576	100.0	0	0.0	576	-1.758996185188531	-1.758996185188531	-1.0
Unique Binding	Bound Only	HepG2	RBM15_5	0.0001	566	98.26388888888889	0	0.0	566	-1.7581247035239447	-1.7581247035239447	-1.0
Unique Binding	Bound Only	HepG2	RBM15_5	0.001	263	45.65972222222222	0	0.0	263	-1.6410026456968199	-1.6410026456968199	-1.0
Unique Binding	Bound Only	HepG2	RBM15_5	0.01	45	7.8125	0	0.0	45	-1.1624810537932821	-1.1624810537932821	-1.0
Unique Binding	Bound Only	HepG2	RBM15_5	0.1	0	0.0	0	0.0	0	0.0		
Unique Binding	Bound Only	HepG2	RBM15_6	0.0	584	100.0	0	0.0	584	-0.9392692841140985	-0.9392692841140985	-1.0
Unique Binding	Bound Only	HepG2	RBM15_6	1e-05	584	100.0	0	0.0	584	-0.9392692841140985	-0.9392692841140985	-1.0
Unique Binding	Bound Only	HepG2	RBM15_6	0.0001	584	100.0	0	0.0	584	-0.9392692841140985	-0.9392692841140985	-1.0
Unique Binding	Bound Only	HepG2	RBM15_6	0.001	412	70.54794520547945	0	0.0	412	-0.8458987891328172	-0.8458987891328172	-1.0
Unique Binding	Bound Only	HepG2	RBM15_6	0.01	0	0.0	0	0.0	0	0.0		
Unique Binding	Bound Only	HepG2	RBM15_6	0.1	0	0.0	0	0.0	0	0.0		
Unique Binding	Bound Only	HepG2	RBM22_1	0.0	183	100.0	0	0.0	183	-0.3126581577019895	-0.3126581577019895	-1.0
Unique Binding	Bound Only	HepG2	RBM22_1	1e-05	183	100.0	0	0.0	183	-0.3126581577019895	-0.3126581577019895	-1.0
Unique Binding	Bound Only	HepG2	RBM22_1	0.0001	183	100.0	0	0.0	183	-0.3126581577019895	-0.3126581577019895	-1.0
Unique Binding	Bound Only	HepG2	RBM22_1	0.001	108	59.01639344262295	0	0.0	108	-0.2700704203629224	-0.2700704203629224	-1.0
Unique Binding	Bound Only	HepG2	RBM22_1	0.01	0	0.0	0	0.0	0	0.0		
Unique Binding	Bound Only	HepG2	RBM22_1	0.1	0	0.0	0	0.0	0	0.0		
Unique Binding	Bound Only	HepG2	RBM22_2	0.0	7698	100.0	0	0.0	7698	-265.9197999991528	-265.9197999991528	-1.0
Unique Binding	Bound Only	HepG2	RBM22_2	1e-05	7698	100.0	0	0.0	7698	-265.9197999991528	-265.9197999991528	-1.0
Unique Binding	Bound Only	HepG2	RBM22_2	0.0001	7698	100.0	0	0.0	7698	-265.9197999991528	-265.9197999991528	-1.0
Unique Binding	Bound Only	HepG2	RBM22_2	0.001	7698	100.0	0	0.0	7698	-265.9197999991528	-265.9197999991528	-1.0
Unique Binding	Bound Only	HepG2	RBM22_2	0.01	7054	91.63419069888282	0	0.0	7054	-261.05311408664056	-261.05311408664056	-1.0
Unique Binding	Bound Only	HepG2	RBM22_2	0.1	0	0.0	0	0.0	0	0.0		
Unique Binding	Bound Only	HepG2	RBM22_3	0.0	248	100.0	0	0.0	248	-10.404925992811611	-10.404925992811611	-1.0
Unique Binding	Bound Only	HepG2	RBM22_3	1e-05	248	100.0	0	0.0	248	-10.404925992811611	-10.404925992811611	-1.0
Unique Binding	Bound Only	HepG2	RBM22_3	0.0001	248	100.0	0	0.0	248	-10.404925992811611	-10.404925992811611	-1.0
Unique Binding	Bound Only	HepG2	RBM22_3	0.001	248	100.0	0	0.0	248	-10.404925992811611	-10.404925992811611	-1.0
Unique Binding	Bound Only	HepG2	RBM22_3	0.01	246	99.19354838709677	0	0.0	246	-10.386824192676151	-10.386824192676151	-1.0
Unique Binding	Bound Only	HepG2	RBM22_3	0.1	16	6.451612903225806	0	0.0	16	-1.9505460963151573	-1.9505460963151573	-1.0
Unique Binding	Bound Only	HepG2	RBM22_4	0.0	3874	100.0	3872	161.5540552270244	2	-0.003725486325777994	161.55032974069863	0.9999538804468676
Unique Binding	Bound Only	HepG2	RBM22_4	1e-05	3874	100.0	3872	161.5540552270244	2	-0.003725486325777994	161.55032974069863	0.9999538804468676
Unique Binding	Bound Only	HepG2	RBM22_4	0.0001	3874	100.0	3872	161.5540552270244	2	-0.003725486325777994	161.55032974069863	0.9999538804468676
Unique Binding	Bound Only	HepG2	RBM22_4	0.001	3874	100.0	3872	161.5540552270244	2	-0.003725486325777994	161.55032974069863	0.9999538804468676
Unique Binding	Bound Only	HepG2	RBM22_4	0.01	3838	99.07072792978833	3838	161.28636513800765	0	0.0	161.28636513800765	1.0
Unique Binding	Bound Only	HepG2	RBM22_4	0.1	207	5.343314403717088	207	25.552988806146637	0	0.0	25.552988806146637	1.0
Unique Binding	Bound Only	HepG2	RBM22_5	0.0	76	100.0	76	2.1665660275249894	0	0.0	2.1665660275249894	1.0
Unique Binding	Bound Only	HepG2	RBM22_5	1e-05	76	100.0	76	2.1665660275249894	0	0.0	2.1665660275249894	1.0
Unique Binding	Bound Only	HepG2	RBM22_5	0.0001	76	100.0	76	2.1665660275249894	0	0.0	2.1665660275249894	1.0
Unique Binding	Bound Only	HepG2	RBM22_5	0.001	76	100.0	76	2.1665660275249894	0	0.0	2.1665660275249894	1.0
Unique Binding	Bound Only	HepG2	RBM22_5	0.01	76	100.0	76	2.1665660275249894	0	0.0	2.1665660275249894	1.0
Unique Binding	Bound Only	HepG2	RBM22_5	0.1	0	0.0	0	0.0	0	0.0		
Unique Binding	Bound Only	HepG2	RBM22_6	0.0	3853	100.0	0	0.0	3853	-62.561580996346265	-62.561580996346265	-1.0
Unique Binding	Bound Only	HepG2	RBM22_6	1e-05	3853	100.0	0	0.0	3853	-62.561580996346265	-62.561580996346265	-1.0
Unique Binding	Bound Only	HepG2	RBM22_6	0.0001	3853	100.0	0	0.0	3853	-62.561580996346265	-62.561580996346265	-1.0
Unique Binding	Bound Only	HepG2	RBM22_6	0.001	3853	100.0	0	0.0	3853	-62.561580996346265	-62.561580996346265	-1.0
Unique Binding	Bound Only	HepG2	RBM22_6	0.01	2419	62.78224759927329	0	0.0	2419	-52.74559383045642	-52.74559383045642	-1.0
Unique Binding	Bound Only	HepG2	RBM22_6	0.1	0	0.0	0	0.0	0	0.0		
Unique Binding	Bound Only	HepG2	RBM5_1	0.0	1212	100.0	0	0.0	1212	-14.015155409407196	-14.015155409407196	-1.0
Unique Binding	Bound Only	HepG2	RBM5_1	1e-05	1212	100.0	0	0.0	1212	-14.015155409407196	-14.015155409407196	-1.0
Unique Binding	Bound Only	HepG2	RBM5_1	0.0001	1212	100.0	0	0.0	1212	-14.015155409407196	-14.015155409407196	-1.0
Unique Binding	Bound Only	HepG2	RBM5_1	0.001	1212	100.0	0	0.0	1212	-14.015155409407196	-14.015155409407196	-1.0
Unique Binding	Bound Only	HepG2	RBM5_1	0.01	462	38.11881188118812	0	0.0	462	-9.703715940546095	-9.703715940546095	-1.0
Unique Binding	Bound Only	HepG2	RBM5_1	0.1	0	0.0	0	0.0	0	0.0		
Unique Binding	Bound Only	HepG2	RBM5_2	0.0	0	0.0	0	0.0	0	0.0		
Unique Binding	Bound Only	HepG2	RBM5_2	1e-05	0	0.0	0	0.0	0	0.0		
Unique Binding	Bound Only	HepG2	RBM5_2	0.0001	0	0.0	0	0.0	0	0.0		
Unique Binding	Bound Only	HepG2	RBM5_2	0.001	0	0.0	0	0.0	0	0.0		
Unique Binding	Bound Only	HepG2	RBM5_2	0.01	0	0.0	0	0.0	0	0.0		
Unique Binding	Bound Only	HepG2	RBM5_2	0.1	0	0.0	0	0.0	0	0.0		
Unique Binding	Bound Only	HepG2	RBM5_3	0.0	1255	100.0	1255	43.6846380815157	0	0.0	43.6846380815157	1.0
Unique Binding	Bound Only	HepG2	RBM5_3	1e-05	1255	100.0	1255	43.6846380815157	0	0.0	43.6846380815157	1.0
Unique Binding	Bound Only	HepG2	RBM5_3	0.0001	1255	100.0	1255	43.6846380815157	0	0.0	43.6846380815157	1.0
Unique Binding	Bound Only	HepG2	RBM5_3	0.001	1255	100.0	1255	43.6846380815157	0	0.0	43.6846380815157	1.0
Unique Binding	Bound Only	HepG2	RBM5_3	0.01	1249	99.5219123505976	1249	43.62759311435947	0	0.0	43.62759311435947	1.0
Unique Binding	Bound Only	HepG2	RBM5_3	0.1	10	0.796812749003984	10	1.052346375286884	0	0.0	1.052346375286884	1.0
Unique Binding	Bound Only	HepG2	RBM5_4	0.0	479	100.0	0	0.0	479	-17.325442860225223	-17.325442860225223	-1.0
Unique Binding	Bound Only	HepG2	RBM5_4	1e-05	479	100.0	0	0.0	479	-17.325442860225223	-17.325442860225223	-1.0
Unique Binding	Bound Only	HepG2	RBM5_4	0.0001	479	100.0	0	0.0	479	-17.325442860225223	-17.325442860225223	-1.0
Unique Binding	Bound Only	HepG2	RBM5_4	0.001	479	100.0	0	0.0	479	-17.325442860225223	-17.325442860225223	-1.0
Unique Binding	Bound Only	HepG2	RBM5_4	0.01	460	96.03340292275574	0	0.0	460	-17.151760649815472	-17.151760649815472	-1.0
Unique Binding	Bound Only	HepG2	RBM5_4	0.1	7	1.4613778705636742	0	0.0	7	-0.7434909608576004	-0.7434909608576004	-1.0
Unique Binding	Bound Only	HepG2	RBM5_5	0.0	1695	100.0	0	0.0	1695	-8.538955418028635	-8.538955418028635	-1.0
Unique Binding	Bound Only	HepG2	RBM5_5	1e-05	1695	100.0	0	0.0	1695	-8.538955418028635	-8.538955418028635	-1.0
Unique Binding	Bound Only	HepG2	RBM5_5	0.0001	1695	100.0	0	0.0	1695	-8.538955418028635	-8.538955418028635	-1.0
Unique Binding	Bound Only	HepG2	RBM5_5	0.001	1597	94.21828908554572	0	0.0	1597	-8.456896895740247	-8.456896895740247	-1.0
Unique Binding	Bound Only	HepG2	RBM5_5	0.01	234	13.805309734513274	0	0.0	234	-3.731856017449217	-3.731856017449217	-1.0
Unique Binding	Bound Only	HepG2	RBM5_5	0.1	0	0.0	0	0.0	0	0.0		
Unique Binding	Bound Only	HepG2	RBM5_6	0.0	0	0.0	0	0.0	0	0.0		
Unique Binding	Bound Only	HepG2	RBM5_6	1e-05	0	0.0	0	0.0	0	0.0		
Unique Binding	Bound Only	HepG2	RBM5_6	0.0001	0	0.0	0	0.0	0	0.0		
Unique Binding	Bound Only	HepG2	RBM5_6	0.001	0	0.0	0	0.0	0	0.0		
Unique Binding	Bound Only	HepG2	RBM5_6	0.01	0	0.0	0	0.0	0	0.0		
Unique Binding	Bound Only	HepG2	RBM5_6	0.1	0	0.0	0	0.0	0	0.0		
Unique Binding	Bound Only	HepG2	RPS3_1	0.0	5399	100.0	402	1.141709423774173	4997	-1.7872523742095927	-0.6455429504354198	-0.22039992152843976
Unique Binding	Bound Only	HepG2	RPS3_1	1e-05	5260	97.42544915725134	331	1.1413731141981192	4929	-1.7868725238412455	-0.6454994096431264	-0.2204389554133603
Unique Binding	Bound Only	HepG2	RPS3_1	0.0001	3599	66.66049268383034	212	1.1371380427795625	3387	-1.676373417967847	-0.5392353751882843	-0.19165920690617572
Unique Binding	Bound Only	HepG2	RPS3_1	0.001	552	10.224115576958697	191	1.1271947463925442	361	-0.9381775745042151	0.18901717188832912	0.09151723879317807
Unique Binding	Bound Only	HepG2	RPS3_1	0.01	48	0.8890535284311909	44	0.5297380276890874	4	-0.04348863806562938	0.48624938962345804	0.8482672190123195
Unique Binding	Bound Only	HepG2	RPS3_1	0.1	0	0.0	0	0.0	0	0.0		
Unique Binding	Bound Only	HepG2	RPS3_2	0.0	5955	100.0	0	0.0	5955	-78.73486025310075	-78.73486025310075	-1.0
Unique Binding	Bound Only	HepG2	RPS3_2	1e-05	5955	100.0	0	0.0	5955	-78.73486025310075	-78.73486025310075	-1.0
Unique Binding	Bound Only	HepG2	RPS3_2	0.0001	5955	100.0	0	0.0	5955	-78.73486025310075	-78.73486025310075	-1.0
Unique Binding	Bound Only	HepG2	RPS3_2	0.001	5952	99.94962216624685	0	0.0	5952	-78.73192012371587	-78.73192012371587	-1.0
Unique Binding	Bound Only	HepG2	RPS3_2	0.01	2486	41.74643157010915	0	0.0	2486	-62.232317500600296	-62.232317500600296	-1.0
Unique Binding	Bound Only	HepG2	RPS3_2	0.1	0	0.0	0	0.0	0	0.0		
Unique Binding	Bound Only	HepG2	RPS3_3	0.0	5637	100.0	5637	206.43961391388166	0	0.0	206.43961391388166	1.0
Unique Binding	Bound Only	HepG2	RPS3_3	1e-05	5637	100.0	5637	206.43961391388166	0	0.0	206.43961391388166	1.0
Unique Binding	Bound Only	HepG2	RPS3_3	0.0001	5637	100.0	5637	206.43961391388166	0	0.0	206.43961391388166	1.0
Unique Binding	Bound Only	HepG2	RPS3_3	0.001	5637	100.0	5637	206.43961391388166	0	0.0	206.43961391388166	1.0
Unique Binding	Bound Only	HepG2	RPS3_3	0.01	5604	99.41458222458755	5604	206.1481171117214	0	0.0	206.1481171117214	1.0
Unique Binding	Bound Only	HepG2	RPS3_3	0.1	127	2.2529714387085327	127	15.235672515418727	0	0.0	15.235672515418727	1.0
Unique Binding	Bound Only	HepG2	RPS3_4	0.0	5231	100.0	5231	161.40088710793086	0	0.0	161.40088710793086	1.0
Unique Binding	Bound Only	HepG2	RPS3_4	1e-05	5231	100.0	5231	161.40088710793086	0	0.0	161.40088710793086	1.0
Unique Binding	Bound Only	HepG2	RPS3_4	0.0001	5231	100.0	5231	161.40088710793086	0	0.0	161.40088710793086	1.0
Unique Binding	Bound Only	HepG2	RPS3_4	0.001	5231	100.0	5231	161.40088710793086	0	0.0	161.40088710793086	1.0
Unique Binding	Bound Only	HepG2	RPS3_4	0.01	5056	96.6545593576754	5056	159.96239604014573	0	0.0	159.96239604014573	1.0
Unique Binding	Bound Only	HepG2	RPS3_4	0.1	78	1.4911106862932517	78	9.20545997583773	0	0.0	9.20545997583773	1.0
Unique Binding	Bound Only	HepG2	RPS3_5	0.0	5699	100.0	0	0.0	5699	-100.02831045813545	-100.02831045813545	-1.0
Unique Binding	Bound Only	HepG2	RPS3_5	1e-05	5699	100.0	0	0.0	5699	-100.02831045813545	-100.02831045813545	-1.0
Unique Binding	Bound Only	HepG2	RPS3_5	0.0001	5699	100.0	0	0.0	5699	-100.02831045813545	-100.02831045813545	-1.0
Unique Binding	Bound Only	HepG2	RPS3_5	0.001	5699	100.0	0	0.0	5699	-100.02831045813545	-100.02831045813545	-1.0
Unique Binding	Bound Only	HepG2	RPS3_5	0.01	2935	51.50026320407088	0	0.0	2935	-83.22693125799098	-83.22693125799098	-1.0
Unique Binding	Bound Only	HepG2	RPS3_5	0.1	0	0.0	0	0.0	0	0.0		
Unique Binding	Bound Only	HepG2	RPS3_6	0.0	4702	100.0	0	0.0	4702	-109.6184908451777	-109.6184908451777	-1.0
Unique Binding	Bound Only	HepG2	RPS3_6	1e-05	4702	100.0	0	0.0	4702	-109.6184908451777	-109.6184908451777	-1.0
Unique Binding	Bound Only	HepG2	RPS3_6	0.0001	4702	100.0	0	0.0	4702	-109.6184908451777	-109.6184908451777	-1.0
Unique Binding	Bound Only	HepG2	RPS3_6	0.001	4702	100.0	0	0.0	4702	-109.6184908451777	-109.6184908451777	-1.0
Unique Binding	Bound Only	HepG2	RPS3_6	0.01	3242	68.94938324117396	0	0.0	3242	-99.20061453533657	-99.20061453533657	-1.0
Unique Binding	Bound Only	HepG2	RPS3_6	0.1	0	0.0	0	0.0	0	0.0		
Unique Binding	Bound Only	HepG2	SAFB_1	0.0	0	0.0	0	0.0	0	0.0		
Unique Binding	Bound Only	HepG2	SAFB_1	1e-05	0	0.0	0	0.0	0	0.0		
Unique Binding	Bound Only	HepG2	SAFB_1	0.0001	0	0.0	0	0.0	0	0.0		
Unique Binding	Bound Only	HepG2	SAFB_1	0.001	0	0.0	0	0.0	0	0.0		
Unique Binding	Bound Only	HepG2	SAFB_1	0.01	0	0.0	0	0.0	0	0.0		
Unique Binding	Bound Only	HepG2	SAFB_1	0.1	0	0.0	0	0.0	0	0.0		
Unique Binding	Bound Only	HepG2	SAFB_2	0.0	0	0.0	0	0.0	0	0.0		
Unique Binding	Bound Only	HepG2	SAFB_2	1e-05	0	0.0	0	0.0	0	0.0		
Unique Binding	Bound Only	HepG2	SAFB_2	0.0001	0	0.0	0	0.0	0	0.0		
Unique Binding	Bound Only	HepG2	SAFB_2	0.001	0	0.0	0	0.0	0	0.0		
Unique Binding	Bound Only	HepG2	SAFB_2	0.01	0	0.0	0	0.0	0	0.0		
Unique Binding	Bound Only	HepG2	SAFB_2	0.1	0	0.0	0	0.0	0	0.0		
Unique Binding	Bound Only	HepG2	SAFB_3	0.0	9	100.0	0	0.0	9	-0.07511266511145184	-0.07511266511145184	-1.0
Unique Binding	Bound Only	HepG2	SAFB_3	1e-05	9	100.0	0	0.0	9	-0.07511266511145184	-0.07511266511145184	-1.0
Unique Binding	Bound Only	HepG2	SAFB_3	0.0001	9	100.0	0	0.0	9	-0.07511266511145184	-0.07511266511145184	-1.0
Unique Binding	Bound Only	HepG2	SAFB_3	0.001	9	100.0	0	0.0	9	-0.07511266511145184	-0.07511266511145184	-1.0
Unique Binding	Bound Only	HepG2	SAFB_3	0.01	0	0.0	0	0.0	0	0.0		
Unique Binding	Bound Only	HepG2	SAFB_3	0.1	0	0.0	0	0.0	0	0.0		
Unique Binding	Bound Only	HepG2	SAFB_4	0.0	0		0	0.0	0	0.0		
Unique Binding	Bound Only	HepG2	SAFB_4	1e-05	0		0	0.0	0	0.0		
Unique Binding	Bound Only	HepG2	SAFB_4	0.0001	0		0	0.0	0	0.0		
Unique Binding	Bound Only	HepG2	SAFB_4	0.001	0		0	0.0	0	0.0		
Unique Binding	Bound Only	HepG2	SAFB_4	0.01	0		0	0.0	0	0.0		
Unique Binding	Bound Only	HepG2	SAFB_4	0.1	0		0	0.0	0	0.0		
Unique Binding	Bound Only	HepG2	SAFB_5	0.0	0		0	0.0	0	0.0		
Unique Binding	Bound Only	HepG2	SAFB_5	1e-05	0		0	0.0	0	0.0		
Unique Binding	Bound Only	HepG2	SAFB_5	0.0001	0		0	0.0	0	0.0		
Unique Binding	Bound Only	HepG2	SAFB_5	0.001	0		0	0.0	0	0.0		
Unique Binding	Bound Only	HepG2	SAFB_5	0.01	0		0	0.0	0	0.0		
Unique Binding	Bound Only	HepG2	SAFB_5	0.1	0		0	0.0	0	0.0		
Unique Binding	Bound Only	HepG2	SAFB_6	0.0	0	0.0	0	0.0	0	0.0		
Unique Binding	Bound Only	HepG2	SAFB_6	1e-05	0	0.0	0	0.0	0	0.0		
Unique Binding	Bound Only	HepG2	SAFB_6	0.0001	0	0.0	0	0.0	0	0.0		
Unique Binding	Bound Only	HepG2	SAFB_6	0.001	0	0.0	0	0.0	0	0.0		
Unique Binding	Bound Only	HepG2	SAFB_6	0.01	0	0.0	0	0.0	0	0.0		
Unique Binding	Bound Only	HepG2	SAFB_6	0.1	0	0.0	0	0.0	0	0.0		
Unique Binding	Bound Only	HepG2	SDAD1_1	0.0	1218	100.0	1218	13.982194365095264	0	0.0	13.982194365095264	1.0
Unique Binding	Bound Only	HepG2	SDAD1_1	1e-05	1218	100.0	1218	13.982194365095264	0	0.0	13.982194365095264	1.0
Unique Binding	Bound Only	HepG2	SDAD1_1	0.0001	1218	100.0	1218	13.982194365095264	0	0.0	13.982194365095264	1.0
Unique Binding	Bound Only	HepG2	SDAD1_1	0.001	1218	100.0	1218	13.982194365095264	0	0.0	13.982194365095264	1.0
Unique Binding	Bound Only	HepG2	SDAD1_1	0.01	413	33.90804597701149	413	8.658366523075408	0	0.0	8.658366523075408	1.0
Unique Binding	Bound Only	HepG2	SDAD1_1	0.1	0	0.0	0	0.0	0	0.0		
Unique Binding	Bound Only	HepG2	SDAD1_2	0.0	937	56.31009615384615	0	0.0	937	-0.28196702253642414	-0.28196702253642414	-1.0
Unique Binding	Bound Only	HepG2	SDAD1_2	1e-05	746	44.831730769230774	0	0.0	746	-0.28089880637855236	-0.28089880637855236	-1.0
Unique Binding	Bound Only	HepG2	SDAD1_2	0.0001	237	14.242788461538462	0	0.0	237	-0.2593395107899822	-0.2593395107899822	-1.0
Unique Binding	Bound Only	HepG2	SDAD1_2	0.001	139	8.353365384615383	0	0.0	139	-0.22115966046126811	-0.22115966046126811	-1.0
Unique Binding	Bound Only	HepG2	SDAD1_2	0.01	0	0.0	0	0.0	0	0.0		
Unique Binding	Bound Only	HepG2	SDAD1_2	0.1	0	0.0	0	0.0	0	0.0		
Unique Binding	Bound Only	HepG2	SDAD1_3	0.0	1318	100.0	1318	0.3987016747149446	0	0.0	0.3987016747149446	1.0
Unique Binding	Bound Only	HepG2	SDAD1_3	1e-05	1318	100.0	1318	0.3987016747149446	0	0.0	0.3987016747149446	1.0
Unique Binding	Bound Only	HepG2	SDAD1_3	0.0001	850	64.4916540212443	850	0.3608313463881614	0	0.0	0.3608313463881614	1.0
Unique Binding	Bound Only	HepG2	SDAD1_3	0.001	18	1.3657056145675266	18	0.24027380250356933	0	0.0	0.24027380250356933	1.0
Unique Binding	Bound Only	HepG2	SDAD1_3	0.01	9	0.6828528072837633	9	0.2084596624965591	0	0.0	0.2084596624965591	1.0
Unique Binding	Bound Only	HepG2	SDAD1_3	0.1	0	0.0	0	0.0	0	0.0		
Unique Binding	Bound Only	HepG2	SDAD1_4	0.0	1304	100.0	0	0.0	1304	-0.7563954762726853	-0.7563954762726853	-1.0
Unique Binding	Bound Only	HepG2	SDAD1_4	1e-05	1238	94.93865030674846	0	0.0	1238	-0.7558216563694491	-0.7558216563694491	-1.0
Unique Binding	Bound Only	HepG2	SDAD1_4	0.0001	261	20.015337423312886	0	0.0	261	-0.7279366772134711	-0.7279366772134711	-1.0
Unique Binding	Bound Only	HepG2	SDAD1_4	0.001	240	18.404907975460123	0	0.0	240	-0.7246407784275273	-0.7246407784275273	-1.0
Unique Binding	Bound Only	HepG2	SDAD1_4	0.01	1	0.07668711656441718	0	0.0	1	-0.01049981871334792	-0.01049981871334792	-1.0
Unique Binding	Bound Only	HepG2	SDAD1_4	0.1	0	0.0	0	0.0	0	0.0		
Unique Binding	Bound Only	HepG2	SDAD1_5	0.0	1440	100.0	0	0.0	1440	-0.48793783972541216	-0.48793783972541216	-1.0
Unique Binding	Bound Only	HepG2	SDAD1_5	1e-05	1440	100.0	0	0.0	1440	-0.48793783972541216	-0.48793783972541216	-1.0
Unique Binding	Bound Only	HepG2	SDAD1_5	0.0001	1256	87.22222222222223	0	0.0	1256	-0.4725292981784175	-0.4725292981784175	-1.0
Unique Binding	Bound Only	HepG2	SDAD1_5	0.001	91	6.319444444444445	0	0.0	91	-0.10618495377876205	-0.10618495377876205	-1.0
Unique Binding	Bound Only	HepG2	SDAD1_5	0.01	0	0.0	0	0.0	0	0.0		
Unique Binding	Bound Only	HepG2	SDAD1_5	0.1	0	0.0	0	0.0	0	0.0		
Unique Binding	Bound Only	HepG2	SDAD1_6	0.0	1327	100.0	0	0.0	1327	-0.9973714998496983	-0.9973714998496983	-1.0
Unique Binding	Bound Only	HepG2	SDAD1_6	1e-05	1327	100.0	0	0.0	1327	-0.9973714998496983	-0.9973714998496983	-1.0
Unique Binding	Bound Only	HepG2	SDAD1_6	0.0001	891	67.14393368500376	0	0.0	891	-0.9665179264424894	-0.9665179264424894	-1.0
Unique Binding	Bound Only	HepG2	SDAD1_6	0.001	280	21.10022607385079	0	0.0	280	-0.7711437179366287	-0.7711437179366287	-1.0
Unique Binding	Bound Only	HepG2	SDAD1_6	0.01	4	0.30143180105501133	0	0.0	4	-0.04206117987222913	-0.04206117987222913	-1.0
Unique Binding	Bound Only	HepG2	SDAD1_6	0.1	0	0.0	0	0.0	0	0.0		
Unique Binding	Bound Only	HepG2	SF3A3_1	0.0	5047	100.0	154	0.029578247057446206	4893	-1.6375228437584486	-1.6079445967010024	-0.9645153527636764
Unique Binding	Bound Only	HepG2	SF3A3_1	1e-05	3127	61.957598573409946	105	0.029561206846110164	3022	-1.6288008765094744	-1.5992396696633642	-0.9643489113230386
Unique Binding	Bound Only	HepG2	SF3A3_1	0.0001	971	19.2391519714682	83	0.027625793612377065	888	-1.5549116685725888	-1.5272858749602116	-0.9650867113449119
Unique Binding	Bound Only	HepG2	SF3A3_1	0.001	428	8.480285318010699	3	0.01819192998350428	425	-1.3074457023241988	-1.2892537723406945	-0.9725536910839876
Unique Binding	Bound Only	HepG2	SF3A3_1	0.01	4	0.0792550029720626	0	0.0	4	-0.044249654073846435	-0.044249654073846435	-1.0
Unique Binding	Bound Only	HepG2	SF3A3_1	0.1	0	0.0	0	0.0	0	0.0		
Unique Binding	Bound Only	HepG2	SF3A3_2	0.0	0	0.0	0	0.0	0	0.0		
Unique Binding	Bound Only	HepG2	SF3A3_2	1e-05	0	0.0	0	0.0	0	0.0		
Unique Binding	Bound Only	HepG2	SF3A3_2	0.0001	0	0.0	0	0.0	0	0.0		
Unique Binding	Bound Only	HepG2	SF3A3_2	0.001	0	0.0	0	0.0	0	0.0		
Unique Binding	Bound Only	HepG2	SF3A3_2	0.01	0	0.0	0	0.0	0	0.0		
Unique Binding	Bound Only	HepG2	SF3A3_2	0.1	0	0.0	0	0.0	0	0.0		
Unique Binding	Bound Only	HepG2	SF3A3_3	0.0	6423	100.0	6423	256.31123213944215	0	0.0	256.31123213944215	1.0
Unique Binding	Bound Only	HepG2	SF3A3_3	1e-05	6423	100.0	6423	256.31123213944215	0	0.0	256.31123213944215	1.0
Unique Binding	Bound Only	HepG2	SF3A3_3	0.0001	6423	100.0	6423	256.31123213944215	0	0.0	256.31123213944215	1.0
Unique Binding	Bound Only	HepG2	SF3A3_3	0.001	6423	100.0	6423	256.31123213944215	0	0.0	256.31123213944215	1.0
Unique Binding	Bound Only	HepG2	SF3A3_3	0.01	6408	99.76646426903316	6408	256.18084887904234	0	0.0	256.18084887904234	1.0
Unique Binding	Bound Only	HepG2	SF3A3_3	0.1	283	4.406040790907675	283	33.97374999377432	0	0.0	33.97374999377432	1.0
Unique Binding	Bound Only	HepG2	SF3A3_4	0.0	0	0.0	0	0.0	0	0.0		
Unique Binding	Bound Only	HepG2	SF3A3_4	1e-05	0	0.0	0	0.0	0	0.0		
Unique Binding	Bound Only	HepG2	SF3A3_4	0.0001	0	0.0	0	0.0	0	0.0		
Unique Binding	Bound Only	HepG2	SF3A3_4	0.001	0	0.0	0	0.0	0	0.0		
Unique Binding	Bound Only	HepG2	SF3A3_4	0.01	0	0.0	0	0.0	0	0.0		
Unique Binding	Bound Only	HepG2	SF3A3_4	0.1	0	0.0	0	0.0	0	0.0		
Unique Binding	Bound Only	HepG2	SF3A3_5	0.0	10828	100.0	0	0.0	10828	-441.3827510472675	-441.3827510472675	-1.0
Unique Binding	Bound Only	HepG2	SF3A3_5	1e-05	10828	100.0	0	0.0	10828	-441.3827510472675	-441.3827510472675	-1.0
Unique Binding	Bound Only	HepG2	SF3A3_5	0.0001	10828	100.0	0	0.0	10828	-441.3827510472675	-441.3827510472675	-1.0
Unique Binding	Bound Only	HepG2	SF3A3_5	0.001	10828	100.0	0	0.0	10828	-441.3827510472675	-441.3827510472675	-1.0
Unique Binding	Bound Only	HepG2	SF3A3_5	0.01	10451	96.51828592537865	0	0.0	10451	-438.36015784202357	-438.36015784202357	-1.0
Unique Binding	Bound Only	HepG2	SF3A3_5	0.1	133	1.2282970077576651	0	0.0	133	-15.562136645889883	-15.562136645889883	-1.0
Unique Binding	Bound Only	HepG2	SF3A3_6	0.0	233	100.0	233	4.655830681417294	0	0.0	4.655830681417294	1.0
Unique Binding	Bound Only	HepG2	SF3A3_6	1e-05	233	100.0	233	4.655830681417294	0	0.0	4.655830681417294	1.0
Unique Binding	Bound Only	HepG2	SF3A3_6	0.0001	233	100.0	233	4.655830681417294	0	0.0	4.655830681417294	1.0
Unique Binding	Bound Only	HepG2	SF3A3_6	0.001	233	100.0	233	4.655830681417294	0	0.0	4.655830681417294	1.0
Unique Binding	Bound Only	HepG2	SF3A3_6	0.01	187	80.25751072961373	187	4.269886168445739	0	0.0	4.269886168445739	1.0
Unique Binding	Bound Only	HepG2	SF3A3_6	0.1	0	0.0	0	0.0	0	0.0		
Unique Binding	Bound Only	HepG2	SF3B4_1	0.0	9887	100.0	9290	9.58216479385717	597	-1.0654866202257565	8.516678173631414	0.7998644811349647
Unique Binding	Bound Only	HepG2	SF3B4_1	1e-05	9873	99.85839991908567	9286	9.582148903295764	587	-1.0654420023816296	8.516706900914134	0.7998717246333109
Unique Binding	Bound Only	HepG2	SF3B4_1	0.0001	9647	97.5725700414686	9157	9.57226747660634	490	-1.061553866855857	8.510713609750484	0.8003438589818865
Unique Binding	Bound Only	HepG2	SF3B4_1	0.001	2845	28.77515930009103	2691	6.5657492215602336	154	-0.9249361008510708	5.640813120709163	0.753043663953213
Unique Binding	Bound Only	HepG2	SF3B4_1	0.01	80	0.8091433195104683	47	0.891671396750646	33	-0.5419317630568176	0.34973963369382843	0.24395847016743416
Unique Binding	Bound Only	HepG2	SF3B4_1	0.1	0	0.0	0	0.0	0	0.0		
Unique Binding	Bound Only	HepG2	SF3B4_2	0.0	537	100.0	537	24.665252087637313	0	0.0	24.665252087637313	1.0
Unique Binding	Bound Only	HepG2	SF3B4_2	1e-05	537	100.0	537	24.665252087637313	0	0.0	24.665252087637313	1.0
Unique Binding	Bound Only	HepG2	SF3B4_2	0.0001	537	100.0	537	24.665252087637313	0	0.0	24.665252087637313	1.0
Unique Binding	Bound Only	HepG2	SF3B4_2	0.001	537	100.0	537	24.665252087637313	0	0.0	24.665252087637313	1.0
Unique Binding	Bound Only	HepG2	SF3B4_2	0.01	537	100.0	537	24.665252087637313	0	0.0	24.665252087637313	1.0
Unique Binding	Bound Only	HepG2	SF3B4_2	0.1	38	7.076350093109869	38	4.524368667168573	0	0.0	4.524368667168573	1.0
Unique Binding	Bound Only	HepG2	SF3B4_3	0.0	12224	100.0	12215	624.9540944127759	9	-0.08889893123321985	624.8651954815427	0.9997155429876668
Unique Binding	Bound Only	HepG2	SF3B4_3	1e-05	12224	100.0	12215	624.9540944127759	9	-0.08889893123321985	624.8651954815427	0.9997155429876668
Unique Binding	Bound Only	HepG2	SF3B4_3	0.0001	12224	100.0	12215	624.9540944127759	9	-0.08889893123321985	624.8651954815427	0.9997155429876668
Unique Binding	Bound Only	HepG2	SF3B4_3	0.001	12224	100.0	12215	624.9540944127759	9	-0.08889893123321985	624.8651954815427	0.9997155429876668
Unique Binding	Bound Only	HepG2	SF3B4_3	0.01	12182	99.65641361256544	12178	624.6764922570701	4	-0.059258073002352744	624.6172341840678	0.9998102939587786
Unique Binding	Bound Only	HepG2	SF3B4_3	0.1	1090	8.916884816753926	1090	134.2105532316594	0	0.0	134.2105532316594	1.0
Unique Binding	Bound Only	HepG2	SF3B4_4	0.0	785	100.0	0	0.0	785	-25.53828355542922	-25.53828355542922	-1.0
Unique Binding	Bound Only	HepG2	SF3B4_4	1e-05	785	100.0	0	0.0	785	-25.53828355542922	-25.53828355542922	-1.0
Unique Binding	Bound Only	HepG2	SF3B4_4	0.0001	785	100.0	0	0.0	785	-25.53828355542922	-25.53828355542922	-1.0
Unique Binding	Bound Only	HepG2	SF3B4_4	0.001	785	100.0	0	0.0	785	-25.53828355542922	-25.53828355542922	-1.0
Unique Binding	Bound Only	HepG2	SF3B4_4	0.01	714	90.95541401273886	0	0.0	714	-24.998256364767748	-24.998256364767748	-1.0
Unique Binding	Bound Only	HepG2	SF3B4_4	0.1	14	1.78343949044586	0	0.0	14	-1.5596450034860572	-1.5596450034860572	-1.0
Unique Binding	Bound Only	HepG2	SF3B4_5	0.0	16983	100.0	26	0.10165088304681949	16957	-300.31941440995325	-300.2177635269064	-0.9993232772612154
Unique Binding	Bound Only	HepG2	SF3B4_5	1e-05	16983	100.0	26	0.10165088304681949	16957	-300.31941440995325	-300.2177635269064	-0.9993232772612154
Unique Binding	Bound Only	HepG2	SF3B4_5	0.0001	16983	100.0	26	0.10165088304681949	16957	-300.31941440995325	-300.2177635269064	-0.9993232772612154
Unique Binding	Bound Only	HepG2	SF3B4_5	0.001	16964	99.88812341753518	26	0.10165088304681949	16938	-300.3073171644458	-300.205666281399	-0.9993232500100945
Unique Binding	Bound Only	HepG2	SF3B4_5	0.01	12064	71.03574162397692	0	0.0	12064	-264.8084203567739	-264.8084203567739	-1.0
Unique Binding	Bound Only	HepG2	SF3B4_5	0.1	0	0.0	0	0.0	0	0.0		
Unique Binding	Bound Only	HepG2	SF3B4_6	0.0	674	100.0	0	0.0	674	-2.03391391339561	-2.03391391339561	-1.0
Unique Binding	Bound Only	HepG2	SF3B4_6	1e-05	674	100.0	0	0.0	674	-2.03391391339561	-2.03391391339561	-1.0
Unique Binding	Bound Only	HepG2	SF3B4_6	0.0001	674	100.0	0	0.0	674	-2.03391391339561	-2.03391391339561	-1.0
Unique Binding	Bound Only	HepG2	SF3B4_6	0.001	478	70.91988130563797	0	0.0	478	-1.8887909899913542	-1.8887909899913542	-1.0
Unique Binding	Bound Only	HepG2	SF3B4_6	0.01	29	4.302670623145401	0	0.0	29	-0.6316699658542962	-0.6316699658542962	-1.0
Unique Binding	Bound Only	HepG2	SF3B4_6	0.1	0	0.0	0	0.0	0	0.0		
Unique Binding	Bound Only	HepG2	SFPQ_1	0.0	59	100.0	59	1.3690744295139263	0	0.0	1.3690744295139263	1.0
Unique Binding	Bound Only	HepG2	SFPQ_1	1e-05	59	100.0	59	1.3690744295139263	0	0.0	1.3690744295139263	1.0
Unique Binding	Bound Only	HepG2	SFPQ_1	0.0001	59	100.0	59	1.3690744295139263	0	0.0	1.3690744295139263	1.0
Unique Binding	Bound Only	HepG2	SFPQ_1	0.001	59	100.0	59	1.3690744295139263	0	0.0	1.3690744295139263	1.0
Unique Binding	Bound Only	HepG2	SFPQ_1	0.01	57	96.61016949152543	57	1.3499478820300226	0	0.0	1.3499478820300226	1.0
Unique Binding	Bound Only	HepG2	SFPQ_1	0.1	0	0.0	0	0.0	0	0.0		
Unique Binding	Bound Only	HepG2	SFPQ_2	0.0	236	100.0	0	0.0	236	-6.350766877703069	-6.350766877703069	-1.0
Unique Binding	Bound Only	HepG2	SFPQ_2	1e-05	236	100.0	0	0.0	236	-6.350766877703069	-6.350766877703069	-1.0
Unique Binding	Bound Only	HepG2	SFPQ_2	0.0001	236	100.0	0	0.0	236	-6.350766877703069	-6.350766877703069	-1.0
Unique Binding	Bound Only	HepG2	SFPQ_2	0.001	236	100.0	0	0.0	236	-6.350766877703069	-6.350766877703069	-1.0
Unique Binding	Bound Only	HepG2	SFPQ_2	0.01	183	77.54237288135593	0	0.0	183	-6.004406686490636	-6.004406686490636	-1.0
Unique Binding	Bound Only	HepG2	SFPQ_2	0.1	0	0.0	0	0.0	0	0.0		
Unique Binding	Bound Only	HepG2	SFPQ_3	0.0	57	100.0	0	0.0	57	-8.50561111993846	-8.50561111993846	-1.0
Unique Binding	Bound Only	HepG2	SFPQ_3	1e-05	57	100.0	0	0.0	57	-8.50561111993846	-8.50561111993846	-1.0
Unique Binding	Bound Only	HepG2	SFPQ_3	0.0001	57	100.0	0	0.0	57	-8.50561111993846	-8.50561111993846	-1.0
Unique Binding	Bound Only	HepG2	SFPQ_3	0.001	57	100.0	0	0.0	57	-8.50561111993846	-8.50561111993846	-1.0
Unique Binding	Bound Only	HepG2	SFPQ_3	0.01	57	100.0	0	0.0	57	-8.50561111993846	-8.50561111993846	-1.0
Unique Binding	Bound Only	HepG2	SFPQ_3	0.1	57	100.0	0	0.0	57	-8.50561111993846	-8.50561111993846	-1.0
Unique Binding	Bound Only	HepG2	SFPQ_4	0.0	81	100.0	10	0.0037909438828819986	71	-0.1712035498499631	-0.1674126059670811	-0.9566735638131627
Unique Binding	Bound Only	HepG2	SFPQ_4	1e-05	81	100.0	10	0.0037909438828819986	71	-0.1712035498499631	-0.1674126059670811	-0.9566735638131627
Unique Binding	Bound Only	HepG2	SFPQ_4	0.0001	81	100.0	10	0.0037909438828819986	71	-0.1712035498499631	-0.1674126059670811	-0.9566735638131627
Unique Binding	Bound Only	HepG2	SFPQ_4	0.001	48	59.25925925925925	0	0.0	48	-0.15636364088736424	-0.15636364088736424	-1.0
Unique Binding	Bound Only	HepG2	SFPQ_4	0.01	0	0.0	0	0.0	0	0.0		
Unique Binding	Bound Only	HepG2	SFPQ_4	0.1	0	0.0	0	0.0	0	0.0		
Unique Binding	Bound Only	HepG2	SFPQ_5	0.0	0	0.0	0	0.0	0	0.0		
Unique Binding	Bound Only	HepG2	SFPQ_5	1e-05	0	0.0	0	0.0	0	0.0		
Unique Binding	Bound Only	HepG2	SFPQ_5	0.0001	0	0.0	0	0.0	0	0.0		
Unique Binding	Bound Only	HepG2	SFPQ_5	0.001	0	0.0	0	0.0	0	0.0		
Unique Binding	Bound Only	HepG2	SFPQ_5	0.01	0	0.0	0	0.0	0	0.0		
Unique Binding	Bound Only	HepG2	SFPQ_5	0.1	0	0.0	0	0.0	0	0.0		
Unique Binding	Bound Only	HepG2	SFPQ_6	0.0	0	0.0	0	0.0	0	0.0		
Unique Binding	Bound Only	HepG2	SFPQ_6	1e-05	0	0.0	0	0.0	0	0.0		
Unique Binding	Bound Only	HepG2	SFPQ_6	0.0001	0	0.0	0	0.0	0	0.0		
Unique Binding	Bound Only	HepG2	SFPQ_6	0.001	0	0.0	0	0.0	0	0.0		
Unique Binding	Bound Only	HepG2	SFPQ_6	0.01	0	0.0	0	0.0	0	0.0		
Unique Binding	Bound Only	HepG2	SFPQ_6	0.1	0	0.0	0	0.0	0	0.0		
Unique Binding	Bound Only	HepG2	SLTM_1	0.0	0	0.0	0	0.0	0	0.0		
Unique Binding	Bound Only	HepG2	SLTM_1	1e-05	0	0.0	0	0.0	0	0.0		
Unique Binding	Bound Only	HepG2	SLTM_1	0.0001	0	0.0	0	0.0	0	0.0		
Unique Binding	Bound Only	HepG2	SLTM_1	0.001	0	0.0	0	0.0	0	0.0		
Unique Binding	Bound Only	HepG2	SLTM_1	0.01	0	0.0	0	0.0	0	0.0		
Unique Binding	Bound Only	HepG2	SLTM_1	0.1	0	0.0	0	0.0	0	0.0		
Unique Binding	Bound Only	HepG2	SLTM_2	0.0	306	100.0	0	0.0	306	-5.990988636292879	-5.990988636292879	-1.0
Unique Binding	Bound Only	HepG2	SLTM_2	1e-05	306	100.0	0	0.0	306	-5.990988636292879	-5.990988636292879	-1.0
Unique Binding	Bound Only	HepG2	SLTM_2	0.0001	306	100.0	0	0.0	306	-5.990988636292879	-5.990988636292879	-1.0
Unique Binding	Bound Only	HepG2	SLTM_2	0.001	306	100.0	0	0.0	306	-5.990988636292879	-5.990988636292879	-1.0
Unique Binding	Bound Only	HepG2	SLTM_2	0.01	193	63.0718954248366	0	0.0	193	-5.41126738915953	-5.41126738915953	-1.0
Unique Binding	Bound Only	HepG2	SLTM_2	0.1	0	0.0	0	0.0	0	0.0		
Unique Binding	Bound Only	HepG2	SLTM_3	0.0	97	100.0	0	0.0	97	-1.8728275559135144	-1.8728275559135144	-1.0
Unique Binding	Bound Only	HepG2	SLTM_3	1e-05	97	100.0	0	0.0	97	-1.8728275559135144	-1.8728275559135144	-1.0
Unique Binding	Bound Only	HepG2	SLTM_3	0.0001	97	100.0	0	0.0	97	-1.8728275559135144	-1.8728275559135144	-1.0
Unique Binding	Bound Only	HepG2	SLTM_3	0.001	97	100.0	0	0.0	97	-1.8728275559135144	-1.8728275559135144	-1.0
Unique Binding	Bound Only	HepG2	SLTM_3	0.01	65	67.0103092783505	0	0.0	65	-1.701343212940687	-1.701343212940687	-1.0
Unique Binding	Bound Only	HepG2	SLTM_3	0.1	0	0.0	0	0.0	0	0.0		
Unique Binding	Bound Only	HepG2	SLTM_4	0.0	118	100.0	0	0.0	118	-2.452592126934988	-2.452592126934988	-1.0
Unique Binding	Bound Only	HepG2	SLTM_4	1e-05	118	100.0	0	0.0	118	-2.452592126934988	-2.452592126934988	-1.0
Unique Binding	Bound Only	HepG2	SLTM_4	0.0001	118	100.0	0	0.0	118	-2.452592126934988	-2.452592126934988	-1.0
Unique Binding	Bound Only	HepG2	SLTM_4	0.001	118	100.0	0	0.0	118	-2.452592126934988	-2.452592126934988	-1.0
Unique Binding	Bound Only	HepG2	SLTM_4	0.01	93	78.8135593220339	0	0.0	93	-2.2423701529492783	-2.2423701529492783	-1.0
Unique Binding	Bound Only	HepG2	SLTM_4	0.1	0	0.0	0	0.0	0	0.0		
Unique Binding	Bound Only	HepG2	SLTM_5	0.0	0	0.0	0	0.0	0	0.0		
Unique Binding	Bound Only	HepG2	SLTM_5	1e-05	0	0.0	0	0.0	0	0.0		
Unique Binding	Bound Only	HepG2	SLTM_5	0.0001	0	0.0	0	0.0	0	0.0		
Unique Binding	Bound Only	HepG2	SLTM_5	0.001	0	0.0	0	0.0	0	0.0		
Unique Binding	Bound Only	HepG2	SLTM_5	0.01	0	0.0	0	0.0	0	0.0		
Unique Binding	Bound Only	HepG2	SLTM_5	0.1	0	0.0	0	0.0	0	0.0		
Unique Binding	Bound Only	HepG2	SLTM_6	0.0	0	0.0	0	0.0	0	0.0		
Unique Binding	Bound Only	HepG2	SLTM_6	1e-05	0	0.0	0	0.0	0	0.0		
Unique Binding	Bound Only	HepG2	SLTM_6	0.0001	0	0.0	0	0.0	0	0.0		
Unique Binding	Bound Only	HepG2	SLTM_6	0.001	0	0.0	0	0.0	0	0.0		
Unique Binding	Bound Only	HepG2	SLTM_6	0.01	0	0.0	0	0.0	0	0.0		
Unique Binding	Bound Only	HepG2	SLTM_6	0.1	0	0.0	0	0.0	0	0.0		
Unique Binding	Bound Only	HepG2	SMNDC1_1	0.0	217	100.0	217	3.902884774757367	0	0.0	3.902884774757367	1.0
Unique Binding	Bound Only	HepG2	SMNDC1_1	1e-05	217	100.0	217	3.902884774757367	0	0.0	3.902884774757367	1.0
Unique Binding	Bound Only	HepG2	SMNDC1_1	0.0001	217	100.0	217	3.902884774757367	0	0.0	3.902884774757367	1.0
Unique Binding	Bound Only	HepG2	SMNDC1_1	0.001	217	100.0	217	3.902884774757367	0	0.0	3.902884774757367	1.0
Unique Binding	Bound Only	HepG2	SMNDC1_1	0.01	150	69.12442396313364	150	3.3939344495244184	0	0.0	3.3939344495244184	1.0
Unique Binding	Bound Only	HepG2	SMNDC1_1	0.1	0	0.0	0	0.0	0	0.0		
Unique Binding	Bound Only	HepG2	SMNDC1_2	0.0	0	0.0	0	0.0	0	0.0		
Unique Binding	Bound Only	HepG2	SMNDC1_2	1e-05	0	0.0	0	0.0	0	0.0		
Unique Binding	Bound Only	HepG2	SMNDC1_2	0.0001	0	0.0	0	0.0	0	0.0		
Unique Binding	Bound Only	HepG2	SMNDC1_2	0.001	0	0.0	0	0.0	0	0.0		
Unique Binding	Bound Only	HepG2	SMNDC1_2	0.01	0	0.0	0	0.0	0	0.0		
Unique Binding	Bound Only	HepG2	SMNDC1_2	0.1	0	0.0	0	0.0	0	0.0		
Unique Binding	Bound Only	HepG2	SMNDC1_3	0.0	13	4.693140794223827	13	0.019469322456086246	0	0.0	0.019469322456086246	1.0
Unique Binding	Bound Only	HepG2	SMNDC1_3	1e-05	13	4.693140794223827	13	0.019469322456086246	0	0.0	0.019469322456086246	1.0
Unique Binding	Bound Only	HepG2	SMNDC1_3	0.0001	13	4.693140794223827	13	0.019469322456086246	0	0.0	0.019469322456086246	1.0
Unique Binding	Bound Only	HepG2	SMNDC1_3	0.001	7	2.527075812274368	7	0.015050635759876928	0	0.0	0.015050635759876928	1.0
Unique Binding	Bound Only	HepG2	SMNDC1_3	0.01	0	0.0	0	0.0	0	0.0		
Unique Binding	Bound Only	HepG2	SMNDC1_3	0.1	0	0.0	0	0.0	0	0.0		
Unique Binding	Bound Only	HepG2	SMNDC1_4	0.0	0	0.0	0	0.0	0	0.0		
Unique Binding	Bound Only	HepG2	SMNDC1_4	1e-05	0	0.0	0	0.0	0	0.0		
Unique Binding	Bound Only	HepG2	SMNDC1_4	0.0001	0	0.0	0	0.0	0	0.0		
Unique Binding	Bound Only	HepG2	SMNDC1_4	0.001	0	0.0	0	0.0	0	0.0		
Unique Binding	Bound Only	HepG2	SMNDC1_4	0.01	0	0.0	0	0.0	0	0.0		
Unique Binding	Bound Only	HepG2	SMNDC1_4	0.1	0	0.0	0	0.0	0	0.0		
Unique Binding	Bound Only	HepG2	SMNDC1_5	0.0	541	100.0	541	4.581594868531022	0	0.0	4.581594868531022	1.0
Unique Binding	Bound Only	HepG2	SMNDC1_5	1e-05	541	100.0	541	4.581594868531022	0	0.0	4.581594868531022	1.0
Unique Binding	Bound Only	HepG2	SMNDC1_5	0.0001	541	100.0	541	4.581594868531022	0	0.0	4.581594868531022	1.0
Unique Binding	Bound Only	HepG2	SMNDC1_5	0.001	541	100.0	541	4.581594868531022	0	0.0	4.581594868531022	1.0
Unique Binding	Bound Only	HepG2	SMNDC1_5	0.01	210	38.817005545286506	210	2.565170403572208	0	0.0	2.565170403572208	1.0
Unique Binding	Bound Only	HepG2	SMNDC1_5	0.1	0	0.0	0	0.0	0	0.0		
Unique Binding	Bound Only	HepG2	SMNDC1_6	0.0	0	0.0	0	0.0	0	0.0		
Unique Binding	Bound Only	HepG2	SMNDC1_6	1e-05	0	0.0	0	0.0	0	0.0		
Unique Binding	Bound Only	HepG2	SMNDC1_6	0.0001	0	0.0	0	0.0	0	0.0		
Unique Binding	Bound Only	HepG2	SMNDC1_6	0.001	0	0.0	0	0.0	0	0.0		
Unique Binding	Bound Only	HepG2	SMNDC1_6	0.01	0	0.0	0	0.0	0	0.0		
Unique Binding	Bound Only	HepG2	SMNDC1_6	0.1	0	0.0	0	0.0	0	0.0		
Unique Binding	Bound Only	HepG2	SND1_1	0.0	3447	100.0	1365	2.6628848683801354	2082	-1.9449065488034363	0.7179783195766991	0.15581832044288807
Unique Binding	Bound Only	HepG2	SND1_1	1e-05	3435	99.65187119234116	1363	2.6628819482328185	2072	-1.9448351122397662	0.7180468359930523	0.15583570487711473
Unique Binding	Bound Only	HepG2	SND1_1	0.0001	3262	94.63301421525965	1315	2.6597483031224796	1947	-1.9368031689615441	0.7229451341609354	0.15727989527617767
Unique Binding	Bound Only	HepG2	SND1_1	0.001	825	23.93385552654482	397	2.1891146335188987	428	-1.1937118768088648	0.9954027567100339	0.29425179023253806
Unique Binding	Bound Only	HepG2	SND1_1	0.01	77	2.23382651581085	33	0.8963732558584107	44	-0.5293770460980437	0.36699620976036695	0.25740566862006936
Unique Binding	Bound Only	HepG2	SND1_1	0.1	0	0.0	0	0.0	0	0.0		
Unique Binding	Bound Only	HepG2	SND1_2	0.0	4081	100.0	634	0.7548684103767248	3447	-35.34101646934799	-34.58614805897127	-0.9581742676267933
Unique Binding	Bound Only	HepG2	SND1_2	1e-05	4068	99.68145062484686	626	0.7548192488011446	3442	-35.34099737837205	-34.586178129570904	-0.9581769124883622
Unique Binding	Bound Only	HepG2	SND1_2	0.0001	3974	97.37809360450869	581	0.7522574303765256	3393	-35.338172418795324	-34.5859149884188	-0.9583126367006246
Unique Binding	Bound Only	HepG2	SND1_2	0.001	3131	76.72139181573144	244	0.6122252412782216	2887	-35.09056631802415	-34.47834107674593	-0.9657043489016081
Unique Binding	Bound Only	HepG2	SND1_2	0.01	1122	27.49326145552561	0	0.0	1122	-25.125936433460513	-25.125936433460513	-1.0
Unique Binding	Bound Only	HepG2	SND1_2	0.1	0	0.0	0	0.0	0	0.0		
Unique Binding	Bound Only	HepG2	SND1_3	0.0	4213	100.0	4213	208.64805288726643	0	0.0	208.64805288726643	1.0
Unique Binding	Bound Only	HepG2	SND1_3	1e-05	4213	100.0	4213	208.64805288726643	0	0.0	208.64805288726643	1.0
Unique Binding	Bound Only	HepG2	SND1_3	0.0001	4213	100.0	4213	208.64805288726643	0	0.0	208.64805288726643	1.0
Unique Binding	Bound Only	HepG2	SND1_3	0.001	4213	100.0	4213	208.64805288726643	0	0.0	208.64805288726643	1.0
Unique Binding	Bound Only	HepG2	SND1_3	0.01	4213	100.0	4213	208.64805288726643	0	0.0	208.64805288726643	1.0
Unique Binding	Bound Only	HepG2	SND1_3	0.1	411	9.755518632803229	411	51.33522111044753	0	0.0	51.33522111044753	1.0
Unique Binding	Bound Only	HepG2	SND1_4	0.0	4989	100.0	4989	304.9972592022692	0	0.0	304.9972592022692	1.0
Unique Binding	Bound Only	HepG2	SND1_4	1e-05	4989	100.0	4989	304.9972592022692	0	0.0	304.9972592022692	1.0
Unique Binding	Bound Only	HepG2	SND1_4	0.0001	4989	100.0	4989	304.9972592022692	0	0.0	304.9972592022692	1.0
Unique Binding	Bound Only	HepG2	SND1_4	0.001	4989	100.0	4989	304.9972592022692	0	0.0	304.9972592022692	1.0
Unique Binding	Bound Only	HepG2	SND1_4	0.01	4989	100.0	4989	304.9972592022692	0	0.0	304.9972592022692	1.0
Unique Binding	Bound Only	HepG2	SND1_4	0.1	710	14.231308879534977	710	92.00648900404823	0	0.0	92.00648900404823	1.0
Unique Binding	Bound Only	HepG2	SND1_5	0.0	5480	100.0	3251	26.100024479871898	2229	-13.725304752149693	12.374719727722205	0.3107248569277941
Unique Binding	Bound Only	HepG2	SND1_5	1e-05	5480	100.0	3251	26.100024479871898	2229	-13.725304752149693	12.374719727722205	0.3107248569277941
Unique Binding	Bound Only	HepG2	SND1_5	0.0001	5471	99.83576642335767	3251	26.100024479871898	2220	-13.724684774795717	12.37533970507618	0.31074526184081913
Unique Binding	Bound Only	HepG2	SND1_5	0.001	5365	97.90145985401459	3190	26.061493677945613	2175	-13.692999334178182	12.36849434376743	0.3111219237532586
Unique Binding	Bound Only	HepG2	SND1_5	0.01	1126	20.547445255474454	795	13.229274679315136	331	-5.563375214527797	7.665899464787339	0.4079200915299832
Unique Binding	Bound Only	HepG2	SND1_5	0.1	0	0.0	0	0.0	0	0.0		
Unique Binding	Bound Only	HepG2	SND1_6	0.0	4917	100.0	120	0.16860701011455137	4797	-20.84889449949518	-20.68028748938063	-0.9839555610320797
Unique Binding	Bound Only	HepG2	SND1_6	1e-05	4910	99.85763677038845	119	0.1686023761492187	4791	-20.848842656067216	-20.680240279917996	-0.9839559588817024
Unique Binding	Bound Only	HepG2	SND1_6	0.0001	4888	99.41020947732358	109	0.16818170214332465	4779	-20.848363349015884	-20.68018164687256	-0.9839953044866383
Unique Binding	Bound Only	HepG2	SND1_6	0.001	4178	84.97051047386618	86	0.1547580183045001	4092	-20.41003580693551	-20.255277788631012	-0.9849492273426483
Unique Binding	Bound Only	HepG2	SND1_6	0.01	418	8.501118568232663	0	0.0	418	-6.468169345842904	-6.468169345842904	-1.0
Unique Binding	Bound Only	HepG2	SND1_6	0.1	0	0.0	0	0.0	0	0.0		
Unique Binding	Bound Only	HepG2	SRSF1_1	0.0	1852	100.0	0	0.0	1852	-6.782462131111999	-6.782462131111999	-1.0
Unique Binding	Bound Only	HepG2	SRSF1_1	1e-05	1852	100.0	0	0.0	1852	-6.782462131111999	-6.782462131111999	-1.0
Unique Binding	Bound Only	HepG2	SRSF1_1	0.0001	1852	100.0	0	0.0	1852	-6.782462131111999	-6.782462131111999	-1.0
Unique Binding	Bound Only	HepG2	SRSF1_1	0.001	1530	82.6133909287257	0	0.0	1530	-6.550009162581208	-6.550009162581208	-1.0
Unique Binding	Bound Only	HepG2	SRSF1_1	0.01	85	4.58963282937365	0	0.0	85	-1.5530288373634389	-1.5530288373634389	-1.0
Unique Binding	Bound Only	HepG2	SRSF1_1	0.1	0	0.0	0	0.0	0	0.0		
Unique Binding	Bound Only	HepG2	SRSF1_2	0.0	2991	100.0	0	0.0	2991	-77.15837943273021	-77.15837943273021	-1.0
Unique Binding	Bound Only	HepG2	SRSF1_2	1e-05	2991	100.0	0	0.0	2991	-77.15837943273021	-77.15837943273021	-1.0
Unique Binding	Bound Only	HepG2	SRSF1_2	0.0001	2991	100.0	0	0.0	2991	-77.15837943273021	-77.15837943273021	-1.0
Unique Binding	Bound Only	HepG2	SRSF1_2	0.001	2987	99.86626546305584	0	0.0	2987	-77.15520887780225	-77.15520887780225	-1.0
Unique Binding	Bound Only	HepG2	SRSF1_2	0.01	2392	79.97325309261116	0	0.0	2392	-72.9407277476667	-72.9407277476667	-1.0
Unique Binding	Bound Only	HepG2	SRSF1_2	0.1	0	0.0	0	0.0	0	0.0		
Unique Binding	Bound Only	HepG2	SRSF1_3	0.0	1223	100.0	33	0.40925305902586934	1190	-7.211667332109222	-6.802414273083353	-0.8925974716907091
Unique Binding	Bound Only	HepG2	SRSF1_3	1e-05	1223	100.0	33	0.40925305902586934	1190	-7.211667332109222	-6.802414273083353	-0.8925974716907091
Unique Binding	Bound Only	HepG2	SRSF1_3	0.0001	1223	100.0	33	0.40925305902586934	1190	-7.211667332109222	-6.802414273083353	-0.8925974716907091
Unique Binding	Bound Only	HepG2	SRSF1_3	0.001	1116	91.25102207686018	33	0.40925305902586934	1083	-7.126778408604549	-6.71752534957868	-0.8913876459290975
Unique Binding	Bound Only	HepG2	SRSF1_3	0.01	192	15.699100572363042	24	0.3324022094932293	168	-2.614396004217457	-2.2819937947242277	-0.7743977121021396
Unique Binding	Bound Only	HepG2	SRSF1_3	0.1	0	0.0	0	0.0	0	0.0		
Unique Binding	Bound Only	HepG2	SRSF1_4	0.0	1940	100.0	144	0.1274826005215917	1796	-2.8525106088888412	-2.7250280083672496	-0.9144410127385404
Unique Binding	Bound Only	HepG2	SRSF1_4	1e-05	1940	100.0	144	0.1274826005215917	1796	-2.8525106088888412	-2.7250280083672496	-0.9144410127385404
Unique Binding	Bound Only	HepG2	SRSF1_4	0.0001	1547	79.74226804123712	77	0.1226050192162493	1470	-2.8309108669714838	-2.7083058477552346	-0.9169769021459355
Unique Binding	Bound Only	HepG2	SRSF1_4	0.001	538	27.7319587628866	11	0.11271991997817785	527	-2.544133686880633	-2.431413766902455	-0.915147812670457
Unique Binding	Bound Only	HepG2	SRSF1_4	0.01	49	2.5257731958762886	4	0.0675607065743259	45	-1.0628402428410748	-0.9952795362667489	-0.8804659415594693
Unique Binding	Bound Only	HepG2	SRSF1_4	0.1	0	0.0	0	0.0	0	0.0		
Unique Binding	Bound Only	HepG2	SRSF1_5	0.0	1522	100.0	1352	0.5309075248219872	170	-0.0573263904027307	0.47358113441925653	0.8050898157382483
Unique Binding	Bound Only	HepG2	SRSF1_5	1e-05	1522	100.0	1352	0.5309075248219872	170	-0.0573263904027307	0.47358113441925653	0.8050898157382483
Unique Binding	Bound Only	HepG2	SRSF1_5	0.0001	1485	97.56898817345598	1319	0.5280905501131347	166	-0.05725718683241099	0.47083336328072367	0.8043652235466401
Unique Binding	Bound Only	HepG2	SRSF1_5	0.001	74	4.862023653088042	68	0.09895455242455392	6	-0.00707390751729234	0.09188064490726158	0.8665658725747373
Unique Binding	Bound Only	HepG2	SRSF1_5	0.01	0	0.0	0	0.0	0	0.0		
Unique Binding	Bound Only	HepG2	SRSF1_5	0.1	0	0.0	0	0.0	0	0.0		
Unique Binding	Bound Only	HepG2	SRSF1_6	0.0	1759	100.0	405	0.7254453581225638	1354	-1.4016679331757746	-0.6762225750532108	-0.31790623368276777
Unique Binding	Bound Only	HepG2	SRSF1_6	1e-05	1754	99.71574758385447	402	0.7254256209403183	1352	-1.401661662247017	-0.6762360413066988	-0.31791645159637855
Unique Binding	Bound Only	HepG2	SRSF1_6	0.0001	1673	95.11085844229676	357	0.7225997377956542	1316	-1.399694113306119	-0.6770943755104647	-0.31903893759054913
Unique Binding	Bound Only	HepG2	SRSF1_6	0.001	655	37.23706651506538	150	0.6044131182888082	505	-1.01137226655456	-0.40695914826575175	-0.251864605338785
Unique Binding	Bound Only	HepG2	SRSF1_6	0.01	21	1.1938601478112563	21	0.2469209052091858	0	0.0	0.2469209052091858	1.0
Unique Binding	Bound Only	HepG2	SRSF1_6	0.1	0	0.0	0	0.0	0	0.0		
Unique Binding	Bound Only	HepG2	SRSF7_1	0.0	58	36.477987421383645	0	0.0	58	-0.3897836396099003	-0.3897836396099003	-1.0
Unique Binding	Bound Only	HepG2	SRSF7_1	1e-05	58	36.477987421383645	0	0.0	58	-0.3897836396099003	-0.3897836396099003	-1.0
Unique Binding	Bound Only	HepG2	SRSF7_1	0.0001	58	36.477987421383645	0	0.0	58	-0.3897836396099003	-0.3897836396099003	-1.0
Unique Binding	Bound Only	HepG2	SRSF7_1	0.001	58	36.477987421383645	0	0.0	58	-0.3897836396099003	-0.3897836396099003	-1.0
Unique Binding	Bound Only	HepG2	SRSF7_1	0.01	14	8.80503144654088	0	0.0	14	-0.14780188678339654	-0.14780188678339654	-1.0
Unique Binding	Bound Only	HepG2	SRSF7_1	0.1	0	0.0	0	0.0	0	0.0		
Unique Binding	Bound Only	HepG2	SRSF7_2	0.0	416	100.0	0	0.0	416	-0.5976726638000657	-0.5976726638000657	-1.0
Unique Binding	Bound Only	HepG2	SRSF7_2	1e-05	416	100.0	0	0.0	416	-0.5976726638000657	-0.5976726638000657	-1.0
Unique Binding	Bound Only	HepG2	SRSF7_2	0.0001	411	98.79807692307693	0	0.0	411	-0.5972417511481509	-0.5972417511481509	-1.0
Unique Binding	Bound Only	HepG2	SRSF7_2	0.001	136	32.69230769230769	0	0.0	136	-0.5040849434774037	-0.5040849434774037	-1.0
Unique Binding	Bound Only	HepG2	SRSF7_2	0.01	11	2.644230769230769	0	0.0	11	-0.2235072068843872	-0.2235072068843872	-1.0
Unique Binding	Bound Only	HepG2	SRSF7_2	0.1	0	0.0	0	0.0	0	0.0		
Unique Binding	Bound Only	HepG2	SRSF7_3	0.0	0	0.0	0	0.0	0	0.0		
Unique Binding	Bound Only	HepG2	SRSF7_3	1e-05	0	0.0	0	0.0	0	0.0		
Unique Binding	Bound Only	HepG2	SRSF7_3	0.0001	0	0.0	0	0.0	0	0.0		
Unique Binding	Bound Only	HepG2	SRSF7_3	0.001	0	0.0	0	0.0	0	0.0		
Unique Binding	Bound Only	HepG2	SRSF7_3	0.01	0	0.0	0	0.0	0	0.0		
Unique Binding	Bound Only	HepG2	SRSF7_3	0.1	0	0.0	0	0.0	0	0.0		
Unique Binding	Bound Only	HepG2	SRSF7_4	0.0	276	100.0	263	1.013047057324209	13	-0.015929153840035078	0.9971179034841738	0.969038829727634
Unique Binding	Bound Only	HepG2	SRSF7_4	1e-05	276	100.0	263	1.013047057324209	13	-0.015929153840035078	0.9971179034841738	0.969038829727634
Unique Binding	Bound Only	HepG2	SRSF7_4	0.0001	275	99.63768115942028	263	1.013047057324209	12	-0.015844618347014238	0.9972024389771947	0.9692006093125837
Unique Binding	Bound Only	HepG2	SRSF7_4	0.001	249	90.21739130434783	240	0.9997946068944673	9	-0.01422919634804438	0.9855654105464229	0.9719351827786603
Unique Binding	Bound Only	HepG2	SRSF7_4	0.01	2	0.7246376811594203	2	0.020962781742349744	0	0.0	0.020962781742349744	1.0
Unique Binding	Bound Only	HepG2	SRSF7_4	0.1	0	0.0	0	0.0	0	0.0		
Unique Binding	Bound Only	HepG2	SRSF7_5	0.0	327	100.0	0	0.0	327	-9.698249936970996	-9.698249936970996	-1.0
Unique Binding	Bound Only	HepG2	SRSF7_5	1e-05	327	100.0	0	0.0	327	-9.698249936970996	-9.698249936970996	-1.0
Unique Binding	Bound Only	HepG2	SRSF7_5	0.0001	327	100.0	0	0.0	327	-9.698249936970996	-9.698249936970996	-1.0
Unique Binding	Bound Only	HepG2	SRSF7_5	0.001	327	100.0	0	0.0	327	-9.698249936970996	-9.698249936970996	-1.0
Unique Binding	Bound Only	HepG2	SRSF7_5	0.01	273	83.4862385321101	0	0.0	273	-9.29230300122028	-9.29230300122028	-1.0
Unique Binding	Bound Only	HepG2	SRSF7_5	0.1	2	0.6116207951070336	0	0.0	2	-0.20148123208422436	-0.20148123208422436	-1.0
Unique Binding	Bound Only	HepG2	SRSF7_6	0.0	0	0.0	0	0.0	0	0.0		
Unique Binding	Bound Only	HepG2	SRSF7_6	1e-05	0	0.0	0	0.0	0	0.0		
Unique Binding	Bound Only	HepG2	SRSF7_6	0.0001	0	0.0	0	0.0	0	0.0		
Unique Binding	Bound Only	HepG2	SRSF7_6	0.001	0	0.0	0	0.0	0	0.0		
Unique Binding	Bound Only	HepG2	SRSF7_6	0.01	0	0.0	0	0.0	0	0.0		
Unique Binding	Bound Only	HepG2	SRSF7_6	0.1	0	0.0	0	0.0	0	0.0		
Unique Binding	Bound Only	HepG2	SRSF9_1	0.0	413	100.0	64	0.648059537563511	349	-4.090387294789417	-3.4423277572259057	-0.7264675280774608
Unique Binding	Bound Only	HepG2	SRSF9_1	1e-05	413	100.0	64	0.648059537563511	349	-4.090387294789417	-3.4423277572259057	-0.7264675280774608
Unique Binding	Bound Only	HepG2	SRSF9_1	0.0001	411	99.51573849878935	64	0.648059537563511	347	-4.090321183477272	-3.442261645913761	-0.7264637116701905
Unique Binding	Bound Only	HepG2	SRSF9_1	0.001	409	99.0314769975787	63	0.6471315301942744	346	-4.089932360350868	-3.442800830156594	-0.7267794798014421
Unique Binding	Bound Only	HepG2	SRSF9_1	0.01	97	23.486682808716708	23	0.479960905499363	74	-2.7484085799520965	-2.2684476744527338	-0.7026604868728373
Unique Binding	Bound Only	HepG2	SRSF9_1	0.1	0	0.0	0	0.0	0	0.0		
Unique Binding	Bound Only	HepG2	SRSF9_2	0.0	0	0.0	0	0.0	0	0.0		
Unique Binding	Bound Only	HepG2	SRSF9_2	1e-05	0	0.0	0	0.0	0	0.0		
Unique Binding	Bound Only	HepG2	SRSF9_2	0.0001	0	0.0	0	0.0	0	0.0		
Unique Binding	Bound Only	HepG2	SRSF9_2	0.001	0	0.0	0	0.0	0	0.0		
Unique Binding	Bound Only	HepG2	SRSF9_2	0.01	0	0.0	0	0.0	0	0.0		
Unique Binding	Bound Only	HepG2	SRSF9_2	0.1	0	0.0	0	0.0	0	0.0		
Unique Binding	Bound Only	HepG2	SRSF9_3	0.0	308	100.0	308	0.6560655728355123	0	0.0	0.6560655728355123	1.0
Unique Binding	Bound Only	HepG2	SRSF9_3	1e-05	308	100.0	308	0.6560655728355123	0	0.0	0.6560655728355123	1.0
Unique Binding	Bound Only	HepG2	SRSF9_3	0.0001	308	100.0	308	0.6560655728355123	0	0.0	0.6560655728355123	1.0
Unique Binding	Bound Only	HepG2	SRSF9_3	0.001	238	77.27272727272727	238	0.5962459129030777	0	0.0	0.5962459129030777	1.0
Unique Binding	Bound Only	HepG2	SRSF9_3	0.01	2	0.6493506493506493	2	0.024839561980722714	0	0.0	0.024839561980722714	1.0
Unique Binding	Bound Only	HepG2	SRSF9_3	0.1	0	0.0	0	0.0	0	0.0		
Unique Binding	Bound Only	HepG2	SRSF9_4	0.0	419	100.0	0	0.0	419	-0.8021479690379367	-0.8021479690379367	-1.0
Unique Binding	Bound Only	HepG2	SRSF9_4	1e-05	419	100.0	0	0.0	419	-0.8021479690379367	-0.8021479690379367	-1.0
Unique Binding	Bound Only	HepG2	SRSF9_4	0.0001	346	82.57756563245823	0	0.0	346	-0.7958501825510766	-0.7958501825510766	-1.0
Unique Binding	Bound Only	HepG2	SRSF9_4	0.001	84	20.047732696897373	0	0.0	84	-0.7481712129572939	-0.7481712129572939	-1.0
Unique Binding	Bound Only	HepG2	SRSF9_4	0.01	27	6.443914081145586	0	0.0	27	-0.48354487160161047	-0.48354487160161047	-1.0
Unique Binding	Bound Only	HepG2	SRSF9_4	0.1	0	0.0	0	0.0	0	0.0		
Unique Binding	Bound Only	HepG2	SRSF9_5	0.0	0	0.0	0	0.0	0	0.0		
Unique Binding	Bound Only	HepG2	SRSF9_5	1e-05	0	0.0	0	0.0	0	0.0		
Unique Binding	Bound Only	HepG2	SRSF9_5	0.0001	0	0.0	0	0.0	0	0.0		
Unique Binding	Bound Only	HepG2	SRSF9_5	0.001	0	0.0	0	0.0	0	0.0		
Unique Binding	Bound Only	HepG2	SRSF9_5	0.01	0	0.0	0	0.0	0	0.0		
Unique Binding	Bound Only	HepG2	SRSF9_5	0.1	0	0.0	0	0.0	0	0.0		
Unique Binding	Bound Only	HepG2	SRSF9_6	0.0	399	100.0	399	10.229973591523002	0	0.0	10.229973591523002	1.0
Unique Binding	Bound Only	HepG2	SRSF9_6	1e-05	399	100.0	399	10.229973591523002	0	0.0	10.229973591523002	1.0
Unique Binding	Bound Only	HepG2	SRSF9_6	0.0001	399	100.0	399	10.229973591523002	0	0.0	10.229973591523002	1.0
Unique Binding	Bound Only	HepG2	SRSF9_6	0.001	399	100.0	399	10.229973591523002	0	0.0	10.229973591523002	1.0
Unique Binding	Bound Only	HepG2	SRSF9_6	0.01	348	87.21804511278195	348	9.785508056571409	0	0.0	9.785508056571409	1.0
Unique Binding	Bound Only	HepG2	SRSF9_6	0.1	0	0.0	0	0.0	0	0.0		
Unique Binding	Bound Only	HepG2	SSB_1	0.0	0	0.0	0	0.0	0	0.0		
Unique Binding	Bound Only	HepG2	SSB_1	1e-05	0	0.0	0	0.0	0	0.0		
Unique Binding	Bound Only	HepG2	SSB_1	0.0001	0	0.0	0	0.0	0	0.0		
Unique Binding	Bound Only	HepG2	SSB_1	0.001	0	0.0	0	0.0	0	0.0		
Unique Binding	Bound Only	HepG2	SSB_1	0.01	0	0.0	0	0.0	0	0.0		
Unique Binding	Bound Only	HepG2	SSB_1	0.1	0	0.0	0	0.0	0	0.0		
Unique Binding	Bound Only	HepG2	SSB_2	0.0	0	0.0	0	0.0	0	0.0		
Unique Binding	Bound Only	HepG2	SSB_2	1e-05	0	0.0	0	0.0	0	0.0		
Unique Binding	Bound Only	HepG2	SSB_2	0.0001	0	0.0	0	0.0	0	0.0		
Unique Binding	Bound Only	HepG2	SSB_2	0.001	0	0.0	0	0.0	0	0.0		
Unique Binding	Bound Only	HepG2	SSB_2	0.01	0	0.0	0	0.0	0	0.0		
Unique Binding	Bound Only	HepG2	SSB_2	0.1	0	0.0	0	0.0	0	0.0		
Unique Binding	Bound Only	HepG2	SSB_3	0.0	9	100.0	9	0.072575966595004	0	0.0	0.072575966595004	1.0
Unique Binding	Bound Only	HepG2	SSB_3	1e-05	9	100.0	9	0.072575966595004	0	0.0	0.072575966595004	1.0
Unique Binding	Bound Only	HepG2	SSB_3	0.0001	9	100.0	9	0.072575966595004	0	0.0	0.072575966595004	1.0
Unique Binding	Bound Only	HepG2	SSB_3	0.001	9	100.0	9	0.072575966595004	0	0.0	0.072575966595004	1.0
Unique Binding	Bound Only	HepG2	SSB_3	0.01	0	0.0	0	0.0	0	0.0		
Unique Binding	Bound Only	HepG2	SSB_3	0.1	0	0.0	0	0.0	0	0.0		
Unique Binding	Bound Only	HepG2	SSB_4	0.0	45	100.0	45	0.6481712007254927	0	0.0	0.6481712007254927	1.0
Unique Binding	Bound Only	HepG2	SSB_4	1e-05	45	100.0	45	0.6481712007254927	0	0.0	0.6481712007254927	1.0
Unique Binding	Bound Only	HepG2	SSB_4	0.0001	45	100.0	45	0.6481712007254927	0	0.0	0.6481712007254927	1.0
Unique Binding	Bound Only	HepG2	SSB_4	0.001	45	100.0	45	0.6481712007254927	0	0.0	0.6481712007254927	1.0
Unique Binding	Bound Only	HepG2	SSB_4	0.01	25	55.55555555555556	25	0.5200146320465255	0	0.0	0.5200146320465255	1.0
Unique Binding	Bound Only	HepG2	SSB_4	0.1	0	0.0	0	0.0	0	0.0		
Unique Binding	Bound Only	HepG2	SSB_5	0.0	0	0.0	0	0.0	0	0.0		
Unique Binding	Bound Only	HepG2	SSB_5	1e-05	0	0.0	0	0.0	0	0.0		
Unique Binding	Bound Only	HepG2	SSB_5	0.0001	0	0.0	0	0.0	0	0.0		
Unique Binding	Bound Only	HepG2	SSB_5	0.001	0	0.0	0	0.0	0	0.0		
Unique Binding	Bound Only	HepG2	SSB_5	0.01	0	0.0	0	0.0	0	0.0		
Unique Binding	Bound Only	HepG2	SSB_5	0.1	0	0.0	0	0.0	0	0.0		
Unique Binding	Bound Only	HepG2	SSB_6	0.0	0	0.0	0	0.0	0	0.0		
Unique Binding	Bound Only	HepG2	SSB_6	1e-05	0	0.0	0	0.0	0	0.0		
Unique Binding	Bound Only	HepG2	SSB_6	0.0001	0	0.0	0	0.0	0	0.0		
Unique Binding	Bound Only	HepG2	SSB_6	0.001	0	0.0	0	0.0	0	0.0		
Unique Binding	Bound Only	HepG2	SSB_6	0.01	0	0.0	0	0.0	0	0.0		
Unique Binding	Bound Only	HepG2	SSB_6	0.1	0	0.0	0	0.0	0	0.0		
Unique Binding	Bound Only	HepG2	STAU2_1	0.0	67	100.0	0	0.0	67	-0.6650382725202612	-0.6650382725202612	-1.0
Unique Binding	Bound Only	HepG2	STAU2_1	1e-05	67	100.0	0	0.0	67	-0.6650382725202612	-0.6650382725202612	-1.0
Unique Binding	Bound Only	HepG2	STAU2_1	0.0001	67	100.0	0	0.0	67	-0.6650382725202612	-0.6650382725202612	-1.0
Unique Binding	Bound Only	HepG2	STAU2_1	0.001	37	55.223880597014926	0	0.0	37	-0.6474273520739379	-0.6474273520739379	-1.0
Unique Binding	Bound Only	HepG2	STAU2_1	0.01	26	38.80597014925373	0	0.0	26	-0.6065293209581004	-0.6065293209581004	-1.0
Unique Binding	Bound Only	HepG2	STAU2_1	0.1	0	0.0	0	0.0	0	0.0		
Unique Binding	Bound Only	HepG2	STAU2_2	0.0	0	0.0	0	0.0	0	0.0		
Unique Binding	Bound Only	HepG2	STAU2_2	1e-05	0	0.0	0	0.0	0	0.0		
Unique Binding	Bound Only	HepG2	STAU2_2	0.0001	0	0.0	0	0.0	0	0.0		
Unique Binding	Bound Only	HepG2	STAU2_2	0.001	0	0.0	0	0.0	0	0.0		
Unique Binding	Bound Only	HepG2	STAU2_2	0.01	0	0.0	0	0.0	0	0.0		
Unique Binding	Bound Only	HepG2	STAU2_2	0.1	0	0.0	0	0.0	0	0.0		
Unique Binding	Bound Only	HepG2	STAU2_3	0.0	55	100.0	0	0.0	55	-0.2035354254094366	-0.2035354254094366	-1.0
Unique Binding	Bound Only	HepG2	STAU2_3	1e-05	55	100.0	0	0.0	55	-0.2035354254094366	-0.2035354254094366	-1.0
Unique Binding	Bound Only	HepG2	STAU2_3	0.0001	55	100.0	0	0.0	55	-0.2035354254094366	-0.2035354254094366	-1.0
Unique Binding	Bound Only	HepG2	STAU2_3	0.001	55	100.0	0	0.0	55	-0.2035354254094366	-0.2035354254094366	-1.0
Unique Binding	Bound Only	HepG2	STAU2_3	0.01	0	0.0	0	0.0	0	0.0		
Unique Binding	Bound Only	HepG2	STAU2_3	0.1	0	0.0	0	0.0	0	0.0		
Unique Binding	Bound Only	HepG2	STAU2_4	0.0	0	0.0	0	0.0	0	0.0		
Unique Binding	Bound Only	HepG2	STAU2_4	1e-05	0	0.0	0	0.0	0	0.0		
Unique Binding	Bound Only	HepG2	STAU2_4	0.0001	0	0.0	0	0.0	0	0.0		
Unique Binding	Bound Only	HepG2	STAU2_4	0.001	0	0.0	0	0.0	0	0.0		
Unique Binding	Bound Only	HepG2	STAU2_4	0.01	0	0.0	0	0.0	0	0.0		
Unique Binding	Bound Only	HepG2	STAU2_4	0.1	0	0.0	0	0.0	0	0.0		
Unique Binding	Bound Only	HepG2	STAU2_5	0.0	0	0.0	0	0.0	0	0.0		
Unique Binding	Bound Only	HepG2	STAU2_5	1e-05	0	0.0	0	0.0	0	0.0		
Unique Binding	Bound Only	HepG2	STAU2_5	0.0001	0	0.0	0	0.0	0	0.0		
Unique Binding	Bound Only	HepG2	STAU2_5	0.001	0	0.0	0	0.0	0	0.0		
Unique Binding	Bound Only	HepG2	STAU2_5	0.01	0	0.0	0	0.0	0	0.0		
Unique Binding	Bound Only	HepG2	STAU2_5	0.1	0	0.0	0	0.0	0	0.0		
Unique Binding	Bound Only	HepG2	STAU2_6	0.0	48	100.0	48	2.1037798326253045	0	0.0	2.1037798326253045	1.0
Unique Binding	Bound Only	HepG2	STAU2_6	1e-05	48	100.0	48	2.1037798326253045	0	0.0	2.1037798326253045	1.0
Unique Binding	Bound Only	HepG2	STAU2_6	0.0001	48	100.0	48	2.1037798326253045	0	0.0	2.1037798326253045	1.0
Unique Binding	Bound Only	HepG2	STAU2_6	0.001	48	100.0	48	2.1037798326253045	0	0.0	2.1037798326253045	1.0
Unique Binding	Bound Only	HepG2	STAU2_6	0.01	48	100.0	48	2.1037798326253045	0	0.0	2.1037798326253045	1.0
Unique Binding	Bound Only	HepG2	STAU2_6	0.1	0	0.0	0	0.0	0	0.0		
Unique Binding	Bound Only	HepG2	SUB1_1	0.0	1005	100.0	590	0.0602930866741781	415	-0.6155932346777314	-0.5553001480035533	-0.8215880843583883
Unique Binding	Bound Only	HepG2	SUB1_1	1e-05	883	87.86069651741293	573	0.06024698359520918	310	-0.6151724326666643	-0.5549254490714551	-0.8216012683536766
Unique Binding	Bound Only	HepG2	SUB1_1	0.0001	380	37.81094527363184	73	0.03449522607713242	307	-0.6148993119658421	-0.5804040858887097	-0.89376188416648
Unique Binding	Bound Only	HepG2	SUB1_1	0.001	82	8.159203980099502	11	0.018393985898912148	71	-0.5084035102789255	-0.49000952438001333	-0.9301667679426378
Unique Binding	Bound Only	HepG2	SUB1_1	0.01	16	1.5920398009950247	0	0.0	16	-0.2992271790321045	-0.2992271790321045	-1.0
Unique Binding	Bound Only	HepG2	SUB1_1	0.1	0	0.0	0	0.0	0	0.0		
Unique Binding	Bound Only	HepG2	SUB1_2	0.0	1389	100.0	0	0.0	1389	-18.27958540573103	-18.27958540573103	-1.0
Unique Binding	Bound Only	HepG2	SUB1_2	1e-05	1389	100.0	0	0.0	1389	-18.27958540573103	-18.27958540573103	-1.0
Unique Binding	Bound Only	HepG2	SUB1_2	0.0001	1389	100.0	0	0.0	1389	-18.27958540573103	-18.27958540573103	-1.0
Unique Binding	Bound Only	HepG2	SUB1_2	0.001	1380	99.35205183585313	0	0.0	1380	-18.273591088849333	-18.273591088849333	-1.0
Unique Binding	Bound Only	HepG2	SUB1_2	0.01	696	50.10799136069114	0	0.0	696	-14.457498930873736	-14.457498930873736	-1.0
Unique Binding	Bound Only	HepG2	SUB1_2	0.1	0	0.0	0	0.0	0	0.0		
Unique Binding	Bound Only	HepG2	SUB1_3	0.0	1222	100.0	1188	25.63363718536346	34	-0.09139812492990546	25.542239060433555	0.9928942274459515
Unique Binding	Bound Only	HepG2	SUB1_3	1e-05	1222	100.0	1188	25.63363718536346	34	-0.09139812492990546	25.542239060433555	0.9928942274459515
Unique Binding	Bound Only	HepG2	SUB1_3	0.0001	1222	100.0	1188	25.63363718536346	34	-0.09139812492990546	25.542239060433555	0.9928942274459515
Unique Binding	Bound Only	HepG2	SUB1_3	0.001	1211	99.09983633387888	1184	25.632004367656844	27	-0.08536362305182893	25.546640744605014	0.993361402840083
Unique Binding	Bound Only	HepG2	SUB1_3	0.01	874	71.52209492635025	874	23.685204448945875	0	0.0	23.685204448945875	1.0
Unique Binding	Bound Only	HepG2	SUB1_3	0.1	0	0.0	0	0.0	0	0.0		
Unique Binding	Bound Only	HepG2	SUB1_4	0.0	1246	100.0	1231	65.42558608485066	15	-0.15919293199209913	65.26639315285857	0.9951454305593921
Unique Binding	Bound Only	HepG2	SUB1_4	1e-05	1246	100.0	1231	65.42558608485066	15	-0.15919293199209913	65.26639315285857	0.9951454305593921
Unique Binding	Bound Only	HepG2	SUB1_4	0.0001	1246	100.0	1231	65.42558608485066	15	-0.15919293199209913	65.26639315285857	0.9951454305593921
Unique Binding	Bound Only	HepG2	SUB1_4	0.001	1245	99.91974317817014	1231	65.42558608485066	14	-0.1583078330277963	65.26727825182287	0.9951723563951229
Unique Binding	Bound Only	HepG2	SUB1_4	0.01	1239	99.43820224719101	1231	65.42558608485066	8	-0.12850399535215085	65.29708208949852	0.9960794514821294
Unique Binding	Bound Only	HepG2	SUB1_4	0.1	157	12.60032102728732	157	21.34090056573011	0	0.0	21.34090056573011	1.0
Unique Binding	Bound Only	HepG2	SUB1_5	0.0	1893	100.0	5	0.005353157018495336	1888	-6.73507227428893	-6.7297191172704345	-0.9984116263660061
Unique Binding	Bound Only	HepG2	SUB1_5	1e-05	1893	100.0	5	0.005353157018495336	1888	-6.73507227428893	-6.7297191172704345	-0.9984116263660061
Unique Binding	Bound Only	HepG2	SUB1_5	0.0001	1888	99.73586899101954	5	0.005353157018495336	1883	-6.7345927084731185	-6.729239551454623	-0.9984115133488227
Unique Binding	Bound Only	HepG2	SUB1_5	0.001	941	49.709455890121504	3	0.004173593615442823	938	-6.207425586181971	-6.203251992566528	-0.9986561935196924
Unique Binding	Bound Only	HepG2	SUB1_5	0.01	132	6.9730586370839935	0	0.0	132	-2.7219185662666883	-2.7219185662666883	-1.0
Unique Binding	Bound Only	HepG2	SUB1_5	0.1	0	0.0	0	0.0	0	0.0		
Unique Binding	Bound Only	HepG2	SUB1_6	0.0	2058	100.0	41	0.17337102582204938	2017	-12.897642647357667	-12.724271621535618	-0.9734724436593946
Unique Binding	Bound Only	HepG2	SUB1_6	1e-05	2058	100.0	41	0.17337102582204938	2017	-12.897642647357667	-12.724271621535618	-0.9734724436593946
Unique Binding	Bound Only	HepG2	SUB1_6	0.0001	2057	99.9514091350826	41	0.17337102582204938	2016	-12.89756176121492	-12.72419073539287	-0.9734722795003599
Unique Binding	Bound Only	HepG2	SUB1_6	0.001	2044	99.31972789115646	38	0.1726401823427806	2006	-12.889229050381847	-12.716588868039066	-0.9735657769547631
Unique Binding	Bound Only	HepG2	SUB1_6	0.01	309	15.014577259475217	0	0.0	309	-4.840816132025573	-4.840816132025573	-1.0
Unique Binding	Bound Only	HepG2	SUB1_6	0.1	0	0.0	0	0.0	0	0.0		
Unique Binding	Bound Only	HepG2	SUGP2_1	0.0	0	0.0	0	0.0	0	0.0		
Unique Binding	Bound Only	HepG2	SUGP2_1	1e-05	0	0.0	0	0.0	0	0.0		
Unique Binding	Bound Only	HepG2	SUGP2_1	0.0001	0	0.0	0	0.0	0	0.0		
Unique Binding	Bound Only	HepG2	SUGP2_1	0.001	0	0.0	0	0.0	0	0.0		
Unique Binding	Bound Only	HepG2	SUGP2_1	0.01	0	0.0	0	0.0	0	0.0		
Unique Binding	Bound Only	HepG2	SUGP2_1	0.1	0	0.0	0	0.0	0	0.0		
Unique Binding	Bound Only	HepG2	SUGP2_2	0.0	43	100.0	43	0.6203524328457622	0	0.0	0.6203524328457622	1.0
Unique Binding	Bound Only	HepG2	SUGP2_2	1e-05	43	100.0	43	0.6203524328457622	0	0.0	0.6203524328457622	1.0
Unique Binding	Bound Only	HepG2	SUGP2_2	0.0001	43	100.0	43	0.6203524328457622	0	0.0	0.6203524328457622	1.0
Unique Binding	Bound Only	HepG2	SUGP2_2	0.001	43	100.0	43	0.6203524328457622	0	0.0	0.6203524328457622	1.0
Unique Binding	Bound Only	HepG2	SUGP2_2	0.01	34	79.06976744186046	34	0.56229587007708	0	0.0	0.56229587007708	1.0
Unique Binding	Bound Only	HepG2	SUGP2_2	0.1	0	0.0	0	0.0	0	0.0		
Unique Binding	Bound Only	HepG2	SUGP2_3	0.0	90	100.0	0	0.0	90	-24.762885522466206	-24.762885522466206	-1.0
Unique Binding	Bound Only	HepG2	SUGP2_3	1e-05	90	100.0	0	0.0	90	-24.762885522466206	-24.762885522466206	-1.0
Unique Binding	Bound Only	HepG2	SUGP2_3	0.0001	90	100.0	0	0.0	90	-24.762885522466206	-24.762885522466206	-1.0
Unique Binding	Bound Only	HepG2	SUGP2_3	0.001	90	100.0	0	0.0	90	-24.762885522466206	-24.762885522466206	-1.0
Unique Binding	Bound Only	HepG2	SUGP2_3	0.01	90	100.0	0	0.0	90	-24.762885522466206	-24.762885522466206	-1.0
Unique Binding	Bound Only	HepG2	SUGP2_3	0.1	90	100.0	0	0.0	90	-24.762885522466206	-24.762885522466206	-1.0
Unique Binding	Bound Only	HepG2	SUGP2_4	0.0	43	100.0	0	0.0	43	-13.49178857036682	-13.49178857036682	-1.0
Unique Binding	Bound Only	HepG2	SUGP2_4	1e-05	43	100.0	0	0.0	43	-13.49178857036682	-13.49178857036682	-1.0
Unique Binding	Bound Only	HepG2	SUGP2_4	0.0001	43	100.0	0	0.0	43	-13.49178857036682	-13.49178857036682	-1.0
Unique Binding	Bound Only	HepG2	SUGP2_4	0.001	43	100.0	0	0.0	43	-13.49178857036682	-13.49178857036682	-1.0
Unique Binding	Bound Only	HepG2	SUGP2_4	0.01	43	100.0	0	0.0	43	-13.49178857036682	-13.49178857036682	-1.0
Unique Binding	Bound Only	HepG2	SUGP2_4	0.1	43	100.0	0	0.0	43	-13.49178857036682	-13.49178857036682	-1.0
Unique Binding	Bound Only	HepG2	SUGP2_5	0.0	50	100.0	50	0.07839077572406615	0	0.0	0.07839077572406615	1.0
Unique Binding	Bound Only	HepG2	SUGP2_5	1e-05	50	100.0	50	0.07839077572406615	0	0.0	0.07839077572406615	1.0
Unique Binding	Bound Only	HepG2	SUGP2_5	0.0001	50	100.0	50	0.07839077572406615	0	0.0	0.07839077572406615	1.0
Unique Binding	Bound Only	HepG2	SUGP2_5	0.001	41	82.0	41	0.0719221245386236	0	0.0	0.0719221245386236	1.0
Unique Binding	Bound Only	HepG2	SUGP2_5	0.01	0	0.0	0	0.0	0	0.0		
Unique Binding	Bound Only	HepG2	SUGP2_5	0.1	0	0.0	0	0.0	0	0.0		
Unique Binding	Bound Only	HepG2	SUGP2_6	0.0	17	100.0	17	0.3342648461284194	0	0.0	0.3342648461284194	1.0
Unique Binding	Bound Only	HepG2	SUGP2_6	1e-05	17	100.0	17	0.3342648461284194	0	0.0	0.3342648461284194	1.0
Unique Binding	Bound Only	HepG2	SUGP2_6	0.0001	17	100.0	17	0.3342648461284194	0	0.0	0.3342648461284194	1.0
Unique Binding	Bound Only	HepG2	SUGP2_6	0.001	17	100.0	17	0.3342648461284194	0	0.0	0.3342648461284194	1.0
Unique Binding	Bound Only	HepG2	SUGP2_6	0.01	11	64.70588235294117	11	0.28150834987876433	0	0.0	0.28150834987876433	1.0
Unique Binding	Bound Only	HepG2	SUGP2_6	0.1	0	0.0	0	0.0	0	0.0		
Unique Binding	Bound Only	HepG2	SUPV3L1_1	0.0	94	100.0	94	0.654314287353517	0	0.0	0.654314287353517	1.0
Unique Binding	Bound Only	HepG2	SUPV3L1_1	1e-05	94	100.0	94	0.654314287353517	0	0.0	0.654314287353517	1.0
Unique Binding	Bound Only	HepG2	SUPV3L1_1	0.0001	94	100.0	94	0.654314287353517	0	0.0	0.654314287353517	1.0
Unique Binding	Bound Only	HepG2	SUPV3L1_1	0.001	94	100.0	94	0.654314287353517	0	0.0	0.654314287353517	1.0
Unique Binding	Bound Only	HepG2	SUPV3L1_1	0.01	15	15.957446808510639	15	0.2110186251125947	0	0.0	0.2110186251125947	1.0
Unique Binding	Bound Only	HepG2	SUPV3L1_1	0.1	0	0.0	0	0.0	0	0.0		
Unique Binding	Bound Only	HepG2	SUPV3L1_2	0.0	0	0.0	0	0.0	0	0.0		
Unique Binding	Bound Only	HepG2	SUPV3L1_2	1e-05	0	0.0	0	0.0	0	0.0		
Unique Binding	Bound Only	HepG2	SUPV3L1_2	0.0001	0	0.0	0	0.0	0	0.0		
Unique Binding	Bound Only	HepG2	SUPV3L1_2	0.001	0	0.0	0	0.0	0	0.0		
Unique Binding	Bound Only	HepG2	SUPV3L1_2	0.01	0	0.0	0	0.0	0	0.0		
Unique Binding	Bound Only	HepG2	SUPV3L1_2	0.1	0	0.0	0	0.0	0	0.0		
Unique Binding	Bound Only	HepG2	SUPV3L1_3	0.0	191	100.0	0	0.0	191	-3.208339350884769	-3.208339350884769	-1.0
Unique Binding	Bound Only	HepG2	SUPV3L1_3	1e-05	191	100.0	0	0.0	191	-3.208339350884769	-3.208339350884769	-1.0
Unique Binding	Bound Only	HepG2	SUPV3L1_3	0.0001	191	100.0	0	0.0	191	-3.208339350884769	-3.208339350884769	-1.0
Unique Binding	Bound Only	HepG2	SUPV3L1_3	0.001	191	100.0	0	0.0	191	-3.208339350884769	-3.208339350884769	-1.0
Unique Binding	Bound Only	HepG2	SUPV3L1_3	0.01	131	68.58638743455498	0	0.0	131	-2.707532521806934	-2.707532521806934	-1.0
Unique Binding	Bound Only	HepG2	SUPV3L1_3	0.1	0	0.0	0	0.0	0	0.0		
Unique Binding	Bound Only	HepG2	SUPV3L1_4	0.0	376	100.0	0	0.0	376	-0.07731360576114737	-0.07731360576114737	-1.0
Unique Binding	Bound Only	HepG2	SUPV3L1_4	1e-05	267	71.01063829787235	0	0.0	267	-0.07661413375637365	-0.07661413375637365	-1.0
Unique Binding	Bound Only	HepG2	SUPV3L1_4	0.0001	177	47.07446808510639	0	0.0	177	-0.07503423911592175	-0.07503423911592175	-1.0
Unique Binding	Bound Only	HepG2	SUPV3L1_4	0.001	1	0.26595744680851063	0	0.0	1	-0.0011083074122015886	-0.0011083074122015886	-1.0
Unique Binding	Bound Only	HepG2	SUPV3L1_4	0.01	0	0.0	0	0.0	0	0.0		
Unique Binding	Bound Only	HepG2	SUPV3L1_4	0.1	0	0.0	0	0.0	0	0.0		
Unique Binding	Bound Only	HepG2	SUPV3L1_5	0.0	182	100.0	0	0.0	182	-0.16687784096547348	-0.16687784096547348	-1.0
Unique Binding	Bound Only	HepG2	SUPV3L1_5	1e-05	182	100.0	0	0.0	182	-0.16687784096547348	-0.16687784096547348	-1.0
Unique Binding	Bound Only	HepG2	SUPV3L1_5	0.0001	53	29.120879120879124	0	0.0	53	-0.15978667774887234	-0.15978667774887234	-1.0
Unique Binding	Bound Only	HepG2	SUPV3L1_5	0.001	38	20.87912087912088	0	0.0	38	-0.1578222957095825	-0.1578222957095825	-1.0
Unique Binding	Bound Only	HepG2	SUPV3L1_5	0.01	0	0.0	0	0.0	0	0.0		
Unique Binding	Bound Only	HepG2	SUPV3L1_5	0.1	0	0.0	0	0.0	0	0.0		
Unique Binding	Bound Only	HepG2	SUPV3L1_6	0.0	424	100.0	424	3.6416475565962863	0	0.0	3.6416475565962863	1.0
Unique Binding	Bound Only	HepG2	SUPV3L1_6	1e-05	424	100.0	424	3.6416475565962863	0	0.0	3.6416475565962863	1.0
Unique Binding	Bound Only	HepG2	SUPV3L1_6	0.0001	424	100.0	424	3.6416475565962863	0	0.0	3.6416475565962863	1.0
Unique Binding	Bound Only	HepG2	SUPV3L1_6	0.001	424	100.0	424	3.6416475565962863	0	0.0	3.6416475565962863	1.0
Unique Binding	Bound Only	HepG2	SUPV3L1_6	0.01	110	25.943396226415093	110	1.863019332607077	0	0.0	1.863019332607077	1.0
Unique Binding	Bound Only	HepG2	SUPV3L1_6	0.1	0	0.0	0	0.0	0	0.0		
Unique Binding	Bound Only	HepG2	TAF15_1	0.0	5	7.246376811594203	5	0.009522980180647284	0	0.0	0.009522980180647284	1.0
Unique Binding	Bound Only	HepG2	TAF15_1	1e-05	5	7.246376811594203	5	0.009522980180647284	0	0.0	0.009522980180647284	1.0
Unique Binding	Bound Only	HepG2	TAF15_1	0.0001	5	7.246376811594203	5	0.009522980180647284	0	0.0	0.009522980180647284	1.0
Unique Binding	Bound Only	HepG2	TAF15_1	0.001	4	5.797101449275362	4	0.008925482599468413	0	0.0	0.008925482599468413	1.0
Unique Binding	Bound Only	HepG2	TAF15_1	0.01	0	0.0	0	0.0	0	0.0		
Unique Binding	Bound Only	HepG2	TAF15_1	0.1	0	0.0	0	0.0	0	0.0		
Unique Binding	Bound Only	HepG2	TAF15_2	0.0	46	100.0	46	0.7583123110338544	0	0.0	0.7583123110338544	1.0
Unique Binding	Bound Only	HepG2	TAF15_2	1e-05	46	100.0	46	0.7583123110338544	0	0.0	0.7583123110338544	1.0
Unique Binding	Bound Only	HepG2	TAF15_2	0.0001	46	100.0	46	0.7583123110338544	0	0.0	0.7583123110338544	1.0
Unique Binding	Bound Only	HepG2	TAF15_2	0.001	46	100.0	46	0.7583123110338544	0	0.0	0.7583123110338544	1.0
Unique Binding	Bound Only	HepG2	TAF15_2	0.01	35	76.08695652173914	35	0.6906443726817707	0	0.0	0.6906443726817707	1.0
Unique Binding	Bound Only	HepG2	TAF15_2	0.1	0	0.0	0	0.0	0	0.0		
Unique Binding	Bound Only	HepG2	TAF15_3	0.0	0	0.0	0	0.0	0	0.0		
Unique Binding	Bound Only	HepG2	TAF15_3	1e-05	0	0.0	0	0.0	0	0.0		
Unique Binding	Bound Only	HepG2	TAF15_3	0.0001	0	0.0	0	0.0	0	0.0		
Unique Binding	Bound Only	HepG2	TAF15_3	0.001	0	0.0	0	0.0	0	0.0		
Unique Binding	Bound Only	HepG2	TAF15_3	0.01	0	0.0	0	0.0	0	0.0		
Unique Binding	Bound Only	HepG2	TAF15_3	0.1	0	0.0	0	0.0	0	0.0		
Unique Binding	Bound Only	HepG2	TAF15_4	0.0	0	0.0	0	0.0	0	0.0		
Unique Binding	Bound Only	HepG2	TAF15_4	1e-05	0	0.0	0	0.0	0	0.0		
Unique Binding	Bound Only	HepG2	TAF15_4	0.0001	0	0.0	0	0.0	0	0.0		
Unique Binding	Bound Only	HepG2	TAF15_4	0.001	0	0.0	0	0.0	0	0.0		
Unique Binding	Bound Only	HepG2	TAF15_4	0.01	0	0.0	0	0.0	0	0.0		
Unique Binding	Bound Only	HepG2	TAF15_4	0.1	0	0.0	0	0.0	0	0.0		
Unique Binding	Bound Only	HepG2	TAF15_5	0.0	0	0.0	0	0.0	0	0.0		
Unique Binding	Bound Only	HepG2	TAF15_5	1e-05	0	0.0	0	0.0	0	0.0		
Unique Binding	Bound Only	HepG2	TAF15_5	0.0001	0	0.0	0	0.0	0	0.0		
Unique Binding	Bound Only	HepG2	TAF15_5	0.001	0	0.0	0	0.0	0	0.0		
Unique Binding	Bound Only	HepG2	TAF15_5	0.01	0	0.0	0	0.0	0	0.0		
Unique Binding	Bound Only	HepG2	TAF15_5	0.1	0	0.0	0	0.0	0	0.0		
Unique Binding	Bound Only	HepG2	TAF15_6	0.0	0	0.0	0	0.0	0	0.0		
Unique Binding	Bound Only	HepG2	TAF15_6	1e-05	0	0.0	0	0.0	0	0.0		
Unique Binding	Bound Only	HepG2	TAF15_6	0.0001	0	0.0	0	0.0	0	0.0		
Unique Binding	Bound Only	HepG2	TAF15_6	0.001	0	0.0	0	0.0	0	0.0		
Unique Binding	Bound Only	HepG2	TAF15_6	0.01	0	0.0	0	0.0	0	0.0		
Unique Binding	Bound Only	HepG2	TAF15_6	0.1	0	0.0	0	0.0	0	0.0		
Unique Binding	Bound Only	HepG2	TARDBP_1	0.0	450	100.0	408	15.055536543322496	42	-0.9619823985842328	14.093554144738263	0.8798837195606627
Unique Binding	Bound Only	HepG2	TARDBP_1	1e-05	450	100.0	408	15.055536543322496	42	-0.9619823985842328	14.093554144738263	0.8798837195606627
Unique Binding	Bound Only	HepG2	TARDBP_1	0.0001	450	100.0	408	15.055536543322496	42	-0.9619823985842328	14.093554144738263	0.8798837195606627
Unique Binding	Bound Only	HepG2	TARDBP_1	0.001	449	99.77777777777777	408	15.055536543322496	41	-0.9610460216593135	14.094490521663182	0.8799936231389939
Unique Binding	Bound Only	HepG2	TARDBP_1	0.01	395	87.77777777777777	377	14.833378788090325	18	-0.8659242083802341	13.967454579710092	0.8896862862542488
Unique Binding	Bound Only	HepG2	TARDBP_1	0.1	1	0.2222222222222222	1	0.10324376567259815	0	0.0	0.10324376567259815	1.0
Unique Binding	Bound Only	HepG2	TARDBP_2	0.0	899	100.0	90	0.046302040803368576	809	-0.009413583035907332	0.03688845776746125	0.6620846223291729
Unique Binding	Bound Only	HepG2	TARDBP_2	1e-05	26	2.8921023359288096	11	0.04626466016644245	15	-0.008811914136146237	0.03745274603029621	0.6800122648248272
Unique Binding	Bound Only	HepG2	TARDBP_2	0.0001	26	2.8921023359288096	11	0.04626466016644245	15	-0.008811914136146237	0.03745274603029621	0.6800122648248272
Unique Binding	Bound Only	HepG2	TARDBP_2	0.001	13	1.4460511679644048	9	0.04481173976099761	4	-0.004278980506575999	0.04053275925442161	0.825670494005669
Unique Binding	Bound Only	HepG2	TARDBP_2	0.01	0	0.0	0	0.0	0	0.0		
Unique Binding	Bound Only	HepG2	TARDBP_2	0.1	0	0.0	0	0.0	0	0.0		
Unique Binding	Bound Only	HepG2	TARDBP_3	0.0	617	100.0	0	0.0	617	-15.391015739293582	-15.391015739293582	-1.0
Unique Binding	Bound Only	HepG2	TARDBP_3	1e-05	617	100.0	0	0.0	617	-15.391015739293582	-15.391015739293582	-1.0
Unique Binding	Bound Only	HepG2	TARDBP_3	0.0001	617	100.0	0	0.0	617	-15.391015739293582	-15.391015739293582	-1.0
Unique Binding	Bound Only	HepG2	TARDBP_3	0.001	617	100.0	0	0.0	617	-15.391015739293582	-15.391015739293582	-1.0
Unique Binding	Bound Only	HepG2	TARDBP_3	0.01	521	84.44084278768233	0	0.0	521	-14.648405971303575	-14.648405971303575	-1.0
Unique Binding	Bound Only	HepG2	TARDBP_3	0.1	0	0.0	0	0.0	0	0.0		
Unique Binding	Bound Only	HepG2	TARDBP_4	0.0	853	100.0	3	0.001212267432407692	850	-3.8951455255952623	-3.8939332581628547	-0.9993777432685588
Unique Binding	Bound Only	HepG2	TARDBP_4	1e-05	853	100.0	3	0.001212267432407692	850	-3.8951455255952623	-3.8939332581628547	-0.9993777432685588
Unique Binding	Bound Only	HepG2	TARDBP_4	0.0001	790	92.61430246189917	3	0.001212267432407692	787	-3.890060119905577	-3.8888478524731696	-0.9993769300569386
Unique Binding	Bound Only	HepG2	TARDBP_4	0.001	63	7.38569753810082	0	0.0	63	-3.610572532157513	-3.610572532157513	-1.0
Unique Binding	Bound Only	HepG2	TARDBP_4	0.01	58	6.799531066822978	0	0.0	58	-3.592311974459278	-3.592311974459278	-1.0
Unique Binding	Bound Only	HepG2	TARDBP_4	0.1	8	0.9378663540445485	0	0.0	8	-0.8347125983464128	-0.8347125983464128	-1.0
Unique Binding	Bound Only	HepG2	TARDBP_5	0.0	86	13.629160063391444	84	0.029518745908707546	2	-0.0373846815674449	-0.007865935658737354	-0.1175714900636615
Unique Binding	Bound Only	HepG2	TARDBP_5	1e-05	86	13.629160063391444	84	0.029518745908707546	2	-0.0373846815674449	-0.007865935658737354	-0.1175714900636615
Unique Binding	Bound Only	HepG2	TARDBP_5	0.0001	86	13.629160063391444	84	0.029518745908707546	2	-0.0373846815674449	-0.007865935658737354	-0.1175714900636615
Unique Binding	Bound Only	HepG2	TARDBP_5	0.001	2	0.31695721077654515	0	0.0	2	-0.0373846815674449	-0.0373846815674449	-1.0
Unique Binding	Bound Only	HepG2	TARDBP_5	0.01	2	0.31695721077654515	0	0.0	2	-0.0373846815674449	-0.0373846815674449	-1.0
Unique Binding	Bound Only	HepG2	TARDBP_5	0.1	0	0.0	0	0.0	0	0.0		
Unique Binding	Bound Only	HepG2	TARDBP_6	0.0	530	100.0	0	0.0	530	-0.15817384572888082	-0.15817384572888082	-1.0
Unique Binding	Bound Only	HepG2	TARDBP_6	1e-05	530	100.0	0	0.0	530	-0.15817384572888082	-0.15817384572888082	-1.0
Unique Binding	Bound Only	HepG2	TARDBP_6	0.0001	327	61.698113207547166	0	0.0	327	-0.1432459792365551	-0.1432459792365551	-1.0
Unique Binding	Bound Only	HepG2	TARDBP_6	0.001	33	6.226415094339623	0	0.0	33	-0.08962234924857335	-0.08962234924857335	-1.0
Unique Binding	Bound Only	HepG2	TARDBP_6	0.01	0	0.0	0	0.0	0	0.0		
Unique Binding	Bound Only	HepG2	TARDBP_6	0.1	0	0.0	0	0.0	0	0.0		
Unique Binding	Bound Only	HepG2	TBRG4_1	0.0	0		0	0.0	0	0.0		
Unique Binding	Bound Only	HepG2	TBRG4_1	1e-05	0		0	0.0	0	0.0		
Unique Binding	Bound Only	HepG2	TBRG4_1	0.0001	0		0	0.0	0	0.0		
Unique Binding	Bound Only	HepG2	TBRG4_1	0.001	0		0	0.0	0	0.0		
Unique Binding	Bound Only	HepG2	TBRG4_1	0.01	0		0	0.0	0	0.0		
Unique Binding	Bound Only	HepG2	TBRG4_1	0.1	0		0	0.0	0	0.0		
Unique Binding	Bound Only	HepG2	TBRG4_2	0.0	0		0	0.0	0	0.0		
Unique Binding	Bound Only	HepG2	TBRG4_2	1e-05	0		0	0.0	0	0.0		
Unique Binding	Bound Only	HepG2	TBRG4_2	0.0001	0		0	0.0	0	0.0		
Unique Binding	Bound Only	HepG2	TBRG4_2	0.001	0		0	0.0	0	0.0		
Unique Binding	Bound Only	HepG2	TBRG4_2	0.01	0		0	0.0	0	0.0		
Unique Binding	Bound Only	HepG2	TBRG4_2	0.1	0		0	0.0	0	0.0		
Unique Binding	Bound Only	HepG2	TBRG4_3	0.0	0		0	0.0	0	0.0		
Unique Binding	Bound Only	HepG2	TBRG4_3	1e-05	0		0	0.0	0	0.0		
Unique Binding	Bound Only	HepG2	TBRG4_3	0.0001	0		0	0.0	0	0.0		
Unique Binding	Bound Only	HepG2	TBRG4_3	0.001	0		0	0.0	0	0.0		
Unique Binding	Bound Only	HepG2	TBRG4_3	0.01	0		0	0.0	0	0.0		
Unique Binding	Bound Only	HepG2	TBRG4_3	0.1	0		0	0.0	0	0.0		
Unique Binding	Bound Only	HepG2	TBRG4_4	0.0	0		0	0.0	0	0.0		
Unique Binding	Bound Only	HepG2	TBRG4_4	1e-05	0		0	0.0	0	0.0		
Unique Binding	Bound Only	HepG2	TBRG4_4	0.0001	0		0	0.0	0	0.0		
Unique Binding	Bound Only	HepG2	TBRG4_4	0.001	0		0	0.0	0	0.0		
Unique Binding	Bound Only	HepG2	TBRG4_4	0.01	0		0	0.0	0	0.0		
Unique Binding	Bound Only	HepG2	TBRG4_4	0.1	0		0	0.0	0	0.0		
Unique Binding	Bound Only	HepG2	TBRG4_5	0.0	0		0	0.0	0	0.0		
Unique Binding	Bound Only	HepG2	TBRG4_5	1e-05	0		0	0.0	0	0.0		
Unique Binding	Bound Only	HepG2	TBRG4_5	0.0001	0		0	0.0	0	0.0		
Unique Binding	Bound Only	HepG2	TBRG4_5	0.001	0		0	0.0	0	0.0		
Unique Binding	Bound Only	HepG2	TBRG4_5	0.01	0		0	0.0	0	0.0		
Unique Binding	Bound Only	HepG2	TBRG4_5	0.1	0		0	0.0	0	0.0		
Unique Binding	Bound Only	HepG2	TBRG4_6	0.0	0		0	0.0	0	0.0		
Unique Binding	Bound Only	HepG2	TBRG4_6	1e-05	0		0	0.0	0	0.0		
Unique Binding	Bound Only	HepG2	TBRG4_6	0.0001	0		0	0.0	0	0.0		
Unique Binding	Bound Only	HepG2	TBRG4_6	0.001	0		0	0.0	0	0.0		
Unique Binding	Bound Only	HepG2	TBRG4_6	0.01	0		0	0.0	0	0.0		
Unique Binding	Bound Only	HepG2	TBRG4_6	0.1	0		0	0.0	0	0.0		
Unique Binding	Bound Only	HepG2	TIA1_1	0.0	138	100.0	138	1.04236238972732	0	0.0	1.04236238972732	1.0
Unique Binding	Bound Only	HepG2	TIA1_1	1e-05	138	100.0	138	1.04236238972732	0	0.0	1.04236238972732	1.0
Unique Binding	Bound Only	HepG2	TIA1_1	0.0001	138	100.0	138	1.04236238972732	0	0.0	1.04236238972732	1.0
Unique Binding	Bound Only	HepG2	TIA1_1	0.001	138	100.0	138	1.04236238972732	0	0.0	1.04236238972732	1.0
Unique Binding	Bound Only	HepG2	TIA1_1	0.01	31	22.463768115942027	31	0.49838651310130366	0	0.0	0.49838651310130366	1.0
Unique Binding	Bound Only	HepG2	TIA1_1	0.1	0	0.0	0	0.0	0	0.0		
Unique Binding	Bound Only	HepG2	TIA1_2	0.0	1854	100.0	0	0.0	1854	-94.54823024015678	-94.54823024015678	-1.0
Unique Binding	Bound Only	HepG2	TIA1_2	1e-05	1854	100.0	0	0.0	1854	-94.54823024015678	-94.54823024015678	-1.0
Unique Binding	Bound Only	HepG2	TIA1_2	0.0001	1854	100.0	0	0.0	1854	-94.54823024015678	-94.54823024015678	-1.0
Unique Binding	Bound Only	HepG2	TIA1_2	0.001	1854	100.0	0	0.0	1854	-94.54823024015678	-94.54823024015678	-1.0
Unique Binding	Bound Only	HepG2	TIA1_2	0.01	1832	98.8133764832794	0	0.0	1832	-94.35749188427262	-94.35749188427262	-1.0
Unique Binding	Bound Only	HepG2	TIA1_2	0.1	87	4.692556634304207	0	0.0	87	-9.37949024020347	-9.37949024020347	-1.0
Unique Binding	Bound Only	HepG2	TIA1_3	0.0	379	100.0	282	0.08935436980585879	97	-0.18809490912392768	-0.09874053931806889	-0.3558868118127529
Unique Binding	Bound Only	HepG2	TIA1_3	1e-05	379	100.0	282	0.08935436980585879	97	-0.18809490912392768	-0.09874053931806889	-0.3558868118127529
Unique Binding	Bound Only	HepG2	TIA1_3	0.0001	363	95.77836411609498	266	0.0884102265075839	97	-0.18809490912392768	-0.09968468261634378	-0.3605165683041416
Unique Binding	Bound Only	HepG2	TIA1_3	0.001	63	16.62269129287599	0	0.0	63	-0.16286348894537336	-0.16286348894537336	-1.0
Unique Binding	Bound Only	HepG2	TIA1_3	0.01	0	0.0	0	0.0	0	0.0		
Unique Binding	Bound Only	HepG2	TIA1_3	0.1	0	0.0	0	0.0	0	0.0		
Unique Binding	Bound Only	HepG2	TIA1_4	0.0	1640	100.0	56	0.00841956115856373	1584	-3.3682663790814056	-3.359846817922842	-0.995013121559084
Unique Binding	Bound Only	HepG2	TIA1_4	1e-05	1639	99.9390243902439	55	0.008416287056490657	1584	-3.3682663790814056	-3.359850092024915	-0.9950150559654948
Unique Binding	Bound Only	HepG2	TIA1_4	0.0001	1584	96.58536585365853	30	0.006849614760734993	1554	-3.3665841285870433	-3.359734513826308	-0.9959390844570508
Unique Binding	Bound Only	HepG2	TIA1_4	0.001	831	50.670731707317074	0	0.0	831	-3.0079212012764844	-3.0079212012764844	-1.0
Unique Binding	Bound Only	HepG2	TIA1_4	0.01	53	3.231707317073171	0	0.0	53	-0.7540289454179322	-0.7540289454179322	-1.0
Unique Binding	Bound Only	HepG2	TIA1_4	0.1	0	0.0	0	0.0	0	0.0		
Unique Binding	Bound Only	HepG2	TIA1_5	0.0	526	100.0	0	0.0	526	-2.5567562021055297	-2.5567562021055297	-1.0
Unique Binding	Bound Only	HepG2	TIA1_5	1e-05	526	100.0	0	0.0	526	-2.5567562021055297	-2.5567562021055297	-1.0
Unique Binding	Bound Only	HepG2	TIA1_5	0.0001	526	100.0	0	0.0	526	-2.5567562021055297	-2.5567562021055297	-1.0
Unique Binding	Bound Only	HepG2	TIA1_5	0.001	507	96.38783269961976	0	0.0	507	-2.541472994570429	-2.541472994570429	-1.0
Unique Binding	Bound Only	HepG2	TIA1_5	0.01	59	11.216730038022813	0	0.0	59	-0.8139056218895241	-0.8139056218895241	-1.0
Unique Binding	Bound Only	HepG2	TIA1_5	0.1	0	0.0	0	0.0	0	0.0		
Unique Binding	Bound Only	HepG2	TIA1_6	0.0	1793	100.0	151	0.5546250155361105	1642	-3.900513940304047	-3.3458889247679364	-0.7510178600337198
Unique Binding	Bound Only	HepG2	TIA1_6	1e-05	1793	100.0	151	0.5546250155361105	1642	-3.900513940304047	-3.3458889247679364	-0.7510178600337198
Unique Binding	Bound Only	HepG2	TIA1_6	0.0001	1793	100.0	151	0.5546250155361105	1642	-3.900513940304047	-3.3458889247679364	-0.7510178600337198
Unique Binding	Bound Only	HepG2	TIA1_6	0.001	967	53.93195761293921	134	0.5515093394917979	833	-3.4108154747907884	-2.8593061352989904	-0.7216233573260684
Unique Binding	Bound Only	HepG2	TIA1_6	0.01	75	4.182933630786391	0	0.0	75	-1.4511915133879751	-1.4511915133879751	-1.0
Unique Binding	Bound Only	HepG2	TIA1_6	0.1	0	0.0	0	0.0	0	0.0		
Unique Binding	Bound Only	HepG2	TIAL1_1	0.0	268	100.0	268	0.15956009131750537	0	0.0	0.15956009131750537	1.0
Unique Binding	Bound Only	HepG2	TIAL1_1	1e-05	268	100.0	268	0.15956009131750537	0	0.0	0.15956009131750537	1.0
Unique Binding	Bound Only	HepG2	TIAL1_1	0.0001	265	98.88059701492537	265	0.15929231074679057	0	0.0	0.15929231074679057	1.0
Unique Binding	Bound Only	HepG2	TIAL1_1	0.001	43	16.044776119402986	43	0.053936595737591235	0	0.0	0.053936595737591235	1.0
Unique Binding	Bound Only	HepG2	TIAL1_1	0.01	0	0.0	0	0.0	0	0.0		
Unique Binding	Bound Only	HepG2	TIAL1_1	0.1	0	0.0	0	0.0	0	0.0		
Unique Binding	Bound Only	HepG2	TIAL1_2	0.0	3815	100.0	0	0.0	3815	-69.55077365051525	-69.55077365051525	-1.0
Unique Binding	Bound Only	HepG2	TIAL1_2	1e-05	3815	100.0	0	0.0	3815	-69.55077365051525	-69.55077365051525	-1.0
Unique Binding	Bound Only	HepG2	TIAL1_2	0.0001	3815	100.0	0	0.0	3815	-69.55077365051525	-69.55077365051525	-1.0
Unique Binding	Bound Only	HepG2	TIAL1_2	0.001	3815	100.0	0	0.0	3815	-69.55077365051525	-69.55077365051525	-1.0
Unique Binding	Bound Only	HepG2	TIAL1_2	0.01	2542	66.63171690694627	0	0.0	2542	-61.48864166248411	-61.48864166248411	-1.0
Unique Binding	Bound Only	HepG2	TIAL1_2	0.1	44	1.1533420707732633	0	0.0	44	-5.434630154778511	-5.434630154778511	-1.0
Unique Binding	Bound Only	HepG2	TIAL1_3	0.0	415	100.0	0	0.0	415	-0.1952782881645378	-0.1952782881645378	-1.0
Unique Binding	Bound Only	HepG2	TIAL1_3	1e-05	261	62.89156626506024	0	0.0	261	-0.19450986985221827	-0.19450986985221827	-1.0
Unique Binding	Bound Only	HepG2	TIAL1_3	0.0001	65	15.66265060240964	0	0.0	65	-0.18848585858080352	-0.18848585858080352	-1.0
Unique Binding	Bound Only	HepG2	TIAL1_3	0.001	62	14.93975903614458	0	0.0	62	-0.18555650485972588	-0.18555650485972588	-1.0
Unique Binding	Bound Only	HepG2	TIAL1_3	0.01	0	0.0	0	0.0	0	0.0		
Unique Binding	Bound Only	HepG2	TIAL1_3	0.1	0	0.0	0	0.0	0	0.0		
Unique Binding	Bound Only	HepG2	TIAL1_4	0.0	3230	100.0	2434	3.1681209658374243	796	-2.3123541103543426	0.8557668554830817	0.1561482980190343
Unique Binding	Bound Only	HepG2	TIAL1_4	1e-05	3216	99.56656346749226	2426	3.1680846733510073	790	-2.3123204761993357	0.8557641971516716	0.15614980531537628
Unique Binding	Bound Only	HepG2	TIAL1_4	0.0001	3079	95.3250773993808	2347	3.163615095898245	732	-2.309094042295346	0.8545210536028991	0.15614223815390924
Unique Binding	Bound Only	HepG2	TIAL1_4	0.001	618	19.13312693498452	262	2.2019738256571912	356	-2.1358083259219764	0.0661654997352148	0.015253301669639466
Unique Binding	Bound Only	HepG2	TIAL1_4	0.01	128	3.9628482972136228	82	1.2613259913531336	46	-1.2653902308103482	-0.004064239457214569	-0.001608506496125075
Unique Binding	Bound Only	HepG2	TIAL1_4	0.1	0	0.0	0	0.0	0	0.0		
Unique Binding	Bound Only	HepG2	TIAL1_5	0.0	0	0.0	0	0.0	0	0.0		
Unique Binding	Bound Only	HepG2	TIAL1_5	1e-05	0	0.0	0	0.0	0	0.0		
Unique Binding	Bound Only	HepG2	TIAL1_5	0.0001	0	0.0	0	0.0	0	0.0		
Unique Binding	Bound Only	HepG2	TIAL1_5	0.001	0	0.0	0	0.0	0	0.0		
Unique Binding	Bound Only	HepG2	TIAL1_5	0.01	0	0.0	0	0.0	0	0.0		
Unique Binding	Bound Only	HepG2	TIAL1_5	0.1	0	0.0	0	0.0	0	0.0		
Unique Binding	Bound Only	HepG2	TIAL1_6	0.0	2736	100.0	574	1.299815038335904	2162	-4.755406701911008	-3.4555916635751043	-0.5706796236060212
Unique Binding	Bound Only	HepG2	TIAL1_6	1e-05	2708	98.9766081871345	566	1.299786324947541	2142	-4.755293929802173	-3.455507604854632	-0.5706790759947517
Unique Binding	Bound Only	HepG2	TIAL1_6	0.0001	2446	89.40058479532163	541	1.2982186220207952	1905	-4.743203267282585	-3.4449846452617896	-0.5702274577713726
Unique Binding	Bound Only	HepG2	TIAL1_6	0.001	1457	53.25292397660819	363	1.218427553581944	1094	-4.360447605447394	-3.14202005186545	-0.5631995630481408
Unique Binding	Bound Only	HepG2	TIAL1_6	0.01	76	2.7777777777777777	0	0.0	76	-1.14614525176247	-1.14614525176247	-1.0
Unique Binding	Bound Only	HepG2	TIAL1_6	0.1	0	0.0	0	0.0	0	0.0		
Unique Binding	Bound Only	HepG2	TRA2A_1	0.0	1166	100.0	0	0.0	1166	-14.817708691543672	-14.817708691543672	-1.0
Unique Binding	Bound Only	HepG2	TRA2A_1	1e-05	1166	100.0	0	0.0	1166	-14.817708691543672	-14.817708691543672	-1.0
Unique Binding	Bound Only	HepG2	TRA2A_1	0.0001	1166	100.0	0	0.0	1166	-14.817708691543672	-14.817708691543672	-1.0
Unique Binding	Bound Only	HepG2	TRA2A_1	0.001	1166	100.0	0	0.0	1166	-14.817708691543672	-14.817708691543672	-1.0
Unique Binding	Bound Only	HepG2	TRA2A_1	0.01	543	46.56946826758148	0	0.0	543	-11.259870109916424	-11.259870109916424	-1.0
Unique Binding	Bound Only	HepG2	TRA2A_1	0.1	0	0.0	0	0.0	0	0.0		
Unique Binding	Bound Only	HepG2	TRA2A_2	0.0	1412	100.0	0	0.0	1412	-13.95224103938217	-13.95224103938217	-1.0
Unique Binding	Bound Only	HepG2	TRA2A_2	1e-05	1412	100.0	0	0.0	1412	-13.95224103938217	-13.95224103938217	-1.0
Unique Binding	Bound Only	HepG2	TRA2A_2	0.0001	1411	99.92917847025495	0	0.0	1411	-13.952180366947285	-13.952180366947285	-1.0
Unique Binding	Bound Only	HepG2	TRA2A_2	0.001	1394	98.72521246458923	0	0.0	1394	-13.944728922243012	-13.944728922243012	-1.0
Unique Binding	Bound Only	HepG2	TRA2A_2	0.01	400	28.328611898016998	0	0.0	400	-8.242322251376056	-8.242322251376056	-1.0
Unique Binding	Bound Only	HepG2	TRA2A_2	0.1	0	0.0	0	0.0	0	0.0		
Unique Binding	Bound Only	HepG2	TRA2A_3	0.0	980	100.0	576	0.4949457030199985	404	-1.4210424804246231	-0.9260967774046246	-0.4833520297289411
Unique Binding	Bound Only	HepG2	TRA2A_3	1e-05	980	100.0	576	0.4949457030199985	404	-1.4210424804246231	-0.9260967774046246	-0.4833520297289411
Unique Binding	Bound Only	HepG2	TRA2A_3	0.0001	980	100.0	576	0.4949457030199985	404	-1.4210424804246231	-0.9260967774046246	-0.4833520297289411
Unique Binding	Bound Only	HepG2	TRA2A_3	0.001	451	46.02040816326531	119	0.2263170956240039	332	-1.3669117938832196	-1.1405946982592157	-0.7159013408374706
Unique Binding	Bound Only	HepG2	TRA2A_3	0.01	4	0.40816326530612246	0	0.0	4	-0.06039451915895258	-0.06039451915895258	-1.0
Unique Binding	Bound Only	HepG2	TRA2A_3	0.1	0	0.0	0	0.0	0	0.0		
Unique Binding	Bound Only	HepG2	TRA2A_4	0.0	1172	100.0	0	0.0	1172	-7.033315267500037	-7.033315267500037	-1.0
Unique Binding	Bound Only	HepG2	TRA2A_4	1e-05	1172	100.0	0	0.0	1172	-7.033315267500037	-7.033315267500037	-1.0
Unique Binding	Bound Only	HepG2	TRA2A_4	0.0001	1172	100.0	0	0.0	1172	-7.033315267500037	-7.033315267500037	-1.0
Unique Binding	Bound Only	HepG2	TRA2A_4	0.001	1087	92.74744027303754	0	0.0	1087	-6.969184904525246	-6.969184904525246	-1.0
Unique Binding	Bound Only	HepG2	TRA2A_4	0.01	135	11.518771331058021	0	0.0	135	-3.0354483580188756	-3.0354483580188756	-1.0
Unique Binding	Bound Only	HepG2	TRA2A_4	0.1	0	0.0	0	0.0	0	0.0		
Unique Binding	Bound Only	HepG2	TRA2A_5	0.0	1351	100.0	0	0.0	1351	-3.738927746131205	-3.738927746131205	-1.0
Unique Binding	Bound Only	HepG2	TRA2A_5	1e-05	1351	100.0	0	0.0	1351	-3.738927746131205	-3.738927746131205	-1.0
Unique Binding	Bound Only	HepG2	TRA2A_5	0.0001	1351	100.0	0	0.0	1351	-3.738927746131205	-3.738927746131205	-1.0
Unique Binding	Bound Only	HepG2	TRA2A_5	0.001	1072	79.34863064396744	0	0.0	1072	-3.5444521696073363	-3.5444521696073363	-1.0
Unique Binding	Bound Only	HepG2	TRA2A_5	0.01	11	0.8142116950407106	0	0.0	11	-0.21476110827975142	-0.21476110827975142	-1.0
Unique Binding	Bound Only	HepG2	TRA2A_5	0.1	0	0.0	0	0.0	0	0.0		
Unique Binding	Bound Only	HepG2	TRA2A_6	0.0	1278	100.0	968	1.2369752631466617	310	-0.25159721281326564	0.9853780503333961	0.6619617561435568
Unique Binding	Bound Only	HepG2	TRA2A_6	1e-05	1271	99.45226917057903	966	1.236968371714343	305	-0.25155835286971395	0.985410018844629	0.6620035788205179
Unique Binding	Bound Only	HepG2	TRA2A_6	0.0001	1183	92.56651017214398	926	1.2344406703310227	257	-0.24905764891047827	0.9853830214205443	0.6642292806400762
Unique Binding	Bound Only	HepG2	TRA2A_6	0.001	509	39.82785602503912	419	0.9394715663734193	90	-0.17975474521639717	0.7597168211570222	0.6787874921184391
Unique Binding	Bound Only	HepG2	TRA2A_6	0.01	0	0.0	0	0.0	0	0.0		
Unique Binding	Bound Only	HepG2	TRA2A_6	0.1	0	0.0	0	0.0	0	0.0		
Unique Binding	Bound Only	HepG2	TROVE2_1	0.0	0	0.0	0	0.0	0	0.0		
Unique Binding	Bound Only	HepG2	TROVE2_1	1e-05	0	0.0	0	0.0	0	0.0		
Unique Binding	Bound Only	HepG2	TROVE2_1	0.0001	0	0.0	0	0.0	0	0.0		
Unique Binding	Bound Only	HepG2	TROVE2_1	0.001	0	0.0	0	0.0	0	0.0		
Unique Binding	Bound Only	HepG2	TROVE2_1	0.01	0	0.0	0	0.0	0	0.0		
Unique Binding	Bound Only	HepG2	TROVE2_1	0.1	0	0.0	0	0.0	0	0.0		
Unique Binding	Bound Only	HepG2	TROVE2_2	0.0	40	100.0	0	0.0	40	-4.206950823171544	-4.206950823171544	-1.0
Unique Binding	Bound Only	HepG2	TROVE2_2	1e-05	40	100.0	0	0.0	40	-4.206950823171544	-4.206950823171544	-1.0
Unique Binding	Bound Only	HepG2	TROVE2_2	0.0001	40	100.0	0	0.0	40	-4.206950823171544	-4.206950823171544	-1.0
Unique Binding	Bound Only	HepG2	TROVE2_2	0.001	40	100.0	0	0.0	40	-4.206950823171544	-4.206950823171544	-1.0
Unique Binding	Bound Only	HepG2	TROVE2_2	0.01	40	100.0	0	0.0	40	-4.206950823171544	-4.206950823171544	-1.0
Unique Binding	Bound Only	HepG2	TROVE2_2	0.1	19	47.5	0	0.0	19	-2.900316902420054	-2.900316902420054	-1.0
Unique Binding	Bound Only	HepG2	TROVE2_3	0.0	0	0.0	0	0.0	0	0.0		
Unique Binding	Bound Only	HepG2	TROVE2_3	1e-05	0	0.0	0	0.0	0	0.0		
Unique Binding	Bound Only	HepG2	TROVE2_3	0.0001	0	0.0	0	0.0	0	0.0		
Unique Binding	Bound Only	HepG2	TROVE2_3	0.001	0	0.0	0	0.0	0	0.0		
Unique Binding	Bound Only	HepG2	TROVE2_3	0.01	0	0.0	0	0.0	0	0.0		
Unique Binding	Bound Only	HepG2	TROVE2_3	0.1	0	0.0	0	0.0	0	0.0		
Unique Binding	Bound Only	HepG2	TROVE2_4	0.0	43	100.0	43	0.04963872418093237	0	0.0	0.04963872418093237	1.0
Unique Binding	Bound Only	HepG2	TROVE2_4	1e-05	38	88.37209302325581	38	0.049619779496433446	0	0.0	0.049619779496433446	1.0
Unique Binding	Bound Only	HepG2	TROVE2_4	0.0001	29	67.44186046511628	29	0.04944988062753247	0	0.0	0.04944988062753247	1.0
Unique Binding	Bound Only	HepG2	TROVE2_4	0.001	28	65.11627906976744	28	0.04845417573571374	0	0.0	0.04845417573571374	1.0
Unique Binding	Bound Only	HepG2	TROVE2_4	0.01	0	0.0	0	0.0	0	0.0		
Unique Binding	Bound Only	HepG2	TROVE2_4	0.1	0	0.0	0	0.0	0	0.0		
Unique Binding	Bound Only	HepG2	TROVE2_5	0.0	68	100.0	68	0.1796887282998198	0	0.0	0.1796887282998198	1.0
Unique Binding	Bound Only	HepG2	TROVE2_5	1e-05	68	100.0	68	0.1796887282998198	0	0.0	0.1796887282998198	1.0
Unique Binding	Bound Only	HepG2	TROVE2_5	0.0001	68	100.0	68	0.1796887282998198	0	0.0	0.1796887282998198	1.0
Unique Binding	Bound Only	HepG2	TROVE2_5	0.001	55	80.88235294117648	55	0.16882367005560958	0	0.0	0.16882367005560958	1.0
Unique Binding	Bound Only	HepG2	TROVE2_5	0.01	0	0.0	0	0.0	0	0.0		
Unique Binding	Bound Only	HepG2	TROVE2_5	0.1	0	0.0	0	0.0	0	0.0		
Unique Binding	Bound Only	HepG2	TROVE2_6	0.0	40	100.0	40	0.8599831274682246	0	0.0	0.8599831274682246	1.0
Unique Binding	Bound Only	HepG2	TROVE2_6	1e-05	40	100.0	40	0.8599831274682246	0	0.0	0.8599831274682246	1.0
Unique Binding	Bound Only	HepG2	TROVE2_6	0.0001	40	100.0	40	0.8599831274682246	0	0.0	0.8599831274682246	1.0
Unique Binding	Bound Only	HepG2	TROVE2_6	0.001	40	100.0	40	0.8599831274682246	0	0.0	0.8599831274682246	1.0
Unique Binding	Bound Only	HepG2	TROVE2_6	0.01	40	100.0	40	0.8599831274682246	0	0.0	0.8599831274682246	1.0
Unique Binding	Bound Only	HepG2	TROVE2_6	0.1	0	0.0	0	0.0	0	0.0		
Unique Binding	Bound Only	HepG2	U2AF1_1	0.0	974	100.0	15	0.021421088599689546	959	-0.13491842116222674	-0.11349733256253719	-0.7259670491187935
Unique Binding	Bound Only	HepG2	U2AF1_1	1e-05	919	94.35318275154005	15	0.021421088599689546	904	-0.1344883640264614	-0.11306727542677183	-0.7252111627759437
Unique Binding	Bound Only	HepG2	U2AF1_1	0.0001	200	20.533880903490758	14	0.02133119685866485	186	-0.10631508988364397	-0.0849838930249791	-0.6657764608268145
Unique Binding	Bound Only	HepG2	U2AF1_1	0.001	27	2.772073921971253	8	0.020151377439695674	19	-0.06463308612781485	-0.044481708688119174	-0.5246445730319464
Unique Binding	Bound Only	HepG2	U2AF1_1	0.01	0	0.0	0	0.0	0	0.0		
Unique Binding	Bound Only	HepG2	U2AF1_1	0.1	0	0.0	0	0.0	0	0.0		
Unique Binding	Bound Only	HepG2	U2AF1_2	0.0	575	100.0	0	0.0	575	-2.8549993322947014	-2.8549993322947014	-1.0
Unique Binding	Bound Only	HepG2	U2AF1_2	1e-05	575	100.0	0	0.0	575	-2.8549993322947014	-2.8549993322947014	-1.0
Unique Binding	Bound Only	HepG2	U2AF1_2	0.0001	575	100.0	0	0.0	575	-2.8549993322947014	-2.8549993322947014	-1.0
Unique Binding	Bound Only	HepG2	U2AF1_2	0.001	574	99.82608695652175	0	0.0	574	-2.8540406566315446	-2.8540406566315446	-1.0
Unique Binding	Bound Only	HepG2	U2AF1_2	0.01	8	1.391304347826087	0	0.0	8	-0.08106551706665181	-0.08106551706665181	-1.0
Unique Binding	Bound Only	HepG2	U2AF1_2	0.1	0	0.0	0	0.0	0	0.0		
Unique Binding	Bound Only	HepG2	U2AF1_3	0.0	1726	100.0	0	0.0	1726	-53.54186809781609	-53.54186809781609	-1.0
Unique Binding	Bound Only	HepG2	U2AF1_3	1e-05	1726	100.0	0	0.0	1726	-53.54186809781609	-53.54186809781609	-1.0
Unique Binding	Bound Only	HepG2	U2AF1_3	0.0001	1726	100.0	0	0.0	1726	-53.54186809781609	-53.54186809781609	-1.0
Unique Binding	Bound Only	HepG2	U2AF1_3	0.001	1726	100.0	0	0.0	1726	-53.54186809781609	-53.54186809781609	-1.0
Unique Binding	Bound Only	HepG2	U2AF1_3	0.01	1571	91.0196987253766	0	0.0	1571	-52.403501861256956	-52.403501861256956	-1.0
Unique Binding	Bound Only	HepG2	U2AF1_3	0.1	30	1.738122827346466	0	0.0	30	-3.322169684020589	-3.322169684020589	-1.0
Unique Binding	Bound Only	HepG2	U2AF1_4	0.0	697	100.0	0	0.0	697	-49.493588224011475	-49.493588224011475	-1.0
Unique Binding	Bound Only	HepG2	U2AF1_4	1e-05	697	100.0	0	0.0	697	-49.493588224011475	-49.493588224011475	-1.0
Unique Binding	Bound Only	HepG2	U2AF1_4	0.0001	697	100.0	0	0.0	697	-49.493588224011475	-49.493588224011475	-1.0
Unique Binding	Bound Only	HepG2	U2AF1_4	0.001	697	100.0	0	0.0	697	-49.493588224011475	-49.493588224011475	-1.0
Unique Binding	Bound Only	HepG2	U2AF1_4	0.01	697	100.0	0	0.0	697	-49.493588224011475	-49.493588224011475	-1.0
Unique Binding	Bound Only	HepG2	U2AF1_4	0.1	189	27.116212338593975	0	0.0	189	-22.964558288328018	-22.964558288328018	-1.0
Unique Binding	Bound Only	HepG2	U2AF1_5	0.0	1980	100.0	22	0.001351586094888041	1958	-3.986814397596077	-3.985462811501189	-0.9993222016834731
Unique Binding	Bound Only	HepG2	U2AF1_5	1e-05	1975	99.74747474747475	20	0.0013393891897039512	1955	-3.9867938701742567	-3.985454480984553	-0.9993283127204644
Unique Binding	Bound Only	HepG2	U2AF1_5	0.0001	1856	93.73737373737374	2	0.00029501062505387304	1854	-3.9802522455247837	-3.97995723489973	-0.9998517738360735
Unique Binding	Bound Only	HepG2	U2AF1_5	0.001	498	25.151515151515152	0	0.0	498	-3.2585765602609906	-3.2585765602609906	-1.0
Unique Binding	Bound Only	HepG2	U2AF1_5	0.01	81	4.090909090909091	0	0.0	81	-2.0993068222480304	-2.0993068222480304	-1.0
Unique Binding	Bound Only	HepG2	U2AF1_5	0.1	0	0.0	0	0.0	0	0.0		
Unique Binding	Bound Only	HepG2	U2AF1_6	0.0	392	100.0	0	0.0	392	-0.6039688927318556	-0.6039688927318556	-1.0
Unique Binding	Bound Only	HepG2	U2AF1_6	1e-05	392	100.0	0	0.0	392	-0.6039688927318556	-0.6039688927318556	-1.0
Unique Binding	Bound Only	HepG2	U2AF1_6	0.0001	392	100.0	0	0.0	392	-0.6039688927318556	-0.6039688927318556	-1.0
Unique Binding	Bound Only	HepG2	U2AF1_6	0.001	182	46.42857142857143	0	0.0	182	-0.4770532089344972	-0.4770532089344972	-1.0
Unique Binding	Bound Only	HepG2	U2AF1_6	0.01	9	2.295918367346939	0	0.0	9	-0.14207313725869272	-0.14207313725869272	-1.0
Unique Binding	Bound Only	HepG2	U2AF1_6	0.1	0	0.0	0	0.0	0	0.0		
Unique Binding	Bound Only	HepG2	U2AF2_1	0.0	5699	100.0	5621	18.578209009801302	78	-0.36312572118396985	18.215083288617333	0.9616578529083329
Unique Binding	Bound Only	HepG2	U2AF2_1	1e-05	5693	99.89471837164416	5619	18.57820659375496	74	-0.36309340946786384	18.215113184287095	0.9616611943841146
Unique Binding	Bound Only	HepG2	U2AF2_1	0.0001	5688	99.8069836813476	5618	18.578173578958896	70	-0.36295213677125143	18.215221442187644	0.9616757586409103
Unique Binding	Bound Only	HepG2	U2AF2_1	0.001	5322	93.38480435164064	5268	18.298795852098678	54	-0.35319770434180375	17.945598147756876	0.962127618876445
Unique Binding	Bound Only	HepG2	U2AF2_1	0.01	144	2.5267590805404456	134	1.5916908620485586	10	-0.25400603865100296	1.3376848233975556	0.7247586658950027
Unique Binding	Bound Only	HepG2	U2AF2_1	0.1	0	0.0	0	0.0	0	0.0		
Unique Binding	Bound Only	HepG2	U2AF2_2	0.0	1742	100.0	0	0.0	1742	-66.74733799910602	-66.74733799910602	-1.0
Unique Binding	Bound Only	HepG2	U2AF2_2	1e-05	1742	100.0	0	0.0	1742	-66.74733799910602	-66.74733799910602	-1.0
Unique Binding	Bound Only	HepG2	U2AF2_2	0.0001	1742	100.0	0	0.0	1742	-66.74733799910602	-66.74733799910602	-1.0
Unique Binding	Bound Only	HepG2	U2AF2_2	0.001	1742	100.0	0	0.0	1742	-66.74733799910602	-66.74733799910602	-1.0
Unique Binding	Bound Only	HepG2	U2AF2_2	0.01	1688	96.90011481056257	0	0.0	1688	-66.26606070318591	-66.26606070318591	-1.0
Unique Binding	Bound Only	HepG2	U2AF2_2	0.1	4	0.2296211251435132	0	0.0	4	-0.42641049724801317	-0.42641049724801317	-1.0
Unique Binding	Bound Only	HepG2	U2AF2_3	0.0	9355	100.0	8084	93.03692149669311	1271	-5.843248522475034	87.19367297421807	0.8818115195121062
Unique Binding	Bound Only	HepG2	U2AF2_3	1e-05	9353	99.97862105825762	8083	93.03691710737121	1270	-5.8432442551203705	87.19367285225084	0.8818115954787085
Unique Binding	Bound Only	HepG2	U2AF2_3	0.0001	9286	99.26242650988776	8050	93.03511542132242	1236	-5.841665158890442	87.19345026243198	0.8818394950844614
Unique Binding	Bound Only	HepG2	U2AF2_3	0.001	8741	93.43666488508818	7874	92.94699296860426	867	-5.634539026054771	87.3124539425495	0.8856877365963427
Unique Binding	Bound Only	HepG2	U2AF2_3	0.01	4173	44.607161945483696	3995	72.17944143533722	178	-3.1755036171129563	69.00393781822427	0.9157187729377901
Unique Binding	Bound Only	HepG2	U2AF2_3	0.1	0	0.0	0	0.0	0	0.0		
Unique Binding	Bound Only	HepG2	U2AF2_4	0.0	2119	100.0	391	2.212812423824367	1728	-28.964199587958046	-26.75138716413368	-0.8580484606422129
Unique Binding	Bound Only	HepG2	U2AF2_4	1e-05	2119	100.0	391	2.212812423824367	1728	-28.964199587958046	-26.75138716413368	-0.8580484606422129
Unique Binding	Bound Only	HepG2	U2AF2_4	0.0001	2105	99.33931099575271	388	2.212583122709616	1717	-28.96371563807266	-26.751132515363043	-0.858059923040454
Unique Binding	Bound Only	HepG2	U2AF2_4	0.001	1993	94.05379896177443	319	2.1694483238662263	1674	-28.94751464709995	-26.778066323233723	-0.8605616926118117
Unique Binding	Bound Only	HepG2	U2AF2_4	0.01	1218	57.47994336951392	38	0.9373067295227404	1180	-25.656127536847585	-24.718820807324846	-0.9295084102237939
Unique Binding	Bound Only	HepG2	U2AF2_4	0.1	0	0.0	0	0.0	0	0.0		
Unique Binding	Bound Only	HepG2	U2AF2_5	0.0	10898	100.0	35	0.18776058889974534	10863	-150.5206193388413	-150.33285874994155	-0.9975082926511483
Unique Binding	Bound Only	HepG2	U2AF2_5	1e-05	10898	100.0	35	0.18776058889974534	10863	-150.5206193388413	-150.33285874994155	-0.9975082926511483
Unique Binding	Bound Only	HepG2	U2AF2_5	0.0001	10898	100.0	35	0.18776058889974534	10863	-150.5206193388413	-150.33285874994155	-0.9975082926511483
Unique Binding	Bound Only	HepG2	U2AF2_5	0.001	10887	99.89906404844926	34	0.18689692547010311	10853	-150.51165379130993	-150.32475686583982	-0.9975195922644092
Unique Binding	Bound Only	HepG2	U2AF2_5	0.01	6498	59.6256193797027	6	0.09882428597143328	6492	-120.54378636401881	-120.44496207804738	-0.9983617017994059
Unique Binding	Bound Only	HepG2	U2AF2_5	0.1	0	0.0	0	0.0	0	0.0		
Unique Binding	Bound Only	HepG2	U2AF2_6	0.0	1666	100.0	0	0.0	1666	-5.182860452152553	-5.182860452152553	-1.0
Unique Binding	Bound Only	HepG2	U2AF2_6	1e-05	1666	100.0	0	0.0	1666	-5.182860452152553	-5.182860452152553	-1.0
Unique Binding	Bound Only	HepG2	U2AF2_6	0.0001	1666	100.0	0	0.0	1666	-5.182860452152553	-5.182860452152553	-1.0
Unique Binding	Bound Only	HepG2	U2AF2_6	0.001	1505	90.33613445378151	0	0.0	1505	-5.052753473134847	-5.052753473134847	-1.0
Unique Binding	Bound Only	HepG2	U2AF2_6	0.01	26	1.56062424969988	0	0.0	26	-0.4888714845060246	-0.4888714845060246	-1.0
Unique Binding	Bound Only	HepG2	U2AF2_6	0.1	0	0.0	0	0.0	0	0.0		
Unique Binding	Bound Only	HepG2	UCHL5_1	0.0	2613	100.0	2613	3.571265197650143	0	0.0	3.571265197650143	1.0
Unique Binding	Bound Only	HepG2	UCHL5_1	1e-05	2613	100.0	2613	3.571265197650143	0	0.0	3.571265197650143	1.0
Unique Binding	Bound Only	HepG2	UCHL5_1	0.0001	2603	99.61729812476081	2603	3.5703092328042603	0	0.0	3.5703092328042603	1.0
Unique Binding	Bound Only	HepG2	UCHL5_1	0.001	544	20.818982013011862	544	2.761451963308049	0	0.0	2.761451963308049	1.0
Unique Binding	Bound Only	HepG2	UCHL5_1	0.01	70	2.678913126674321	70	1.1067556123561089	0	0.0	1.1067556123561089	1.0
Unique Binding	Bound Only	HepG2	UCHL5_1	0.1	0	0.0	0	0.0	0	0.0		
Unique Binding	Bound Only	HepG2	UCHL5_2	0.0	3721	100.0	0	0.0	3721	-188.1056062633291	-188.1056062633291	-1.0
Unique Binding	Bound Only	HepG2	UCHL5_2	1e-05	3721	100.0	0	0.0	3721	-188.1056062633291	-188.1056062633291	-1.0
Unique Binding	Bound Only	HepG2	UCHL5_2	0.0001	3721	100.0	0	0.0	3721	-188.1056062633291	-188.1056062633291	-1.0
Unique Binding	Bound Only	HepG2	UCHL5_2	0.001	3721	100.0	0	0.0	3721	-188.1056062633291	-188.1056062633291	-1.0
Unique Binding	Bound Only	HepG2	UCHL5_2	0.01	3668	98.5756517065305	0	0.0	3668	-187.65241040217782	-187.65241040217782	-1.0
Unique Binding	Bound Only	HepG2	UCHL5_2	0.1	371	9.970438054286483	0	0.0	371	-40.29352618828254	-40.29352618828254	-1.0
Unique Binding	Bound Only	HepG2	UCHL5_3	0.0	2145	100.0	2145	21.49179334117171	0	0.0	21.49179334117171	1.0
Unique Binding	Bound Only	HepG2	UCHL5_3	1e-05	2145	100.0	2145	21.49179334117171	0	0.0	21.49179334117171	1.0
Unique Binding	Bound Only	HepG2	UCHL5_3	0.0001	2145	100.0	2145	21.49179334117171	0	0.0	21.49179334117171	1.0
Unique Binding	Bound Only	HepG2	UCHL5_3	0.001	2145	100.0	2145	21.49179334117171	0	0.0	21.49179334117171	1.0
Unique Binding	Bound Only	HepG2	UCHL5_3	0.01	772	35.99067599067599	772	12.641233007998911	0	0.0	12.641233007998911	1.0
Unique Binding	Bound Only	HepG2	UCHL5_3	0.1	0	0.0	0	0.0	0	0.0		
Unique Binding	Bound Only	HepG2	UCHL5_4	0.0	2631	100.0	2567	26.397170292744974	64	-0.11416633247914959	26.283003960265823	0.9913873574846069
Unique Binding	Bound Only	HepG2	UCHL5_4	1e-05	2630	99.9619916381604	2566	26.39716209408749	64	-0.11416633247914959	26.28299576160834	0.9913873548211378
Unique Binding	Bound Only	HepG2	UCHL5_4	0.0001	2628	99.8859749144812	2565	26.39713456726283	63	-0.1141272199959626	26.28300734726687	0.9913902838037826
Unique Binding	Bound Only	HepG2	UCHL5_4	0.001	2579	98.02356518434055	2544	26.38956172300241	35	-0.09824780946324958	26.29131391353916	0.9925816584158967
Unique Binding	Bound Only	HepG2	UCHL5_4	0.01	981	37.28620296465222	981	15.629107630155579	0	0.0	15.629107630155579	1.0
Unique Binding	Bound Only	HepG2	UCHL5_4	0.1	0	0.0	0	0.0	0	0.0		
Unique Binding	Bound Only	HepG2	UCHL5_5	0.0	2720	100.0	0	0.0	2720	-0.15423012318588264	-0.15423012318588264	-1.0
Unique Binding	Bound Only	HepG2	UCHL5_5	1e-05	2452	90.14705882352942	0	0.0	2452	-0.15193987166918688	-0.15193987166918688	-1.0
Unique Binding	Bound Only	HepG2	UCHL5_5	0.0001	267	9.816176470588236	0	0.0	267	-0.08810239635146687	-0.08810239635146687	-1.0
Unique Binding	Bound Only	HepG2	UCHL5_5	0.001	0	0.0	0	0.0	0	0.0		
Unique Binding	Bound Only	HepG2	UCHL5_5	0.01	0	0.0	0	0.0	0	0.0		
Unique Binding	Bound Only	HepG2	UCHL5_5	0.1	0	0.0	0	0.0	0	0.0		
Unique Binding	Bound Only	HepG2	UCHL5_6	0.0	3144	100.0	12	0.0588403772397717	3132	-57.86696097614471	-57.80812059890494	-0.9979684225037888
Unique Binding	Bound Only	HepG2	UCHL5_6	1e-05	3144	100.0	12	0.0588403772397717	3132	-57.86696097614471	-57.80812059890494	-0.9979684225037888
Unique Binding	Bound Only	HepG2	UCHL5_6	0.0001	3144	100.0	12	0.0588403772397717	3132	-57.86696097614471	-57.80812059890494	-0.9979684225037888
Unique Binding	Bound Only	HepG2	UCHL5_6	0.001	3139	99.84096692111959	11	0.05868688560408147	3128	-57.8635409249555	-57.80485403935142	-0.9979735970862162
Unique Binding	Bound Only	HepG2	UCHL5_6	0.01	2096	66.66666666666666	0	0.0	2096	-50.8028464522547	-50.8028464522547	-1.0
Unique Binding	Bound Only	HepG2	UCHL5_6	0.1	0	0.0	0	0.0	0	0.0		
Unique Binding	Bound Only	HepG2	UPF1_1	0.0	156	100.0	156	0.25470380220169553	0	0.0	0.25470380220169553	1.0
Unique Binding	Bound Only	HepG2	UPF1_1	1e-05	156	100.0	156	0.25470380220169553	0	0.0	0.25470380220169553	1.0
Unique Binding	Bound Only	HepG2	UPF1_1	0.0001	156	100.0	156	0.25470380220169553	0	0.0	0.25470380220169553	1.0
Unique Binding	Bound Only	HepG2	UPF1_1	0.001	104	66.66666666666666	104	0.21625254696039356	0	0.0	0.21625254696039356	1.0
Unique Binding	Bound Only	HepG2	UPF1_1	0.01	0	0.0	0	0.0	0	0.0		
Unique Binding	Bound Only	HepG2	UPF1_1	0.1	0	0.0	0	0.0	0	0.0		
Unique Binding	Bound Only	HepG2	UPF1_2	0.0	247	100.0	0	0.0	247	-0.14524731419221276	-0.14524731419221276	-1.0
Unique Binding	Bound Only	HepG2	UPF1_2	1e-05	159	64.37246963562752	0	0.0	159	-0.1447396725590082	-0.1447396725590082	-1.0
Unique Binding	Bound Only	HepG2	UPF1_2	0.0001	35	14.17004048582996	0	0.0	35	-0.14155347521799316	-0.14155347521799316	-1.0
Unique Binding	Bound Only	HepG2	UPF1_2	0.001	35	14.17004048582996	0	0.0	35	-0.14155347521799316	-0.14155347521799316	-1.0
Unique Binding	Bound Only	HepG2	UPF1_2	0.01	0	0.0	0	0.0	0	0.0		
Unique Binding	Bound Only	HepG2	UPF1_2	0.1	0	0.0	0	0.0	0	0.0		
Unique Binding	Bound Only	HepG2	UPF1_3	0.0	139	100.0	0	0.0	139	-1.100996683340669	-1.100996683340669	-1.0
Unique Binding	Bound Only	HepG2	UPF1_3	1e-05	139	100.0	0	0.0	139	-1.100996683340669	-1.100996683340669	-1.0
Unique Binding	Bound Only	HepG2	UPF1_3	0.0001	139	100.0	0	0.0	139	-1.100996683340669	-1.100996683340669	-1.0
Unique Binding	Bound Only	HepG2	UPF1_3	0.001	92	66.18705035971223	0	0.0	92	-1.070816521217571	-1.070816521217571	-1.0
Unique Binding	Bound Only	HepG2	UPF1_3	0.01	35	25.179856115107913	0	0.0	35	-0.8633880551042825	-0.8633880551042825	-1.0
Unique Binding	Bound Only	HepG2	UPF1_3	0.1	0	0.0	0	0.0	0	0.0		
Unique Binding	Bound Only	HepG2	UPF1_4	0.0	308	100.0	308	2.046409433772896	0	0.0	2.046409433772896	1.0
Unique Binding	Bound Only	HepG2	UPF1_4	1e-05	308	100.0	308	2.046409433772896	0	0.0	2.046409433772896	1.0
Unique Binding	Bound Only	HepG2	UPF1_4	0.0001	308	100.0	308	2.046409433772896	0	0.0	2.046409433772896	1.0
Unique Binding	Bound Only	HepG2	UPF1_4	0.001	308	100.0	308	2.046409433772896	0	0.0	2.046409433772896	1.0
Unique Binding	Bound Only	HepG2	UPF1_4	0.01	56	18.181818181818183	56	0.8260183479674374	0	0.0	0.8260183479674374	1.0
Unique Binding	Bound Only	HepG2	UPF1_4	0.1	0	0.0	0	0.0	0	0.0		
Unique Binding	Bound Only	HepG2	UPF1_5	0.0	107	20.576923076923077	107	0.0072319561273938284	0	0.0	0.0072319561273938284	1.0
Unique Binding	Bound Only	HepG2	UPF1_5	1e-05	107	20.576923076923077	107	0.0072319561273938284	0	0.0	0.0072319561273938284	1.0
Unique Binding	Bound Only	HepG2	UPF1_5	0.0001	23	4.423076923076923	23	0.004241875756106116	0	0.0	0.004241875756106116	1.0
Unique Binding	Bound Only	HepG2	UPF1_5	0.001	0	0.0	0	0.0	0	0.0		
Unique Binding	Bound Only	HepG2	UPF1_5	0.01	0	0.0	0	0.0	0	0.0		
Unique Binding	Bound Only	HepG2	UPF1_5	0.1	0	0.0	0	0.0	0	0.0		
Unique Binding	Bound Only	HepG2	UPF1_6	0.0	1752	100.0	0	0.0	1752	-7.620896581075189	-7.620896581075189	-1.0
Unique Binding	Bound Only	HepG2	UPF1_6	1e-05	1752	100.0	0	0.0	1752	-7.620896581075189	-7.620896581075189	-1.0
Unique Binding	Bound Only	HepG2	UPF1_6	0.0001	1752	100.0	0	0.0	1752	-7.620896581075189	-7.620896581075189	-1.0
Unique Binding	Bound Only	HepG2	UPF1_6	0.001	1750	99.88584474885845	0	0.0	1750	-7.618932397501287	-7.618932397501287	-1.0
Unique Binding	Bound Only	HepG2	UPF1_6	0.01	36	2.054794520547945	0	0.0	36	-0.9031337267470853	-0.9031337267470853	-1.0
Unique Binding	Bound Only	HepG2	UPF1_6	0.1	0	0.0	0	0.0	0	0.0		
Unique Binding	Bound Only	HepG2	UTP18_1	0.0	0	0.0	0	0.0	0	0.0		
Unique Binding	Bound Only	HepG2	UTP18_1	1e-05	0	0.0	0	0.0	0	0.0		
Unique Binding	Bound Only	HepG2	UTP18_1	0.0001	0	0.0	0	0.0	0	0.0		
Unique Binding	Bound Only	HepG2	UTP18_1	0.001	0	0.0	0	0.0	0	0.0		
Unique Binding	Bound Only	HepG2	UTP18_1	0.01	0	0.0	0	0.0	0	0.0		
Unique Binding	Bound Only	HepG2	UTP18_1	0.1	0	0.0	0	0.0	0	0.0		
Unique Binding	Bound Only	HepG2	UTP18_2	0.0	0	0.0	0	0.0	0	0.0		
Unique Binding	Bound Only	HepG2	UTP18_2	1e-05	0	0.0	0	0.0	0	0.0		
Unique Binding	Bound Only	HepG2	UTP18_2	0.0001	0	0.0	0	0.0	0	0.0		
Unique Binding	Bound Only	HepG2	UTP18_2	0.001	0	0.0	0	0.0	0	0.0		
Unique Binding	Bound Only	HepG2	UTP18_2	0.01	0	0.0	0	0.0	0	0.0		
Unique Binding	Bound Only	HepG2	UTP18_2	0.1	0	0.0	0	0.0	0	0.0		
Unique Binding	Bound Only	HepG2	UTP18_3	0.0	0	0.0	0	0.0	0	0.0		
Unique Binding	Bound Only	HepG2	UTP18_3	1e-05	0	0.0	0	0.0	0	0.0		
Unique Binding	Bound Only	HepG2	UTP18_3	0.0001	0	0.0	0	0.0	0	0.0		
Unique Binding	Bound Only	HepG2	UTP18_3	0.001	0	0.0	0	0.0	0	0.0		
Unique Binding	Bound Only	HepG2	UTP18_3	0.01	0	0.0	0	0.0	0	0.0		
Unique Binding	Bound Only	HepG2	UTP18_3	0.1	0	0.0	0	0.0	0	0.0		
Unique Binding	Bound Only	HepG2	UTP18_4	0.0	0	0.0	0	0.0	0	0.0		
Unique Binding	Bound Only	HepG2	UTP18_4	1e-05	0	0.0	0	0.0	0	0.0		
Unique Binding	Bound Only	HepG2	UTP18_4	0.0001	0	0.0	0	0.0	0	0.0		
Unique Binding	Bound Only	HepG2	UTP18_4	0.001	0	0.0	0	0.0	0	0.0		
Unique Binding	Bound Only	HepG2	UTP18_4	0.01	0	0.0	0	0.0	0	0.0		
Unique Binding	Bound Only	HepG2	UTP18_4	0.1	0	0.0	0	0.0	0	0.0		
Unique Binding	Bound Only	HepG2	UTP18_5	0.0	0	0.0	0	0.0	0	0.0		
Unique Binding	Bound Only	HepG2	UTP18_5	1e-05	0	0.0	0	0.0	0	0.0		
Unique Binding	Bound Only	HepG2	UTP18_5	0.0001	0	0.0	0	0.0	0	0.0		
Unique Binding	Bound Only	HepG2	UTP18_5	0.001	0	0.0	0	0.0	0	0.0		
Unique Binding	Bound Only	HepG2	UTP18_5	0.01	0	0.0	0	0.0	0	0.0		
Unique Binding	Bound Only	HepG2	UTP18_5	0.1	0	0.0	0	0.0	0	0.0		
Unique Binding	Bound Only	HepG2	UTP18_6	0.0	0	0.0	0	0.0	0	0.0		
Unique Binding	Bound Only	HepG2	UTP18_6	1e-05	0	0.0	0	0.0	0	0.0		
Unique Binding	Bound Only	HepG2	UTP18_6	0.0001	0	0.0	0	0.0	0	0.0		
Unique Binding	Bound Only	HepG2	UTP18_6	0.001	0	0.0	0	0.0	0	0.0		
Unique Binding	Bound Only	HepG2	UTP18_6	0.01	0	0.0	0	0.0	0	0.0		
Unique Binding	Bound Only	HepG2	UTP18_6	0.1	0	0.0	0	0.0	0	0.0		
Unique Binding	Bound Only	HepG2	WDR43_1	0.0	0	0.0	0	0.0	0	0.0		
Unique Binding	Bound Only	HepG2	WDR43_1	1e-05	0	0.0	0	0.0	0	0.0		
Unique Binding	Bound Only	HepG2	WDR43_1	0.0001	0	0.0	0	0.0	0	0.0		
Unique Binding	Bound Only	HepG2	WDR43_1	0.001	0	0.0	0	0.0	0	0.0		
Unique Binding	Bound Only	HepG2	WDR43_1	0.01	0	0.0	0	0.0	0	0.0		
Unique Binding	Bound Only	HepG2	WDR43_1	0.1	0	0.0	0	0.0	0	0.0		
Unique Binding	Bound Only	HepG2	WDR43_2	0.0	74	41.80790960451977	0	0.0	74	-0.005562598032842552	-0.005562598032842552	-1.0
Unique Binding	Bound Only	HepG2	WDR43_2	1e-05	57	32.20338983050847	0	0.0	57	-0.00554802743002531	-0.00554802743002531	-1.0
Unique Binding	Bound Only	HepG2	WDR43_2	0.0001	9	5.084745762711865	0	0.0	9	-0.004739593519777513	-0.004739593519777513	-1.0
Unique Binding	Bound Only	HepG2	WDR43_2	0.001	3	1.694915254237288	0	0.0	3	-0.0031782407412069796	-0.0031782407412069796	-1.0
Unique Binding	Bound Only	HepG2	WDR43_2	0.01	0	0.0	0	0.0	0	0.0		
Unique Binding	Bound Only	HepG2	WDR43_2	0.1	0	0.0	0	0.0	0	0.0		
Unique Binding	Bound Only	HepG2	WDR43_3	0.0	209	100.0	0	0.0	209	-0.2764780894363031	-0.2764780894363031	-1.0
Unique Binding	Bound Only	HepG2	WDR43_3	1e-05	196	93.77990430622009	0	0.0	196	-0.2763671609226548	-0.2763671609226548	-1.0
Unique Binding	Bound Only	HepG2	WDR43_3	0.0001	87	41.62679425837321	0	0.0	87	-0.2735794605475287	-0.2735794605475287	-1.0
Unique Binding	Bound Only	HepG2	WDR43_3	0.001	29	13.875598086124402	0	0.0	29	-0.24833966169371247	-0.24833966169371247	-1.0
Unique Binding	Bound Only	HepG2	WDR43_3	0.01	14	6.698564593301436	0	0.0	14	-0.1431114308523095	-0.1431114308523095	-1.0
Unique Binding	Bound Only	HepG2	WDR43_3	0.1	0	0.0	0	0.0	0	0.0		
Unique Binding	Bound Only	HepG2	WDR43_4	0.0	0	0.0	0	0.0	0	0.0		
Unique Binding	Bound Only	HepG2	WDR43_4	1e-05	0	0.0	0	0.0	0	0.0		
Unique Binding	Bound Only	HepG2	WDR43_4	0.0001	0	0.0	0	0.0	0	0.0		
Unique Binding	Bound Only	HepG2	WDR43_4	0.001	0	0.0	0	0.0	0	0.0		
Unique Binding	Bound Only	HepG2	WDR43_4	0.01	0	0.0	0	0.0	0	0.0		
Unique Binding	Bound Only	HepG2	WDR43_4	0.1	0	0.0	0	0.0	0	0.0		
Unique Binding	Bound Only	HepG2	WDR43_5	0.0	8	4.624277456647398	8	0.0028977780968911905	0	0.0	0.0028977780968911905	1.0
Unique Binding	Bound Only	HepG2	WDR43_5	1e-05	8	4.624277456647398	8	0.0028977780968911905	0	0.0	0.0028977780968911905	1.0
Unique Binding	Bound Only	HepG2	WDR43_5	0.0001	8	4.624277456647398	8	0.0028977780968911905	0	0.0	0.0028977780968911905	1.0
Unique Binding	Bound Only	HepG2	WDR43_5	0.001	0	0.0	0	0.0	0	0.0		
Unique Binding	Bound Only	HepG2	WDR43_5	0.01	0	0.0	0	0.0	0	0.0		
Unique Binding	Bound Only	HepG2	WDR43_5	0.1	0	0.0	0	0.0	0	0.0		
Unique Binding	Bound Only	HepG2	WDR43_6	0.0	187	100.0	187	0.13995679024666405	0	0.0	0.13995679024666405	1.0
Unique Binding	Bound Only	HepG2	WDR43_6	1e-05	187	100.0	187	0.13995679024666405	0	0.0	0.13995679024666405	1.0
Unique Binding	Bound Only	HepG2	WDR43_6	0.0001	187	100.0	187	0.13995679024666405	0	0.0	0.13995679024666405	1.0
Unique Binding	Bound Only	HepG2	WDR43_6	0.001	43	22.994652406417114	43	0.06146351458984018	0	0.0	0.06146351458984018	1.0
Unique Binding	Bound Only	HepG2	WDR43_6	0.01	0	0.0	0	0.0	0	0.0		
Unique Binding	Bound Only	HepG2	WDR43_6	0.1	0	0.0	0	0.0	0	0.0		
Unique Binding	Bound Only	HepG2	XPO5_1	0.0	0	0.0	0	0.0	0	0.0		
Unique Binding	Bound Only	HepG2	XPO5_1	1e-05	0	0.0	0	0.0	0	0.0		
Unique Binding	Bound Only	HepG2	XPO5_1	0.0001	0	0.0	0	0.0	0	0.0		
Unique Binding	Bound Only	HepG2	XPO5_1	0.001	0	0.0	0	0.0	0	0.0		
Unique Binding	Bound Only	HepG2	XPO5_1	0.01	0	0.0	0	0.0	0	0.0		
Unique Binding	Bound Only	HepG2	XPO5_1	0.1	0	0.0	0	0.0	0	0.0		
Unique Binding	Bound Only	HepG2	XPO5_2	0.0	569	100.0	0	0.0	569	-3.1833617847819333	-3.1833617847819333	-1.0
Unique Binding	Bound Only	HepG2	XPO5_2	1e-05	569	100.0	0	0.0	569	-3.1833617847819333	-3.1833617847819333	-1.0
Unique Binding	Bound Only	HepG2	XPO5_2	0.0001	569	100.0	0	0.0	569	-3.1833617847819333	-3.1833617847819333	-1.0
Unique Binding	Bound Only	HepG2	XPO5_2	0.001	549	96.48506151142355	0	0.0	549	-3.1676264869374813	-3.1676264869374813	-1.0
Unique Binding	Bound Only	HepG2	XPO5_2	0.01	45	7.9086115992970125	0	0.0	45	-0.8870154419582077	-0.8870154419582077	-1.0
Unique Binding	Bound Only	HepG2	XPO5_2	0.1	0	0.0	0	0.0	0	0.0		
Unique Binding	Bound Only	HepG2	XPO5_3	0.0	515	100.0	0	0.0	515	-5.857924317750836	-5.857924317750836	-1.0
Unique Binding	Bound Only	HepG2	XPO5_3	1e-05	515	100.0	0	0.0	515	-5.857924317750836	-5.857924317750836	-1.0
Unique Binding	Bound Only	HepG2	XPO5_3	0.0001	515	100.0	0	0.0	515	-5.857924317750836	-5.857924317750836	-1.0
Unique Binding	Bound Only	HepG2	XPO5_3	0.001	515	100.0	0	0.0	515	-5.857924317750836	-5.857924317750836	-1.0
Unique Binding	Bound Only	HepG2	XPO5_3	0.01	259	50.29126213592233	0	0.0	259	-4.392029654909482	-4.392029654909482	-1.0
Unique Binding	Bound Only	HepG2	XPO5_3	0.1	0	0.0	0	0.0	0	0.0		
Unique Binding	Bound Only	HepG2	XPO5_4	0.0	347	100.0	0	0.0	347	-1.6891311058262364	-1.6891311058262364	-1.0
Unique Binding	Bound Only	HepG2	XPO5_4	1e-05	347	100.0	0	0.0	347	-1.6891311058262364	-1.6891311058262364	-1.0
Unique Binding	Bound Only	HepG2	XPO5_4	0.0001	347	100.0	0	0.0	347	-1.6891311058262364	-1.6891311058262364	-1.0
Unique Binding	Bound Only	HepG2	XPO5_4	0.001	343	98.84726224783861	0	0.0	343	-1.6854868179026257	-1.6854868179026257	-1.0
Unique Binding	Bound Only	HepG2	XPO5_4	0.01	46	13.256484149855908	0	0.0	46	-0.5749646461830301	-0.5749646461830301	-1.0
Unique Binding	Bound Only	HepG2	XPO5_4	0.1	0	0.0	0	0.0	0	0.0		
Unique Binding	Bound Only	HepG2	XPO5_5	0.0	442	100.0	442	9.712794200324543	0	0.0	9.712794200324543	1.0
Unique Binding	Bound Only	HepG2	XPO5_5	1e-05	442	100.0	442	9.712794200324543	0	0.0	9.712794200324543	1.0
Unique Binding	Bound Only	HepG2	XPO5_5	0.0001	442	100.0	442	9.712794200324543	0	0.0	9.712794200324543	1.0
Unique Binding	Bound Only	HepG2	XPO5_5	0.001	442	100.0	442	9.712794200324543	0	0.0	9.712794200324543	1.0
Unique Binding	Bound Only	HepG2	XPO5_5	0.01	429	97.05882352941177	429	9.597188221044458	0	0.0	9.597188221044458	1.0
Unique Binding	Bound Only	HepG2	XPO5_5	0.1	0	0.0	0	0.0	0	0.0		
Unique Binding	Bound Only	HepG2	XPO5_6	0.0	267	100.0	267	0.16260769163813713	0	0.0	0.16260769163813713	1.0
Unique Binding	Bound Only	HepG2	XPO5_6	1e-05	267	100.0	267	0.16260769163813713	0	0.0	0.16260769163813713	1.0
Unique Binding	Bound Only	HepG2	XPO5_6	0.0001	267	100.0	267	0.16260769163813713	0	0.0	0.16260769163813713	1.0
Unique Binding	Bound Only	HepG2	XPO5_6	0.001	19	7.116104868913857	19	0.033403315329994354	0	0.0	0.033403315329994354	1.0
Unique Binding	Bound Only	HepG2	XPO5_6	0.01	0	0.0	0	0.0	0	0.0		
Unique Binding	Bound Only	HepG2	XPO5_6	0.1	0	0.0	0	0.0	0	0.0		
Unique Binding	Bound Only	HepG2	XRCC6_1	0.0	0	0.0	0	0.0	0	0.0		
Unique Binding	Bound Only	HepG2	XRCC6_1	1e-05	0	0.0	0	0.0	0	0.0		
Unique Binding	Bound Only	HepG2	XRCC6_1	0.0001	0	0.0	0	0.0	0	0.0		
Unique Binding	Bound Only	HepG2	XRCC6_1	0.001	0	0.0	0	0.0	0	0.0		
Unique Binding	Bound Only	HepG2	XRCC6_1	0.01	0	0.0	0	0.0	0	0.0		
Unique Binding	Bound Only	HepG2	XRCC6_1	0.1	0	0.0	0	0.0	0	0.0		
Unique Binding	Bound Only	HepG2	XRCC6_2	0.0	0	0.0	0	0.0	0	0.0		
Unique Binding	Bound Only	HepG2	XRCC6_2	1e-05	0	0.0	0	0.0	0	0.0		
Unique Binding	Bound Only	HepG2	XRCC6_2	0.0001	0	0.0	0	0.0	0	0.0		
Unique Binding	Bound Only	HepG2	XRCC6_2	0.001	0	0.0	0	0.0	0	0.0		
Unique Binding	Bound Only	HepG2	XRCC6_2	0.01	0	0.0	0	0.0	0	0.0		
Unique Binding	Bound Only	HepG2	XRCC6_2	0.1	0	0.0	0	0.0	0	0.0		
Unique Binding	Bound Only	HepG2	XRCC6_3	0.0	11	100.0	0	0.0	11	-0.025420704984945915	-0.025420704984945915	-1.0
Unique Binding	Bound Only	HepG2	XRCC6_3	1e-05	11	100.0	0	0.0	11	-0.025420704984945915	-0.025420704984945915	-1.0
Unique Binding	Bound Only	HepG2	XRCC6_3	0.0001	11	100.0	0	0.0	11	-0.025420704984945915	-0.025420704984945915	-1.0
Unique Binding	Bound Only	HepG2	XRCC6_3	0.001	11	100.0	0	0.0	11	-0.025420704984945915	-0.025420704984945915	-1.0
Unique Binding	Bound Only	HepG2	XRCC6_3	0.01	0	0.0	0	0.0	0	0.0		
Unique Binding	Bound Only	HepG2	XRCC6_3	0.1	0	0.0	0	0.0	0	0.0		
Unique Binding	Bound Only	HepG2	XRCC6_4	0.0	0	0.0	0	0.0	0	0.0		
Unique Binding	Bound Only	HepG2	XRCC6_4	1e-05	0	0.0	0	0.0	0	0.0		
Unique Binding	Bound Only	HepG2	XRCC6_4	0.0001	0	0.0	0	0.0	0	0.0		
Unique Binding	Bound Only	HepG2	XRCC6_4	0.001	0	0.0	0	0.0	0	0.0		
Unique Binding	Bound Only	HepG2	XRCC6_4	0.01	0	0.0	0	0.0	0	0.0		
Unique Binding	Bound Only	HepG2	XRCC6_4	0.1	0	0.0	0	0.0	0	0.0		
Unique Binding	Bound Only	HepG2	XRCC6_5	0.0	0	0.0	0	0.0	0	0.0		
Unique Binding	Bound Only	HepG2	XRCC6_5	1e-05	0	0.0	0	0.0	0	0.0		
Unique Binding	Bound Only	HepG2	XRCC6_5	0.0001	0	0.0	0	0.0	0	0.0		
Unique Binding	Bound Only	HepG2	XRCC6_5	0.001	0	0.0	0	0.0	0	0.0		
Unique Binding	Bound Only	HepG2	XRCC6_5	0.01	0	0.0	0	0.0	0	0.0		
Unique Binding	Bound Only	HepG2	XRCC6_5	0.1	0	0.0	0	0.0	0	0.0		
Unique Binding	Bound Only	HepG2	XRCC6_6	0.0	0	0.0	0	0.0	0	0.0		
Unique Binding	Bound Only	HepG2	XRCC6_6	1e-05	0	0.0	0	0.0	0	0.0		
Unique Binding	Bound Only	HepG2	XRCC6_6	0.0001	0	0.0	0	0.0	0	0.0		
Unique Binding	Bound Only	HepG2	XRCC6_6	0.001	0	0.0	0	0.0	0	0.0		
Unique Binding	Bound Only	HepG2	XRCC6_6	0.01	0	0.0	0	0.0	0	0.0		
Unique Binding	Bound Only	HepG2	XRCC6_6	0.1	0	0.0	0	0.0	0	0.0		
Unique Binding	Bound Only	HepG2	XRN2_1	0.0	433	100.0	0	0.0	433	-5.2602839036938605	-5.2602839036938605	-1.0
Unique Binding	Bound Only	HepG2	XRN2_1	1e-05	433	100.0	0	0.0	433	-5.2602839036938605	-5.2602839036938605	-1.0
Unique Binding	Bound Only	HepG2	XRN2_1	0.0001	433	100.0	0	0.0	433	-5.2602839036938605	-5.2602839036938605	-1.0
Unique Binding	Bound Only	HepG2	XRN2_1	0.001	433	100.0	0	0.0	433	-5.2602839036938605	-5.2602839036938605	-1.0
Unique Binding	Bound Only	HepG2	XRN2_1	0.01	203	46.88221709006928	0	0.0	203	-3.880802026504519	-3.880802026504519	-1.0
Unique Binding	Bound Only	HepG2	XRN2_1	0.1	0	0.0	0	0.0	0	0.0		
Unique Binding	Bound Only	HepG2	XRN2_2	0.0	1873	100.0	59	0.06228407886787152	1814	-0.24721731408120384	-0.18493323521333233	-0.5975198801246132
Unique Binding	Bound Only	HepG2	XRN2_2	1e-05	1873	100.0	59	0.06228407886787152	1814	-0.24721731408120384	-0.18493323521333233	-0.5975198801246132
Unique Binding	Bound Only	HepG2	XRN2_2	0.0001	914	48.79871863320876	59	0.06228407886787152	855	-0.18736778081199876	-0.12508370194412724	-0.5010325262728771
Unique Binding	Bound Only	HepG2	XRN2_2	0.001	60	3.203416978109984	35	0.04761272949955943	25	-0.06592470150462454	-0.01831197200506511	-0.16128577019142082
Unique Binding	Bound Only	HepG2	XRN2_2	0.01	0	0.0	0	0.0	0	0.0		
Unique Binding	Bound Only	HepG2	XRN2_2	0.1	0	0.0	0	0.0	0	0.0		
Unique Binding	Bound Only	HepG2	XRN2_3	0.0	0	0.0	0	0.0	0	0.0		
Unique Binding	Bound Only	HepG2	XRN2_3	1e-05	0	0.0	0	0.0	0	0.0		
Unique Binding	Bound Only	HepG2	XRN2_3	0.0001	0	0.0	0	0.0	0	0.0		
Unique Binding	Bound Only	HepG2	XRN2_3	0.001	0	0.0	0	0.0	0	0.0		
Unique Binding	Bound Only	HepG2	XRN2_3	0.01	0	0.0	0	0.0	0	0.0		
Unique Binding	Bound Only	HepG2	XRN2_3	0.1	0	0.0	0	0.0	0	0.0		
Unique Binding	Bound Only	HepG2	XRN2_4	0.0	0	0.0	0	0.0	0	0.0		
Unique Binding	Bound Only	HepG2	XRN2_4	1e-05	0	0.0	0	0.0	0	0.0		
Unique Binding	Bound Only	HepG2	XRN2_4	0.0001	0	0.0	0	0.0	0	0.0		
Unique Binding	Bound Only	HepG2	XRN2_4	0.001	0	0.0	0	0.0	0	0.0		
Unique Binding	Bound Only	HepG2	XRN2_4	0.01	0	0.0	0	0.0	0	0.0		
Unique Binding	Bound Only	HepG2	XRN2_4	0.1	0	0.0	0	0.0	0	0.0		
Unique Binding	Bound Only	HepG2	XRN2_5	0.0	383	100.0	0	0.0	383	-9.052093236198527	-9.052093236198527	-1.0
Unique Binding	Bound Only	HepG2	XRN2_5	1e-05	383	100.0	0	0.0	383	-9.052093236198527	-9.052093236198527	-1.0
Unique Binding	Bound Only	HepG2	XRN2_5	0.0001	383	100.0	0	0.0	383	-9.052093236198527	-9.052093236198527	-1.0
Unique Binding	Bound Only	HepG2	XRN2_5	0.001	383	100.0	0	0.0	383	-9.052093236198527	-9.052093236198527	-1.0
Unique Binding	Bound Only	HepG2	XRN2_5	0.01	255	66.57963446475196	0	0.0	255	-8.239903116899132	-8.239903116899132	-1.0
Unique Binding	Bound Only	HepG2	XRN2_5	0.1	0	0.0	0	0.0	0	0.0		
Unique Binding	Bound Only	HepG2	XRN2_6	0.0	197	100.0	0	0.0	197	-1.0283760035174516	-1.0283760035174516	-1.0
Unique Binding	Bound Only	HepG2	XRN2_6	1e-05	197	100.0	0	0.0	197	-1.0283760035174516	-1.0283760035174516	-1.0
Unique Binding	Bound Only	HepG2	XRN2_6	0.0001	197	100.0	0	0.0	197	-1.0283760035174516	-1.0283760035174516	-1.0
Unique Binding	Bound Only	HepG2	XRN2_6	0.001	93	47.20812182741117	0	0.0	93	-0.986718036427163	-0.986718036427163	-1.0
Unique Binding	Bound Only	HepG2	XRN2_6	0.01	34	17.258883248730964	0	0.0	34	-0.7402659677846811	-0.7402659677846811	-1.0
Unique Binding	Bound Only	HepG2	XRN2_6	0.1	0	0.0	0	0.0	0	0.0		
Unique Binding	Bound Only	HepG2	YBX3_1	0.0	587	100.0	0	0.0	587	-27.208249917231292	-27.208249917231292	-1.0
Unique Binding	Bound Only	HepG2	YBX3_1	1e-05	587	100.0	0	0.0	587	-27.208249917231292	-27.208249917231292	-1.0
Unique Binding	Bound Only	HepG2	YBX3_1	0.0001	587	100.0	0	0.0	587	-27.208249917231292	-27.208249917231292	-1.0
Unique Binding	Bound Only	HepG2	YBX3_1	0.001	587	100.0	0	0.0	587	-27.208249917231292	-27.208249917231292	-1.0
Unique Binding	Bound Only	HepG2	YBX3_1	0.01	523	89.09710391822829	0	0.0	523	-26.77356028264965	-26.77356028264965	-1.0
Unique Binding	Bound Only	HepG2	YBX3_1	0.1	101	17.206132879045995	0	0.0	101	-13.329165878662103	-13.329165878662103	-1.0
Unique Binding	Bound Only	HepG2	YBX3_2	0.0	830	100.0	0	0.0	830	-1.3482457133387515	-1.3482457133387515	-1.0
Unique Binding	Bound Only	HepG2	YBX3_2	1e-05	830	100.0	0	0.0	830	-1.3482457133387515	-1.3482457133387515	-1.0
Unique Binding	Bound Only	HepG2	YBX3_2	0.0001	817	98.43373493975903	0	0.0	817	-1.347268631638733	-1.347268631638733	-1.0
Unique Binding	Bound Only	HepG2	YBX3_2	0.001	277	33.373493975903614	0	0.0	277	-1.0784068249357583	-1.0784068249357583	-1.0
Unique Binding	Bound Only	HepG2	YBX3_2	0.01	22	2.6506024096385543	0	0.0	22	-0.4358999893547724	-0.4358999893547724	-1.0
Unique Binding	Bound Only	HepG2	YBX3_2	0.1	0	0.0	0	0.0	0	0.0		
Unique Binding	Bound Only	HepG2	YBX3_3	0.0	757	100.0	757	32.733442607113005	0	0.0	32.733442607113005	1.0
Unique Binding	Bound Only	HepG2	YBX3_3	1e-05	757	100.0	757	32.733442607113005	0	0.0	32.733442607113005	1.0
Unique Binding	Bound Only	HepG2	YBX3_3	0.0001	757	100.0	757	32.733442607113005	0	0.0	32.733442607113005	1.0
Unique Binding	Bound Only	HepG2	YBX3_3	0.001	757	100.0	757	32.733442607113005	0	0.0	32.733442607113005	1.0
Unique Binding	Bound Only	HepG2	YBX3_3	0.01	753	99.47159841479525	753	32.69460326942814	0	0.0	32.69460326942814	1.0
Unique Binding	Bound Only	HepG2	YBX3_3	0.1	49	6.472919418758257	49	6.100349464325567	0	0.0	6.100349464325567	1.0
Unique Binding	Bound Only	HepG2	YBX3_4	0.0	824	100.0	824	49.86320948253352	0	0.0	49.86320948253352	1.0
Unique Binding	Bound Only	HepG2	YBX3_4	1e-05	824	100.0	824	49.86320948253352	0	0.0	49.86320948253352	1.0
Unique Binding	Bound Only	HepG2	YBX3_4	0.0001	824	100.0	824	49.86320948253352	0	0.0	49.86320948253352	1.0
Unique Binding	Bound Only	HepG2	YBX3_4	0.001	824	100.0	824	49.86320948253352	0	0.0	49.86320948253352	1.0
Unique Binding	Bound Only	HepG2	YBX3_4	0.01	824	100.0	824	49.86320948253352	0	0.0	49.86320948253352	1.0
Unique Binding	Bound Only	HepG2	YBX3_4	0.1	95	11.529126213592233	95	12.891517368069813	0	0.0	12.891517368069813	1.0
Unique Binding	Bound Only	HepG2	YBX3_5	0.0	1148	100.0	0	0.0	1148	-40.54127645997134	-40.54127645997134	-1.0
Unique Binding	Bound Only	HepG2	YBX3_5	1e-05	1148	100.0	0	0.0	1148	-40.54127645997134	-40.54127645997134	-1.0
Unique Binding	Bound Only	HepG2	YBX3_5	0.0001	1148	100.0	0	0.0	1148	-40.54127645997134	-40.54127645997134	-1.0
Unique Binding	Bound Only	HepG2	YBX3_5	0.001	1148	100.0	0	0.0	1148	-40.54127645997134	-40.54127645997134	-1.0
Unique Binding	Bound Only	HepG2	YBX3_5	0.01	886	77.17770034843205	0	0.0	886	-38.60224477161333	-38.60224477161333	-1.0
Unique Binding	Bound Only	HepG2	YBX3_5	0.1	95	8.275261324041812	0	0.0	95	-11.161365604217117	-11.161365604217117	-1.0
Unique Binding	Bound Only	HepG2	YBX3_6	0.0	860	100.0	71	0.013260422503509707	789	-1.9691275149401535	-1.9558670924366437	-0.9866217683703126
Unique Binding	Bound Only	HepG2	YBX3_6	1e-05	860	100.0	71	0.013260422503509707	789	-1.9691275149401535	-1.9558670924366437	-0.9866217683703126
Unique Binding	Bound Only	HepG2	YBX3_6	0.0001	759	88.25581395348837	46	0.012169040241169516	713	-1.9648339901492715	-1.952664949908102	-0.9876894065875395
Unique Binding	Bound Only	HepG2	YBX3_6	0.001	529	61.51162790697674	0	0.0	529	-1.8529378345790437	-1.8529378345790437	-1.0
Unique Binding	Bound Only	HepG2	YBX3_6	0.01	17	1.9767441860465116	0	0.0	17	-0.2856612341947672	-0.2856612341947672	-1.0
Unique Binding	Bound Only	HepG2	YBX3_6	0.1	0	0.0	0	0.0	0	0.0		
Unique Binding	Bound Only	HepG2	ZC3H11A_1	0.0	0	0.0	0	0.0	0	0.0		
Unique Binding	Bound Only	HepG2	ZC3H11A_1	1e-05	0	0.0	0	0.0	0	0.0		
Unique Binding	Bound Only	HepG2	ZC3H11A_1	0.0001	0	0.0	0	0.0	0	0.0		
Unique Binding	Bound Only	HepG2	ZC3H11A_1	0.001	0	0.0	0	0.0	0	0.0		
Unique Binding	Bound Only	HepG2	ZC3H11A_1	0.01	0	0.0	0	0.0	0	0.0		
Unique Binding	Bound Only	HepG2	ZC3H11A_1	0.1	0	0.0	0	0.0	0	0.0		
Unique Binding	Bound Only	HepG2	ZC3H11A_2	0.0	0	0.0	0	0.0	0	0.0		
Unique Binding	Bound Only	HepG2	ZC3H11A_2	1e-05	0	0.0	0	0.0	0	0.0		
Unique Binding	Bound Only	HepG2	ZC3H11A_2	0.0001	0	0.0	0	0.0	0	0.0		
Unique Binding	Bound Only	HepG2	ZC3H11A_2	0.001	0	0.0	0	0.0	0	0.0		
Unique Binding	Bound Only	HepG2	ZC3H11A_2	0.01	0	0.0	0	0.0	0	0.0		
Unique Binding	Bound Only	HepG2	ZC3H11A_2	0.1	0	0.0	0	0.0	0	0.0		
Unique Binding	Bound Only	HepG2	ZC3H11A_3	0.0	0	0.0	0	0.0	0	0.0		
Unique Binding	Bound Only	HepG2	ZC3H11A_3	1e-05	0	0.0	0	0.0	0	0.0		
Unique Binding	Bound Only	HepG2	ZC3H11A_3	0.0001	0	0.0	0	0.0	0	0.0		
Unique Binding	Bound Only	HepG2	ZC3H11A_3	0.001	0	0.0	0	0.0	0	0.0		
Unique Binding	Bound Only	HepG2	ZC3H11A_3	0.01	0	0.0	0	0.0	0	0.0		
Unique Binding	Bound Only	HepG2	ZC3H11A_3	0.1	0	0.0	0	0.0	0	0.0		
Unique Binding	Bound Only	HepG2	ZC3H11A_4	0.0	0	0.0	0	0.0	0	0.0		
Unique Binding	Bound Only	HepG2	ZC3H11A_4	1e-05	0	0.0	0	0.0	0	0.0		
Unique Binding	Bound Only	HepG2	ZC3H11A_4	0.0001	0	0.0	0	0.0	0	0.0		
Unique Binding	Bound Only	HepG2	ZC3H11A_4	0.001	0	0.0	0	0.0	0	0.0		
Unique Binding	Bound Only	HepG2	ZC3H11A_4	0.01	0	0.0	0	0.0	0	0.0		
Unique Binding	Bound Only	HepG2	ZC3H11A_4	0.1	0	0.0	0	0.0	0	0.0		
Unique Binding	Bound Only	HepG2	ZC3H11A_5	0.0	186	100.0	148	0.6417985941809243	38	-2.2475620316218903	-1.605763437440966	-0.5557504394228399
Unique Binding	Bound Only	HepG2	ZC3H11A_5	1e-05	186	100.0	148	0.6417985941809243	38	-2.2475620316218903	-1.605763437440966	-0.5557504394228399
Unique Binding	Bound Only	HepG2	ZC3H11A_5	0.0001	186	100.0	148	0.6417985941809243	38	-2.2475620316218903	-1.605763437440966	-0.5557504394228399
Unique Binding	Bound Only	HepG2	ZC3H11A_5	0.001	161	86.55913978494624	123	0.621229848519909	38	-2.2475620316218903	-1.6263321831019812	-0.5669049031962523
Unique Binding	Bound Only	HepG2	ZC3H11A_5	0.01	38	20.43010752688172	0	0.0	38	-2.2475620316218903	-2.2475620316218903	-1.0
Unique Binding	Bound Only	HepG2	ZC3H11A_5	0.1	5	2.6881720430107525	0	0.0	5	-0.7609205222360975	-0.7609205222360975	-1.0
Unique Binding	Bound Only	HepG2	ZC3H11A_6	0.0	744	100.0	0	0.0	744	-2.424771272722003	-2.424771272722003	-1.0
Unique Binding	Bound Only	HepG2	ZC3H11A_6	1e-05	744	100.0	0	0.0	744	-2.424771272722003	-2.424771272722003	-1.0
Unique Binding	Bound Only	HepG2	ZC3H11A_6	0.0001	744	100.0	0	0.0	744	-2.424771272722003	-2.424771272722003	-1.0
Unique Binding	Bound Only	HepG2	ZC3H11A_6	0.001	631	84.81182795698925	0	0.0	631	-2.344209591860886	-2.344209591860886	-1.0
Unique Binding	Bound Only	HepG2	ZC3H11A_6	0.01	29	3.8978494623655915	0	0.0	29	-0.4792865823950222	-0.4792865823950222	-1.0
Unique Binding	Bound Only	HepG2	ZC3H11A_6	0.1	0	0.0	0	0.0	0	0.0		
Unique Binding	Bound Only	HepG2	ZNF800_1	0.0	2793	100.0	4	0.11568238189757277	2789	-18.157060483985816	-18.04137810208824	-0.9873382575624634
Unique Binding	Bound Only	HepG2	ZNF800_1	1e-05	2793	100.0	4	0.11568238189757277	2789	-18.157060483985816	-18.04137810208824	-0.9873382575624634
Unique Binding	Bound Only	HepG2	ZNF800_1	0.0001	2793	100.0	4	0.11568238189757277	2789	-18.157060483985816	-18.04137810208824	-0.9873382575624634
Unique Binding	Bound Only	HepG2	ZNF800_1	0.001	2768	99.10490511994271	4	0.11568238189757277	2764	-18.137495480774263	-18.021813098876688	-0.9873246858417846
Unique Binding	Bound Only	HepG2	ZNF800_1	0.01	455	16.290726817042607	4	0.11568238189757277	451	-7.66800497556274	-7.552322593665167	-0.9702756864234285
Unique Binding	Bound Only	HepG2	ZNF800_1	0.1	0	0.0	0	0.0	0	0.0		
Unique Binding	Bound Only	HepG2	ZNF800_2	0.0	3586	100.0	58	0.9896716076669055	3528	-6.714591548094816	-5.7249199404279105	-0.7430846824263088
Unique Binding	Bound Only	HepG2	ZNF800_2	1e-05	3586	100.0	58	0.9896716076669055	3528	-6.714591548094816	-5.7249199404279105	-0.7430846824263088
Unique Binding	Bound Only	HepG2	ZNF800_2	0.0001	3572	99.6095928611266	58	0.9896716076669055	3514	-6.713492163582455	-5.723820555915549	-0.7430480158397585
Unique Binding	Bound Only	HepG2	ZNF800_2	0.001	2343	65.33742331288343	58	0.9896716076669055	2285	-5.914447286347727	-4.924775678680821	-0.713309801624396
Unique Binding	Bound Only	HepG2	ZNF800_2	0.01	51	1.4221974344673731	25	0.8279469703130071	26	-0.3353195289921813	0.4926274413208258	0.4234863134243692
Unique Binding	Bound Only	HepG2	ZNF800_2	0.1	0	0.0	0	0.0	0	0.0		
Unique Binding	Bound Only	HepG2	ZNF800_3	0.0	2818	100.0	2808	51.3623907343598	10	-0.002042799693091944	51.360347934666706	0.9999204585915763
Unique Binding	Bound Only	HepG2	ZNF800_3	1e-05	2817	99.96451383960256	2808	51.3623907343598	9	-0.0020419312763134386	51.36034880308348	0.9999204924041658
Unique Binding	Bound Only	HepG2	ZNF800_3	0.0001	2808	99.64513839602554	2803	51.36209524918229	5	-0.001736914416422012	51.36035833476587	0.9999323681920427
Unique Binding	Bound Only	HepG2	ZNF800_3	0.001	2793	99.11284599006387	2793	51.35630007987048	0	0.0	51.35630007987048	1.0
Unique Binding	Bound Only	HepG2	ZNF800_3	0.01	2182	77.43080198722498	2182	47.20019413017375	0	0.0	47.20019413017375	1.0
Unique Binding	Bound Only	HepG2	ZNF800_3	0.1	0	0.0	0	0.0	0	0.0		
Unique Binding	Bound Only	HepG2	ZNF800_4	0.0	2888	100.0	219	0.2990859507899866	2669	-3.4864152457775996	-3.187329294987613	-0.8419834334955827
Unique Binding	Bound Only	HepG2	ZNF800_4	1e-05	2886	99.93074792243767	219	0.2990859507899866	2667	-3.4864035228662975	-3.187317572076311	-0.8419829441495665
Unique Binding	Bound Only	HepG2	ZNF800_4	0.0001	2681	92.83240997229917	172	0.29649587968791624	2509	-3.4741486192719204	-3.177652739584004	-0.8427346413751244
Unique Binding	Bound Only	HepG2	ZNF800_4	0.001	879	30.43628808864266	92	0.25064330045569916	787	-2.7345832059235464	-2.4839399054678473	-0.8320775325288786
Unique Binding	Bound Only	HepG2	ZNF800_4	0.01	32	1.10803324099723	0	0.0	32	-0.6855856582097211	-0.6855856582097211	-1.0
Unique Binding	Bound Only	HepG2	ZNF800_4	0.1	0	0.0	0	0.0	0	0.0		
Unique Binding	Bound Only	HepG2	ZNF800_5	0.0	3533	100.0	72	0.03223201478413403	3461	-8.61786053244866	-8.585628517664526	-0.9925475907666572
Unique Binding	Bound Only	HepG2	ZNF800_5	1e-05	3530	99.91508632889895	70	0.032226252944635166	3460	-8.617851269339576	-8.58562501639494	-0.9925489100273114
Unique Binding	Bound Only	HepG2	ZNF800_5	0.0001	3514	99.46221341636003	64	0.032052920924324116	3450	-8.617324192717101	-8.585271271792777	-0.9925883863073166
Unique Binding	Bound Only	HepG2	ZNF800_5	0.001	2541	71.92187942258703	4	0.004448147128371912	2537	-7.93386972611756	-7.929421578989189	-0.9988793224964289
Unique Binding	Bound Only	HepG2	ZNF800_5	0.01	90	2.547410133031418	0	0.0	90	-1.2042344001659284	-1.2042344001659284	-1.0
Unique Binding	Bound Only	HepG2	ZNF800_5	0.1	0	0.0	0	0.0	0	0.0		
Unique Binding	Bound Only	HepG2	ZNF800_6	0.0	3627	100.0	0	0.0	3627	-26.731783197583667	-26.731783197583667	-1.0
Unique Binding	Bound Only	HepG2	ZNF800_6	1e-05	3627	100.0	0	0.0	3627	-26.731783197583667	-26.731783197583667	-1.0
Unique Binding	Bound Only	HepG2	ZNF800_6	0.0001	3627	100.0	0	0.0	3627	-26.731783197583667	-26.731783197583667	-1.0
Unique Binding	Bound Only	HepG2	ZNF800_6	0.001	3599	99.22801213123795	0	0.0	3599	-26.70782374640549	-26.70782374640549	-1.0
Unique Binding	Bound Only	HepG2	ZNF800_6	0.01	948	26.1373035566584	0	0.0	948	-14.616676253528839	-14.616676253528839	-1.0
Unique Binding	Bound Only	HepG2	ZNF800_6	0.1	0	0.0	0	0.0	0	0.0		
Unique Binding	Bound Only	K562	AARS_1	0.0	0	0.0	0	0.0	0	0.0		
Unique Binding	Bound Only	K562	AARS_1	1e-05	0	0.0	0	0.0	0	0.0		
Unique Binding	Bound Only	K562	AARS_1	0.0001	0	0.0	0	0.0	0	0.0		
Unique Binding	Bound Only	K562	AARS_1	0.001	0	0.0	0	0.0	0	0.0		
Unique Binding	Bound Only	K562	AARS_1	0.01	0	0.0	0	0.0	0	0.0		
Unique Binding	Bound Only	K562	AARS_1	0.1	0	0.0	0	0.0	0	0.0		
Unique Binding	Bound Only	K562	AARS_2	0.0	0	0.0	0	0.0	0	0.0		
Unique Binding	Bound Only	K562	AARS_2	1e-05	0	0.0	0	0.0	0	0.0		
Unique Binding	Bound Only	K562	AARS_2	0.0001	0	0.0	0	0.0	0	0.0		
Unique Binding	Bound Only	K562	AARS_2	0.001	0	0.0	0	0.0	0	0.0		
Unique Binding	Bound Only	K562	AARS_2	0.01	0	0.0	0	0.0	0	0.0		
Unique Binding	Bound Only	K562	AARS_2	0.1	0	0.0	0	0.0	0	0.0		
Unique Binding	Bound Only	K562	AARS_3	0.0	108	100.0	0	0.0	108	-0.16251482605555073	-0.16251482605555073	-1.0
Unique Binding	Bound Only	K562	AARS_3	1e-05	108	100.0	0	0.0	108	-0.16251482605555073	-0.16251482605555073	-1.0
Unique Binding	Bound Only	K562	AARS_3	0.0001	64	59.25925925925925	0	0.0	64	-0.15938184734779434	-0.15938184734779434	-1.0
Unique Binding	Bound Only	K562	AARS_3	0.001	17	15.74074074074074	0	0.0	17	-0.15269401961778103	-0.15269401961778103	-1.0
Unique Binding	Bound Only	K562	AARS_3	0.01	0	0.0	0	0.0	0	0.0		
Unique Binding	Bound Only	K562	AARS_3	0.1	0	0.0	0	0.0	0	0.0		
Unique Binding	Bound Only	K562	AARS_4	0.0	0	0.0	0	0.0	0	0.0		
Unique Binding	Bound Only	K562	AARS_4	1e-05	0	0.0	0	0.0	0	0.0		
Unique Binding	Bound Only	K562	AARS_4	0.0001	0	0.0	0	0.0	0	0.0		
Unique Binding	Bound Only	K562	AARS_4	0.001	0	0.0	0	0.0	0	0.0		
Unique Binding	Bound Only	K562	AARS_4	0.01	0	0.0	0	0.0	0	0.0		
Unique Binding	Bound Only	K562	AARS_4	0.1	0	0.0	0	0.0	0	0.0		
Unique Binding	Bound Only	K562	AARS_5	0.0	0	0.0	0	0.0	0	0.0		
Unique Binding	Bound Only	K562	AARS_5	1e-05	0	0.0	0	0.0	0	0.0		
Unique Binding	Bound Only	K562	AARS_5	0.0001	0	0.0	0	0.0	0	0.0		
Unique Binding	Bound Only	K562	AARS_5	0.001	0	0.0	0	0.0	0	0.0		
Unique Binding	Bound Only	K562	AARS_5	0.01	0	0.0	0	0.0	0	0.0		
Unique Binding	Bound Only	K562	AARS_5	0.1	0	0.0	0	0.0	0	0.0		
Unique Binding	Bound Only	K562	AARS_6	0.0	0		0	0.0	0	0.0		
Unique Binding	Bound Only	K562	AARS_6	1e-05	0		0	0.0	0	0.0		
Unique Binding	Bound Only	K562	AARS_6	0.0001	0		0	0.0	0	0.0		
Unique Binding	Bound Only	K562	AARS_6	0.001	0		0	0.0	0	0.0		
Unique Binding	Bound Only	K562	AARS_6	0.01	0		0	0.0	0	0.0		
Unique Binding	Bound Only	K562	AARS_6	0.1	0		0	0.0	0	0.0		
Unique Binding	Bound Only	K562	AATF_1	0.0	741	100.0	279	0.8338875946860875	462	-0.17526007687747303	0.6586275178086145	0.6526572238809663
Unique Binding	Bound Only	K562	AATF_1	1e-05	736	99.32523616734143	279	0.8338875946860875	457	-0.17521428656014199	0.6586733081259455	0.6527322170012123
Unique Binding	Bound Only	K562	AATF_1	0.0001	483	65.18218623481782	267	0.8335485799366644	216	-0.1662860172447101	0.6672625626919544	0.6673729480586377
Unique Binding	Bound Only	K562	AATF_1	0.001	268	36.16734143049933	238	0.8210695419816748	30	-0.10973762193916771	0.7113319200425071	0.7642097607480383
Unique Binding	Bound Only	K562	AATF_1	0.01	0	0.0	0	0.0	0	0.0		
Unique Binding	Bound Only	K562	AATF_1	0.1	0	0.0	0	0.0	0	0.0		
Unique Binding	Bound Only	K562	AATF_2	0.0	1073	100.0	412	0.09798236480133368	661	-0.6757851217745683	-0.5778027569732346	-0.7467395141273561
Unique Binding	Bound Only	K562	AATF_2	1e-05	1055	98.3224603914259	401	0.09792814208998998	654	-0.6757565621036532	-0.5778284200136632	-0.7468525833348261
Unique Binding	Bound Only	K562	AATF_2	0.0001	792	73.81174277726001	296	0.09147644505130509	496	-0.667983960665381	-0.576507515614076	-0.7591014768834967
Unique Binding	Bound Only	K562	AATF_2	0.001	142	13.233923578751163	8	0.012215116604828442	134	-0.5396827019217902	-0.5274675853169618	-0.9557341370276161
Unique Binding	Bound Only	K562	AATF_2	0.01	8	0.7455731593662628	0	0.0	8	-0.16600648314748837	-0.16600648314748837	-1.0
Unique Binding	Bound Only	K562	AATF_2	0.1	0	0.0	0	0.0	0	0.0		
Unique Binding	Bound Only	K562	AATF_3	0.0	1241	100.0	419	0.1070178355919938	822	-0.3504400862772854	-0.2434222506852916	-0.532119434483967
Unique Binding	Bound Only	K562	AATF_3	1e-05	986	79.45205479452055	266	0.10649132248368139	720	-0.3499799046334758	-0.2434885821497944	-0.5334149617436917
Unique Binding	Bound Only	K562	AATF_3	0.0001	632	50.92667203867849	248	0.1056473988046186	384	-0.337871291854251	-0.23222389304963242	-0.5235943781865247
Unique Binding	Bound Only	K562	AATF_3	0.001	77	6.2046736502820306	0	0.0	77	-0.18347740619297015	-0.18347740619297015	-1.0
Unique Binding	Bound Only	K562	AATF_3	0.01	0	0.0	0	0.0	0	0.0		
Unique Binding	Bound Only	K562	AATF_3	0.1	0	0.0	0	0.0	0	0.0		
Unique Binding	Bound Only	K562	AATF_4	0.0	688	100.0	0	0.0	688	-52.99738694129069	-52.99738694129069	-1.0
Unique Binding	Bound Only	K562	AATF_4	1e-05	688	100.0	0	0.0	688	-52.99738694129069	-52.99738694129069	-1.0
Unique Binding	Bound Only	K562	AATF_4	0.0001	688	100.0	0	0.0	688	-52.99738694129069	-52.99738694129069	-1.0
Unique Binding	Bound Only	K562	AATF_4	0.001	688	100.0	0	0.0	688	-52.99738694129069	-52.99738694129069	-1.0
Unique Binding	Bound Only	K562	AATF_4	0.01	688	100.0	0	0.0	688	-52.99738694129069	-52.99738694129069	-1.0
Unique Binding	Bound Only	K562	AATF_4	0.1	160	23.25581395348837	0	0.0	160	-24.93673163104687	-24.93673163104687	-1.0
Unique Binding	Bound Only	K562	AATF_5	0.0	877	100.0	427	1.456396715989647	450	-0.652961960858706	0.803434755130941	0.3808905350944741
Unique Binding	Bound Only	K562	AATF_5	1e-05	864	98.51767388825542	424	1.4563793610322588	440	-0.6529142729493278	0.803465088082931	0.3809166609801398
Unique Binding	Bound Only	K562	AATF_5	0.0001	757	86.3169897377423	361	1.4535971386268438	396	-0.6508325434483766	0.8027645951784672	0.3814642047753503
Unique Binding	Bound Only	K562	AATF_5	0.001	404	46.06613454960091	215	1.3887451012986842	189	-0.5507200688248004	0.8380250324738838	0.43209078738986956
Unique Binding	Bound Only	K562	AATF_5	0.01	26	2.9646522234891677	22	0.7221582327474528	4	-0.0905352099659052	0.6316230227815476	0.7771971441934284
Unique Binding	Bound Only	K562	AATF_5	0.1	0	0.0	0	0.0	0	0.0		
Unique Binding	Bound Only	K562	AATF_6	0.0	596	100.0	52	0.36777379878949207	544	-0.03618732333219922	0.33158647545729286	0.8208375937657785
Unique Binding	Bound Only	K562	AATF_6	1e-05	477	80.03355704697987	52	0.36777379878949207	425	-0.035185257073228345	0.33258854171626373	0.8253655970187939
Unique Binding	Bound Only	K562	AATF_6	0.0001	82	13.758389261744966	52	0.36777379878949207	30	-0.025230281451220343	0.3425435173382717	0.8716029541689899
Unique Binding	Bound Only	K562	AATF_6	0.001	63	10.570469798657719	52	0.36777379878949207	11	-0.01413266880229187	0.3536411299872002	0.9259888480474852
Unique Binding	Bound Only	K562	AATF_6	0.01	7	1.174496644295302	7	0.08950075162586385	0	0.0	0.08950075162586385	1.0
Unique Binding	Bound Only	K562	AATF_6	0.1	0	0.0	0	0.0	0	0.0		
Unique Binding	Bound Only	K562	ABCF1_1	0.0	42	100.0	0	0.0	42	-0.11570672210283081	-0.11570672210283081	-1.0
Unique Binding	Bound Only	K562	ABCF1_1	1e-05	42	100.0	0	0.0	42	-0.11570672210283081	-0.11570672210283081	-1.0
Unique Binding	Bound Only	K562	ABCF1_1	0.0001	42	100.0	0	0.0	42	-0.11570672210283081	-0.11570672210283081	-1.0
Unique Binding	Bound Only	K562	ABCF1_1	0.001	42	100.0	0	0.0	42	-0.11570672210283081	-0.11570672210283081	-1.0
Unique Binding	Bound Only	K562	ABCF1_1	0.01	0	0.0	0	0.0	0	0.0		
Unique Binding	Bound Only	K562	ABCF1_1	0.1	0	0.0	0	0.0	0	0.0		
Unique Binding	Bound Only	K562	ABCF1_2	0.0	0	0.0	0	0.0	0	0.0		
Unique Binding	Bound Only	K562	ABCF1_2	1e-05	0	0.0	0	0.0	0	0.0		
Unique Binding	Bound Only	K562	ABCF1_2	0.0001	0	0.0	0	0.0	0	0.0		
Unique Binding	Bound Only	K562	ABCF1_2	0.001	0	0.0	0	0.0	0	0.0		
Unique Binding	Bound Only	K562	ABCF1_2	0.01	0	0.0	0	0.0	0	0.0		
Unique Binding	Bound Only	K562	ABCF1_2	0.1	0	0.0	0	0.0	0	0.0		
Unique Binding	Bound Only	K562	ABCF1_3	0.0	36	100.0	0	0.0	36	-0.22510236213092255	-0.22510236213092255	-1.0
Unique Binding	Bound Only	K562	ABCF1_3	1e-05	36	100.0	0	0.0	36	-0.22510236213092255	-0.22510236213092255	-1.0
Unique Binding	Bound Only	K562	ABCF1_3	0.0001	36	100.0	0	0.0	36	-0.22510236213092255	-0.22510236213092255	-1.0
Unique Binding	Bound Only	K562	ABCF1_3	0.001	19	52.77777777777778	0	0.0	19	-0.2153827650486536	-0.2153827650486536	-1.0
Unique Binding	Bound Only	K562	ABCF1_3	0.01	16	44.44444444444444	0	0.0	16	-0.21171579999339243	-0.21171579999339243	-1.0
Unique Binding	Bound Only	K562	ABCF1_3	0.1	0	0.0	0	0.0	0	0.0		
Unique Binding	Bound Only	K562	ABCF1_4	0.0	0	0.0	0	0.0	0	0.0		
Unique Binding	Bound Only	K562	ABCF1_4	1e-05	0	0.0	0	0.0	0	0.0		
Unique Binding	Bound Only	K562	ABCF1_4	0.0001	0	0.0	0	0.0	0	0.0		
Unique Binding	Bound Only	K562	ABCF1_4	0.001	0	0.0	0	0.0	0	0.0		
Unique Binding	Bound Only	K562	ABCF1_4	0.01	0	0.0	0	0.0	0	0.0		
Unique Binding	Bound Only	K562	ABCF1_4	0.1	0	0.0	0	0.0	0	0.0		
Unique Binding	Bound Only	K562	ABCF1_5	0.0	0	0.0	0	0.0	0	0.0		
Unique Binding	Bound Only	K562	ABCF1_5	1e-05	0	0.0	0	0.0	0	0.0		
Unique Binding	Bound Only	K562	ABCF1_5	0.0001	0	0.0	0	0.0	0	0.0		
Unique Binding	Bound Only	K562	ABCF1_5	0.001	0	0.0	0	0.0	0	0.0		
Unique Binding	Bound Only	K562	ABCF1_5	0.01	0	0.0	0	0.0	0	0.0		
Unique Binding	Bound Only	K562	ABCF1_5	0.1	0	0.0	0	0.0	0	0.0		
Unique Binding	Bound Only	K562	ABCF1_6	0.0	0	0.0	0	0.0	0	0.0		
Unique Binding	Bound Only	K562	ABCF1_6	1e-05	0	0.0	0	0.0	0	0.0		
Unique Binding	Bound Only	K562	ABCF1_6	0.0001	0	0.0	0	0.0	0	0.0		
Unique Binding	Bound Only	K562	ABCF1_6	0.001	0	0.0	0	0.0	0	0.0		
Unique Binding	Bound Only	K562	ABCF1_6	0.01	0	0.0	0	0.0	0	0.0		
Unique Binding	Bound Only	K562	ABCF1_6	0.1	0	0.0	0	0.0	0	0.0		
Unique Binding	Bound Only	K562	ADAT1_1	0.0	0	0.0	0	0.0	0	0.0		
Unique Binding	Bound Only	K562	ADAT1_1	1e-05	0	0.0	0	0.0	0	0.0		
Unique Binding	Bound Only	K562	ADAT1_1	0.0001	0	0.0	0	0.0	0	0.0		
Unique Binding	Bound Only	K562	ADAT1_1	0.001	0	0.0	0	0.0	0	0.0		
Unique Binding	Bound Only	K562	ADAT1_1	0.01	0	0.0	0	0.0	0	0.0		
Unique Binding	Bound Only	K562	ADAT1_1	0.1	0	0.0	0	0.0	0	0.0		
Unique Binding	Bound Only	K562	ADAT1_2	0.0	0	0.0	0	0.0	0	0.0		
Unique Binding	Bound Only	K562	ADAT1_2	1e-05	0	0.0	0	0.0	0	0.0		
Unique Binding	Bound Only	K562	ADAT1_2	0.0001	0	0.0	0	0.0	0	0.0		
Unique Binding	Bound Only	K562	ADAT1_2	0.001	0	0.0	0	0.0	0	0.0		
Unique Binding	Bound Only	K562	ADAT1_2	0.01	0	0.0	0	0.0	0	0.0		
Unique Binding	Bound Only	K562	ADAT1_2	0.1	0	0.0	0	0.0	0	0.0		
Unique Binding	Bound Only	K562	ADAT1_3	0.0	0	0.0	0	0.0	0	0.0		
Unique Binding	Bound Only	K562	ADAT1_3	1e-05	0	0.0	0	0.0	0	0.0		
Unique Binding	Bound Only	K562	ADAT1_3	0.0001	0	0.0	0	0.0	0	0.0		
Unique Binding	Bound Only	K562	ADAT1_3	0.001	0	0.0	0	0.0	0	0.0		
Unique Binding	Bound Only	K562	ADAT1_3	0.01	0	0.0	0	0.0	0	0.0		
Unique Binding	Bound Only	K562	ADAT1_3	0.1	0	0.0	0	0.0	0	0.0		
Unique Binding	Bound Only	K562	ADAT1_4	0.0	28	100.0	0	0.0	28	-0.8646812670992869	-0.8646812670992869	-1.0
Unique Binding	Bound Only	K562	ADAT1_4	1e-05	28	100.0	0	0.0	28	-0.8646812670992869	-0.8646812670992869	-1.0
Unique Binding	Bound Only	K562	ADAT1_4	0.0001	18	64.28571428571429	0	0.0	18	-0.8640822962691113	-0.8640822962691113	-1.0
Unique Binding	Bound Only	K562	ADAT1_4	0.001	12	42.857142857142854	0	0.0	12	-0.862966507945185	-0.862966507945185	-1.0
Unique Binding	Bound Only	K562	ADAT1_4	0.01	12	42.857142857142854	0	0.0	12	-0.862966507945185	-0.862966507945185	-1.0
Unique Binding	Bound Only	K562	ADAT1_4	0.1	0	0.0	0	0.0	0	0.0		
Unique Binding	Bound Only	K562	ADAT1_5	0.0	32	100.0	32	0.2019848893125258	0	0.0	0.2019848893125258	1.0
Unique Binding	Bound Only	K562	ADAT1_5	1e-05	32	100.0	32	0.2019848893125258	0	0.0	0.2019848893125258	1.0
Unique Binding	Bound Only	K562	ADAT1_5	0.0001	32	100.0	32	0.2019848893125258	0	0.0	0.2019848893125258	1.0
Unique Binding	Bound Only	K562	ADAT1_5	0.001	32	100.0	32	0.2019848893125258	0	0.0	0.2019848893125258	1.0
Unique Binding	Bound Only	K562	ADAT1_5	0.01	3	9.375	3	0.031635810940297895	0	0.0	0.031635810940297895	1.0
Unique Binding	Bound Only	K562	ADAT1_5	0.1	0	0.0	0	0.0	0	0.0		
Unique Binding	Bound Only	K562	ADAT1_6	0.0	256	100.0	254	8.857212089730798	2	-0.043252945315129514	8.813959144415668	0.9902807448498883
Unique Binding	Bound Only	K562	ADAT1_6	1e-05	256	100.0	254	8.857212089730798	2	-0.043252945315129514	8.813959144415668	0.9902807448498883
Unique Binding	Bound Only	K562	ADAT1_6	0.0001	256	100.0	254	8.857212089730798	2	-0.043252945315129514	8.813959144415668	0.9902807448498883
Unique Binding	Bound Only	K562	ADAT1_6	0.001	256	100.0	254	8.857212089730798	2	-0.043252945315129514	8.813959144415668	0.9902807448498883
Unique Binding	Bound Only	K562	ADAT1_6	0.01	221	86.328125	220	8.621035968429354	1	-0.03627947330974597	8.584756495119608	0.9916187706099207
Unique Binding	Bound Only	K562	ADAT1_6	0.1	0	0.0	0	0.0	0	0.0		
Unique Binding	Bound Only	K562	AGGF1_1	0.0	400	100.0	0	0.0	400	-1.305974979217888	-1.305974979217888	-1.0
Unique Binding	Bound Only	K562	AGGF1_1	1e-05	400	100.0	0	0.0	400	-1.305974979217888	-1.305974979217888	-1.0
Unique Binding	Bound Only	K562	AGGF1_1	0.0001	400	100.0	0	0.0	400	-1.305974979217888	-1.305974979217888	-1.0
Unique Binding	Bound Only	K562	AGGF1_1	0.001	363	90.75	0	0.0	363	-1.2778511275853761	-1.2778511275853761	-1.0
Unique Binding	Bound Only	K562	AGGF1_1	0.01	24	6.0	0	0.0	24	-0.2999818799575788	-0.2999818799575788	-1.0
Unique Binding	Bound Only	K562	AGGF1_1	0.1	0	0.0	0	0.0	0	0.0		
Unique Binding	Bound Only	K562	AGGF1_2	0.0	787	100.0	777	2.4896741504055404	10	-0.0017782092562103895	2.48789594114933	0.9985725520704303
Unique Binding	Bound Only	K562	AGGF1_2	1e-05	787	100.0	777	2.4896741504055404	10	-0.0017782092562103895	2.48789594114933	0.9985725520704303
Unique Binding	Bound Only	K562	AGGF1_2	0.0001	751	95.42566709021601	743	2.487329931110634	8	-0.0016002508419475537	2.4857296802686863	0.9987141054790921
Unique Binding	Bound Only	K562	AGGF1_2	0.001	331	42.058449809402795	331	2.2755356358289025	0	0.0	2.2755356358289025	1.0
Unique Binding	Bound Only	K562	AGGF1_2	0.01	83	10.546378653113088	83	1.5587957425275796	0	0.0	1.5587957425275796	1.0
Unique Binding	Bound Only	K562	AGGF1_2	0.1	0	0.0	0	0.0	0	0.0		
Unique Binding	Bound Only	K562	AGGF1_3	0.0	518	100.0	0	0.0	518	-7.799797608352253	-7.799797608352253	-1.0
Unique Binding	Bound Only	K562	AGGF1_3	1e-05	518	100.0	0	0.0	518	-7.799797608352253	-7.799797608352253	-1.0
Unique Binding	Bound Only	K562	AGGF1_3	0.0001	518	100.0	0	0.0	518	-7.799797608352253	-7.799797608352253	-1.0
Unique Binding	Bound Only	K562	AGGF1_3	0.001	518	100.0	0	0.0	518	-7.799797608352253	-7.799797608352253	-1.0
Unique Binding	Bound Only	K562	AGGF1_3	0.01	262	50.57915057915058	0	0.0	262	-6.140865864669974	-6.140865864669974	-1.0
Unique Binding	Bound Only	K562	AGGF1_3	0.1	3	0.5791505791505791	0	0.0	3	-0.32651308359200526	-0.32651308359200526	-1.0
Unique Binding	Bound Only	K562	AGGF1_4	0.0	726	100.0	161	3.019965331515885	565	-2.994289820237279	0.02567551127860579	0.004269109080136273
Unique Binding	Bound Only	K562	AGGF1_4	1e-05	726	100.0	161	3.019965331515885	565	-2.994289820237279	0.02567551127860579	0.004269109080136273
Unique Binding	Bound Only	K562	AGGF1_4	0.0001	718	98.89807162534436	161	3.019965331515885	557	-2.993730578838046	0.026234752677838813	0.004362500709866254
Unique Binding	Bound Only	K562	AGGF1_4	0.001	628	86.50137741046832	148	3.0089758579379016	480	-2.950859785999926	0.05811607193797563	0.009751287688124357
Unique Binding	Bound Only	K562	AGGF1_4	0.01	158	21.763085399449036	100	2.8615150043860726	58	-1.3357606786704637	1.525754325715609	0.3635106294958747
Unique Binding	Bound Only	K562	AGGF1_4	0.1	0	0.0	0	0.0	0	0.0		
Unique Binding	Bound Only	K562	AGGF1_5	0.0	543	100.0	11	0.17789037524609067	532	-1.3095479797503167	-1.131657604504226	-0.7608097510077715
Unique Binding	Bound Only	K562	AGGF1_5	1e-05	543	100.0	11	0.17789037524609067	532	-1.3095479797503167	-1.131657604504226	-0.7608097510077715
Unique Binding	Bound Only	K562	AGGF1_5	0.0001	528	97.23756906077348	11	0.17789037524609067	517	-1.3084021757553994	-1.1305118005093087	-0.7606253558544378
Unique Binding	Bound Only	K562	AGGF1_5	0.001	238	43.83057090239411	11	0.17789037524609067	227	-1.2003973792447815	-1.0225070039986908	-0.7418675821990424
Unique Binding	Bound Only	K562	AGGF1_5	0.01	27	4.972375690607735	7	0.1598212299784124	20	-0.3301876301505334	-0.17036640017212099	-0.3476802442455614
Unique Binding	Bound Only	K562	AGGF1_5	0.1	0	0.0	0	0.0	0	0.0		
Unique Binding	Bound Only	K562	AGGF1_6	0.0	629	100.0	292	0.2737912150881713	337	-0.2166086706768378	0.05718254441133347	0.11660391054563649
Unique Binding	Bound Only	K562	AGGF1_6	1e-05	625	99.36406995230524	291	0.2737905424788881	334	-0.21659694423072695	0.05719359824816117	0.11662939980772509
Unique Binding	Bound Only	K562	AGGF1_6	0.0001	390	62.00317965023847	290	0.2737275550870849	100	-0.20739710066263073	0.06633045442445418	0.1378654235067091
Unique Binding	Bound Only	K562	AGGF1_6	0.001	129	20.5087440381558	105	0.17394543082684052	24	-0.18092024260337633	-0.006974811776535805	-0.019654794190476634
Unique Binding	Bound Only	K562	AGGF1_6	0.01	7	1.1128775834658187	0	0.0	7	-0.12530152326573415	-0.12530152326573415	-1.0
Unique Binding	Bound Only	K562	AGGF1_6	0.1	0	0.0	0	0.0	0	0.0		
Unique Binding	Bound Only	K562	AKAP1_1	0.0	63	100.0	63	0.394797204556784	0	0.0	0.394797204556784	1.0
Unique Binding	Bound Only	K562	AKAP1_1	1e-05	63	100.0	63	0.394797204556784	0	0.0	0.394797204556784	1.0
Unique Binding	Bound Only	K562	AKAP1_1	0.0001	63	100.0	63	0.394797204556784	0	0.0	0.394797204556784	1.0
Unique Binding	Bound Only	K562	AKAP1_1	0.001	63	100.0	63	0.394797204556784	0	0.0	0.394797204556784	1.0
Unique Binding	Bound Only	K562	AKAP1_1	0.01	15	23.809523809523807	15	0.17681888675182328	0	0.0	0.17681888675182328	1.0
Unique Binding	Bound Only	K562	AKAP1_1	0.1	0	0.0	0	0.0	0	0.0		
Unique Binding	Bound Only	K562	AKAP1_2	0.0	52	98.11320754716981	0	0.0	52	-0.004038627825991257	-0.004038627825991257	-1.0
Unique Binding	Bound Only	K562	AKAP1_2	1e-05	2	3.7735849056603774	0	0.0	2	-0.0038360467675838603	-0.0038360467675838603	-1.0
Unique Binding	Bound Only	K562	AKAP1_2	0.0001	2	3.7735849056603774	0	0.0	2	-0.0038360467675838603	-0.0038360467675838603	-1.0
Unique Binding	Bound Only	K562	AKAP1_2	0.001	2	3.7735849056603774	0	0.0	2	-0.0038360467675838603	-0.0038360467675838603	-1.0
Unique Binding	Bound Only	K562	AKAP1_2	0.01	0	0.0	0	0.0	0	0.0		
Unique Binding	Bound Only	K562	AKAP1_2	0.1	0	0.0	0	0.0	0	0.0		
Unique Binding	Bound Only	K562	AKAP1_3	0.0	54	100.0	0	0.0	54	-0.013622128853244207	-0.013622128853244207	-1.0
Unique Binding	Bound Only	K562	AKAP1_3	1e-05	35	64.81481481481481	0	0.0	35	-0.01356144966022191	-0.01356144966022191	-1.0
Unique Binding	Bound Only	K562	AKAP1_3	0.0001	17	31.48148148148148	0	0.0	17	-0.013289102508200847	-0.013289102508200847	-1.0
Unique Binding	Bound Only	K562	AKAP1_3	0.001	3	5.555555555555555	0	0.0	3	-0.003501414626188524	-0.003501414626188524	-1.0
Unique Binding	Bound Only	K562	AKAP1_3	0.01	0	0.0	0	0.0	0	0.0		
Unique Binding	Bound Only	K562	AKAP1_3	0.1	0	0.0	0	0.0	0	0.0		
Unique Binding	Bound Only	K562	AKAP1_4	0.0	0	0.0	0	0.0	0	0.0		
Unique Binding	Bound Only	K562	AKAP1_4	1e-05	0	0.0	0	0.0	0	0.0		
Unique Binding	Bound Only	K562	AKAP1_4	0.0001	0	0.0	0	0.0	0	0.0		
Unique Binding	Bound Only	K562	AKAP1_4	0.001	0	0.0	0	0.0	0	0.0		
Unique Binding	Bound Only	K562	AKAP1_4	0.01	0	0.0	0	0.0	0	0.0		
Unique Binding	Bound Only	K562	AKAP1_4	0.1	0	0.0	0	0.0	0	0.0		
Unique Binding	Bound Only	K562	AKAP1_5	0.0	0	0.0	0	0.0	0	0.0		
Unique Binding	Bound Only	K562	AKAP1_5	1e-05	0	0.0	0	0.0	0	0.0		
Unique Binding	Bound Only	K562	AKAP1_5	0.0001	0	0.0	0	0.0	0	0.0		
Unique Binding	Bound Only	K562	AKAP1_5	0.001	0	0.0	0	0.0	0	0.0		
Unique Binding	Bound Only	K562	AKAP1_5	0.01	0	0.0	0	0.0	0	0.0		
Unique Binding	Bound Only	K562	AKAP1_5	0.1	0	0.0	0	0.0	0	0.0		
Unique Binding	Bound Only	K562	AKAP1_6	0.0	207	100.0	0	0.0	207	-6.405686399690843	-6.405686399690843	-1.0
Unique Binding	Bound Only	K562	AKAP1_6	1e-05	207	100.0	0	0.0	207	-6.405686399690843	-6.405686399690843	-1.0
Unique Binding	Bound Only	K562	AKAP1_6	0.0001	207	100.0	0	0.0	207	-6.405686399690843	-6.405686399690843	-1.0
Unique Binding	Bound Only	K562	AKAP1_6	0.001	205	99.03381642512076	0	0.0	205	-6.404327600529285	-6.404327600529285	-1.0
Unique Binding	Bound Only	K562	AKAP1_6	0.01	165	79.71014492753623	0	0.0	165	-6.125867243422664	-6.125867243422664	-1.0
Unique Binding	Bound Only	K562	AKAP1_6	0.1	7	3.3816425120772946	0	0.0	7	-0.7515406769986726	-0.7515406769986726	-1.0
Unique Binding	Bound Only	K562	AKAP8L_1	0.0	460	100.0	4	0.0059780378851373855	456	-0.30738730656985286	-0.30140926868471546	-0.9618462092830686
Unique Binding	Bound Only	K562	AKAP8L_1	1e-05	458	99.56521739130434	2	0.005961067947381169	456	-0.30738730656985286	-0.3014262386224717	-0.9619524565489437
Unique Binding	Bound Only	K562	AKAP8L_1	0.0001	204	44.34782608695652	2	0.005961067947381169	202	-0.29414268427545187	-0.2881816163280707	-0.9602732861336906
Unique Binding	Bound Only	K562	AKAP8L_1	0.001	79	17.17391304347826	2	0.005961067947381169	77	-0.26790614739440366	-0.2619450794470225	-0.9564674585824975
Unique Binding	Bound Only	K562	AKAP8L_1	0.01	6	1.3043478260869565	0	0.0	6	-0.07028666367680214	-0.07028666367680214	-1.0
Unique Binding	Bound Only	K562	AKAP8L_1	0.1	0	0.0	0	0.0	0	0.0		
Unique Binding	Bound Only	K562	AKAP8L_2	0.0	1263	100.0	1056	3.3811999390122476	207	-0.4932044538071237	2.8879954852051237	0.745403729811372
Unique Binding	Bound Only	K562	AKAP8L_2	1e-05	1263	100.0	1056	3.3811999390122476	207	-0.4932044538071237	2.8879954852051237	0.745403729811372
Unique Binding	Bound Only	K562	AKAP8L_2	0.0001	1247	98.73317498020586	1043	3.3807403775154796	204	-0.49314273467718517	2.8875976428382946	0.7454013348389026
Unique Binding	Bound Only	K562	AKAP8L_2	0.001	780	61.75771971496437	630	3.1578562464093247	150	-0.4646023847653943	2.6932538616439303	0.7434878174911113
Unique Binding	Bound Only	K562	AKAP8L_2	0.01	90	7.1258907363420425	88	1.4823952559643727	2	-0.025852178345142373	1.4565430776192303	0.9657189161976228
Unique Binding	Bound Only	K562	AKAP8L_2	0.1	0	0.0	0	0.0	0	0.0		
Unique Binding	Bound Only	K562	AKAP8L_3	0.0	544	100.0	42	0.06443280842928743	502	-0.3095704561690596	-0.24513764773977215	-0.6554425347143228
Unique Binding	Bound Only	K562	AKAP8L_3	1e-05	544	100.0	42	0.06443280842928743	502	-0.3095704561690596	-0.24513764773977215	-0.6554425347143228
Unique Binding	Bound Only	K562	AKAP8L_3	0.0001	293	53.86029411764706	42	0.06443280842928743	251	-0.2979954751052156	-0.23356266667592818	-0.6444382993461741
Unique Binding	Bound Only	K562	AKAP8L_3	0.001	135	24.816176470588236	26	0.05533441634511213	109	-0.23978029136419654	-0.1844458750190844	-0.6249972305709875
Unique Binding	Bound Only	K562	AKAP8L_3	0.01	0	0.0	0	0.0	0	0.0		
Unique Binding	Bound Only	K562	AKAP8L_3	0.1	0	0.0	0	0.0	0	0.0		
Unique Binding	Bound Only	K562	AKAP8L_4	0.0	409	100.0	29	0.0356877160537536	380	-0.02526638589336025	0.01042133016039335	0.17097012059065855
Unique Binding	Bound Only	K562	AKAP8L_4	1e-05	339	82.88508557457213	27	0.035681699055952046	312	-0.024836004124432	0.010845694931520045	0.17921524383026358
Unique Binding	Bound Only	K562	AKAP8L_4	0.0001	68	16.625916870415647	27	0.035681699055952046	41	-0.017849460128860004	0.017832238927092042	0.3331188638289648
Unique Binding	Bound Only	K562	AKAP8L_4	0.001	9	2.2004889975550124	4	0.02352451977309965	5	-0.008462937983556181	0.01506158178954347	0.4708589817960607
Unique Binding	Bound Only	K562	AKAP8L_4	0.01	0	0.0	0	0.0	0	0.0		
Unique Binding	Bound Only	K562	AKAP8L_4	0.1	0	0.0	0	0.0	0	0.0		
Unique Binding	Bound Only	K562	AKAP8L_5	0.0	87	28.064516129032256	85	0.0489499934678109	2	-0.0008708043490222377	0.04807918911878866	0.9650425369652345
Unique Binding	Bound Only	K562	AKAP8L_5	1e-05	87	28.064516129032256	85	0.0489499934678109	2	-0.0008708043490222377	0.04807918911878866	0.9650425369652345
Unique Binding	Bound Only	K562	AKAP8L_5	0.0001	80	25.806451612903224	79	0.04856437678806474	1	-0.0007937000685930194	0.047770676719471716	0.9678391007454351
Unique Binding	Bound Only	K562	AKAP8L_5	0.001	10	3.225806451612903	10	0.011933762664690227	0	0.0	0.011933762664690227	1.0
Unique Binding	Bound Only	K562	AKAP8L_5	0.01	0	0.0	0	0.0	0	0.0		
Unique Binding	Bound Only	K562	AKAP8L_5	0.1	0	0.0	0	0.0	0	0.0		
Unique Binding	Bound Only	K562	AKAP8L_6	0.0	263	100.0	259	0.0037668344016084272	4	-0.013494630016633579	-0.009727795615025151	-0.5635556392738478
Unique Binding	Bound Only	K562	AKAP8L_6	1e-05	18	6.844106463878327	14	0.0031269615558677157	4	-0.013494630016633579	-0.010367668460765863	-0.6237470350263027
Unique Binding	Bound Only	K562	AKAP8L_6	0.0001	10	3.802281368821293	6	0.0030087083372358726	4	-0.013494630016633579	-0.010485921679397707	-0.6353818515112204
Unique Binding	Bound Only	K562	AKAP8L_6	0.001	3	1.1406844106463878	1	0.0014713395460814742	2	-0.012722257982820544	-0.01125091843673907	-0.7926755999547787
Unique Binding	Bound Only	K562	AKAP8L_6	0.01	0	0.0	0	0.0	0	0.0		
Unique Binding	Bound Only	K562	AKAP8L_6	0.1	0	0.0	0	0.0	0	0.0		
Unique Binding	Bound Only	K562	APEX1_1	0.0	20	19.230769230769234	20	0.005839173824143265	0	0.0	0.005839173824143265	1.0
Unique Binding	Bound Only	K562	APEX1_1	1e-05	19	18.269230769230766	19	0.005838713229701538	0	0.0	0.005838713229701538	1.0
Unique Binding	Bound Only	K562	APEX1_1	0.0001	19	18.269230769230766	19	0.005838713229701538	0	0.0	0.005838713229701538	1.0
Unique Binding	Bound Only	K562	APEX1_1	0.001	0	0.0	0	0.0	0	0.0		
Unique Binding	Bound Only	K562	APEX1_1	0.01	0	0.0	0	0.0	0	0.0		
Unique Binding	Bound Only	K562	APEX1_1	0.1	0	0.0	0	0.0	0	0.0		
Unique Binding	Bound Only	K562	APEX1_2	0.0	53	100.0	0	0.0	53	-0.7087746219754057	-0.7087746219754057	-1.0
Unique Binding	Bound Only	K562	APEX1_2	1e-05	53	100.0	0	0.0	53	-0.7087746219754057	-0.7087746219754057	-1.0
Unique Binding	Bound Only	K562	APEX1_2	0.0001	53	100.0	0	0.0	53	-0.7087746219754057	-0.7087746219754057	-1.0
Unique Binding	Bound Only	K562	APEX1_2	0.001	53	100.0	0	0.0	53	-0.7087746219754057	-0.7087746219754057	-1.0
Unique Binding	Bound Only	K562	APEX1_2	0.01	31	58.490566037735846	0	0.0	31	-0.5812401356835534	-0.5812401356835534	-1.0
Unique Binding	Bound Only	K562	APEX1_2	0.1	0	0.0	0	0.0	0	0.0		
Unique Binding	Bound Only	K562	APEX1_3	0.0	64	95.52238805970148	14	0.0011758575542126848	50	-0.010696985163951848	-0.009521127609739163	-0.8019248494863469
Unique Binding	Bound Only	K562	APEX1_3	1e-05	49	73.13432835820896	14	0.0011758575542126848	35	-0.010691041862554148	-0.009515184308341463	-0.801825647472615
Unique Binding	Bound Only	K562	APEX1_3	0.0001	37	55.223880597014926	2	0.000918034781891148	35	-0.010691041862554148	-0.009773007080663	-0.8418418949227271
Unique Binding	Bound Only	K562	APEX1_3	0.001	0	0.0	0	0.0	0	0.0		
Unique Binding	Bound Only	K562	APEX1_3	0.01	0	0.0	0	0.0	0	0.0		
Unique Binding	Bound Only	K562	APEX1_3	0.1	0	0.0	0	0.0	0	0.0		
Unique Binding	Bound Only	K562	APEX1_4	0.0	0	0.0	0	0.0	0	0.0		
Unique Binding	Bound Only	K562	APEX1_4	1e-05	0	0.0	0	0.0	0	0.0		
Unique Binding	Bound Only	K562	APEX1_4	0.0001	0	0.0	0	0.0	0	0.0		
Unique Binding	Bound Only	K562	APEX1_4	0.001	0	0.0	0	0.0	0	0.0		
Unique Binding	Bound Only	K562	APEX1_4	0.01	0	0.0	0	0.0	0	0.0		
Unique Binding	Bound Only	K562	APEX1_4	0.1	0	0.0	0	0.0	0	0.0		
Unique Binding	Bound Only	K562	APEX1_5	0.0	0	0.0	0	0.0	0	0.0		
Unique Binding	Bound Only	K562	APEX1_5	1e-05	0	0.0	0	0.0	0	0.0		
Unique Binding	Bound Only	K562	APEX1_5	0.0001	0	0.0	0	0.0	0	0.0		
Unique Binding	Bound Only	K562	APEX1_5	0.001	0	0.0	0	0.0	0	0.0		
Unique Binding	Bound Only	K562	APEX1_5	0.01	0	0.0	0	0.0	0	0.0		
Unique Binding	Bound Only	K562	APEX1_5	0.1	0	0.0	0	0.0	0	0.0		
Unique Binding	Bound Only	K562	APEX1_6	0.0	0	0.0	0	0.0	0	0.0		
Unique Binding	Bound Only	K562	APEX1_6	1e-05	0	0.0	0	0.0	0	0.0		
Unique Binding	Bound Only	K562	APEX1_6	0.0001	0	0.0	0	0.0	0	0.0		
Unique Binding	Bound Only	K562	APEX1_6	0.001	0	0.0	0	0.0	0	0.0		
Unique Binding	Bound Only	K562	APEX1_6	0.01	0	0.0	0	0.0	0	0.0		
Unique Binding	Bound Only	K562	APEX1_6	0.1	0	0.0	0	0.0	0	0.0		
Unique Binding	Bound Only	K562	APOBEC3C_1	0.0	648	100.0	70	0.06558769772583273	578	-1.0035998883703097	-0.9380121906444769	-0.8773130205050191
Unique Binding	Bound Only	K562	APOBEC3C_1	1e-05	609	93.98148148148148	69	0.0655875997219992	540	-1.0033088605901235	-0.9377212608681242	-0.8772797887218238
Unique Binding	Bound Only	K562	APOBEC3C_1	0.0001	252	38.88888888888889	52	0.06464862642339646	200	-0.9924143306003269	-0.9277657041769305	-0.8776825429482049
Unique Binding	Bound Only	K562	APOBEC3C_1	0.001	162	25.0	11	0.0404375624148792	151	-0.9705970601042192	-0.93015949768934	-0.9200075615331059
Unique Binding	Bound Only	K562	APOBEC3C_1	0.01	28	4.320987654320987	1	0.020900354542797366	27	-0.5722016911789408	-0.5513013366361434	-0.9295218935980435
Unique Binding	Bound Only	K562	APOBEC3C_1	0.1	0	0.0	0	0.0	0	0.0		
Unique Binding	Bound Only	K562	APOBEC3C_2	0.0	898	100.0	52	0.009705789448823065	846	-0.9153721400590158	-0.9056663506101927	-0.979016277138972
Unique Binding	Bound Only	K562	APOBEC3C_2	1e-05	894	99.55456570155901	50	0.009695422376015811	844	-0.9153650897223973	-0.9056696673463814	-0.9790382958753202
Unique Binding	Bound Only	K562	APOBEC3C_2	0.0001	847	94.3207126948775	22	0.00788646331553792	825	-0.9143632809320413	-0.9064768176165034	-0.9828973369421271
Unique Binding	Bound Only	K562	APOBEC3C_2	0.001	263	29.287305122494434	1	0.0012069508921924033	262	-0.6429057074744916	-0.6416987565822992	-0.9962523608983158
Unique Binding	Bound Only	K562	APOBEC3C_2	0.01	0	0.0	0	0.0	0	0.0		
Unique Binding	Bound Only	K562	APOBEC3C_2	0.1	0	0.0	0	0.0	0	0.0		
Unique Binding	Bound Only	K562	APOBEC3C_3	0.0	837	100.0	823	12.447347475325031	14	-0.028402162896658343	12.418945312428374	0.9954468206367908
Unique Binding	Bound Only	K562	APOBEC3C_3	1e-05	837	100.0	823	12.447347475325031	14	-0.028402162896658343	12.418945312428374	0.9954468206367908
Unique Binding	Bound Only	K562	APOBEC3C_3	0.0001	836	99.8805256869773	823	12.447347475325031	13	-0.028338343641239033	12.419009131683792	0.9954570283265457
Unique Binding	Bound Only	K562	APOBEC3C_3	0.001	817	97.61051373954601	812	12.439121987895359	5	-0.025361892624551453	12.413760095270806	0.9959305346506663
Unique Binding	Bound Only	K562	APOBEC3C_3	0.01	477	56.98924731182796	477	10.326076461413244	0	0.0	10.326076461413244	1.0
Unique Binding	Bound Only	K562	APOBEC3C_3	0.1	0	0.0	0	0.0	0	0.0		
Unique Binding	Bound Only	K562	APOBEC3C_4	0.0	745	100.0	15	0.0014841983741141142	730	-0.09266145379262235	-0.09117725541850823	-0.9684701663867487
Unique Binding	Bound Only	K562	APOBEC3C_4	1e-05	297	39.86577181208054	14	0.0014830683111539925	283	-0.09163673169738429	-0.09015366338623029	-0.9681470898559058
Unique Binding	Bound Only	K562	APOBEC3C_4	0.0001	208	27.91946308724832	6	0.0007306669192126077	202	-0.08719298493528616	-0.08646231801607354	-0.9833795138440845
Unique Binding	Bound Only	K562	APOBEC3C_4	0.001	15	2.013422818791946	0	0.0	15	-0.02261739027065957	-0.02261739027065957	-1.0
Unique Binding	Bound Only	K562	APOBEC3C_4	0.01	0	0.0	0	0.0	0	0.0		
Unique Binding	Bound Only	K562	APOBEC3C_4	0.1	0	0.0	0	0.0	0	0.0		
Unique Binding	Bound Only	K562	APOBEC3C_5	0.0	1566	100.0	618	0.1445442910862889	948	-2.450621798079748	-2.306077506993459	-0.8886049785486071
Unique Binding	Bound Only	K562	APOBEC3C_5	1e-05	1495	95.4661558109834	578	0.14430339234555944	917	-2.450483910032295	-2.3061805176867356	-0.8887743961030484
Unique Binding	Bound Only	K562	APOBEC3C_5	0.0001	1128	72.03065134099617	330	0.13060935748083813	798	-2.445646973218361	-2.315037615737523	-0.898605308854969
Unique Binding	Bound Only	K562	APOBEC3C_5	0.001	346	22.094508301404854	18	0.0459105691043863	328	-2.2531148796632414	-2.207204310558855	-0.960060843059396
Unique Binding	Bound Only	K562	APOBEC3C_5	0.01	88	5.61941251596424	0	0.0	88	-1.7563172478058542	-1.7563172478058542	-1.0
Unique Binding	Bound Only	K562	APOBEC3C_5	0.1	0	0.0	0	0.0	0	0.0		
Unique Binding	Bound Only	K562	APOBEC3C_6	0.0	1646	100.0	479	0.12248750079504295	1167	-0.6322691764145074	-0.5097816756194644	-0.6754251946524069
Unique Binding	Bound Only	K562	APOBEC3C_6	1e-05	1461	88.76063183475091	407	0.12229058651450904	1054	-0.6315397061483233	-0.5092491196338143	-0.6755487602321487
Unique Binding	Bound Only	K562	APOBEC3C_6	0.0001	885	53.76670716889429	281	0.11694775488583499	604	-0.614763344948434	-0.497815590062599	-0.6803444558588125
Unique Binding	Bound Only	K562	APOBEC3C_6	0.001	200	12.15066828675577	30	0.05854386268743302	170	-0.4946598529137095	-0.4361159902262765	-0.788346097336617
Unique Binding	Bound Only	K562	APOBEC3C_6	0.01	3	0.18226002430133656	0	0.0	3	-0.10128650588914992	-0.10128650588914992	-1.0
Unique Binding	Bound Only	K562	APOBEC3C_6	0.1	0	0.0	0	0.0	0	0.0		
Unique Binding	Bound Only	K562	AQR_1	0.0	8828	100.0	512	1.0477455455836782	8316	-13.848850742523547	-12.801105196939869	-0.8593308799782469
Unique Binding	Bound Only	K562	AQR_1	1e-05	8804	99.72813774354327	500	1.0476649519452712	8304	-13.84881951330754	-12.801154561362267	-0.8593406445139414
Unique Binding	Bound Only	K562	AQR_1	0.0001	8607	97.49660172179429	439	1.044542142916478	8168	-13.841081367379953	-12.796539224463475	-0.8596575894595258
Unique Binding	Bound Only	K562	AQR_1	0.001	4276	48.43679202537381	267	0.973627631918398	4009	-11.727531179760552	-10.753903547842155	-0.8466868029359449
Unique Binding	Bound Only	K562	AQR_1	0.01	165	1.869053013140009	2	0.02148495778147386	163	-2.742226621642448	-2.720741663860974	-0.9844520984451264
Unique Binding	Bound Only	K562	AQR_1	0.1	0	0.0	0	0.0	0	0.0		
Unique Binding	Bound Only	K562	AQR_2	0.0	41744	100.0	43	0.05853613577059693	41701	-724.348233462972	-724.2896973272013	-0.9998383887665682
Unique Binding	Bound Only	K562	AQR_2	1e-05	41744	100.0	43	0.05853613577059693	41701	-724.348233462972	-724.2896973272013	-0.9998383887665682
Unique Binding	Bound Only	K562	AQR_2	0.0001	41736	99.9808355691836	37	0.0581219462008441	41699	-724.3480954750615	-724.2899735288607	-0.9998395321718587
Unique Binding	Bound Only	K562	AQR_2	0.001	41660	99.79877347642775	13	0.04724696794407595	41647	-724.310974655846	-724.263727687902	-0.9998695480591409
Unique Binding	Bound Only	K562	AQR_2	0.01	23647	56.6476619394404	0	0.0	23647	-613.3298361436365	-613.3298361436365	-1.0
Unique Binding	Bound Only	K562	AQR_2	0.1	0	0.0	0	0.0	0	0.0		
Unique Binding	Bound Only	K562	AQR_3	0.0	12441	100.0	12418	414.8315308828609	23	-0.042490916558555754	414.7890399663023	0.9997951623175909
Unique Binding	Bound Only	K562	AQR_3	1e-05	12441	100.0	12418	414.8315308828609	23	-0.042490916558555754	414.7890399663023	0.9997951623175909
Unique Binding	Bound Only	K562	AQR_3	0.0001	12439	99.98392412185517	12417	414.8314711263304	22	-0.04245681816203533	414.7890143081684	0.99979532665081
Unique Binding	Bound Only	K562	AQR_3	0.001	12406	99.71867213246523	12391	414.81568156216656	15	-0.03871307773659977	414.77696848443	0.999813365468768
Unique Binding	Bound Only	K562	AQR_3	0.01	11237	90.32232135680411	11237	406.52937836817046	0	0.0	406.52937836817046	1.0
Unique Binding	Bound Only	K562	AQR_3	0.1	289	2.3229643919299092	289	32.572631528521185	0	0.0	32.572631528521185	1.0
Unique Binding	Bound Only	K562	AQR_4	0.0	32958	100.0	32848	1616.414860666917	110	-0.624682527295778	1615.7901781396213	0.9992273750757364
Unique Binding	Bound Only	K562	AQR_4	1e-05	32958	100.0	32848	1616.414860666917	110	-0.624682527295778	1615.7901781396213	0.9992273750757364
Unique Binding	Bound Only	K562	AQR_4	0.0001	32957	99.99696583530555	32848	1616.414860666917	109	-0.6246474313098581	1615.7902132356073	0.9992274184666714
Unique Binding	Bound Only	K562	AQR_4	0.001	32901	99.8270526124158	32823	1616.4013209498396	78	-0.6100966986070603	1615.7912242512325	0.9992454021141121
Unique Binding	Bound Only	K562	AQR_4	0.01	32168	97.6030098913769	32150	1612.0083437752103	18	-0.36082839767014574	1611.6475153775402	0.9995524245887388
Unique Binding	Bound Only	K562	AQR_4	0.1	2197	6.6660598337277746	2197	268.5250303878207	0	0.0	268.5250303878207	1.0
Unique Binding	Bound Only	K562	AQR_5	0.0	13505	100.0	1	0.019990230362507733	13504	-406.59782475764575	-406.57783452728324	-0.9999016755802345
Unique Binding	Bound Only	K562	AQR_5	1e-05	13504	99.99259533506108	1	0.019990230362507733	13503	-406.5978155046147	-406.5778252742522	-0.999901675577997
Unique Binding	Bound Only	K562	AQR_5	0.0001	13504	99.99259533506108	1	0.019990230362507733	13503	-406.5978155046147	-406.5778252742522	-0.999901675577997
Unique Binding	Bound Only	K562	AQR_5	0.001	13501	99.97038134024436	1	0.019990230362507733	13500	-406.5949647321669	-406.5749745018044	-0.9999016748886457
Unique Binding	Bound Only	K562	AQR_5	0.01	11822	87.53794890781192	1	0.019990230362507733	11821	-393.81064000099104	-393.79064977062853	-0.9998984831101086
Unique Binding	Bound Only	K562	AQR_5	0.1	357	2.6434653831914106	0	0.0	357	-39.174063668147554	-39.174063668147554	-1.0
Unique Binding	Bound Only	K562	AQR_6	0.0	27021	100.0	2487	2.717045268051277	24534	-37.578303620123265	-34.861258352071985	-0.8651434796809192
Unique Binding	Bound Only	K562	AQR_6	1e-05	26941	99.70393397727693	2452	2.71684536804071	24489	-37.57809622492627	-34.86125085688556	-0.8651520384129355
Unique Binding	Bound Only	K562	AQR_6	0.0001	26189	96.9209133636801	2096	2.6965722774846244	24093	-37.55473120113511	-34.858158923650485	-0.8660131700372404
Unique Binding	Bound Only	K562	AQR_6	0.001	12767	47.2484364013175	715	2.0812175489065137	12052	-30.303138836025443	-28.22192128711893	-0.8714677219971012
Unique Binding	Bound Only	K562	AQR_6	0.01	337	1.2471781207209207	27	0.3320735282442651	310	-5.210000356334595	-4.877926828090329	-0.8801627206132061
Unique Binding	Bound Only	K562	AQR_6	0.1	0	0.0	0	0.0	0	0.0		
Unique Binding	Bound Only	K562	BUD13_1	0.0	9968	100.0	9655	129.6667618052134	313	-1.263941728316703	128.40282007689672	0.9806929666731224
Unique Binding	Bound Only	K562	BUD13_1	1e-05	9965	99.9699036918138	9653	129.66674575969407	312	-1.263935801995899	128.40280995769817	0.9806930539592376
Unique Binding	Bound Only	K562	BUD13_1	0.0001	9950	99.81942215088283	9647	129.6663766037433	303	-1.2634554895314272	128.40292111421186	0.9807002656410445
Unique Binding	Bound Only	K562	BUD13_1	0.001	9736	97.6725521669342	9514	129.59728482099945	222	-1.2198773897335455	128.3774074312659	0.981349887597035
Unique Binding	Bound Only	K562	BUD13_1	0.01	5186	52.02648475120385	5152	103.11201412157534	34	-0.5995078347371133	102.51250628683823	0.9884389347793074
Unique Binding	Bound Only	K562	BUD13_1	0.1	0	0.0	0	0.0	0	0.0		
Unique Binding	Bound Only	K562	BUD13_2	0.0	10139	100.0	138	1.7478074177440655	10001	-107.60381860850418	-105.85601119076011	-0.9680332614839301
Unique Binding	Bound Only	K562	BUD13_2	1e-05	10139	100.0	138	1.7478074177440655	10001	-107.60381860850418	-105.85601119076011	-0.9680332614839301
Unique Binding	Bound Only	K562	BUD13_2	0.0001	10138	99.990137094388	137	1.7477264569169342	10001	-107.60381860850418	-105.85609215158725	-0.9680347185607422
Unique Binding	Bound Only	K562	BUD13_2	0.001	10124	99.8520564158201	134	1.7457928392427724	9990	-107.59865742317598	-105.85286458393321	-0.9680680119557419
Unique Binding	Bound Only	K562	BUD13_2	0.01	3963	39.08669494032942	80	1.52532491324442	3883	-70.74850890579508	-69.22318399255066	-0.9577903970871795
Unique Binding	Bound Only	K562	BUD13_2	0.1	0	0.0	0	0.0	0	0.0		
Unique Binding	Bound Only	K562	BUD13_3	0.0	12035	100.0	12027	467.1576144506837	8	-0.002509893408517436	467.1551045572752	0.9999892546761691
Unique Binding	Bound Only	K562	BUD13_3	1e-05	12035	100.0	12027	467.1576144506837	8	-0.002509893408517436	467.1551045572752	0.9999892546761691
Unique Binding	Bound Only	K562	BUD13_3	0.0001	12029	99.9501454092231	12026	467.1575432060265	3	-0.002239210458468617	467.15530399556803	0.9999904135135653
Unique Binding	Bound Only	K562	BUD13_3	0.001	12024	99.90859991690901	12024	467.1563909581933	0	0.0	467.1563909581933	1.0
Unique Binding	Bound Only	K562	BUD13_3	0.01	11714	97.33277939343581	11714	464.7737837829592	0	0.0	464.7737837829592	1.0
Unique Binding	Bound Only	K562	BUD13_3	0.1	311	2.58412962193602	311	35.989443546624415	0	0.0	35.989443546624415	1.0
Unique Binding	Bound Only	K562	BUD13_4	0.0	7678	100.0	7673	224.02912920855442	5	-0.011535430544918342	224.0175937780095	0.9998970237785761
Unique Binding	Bound Only	K562	BUD13_4	1e-05	7678	100.0	7673	224.02912920855442	5	-0.011535430544918342	224.0175937780095	0.9998970237785761
Unique Binding	Bound Only	K562	BUD13_4	0.0001	7678	100.0	7673	224.02912920855442	5	-0.011535430544918342	224.0175937780095	0.9998970237785761
Unique Binding	Bound Only	K562	BUD13_4	0.001	7674	99.94790309976557	7670	224.02659468238	4	-0.010884202689333967	224.01571047969065	0.9999028358760016
Unique Binding	Bound Only	K562	BUD13_4	0.01	7259	94.54284970044282	7259	220.81563220834923	0	0.0	220.81563220834923	1.0
Unique Binding	Bound Only	K562	BUD13_4	0.1	72	0.9377442042198489	72	8.185640833273615	0	0.0	8.185640833273615	1.0
Unique Binding	Bound Only	K562	BUD13_5	0.0	14274	100.0	623	1.0371126194461262	13651	-69.14424530875762	-68.1071326893115	-0.9704447833424056
Unique Binding	Bound Only	K562	BUD13_5	1e-05	14265	99.93694829760403	616	1.0370831096070052	13649	-69.14423277713473	-68.10714966752772	-0.9704456065976121
Unique Binding	Bound Only	K562	BUD13_5	0.0001	14143	99.08224744290318	550	1.0335856077337606	13593	-69.14110716414748	-68.10752155641373	-0.9705424971052268
Unique Binding	Bound Only	K562	BUD13_5	0.001	13094	91.73322124141797	288	0.9108400473214027	12806	-68.65330086607676	-67.74246081875536	-0.9738129434113094
Unique Binding	Bound Only	K562	BUD13_5	0.01	1329	9.310634720470786	9	0.14836837735690186	1320	-20.70540045116692	-20.557032073810017	-0.9857705934522527
Unique Binding	Bound Only	K562	BUD13_5	0.1	0	0.0	0	0.0	0	0.0		
Unique Binding	Bound Only	K562	BUD13_6	0.0	6574	100.0	5362	7.875055849932421	1212	-1.9083410533011271	5.966714796631294	0.609881706287436
Unique Binding	Bound Only	K562	BUD13_6	1e-05	6542	99.51323395193185	5340	7.874947125095963	1202	-1.9082870645048335	5.9666600605911295	0.6098862548883335
Unique Binding	Bound Only	K562	BUD13_6	0.0001	6347	96.54700334651658	5260	7.871557482658021	1087	-1.901868507521591	5.96968897513643	0.6108082243764678
Unique Binding	Bound Only	K562	BUD13_6	0.001	2757	41.937937328871314	2301	6.114684100792044	456	-1.621858223208139	4.492825877583904	0.5807278871397534
Unique Binding	Bound Only	K562	BUD13_6	0.01	69	1.0495892911469427	48	0.5869107531405038	21	-0.4293416334388874	0.15756911970161636	0.155049200161762
Unique Binding	Bound Only	K562	BUD13_6	0.1	0	0.0	0	0.0	0	0.0		
Unique Binding	Bound Only	K562	CPEB4_1	0.0	0	0.0	0	0.0	0	0.0		
Unique Binding	Bound Only	K562	CPEB4_1	1e-05	0	0.0	0	0.0	0	0.0		
Unique Binding	Bound Only	K562	CPEB4_1	0.0001	0	0.0	0	0.0	0	0.0		
Unique Binding	Bound Only	K562	CPEB4_1	0.001	0	0.0	0	0.0	0	0.0		
Unique Binding	Bound Only	K562	CPEB4_1	0.01	0	0.0	0	0.0	0	0.0		
Unique Binding	Bound Only	K562	CPEB4_1	0.1	0	0.0	0	0.0	0	0.0		
Unique Binding	Bound Only	K562	CPEB4_2	0.0	48	100.0	0	0.0	48	-1.8493787312831462	-1.8493787312831462	-1.0
Unique Binding	Bound Only	K562	CPEB4_2	1e-05	48	100.0	0	0.0	48	-1.8493787312831462	-1.8493787312831462	-1.0
Unique Binding	Bound Only	K562	CPEB4_2	0.0001	48	100.0	0	0.0	48	-1.8493787312831462	-1.8493787312831462	-1.0
Unique Binding	Bound Only	K562	CPEB4_2	0.001	48	100.0	0	0.0	48	-1.8493787312831462	-1.8493787312831462	-1.0
Unique Binding	Bound Only	K562	CPEB4_2	0.01	24	50.0	0	0.0	24	-1.7215207941521045	-1.7215207941521045	-1.0
Unique Binding	Bound Only	K562	CPEB4_2	0.1	8	16.666666666666664	0	0.0	8	-0.9986615122867091	-0.9986615122867091	-1.0
Unique Binding	Bound Only	K562	CPEB4_3	0.0	30	100.0	0	0.0	30	-0.021402332993961982	-0.021402332993961982	-1.0
Unique Binding	Bound Only	K562	CPEB4_3	1e-05	25	83.33333333333334	0	0.0	25	-0.02137465397077504	-0.02137465397077504	-1.0
Unique Binding	Bound Only	K562	CPEB4_3	0.0001	5	16.666666666666664	0	0.0	5	-0.020420386477313847	-0.020420386477313847	-1.0
Unique Binding	Bound Only	K562	CPEB4_3	0.001	5	16.666666666666664	0	0.0	5	-0.020420386477313847	-0.020420386477313847	-1.0
Unique Binding	Bound Only	K562	CPEB4_3	0.01	0	0.0	0	0.0	0	0.0		
Unique Binding	Bound Only	K562	CPEB4_3	0.1	0	0.0	0	0.0	0	0.0		
Unique Binding	Bound Only	K562	CPEB4_4	0.0	0	0.0	0	0.0	0	0.0		
Unique Binding	Bound Only	K562	CPEB4_4	1e-05	0	0.0	0	0.0	0	0.0		
Unique Binding	Bound Only	K562	CPEB4_4	0.0001	0	0.0	0	0.0	0	0.0		
Unique Binding	Bound Only	K562	CPEB4_4	0.001	0	0.0	0	0.0	0	0.0		
Unique Binding	Bound Only	K562	CPEB4_4	0.01	0	0.0	0	0.0	0	0.0		
Unique Binding	Bound Only	K562	CPEB4_4	0.1	0	0.0	0	0.0	0	0.0		
Unique Binding	Bound Only	K562	CPEB4_5	0.0	0	0.0	0	0.0	0	0.0		
Unique Binding	Bound Only	K562	CPEB4_5	1e-05	0	0.0	0	0.0	0	0.0		
Unique Binding	Bound Only	K562	CPEB4_5	0.0001	0	0.0	0	0.0	0	0.0		
Unique Binding	Bound Only	K562	CPEB4_5	0.001	0	0.0	0	0.0	0	0.0		
Unique Binding	Bound Only	K562	CPEB4_5	0.01	0	0.0	0	0.0	0	0.0		
Unique Binding	Bound Only	K562	CPEB4_5	0.1	0	0.0	0	0.0	0	0.0		
Unique Binding	Bound Only	K562	CPEB4_6	0.0	157	100.0	12	0.012762569235368434	145	-0.9439290320162255	-0.931166462780857	-0.9733193659928199
Unique Binding	Bound Only	K562	CPEB4_6	1e-05	156	99.36305732484077	11	0.012753399989908962	145	-0.9439290320162255	-0.9311756320263165	-0.973338279112818
Unique Binding	Bound Only	K562	CPEB4_6	0.0001	150	95.54140127388536	11	0.012753399989908962	139	-0.9438018485309002	-0.9310484485409912	-0.9733347341732106
Unique Binding	Bound Only	K562	CPEB4_6	0.001	93	59.23566878980891	3	0.007333047782264496	90	-0.9115979655909532	-0.9042649178086887	-0.9840400472384835
Unique Binding	Bound Only	K562	CPEB4_6	0.01	20	12.738853503184714	0	0.0	20	-0.770767668128184	-0.770767668128184	-1.0
Unique Binding	Bound Only	K562	CPEB4_6	0.1	0	0.0	0	0.0	0	0.0		
Unique Binding	Bound Only	K562	CPSF6_1	0.0	320	100.0	3	0.0023963657072282978	317	-1.8107858581412695	-1.8083894924340411	-0.9973567293174295
Unique Binding	Bound Only	K562	CPSF6_1	1e-05	320	100.0	3	0.0023963657072282978	317	-1.8107858581412695	-1.8083894924340411	-0.9973567293174295
Unique Binding	Bound Only	K562	CPSF6_1	0.0001	304	95.0	3	0.0023963657072282978	301	-1.8094555230326237	-1.8070591573253953	-0.997354788520937
Unique Binding	Bound Only	K562	CPSF6_1	0.001	174	54.37499999999999	0	0.0	174	-1.7495689585097756	-1.7495689585097756	-1.0
Unique Binding	Bound Only	K562	CPSF6_1	0.01	53	16.5625	0	0.0	53	-1.3589080396325797	-1.3589080396325797	-1.0
Unique Binding	Bound Only	K562	CPSF6_1	0.1	0	0.0	0	0.0	0	0.0		
Unique Binding	Bound Only	K562	CPSF6_2	0.0	676	100.0	473	0.2106015660322948	203	-0.32509305824722545	-0.11449149221493066	-0.2137252961403438
Unique Binding	Bound Only	K562	CPSF6_2	1e-05	646	95.56213017751479	452	0.21046740090003974	194	-0.32501864656564217	-0.11455124566560243	-0.2139201314539269
Unique Binding	Bound Only	K562	CPSF6_2	0.0001	521	77.07100591715977	379	0.2069195242058777	142	-0.3221772315971621	-0.11525770739128441	-0.2178386204926759
Unique Binding	Bound Only	K562	CPSF6_2	0.001	148	21.893491124260358	57	0.07827848505198433	91	-0.3008050092995329	-0.2225265242475486	-0.5870119051957556
Unique Binding	Bound Only	K562	CPSF6_2	0.01	6	0.8875739644970414	0	0.0	6	-0.1000208800309415	-0.1000208800309415	-1.0
Unique Binding	Bound Only	K562	CPSF6_2	0.1	0	0.0	0	0.0	0	0.0		
Unique Binding	Bound Only	K562	CPSF6_3	0.0	527	100.0	488	0.0677727012880524	39	-0.02306612438378266	0.04470657690426975	0.4921527394660188
Unique Binding	Bound Only	K562	CPSF6_3	1e-05	498	94.49715370018976	486	0.06776364228265774	12	-0.02302400137364391	0.044739640909013834	0.49279438376423174
Unique Binding	Bound Only	K562	CPSF6_3	0.0001	275	52.18216318785579	265	0.05419714542810548	10	-0.0230007577357866	0.03119638769231888	0.4041092622177648
Unique Binding	Bound Only	K562	CPSF6_3	0.001	10	1.8975332068311195	0	0.0	10	-0.0230007577357866	-0.0230007577357866	-1.0
Unique Binding	Bound Only	K562	CPSF6_3	0.01	0	0.0	0	0.0	0	0.0		
Unique Binding	Bound Only	K562	CPSF6_3	0.1	0	0.0	0	0.0	0	0.0		
Unique Binding	Bound Only	K562	CPSF6_4	0.0	680	100.0	66	0.015299390657149166	614	-0.2870246887628838	-0.2717252981057346	-0.8987881435941262
Unique Binding	Bound Only	K562	CPSF6_4	1e-05	680	100.0	66	0.015299390657149166	614	-0.2870246887628838	-0.2717252981057346	-0.8987881435941262
Unique Binding	Bound Only	K562	CPSF6_4	0.0001	449	66.02941176470588	63	0.015194263027288026	386	-0.27426661986886824	-0.2590723568415802	-0.8950168128054873
Unique Binding	Bound Only	K562	CPSF6_4	0.001	103	15.147058823529411	0	0.0	103	-0.16899590695658404	-0.16899590695658404	-1.0
Unique Binding	Bound Only	K562	CPSF6_4	0.01	0	0.0	0	0.0	0	0.0		
Unique Binding	Bound Only	K562	CPSF6_4	0.1	0	0.0	0	0.0	0	0.0		
Unique Binding	Bound Only	K562	CPSF6_5	0.0	809	100.0	805	7.181681106810441	4	-0.030699121046381735	7.150981985764059	0.9914871040969773
Unique Binding	Bound Only	K562	CPSF6_5	1e-05	809	100.0	805	7.181681106810441	4	-0.030699121046381735	7.150981985764059	0.9914871040969773
Unique Binding	Bound Only	K562	CPSF6_5	0.0001	809	100.0	805	7.181681106810441	4	-0.030699121046381735	7.150981985764059	0.9914871040969773
Unique Binding	Bound Only	K562	CPSF6_5	0.001	809	100.0	805	7.181681106810441	4	-0.030699121046381735	7.150981985764059	0.9914871040969773
Unique Binding	Bound Only	K562	CPSF6_5	0.01	221	27.317676143386898	221	3.8105451987452117	0	0.0	3.8105451987452117	1.0
Unique Binding	Bound Only	K562	CPSF6_5	0.1	0	0.0	0	0.0	0	0.0		
Unique Binding	Bound Only	K562	CPSF6_6	0.0	1117	100.0	0	0.0	1117	-8.105386389667052	-8.105386389667052	-1.0
Unique Binding	Bound Only	K562	CPSF6_6	1e-05	1117	100.0	0	0.0	1117	-8.105386389667052	-8.105386389667052	-1.0
Unique Binding	Bound Only	K562	CPSF6_6	0.0001	1117	100.0	0	0.0	1117	-8.105386389667052	-8.105386389667052	-1.0
Unique Binding	Bound Only	K562	CPSF6_6	0.001	1083	96.95613249776186	0	0.0	1083	-8.082243342949472	-8.082243342949472	-1.0
Unique Binding	Bound Only	K562	CPSF6_6	0.01	171	15.308863025962399	0	0.0	171	-4.281506281065115	-4.281506281065115	-1.0
Unique Binding	Bound Only	K562	CPSF6_6	0.1	0	0.0	0	0.0	0	0.0		
Unique Binding	Bound Only	K562	CSTF2T_1	0.0	1576	100.0	248	1.1371566349194018	1328	-0.9126285916516165	0.2245280432677853	0.10953735072204948
Unique Binding	Bound Only	K562	CSTF2T_1	1e-05	1563	99.1751269035533	236	1.1371189220106972	1327	-0.9126187328654204	0.2245001891452768	0.10952630382293736
Unique Binding	Bound Only	K562	CSTF2T_1	0.0001	1084	68.78172588832487	161	1.1346808095997418	923	-0.8830413362585017	0.25163947334124015	0.1247146312279804
Unique Binding	Bound Only	K562	CSTF2T_1	0.001	292	18.527918781725887	79	1.09164649669401	213	-0.7127609536468278	0.37888554304718225	0.20997782012904784
Unique Binding	Bound Only	K562	CSTF2T_1	0.01	46	2.918781725888325	44	0.8111774526330533	2	-0.020453949703110784	0.7907235029299425	0.9508100592506419
Unique Binding	Bound Only	K562	CSTF2T_1	0.1	0	0.0	0	0.0	0	0.0		
Unique Binding	Bound Only	K562	CSTF2T_2	0.0	3785	100.0	1121	0.6412933264054639	2664	-1.8019702968098792	-1.1606769704044153	-0.4750518770778245
Unique Binding	Bound Only	K562	CSTF2T_2	1e-05	3703	97.8335535006605	1072	0.6411507835327073	2631	-1.801804946952954	-1.1606541634202467	-0.47510241341520665
Unique Binding	Bound Only	K562	CSTF2T_2	0.0001	2703	71.41347424042273	834	0.6251080377570878	1869	-1.758510228267263	-1.1334021905101754	-0.47549652000300485
Unique Binding	Bound Only	K562	CSTF2T_2	0.001	540	14.266842800528401	183	0.3925438627802681	357	-1.2325452424990877	-0.8400013797188196	-0.5168955825191024
Unique Binding	Bound Only	K562	CSTF2T_2	0.01	32	0.8454425363276089	0	0.0	32	-0.4065078521118369	-0.4065078521118369	-1.0
Unique Binding	Bound Only	K562	CSTF2T_2	0.1	0	0.0	0	0.0	0	0.0		
Unique Binding	Bound Only	K562	CSTF2T_3	0.0	1781	100.0	65	0.23466759976223048	1716	-13.864577945304342	-13.629910345542111	-0.9667120344826758
Unique Binding	Bound Only	K562	CSTF2T_3	1e-05	1780	99.94385176866929	65	0.23466759976223048	1715	-13.864575564032183	-13.629907964269952	-0.966712028860551
Unique Binding	Bound Only	K562	CSTF2T_3	0.0001	1775	99.66311061201573	64	0.23465411462972377	1711	-13.864303938881129	-13.629649824251405	-0.9667132686345866
Unique Binding	Bound Only	K562	CSTF2T_3	0.001	1707	95.84503088152722	42	0.22316565720330497	1665	-13.830983937249895	-13.60781828004659	-0.9682420262138973
Unique Binding	Bound Only	K562	CSTF2T_3	0.01	516	28.972487366647954	4	0.056541215637957755	512	-8.548800358488695	-8.492259142850736	-0.9868590421075304
Unique Binding	Bound Only	K562	CSTF2T_3	0.1	0	0.0	0	0.0	0	0.0		
Unique Binding	Bound Only	K562	CSTF2T_4	0.0	1352	100.0	0	0.0	1352	-11.079566282492106	-11.079566282492106	-1.0
Unique Binding	Bound Only	K562	CSTF2T_4	1e-05	1352	100.0	0	0.0	1352	-11.079566282492106	-11.079566282492106	-1.0
Unique Binding	Bound Only	K562	CSTF2T_4	0.0001	1352	100.0	0	0.0	1352	-11.079566282492106	-11.079566282492106	-1.0
Unique Binding	Bound Only	K562	CSTF2T_4	0.001	1350	99.85207100591717	0	0.0	1350	-11.077956231217211	-11.077956231217211	-1.0
Unique Binding	Bound Only	K562	CSTF2T_4	0.01	400	29.585798816568047	0	0.0	400	-6.512395784108772	-6.512395784108772	-1.0
Unique Binding	Bound Only	K562	CSTF2T_4	0.1	0	0.0	0	0.0	0	0.0		
Unique Binding	Bound Only	K562	CSTF2T_5	0.0	983	100.0	175	0.21111090054721324	808	-1.10388131308954	-0.8927704125423267	-0.678916881243938
Unique Binding	Bound Only	K562	CSTF2T_5	1e-05	983	100.0	175	0.21111090054721324	808	-1.10388131308954	-0.8927704125423267	-0.678916881243938
Unique Binding	Bound Only	K562	CSTF2T_5	0.0001	875	89.01322482197355	169	0.21084320859427558	706	-1.0974553642922193	-0.8866121556979438	-0.677683346960942
Unique Binding	Bound Only	K562	CSTF2T_5	0.001	334	33.97761953204476	106	0.1769932325944549	228	-0.9287035820948601	-0.7517103495004053	-0.6798521434753568
Unique Binding	Bound Only	K562	CSTF2T_5	0.01	23	2.3397761953204474	0	0.0	23	-0.445731347206479	-0.445731347206479	-1.0
Unique Binding	Bound Only	K562	CSTF2T_5	0.1	0	0.0	0	0.0	0	0.0		
Unique Binding	Bound Only	K562	CSTF2T_6	0.0	1415	100.0	115	0.13104593760991837	1300	-2.7495913936214365	-2.618545456011518	-0.9090160110131589
Unique Binding	Bound Only	K562	CSTF2T_6	1e-05	1412	99.78798586572438	114	0.13104194572224412	1298	-2.7495794349404945	-2.6185374892182502	-0.9090182787631079
Unique Binding	Bound Only	K562	CSTF2T_6	0.0001	1396	98.65724381625441	112	0.1308678310853409	1284	-2.749328333856411	-2.6184605027710703	-0.9091257514482612
Unique Binding	Bound Only	K562	CSTF2T_6	0.001	735	51.9434628975265	36	0.09311851779704547	699	-2.466979762627438	-2.3738612448303926	-0.9272539507494176
Unique Binding	Bound Only	K562	CSTF2T_6	0.01	68	4.80565371024735	0	0.0	68	-0.945316637053828	-0.945316637053828	-1.0
Unique Binding	Bound Only	K562	CSTF2T_6	0.1	0	0.0	0	0.0	0	0.0		
Unique Binding	Bound Only	K562	DDX1_1	0.0	273	100.0	0	0.0	273	-0.08006378712944891	-0.08006378712944891	-1.0
Unique Binding	Bound Only	K562	DDX1_1	1e-05	273	100.0	0	0.0	273	-0.08006378712944891	-0.08006378712944891	-1.0
Unique Binding	Bound Only	K562	DDX1_1	0.0001	97	35.53113553113553	0	0.0	97	-0.075757787119681	-0.075757787119681	-1.0
Unique Binding	Bound Only	K562	DDX1_1	0.001	14	5.128205128205128	0	0.0	14	-0.033240471720950834	-0.033240471720950834	-1.0
Unique Binding	Bound Only	K562	DDX1_1	0.01	0	0.0	0	0.0	0	0.0		
Unique Binding	Bound Only	K562	DDX1_1	0.1	0	0.0	0	0.0	0	0.0		
Unique Binding	Bound Only	K562	DDX1_2	0.0	388	97.97979797979798	42	0.021895396877318164	346	-0.10568905191159637	-0.08379365503427821	-0.6567701301348478
Unique Binding	Bound Only	K562	DDX1_2	1e-05	182	45.95959595959596	42	0.021895396877318164	140	-0.1053920347870582	-0.08349663790974005	-0.6559692250677099
Unique Binding	Bound Only	K562	DDX1_2	0.0001	138	34.84848484848485	29	0.02072668049436295	109	-0.10420506468992273	-0.08347838419555978	-0.6681919321019776
Unique Binding	Bound Only	K562	DDX1_2	0.001	47	11.868686868686869	4	0.007653797926067845	43	-0.09223345715824353	-0.08457965923217568	-0.8467512613174214
Unique Binding	Bound Only	K562	DDX1_2	0.01	0	0.0	0	0.0	0	0.0		
Unique Binding	Bound Only	K562	DDX1_2	0.1	0	0.0	0	0.0	0	0.0		
Unique Binding	Bound Only	K562	DDX1_3	0.0	376	100.0	0	0.0	376	-0.04717189645959917	-0.04717189645959917	-1.0
Unique Binding	Bound Only	K562	DDX1_3	1e-05	171	45.47872340425532	0	0.0	171	-0.046225781862256225	-0.046225781862256225	-1.0
Unique Binding	Bound Only	K562	DDX1_3	0.0001	99	26.329787234042552	0	0.0	99	-0.044051108677508444	-0.044051108677508444	-1.0
Unique Binding	Bound Only	K562	DDX1_3	0.001	22	5.851063829787234	0	0.0	22	-0.03129278949066872	-0.03129278949066872	-1.0
Unique Binding	Bound Only	K562	DDX1_3	0.01	0	0.0	0	0.0	0	0.0		
Unique Binding	Bound Only	K562	DDX1_3	0.1	0	0.0	0	0.0	0	0.0		
Unique Binding	Bound Only	K562	DDX1_4	0.0	321	100.0	0	0.0	321	-0.04513775731535947	-0.04513775731535947	-1.0
Unique Binding	Bound Only	K562	DDX1_4	1e-05	91	28.34890965732087	0	0.0	91	-0.04459374629585657	-0.04459374629585657	-1.0
Unique Binding	Bound Only	K562	DDX1_4	0.0001	70	21.806853582554517	0	0.0	70	-0.044199733571077045	-0.044199733571077045	-1.0
Unique Binding	Bound Only	K562	DDX1_4	0.001	0	0.0	0	0.0	0	0.0		
Unique Binding	Bound Only	K562	DDX1_4	0.01	0	0.0	0	0.0	0	0.0		
Unique Binding	Bound Only	K562	DDX1_4	0.1	0	0.0	0	0.0	0	0.0		
Unique Binding	Bound Only	K562	DDX1_5	0.0	12	6.666666666666667	7	0.004636601657029897	5	-0.02009018177270678	-0.015453580115676883	-0.624973327387672
Unique Binding	Bound Only	K562	DDX1_5	1e-05	12	6.666666666666667	7	0.004636601657029897	5	-0.02009018177270678	-0.015453580115676883	-0.624973327387672
Unique Binding	Bound Only	K562	DDX1_5	0.0001	12	6.666666666666667	7	0.004636601657029897	5	-0.02009018177270678	-0.015453580115676883	-0.624973327387672
Unique Binding	Bound Only	K562	DDX1_5	0.001	3	1.6666666666666667	0	0.0	3	-0.01932746046603666	-0.01932746046603666	-1.0
Unique Binding	Bound Only	K562	DDX1_5	0.01	0	0.0	0	0.0	0	0.0		
Unique Binding	Bound Only	K562	DDX1_5	0.1	0	0.0	0	0.0	0	0.0		
Unique Binding	Bound Only	K562	DDX1_6	0.0	92	100.0	92	0.5286527926922504	0	0.0	0.5286527926922504	1.0
Unique Binding	Bound Only	K562	DDX1_6	1e-05	92	100.0	92	0.5286527926922504	0	0.0	0.5286527926922504	1.0
Unique Binding	Bound Only	K562	DDX1_6	0.0001	92	100.0	92	0.5286527926922504	0	0.0	0.5286527926922504	1.0
Unique Binding	Bound Only	K562	DDX1_6	0.001	92	100.0	92	0.5286527926922504	0	0.0	0.5286527926922504	1.0
Unique Binding	Bound Only	K562	DDX1_6	0.01	1	1.0869565217391304	1	0.010700638833575141	0	0.0	0.010700638833575141	1.0
Unique Binding	Bound Only	K562	DDX1_6	0.1	0	0.0	0	0.0	0	0.0		
Unique Binding	Bound Only	K562	DDX21_1	0.0	0	0.0	0	0.0	0	0.0		
Unique Binding	Bound Only	K562	DDX21_1	1e-05	0	0.0	0	0.0	0	0.0		
Unique Binding	Bound Only	K562	DDX21_1	0.0001	0	0.0	0	0.0	0	0.0		
Unique Binding	Bound Only	K562	DDX21_1	0.001	0	0.0	0	0.0	0	0.0		
Unique Binding	Bound Only	K562	DDX21_1	0.01	0	0.0	0	0.0	0	0.0		
Unique Binding	Bound Only	K562	DDX21_1	0.1	0	0.0	0	0.0	0	0.0		
Unique Binding	Bound Only	K562	DDX21_2	0.0	0	0.0	0	0.0	0	0.0		
Unique Binding	Bound Only	K562	DDX21_2	1e-05	0	0.0	0	0.0	0	0.0		
Unique Binding	Bound Only	K562	DDX21_2	0.0001	0	0.0	0	0.0	0	0.0		
Unique Binding	Bound Only	K562	DDX21_2	0.001	0	0.0	0	0.0	0	0.0		
Unique Binding	Bound Only	K562	DDX21_2	0.01	0	0.0	0	0.0	0	0.0		
Unique Binding	Bound Only	K562	DDX21_2	0.1	0	0.0	0	0.0	0	0.0		
Unique Binding	Bound Only	K562	DDX21_3	0.0	0	0.0	0	0.0	0	0.0		
Unique Binding	Bound Only	K562	DDX21_3	1e-05	0	0.0	0	0.0	0	0.0		
Unique Binding	Bound Only	K562	DDX21_3	0.0001	0	0.0	0	0.0	0	0.0		
Unique Binding	Bound Only	K562	DDX21_3	0.001	0	0.0	0	0.0	0	0.0		
Unique Binding	Bound Only	K562	DDX21_3	0.01	0	0.0	0	0.0	0	0.0		
Unique Binding	Bound Only	K562	DDX21_3	0.1	0	0.0	0	0.0	0	0.0		
Unique Binding	Bound Only	K562	DDX21_4	0.0	0	0.0	0	0.0	0	0.0		
Unique Binding	Bound Only	K562	DDX21_4	1e-05	0	0.0	0	0.0	0	0.0		
Unique Binding	Bound Only	K562	DDX21_4	0.0001	0	0.0	0	0.0	0	0.0		
Unique Binding	Bound Only	K562	DDX21_4	0.001	0	0.0	0	0.0	0	0.0		
Unique Binding	Bound Only	K562	DDX21_4	0.01	0	0.0	0	0.0	0	0.0		
Unique Binding	Bound Only	K562	DDX21_4	0.1	0	0.0	0	0.0	0	0.0		
Unique Binding	Bound Only	K562	DDX21_5	0.0	0	0.0	0	0.0	0	0.0		
Unique Binding	Bound Only	K562	DDX21_5	1e-05	0	0.0	0	0.0	0	0.0		
Unique Binding	Bound Only	K562	DDX21_5	0.0001	0	0.0	0	0.0	0	0.0		
Unique Binding	Bound Only	K562	DDX21_5	0.001	0	0.0	0	0.0	0	0.0		
Unique Binding	Bound Only	K562	DDX21_5	0.01	0	0.0	0	0.0	0	0.0		
Unique Binding	Bound Only	K562	DDX21_5	0.1	0	0.0	0	0.0	0	0.0		
Unique Binding	Bound Only	K562	DDX21_6	0.0	0	0.0	0	0.0	0	0.0		
Unique Binding	Bound Only	K562	DDX21_6	1e-05	0	0.0	0	0.0	0	0.0		
Unique Binding	Bound Only	K562	DDX21_6	0.0001	0	0.0	0	0.0	0	0.0		
Unique Binding	Bound Only	K562	DDX21_6	0.001	0	0.0	0	0.0	0	0.0		
Unique Binding	Bound Only	K562	DDX21_6	0.01	0	0.0	0	0.0	0	0.0		
Unique Binding	Bound Only	K562	DDX21_6	0.1	0	0.0	0	0.0	0	0.0		
Unique Binding	Bound Only	K562	DDX24_1	0.0	10661	100.0	483	0.4431793446823642	10178	-17.0746274670782	-16.631448122395838	-0.9494024167015205
Unique Binding	Bound Only	K562	DDX24_1	1e-05	10635	99.7561204389832	470	0.44312183556961987	10165	-17.074566056331413	-16.631444220761793	-0.9494086390505349
Unique Binding	Bound Only	K562	DDX24_1	0.0001	10315	96.75452584185349	374	0.4380628193530222	9941	-17.06121876819434	-16.62315594884132	-0.9499336224562783
Unique Binding	Bound Only	K562	DDX24_1	0.001	4397	41.24378576118563	140	0.328544883368566	4257	-14.329380854533206	-14.000835971164639	-0.9551717085700563
Unique Binding	Bound Only	K562	DDX24_1	0.01	176	1.6508770284213488	2	0.0262785682181221	174	-2.89216092660028	-2.865882358382158	-0.9819913565007747
Unique Binding	Bound Only	K562	DDX24_1	0.1	0	0.0	0	0.0	0	0.0		
Unique Binding	Bound Only	K562	DDX24_2	0.0	12597	100.0	290	0.8392033062831532	12307	-74.96034482318413	-74.12114151690098	-0.9778573005514551
Unique Binding	Bound Only	K562	DDX24_2	1e-05	12595	99.98412320393744	289	0.8392020997735985	12306	-74.96033803307685	-74.12113593330325	-0.9778573300496871
Unique Binding	Bound Only	K562	DDX24_2	0.0001	12572	99.80154004921806	280	0.8386599605413605	12292	-74.95959980439198	-74.12093984385062	-0.9778712608141077
Unique Binding	Bound Only	K562	DDX24_2	0.001	12116	96.18163054695562	210	0.8080012944280548	11906	-74.68773454966895	-73.8797332552409	-0.9785947832577824
Unique Binding	Bound Only	K562	DDX24_2	0.01	1692	13.431769468921173	11	0.12858441921736352	1681	-31.31197517877562	-31.183390759558254	-0.9918204751530203
Unique Binding	Bound Only	K562	DDX24_2	0.1	0	0.0	0	0.0	0	0.0		
Unique Binding	Bound Only	K562	DDX24_3	0.0	10481	100.0	10472	420.31692217835905	9	-0.009483872087090636	420.30743830627193	0.999954873774521
Unique Binding	Bound Only	K562	DDX24_3	1e-05	10481	100.0	10472	420.31692217835905	9	-0.009483872087090636	420.30743830627193	0.999954873774521
Unique Binding	Bound Only	K562	DDX24_3	0.0001	10481	100.0	10472	420.31692217835905	9	-0.009483872087090636	420.30743830627193	0.999954873774521
Unique Binding	Bound Only	K562	DDX24_3	0.001	10477	99.96183570270011	10471	420.3162657756417	6	-0.00844068819493621	420.30782508744676	0.9999598372969034
Unique Binding	Bound Only	K562	DDX24_3	0.01	10301	98.28260662150558	10301	418.97397300185963	0	0.0	418.97397300185963	1.0
Unique Binding	Bound Only	K562	DDX24_3	0.1	358	3.4157046083388987	358	42.43877636411749	0	0.0	42.43877636411749	1.0
Unique Binding	Bound Only	K562	DDX24_4	0.0	10765	100.0	10758	496.78319964543806	7	-0.049823702081461044	496.7333759433566	0.9997994348211969
Unique Binding	Bound Only	K562	DDX24_4	1e-05	10765	100.0	10758	496.78319964543806	7	-0.049823702081461044	496.7333759433566	0.9997994348211969
Unique Binding	Bound Only	K562	DDX24_4	0.0001	10765	100.0	10758	496.78319964543806	7	-0.049823702081461044	496.7333759433566	0.9997994348211969
Unique Binding	Bound Only	K562	DDX24_4	0.001	10762	99.97213190896423	10757	496.7823007536865	5	-0.04880592380005533	496.73349482988647	0.9998035311270004
Unique Binding	Bound Only	K562	DDX24_4	0.01	10638	98.82025081281932	10636	495.8521679391504	2	-0.031541979163279665	495.82062595998707	0.999872784773799
Unique Binding	Bound Only	K562	DDX24_4	0.1	553	5.137018114259173	553	63.18354870667396	0	0.0	63.18354870667396	1.0
Unique Binding	Bound Only	K562	DDX24_5	0.0	11073	100.0	726	0.7519528269691621	10347	-20.381233607356656	-19.629280780387493	-0.9288367772360353
Unique Binding	Bound Only	K562	DDX24_5	1e-05	11039	99.6929468075499	708	0.7518852113300123	10331	-20.381145449221503	-19.62926023789149	-0.9288426517325281
Unique Binding	Bound Only	K562	DDX24_5	0.0001	10348	93.45254221981396	601	0.7458334529701106	9747	-20.340997557406055	-19.595164104435945	-0.9292607359917563
Unique Binding	Bound Only	K562	DDX24_5	0.001	4332	39.122189108642644	209	0.581116186439675	4123	-17.878527442687485	-17.29741125624781	-0.9370392843854534
Unique Binding	Bound Only	K562	DDX24_5	0.01	474	4.280682741804389	0	0.0	474	-6.990645538468266	-6.990645538468266	-1.0
Unique Binding	Bound Only	K562	DDX24_5	0.1	0	0.0	0	0.0	0	0.0		
Unique Binding	Bound Only	K562	DDX24_6	0.0	11779	100.0	10603	13.817459304932568	1176	-1.7457314471550205	12.071727857777548	0.7756589281769416
Unique Binding	Bound Only	K562	DDX24_6	1e-05	11718	99.4821292130062	10575	13.817325492715858	1143	-1.7455808521148581	12.071744640601	0.7756741814880022
Unique Binding	Bound Only	K562	DDX24_6	0.0001	11284	95.79760590882078	10337	13.804369352208674	947	-1.733645514436572	12.070723837772102	0.7768510933583787
Unique Binding	Bound Only	K562	DDX24_6	0.001	3750	31.83631887256983	3303	9.925621741849032	447	-1.5176919252716008	8.40792981657743	0.7347460762816821
Unique Binding	Bound Only	K562	DDX24_6	0.01	137	1.1630868494778843	122	1.626430442825623	15	-0.17717208743069315	1.4492583553949299	0.8035353305858196
Unique Binding	Bound Only	K562	DDX24_6	0.1	0	0.0	0	0.0	0	0.0		
Unique Binding	Bound Only	K562	DDX3X_1	0.0	10040	100.0	0	0.0	10040	-301.78234441654047	-301.78234441654047	-1.0
Unique Binding	Bound Only	K562	DDX3X_1	1e-05	10040	100.0	0	0.0	10040	-301.78234441654047	-301.78234441654047	-1.0
Unique Binding	Bound Only	K562	DDX3X_1	0.0001	10040	100.0	0	0.0	10040	-301.78234441654047	-301.78234441654047	-1.0
Unique Binding	Bound Only	K562	DDX3X_1	0.001	10039	99.99003984063745	0	0.0	10039	-301.78198325875553	-301.78198325875553	-1.0
Unique Binding	Bound Only	K562	DDX3X_1	0.01	8076	80.43824701195219	0	0.0	8076	-288.4614763070433	-288.4614763070433	-1.0
Unique Binding	Bound Only	K562	DDX3X_1	0.1	29	0.2888446215139442	0	0.0	29	-3.3148630655108553	-3.3148630655108553	-1.0
Unique Binding	Bound Only	K562	DDX3X_2	0.0	12050	100.0	246	0.3308667360308677	11804	-158.51832067090083	-158.18745393486998	-0.9958342029766478
Unique Binding	Bound Only	K562	DDX3X_2	1e-05	12047	99.97510373443983	245	0.3308602929061278	11802	-158.5183157341725	-158.18745544126637	-0.995834283800758
Unique Binding	Bound Only	K562	DDX3X_2	0.0001	11999	99.57676348547719	206	0.328910051627055	11793	-158.51786448341346	-158.1889544317864	-0.9958587758223004
Unique Binding	Bound Only	K562	DDX3X_2	0.001	11577	96.07468879668049	91	0.28057708657031566	11486	-158.32139085906942	-158.04081377249912	-0.9964618713096111
Unique Binding	Bound Only	K562	DDX3X_2	0.01	4808	39.90041493775934	4	0.06499098068256483	4804	-126.68159872424948	-126.61660774356692	-0.9989744736985213
Unique Binding	Bound Only	K562	DDX3X_2	0.1	43	0.35684647302904565	0	0.0	43	-5.009529162283709	-5.009529162283709	-1.0
Unique Binding	Bound Only	K562	DDX3X_3	0.0	5284	100.0	5284	314.2221390571965	0	0.0	314.2221390571965	1.0
Unique Binding	Bound Only	K562	DDX3X_3	1e-05	5284	100.0	5284	314.2221390571965	0	0.0	314.2221390571965	1.0
Unique Binding	Bound Only	K562	DDX3X_3	0.0001	5284	100.0	5284	314.2221390571965	0	0.0	314.2221390571965	1.0
Unique Binding	Bound Only	K562	DDX3X_3	0.001	5284	100.0	5284	314.2221390571965	0	0.0	314.2221390571965	1.0
Unique Binding	Bound Only	K562	DDX3X_3	0.01	5263	99.60257380772143	5263	314.02366929926524	0	0.0	314.02366929926524	1.0
Unique Binding	Bound Only	K562	DDX3X_3	0.1	743	14.061317183951552	743	95.30389020662795	0	0.0	95.30389020662795	1.0
Unique Binding	Bound Only	K562	DDX3X_4	0.0	2007	100.0	1993	91.54922098390324	14	-0.16126666670982437	91.38795431719342	0.9964831357712501
Unique Binding	Bound Only	K562	DDX3X_4	1e-05	2007	100.0	1993	91.54922098390324	14	-0.16126666670982437	91.38795431719342	0.9964831357712501
Unique Binding	Bound Only	K562	DDX3X_4	0.0001	2007	100.0	1993	91.54922098390324	14	-0.16126666670982437	91.38795431719342	0.9964831357712501
Unique Binding	Bound Only	K562	DDX3X_4	0.001	2006	99.95017438963627	1993	91.54922098390324	13	-0.16075795879214655	91.3884630251111	0.9964942101035135
Unique Binding	Bound Only	K562	DDX3X_4	0.01	1913	95.31639262580967	1905	90.9631392016932	8	-0.13974784020671022	90.82339136148649	0.9969320875606843
Unique Binding	Bound Only	K562	DDX3X_4	0.1	124	6.178375685102142	124	20.23505490240203	0	0.0	20.23505490240203	1.0
Unique Binding	Bound Only	K562	DDX3X_5	0.0	2014	100.0	0	0.0	2014	-451.55330788267435	-451.55330788267435	-1.0
Unique Binding	Bound Only	K562	DDX3X_5	1e-05	2014	100.0	0	0.0	2014	-451.55330788267435	-451.55330788267435	-1.0
Unique Binding	Bound Only	K562	DDX3X_5	0.0001	2014	100.0	0	0.0	2014	-451.55330788267435	-451.55330788267435	-1.0
Unique Binding	Bound Only	K562	DDX3X_5	0.001	2014	100.0	0	0.0	2014	-451.55330788267435	-451.55330788267435	-1.0
Unique Binding	Bound Only	K562	DDX3X_5	0.01	2003	99.45382323733864	0	0.0	2003	-451.45105948766525	-451.45105948766525	-1.0
Unique Binding	Bound Only	K562	DDX3X_5	0.1	1417	70.35749751737835	0	0.0	1417	-425.79898507452293	-425.79898507452293	-1.0
Unique Binding	Bound Only	K562	DDX3X_6	0.0	578	100.0	0	0.0	578	-101.83778202873567	-101.83778202873567	-1.0
Unique Binding	Bound Only	K562	DDX3X_6	1e-05	578	100.0	0	0.0	578	-101.83778202873567	-101.83778202873567	-1.0
Unique Binding	Bound Only	K562	DDX3X_6	0.0001	578	100.0	0	0.0	578	-101.83778202873567	-101.83778202873567	-1.0
Unique Binding	Bound Only	K562	DDX3X_6	0.001	578	100.0	0	0.0	578	-101.83778202873567	-101.83778202873567	-1.0
Unique Binding	Bound Only	K562	DDX3X_6	0.01	578	100.0	0	0.0	578	-101.83778202873567	-101.83778202873567	-1.0
Unique Binding	Bound Only	K562	DDX3X_6	0.1	457	79.06574394463668	0	0.0	457	-95.52264252714568	-95.52264252714568	-1.0
Unique Binding	Bound Only	K562	DDX42_1	0.0	73	100.0	50	0.028293737506779704	23	-0.2810338934461485	-0.25274015593936877	-0.8170629799891023
Unique Binding	Bound Only	K562	DDX42_1	1e-05	71	97.26027397260275	48	0.028277248273005637	23	-0.2810338934461485	-0.25275664517314284	-0.8171598467753832
Unique Binding	Bound Only	K562	DDX42_1	0.0001	55	75.34246575342466	36	0.027472196037051973	19	-0.2808392202262096	-0.25336702418915763	-0.8217893040094632
Unique Binding	Bound Only	K562	DDX42_1	0.001	17	23.28767123287671	3	0.007495628574075996	14	-0.2771611153784826	-0.2696654868044066	-0.9473356684264946
Unique Binding	Bound Only	K562	DDX42_1	0.01	12	16.43835616438356	0	0.0	12	-0.2714881677862054	-0.2714881677862054	-1.0
Unique Binding	Bound Only	K562	DDX42_1	0.1	0	0.0	0	0.0	0	0.0		
Unique Binding	Bound Only	K562	DDX42_2	0.0	160	81.21827411167513	0	0.0	160	-0.2680830441327202	-0.2680830441327202	-1.0
Unique Binding	Bound Only	K562	DDX42_2	1e-05	116	58.88324873096447	0	0.0	116	-0.26803239677633367	-0.26803239677633367	-1.0
Unique Binding	Bound Only	K562	DDX42_2	0.0001	114	57.868020304568525	0	0.0	114	-0.2679234752436244	-0.2679234752436244	-1.0
Unique Binding	Bound Only	K562	DDX42_2	0.001	88	44.67005076142132	0	0.0	88	-0.24703186635761643	-0.24703186635761643	-1.0
Unique Binding	Bound Only	K562	DDX42_2	0.01	0	0.0	0	0.0	0	0.0		
Unique Binding	Bound Only	K562	DDX42_2	0.1	0	0.0	0	0.0	0	0.0		
Unique Binding	Bound Only	K562	DDX42_3	0.0	203	100.0	0	0.0	203	-0.7364955601658042	-0.7364955601658042	-1.0
Unique Binding	Bound Only	K562	DDX42_3	1e-05	203	100.0	0	0.0	203	-0.7364955601658042	-0.7364955601658042	-1.0
Unique Binding	Bound Only	K562	DDX42_3	0.0001	172	84.72906403940887	0	0.0	172	-0.7340072912700208	-0.7340072912700208	-1.0
Unique Binding	Bound Only	K562	DDX42_3	0.001	52	25.615763546798032	0	0.0	52	-0.699180560249638	-0.699180560249638	-1.0
Unique Binding	Bound Only	K562	DDX42_3	0.01	17	8.374384236453201	0	0.0	17	-0.6398979602953297	-0.6398979602953297	-1.0
Unique Binding	Bound Only	K562	DDX42_3	0.1	0	0.0	0	0.0	0	0.0		
Unique Binding	Bound Only	K562	DDX42_4	0.0	69	100.0	9	0.2209310207600235	60	-0.5575924155551201	-0.3366613947950966	-0.4324357868898082
Unique Binding	Bound Only	K562	DDX42_4	1e-05	69	100.0	9	0.2209310207600235	60	-0.5575924155551201	-0.3366613947950966	-0.4324357868898082
Unique Binding	Bound Only	K562	DDX42_4	0.0001	69	100.0	9	0.2209310207600235	60	-0.5575924155551201	-0.3366613947950966	-0.4324357868898082
Unique Binding	Bound Only	K562	DDX42_4	0.001	37	53.62318840579711	9	0.2209310207600235	28	-0.5426657114287493	-0.32173469066872584	-0.42134110467773467
Unique Binding	Bound Only	K562	DDX42_4	0.01	17	24.637681159420293	9	0.2209310207600235	8	-0.4432121125284064	-0.22228109176838293	-0.3346885341835624
Unique Binding	Bound Only	K562	DDX42_4	0.1	0	0.0	0	0.0	0	0.0		
Unique Binding	Bound Only	K562	DDX42_5	0.0	114	100.0	0	0.0	114	-0.4758806495382879	-0.4758806495382879	-1.0
Unique Binding	Bound Only	K562	DDX42_5	1e-05	114	100.0	0	0.0	114	-0.4758806495382879	-0.4758806495382879	-1.0
Unique Binding	Bound Only	K562	DDX42_5	0.0001	112	98.24561403508771	0	0.0	112	-0.475702787564752	-0.475702787564752	-1.0
Unique Binding	Bound Only	K562	DDX42_5	0.001	75	65.78947368421053	0	0.0	75	-0.4571108738148984	-0.4571108738148984	-1.0
Unique Binding	Bound Only	K562	DDX42_5	0.01	8	7.017543859649122	0	0.0	8	-0.32447406683129687	-0.32447406683129687	-1.0
Unique Binding	Bound Only	K562	DDX42_5	0.1	0	0.0	0	0.0	0	0.0		
Unique Binding	Bound Only	K562	DDX42_6	0.0	0	0.0	0	0.0	0	0.0		
Unique Binding	Bound Only	K562	DDX42_6	1e-05	0	0.0	0	0.0	0	0.0		
Unique Binding	Bound Only	K562	DDX42_6	0.0001	0	0.0	0	0.0	0	0.0		
Unique Binding	Bound Only	K562	DDX42_6	0.001	0	0.0	0	0.0	0	0.0		
Unique Binding	Bound Only	K562	DDX42_6	0.01	0	0.0	0	0.0	0	0.0		
Unique Binding	Bound Only	K562	DDX42_6	0.1	0	0.0	0	0.0	0	0.0		
Unique Binding	Bound Only	K562	DDX43_1	0.0	9273	100.0	52	0.10824638773838541	9221	-45.29478402045053	-45.186537632712145	-0.9952317549394738
Unique Binding	Bound Only	K562	DDX43_1	1e-05	9271	99.97843200690177	50	0.1082353905935232	9221	-45.29478402045053	-45.18654862985701	-0.9952322382080522
Unique Binding	Bound Only	K562	DDX43_1	0.0001	9264	99.9029440310579	44	0.10773832527468138	9220	-45.29476327368133	-45.18702494840665	-0.9952540797762052
Unique Binding	Bound Only	K562	DDX43_1	0.001	8821	95.12563355979727	26	0.09693074207709164	8795	-44.98852490450647	-44.89159416242938	-0.9957001325289063
Unique Binding	Bound Only	K562	DDX43_1	0.01	864	9.317373018440636	3	0.04252868758461735	861	-15.582370833749406	-15.539842146164789	-0.9945562929826781
Unique Binding	Bound Only	K562	DDX43_1	0.1	3	0.03235198964736331	0	0.0	3	-0.30957181198199013	-0.30957181198199013	-1.0
Unique Binding	Bound Only	K562	DDX43_2	0.0	12224	100.0	2	0.001720960120451116	12222	-112.81049789742755	-112.8087769373071	-0.9999694898276467
Unique Binding	Bound Only	K562	DDX43_2	1e-05	12224	100.0	2	0.001720960120451116	12222	-112.81049789742755	-112.8087769373071	-0.9999694898276467
Unique Binding	Bound Only	K562	DDX43_2	0.0001	12223	99.99181937172776	2	0.001720960120451116	12221	-112.81042060206282	-112.80869964194237	-0.999969489806742
Unique Binding	Bound Only	K562	DDX43_2	0.001	12158	99.46007853403141	1	0.0010256190833067172	12157	-112.77391554505348	-112.77288992597018	-0.9999818112237928
Unique Binding	Bound Only	K562	DDX43_2	0.01	4037	33.02519633507853	0	0.0	4037	-69.89168083380866	-69.89168083380866	-1.0
Unique Binding	Bound Only	K562	DDX43_2	0.1	0	0.0	0	0.0	0	0.0		
Unique Binding	Bound Only	K562	DDX43_3	0.0	7439	100.0	7439	313.48869321480845	0	0.0	313.48869321480845	1.0
Unique Binding	Bound Only	K562	DDX43_3	1e-05	7439	100.0	7439	313.48869321480845	0	0.0	313.48869321480845	1.0
Unique Binding	Bound Only	K562	DDX43_3	0.0001	7439	100.0	7439	313.48869321480845	0	0.0	313.48869321480845	1.0
Unique Binding	Bound Only	K562	DDX43_3	0.001	7437	99.97311466594972	7437	313.4873893157878	0	0.0	313.4873893157878	1.0
Unique Binding	Bound Only	K562	DDX43_3	0.01	7366	99.01868530716494	7366	312.9402941180128	0	0.0	312.9402941180128	1.0
Unique Binding	Bound Only	K562	DDX43_3	0.1	293	3.9387014383653716	293	33.555876192903725	0	0.0	33.555876192903725	1.0
Unique Binding	Bound Only	K562	DDX43_4	0.0	9325	100.0	9315	358.3179014610157	10	-0.0700971971257895	358.2478042638899	0.9996088195062991
Unique Binding	Bound Only	K562	DDX43_4	1e-05	9325	100.0	9315	358.3179014610157	10	-0.0700971971257895	358.2478042638899	0.9996088195062991
Unique Binding	Bound Only	K562	DDX43_4	0.0001	9325	100.0	9315	358.3179014610157	10	-0.0700971971257895	358.2478042638899	0.9996088195062991
Unique Binding	Bound Only	K562	DDX43_4	0.001	9321	99.95710455764075	9312	358.316033430847	9	-0.06998893450363355	358.2460444963434	0.9996094215168232
Unique Binding	Bound Only	K562	DDX43_4	0.01	9093	97.51206434316354	9090	356.5481065221016	3	-0.044878431169555366	356.50322809093205	0.9997482932471292
Unique Binding	Bound Only	K562	DDX43_4	0.1	231	2.4772117962466487	231	26.155169543730505	0	0.0	26.155169543730505	1.0
Unique Binding	Bound Only	K562	DDX43_5	0.0	9700	100.0	24	0.08101905654896485	9676	-85.21144539392559	-85.13042633737662	-0.9981002059895687
Unique Binding	Bound Only	K562	DDX43_5	1e-05	9700	100.0	24	0.08101905654896485	9676	-85.21144539392559	-85.13042633737662	-0.9981002059895687
Unique Binding	Bound Only	K562	DDX43_5	0.0001	9699	99.98969072164948	24	0.08101905654896485	9675	-85.21142752123473	-85.13040846468576	-0.9981002055914745
Unique Binding	Bound Only	K562	DDX43_5	0.001	9668	99.6701030927835	20	0.08027831224590623	9648	-85.19239622449533	-85.11211791224942	-0.9981171386336354
Unique Binding	Bound Only	K562	DDX43_5	0.01	2295	23.659793814432987	0	0.0	2295	-48.25202294509924	-48.25202294509924	-1.0
Unique Binding	Bound Only	K562	DDX43_5	0.1	0	0.0	0	0.0	0	0.0		
Unique Binding	Bound Only	K562	DDX43_6	0.0	12041	100.0	936	1.9576200422364176	11105	-39.67658602435793	-37.71896598212151	-0.905960976457426
Unique Binding	Bound Only	K562	DDX43_6	1e-05	12030	99.90864546134041	928	1.9575715516047274	11102	-39.676571211884024	-37.718999660279295	-0.9059631628432888
Unique Binding	Bound Only	K562	DDX43_6	0.0001	11901	98.83730587160535	858	1.9538179460100427	11043	-39.67329504361639	-37.71947709760635	-0.906127626650595
Unique Binding	Bound Only	K562	DDX43_6	0.001	10300	85.54106801760652	525	1.779918439711977	9775	-38.82845782622148	-37.0485393865095	-0.9123373745329897
Unique Binding	Bound Only	K562	DDX43_6	0.01	552	4.584336849098912	27	0.3680940105277342	525	-8.951357096242644	-8.58326308571491	-0.9210052166569506
Unique Binding	Bound Only	K562	DDX43_6	0.1	0	0.0	0	0.0	0	0.0		
Unique Binding	Bound Only	K562	DDX47_1	0.0	19	54.285714285714285	19	0.010865045370515278	0	0.0	0.010865045370515278	1.0
Unique Binding	Bound Only	K562	DDX47_1	1e-05	19	54.285714285714285	19	0.010865045370515278	0	0.0	0.010865045370515278	1.0
Unique Binding	Bound Only	K562	DDX47_1	0.0001	19	54.285714285714285	19	0.010865045370515278	0	0.0	0.010865045370515278	1.0
Unique Binding	Bound Only	K562	DDX47_1	0.001	0	0.0	0	0.0	0	0.0		
Unique Binding	Bound Only	K562	DDX47_1	0.01	0	0.0	0	0.0	0	0.0		
Unique Binding	Bound Only	K562	DDX47_1	0.1	0	0.0	0	0.0	0	0.0		
Unique Binding	Bound Only	K562	DDX47_2	0.0	67	26.37795275590551	0	0.0	67	-0.008283260964350867	-0.008283260964350867	-1.0
Unique Binding	Bound Only	K562	DDX47_2	1e-05	16	6.299212598425196	0	0.0	16	-0.008244224844707831	-0.008244224844707831	-1.0
Unique Binding	Bound Only	K562	DDX47_2	0.0001	16	6.299212598425196	0	0.0	16	-0.008244224844707831	-0.008244224844707831	-1.0
Unique Binding	Bound Only	K562	DDX47_2	0.001	0	0.0	0	0.0	0	0.0		
Unique Binding	Bound Only	K562	DDX47_2	0.01	0	0.0	0	0.0	0	0.0		
Unique Binding	Bound Only	K562	DDX47_2	0.1	0	0.0	0	0.0	0	0.0		
Unique Binding	Bound Only	K562	DDX47_3	0.0	39	100.0	0	0.0	39	-0.3261059123407232	-0.3261059123407232	-1.0
Unique Binding	Bound Only	K562	DDX47_3	1e-05	39	100.0	0	0.0	39	-0.3261059123407232	-0.3261059123407232	-1.0
Unique Binding	Bound Only	K562	DDX47_3	0.0001	39	100.0	0	0.0	39	-0.3261059123407232	-0.3261059123407232	-1.0
Unique Binding	Bound Only	K562	DDX47_3	0.001	39	100.0	0	0.0	39	-0.3261059123407232	-0.3261059123407232	-1.0
Unique Binding	Bound Only	K562	DDX47_3	0.01	24	61.53846153846154	0	0.0	24	-0.25036821393965525	-0.25036821393965525	-1.0
Unique Binding	Bound Only	K562	DDX47_3	0.1	0	0.0	0	0.0	0	0.0		
Unique Binding	Bound Only	K562	DDX47_4	0.0	52	100.0	0	0.0	52	-0.03590967850209391	-0.03590967850209391	-1.0
Unique Binding	Bound Only	K562	DDX47_4	1e-05	15	28.846153846153843	0	0.0	15	-0.035650377168186184	-0.035650377168186184	-1.0
Unique Binding	Bound Only	K562	DDX47_4	0.0001	11	21.153846153846153	0	0.0	11	-0.03557753501738809	-0.03557753501738809	-1.0
Unique Binding	Bound Only	K562	DDX47_4	0.001	11	21.153846153846153	0	0.0	11	-0.03557753501738809	-0.03557753501738809	-1.0
Unique Binding	Bound Only	K562	DDX47_4	0.01	0	0.0	0	0.0	0	0.0		
Unique Binding	Bound Only	K562	DDX47_4	0.1	0	0.0	0	0.0	0	0.0		
Unique Binding	Bound Only	K562	DDX47_5	0.0	0	0.0	0	0.0	0	0.0		
Unique Binding	Bound Only	K562	DDX47_5	1e-05	0	0.0	0	0.0	0	0.0		
Unique Binding	Bound Only	K562	DDX47_5	0.0001	0	0.0	0	0.0	0	0.0		
Unique Binding	Bound Only	K562	DDX47_5	0.001	0	0.0	0	0.0	0	0.0		
Unique Binding	Bound Only	K562	DDX47_5	0.01	0	0.0	0	0.0	0	0.0		
Unique Binding	Bound Only	K562	DDX47_5	0.1	0	0.0	0	0.0	0	0.0		
Unique Binding	Bound Only	K562	DDX47_6	0.0	0		0	0.0	0	0.0		
Unique Binding	Bound Only	K562	DDX47_6	1e-05	0		0	0.0	0	0.0		
Unique Binding	Bound Only	K562	DDX47_6	0.0001	0		0	0.0	0	0.0		
Unique Binding	Bound Only	K562	DDX47_6	0.001	0		0	0.0	0	0.0		
Unique Binding	Bound Only	K562	DDX47_6	0.01	0		0	0.0	0	0.0		
Unique Binding	Bound Only	K562	DDX47_6	0.1	0		0	0.0	0	0.0		
Unique Binding	Bound Only	K562	DDX51_1	0.0	320	100.0	310	4.354848845967591	10	-0.013358247398871089	4.341490598568719	0.9938838763303337
Unique Binding	Bound Only	K562	DDX51_1	1e-05	320	100.0	310	4.354848845967591	10	-0.013358247398871089	4.341490598568719	0.9938838763303337
Unique Binding	Bound Only	K562	DDX51_1	0.0001	319	99.6875	309	4.354837196747367	10	-0.013358247398871089	4.341478949348495	0.9938838600196919
Unique Binding	Bound Only	K562	DDX51_1	0.001	317	99.0625	309	4.354837196747367	8	-0.012449266757105183	4.342387929990261	0.9942988549704085
Unique Binding	Bound Only	K562	DDX51_1	0.01	163	50.9375	163	3.273987998487388	0	0.0	3.273987998487388	1.0
Unique Binding	Bound Only	K562	DDX51_1	0.1	0	0.0	0	0.0	0	0.0		
Unique Binding	Bound Only	K562	DDX51_2	0.0	835	100.0	82	0.09881711660682954	753	-1.4202072142336586	-1.3213900976268291	-0.8698939646975198
Unique Binding	Bound Only	K562	DDX51_2	1e-05	833	99.76047904191617	80	0.09879929103331969	753	-1.4202072142336586	-1.3214079232003388	-0.8699159079427972
Unique Binding	Bound Only	K562	DDX51_2	0.0001	813	97.36526946107784	71	0.09834584129209278	742	-1.4195259971445768	-1.321180155852484	-0.870416146078072
Unique Binding	Bound Only	K562	DDX51_2	0.001	501	60.0	55	0.09156434768268155	446	-1.2455028395087102	-1.1539384918260287	-0.863037028266292
Unique Binding	Bound Only	K562	DDX51_2	0.01	26	3.1137724550898205	0	0.0	26	-0.32131808676344104	-0.32131808676344104	-1.0
Unique Binding	Bound Only	K562	DDX51_2	0.1	0	0.0	0	0.0	0	0.0		
Unique Binding	Bound Only	K562	DDX51_3	0.0	174	85.29411764705883	144	0.009750441866190503	30	-0.009573818302623669	0.00017662356356683458	0.009139990976310325
Unique Binding	Bound Only	K562	DDX51_3	1e-05	82	40.19607843137255	54	0.009706974124976654	28	-0.009572671831810715	0.00013430229316593878	0.006966014493573097
Unique Binding	Bound Only	K562	DDX51_3	0.0001	73	35.78431372549019	45	0.00954596422922672	28	-0.009572671831810715	-2.6707602583995668e-05	-0.0013969407911071682
Unique Binding	Bound Only	K562	DDX51_3	0.001	0	0.0	0	0.0	0	0.0		
Unique Binding	Bound Only	K562	DDX51_3	0.01	0	0.0	0	0.0	0	0.0		
Unique Binding	Bound Only	K562	DDX51_3	0.1	0	0.0	0	0.0	0	0.0		
Unique Binding	Bound Only	K562	DDX51_4	0.0	0	0.0	0	0.0	0	0.0		
Unique Binding	Bound Only	K562	DDX51_4	1e-05	0	0.0	0	0.0	0	0.0		
Unique Binding	Bound Only	K562	DDX51_4	0.0001	0	0.0	0	0.0	0	0.0		
Unique Binding	Bound Only	K562	DDX51_4	0.001	0	0.0	0	0.0	0	0.0		
Unique Binding	Bound Only	K562	DDX51_4	0.01	0	0.0	0	0.0	0	0.0		
Unique Binding	Bound Only	K562	DDX51_4	0.1	0	0.0	0	0.0	0	0.0		
Unique Binding	Bound Only	K562	DDX51_5	0.0	80	100.0	5	0.0009735374555030929	75	-0.03465627132270431	-0.03368273386720122	-0.9453526421338223
Unique Binding	Bound Only	K562	DDX51_5	1e-05	78	97.5	5	0.0009735374555030929	73	-0.03464164482003557	-0.03366810736453248	-0.9453301994654264
Unique Binding	Bound Only	K562	DDX51_5	0.0001	21	26.25	5	0.0009735374555030929	16	-0.03174862773697483	-0.030775090281471736	-0.9404967580979705
Unique Binding	Bound Only	K562	DDX51_5	0.001	14	17.5	0	0.0	14	-0.031436024079160685	-0.031436024079160685	-1.0
Unique Binding	Bound Only	K562	DDX51_5	0.01	0	0.0	0	0.0	0	0.0		
Unique Binding	Bound Only	K562	DDX51_5	0.1	0	0.0	0	0.0	0	0.0		
Unique Binding	Bound Only	K562	DDX51_6	0.0	0	0.0	0	0.0	0	0.0		
Unique Binding	Bound Only	K562	DDX51_6	1e-05	0	0.0	0	0.0	0	0.0		
Unique Binding	Bound Only	K562	DDX51_6	0.0001	0	0.0	0	0.0	0	0.0		
Unique Binding	Bound Only	K562	DDX51_6	0.001	0	0.0	0	0.0	0	0.0		
Unique Binding	Bound Only	K562	DDX51_6	0.01	0	0.0	0	0.0	0	0.0		
Unique Binding	Bound Only	K562	DDX51_6	0.1	0	0.0	0	0.0	0	0.0		
Unique Binding	Bound Only	K562	DDX52_1	0.0	382	100.0	0	0.0	382	-2.8009410159747574	-2.8009410159747574	-1.0
Unique Binding	Bound Only	K562	DDX52_1	1e-05	382	100.0	0	0.0	382	-2.8009410159747574	-2.8009410159747574	-1.0
Unique Binding	Bound Only	K562	DDX52_1	0.0001	382	100.0	0	0.0	382	-2.8009410159747574	-2.8009410159747574	-1.0
Unique Binding	Bound Only	K562	DDX52_1	0.001	382	100.0	0	0.0	382	-2.8009410159747574	-2.8009410159747574	-1.0
Unique Binding	Bound Only	K562	DDX52_1	0.01	84	21.98952879581152	0	0.0	84	-1.4389715261451834	-1.4389715261451834	-1.0
Unique Binding	Bound Only	K562	DDX52_1	0.1	0	0.0	0	0.0	0	0.0		
Unique Binding	Bound Only	K562	DDX52_2	0.0	1190	100.0	13	0.009055915095300559	1177	-1.4112311301861542	-1.4021752150908537	-0.9872477678010421
Unique Binding	Bound Only	K562	DDX52_2	1e-05	1190	100.0	13	0.009055915095300559	1177	-1.4112311301861542	-1.4021752150908537	-0.9872477678010421
Unique Binding	Bound Only	K562	DDX52_2	0.0001	1137	95.54621848739497	11	0.008917894539729916	1126	-1.4083384629579216	-1.3994205684181917	-0.987415269661622
Unique Binding	Bound Only	K562	DDX52_2	0.001	402	33.78151260504202	6	0.007750248670956396	396	-1.0493487098409369	-1.0415984611699804	-0.9853367584774341
Unique Binding	Bound Only	K562	DDX52_2	0.01	8	0.6722689075630253	0	0.0	8	-0.09468325843630793	-0.09468325843630793	-1.0
Unique Binding	Bound Only	K562	DDX52_2	0.1	0	0.0	0	0.0	0	0.0		
Unique Binding	Bound Only	K562	DDX52_3	0.0	315	94.311377245509	32	0.08765043105004089	283	-0.07884132994084156	0.00880910110919933	0.05291013234992295
Unique Binding	Bound Only	K562	DDX52_3	1e-05	291	87.12574850299401	32	0.08765043105004089	259	-0.07875977969008421	0.008890651359956675	0.053426116825492045
Unique Binding	Bound Only	K562	DDX52_3	0.0001	225	67.36526946107784	23	0.08741072429159807	202	-0.0764450735446594	0.010965650746938671	0.06692256784161364
Unique Binding	Bound Only	K562	DDX52_3	0.001	33	9.880239520958083	17	0.0856873302428391	16	-0.01931157092612406	0.06637575931671505	0.632156704286875
Unique Binding	Bound Only	K562	DDX52_3	0.01	0	0.0	0	0.0	0	0.0		
Unique Binding	Bound Only	K562	DDX52_3	0.1	0	0.0	0	0.0	0	0.0		
Unique Binding	Bound Only	K562	DDX52_4	0.0	209	100.0	0	0.0	209	-0.15152696477012512	-0.15152696477012512	-1.0
Unique Binding	Bound Only	K562	DDX52_4	1e-05	209	100.0	0	0.0	209	-0.15152696477012512	-0.15152696477012512	-1.0
Unique Binding	Bound Only	K562	DDX52_4	0.0001	36	17.22488038277512	0	0.0	36	-0.14522623291090206	-0.14522623291090206	-1.0
Unique Binding	Bound Only	K562	DDX52_4	0.001	36	17.22488038277512	0	0.0	36	-0.14522623291090206	-0.14522623291090206	-1.0
Unique Binding	Bound Only	K562	DDX52_4	0.01	0	0.0	0	0.0	0	0.0		
Unique Binding	Bound Only	K562	DDX52_4	0.1	0	0.0	0	0.0	0	0.0		
Unique Binding	Bound Only	K562	DDX52_5	0.0	148	100.0	148	0.07932786862724006	0	0.0	0.07932786862724006	1.0
Unique Binding	Bound Only	K562	DDX52_5	1e-05	94	63.51351351351351	94	0.07896404121547534	0	0.0	0.07896404121547534	1.0
Unique Binding	Bound Only	K562	DDX52_5	0.0001	65	43.91891891891892	65	0.07863543913777983	0	0.0	0.07863543913777983	1.0
Unique Binding	Bound Only	K562	DDX52_5	0.001	43	29.054054054054053	43	0.06370524769988305	0	0.0	0.06370524769988305	1.0
Unique Binding	Bound Only	K562	DDX52_5	0.01	0	0.0	0	0.0	0	0.0		
Unique Binding	Bound Only	K562	DDX52_5	0.1	0	0.0	0	0.0	0	0.0		
Unique Binding	Bound Only	K562	DDX52_6	0.0	0	0.0	0	0.0	0	0.0		
Unique Binding	Bound Only	K562	DDX52_6	1e-05	0	0.0	0	0.0	0	0.0		
Unique Binding	Bound Only	K562	DDX52_6	0.0001	0	0.0	0	0.0	0	0.0		
Unique Binding	Bound Only	K562	DDX52_6	0.001	0	0.0	0	0.0	0	0.0		
Unique Binding	Bound Only	K562	DDX52_6	0.01	0	0.0	0	0.0	0	0.0		
Unique Binding	Bound Only	K562	DDX52_6	0.1	0	0.0	0	0.0	0	0.0		
Unique Binding	Bound Only	K562	DDX55_1	0.0	351	100.0	33	0.020165679825290442	318	-1.3362231264281583	-1.3160574466028678	-0.9702656351448503
Unique Binding	Bound Only	K562	DDX55_1	1e-05	351	100.0	33	0.020165679825290442	318	-1.3362231264281583	-1.3160574466028678	-0.9702656351448503
Unique Binding	Bound Only	K562	DDX55_1	0.0001	336	95.72649572649573	22	0.019441423182500316	314	-1.3360440971270833	-1.3166026739445829	-0.9713144509606269
Unique Binding	Bound Only	K562	DDX55_1	0.001	266	75.78347578347578	4	0.009623417661882384	262	-1.3101402232134636	-1.3005168055515812	-0.9854164528195374
Unique Binding	Bound Only	K562	DDX55_1	0.01	32	9.116809116809117	0	0.0	32	-0.5635081540549315	-0.5635081540549315	-1.0
Unique Binding	Bound Only	K562	DDX55_1	0.1	0	0.0	0	0.0	0	0.0		
Unique Binding	Bound Only	K562	DDX55_2	0.0	703	100.0	1	9.954009560133453e-08	702	-3.1426302464861773	-3.1426301469460816	-0.9999999366517314
Unique Binding	Bound Only	K562	DDX55_2	1e-05	700	99.57325746799431	0	0.0	700	-3.142620515035263	-3.142620515035263	-1.0
Unique Binding	Bound Only	K562	DDX55_2	0.0001	700	99.57325746799431	0	0.0	700	-3.142620515035263	-3.142620515035263	-1.0
Unique Binding	Bound Only	K562	DDX55_2	0.001	513	72.97297297297297	0	0.0	513	-3.033150012969031	-3.033150012969031	-1.0
Unique Binding	Bound Only	K562	DDX55_2	0.01	61	8.677098150782362	0	0.0	61	-1.5828459232689445	-1.5828459232689445	-1.0
Unique Binding	Bound Only	K562	DDX55_2	0.1	0	0.0	0	0.0	0	0.0		
Unique Binding	Bound Only	K562	DDX55_3	0.0	398	100.0	89	0.017509369436873635	309	-0.13582838090747776	-0.11831901147060413	-0.7716234991376519
Unique Binding	Bound Only	K562	DDX55_3	1e-05	281	70.60301507537689	88	0.017501129453226273	193	-0.1353785255988486	-0.11787739614562234	-0.7710469787851769
Unique Binding	Bound Only	K562	DDX55_3	0.0001	149	37.437185929648244	47	0.015144820317226831	102	-0.1316058196364409	-0.11646099931921408	-0.7935978974673178
Unique Binding	Bound Only	K562	DDX55_3	0.001	30	7.537688442211055	2	0.0037118130789665043	28	-0.11357198925434143	-0.10986017617537493	-0.93670373904799
Unique Binding	Bound Only	K562	DDX55_3	0.01	0	0.0	0	0.0	0	0.0		
Unique Binding	Bound Only	K562	DDX55_3	0.1	0	0.0	0	0.0	0	0.0		
Unique Binding	Bound Only	K562	DDX55_4	0.0	613	100.0	547	3.909973868494418	66	-0.08874279650153456	3.8212310719928837	0.9556143613382899
Unique Binding	Bound Only	K562	DDX55_4	1e-05	611	99.673735725938	546	3.9099643241979556	65	-0.08873582133646206	3.8212285028614934	0.9556176666882319
Unique Binding	Bound Only	K562	DDX55_4	0.0001	597	97.38988580750407	543	3.909848502807878	54	-0.08778977865916046	3.8220587241487176	0.9560791785158992
Unique Binding	Bound Only	K562	DDX55_4	0.001	537	87.60195758564437	517	3.896059807603516	20	-0.0693691786819279	3.826690628921588	0.9650130268771205
Unique Binding	Bound Only	K562	DDX55_4	0.01	105	17.128874388254488	103	1.7354434701323012	2	-0.020886231126076262	1.714557239006225	0.9762160474640819
Unique Binding	Bound Only	K562	DDX55_4	0.1	0	0.0	0	0.0	0	0.0		
Unique Binding	Bound Only	K562	DDX55_5	0.0	779	100.0	209	0.4239532268678379	570	-0.8810820585354913	-0.4571288316676534	-0.35028082135447774
Unique Binding	Bound Only	K562	DDX55_5	1e-05	778	99.87163029525033	208	0.4239525792168134	570	-0.8810820585354913	-0.45712947931867787	-0.3502814914598772
Unique Binding	Bound Only	K562	DDX55_5	0.0001	673	86.39281129653402	207	0.42394061880172235	466	-0.87463469424753	-0.4506940754458077	-0.34706810680661215
Unique Binding	Bound Only	K562	DDX55_5	0.001	262	33.632862644415916	126	0.37630904271354965	136	-0.7393037769809643	-0.36299473426741463	-0.3253769837162796
Unique Binding	Bound Only	K562	DDX55_5	0.01	27	3.465982028241335	9	0.1124538136672667	18	-0.5198058988711087	-0.40735208520384203	-0.6442796798935968
Unique Binding	Bound Only	K562	DDX55_5	0.1	0	0.0	0	0.0	0	0.0		
Unique Binding	Bound Only	K562	DDX55_6	0.0	858	100.0	66	0.7983520947365393	792	-3.18111089234388	-2.3827587976073406	-0.5987639049145875
Unique Binding	Bound Only	K562	DDX55_6	1e-05	842	98.13519813519814	53	0.7982926222405823	789	-3.1810993210218266	-2.3828066987812444	-0.598786631916372
Unique Binding	Bound Only	K562	DDX55_6	0.0001	764	89.04428904428904	28	0.7972902827835323	736	-3.177789482689785	-2.3804991999062524	-0.5988557061377116
Unique Binding	Bound Only	K562	DDX55_6	0.001	448	52.21445221445221	28	0.7972902827835323	420	-3.0293328750042887	-2.2320425922207563	-0.5832930236880458
Unique Binding	Bound Only	K562	DDX55_6	0.01	82	9.557109557109557	21	0.7315429470525419	61	-1.9180345406159354	-1.1864915935633935	-0.44780407407803685
Unique Binding	Bound Only	K562	DDX55_6	0.1	4	0.4662004662004662	1	0.13764186138610482	3	-0.4001404361129832	-0.26249857472687843	-0.48811308209215193
Unique Binding	Bound Only	K562	DDX6_1	0.0	833	100.0	735	0.6771218478983915	98	-0.16327971882278428	0.5138421290756072	0.6114245253972583
Unique Binding	Bound Only	K562	DDX6_1	1e-05	833	100.0	735	0.6771218478983915	98	-0.16327971882278428	0.5138421290756072	0.6114245253972583
Unique Binding	Bound Only	K562	DDX6_1	0.0001	829	99.51980792316927	731	0.676804903175612	98	-0.16327971882278428	0.5135251843528278	0.6112779247538804
Unique Binding	Bound Only	K562	DDX6_1	0.001	175	21.008403361344538	130	0.4085749519912337	45	-0.14075458734626392	0.26782036464496983	0.4875404387828234
Unique Binding	Bound Only	K562	DDX6_1	0.01	6	0.7202881152460985	6	0.16887988077188554	0	0.0	0.16887988077188554	1.0
Unique Binding	Bound Only	K562	DDX6_1	0.1	0	0.0	0	0.0	0	0.0		
Unique Binding	Bound Only	K562	DDX6_2	0.0	1440	100.0	1353	3.0294536019944163	87	-0.1560932360279971	2.8733603659664193	0.9019990953108072
Unique Binding	Bound Only	K562	DDX6_2	1e-05	1440	100.0	1353	3.0294536019944163	87	-0.1560932360279971	2.8733603659664193	0.9019990953108072
Unique Binding	Bound Only	K562	DDX6_2	0.0001	1429	99.23611111111111	1346	3.029096292135024	83	-0.15582702546122928	2.8732692666737947	0.9021470786437419
Unique Binding	Bound Only	K562	DDX6_2	0.001	1051	72.98611111111111	1001	2.786373486212467	50	-0.13834379593924884	2.6480296902732183	0.9053968075591436
Unique Binding	Bound Only	K562	DDX6_2	0.01	25	1.7361111111111112	25	0.32342611651612907	0	0.0	0.32342611651612907	1.0
Unique Binding	Bound Only	K562	DDX6_2	0.1	0	0.0	0	0.0	0	0.0		
Unique Binding	Bound Only	K562	DDX6_3	0.0	642	100.0	324	0.02757972159289296	318	-0.5967827466085649	-0.5692030250156719	-0.9116547742777066
Unique Binding	Bound Only	K562	DDX6_3	1e-05	513	79.90654205607477	201	0.026647604707386436	312	-0.5967743466714364	-0.5701267419640499	-0.9145118177232934
Unique Binding	Bound Only	K562	DDX6_3	0.0001	259	40.34267912772586	62	0.023848745474266797	197	-0.5907181354262927	-0.5668693899520258	-0.9223884455364079
Unique Binding	Bound Only	K562	DDX6_3	0.001	79	12.305295950155763	0	0.0	79	-0.5435194163412738	-0.5435194163412738	-1.0
Unique Binding	Bound Only	K562	DDX6_3	0.01	26	4.049844236760125	0	0.0	26	-0.2894749638679728	-0.2894749638679728	-1.0
Unique Binding	Bound Only	K562	DDX6_3	0.1	0	0.0	0	0.0	0	0.0		
Unique Binding	Bound Only	K562	DDX6_4	0.0	602	100.0	14	0.003490164026429037	588	-0.18378064395569166	-0.18029047992926261	-0.9627260215936885
Unique Binding	Bound Only	K562	DDX6_4	1e-05	320	53.156146179402	14	0.003490164026429037	306	-0.1826826727923676	-0.17919250876593856	-0.9625061949308314
Unique Binding	Bound Only	K562	DDX6_4	0.0001	139	23.089700996677742	13	0.0034776878733805724	126	-0.1782409420622887	-0.17476325418890812	-0.961724476190342
Unique Binding	Bound Only	K562	DDX6_4	0.001	82	13.621262458471762	0	0.0	82	-0.163550351962001	-0.163550351962001	-1.0
Unique Binding	Bound Only	K562	DDX6_4	0.01	0	0.0	0	0.0	0	0.0		
Unique Binding	Bound Only	K562	DDX6_4	0.1	0	0.0	0	0.0	0	0.0		
Unique Binding	Bound Only	K562	DDX6_5	0.0	763	100.0	306	0.38159481490108105	457	-0.3200024383837542	0.06159237651732685	0.0877887936832066
Unique Binding	Bound Only	K562	DDX6_5	1e-05	661	86.63171690694627	293	0.3815482127955959	368	-0.31943834104041996	0.06210987175517596	0.08860351374115734
Unique Binding	Bound Only	K562	DDX6_5	0.0001	429	56.225425950196595	251	0.379678808983454	178	-0.31143672989516047	0.06824207908829355	0.09874192555273943
Unique Binding	Bound Only	K562	DDX6_5	0.001	135	17.693315858453474	70	0.30873700354762035	65	-0.29313126260380373	0.015605740943816615	0.025928831642189232
Unique Binding	Bound Only	K562	DDX6_5	0.01	13	1.7038007863695939	3	0.042961707553867315	10	-0.12525325271345977	-0.08229154515959246	-0.4892046761406643
Unique Binding	Bound Only	K562	DDX6_5	0.1	0	0.0	0	0.0	0	0.0		
Unique Binding	Bound Only	K562	DDX6_6	0.0	1579	100.0	0	0.0	1579	-15.347424534464894	-15.347424534464894	-1.0
Unique Binding	Bound Only	K562	DDX6_6	1e-05	1579	100.0	0	0.0	1579	-15.347424534464894	-15.347424534464894	-1.0
Unique Binding	Bound Only	K562	DDX6_6	0.0001	1579	100.0	0	0.0	1579	-15.347424534464894	-15.347424534464894	-1.0
Unique Binding	Bound Only	K562	DDX6_6	0.001	1576	99.81000633312223	0	0.0	1576	-15.344811042803066	-15.344811042803066	-1.0
Unique Binding	Bound Only	K562	DDX6_6	0.01	423	26.789107029765674	0	0.0	423	-10.315421873743539	-10.315421873743539	-1.0
Unique Binding	Bound Only	K562	DDX6_6	0.1	0	0.0	0	0.0	0	0.0		
Unique Binding	Bound Only	K562	DGCR8_1	0.0	200	62.893081761006286	45	0.005733498794705495	155	-0.11131089387296074	-0.10557739507825524	-0.9020286463276358
Unique Binding	Bound Only	K562	DGCR8_1	1e-05	150	47.16981132075472	32	0.00572417310904451	118	-0.11127076517971116	-0.10554659207066665	-0.9021466536455337
Unique Binding	Bound Only	K562	DGCR8_1	0.0001	118	37.10691823899371	19	0.004480840626793567	99	-0.1100255181420921	-0.10554467751529854	-0.9217363878308718
Unique Binding	Bound Only	K562	DGCR8_1	0.001	40	12.578616352201259	0	0.0	40	-0.0760253964855169	-0.0760253964855169	-1.0
Unique Binding	Bound Only	K562	DGCR8_1	0.01	0	0.0	0	0.0	0	0.0		
Unique Binding	Bound Only	K562	DGCR8_1	0.1	0	0.0	0	0.0	0	0.0		
Unique Binding	Bound Only	K562	DGCR8_2	0.0	498	100.0	0	0.0	498	-0.07636420879860269	-0.07636420879860269	-1.0
Unique Binding	Bound Only	K562	DGCR8_2	1e-05	194	38.95582329317269	0	0.0	194	-0.07492020622668233	-0.07492020622668233	-1.0
Unique Binding	Bound Only	K562	DGCR8_2	0.0001	122	24.497991967871485	0	0.0	122	-0.07379510727580883	-0.07379510727580883	-1.0
Unique Binding	Bound Only	K562	DGCR8_2	0.001	6	1.2048192771084338	0	0.0	6	-0.010392253020948275	-0.010392253020948275	-1.0
Unique Binding	Bound Only	K562	DGCR8_2	0.01	0	0.0	0	0.0	0	0.0		
Unique Binding	Bound Only	K562	DGCR8_2	0.1	0	0.0	0	0.0	0	0.0		
Unique Binding	Bound Only	K562	DGCR8_3	0.0	333	100.0	7	0.01678341914922403	326	-2.090204318253438	-2.0734208991042142	-0.9840688022513948
Unique Binding	Bound Only	K562	DGCR8_3	1e-05	333	100.0	7	0.01678341914922403	326	-2.090204318253438	-2.0734208991042142	-0.9840688022513948
Unique Binding	Bound Only	K562	DGCR8_3	0.0001	333	100.0	7	0.01678341914922403	326	-2.090204318253438	-2.0734208991042142	-0.9840688022513948
Unique Binding	Bound Only	K562	DGCR8_3	0.001	226	67.86786786786787	3	0.013908015504502795	223	-2.0370920681140294	-2.0231840526095266	-0.9864378206362964
Unique Binding	Bound Only	K562	DGCR8_3	0.01	58	17.417417417417415	0	0.0	58	-1.4186730353432166	-1.4186730353432166	-1.0
Unique Binding	Bound Only	K562	DGCR8_3	0.1	0	0.0	0	0.0	0	0.0		
Unique Binding	Bound Only	K562	DGCR8_4	0.0	383	100.0	0	0.0	383	-0.9446502960595075	-0.9446502960595075	-1.0
Unique Binding	Bound Only	K562	DGCR8_4	1e-05	383	100.0	0	0.0	383	-0.9446502960595075	-0.9446502960595075	-1.0
Unique Binding	Bound Only	K562	DGCR8_4	0.0001	381	99.47780678851174	0	0.0	381	-0.9444778540120179	-0.9444778540120179	-1.0
Unique Binding	Bound Only	K562	DGCR8_4	0.001	155	40.469973890339425	0	0.0	155	-0.8238532163361948	-0.8238532163361948	-1.0
Unique Binding	Bound Only	K562	DGCR8_4	0.01	33	8.616187989556137	0	0.0	33	-0.5669106743234145	-0.5669106743234145	-1.0
Unique Binding	Bound Only	K562	DGCR8_4	0.1	0	0.0	0	0.0	0	0.0		
Unique Binding	Bound Only	K562	DGCR8_5	0.0	331	100.0	56	0.013989343688906454	275	-0.6167112975964043	-0.6027219539074978	-0.9556387205809798
Unique Binding	Bound Only	K562	DGCR8_5	1e-05	331	100.0	56	0.013989343688906454	275	-0.6167112975964043	-0.6027219539074978	-0.9556387205809798
Unique Binding	Bound Only	K562	DGCR8_5	0.0001	324	97.88519637462235	49	0.013490227287562368	275	-0.6167112975964043	-0.603221070308842	-0.9571875764977047
Unique Binding	Bound Only	K562	DGCR8_5	0.001	110	33.23262839879154	0	0.0	110	-0.5439189806684116	-0.5439189806684116	-1.0
Unique Binding	Bound Only	K562	DGCR8_5	0.01	14	4.229607250755287	0	0.0	14	-0.21692457026545015	-0.21692457026545015	-1.0
Unique Binding	Bound Only	K562	DGCR8_5	0.1	0	0.0	0	0.0	0	0.0		
Unique Binding	Bound Only	K562	DGCR8_6	0.0	155	100.0	1	0.000926573116245068	154	-0.02510976908720933	-0.02418319597096426	-0.9288246322002839
Unique Binding	Bound Only	K562	DGCR8_6	1e-05	32	20.64516129032258	1	0.000926573116245068	31	-0.024559400011978497	-0.023632826895733428	-0.9272876015694321
Unique Binding	Bound Only	K562	DGCR8_6	0.0001	9	5.806451612903226	1	0.000926573116245068	8	-0.024188276507494964	-0.023261703391249895	-0.9262131264867923
Unique Binding	Bound Only	K562	DGCR8_6	0.001	7	4.516129032258064	0	0.0	7	-0.02346623759006896	-0.02346623759006896	-1.0
Unique Binding	Bound Only	K562	DGCR8_6	0.01	0	0.0	0	0.0	0	0.0		
Unique Binding	Bound Only	K562	DGCR8_6	0.1	0	0.0	0	0.0	0	0.0		
Unique Binding	Bound Only	K562	DHX30_1	0.0	287	100.0	206	0.2639706890202457	81	-0.5021528125764776	-0.23818212355623192	-0.3108925950709285
Unique Binding	Bound Only	K562	DHX30_1	1e-05	271	94.42508710801394	202	0.26395909016457575	69	-0.5021361471929267	-0.2381770570283509	-0.31089745166657956
Unique Binding	Bound Only	K562	DHX30_1	0.0001	230	80.13937282229965	163	0.26147852037954866	67	-0.5020325294744129	-0.24055400909486424	-0.31506290464411163
Unique Binding	Bound Only	K562	DHX30_1	0.001	115	40.069686411149824	73	0.20453227195841917	42	-0.4927210738209555	-0.2881888018625363	-0.4133200702542419
Unique Binding	Bound Only	K562	DHX30_1	0.01	23	8.013937282229964	7	0.08574699596776941	16	-0.41307743863325386	-0.32733044266548444	-0.6562037060740508
Unique Binding	Bound Only	K562	DHX30_1	0.1	0	0.0	0	0.0	0	0.0		
Unique Binding	Bound Only	K562	DHX30_2	0.0	684	100.0	31	0.002826589152543181	653	-1.2105879939151358	-1.2077614047625926	-0.9953410990901441
Unique Binding	Bound Only	K562	DHX30_2	1e-05	683	99.85380116959064	30	0.0028238220051070486	653	-1.2105879939151358	-1.2077641719100287	-0.9953456494026877
Unique Binding	Bound Only	K562	DHX30_2	0.0001	658	96.19883040935673	7	0.0019355946244186595	651	-1.2105304948384452	-1.2085949002140266	-0.9968071773037774
Unique Binding	Bound Only	K562	DHX30_2	0.001	189	27.631578947368425	0	0.0	189	-0.9964074999637309	-0.9964074999637309	-1.0
Unique Binding	Bound Only	K562	DHX30_2	0.01	24	3.508771929824561	0	0.0	24	-0.5896188235300948	-0.5896188235300948	-1.0
Unique Binding	Bound Only	K562	DHX30_2	0.1	0	0.0	0	0.0	0	0.0		
Unique Binding	Bound Only	K562	DHX30_3	0.0	233	100.0	1	0.0016469609292731422	232	-1.1461704994724524	-1.1445235385431793	-0.9971302737829121
Unique Binding	Bound Only	K562	DHX30_3	1e-05	233	100.0	1	0.0016469609292731422	232	-1.1461704994724524	-1.1445235385431793	-0.9971302737829121
Unique Binding	Bound Only	K562	DHX30_3	0.0001	233	100.0	1	0.0016469609292731422	232	-1.1461704994724524	-1.1445235385431793	-0.9971302737829121
Unique Binding	Bound Only	K562	DHX30_3	0.001	192	82.40343347639485	1	0.0016469609292731422	191	-1.1193910459000356	-1.1177440849707625	-0.9970617215130265
Unique Binding	Bound Only	K562	DHX30_3	0.01	43	18.4549356223176	0	0.0	43	-0.732250052593351	-0.732250052593351	-1.0
Unique Binding	Bound Only	K562	DHX30_3	0.1	0	0.0	0	0.0	0	0.0		
Unique Binding	Bound Only	K562	DHX30_4	0.0	14	13.20754716981132	14	0.007976279108678206	0	0.0	0.007976279108678206	1.0
Unique Binding	Bound Only	K562	DHX30_4	1e-05	14	13.20754716981132	14	0.007976279108678206	0	0.0	0.007976279108678206	1.0
Unique Binding	Bound Only	K562	DHX30_4	0.0001	11	10.377358490566039	11	0.0077278424457499885	0	0.0	0.0077278424457499885	1.0
Unique Binding	Bound Only	K562	DHX30_4	0.001	2	1.8867924528301887	2	0.0023763159556843055	0	0.0	0.0023763159556843055	1.0
Unique Binding	Bound Only	K562	DHX30_4	0.01	0	0.0	0	0.0	0	0.0		
Unique Binding	Bound Only	K562	DHX30_4	0.1	0	0.0	0	0.0	0	0.0		
Unique Binding	Bound Only	K562	DHX30_5	0.0	139	100.0	0	0.0	139	-8.232063044070076	-8.232063044070076	-1.0
Unique Binding	Bound Only	K562	DHX30_5	1e-05	139	100.0	0	0.0	139	-8.232063044070076	-8.232063044070076	-1.0
Unique Binding	Bound Only	K562	DHX30_5	0.0001	139	100.0	0	0.0	139	-8.232063044070076	-8.232063044070076	-1.0
Unique Binding	Bound Only	K562	DHX30_5	0.001	139	100.0	0	0.0	139	-8.232063044070076	-8.232063044070076	-1.0
Unique Binding	Bound Only	K562	DHX30_5	0.01	139	100.0	0	0.0	139	-8.232063044070076	-8.232063044070076	-1.0
Unique Binding	Bound Only	K562	DHX30_5	0.1	30	21.58273381294964	0	0.0	30	-3.547012552288753	-3.547012552288753	-1.0
Unique Binding	Bound Only	K562	DHX30_6	0.0	60	100.0	60	0.2229082589347383	0	0.0	0.2229082589347383	1.0
Unique Binding	Bound Only	K562	DHX30_6	1e-05	60	100.0	60	0.2229082589347383	0	0.0	0.2229082589347383	1.0
Unique Binding	Bound Only	K562	DHX30_6	0.0001	60	100.0	60	0.2229082589347383	0	0.0	0.2229082589347383	1.0
Unique Binding	Bound Only	K562	DHX30_6	0.001	52	86.66666666666667	52	0.21754606679917746	0	0.0	0.21754606679917746	1.0
Unique Binding	Bound Only	K562	DHX30_6	0.01	0	0.0	0	0.0	0	0.0		
Unique Binding	Bound Only	K562	DHX30_6	0.1	0	0.0	0	0.0	0	0.0		
Unique Binding	Bound Only	K562	DROSHA_1	0.0	2317	100.0	2052	0.7812354151454035	265	-0.1240337163058404	0.6572016988395631	0.7259738303304323
Unique Binding	Bound Only	K562	DROSHA_1	1e-05	2301	99.30945187742772	2045	0.7812187209997944	256	-0.12396653551629974	0.6572521854834946	0.7260968743714936
Unique Binding	Bound Only	K562	DROSHA_1	0.0001	1343	57.96288303841174	1122	0.7300267605657157	221	-0.1224452036427014	0.6075815569230143	0.7127290778262702
Unique Binding	Bound Only	K562	DROSHA_1	0.001	217	9.365558912386707	201	0.45208138092708605	16	-0.036962557541161734	0.4151188233859243	0.8488374780518352
Unique Binding	Bound Only	K562	DROSHA_1	0.01	0	0.0	0	0.0	0	0.0		
Unique Binding	Bound Only	K562	DROSHA_1	0.1	0	0.0	0	0.0	0	0.0		
Unique Binding	Bound Only	K562	DROSHA_2	0.0	4067	100.0	252	0.321983441931995	3815	-18.65515554625277	-18.333172104320777	-0.9660661765577558
Unique Binding	Bound Only	K562	DROSHA_2	1e-05	4063	99.90164740595033	250	0.32196969273817533	3813	-18.65514157766428	-18.333171884926106	-0.9660675760235086
Unique Binding	Bound Only	K562	DROSHA_2	0.0001	4012	98.64765183181706	219	0.32045689631288987	3793	-18.65395475990939	-18.3334978635965	-0.9662222047124394
Unique Binding	Bound Only	K562	DROSHA_2	0.001	3736	91.86132284238997	90	0.2687403889487876	3646	-18.578913225792164	-18.310172836843375	-0.9714828811647298
Unique Binding	Bound Only	K562	DROSHA_2	0.01	356	8.753380870420457	0	0.0	356	-4.522915968255962	-4.522915968255962	-1.0
Unique Binding	Bound Only	K562	DROSHA_2	0.1	0	0.0	0	0.0	0	0.0		
Unique Binding	Bound Only	K562	DROSHA_3	0.0	1863	100.0	1133	0.9266067515626604	730	-1.0351202919624196	-0.10851354039975925	-0.05531531043420208
Unique Binding	Bound Only	K562	DROSHA_3	1e-05	1844	98.9801395598497	1124	0.9265489791246231	720	-1.0350728300088858	-0.10852385088426275	-0.05532353401607015
Unique Binding	Bound Only	K562	DROSHA_3	0.0001	1648	88.45947396672035	1004	0.9180210828833815	644	-1.0315011460039858	-0.11348006312060432	-0.05820916604032248
Unique Binding	Bound Only	K562	DROSHA_3	0.001	410	22.00751476113795	226	0.6910200150876258	184	-0.8163734002954288	-0.12535338520780304	-0.08315903726828247
Unique Binding	Bound Only	K562	DROSHA_3	0.01	31	1.6639828234031133	10	0.11623260194654808	21	-0.38112116009675395	-0.26488855815020584	-0.5325958670986053
Unique Binding	Bound Only	K562	DROSHA_3	0.1	0	0.0	0	0.0	0	0.0		
Unique Binding	Bound Only	K562	DROSHA_4	0.0	967	100.0	469	0.6099462315805009	498	-1.4691447616036593	-0.8591985300231584	-0.4132568188885675
Unique Binding	Bound Only	K562	DROSHA_4	1e-05	963	99.58634953464323	465	0.6099101363892596	498	-1.4691447616036593	-0.8592346252143996	-0.413281354929054
Unique Binding	Bound Only	K562	DROSHA_4	0.0001	935	96.69079627714581	452	0.609323772952708	483	-1.4681816387629731	-0.8588578658102651	-0.4134082447953714
Unique Binding	Bound Only	K562	DROSHA_4	0.001	370	38.26266804550155	57	0.39024425341506114	313	-1.3669157709379278	-0.9766715175228666	-0.5558238885399699
Unique Binding	Bound Only	K562	DROSHA_4	0.01	39	4.033092037228542	10	0.25343774416759207	29	-0.6212836510167714	-0.36784590684917934	-0.4205292209317106
Unique Binding	Bound Only	K562	DROSHA_4	0.1	0	0.0	0	0.0	0	0.0		
Unique Binding	Bound Only	K562	DROSHA_5	0.0	1065	100.0	0	0.0	1065	-100.07771233930553	-100.07771233930553	-1.0
Unique Binding	Bound Only	K562	DROSHA_5	1e-05	1065	100.0	0	0.0	1065	-100.07771233930553	-100.07771233930553	-1.0
Unique Binding	Bound Only	K562	DROSHA_5	0.0001	1065	100.0	0	0.0	1065	-100.07771233930553	-100.07771233930553	-1.0
Unique Binding	Bound Only	K562	DROSHA_5	0.001	1065	100.0	0	0.0	1065	-100.07771233930553	-100.07771233930553	-1.0
Unique Binding	Bound Only	K562	DROSHA_5	0.01	1057	99.24882629107982	0	0.0	1057	-100.01947091281336	-100.01947091281336	-1.0
Unique Binding	Bound Only	K562	DROSHA_5	0.1	454	42.629107981220656	0	0.0	454	-67.06273734984333	-67.06273734984333	-1.0
Unique Binding	Bound Only	K562	DROSHA_6	0.0	460	100.0	396	0.2576706737958487	64	-0.045389149124438026	0.21228152467141065	0.7004607955810978
Unique Binding	Bound Only	K562	DROSHA_6	1e-05	380	82.6086956521739	317	0.25715580556236484	63	-0.045384806424131535	0.2117709991382333	0.699975443785
Unique Binding	Bound Only	K562	DROSHA_6	0.0001	128	27.82608695652174	85	0.24750042120111107	43	-0.04467275484657536	0.2028276663545357	0.6942035853470395
Unique Binding	Bound Only	K562	DROSHA_6	0.001	70	15.217391304347828	55	0.23412625627926437	15	-0.03879158760041338	0.195334668678851	0.7157269964545406
Unique Binding	Bound Only	K562	DROSHA_6	0.01	7	1.5217391304347827	6	0.08489195853193461	1	-0.013351599606456013	0.0715403589254786	0.7281938916005403
Unique Binding	Bound Only	K562	DROSHA_6	0.1	0	0.0	0	0.0	0	0.0		
Unique Binding	Bound Only	K562	EEF2_1	0.0	0	0.0	0	0.0	0	0.0		
Unique Binding	Bound Only	K562	EEF2_1	1e-05	0	0.0	0	0.0	0	0.0		
Unique Binding	Bound Only	K562	EEF2_1	0.0001	0	0.0	0	0.0	0	0.0		
Unique Binding	Bound Only	K562	EEF2_1	0.001	0	0.0	0	0.0	0	0.0		
Unique Binding	Bound Only	K562	EEF2_1	0.01	0	0.0	0	0.0	0	0.0		
Unique Binding	Bound Only	K562	EEF2_1	0.1	0	0.0	0	0.0	0	0.0		
Unique Binding	Bound Only	K562	EEF2_2	0.0	0	0.0	0	0.0	0	0.0		
Unique Binding	Bound Only	K562	EEF2_2	1e-05	0	0.0	0	0.0	0	0.0		
Unique Binding	Bound Only	K562	EEF2_2	0.0001	0	0.0	0	0.0	0	0.0		
Unique Binding	Bound Only	K562	EEF2_2	0.001	0	0.0	0	0.0	0	0.0		
Unique Binding	Bound Only	K562	EEF2_2	0.01	0	0.0	0	0.0	0	0.0		
Unique Binding	Bound Only	K562	EEF2_2	0.1	0	0.0	0	0.0	0	0.0		
Unique Binding	Bound Only	K562	EEF2_3	0.0	0	0.0	0	0.0	0	0.0		
Unique Binding	Bound Only	K562	EEF2_3	1e-05	0	0.0	0	0.0	0	0.0		
Unique Binding	Bound Only	K562	EEF2_3	0.0001	0	0.0	0	0.0	0	0.0		
Unique Binding	Bound Only	K562	EEF2_3	0.001	0	0.0	0	0.0	0	0.0		
Unique Binding	Bound Only	K562	EEF2_3	0.01	0	0.0	0	0.0	0	0.0		
Unique Binding	Bound Only	K562	EEF2_3	0.1	0	0.0	0	0.0	0	0.0		
Unique Binding	Bound Only	K562	EEF2_4	0.0	49	100.0	0	0.0	49	-0.043446781432557376	-0.043446781432557376	-1.0
Unique Binding	Bound Only	K562	EEF2_4	1e-05	49	100.0	0	0.0	49	-0.043446781432557376	-0.043446781432557376	-1.0
Unique Binding	Bound Only	K562	EEF2_4	0.0001	44	89.79591836734694	0	0.0	44	-0.04314563783235714	-0.04314563783235714	-1.0
Unique Binding	Bound Only	K562	EEF2_4	0.001	12	24.489795918367346	0	0.0	12	-0.026949131582292365	-0.026949131582292365	-1.0
Unique Binding	Bound Only	K562	EEF2_4	0.01	0	0.0	0	0.0	0	0.0		
Unique Binding	Bound Only	K562	EEF2_4	0.1	0	0.0	0	0.0	0	0.0		
Unique Binding	Bound Only	K562	EEF2_5	0.0	0	0.0	0	0.0	0	0.0		
Unique Binding	Bound Only	K562	EEF2_5	1e-05	0	0.0	0	0.0	0	0.0		
Unique Binding	Bound Only	K562	EEF2_5	0.0001	0	0.0	0	0.0	0	0.0		
Unique Binding	Bound Only	K562	EEF2_5	0.001	0	0.0	0	0.0	0	0.0		
Unique Binding	Bound Only	K562	EEF2_5	0.01	0	0.0	0	0.0	0	0.0		
Unique Binding	Bound Only	K562	EEF2_5	0.1	0	0.0	0	0.0	0	0.0		
Unique Binding	Bound Only	K562	EEF2_6	0.0	0	0.0	0	0.0	0	0.0		
Unique Binding	Bound Only	K562	EEF2_6	1e-05	0	0.0	0	0.0	0	0.0		
Unique Binding	Bound Only	K562	EEF2_6	0.0001	0	0.0	0	0.0	0	0.0		
Unique Binding	Bound Only	K562	EEF2_6	0.001	0	0.0	0	0.0	0	0.0		
Unique Binding	Bound Only	K562	EEF2_6	0.01	0	0.0	0	0.0	0	0.0		
Unique Binding	Bound Only	K562	EEF2_6	0.1	0	0.0	0	0.0	0	0.0		
Unique Binding	Bound Only	K562	EFTUD2_1	0.0	4290	100.0	3373	2.4548872818309686	917	-2.1072238032207498	0.34766347861021885	0.07620671047431928
Unique Binding	Bound Only	K562	EFTUD2_1	1e-05	4265	99.41724941724942	3367	2.4548554736434482	898	-2.10710962277681	0.34774585086663823	0.07622720549517399
Unique Binding	Bound Only	K562	EFTUD2_1	0.0001	3420	79.72027972027972	2625	2.4058364174791316	795	-2.1021491790782214	0.30368723840091016	0.06736650592513634
Unique Binding	Bound Only	K562	EFTUD2_1	0.001	1000	23.310023310023308	644	1.806719324322977	356	-1.9379115888121596	-0.13119226448918253	-0.03503476511636864
Unique Binding	Bound Only	K562	EFTUD2_1	0.01	37	0.8624708624708625	0	0.0	37	-0.7937612723956791	-0.7937612723956791	-1.0
Unique Binding	Bound Only	K562	EFTUD2_1	0.1	0	0.0	0	0.0	0	0.0		
Unique Binding	Bound Only	K562	EFTUD2_2	0.0	15295	100.0	1294	3.0711369327273315	14001	-95.04787434633461	-91.97673741360728	-0.9373997578513575
Unique Binding	Bound Only	K562	EFTUD2_2	1e-05	15293	99.98692383131743	1294	3.0711369327273315	13999	-95.04786641461791	-91.97672948189059	-0.9373997527908966
Unique Binding	Bound Only	K562	EFTUD2_2	0.0001	15224	99.53579601176855	1258	3.06902790321287	13966	-95.04591467955711	-91.97688677634424	-0.9374401528977335
Unique Binding	Bound Only	K562	EFTUD2_2	0.001	14253	93.1873161163779	863	2.8633437119465013	13390	-94.7309918148672	-91.8676481029207	-0.9413215183752175
Unique Binding	Bound Only	K562	EFTUD2_2	0.01	2695	17.620137299771166	55	0.7291530478731962	2640	-44.14777490981149	-43.41862186193829	-0.9675043243351804
Unique Binding	Bound Only	K562	EFTUD2_2	0.1	0	0.0	0	0.0	0	0.0		
Unique Binding	Bound Only	K562	EFTUD2_3	0.0	5597	100.0	5190	21.700075531858076	407	-1.0330749332480176	20.66700059861006	0.909112911135329
Unique Binding	Bound Only	K562	EFTUD2_3	1e-05	5594	99.94639985706628	5189	21.700067178272047	405	-1.0330666554035075	20.667000522868538	0.9091135729053613
Unique Binding	Bound Only	K562	EFTUD2_3	0.0001	5545	99.07093085581562	5163	21.698710497422123	382	-1.0313648567016143	20.66734564072051	0.9092510833656782
Unique Binding	Bound Only	K562	EFTUD2_3	0.001	5099	91.10237627300339	4827	21.499231875844742	272	-0.9773162380206469	20.521915637824094	0.9130368032431315
Unique Binding	Bound Only	K562	EFTUD2_3	0.01	380	6.7893514382705025	369	4.598483868531828	11	-0.19087165169635897	4.407612216835469	0.9202933877469741
Unique Binding	Bound Only	K562	EFTUD2_3	0.1	0	0.0	0	0.0	0	0.0		
Unique Binding	Bound Only	K562	EFTUD2_4	0.0	10796	100.0	10770	328.460840452237	26	-0.07529026312690207	328.3855501891101	0.9995416622034056
Unique Binding	Bound Only	K562	EFTUD2_4	1e-05	10796	100.0	10770	328.460840452237	26	-0.07529026312690207	328.3855501891101	0.9995416622034056
Unique Binding	Bound Only	K562	EFTUD2_4	0.0001	10794	99.98147462022972	10768	328.4606637694283	26	-0.07529026312690207	328.38537350630145	0.9995416619569168
Unique Binding	Bound Only	K562	EFTUD2_4	0.001	10781	99.86105965172285	10764	328.4580899929292	17	-0.0707597773172729	328.38733021561194	0.99956923248983
Unique Binding	Bound Only	K562	EFTUD2_4	0.01	10044	93.03445720637274	10042	323.05366987268405	2	-0.022746357486484008	323.03092351519757	0.999859188994654
Unique Binding	Bound Only	K562	EFTUD2_4	0.1	99	0.9170062986291219	99	11.560206396405503	0	0.0	11.560206396405503	1.0
Unique Binding	Bound Only	K562	EFTUD2_5	0.0	6060	100.0	6002	193.19392659918967	58	-0.6158046334384174	192.57812196575125	0.9936452661120584
Unique Binding	Bound Only	K562	EFTUD2_5	1e-05	6060	100.0	6002	193.19392659918967	58	-0.6158046334384174	192.57812196575125	0.9936452661120584
Unique Binding	Bound Only	K562	EFTUD2_5	0.0001	6060	100.0	6002	193.19392659918967	58	-0.6158046334384174	192.57812196575125	0.9936452661120584
Unique Binding	Bound Only	K562	EFTUD2_5	0.001	6044	99.73597359735975	5991	193.18773730117948	53	-0.6134378683329533	192.57429943284652	0.993669410231425
Unique Binding	Bound Only	K562	EFTUD2_5	0.01	5878	96.996699669967	5849	192.05363276419837	29	-0.5303952697379213	191.52323749446046	0.9944918041734546
Unique Binding	Bound Only	K562	EFTUD2_5	0.1	20	0.33003300330033003	20	2.2870982800400217	0	0.0	2.2870982800400217	1.0
Unique Binding	Bound Only	K562	EFTUD2_6	0.0	8157	100.0	863	0.6019147996923528	7294	-17.942074915355807	-17.340160115663455	-0.935082492069772
Unique Binding	Bound Only	K562	EFTUD2_6	1e-05	8115	99.48510481794777	837	0.6018037584104021	7278	-17.94199367542415	-17.34018991701375	-0.9350937950484333
Unique Binding	Bound Only	K562	EFTUD2_6	0.0001	7886	96.6777001348535	730	0.5955422061792552	7156	-17.935421091312104	-17.339878885132848	-0.9357246359383942
Unique Binding	Bound Only	K562	EFTUD2_6	0.001	3181	38.997180335907814	183	0.3633059336579072	2998	-15.701941488686487	-15.33863555502858	-0.9547711997074377
Unique Binding	Bound Only	K562	EFTUD2_6	0.01	291	3.567488047076131	1	0.010651342779672812	290	-8.493471267340897	-8.482819924561225	-0.9974950166482791
Unique Binding	Bound Only	K562	EFTUD2_6	0.1	0	0.0	0	0.0	0	0.0		
Unique Binding	Bound Only	K562	EIF3G_1	0.0	893	100.0	893	22.93197898489236	0	0.0	22.93197898489236	1.0
Unique Binding	Bound Only	K562	EIF3G_1	1e-05	893	100.0	893	22.93197898489236	0	0.0	22.93197898489236	1.0
Unique Binding	Bound Only	K562	EIF3G_1	0.0001	893	100.0	893	22.93197898489236	0	0.0	22.93197898489236	1.0
Unique Binding	Bound Only	K562	EIF3G_1	0.001	893	100.0	893	22.93197898489236	0	0.0	22.93197898489236	1.0
Unique Binding	Bound Only	K562	EIF3G_1	0.01	816	91.37737961926092	816	22.276656009899465	0	0.0	22.276656009899465	1.0
Unique Binding	Bound Only	K562	EIF3G_1	0.1	2	0.22396416573348266	2	0.21978580372082868	0	0.0	0.21978580372082868	1.0
Unique Binding	Bound Only	K562	EIF3G_2	0.0	1081	100.0	361	0.06344141993375403	720	-0.7643779967453971	-0.700936576811643	-0.8467264269102234
Unique Binding	Bound Only	K562	EIF3G_2	1e-05	563	52.08140610545791	171	0.06244861062214686	392	-0.7636448601459556	-0.7011962495238087	-0.8488098191501692
Unique Binding	Bound Only	K562	EIF3G_2	0.0001	350	32.37742830712303	90	0.05862720055965102	260	-0.7562786989366868	-0.6976514983770358	-0.8561129558740801
Unique Binding	Bound Only	K562	EIF3G_2	0.001	108	9.990749306197964	23	0.034597406829382255	85	-0.7094143487106807	-0.6748169418812984	-0.9069976876796289
Unique Binding	Bound Only	K562	EIF3G_2	0.01	19	1.757631822386679	0	0.0	19	-0.2510916916333445	-0.2510916916333445	-1.0
Unique Binding	Bound Only	K562	EIF3G_2	0.1	0	0.0	0	0.0	0	0.0		
Unique Binding	Bound Only	K562	EIF3G_3	0.0	283	63.738738738738746	283	0.009121703047656794	0	0.0	0.009121703047656794	1.0
Unique Binding	Bound Only	K562	EIF3G_3	1e-05	87	19.594594594594593	87	0.00906431340781088	0	0.0	0.00906431340781088	1.0
Unique Binding	Bound Only	K562	EIF3G_3	0.0001	39	8.783783783783784	39	0.005798080244251194	0	0.0	0.005798080244251194	1.0
Unique Binding	Bound Only	K562	EIF3G_3	0.001	0	0.0	0	0.0	0	0.0		
Unique Binding	Bound Only	K562	EIF3G_3	0.01	0	0.0	0	0.0	0	0.0		
Unique Binding	Bound Only	K562	EIF3G_3	0.1	0	0.0	0	0.0	0	0.0		
Unique Binding	Bound Only	K562	EIF3G_4	0.0	127	68.64864864864865	0	0.0	127	-0.003103215672133376	-0.003103215672133376	-1.0
Unique Binding	Bound Only	K562	EIF3G_4	1e-05	51	27.56756756756757	0	0.0	51	-0.0030142813347497407	-0.0030142813347497407	-1.0
Unique Binding	Bound Only	K562	EIF3G_4	0.0001	6	3.2432432432432434	0	0.0	6	-0.0014079331248009561	-0.0014079331248009561	-1.0
Unique Binding	Bound Only	K562	EIF3G_4	0.001	0	0.0	0	0.0	0	0.0		
Unique Binding	Bound Only	K562	EIF3G_4	0.01	0	0.0	0	0.0	0	0.0		
Unique Binding	Bound Only	K562	EIF3G_4	0.1	0	0.0	0	0.0	0	0.0		
Unique Binding	Bound Only	K562	EIF3G_5	0.0	175	100.0	0	0.0	175	-0.676603274405918	-0.676603274405918	-1.0
Unique Binding	Bound Only	K562	EIF3G_5	1e-05	175	100.0	0	0.0	175	-0.676603274405918	-0.676603274405918	-1.0
Unique Binding	Bound Only	K562	EIF3G_5	0.0001	175	100.0	0	0.0	175	-0.676603274405918	-0.676603274405918	-1.0
Unique Binding	Bound Only	K562	EIF3G_5	0.001	127	72.57142857142857	0	0.0	127	-0.6473618822462668	-0.6473618822462668	-1.0
Unique Binding	Bound Only	K562	EIF3G_5	0.01	14	8.0	0	0.0	14	-0.2109652807836091	-0.2109652807836091	-1.0
Unique Binding	Bound Only	K562	EIF3G_5	0.1	0	0.0	0	0.0	0	0.0		
Unique Binding	Bound Only	K562	EIF3G_6	0.0	73	100.0	0	0.0	73	-0.03629511457657642	-0.03629511457657642	-1.0
Unique Binding	Bound Only	K562	EIF3G_6	1e-05	35	47.94520547945205	0	0.0	35	-0.03598581959914823	-0.03598581959914823	-1.0
Unique Binding	Bound Only	K562	EIF3G_6	0.0001	33	45.20547945205479	0	0.0	33	-0.03596455626782114	-0.03596455626782114	-1.0
Unique Binding	Bound Only	K562	EIF3G_6	0.001	20	27.397260273972602	0	0.0	20	-0.029424209250771303	-0.029424209250771303	-1.0
Unique Binding	Bound Only	K562	EIF3G_6	0.01	0	0.0	0	0.0	0	0.0		
Unique Binding	Bound Only	K562	EIF3G_6	0.1	0	0.0	0	0.0	0	0.0		
Unique Binding	Bound Only	K562	EIF4E_1	0.0	4762	100.0	26	0.02076141284305232	4736	-54.695207326043416	-54.674445913200366	-0.9992411205239872
Unique Binding	Bound Only	K562	EIF4E_1	1e-05	4761	99.9790004199916	26	0.02076141284305232	4735	-54.69519942710109	-54.67443801425804	-0.9992411204144332
Unique Binding	Bound Only	K562	EIF4E_1	0.0001	4748	99.7060058798824	26	0.02076141284305232	4722	-54.69428597727368	-54.67352456443063	-0.9992411077451867
Unique Binding	Bound Only	K562	EIF4E_1	0.001	4610	96.80806383872323	10	0.013222906199955762	4600	-54.63439627616894	-54.621173369968986	-0.9995160665222823
Unique Binding	Bound Only	K562	EIF4E_1	0.01	2141	44.96010079798404	0	0.0	2141	-41.04370164719123	-41.04370164719123	-1.0
Unique Binding	Bound Only	K562	EIF4E_1	0.1	0	0.0	0	0.0	0	0.0		
Unique Binding	Bound Only	K562	EIF4E_2	0.0	3633	100.0	1764	0.8200796208349519	1869	-1.8829480993785896	-1.0628684785436378	-0.39321405052393255
Unique Binding	Bound Only	K562	EIF4E_2	1e-05	3541	97.46765758326453	1720	0.8199009042934419	1821	-1.882717259851292	-1.06281635555785	-0.39325435226407096
Unique Binding	Bound Only	K562	EIF4E_2	0.0001	2563	70.5477566749243	1244	0.7930306734814807	1319	-1.8589215605541733	-1.0658908870726926	-0.40192687990109643
Unique Binding	Bound Only	K562	EIF4E_2	0.001	494	13.59757775942747	198	0.48366091255612453	296	-1.4773865524366254	-0.9937256398805009	-0.5067320692740983
Unique Binding	Bound Only	K562	EIF4E_2	0.01	40	1.1010184420589046	0	0.0	40	-0.792080314267829	-0.792080314267829	-1.0
Unique Binding	Bound Only	K562	EIF4E_2	0.1	0	0.0	0	0.0	0	0.0		
Unique Binding	Bound Only	K562	EIF4E_3	0.0	726	100.0	74	0.006320831177822188	652	-1.049569041589415	-1.0432482104115928	-0.9880274802498923
Unique Binding	Bound Only	K562	EIF4E_3	1e-05	702	96.69421487603306	63	0.006239994827323268	639	-1.0495124802797315	-1.0432724854524082	-0.9881790571664243
Unique Binding	Bound Only	K562	EIF4E_3	0.0001	599	82.5068870523416	33	0.00497921866978285	566	-1.0448068961563612	-1.0398276774865784	-0.9905138416302879
Unique Binding	Bound Only	K562	EIF4E_3	0.001	96	13.223140495867769	0	0.0	96	-0.9076594450667318	-0.9076594450667318	-1.0
Unique Binding	Bound Only	K562	EIF4E_3	0.01	30	4.132231404958678	0	0.0	30	-0.6273901601448734	-0.6273901601448734	-1.0
Unique Binding	Bound Only	K562	EIF4E_3	0.1	0	0.0	0	0.0	0	0.0		
Unique Binding	Bound Only	K562	EIF4E_4	0.0	222	100.0	196	0.4445823606147035	26	-0.32195481523231423	0.12262754538238929	0.15997599235403917
Unique Binding	Bound Only	K562	EIF4E_4	1e-05	222	100.0	196	0.4445823606147035	26	-0.32195481523231423	0.12262754538238929	0.15997599235403917
Unique Binding	Bound Only	K562	EIF4E_4	0.0001	222	100.0	196	0.4445823606147035	26	-0.32195481523231423	0.12262754538238929	0.15997599235403917
Unique Binding	Bound Only	K562	EIF4E_4	0.001	89	40.090090090090094	63	0.40028959030640054	26	-0.32195481523231423	0.07833477507408632	0.10846020332363421
Unique Binding	Bound Only	K562	EIF4E_4	0.01	18	8.108108108108109	6	0.08236381573212778	12	-0.2912589549597423	-0.20889513922761452	-0.5591070877205504
Unique Binding	Bound Only	K562	EIF4E_4	0.1	0	0.0	0	0.0	0	0.0		
Unique Binding	Bound Only	K562	EIF4E_5	0.0	187	100.0	29	0.2628052556426692	158	-4.400210460622296	-4.137405204979627	-0.8872809908291822
Unique Binding	Bound Only	K562	EIF4E_5	1e-05	187	100.0	29	0.2628052556426692	158	-4.400210460622296	-4.137405204979627	-0.8872809908291822
Unique Binding	Bound Only	K562	EIF4E_5	0.0001	187	100.0	29	0.2628052556426692	158	-4.400210460622296	-4.137405204979627	-0.8872809908291822
Unique Binding	Bound Only	K562	EIF4E_5	0.001	183	97.86096256684492	25	0.25943538884874484	158	-4.400210460622296	-4.140775071773551	-0.8886458768628539
Unique Binding	Bound Only	K562	EIF4E_5	0.01	138	73.79679144385027	22	0.24484209835909376	116	-4.060654963797645	-3.8158128654385512	-0.8862653510967927
Unique Binding	Bound Only	K562	EIF4E_5	0.1	0	0.0	0	0.0	0	0.0		
Unique Binding	Bound Only	K562	EIF4E_6	0.0	92	100.0	0	0.0	92	-4.256187694192888	-4.256187694192888	-1.0
Unique Binding	Bound Only	K562	EIF4E_6	1e-05	92	100.0	0	0.0	92	-4.256187694192888	-4.256187694192888	-1.0
Unique Binding	Bound Only	K562	EIF4E_6	0.0001	92	100.0	0	0.0	92	-4.256187694192888	-4.256187694192888	-1.0
Unique Binding	Bound Only	K562	EIF4E_6	0.001	92	100.0	0	0.0	92	-4.256187694192888	-4.256187694192888	-1.0
Unique Binding	Bound Only	K562	EIF4E_6	0.01	84	91.30434782608695	0	0.0	84	-4.182790491174903	-4.182790491174903	-1.0
Unique Binding	Bound Only	K562	EIF4E_6	0.1	22	23.91304347826087	0	0.0	22	-2.6378053637197194	-2.6378053637197194	-1.0
Unique Binding	Bound Only	K562	EIF4G2_1	0.0	275	100.0	3	0.00017599369024596682	272	-0.9817225495867573	-0.9815465558965113	-0.99964152367584
Unique Binding	Bound Only	K562	EIF4G2_1	1e-05	275	100.0	3	0.00017599369024596682	272	-0.9817225495867573	-0.9815465558965113	-0.99964152367584
Unique Binding	Bound Only	K562	EIF4G2_1	0.0001	269	97.81818181818181	0	0.0	269	-0.9814768108830474	-0.9814768108830474	-1.0
Unique Binding	Bound Only	K562	EIF4G2_1	0.001	201	73.0909090909091	0	0.0	201	-0.9444442969811409	-0.9444442969811409	-1.0
Unique Binding	Bound Only	K562	EIF4G2_1	0.01	16	5.818181818181818	0	0.0	16	-0.44590438123673115	-0.44590438123673115	-1.0
Unique Binding	Bound Only	K562	EIF4G2_1	0.1	0	0.0	0	0.0	0	0.0		
Unique Binding	Bound Only	K562	EIF4G2_2	0.0	412	100.0	395	1.7390209761285995	17	-0.3720586285636016	1.366962347564998	0.6475181440466349
Unique Binding	Bound Only	K562	EIF4G2_2	1e-05	412	100.0	395	1.7390209761285995	17	-0.3720586285636016	1.366962347564998	0.6475181440466349
Unique Binding	Bound Only	K562	EIF4G2_2	0.0001	412	100.0	395	1.7390209761285995	17	-0.3720586285636016	1.366962347564998	0.6475181440466349
Unique Binding	Bound Only	K562	EIF4G2_2	0.001	394	95.63106796116504	380	1.7273124221623024	14	-0.37065582607908415	1.3566565960832182	0.6466525874356918
Unique Binding	Bound Only	K562	EIF4G2_2	0.01	16	3.8834951456310676	7	0.07228390343702747	9	-0.35467238756636066	-0.2823884841293332	-0.66139904734907
Unique Binding	Bound Only	K562	EIF4G2_2	0.1	0	0.0	0	0.0	0	0.0		
Unique Binding	Bound Only	K562	EIF4G2_3	0.0	436	100.0	0	0.0	436	-8.776386919467228	-8.776386919467228	-1.0
Unique Binding	Bound Only	K562	EIF4G2_3	1e-05	436	100.0	0	0.0	436	-8.776386919467228	-8.776386919467228	-1.0
Unique Binding	Bound Only	K562	EIF4G2_3	0.0001	436	100.0	0	0.0	436	-8.776386919467228	-8.776386919467228	-1.0
Unique Binding	Bound Only	K562	EIF4G2_3	0.001	364	83.4862385321101	0	0.0	364	-8.734040883988364	-8.734040883988364	-1.0
Unique Binding	Bound Only	K562	EIF4G2_3	0.01	126	28.899082568807337	0	0.0	126	-8.057008972593039	-8.057008972593039	-1.0
Unique Binding	Bound Only	K562	EIF4G2_3	0.1	35	8.027522935779817	0	0.0	35	-5.2947800148993975	-5.2947800148993975	-1.0
Unique Binding	Bound Only	K562	EIF4G2_4	0.0	312	100.0	0	0.0	312	-0.30474788370831163	-0.30474788370831163	-1.0
Unique Binding	Bound Only	K562	EIF4G2_4	1e-05	310	99.35897435897436	0	0.0	310	-0.3047288836730961	-0.3047288836730961	-1.0
Unique Binding	Bound Only	K562	EIF4G2_4	0.0001	153	49.03846153846153	0	0.0	153	-0.2996850660454007	-0.2996850660454007	-1.0
Unique Binding	Bound Only	K562	EIF4G2_4	0.001	50	16.025641025641026	0	0.0	50	-0.2480028558066487	-0.2480028558066487	-1.0
Unique Binding	Bound Only	K562	EIF4G2_4	0.01	16	5.128205128205128	0	0.0	16	-0.16874382333817511	-0.16874382333817511	-1.0
Unique Binding	Bound Only	K562	EIF4G2_4	0.1	0	0.0	0	0.0	0	0.0		
Unique Binding	Bound Only	K562	EIF4G2_5	0.0	445	100.0	13	0.0017818842466700287	432	-2.993609217516439	-2.991827333269769	-0.9988102493556711
Unique Binding	Bound Only	K562	EIF4G2_5	1e-05	444	99.7752808988764	13	0.0017818842466700287	431	-2.9936020537368746	-2.9918201694902047	-0.9988102465102557
Unique Binding	Bound Only	K562	EIF4G2_5	0.0001	434	97.52808988764045	7	0.0012987204695688826	427	-2.993446516819627	-2.9921477963500585	-0.9991326671441714
Unique Binding	Bound Only	K562	EIF4G2_5	0.001	262	58.876404494382015	0	0.0	262	-2.9093179325644227	-2.9093179325644227	-1.0
Unique Binding	Bound Only	K562	EIF4G2_5	0.01	100	22.47191011235955	0	0.0	100	-2.548579064043264	-2.548579064043264	-1.0
Unique Binding	Bound Only	K562	EIF4G2_5	0.1	0	0.0	0	0.0	0	0.0		
Unique Binding	Bound Only	K562	EIF4G2_6	0.0	180	67.41573033707866	137	0.008743505761792265	43	-0.017894445749893854	-0.009150939988101589	-0.34353016913057505
Unique Binding	Bound Only	K562	EIF4G2_6	1e-05	118	44.19475655430712	86	0.00845027381857354	32	-0.01787214521381792	-0.00942187139524438	-0.3579409393813749
Unique Binding	Bound Only	K562	EIF4G2_6	0.0001	44	16.479400749063668	14	0.005123894968400947	30	-0.017817137173529226	-0.01269324220512828	-0.5532986539837661
Unique Binding	Bound Only	K562	EIF4G2_6	0.001	9	3.3707865168539324	1	0.0010304048247264989	8	-0.009746982135027737	-0.008716577310301237	-0.8087839234919711
Unique Binding	Bound Only	K562	EIF4G2_6	0.01	0	0.0	0	0.0	0	0.0		
Unique Binding	Bound Only	K562	EIF4G2_6	0.1	0	0.0	0	0.0	0	0.0		
Unique Binding	Bound Only	K562	ELAC2_1	0.0	833	100.0	46	0.0551254267693125	787	-1.1829294496795193	-1.1278040229102069	-0.9109483306145021
Unique Binding	Bound Only	K562	ELAC2_1	1e-05	833	100.0	46	0.0551254267693125	787	-1.1829294496795193	-1.1278040229102069	-0.9109483306145021
Unique Binding	Bound Only	K562	ELAC2_1	0.0001	702	84.27370948379351	46	0.0551254267693125	656	-1.1746987943541864	-1.119573367584874	-0.9103523482096443
Unique Binding	Bound Only	K562	ELAC2_1	0.001	190	22.809123649459785	27	0.04448141800083514	163	-1.0061218791519544	-0.9616404611511192	-0.9153221427700009
Unique Binding	Bound Only	K562	ELAC2_1	0.01	19	2.2809123649459786	0	0.0	19	-0.5576265281457025	-0.5576265281457025	-1.0
Unique Binding	Bound Only	K562	ELAC2_1	0.1	0	0.0	0	0.0	0	0.0		
Unique Binding	Bound Only	K562	ELAC2_2	0.0	1747	100.0	1538	1.4965772289143944	209	-0.48873784836782347	1.0078393805465709	0.5076470692633055
Unique Binding	Bound Only	K562	ELAC2_2	1e-05	1698	97.19519175729823	1498	1.4963774240323402	200	-0.4886927841132457	1.0076846399190944	0.5076317380534635
Unique Binding	Bound Only	K562	ELAC2_2	0.0001	1122	64.22438465941615	948	1.4757576238349706	174	-0.48771604965304793	0.9880415741819226	0.5032110119544987
Unique Binding	Bound Only	K562	ELAC2_2	0.001	439	25.128792215226103	362	1.2654228641991592	77	-0.4525159740643889	0.8129068901347702	0.4731873289251888
Unique Binding	Bound Only	K562	ELAC2_2	0.01	26	1.4882655981682884	15	0.16862232577575814	11	-0.29319177811244834	-0.1245694523366902	-0.26973938493408445
Unique Binding	Bound Only	K562	ELAC2_2	0.1	0	0.0	0	0.0	0	0.0		
Unique Binding	Bound Only	K562	ELAC2_3	0.0	811	100.0	76	0.49395176715711225	735	-4.462174411069467	-3.9682226439123554	-0.800670221300193
Unique Binding	Bound Only	K562	ELAC2_3	1e-05	811	100.0	76	0.49395176715711225	735	-4.462174411069467	-3.9682226439123554	-0.800670221300193
Unique Binding	Bound Only	K562	ELAC2_3	0.0001	809	99.75339087546239	76	0.49395176715711225	733	-4.4619994915913	-3.9680477244341876	-0.8006631859886951
Unique Binding	Bound Only	K562	ELAC2_3	0.001	448	55.24044389642416	75	0.4931211790328712	373	-4.293442444509932	-3.8003212654770606	-0.793956074622117
Unique Binding	Bound Only	K562	ELAC2_3	0.01	100	12.330456226880395	13	0.21749039755223853	87	-3.560608489994784	-3.3431180924425457	-0.8848678110204539
Unique Binding	Bound Only	K562	ELAC2_3	0.1	0	0.0	0	0.0	0	0.0		
Unique Binding	Bound Only	K562	ELAC2_4	0.0	817	100.0	67	0.09260515029558654	750	-1.4962950296163788	-1.4036898793207924	-0.8834349048903534
Unique Binding	Bound Only	K562	ELAC2_4	1e-05	817	100.0	67	0.09260515029558654	750	-1.4962950296163788	-1.4036898793207924	-0.8834349048903534
Unique Binding	Bound Only	K562	ELAC2_4	0.0001	755	92.41126070991432	66	0.09252245922410758	689	-1.4924614178029716	-1.399938958578864	-0.8832512297883433
Unique Binding	Bound Only	K562	ELAC2_4	0.001	252	30.84455324357405	41	0.07313725204276575	211	-1.288900260152436	-1.2157630081096702	-0.8926061119639941
Unique Binding	Bound Only	K562	ELAC2_4	0.01	26	3.182374541003672	0	0.0	26	-0.7683793957696482	-0.7683793957696482	-1.0
Unique Binding	Bound Only	K562	ELAC2_4	0.1	0	0.0	0	0.0	0	0.0		
Unique Binding	Bound Only	K562	ELAC2_5	0.0	615	100.0	400	0.8677654321931527	215	-0.27190332598643313	0.5958621062067195	0.5228379754469195
Unique Binding	Bound Only	K562	ELAC2_5	1e-05	592	96.26016260162602	386	0.8676875623831869	206	-0.27185126951372524	0.5958362928694616	0.5228749351855029
Unique Binding	Bound Only	K562	ELAC2_5	0.0001	260	42.27642276422765	102	0.8497270831710685	158	-0.2689675628832119	0.5807595202878566	0.5191403412327383
Unique Binding	Bound Only	K562	ELAC2_5	0.001	160	26.01626016260163	88	0.8438419145599555	72	-0.24396751642682904	0.5998743981331265	0.5514517350607656
Unique Binding	Bound Only	K562	ELAC2_5	0.01	40	6.504065040650407	40	0.5168277624700985	0	0.0	0.5168277624700985	1.0
Unique Binding	Bound Only	K562	ELAC2_5	0.1	0	0.0	0	0.0	0	0.0		
Unique Binding	Bound Only	K562	ELAC2_6	0.0	982	100.0	979	6.705746476471329	3	-0.010486020398456426	6.695260456072872	0.9968774099457267
Unique Binding	Bound Only	K562	ELAC2_6	1e-05	982	100.0	979	6.705746476471329	3	-0.010486020398456426	6.695260456072872	0.9968774099457267
Unique Binding	Bound Only	K562	ELAC2_6	0.0001	982	100.0	979	6.705746476471329	3	-0.010486020398456426	6.695260456072872	0.9968774099457267
Unique Binding	Bound Only	K562	ELAC2_6	0.001	974	99.18533604887983	971	6.702430440429913	3	-0.010486020398456426	6.691944420031456	0.9968758674535442
Unique Binding	Bound Only	K562	ELAC2_6	0.01	91	9.266802443991853	91	1.918301141564225	0	0.0	1.918301141564225	1.0
Unique Binding	Bound Only	K562	ELAC2_6	0.1	6	0.6109979633401221	6	0.7959387075277012	0	0.0	0.7959387075277012	1.0
Unique Binding	Bound Only	K562	ELAVL1_1	0.0	467	100.0	0	0.0	467	-4.671150157127672	-4.671150157127672	-1.0
Unique Binding	Bound Only	K562	ELAVL1_1	1e-05	467	100.0	0	0.0	467	-4.671150157127672	-4.671150157127672	-1.0
Unique Binding	Bound Only	K562	ELAVL1_1	0.0001	467	100.0	0	0.0	467	-4.671150157127672	-4.671150157127672	-1.0
Unique Binding	Bound Only	K562	ELAVL1_1	0.001	451	96.57387580299786	0	0.0	451	-4.656713223456728	-4.656713223456728	-1.0
Unique Binding	Bound Only	K562	ELAVL1_1	0.01	88	18.843683083511777	0	0.0	88	-2.96093855517322	-2.96093855517322	-1.0
Unique Binding	Bound Only	K562	ELAVL1_1	0.1	5	1.070663811563169	0	0.0	5	-0.5078691639694626	-0.5078691639694626	-1.0
Unique Binding	Bound Only	K562	ELAVL1_2	0.0	677	100.0	189	0.16064892824989496	488	-0.2848491838516207	-0.12420025560172576	-0.27878963395791956
Unique Binding	Bound Only	K562	ELAVL1_2	1e-05	606	89.51255539143278	185	0.1606329794650732	421	-0.2844917126743213	-0.12385873320924806	-0.2782562625630768
Unique Binding	Bound Only	K562	ELAVL1_2	0.0001	389	57.459379615952734	170	0.15991808465180468	219	-0.2750512849700767	-0.11513320031827201	-0.2646926619645821
Unique Binding	Bound Only	K562	ELAVL1_2	0.001	103	15.214180206794683	54	0.10341328336916723	49	-0.22427621141026197	-0.12086292804109473	-0.3688336976516402
Unique Binding	Bound Only	K562	ELAVL1_2	0.01	9	1.329394387001477	0	0.0	9	-0.10544206681919718	-0.10544206681919718	-1.0
Unique Binding	Bound Only	K562	ELAVL1_2	0.1	0	0.0	0	0.0	0	0.0		
Unique Binding	Bound Only	K562	ELAVL1_3	0.0	781	100.0	0	0.0	781	-49.064072360422244	-49.064072360422244	-1.0
Unique Binding	Bound Only	K562	ELAVL1_3	1e-05	781	100.0	0	0.0	781	-49.064072360422244	-49.064072360422244	-1.0
Unique Binding	Bound Only	K562	ELAVL1_3	0.0001	781	100.0	0	0.0	781	-49.064072360422244	-49.064072360422244	-1.0
Unique Binding	Bound Only	K562	ELAVL1_3	0.001	781	100.0	0	0.0	781	-49.064072360422244	-49.064072360422244	-1.0
Unique Binding	Bound Only	K562	ELAVL1_3	0.01	765	97.95134443021767	0	0.0	765	-48.93890635728681	-48.93890635728681	-1.0
Unique Binding	Bound Only	K562	ELAVL1_3	0.1	216	27.656850192061462	0	0.0	216	-26.80503690367738	-26.80503690367738	-1.0
Unique Binding	Bound Only	K562	ELAVL1_4	0.0	584	100.0	0	0.0	584	-1.762414604283142	-1.762414604283142	-1.0
Unique Binding	Bound Only	K562	ELAVL1_4	1e-05	584	100.0	0	0.0	584	-1.762414604283142	-1.762414604283142	-1.0
Unique Binding	Bound Only	K562	ELAVL1_4	0.0001	584	100.0	0	0.0	584	-1.762414604283142	-1.762414604283142	-1.0
Unique Binding	Bound Only	K562	ELAVL1_4	0.001	433	74.14383561643835	0	0.0	433	-1.6726035110086204	-1.6726035110086204	-1.0
Unique Binding	Bound Only	K562	ELAVL1_4	0.01	22	3.767123287671233	0	0.0	22	-0.36173879079496857	-0.36173879079496857	-1.0
Unique Binding	Bound Only	K562	ELAVL1_4	0.1	0	0.0	0	0.0	0	0.0		
Unique Binding	Bound Only	K562	ELAVL1_5	0.0	753	100.0	0	0.0	753	-1.813663004957772	-1.813663004957772	-1.0
Unique Binding	Bound Only	K562	ELAVL1_5	1e-05	753	100.0	0	0.0	753	-1.813663004957772	-1.813663004957772	-1.0
Unique Binding	Bound Only	K562	ELAVL1_5	0.0001	753	100.0	0	0.0	753	-1.813663004957772	-1.813663004957772	-1.0
Unique Binding	Bound Only	K562	ELAVL1_5	0.001	369	49.00398406374502	0	0.0	369	-1.59162894551516	-1.59162894551516	-1.0
Unique Binding	Bound Only	K562	ELAVL1_5	0.01	47	6.241699867197875	0	0.0	47	-0.9189680148585194	-0.9189680148585194	-1.0
Unique Binding	Bound Only	K562	ELAVL1_5	0.1	0	0.0	0	0.0	0	0.0		
Unique Binding	Bound Only	K562	ELAVL1_6	0.0	1182	100.0	1155	10.685728100086742	27	-0.3105702351496534	10.375157864937089	0.9435136760241462
Unique Binding	Bound Only	K562	ELAVL1_6	1e-05	1182	100.0	1155	10.685728100086742	27	-0.3105702351496534	10.375157864937089	0.9435136760241462
Unique Binding	Bound Only	K562	ELAVL1_6	0.0001	1181	99.91539763113367	1154	10.685631204042348	27	-0.3105702351496534	10.375060968892695	0.9435131782794125
Unique Binding	Bound Only	K562	ELAVL1_6	0.001	1175	99.4077834179357	1148	10.68296307106817	27	-0.3105702351496534	10.372392835918516	0.9434994689152398
Unique Binding	Bound Only	K562	ELAVL1_6	0.01	405	34.263959390862944	398	6.677103611051763	7	-0.22669851499460558	6.450405096057157	0.9343264737732481
Unique Binding	Bound Only	K562	ELAVL1_6	0.1	0	0.0	0	0.0	0	0.0		
Unique Binding	Bound Only	K562	EWSR1_1	0.0	1083	100.0	536	1.099618602843172	547	-0.6516207430343616	0.44799785980881046	0.2558176076065273
Unique Binding	Bound Only	K562	EWSR1_1	1e-05	1035	95.56786703601108	515	1.0995310541792618	520	-0.6515215193156255	0.44800953486363626	0.25585156130947223
Unique Binding	Bound Only	K562	EWSR1_1	0.0001	847	78.20867959372114	475	1.0968511143142785	372	-0.6426884997890856	0.4541626145251929	0.2610820764546305
Unique Binding	Bound Only	K562	EWSR1_1	0.001	308	28.439519852262237	230	0.9866497730694826	78	-0.5622737355917381	0.42437603747774455	0.2739812748045544
Unique Binding	Bound Only	K562	EWSR1_1	0.01	38	3.508771929824561	8	0.09602497757224494	30	-0.4373682670294519	-0.341343289457207	-0.6399467801886013
Unique Binding	Bound Only	K562	EWSR1_1	0.1	0	0.0	0	0.0	0	0.0		
Unique Binding	Bound Only	K562	EWSR1_2	0.0	2239	100.0	1328	2.5238628527189686	911	-0.5388376598430504	1.9850251928759182	0.6481290562802692
Unique Binding	Bound Only	K562	EWSR1_2	1e-05	2213	98.8387673068334	1314	2.5237934164109923	899	-0.5387710390485114	1.9850223773624809	0.6481569306480605
Unique Binding	Bound Only	K562	EWSR1_2	0.0001	1757	78.47253238052701	1222	2.5197795137022103	535	-0.5196757738053508	2.0001037398968595	0.6580467717743599
Unique Binding	Bound Only	K562	EWSR1_2	0.001	899	40.151853506029475	789	2.2830652198036443	110	-0.40980682701642007	1.8732583927872242	0.6956358713735774
Unique Binding	Bound Only	K562	EWSR1_2	0.01	14	0.6252791424743189	0	0.0	14	-0.20899811059024603	-0.20899811059024603	-1.0
Unique Binding	Bound Only	K562	EWSR1_2	0.1	0	0.0	0	0.0	0	0.0		
Unique Binding	Bound Only	K562	EWSR1_3	0.0	1269	100.0	19	0.03846004583473679	1250	-14.655221911686388	-14.61676186585165	-0.9947650907449985
Unique Binding	Bound Only	K562	EWSR1_3	1e-05	1269	100.0	19	0.03846004583473679	1250	-14.655221911686388	-14.61676186585165	-0.9947650907449985
Unique Binding	Bound Only	K562	EWSR1_3	0.0001	1264	99.60598896769109	18	0.03844281376661009	1246	-14.655008590575042	-14.616565776808432	-0.994767354148631
Unique Binding	Bound Only	K562	EWSR1_3	0.001	1215	95.74468085106383	15	0.038024299542911755	1200	-14.631571139439435	-14.593546839896524	-0.9948159034513158
Unique Binding	Bound Only	K562	EWSR1_3	0.01	499	39.32230102442868	0	0.0	499	-11.360616820839496	-11.360616820839496	-1.0
Unique Binding	Bound Only	K562	EWSR1_3	0.1	0	0.0	0	0.0	0	0.0		
Unique Binding	Bound Only	K562	EWSR1_4	0.0	1259	100.0	0	0.0	1259	-34.53188039010627	-34.53188039010627	-1.0
Unique Binding	Bound Only	K562	EWSR1_4	1e-05	1259	100.0	0	0.0	1259	-34.53188039010627	-34.53188039010627	-1.0
Unique Binding	Bound Only	K562	EWSR1_4	0.0001	1259	100.0	0	0.0	1259	-34.53188039010627	-34.53188039010627	-1.0
Unique Binding	Bound Only	K562	EWSR1_4	0.001	1259	100.0	0	0.0	1259	-34.53188039010627	-34.53188039010627	-1.0
Unique Binding	Bound Only	K562	EWSR1_4	0.01	1019	80.93725178713265	0	0.0	1019	-33.09122159281318	-33.09122159281318	-1.0
Unique Binding	Bound Only	K562	EWSR1_4	0.1	7	0.5559968228752978	0	0.0	7	-1.0165859922915639	-1.0165859922915639	-1.0
Unique Binding	Bound Only	K562	EWSR1_5	0.0	801	100.0	579	3.4798620719323927	222	-0.23567315156422886	3.2441889203681638	0.8731417481530742
Unique Binding	Bound Only	K562	EWSR1_5	1e-05	776	96.8789013732834	572	3.4798350525162283	204	-0.23559413506179677	3.2442409174544315	0.8731806619544951
Unique Binding	Bound Only	K562	EWSR1_5	0.0001	584	72.90886392009988	465	3.4764531293978864	119	-0.2320053977485088	3.2444477316493776	0.8748777174935627
Unique Binding	Bound Only	K562	EWSR1_5	0.001	433	54.05742821473159	377	3.4295425529269856	56	-0.19536892447715848	3.234173628449827	0.8922076162714653
Unique Binding	Bound Only	K562	EWSR1_5	0.01	111	13.857677902621724	105	2.287981600546019	6	-0.07470774200893306	2.213273858537086	0.9367604190162843
Unique Binding	Bound Only	K562	EWSR1_5	0.1	0	0.0	0	0.0	0	0.0		
Unique Binding	Bound Only	K562	EWSR1_6	0.0	93	19.057377049180328	93	0.006854361079328628	0	0.0	0.006854361079328628	1.0
Unique Binding	Bound Only	K562	EWSR1_6	1e-05	34	6.967213114754098	34	0.006784649171357926	0	0.0	0.006784649171357926	1.0
Unique Binding	Bound Only	K562	EWSR1_6	0.0001	31	6.352459016393443	31	0.006510297465822693	0	0.0	0.006510297465822693	1.0
Unique Binding	Bound Only	K562	EWSR1_6	0.001	0	0.0	0	0.0	0	0.0		
Unique Binding	Bound Only	K562	EWSR1_6	0.01	0	0.0	0	0.0	0	0.0		
Unique Binding	Bound Only	K562	EWSR1_6	0.1	0	0.0	0	0.0	0	0.0		
Unique Binding	Bound Only	K562	EXOSC10_1	0.0	890	100.0	495	0.029412714694056194	395	-0.7824219324506176	-0.7530092177565615	-0.9275401344411589
Unique Binding	Bound Only	K562	EXOSC10_1	1e-05	859	96.51685393258427	478	0.029306100586252062	381	-0.7823621547898836	-0.7530560542036315	-0.9277879838415726
Unique Binding	Bound Only	K562	EXOSC10_1	0.0001	365	41.01123595505618	24	0.004768031257598127	341	-0.7806841551519574	-0.7759161238943593	-0.9878591432041365
Unique Binding	Bound Only	K562	EXOSC10_1	0.001	171	19.213483146067414	0	0.0	171	-0.704231441068724	-0.704231441068724	-1.0
Unique Binding	Bound Only	K562	EXOSC10_1	0.01	18	2.0224719101123596	0	0.0	18	-0.20719602750764068	-0.20719602750764068	-1.0
Unique Binding	Bound Only	K562	EXOSC10_1	0.1	0	0.0	0	0.0	0	0.0		
Unique Binding	Bound Only	K562	EXOSC10_2	0.0	1157	100.0	478	0.2384535179137409	679	-0.39759878142991584	-0.15914526351617495	-0.250207826746947
Unique Binding	Bound Only	K562	EXOSC10_2	1e-05	1071	92.56698357821953	416	0.23816283396657892	655	-0.39749570298753545	-0.15933286902095653	-0.2506579551097229
Unique Binding	Bound Only	K562	EXOSC10_2	0.0001	679	58.68625756266206	161	0.22801710834869532	518	-0.39138832183044553	-0.1633712134817502	-0.2637548938415037
Unique Binding	Bound Only	K562	EXOSC10_2	0.001	165	14.261019878997407	67	0.19273545074311893	98	-0.24991731869688014	-0.057181867953761206	-0.1291799620413583
Unique Binding	Bound Only	K562	EXOSC10_2	0.01	4	0.34572169403630076	0	0.0	4	-0.05945704477551461	-0.05945704477551461	-1.0
Unique Binding	Bound Only	K562	EXOSC10_2	0.1	0	0.0	0	0.0	0	0.0		
Unique Binding	Bound Only	K562	EXOSC10_3	0.0	637	77.58830694275274	88	0.020453577101084912	549	-0.28374866703962304	-0.2632950899385381	-0.8655264548829287
Unique Binding	Bound Only	K562	EXOSC10_3	1e-05	282	34.348355663824606	35	0.020246445219616976	247	-0.2829459817013282	-0.2626995364817112	-0.8664449147016717
Unique Binding	Bound Only	K562	EXOSC10_3	0.0001	223	27.161997563946404	32	0.02016648176445436	191	-0.2802574525888779	-0.26009097082442356	-0.8657465038006172
Unique Binding	Bound Only	K562	EXOSC10_3	0.001	52	6.333739342265529	3	0.008053987750438286	49	-0.20529444696277835	-0.19724045921234007	-0.9244992093683324
Unique Binding	Bound Only	K562	EXOSC10_3	0.01	10	1.2180267965895248	0	0.0	10	-0.10418327950651494	-0.10418327950651494	-1.0
Unique Binding	Bound Only	K562	EXOSC10_3	0.1	0	0.0	0	0.0	0	0.0		
Unique Binding	Bound Only	K562	EXOSC10_4	0.0	951	100.0	946	9.155268472477296	5	-0.004993439792396099	9.150275032684899	0.9989097604762351
Unique Binding	Bound Only	K562	EXOSC10_4	1e-05	951	100.0	946	9.155268472477296	5	-0.004993439792396099	9.150275032684899	0.9989097604762351
Unique Binding	Bound Only	K562	EXOSC10_4	0.0001	949	99.78969505783385	944	9.15511994762922	5	-0.004993439792396099	9.150126507836823	0.9989097427987619
Unique Binding	Bound Only	K562	EXOSC10_4	0.001	928	97.58149316508938	924	9.143595978382919	4	-0.0048030437417227595	9.138792934641197	0.998949970649486
Unique Binding	Bound Only	K562	EXOSC10_4	0.01	353	37.11882229232387	353	6.188235538339789	0	0.0	6.188235538339789	1.0
Unique Binding	Bound Only	K562	EXOSC10_4	0.1	0	0.0	0	0.0	0	0.0		
Unique Binding	Bound Only	K562	EXOSC10_5	0.0	996	100.0	797	0.036093100309941825	199	-0.019721075720308005	0.01637202458963382	0.2933309376592894
Unique Binding	Bound Only	K562	EXOSC10_5	1e-05	351	35.24096385542169	188	0.03438509032882543	163	-0.01961679279434799	0.014768297534477441	0.27347745449528654
Unique Binding	Bound Only	K562	EXOSC10_5	0.0001	182	18.27309236947791	98	0.03175368157272202	84	-0.014723546159535444	0.017030135413186577	0.36641891619036543
Unique Binding	Bound Only	K562	EXOSC10_5	0.001	4	0.4016064257028112	3	0.005402930896321455	1	-0.0010197033414079313	0.004383227554913523	0.6824656975115461
Unique Binding	Bound Only	K562	EXOSC10_5	0.01	0	0.0	0	0.0	0	0.0		
Unique Binding	Bound Only	K562	EXOSC10_5	0.1	0	0.0	0	0.0	0	0.0		
Unique Binding	Bound Only	K562	EXOSC10_6	0.0	1126	100.0	569	2.7966217028567026	557	-1.6617291813246609	1.1348925215320418	0.2545543298439663
Unique Binding	Bound Only	K562	EXOSC10_6	1e-05	1119	99.37833037300177	564	2.7965937443288436	555	-1.6617188382010126	1.134874906127831	0.2545525655995725
Unique Binding	Bound Only	K562	EXOSC10_6	0.0001	1088	96.62522202486679	547	2.795969947331491	541	-1.6609428785382692	1.1350270687932218	0.25466665226321156
Unique Binding	Bound Only	K562	EXOSC10_6	0.001	862	76.55417406749557	487	2.761676118995311	375	-1.5583540528729571	1.2033220661223538	0.2785448291445514
Unique Binding	Bound Only	K562	EXOSC10_6	0.01	123	10.923623445825932	64	1.028742033413251	59	-0.6345308462617787	0.3942111871514724	0.23700932779502384
Unique Binding	Bound Only	K562	EXOSC10_6	0.1	0	0.0	0	0.0	0	0.0		
Unique Binding	Bound Only	K562	EXOSC5_1	0.0	11	9.734513274336283	11	0.0039313638199316	0	0.0	0.0039313638199316	1.0
Unique Binding	Bound Only	K562	EXOSC5_1	1e-05	7	6.1946902654867255	7	0.0039249195311382755	0	0.0	0.0039249195311382755	1.0
Unique Binding	Bound Only	K562	EXOSC5_1	0.0001	5	4.424778761061947	5	0.0038824976266726412	0	0.0	0.0038824976266726412	1.0
Unique Binding	Bound Only	K562	EXOSC5_1	0.001	1	0.8849557522123894	1	0.0010270722101078124	0	0.0	0.0010270722101078124	1.0
Unique Binding	Bound Only	K562	EXOSC5_1	0.01	0	0.0	0	0.0	0	0.0		
Unique Binding	Bound Only	K562	EXOSC5_1	0.1	0	0.0	0	0.0	0	0.0		
Unique Binding	Bound Only	K562	EXOSC5_2	0.0	386	100.0	0	0.0	386	-0.4888221613024299	-0.4888221613024299	-1.0
Unique Binding	Bound Only	K562	EXOSC5_2	1e-05	386	100.0	0	0.0	386	-0.4888221613024299	-0.4888221613024299	-1.0
Unique Binding	Bound Only	K562	EXOSC5_2	0.0001	371	96.11398963730569	0	0.0	371	-0.4874331646458143	-0.4874331646458143	-1.0
Unique Binding	Bound Only	K562	EXOSC5_2	0.001	82	21.243523316062177	0	0.0	82	-0.371226389552642	-0.371226389552642	-1.0
Unique Binding	Bound Only	K562	EXOSC5_2	0.01	6	1.5544041450777202	0	0.0	6	-0.18419236064521227	-0.18419236064521227	-1.0
Unique Binding	Bound Only	K562	EXOSC5_2	0.1	0	0.0	0	0.0	0	0.0		
Unique Binding	Bound Only	K562	EXOSC5_3	0.0	179	100.0	36	0.525088771223085	143	-0.11080177991497014	0.4142869913081148	0.6515067578322469
Unique Binding	Bound Only	K562	EXOSC5_3	1e-05	179	100.0	36	0.525088771223085	143	-0.11080177991497014	0.4142869913081148	0.6515067578322469
Unique Binding	Bound Only	K562	EXOSC5_3	0.0001	179	100.0	36	0.525088771223085	143	-0.11080177991497014	0.4142869913081148	0.6515067578322469
Unique Binding	Bound Only	K562	EXOSC5_3	0.001	78	43.575418994413404	36	0.525088771223085	42	-0.062116136691847706	0.46297263453123727	0.7884345452342632
Unique Binding	Bound Only	K562	EXOSC5_3	0.01	23	12.849162011173185	23	0.4578959596746236	0	0.0	0.4578959596746236	1.0
Unique Binding	Bound Only	K562	EXOSC5_3	0.1	0	0.0	0	0.0	0	0.0		
Unique Binding	Bound Only	K562	EXOSC5_4	0.0	162	100.0	0	0.0	162	-10.035776547289888	-10.035776547289888	-1.0
Unique Binding	Bound Only	K562	EXOSC5_4	1e-05	162	100.0	0	0.0	162	-10.035776547289888	-10.035776547289888	-1.0
Unique Binding	Bound Only	K562	EXOSC5_4	0.0001	162	100.0	0	0.0	162	-10.035776547289888	-10.035776547289888	-1.0
Unique Binding	Bound Only	K562	EXOSC5_4	0.001	162	100.0	0	0.0	162	-10.035776547289888	-10.035776547289888	-1.0
Unique Binding	Bound Only	K562	EXOSC5_4	0.01	162	100.0	0	0.0	162	-10.035776547289888	-10.035776547289888	-1.0
Unique Binding	Bound Only	K562	EXOSC5_4	0.1	15	9.25925925925926	0	0.0	15	-1.594205577132163	-1.594205577132163	-1.0
Unique Binding	Bound Only	K562	EXOSC5_5	0.0	36	100.0	36	0.7281980088085824	0	0.0	0.7281980088085824	1.0
Unique Binding	Bound Only	K562	EXOSC5_5	1e-05	36	100.0	36	0.7281980088085824	0	0.0	0.7281980088085824	1.0
Unique Binding	Bound Only	K562	EXOSC5_5	0.0001	36	100.0	36	0.7281980088085824	0	0.0	0.7281980088085824	1.0
Unique Binding	Bound Only	K562	EXOSC5_5	0.001	36	100.0	36	0.7281980088085824	0	0.0	0.7281980088085824	1.0
Unique Binding	Bound Only	K562	EXOSC5_5	0.01	31	86.11111111111111	31	0.6938535291701133	0	0.0	0.6938535291701133	1.0
Unique Binding	Bound Only	K562	EXOSC5_5	0.1	0	0.0	0	0.0	0	0.0		
Unique Binding	Bound Only	K562	EXOSC5_6	0.0	0	0.0	0	0.0	0	0.0		
Unique Binding	Bound Only	K562	EXOSC5_6	1e-05	0	0.0	0	0.0	0	0.0		
Unique Binding	Bound Only	K562	EXOSC5_6	0.0001	0	0.0	0	0.0	0	0.0		
Unique Binding	Bound Only	K562	EXOSC5_6	0.001	0	0.0	0	0.0	0	0.0		
Unique Binding	Bound Only	K562	EXOSC5_6	0.01	0	0.0	0	0.0	0	0.0		
Unique Binding	Bound Only	K562	EXOSC5_6	0.1	0	0.0	0	0.0	0	0.0		
Unique Binding	Bound Only	K562	FAM120A_1	0.0	383	100.0	0	0.0	383	-0.8437595247479355	-0.8437595247479355	-1.0
Unique Binding	Bound Only	K562	FAM120A_1	1e-05	383	100.0	0	0.0	383	-0.8437595247479355	-0.8437595247479355	-1.0
Unique Binding	Bound Only	K562	FAM120A_1	0.0001	308	80.4177545691906	0	0.0	308	-0.8383595568877716	-0.8383595568877716	-1.0
Unique Binding	Bound Only	K562	FAM120A_1	0.001	78	20.365535248041773	0	0.0	78	-0.7359335804464979	-0.7359335804464979	-1.0
Unique Binding	Bound Only	K562	FAM120A_1	0.01	26	6.7885117493472595	0	0.0	26	-0.6175490885321415	-0.6175490885321415	-1.0
Unique Binding	Bound Only	K562	FAM120A_1	0.1	0	0.0	0	0.0	0	0.0		
Unique Binding	Bound Only	K562	FAM120A_2	0.0	344	100.0	344	2.806477439988843	0	0.0	2.806477439988843	1.0
Unique Binding	Bound Only	K562	FAM120A_2	1e-05	344	100.0	344	2.806477439988843	0	0.0	2.806477439988843	1.0
Unique Binding	Bound Only	K562	FAM120A_2	0.0001	344	100.0	344	2.806477439988843	0	0.0	2.806477439988843	1.0
Unique Binding	Bound Only	K562	FAM120A_2	0.001	344	100.0	344	2.806477439988843	0	0.0	2.806477439988843	1.0
Unique Binding	Bound Only	K562	FAM120A_2	0.01	122	35.46511627906977	122	1.7718465640419745	0	0.0	1.7718465640419745	1.0
Unique Binding	Bound Only	K562	FAM120A_2	0.1	0	0.0	0	0.0	0	0.0		
Unique Binding	Bound Only	K562	FAM120A_3	0.0	309	100.0	0	0.0	309	-7.459233264641703	-7.459233264641703	-1.0
Unique Binding	Bound Only	K562	FAM120A_3	1e-05	309	100.0	0	0.0	309	-7.459233264641703	-7.459233264641703	-1.0
Unique Binding	Bound Only	K562	FAM120A_3	0.0001	309	100.0	0	0.0	309	-7.459233264641703	-7.459233264641703	-1.0
Unique Binding	Bound Only	K562	FAM120A_3	0.001	309	100.0	0	0.0	309	-7.459233264641703	-7.459233264641703	-1.0
Unique Binding	Bound Only	K562	FAM120A_3	0.01	168	54.36893203883495	0	0.0	168	-6.684586492233185	-6.684586492233185	-1.0
Unique Binding	Bound Only	K562	FAM120A_3	0.1	15	4.854368932038835	0	0.0	15	-1.7948742641503894	-1.7948742641503894	-1.0
Unique Binding	Bound Only	K562	FAM120A_4	0.0	150	100.0	90	0.0676894458759381	60	-0.26237025954759857	-0.19468081367166046	-0.5898351433776008
Unique Binding	Bound Only	K562	FAM120A_4	1e-05	150	100.0	90	0.0676894458759381	60	-0.26237025954759857	-0.19468081367166046	-0.5898351433776008
Unique Binding	Bound Only	K562	FAM120A_4	0.0001	150	100.0	90	0.0676894458759381	60	-0.26237025954759857	-0.19468081367166046	-0.5898351433776008
Unique Binding	Bound Only	K562	FAM120A_4	0.001	77	51.33333333333333	18	0.023451814365605082	59	-0.26172199746002867	-0.23827018309442358	-0.8355261711061714
Unique Binding	Bound Only	K562	FAM120A_4	0.01	0	0.0	0	0.0	0	0.0		
Unique Binding	Bound Only	K562	FAM120A_4	0.1	0	0.0	0	0.0	0	0.0		
Unique Binding	Bound Only	K562	FAM120A_5	0.0	277	100.0	274	5.304898922515106	3	-0.015585829186872116	5.289313093328234	0.9941411995657403
Unique Binding	Bound Only	K562	FAM120A_5	1e-05	277	100.0	274	5.304898922515106	3	-0.015585829186872116	5.289313093328234	0.9941411995657403
Unique Binding	Bound Only	K562	FAM120A_5	0.0001	277	100.0	274	5.304898922515106	3	-0.015585829186872116	5.289313093328234	0.9941411995657403
Unique Binding	Bound Only	K562	FAM120A_5	0.001	275	99.27797833935018	272	5.303796998167219	3	-0.015585829186872116	5.2882111689803475	0.9941399858995956
Unique Binding	Bound Only	K562	FAM120A_5	0.01	191	68.95306859205776	191	4.820355959704775	0	0.0	4.820355959704775	1.0
Unique Binding	Bound Only	K562	FAM120A_5	0.1	0	0.0	0	0.0	0	0.0		
Unique Binding	Bound Only	K562	FAM120A_6	0.0	801	100.0	133	0.6969890515879089	668	-2.6204285017017073	-1.9234394501137984	-0.5798002268983228
Unique Binding	Bound Only	K562	FAM120A_6	1e-05	801	100.0	133	0.6969890515879089	668	-2.6204285017017073	-1.9234394501137984	-0.5798002268983228
Unique Binding	Bound Only	K562	FAM120A_6	0.0001	801	100.0	133	0.6969890515879089	668	-2.6204285017017073	-1.9234394501137984	-0.5798002268983228
Unique Binding	Bound Only	K562	FAM120A_6	0.001	559	69.78776529338327	116	0.6845422018719627	443	-2.503634566957344	-1.8190923650853814	-0.5705744997801201
Unique Binding	Bound Only	K562	FAM120A_6	0.01	74	9.238451935081148	21	0.3037924958288566	53	-1.3688110483487372	-1.0650185525198808	-0.6367429724917522
Unique Binding	Bound Only	K562	FAM120A_6	0.1	0	0.0	0	0.0	0	0.0		
Unique Binding	Bound Only	K562	FASTKD2_1	0.0	64	26.666666666666668	0	0.0	64	-0.04993908563793381	-0.04993908563793381	-1.0
Unique Binding	Bound Only	K562	FASTKD2_1	1e-05	64	26.666666666666668	0	0.0	64	-0.04993908563793381	-0.04993908563793381	-1.0
Unique Binding	Bound Only	K562	FASTKD2_1	0.0001	64	26.666666666666668	0	0.0	64	-0.04993908563793381	-0.04993908563793381	-1.0
Unique Binding	Bound Only	K562	FASTKD2_1	0.001	18	7.5	0	0.0	18	-0.02231585618361383	-0.02231585618361383	-1.0
Unique Binding	Bound Only	K562	FASTKD2_1	0.01	0	0.0	0	0.0	0	0.0		
Unique Binding	Bound Only	K562	FASTKD2_1	0.1	0	0.0	0	0.0	0	0.0		
Unique Binding	Bound Only	K562	FASTKD2_2	0.0	618	100.0	17	0.002275561186488779	601	-0.6241995332314426	-0.6219239720449539	-0.9927353498749922
Unique Binding	Bound Only	K562	FASTKD2_2	1e-05	618	100.0	17	0.002275561186488779	601	-0.6241995332314426	-0.6219239720449539	-0.9927353498749922
Unique Binding	Bound Only	K562	FASTKD2_2	0.0001	618	100.0	17	0.002275561186488779	601	-0.6241995332314426	-0.6219239720449539	-0.9927353498749922
Unique Binding	Bound Only	K562	FASTKD2_2	0.001	137	22.168284789644012	0	0.0	137	-0.3688635423870833	-0.3688635423870833	-1.0
Unique Binding	Bound Only	K562	FASTKD2_2	0.01	14	2.26537216828479	0	0.0	14	-0.15603641653542938	-0.15603641653542938	-1.0
Unique Binding	Bound Only	K562	FASTKD2_2	0.1	0	0.0	0	0.0	0	0.0		
Unique Binding	Bound Only	K562	FASTKD2_3	0.0	50	24.752475247524753	0	0.0	50	-0.008535088199220046	-0.008535088199220046	-1.0
Unique Binding	Bound Only	K562	FASTKD2_3	1e-05	50	24.752475247524753	0	0.0	50	-0.008535088199220046	-0.008535088199220046	-1.0
Unique Binding	Bound Only	K562	FASTKD2_3	0.0001	34	16.831683168316832	0	0.0	34	-0.007040244958709264	-0.007040244958709264	-1.0
Unique Binding	Bound Only	K562	FASTKD2_3	0.001	0	0.0	0	0.0	0	0.0		
Unique Binding	Bound Only	K562	FASTKD2_3	0.01	0	0.0	0	0.0	0	0.0		
Unique Binding	Bound Only	K562	FASTKD2_3	0.1	0	0.0	0	0.0	0	0.0		
Unique Binding	Bound Only	K562	FASTKD2_4	0.0	159	100.0	0	0.0	159	-0.22595858869106628	-0.22595858869106628	-1.0
Unique Binding	Bound Only	K562	FASTKD2_4	1e-05	159	100.0	0	0.0	159	-0.22595858869106628	-0.22595858869106628	-1.0
Unique Binding	Bound Only	K562	FASTKD2_4	0.0001	121	76.10062893081762	0	0.0	121	-0.22370713781072912	-0.22370713781072912	-1.0
Unique Binding	Bound Only	K562	FASTKD2_4	0.001	60	37.735849056603776	0	0.0	60	-0.18111575447702238	-0.18111575447702238	-1.0
Unique Binding	Bound Only	K562	FASTKD2_4	0.01	6	3.7735849056603774	0	0.0	6	-0.06964888591802114	-0.06964888591802114	-1.0
Unique Binding	Bound Only	K562	FASTKD2_4	0.1	0	0.0	0	0.0	0	0.0		
Unique Binding	Bound Only	K562	FASTKD2_5	0.0	30	32.608695652173914	30	0.16715659625266763	0	0.0	0.16715659625266763	1.0
Unique Binding	Bound Only	K562	FASTKD2_5	1e-05	30	32.608695652173914	30	0.16715659625266763	0	0.0	0.16715659625266763	1.0
Unique Binding	Bound Only	K562	FASTKD2_5	0.0001	30	32.608695652173914	30	0.16715659625266763	0	0.0	0.16715659625266763	1.0
Unique Binding	Bound Only	K562	FASTKD2_5	0.001	29	31.521739130434785	29	0.16627113220876166	0	0.0	0.16627113220876166	1.0
Unique Binding	Bound Only	K562	FASTKD2_5	0.01	0	0.0	0	0.0	0	0.0		
Unique Binding	Bound Only	K562	FASTKD2_5	0.1	0	0.0	0	0.0	0	0.0		
Unique Binding	Bound Only	K562	FASTKD2_6	0.0	0	0.0	0	0.0	0	0.0		
Unique Binding	Bound Only	K562	FASTKD2_6	1e-05	0	0.0	0	0.0	0	0.0		
Unique Binding	Bound Only	K562	FASTKD2_6	0.0001	0	0.0	0	0.0	0	0.0		
Unique Binding	Bound Only	K562	FASTKD2_6	0.001	0	0.0	0	0.0	0	0.0		
Unique Binding	Bound Only	K562	FASTKD2_6	0.01	0	0.0	0	0.0	0	0.0		
Unique Binding	Bound Only	K562	FASTKD2_6	0.1	0	0.0	0	0.0	0	0.0		
Unique Binding	Bound Only	K562	FMR1_1	0.0	3126	100.0	3073	6.837758471090002	53	-0.036422330952112156	6.80133614013789	0.9894031501349828
Unique Binding	Bound Only	K562	FMR1_1	1e-05	3121	99.84005118362124	3068	6.837721429372385	53	-0.036422330952112156	6.801299098420273	0.98940309303325
Unique Binding	Bound Only	K562	FMR1_1	0.0001	3063	97.98464491362763	3030	6.835817478796646	33	-0.03553966069543278	6.800277818101214	0.9896557084797197
Unique Binding	Bound Only	K562	FMR1_1	0.001	2178	69.67370441458733	2165	6.319390771326734	13	-0.027461973428226115	6.291928797898509	0.9913462704957444
Unique Binding	Bound Only	K562	FMR1_1	0.01	4	0.12795905310300704	4	0.050932041549946294	0	0.0	0.050932041549946294	1.0
Unique Binding	Bound Only	K562	FMR1_1	0.1	0	0.0	0	0.0	0	0.0		
Unique Binding	Bound Only	K562	FMR1_2	0.0	3412	100.0	1521	3.4994872207451593	1891	-0.7779671258292615	2.7215200949158977	0.6362476076677275
Unique Binding	Bound Only	K562	FMR1_2	1e-05	3400	99.64830011723329	1516	3.499470000456152	1884	-0.7779087179034359	2.7215612825527162	0.6362684863210941
Unique Binding	Bound Only	K562	FMR1_2	0.0001	3000	87.92497069167644	1438	3.4953234604883607	1562	-0.7585395699420351	2.7367838905463255	0.6433643657467326
Unique Binding	Bound Only	K562	FMR1_2	0.001	1052	30.83235638921454	943	3.2149916161672634	109	-0.25929277903541864	2.9556988371318447	0.8507360080289039
Unique Binding	Bound Only	K562	FMR1_2	0.01	31	0.9085580304806564	31	0.3399848756859987	0	0.0	0.3399848756859987	1.0
Unique Binding	Bound Only	K562	FMR1_2	0.1	0	0.0	0	0.0	0	0.0		
Unique Binding	Bound Only	K562	FMR1_3	0.0	2649	100.0	2638	99.68754044616514	11	-0.08863151034816738	99.59890893581698	0.9982233932489053
Unique Binding	Bound Only	K562	FMR1_3	1e-05	2649	100.0	2638	99.68754044616514	11	-0.08863151034816738	99.59890893581698	0.9982233932489053
Unique Binding	Bound Only	K562	FMR1_3	0.0001	2649	100.0	2638	99.68754044616514	11	-0.08863151034816738	99.59890893581698	0.9982233932489053
Unique Binding	Bound Only	K562	FMR1_3	0.001	2641	99.69799924499812	2632	99.6858011977688	9	-0.08812110995102784	99.59768008781776	0.9982335843291947
Unique Binding	Bound Only	K562	FMR1_3	0.01	2589	97.73499433748584	2583	99.30076123377845	6	-0.0723993504446188	99.22836188333383	0.9985428791834944
Unique Binding	Bound Only	K562	FMR1_3	0.1	66	2.491506228765572	66	7.794172630378212	0	0.0	7.794172630378212	1.0
Unique Binding	Bound Only	K562	FMR1_4	0.0	2774	100.0	2774	57.717386156089376	0	0.0	57.717386156089376	1.0
Unique Binding	Bound Only	K562	FMR1_4	1e-05	2774	100.0	2774	57.717386156089376	0	0.0	57.717386156089376	1.0
Unique Binding	Bound Only	K562	FMR1_4	0.0001	2774	100.0	2774	57.717386156089376	0	0.0	57.717386156089376	1.0
Unique Binding	Bound Only	K562	FMR1_4	0.001	2774	100.0	2774	57.717386156089376	0	0.0	57.717386156089376	1.0
Unique Binding	Bound Only	K562	FMR1_4	0.01	2413	86.98630136986301	2413	54.799767435495525	0	0.0	54.799767435495525	1.0
Unique Binding	Bound Only	K562	FMR1_4	0.1	0	0.0	0	0.0	0	0.0		
Unique Binding	Bound Only	K562	FMR1_5	0.0	2866	100.0	9	0.16123634522263977	2857	-25.08462932552772	-24.92339298030508	-0.9872267128942663
Unique Binding	Bound Only	K562	FMR1_5	1e-05	2866	100.0	9	0.16123634522263977	2857	-25.08462932552772	-24.92339298030508	-0.9872267128942663
Unique Binding	Bound Only	K562	FMR1_5	0.0001	2866	100.0	9	0.16123634522263977	2857	-25.08462932552772	-24.92339298030508	-0.9872267128942663
Unique Binding	Bound Only	K562	FMR1_5	0.001	2844	99.23237962316817	9	0.16123634522263977	2835	-25.067019933843866	-24.905783588621226	-0.9872177971050319
Unique Binding	Bound Only	K562	FMR1_5	0.01	763	26.622470341939987	9	0.16123634522263977	754	-15.421091015577014	-15.259854670354374	-0.9793052293807841
Unique Binding	Bound Only	K562	FMR1_5	0.1	0	0.0	0	0.0	0	0.0		
Unique Binding	Bound Only	K562	FMR1_6	0.0	2851	100.0	2193	2.7630653146530206	658	-2.0317843099166932	0.7312810047363274	0.15251385590678496
Unique Binding	Bound Only	K562	FMR1_6	1e-05	2841	99.64924587863906	2189	2.7630499950303795	652	-2.031772918686224	0.7312770763441554	0.15251388622761913
Unique Binding	Bound Only	K562	FMR1_6	0.0001	2732	95.82602595580498	2138	2.76048876923241	594	-2.0286756807095596	0.7318130885228502	0.15280600534227168
Unique Binding	Bound Only	K562	FMR1_6	0.001	1395	48.93019992984918	1027	2.1312414273840954	368	-1.9329622739964942	0.19827915338760116	0.048786716404063776
Unique Binding	Bound Only	K562	FMR1_6	0.01	39	1.3679410733076114	0	0.0	39	-0.8663786520539303	-0.8663786520539303	-1.0
Unique Binding	Bound Only	K562	FMR1_6	0.1	0	0.0	0	0.0	0	0.0		
Unique Binding	Bound Only	K562	FTO_1	0.0	836	100.0	2	0.00013414238519755735	834	-20.08018360500402	-20.080049462618824	-0.9999866394160806
Unique Binding	Bound Only	K562	FTO_1	1e-05	835	99.88038277511961	1	0.00012698281013708815	834	-20.08018360500402	-20.080056622193883	-0.9999873525053726
Unique Binding	Bound Only	K562	FTO_1	0.0001	834	99.76076555023924	1	0.00012698281013708815	833	-20.08010551178	-20.079978528969864	-0.9999873524561859
Unique Binding	Bound Only	K562	FTO_1	0.001	831	99.4019138755981	0	0.0	831	-20.078987413152518	-20.078987413152518	-1.0
Unique Binding	Bound Only	K562	FTO_1	0.01	682	81.57894736842105	0	0.0	682	-19.057480193614985	-19.057480193614985	-1.0
Unique Binding	Bound Only	K562	FTO_1	0.1	0	0.0	0	0.0	0	0.0		
Unique Binding	Bound Only	K562	FTO_2	0.0	1242	100.0	143	0.11742776193586005	1099	-0.4588579479537808	-0.34143018601792074	-0.5924668617642885
Unique Binding	Bound Only	K562	FTO_2	1e-05	1240	99.8389694041868	142	0.11742563353382804	1098	-0.4588522092994937	-0.3414265757656657	-0.5924686850478431
Unique Binding	Bound Only	K562	FTO_2	0.0001	656	52.81803542673108	140	0.11735181923430549	516	-0.4253138889902036	-0.3079620697558981	-0.5674986738400826
Unique Binding	Bound Only	K562	FTO_2	0.001	177	14.251207729468598	43	0.07527290320074863	134	-0.2924164095383691	-0.21714350633762047	-0.5905624635102944
Unique Binding	Bound Only	K562	FTO_2	0.01	0	0.0	0	0.0	0	0.0		
Unique Binding	Bound Only	K562	FTO_2	0.1	0	0.0	0	0.0	0	0.0		
Unique Binding	Bound Only	K562	FTO_3	0.0	656	100.0	563	1.0870079812274775	93	-0.06231129148354113	1.0246966897439365	0.8915683518704756
Unique Binding	Bound Only	K562	FTO_3	1e-05	643	98.01829268292683	558	1.086985228085379	85	-0.06229130910031846	1.0246939189850603	0.89159909371707
Unique Binding	Bound Only	K562	FTO_3	0.0001	610	92.98780487804879	539	1.0859693993844575	71	-0.061672366136797475	1.02429703324766	0.8925233152197347
Unique Binding	Bound Only	K562	FTO_3	0.001	164	25.0	139	0.9759434004122822	25	-0.04880767414309545	0.9271357262691868	0.9047423801643297
Unique Binding	Bound Only	K562	FTO_3	0.01	41	6.25	41	0.5503588579107526	0	0.0	0.5503588579107526	1.0
Unique Binding	Bound Only	K562	FTO_3	0.1	0	0.0	0	0.0	0	0.0		
Unique Binding	Bound Only	K562	FTO_4	0.0	251	100.0	251	5.220337573851702	0	0.0	5.220337573851702	1.0
Unique Binding	Bound Only	K562	FTO_4	1e-05	251	100.0	251	5.220337573851702	0	0.0	5.220337573851702	1.0
Unique Binding	Bound Only	K562	FTO_4	0.0001	251	100.0	251	5.220337573851702	0	0.0	5.220337573851702	1.0
Unique Binding	Bound Only	K562	FTO_4	0.001	251	100.0	251	5.220337573851702	0	0.0	5.220337573851702	1.0
Unique Binding	Bound Only	K562	FTO_4	0.01	175	69.7211155378486	175	4.657813293671561	0	0.0	4.657813293671561	1.0
Unique Binding	Bound Only	K562	FTO_4	0.1	9	3.5856573705179287	9	1.0224364125390881	0	0.0	1.0224364125390881	1.0
Unique Binding	Bound Only	K562	FTO_5	0.0	302	100.0	0	0.0	302	-24.714555637641247	-24.714555637641247	-1.0
Unique Binding	Bound Only	K562	FTO_5	1e-05	302	100.0	0	0.0	302	-24.714555637641247	-24.714555637641247	-1.0
Unique Binding	Bound Only	K562	FTO_5	0.0001	302	100.0	0	0.0	302	-24.714555637641247	-24.714555637641247	-1.0
Unique Binding	Bound Only	K562	FTO_5	0.001	302	100.0	0	0.0	302	-24.714555637641247	-24.714555637641247	-1.0
Unique Binding	Bound Only	K562	FTO_5	0.01	299	99.00662251655629	0	0.0	299	-24.691432903485882	-24.691432903485882	-1.0
Unique Binding	Bound Only	K562	FTO_5	0.1	122	40.397350993377486	0	0.0	122	-17.692609571841736	-17.692609571841736	-1.0
Unique Binding	Bound Only	K562	FTO_6	0.0	122	100.0	3	0.006051676789274212	119	-0.3123204072142386	-0.3062687304249644	-0.9619836217222648
Unique Binding	Bound Only	K562	FTO_6	1e-05	122	100.0	3	0.006051676789274212	119	-0.3123204072142386	-0.3062687304249644	-0.9619836217222648
Unique Binding	Bound Only	K562	FTO_6	0.0001	122	100.0	3	0.006051676789274212	119	-0.3123204072142386	-0.3062687304249644	-0.9619836217222648
Unique Binding	Bound Only	K562	FTO_6	0.001	81	66.39344262295081	3	0.006051676789274212	78	-0.2914944762921518	-0.2854427995028776	-0.9593227690789999
Unique Binding	Bound Only	K562	FTO_6	0.01	0	0.0	0	0.0	0	0.0		
Unique Binding	Bound Only	K562	FTO_6	0.1	0	0.0	0	0.0	0	0.0		
Unique Binding	Bound Only	K562	FUS_1	0.0	630	100.0	29	0.042920912051341624	601	-0.20392834677456687	-0.16100743472322523	-0.6522500229047737
Unique Binding	Bound Only	K562	FUS_1	1e-05	630	100.0	29	0.042920912051341624	601	-0.20392834677456687	-0.16100743472322523	-0.6522500229047737
Unique Binding	Bound Only	K562	FUS_1	0.0001	253	40.15873015873016	29	0.042920912051341624	224	-0.18545032302194792	-0.14252941097060629	-0.62411280004185
Unique Binding	Bound Only	K562	FUS_1	0.001	85	13.492063492063492	23	0.039373537529225705	62	-0.1535317553805131	-0.11415821785128741	-0.5917837511317147
Unique Binding	Bound Only	K562	FUS_1	0.01	0	0.0	0	0.0	0	0.0		
Unique Binding	Bound Only	K562	FUS_1	0.1	0	0.0	0	0.0	0	0.0		
Unique Binding	Bound Only	K562	FUS_2	0.0	1772	100.0	20	0.16493236417617177	1752	-15.384364825769303	-15.219432461593131	-0.9787858753792652
Unique Binding	Bound Only	K562	FUS_2	1e-05	1772	100.0	20	0.16493236417617177	1752	-15.384364825769303	-15.219432461593131	-0.9787858753792652
Unique Binding	Bound Only	K562	FUS_2	0.0001	1772	100.0	20	0.16493236417617177	1752	-15.384364825769303	-15.219432461593131	-0.9787858753792652
Unique Binding	Bound Only	K562	FUS_2	0.001	1705	96.21896162528216	19	0.16473703224595834	1686	-15.333005973110252	-15.168268940864294	-0.9787405130941941
Unique Binding	Bound Only	K562	FUS_2	0.01	327	18.45372460496614	4	0.059348568707894206	323	-9.920272809178122	-9.860924240470228	-0.9881060480231432
Unique Binding	Bound Only	K562	FUS_2	0.1	19	1.072234762979684	0	0.0	19	-3.475907417614761	-3.475907417614761	-1.0
Unique Binding	Bound Only	K562	FUS_3	0.0	897	100.0	0	0.0	897	-15.576516068232898	-15.576516068232898	-1.0
Unique Binding	Bound Only	K562	FUS_3	1e-05	897	100.0	0	0.0	897	-15.576516068232898	-15.576516068232898	-1.0
Unique Binding	Bound Only	K562	FUS_3	0.0001	897	100.0	0	0.0	897	-15.576516068232898	-15.576516068232898	-1.0
Unique Binding	Bound Only	K562	FUS_3	0.001	897	100.0	0	0.0	897	-15.576516068232898	-15.576516068232898	-1.0
Unique Binding	Bound Only	K562	FUS_3	0.01	455	50.72463768115942	0	0.0	455	-13.101614730220952	-13.101614730220952	-1.0
Unique Binding	Bound Only	K562	FUS_3	0.1	0	0.0	0	0.0	0	0.0		
Unique Binding	Bound Only	K562	FUS_4	0.0	782	100.0	765	3.8020576637609604	17	-0.2010412940537042	3.6010163697072564	0.8995571699963897
Unique Binding	Bound Only	K562	FUS_4	1e-05	782	100.0	765	3.8020576637609604	17	-0.2010412940537042	3.6010163697072564	0.8995571699963897
Unique Binding	Bound Only	K562	FUS_4	0.0001	781	99.87212276214834	765	3.8020576637609604	16	-0.20099972079073436	3.6010579429702263	0.8995768976150992
Unique Binding	Bound Only	K562	FUS_4	0.001	771	98.59335038363172	755	3.792884712874016	16	-0.20099972079073436	3.5918849920832816	0.8993462509348078
Unique Binding	Bound Only	K562	FUS_4	0.01	78	9.974424552429667	70	0.8038627678545689	8	-0.16882201993056414	0.6350407479240048	0.6528741437090161
Unique Binding	Bound Only	K562	FUS_4	0.1	0	0.0	0	0.0	0	0.0		
Unique Binding	Bound Only	K562	FUS_5	0.0	703	100.0	1	0.0002783855652715651	702	-4.0660373326796435	-4.065758947114372	-0.9998630772499918
Unique Binding	Bound Only	K562	FUS_5	1e-05	703	100.0	1	0.0002783855652715651	702	-4.0660373326796435	-4.065758947114372	-0.9998630772499918
Unique Binding	Bound Only	K562	FUS_5	0.0001	699	99.43100995732574	1	0.0002783855652715651	698	-4.06571418979862	-4.065435804233348	-0.9998630663681195
Unique Binding	Bound Only	K562	FUS_5	0.001	570	81.08108108108108	0	0.0	570	-3.996236273671375	-3.996236273671375	-1.0
Unique Binding	Bound Only	K562	FUS_5	0.01	65	9.246088193456615	0	0.0	65	-2.2239053326751916	-2.2239053326751916	-1.0
Unique Binding	Bound Only	K562	FUS_5	0.1	0	0.0	0	0.0	0	0.0		
Unique Binding	Bound Only	K562	FUS_6	0.0	493	100.0	493	2.725411127114427	0	0.0	2.725411127114427	1.0
Unique Binding	Bound Only	K562	FUS_6	1e-05	493	100.0	493	2.725411127114427	0	0.0	2.725411127114427	1.0
Unique Binding	Bound Only	K562	FUS_6	0.0001	493	100.0	493	2.725411127114427	0	0.0	2.725411127114427	1.0
Unique Binding	Bound Only	K562	FUS_6	0.001	468	94.9290060851927	468	2.703879371076954	0	0.0	2.703879371076954	1.0
Unique Binding	Bound Only	K562	FUS_6	0.01	68	13.793103448275861	68	0.96017289293076	0	0.0	0.96017289293076	1.0
Unique Binding	Bound Only	K562	FUS_6	0.1	0	0.0	0	0.0	0	0.0		
Unique Binding	Bound Only	K562	FXR1_1	0.0	2121	100.0	58	0.028477209617598562	2063	-6.278573238743432	-6.250096029125833	-0.990969721948237
Unique Binding	Bound Only	K562	FXR1_1	1e-05	2121	100.0	58	0.028477209617598562	2063	-6.278573238743432	-6.250096029125833	-0.990969721948237
Unique Binding	Bound Only	K562	FXR1_1	0.0001	2094	98.72701555869872	51	0.02799357161481109	2043	-6.277251609023212	-6.249258037408401	-0.9911205446218736
Unique Binding	Bound Only	K562	FXR1_1	0.001	1343	63.31918906176332	6	0.009876329813055041	1337	-5.856542921961348	-5.846666592148293	-0.9966329273823831
Unique Binding	Bound Only	K562	FXR1_1	0.01	124	5.846298915605846	0	0.0	124	-2.3756279613083606	-2.3756279613083606	-1.0
Unique Binding	Bound Only	K562	FXR1_1	0.1	0	0.0	0	0.0	0	0.0		
Unique Binding	Bound Only	K562	FXR1_2	0.0	2589	100.0	376	0.07762044816954869	2213	-0.2763288741945523	-0.19870842602500363	-0.5614036063066565
Unique Binding	Bound Only	K562	FXR1_2	1e-05	2516	97.18037852452684	360	0.07753262325195798	2156	-0.27592193941872606	-0.19838931616676808	-0.5612866181942846
Unique Binding	Bound Only	K562	FXR1_2	0.0001	695	26.844341444573196	254	0.07166821669966648	441	-0.20086143207057203	-0.12919321537090556	-0.4740519644518547
Unique Binding	Bound Only	K562	FXR1_2	0.001	57	2.20162224797219	2	0.0032739155546458176	55	-0.09248857784486968	-0.08921466229022386	-0.9316242625181608
Unique Binding	Bound Only	K562	FXR1_2	0.01	0	0.0	0	0.0	0	0.0		
Unique Binding	Bound Only	K562	FXR1_2	0.1	0	0.0	0	0.0	0	0.0		
Unique Binding	Bound Only	K562	FXR1_3	0.0	2001	100.0	2001	64.2627791327017	0	0.0	64.2627791327017	1.0
Unique Binding	Bound Only	K562	FXR1_3	1e-05	2001	100.0	2001	64.2627791327017	0	0.0	64.2627791327017	1.0
Unique Binding	Bound Only	K562	FXR1_3	0.0001	2001	100.0	2001	64.2627791327017	0	0.0	64.2627791327017	1.0
Unique Binding	Bound Only	K562	FXR1_3	0.001	2001	100.0	2001	64.2627791327017	0	0.0	64.2627791327017	1.0
Unique Binding	Bound Only	K562	FXR1_3	0.01	1970	98.45077461269365	1970	64.01443872538105	0	0.0	64.01443872538105	1.0
Unique Binding	Bound Only	K562	FXR1_3	0.1	16	0.7996001999000499	16	1.8776383425300653	0	0.0	1.8776383425300653	1.0
Unique Binding	Bound Only	K562	FXR1_4	0.0	2577	100.0	2577	119.1638506036013	0	0.0	119.1638506036013	1.0
Unique Binding	Bound Only	K562	FXR1_4	1e-05	2577	100.0	2577	119.1638506036013	0	0.0	119.1638506036013	1.0
Unique Binding	Bound Only	K562	FXR1_4	0.0001	2577	100.0	2577	119.1638506036013	0	0.0	119.1638506036013	1.0
Unique Binding	Bound Only	K562	FXR1_4	0.001	2577	100.0	2577	119.1638506036013	0	0.0	119.1638506036013	1.0
Unique Binding	Bound Only	K562	FXR1_4	0.01	2574	99.88358556461002	2574	119.13498108089945	0	0.0	119.13498108089945	1.0
Unique Binding	Bound Only	K562	FXR1_4	0.1	166	6.441598758246022	166	19.054609157386675	0	0.0	19.054609157386675	1.0
Unique Binding	Bound Only	K562	FXR1_5	0.0	2181	100.0	980	0.3231795621194306	1201	-0.2649144151585112	0.05826514696091939	0.09907455136780362
Unique Binding	Bound Only	K562	FXR1_5	1e-05	1587	72.76478679504814	672	0.32161497617264456	915	-0.26340514016055855	0.058209836012086014	0.09950057166740589
Unique Binding	Bound Only	K562	FXR1_5	0.0001	709	32.508023842274184	299	0.3099630873741799	410	-0.2463506191567778	0.06361246821740207	0.11434639749229722
Unique Binding	Bound Only	K562	FXR1_5	0.001	181	8.298945437872536	128	0.2499463225118972	53	-0.11358313478326867	0.13636318772862852	0.3751090454766342
Unique Binding	Bound Only	K562	FXR1_5	0.01	0	0.0	0	0.0	0	0.0		
Unique Binding	Bound Only	K562	FXR1_5	0.1	0	0.0	0	0.0	0	0.0		
Unique Binding	Bound Only	K562	FXR1_6	0.0	2610	100.0	34	0.013830828789458387	2576	-2.6934825454563325	-2.679651716666874	-0.9897826170246646
Unique Binding	Bound Only	K562	FXR1_6	1e-05	2593	99.34865900383141	25	0.01376379815625159	2568	-2.6934540666325515	-2.6796902684762998	-0.989831776499949
Unique Binding	Bound Only	K562	FXR1_6	0.0001	2475	94.82758620689656	14	0.013216631323336272	2461	-2.6870056507243207	-2.6737890194009846	-0.9902107086433539
Unique Binding	Bound Only	K562	FXR1_6	0.001	560	21.455938697318008	7	0.011572303724734974	553	-1.9419770913674697	-1.9304047876427346	-0.9881525353248732
Unique Binding	Bound Only	K562	FXR1_6	0.01	38	1.4559386973180077	0	0.0	38	-0.6812116077204953	-0.6812116077204953	-1.0
Unique Binding	Bound Only	K562	FXR1_6	0.1	0	0.0	0	0.0	0	0.0		
Unique Binding	Bound Only	K562	FXR2_1	0.0	3454	100.0	799	0.5711757775957725	2655	-2.511796536561375	-1.9406207589656024	-0.6294642186873313
Unique Binding	Bound Only	K562	FXR2_1	1e-05	3430	99.30515344528084	794	0.5711512891597136	2636	-2.5117016969606465	-1.940550407800933	-0.6294657632192294
Unique Binding	Bound Only	K562	FXR2_1	0.0001	2961	85.72669368847713	627	0.5614248586054837	2334	-2.494440122271528	-1.9330152636660443	-0.6325591201713638
Unique Binding	Bound Only	K562	FXR2_1	0.001	723	20.93225246091488	108	0.3605138043827639	615	-1.7710827495160864	-1.4105689451333223	-0.6617429281133362
Unique Binding	Bound Only	K562	FXR2_1	0.01	23	0.6658946149392009	1	0.011277663628851362	22	-0.3747761916488962	-0.36349852802004484	-0.9415746612827498
Unique Binding	Bound Only	K562	FXR2_1	0.1	0	0.0	0	0.0	0	0.0		
Unique Binding	Bound Only	K562	FXR2_2	0.0	3398	100.0	41	0.020377916343993246	3357	-20.286005109041806	-20.265627192697814	-0.9979929545977225
Unique Binding	Bound Only	K562	FXR2_2	1e-05	3398	100.0	41	0.020377916343993246	3357	-20.286005109041806	-20.265627192697814	-0.9979929545977225
Unique Binding	Bound Only	K562	FXR2_2	0.0001	3386	99.6468510888758	37	0.020150690975375425	3349	-20.285370920500633	-20.26522022952526	-0.9980152501018259
Unique Binding	Bound Only	K562	FXR2_2	0.001	3078	90.58269570335491	5	0.012882560248156583	3073	-20.090920636104897	-20.078038075856742	-0.9987183957062918
Unique Binding	Bound Only	K562	FXR2_2	0.01	608	17.89287816362566	0	0.0	608	-10.550558031147848	-10.550558031147848	-1.0
Unique Binding	Bound Only	K562	FXR2_2	0.1	0	0.0	0	0.0	0	0.0		
Unique Binding	Bound Only	K562	FXR2_3	0.0	2635	100.0	2635	29.083856812401244	0	0.0	29.083856812401244	1.0
Unique Binding	Bound Only	K562	FXR2_3	1e-05	2635	100.0	2635	29.083856812401244	0	0.0	29.083856812401244	1.0
Unique Binding	Bound Only	K562	FXR2_3	0.0001	2635	100.0	2635	29.083856812401244	0	0.0	29.083856812401244	1.0
Unique Binding	Bound Only	K562	FXR2_3	0.001	2635	100.0	2635	29.083856812401244	0	0.0	29.083856812401244	1.0
Unique Binding	Bound Only	K562	FXR2_3	0.01	1068	40.53130929791271	1068	19.21846337902467	0	0.0	19.21846337902467	1.0
Unique Binding	Bound Only	K562	FXR2_3	0.1	0	0.0	0	0.0	0	0.0		
Unique Binding	Bound Only	K562	FXR2_4	0.0	2522	100.0	2522	52.18166159631282	0	0.0	52.18166159631282	1.0
Unique Binding	Bound Only	K562	FXR2_4	1e-05	2522	100.0	2522	52.18166159631282	0	0.0	52.18166159631282	1.0
Unique Binding	Bound Only	K562	FXR2_4	0.0001	2522	100.0	2522	52.18166159631282	0	0.0	52.18166159631282	1.0
Unique Binding	Bound Only	K562	FXR2_4	0.001	2522	100.0	2522	52.18166159631282	0	0.0	52.18166159631282	1.0
Unique Binding	Bound Only	K562	FXR2_4	0.01	2010	79.69865186360032	2010	48.301577012308385	0	0.0	48.301577012308385	1.0
Unique Binding	Bound Only	K562	FXR2_4	0.1	0	0.0	0	0.0	0	0.0		
Unique Binding	Bound Only	K562	FXR2_5	0.0	2694	100.0	460	0.068986658984406	2234	-1.3712057161637388	-1.3022190571793328	-0.9041979944140315
Unique Binding	Bound Only	K562	FXR2_5	1e-05	2660	98.73793615441723	436	0.06886904597123039	2224	-1.371154472112254	-1.3022854261410235	-0.9043501094164244
Unique Binding	Bound Only	K562	FXR2_5	0.0001	1777	65.96139569413512	219	0.05833244654722212	1558	-1.3280672587524363	-1.2697348122052141	-0.9158504631467531
Unique Binding	Bound Only	K562	FXR2_5	0.001	317	11.766889383815887	0	0.0	317	-0.9676881574470884	-0.9676881574470884	-1.0
Unique Binding	Bound Only	K562	FXR2_5	0.01	0	0.0	0	0.0	0	0.0		
Unique Binding	Bound Only	K562	FXR2_5	0.1	0	0.0	0	0.0	0	0.0		
Unique Binding	Bound Only	K562	FXR2_6	0.0	2473	100.0	262	0.06158732195759915	2211	-2.1384229243397037	-2.0768356023821046	-0.9440117862530388
Unique Binding	Bound Only	K562	FXR2_6	1e-05	2441	98.70602507076426	247	0.06148445988316555	2194	-2.138340186922389	-2.0768557270392236	-0.944100580950896
Unique Binding	Bound Only	K562	FXR2_6	0.0001	2169	87.70723817226042	137	0.05481386324840229	2032	-2.1280633812649046	-2.0732495180165023	-0.9497783364720322
Unique Binding	Bound Only	K562	FXR2_6	0.001	341	13.78892033966842	4	0.02336801698907702	337	-1.4600887862910275	-1.4367207693019504	-0.968495183766177
Unique Binding	Bound Only	K562	FXR2_6	0.01	27	1.0917913465426607	1	0.01907104511313983	26	-0.7235010701785027	-0.7044300250653629	-0.9486351703210677
Unique Binding	Bound Only	K562	FXR2_6	0.1	0	0.0	0	0.0	0	0.0		
Unique Binding	Bound Only	K562	GARS_1	0.0	195	100.0	118	0.2611962246212272	77	-0.6471381157503999	-0.3859418911291727	-0.42488968431081464
Unique Binding	Bound Only	K562	GARS_1	1e-05	195	100.0	118	0.2611962246212272	77	-0.6471381157503999	-0.3859418911291727	-0.42488968431081464
Unique Binding	Bound Only	K562	GARS_1	0.0001	192	98.46153846153847	115	0.2609117733909613	77	-0.6471381157503999	-0.38622634235943865	-0.42533603822654353
Unique Binding	Bound Only	K562	GARS_1	0.001	172	88.2051282051282	102	0.252644772899549	70	-0.6430295562868916	-0.3903847833873426	-0.43585572419155644
Unique Binding	Bound Only	K562	GARS_1	0.01	20	10.256410256410255	0	0.0	20	-0.34402998509548494	-0.34402998509548494	-1.0
Unique Binding	Bound Only	K562	GARS_1	0.1	0	0.0	0	0.0	0	0.0		
Unique Binding	Bound Only	K562	GARS_2	0.0	312	100.0	309	0.06088804056489667	3	-0.0001366328567827584	0.06075140770811391	0.9955220454572979
Unique Binding	Bound Only	K562	GARS_2	1e-05	312	100.0	309	0.06088804056489667	3	-0.0001366328567827584	0.06075140770811391	0.9955220454572979
Unique Binding	Bound Only	K562	GARS_2	0.0001	25	8.012820512820513	25	0.05112430783017064	0	0.0	0.05112430783017064	1.0
Unique Binding	Bound Only	K562	GARS_2	0.001	19	6.089743589743589	19	0.04976529557308685	0	0.0	0.04976529557308685	1.0
Unique Binding	Bound Only	K562	GARS_2	0.01	0	0.0	0	0.0	0	0.0		
Unique Binding	Bound Only	K562	GARS_2	0.1	0	0.0	0	0.0	0	0.0		
Unique Binding	Bound Only	K562	GARS_3	0.0	0	0.0	0	0.0	0	0.0		
Unique Binding	Bound Only	K562	GARS_3	1e-05	0	0.0	0	0.0	0	0.0		
Unique Binding	Bound Only	K562	GARS_3	0.0001	0	0.0	0	0.0	0	0.0		
Unique Binding	Bound Only	K562	GARS_3	0.001	0	0.0	0	0.0	0	0.0		
Unique Binding	Bound Only	K562	GARS_3	0.01	0	0.0	0	0.0	0	0.0		
Unique Binding	Bound Only	K562	GARS_3	0.1	0	0.0	0	0.0	0	0.0		
Unique Binding	Bound Only	K562	GARS_4	0.0	177	100.0	143	0.20999272838751737	34	-0.021872610056070278	0.1881201183314471	0.8113335076049598
Unique Binding	Bound Only	K562	GARS_4	1e-05	177	100.0	143	0.20999272838751737	34	-0.021872610056070278	0.1881201183314471	0.8113335076049598
Unique Binding	Bound Only	K562	GARS_4	0.0001	165	93.22033898305084	141	0.20991426635371338	24	-0.02112333563510785	0.18879093071860553	0.8171437423754953
Unique Binding	Bound Only	K562	GARS_4	0.001	91	51.41242937853108	79	0.17056587811374022	12	-0.016250994499254805	0.15431488361448542	0.8260221973320372
Unique Binding	Bound Only	K562	GARS_4	0.01	0	0.0	0	0.0	0	0.0		
Unique Binding	Bound Only	K562	GARS_4	0.1	0	0.0	0	0.0	0	0.0		
Unique Binding	Bound Only	K562	GARS_5	0.0	57	45.6	0	0.0	57	-0.008866429602902837	-0.008866429602902837	-1.0
Unique Binding	Bound Only	K562	GARS_5	1e-05	12	9.6	0	0.0	12	-0.008777255503533497	-0.008777255503533497	-1.0
Unique Binding	Bound Only	K562	GARS_5	0.0001	10	8.0	0	0.0	10	-0.00873404805829377	-0.00873404805829377	-1.0
Unique Binding	Bound Only	K562	GARS_5	0.001	2	1.6	0	0.0	2	-0.0034420459330609383	-0.0034420459330609383	-1.0
Unique Binding	Bound Only	K562	GARS_5	0.01	0	0.0	0	0.0	0	0.0		
Unique Binding	Bound Only	K562	GARS_5	0.1	0	0.0	0	0.0	0	0.0		
Unique Binding	Bound Only	K562	GARS_6	0.0	91	100.0	0	0.0	91	-0.49780615136771184	-0.49780615136771184	-1.0
Unique Binding	Bound Only	K562	GARS_6	1e-05	91	100.0	0	0.0	91	-0.49780615136771184	-0.49780615136771184	-1.0
Unique Binding	Bound Only	K562	GARS_6	0.0001	91	100.0	0	0.0	91	-0.49780615136771184	-0.49780615136771184	-1.0
Unique Binding	Bound Only	K562	GARS_6	0.001	64	70.32967032967034	0	0.0	64	-0.4776355065822505	-0.4776355065822505	-1.0
Unique Binding	Bound Only	K562	GARS_6	0.01	9	9.89010989010989	0	0.0	9	-0.26197085755955163	-0.26197085755955163	-1.0
Unique Binding	Bound Only	K562	GARS_6	0.1	0	0.0	0	0.0	0	0.0		
Unique Binding	Bound Only	K562	GEMIN5_1	0.0	3521	100.0	3146	2.658220451572122	375	-0.6009792135623563	2.0572412380097655	0.631210557615494
Unique Binding	Bound Only	K562	GEMIN5_1	1e-05	3517	99.88639591025277	3145	2.6582133532204084	372	-0.6009712476496795	2.057242105570729	0.6312137413209175
Unique Binding	Bound Only	K562	GEMIN5_1	0.0001	3222	91.5080942913945	2896	2.640964859882977	326	-0.5986784709900013	2.042286388892976	0.6304047020949822
Unique Binding	Bound Only	K562	GEMIN5_1	0.001	751	21.3291678500426	620	1.8010955239807838	131	-0.5188729725806518	1.282222551400132	0.5526896392345805
Unique Binding	Bound Only	K562	GEMIN5_1	0.01	11	0.31241124680488497	4	0.04976981300468118	7	-0.18447537921872326	-0.13470556621404206	-0.5750622453995581
Unique Binding	Bound Only	K562	GEMIN5_1	0.1	0	0.0	0	0.0	0	0.0		
Unique Binding	Bound Only	K562	GEMIN5_2	0.0	4768	100.0	4451	3.5817056386209085	317	-0.4072474236682744	3.174458214952634	0.7958123761754353
Unique Binding	Bound Only	K562	GEMIN5_2	1e-05	4750	99.62248322147651	4435	3.5816449507908192	315	-0.4072447515474972	3.174400199243322	0.7958104726191014
Unique Binding	Bound Only	K562	GEMIN5_2	0.0001	4317	90.54110738255034	4072	3.5556964081132554	245	-0.40357685584516484	3.1521195522680907	0.7961358921502302
Unique Binding	Bound Only	K562	GEMIN5_2	0.001	944	19.798657718120804	866	2.439420881237944	78	-0.33392929704846436	2.1054915841894797	0.7591870657640558
Unique Binding	Bound Only	K562	GEMIN5_2	0.01	28	0.587248322147651	19	0.27046340574553046	9	-0.18908112166232316	0.0813822840832073	0.17709335924912262
Unique Binding	Bound Only	K562	GEMIN5_2	0.1	0	0.0	0	0.0	0	0.0		
Unique Binding	Bound Only	K562	GEMIN5_3	0.0	1779	100.0	847	0.2774681783089963	932	-0.44091762772945764	-0.16344944942046136	-0.2275232166985663
Unique Binding	Bound Only	K562	GEMIN5_3	1e-05	1452	81.61888701517707	637	0.2762541301739008	815	-0.4404734778985353	-0.16421934772463448	-0.22912379246319983
Unique Binding	Bound Only	K562	GEMIN5_3	0.0001	925	51.99550309162451	359	0.271896368706832	566	-0.4282392994586021	-0.15634293075177014	-0.22330376505661484
Unique Binding	Bound Only	K562	GEMIN5_3	0.001	219	12.310286677908937	112	0.16427921067006668	107	-0.21803262050473002	-0.05375340983466334	-0.14060095830538594
Unique Binding	Bound Only	K562	GEMIN5_3	0.01	0	0.0	0	0.0	0	0.0		
Unique Binding	Bound Only	K562	GEMIN5_3	0.1	0	0.0	0	0.0	0	0.0		
Unique Binding	Bound Only	K562	GEMIN5_4	0.0	1051	100.0	1004	2.104034962630964	47	-0.04499582264012185	2.059039139990842	0.958124543446737
Unique Binding	Bound Only	K562	GEMIN5_4	1e-05	1051	100.0	1004	2.104034962630964	47	-0.04499582264012185	2.059039139990842	0.958124543446737
Unique Binding	Bound Only	K562	GEMIN5_4	0.0001	1020	97.05042816365366	989	2.102728628591451	31	-0.044281511451921295	2.0584471171395293	0.9587505334734684
Unique Binding	Bound Only	K562	GEMIN5_4	0.001	372	35.39486203615604	351	1.9446459529828057	21	-0.03684635625432267	1.907799596728483	0.9628094885026242
Unique Binding	Bound Only	K562	GEMIN5_4	0.01	41	3.9010466222645097	41	0.5189909570001648	0	0.0	0.5189909570001648	1.0
Unique Binding	Bound Only	K562	GEMIN5_4	0.1	0	0.0	0	0.0	0	0.0		
Unique Binding	Bound Only	K562	GEMIN5_5	0.0	957	100.0	0	0.0	957	-36.206137016222826	-36.206137016222826	-1.0
Unique Binding	Bound Only	K562	GEMIN5_5	1e-05	957	100.0	0	0.0	957	-36.206137016222826	-36.206137016222826	-1.0
Unique Binding	Bound Only	K562	GEMIN5_5	0.0001	957	100.0	0	0.0	957	-36.206137016222826	-36.206137016222826	-1.0
Unique Binding	Bound Only	K562	GEMIN5_5	0.001	957	100.0	0	0.0	957	-36.206137016222826	-36.206137016222826	-1.0
Unique Binding	Bound Only	K562	GEMIN5_5	0.01	794	82.96760710553815	0	0.0	794	-35.00723125122415	-35.00723125122415	-1.0
Unique Binding	Bound Only	K562	GEMIN5_5	0.1	33	3.4482758620689653	0	0.0	33	-3.392224073110105	-3.392224073110105	-1.0
Unique Binding	Bound Only	K562	GEMIN5_6	0.0	398	100.0	19	0.009307460755347025	379	-0.7936288617855041	-0.784321401030157	-0.9768164411197788
Unique Binding	Bound Only	K562	GEMIN5_6	1e-05	398	100.0	19	0.009307460755347025	379	-0.7936288617855041	-0.784321401030157	-0.9768164411197788
Unique Binding	Bound Only	K562	GEMIN5_6	0.0001	392	98.49246231155779	19	0.009307460755347025	373	-0.7930980144142902	-0.7837905536589431	-0.9768011035732792
Unique Binding	Bound Only	K562	GEMIN5_6	0.001	127	31.909547738693465	0	0.0	127	-0.703572980027041	-0.703572980027041	-1.0
Unique Binding	Bound Only	K562	GEMIN5_6	0.01	21	5.276381909547738	0	0.0	21	-0.5028447905821297	-0.5028447905821297	-1.0
Unique Binding	Bound Only	K562	GEMIN5_6	0.1	0	0.0	0	0.0	0	0.0		
Unique Binding	Bound Only	K562	GNL3_1	0.0	0		0	0.0	0	0.0		
Unique Binding	Bound Only	K562	GNL3_1	1e-05	0		0	0.0	0	0.0		
Unique Binding	Bound Only	K562	GNL3_1	0.0001	0		0	0.0	0	0.0		
Unique Binding	Bound Only	K562	GNL3_1	0.001	0		0	0.0	0	0.0		
Unique Binding	Bound Only	K562	GNL3_1	0.01	0		0	0.0	0	0.0		
Unique Binding	Bound Only	K562	GNL3_1	0.1	0		0	0.0	0	0.0		
Unique Binding	Bound Only	K562	GNL3_2	0.0	0		0	0.0	0	0.0		
Unique Binding	Bound Only	K562	GNL3_2	1e-05	0		0	0.0	0	0.0		
Unique Binding	Bound Only	K562	GNL3_2	0.0001	0		0	0.0	0	0.0		
Unique Binding	Bound Only	K562	GNL3_2	0.001	0		0	0.0	0	0.0		
Unique Binding	Bound Only	K562	GNL3_2	0.01	0		0	0.0	0	0.0		
Unique Binding	Bound Only	K562	GNL3_2	0.1	0		0	0.0	0	0.0		
Unique Binding	Bound Only	K562	GNL3_3	0.0	0	0.0	0	0.0	0	0.0		
Unique Binding	Bound Only	K562	GNL3_3	1e-05	0	0.0	0	0.0	0	0.0		
Unique Binding	Bound Only	K562	GNL3_3	0.0001	0	0.0	0	0.0	0	0.0		
Unique Binding	Bound Only	K562	GNL3_3	0.001	0	0.0	0	0.0	0	0.0		
Unique Binding	Bound Only	K562	GNL3_3	0.01	0	0.0	0	0.0	0	0.0		
Unique Binding	Bound Only	K562	GNL3_3	0.1	0	0.0	0	0.0	0	0.0		
Unique Binding	Bound Only	K562	GNL3_4	0.0	0		0	0.0	0	0.0		
Unique Binding	Bound Only	K562	GNL3_4	1e-05	0		0	0.0	0	0.0		
Unique Binding	Bound Only	K562	GNL3_4	0.0001	0		0	0.0	0	0.0		
Unique Binding	Bound Only	K562	GNL3_4	0.001	0		0	0.0	0	0.0		
Unique Binding	Bound Only	K562	GNL3_4	0.01	0		0	0.0	0	0.0		
Unique Binding	Bound Only	K562	GNL3_4	0.1	0		0	0.0	0	0.0		
Unique Binding	Bound Only	K562	GNL3_5	0.0	0	0.0	0	0.0	0	0.0		
Unique Binding	Bound Only	K562	GNL3_5	1e-05	0	0.0	0	0.0	0	0.0		
Unique Binding	Bound Only	K562	GNL3_5	0.0001	0	0.0	0	0.0	0	0.0		
Unique Binding	Bound Only	K562	GNL3_5	0.001	0	0.0	0	0.0	0	0.0		
Unique Binding	Bound Only	K562	GNL3_5	0.01	0	0.0	0	0.0	0	0.0		
Unique Binding	Bound Only	K562	GNL3_5	0.1	0	0.0	0	0.0	0	0.0		
Unique Binding	Bound Only	K562	GNL3_6	0.0	0	0.0	0	0.0	0	0.0		
Unique Binding	Bound Only	K562	GNL3_6	1e-05	0	0.0	0	0.0	0	0.0		
Unique Binding	Bound Only	K562	GNL3_6	0.0001	0	0.0	0	0.0	0	0.0		
Unique Binding	Bound Only	K562	GNL3_6	0.001	0	0.0	0	0.0	0	0.0		
Unique Binding	Bound Only	K562	GNL3_6	0.01	0	0.0	0	0.0	0	0.0		
Unique Binding	Bound Only	K562	GNL3_6	0.1	0	0.0	0	0.0	0	0.0		
Unique Binding	Bound Only	K562	GPKOW_1	0.0	2238	100.0	45	0.010818066972733648	2193	-6.791860354319134	-6.7810422873464	-0.9968194683614989
Unique Binding	Bound Only	K562	GPKOW_1	1e-05	2232	99.73190348525469	45	0.010818066972733648	2187	-6.791835043675986	-6.781016976703253	-0.9968194565276894
Unique Binding	Bound Only	K562	GPKOW_1	0.0001	2206	98.57015192135835	23	0.009960440214639469	2183	-6.791664555518967	-6.781704115304327	-0.9970711586654991
Unique Binding	Bound Only	K562	GPKOW_1	0.001	1307	58.400357462019656	0	0.0	1307	-6.27730690571124	-6.27730690571124	-1.0
Unique Binding	Bound Only	K562	GPKOW_1	0.01	153	6.8364611260053625	0	0.0	153	-3.2090294894364026	-3.2090294894364026	-1.0
Unique Binding	Bound Only	K562	GPKOW_1	0.1	0	0.0	0	0.0	0	0.0		
Unique Binding	Bound Only	K562	GPKOW_2	0.0	2265	100.0	0	0.0	2265	-27.433364890046597	-27.433364890046597	-1.0
Unique Binding	Bound Only	K562	GPKOW_2	1e-05	2265	100.0	0	0.0	2265	-27.433364890046597	-27.433364890046597	-1.0
Unique Binding	Bound Only	K562	GPKOW_2	0.0001	2265	100.0	0	0.0	2265	-27.433364890046597	-27.433364890046597	-1.0
Unique Binding	Bound Only	K562	GPKOW_2	0.001	2265	100.0	0	0.0	2265	-27.433364890046597	-27.433364890046597	-1.0
Unique Binding	Bound Only	K562	GPKOW_2	0.01	1015	44.81236203090508	0	0.0	1015	-19.640247530445055	-19.640247530445055	-1.0
Unique Binding	Bound Only	K562	GPKOW_2	0.1	0	0.0	0	0.0	0	0.0		
Unique Binding	Bound Only	K562	GPKOW_3	0.0	2755	100.0	2698	52.16792625903584	57	-1.2419452250331	50.92598103400274	0.9534937946666453
Unique Binding	Bound Only	K562	GPKOW_3	1e-05	2755	100.0	2698	52.16792625903584	57	-1.2419452250331	50.92598103400274	0.9534937946666453
Unique Binding	Bound Only	K562	GPKOW_3	0.0001	2753	99.92740471869328	2697	52.16790549851163	56	-1.2419350801912308	50.9259704183204	0.9534941476426554
Unique Binding	Bound Only	K562	GPKOW_3	0.001	2737	99.34664246823957	2690	52.16465527123268	47	-1.2345299258624423	50.93012534537024	0.9537622186066765
Unique Binding	Bound Only	K562	GPKOW_3	0.01	2089	75.8257713248639	2058	47.66267688695904	31	-1.1558883151870665	46.50678857177198	0.9526455433337377
Unique Binding	Bound Only	K562	GPKOW_3	0.1	0	0.0	0	0.0	0	0.0		
Unique Binding	Bound Only	K562	GPKOW_4	0.0	1833	100.0	1815	38.77269050286593	18	-0.282791761781748	38.48989874108418	0.9855184601298486
Unique Binding	Bound Only	K562	GPKOW_4	1e-05	1833	100.0	1815	38.77269050286593	18	-0.282791761781748	38.48989874108418	0.9855184601298486
Unique Binding	Bound Only	K562	GPKOW_4	0.0001	1833	100.0	1815	38.77269050286593	18	-0.282791761781748	38.48989874108418	0.9855184601298486
Unique Binding	Bound Only	K562	GPKOW_4	0.001	1831	99.89088925259138	1814	38.772171596293745	17	-0.2819398248272589	38.49023177146648	0.9855615803525984
Unique Binding	Bound Only	K562	GPKOW_4	0.01	1535	83.74249863611566	1530	36.5028100433956	5	-0.22047496879431377	36.282335074601285	0.9879926336262603
Unique Binding	Bound Only	K562	GPKOW_4	0.1	0	0.0	0	0.0	0	0.0		
Unique Binding	Bound Only	K562	GPKOW_5	0.0	3540	100.0	17	0.037308908524131955	3523	-23.345183862183454	-23.307874953659322	-0.9968088168451509
Unique Binding	Bound Only	K562	GPKOW_5	1e-05	3540	100.0	17	0.037308908524131955	3523	-23.345183862183454	-23.307874953659322	-0.9968088168451509
Unique Binding	Bound Only	K562	GPKOW_5	0.0001	3540	100.0	17	0.037308908524131955	3523	-23.345183862183454	-23.307874953659322	-0.9968088168451509
Unique Binding	Bound Only	K562	GPKOW_5	0.001	3397	95.96045197740114	9	0.033357556814178145	3388	-23.241972342688484	-23.208614785874307	-0.9971336555092274
Unique Binding	Bound Only	K562	GPKOW_5	0.01	416	11.751412429378531	0	0.0	416	-10.514577062924516	-10.514577062924516	-1.0
Unique Binding	Bound Only	K562	GPKOW_5	0.1	0	0.0	0	0.0	0	0.0		
Unique Binding	Bound Only	K562	GPKOW_6	0.0	1920	100.0	0	0.0	1920	-23.020293668488574	-23.020293668488574	-1.0
Unique Binding	Bound Only	K562	GPKOW_6	1e-05	1920	100.0	0	0.0	1920	-23.020293668488574	-23.020293668488574	-1.0
Unique Binding	Bound Only	K562	GPKOW_6	0.0001	1920	100.0	0	0.0	1920	-23.020293668488574	-23.020293668488574	-1.0
Unique Binding	Bound Only	K562	GPKOW_6	0.001	1803	93.90625	0	0.0	1803	-22.933984196775565	-22.933984196775565	-1.0
Unique Binding	Bound Only	K562	GPKOW_6	0.01	529	27.552083333333332	0	0.0	529	-17.055655442832016	-17.055655442832016	-1.0
Unique Binding	Bound Only	K562	GPKOW_6	0.1	16	0.8333333333333334	0	0.0	16	-2.1109576839393354	-2.1109576839393354	-1.0
Unique Binding	Bound Only	K562	GRWD1_1	0.0	4814	100.0	59	0.06938251226549927	4755	-23.877305664524975	-23.807923152259477	-0.994205251953567
Unique Binding	Bound Only	K562	GRWD1_1	1e-05	4814	100.0	59	0.06938251226549927	4755	-23.877305664524975	-23.807923152259477	-0.994205251953567
Unique Binding	Bound Only	K562	GRWD1_1	0.0001	4802	99.7507270461155	55	0.06912510911568766	4747	-23.876853673254693	-23.807728564139005	-0.9942265789388756
Unique Binding	Bound Only	K562	GRWD1_1	0.001	4522	93.93435812214375	18	0.05188747087507547	4504	-23.69772928949972	-23.645841818624643	-0.9956304582597182
Unique Binding	Bound Only	K562	GRWD1_1	0.01	475	9.867054424594931	0	0.0	475	-7.3689956453589875	-7.3689956453589875	-1.0
Unique Binding	Bound Only	K562	GRWD1_1	0.1	0	0.0	0	0.0	0	0.0		
Unique Binding	Bound Only	K562	GRWD1_2	0.0	7202	100.0	3704	3.959582808887614	3498	-5.305706351434882	-1.346123542547268	-0.14528672761902378
Unique Binding	Bound Only	K562	GRWD1_2	1e-05	6840	94.97361843932242	3541	3.9587568361507612	3299	-5.304748390174021	-1.3459915540232599	-0.1453004582108139
Unique Binding	Bound Only	K562	GRWD1_2	0.0001	4582	63.62121632879756	2069	3.897281907543598	2513	-5.2682479954996495	-1.3709660879560515	-0.14957848618232616
Unique Binding	Bound Only	K562	GRWD1_2	0.001	2123	29.47792279922244	989	3.4579064200421428	1134	-4.806214000321678	-1.3483075802795348	-0.16315197645924148
Unique Binding	Bound Only	K562	GRWD1_2	0.01	165	2.2910302693696196	63	0.8099065897432166	102	-1.604897663270651	-0.7949910735274345	-0.32921553477273463
Unique Binding	Bound Only	K562	GRWD1_2	0.1	0	0.0	0	0.0	0	0.0		
Unique Binding	Bound Only	K562	GRWD1_3	0.0	4784	100.0	4782	112.80272211058437	2	-0.007747488686293311	112.79497462189808	0.9998626459279212
Unique Binding	Bound Only	K562	GRWD1_3	1e-05	4784	100.0	4782	112.80272211058437	2	-0.007747488686293311	112.79497462189808	0.9998626459279212
Unique Binding	Bound Only	K562	GRWD1_3	0.0001	4782	99.95819397993311	4781	112.80263250816533	1	-0.007690111957981714	112.79494239620735	0.9998636629737532
Unique Binding	Bound Only	K562	GRWD1_3	0.001	4779	99.89548494983278	4778	112.80022400325123	1	-0.007690111957981714	112.79253389129325	0.9998636600628901
Unique Binding	Bound Only	K562	GRWD1_3	0.01	4288	89.63210702341136	4288	109.15455802054218	0	0.0	109.15455802054218	1.0
Unique Binding	Bound Only	K562	GRWD1_3	0.1	33	0.6897993311036789	33	3.693610354163648	0	0.0	3.693610354163648	1.0
Unique Binding	Bound Only	K562	GRWD1_4	0.0	5451	100.0	5448	173.42399296305007	3	-0.0364992326052478	173.38749373044482	0.9995791637375953
Unique Binding	Bound Only	K562	GRWD1_4	1e-05	5450	99.98165474224912	5447	173.4239894722952	3	-0.0364992326052478	173.38749023968995	0.9995791637291263
Unique Binding	Bound Only	K562	GRWD1_4	0.0001	5450	99.98165474224912	5447	173.4239894722952	3	-0.0364992326052478	173.38749023968995	0.9995791637291263
Unique Binding	Bound Only	K562	GRWD1_4	0.001	5449	99.96330948449825	5446	173.42308661684774	3	-0.0364992326052478	173.3865873842425	0.9995791615386777
Unique Binding	Bound Only	K562	GRWD1_4	0.01	5318	97.5600807191341	5317	172.49259694555187	1	-0.02246266664916938	172.4701342789027	0.9997395860199142
Unique Binding	Bound Only	K562	GRWD1_4	0.1	55	1.008989176297927	55	6.151864268078561	0	0.0	6.151864268078561	1.0
Unique Binding	Bound Only	K562	GRWD1_5	0.0	6851	100.0	746	2.586200279512604	6105	-22.593081176508825	-20.006880896996222	-0.7945771181731531
Unique Binding	Bound Only	K562	GRWD1_5	1e-05	6841	99.85403590716683	741	2.5861661493680668	6100	-22.59304934816756	-20.006883198799493	-0.79457929103302
Unique Binding	Bound Only	K562	GRWD1_5	0.0001	6775	98.89067289446795	709	2.583964795843924	6066	-22.590945504165482	-20.006980708321557	-0.7947190464592869
Unique Binding	Bound Only	K562	GRWD1_5	0.001	5710	83.3454970077361	513	2.4782100433944185	5197	-22.037353080044795	-19.559143036650376	-0.7978255664847433
Unique Binding	Bound Only	K562	GRWD1_5	0.01	280	4.086994599328565	53	1.021772777586066	227	-4.067753786092171	-3.0459810085061045	-0.5984802260870317
Unique Binding	Bound Only	K562	GRWD1_5	0.1	0	0.0	0	0.0	0	0.0		
Unique Binding	Bound Only	K562	GRWD1_6	0.0	6325	100.0	52	0.048346043773308506	6273	-100.32827303266166	-100.27992698888835	-0.9990367070694721
Unique Binding	Bound Only	K562	GRWD1_6	1e-05	6325	100.0	52	0.048346043773308506	6273	-100.32827303266166	-100.27992698888835	-0.9990367070694721
Unique Binding	Bound Only	K562	GRWD1_6	0.0001	6325	100.0	52	0.048346043773308506	6273	-100.32827303266166	-100.27992698888835	-0.9990367070694721
Unique Binding	Bound Only	K562	GRWD1_6	0.001	6278	99.25691699604742	16	0.024919652534634663	6262	-100.32077306617487	-100.29585341364023	-0.9995033239223433
Unique Binding	Bound Only	K562	GRWD1_6	0.01	3502	55.36758893280632	0	0.0	3502	-82.70423569954005	-82.70423569954005	-1.0
Unique Binding	Bound Only	K562	GRWD1_6	0.1	0	0.0	0	0.0	0	0.0		
Unique Binding	Bound Only	K562	GTF2F1_1	0.0	1223	100.0	233	0.07328870665742904	990	-0.487000453130284	-0.41371174647285497	-0.7383897033267705
Unique Binding	Bound Only	K562	GTF2F1_1	1e-05	1207	98.69174161896974	233	0.07328870665742904	974	-0.4869016816294225	-0.41361297497199345	-0.7383435767916077
Unique Binding	Bound Only	K562	GTF2F1_1	0.0001	788	64.43172526573998	149	0.06788033214046893	639	-0.4733631432546172	-0.4054828111141483	-0.7491689591604999
Unique Binding	Bound Only	K562	GTF2F1_1	0.001	155	12.673753066230582	18	0.022221405578152924	137	-0.3188265505639454	-0.29660514498579243	-0.8696875018427359
Unique Binding	Bound Only	K562	GTF2F1_1	0.01	3	0.24529844644317253	0	0.0	3	-0.04660907821157184	-0.04660907821157184	-1.0
Unique Binding	Bound Only	K562	GTF2F1_1	0.1	0	0.0	0	0.0	0	0.0		
Unique Binding	Bound Only	K562	GTF2F1_2	0.0	3093	100.0	633	0.5253298431514362	2460	-1.1731469732283564	-0.6478171300769202	-0.3814106403040024
Unique Binding	Bound Only	K562	GTF2F1_2	1e-05	2827	91.39993533785969	519	0.5247368593253563	2308	-1.1722881129495286	-0.6475512536241723	-0.38158027383422716
Unique Binding	Bound Only	K562	GTF2F1_2	0.0001	1677	54.219204655674105	399	0.5193980682056257	1278	-1.1302529665149244	-0.6108548983092986	-0.3702934047580415
Unique Binding	Bound Only	K562	GTF2F1_2	0.001	462	14.936954413191076	127	0.3976978731139995	335	-0.8584886216361342	-0.46079074852213464	-0.36681714892484163
Unique Binding	Bound Only	K562	GTF2F1_2	0.01	4	0.12932428063368898	4	0.12572078960679345	0	0.0	0.12572078960679345	1.0
Unique Binding	Bound Only	K562	GTF2F1_2	0.1	0	0.0	0	0.0	0	0.0		
Unique Binding	Bound Only	K562	GTF2F1_3	0.0	1073	100.0	46	0.28837429648118784	1027	-2.793685134146954	-2.5053108376657662	-0.8128690877174841
Unique Binding	Bound Only	K562	GTF2F1_3	1e-05	1072	99.90680335507922	45	0.28836601140581225	1027	-2.793685134146954	-2.5053191227411418	-0.8128739610165725
Unique Binding	Bound Only	K562	GTF2F1_3	0.0001	1071	99.81360671015842	45	0.28836601140581225	1026	-2.7936200234492983	-2.505254012043486	-0.8128700077517588
Unique Binding	Bound Only	K562	GTF2F1_3	0.001	705	65.70363466915191	42	0.2876964606637381	663	-2.5973951947427274	-2.309698734078989	-0.8005633823628344
Unique Binding	Bound Only	K562	GTF2F1_3	0.01	59	5.498602050326188	16	0.1666867458801254	43	-0.8564029698178901	-0.6897162239377648	-0.674150285507657
Unique Binding	Bound Only	K562	GTF2F1_3	0.1	0	0.0	0	0.0	0	0.0		
Unique Binding	Bound Only	K562	GTF2F1_4	0.0	1035	100.0	485	0.4304281162271199	550	-0.7106018741861093	-0.2801737579589894	-0.2455446047106292
Unique Binding	Bound Only	K562	GTF2F1_4	1e-05	962	92.94685990338164	436	0.4302044113060185	526	-0.7104747840767723	-0.28027037277075384	-0.24570481683651668
Unique Binding	Bound Only	K562	GTF2F1_4	0.0001	717	69.27536231884058	311	0.42692860256629356	406	-0.7045134624307965	-0.27758485986450293	-0.24533722799604138
Unique Binding	Bound Only	K562	GTF2F1_4	0.001	333	32.17391304347826	151	0.32390110156668267	182	-0.5999028046443406	-0.276001703077658	-0.29876654690677534
Unique Binding	Bound Only	K562	GTF2F1_4	0.01	11	1.0628019323671498	0	0.0	11	-0.13967155306156231	-0.13967155306156231	-1.0
Unique Binding	Bound Only	K562	GTF2F1_4	0.1	0	0.0	0	0.0	0	0.0		
Unique Binding	Bound Only	K562	GTF2F1_5	0.0	554	100.0	247	0.20953888570110024	307	-0.20506439313458186	0.004474492566518384	0.010792226677714577
Unique Binding	Bound Only	K562	GTF2F1_5	1e-05	477	86.10108303249098	189	0.20920974980035878	288	-0.20498296146919723	0.004226788331161552	0.010204883418169964
Unique Binding	Bound Only	K562	GTF2F1_5	0.0001	324	58.48375451263538	146	0.20871547554919903	178	-0.20073479813954564	0.007980677409653386	0.019491200574261007
Unique Binding	Bound Only	K562	GTF2F1_5	0.001	130	23.465703971119133	48	0.15544262206716247	82	-0.13961546842743455	0.01582715363972792	0.053640805487479896
Unique Binding	Bound Only	K562	GTF2F1_5	0.01	0	0.0	0	0.0	0	0.0		
Unique Binding	Bound Only	K562	GTF2F1_5	0.1	0	0.0	0	0.0	0	0.0		
Unique Binding	Bound Only	K562	GTF2F1_6	0.0	565	100.0	61	0.40599656232348413	504	-0.5093727920894788	-0.1033762297659947	-0.11293389850514614
Unique Binding	Bound Only	K562	GTF2F1_6	1e-05	565	100.0	61	0.40599656232348413	504	-0.5093727920894788	-0.1033762297659947	-0.11293389850514614
Unique Binding	Bound Only	K562	GTF2F1_6	0.0001	562	99.46902654867257	61	0.40599656232348413	501	-0.5093017269419527	-0.10330516461846861	-0.11286502534750185
Unique Binding	Bound Only	K562	GTF2F1_6	0.001	125	22.123893805309734	45	0.4002643168322296	80	-0.36166012291369665	0.03860419391853298	0.05066669594088104
Unique Binding	Bound Only	K562	GTF2F1_6	0.01	23	4.070796460176991	16	0.27588676948467816	7	-0.09990080496076613	0.17598596452391202	0.46831235647856984
Unique Binding	Bound Only	K562	GTF2F1_6	0.1	0	0.0	0	0.0	0	0.0		
Unique Binding	Bound Only	K562	HLTF_1	0.0	188	100.0	188	5.880275726286645	0	0.0	5.880275726286645	1.0
Unique Binding	Bound Only	K562	HLTF_1	1e-05	188	100.0	188	5.880275726286645	0	0.0	5.880275726286645	1.0
Unique Binding	Bound Only	K562	HLTF_1	0.0001	188	100.0	188	5.880275726286645	0	0.0	5.880275726286645	1.0
Unique Binding	Bound Only	K562	HLTF_1	0.001	188	100.0	188	5.880275726286645	0	0.0	5.880275726286645	1.0
Unique Binding	Bound Only	K562	HLTF_1	0.01	181	96.27659574468085	181	5.823054496896205	0	0.0	5.823054496896205	1.0
Unique Binding	Bound Only	K562	HLTF_1	0.1	0	0.0	0	0.0	0	0.0		
Unique Binding	Bound Only	K562	HLTF_2	0.0	103	100.0	0	0.0	103	-2.6882767939117067	-2.6882767939117067	-1.0
Unique Binding	Bound Only	K562	HLTF_2	1e-05	103	100.0	0	0.0	103	-2.6882767939117067	-2.6882767939117067	-1.0
Unique Binding	Bound Only	K562	HLTF_2	0.0001	103	100.0	0	0.0	103	-2.6882767939117067	-2.6882767939117067	-1.0
Unique Binding	Bound Only	K562	HLTF_2	0.001	103	100.0	0	0.0	103	-2.6882767939117067	-2.6882767939117067	-1.0
Unique Binding	Bound Only	K562	HLTF_2	0.01	39	37.86407766990291	0	0.0	39	-2.330766026110137	-2.330766026110137	-1.0
Unique Binding	Bound Only	K562	HLTF_2	0.1	7	6.796116504854369	0	0.0	7	-1.512771973303067	-1.512771973303067	-1.0
Unique Binding	Bound Only	K562	HLTF_3	0.0	28	11.965811965811966	28	0.007477142303397467	0	0.0	0.007477142303397467	1.0
Unique Binding	Bound Only	K562	HLTF_3	1e-05	28	11.965811965811966	28	0.007477142303397467	0	0.0	0.007477142303397467	1.0
Unique Binding	Bound Only	K562	HLTF_3	0.0001	13	5.555555555555555	13	0.0061716445239313675	0	0.0	0.0061716445239313675	1.0
Unique Binding	Bound Only	K562	HLTF_3	0.001	2	0.8547008547008548	2	0.0022266292819193186	0	0.0	0.0022266292819193186	1.0
Unique Binding	Bound Only	K562	HLTF_3	0.01	0	0.0	0	0.0	0	0.0		
Unique Binding	Bound Only	K562	HLTF_3	0.1	0	0.0	0	0.0	0	0.0		
Unique Binding	Bound Only	K562	HLTF_4	0.0	112	100.0	112	2.0612977800450034	0	0.0	2.0612977800450034	1.0
Unique Binding	Bound Only	K562	HLTF_4	1e-05	112	100.0	112	2.0612977800450034	0	0.0	2.0612977800450034	1.0
Unique Binding	Bound Only	K562	HLTF_4	0.0001	112	100.0	112	2.0612977800450034	0	0.0	2.0612977800450034	1.0
Unique Binding	Bound Only	K562	HLTF_4	0.001	112	100.0	112	2.0612977800450034	0	0.0	2.0612977800450034	1.0
Unique Binding	Bound Only	K562	HLTF_4	0.01	87	77.67857142857143	87	1.8701737907453737	0	0.0	1.8701737907453737	1.0
Unique Binding	Bound Only	K562	HLTF_4	0.1	0	0.0	0	0.0	0	0.0		
Unique Binding	Bound Only	K562	HLTF_5	0.0	232	100.0	12	0.00044316121632652665	220	-0.1320688531978632	-0.13162569198153667	-0.9933113805825733
Unique Binding	Bound Only	K562	HLTF_5	1e-05	215	92.67241379310344	12	0.00044316121632652665	203	-0.13195297453126756	-0.13150981331494102	-0.9933055264215355
Unique Binding	Bound Only	K562	HLTF_5	0.0001	26	11.206896551724139	0	0.0	26	-0.12633988036841623	-0.12633988036841623	-1.0
Unique Binding	Bound Only	K562	HLTF_5	0.001	6	2.586206896551724	0	0.0	6	-0.12339991170749853	-0.12339991170749853	-1.0
Unique Binding	Bound Only	K562	HLTF_5	0.01	3	1.293103448275862	0	0.0	3	-0.1166700835967276	-0.1166700835967276	-1.0
Unique Binding	Bound Only	K562	HLTF_5	0.1	0	0.0	0	0.0	0	0.0		
Unique Binding	Bound Only	K562	HLTF_6	0.0	134	100.0	94	0.15647136287780664	40	-0.11220947462596421	0.04426188825184242	0.16473779322360946
Unique Binding	Bound Only	K562	HLTF_6	1e-05	134	100.0	94	0.15647136287780664	40	-0.11220947462596421	0.04426188825184242	0.16473779322360946
Unique Binding	Bound Only	K562	HLTF_6	0.0001	117	87.31343283582089	92	0.1563716788436162	25	-0.11144763673692874	0.04492404210668745	0.16774011243104991
Unique Binding	Bound Only	K562	HLTF_6	0.001	83	61.940298507462686	64	0.13725894794412075	19	-0.10994360760879651	0.027315340335324234	0.11049780725052817
Unique Binding	Bound Only	K562	HLTF_6	0.01	0	0.0	0	0.0	0	0.0		
Unique Binding	Bound Only	K562	HLTF_6	0.1	0	0.0	0	0.0	0	0.0		
Unique Binding	Bound Only	K562	HNRNPA1_1	0.0	0	0.0	0	0.0	0	0.0		
Unique Binding	Bound Only	K562	HNRNPA1_1	1e-05	0	0.0	0	0.0	0	0.0		
Unique Binding	Bound Only	K562	HNRNPA1_1	0.0001	0	0.0	0	0.0	0	0.0		
Unique Binding	Bound Only	K562	HNRNPA1_1	0.001	0	0.0	0	0.0	0	0.0		
Unique Binding	Bound Only	K562	HNRNPA1_1	0.01	0	0.0	0	0.0	0	0.0		
Unique Binding	Bound Only	K562	HNRNPA1_1	0.1	0	0.0	0	0.0	0	0.0		
Unique Binding	Bound Only	K562	HNRNPA1_2	0.0	0	0.0	0	0.0	0	0.0		
Unique Binding	Bound Only	K562	HNRNPA1_2	1e-05	0	0.0	0	0.0	0	0.0		
Unique Binding	Bound Only	K562	HNRNPA1_2	0.0001	0	0.0	0	0.0	0	0.0		
Unique Binding	Bound Only	K562	HNRNPA1_2	0.001	0	0.0	0	0.0	0	0.0		
Unique Binding	Bound Only	K562	HNRNPA1_2	0.01	0	0.0	0	0.0	0	0.0		
Unique Binding	Bound Only	K562	HNRNPA1_2	0.1	0	0.0	0	0.0	0	0.0		
Unique Binding	Bound Only	K562	HNRNPA1_3	0.0	11	31.428571428571427	11	0.010927715436102502	0	0.0	0.010927715436102502	1.0
Unique Binding	Bound Only	K562	HNRNPA1_3	1e-05	11	31.428571428571427	11	0.010927715436102502	0	0.0	0.010927715436102502	1.0
Unique Binding	Bound Only	K562	HNRNPA1_3	0.0001	10	28.57142857142857	10	0.010865404013900423	0	0.0	0.010865404013900423	1.0
Unique Binding	Bound Only	K562	HNRNPA1_3	0.001	7	20.0	7	0.008209709207480027	0	0.0	0.008209709207480027	1.0
Unique Binding	Bound Only	K562	HNRNPA1_3	0.01	0	0.0	0	0.0	0	0.0		
Unique Binding	Bound Only	K562	HNRNPA1_3	0.1	0	0.0	0	0.0	0	0.0		
Unique Binding	Bound Only	K562	HNRNPA1_4	0.0	0	0.0	0	0.0	0	0.0		
Unique Binding	Bound Only	K562	HNRNPA1_4	1e-05	0	0.0	0	0.0	0	0.0		
Unique Binding	Bound Only	K562	HNRNPA1_4	0.0001	0	0.0	0	0.0	0	0.0		
Unique Binding	Bound Only	K562	HNRNPA1_4	0.001	0	0.0	0	0.0	0	0.0		
Unique Binding	Bound Only	K562	HNRNPA1_4	0.01	0	0.0	0	0.0	0	0.0		
Unique Binding	Bound Only	K562	HNRNPA1_4	0.1	0	0.0	0	0.0	0	0.0		
Unique Binding	Bound Only	K562	HNRNPA1_5	0.0	0	0.0	0	0.0	0	0.0		
Unique Binding	Bound Only	K562	HNRNPA1_5	1e-05	0	0.0	0	0.0	0	0.0		
Unique Binding	Bound Only	K562	HNRNPA1_5	0.0001	0	0.0	0	0.0	0	0.0		
Unique Binding	Bound Only	K562	HNRNPA1_5	0.001	0	0.0	0	0.0	0	0.0		
Unique Binding	Bound Only	K562	HNRNPA1_5	0.01	0	0.0	0	0.0	0	0.0		
Unique Binding	Bound Only	K562	HNRNPA1_5	0.1	0	0.0	0	0.0	0	0.0		
Unique Binding	Bound Only	K562	HNRNPA1_6	0.0	0	0.0	0	0.0	0	0.0		
Unique Binding	Bound Only	K562	HNRNPA1_6	1e-05	0	0.0	0	0.0	0	0.0		
Unique Binding	Bound Only	K562	HNRNPA1_6	0.0001	0	0.0	0	0.0	0	0.0		
Unique Binding	Bound Only	K562	HNRNPA1_6	0.001	0	0.0	0	0.0	0	0.0		
Unique Binding	Bound Only	K562	HNRNPA1_6	0.01	0	0.0	0	0.0	0	0.0		
Unique Binding	Bound Only	K562	HNRNPA1_6	0.1	0	0.0	0	0.0	0	0.0		
Unique Binding	Bound Only	K562	HNRNPC_1	0.0	0	0.0	0	0.0	0	0.0		
Unique Binding	Bound Only	K562	HNRNPC_1	1e-05	0	0.0	0	0.0	0	0.0		
Unique Binding	Bound Only	K562	HNRNPC_1	0.0001	0	0.0	0	0.0	0	0.0		
Unique Binding	Bound Only	K562	HNRNPC_1	0.001	0	0.0	0	0.0	0	0.0		
Unique Binding	Bound Only	K562	HNRNPC_1	0.01	0	0.0	0	0.0	0	0.0		
Unique Binding	Bound Only	K562	HNRNPC_1	0.1	0	0.0	0	0.0	0	0.0		
Unique Binding	Bound Only	K562	HNRNPC_2	0.0	75	100.0	75	1.5077068210681033	0	0.0	1.5077068210681033	1.0
Unique Binding	Bound Only	K562	HNRNPC_2	1e-05	75	100.0	75	1.5077068210681033	0	0.0	1.5077068210681033	1.0
Unique Binding	Bound Only	K562	HNRNPC_2	0.0001	75	100.0	75	1.5077068210681033	0	0.0	1.5077068210681033	1.0
Unique Binding	Bound Only	K562	HNRNPC_2	0.001	75	100.0	75	1.5077068210681033	0	0.0	1.5077068210681033	1.0
Unique Binding	Bound Only	K562	HNRNPC_2	0.01	66	88.0	66	1.4509722949695103	0	0.0	1.4509722949695103	1.0
Unique Binding	Bound Only	K562	HNRNPC_2	0.1	0	0.0	0	0.0	0	0.0		
Unique Binding	Bound Only	K562	HNRNPC_3	0.0	10	14.925373134328357	10	0.021688164433079492	0	0.0	0.021688164433079492	1.0
Unique Binding	Bound Only	K562	HNRNPC_3	1e-05	10	14.925373134328357	10	0.021688164433079492	0	0.0	0.021688164433079492	1.0
Unique Binding	Bound Only	K562	HNRNPC_3	0.0001	10	14.925373134328357	10	0.021688164433079492	0	0.0	0.021688164433079492	1.0
Unique Binding	Bound Only	K562	HNRNPC_3	0.001	3	4.477611940298507	3	0.017479214577536505	0	0.0	0.017479214577536505	1.0
Unique Binding	Bound Only	K562	HNRNPC_3	0.01	0	0.0	0	0.0	0	0.0		
Unique Binding	Bound Only	K562	HNRNPC_3	0.1	0	0.0	0	0.0	0	0.0		
Unique Binding	Bound Only	K562	HNRNPC_4	0.0	14	16.867469879518072	0	0.0	14	-0.0385007083277178	-0.0385007083277178	-1.0
Unique Binding	Bound Only	K562	HNRNPC_4	1e-05	14	16.867469879518072	0	0.0	14	-0.0385007083277178	-0.0385007083277178	-1.0
Unique Binding	Bound Only	K562	HNRNPC_4	0.0001	13	15.66265060240964	0	0.0	13	-0.03847677822636255	-0.03847677822636255	-1.0
Unique Binding	Bound Only	K562	HNRNPC_4	0.001	13	15.66265060240964	0	0.0	13	-0.03847677822636255	-0.03847677822636255	-1.0
Unique Binding	Bound Only	K562	HNRNPC_4	0.01	0	0.0	0	0.0	0	0.0		
Unique Binding	Bound Only	K562	HNRNPC_4	0.1	0	0.0	0	0.0	0	0.0		
Unique Binding	Bound Only	K562	HNRNPC_5	0.0	65	100.0	0	0.0	65	-0.2710671956685912	-0.2710671956685912	-1.0
Unique Binding	Bound Only	K562	HNRNPC_5	1e-05	65	100.0	0	0.0	65	-0.2710671956685912	-0.2710671956685912	-1.0
Unique Binding	Bound Only	K562	HNRNPC_5	0.0001	17	26.153846153846157	0	0.0	17	-0.26915588206478963	-0.26915588206478963	-1.0
Unique Binding	Bound Only	K562	HNRNPC_5	0.001	11	16.923076923076923	0	0.0	11	-0.267962365696344	-0.267962365696344	-1.0
Unique Binding	Bound Only	K562	HNRNPC_5	0.01	9	13.846153846153847	0	0.0	9	-0.2629479022671883	-0.2629479022671883	-1.0
Unique Binding	Bound Only	K562	HNRNPC_5	0.1	0	0.0	0	0.0	0	0.0		
Unique Binding	Bound Only	K562	HNRNPC_6	0.0	17	13.600000000000001	17	0.024091365935582382	0	0.0	0.024091365935582382	1.0
Unique Binding	Bound Only	K562	HNRNPC_6	1e-05	17	13.600000000000001	17	0.024091365935582382	0	0.0	0.024091365935582382	1.0
Unique Binding	Bound Only	K562	HNRNPC_6	0.0001	17	13.600000000000001	17	0.024091365935582382	0	0.0	0.024091365935582382	1.0
Unique Binding	Bound Only	K562	HNRNPC_6	0.001	17	13.600000000000001	17	0.024091365935582382	0	0.0	0.024091365935582382	1.0
Unique Binding	Bound Only	K562	HNRNPC_6	0.01	0	0.0	0	0.0	0	0.0		
Unique Binding	Bound Only	K562	HNRNPC_6	0.1	0	0.0	0	0.0	0	0.0		
Unique Binding	Bound Only	K562	HNRNPK_1	0.0	590	100.0	7	0.007267661320900014	583	-1.0409960976304573	-1.0337284363095574	-0.9861339071224398
Unique Binding	Bound Only	K562	HNRNPK_1	1e-05	590	100.0	7	0.007267661320900014	583	-1.0409960976304573	-1.0337284363095574	-0.9861339071224398
Unique Binding	Bound Only	K562	HNRNPK_1	0.0001	590	100.0	7	0.007267661320900014	583	-1.0409960976304573	-1.0337284363095574	-0.9861339071224398
Unique Binding	Bound Only	K562	HNRNPK_1	0.001	273	46.271186440677965	3	0.005497097112609888	270	-0.8853392524473638	-0.8798421553347539	-0.9876585702518197
Unique Binding	Bound Only	K562	HNRNPK_1	0.01	22	3.728813559322034	0	0.0	22	-0.32409846464341086	-0.32409846464341086	-1.0
Unique Binding	Bound Only	K562	HNRNPK_1	0.1	0	0.0	0	0.0	0	0.0		
Unique Binding	Bound Only	K562	HNRNPK_2	0.0	1160	100.0	147	0.09505028933630025	1013	-1.430930795592399	-1.3358805062560988	-0.8754240268440268
Unique Binding	Bound Only	K562	HNRNPK_2	1e-05	1157	99.74137931034483	145	0.0950427002110343	1012	-1.4309226115985112	-1.3358799113874769	-0.8754326858212403
Unique Binding	Bound Only	K562	HNRNPK_2	0.0001	1062	91.55172413793103	131	0.09414516037033596	931	-1.4257737879914718	-1.3316286276211358	-0.8761181831810082
Unique Binding	Bound Only	K562	HNRNPK_2	0.001	282	24.310344827586206	33	0.06605214139068914	249	-1.0973909516700595	-1.0313388102793704	-0.8864540229175777
Unique Binding	Bound Only	K562	HNRNPK_2	0.01	28	2.413793103448276	0	0.0	28	-0.7005440768121342	-0.7005440768121342	-1.0
Unique Binding	Bound Only	K562	HNRNPK_2	0.1	0	0.0	0	0.0	0	0.0		
Unique Binding	Bound Only	K562	HNRNPK_3	0.0	734	100.0	10	0.04267292919676746	724	-10.094242392829658	-10.051569463632891	-0.9915806874495551
Unique Binding	Bound Only	K562	HNRNPK_3	1e-05	734	100.0	10	0.04267292919676746	724	-10.094242392829658	-10.051569463632891	-0.9915806874495551
Unique Binding	Bound Only	K562	HNRNPK_3	0.0001	734	100.0	10	0.04267292919676746	724	-10.094242392829658	-10.051569463632891	-0.9915806874495551
Unique Binding	Bound Only	K562	HNRNPK_3	0.001	728	99.1825613079019	9	0.042086687929226485	719	-10.089747607278959	-10.047660919349733	-0.9916921878698449
Unique Binding	Bound Only	K562	HNRNPK_3	0.01	295	40.19073569482289	0	0.0	295	-8.109212260099532	-8.109212260099532	-1.0
Unique Binding	Bound Only	K562	HNRNPK_3	0.1	0	0.0	0	0.0	0	0.0		
Unique Binding	Bound Only	K562	HNRNPK_4	0.0	670	100.0	4	0.06320044638496865	666	-30.36041791056126	-30.297217464176292	-0.9958453037608173
Unique Binding	Bound Only	K562	HNRNPK_4	1e-05	670	100.0	4	0.06320044638496865	666	-30.36041791056126	-30.297217464176292	-0.9958453037608173
Unique Binding	Bound Only	K562	HNRNPK_4	0.0001	670	100.0	4	0.06320044638496865	666	-30.36041791056126	-30.297217464176292	-0.9958453037608173
Unique Binding	Bound Only	K562	HNRNPK_4	0.001	670	100.0	4	0.06320044638496865	666	-30.36041791056126	-30.297217464176292	-0.9958453037608173
Unique Binding	Bound Only	K562	HNRNPK_4	0.01	647	96.56716417910448	2	0.05131345117354885	645	-30.187069534585696	-30.135756083412147	-0.9966060717467786
Unique Binding	Bound Only	K562	HNRNPK_4	0.1	22	3.2835820895522385	0	0.0	22	-2.6747113808457317	-2.6747113808457317	-1.0
Unique Binding	Bound Only	K562	HNRNPK_5	0.0	508	100.0	324	0.7228528406552578	184	-0.5281503943314685	0.1947024463237893	0.15563704463630357
Unique Binding	Bound Only	K562	HNRNPK_5	1e-05	507	99.80314960629921	324	0.7228528406552578	183	-0.5281427989185509	0.19471004173670692	0.15564406108005385
Unique Binding	Bound Only	K562	HNRNPK_5	0.0001	464	91.33858267716536	296	0.7211566931083966	168	-0.5271249163232307	0.19403177678516592	0.15543910550241405
Unique Binding	Bound Only	K562	HNRNPK_5	0.001	204	40.15748031496063	102	0.6619899260977112	102	-0.4924881459914435	0.1695017801062677	0.14682113433262153
Unique Binding	Bound Only	K562	HNRNPK_5	0.01	27	5.31496062992126	11	0.3440618175446029	16	-0.2332927188065699	0.110769098738033	0.1918562889244509
Unique Binding	Bound Only	K562	HNRNPK_5	0.1	0	0.0	0	0.0	0	0.0		
Unique Binding	Bound Only	K562	HNRNPK_6	0.0	590	100.0	536	1.0081007182766077	54	-0.13605531562545678	0.8720454026511509	0.7621734945338713
Unique Binding	Bound Only	K562	HNRNPK_6	1e-05	590	100.0	536	1.0081007182766077	54	-0.13605531562545678	0.8720454026511509	0.7621734945338713
Unique Binding	Bound Only	K562	HNRNPK_6	0.0001	589	99.83050847457628	536	1.0081007182766077	53	-0.13599343655920165	0.872107281717406	0.7622688028176872
Unique Binding	Bound Only	K562	HNRNPK_6	0.001	329	55.762711864406775	295	0.8826776842995058	34	-0.12546745155947217	0.7572102327400336	0.7510924824280005
Unique Binding	Bound Only	K562	HNRNPK_6	0.01	4	0.6779661016949152	4	0.05073788355090503	0	0.0	0.05073788355090503	1.0
Unique Binding	Bound Only	K562	HNRNPK_6	0.1	0	0.0	0	0.0	0	0.0		
Unique Binding	Bound Only	K562	HNRNPL_1	0.0	151	100.0	0	0.0	151	-0.6215613608925371	-0.6215613608925371	-1.0
Unique Binding	Bound Only	K562	HNRNPL_1	1e-05	151	100.0	0	0.0	151	-0.6215613608925371	-0.6215613608925371	-1.0
Unique Binding	Bound Only	K562	HNRNPL_1	0.0001	151	100.0	0	0.0	151	-0.6215613608925371	-0.6215613608925371	-1.0
Unique Binding	Bound Only	K562	HNRNPL_1	0.001	85	56.29139072847682	0	0.0	85	-0.5736047993037713	-0.5736047993037713	-1.0
Unique Binding	Bound Only	K562	HNRNPL_1	0.01	18	11.920529801324504	0	0.0	18	-0.47273893742714224	-0.47273893742714224	-1.0
Unique Binding	Bound Only	K562	HNRNPL_1	0.1	0	0.0	0	0.0	0	0.0		
Unique Binding	Bound Only	K562	HNRNPL_2	0.0	221	100.0	221	1.897414560075246	0	0.0	1.897414560075246	1.0
Unique Binding	Bound Only	K562	HNRNPL_2	1e-05	221	100.0	221	1.897414560075246	0	0.0	1.897414560075246	1.0
Unique Binding	Bound Only	K562	HNRNPL_2	0.0001	221	100.0	221	1.897414560075246	0	0.0	1.897414560075246	1.0
Unique Binding	Bound Only	K562	HNRNPL_2	0.001	221	100.0	221	1.897414560075246	0	0.0	1.897414560075246	1.0
Unique Binding	Bound Only	K562	HNRNPL_2	0.01	66	29.86425339366516	66	0.9770187712384446	0	0.0	0.9770187712384446	1.0
Unique Binding	Bound Only	K562	HNRNPL_2	0.1	0	0.0	0	0.0	0	0.0		
Unique Binding	Bound Only	K562	HNRNPL_3	0.0	196	100.0	0	0.0	196	-11.574456836378381	-11.574456836378381	-1.0
Unique Binding	Bound Only	K562	HNRNPL_3	1e-05	196	100.0	0	0.0	196	-11.574456836378381	-11.574456836378381	-1.0
Unique Binding	Bound Only	K562	HNRNPL_3	0.0001	196	100.0	0	0.0	196	-11.574456836378381	-11.574456836378381	-1.0
Unique Binding	Bound Only	K562	HNRNPL_3	0.001	196	100.0	0	0.0	196	-11.574456836378381	-11.574456836378381	-1.0
Unique Binding	Bound Only	K562	HNRNPL_3	0.01	193	98.46938775510205	0	0.0	193	-11.547079184762119	-11.547079184762119	-1.0
Unique Binding	Bound Only	K562	HNRNPL_3	0.1	40	20.408163265306122	0	0.0	40	-5.427208366428573	-5.427208366428573	-1.0
Unique Binding	Bound Only	K562	HNRNPL_4	0.0	236	100.0	0	0.0	236	-19.05460542557264	-19.05460542557264	-1.0
Unique Binding	Bound Only	K562	HNRNPL_4	1e-05	236	100.0	0	0.0	236	-19.05460542557264	-19.05460542557264	-1.0
Unique Binding	Bound Only	K562	HNRNPL_4	0.0001	236	100.0	0	0.0	236	-19.05460542557264	-19.05460542557264	-1.0
Unique Binding	Bound Only	K562	HNRNPL_4	0.001	236	100.0	0	0.0	236	-19.05460542557264	-19.05460542557264	-1.0
Unique Binding	Bound Only	K562	HNRNPL_4	0.01	235	99.57627118644068	0	0.0	235	-19.048408618097262	-19.048408618097262	-1.0
Unique Binding	Bound Only	K562	HNRNPL_4	0.1	71	30.08474576271186	0	0.0	71	-11.0346368613861	-11.0346368613861	-1.0
Unique Binding	Bound Only	K562	HNRNPL_5	0.0	162	100.0	2	0.005003922124997105	160	-0.14410593743694736	-0.13910201531195024	-0.9328827464569055
Unique Binding	Bound Only	K562	HNRNPL_5	1e-05	162	100.0	2	0.005003922124997105	160	-0.14410593743694736	-0.13910201531195024	-0.9328827464569055
Unique Binding	Bound Only	K562	HNRNPL_5	0.0001	92	56.79012345679012	2	0.005003922124997105	90	-0.139766454183519	-0.13476253205852187	-0.9308709108508028
Unique Binding	Bound Only	K562	HNRNPL_5	0.001	21	12.962962962962962	2	0.005003922124997105	19	-0.1225214162040623	-0.1175174940790652	-0.9215226998718442
Unique Binding	Bound Only	K562	HNRNPL_5	0.01	9	5.555555555555555	0	0.0	9	-0.10785346291468138	-0.10785346291468138	-1.0
Unique Binding	Bound Only	K562	HNRNPL_5	0.1	0	0.0	0	0.0	0	0.0		
Unique Binding	Bound Only	K562	HNRNPL_6	0.0	187	100.0	56	0.16886244910935305	131	-3.3741242432854914	-3.2052617941761383	-0.904677909475741
Unique Binding	Bound Only	K562	HNRNPL_6	1e-05	187	100.0	56	0.16886244910935305	131	-3.3741242432854914	-3.2052617941761383	-0.904677909475741
Unique Binding	Bound Only	K562	HNRNPL_6	0.0001	186	99.46524064171123	56	0.16886244910935305	130	-3.374085022919944	-3.205222573810591	-0.904676854261893
Unique Binding	Bound Only	K562	HNRNPL_6	0.001	173	92.51336898395722	45	0.15997964711595405	128	-3.3724441783171395	-3.2124645312011855	-0.909422167315192
Unique Binding	Bound Only	K562	HNRNPL_6	0.01	74	39.57219251336899	2	0.02061319918363525	72	-3.062484773756154	-3.0418715745725184	-0.9866282554984912
Unique Binding	Bound Only	K562	HNRNPL_6	0.1	7	3.7433155080213902	0	0.0	7	-1.0031422749748775	-1.0031422749748775	-1.0
Unique Binding	Bound Only	K562	HNRNPM_1	0.0	430	100.0	405	0.20805282470446881	25	-0.01852518468087579	0.189527640023593	0.8364785291288376
Unique Binding	Bound Only	K562	HNRNPM_1	1e-05	421	97.90697674418605	397	0.2080459344567509	24	-0.018523069666373307	0.1895228647903776	0.8364906997048253
Unique Binding	Bound Only	K562	HNRNPM_1	0.0001	365	84.88372093023256	345	0.2051753675981935	20	-0.018442931806495554	0.18673243579169793	0.8350498876380523
Unique Binding	Bound Only	K562	HNRNPM_1	0.001	51	11.86046511627907	42	0.05853720887919119	9	-0.014058598466000667	0.044478610413190525	0.612688418791122
Unique Binding	Bound Only	K562	HNRNPM_1	0.01	0	0.0	0	0.0	0	0.0		
Unique Binding	Bound Only	K562	HNRNPM_1	0.1	0	0.0	0	0.0	0	0.0		
Unique Binding	Bound Only	K562	HNRNPM_2	0.0	793	100.0	670	1.5117390433146107	123	-1.6518442526065649	-0.14010520929195414	-0.04428687225419116
Unique Binding	Bound Only	K562	HNRNPM_2	1e-05	793	100.0	670	1.5117390433146107	123	-1.6518442526065649	-0.14010520929195414	-0.04428687225419116
Unique Binding	Bound Only	K562	HNRNPM_2	0.0001	789	99.49558638083228	667	1.511533893180374	122	-1.6518196328270593	-0.14028573964668545	-0.044347158322119135
Unique Binding	Bound Only	K562	HNRNPM_2	0.001	672	84.74148802017655	562	1.4474553822574505	110	-1.643740122631406	-0.19628474037395538	-0.06349800265415849
Unique Binding	Bound Only	K562	HNRNPM_2	0.01	42	5.296343001261034	0	0.0	42	-1.3267905574417183	-1.3267905574417183	-1.0
Unique Binding	Bound Only	K562	HNRNPM_2	0.1	0	0.0	0	0.0	0	0.0		
Unique Binding	Bound Only	K562	HNRNPM_3	0.0	365	100.0	0	0.0	365	-15.627246530132213	-15.627246530132213	-1.0
Unique Binding	Bound Only	K562	HNRNPM_3	1e-05	365	100.0	0	0.0	365	-15.627246530132213	-15.627246530132213	-1.0
Unique Binding	Bound Only	K562	HNRNPM_3	0.0001	365	100.0	0	0.0	365	-15.627246530132213	-15.627246530132213	-1.0
Unique Binding	Bound Only	K562	HNRNPM_3	0.001	365	100.0	0	0.0	365	-15.627246530132213	-15.627246530132213	-1.0
Unique Binding	Bound Only	K562	HNRNPM_3	0.01	356	97.53424657534246	0	0.0	356	-15.545733100180056	-15.545733100180056	-1.0
Unique Binding	Bound Only	K562	HNRNPM_3	0.1	23	6.301369863013699	0	0.0	23	-2.511287786031304	-2.511287786031304	-1.0
Unique Binding	Bound Only	K562	HNRNPM_4	0.0	360	100.0	0	0.0	360	-27.121249728628	-27.121249728628	-1.0
Unique Binding	Bound Only	K562	HNRNPM_4	1e-05	360	100.0	0	0.0	360	-27.121249728628	-27.121249728628	-1.0
Unique Binding	Bound Only	K562	HNRNPM_4	0.0001	360	100.0	0	0.0	360	-27.121249728628	-27.121249728628	-1.0
Unique Binding	Bound Only	K562	HNRNPM_4	0.001	360	100.0	0	0.0	360	-27.121249728628	-27.121249728628	-1.0
Unique Binding	Bound Only	K562	HNRNPM_4	0.01	360	100.0	0	0.0	360	-27.121249728628	-27.121249728628	-1.0
Unique Binding	Bound Only	K562	HNRNPM_4	0.1	122	33.88888888888889	0	0.0	122	-17.996611565661695	-17.996611565661695	-1.0
Unique Binding	Bound Only	K562	HNRNPM_5	0.0	142	100.0	3	0.040934466840643766	139	-0.7060813023745263	-0.6651468355338825	-0.8904053474436013
Unique Binding	Bound Only	K562	HNRNPM_5	1e-05	142	100.0	3	0.040934466840643766	139	-0.7060813023745263	-0.6651468355338825	-0.8904053474436013
Unique Binding	Bound Only	K562	HNRNPM_5	0.0001	142	100.0	3	0.040934466840643766	139	-0.7060813023745263	-0.6651468355338825	-0.8904053474436013
Unique Binding	Bound Only	K562	HNRNPM_5	0.001	111	78.16901408450704	3	0.040934466840643766	108	-0.6884719548486735	-0.6475374880080298	-0.8877595106831145
Unique Binding	Bound Only	K562	HNRNPM_5	0.01	17	11.971830985915492	3	0.040934466840643766	14	-0.2999505347088297	-0.25901606786818593	-0.7598341572402513
Unique Binding	Bound Only	K562	HNRNPM_5	0.1	0	0.0	0	0.0	0	0.0		
Unique Binding	Bound Only	K562	HNRNPM_6	0.0	251	100.0	0	0.0	251	-4.1938411375986195	-4.1938411375986195	-1.0
Unique Binding	Bound Only	K562	HNRNPM_6	1e-05	251	100.0	0	0.0	251	-4.1938411375986195	-4.1938411375986195	-1.0
Unique Binding	Bound Only	K562	HNRNPM_6	0.0001	251	100.0	0	0.0	251	-4.1938411375986195	-4.1938411375986195	-1.0
Unique Binding	Bound Only	K562	HNRNPM_6	0.001	251	100.0	0	0.0	251	-4.1938411375986195	-4.1938411375986195	-1.0
Unique Binding	Bound Only	K562	HNRNPM_6	0.01	147	58.56573705179283	0	0.0	147	-3.5397777425363226	-3.5397777425363226	-1.0
Unique Binding	Bound Only	K562	HNRNPM_6	0.1	0	0.0	0	0.0	0	0.0		
Unique Binding	Bound Only	K562	HNRNPUL1_1	0.0	158	100.0	158	0.2904144909154802	0	0.0	0.2904144909154802	1.0
Unique Binding	Bound Only	K562	HNRNPUL1_1	1e-05	158	100.0	158	0.2904144909154802	0	0.0	0.2904144909154802	1.0
Unique Binding	Bound Only	K562	HNRNPUL1_1	0.0001	158	100.0	158	0.2904144909154802	0	0.0	0.2904144909154802	1.0
Unique Binding	Bound Only	K562	HNRNPUL1_1	0.001	107	67.72151898734177	107	0.2507236295919117	0	0.0	0.2507236295919117	1.0
Unique Binding	Bound Only	K562	HNRNPUL1_1	0.01	0	0.0	0	0.0	0	0.0		
Unique Binding	Bound Only	K562	HNRNPUL1_1	0.1	0	0.0	0	0.0	0	0.0		
Unique Binding	Bound Only	K562	HNRNPUL1_2	0.0	0	0.0	0	0.0	0	0.0		
Unique Binding	Bound Only	K562	HNRNPUL1_2	1e-05	0	0.0	0	0.0	0	0.0		
Unique Binding	Bound Only	K562	HNRNPUL1_2	0.0001	0	0.0	0	0.0	0	0.0		
Unique Binding	Bound Only	K562	HNRNPUL1_2	0.001	0	0.0	0	0.0	0	0.0		
Unique Binding	Bound Only	K562	HNRNPUL1_2	0.01	0	0.0	0	0.0	0	0.0		
Unique Binding	Bound Only	K562	HNRNPUL1_2	0.1	0	0.0	0	0.0	0	0.0		
Unique Binding	Bound Only	K562	HNRNPUL1_3	0.0	256	72.72727272727273	14	0.009354837710336636	242	-0.22865235263717784	-0.2192975149268412	-0.9213902933211587
Unique Binding	Bound Only	K562	HNRNPUL1_3	1e-05	256	72.72727272727273	14	0.009354837710336636	242	-0.22865235263717784	-0.2192975149268412	-0.9213902933211587
Unique Binding	Bound Only	K562	HNRNPUL1_3	0.0001	204	57.95454545454546	14	0.009354837710336636	190	-0.22455109251681427	-0.21519625480647764	-0.9200119663383314
Unique Binding	Bound Only	K562	HNRNPUL1_3	0.001	105	29.829545454545453	1	0.0020242758664319894	104	-0.18815236018581774	-0.18612808431938574	-0.9787116240096302
Unique Binding	Bound Only	K562	HNRNPUL1_3	0.01	0	0.0	0	0.0	0	0.0		
Unique Binding	Bound Only	K562	HNRNPUL1_3	0.1	0	0.0	0	0.0	0	0.0		
Unique Binding	Bound Only	K562	HNRNPUL1_4	0.0	127	100.0	0	0.0	127	-1.64300499775745	-1.64300499775745	-1.0
Unique Binding	Bound Only	K562	HNRNPUL1_4	1e-05	127	100.0	0	0.0	127	-1.64300499775745	-1.64300499775745	-1.0
Unique Binding	Bound Only	K562	HNRNPUL1_4	0.0001	127	100.0	0	0.0	127	-1.64300499775745	-1.64300499775745	-1.0
Unique Binding	Bound Only	K562	HNRNPUL1_4	0.001	74	58.26771653543307	0	0.0	74	-1.6191636843516732	-1.6191636843516732	-1.0
Unique Binding	Bound Only	K562	HNRNPUL1_4	0.01	44	34.645669291338585	0	0.0	44	-1.4992268009056118	-1.4992268009056118	-1.0
Unique Binding	Bound Only	K562	HNRNPUL1_4	0.1	0	0.0	0	0.0	0	0.0		
Unique Binding	Bound Only	K562	HNRNPUL1_5	0.0	319	100.0	0	0.0	319	-3.5884866965255546	-3.5884866965255546	-1.0
Unique Binding	Bound Only	K562	HNRNPUL1_5	1e-05	319	100.0	0	0.0	319	-3.5884866965255546	-3.5884866965255546	-1.0
Unique Binding	Bound Only	K562	HNRNPUL1_5	0.0001	319	100.0	0	0.0	319	-3.5884866965255546	-3.5884866965255546	-1.0
Unique Binding	Bound Only	K562	HNRNPUL1_5	0.001	276	86.52037617554859	0	0.0	276	-3.554538130892806	-3.554538130892806	-1.0
Unique Binding	Bound Only	K562	HNRNPUL1_5	0.01	97	30.407523510971785	0	0.0	97	-2.927549042329323	-2.927549042329323	-1.0
Unique Binding	Bound Only	K562	HNRNPUL1_5	0.1	14	4.38871473354232	0	0.0	14	-1.448426209359426	-1.448426209359426	-1.0
Unique Binding	Bound Only	K562	HNRNPUL1_6	0.0	0	0.0	0	0.0	0	0.0		
Unique Binding	Bound Only	K562	HNRNPUL1_6	1e-05	0	0.0	0	0.0	0	0.0		
Unique Binding	Bound Only	K562	HNRNPUL1_6	0.0001	0	0.0	0	0.0	0	0.0		
Unique Binding	Bound Only	K562	HNRNPUL1_6	0.001	0	0.0	0	0.0	0	0.0		
Unique Binding	Bound Only	K562	HNRNPUL1_6	0.01	0	0.0	0	0.0	0	0.0		
Unique Binding	Bound Only	K562	HNRNPUL1_6	0.1	0	0.0	0	0.0	0	0.0		
Unique Binding	Bound Only	K562	HNRNPU_1	0.0	0	0.0	0	0.0	0	0.0		
Unique Binding	Bound Only	K562	HNRNPU_1	1e-05	0	0.0	0	0.0	0	0.0		
Unique Binding	Bound Only	K562	HNRNPU_1	0.0001	0	0.0	0	0.0	0	0.0		
Unique Binding	Bound Only	K562	HNRNPU_1	0.001	0	0.0	0	0.0	0	0.0		
Unique Binding	Bound Only	K562	HNRNPU_1	0.01	0	0.0	0	0.0	0	0.0		
Unique Binding	Bound Only	K562	HNRNPU_1	0.1	0	0.0	0	0.0	0	0.0		
Unique Binding	Bound Only	K562	HNRNPU_2	0.0	0	0.0	0	0.0	0	0.0		
Unique Binding	Bound Only	K562	HNRNPU_2	1e-05	0	0.0	0	0.0	0	0.0		
Unique Binding	Bound Only	K562	HNRNPU_2	0.0001	0	0.0	0	0.0	0	0.0		
Unique Binding	Bound Only	K562	HNRNPU_2	0.001	0	0.0	0	0.0	0	0.0		
Unique Binding	Bound Only	K562	HNRNPU_2	0.01	0	0.0	0	0.0	0	0.0		
Unique Binding	Bound Only	K562	HNRNPU_2	0.1	0	0.0	0	0.0	0	0.0		
Unique Binding	Bound Only	K562	HNRNPU_3	0.0	0	0.0	0	0.0	0	0.0		
Unique Binding	Bound Only	K562	HNRNPU_3	1e-05	0	0.0	0	0.0	0	0.0		
Unique Binding	Bound Only	K562	HNRNPU_3	0.0001	0	0.0	0	0.0	0	0.0		
Unique Binding	Bound Only	K562	HNRNPU_3	0.001	0	0.0	0	0.0	0	0.0		
Unique Binding	Bound Only	K562	HNRNPU_3	0.01	0	0.0	0	0.0	0	0.0		
Unique Binding	Bound Only	K562	HNRNPU_3	0.1	0	0.0	0	0.0	0	0.0		
Unique Binding	Bound Only	K562	HNRNPU_4	0.0	0		0	0.0	0	0.0		
Unique Binding	Bound Only	K562	HNRNPU_4	1e-05	0		0	0.0	0	0.0		
Unique Binding	Bound Only	K562	HNRNPU_4	0.0001	0		0	0.0	0	0.0		
Unique Binding	Bound Only	K562	HNRNPU_4	0.001	0		0	0.0	0	0.0		
Unique Binding	Bound Only	K562	HNRNPU_4	0.01	0		0	0.0	0	0.0		
Unique Binding	Bound Only	K562	HNRNPU_4	0.1	0		0	0.0	0	0.0		
Unique Binding	Bound Only	K562	HNRNPU_5	0.0	0		0	0.0	0	0.0		
Unique Binding	Bound Only	K562	HNRNPU_5	1e-05	0		0	0.0	0	0.0		
Unique Binding	Bound Only	K562	HNRNPU_5	0.0001	0		0	0.0	0	0.0		
Unique Binding	Bound Only	K562	HNRNPU_5	0.001	0		0	0.0	0	0.0		
Unique Binding	Bound Only	K562	HNRNPU_5	0.01	0		0	0.0	0	0.0		
Unique Binding	Bound Only	K562	HNRNPU_5	0.1	0		0	0.0	0	0.0		
Unique Binding	Bound Only	K562	HNRNPU_6	0.0	0		0	0.0	0	0.0		
Unique Binding	Bound Only	K562	HNRNPU_6	1e-05	0		0	0.0	0	0.0		
Unique Binding	Bound Only	K562	HNRNPU_6	0.0001	0		0	0.0	0	0.0		
Unique Binding	Bound Only	K562	HNRNPU_6	0.001	0		0	0.0	0	0.0		
Unique Binding	Bound Only	K562	HNRNPU_6	0.01	0		0	0.0	0	0.0		
Unique Binding	Bound Only	K562	HNRNPU_6	0.1	0		0	0.0	0	0.0		
Unique Binding	Bound Only	K562	IGF2BP1_1	0.0	2006	100.0	10	0.009610978183892041	1996	-10.891592565678108	-10.881981587494217	-0.9982367124611111
Unique Binding	Bound Only	K562	IGF2BP1_1	1e-05	2006	100.0	10	0.009610978183892041	1996	-10.891592565678108	-10.881981587494217	-0.9982367124611111
Unique Binding	Bound Only	K562	IGF2BP1_1	0.0001	1997	99.55134596211366	10	0.009610978183892041	1987	-10.891080887262984	-10.881469909079092	-0.9982366296924039
Unique Binding	Bound Only	K562	IGF2BP1_1	0.001	1845	91.9740777666999	3	0.006550518515735234	1842	-10.785894066270743	-10.779343547755007	-0.9987860917951861
Unique Binding	Bound Only	K562	IGF2BP1_1	0.01	196	9.770687936191425	0	0.0	196	-4.992267762452288	-4.992267762452288	-1.0
Unique Binding	Bound Only	K562	IGF2BP1_1	0.1	3	0.14955134596211367	0	0.0	3	-0.339114499296285	-0.339114499296285	-1.0
Unique Binding	Bound Only	K562	IGF2BP1_2	0.0	2564	100.0	2	0.0008346090714757286	2562	-62.92001958852241	-62.91918497945093	-0.9999734711461845
Unique Binding	Bound Only	K562	IGF2BP1_2	1e-05	2564	100.0	2	0.0008346090714757286	2562	-62.92001958852241	-62.91918497945093	-0.9999734711461845
Unique Binding	Bound Only	K562	IGF2BP1_2	0.0001	2562	99.9219968798752	2	0.0008346090714757286	2560	-62.91991950293985	-62.91908489386837	-0.9999734711039862
Unique Binding	Bound Only	K562	IGF2BP1_2	0.001	2555	99.64898595943838	0	0.0	2555	-62.91816746289442	-62.91816746289442	-1.0
Unique Binding	Bound Only	K562	IGF2BP1_2	0.01	1802	70.28081123244931	0	0.0	1802	-57.93557809293588	-57.93557809293588	-1.0
Unique Binding	Bound Only	K562	IGF2BP1_2	0.1	53	2.067082683307332	0	0.0	53	-6.30037877639977	-6.30037877639977	-1.0
Unique Binding	Bound Only	K562	IGF2BP1_3	0.0	2655	100.0	2629	126.50803888112327	26	-0.6434364282733553	125.86460245284991	0.9898792141151694
Unique Binding	Bound Only	K562	IGF2BP1_3	1e-05	2655	100.0	2629	126.50803888112327	26	-0.6434364282733553	125.86460245284991	0.9898792141151694
Unique Binding	Bound Only	K562	IGF2BP1_3	0.0001	2655	100.0	2629	126.50803888112327	26	-0.6434364282733553	125.86460245284991	0.9898792141151694
Unique Binding	Bound Only	K562	IGF2BP1_3	0.001	2655	100.0	2629	126.50803888112327	26	-0.6434364282733553	125.86460245284991	0.9898792141151694
Unique Binding	Bound Only	K562	IGF2BP1_3	0.01	2632	99.13370998116761	2607	126.3283341125761	25	-0.6404917901627561	125.68784232241335	0.9899110386252861
Unique Binding	Bound Only	K562	IGF2BP1_3	0.1	169	6.365348399246705	169	19.374881989940178	0	0.0	19.374881989940178	1.0
Unique Binding	Bound Only	K562	IGF2BP1_4	0.0	2984	100.0	2984	153.0424139054141	0	0.0	153.0424139054141	1.0
Unique Binding	Bound Only	K562	IGF2BP1_4	1e-05	2984	100.0	2984	153.0424139054141	0	0.0	153.0424139054141	1.0
Unique Binding	Bound Only	K562	IGF2BP1_4	0.0001	2984	100.0	2984	153.0424139054141	0	0.0	153.0424139054141	1.0
Unique Binding	Bound Only	K562	IGF2BP1_4	0.001	2983	99.96648793565683	2983	153.04154235055785	0	0.0	153.04154235055785	1.0
Unique Binding	Bound Only	K562	IGF2BP1_4	0.01	2970	99.53083109919572	2970	152.9556115662167	0	0.0	152.9556115662167	1.0
Unique Binding	Bound Only	K562	IGF2BP1_4	0.1	194	6.501340482573727	194	22.756763422043935	0	0.0	22.756763422043935	1.0
Unique Binding	Bound Only	K562	IGF2BP1_5	0.0	3838	100.0	925	3.34773622142582	2913	-10.8722608908803	-7.52452466945448	-0.5291509280928535
Unique Binding	Bound Only	K562	IGF2BP1_5	1e-05	3801	99.03595622720167	910	3.3476677969298345	2891	-10.87215503762511	-7.524487240695275	-0.5291547811981427
Unique Binding	Bound Only	K562	IGF2BP1_5	0.0001	3568	92.96508598228243	840	3.3441818027725194	2728	-10.863929938458806	-7.519748135686287	-0.5292573899080695
Unique Binding	Bound Only	K562	IGF2BP1_5	0.001	2030	52.892131318394995	641	3.252311057000572	1389	-10.218066007843674	-6.9657549508431025	-0.5171165526630078
Unique Binding	Bound Only	K562	IGF2BP1_5	0.01	344	8.963001563314227	71	1.0772155521939615	273	-7.293621163379462	-6.2164056111855	-0.7426265524472915
Unique Binding	Bound Only	K562	IGF2BP1_5	0.1	0	0.0	0	0.0	0	0.0		
Unique Binding	Bound Only	K562	IGF2BP1_6	0.0	4020	100.0	0	0.0	4020	-72.44353088635566	-72.44353088635566	-1.0
Unique Binding	Bound Only	K562	IGF2BP1_6	1e-05	4020	100.0	0	0.0	4020	-72.44353088635566	-72.44353088635566	-1.0
Unique Binding	Bound Only	K562	IGF2BP1_6	0.0001	4020	100.0	0	0.0	4020	-72.44353088635566	-72.44353088635566	-1.0
Unique Binding	Bound Only	K562	IGF2BP1_6	0.001	4020	100.0	0	0.0	4020	-72.44353088635566	-72.44353088635566	-1.0
Unique Binding	Bound Only	K562	IGF2BP1_6	0.01	2621	65.19900497512438	0	0.0	2621	-62.6980904090346	-62.6980904090346	-1.0
Unique Binding	Bound Only	K562	IGF2BP1_6	0.1	10	0.24875621890547264	0	0.0	10	-1.025509324924499	-1.025509324924499	-1.0
Unique Binding	Bound Only	K562	IGF2BP2_1	0.0	1903	100.0	3	3.2517004820740656e-05	1900	-18.108582709915865	-18.108550192911043	-0.9999964086701921
Unique Binding	Bound Only	K562	IGF2BP2_1	1e-05	1900	99.84235417761428	1	1.6751274224811623e-05	1899	-18.108577490476776	-18.108560739202552	-0.9999981499089328
Unique Binding	Bound Only	K562	IGF2BP2_1	0.0001	1898	99.7372569626905	0	0.0	1898	-18.108545791214233	-18.108545791214233	-1.0
Unique Binding	Bound Only	K562	IGF2BP2_1	0.001	1880	98.79138202837625	0	0.0	1880	-18.099697712429187	-18.099697712429187	-1.0
Unique Binding	Bound Only	K562	IGF2BP2_1	0.01	576	30.267997898055704	0	0.0	576	-11.111126712457134	-11.111126712457134	-1.0
Unique Binding	Bound Only	K562	IGF2BP2_1	0.1	0	0.0	0	0.0	0	0.0		
Unique Binding	Bound Only	K562	IGF2BP2_2	0.0	3011	100.0	7	0.0005863804392497196	3004	-28.651360688198523	-28.650774307759274	-0.999959068719634
Unique Binding	Bound Only	K562	IGF2BP2_2	1e-05	3011	100.0	7	0.0005863804392497196	3004	-28.651360688198523	-28.650774307759274	-0.999959068719634
Unique Binding	Bound Only	K562	IGF2BP2_2	0.0001	3006	99.83394221188973	2	0.00041164782920315336	3004	-28.651360688198523	-28.65094904036932	-0.9999712654544106
Unique Binding	Bound Only	K562	IGF2BP2_2	0.001	2981	99.00365327133842	0	0.0	2981	-28.634315299781978	-28.634315299781978	-1.0
Unique Binding	Bound Only	K562	IGF2BP2_2	0.01	904	30.023248090335436	0	0.0	904	-17.860554433560218	-17.860554433560218	-1.0
Unique Binding	Bound Only	K562	IGF2BP2_2	0.1	12	0.39853869146462967	0	0.0	12	-1.2495218422630359	-1.2495218422630359	-1.0
Unique Binding	Bound Only	K562	IGF2BP2_3	0.0	1769	100.0	1769	65.23318706984003	0	0.0	65.23318706984003	1.0
Unique Binding	Bound Only	K562	IGF2BP2_3	1e-05	1769	100.0	1769	65.23318706984003	0	0.0	65.23318706984003	1.0
Unique Binding	Bound Only	K562	IGF2BP2_3	0.0001	1769	100.0	1769	65.23318706984003	0	0.0	65.23318706984003	1.0
Unique Binding	Bound Only	K562	IGF2BP2_3	0.001	1769	100.0	1769	65.23318706984003	0	0.0	65.23318706984003	1.0
Unique Binding	Bound Only	K562	IGF2BP2_3	0.01	1757	99.32165065008479	1757	65.12661117295914	0	0.0	65.12661117295914	1.0
Unique Binding	Bound Only	K562	IGF2BP2_3	0.1	28	1.582815149802148	28	3.080368189272384	0	0.0	3.080368189272384	1.0
Unique Binding	Bound Only	K562	IGF2BP2_4	0.0	2437	100.0	2435	91.28669425308664	2	-0.004556920018560886	91.28213733306808	0.9999001674320376
Unique Binding	Bound Only	K562	IGF2BP2_4	1e-05	2437	100.0	2435	91.28669425308664	2	-0.004556920018560886	91.28213733306808	0.9999001674320376
Unique Binding	Bound Only	K562	IGF2BP2_4	0.0001	2437	100.0	2435	91.28669425308664	2	-0.004556920018560886	91.28213733306808	0.9999001674320376
Unique Binding	Bound Only	K562	IGF2BP2_4	0.001	2436	99.95896594173163	2434	91.28582535560047	2	-0.004556920018560886	91.28126843558191	0.999900166481836
Unique Binding	Bound Only	K562	IGF2BP2_4	0.01	2377	97.53795650389824	2377	90.81810250107145	0	0.0	90.81810250107145	1.0
Unique Binding	Bound Only	K562	IGF2BP2_4	0.1	45	1.8465326220763234	45	5.1286005800178565	0	0.0	5.1286005800178565	1.0
Unique Binding	Bound Only	K562	IGF2BP2_5	0.0	2537	100.0	442	0.34901958521731985	2095	-4.170095691287107	-3.8210761060697878	-0.8455363212211354
Unique Binding	Bound Only	K562	IGF2BP2_5	1e-05	2530	99.7240835632637	438	0.34900114537454474	2092	-4.170079873872378	-3.8210787284978336	-0.8455433111784734
Unique Binding	Bound Only	K562	IGF2BP2_5	0.0001	2327	91.72250689791092	412	0.34770905583767225	1915	-4.157458717090259	-3.809749661252587	-0.8456399080508851
Unique Binding	Bound Only	K562	IGF2BP2_5	0.001	835	32.912889239258966	120	0.2030142661748619	715	-3.6821575945078364	-3.4791433283329747	-0.8954927743457978
Unique Binding	Bound Only	K562	IGF2BP2_5	0.01	83	3.2715806070161606	0	0.0	83	-1.7760183029135315	-1.7760183029135315	-1.0
Unique Binding	Bound Only	K562	IGF2BP2_5	0.1	0	0.0	0	0.0	0	0.0		
Unique Binding	Bound Only	K562	IGF2BP2_6	0.0	3104	100.0	121	0.15570030683292077	2983	-6.172909461973612	-6.017209155140692	-0.9507947835240652
Unique Binding	Bound Only	K562	IGF2BP2_6	1e-05	3086	99.4201030927835	113	0.15566315292137478	2973	-6.172881945750752	-6.017218792829377	-0.9508060223971426
Unique Binding	Bound Only	K562	IGF2BP2_6	0.0001	3012	97.0360824742268	97	0.1548666743568862	2915	-6.169965498418639	-6.015098824061753	-0.9510290012046514
Unique Binding	Bound Only	K562	IGF2BP2_6	0.001	1426	45.94072164948454	57	0.1385879189170117	1369	-5.373478636495908	-5.234890717578896	-0.9497147149716773
Unique Binding	Bound Only	K562	IGF2BP2_6	0.01	125	4.027061855670103	0	0.0	125	-1.8633798900109801	-1.8633798900109801	-1.0
Unique Binding	Bound Only	K562	IGF2BP2_6	0.1	0	0.0	0	0.0	0	0.0		
Unique Binding	Bound Only	K562	ILF3_1	0.0	137	100.0	86	0.016894850544128162	51	-0.03550714922249282	-0.018612298678364655	-0.35518298464289366
Unique Binding	Bound Only	K562	ILF3_1	1e-05	118	86.13138686131386	79	0.01685249761270554	39	-0.035455174827831386	-0.018602677215125846	-0.35563955242461354
Unique Binding	Bound Only	K562	ILF3_1	0.0001	56	40.87591240875913	45	0.015378914088561013	11	-0.03468887569365342	-0.019309961605092407	-0.3856763338083655
Unique Binding	Bound Only	K562	ILF3_1	0.001	1	0.7299270072992701	0	0.0	1	-0.030399334459867672	-0.030399334459867672	-1.0
Unique Binding	Bound Only	K562	ILF3_1	0.01	1	0.7299270072992701	0	0.0	1	-0.030399334459867672	-0.030399334459867672	-1.0
Unique Binding	Bound Only	K562	ILF3_1	0.1	0	0.0	0	0.0	0	0.0		
Unique Binding	Bound Only	K562	ILF3_2	0.0	302	100.0	22	0.05154275873910419	280	-1.2210408574781841	-1.16949809873908	-0.918995093002512
Unique Binding	Bound Only	K562	ILF3_2	1e-05	302	100.0	22	0.05154275873910419	280	-1.2210408574781841	-1.16949809873908	-0.918995093002512
Unique Binding	Bound Only	K562	ILF3_2	0.0001	302	100.0	22	0.05154275873910419	280	-1.2210408574781841	-1.16949809873908	-0.918995093002512
Unique Binding	Bound Only	K562	ILF3_2	0.001	182	60.264900662251655	21	0.05067418904113565	161	-1.1663607790459345	-1.1156865900047988	-0.9167251716344926
Unique Binding	Bound Only	K562	ILF3_2	0.01	27	8.940397350993377	0	0.0	27	-0.8558795139661614	-0.8558795139661614	-1.0
Unique Binding	Bound Only	K562	ILF3_2	0.1	0	0.0	0	0.0	0	0.0		
Unique Binding	Bound Only	K562	ILF3_3	0.0	168	100.0	0	0.0	168	-8.376586962488947	-8.376586962488947	-1.0
Unique Binding	Bound Only	K562	ILF3_3	1e-05	168	100.0	0	0.0	168	-8.376586962488947	-8.376586962488947	-1.0
Unique Binding	Bound Only	K562	ILF3_3	0.0001	168	100.0	0	0.0	168	-8.376586962488947	-8.376586962488947	-1.0
Unique Binding	Bound Only	K562	ILF3_3	0.001	168	100.0	0	0.0	168	-8.376586962488947	-8.376586962488947	-1.0
Unique Binding	Bound Only	K562	ILF3_3	0.01	154	91.66666666666666	0	0.0	154	-8.293507984547263	-8.293507984547263	-1.0
Unique Binding	Bound Only	K562	ILF3_3	0.1	21	12.5	0	0.0	21	-2.409651605775258	-2.409651605775258	-1.0
Unique Binding	Bound Only	K562	ILF3_4	0.0	231	100.0	0	0.0	231	-2.483102157393177	-2.483102157393177	-1.0
Unique Binding	Bound Only	K562	ILF3_4	1e-05	231	100.0	0	0.0	231	-2.483102157393177	-2.483102157393177	-1.0
Unique Binding	Bound Only	K562	ILF3_4	0.0001	231	100.0	0	0.0	231	-2.483102157393177	-2.483102157393177	-1.0
Unique Binding	Bound Only	K562	ILF3_4	0.001	231	100.0	0	0.0	231	-2.483102157393177	-2.483102157393177	-1.0
Unique Binding	Bound Only	K562	ILF3_4	0.01	85	36.79653679653679	0	0.0	85	-1.8227887359318677	-1.8227887359318677	-1.0
Unique Binding	Bound Only	K562	ILF3_4	0.1	0	0.0	0	0.0	0	0.0		
Unique Binding	Bound Only	K562	ILF3_5	0.0	11	9.166666666666666	0	0.0	11	-0.20118196070798638	-0.20118196070798638	-1.0
Unique Binding	Bound Only	K562	ILF3_5	1e-05	11	9.166666666666666	0	0.0	11	-0.20118196070798638	-0.20118196070798638	-1.0
Unique Binding	Bound Only	K562	ILF3_5	0.0001	11	9.166666666666666	0	0.0	11	-0.20118196070798638	-0.20118196070798638	-1.0
Unique Binding	Bound Only	K562	ILF3_5	0.001	11	9.166666666666666	0	0.0	11	-0.20118196070798638	-0.20118196070798638	-1.0
Unique Binding	Bound Only	K562	ILF3_5	0.01	11	9.166666666666666	0	0.0	11	-0.20118196070798638	-0.20118196070798638	-1.0
Unique Binding	Bound Only	K562	ILF3_5	0.1	0	0.0	0	0.0	0	0.0		
Unique Binding	Bound Only	K562	ILF3_6	0.0	170	100.0	26	0.47398891740049226	144	-2.219892441543255	-1.7459035241427627	-0.6480996345092642
Unique Binding	Bound Only	K562	ILF3_6	1e-05	170	100.0	26	0.47398891740049226	144	-2.219892441543255	-1.7459035241427627	-0.6480996345092642
Unique Binding	Bound Only	K562	ILF3_6	0.0001	170	100.0	26	0.47398891740049226	144	-2.219892441543255	-1.7459035241427627	-0.6480996345092642
Unique Binding	Bound Only	K562	ILF3_6	0.001	170	100.0	26	0.47398891740049226	144	-2.219892441543255	-1.7459035241427627	-0.6480996345092642
Unique Binding	Bound Only	K562	ILF3_6	0.01	99	58.235294117647065	19	0.4164867573742749	80	-1.7842542337376597	-1.367767476363385	-0.6215031582032351
Unique Binding	Bound Only	K562	ILF3_6	0.1	0	0.0	0	0.0	0	0.0		
Unique Binding	Bound Only	K562	KHDRBS1_1	0.0	0	0.0	0	0.0	0	0.0		
Unique Binding	Bound Only	K562	KHDRBS1_1	1e-05	0	0.0	0	0.0	0	0.0		
Unique Binding	Bound Only	K562	KHDRBS1_1	0.0001	0	0.0	0	0.0	0	0.0		
Unique Binding	Bound Only	K562	KHDRBS1_1	0.001	0	0.0	0	0.0	0	0.0		
Unique Binding	Bound Only	K562	KHDRBS1_1	0.01	0	0.0	0	0.0	0	0.0		
Unique Binding	Bound Only	K562	KHDRBS1_1	0.1	0	0.0	0	0.0	0	0.0		
Unique Binding	Bound Only	K562	KHDRBS1_2	0.0	14	100.0	0	0.0	14	-2.478254671713889	-2.478254671713889	-1.0
Unique Binding	Bound Only	K562	KHDRBS1_2	1e-05	14	100.0	0	0.0	14	-2.478254671713889	-2.478254671713889	-1.0
Unique Binding	Bound Only	K562	KHDRBS1_2	0.0001	14	100.0	0	0.0	14	-2.478254671713889	-2.478254671713889	-1.0
Unique Binding	Bound Only	K562	KHDRBS1_2	0.001	14	100.0	0	0.0	14	-2.478254671713889	-2.478254671713889	-1.0
Unique Binding	Bound Only	K562	KHDRBS1_2	0.01	14	100.0	0	0.0	14	-2.478254671713889	-2.478254671713889	-1.0
Unique Binding	Bound Only	K562	KHDRBS1_2	0.1	12	85.71428571428571	0	0.0	12	-2.2906554895972646	-2.2906554895972646	-1.0
Unique Binding	Bound Only	K562	KHDRBS1_3	0.0	21	100.0	0	0.0	21	-0.1665997938728155	-0.1665997938728155	-1.0
Unique Binding	Bound Only	K562	KHDRBS1_3	1e-05	21	100.0	0	0.0	21	-0.1665997938728155	-0.1665997938728155	-1.0
Unique Binding	Bound Only	K562	KHDRBS1_3	0.0001	21	100.0	0	0.0	21	-0.1665997938728155	-0.1665997938728155	-1.0
Unique Binding	Bound Only	K562	KHDRBS1_3	0.001	21	100.0	0	0.0	21	-0.1665997938728155	-0.1665997938728155	-1.0
Unique Binding	Bound Only	K562	KHDRBS1_3	0.01	3	14.285714285714285	0	0.0	3	-0.1100103909251964	-0.1100103909251964	-1.0
Unique Binding	Bound Only	K562	KHDRBS1_3	0.1	0	0.0	0	0.0	0	0.0		
Unique Binding	Bound Only	K562	KHDRBS1_4	0.0	13	100.0	13	0.11469849037964491	0	0.0	0.11469849037964491	1.0
Unique Binding	Bound Only	K562	KHDRBS1_4	1e-05	13	100.0	13	0.11469849037964491	0	0.0	0.11469849037964491	1.0
Unique Binding	Bound Only	K562	KHDRBS1_4	0.0001	13	100.0	13	0.11469849037964491	0	0.0	0.11469849037964491	1.0
Unique Binding	Bound Only	K562	KHDRBS1_4	0.001	13	100.0	13	0.11469849037964491	0	0.0	0.11469849037964491	1.0
Unique Binding	Bound Only	K562	KHDRBS1_4	0.01	1	7.6923076923076925	1	0.010267615441638598	0	0.0	0.010267615441638598	1.0
Unique Binding	Bound Only	K562	KHDRBS1_4	0.1	0	0.0	0	0.0	0	0.0		
Unique Binding	Bound Only	K562	KHDRBS1_5	0.0	0	0.0	0	0.0	0	0.0		
Unique Binding	Bound Only	K562	KHDRBS1_5	1e-05	0	0.0	0	0.0	0	0.0		
Unique Binding	Bound Only	K562	KHDRBS1_5	0.0001	0	0.0	0	0.0	0	0.0		
Unique Binding	Bound Only	K562	KHDRBS1_5	0.001	0	0.0	0	0.0	0	0.0		
Unique Binding	Bound Only	K562	KHDRBS1_5	0.01	0	0.0	0	0.0	0	0.0		
Unique Binding	Bound Only	K562	KHDRBS1_5	0.1	0	0.0	0	0.0	0	0.0		
Unique Binding	Bound Only	K562	KHDRBS1_6	0.0	143	100.0	4	0.0014447092071817509	139	-1.3134028299446991	-1.3119581207375175	-0.9978024688579278
Unique Binding	Bound Only	K562	KHDRBS1_6	1e-05	143	100.0	4	0.0014447092071817509	139	-1.3134028299446991	-1.3119581207375175	-0.9978024688579278
Unique Binding	Bound Only	K562	KHDRBS1_6	0.0001	143	100.0	4	0.0014447092071817509	139	-1.3134028299446991	-1.3119581207375175	-0.9978024688579278
Unique Binding	Bound Only	K562	KHDRBS1_6	0.001	136	95.1048951048951	0	0.0	136	-1.311683505945797	-1.311683505945797	-1.0
Unique Binding	Bound Only	K562	KHDRBS1_6	0.01	29	20.27972027972028	0	0.0	29	-0.8086466474929941	-0.8086466474929941	-1.0
Unique Binding	Bound Only	K562	KHDRBS1_6	0.1	0	0.0	0	0.0	0	0.0		
Unique Binding	Bound Only	K562	KHSRP_1	0.0	5340	100.0	5074	14.25963923421693	266	-1.1279107581781076	13.131728476038823	0.8533995653972787
Unique Binding	Bound Only	K562	KHSRP_1	1e-05	5339	99.9812734082397	5073	14.259638391846936	266	-1.1279107581781076	13.13172763366883	0.8533995573718416
Unique Binding	Bound Only	K562	KHSRP_1	0.0001	5301	99.26966292134831	5041	14.257716555407828	260	-1.1275801704845236	13.130136384923304	0.8534210694049355
Unique Binding	Bound Only	K562	KHSRP_1	0.001	4523	84.70037453183521	4351	13.808009543454004	172	-1.0886582490295098	12.719351294424493	0.85383868873295
Unique Binding	Bound Only	K562	KHSRP_1	0.01	84	1.5730337078651686	49	0.6983307569714949	35	-0.5413039881748153	0.15702676879667965	0.12667180345783732
Unique Binding	Bound Only	K562	KHSRP_1	0.1	0	0.0	0	0.0	0	0.0		
Unique Binding	Bound Only	K562	KHSRP_2	0.0	7741	100.0	324	1.3094608831394905	7417	-43.32329760884657	-42.01383672570708	-0.9413228790967688
Unique Binding	Bound Only	K562	KHSRP_2	1e-05	7735	99.92249063428498	323	1.309455164353244	7412	-43.323273038099096	-42.01381787374585	-0.9413230955359212
Unique Binding	Bound Only	K562	KHSRP_2	0.0001	7692	99.36700684666063	304	1.3085578996416842	7388	-43.32212037485172	-42.01356247521004	-0.9413606088801241
Unique Binding	Bound Only	K562	KHSRP_2	0.001	7172	92.6495284846919	211	1.2672341138226004	6961	-43.10080449688995	-41.83357038306735	-0.9428762616737972
Unique Binding	Bound Only	K562	KHSRP_2	0.01	1003	12.95698230202816	51	0.7205939737422022	952	-17.07665964522959	-16.35606567148739	-0.9190218907737483
Unique Binding	Bound Only	K562	KHSRP_2	0.1	0	0.0	0	0.0	0	0.0		
Unique Binding	Bound Only	K562	KHSRP_3	0.0	7288	100.0	6988	104.5740785960834	300	-2.741455909471824	101.83262268661157	0.9489084982504576
Unique Binding	Bound Only	K562	KHSRP_3	1e-05	7288	100.0	6988	104.5740785960834	300	-2.741455909471824	101.83262268661157	0.9489084982504576
Unique Binding	Bound Only	K562	KHSRP_3	0.0001	7283	99.93139407244786	6986	104.57401237158157	297	-2.741212539354442	101.83279983222714	0.9489128864682631
Unique Binding	Bound Only	K562	KHSRP_3	0.001	7239	99.32766190998902	6969	104.56346866723777	270	-2.7312586642182772	101.8322100030195	0.9490886694593884
Unique Binding	Bound Only	K562	KHSRP_3	0.01	4443	60.96322722283205	4351	87.39635476712101	92	-1.7639044341482253	85.63245033297278	0.9604329451271241
Unique Binding	Bound Only	K562	KHSRP_3	0.1	0	0.0	0	0.0	0	0.0		
Unique Binding	Bound Only	K562	KHSRP_4	0.0	7983	100.0	7928	110.66191984571864	55	-0.15297709164901085	110.50894275406964	0.9972390518625764
Unique Binding	Bound Only	K562	KHSRP_4	1e-05	7982	99.98747338093449	7927	110.66191830911123	55	-0.15297709164901085	110.50894121746222	0.9972390518242918
Unique Binding	Bound Only	K562	KHSRP_4	0.0001	7976	99.9123136665414	7923	110.66168600650221	53	-0.15288827985299636	110.5087977266492	0.9972406467138893
Unique Binding	Bound Only	K562	KHSRP_4	0.001	7904	99.01039709382438	7869	110.63440023400292	35	-0.14651773821596684	110.48788249578696	0.9973548199293184
Unique Binding	Bound Only	K562	KHSRP_4	0.01	4660	58.37404484529626	4657	89.42314830764822	3	-0.03369225871907141	89.38945604892915	0.9992467371191346
Unique Binding	Bound Only	K562	KHSRP_4	0.1	0	0.0	0	0.0	0	0.0		
Unique Binding	Bound Only	K562	KHSRP_5	0.0	7945	100.0	1177	5.359413842479452	6768	-30.464407998216004	-25.104994155736552	-0.7007905037987198
Unique Binding	Bound Only	K562	KHSRP_5	1e-05	7911	99.57205789804908	1159	5.359348134875519	6752	-30.464343738654215	-25.104995603778697	-0.7007930866647745
Unique Binding	Bound Only	K562	KHSRP_5	0.0001	7592	95.55695405915671	1009	5.350917313110912	6583	-30.455563235858754	-25.104645922747842	-0.7011201753943458
Unique Binding	Bound Only	K562	KHSRP_5	0.001	5591	70.37130270610447	501	5.146629014108016	5090	-29.682410093879025	-24.53578107977101	-0.7044633360024116
Unique Binding	Bound Only	K562	KHSRP_5	0.01	968	12.183763373190686	95	3.945579469011579	873	-14.945594256775712	-11.000014787764133	-0.5822832899338926
Unique Binding	Bound Only	K562	KHSRP_5	0.1	0	0.0	0	0.0	0	0.0		
Unique Binding	Bound Only	K562	KHSRP_6	0.0	7175	100.0	257	0.3180554326342711	6918	-42.025276496912035	-41.70722106427776	-0.9849773072575642
Unique Binding	Bound Only	K562	KHSRP_6	1e-05	7174	99.98606271777003	256	0.31804632743161104	6918	-42.025276496912035	-41.707230169480425	-0.9849777340927641
Unique Binding	Bound Only	K562	KHSRP_6	0.0001	7139	99.49825783972125	235	0.3166792707332867	6904	-42.02459642805425	-41.70791715732096	-0.9850415810337827
Unique Binding	Bound Only	K562	KHSRP_6	0.001	6397	89.1567944250871	115	0.26704452269170675	6282	-41.59610212303342	-41.32905760034171	-0.9872420233982113
Unique Binding	Bound Only	K562	KHSRP_6	0.01	812	11.317073170731708	0	0.0	812	-22.25839961423782	-22.25839961423782	-1.0
Unique Binding	Bound Only	K562	KHSRP_6	0.1	1	0.013937282229965157	0	0.0	1	-0.10603865166069767	-0.10603865166069767	-1.0
Unique Binding	Bound Only	K562	LARP4_1	0.0	340	100.0	340	2.9299374075996063	0	0.0	2.9299374075996063	1.0
Unique Binding	Bound Only	K562	LARP4_1	1e-05	340	100.0	340	2.9299374075996063	0	0.0	2.9299374075996063	1.0
Unique Binding	Bound Only	K562	LARP4_1	0.0001	340	100.0	340	2.9299374075996063	0	0.0	2.9299374075996063	1.0
Unique Binding	Bound Only	K562	LARP4_1	0.001	340	100.0	340	2.9299374075996063	0	0.0	2.9299374075996063	1.0
Unique Binding	Bound Only	K562	LARP4_1	0.01	96	28.235294117647058	96	1.7816107402212773	0	0.0	1.7816107402212773	1.0
Unique Binding	Bound Only	K562	LARP4_1	0.1	0	0.0	0	0.0	0	0.0		
Unique Binding	Bound Only	K562	LARP4_2	0.0	431	100.0	431	0.02530670259006504	0	0.0	0.02530670259006504	1.0
Unique Binding	Bound Only	K562	LARP4_2	1e-05	113	26.218097447795824	113	0.022957789917296308	0	0.0	0.022957789917296308	1.0
Unique Binding	Bound Only	K562	LARP4_2	0.0001	55	12.761020881670534	55	0.02027296414827295	0	0.0	0.02027296414827295	1.0
Unique Binding	Bound Only	K562	LARP4_2	0.001	0	0.0	0	0.0	0	0.0		
Unique Binding	Bound Only	K562	LARP4_2	0.01	0	0.0	0	0.0	0	0.0		
Unique Binding	Bound Only	K562	LARP4_2	0.1	0	0.0	0	0.0	0	0.0		
Unique Binding	Bound Only	K562	LARP4_3	0.0	16	6.666666666666667	0	0.0	16	-0.006994807304685659	-0.006994807304685659	-1.0
Unique Binding	Bound Only	K562	LARP4_3	1e-05	16	6.666666666666667	0	0.0	16	-0.006994807304685659	-0.006994807304685659	-1.0
Unique Binding	Bound Only	K562	LARP4_3	0.0001	16	6.666666666666667	0	0.0	16	-0.006994807304685659	-0.006994807304685659	-1.0
Unique Binding	Bound Only	K562	LARP4_3	0.001	0	0.0	0	0.0	0	0.0		
Unique Binding	Bound Only	K562	LARP4_3	0.01	0	0.0	0	0.0	0	0.0		
Unique Binding	Bound Only	K562	LARP4_3	0.1	0	0.0	0	0.0	0	0.0		
Unique Binding	Bound Only	K562	LARP4_4	0.0	276	100.0	105	0.0047992016688669335	171	-0.0009054020314171044	0.003893799637449829	0.6825714531678954
Unique Binding	Bound Only	K562	LARP4_4	1e-05	76	27.536231884057973	61	0.00463963101276451	15	-0.0007377452814585475	0.0039018857313059623	0.725611435357012
Unique Binding	Bound Only	K562	LARP4_4	0.0001	20	7.246376811594203	19	0.0024029772233764416	1	-0.00010892997027768239	0.0022940472530987594	0.9132691123677865
Unique Binding	Bound Only	K562	LARP4_4	0.001	0	0.0	0	0.0	0	0.0		
Unique Binding	Bound Only	K562	LARP4_4	0.01	0	0.0	0	0.0	0	0.0		
Unique Binding	Bound Only	K562	LARP4_4	0.1	0	0.0	0	0.0	0	0.0		
Unique Binding	Bound Only	K562	LARP4_5	0.0	366	73.34669338677354	332	0.008754519593382106	34	-0.001229244615578378	0.007525274977803728	0.7537512725961368
Unique Binding	Bound Only	K562	LARP4_5	1e-05	46	9.218436873747494	34	0.007714292628820012	12	-0.0012217963028019	0.006492496326018112	0.726547864026205
Unique Binding	Bound Only	K562	LARP4_5	0.0001	24	4.809619238476954	20	0.007528865359524969	4	-0.00044811550661732975	0.007080749852907639	0.8876478421756476
Unique Binding	Bound Only	K562	LARP4_5	0.001	0	0.0	0	0.0	0	0.0		
Unique Binding	Bound Only	K562	LARP4_5	0.01	0	0.0	0	0.0	0	0.0		
Unique Binding	Bound Only	K562	LARP4_5	0.1	0	0.0	0	0.0	0	0.0		
Unique Binding	Bound Only	K562	LARP4_6	0.0	729	100.0	97	0.014898129652784593	632	-0.2248604734233059	-0.2099623437705213	-0.8757239201293104
Unique Binding	Bound Only	K562	LARP4_6	1e-05	590	80.93278463648834	97	0.014898129652784593	493	-0.22379082400605765	-0.20889269435327307	-0.8751669951674558
Unique Binding	Bound Only	K562	LARP4_6	0.0001	188	25.788751714677637	55	0.012756223070826092	133	-0.214416782828174	-0.20166055975734792	-0.8876959608792832
Unique Binding	Bound Only	K562	LARP4_6	0.001	40	5.486968449931413	0	0.0	40	-0.16121781067509283	-0.16121781067509283	-1.0
Unique Binding	Bound Only	K562	LARP4_6	0.01	0	0.0	0	0.0	0	0.0		
Unique Binding	Bound Only	K562	LARP4_6	0.1	0	0.0	0	0.0	0	0.0		
Unique Binding	Bound Only	K562	LARP7_1	0.0	0	0.0	0	0.0	0	0.0		
Unique Binding	Bound Only	K562	LARP7_1	1e-05	0	0.0	0	0.0	0	0.0		
Unique Binding	Bound Only	K562	LARP7_1	0.0001	0	0.0	0	0.0	0	0.0		
Unique Binding	Bound Only	K562	LARP7_1	0.001	0	0.0	0	0.0	0	0.0		
Unique Binding	Bound Only	K562	LARP7_1	0.01	0	0.0	0	0.0	0	0.0		
Unique Binding	Bound Only	K562	LARP7_1	0.1	0	0.0	0	0.0	0	0.0		
Unique Binding	Bound Only	K562	LARP7_2	0.0	0	0.0	0	0.0	0	0.0		
Unique Binding	Bound Only	K562	LARP7_2	1e-05	0	0.0	0	0.0	0	0.0		
Unique Binding	Bound Only	K562	LARP7_2	0.0001	0	0.0	0	0.0	0	0.0		
Unique Binding	Bound Only	K562	LARP7_2	0.001	0	0.0	0	0.0	0	0.0		
Unique Binding	Bound Only	K562	LARP7_2	0.01	0	0.0	0	0.0	0	0.0		
Unique Binding	Bound Only	K562	LARP7_2	0.1	0	0.0	0	0.0	0	0.0		
Unique Binding	Bound Only	K562	LARP7_3	0.0	0	0.0	0	0.0	0	0.0		
Unique Binding	Bound Only	K562	LARP7_3	1e-05	0	0.0	0	0.0	0	0.0		
Unique Binding	Bound Only	K562	LARP7_3	0.0001	0	0.0	0	0.0	0	0.0		
Unique Binding	Bound Only	K562	LARP7_3	0.001	0	0.0	0	0.0	0	0.0		
Unique Binding	Bound Only	K562	LARP7_3	0.01	0	0.0	0	0.0	0	0.0		
Unique Binding	Bound Only	K562	LARP7_3	0.1	0	0.0	0	0.0	0	0.0		
Unique Binding	Bound Only	K562	LARP7_4	0.0	0	0.0	0	0.0	0	0.0		
Unique Binding	Bound Only	K562	LARP7_4	1e-05	0	0.0	0	0.0	0	0.0		
Unique Binding	Bound Only	K562	LARP7_4	0.0001	0	0.0	0	0.0	0	0.0		
Unique Binding	Bound Only	K562	LARP7_4	0.001	0	0.0	0	0.0	0	0.0		
Unique Binding	Bound Only	K562	LARP7_4	0.01	0	0.0	0	0.0	0	0.0		
Unique Binding	Bound Only	K562	LARP7_4	0.1	0	0.0	0	0.0	0	0.0		
Unique Binding	Bound Only	K562	LARP7_5	0.0	0		0	0.0	0	0.0		
Unique Binding	Bound Only	K562	LARP7_5	1e-05	0		0	0.0	0	0.0		
Unique Binding	Bound Only	K562	LARP7_5	0.0001	0		0	0.0	0	0.0		
Unique Binding	Bound Only	K562	LARP7_5	0.001	0		0	0.0	0	0.0		
Unique Binding	Bound Only	K562	LARP7_5	0.01	0		0	0.0	0	0.0		
Unique Binding	Bound Only	K562	LARP7_5	0.1	0		0	0.0	0	0.0		
Unique Binding	Bound Only	K562	LARP7_6	0.0	0	0.0	0	0.0	0	0.0		
Unique Binding	Bound Only	K562	LARP7_6	1e-05	0	0.0	0	0.0	0	0.0		
Unique Binding	Bound Only	K562	LARP7_6	0.0001	0	0.0	0	0.0	0	0.0		
Unique Binding	Bound Only	K562	LARP7_6	0.001	0	0.0	0	0.0	0	0.0		
Unique Binding	Bound Only	K562	LARP7_6	0.01	0	0.0	0	0.0	0	0.0		
Unique Binding	Bound Only	K562	LARP7_6	0.1	0	0.0	0	0.0	0	0.0		
Unique Binding	Bound Only	K562	LIN28B_1	0.0	4260	100.0	4092	23.101651515962125	168	-0.30890029732304064	22.792751218639083	0.9736101652121036
Unique Binding	Bound Only	K562	LIN28B_1	1e-05	4259	99.97652582159624	4091	23.10164469548389	168	-0.30890029732304064	22.79274439816085	0.9736101575236327
Unique Binding	Bound Only	K562	LIN28B_1	0.0001	4242	99.5774647887324	4083	23.10117693351359	159	-0.3084375397316013	22.792739393781986	0.9736486442282836
Unique Binding	Bound Only	K562	LIN28B_1	0.001	3882	91.12676056338029	3822	22.947754586962212	60	-0.25993546904381737	22.687819117918394	0.977599195058489
Unique Binding	Bound Only	K562	LIN28B_1	0.01	715	16.784037558685448	706	9.258101023804329	9	-0.10053369307135851	9.15756733073297	0.9785153078172665
Unique Binding	Bound Only	K562	LIN28B_1	0.1	0	0.0	0	0.0	0	0.0		
Unique Binding	Bound Only	K562	LIN28B_2	0.0	5430	100.0	1676	5.909739537964864	3754	-15.052224120823272	-9.142484582858408	-0.43614638073401557
Unique Binding	Bound Only	K562	LIN28B_2	1e-05	5425	99.90791896869244	1673	5.9097261381280415	3752	-15.05220626005491	-9.142480121926868	-0.4361468183495987
Unique Binding	Bound Only	K562	LIN28B_2	0.0001	5353	98.58195211786372	1650	5.908720040761098	3703	-15.049200913375483	-9.140480872614384	-0.43613490539529287
Unique Binding	Bound Only	K562	LIN28B_2	0.001	4367	80.42357274401473	1455	5.803569641234727	2912	-14.53299948047178	-8.729429839237053	-0.4292479123196636
Unique Binding	Bound Only	K562	LIN28B_2	0.01	449	8.268876611418047	70	0.9398126042448218	379	-7.065723240284867	-6.125910636040045	-0.7652093195268094
Unique Binding	Bound Only	K562	LIN28B_2	0.1	0	0.0	0	0.0	0	0.0		
Unique Binding	Bound Only	K562	LIN28B_3	0.0	4840	100.0	4836	247.10616490190253	4	-0.025225206126039127	247.0809396957765	0.9997958559119907
Unique Binding	Bound Only	K562	LIN28B_3	1e-05	4840	100.0	4836	247.10616490190253	4	-0.025225206126039127	247.0809396957765	0.9997958559119907
Unique Binding	Bound Only	K562	LIN28B_3	0.0001	4840	100.0	4836	247.10616490190253	4	-0.025225206126039127	247.0809396957765	0.9997958559119907
Unique Binding	Bound Only	K562	LIN28B_3	0.001	4840	100.0	4836	247.10616490190253	4	-0.025225206126039127	247.0809396957765	0.9997958559119907
Unique Binding	Bound Only	K562	LIN28B_3	0.01	4835	99.89669421487604	4834	247.0944955748534	1	-0.017782623998323956	247.07671295085507	0.9998560765646455
Unique Binding	Bound Only	K562	LIN28B_3	0.1	446	9.214876033057852	446	51.64616216368077	0	0.0	51.64616216368077	1.0
Unique Binding	Bound Only	K562	LIN28B_4	0.0	5815	100.0	5809	304.79135888631106	6	-0.1293685743319537	304.6619903119791	0.9991514609360318
Unique Binding	Bound Only	K562	LIN28B_4	1e-05	5815	100.0	5809	304.79135888631106	6	-0.1293685743319537	304.6619903119791	0.9991514609360318
Unique Binding	Bound Only	K562	LIN28B_4	0.0001	5815	100.0	5809	304.79135888631106	6	-0.1293685743319537	304.6619903119791	0.9991514609360318
Unique Binding	Bound Only	K562	LIN28B_4	0.001	5815	100.0	5809	304.79135888631106	6	-0.1293685743319537	304.6619903119791	0.9991514609360318
Unique Binding	Bound Only	K562	LIN28B_4	0.01	5806	99.84522785898538	5801	304.7172189110048	5	-0.12754083248654452	304.58967807851826	0.9991632407747874
Unique Binding	Bound Only	K562	LIN28B_4	0.1	586	10.077386070507309	586	69.41477228627878	0	0.0	69.41477228627878	1.0
Unique Binding	Bound Only	K562	LIN28B_5	0.0	6933	100.0	3848	4.472538649850529	3085	-7.863220346941174	-3.3906816970906446	-0.274866078201795
Unique Binding	Bound Only	K562	LIN28B_5	1e-05	6749	97.34602625126207	3729	4.471913871943006	3020	-7.862936669148891	-3.3910227972058857	-0.2749139753180753
Unique Binding	Bound Only	K562	LIN28B_5	0.0001	4730	68.22443386701283	2411	4.416442425242536	2319	-7.826281949938769	-3.409839524696233	-0.27851966769820674
Unique Binding	Bound Only	K562	LIN28B_5	0.001	2584	37.27102264531948	1520	4.045726999849558	1064	-7.355948046607158	-3.3102210467576	-0.29032760829175824
Unique Binding	Bound Only	K562	LIN28B_5	0.01	298	4.298283571325545	5	0.07372926912525134	293	-5.005353635891595	-4.931624366766344	-0.97096748743659
Unique Binding	Bound Only	K562	LIN28B_5	0.1	0	0.0	0	0.0	0	0.0		
Unique Binding	Bound Only	K562	LIN28B_6	0.0	6941	100.0	546	1.3789065882081304	6395	-18.95082145354968	-17.571914865341547	-0.8643457910134538
Unique Binding	Bound Only	K562	LIN28B_6	1e-05	6920	99.69744993516785	534	1.3788499147982967	6386	-18.950783739780633	-17.571933824982334	-0.8643507366412642
Unique Binding	Bound Only	K562	LIN28B_6	0.0001	6780	97.68044950295346	484	1.3760400800868753	6296	-18.94592409492796	-17.569884014841087	-0.8645760746120527
Unique Binding	Bound Only	K562	LIN28B_6	0.001	4583	66.02794986313212	340	1.3045065489548417	4243	-17.654187066825017	-16.349680517870176	-0.8623843419391447
Unique Binding	Bound Only	K562	LIN28B_6	0.01	441	6.353551361475292	23	0.3223924001978605	418	-6.593936526495911	-6.271544126298051	-0.9067735489115974
Unique Binding	Bound Only	K562	LIN28B_6	0.1	0	0.0	0	0.0	0	0.0		
Unique Binding	Bound Only	K562	LSM11_1	0.0	343	100.0	5	0.005161273200783202	338	-0.09659206574341159	-0.09143079254262838	-0.8985532415085891
Unique Binding	Bound Only	K562	LSM11_1	1e-05	231	67.3469387755102	5	0.005161273200783202	226	-0.096066477956772	-0.0909052047559888	-0.8980265166070918
Unique Binding	Bound Only	K562	LSM11_1	0.0001	109	31.778425655976676	5	0.005161273200783202	104	-0.09252606259820656	-0.08736478939742336	-0.894330761330138
Unique Binding	Bound Only	K562	LSM11_1	0.001	34	9.912536443148689	5	0.005161273200783202	29	-0.07143028590825379	-0.06626901270747058	-0.8652260572621187
Unique Binding	Bound Only	K562	LSM11_1	0.01	0	0.0	0	0.0	0	0.0		
Unique Binding	Bound Only	K562	LSM11_1	0.1	0	0.0	0	0.0	0	0.0		
Unique Binding	Bound Only	K562	LSM11_2	0.0	621	100.0	0	0.0	621	-0.46356235879213714	-0.46356235879213714	-1.0
Unique Binding	Bound Only	K562	LSM11_2	1e-05	620	99.8389694041868	0	0.0	620	-0.4635530183986857	-0.4635530183986857	-1.0
Unique Binding	Bound Only	K562	LSM11_2	0.0001	301	48.470209339774556	0	0.0	301	-0.4471299227593511	-0.4471299227593511	-1.0
Unique Binding	Bound Only	K562	LSM11_2	0.001	61	9.822866344605476	0	0.0	61	-0.33788938511189315	-0.33788938511189315	-1.0
Unique Binding	Bound Only	K562	LSM11_2	0.01	10	1.610305958132045	0	0.0	10	-0.14745494404968176	-0.14745494404968176	-1.0
Unique Binding	Bound Only	K562	LSM11_2	0.1	0	0.0	0	0.0	0	0.0		
Unique Binding	Bound Only	K562	LSM11_3	0.0	611	100.0	476	1.2443784745358382	135	-0.340575699512447	0.9038027750233912	0.5702390578996369
Unique Binding	Bound Only	K562	LSM11_3	1e-05	609	99.67266775777414	474	1.2443646047924117	135	-0.340575699512447	0.9037889052799648	0.57023529708039
Unique Binding	Bound Only	K562	LSM11_3	0.0001	503	82.3240589198036	375	1.2362246614886	128	-0.3401259180477399	0.8960987434408603	0.5684641190060871
Unique Binding	Bound Only	K562	LSM11_3	0.001	289	47.299509001636665	221	1.1989113144384107	68	-0.30720996159734265	0.891701352841068	0.5920514948093065
Unique Binding	Bound Only	K562	LSM11_3	0.01	37	6.055646481178396	28	0.39960581535684037	9	-0.18248541029233692	0.21712040506450345	0.37300064920641934
Unique Binding	Bound Only	K562	LSM11_3	0.1	0	0.0	0	0.0	0	0.0		
Unique Binding	Bound Only	K562	LSM11_4	0.0	24	7.5	24	0.024604146967794963	0	0.0	0.024604146967794963	1.0
Unique Binding	Bound Only	K562	LSM11_4	1e-05	24	7.5	24	0.024604146967794963	0	0.0	0.024604146967794963	1.0
Unique Binding	Bound Only	K562	LSM11_4	0.0001	23	7.187499999999999	23	0.0245451144046739	0	0.0	0.0245451144046739	1.0
Unique Binding	Bound Only	K562	LSM11_4	0.001	21	6.5625	21	0.022994283067813974	0	0.0	0.022994283067813974	1.0
Unique Binding	Bound Only	K562	LSM11_4	0.01	0	0.0	0	0.0	0	0.0		
Unique Binding	Bound Only	K562	LSM11_4	0.1	0	0.0	0	0.0	0	0.0		
Unique Binding	Bound Only	K562	LSM11_5	0.0	754	100.0	0	0.0	754	-2.428122581064201	-2.428122581064201	-1.0
Unique Binding	Bound Only	K562	LSM11_5	1e-05	754	100.0	0	0.0	754	-2.428122581064201	-2.428122581064201	-1.0
Unique Binding	Bound Only	K562	LSM11_5	0.0001	748	99.20424403183023	0	0.0	748	-2.427646180699919	-2.427646180699919	-1.0
Unique Binding	Bound Only	K562	LSM11_5	0.001	309	40.9814323607427	0	0.0	309	-2.21750415093278	-2.21750415093278	-1.0
Unique Binding	Bound Only	K562	LSM11_5	0.01	63	8.355437665782492	0	0.0	63	-1.6569345953549097	-1.6569345953549097	-1.0
Unique Binding	Bound Only	K562	LSM11_5	0.1	0	0.0	0	0.0	0	0.0		
Unique Binding	Bound Only	K562	LSM11_6	0.0	308	100.0	0	0.0	308	-1.4697286422467417	-1.4697286422467417	-1.0
Unique Binding	Bound Only	K562	LSM11_6	1e-05	308	100.0	0	0.0	308	-1.4697286422467417	-1.4697286422467417	-1.0
Unique Binding	Bound Only	K562	LSM11_6	0.0001	308	100.0	0	0.0	308	-1.4697286422467417	-1.4697286422467417	-1.0
Unique Binding	Bound Only	K562	LSM11_6	0.001	239	77.59740259740259	0	0.0	239	-1.416014238625404	-1.416014238625404	-1.0
Unique Binding	Bound Only	K562	LSM11_6	0.01	28	9.090909090909092	0	0.0	28	-0.6920295067428888	-0.6920295067428888	-1.0
Unique Binding	Bound Only	K562	LSM11_6	0.1	0	0.0	0	0.0	0	0.0		
Unique Binding	Bound Only	K562	MATR3_1	0.0	1	2.941176470588235	1	0.006545157806163768	0	0.0	0.006545157806163768	1.0
Unique Binding	Bound Only	K562	MATR3_1	1e-05	1	2.941176470588235	1	0.006545157806163768	0	0.0	0.006545157806163768	1.0
Unique Binding	Bound Only	K562	MATR3_1	0.0001	1	2.941176470588235	1	0.006545157806163768	0	0.0	0.006545157806163768	1.0
Unique Binding	Bound Only	K562	MATR3_1	0.001	1	2.941176470588235	1	0.006545157806163768	0	0.0	0.006545157806163768	1.0
Unique Binding	Bound Only	K562	MATR3_1	0.01	0	0.0	0	0.0	0	0.0		
Unique Binding	Bound Only	K562	MATR3_1	0.1	0	0.0	0	0.0	0	0.0		
Unique Binding	Bound Only	K562	MATR3_2	0.0	142	100.0	0	0.0	142	-8.297864601313664	-8.297864601313664	-1.0
Unique Binding	Bound Only	K562	MATR3_2	1e-05	142	100.0	0	0.0	142	-8.297864601313664	-8.297864601313664	-1.0
Unique Binding	Bound Only	K562	MATR3_2	0.0001	142	100.0	0	0.0	142	-8.297864601313664	-8.297864601313664	-1.0
Unique Binding	Bound Only	K562	MATR3_2	0.001	142	100.0	0	0.0	142	-8.297864601313664	-8.297864601313664	-1.0
Unique Binding	Bound Only	K562	MATR3_2	0.01	135	95.07042253521126	0	0.0	135	-8.238514360639126	-8.238514360639126	-1.0
Unique Binding	Bound Only	K562	MATR3_2	0.1	33	23.239436619718308	0	0.0	33	-4.243925327036875	-4.243925327036875	-1.0
Unique Binding	Bound Only	K562	MATR3_3	0.0	87	100.0	0	0.0	87	-2.8676798153190135	-2.8676798153190135	-1.0
Unique Binding	Bound Only	K562	MATR3_3	1e-05	87	100.0	0	0.0	87	-2.8676798153190135	-2.8676798153190135	-1.0
Unique Binding	Bound Only	K562	MATR3_3	0.0001	87	100.0	0	0.0	87	-2.8676798153190135	-2.8676798153190135	-1.0
Unique Binding	Bound Only	K562	MATR3_3	0.001	87	100.0	0	0.0	87	-2.8676798153190135	-2.8676798153190135	-1.0
Unique Binding	Bound Only	K562	MATR3_3	0.01	83	95.40229885057471	0	0.0	83	-2.832840122087534	-2.832840122087534	-1.0
Unique Binding	Bound Only	K562	MATR3_3	0.1	0	0.0	0	0.0	0	0.0		
Unique Binding	Bound Only	K562	MATR3_4	0.0	134	100.0	20	0.016005528313768856	114	-0.03661601880321623	-0.020610490489447374	-0.3916739742301259
Unique Binding	Bound Only	K562	MATR3_4	1e-05	121	90.29850746268657	20	0.016005528313768856	101	-0.03652719473903845	-0.02052166642526959	-0.39064539648250596
Unique Binding	Bound Only	K562	MATR3_4	0.0001	52	38.80597014925373	20	0.016005528313768856	32	-0.03303828587453288	-0.01703275756076402	-0.3472967558226087
Unique Binding	Bound Only	K562	MATR3_4	0.001	17	12.686567164179104	0	0.0	17	-0.021624835240538542	-0.021624835240538542	-1.0
Unique Binding	Bound Only	K562	MATR3_4	0.01	0	0.0	0	0.0	0	0.0		
Unique Binding	Bound Only	K562	MATR3_4	0.1	0	0.0	0	0.0	0	0.0		
Unique Binding	Bound Only	K562	MATR3_5	0.0	0	0.0	0	0.0	0	0.0		
Unique Binding	Bound Only	K562	MATR3_5	1e-05	0	0.0	0	0.0	0	0.0		
Unique Binding	Bound Only	K562	MATR3_5	0.0001	0	0.0	0	0.0	0	0.0		
Unique Binding	Bound Only	K562	MATR3_5	0.001	0	0.0	0	0.0	0	0.0		
Unique Binding	Bound Only	K562	MATR3_5	0.01	0	0.0	0	0.0	0	0.0		
Unique Binding	Bound Only	K562	MATR3_5	0.1	0	0.0	0	0.0	0	0.0		
Unique Binding	Bound Only	K562	MATR3_6	0.0	0	0.0	0	0.0	0	0.0		
Unique Binding	Bound Only	K562	MATR3_6	1e-05	0	0.0	0	0.0	0	0.0		
Unique Binding	Bound Only	K562	MATR3_6	0.0001	0	0.0	0	0.0	0	0.0		
Unique Binding	Bound Only	K562	MATR3_6	0.001	0	0.0	0	0.0	0	0.0		
Unique Binding	Bound Only	K562	MATR3_6	0.01	0	0.0	0	0.0	0	0.0		
Unique Binding	Bound Only	K562	MATR3_6	0.1	0	0.0	0	0.0	0	0.0		
Unique Binding	Bound Only	K562	MBNL1_1	0.0	17	10.179640718562874	17	0.0011472772770882472	0	0.0	0.0011472772770882472	1.0
Unique Binding	Bound Only	K562	MBNL1_1	1e-05	6	3.592814371257485	6	0.001103503696882085	0	0.0	0.001103503696882085	1.0
Unique Binding	Bound Only	K562	MBNL1_1	0.0001	6	3.592814371257485	6	0.001103503696882085	0	0.0	0.001103503696882085	1.0
Unique Binding	Bound Only	K562	MBNL1_1	0.001	0	0.0	0	0.0	0	0.0		
Unique Binding	Bound Only	K562	MBNL1_1	0.01	0	0.0	0	0.0	0	0.0		
Unique Binding	Bound Only	K562	MBNL1_1	0.1	0	0.0	0	0.0	0	0.0		
Unique Binding	Bound Only	K562	MBNL1_2	0.0	162	100.0	162	2.4189838160950887	0	0.0	2.4189838160950887	1.0
Unique Binding	Bound Only	K562	MBNL1_2	1e-05	162	100.0	162	2.4189838160950887	0	0.0	2.4189838160950887	1.0
Unique Binding	Bound Only	K562	MBNL1_2	0.0001	162	100.0	162	2.4189838160950887	0	0.0	2.4189838160950887	1.0
Unique Binding	Bound Only	K562	MBNL1_2	0.001	162	100.0	162	2.4189838160950887	0	0.0	2.4189838160950887	1.0
Unique Binding	Bound Only	K562	MBNL1_2	0.01	116	71.60493827160494	116	2.160349273720343	0	0.0	2.160349273720343	1.0
Unique Binding	Bound Only	K562	MBNL1_2	0.1	0	0.0	0	0.0	0	0.0		
Unique Binding	Bound Only	K562	MBNL1_3	0.0	159	100.0	42	0.015518584093857772	117	-0.9460575287587966	-0.9305389446649388	-0.967722608982414
Unique Binding	Bound Only	K562	MBNL1_3	1e-05	155	97.48427672955975	41	0.015516837402977006	114	-0.946039403214714	-0.930522565811737	-0.9677255749637499
Unique Binding	Bound Only	K562	MBNL1_3	0.0001	143	89.937106918239	36	0.015171812795551489	107	-0.9458526669791548	-0.9306808541836034	-0.9684257516538846
Unique Binding	Bound Only	K562	MBNL1_3	0.001	85	53.459119496855344	0	0.0	85	-0.9368073592541348	-0.9368073592541348	-1.0
Unique Binding	Bound Only	K562	MBNL1_3	0.01	52	32.70440251572327	0	0.0	52	-0.7865628350453309	-0.7865628350453309	-1.0
Unique Binding	Bound Only	K562	MBNL1_3	0.1	0	0.0	0	0.0	0	0.0		
Unique Binding	Bound Only	K562	MBNL1_4	0.0	141	100.0	0	0.0	141	-1.6944780072509023	-1.6944780072509023	-1.0
Unique Binding	Bound Only	K562	MBNL1_4	1e-05	141	100.0	0	0.0	141	-1.6944780072509023	-1.6944780072509023	-1.0
Unique Binding	Bound Only	K562	MBNL1_4	0.0001	141	100.0	0	0.0	141	-1.6944780072509023	-1.6944780072509023	-1.0
Unique Binding	Bound Only	K562	MBNL1_4	0.001	141	100.0	0	0.0	141	-1.6944780072509023	-1.6944780072509023	-1.0
Unique Binding	Bound Only	K562	MBNL1_4	0.01	60	42.5531914893617	0	0.0	60	-1.26157431735252	-1.26157431735252	-1.0
Unique Binding	Bound Only	K562	MBNL1_4	0.1	0	0.0	0	0.0	0	0.0		
Unique Binding	Bound Only	K562	MBNL1_5	0.0	0	0.0	0	0.0	0	0.0		
Unique Binding	Bound Only	K562	MBNL1_5	1e-05	0	0.0	0	0.0	0	0.0		
Unique Binding	Bound Only	K562	MBNL1_5	0.0001	0	0.0	0	0.0	0	0.0		
Unique Binding	Bound Only	K562	MBNL1_5	0.001	0	0.0	0	0.0	0	0.0		
Unique Binding	Bound Only	K562	MBNL1_5	0.01	0	0.0	0	0.0	0	0.0		
Unique Binding	Bound Only	K562	MBNL1_5	0.1	0	0.0	0	0.0	0	0.0		
Unique Binding	Bound Only	K562	MBNL1_6	0.0	267	100.0	0	0.0	267	-5.681392393413933	-5.681392393413933	-1.0
Unique Binding	Bound Only	K562	MBNL1_6	1e-05	267	100.0	0	0.0	267	-5.681392393413933	-5.681392393413933	-1.0
Unique Binding	Bound Only	K562	MBNL1_6	0.0001	267	100.0	0	0.0	267	-5.681392393413933	-5.681392393413933	-1.0
Unique Binding	Bound Only	K562	MBNL1_6	0.001	259	97.00374531835206	0	0.0	259	-5.675412119600028	-5.675412119600028	-1.0
Unique Binding	Bound Only	K562	MBNL1_6	0.01	102	38.20224719101123	0	0.0	102	-5.061434245979787	-5.061434245979787	-1.0
Unique Binding	Bound Only	K562	MBNL1_6	0.1	0	0.0	0	0.0	0	0.0		
Unique Binding	Bound Only	K562	METAP2_1	0.0	2411	100.0	246	0.032254589342000164	2165	-1.7926059004250487	-1.7603513110830487	-0.9646498025214875
Unique Binding	Bound Only	K562	METAP2_1	1e-05	2376	98.54832019908751	228	0.032148206046210145	2148	-1.7925012886813345	-1.7603530826351244	-0.96476232159754
Unique Binding	Bound Only	K562	METAP2_1	0.0001	1891	78.43218581501452	82	0.024653709375119067	1809	-1.7700125508148221	-1.745358841439703	-0.9725255776831623
Unique Binding	Bound Only	K562	METAP2_1	0.001	313	12.982165076731647	1	0.006422347954768382	312	-1.1792993873274638	-1.1728770393726953	-0.989167191991737
Unique Binding	Bound Only	K562	METAP2_1	0.01	20	0.829531314807134	0	0.0	20	-0.3238923395204788	-0.3238923395204788	-1.0
Unique Binding	Bound Only	K562	METAP2_1	0.1	0	0.0	0	0.0	0	0.0		
Unique Binding	Bound Only	K562	METAP2_2	0.0	3088	100.0	68	0.012656963110438058	3020	-11.212944627808483	-11.200287664698045	-0.997744982661655
Unique Binding	Bound Only	K562	METAP2_2	1e-05	3086	99.93523316062176	67	0.012650735873239003	3019	-11.212941483998836	-11.200290748125598	-0.9977460902506606
Unique Binding	Bound Only	K562	METAP2_2	0.0001	3055	98.93134715025906	62	0.012367947122876033	2993	-11.211796737265047	-11.199428790142171	-0.9977961928623377
Unique Binding	Bound Only	K562	METAP2_2	0.001	2072	67.09844559585493	0	0.0	2072	-10.633955337705101	-10.633955337705101	-1.0
Unique Binding	Bound Only	K562	METAP2_2	0.01	276	8.937823834196891	0	0.0	276	-5.420208722035582	-5.420208722035582	-1.0
Unique Binding	Bound Only	K562	METAP2_2	0.1	0	0.0	0	0.0	0	0.0		
Unique Binding	Bound Only	K562	METAP2_3	0.0	3119	100.0	3119	81.23371202251198	0	0.0	81.23371202251198	1.0
Unique Binding	Bound Only	K562	METAP2_3	1e-05	3119	100.0	3119	81.23371202251198	0	0.0	81.23371202251198	1.0
Unique Binding	Bound Only	K562	METAP2_3	0.0001	3119	100.0	3119	81.23371202251198	0	0.0	81.23371202251198	1.0
Unique Binding	Bound Only	K562	METAP2_3	0.001	3119	100.0	3119	81.23371202251198	0	0.0	81.23371202251198	1.0
Unique Binding	Bound Only	K562	METAP2_3	0.01	2889	92.62584161590254	2889	79.38867364754864	0	0.0	79.38867364754864	1.0
Unique Binding	Bound Only	K562	METAP2_3	0.1	21	0.6732927220262905	21	2.3780985251976086	0	0.0	2.3780985251976086	1.0
Unique Binding	Bound Only	K562	METAP2_4	0.0	3047	100.0	3041	57.76080732168802	6	-0.02643033173743368	57.73437698995058	0.9990852536715477
Unique Binding	Bound Only	K562	METAP2_4	1e-05	3047	100.0	3041	57.76080732168802	6	-0.02643033173743368	57.73437698995058	0.9990852536715477
Unique Binding	Bound Only	K562	METAP2_4	0.0001	3047	100.0	3041	57.76080732168802	6	-0.02643033173743368	57.73437698995058	0.9990852536715477
Unique Binding	Bound Only	K562	METAP2_4	0.001	3047	100.0	3041	57.76080732168802	6	-0.02643033173743368	57.73437698995058	0.9990852536715477
Unique Binding	Bound Only	K562	METAP2_4	0.01	2355	77.28913685592386	2355	52.409055318069356	0	0.0	52.409055318069356	1.0
Unique Binding	Bound Only	K562	METAP2_4	0.1	0	0.0	0	0.0	0	0.0		
Unique Binding	Bound Only	K562	METAP2_5	0.0	3787	100.0	136	1.2208680660387552	3651	-11.810009174562119	-10.589141108523364	-0.8126192053694063
Unique Binding	Bound Only	K562	METAP2_5	1e-05	3786	99.97359387377873	136	1.2208680660387552	3650	-11.810008692952481	-10.589140626913725	-0.8126191984439783
Unique Binding	Bound Only	K562	METAP2_5	0.0001	3757	99.2078162133615	128	1.2203329901561846	3629	-11.808501657122388	-10.588168666966205	-0.8126719659595828
Unique Binding	Bound Only	K562	METAP2_5	0.001	2478	65.4343807763401	86	1.1955577768579277	2392	-11.086928810543057	-9.891371033685129	-0.8053231699704364
Unique Binding	Bound Only	K562	METAP2_5	0.01	283	7.4729337206231845	30	1.079871127960117	253	-4.981510416228371	-3.901639288268254	-0.6436881195853865
Unique Binding	Bound Only	K562	METAP2_5	0.1	0	0.0	0	0.0	0	0.0		
Unique Binding	Bound Only	K562	METAP2_6	0.0	3059	100.0	33	0.17292002879144697	3026	-15.107786004206128	-14.93486597541468	-0.9773675341416767
Unique Binding	Bound Only	K562	METAP2_6	1e-05	3059	100.0	33	0.17292002879144697	3026	-15.107786004206128	-14.93486597541468	-0.9773675341416767
Unique Binding	Bound Only	K562	METAP2_6	0.0001	3058	99.96730957829357	33	0.17292002879144697	3025	-15.107707553267112	-14.934787524475665	-0.9773674179463051
Unique Binding	Bound Only	K562	METAP2_6	0.001	2880	94.14841451454724	32	0.17213047953967114	2848	-14.970027764609192	-14.79789728506952	-0.9772647364049065
Unique Binding	Bound Only	K562	METAP2_6	0.01	465	15.201046093494606	7	0.08382696731127776	458	-6.460264456667894	-6.376437489356617	-0.9743808691290239
Unique Binding	Bound Only	K562	METAP2_6	0.1	0	0.0	0	0.0	0	0.0		
Unique Binding	Bound Only	K562	METTL1_1	0.0	0	0.0	0	0.0	0	0.0		
Unique Binding	Bound Only	K562	METTL1_1	1e-05	0	0.0	0	0.0	0	0.0		
Unique Binding	Bound Only	K562	METTL1_1	0.0001	0	0.0	0	0.0	0	0.0		
Unique Binding	Bound Only	K562	METTL1_1	0.001	0	0.0	0	0.0	0	0.0		
Unique Binding	Bound Only	K562	METTL1_1	0.01	0	0.0	0	0.0	0	0.0		
Unique Binding	Bound Only	K562	METTL1_1	0.1	0	0.0	0	0.0	0	0.0		
Unique Binding	Bound Only	K562	METTL1_2	0.0	0	0.0	0	0.0	0	0.0		
Unique Binding	Bound Only	K562	METTL1_2	1e-05	0	0.0	0	0.0	0	0.0		
Unique Binding	Bound Only	K562	METTL1_2	0.0001	0	0.0	0	0.0	0	0.0		
Unique Binding	Bound Only	K562	METTL1_2	0.001	0	0.0	0	0.0	0	0.0		
Unique Binding	Bound Only	K562	METTL1_2	0.01	0	0.0	0	0.0	0	0.0		
Unique Binding	Bound Only	K562	METTL1_2	0.1	0	0.0	0	0.0	0	0.0		
Unique Binding	Bound Only	K562	METTL1_3	0.0	0	0.0	0	0.0	0	0.0		
Unique Binding	Bound Only	K562	METTL1_3	1e-05	0	0.0	0	0.0	0	0.0		
Unique Binding	Bound Only	K562	METTL1_3	0.0001	0	0.0	0	0.0	0	0.0		
Unique Binding	Bound Only	K562	METTL1_3	0.001	0	0.0	0	0.0	0	0.0		
Unique Binding	Bound Only	K562	METTL1_3	0.01	0	0.0	0	0.0	0	0.0		
Unique Binding	Bound Only	K562	METTL1_3	0.1	0	0.0	0	0.0	0	0.0		
Unique Binding	Bound Only	K562	METTL1_4	0.0	0		0	0.0	0	0.0		
Unique Binding	Bound Only	K562	METTL1_4	1e-05	0		0	0.0	0	0.0		
Unique Binding	Bound Only	K562	METTL1_4	0.0001	0		0	0.0	0	0.0		
Unique Binding	Bound Only	K562	METTL1_4	0.001	0		0	0.0	0	0.0		
Unique Binding	Bound Only	K562	METTL1_4	0.01	0		0	0.0	0	0.0		
Unique Binding	Bound Only	K562	METTL1_4	0.1	0		0	0.0	0	0.0		
Unique Binding	Bound Only	K562	METTL1_5	0.0	2	2.7777777777777777	2	0.0016540430929706373	0	0.0	0.0016540430929706373	1.0
Unique Binding	Bound Only	K562	METTL1_5	1e-05	2	2.7777777777777777	2	0.0016540430929706373	0	0.0	0.0016540430929706373	1.0
Unique Binding	Bound Only	K562	METTL1_5	0.0001	2	2.7777777777777777	2	0.0016540430929706373	0	0.0	0.0016540430929706373	1.0
Unique Binding	Bound Only	K562	METTL1_5	0.001	0	0.0	0	0.0	0	0.0		
Unique Binding	Bound Only	K562	METTL1_5	0.01	0	0.0	0	0.0	0	0.0		
Unique Binding	Bound Only	K562	METTL1_5	0.1	0	0.0	0	0.0	0	0.0		
Unique Binding	Bound Only	K562	METTL1_6	0.0	61	100.0	5	0.04913486436700977	56	-0.21459335730796725	-0.1654584929409575	-0.6273825830626168
Unique Binding	Bound Only	K562	METTL1_6	1e-05	61	100.0	5	0.04913486436700977	56	-0.21459335730796725	-0.1654584929409575	-0.6273825830626168
Unique Binding	Bound Only	K562	METTL1_6	0.0001	58	95.08196721311475	5	0.04913486436700977	53	-0.21438209040045275	-0.165247226033443	-0.627083848093431
Unique Binding	Bound Only	K562	METTL1_6	0.001	10	16.39344262295082	5	0.04913486436700977	5	-0.2041829925729985	-0.15504812820598873	-0.6120694769761449
Unique Binding	Bound Only	K562	METTL1_6	0.01	7	11.475409836065573	2	0.02063529645491451	5	-0.2041829925729985	-0.18354769611808397	-0.8164268881847733
Unique Binding	Bound Only	K562	METTL1_6	0.1	0	0.0	0	0.0	0	0.0		
Unique Binding	Bound Only	K562	MORC2_1	0.0	216	100.0	0	0.0	216	-1.1921849053558105	-1.1921849053558105	-1.0
Unique Binding	Bound Only	K562	MORC2_1	1e-05	216	100.0	0	0.0	216	-1.1921849053558105	-1.1921849053558105	-1.0
Unique Binding	Bound Only	K562	MORC2_1	0.0001	216	100.0	0	0.0	216	-1.1921849053558105	-1.1921849053558105	-1.0
Unique Binding	Bound Only	K562	MORC2_1	0.001	95	43.98148148148148	0	0.0	95	-1.1282484624556208	-1.1282484624556208	-1.0
Unique Binding	Bound Only	K562	MORC2_1	0.01	11	5.092592592592593	0	0.0	11	-0.9184397583258168	-0.9184397583258168	-1.0
Unique Binding	Bound Only	K562	MORC2_1	0.1	6	2.7777777777777777	0	0.0	6	-0.6332114252108341	-0.6332114252108341	-1.0
Unique Binding	Bound Only	K562	MORC2_2	0.0	755	100.0	755	2.506664731780609	0	0.0	2.506664731780609	1.0
Unique Binding	Bound Only	K562	MORC2_2	1e-05	755	100.0	755	2.506664731780609	0	0.0	2.506664731780609	1.0
Unique Binding	Bound Only	K562	MORC2_2	0.0001	755	100.0	755	2.506664731780609	0	0.0	2.506664731780609	1.0
Unique Binding	Bound Only	K562	MORC2_2	0.001	676	89.5364238410596	676	2.445209399274888	0	0.0	2.445209399274888	1.0
Unique Binding	Bound Only	K562	MORC2_2	0.01	15	1.9867549668874174	15	0.19349124840892873	0	0.0	0.19349124840892873	1.0
Unique Binding	Bound Only	K562	MORC2_2	0.1	0	0.0	0	0.0	0	0.0		
Unique Binding	Bound Only	K562	MORC2_3	0.0	139	100.0	0	0.0	139	-0.7112685469684883	-0.7112685469684883	-1.0
Unique Binding	Bound Only	K562	MORC2_3	1e-05	139	100.0	0	0.0	139	-0.7112685469684883	-0.7112685469684883	-1.0
Unique Binding	Bound Only	K562	MORC2_3	0.0001	96	69.06474820143885	0	0.0	96	-0.7080225353370924	-0.7080225353370924	-1.0
Unique Binding	Bound Only	K562	MORC2_3	0.001	18	12.949640287769784	0	0.0	18	-0.6864454463921976	-0.6864454463921976	-1.0
Unique Binding	Bound Only	K562	MORC2_3	0.01	17	12.23021582733813	0	0.0	17	-0.6790190062708833	-0.6790190062708833	-1.0
Unique Binding	Bound Only	K562	MORC2_3	0.1	0	0.0	0	0.0	0	0.0		
Unique Binding	Bound Only	K562	MORC2_4	0.0	75	100.0	75	0.19012063021787043	0	0.0	0.19012063021787043	1.0
Unique Binding	Bound Only	K562	MORC2_4	1e-05	75	100.0	75	0.19012063021787043	0	0.0	0.19012063021787043	1.0
Unique Binding	Bound Only	K562	MORC2_4	0.0001	75	100.0	75	0.19012063021787043	0	0.0	0.19012063021787043	1.0
Unique Binding	Bound Only	K562	MORC2_4	0.001	55	73.33333333333333	55	0.17468573728771622	0	0.0	0.17468573728771622	1.0
Unique Binding	Bound Only	K562	MORC2_4	0.01	0	0.0	0	0.0	0	0.0		
Unique Binding	Bound Only	K562	MORC2_4	0.1	0	0.0	0	0.0	0	0.0		
Unique Binding	Bound Only	K562	MORC2_5	0.0	0	0.0	0	0.0	0	0.0		
Unique Binding	Bound Only	K562	MORC2_5	1e-05	0	0.0	0	0.0	0	0.0		
Unique Binding	Bound Only	K562	MORC2_5	0.0001	0	0.0	0	0.0	0	0.0		
Unique Binding	Bound Only	K562	MORC2_5	0.001	0	0.0	0	0.0	0	0.0		
Unique Binding	Bound Only	K562	MORC2_5	0.01	0	0.0	0	0.0	0	0.0		
Unique Binding	Bound Only	K562	MORC2_5	0.1	0	0.0	0	0.0	0	0.0		
Unique Binding	Bound Only	K562	MORC2_6	0.0	77	100.0	0	0.0	77	-0.07238395439637936	-0.07238395439637936	-1.0
Unique Binding	Bound Only	K562	MORC2_6	1e-05	77	100.0	0	0.0	77	-0.07238395439637936	-0.07238395439637936	-1.0
Unique Binding	Bound Only	K562	MORC2_6	0.0001	47	61.038961038961034	0	0.0	47	-0.07104103502944653	-0.07104103502944653	-1.0
Unique Binding	Bound Only	K562	MORC2_6	0.001	11	14.285714285714285	0	0.0	11	-0.06030900752348788	-0.06030900752348788	-1.0
Unique Binding	Bound Only	K562	MORC2_6	0.01	0	0.0	0	0.0	0	0.0		
Unique Binding	Bound Only	K562	MORC2_6	0.1	0	0.0	0	0.0	0	0.0		
Unique Binding	Bound Only	K562	MTPAP_1	0.0	686	100.0	0	0.0	686	-1.4087515719515928	-1.4087515719515928	-1.0
Unique Binding	Bound Only	K562	MTPAP_1	1e-05	686	100.0	0	0.0	686	-1.4087515719515928	-1.4087515719515928	-1.0
Unique Binding	Bound Only	K562	MTPAP_1	0.0001	676	98.54227405247813	0	0.0	676	-1.4078046120673675	-1.4078046120673675	-1.0
Unique Binding	Bound Only	K562	MTPAP_1	0.001	233	33.965014577259474	0	0.0	233	-1.2284997758161404	-1.2284997758161404	-1.0
Unique Binding	Bound Only	K562	MTPAP_1	0.01	27	3.9358600583090384	0	0.0	27	-0.7620394281163064	-0.7620394281163064	-1.0
Unique Binding	Bound Only	K562	MTPAP_1	0.1	0	0.0	0	0.0	0	0.0		
Unique Binding	Bound Only	K562	MTPAP_2	0.0	979	100.0	0	0.0	979	-1.8543978536027197	-1.8543978536027197	-1.0
Unique Binding	Bound Only	K562	MTPAP_2	1e-05	979	100.0	0	0.0	979	-1.8543978536027197	-1.8543978536027197	-1.0
Unique Binding	Bound Only	K562	MTPAP_2	0.0001	979	100.0	0	0.0	979	-1.8543978536027197	-1.8543978536027197	-1.0
Unique Binding	Bound Only	K562	MTPAP_2	0.001	510	52.093973442288046	0	0.0	510	-1.6019536647191186	-1.6019536647191186	-1.0
Unique Binding	Bound Only	K562	MTPAP_2	0.01	13	1.3278855975485189	0	0.0	13	-0.35202597457421547	-0.35202597457421547	-1.0
Unique Binding	Bound Only	K562	MTPAP_2	0.1	0	0.0	0	0.0	0	0.0		
Unique Binding	Bound Only	K562	MTPAP_3	0.0	678	100.0	650	1.2300000297218672	28	-0.00763055578090149	1.2223694739409656	0.9876690898394342
Unique Binding	Bound Only	K562	MTPAP_3	1e-05	678	100.0	650	1.2300000297218672	28	-0.00763055578090149	1.2223694739409656	0.9876690898394342
Unique Binding	Bound Only	K562	MTPAP_3	0.0001	669	98.67256637168141	645	1.2295646465689476	24	-0.00743700093192237	1.2221276456370251	0.987975762284638
Unique Binding	Bound Only	K562	MTPAP_3	0.001	564	83.1858407079646	564	1.1673603944745183	0	0.0	1.1673603944745183	1.0
Unique Binding	Bound Only	K562	MTPAP_3	0.01	0	0.0	0	0.0	0	0.0		
Unique Binding	Bound Only	K562	MTPAP_3	0.1	0	0.0	0	0.0	0	0.0		
Unique Binding	Bound Only	K562	MTPAP_4	0.0	794	100.0	5	0.0009187124033808065	789	-1.0634363126535817	-1.062517600250201	-0.9982736730099404
Unique Binding	Bound Only	K562	MTPAP_4	1e-05	794	100.0	5	0.0009187124033808065	789	-1.0634363126535817	-1.062517600250201	-0.9982736730099404
Unique Binding	Bound Only	K562	MTPAP_4	0.0001	420	52.896725440806044	5	0.0009187124033808065	415	-1.0384331540697689	-1.0375144416663882	-0.998232143640636
Unique Binding	Bound Only	K562	MTPAP_4	0.001	103	12.97229219143577	0	0.0	103	-0.9747072793153455	-0.9747072793153455	-1.0
Unique Binding	Bound Only	K562	MTPAP_4	0.01	12	1.5113350125944585	0	0.0	12	-0.6290256616497208	-0.6290256616497208	-1.0
Unique Binding	Bound Only	K562	MTPAP_4	0.1	0	0.0	0	0.0	0	0.0		
Unique Binding	Bound Only	K562	MTPAP_5	0.0	662	100.0	0	0.0	662	-0.8359769523396834	-0.8359769523396834	-1.0
Unique Binding	Bound Only	K562	MTPAP_5	1e-05	662	100.0	0	0.0	662	-0.8359769523396834	-0.8359769523396834	-1.0
Unique Binding	Bound Only	K562	MTPAP_5	0.0001	662	100.0	0	0.0	662	-0.8359769523396834	-0.8359769523396834	-1.0
Unique Binding	Bound Only	K562	MTPAP_5	0.001	274	41.389728096676734	0	0.0	274	-0.5851404542265171	-0.5851404542265171	-1.0
Unique Binding	Bound Only	K562	MTPAP_5	0.01	4	0.6042296072507553	0	0.0	4	-0.06664300982068883	-0.06664300982068883	-1.0
Unique Binding	Bound Only	K562	MTPAP_5	0.1	0	0.0	0	0.0	0	0.0		
Unique Binding	Bound Only	K562	MTPAP_6	0.0	949	100.0	293	0.34852975794452823	656	-0.6119435705021012	-0.263413812557573	-0.2742541669362036
Unique Binding	Bound Only	K562	MTPAP_6	1e-05	943	99.36775553213909	288	0.34849663089890265	655	-0.6119407886214427	-0.2634441577225401	-0.2742960159279378
Unique Binding	Bound Only	K562	MTPAP_6	0.0001	926	97.57639620653319	276	0.347693092933246	650	-0.6116658621685053	-0.26397276923525925	-0.27515537102299925
Unique Binding	Bound Only	K562	MTPAP_6	0.001	293	30.874604847207586	92	0.25974621279338767	201	-0.4260376141464404	-0.16629140135305276	-0.24248370232802743
Unique Binding	Bound Only	K562	MTPAP_6	0.01	3	0.31612223393045313	0	0.0	3	-0.03447192954484126	-0.03447192954484126	-1.0
Unique Binding	Bound Only	K562	MTPAP_6	0.1	0	0.0	0	0.0	0	0.0		
Unique Binding	Bound Only	K562	NCBP2_1	0.0	724	100.0	0	0.0	724	-8.939972703681239	-8.939972703681239	-1.0
Unique Binding	Bound Only	K562	NCBP2_1	1e-05	724	100.0	0	0.0	724	-8.939972703681239	-8.939972703681239	-1.0
Unique Binding	Bound Only	K562	NCBP2_1	0.0001	724	100.0	0	0.0	724	-8.939972703681239	-8.939972703681239	-1.0
Unique Binding	Bound Only	K562	NCBP2_1	0.001	724	100.0	0	0.0	724	-8.939972703681239	-8.939972703681239	-1.0
Unique Binding	Bound Only	K562	NCBP2_1	0.01	377	52.071823204419886	0	0.0	377	-7.008232010941575	-7.008232010941575	-1.0
Unique Binding	Bound Only	K562	NCBP2_1	0.1	0	0.0	0	0.0	0	0.0		
Unique Binding	Bound Only	K562	NCBP2_2	0.0	1565	100.0	90	0.018536988723851813	1475	-0.9624632658198418	-0.94392627709599	-0.9622079838654596
Unique Binding	Bound Only	K562	NCBP2_2	1e-05	1537	98.21086261980831	88	0.01853501816317447	1449	-0.9623458101214085	-0.943810791958234	-0.9622074004737364
Unique Binding	Bound Only	K562	NCBP2_2	0.0001	916	58.53035143769968	54	0.01658250719656216	862	-0.9317905703039249	-0.9152080631073627	-0.9650295699235438
Unique Binding	Bound Only	K562	NCBP2_2	0.001	98	6.261980830670927	0	0.0	98	-0.7216185026562413	-0.7216185026562413	-1.0
Unique Binding	Bound Only	K562	NCBP2_2	0.01	37	2.364217252396166	0	0.0	37	-0.5787949637242168	-0.5787949637242168	-1.0
Unique Binding	Bound Only	K562	NCBP2_2	0.1	0	0.0	0	0.0	0	0.0		
Unique Binding	Bound Only	K562	NCBP2_3	0.0	18	6.844106463878327	0	0.0	18	-0.001205198523122832	-0.001205198523122832	-1.0
Unique Binding	Bound Only	K562	NCBP2_3	1e-05	13	4.942965779467681	0	0.0	13	-0.0011883784059393738	-0.0011883784059393738	-1.0
Unique Binding	Bound Only	K562	NCBP2_3	0.0001	1	0.38022813688212925	0	0.0	1	-0.00010382582613100723	-0.00010382582613100723	-1.0
Unique Binding	Bound Only	K562	NCBP2_3	0.001	0	0.0	0	0.0	0	0.0		
Unique Binding	Bound Only	K562	NCBP2_3	0.01	0	0.0	0	0.0	0	0.0		
Unique Binding	Bound Only	K562	NCBP2_3	0.1	0	0.0	0	0.0	0	0.0		
Unique Binding	Bound Only	K562	NCBP2_4	0.0	0	0.0	0	0.0	0	0.0		
Unique Binding	Bound Only	K562	NCBP2_4	1e-05	0	0.0	0	0.0	0	0.0		
Unique Binding	Bound Only	K562	NCBP2_4	0.0001	0	0.0	0	0.0	0	0.0		
Unique Binding	Bound Only	K562	NCBP2_4	0.001	0	0.0	0	0.0	0	0.0		
Unique Binding	Bound Only	K562	NCBP2_4	0.01	0	0.0	0	0.0	0	0.0		
Unique Binding	Bound Only	K562	NCBP2_4	0.1	0	0.0	0	0.0	0	0.0		
Unique Binding	Bound Only	K562	NCBP2_5	0.0	179	100.0	9	0.0052075062326031865	170	-0.32859714976140975	-0.32338964352880656	-0.9687990797066858
Unique Binding	Bound Only	K562	NCBP2_5	1e-05	179	100.0	9	0.0052075062326031865	170	-0.32859714976140975	-0.32338964352880656	-0.9687990797066858
Unique Binding	Bound Only	K562	NCBP2_5	0.0001	161	89.94413407821229	9	0.0052075062326031865	152	-0.32721135465874374	-0.32200384842614055	-0.9686690086197889
Unique Binding	Bound Only	K562	NCBP2_5	0.001	66	36.87150837988827	0	0.0	66	-0.31024730038614723	-0.31024730038614723	-1.0
Unique Binding	Bound Only	K562	NCBP2_5	0.01	0	0.0	0	0.0	0	0.0		
Unique Binding	Bound Only	K562	NCBP2_5	0.1	0	0.0	0	0.0	0	0.0		
Unique Binding	Bound Only	K562	NCBP2_6	0.0	0	0.0	0	0.0	0	0.0		
Unique Binding	Bound Only	K562	NCBP2_6	1e-05	0	0.0	0	0.0	0	0.0		
Unique Binding	Bound Only	K562	NCBP2_6	0.0001	0	0.0	0	0.0	0	0.0		
Unique Binding	Bound Only	K562	NCBP2_6	0.001	0	0.0	0	0.0	0	0.0		
Unique Binding	Bound Only	K562	NCBP2_6	0.01	0	0.0	0	0.0	0	0.0		
Unique Binding	Bound Only	K562	NCBP2_6	0.1	0	0.0	0	0.0	0	0.0		
Unique Binding	Bound Only	K562	NIPBL_1	0.0	55	15.759312320916905	51	0.029011892662228443	4	-0.005246798862465603	0.02376509379976284	0.6936953147388217
Unique Binding	Bound Only	K562	NIPBL_1	1e-05	55	15.759312320916905	51	0.029011892662228443	4	-0.005246798862465603	0.02376509379976284	0.6936953147388217
Unique Binding	Bound Only	K562	NIPBL_1	0.0001	37	10.601719197707736	33	0.028560877890694156	4	-0.005246798862465603	0.023314079028228553	0.6896090257384976
Unique Binding	Bound Only	K562	NIPBL_1	0.001	21	6.017191977077363	17	0.019680608581043382	4	-0.005246798862465603	0.01443380971857778	0.5790337302941745
Unique Binding	Bound Only	K562	NIPBL_1	0.01	0	0.0	0	0.0	0	0.0		
Unique Binding	Bound Only	K562	NIPBL_1	0.1	0	0.0	0	0.0	0	0.0		
Unique Binding	Bound Only	K562	NIPBL_2	0.0	193	37.84313725490196	176	0.0029850191936891617	17	-0.02363160584703764	-0.02064658665334848	-0.7757026528253147
Unique Binding	Bound Only	K562	NIPBL_2	1e-05	29	5.686274509803922	12	0.002378425487163154	17	-0.02363160584703764	-0.021253180359874488	-0.8171147541805731
Unique Binding	Bound Only	K562	NIPBL_2	0.0001	25	4.901960784313726	8	0.00233452364103207	17	-0.02363160584703764	-0.021297082206005572	-0.8201870138478143
Unique Binding	Bound Only	K562	NIPBL_2	0.001	14	2.7450980392156863	0	0.0	14	-0.02142922018767405	-0.02142922018767405	-1.0
Unique Binding	Bound Only	K562	NIPBL_2	0.01	0	0.0	0	0.0	0	0.0		
Unique Binding	Bound Only	K562	NIPBL_2	0.1	0	0.0	0	0.0	0	0.0		
Unique Binding	Bound Only	K562	NIPBL_3	0.0	240	42.780748663101605	111	0.18145910274729346	129	-0.016962903695432192	0.16449619905186127	0.8290219517528312
Unique Binding	Bound Only	K562	NIPBL_3	1e-05	237	42.24598930481284	108	0.18143167707764601	129	-0.016962903695432192	0.16446877338221383	0.8289983160897505
Unique Binding	Bound Only	K562	NIPBL_3	0.0001	64	11.408199643493761	30	0.17924770909124021	34	-0.010811554470793057	0.16843615462044717	0.8862296499716334
Unique Binding	Bound Only	K562	NIPBL_3	0.001	30	5.347593582887701	30	0.17924770909124021	0	0.0	0.17924770909124021	1.0
Unique Binding	Bound Only	K562	NIPBL_3	0.01	5	0.8912655971479502	5	0.06524865635497201	0	0.0	0.06524865635497201	1.0
Unique Binding	Bound Only	K562	NIPBL_3	0.1	0	0.0	0	0.0	0	0.0		
Unique Binding	Bound Only	K562	NIPBL_4	0.0	603	100.0	0	0.0	603	-0.2716663287129565	-0.2716663287129565	-1.0
Unique Binding	Bound Only	K562	NIPBL_4	1e-05	187	31.01160862354892	0	0.0	187	-0.2700511210887567	-0.2700511210887567	-1.0
Unique Binding	Bound Only	K562	NIPBL_4	0.0001	90	14.925373134328357	0	0.0	90	-0.26794284252750256	-0.26794284252750256	-1.0
Unique Binding	Bound Only	K562	NIPBL_4	0.001	29	4.809286898839138	0	0.0	29	-0.24325902331942115	-0.24325902331942115	-1.0
Unique Binding	Bound Only	K562	NIPBL_4	0.01	16	2.6533996683250414	0	0.0	16	-0.18767642138574972	-0.18767642138574972	-1.0
Unique Binding	Bound Only	K562	NIPBL_4	0.1	0	0.0	0	0.0	0	0.0		
Unique Binding	Bound Only	K562	NIPBL_5	0.0	480	100.0	35	0.0014765967108522676	445	-0.7986711083653741	-0.7971945116545218	-0.9963091896621471
Unique Binding	Bound Only	K562	NIPBL_5	1e-05	457	95.20833333333333	25	0.0014354566059768422	432	-0.7985625921242967	-0.7971271355183198	-0.996411349732027
Unique Binding	Bound Only	K562	NIPBL_5	0.0001	281	58.54166666666667	1	0.00037443060197021785	280	-0.7922966575664642	-0.791922226964494	-0.9990552686793829
Unique Binding	Bound Only	K562	NIPBL_5	0.001	101	21.041666666666668	0	0.0	101	-0.7319397278764822	-0.7319397278764822	-1.0
Unique Binding	Bound Only	K562	NIPBL_5	0.01	17	3.5416666666666665	0	0.0	17	-0.5777999102213743	-0.5777999102213743	-1.0
Unique Binding	Bound Only	K562	NIPBL_5	0.1	0	0.0	0	0.0	0	0.0		
Unique Binding	Bound Only	K562	NIPBL_6	0.0	678	100.0	663	2.723326313921693	15	-0.08904974939929548	2.6342765645223976	0.936672943166682
Unique Binding	Bound Only	K562	NIPBL_6	1e-05	678	100.0	663	2.723326313921693	15	-0.08904974939929548	2.6342765645223976	0.936672943166682
Unique Binding	Bound Only	K562	NIPBL_6	0.0001	678	100.0	663	2.723326313921693	15	-0.08904974939929548	2.6342765645223976	0.936672943166682
Unique Binding	Bound Only	K562	NIPBL_6	0.001	648	95.57522123893806	635	2.699335564840382	13	-0.08731820041444645	2.6120173644259355	0.9373311449716741
Unique Binding	Bound Only	K562	NIPBL_6	0.01	47	6.932153392330384	47	0.5646908044677585	0	0.0	0.5646908044677585	1.0
Unique Binding	Bound Only	K562	NIPBL_6	0.1	0	0.0	0	0.0	0	0.0		
Unique Binding	Bound Only	K562	NOLC1_1	0.0	582	100.0	567	2.155953228689369	15	-0.01368691760300739	2.142266311086362	0.9873832371452046
Unique Binding	Bound Only	K562	NOLC1_1	1e-05	578	99.3127147766323	567	2.155953228689369	11	-0.01367012295907954	2.1422831057302893	0.987398621102881
Unique Binding	Bound Only	K562	NOLC1_1	0.0001	577	99.14089347079039	567	2.155953228689369	10	-0.013630512332468207	2.142322716356901	0.987434905530728
Unique Binding	Bound Only	K562	NOLC1_1	0.001	528	90.72164948453609	523	2.133246300729045	5	-0.011603470447702735	2.1216428302813424	0.9891801555487623
Unique Binding	Bound Only	K562	NOLC1_1	0.01	29	4.982817869415808	29	0.5411149244587488	0	0.0	0.5411149244587488	1.0
Unique Binding	Bound Only	K562	NOLC1_1	0.1	0	0.0	0	0.0	0	0.0		
Unique Binding	Bound Only	K562	NOLC1_2	0.0	661	100.0	4	0.0008531980861798707	657	-0.9373926001529567	-0.9365394020667768	-0.9981812908988643
Unique Binding	Bound Only	K562	NOLC1_2	1e-05	661	100.0	4	0.0008531980861798707	657	-0.9373926001529567	-0.9365394020667768	-0.9981812908988643
Unique Binding	Bound Only	K562	NOLC1_2	0.0001	583	88.19969742813917	4	0.0008531980861798707	579	-0.9317165296764939	-0.930863331590314	-0.998170221355508
Unique Binding	Bound Only	K562	NOLC1_2	0.001	143	21.6338880484115	0	0.0	143	-0.7588362483103004	-0.7588362483103004	-1.0
Unique Binding	Bound Only	K562	NOLC1_2	0.01	10	1.5128593040847202	0	0.0	10	-0.49163732542376826	-0.49163732542376826	-1.0
Unique Binding	Bound Only	K562	NOLC1_2	0.1	0	0.0	0	0.0	0	0.0		
Unique Binding	Bound Only	K562	NOLC1_3	0.0	662	100.0	188	0.03204947892746337	474	-1.7518850486489024	-1.719835569721439	-0.9640687722200146
Unique Binding	Bound Only	K562	NOLC1_3	1e-05	657	99.24471299093656	188	0.03204947892746337	469	-1.7518538730507902	-1.7198043941233268	-0.9640681442838007
Unique Binding	Bound Only	K562	NOLC1_3	0.0001	582	87.91540785498489	141	0.029626000820502374	441	-1.7504106202523158	-1.7207846194318135	-0.9667130434623903
Unique Binding	Bound Only	K562	NOLC1_3	0.001	279	42.14501510574018	0	0.0	279	-1.6751195973672406	-1.6751195973672406	-1.0
Unique Binding	Bound Only	K562	NOLC1_3	0.01	28	4.229607250755287	0	0.0	28	-0.8868557112575934	-0.8868557112575934	-1.0
Unique Binding	Bound Only	K562	NOLC1_3	0.1	3	0.4531722054380665	0	0.0	3	-0.3792415526336074	-0.3792415526336074	-1.0
Unique Binding	Bound Only	K562	NOLC1_4	0.0	610	100.0	593	0.9813367817075485	17	-0.00546557585801653	0.9758712058495319	0.9889226534247444
Unique Binding	Bound Only	K562	NOLC1_4	1e-05	610	100.0	593	0.9813367817075485	17	-0.00546557585801653	0.9758712058495319	0.9889226534247444
Unique Binding	Bound Only	K562	NOLC1_4	0.0001	589	96.55737704918033	573	0.9798509556058155	16	-0.005379968995196669	0.9744709866106188	0.9890787654734338
Unique Binding	Bound Only	K562	NOLC1_4	0.001	388	63.60655737704918	388	0.8753306099763691	0	0.0	0.8753306099763691	1.0
Unique Binding	Bound Only	K562	NOLC1_4	0.01	2	0.32786885245901637	2	0.02613792217377686	0	0.0	0.02613792217377686	1.0
Unique Binding	Bound Only	K562	NOLC1_4	0.1	0	0.0	0	0.0	0	0.0		
Unique Binding	Bound Only	K562	NOLC1_5	0.0	963	100.0	963	19.415137250496674	0	0.0	19.415137250496674	1.0
Unique Binding	Bound Only	K562	NOLC1_5	1e-05	963	100.0	963	19.415137250496674	0	0.0	19.415137250496674	1.0
Unique Binding	Bound Only	K562	NOLC1_5	0.0001	963	100.0	963	19.415137250496674	0	0.0	19.415137250496674	1.0
Unique Binding	Bound Only	K562	NOLC1_5	0.001	963	100.0	963	19.415137250496674	0	0.0	19.415137250496674	1.0
Unique Binding	Bound Only	K562	NOLC1_5	0.01	717	74.45482866043614	717	17.602217526587587	0	0.0	17.602217526587587	1.0
Unique Binding	Bound Only	K562	NOLC1_5	0.1	0	0.0	0	0.0	0	0.0		
Unique Binding	Bound Only	K562	NOLC1_6	0.0	1456	100.0	45	0.033819690252161784	1411	-1.4172976894015343	-1.3834779991493726	-0.9533880708392692
Unique Binding	Bound Only	K562	NOLC1_6	1e-05	1449	99.51923076923077	44	0.033811560610164514	1405	-1.417274089783596	-1.3834625291734315	-0.9533982565384895
Unique Binding	Bound Only	K562	NOLC1_6	0.0001	1426	97.93956043956044	39	0.033688464912465	1387	-1.4157014218626	-1.3820129569501352	-0.9535135918639218
Unique Binding	Bound Only	K562	NOLC1_6	0.001	350	24.03846153846154	10	0.026768819938463424	340	-0.9430614722190049	-0.9162926522805415	-0.9447968986843791
Unique Binding	Bound Only	K562	NOLC1_6	0.01	9	0.6181318681318682	0	0.0	9	-0.18257954268408388	-0.18257954268408388	-1.0
Unique Binding	Bound Only	K562	NOLC1_6	0.1	0	0.0	0	0.0	0	0.0		
Unique Binding	Bound Only	K562	NONO_1	0.0	1274	100.0	264	0.7340794125526181	1010	-2.673124419676551	-1.9390450071239327	-0.5691015573480701
Unique Binding	Bound Only	K562	NONO_1	1e-05	1269	99.60753532182103	263	0.7340735034057233	1006	-2.6731114586118947	-1.9390379552061714	-0.5691026395167992
Unique Binding	Bound Only	K562	NONO_1	0.0001	1226	96.23233908948194	233	0.7324343271060717	993	-2.6724565191221563	-1.9400221920160847	-0.5697751498157854
Unique Binding	Bound Only	K562	NONO_1	0.001	818	64.2072213500785	183	0.7194532456021293	635	-2.4488868491074647	-1.7294336035053353	-0.5458484732725174
Unique Binding	Bound Only	K562	NONO_1	0.01	56	4.395604395604396	5	0.09185405670466207	51	-1.0030785323645892	-0.9112244756599271	-0.8322197044427316
Unique Binding	Bound Only	K562	NONO_1	0.1	0	0.0	0	0.0	0	0.0		
Unique Binding	Bound Only	K562	NONO_2	0.0	3256	100.0	3040	19.750090539894657	216	-0.21171868255998383	19.538371857334674	0.9787876258909614
Unique Binding	Bound Only	K562	NONO_2	1e-05	3249	99.78501228501229	3035	19.75007841417241	214	-0.21170825361364398	19.538370160558767	0.9787886468143361
Unique Binding	Bound Only	K562	NONO_2	0.0001	3160	97.05159705159704	2986	19.747371947779897	174	-0.2095160984589056	19.53785584932099	0.979003129348276
Unique Binding	Bound Only	K562	NONO_2	0.001	1840	56.51105651105651	1788	19.043941017359465	52	-0.16144153072044692	18.88249948663902	0.9831878870086256
Unique Binding	Bound Only	K562	NONO_2	0.01	498	15.294840294840295	494	15.340899220784177	4	-0.05299372943391848	15.287905491350259	0.9931149671359554
Unique Binding	Bound Only	K562	NONO_2	0.1	0	0.0	0	0.0	0	0.0		
Unique Binding	Bound Only	K562	NONO_3	0.0	1448	100.0	0	0.0	1448	-81.70838459538214	-81.70838459538214	-1.0
Unique Binding	Bound Only	K562	NONO_3	1e-05	1448	100.0	0	0.0	1448	-81.70838459538214	-81.70838459538214	-1.0
Unique Binding	Bound Only	K562	NONO_3	0.0001	1448	100.0	0	0.0	1448	-81.70838459538214	-81.70838459538214	-1.0
Unique Binding	Bound Only	K562	NONO_3	0.001	1448	100.0	0	0.0	1448	-81.70838459538214	-81.70838459538214	-1.0
Unique Binding	Bound Only	K562	NONO_3	0.01	1400	96.68508287292818	0	0.0	1400	-81.2733351597644	-81.2733351597644	-1.0
Unique Binding	Bound Only	K562	NONO_3	0.1	283	19.544198895027623	0	0.0	283	-37.136393960055145	-37.136393960055145	-1.0
Unique Binding	Bound Only	K562	NONO_4	0.0	1232	100.0	0	0.0	1232	-77.12878309068208	-77.12878309068208	-1.0
Unique Binding	Bound Only	K562	NONO_4	1e-05	1232	100.0	0	0.0	1232	-77.12878309068208	-77.12878309068208	-1.0
Unique Binding	Bound Only	K562	NONO_4	0.0001	1232	100.0	0	0.0	1232	-77.12878309068208	-77.12878309068208	-1.0
Unique Binding	Bound Only	K562	NONO_4	0.001	1232	100.0	0	0.0	1232	-77.12878309068208	-77.12878309068208	-1.0
Unique Binding	Bound Only	K562	NONO_4	0.01	1178	95.61688311688312	0	0.0	1178	-76.6404134964476	-76.6404134964476	-1.0
Unique Binding	Bound Only	K562	NONO_4	0.1	358	29.05844155844156	0	0.0	358	-45.535685337395655	-45.535685337395655	-1.0
Unique Binding	Bound Only	K562	NONO_5	0.0	690	100.0	90	0.11416234902797517	600	-1.438859563417517	-1.3246972143895417	-0.8529803757266919
Unique Binding	Bound Only	K562	NONO_5	1e-05	690	100.0	90	0.11416234902797517	600	-1.438859563417517	-1.3246972143895417	-0.8529803757266919
Unique Binding	Bound Only	K562	NONO_5	0.0001	689	99.85507246376811	89	0.11406378675094928	600	-1.438859563417517	-1.3247957766665677	-0.853097982281514
Unique Binding	Bound Only	K562	NONO_5	0.001	411	59.56521739130435	38	0.07434627081366015	373	-1.2992124842829915	-1.2248662134693313	-0.8917465007772037
Unique Binding	Bound Only	K562	NONO_5	0.01	21	3.0434782608695654	0	0.0	21	-0.3858011995130278	-0.3858011995130278	-1.0
Unique Binding	Bound Only	K562	NONO_5	0.1	0	0.0	0	0.0	0	0.0		
Unique Binding	Bound Only	K562	NONO_6	0.0	414	100.0	38	0.06018034145764559	376	-1.0607682315253184	-1.0005878900676728	-0.892626043855876
Unique Binding	Bound Only	K562	NONO_6	1e-05	414	100.0	38	0.06018034145764559	376	-1.0607682315253184	-1.0005878900676728	-0.892626043855876
Unique Binding	Bound Only	K562	NONO_6	0.0001	397	95.89371980676329	38	0.06018034145764559	359	-1.0594092769068026	-0.999228935449157	-0.8924957136605821
Unique Binding	Bound Only	K562	NONO_6	0.001	50	12.077294685990339	14	0.04993584368550434	36	-0.9099864159179479	-0.8600505722324436	-0.8959585670903537
Unique Binding	Bound Only	K562	NONO_6	0.01	16	3.864734299516908	0	0.0	16	-0.8617805232137967	-0.8617805232137967	-1.0
Unique Binding	Bound Only	K562	NONO_6	0.1	0	0.0	0	0.0	0	0.0		
Unique Binding	Bound Only	K562	NPM1_1	0.0	24	100.0	0	0.0	24	-0.48875814516106775	-0.48875814516106775	-1.0
Unique Binding	Bound Only	K562	NPM1_1	1e-05	24	100.0	0	0.0	24	-0.48875814516106775	-0.48875814516106775	-1.0
Unique Binding	Bound Only	K562	NPM1_1	0.0001	18	75.0	0	0.0	18	-0.48868804789040265	-0.48868804789040265	-1.0
Unique Binding	Bound Only	K562	NPM1_1	0.001	18	75.0	0	0.0	18	-0.48868804789040265	-0.48868804789040265	-1.0
Unique Binding	Bound Only	K562	NPM1_1	0.01	17	70.83333333333334	0	0.0	17	-0.4859480335218179	-0.4859480335218179	-1.0
Unique Binding	Bound Only	K562	NPM1_1	0.1	0	0.0	0	0.0	0	0.0		
Unique Binding	Bound Only	K562	NPM1_2	0.0	19	100.0	0	0.0	19	-0.03133495919156764	-0.03133495919156764	-1.0
Unique Binding	Bound Only	K562	NPM1_2	1e-05	18	94.73684210526315	0	0.0	18	-0.031332514802873704	-0.031332514802873704	-1.0
Unique Binding	Bound Only	K562	NPM1_2	0.0001	15	78.94736842105263	0	0.0	15	-0.03105662496562707	-0.03105662496562707	-1.0
Unique Binding	Bound Only	K562	NPM1_2	0.001	12	63.1578947368421	0	0.0	12	-0.029915746442725294	-0.029915746442725294	-1.0
Unique Binding	Bound Only	K562	NPM1_2	0.01	0	0.0	0	0.0	0	0.0		
Unique Binding	Bound Only	K562	NPM1_2	0.1	0	0.0	0	0.0	0	0.0		
Unique Binding	Bound Only	K562	NPM1_3	0.0	0	0.0	0	0.0	0	0.0		
Unique Binding	Bound Only	K562	NPM1_3	1e-05	0	0.0	0	0.0	0	0.0		
Unique Binding	Bound Only	K562	NPM1_3	0.0001	0	0.0	0	0.0	0	0.0		
Unique Binding	Bound Only	K562	NPM1_3	0.001	0	0.0	0	0.0	0	0.0		
Unique Binding	Bound Only	K562	NPM1_3	0.01	0	0.0	0	0.0	0	0.0		
Unique Binding	Bound Only	K562	NPM1_3	0.1	0	0.0	0	0.0	0	0.0		
Unique Binding	Bound Only	K562	NPM1_4	0.0	0	0.0	0	0.0	0	0.0		
Unique Binding	Bound Only	K562	NPM1_4	1e-05	0	0.0	0	0.0	0	0.0		
Unique Binding	Bound Only	K562	NPM1_4	0.0001	0	0.0	0	0.0	0	0.0		
Unique Binding	Bound Only	K562	NPM1_4	0.001	0	0.0	0	0.0	0	0.0		
Unique Binding	Bound Only	K562	NPM1_4	0.01	0	0.0	0	0.0	0	0.0		
Unique Binding	Bound Only	K562	NPM1_4	0.1	0	0.0	0	0.0	0	0.0		
Unique Binding	Bound Only	K562	NPM1_5	0.0	0	0.0	0	0.0	0	0.0		
Unique Binding	Bound Only	K562	NPM1_5	1e-05	0	0.0	0	0.0	0	0.0		
Unique Binding	Bound Only	K562	NPM1_5	0.0001	0	0.0	0	0.0	0	0.0		
Unique Binding	Bound Only	K562	NPM1_5	0.001	0	0.0	0	0.0	0	0.0		
Unique Binding	Bound Only	K562	NPM1_5	0.01	0	0.0	0	0.0	0	0.0		
Unique Binding	Bound Only	K562	NPM1_5	0.1	0	0.0	0	0.0	0	0.0		
Unique Binding	Bound Only	K562	NPM1_6	0.0	0	0.0	0	0.0	0	0.0		
Unique Binding	Bound Only	K562	NPM1_6	1e-05	0	0.0	0	0.0	0	0.0		
Unique Binding	Bound Only	K562	NPM1_6	0.0001	0	0.0	0	0.0	0	0.0		
Unique Binding	Bound Only	K562	NPM1_6	0.001	0	0.0	0	0.0	0	0.0		
Unique Binding	Bound Only	K562	NPM1_6	0.01	0	0.0	0	0.0	0	0.0		
Unique Binding	Bound Only	K562	NPM1_6	0.1	0	0.0	0	0.0	0	0.0		
Unique Binding	Bound Only	K562	NSUN2_1	0.0	21	100.0	0	0.0	21	-1.053752238972711	-1.053752238972711	-1.0
Unique Binding	Bound Only	K562	NSUN2_1	1e-05	21	100.0	0	0.0	21	-1.053752238972711	-1.053752238972711	-1.0
Unique Binding	Bound Only	K562	NSUN2_1	0.0001	21	100.0	0	0.0	21	-1.053752238972711	-1.053752238972711	-1.0
Unique Binding	Bound Only	K562	NSUN2_1	0.001	21	100.0	0	0.0	21	-1.053752238972711	-1.053752238972711	-1.0
Unique Binding	Bound Only	K562	NSUN2_1	0.01	20	95.23809523809523	0	0.0	20	-1.0442221344666085	-1.0442221344666085	-1.0
Unique Binding	Bound Only	K562	NSUN2_1	0.1	0	0.0	0	0.0	0	0.0		
Unique Binding	Bound Only	K562	NSUN2_2	0.0	0	0.0	0	0.0	0	0.0		
Unique Binding	Bound Only	K562	NSUN2_2	1e-05	0	0.0	0	0.0	0	0.0		
Unique Binding	Bound Only	K562	NSUN2_2	0.0001	0	0.0	0	0.0	0	0.0		
Unique Binding	Bound Only	K562	NSUN2_2	0.001	0	0.0	0	0.0	0	0.0		
Unique Binding	Bound Only	K562	NSUN2_2	0.01	0	0.0	0	0.0	0	0.0		
Unique Binding	Bound Only	K562	NSUN2_2	0.1	0	0.0	0	0.0	0	0.0		
Unique Binding	Bound Only	K562	NSUN2_3	0.0	0	0.0	0	0.0	0	0.0		
Unique Binding	Bound Only	K562	NSUN2_3	1e-05	0	0.0	0	0.0	0	0.0		
Unique Binding	Bound Only	K562	NSUN2_3	0.0001	0	0.0	0	0.0	0	0.0		
Unique Binding	Bound Only	K562	NSUN2_3	0.001	0	0.0	0	0.0	0	0.0		
Unique Binding	Bound Only	K562	NSUN2_3	0.01	0	0.0	0	0.0	0	0.0		
Unique Binding	Bound Only	K562	NSUN2_3	0.1	0	0.0	0	0.0	0	0.0		
Unique Binding	Bound Only	K562	NSUN2_4	0.0	0	0.0	0	0.0	0	0.0		
Unique Binding	Bound Only	K562	NSUN2_4	1e-05	0	0.0	0	0.0	0	0.0		
Unique Binding	Bound Only	K562	NSUN2_4	0.0001	0	0.0	0	0.0	0	0.0		
Unique Binding	Bound Only	K562	NSUN2_4	0.001	0	0.0	0	0.0	0	0.0		
Unique Binding	Bound Only	K562	NSUN2_4	0.01	0	0.0	0	0.0	0	0.0		
Unique Binding	Bound Only	K562	NSUN2_4	0.1	0	0.0	0	0.0	0	0.0		
Unique Binding	Bound Only	K562	NSUN2_5	0.0	0	0.0	0	0.0	0	0.0		
Unique Binding	Bound Only	K562	NSUN2_5	1e-05	0	0.0	0	0.0	0	0.0		
Unique Binding	Bound Only	K562	NSUN2_5	0.0001	0	0.0	0	0.0	0	0.0		
Unique Binding	Bound Only	K562	NSUN2_5	0.001	0	0.0	0	0.0	0	0.0		
Unique Binding	Bound Only	K562	NSUN2_5	0.01	0	0.0	0	0.0	0	0.0		
Unique Binding	Bound Only	K562	NSUN2_5	0.1	0	0.0	0	0.0	0	0.0		
Unique Binding	Bound Only	K562	NSUN2_6	0.0	0	0.0	0	0.0	0	0.0		
Unique Binding	Bound Only	K562	NSUN2_6	1e-05	0	0.0	0	0.0	0	0.0		
Unique Binding	Bound Only	K562	NSUN2_6	0.0001	0	0.0	0	0.0	0	0.0		
Unique Binding	Bound Only	K562	NSUN2_6	0.001	0	0.0	0	0.0	0	0.0		
Unique Binding	Bound Only	K562	NSUN2_6	0.01	0	0.0	0	0.0	0	0.0		
Unique Binding	Bound Only	K562	NSUN2_6	0.1	0	0.0	0	0.0	0	0.0		
Unique Binding	Bound Only	K562	PABPC4_1	0.0	3266	100.0	0	0.0	3266	-58.10550450070565	-58.10550450070565	-1.0
Unique Binding	Bound Only	K562	PABPC4_1	1e-05	3266	100.0	0	0.0	3266	-58.10550450070565	-58.10550450070565	-1.0
Unique Binding	Bound Only	K562	PABPC4_1	0.0001	3266	100.0	0	0.0	3266	-58.10550450070565	-58.10550450070565	-1.0
Unique Binding	Bound Only	K562	PABPC4_1	0.001	3265	99.96938150642988	0	0.0	3265	-58.10473053880904	-58.10473053880904	-1.0
Unique Binding	Bound Only	K562	PABPC4_1	0.01	1795	54.960195958358845	0	0.0	1795	-49.38711309371476	-49.38711309371476	-1.0
Unique Binding	Bound Only	K562	PABPC4_1	0.1	0	0.0	0	0.0	0	0.0		
Unique Binding	Bound Only	K562	PABPC4_2	0.0	4322	100.0	8	0.006216032600784372	4314	-104.24633086462055	-104.24011483201976	-0.9998807504893493
Unique Binding	Bound Only	K562	PABPC4_2	1e-05	4322	100.0	8	0.006216032600784372	4314	-104.24633086462055	-104.24011483201976	-0.9998807504893493
Unique Binding	Bound Only	K562	PABPC4_2	0.0001	4321	99.97686256362796	7	0.006123734348902051	4314	-104.24633086462055	-104.24020713027164	-0.9998825210519511
Unique Binding	Bound Only	K562	PABPC4_2	0.001	4305	99.60666358167515	2	0.0027035560070802194	4303	-104.2388683009844	-104.23616474497732	-0.9999481290245549
Unique Binding	Bound Only	K562	PABPC4_2	0.01	2552	59.04673762147154	0	0.0	2552	-93.5772696497807	-93.5772696497807	-1.0
Unique Binding	Bound Only	K562	PABPC4_2	0.1	110	2.5451180009254974	0	0.0	110	-12.514999284708686	-12.514999284708686	-1.0
Unique Binding	Bound Only	K562	PABPC4_3	0.0	3433	100.0	3420	98.10854409853022	13	-0.008538777157235227	98.10000532137298	0.9998259471866269
Unique Binding	Bound Only	K562	PABPC4_3	1e-05	3433	100.0	3420	98.10854409853022	13	-0.008538777157235227	98.10000532137298	0.9998259471866269
Unique Binding	Bound Only	K562	PABPC4_3	0.0001	3433	100.0	3420	98.10854409853022	13	-0.008538777157235227	98.10000532137298	0.9998259471866269
Unique Binding	Bound Only	K562	PABPC4_3	0.001	3415	99.47567725021847	3413	98.10608450532433	2	-0.00203271382149073	98.10405179150284	0.9999585617606553
Unique Binding	Bound Only	K562	PABPC4_3	0.01	3177	92.54296533644043	3177	96.22840776611265	0	0.0	96.22840776611265	1.0
Unique Binding	Bound Only	K562	PABPC4_3	0.1	30	0.873871249635887	30	3.369238355871095	0	0.0	3.369238355871095	1.0
Unique Binding	Bound Only	K562	PABPC4_4	0.0	3409	100.0	3409	129.91851591643598	0	0.0	129.91851591643598	1.0
Unique Binding	Bound Only	K562	PABPC4_4	1e-05	3409	100.0	3409	129.91851591643598	0	0.0	129.91851591643598	1.0
Unique Binding	Bound Only	K562	PABPC4_4	0.0001	3409	100.0	3409	129.91851591643598	0	0.0	129.91851591643598	1.0
Unique Binding	Bound Only	K562	PABPC4_4	0.001	3409	100.0	3409	129.91851591643598	0	0.0	129.91851591643598	1.0
Unique Binding	Bound Only	K562	PABPC4_4	0.01	3387	99.35464945731887	3387	129.76764725064783	0	0.0	129.76764725064783	1.0
Unique Binding	Bound Only	K562	PABPC4_4	0.1	135	3.9601056028160753	135	16.46769887908532	0	0.0	16.46769887908532	1.0
Unique Binding	Bound Only	K562	PABPC4_5	0.0	5122	100.0	0	0.0	5122	-123.55405780375787	-123.55405780375787	-1.0
Unique Binding	Bound Only	K562	PABPC4_5	1e-05	5122	100.0	0	0.0	5122	-123.55405780375787	-123.55405780375787	-1.0
Unique Binding	Bound Only	K562	PABPC4_5	0.0001	5122	100.0	0	0.0	5122	-123.55405780375787	-123.55405780375787	-1.0
Unique Binding	Bound Only	K562	PABPC4_5	0.001	5122	100.0	0	0.0	5122	-123.55405780375787	-123.55405780375787	-1.0
Unique Binding	Bound Only	K562	PABPC4_5	0.01	3118	60.874658336587274	0	0.0	3118	-110.59146991697882	-110.59146991697882	-1.0
Unique Binding	Bound Only	K562	PABPC4_5	0.1	81	1.5814135103475204	0	0.0	81	-8.392623169074618	-8.392623169074618	-1.0
Unique Binding	Bound Only	K562	PABPC4_6	0.0	6465	100.0	2000	5.421166179127373	4465	-6.146837379358253	-0.72567120023088	-0.06273089358609069
Unique Binding	Bound Only	K562	PABPC4_6	1e-05	6415	99.22660479505026	1966	5.420994123908296	4449	-6.146761320935761	-0.7257671970274648	-0.06274053773767767
Unique Binding	Bound Only	K562	PABPC4_6	0.0001	6056	93.67362722351122	1831	5.413441772937725	4225	-6.134131358624549	-0.7206895856868236	-0.06241048032135921
Unique Binding	Bound Only	K562	PABPC4_6	0.001	3012	46.58932714617169	1225	5.110073426968245	1787	-4.923560690211673	0.18651273675657176	0.018588752049192078
Unique Binding	Bound Only	K562	PABPC4_6	0.01	127	1.9644238205723124	71	1.4289903961172714	56	-0.9071267364610482	0.5218636596562232	0.22338933796536736
Unique Binding	Bound Only	K562	PABPC4_6	0.1	0	0.0	0	0.0	0	0.0		
Unique Binding	Bound Only	K562	PCBP1_1	0.0	1009	100.0	806	0.3924766173509755	203	-0.4948935464572352	-0.10241692910625971	-0.11541624147777331
Unique Binding	Bound Only	K562	PCBP1_1	1e-05	1009	100.0	806	0.3924766173509755	203	-0.4948935464572352	-0.10241692910625971	-0.11541624147777331
Unique Binding	Bound Only	K562	PCBP1_1	0.0001	587	58.176412289395444	402	0.37021997389677536	185	-0.49401672175620104	-0.12379674785942568	-0.14324403081020612
Unique Binding	Bound Only	K562	PCBP1_1	0.001	192	19.028741328047573	88	0.251760851601288	104	-0.4498613825663247	-0.19810053096503666	-0.2823464270627886
Unique Binding	Bound Only	K562	PCBP1_1	0.01	10	0.9910802775024776	0	0.0	10	-0.10897287387396953	-0.10897287387396953	-1.0
Unique Binding	Bound Only	K562	PCBP1_1	0.1	0	0.0	0	0.0	0	0.0		
Unique Binding	Bound Only	K562	PCBP1_2	0.0	1298	100.0	0	0.0	1298	-10.52818635860894	-10.52818635860894	-1.0
Unique Binding	Bound Only	K562	PCBP1_2	1e-05	1298	100.0	0	0.0	1298	-10.52818635860894	-10.52818635860894	-1.0
Unique Binding	Bound Only	K562	PCBP1_2	0.0001	1297	99.92295839753467	0	0.0	1297	-10.528148891010911	-10.528148891010911	-1.0
Unique Binding	Bound Only	K562	PCBP1_2	0.001	1255	96.68721109399075	0	0.0	1255	-10.513658590337752	-10.513658590337752	-1.0
Unique Binding	Bound Only	K562	PCBP1_2	0.01	318	24.499229583975346	0	0.0	318	-6.046879117384009	-6.046879117384009	-1.0
Unique Binding	Bound Only	K562	PCBP1_2	0.1	0	0.0	0	0.0	0	0.0		
Unique Binding	Bound Only	K562	PCBP1_3	0.0	967	100.0	957	17.04087411081635	10	-0.07089843147968847	16.969975679336663	0.9917134906621223
Unique Binding	Bound Only	K562	PCBP1_3	1e-05	967	100.0	957	17.04087411081635	10	-0.07089843147968847	16.969975679336663	0.9917134906621223
Unique Binding	Bound Only	K562	PCBP1_3	0.0001	967	100.0	957	17.04087411081635	10	-0.07089843147968847	16.969975679336663	0.9917134906621223
Unique Binding	Bound Only	K562	PCBP1_3	0.001	965	99.79317476732162	957	17.04087411081635	8	-0.06920724835254023	16.97166686246381	0.9919103542642765
Unique Binding	Bound Only	K562	PCBP1_3	0.01	640	66.18407445708377	638	14.857152662639663	2	-0.05643722042643788	14.800715442213225	0.9924314372503268
Unique Binding	Bound Only	K562	PCBP1_3	0.1	0	0.0	0	0.0	0	0.0		
Unique Binding	Bound Only	K562	PCBP1_4	0.0	794	100.0	10	0.021944213467608845	784	-1.311056222311682	-1.289112008844073	-0.9670754594243175
Unique Binding	Bound Only	K562	PCBP1_4	1e-05	791	99.62216624685138	7	0.021919342477705744	784	-1.311056222311682	-1.2891368798339762	-0.9671121616079
Unique Binding	Bound Only	K562	PCBP1_4	0.0001	765	96.34760705289672	6	0.021859322626263743	759	-1.3089168621073362	-1.2870575394810724	-0.9671480104963861
Unique Binding	Bound Only	K562	PCBP1_4	0.001	231	29.093198992443327	2	0.020576781941102483	229	-1.1148535895232456	-1.0942768075821432	-0.963755096819253
Unique Binding	Bound Only	K562	PCBP1_4	0.01	18	2.2670025188916876	1	0.010987385816185583	17	-0.5437909170864884	-0.5328035312703028	-0.9603899944943839
Unique Binding	Bound Only	K562	PCBP1_4	0.1	0	0.0	0	0.0	0	0.0		
Unique Binding	Bound Only	K562	PCBP1_5	0.0	1257	100.0	116	0.20246353672392156	1141	-1.83851450366278	-1.6360509669388583	-0.801601455069491
Unique Binding	Bound Only	K562	PCBP1_5	1e-05	1249	99.36356404136833	108	0.20242958675146813	1141	-1.83851450366278	-1.6360849169113119	-0.8016314237100133
Unique Binding	Bound Only	K562	PCBP1_5	0.0001	1230	97.85202863961814	92	0.2012752840186027	1138	-1.8384037839307332	-1.6371284999121305	-0.8026402416131455
Unique Binding	Bound Only	K562	PCBP1_5	0.001	506	40.25457438345266	50	0.1900223992693766	456	-1.5187696341264916	-1.328747234857115	-0.7775944695952888
Unique Binding	Bound Only	K562	PCBP1_5	0.01	17	1.352426412092283	2	0.028433534184231994	15	-0.2715909870983561	-0.2431574529141241	-0.8104585980993805
Unique Binding	Bound Only	K562	PCBP1_5	0.1	0	0.0	0	0.0	0	0.0		
Unique Binding	Bound Only	K562	PCBP1_6	0.0	1257	100.0	0	0.0	1257	-82.78185264259307	-82.78185264259307	-1.0
Unique Binding	Bound Only	K562	PCBP1_6	1e-05	1257	100.0	0	0.0	1257	-82.78185264259307	-82.78185264259307	-1.0
Unique Binding	Bound Only	K562	PCBP1_6	0.0001	1257	100.0	0	0.0	1257	-82.78185264259307	-82.78185264259307	-1.0
Unique Binding	Bound Only	K562	PCBP1_6	0.001	1257	100.0	0	0.0	1257	-82.78185264259307	-82.78185264259307	-1.0
Unique Binding	Bound Only	K562	PCBP1_6	0.01	1243	98.8862370723946	0	0.0	1243	-82.66211736044286	-82.66211736044286	-1.0
Unique Binding	Bound Only	K562	PCBP1_6	0.1	314	24.98011137629276	0	0.0	314	-42.8577013817858	-42.8577013817858	-1.0
Unique Binding	Bound Only	K562	PHF6_1	0.0	437	100.0	0	0.0	437	-0.331865121906673	-0.331865121906673	-1.0
Unique Binding	Bound Only	K562	PHF6_1	1e-05	437	100.0	0	0.0	437	-0.331865121906673	-0.331865121906673	-1.0
Unique Binding	Bound Only	K562	PHF6_1	0.0001	259	59.26773455377574	0	0.0	259	-0.31968482864693143	-0.31968482864693143	-1.0
Unique Binding	Bound Only	K562	PHF6_1	0.001	51	11.670480549199084	0	0.0	51	-0.2759690855344927	-0.2759690855344927	-1.0
Unique Binding	Bound Only	K562	PHF6_1	0.01	13	2.9748283752860414	0	0.0	13	-0.21385068494746923	-0.21385068494746923	-1.0
Unique Binding	Bound Only	K562	PHF6_1	0.1	0	0.0	0	0.0	0	0.0		
Unique Binding	Bound Only	K562	PHF6_2	0.0	658	100.0	535	1.6076591703426013	123	-0.4455794087420222	1.1620797616005791	0.565974053594229
Unique Binding	Bound Only	K562	PHF6_2	1e-05	658	100.0	535	1.6076591703426013	123	-0.4455794087420222	1.1620797616005791	0.565974053594229
Unique Binding	Bound Only	K562	PHF6_2	0.0001	630	95.74468085106383	533	1.6075382253682775	97	-0.44333976986031454	1.164198455507963	0.567658562925973
Unique Binding	Bound Only	K562	PHF6_2	0.001	516	78.419452887538	484	1.5746138761220836	32	-0.4223272271141775	1.1522866490079062	0.5770258557653503
Unique Binding	Bound Only	K562	PHF6_2	0.01	14	2.127659574468085	0	0.0	14	-0.3941663573424066	-0.3941663573424066	-1.0
Unique Binding	Bound Only	K562	PHF6_2	0.1	0	0.0	0	0.0	0	0.0		
Unique Binding	Bound Only	K562	PHF6_3	0.0	639	100.0	81	0.05103639147395002	558	-0.13517764745033706	-0.08414125597638704	-0.4518523762357043
Unique Binding	Bound Only	K562	PHF6_3	1e-05	638	99.8435054773083	81	0.05103639147395002	557	-0.13517059492320355	-0.08413420344925353	-0.451831615328369
Unique Binding	Bound Only	K562	PHF6_3	0.0001	244	38.18466353677621	78	0.05094414295099844	166	-0.11885017802631896	-0.06790603507532053	-0.3999311324693363
Unique Binding	Bound Only	K562	PHF6_3	0.001	50	7.82472613458529	10	0.013862971152453414	40	-0.09073904652218005	-0.07687607536972664	-0.7349387428534229
Unique Binding	Bound Only	K562	PHF6_3	0.01	0	0.0	0	0.0	0	0.0		
Unique Binding	Bound Only	K562	PHF6_3	0.1	0	0.0	0	0.0	0	0.0		
Unique Binding	Bound Only	K562	PHF6_4	0.0	208	100.0	0	0.0	208	-0.012937899902684838	-0.012937899902684838	-1.0
Unique Binding	Bound Only	K562	PHF6_4	1e-05	45	21.634615384615387	0	0.0	45	-0.012349710016605743	-0.012349710016605743	-1.0
Unique Binding	Bound Only	K562	PHF6_4	0.0001	16	7.6923076923076925	0	0.0	16	-0.011896175895706393	-0.011896175895706393	-1.0
Unique Binding	Bound Only	K562	PHF6_4	0.001	10	4.807692307692308	0	0.0	10	-0.011151119549292241	-0.011151119549292241	-1.0
Unique Binding	Bound Only	K562	PHF6_4	0.01	0	0.0	0	0.0	0	0.0		
Unique Binding	Bound Only	K562	PHF6_4	0.1	0	0.0	0	0.0	0	0.0		
Unique Binding	Bound Only	K562	PHF6_5	0.0	326	100.0	0	0.0	326	-0.02229868487118124	-0.02229868487118124	-1.0
Unique Binding	Bound Only	K562	PHF6_5	1e-05	292	89.57055214723927	0	0.0	292	-0.022013411086867538	-0.022013411086867538	-1.0
Unique Binding	Bound Only	K562	PHF6_5	0.0001	31	9.509202453987731	0	0.0	31	-0.015353394676127546	-0.015353394676127546	-1.0
Unique Binding	Bound Only	K562	PHF6_5	0.001	5	1.5337423312883436	0	0.0	5	-0.008128460596682418	-0.008128460596682418	-1.0
Unique Binding	Bound Only	K562	PHF6_5	0.01	0	0.0	0	0.0	0	0.0		
Unique Binding	Bound Only	K562	PHF6_5	0.1	0	0.0	0	0.0	0	0.0		
Unique Binding	Bound Only	K562	PHF6_6	0.0	167	100.0	0	0.0	167	-0.007529637386019913	-0.007529637386019913	-1.0
Unique Binding	Bound Only	K562	PHF6_6	1e-05	24	14.37125748502994	0	0.0	24	-0.007261412005319436	-0.007261412005319436	-1.0
Unique Binding	Bound Only	K562	PHF6_6	0.0001	24	14.37125748502994	0	0.0	24	-0.007261412005319436	-0.007261412005319436	-1.0
Unique Binding	Bound Only	K562	PHF6_6	0.001	0	0.0	0	0.0	0	0.0		
Unique Binding	Bound Only	K562	PHF6_6	0.01	0	0.0	0	0.0	0	0.0		
Unique Binding	Bound Only	K562	PHF6_6	0.1	0	0.0	0	0.0	0	0.0		
Unique Binding	Bound Only	K562	PPIL4_1	0.0	0	0.0	0	0.0	0	0.0		
Unique Binding	Bound Only	K562	PPIL4_1	1e-05	0	0.0	0	0.0	0	0.0		
Unique Binding	Bound Only	K562	PPIL4_1	0.0001	0	0.0	0	0.0	0	0.0		
Unique Binding	Bound Only	K562	PPIL4_1	0.001	0	0.0	0	0.0	0	0.0		
Unique Binding	Bound Only	K562	PPIL4_1	0.01	0	0.0	0	0.0	0	0.0		
Unique Binding	Bound Only	K562	PPIL4_1	0.1	0	0.0	0	0.0	0	0.0		
Unique Binding	Bound Only	K562	PPIL4_2	0.0	0	0.0	0	0.0	0	0.0		
Unique Binding	Bound Only	K562	PPIL4_2	1e-05	0	0.0	0	0.0	0	0.0		
Unique Binding	Bound Only	K562	PPIL4_2	0.0001	0	0.0	0	0.0	0	0.0		
Unique Binding	Bound Only	K562	PPIL4_2	0.001	0	0.0	0	0.0	0	0.0		
Unique Binding	Bound Only	K562	PPIL4_2	0.01	0	0.0	0	0.0	0	0.0		
Unique Binding	Bound Only	K562	PPIL4_2	0.1	0	0.0	0	0.0	0	0.0		
Unique Binding	Bound Only	K562	PPIL4_3	0.0	34	100.0	2	0.0009586462062850864	32	-0.0642076652522242	-0.06324901904593912	-0.9705784726853709
Unique Binding	Bound Only	K562	PPIL4_3	1e-05	34	100.0	2	0.0009586462062850864	32	-0.0642076652522242	-0.06324901904593912	-0.9705784726853709
Unique Binding	Bound Only	K562	PPIL4_3	0.0001	21	61.76470588235294	2	0.0009586462062850864	19	-0.06400875833103165	-0.06305011212474657	-0.9704883945076045
Unique Binding	Bound Only	K562	PPIL4_3	0.001	9	26.47058823529412	0	0.0	9	-0.06133902975954728	-0.06133902975954728	-1.0
Unique Binding	Bound Only	K562	PPIL4_3	0.01	0	0.0	0	0.0	0	0.0		
Unique Binding	Bound Only	K562	PPIL4_3	0.1	0	0.0	0	0.0	0	0.0		
Unique Binding	Bound Only	K562	PPIL4_4	0.0	0	0.0	0	0.0	0	0.0		
Unique Binding	Bound Only	K562	PPIL4_4	1e-05	0	0.0	0	0.0	0	0.0		
Unique Binding	Bound Only	K562	PPIL4_4	0.0001	0	0.0	0	0.0	0	0.0		
Unique Binding	Bound Only	K562	PPIL4_4	0.001	0	0.0	0	0.0	0	0.0		
Unique Binding	Bound Only	K562	PPIL4_4	0.01	0	0.0	0	0.0	0	0.0		
Unique Binding	Bound Only	K562	PPIL4_4	0.1	0	0.0	0	0.0	0	0.0		
Unique Binding	Bound Only	K562	PPIL4_5	0.0	0	0.0	0	0.0	0	0.0		
Unique Binding	Bound Only	K562	PPIL4_5	1e-05	0	0.0	0	0.0	0	0.0		
Unique Binding	Bound Only	K562	PPIL4_5	0.0001	0	0.0	0	0.0	0	0.0		
Unique Binding	Bound Only	K562	PPIL4_5	0.001	0	0.0	0	0.0	0	0.0		
Unique Binding	Bound Only	K562	PPIL4_5	0.01	0	0.0	0	0.0	0	0.0		
Unique Binding	Bound Only	K562	PPIL4_5	0.1	0	0.0	0	0.0	0	0.0		
Unique Binding	Bound Only	K562	PPIL4_6	0.0	41	100.0	41	0.15959150873255443	0	0.0	0.15959150873255443	1.0
Unique Binding	Bound Only	K562	PPIL4_6	1e-05	41	100.0	41	0.15959150873255443	0	0.0	0.15959150873255443	1.0
Unique Binding	Bound Only	K562	PPIL4_6	0.0001	41	100.0	41	0.15959150873255443	0	0.0	0.15959150873255443	1.0
Unique Binding	Bound Only	K562	PPIL4_6	0.001	37	90.2439024390244	37	0.15574591731448553	0	0.0	0.15574591731448553	1.0
Unique Binding	Bound Only	K562	PPIL4_6	0.01	1	2.4390243902439024	1	0.010445481814451743	0	0.0	0.010445481814451743	1.0
Unique Binding	Bound Only	K562	PPIL4_6	0.1	0	0.0	0	0.0	0	0.0		
Unique Binding	Bound Only	K562	PRPF8_1	0.0	2811	100.0	2635	18.713616787033857	176	-1.3346690315702512	17.378947755463606	0.8668545486984504
Unique Binding	Bound Only	K562	PRPF8_1	1e-05	2810	99.9644254713625	2635	18.713616787033857	175	-1.334660326278036	17.37895646075582	0.8668553593174514
Unique Binding	Bound Only	K562	PRPF8_1	0.0001	2805	99.78655282817502	2635	18.713616787033857	170	-1.3344610153760201	17.379155771657835	0.8668739189334538
Unique Binding	Bound Only	K562	PRPF8_1	0.001	2770	98.54144432586268	2608	18.693820834333856	162	-1.3308496365873963	17.36297119774646	0.8670789975275764
Unique Binding	Bound Only	K562	PRPF8_1	0.01	615	21.878335112059766	577	8.295261598775475	38	-0.7075954094570909	7.5876661893183845	0.8428064760308781
Unique Binding	Bound Only	K562	PRPF8_1	0.1	0	0.0	0	0.0	0	0.0		
Unique Binding	Bound Only	K562	PRPF8_2	0.0	29376	100.0	9	0.020092244861977186	29367	-399.21689011707076	-399.1967978722088	-0.9998993467752255
Unique Binding	Bound Only	K562	PRPF8_2	1e-05	29376	100.0	9	0.020092244861977186	29367	-399.21689011707076	-399.1967978722088	-0.9998993467752255
Unique Binding	Bound Only	K562	PRPF8_2	0.0001	29376	100.0	9	0.020092244861977186	29367	-399.21689011707076	-399.1967978722088	-0.9998993467752255
Unique Binding	Bound Only	K562	PRPF8_2	0.001	29349	99.90808823529412	7	0.01924104119827792	29342	-399.1992739148003	-399.18003287360204	-0.9999036064687512
Unique Binding	Bound Only	K562	PRPF8_2	0.01	16744	56.99891067538127	0	0.0	16744	-315.7121727661296	-315.7121727661296	-1.0
Unique Binding	Bound Only	K562	PRPF8_2	0.1	18	0.061274509803921566	0	0.0	18	-1.9379359081706191	-1.9379359081706191	-1.0
Unique Binding	Bound Only	K562	PRPF8_3	0.0	4047	100.0	0	0.0	4047	-166.53349735056452	-166.53349735056452	-1.0
Unique Binding	Bound Only	K562	PRPF8_3	1e-05	4047	100.0	0	0.0	4047	-166.53349735056452	-166.53349735056452	-1.0
Unique Binding	Bound Only	K562	PRPF8_3	0.0001	4047	100.0	0	0.0	4047	-166.53349735056452	-166.53349735056452	-1.0
Unique Binding	Bound Only	K562	PRPF8_3	0.001	4047	100.0	0	0.0	4047	-166.53349735056452	-166.53349735056452	-1.0
Unique Binding	Bound Only	K562	PRPF8_3	0.01	3881	95.89819619471214	0	0.0	3881	-165.132536612126	-165.132536612126	-1.0
Unique Binding	Bound Only	K562	PRPF8_3	0.1	233	5.757351124289597	0	0.0	233	-32.09716779683137	-32.09716779683137	-1.0
Unique Binding	Bound Only	K562	PRPF8_4	0.0	23968	100.0	23960	1123.1707657495315	8	-0.1211586101844794	1123.049607139347	0.9997842793888979
Unique Binding	Bound Only	K562	PRPF8_4	1e-05	23968	100.0	23960	1123.1707657495315	8	-0.1211586101844794	1123.049607139347	0.9997842793888979
Unique Binding	Bound Only	K562	PRPF8_4	0.0001	23968	100.0	23960	1123.1707657495315	8	-0.1211586101844794	1123.049607139347	0.9997842793888979
Unique Binding	Bound Only	K562	PRPF8_4	0.001	23966	99.99165554072096	23959	1123.1705036475264	7	-0.12030041587718586	1123.0502032316492	0.9997858071739891
Unique Binding	Bound Only	K562	PRPF8_4	0.01	23831	99.42840453938585	23828	1122.1003172374908	3	-0.09207118698140063	1122.0082460505093	0.999835908373767
Unique Binding	Bound Only	K562	PRPF8_4	0.1	1188	4.956608811748999	1188	139.49360632220532	0	0.0	139.49360632220532	1.0
Unique Binding	Bound Only	K562	PRPF8_5	0.0	3122	100.0	2659	25.120808300943107	463	-3.448500590648808	21.672307710294298	0.7585870485187887
Unique Binding	Bound Only	K562	PRPF8_5	1e-05	3121	99.96796925048046	2658	25.12080668385599	463	-3.448500590648808	21.67230609320718	0.758587034854272
Unique Binding	Bound Only	K562	PRPF8_5	0.0001	3108	99.55156950672645	2649	25.120341458399338	459	-3.448209826032863	21.672131632366476	0.758601002080782
Unique Binding	Bound Only	K562	PRPF8_5	0.001	2920	93.52978859705317	2502	25.030899107908837	418	-3.4247500201065444	21.606149087802294	0.7592920825879328
Unique Binding	Bound Only	K562	PRPF8_5	0.01	981	31.422165278667517	895	17.48805541947531	86	-2.033620938472313	15.454434481002995	0.7916550913780116
Unique Binding	Bound Only	K562	PRPF8_5	0.1	0	0.0	0	0.0	0	0.0		
Unique Binding	Bound Only	K562	PRPF8_6	0.0	18461	100.0	6836	12.895268202807669	11625	-12.482079686206863	0.41318851660080647	0.016281784779396492
Unique Binding	Bound Only	K562	PRPF8_6	1e-05	18185	98.5049563945615	6711	12.894632999803843	11474	-12.481288436460474	0.4133445633433688	0.01628884942686908
Unique Binding	Bound Only	K562	PRPF8_6	0.0001	15533	84.13953740317426	5872	12.851558616685036	9661	-12.379135084024284	0.472423532660752	0.01872415948069912
Unique Binding	Bound Only	K562	PRPF8_6	0.001	6175	33.448892259357564	3340	11.715253544909608	2835	-9.948755439386076	1.7664981055235316	0.08154068375821263
Unique Binding	Bound Only	K562	PRPF8_6	0.01	228	1.2350360218839718	82	1.043874731573892	146	-2.0608386911087537	-1.0169639595348616	-0.32755485646599486
Unique Binding	Bound Only	K562	PRPF8_6	0.1	0	0.0	0	0.0	0	0.0		
Unique Binding	Bound Only	K562	PTBP1_1	0.0	647	100.0	0	0.0	647	-8.457988364717203	-8.457988364717203	-1.0
Unique Binding	Bound Only	K562	PTBP1_1	1e-05	647	100.0	0	0.0	647	-8.457988364717203	-8.457988364717203	-1.0
Unique Binding	Bound Only	K562	PTBP1_1	0.0001	647	100.0	0	0.0	647	-8.457988364717203	-8.457988364717203	-1.0
Unique Binding	Bound Only	K562	PTBP1_1	0.001	647	100.0	0	0.0	647	-8.457988364717203	-8.457988364717203	-1.0
Unique Binding	Bound Only	K562	PTBP1_1	0.01	304	46.986089644513136	0	0.0	304	-6.14623407747882	-6.14623407747882	-1.0
Unique Binding	Bound Only	K562	PTBP1_1	0.1	0	0.0	0	0.0	0	0.0		
Unique Binding	Bound Only	K562	PTBP1_2	0.0	925	100.0	67	0.047549094082222576	858	-0.4302420687465969	-0.3826929746643743	-0.8009628566560231
Unique Binding	Bound Only	K562	PTBP1_2	1e-05	556	60.108108108108105	65	0.04754290197085213	491	-0.4278274177290393	-0.38028451575818717	-0.7999753034608189
Unique Binding	Bound Only	K562	PTBP1_2	0.0001	150	16.216216216216218	65	0.04754290197085213	85	-0.4157585357881066	-0.3682156338172545	-0.7947647121458439
Unique Binding	Bound Only	K562	PTBP1_2	0.001	72	7.783783783783783	9	0.012683833622172678	63	-0.40759124168586686	-0.3949074080636942	-0.9396403243143738
Unique Binding	Bound Only	K562	PTBP1_2	0.01	0	0.0	0	0.0	0	0.0		
Unique Binding	Bound Only	K562	PTBP1_2	0.1	0	0.0	0	0.0	0	0.0		
Unique Binding	Bound Only	K562	PTBP1_3	0.0	974	100.0	0	0.0	974	-67.00097945884721	-67.00097945884721	-1.0
Unique Binding	Bound Only	K562	PTBP1_3	1e-05	974	100.0	0	0.0	974	-67.00097945884721	-67.00097945884721	-1.0
Unique Binding	Bound Only	K562	PTBP1_3	0.0001	974	100.0	0	0.0	974	-67.00097945884721	-67.00097945884721	-1.0
Unique Binding	Bound Only	K562	PTBP1_3	0.001	974	100.0	0	0.0	974	-67.00097945884721	-67.00097945884721	-1.0
Unique Binding	Bound Only	K562	PTBP1_3	0.01	957	98.25462012320328	0	0.0	957	-66.92255514319154	-66.92255514319154	-1.0
Unique Binding	Bound Only	K562	PTBP1_3	0.1	266	27.31006160164271	0	0.0	266	-39.058100777000696	-39.058100777000696	-1.0
Unique Binding	Bound Only	K562	PTBP1_4	0.0	548	100.0	0	0.0	548	-3.6713000155998046	-3.6713000155998046	-1.0
Unique Binding	Bound Only	K562	PTBP1_4	1e-05	548	100.0	0	0.0	548	-3.6713000155998046	-3.6713000155998046	-1.0
Unique Binding	Bound Only	K562	PTBP1_4	0.0001	548	100.0	0	0.0	548	-3.6713000155998046	-3.6713000155998046	-1.0
Unique Binding	Bound Only	K562	PTBP1_4	0.001	538	98.17518248175182	0	0.0	538	-3.6638324066125603	-3.6638324066125603	-1.0
Unique Binding	Bound Only	K562	PTBP1_4	0.01	104	18.97810218978102	0	0.0	104	-1.8203831641780377	-1.8203831641780377	-1.0
Unique Binding	Bound Only	K562	PTBP1_4	0.1	0	0.0	0	0.0	0	0.0		
Unique Binding	Bound Only	K562	PTBP1_5	0.0	758	100.0	18	0.0021858097128998727	740	-0.2036769734219314	-0.20149116370903153	-0.9787644014171493
Unique Binding	Bound Only	K562	PTBP1_5	1e-05	758	100.0	18	0.0021858097128998727	740	-0.2036769734219314	-0.20149116370903153	-0.9787644014171493
Unique Binding	Bound Only	K562	PTBP1_5	0.0001	447	58.970976253298154	17	0.002100646654906645	430	-0.1859614819433415	-0.18386083528843486	-0.9776600778629472
Unique Binding	Bound Only	K562	PTBP1_5	0.001	31	4.089709762532982	0	0.0	31	-0.08558918613735254	-0.08558918613735254	-1.0
Unique Binding	Bound Only	K562	PTBP1_5	0.01	2	0.2638522427440633	0	0.0	2	-0.02114132242092493	-0.02114132242092493	-1.0
Unique Binding	Bound Only	K562	PTBP1_5	0.1	0	0.0	0	0.0	0	0.0		
Unique Binding	Bound Only	K562	PTBP1_6	0.0	429	100.0	355	0.18851533031285153	74	-0.5291133304065089	-0.34059800009365737	-0.47461593820993364
Unique Binding	Bound Only	K562	PTBP1_6	1e-05	427	99.53379953379954	353	0.18850466893570803	74	-0.5291133304065089	-0.3406086614708008	-0.474637846016975
Unique Binding	Bound Only	K562	PTBP1_6	0.0001	355	82.75058275058275	282	0.1829426650255992	73	-0.5290809263841116	-0.34613826135851244	-0.4861331359445623
Unique Binding	Bound Only	K562	PTBP1_6	0.001	112	26.107226107226104	48	0.12915325020407595	64	-0.5237941409637417	-0.3946408907596657	-0.6043992151555083
Unique Binding	Bound Only	K562	PTBP1_6	0.01	16	3.7296037296037294	0	0.0	16	-0.38181954241556465	-0.38181954241556465	-1.0
Unique Binding	Bound Only	K562	PTBP1_6	0.1	0	0.0	0	0.0	0	0.0		
Unique Binding	Bound Only	K562	PUM1_1	0.0	2122	100.0	16	0.010180834838114647	2106	-4.938553968518487	-4.928373133680373	-0.9958854797265722
Unique Binding	Bound Only	K562	PUM1_1	1e-05	2122	100.0	16	0.010180834838114647	2106	-4.938553968518487	-4.928373133680373	-0.9958854797265722
Unique Binding	Bound Only	K562	PUM1_1	0.0001	2122	100.0	16	0.010180834838114647	2106	-4.938553968518487	-4.928373133680373	-0.9958854797265722
Unique Binding	Bound Only	K562	PUM1_1	0.001	1827	86.09802073515552	0	0.0	1827	-4.712188040039223	-4.712188040039223	-1.0
Unique Binding	Bound Only	K562	PUM1_1	0.01	28	1.3195098963242224	0	0.0	28	-0.6585373302989179	-0.6585373302989179	-1.0
Unique Binding	Bound Only	K562	PUM1_1	0.1	0	0.0	0	0.0	0	0.0		
Unique Binding	Bound Only	K562	PUM1_2	0.0	3298	100.0	28	0.01928699470432469	3270	-5.512963399823922	-5.493676405119597	-0.9930274324808579
Unique Binding	Bound Only	K562	PUM1_2	1e-05	3298	100.0	28	0.01928699470432469	3270	-5.512963399823922	-5.493676405119597	-0.9930274324808579
Unique Binding	Bound Only	K562	PUM1_2	0.0001	3183	96.51303820497272	28	0.01928699470432469	3155	-5.504381143317749	-5.485094148613425	-0.9930165990344124
Unique Binding	Bound Only	K562	PUM1_2	0.001	1042	31.594906003638567	2	0.002721781070162137	1040	-4.478124239295223	-4.47540245822506	-0.9987851485823025
Unique Binding	Bound Only	K562	PUM1_2	0.01	109	3.305033353547605	0	0.0	109	-2.286760545668069	-2.286760545668069	-1.0
Unique Binding	Bound Only	K562	PUM1_2	0.1	0	0.0	0	0.0	0	0.0		
Unique Binding	Bound Only	K562	PUM1_3	0.0	2705	100.0	2689	41.03400883079036	16	-0.19753769850947456	40.83647113228089	0.9904181281015448
Unique Binding	Bound Only	K562	PUM1_3	1e-05	2705	100.0	2689	41.03400883079036	16	-0.19753769850947456	40.83647113228089	0.9904181281015448
Unique Binding	Bound Only	K562	PUM1_3	0.0001	2705	100.0	2689	41.03400883079036	16	-0.19753769850947456	40.83647113228089	0.9904181281015448
Unique Binding	Bound Only	K562	PUM1_3	0.001	2705	100.0	2689	41.03400883079036	16	-0.19753769850947456	40.83647113228089	0.9904181281015448
Unique Binding	Bound Only	K562	PUM1_3	0.01	1815	67.09796672828097	1802	34.15887242882286	13	-0.17552760022499095	33.98334482859787	0.9897754089148791
Unique Binding	Bound Only	K562	PUM1_3	0.1	0	0.0	0	0.0	0	0.0		
Unique Binding	Bound Only	K562	PUM1_4	0.0	3000	100.0	2916	23.785811650751015	84	-0.2603342824635339	23.52547736828748	0.9783471094963339
Unique Binding	Bound Only	K562	PUM1_4	1e-05	2998	99.93333333333332	2915	23.78581153737587	83	-0.2603258565734324	23.52548568080244	0.9783478026172356
Unique Binding	Bound Only	K562	PUM1_4	0.0001	2990	99.66666666666667	2911	23.78555648463726	79	-0.26008868984135125	23.52546779479591	0.9783670857692435
Unique Binding	Bound Only	K562	PUM1_4	0.001	2809	93.63333333333334	2773	23.713019862042884	36	-0.23973293760603748	23.473286924436845	0.9799828487680503
Unique Binding	Bound Only	K562	PUM1_4	0.01	715	23.833333333333336	710	13.289852560363174	5	-0.09335532948037611	13.196497230882798	0.9860488859997126
Unique Binding	Bound Only	K562	PUM1_4	0.1	0	0.0	0	0.0	0	0.0		
Unique Binding	Bound Only	K562	PUM1_5	0.0	3675	100.0	492	0.2100204964884716	3183	-1.6508163968905847	-1.4407959004021131	-0.7742730733298182
Unique Binding	Bound Only	K562	PUM1_5	1e-05	3646	99.2108843537415	481	0.2099707418429663	3165	-1.650736135738256	-1.4407653938952896	-0.7743107800881432
Unique Binding	Bound Only	K562	PUM1_5	0.0001	3042	82.77551020408164	393	0.20503503143470447	2649	-1.614875498914751	-1.4098404674800464	-0.7746757018925166
Unique Binding	Bound Only	K562	PUM1_5	0.001	432	11.755102040816325	57	0.07276558292851307	375	-1.0165874703500535	-0.9438218874215404	-0.866405876938584
Unique Binding	Bound Only	K562	PUM1_5	0.01	5	0.13605442176870747	0	0.0	5	-0.07778876612579136	-0.07778876612579136	-1.0
Unique Binding	Bound Only	K562	PUM1_5	0.1	0	0.0	0	0.0	0	0.0		
Unique Binding	Bound Only	K562	PUM1_6	0.0	3521	100.0	0	0.0	3521	-55.02527236819638	-55.02527236819638	-1.0
Unique Binding	Bound Only	K562	PUM1_6	1e-05	3521	100.0	0	0.0	3521	-55.02527236819638	-55.02527236819638	-1.0
Unique Binding	Bound Only	K562	PUM1_6	0.0001	3521	100.0	0	0.0	3521	-55.02527236819638	-55.02527236819638	-1.0
Unique Binding	Bound Only	K562	PUM1_6	0.001	3521	100.0	0	0.0	3521	-55.02527236819638	-55.02527236819638	-1.0
Unique Binding	Bound Only	K562	PUM1_6	0.01	1784	50.667424027264985	0	0.0	1784	-44.29229075709319	-44.29229075709319	-1.0
Unique Binding	Bound Only	K562	PUM1_6	0.1	0	0.0	0	0.0	0	0.0		
Unique Binding	Bound Only	K562	PUM2_1	0.0	564	100.0	3	0.0006667724391374644	561	-10.52989876135669	-10.529231988917553	-0.9998733643626266
Unique Binding	Bound Only	K562	PUM2_1	1e-05	564	100.0	3	0.0006667724391374644	561	-10.52989876135669	-10.529231988917553	-0.9998733643626266
Unique Binding	Bound Only	K562	PUM2_1	0.0001	563	99.822695035461	2	0.0006015956750862546	561	-10.52989876135669	-10.529297165681605	-0.9998857422430675
Unique Binding	Bound Only	K562	PUM2_1	0.001	553	98.04964539007092	0	0.0	553	-10.524646785714049	-10.524646785714049	-1.0
Unique Binding	Bound Only	K562	PUM2_1	0.01	204	36.17021276595745	0	0.0	204	-8.47274018236892	-8.47274018236892	-1.0
Unique Binding	Bound Only	K562	PUM2_1	0.1	38	6.73758865248227	0	0.0	38	-5.036883406977814	-5.036883406977814	-1.0
Unique Binding	Bound Only	K562	PUM2_2	0.0	625	100.0	574	1.334926420038287	51	-0.25549402137239613	1.079432398665891	0.6787088310487557
Unique Binding	Bound Only	K562	PUM2_2	1e-05	624	99.83999999999999	574	1.334926420038287	50	-0.2554917511821965	1.0794346688560905	0.6787112272665587
Unique Binding	Bound Only	K562	PUM2_2	0.0001	624	99.83999999999999	574	1.334926420038287	50	-0.2554917511821965	1.0794346688560905	0.6787112272665587
Unique Binding	Bound Only	K562	PUM2_2	0.001	536	85.76	500	1.2808425845329707	36	-0.25241401282219256	1.0284285717107782	0.6707478536109329
Unique Binding	Bound Only	K562	PUM2_2	0.01	8	1.28	0	0.0	8	-0.11478463566834873	-0.11478463566834873	-1.0
Unique Binding	Bound Only	K562	PUM2_2	0.1	0	0.0	0	0.0	0	0.0		
Unique Binding	Bound Only	K562	PUM2_3	0.0	712	100.0	711	28.80515499565874	1	-0.004122128357786305	28.801032867300954	0.9997138332669688
Unique Binding	Bound Only	K562	PUM2_3	1e-05	712	100.0	711	28.80515499565874	1	-0.004122128357786305	28.801032867300954	0.9997138332669688
Unique Binding	Bound Only	K562	PUM2_3	0.0001	712	100.0	711	28.80515499565874	1	-0.004122128357786305	28.801032867300954	0.9997138332669688
Unique Binding	Bound Only	K562	PUM2_3	0.001	712	100.0	711	28.80515499565874	1	-0.004122128357786305	28.801032867300954	0.9997138332669688
Unique Binding	Bound Only	K562	PUM2_3	0.01	690	96.91011235955057	690	28.652626138167882	0	0.0	28.652626138167882	1.0
Unique Binding	Bound Only	K562	PUM2_3	0.1	7	0.9831460674157303	7	0.7392859003748522	0	0.0	0.7392859003748522	1.0
Unique Binding	Bound Only	K562	PUM2_4	0.0	840	100.0	838	48.480308297012066	2	-0.030000037691095455	48.45030825932097	0.9987631479278958
Unique Binding	Bound Only	K562	PUM2_4	1e-05	840	100.0	838	48.480308297012066	2	-0.030000037691095455	48.45030825932097	0.9987631479278958
Unique Binding	Bound Only	K562	PUM2_4	0.0001	840	100.0	838	48.480308297012066	2	-0.030000037691095455	48.45030825932097	0.9987631479278958
Unique Binding	Bound Only	K562	PUM2_4	0.001	840	100.0	838	48.480308297012066	2	-0.030000037691095455	48.45030825932097	0.9987631479278958
Unique Binding	Bound Only	K562	PUM2_4	0.01	833	99.16666666666667	832	48.42360913249442	1	-0.025704126153481877	48.397905006340935	0.9989389271209578
Unique Binding	Bound Only	K562	PUM2_4	0.1	133	15.833333333333332	133	15.51047168111555	0	0.0	15.51047168111555	1.0
Unique Binding	Bound Only	K562	PUM2_5	0.0	1154	100.0	1122	5.402303244434388	32	-0.1663167713894995	5.235986473044889	0.9402664319285962
Unique Binding	Bound Only	K562	PUM2_5	1e-05	1154	100.0	1122	5.402303244434388	32	-0.1663167713894995	5.235986473044889	0.9402664319285962
Unique Binding	Bound Only	K562	PUM2_5	0.0001	1154	100.0	1122	5.402303244434388	32	-0.1663167713894995	5.235986473044889	0.9402664319285962
Unique Binding	Bound Only	K562	PUM2_5	0.001	1131	98.00693240901212	1099	5.383134910060868	32	-0.1663167713894995	5.216818138671369	0.940060106498294
Unique Binding	Bound Only	K562	PUM2_5	0.01	65	5.632582322357019	59	0.973579624361969	6	-0.08392196497734553	0.8896576593846235	0.8412825742800507
Unique Binding	Bound Only	K562	PUM2_5	0.1	0	0.0	0	0.0	0	0.0		
Unique Binding	Bound Only	K562	PUM2_6	0.0	2868	100.0	790	1.2492337318350701	2078	-5.267763786937103	-4.018530055102032	-0.6166229223698
Unique Binding	Bound Only	K562	PUM2_6	1e-05	2841	99.05857740585773	775	1.2491501502025955	2066	-5.267718188020863	-4.018568037818268	-0.6166409737401195
Unique Binding	Bound Only	K562	PUM2_6	0.0001	2522	87.93584379358438	669	1.243873361956425	1853	-5.254263244890366	-4.010389882933941	-0.6171599837880256
Unique Binding	Bound Only	K562	PUM2_6	0.001	1303	45.432357043235704	369	1.1195783040927805	934	-4.85324745700009	-3.7336691529073094	-0.625109337230046
Unique Binding	Bound Only	K562	PUM2_6	0.01	189	6.589958158995817	12	0.1483731984660802	177	-2.866334204106579	-2.7179610056404986	-0.9015670984590656
Unique Binding	Bound Only	K562	PUM2_6	0.1	0	0.0	0	0.0	0	0.0		
Unique Binding	Bound Only	K562	PUS1_1	0.0	0	0.0	0	0.0	0	0.0		
Unique Binding	Bound Only	K562	PUS1_1	1e-05	0	0.0	0	0.0	0	0.0		
Unique Binding	Bound Only	K562	PUS1_1	0.0001	0	0.0	0	0.0	0	0.0		
Unique Binding	Bound Only	K562	PUS1_1	0.001	0	0.0	0	0.0	0	0.0		
Unique Binding	Bound Only	K562	PUS1_1	0.01	0	0.0	0	0.0	0	0.0		
Unique Binding	Bound Only	K562	PUS1_1	0.1	0	0.0	0	0.0	0	0.0		
Unique Binding	Bound Only	K562	PUS1_2	0.0	0		0	0.0	0	0.0		
Unique Binding	Bound Only	K562	PUS1_2	1e-05	0		0	0.0	0	0.0		
Unique Binding	Bound Only	K562	PUS1_2	0.0001	0		0	0.0	0	0.0		
Unique Binding	Bound Only	K562	PUS1_2	0.001	0		0	0.0	0	0.0		
Unique Binding	Bound Only	K562	PUS1_2	0.01	0		0	0.0	0	0.0		
Unique Binding	Bound Only	K562	PUS1_2	0.1	0		0	0.0	0	0.0		
Unique Binding	Bound Only	K562	PUS1_3	0.0	0		0	0.0	0	0.0		
Unique Binding	Bound Only	K562	PUS1_3	1e-05	0		0	0.0	0	0.0		
Unique Binding	Bound Only	K562	PUS1_3	0.0001	0		0	0.0	0	0.0		
Unique Binding	Bound Only	K562	PUS1_3	0.001	0		0	0.0	0	0.0		
Unique Binding	Bound Only	K562	PUS1_3	0.01	0		0	0.0	0	0.0		
Unique Binding	Bound Only	K562	PUS1_3	0.1	0		0	0.0	0	0.0		
Unique Binding	Bound Only	K562	PUS1_4	0.0	0		0	0.0	0	0.0		
Unique Binding	Bound Only	K562	PUS1_4	1e-05	0		0	0.0	0	0.0		
Unique Binding	Bound Only	K562	PUS1_4	0.0001	0		0	0.0	0	0.0		
Unique Binding	Bound Only	K562	PUS1_4	0.001	0		0	0.0	0	0.0		
Unique Binding	Bound Only	K562	PUS1_4	0.01	0		0	0.0	0	0.0		
Unique Binding	Bound Only	K562	PUS1_4	0.1	0		0	0.0	0	0.0		
Unique Binding	Bound Only	K562	PUS1_5	0.0	0		0	0.0	0	0.0		
Unique Binding	Bound Only	K562	PUS1_5	1e-05	0		0	0.0	0	0.0		
Unique Binding	Bound Only	K562	PUS1_5	0.0001	0		0	0.0	0	0.0		
Unique Binding	Bound Only	K562	PUS1_5	0.001	0		0	0.0	0	0.0		
Unique Binding	Bound Only	K562	PUS1_5	0.01	0		0	0.0	0	0.0		
Unique Binding	Bound Only	K562	PUS1_5	0.1	0		0	0.0	0	0.0		
Unique Binding	Bound Only	K562	PUS1_6	0.0	0		0	0.0	0	0.0		
Unique Binding	Bound Only	K562	PUS1_6	1e-05	0		0	0.0	0	0.0		
Unique Binding	Bound Only	K562	PUS1_6	0.0001	0		0	0.0	0	0.0		
Unique Binding	Bound Only	K562	PUS1_6	0.001	0		0	0.0	0	0.0		
Unique Binding	Bound Only	K562	PUS1_6	0.01	0		0	0.0	0	0.0		
Unique Binding	Bound Only	K562	PUS1_6	0.1	0		0	0.0	0	0.0		
Unique Binding	Bound Only	K562	QKI_1	0.0	241	100.0	0	0.0	241	-5.508166359564378	-5.508166359564378	-1.0
Unique Binding	Bound Only	K562	QKI_1	1e-05	241	100.0	0	0.0	241	-5.508166359564378	-5.508166359564378	-1.0
Unique Binding	Bound Only	K562	QKI_1	0.0001	241	100.0	0	0.0	241	-5.508166359564378	-5.508166359564378	-1.0
Unique Binding	Bound Only	K562	QKI_1	0.001	241	100.0	0	0.0	241	-5.508166359564378	-5.508166359564378	-1.0
Unique Binding	Bound Only	K562	QKI_1	0.01	186	77.17842323651453	0	0.0	186	-5.116466525058713	-5.116466525058713	-1.0
Unique Binding	Bound Only	K562	QKI_1	0.1	6	2.4896265560165975	0	0.0	6	-0.6739392299444764	-0.6739392299444764	-1.0
Unique Binding	Bound Only	K562	QKI_2	0.0	301	100.0	6	0.02645011910172936	295	-0.6322704109688838	-0.6058202918671545	-0.9196924404378471
Unique Binding	Bound Only	K562	QKI_2	1e-05	301	100.0	6	0.02645011910172936	295	-0.6322704109688838	-0.6058202918671545	-0.9196924404378471
Unique Binding	Bound Only	K562	QKI_2	0.0001	301	100.0	6	0.02645011910172936	295	-0.6322704109688838	-0.6058202918671545	-0.9196924404378471
Unique Binding	Bound Only	K562	QKI_2	0.001	153	50.83056478405316	6	0.02645011910172936	147	-0.5606688291491642	-0.5342187100474348	-0.9098986017040404
Unique Binding	Bound Only	K562	QKI_2	0.01	14	4.651162790697675	0	0.0	14	-0.2236096842000362	-0.2236096842000362	-1.0
Unique Binding	Bound Only	K562	QKI_2	0.1	0	0.0	0	0.0	0	0.0		
Unique Binding	Bound Only	K562	QKI_3	0.0	395	100.0	0	0.0	395	-15.101173403641551	-15.101173403641551	-1.0
Unique Binding	Bound Only	K562	QKI_3	1e-05	395	100.0	0	0.0	395	-15.101173403641551	-15.101173403641551	-1.0
Unique Binding	Bound Only	K562	QKI_3	0.0001	395	100.0	0	0.0	395	-15.101173403641551	-15.101173403641551	-1.0
Unique Binding	Bound Only	K562	QKI_3	0.001	395	100.0	0	0.0	395	-15.101173403641551	-15.101173403641551	-1.0
Unique Binding	Bound Only	K562	QKI_3	0.01	346	87.59493670886076	0	0.0	346	-14.700660882840005	-14.700660882840005	-1.0
Unique Binding	Bound Only	K562	QKI_3	0.1	30	7.59493670886076	0	0.0	30	-3.6927848953061546	-3.6927848953061546	-1.0
Unique Binding	Bound Only	K562	QKI_4	0.0	365	100.0	0	0.0	365	-0.8307427516696138	-0.8307427516696138	-1.0
Unique Binding	Bound Only	K562	QKI_4	1e-05	365	100.0	0	0.0	365	-0.8307427516696138	-0.8307427516696138	-1.0
Unique Binding	Bound Only	K562	QKI_4	0.0001	365	100.0	0	0.0	365	-0.8307427516696138	-0.8307427516696138	-1.0
Unique Binding	Bound Only	K562	QKI_4	0.001	275	75.34246575342466	0	0.0	275	-0.7667786130908189	-0.7667786130908189	-1.0
Unique Binding	Bound Only	K562	QKI_4	0.01	1	0.273972602739726	0	0.0	1	-0.03497842965250497	-0.03497842965250497	-1.0
Unique Binding	Bound Only	K562	QKI_4	0.1	0	0.0	0	0.0	0	0.0		
Unique Binding	Bound Only	K562	QKI_5	0.0	341	100.0	2	0.0023853233186788203	339	-6.659375265303612	-6.656989941984933	-0.9992838760003616
Unique Binding	Bound Only	K562	QKI_5	1e-05	341	100.0	2	0.0023853233186788203	339	-6.659375265303612	-6.656989941984933	-0.9992838760003616
Unique Binding	Bound Only	K562	QKI_5	0.0001	341	100.0	2	0.0023853233186788203	339	-6.659375265303612	-6.656989941984933	-0.9992838760003616
Unique Binding	Bound Only	K562	QKI_5	0.001	246	72.14076246334311	2	0.0023853233186788203	244	-6.60341008480459	-6.601024761485911	-0.9992778089022419
Unique Binding	Bound Only	K562	QKI_5	0.01	52	15.249266862170089	0	0.0	52	-6.108703180779741	-6.108703180779741	-1.0
Unique Binding	Bound Only	K562	QKI_5	0.1	44	12.903225806451612	0	0.0	44	-5.859096076522516	-5.859096076522516	-1.0
Unique Binding	Bound Only	K562	QKI_6	0.0	272	100.0	0	0.0	272	-0.44554897797681037	-0.44554897797681037	-1.0
Unique Binding	Bound Only	K562	QKI_6	1e-05	272	100.0	0	0.0	272	-0.44554897797681037	-0.44554897797681037	-1.0
Unique Binding	Bound Only	K562	QKI_6	0.0001	248	91.17647058823529	0	0.0	248	-0.4440476293588548	-0.4440476293588548	-1.0
Unique Binding	Bound Only	K562	QKI_6	0.001	81	29.77941176470588	0	0.0	81	-0.3678172155845705	-0.3678172155845705	-1.0
Unique Binding	Bound Only	K562	QKI_6	0.01	6	2.2058823529411766	0	0.0	6	-0.19294023913076144	-0.19294023913076144	-1.0
Unique Binding	Bound Only	K562	QKI_6	0.1	0	0.0	0	0.0	0	0.0		
Unique Binding	Bound Only	K562	RBFOX2_1	0.0	887	100.0	109	0.1265310495028515	778	-0.27717201212138837	-0.15064096261853688	-0.3731479320777384
Unique Binding	Bound Only	K562	RBFOX2_1	1e-05	887	100.0	109	0.1265310495028515	778	-0.27717201212138837	-0.15064096261853688	-0.3731479320777384
Unique Binding	Bound Only	K562	RBFOX2_1	0.0001	410	46.22322435174747	107	0.1264013550093078	303	-0.2546278950611588	-0.128226540051851	-0.3365267627830071
Unique Binding	Bound Only	K562	RBFOX2_1	0.001	127	14.317925591882751	55	0.09656400648686643	72	-0.20007427968209884	-0.10351027319523241	-0.348944414869876
Unique Binding	Bound Only	K562	RBFOX2_1	0.01	0	0.0	0	0.0	0	0.0		
Unique Binding	Bound Only	K562	RBFOX2_1	0.1	0	0.0	0	0.0	0	0.0		
Unique Binding	Bound Only	K562	RBFOX2_2	0.0	1732	100.0	640	0.7454011480936882	1092	-1.6347589428066156	-0.8893577947129274	-0.3736546117687927
Unique Binding	Bound Only	K562	RBFOX2_2	1e-05	1723	99.48036951501155	636	0.7453773443679592	1087	-1.6347383499929191	-0.8893610056249599	-0.3736629306432837
Unique Binding	Bound Only	K562	RBFOX2_2	0.0001	1510	87.1824480369515	575	0.742018830527371	935	-1.6262356171766041	-0.8842167866492331	-0.37336224049171834
Unique Binding	Bound Only	K562	RBFOX2_2	0.001	654	37.75981524249423	331	0.6351434052585355	323	-1.337009676859792	-0.7018662716012566	-0.35588833238410095
Unique Binding	Bound Only	K562	RBFOX2_2	0.01	20	1.1547344110854503	0	0.0	20	-0.5295111591148267	-0.5295111591148267	-1.0
Unique Binding	Bound Only	K562	RBFOX2_2	0.1	0	0.0	0	0.0	0	0.0		
Unique Binding	Bound Only	K562	RBFOX2_3	0.0	1530	100.0	0	0.0	1530	-11.986668796279169	-11.986668796279169	-1.0
Unique Binding	Bound Only	K562	RBFOX2_3	1e-05	1530	100.0	0	0.0	1530	-11.986668796279169	-11.986668796279169	-1.0
Unique Binding	Bound Only	K562	RBFOX2_3	0.0001	1529	99.93464052287581	0	0.0	1529	-11.986597255348176	-11.986597255348176	-1.0
Unique Binding	Bound Only	K562	RBFOX2_3	0.001	1440	94.11764705882352	0	0.0	1440	-11.91400087200801	-11.91400087200801	-1.0
Unique Binding	Bound Only	K562	RBFOX2_3	0.01	260	16.99346405228758	0	0.0	260	-7.526557681634834	-7.526557681634834	-1.0
Unique Binding	Bound Only	K562	RBFOX2_3	0.1	4	0.261437908496732	0	0.0	4	-0.48665021702679534	-0.48665021702679534	-1.0
Unique Binding	Bound Only	K562	RBFOX2_4	0.0	1042	100.0	0	0.0	1042	-25.60584739982614	-25.60584739982614	-1.0
Unique Binding	Bound Only	K562	RBFOX2_4	1e-05	1042	100.0	0	0.0	1042	-25.60584739982614	-25.60584739982614	-1.0
Unique Binding	Bound Only	K562	RBFOX2_4	0.0001	1042	100.0	0	0.0	1042	-25.60584739982614	-25.60584739982614	-1.0
Unique Binding	Bound Only	K562	RBFOX2_4	0.001	1042	100.0	0	0.0	1042	-25.60584739982614	-25.60584739982614	-1.0
Unique Binding	Bound Only	K562	RBFOX2_4	0.01	881	84.5489443378119	0	0.0	881	-24.343337922534474	-24.343337922534474	-1.0
Unique Binding	Bound Only	K562	RBFOX2_4	0.1	10	0.9596928982725527	0	0.0	10	-1.187078554958741	-1.187078554958741	-1.0
Unique Binding	Bound Only	K562	RBFOX2_5	0.0	1343	100.0	3	0.013021266693949426	1340	-3.980790098821972	-3.967768832128023	-0.9934792780618635
Unique Binding	Bound Only	K562	RBFOX2_5	1e-05	1343	100.0	3	0.013021266693949426	1340	-3.980790098821972	-3.967768832128023	-0.9934792780618635
Unique Binding	Bound Only	K562	RBFOX2_5	0.0001	1343	100.0	3	0.013021266693949426	1340	-3.980790098821972	-3.967768832128023	-0.9934792780618635
Unique Binding	Bound Only	K562	RBFOX2_5	0.001	1140	84.88458674609085	3	0.013021266693949426	1137	-3.8253243137332253	-3.812303047039276	-0.9932151670968093
Unique Binding	Bound Only	K562	RBFOX2_5	0.01	43	3.201787043931496	0	0.0	43	-1.122387608544247	-1.122387608544247	-1.0
Unique Binding	Bound Only	K562	RBFOX2_5	0.1	2	0.14892032762472077	0	0.0	2	-0.2185658199093961	-0.2185658199093961	-1.0
Unique Binding	Bound Only	K562	RBFOX2_6	0.0	930	100.0	914	2.1710208652621423	16	-0.012209998993532784	2.1588108662686096	0.9888147431465564
Unique Binding	Bound Only	K562	RBFOX2_6	1e-05	930	100.0	914	2.1710208652621423	16	-0.012209998993532784	2.1588108662686096	0.9888147431465564
Unique Binding	Bound Only	K562	RBFOX2_6	0.0001	892	95.91397849462365	876	2.1685706343110915	16	-0.012209998993532784	2.156360635317559	0.9888021758749477
Unique Binding	Bound Only	K562	RBFOX2_6	0.001	703	75.59139784946237	699	2.040764560031963	4	-0.007593614575613998	2.033170945456349	0.9925856574599619
Unique Binding	Bound Only	K562	RBFOX2_6	0.01	0	0.0	0	0.0	0	0.0		
Unique Binding	Bound Only	K562	RBFOX2_6	0.1	0	0.0	0	0.0	0	0.0		
Unique Binding	Bound Only	K562	RBM15_1	0.0	3904	100.0	6	0.0051545585224733554	3898	-49.69237474614383	-49.68722018762136	-0.9997925627855312
Unique Binding	Bound Only	K562	RBM15_1	1e-05	3904	100.0	6	0.0051545585224733554	3898	-49.69237474614383	-49.68722018762136	-0.9997925627855312
Unique Binding	Bound Only	K562	RBM15_1	0.0001	3904	100.0	6	0.0051545585224733554	3898	-49.69237474614383	-49.68722018762136	-0.9997925627855312
Unique Binding	Bound Only	K562	RBM15_1	0.001	3901	99.92315573770492	3	0.003184753533268185	3898	-49.69237474614383	-49.68918999261056	-0.9998718294525575
Unique Binding	Bound Only	K562	RBM15_1	0.01	1855	47.51536885245902	0	0.0	1855	-37.20659509785064	-37.20659509785064	-1.0
Unique Binding	Bound Only	K562	RBM15_1	0.1	4	0.10245901639344263	0	0.0	4	-0.43643382815557663	-0.43643382815557663	-1.0
Unique Binding	Bound Only	K562	RBM15_2	0.0	6426	100.0	615	0.6399040314470614	5811	-10.37644929709358	-9.73654526564652	-0.8838265236483966
Unique Binding	Bound Only	K562	RBM15_2	1e-05	6378	99.2530345471522	589	0.6398171617237527	5789	-10.376350099649226	-9.736532937925473	-0.883840332750356
Unique Binding	Bound Only	K562	RBM15_2	0.0001	6197	96.43635231870526	534	0.6370004989873833	5663	-10.369686244499842	-9.732685745512459	-0.884252088965046
Unique Binding	Bound Only	K562	RBM15_2	0.001	2100	32.6797385620915	158	0.47700780348925786	1942	-8.375971516358781	-7.898963712869524	-0.8922379040421285
Unique Binding	Bound Only	K562	RBM15_2	0.01	130	2.0230314347961404	4	0.05170881283696717	126	-4.361137596421246	-4.309428783584279	-0.9765644175929253
Unique Binding	Bound Only	K562	RBM15_2	0.1	0	0.0	0	0.0	0	0.0		
Unique Binding	Bound Only	K562	RBM15_3	0.0	2959	100.0	2886	15.717746878595491	73	-0.06020739254453875	15.657539486050952	0.992368162372651
Unique Binding	Bound Only	K562	RBM15_3	1e-05	2958	99.96620479891855	2886	15.717746878595491	72	-0.060200219968019254	15.657546658627473	0.992369068093339
Unique Binding	Bound Only	K562	RBM15_3	0.0001	2933	99.12132477188239	2877	15.717305288188559	56	-0.059285777399031	15.658019510789527	0.9924843361721726
Unique Binding	Bound Only	K562	RBM15_3	0.001	2769	93.57891179452518	2755	15.648831625425583	14	-0.04585949142274148	15.602972134002842	0.9941560504655602
Unique Binding	Bound Only	K562	RBM15_3	0.01	400	13.518080432578575	400	5.4425907637406095	0	0.0	5.4425907637406095	1.0
Unique Binding	Bound Only	K562	RBM15_3	0.1	0	0.0	0	0.0	0	0.0		
Unique Binding	Bound Only	K562	RBM15_4	0.0	3237	100.0	3148	54.43577731580136	89	-0.2945130667248524	54.14126424907651	0.9892376574410107
Unique Binding	Bound Only	K562	RBM15_4	1e-05	3237	100.0	3148	54.43577731580136	89	-0.2945130667248524	54.14126424907651	0.9892376574410107
Unique Binding	Bound Only	K562	RBM15_4	0.0001	3232	99.8455359901143	3144	54.43554179548924	88	-0.29443353802886607	54.141108257460374	0.9892405017091777
Unique Binding	Bound Only	K562	RBM15_4	0.001	3184	98.36268149521162	3121	54.42305705728157	63	-0.28160491985881136	54.14145213742275	0.9897045367001266
Unique Binding	Bound Only	K562	RBM15_4	0.01	2258	69.7559468643806	2254	48.69544035288567	4	-0.09025882366747379	48.60518152921819	0.9962997835353007
Unique Binding	Bound Only	K562	RBM15_4	0.1	0	0.0	0	0.0	0	0.0		
Unique Binding	Bound Only	K562	RBM15_5	0.0	3904	100.0	2098	3.6886397962059116	1806	-3.330647422393513	0.3579923738123987	0.051001243098274265
Unique Binding	Bound Only	K562	RBM15_5	1e-05	3846	98.51434426229508	2067	3.6885323531847196	1779	-3.3304922378628685	0.3580401153218511	0.05100995311777554
Unique Binding	Bound Only	K562	RBM15_5	0.0001	3332	85.34836065573771	1768	3.671410644600994	1564	-3.318993240174507	0.3524174044264874	0.05041445533555253
Unique Binding	Bound Only	K562	RBM15_5	0.001	1544	39.549180327868854	894	3.4043480211852426	650	-2.8779264910067317	0.5264215301785109	0.08379473535530604
Unique Binding	Bound Only	K562	RBM15_5	0.01	76	1.9467213114754098	23	0.3084614533755467	53	-0.9879909535944172	-0.6795295002188706	-0.5241453496986056
Unique Binding	Bound Only	K562	RBM15_5	0.1	0	0.0	0	0.0	0	0.0		
Unique Binding	Bound Only	K562	RBM15_6	0.0	3645	100.0	1	0.00014616860790247192	3644	-75.57796084341527	-75.57781467480737	-0.9999961319854737
Unique Binding	Bound Only	K562	RBM15_6	1e-05	3645	100.0	1	0.00014616860790247192	3644	-75.57796084341527	-75.57781467480737	-0.9999961319854737
Unique Binding	Bound Only	K562	RBM15_6	0.0001	3645	100.0	1	0.00014616860790247192	3644	-75.57796084341527	-75.57781467480737	-0.9999961319854737
Unique Binding	Bound Only	K562	RBM15_6	0.001	3644	99.97256515775035	0	0.0	3644	-75.57796084341527	-75.57796084341527	-1.0
Unique Binding	Bound Only	K562	RBM15_6	0.01	2666	73.14128943758573	0	0.0	2666	-69.09660667500984	-69.09660667500984	-1.0
Unique Binding	Bound Only	K562	RBM15_6	0.1	2	0.054869684499314134	0	0.0	2	-0.20192654509945612	-0.20192654509945612	-1.0
Unique Binding	Bound Only	K562	RBM22_1	0.0	219	100.0	14	0.005032657135979632	205	-0.19252294017312854	-0.1874902830371489	-0.9490507259269884
Unique Binding	Bound Only	K562	RBM22_1	1e-05	219	100.0	14	0.005032657135979632	205	-0.19252294017312854	-0.1874902830371489	-0.9490507259269884
Unique Binding	Bound Only	K562	RBM22_1	0.0001	86	39.26940639269406	14	0.005032657135979632	72	-0.18544924662331455	-0.1804165894873349	-0.9471586850335216
Unique Binding	Bound Only	K562	RBM22_1	0.001	41	18.72146118721461	0	0.0	41	-0.17420525097764228	-0.17420525097764228	-1.0
Unique Binding	Bound Only	K562	RBM22_1	0.01	0	0.0	0	0.0	0	0.0		
Unique Binding	Bound Only	K562	RBM22_1	0.1	0	0.0	0	0.0	0	0.0		
Unique Binding	Bound Only	K562	RBM22_2	0.0	5604	100.0	0	0.0	5604	-249.23535313511132	-249.23535313511132	-1.0
Unique Binding	Bound Only	K562	RBM22_2	1e-05	5604	100.0	0	0.0	5604	-249.23535313511132	-249.23535313511132	-1.0
Unique Binding	Bound Only	K562	RBM22_2	0.0001	5604	100.0	0	0.0	5604	-249.23535313511132	-249.23535313511132	-1.0
Unique Binding	Bound Only	K562	RBM22_2	0.001	5604	100.0	0	0.0	5604	-249.23535313511132	-249.23535313511132	-1.0
Unique Binding	Bound Only	K562	RBM22_2	0.01	5353	95.52105638829408	0	0.0	5353	-247.2698931599429	-247.2698931599429	-1.0
Unique Binding	Bound Only	K562	RBM22_2	0.1	281	5.014275517487509	0	0.0	281	-33.35926696296703	-33.35926696296703	-1.0
Unique Binding	Bound Only	K562	RBM22_3	0.0	218	100.0	112	0.13457720398939613	106	-0.39797693137870616	-0.26339972738931006	-0.4945970933213161
Unique Binding	Bound Only	K562	RBM22_3	1e-05	215	98.62385321100918	110	0.13456934435198226	105	-0.3979715114000928	-0.26340216704811054	-0.49461400792644106
Unique Binding	Bound Only	K562	RBM22_3	0.0001	175	80.27522935779817	87	0.1332910814216361	88	-0.39695975941721984	-0.26366867799558374	-0.4972527296297358
Unique Binding	Bound Only	K562	RBM22_3	0.001	98	44.95412844036697	42	0.12381478700254414	56	-0.38235264962119103	-0.25853786261864686	-0.5107753757198602
Unique Binding	Bound Only	K562	RBM22_3	0.01	11	5.045871559633028	0	0.0	11	-0.21583615324357613	-0.21583615324357613	-1.0
Unique Binding	Bound Only	K562	RBM22_3	0.1	0	0.0	0	0.0	0	0.0		
Unique Binding	Bound Only	K562	RBM22_4	0.0	4828	100.0	4820	169.94279835404075	8	-0.09523999260358347	169.84755836143717	0.9988797801535511
Unique Binding	Bound Only	K562	RBM22_4	1e-05	4828	100.0	4820	169.94279835404075	8	-0.09523999260358347	169.84755836143717	0.9988797801535511
Unique Binding	Bound Only	K562	RBM22_4	0.0001	4828	100.0	4820	169.94279835404075	8	-0.09523999260358347	169.84755836143717	0.9988797801535511
Unique Binding	Bound Only	K562	RBM22_4	0.001	4828	100.0	4820	169.94279835404075	8	-0.09523999260358347	169.84755836143717	0.9988797801535511
Unique Binding	Bound Only	K562	RBM22_4	0.01	4756	98.50869925434964	4751	169.44019732381958	5	-0.0793688353601388	169.36082848845945	0.9990636026606439
Unique Binding	Bound Only	K562	RBM22_4	0.1	113	2.340513670256835	113	14.325050663663607	0	0.0	14.325050663663607	1.0
Unique Binding	Bound Only	K562	RBM22_5	0.0	0	0.0	0	0.0	0	0.0		
Unique Binding	Bound Only	K562	RBM22_5	1e-05	0	0.0	0	0.0	0	0.0		
Unique Binding	Bound Only	K562	RBM22_5	0.0001	0	0.0	0	0.0	0	0.0		
Unique Binding	Bound Only	K562	RBM22_5	0.001	0	0.0	0	0.0	0	0.0		
Unique Binding	Bound Only	K562	RBM22_5	0.01	0	0.0	0	0.0	0	0.0		
Unique Binding	Bound Only	K562	RBM22_5	0.1	0	0.0	0	0.0	0	0.0		
Unique Binding	Bound Only	K562	RBM22_6	0.0	3904	100.0	702	0.822202502375832	3202	-2.8245354693930844	-2.0023329670172525	-0.5490750864246999
Unique Binding	Bound Only	K562	RBM22_6	1e-05	3723	95.36372950819673	621	0.8218149662341941	3102	-2.8239699187717937	-2.0021549525375995	-0.5491697990114167
Unique Binding	Bound Only	K562	RBM22_6	0.0001	2877	73.6936475409836	524	0.8188108961068351	2353	-2.788132722168301	-1.9693218260614662	-0.545980762239696
Unique Binding	Bound Only	K562	RBM22_6	0.001	914	23.41188524590164	235	0.6818775542854834	679	-2.1428387962976916	-1.4609612420122082	-0.5172063530239369
Unique Binding	Bound Only	K562	RBM22_6	0.01	19	0.48668032786885246	0	0.0	19	-0.393701766279671	-0.393701766279671	-1.0
Unique Binding	Bound Only	K562	RBM22_6	0.1	0	0.0	0	0.0	0	0.0		
Unique Binding	Bound Only	K562	RNF187_1	0.0	0	0.0	0	0.0	0	0.0		
Unique Binding	Bound Only	K562	RNF187_1	1e-05	0	0.0	0	0.0	0	0.0		
Unique Binding	Bound Only	K562	RNF187_1	0.0001	0	0.0	0	0.0	0	0.0		
Unique Binding	Bound Only	K562	RNF187_1	0.001	0	0.0	0	0.0	0	0.0		
Unique Binding	Bound Only	K562	RNF187_1	0.01	0	0.0	0	0.0	0	0.0		
Unique Binding	Bound Only	K562	RNF187_1	0.1	0	0.0	0	0.0	0	0.0		
Unique Binding	Bound Only	K562	RNF187_2	0.0	0	0.0	0	0.0	0	0.0		
Unique Binding	Bound Only	K562	RNF187_2	1e-05	0	0.0	0	0.0	0	0.0		
Unique Binding	Bound Only	K562	RNF187_2	0.0001	0	0.0	0	0.0	0	0.0		
Unique Binding	Bound Only	K562	RNF187_2	0.001	0	0.0	0	0.0	0	0.0		
Unique Binding	Bound Only	K562	RNF187_2	0.01	0	0.0	0	0.0	0	0.0		
Unique Binding	Bound Only	K562	RNF187_2	0.1	0	0.0	0	0.0	0	0.0		
Unique Binding	Bound Only	K562	RNF187_3	0.0	10	83.33333333333334	10	0.0016290044619673475	0	0.0	0.0016290044619673475	1.0
Unique Binding	Bound Only	K562	RNF187_3	1e-05	10	83.33333333333334	10	0.0016290044619673475	0	0.0	0.0016290044619673475	1.0
Unique Binding	Bound Only	K562	RNF187_3	0.0001	9	75.0	9	0.0016158198752638932	0	0.0	0.0016158198752638932	1.0
Unique Binding	Bound Only	K562	RNF187_3	0.001	0	0.0	0	0.0	0	0.0		
Unique Binding	Bound Only	K562	RNF187_3	0.01	0	0.0	0	0.0	0	0.0		
Unique Binding	Bound Only	K562	RNF187_3	0.1	0	0.0	0	0.0	0	0.0		
Unique Binding	Bound Only	K562	RNF187_4	0.0	0	0.0	0	0.0	0	0.0		
Unique Binding	Bound Only	K562	RNF187_4	1e-05	0	0.0	0	0.0	0	0.0		
Unique Binding	Bound Only	K562	RNF187_4	0.0001	0	0.0	0	0.0	0	0.0		
Unique Binding	Bound Only	K562	RNF187_4	0.001	0	0.0	0	0.0	0	0.0		
Unique Binding	Bound Only	K562	RNF187_4	0.01	0	0.0	0	0.0	0	0.0		
Unique Binding	Bound Only	K562	RNF187_4	0.1	0	0.0	0	0.0	0	0.0		
Unique Binding	Bound Only	K562	RNF187_5	0.0	0	0.0	0	0.0	0	0.0		
Unique Binding	Bound Only	K562	RNF187_5	1e-05	0	0.0	0	0.0	0	0.0		
Unique Binding	Bound Only	K562	RNF187_5	0.0001	0	0.0	0	0.0	0	0.0		
Unique Binding	Bound Only	K562	RNF187_5	0.001	0	0.0	0	0.0	0	0.0		
Unique Binding	Bound Only	K562	RNF187_5	0.01	0	0.0	0	0.0	0	0.0		
Unique Binding	Bound Only	K562	RNF187_5	0.1	0	0.0	0	0.0	0	0.0		
Unique Binding	Bound Only	K562	RNF187_6	0.0	146	100.0	7	0.02891168405694307	139	-0.18967311929582137	-0.16076143523887831	-0.735464830002077
Unique Binding	Bound Only	K562	RNF187_6	1e-05	146	100.0	7	0.02891168405694307	139	-0.18967311929582137	-0.16076143523887831	-0.735464830002077
Unique Binding	Bound Only	K562	RNF187_6	0.0001	146	100.0	7	0.02891168405694307	139	-0.18967311929582137	-0.16076143523887831	-0.735464830002077
Unique Binding	Bound Only	K562	RNF187_6	0.001	89	60.95890410958904	5	0.028228921159471156	84	-0.17024487086546464	-0.1420159497059935	-0.7155400632852872
Unique Binding	Bound Only	K562	RNF187_6	0.01	4	2.73972602739726	0	0.0	4	-0.041756293213925065	-0.041756293213925065	-1.0
Unique Binding	Bound Only	K562	RNF187_6	0.1	0	0.0	0	0.0	0	0.0		
Unique Binding	Bound Only	K562	RPS10_1	0.0	0	0.0	0	0.0	0	0.0		
Unique Binding	Bound Only	K562	RPS10_1	1e-05	0	0.0	0	0.0	0	0.0		
Unique Binding	Bound Only	K562	RPS10_1	0.0001	0	0.0	0	0.0	0	0.0		
Unique Binding	Bound Only	K562	RPS10_1	0.001	0	0.0	0	0.0	0	0.0		
Unique Binding	Bound Only	K562	RPS10_1	0.01	0	0.0	0	0.0	0	0.0		
Unique Binding	Bound Only	K562	RPS10_1	0.1	0	0.0	0	0.0	0	0.0		
Unique Binding	Bound Only	K562	RPS10_2	0.0	92	100.0	0	0.0	92	-0.08872566199365635	-0.08872566199365635	-1.0
Unique Binding	Bound Only	K562	RPS10_2	1e-05	22	23.91304347826087	0	0.0	22	-0.08852324736909056	-0.08852324736909056	-1.0
Unique Binding	Bound Only	K562	RPS10_2	0.0001	17	18.478260869565215	0	0.0	17	-0.0884210884565551	-0.0884210884565551	-1.0
Unique Binding	Bound Only	K562	RPS10_2	0.001	17	18.478260869565215	0	0.0	17	-0.0884210884565551	-0.0884210884565551	-1.0
Unique Binding	Bound Only	K562	RPS10_2	0.01	0	0.0	0	0.0	0	0.0		
Unique Binding	Bound Only	K562	RPS10_2	0.1	0	0.0	0	0.0	0	0.0		
Unique Binding	Bound Only	K562	RPS10_3	0.0	0		0	0.0	0	0.0		
Unique Binding	Bound Only	K562	RPS10_3	1e-05	0		0	0.0	0	0.0		
Unique Binding	Bound Only	K562	RPS10_3	0.0001	0		0	0.0	0	0.0		
Unique Binding	Bound Only	K562	RPS10_3	0.001	0		0	0.0	0	0.0		
Unique Binding	Bound Only	K562	RPS10_3	0.01	0		0	0.0	0	0.0		
Unique Binding	Bound Only	K562	RPS10_3	0.1	0		0	0.0	0	0.0		
Unique Binding	Bound Only	K562	RPS10_4	0.0	0	0.0	0	0.0	0	0.0		
Unique Binding	Bound Only	K562	RPS10_4	1e-05	0	0.0	0	0.0	0	0.0		
Unique Binding	Bound Only	K562	RPS10_4	0.0001	0	0.0	0	0.0	0	0.0		
Unique Binding	Bound Only	K562	RPS10_4	0.001	0	0.0	0	0.0	0	0.0		
Unique Binding	Bound Only	K562	RPS10_4	0.01	0	0.0	0	0.0	0	0.0		
Unique Binding	Bound Only	K562	RPS10_4	0.1	0	0.0	0	0.0	0	0.0		
Unique Binding	Bound Only	K562	RPS10_5	0.0	0		0	0.0	0	0.0		
Unique Binding	Bound Only	K562	RPS10_5	1e-05	0		0	0.0	0	0.0		
Unique Binding	Bound Only	K562	RPS10_5	0.0001	0		0	0.0	0	0.0		
Unique Binding	Bound Only	K562	RPS10_5	0.001	0		0	0.0	0	0.0		
Unique Binding	Bound Only	K562	RPS10_5	0.01	0		0	0.0	0	0.0		
Unique Binding	Bound Only	K562	RPS10_5	0.1	0		0	0.0	0	0.0		
Unique Binding	Bound Only	K562	RPS10_6	0.0	0	0.0	0	0.0	0	0.0		
Unique Binding	Bound Only	K562	RPS10_6	1e-05	0	0.0	0	0.0	0	0.0		
Unique Binding	Bound Only	K562	RPS10_6	0.0001	0	0.0	0	0.0	0	0.0		
Unique Binding	Bound Only	K562	RPS10_6	0.001	0	0.0	0	0.0	0	0.0		
Unique Binding	Bound Only	K562	RPS10_6	0.01	0	0.0	0	0.0	0	0.0		
Unique Binding	Bound Only	K562	RPS10_6	0.1	0	0.0	0	0.0	0	0.0		
Unique Binding	Bound Only	K562	RPS11_1	0.0	0	0.0	0	0.0	0	0.0		
Unique Binding	Bound Only	K562	RPS11_1	1e-05	0	0.0	0	0.0	0	0.0		
Unique Binding	Bound Only	K562	RPS11_1	0.0001	0	0.0	0	0.0	0	0.0		
Unique Binding	Bound Only	K562	RPS11_1	0.001	0	0.0	0	0.0	0	0.0		
Unique Binding	Bound Only	K562	RPS11_1	0.01	0	0.0	0	0.0	0	0.0		
Unique Binding	Bound Only	K562	RPS11_1	0.1	0	0.0	0	0.0	0	0.0		
Unique Binding	Bound Only	K562	RPS11_2	0.0	0	0.0	0	0.0	0	0.0		
Unique Binding	Bound Only	K562	RPS11_2	1e-05	0	0.0	0	0.0	0	0.0		
Unique Binding	Bound Only	K562	RPS11_2	0.0001	0	0.0	0	0.0	0	0.0		
Unique Binding	Bound Only	K562	RPS11_2	0.001	0	0.0	0	0.0	0	0.0		
Unique Binding	Bound Only	K562	RPS11_2	0.01	0	0.0	0	0.0	0	0.0		
Unique Binding	Bound Only	K562	RPS11_2	0.1	0	0.0	0	0.0	0	0.0		
Unique Binding	Bound Only	K562	RPS11_3	0.0	0		0	0.0	0	0.0		
Unique Binding	Bound Only	K562	RPS11_3	1e-05	0		0	0.0	0	0.0		
Unique Binding	Bound Only	K562	RPS11_3	0.0001	0		0	0.0	0	0.0		
Unique Binding	Bound Only	K562	RPS11_3	0.001	0		0	0.0	0	0.0		
Unique Binding	Bound Only	K562	RPS11_3	0.01	0		0	0.0	0	0.0		
Unique Binding	Bound Only	K562	RPS11_3	0.1	0		0	0.0	0	0.0		
Unique Binding	Bound Only	K562	RPS11_4	0.0	0		0	0.0	0	0.0		
Unique Binding	Bound Only	K562	RPS11_4	1e-05	0		0	0.0	0	0.0		
Unique Binding	Bound Only	K562	RPS11_4	0.0001	0		0	0.0	0	0.0		
Unique Binding	Bound Only	K562	RPS11_4	0.001	0		0	0.0	0	0.0		
Unique Binding	Bound Only	K562	RPS11_4	0.01	0		0	0.0	0	0.0		
Unique Binding	Bound Only	K562	RPS11_4	0.1	0		0	0.0	0	0.0		
Unique Binding	Bound Only	K562	RPS11_5	0.0	0		0	0.0	0	0.0		
Unique Binding	Bound Only	K562	RPS11_5	1e-05	0		0	0.0	0	0.0		
Unique Binding	Bound Only	K562	RPS11_5	0.0001	0		0	0.0	0	0.0		
Unique Binding	Bound Only	K562	RPS11_5	0.001	0		0	0.0	0	0.0		
Unique Binding	Bound Only	K562	RPS11_5	0.01	0		0	0.0	0	0.0		
Unique Binding	Bound Only	K562	RPS11_5	0.1	0		0	0.0	0	0.0		
Unique Binding	Bound Only	K562	RPS11_6	0.0	0		0	0.0	0	0.0		
Unique Binding	Bound Only	K562	RPS11_6	1e-05	0		0	0.0	0	0.0		
Unique Binding	Bound Only	K562	RPS11_6	0.0001	0		0	0.0	0	0.0		
Unique Binding	Bound Only	K562	RPS11_6	0.001	0		0	0.0	0	0.0		
Unique Binding	Bound Only	K562	RPS11_6	0.01	0		0	0.0	0	0.0		
Unique Binding	Bound Only	K562	RPS11_6	0.1	0		0	0.0	0	0.0		
Unique Binding	Bound Only	K562	RPS3_1	0.0	3283	100.0	1541	1.3220077116714504	1742	-2.601520850161081	-1.2795131384896306	-0.326112864561898
Unique Binding	Bound Only	K562	RPS3_1	1e-05	3008	91.62351507767286	1426	1.321404924790222	1582	-2.600705403475644	-1.279300478685422	-0.326176566086313
Unique Binding	Bound Only	K562	RPS3_1	0.0001	2317	70.57569296375267	1029	1.3060196752722568	1288	-2.588751865048653	-1.2827321897763961	-0.32934722267964023
Unique Binding	Bound Only	K562	RPS3_1	0.001	935	28.480048735912277	341	1.0690306913688108	594	-2.28100926849433	-1.2119785771255192	-0.3617803344575723
Unique Binding	Bound Only	K562	RPS3_1	0.01	46	1.4011574779165397	0	0.0	46	-0.8618113626515409	-0.8618113626515409	-1.0
Unique Binding	Bound Only	K562	RPS3_1	0.1	0	0.0	0	0.0	0	0.0		
Unique Binding	Bound Only	K562	RPS3_2	0.0	4205	100.0	1638	2.942623589117879	2567	-5.135693906755843	-2.1930703176379636	-0.2714761234326516
Unique Binding	Bound Only	K562	RPS3_2	1e-05	4177	99.33412604042806	1625	2.942556485466275	2552	-5.1356267084371545	-2.1930702229708796	-0.2714806250774284
Unique Binding	Bound Only	K562	RPS3_2	0.0001	3959	94.14982164090368	1525	2.9361735083226215	2434	-5.1276910887429485	-2.191517580420327	-0.2717701362716107
Unique Binding	Bound Only	K562	RPS3_2	0.001	2073	49.29845422116528	789	2.571070929989112	1284	-4.542173838678108	-1.9711029086889962	-0.27710320293931257
Unique Binding	Bound Only	K562	RPS3_2	0.01	73	1.7360285374554103	11	0.16130582679713842	62	-1.2292720679941336	-1.0679662411969952	-0.7680017388434747
Unique Binding	Bound Only	K562	RPS3_2	0.1	0	0.0	0	0.0	0	0.0		
Unique Binding	Bound Only	K562	RPS3_3	0.0	3637	100.0	3637	167.45826529270977	0	0.0	167.45826529270977	1.0
Unique Binding	Bound Only	K562	RPS3_3	1e-05	3637	100.0	3637	167.45826529270977	0	0.0	167.45826529270977	1.0
Unique Binding	Bound Only	K562	RPS3_3	0.0001	3637	100.0	3637	167.45826529270977	0	0.0	167.45826529270977	1.0
Unique Binding	Bound Only	K562	RPS3_3	0.001	3637	100.0	3637	167.45826529270977	0	0.0	167.45826529270977	1.0
Unique Binding	Bound Only	K562	RPS3_3	0.01	3632	99.86252405828981	3632	167.41221851461697	0	0.0	167.41221851461697	1.0
Unique Binding	Bound Only	K562	RPS3_3	0.1	228	6.268902941985152	228	29.86395603290699	0	0.0	29.86395603290699	1.0
Unique Binding	Bound Only	K562	RPS3_4	0.0	3478	100.0	3478	125.64762334824644	0	0.0	125.64762334824644	1.0
Unique Binding	Bound Only	K562	RPS3_4	1e-05	3478	100.0	3478	125.64762334824644	0	0.0	125.64762334824644	1.0
Unique Binding	Bound Only	K562	RPS3_4	0.0001	3478	100.0	3478	125.64762334824644	0	0.0	125.64762334824644	1.0
Unique Binding	Bound Only	K562	RPS3_4	0.001	3478	100.0	3478	125.64762334824644	0	0.0	125.64762334824644	1.0
Unique Binding	Bound Only	K562	RPS3_4	0.01	3478	100.0	3478	125.64762334824644	0	0.0	125.64762334824644	1.0
Unique Binding	Bound Only	K562	RPS3_4	0.1	67	1.9263944795859689	67	7.841173117169568	0	0.0	7.841173117169568	1.0
Unique Binding	Bound Only	K562	RPS3_5	0.0	4500	100.0	561	0.48808258691318795	3939	-8.11147636725343	-7.623393780340241	-0.8864866001815814
Unique Binding	Bound Only	K562	RPS3_5	1e-05	4486	99.6888888888889	551	0.48802488205779593	3935	-8.111448986948867	-7.623424104891071	-0.8864988976089143
Unique Binding	Bound Only	K562	RPS3_5	0.0001	4309	95.75555555555556	500	0.48512302293719356	3809	-8.103651797001337	-7.618528774064144	-0.8870332420845409
Unique Binding	Bound Only	K562	RPS3_5	0.001	1793	39.84444444444444	144	0.31082409556871227	1649	-7.199107454162925	-6.8882833585942125	-0.9172231881181875
Unique Binding	Bound Only	K562	RPS3_5	0.01	210	4.666666666666667	2	0.02178043771218891	208	-3.813648070916293	-3.791867633204104	-0.9886425010070244
Unique Binding	Bound Only	K562	RPS3_5	0.1	0	0.0	0	0.0	0	0.0		
Unique Binding	Bound Only	K562	RPS3_6	0.0	3572	100.0	0	0.0	3572	-103.34814585988697	-103.34814585988697	-1.0
Unique Binding	Bound Only	K562	RPS3_6	1e-05	3572	100.0	0	0.0	3572	-103.34814585988697	-103.34814585988697	-1.0
Unique Binding	Bound Only	K562	RPS3_6	0.0001	3572	100.0	0	0.0	3572	-103.34814585988697	-103.34814585988697	-1.0
Unique Binding	Bound Only	K562	RPS3_6	0.001	3572	100.0	0	0.0	3572	-103.34814585988697	-103.34814585988697	-1.0
Unique Binding	Bound Only	K562	RPS3_6	0.01	2560	71.66853303471444	0	0.0	2560	-96.2526611665546	-96.2526611665546	-1.0
Unique Binding	Bound Only	K562	RPS3_6	0.1	52	1.4557670772676372	0	0.0	52	-5.691174618654629	-5.691174618654629	-1.0
Unique Binding	Bound Only	K562	RPS6_1	0.0	20	8.47457627118644	20	0.0015786419496863647	0	0.0	0.0015786419496863647	1.0
Unique Binding	Bound Only	K562	RPS6_1	1e-05	5	2.11864406779661	5	0.001574102604318479	0	0.0	0.001574102604318479	1.0
Unique Binding	Bound Only	K562	RPS6_1	0.0001	5	2.11864406779661	5	0.001574102604318479	0	0.0	0.001574102604318479	1.0
Unique Binding	Bound Only	K562	RPS6_1	0.001	0	0.0	0	0.0	0	0.0		
Unique Binding	Bound Only	K562	RPS6_1	0.01	0	0.0	0	0.0	0	0.0		
Unique Binding	Bound Only	K562	RPS6_1	0.1	0	0.0	0	0.0	0	0.0		
Unique Binding	Bound Only	K562	RPS6_2	0.0	547	100.0	0	0.0	547	-0.8627652928060576	-0.8627652928060576	-1.0
Unique Binding	Bound Only	K562	RPS6_2	1e-05	547	100.0	0	0.0	547	-0.8627652928060576	-0.8627652928060576	-1.0
Unique Binding	Bound Only	K562	RPS6_2	0.0001	529	96.70932358318099	0	0.0	529	-0.8615903803084611	-0.8615903803084611	-1.0
Unique Binding	Bound Only	K562	RPS6_2	0.001	196	35.831809872029254	0	0.0	196	-0.7032352104874329	-0.7032352104874329	-1.0
Unique Binding	Bound Only	K562	RPS6_2	0.01	11	2.010968921389397	0	0.0	11	-0.1831888458970958	-0.1831888458970958	-1.0
Unique Binding	Bound Only	K562	RPS6_2	0.1	0	0.0	0	0.0	0	0.0		
Unique Binding	Bound Only	K562	RPS6_3	0.0	357	100.0	0	0.0	357	-0.20172889699017435	-0.20172889699017435	-1.0
Unique Binding	Bound Only	K562	RPS6_3	1e-05	170	47.61904761904761	0	0.0	170	-0.20091138567962036	-0.20091138567962036	-1.0
Unique Binding	Bound Only	K562	RPS6_3	0.0001	113	31.652661064425768	0	0.0	113	-0.19969931560233387	-0.19969931560233387	-1.0
Unique Binding	Bound Only	K562	RPS6_3	0.001	27	7.563025210084033	0	0.0	27	-0.1615474762872963	-0.1615474762872963	-1.0
Unique Binding	Bound Only	K562	RPS6_3	0.01	4	1.1204481792717087	0	0.0	4	-0.042531272108045345	-0.042531272108045345	-1.0
Unique Binding	Bound Only	K562	RPS6_3	0.1	0	0.0	0	0.0	0	0.0		
Unique Binding	Bound Only	K562	RPS6_4	0.0	429	100.0	12	0.001750782081584897	417	-0.22267962838283695	-0.22092884630125206	-0.9843979959938413
Unique Binding	Bound Only	K562	RPS6_4	1e-05	241	56.17715617715617	12	0.001750782081584897	229	-0.22165533504519258	-0.2199045529636077	-0.9843264624612641
Unique Binding	Bound Only	K562	RPS6_4	0.0001	33	7.6923076923076925	10	0.0015511588355017023	23	-0.2165365349289893	-0.2149853760934876	-0.9857749072519721
Unique Binding	Bound Only	K562	RPS6_4	0.001	20	4.662004662004662	0	0.0	20	-0.2161310954367293	-0.2161310954367293	-1.0
Unique Binding	Bound Only	K562	RPS6_4	0.01	12	2.797202797202797	0	0.0	12	-0.20324154333946487	-0.20324154333946487	-1.0
Unique Binding	Bound Only	K562	RPS6_4	0.1	0	0.0	0	0.0	0	0.0		
Unique Binding	Bound Only	K562	RPS6_5	0.0	285	100.0	0	0.0	285	-0.7294233918299263	-0.7294233918299263	-1.0
Unique Binding	Bound Only	K562	RPS6_5	1e-05	285	100.0	0	0.0	285	-0.7294233918299263	-0.7294233918299263	-1.0
Unique Binding	Bound Only	K562	RPS6_5	0.0001	285	100.0	0	0.0	285	-0.7294233918299263	-0.7294233918299263	-1.0
Unique Binding	Bound Only	K562	RPS6_5	0.001	167	58.59649122807018	0	0.0	167	-0.6688388636277145	-0.6688388636277145	-1.0
Unique Binding	Bound Only	K562	RPS6_5	0.01	28	9.824561403508772	0	0.0	28	-0.37495761876292877	-0.37495761876292877	-1.0
Unique Binding	Bound Only	K562	RPS6_5	0.1	0	0.0	0	0.0	0	0.0		
Unique Binding	Bound Only	K562	RPS6_6	0.0	287	100.0	47	0.12793099556179974	240	-1.562944254955355	-1.4350132593935552	-0.8486807403175698
Unique Binding	Bound Only	K562	RPS6_6	1e-05	287	100.0	47	0.12793099556179974	240	-1.562944254955355	-1.4350132593935552	-0.8486807403175698
Unique Binding	Bound Only	K562	RPS6_6	0.0001	287	100.0	47	0.12793099556179974	240	-1.562944254955355	-1.4350132593935552	-0.8486807403175698
Unique Binding	Bound Only	K562	RPS6_6	0.001	217	75.60975609756098	42	0.12557833488518064	175	-1.5271145027785846	-1.401536167893404	-0.8480318519892694
Unique Binding	Bound Only	K562	RPS6_6	0.01	50	17.421602787456447	0	0.0	50	-0.9998132543229026	-0.9998132543229026	-1.0
Unique Binding	Bound Only	K562	RPS6_6	0.1	0	0.0	0	0.0	0	0.0		
Unique Binding	Bound Only	K562	RYBP_1	0.0	0		0	0.0	0	0.0		
Unique Binding	Bound Only	K562	RYBP_1	1e-05	0		0	0.0	0	0.0		
Unique Binding	Bound Only	K562	RYBP_1	0.0001	0		0	0.0	0	0.0		
Unique Binding	Bound Only	K562	RYBP_1	0.001	0		0	0.0	0	0.0		
Unique Binding	Bound Only	K562	RYBP_1	0.01	0		0	0.0	0	0.0		
Unique Binding	Bound Only	K562	RYBP_1	0.1	0		0	0.0	0	0.0		
Unique Binding	Bound Only	K562	RYBP_2	0.0	0	0.0	0	0.0	0	0.0		
Unique Binding	Bound Only	K562	RYBP_2	1e-05	0	0.0	0	0.0	0	0.0		
Unique Binding	Bound Only	K562	RYBP_2	0.0001	0	0.0	0	0.0	0	0.0		
Unique Binding	Bound Only	K562	RYBP_2	0.001	0	0.0	0	0.0	0	0.0		
Unique Binding	Bound Only	K562	RYBP_2	0.01	0	0.0	0	0.0	0	0.0		
Unique Binding	Bound Only	K562	RYBP_2	0.1	0	0.0	0	0.0	0	0.0		
Unique Binding	Bound Only	K562	RYBP_3	0.0	0		0	0.0	0	0.0		
Unique Binding	Bound Only	K562	RYBP_3	1e-05	0		0	0.0	0	0.0		
Unique Binding	Bound Only	K562	RYBP_3	0.0001	0		0	0.0	0	0.0		
Unique Binding	Bound Only	K562	RYBP_3	0.001	0		0	0.0	0	0.0		
Unique Binding	Bound Only	K562	RYBP_3	0.01	0		0	0.0	0	0.0		
Unique Binding	Bound Only	K562	RYBP_3	0.1	0		0	0.0	0	0.0		
Unique Binding	Bound Only	K562	RYBP_4	0.0	0	0.0	0	0.0	0	0.0		
Unique Binding	Bound Only	K562	RYBP_4	1e-05	0	0.0	0	0.0	0	0.0		
Unique Binding	Bound Only	K562	RYBP_4	0.0001	0	0.0	0	0.0	0	0.0		
Unique Binding	Bound Only	K562	RYBP_4	0.001	0	0.0	0	0.0	0	0.0		
Unique Binding	Bound Only	K562	RYBP_4	0.01	0	0.0	0	0.0	0	0.0		
Unique Binding	Bound Only	K562	RYBP_4	0.1	0	0.0	0	0.0	0	0.0		
Unique Binding	Bound Only	K562	RYBP_5	0.0	0	0.0	0	0.0	0	0.0		
Unique Binding	Bound Only	K562	RYBP_5	1e-05	0	0.0	0	0.0	0	0.0		
Unique Binding	Bound Only	K562	RYBP_5	0.0001	0	0.0	0	0.0	0	0.0		
Unique Binding	Bound Only	K562	RYBP_5	0.001	0	0.0	0	0.0	0	0.0		
Unique Binding	Bound Only	K562	RYBP_5	0.01	0	0.0	0	0.0	0	0.0		
Unique Binding	Bound Only	K562	RYBP_5	0.1	0	0.0	0	0.0	0	0.0		
Unique Binding	Bound Only	K562	RYBP_6	0.0	0	0.0	0	0.0	0	0.0		
Unique Binding	Bound Only	K562	RYBP_6	1e-05	0	0.0	0	0.0	0	0.0		
Unique Binding	Bound Only	K562	RYBP_6	0.0001	0	0.0	0	0.0	0	0.0		
Unique Binding	Bound Only	K562	RYBP_6	0.001	0	0.0	0	0.0	0	0.0		
Unique Binding	Bound Only	K562	RYBP_6	0.01	0	0.0	0	0.0	0	0.0		
Unique Binding	Bound Only	K562	RYBP_6	0.1	0	0.0	0	0.0	0	0.0		
Unique Binding	Bound Only	K562	SAFB2_1	0.0	7	23.333333333333332	7	0.042774663658103104	0	0.0	0.042774663658103104	1.0
Unique Binding	Bound Only	K562	SAFB2_1	1e-05	7	23.333333333333332	7	0.042774663658103104	0	0.0	0.042774663658103104	1.0
Unique Binding	Bound Only	K562	SAFB2_1	0.0001	7	23.333333333333332	7	0.042774663658103104	0	0.0	0.042774663658103104	1.0
Unique Binding	Bound Only	K562	SAFB2_1	0.001	7	23.333333333333332	7	0.042774663658103104	0	0.0	0.042774663658103104	1.0
Unique Binding	Bound Only	K562	SAFB2_1	0.01	0	0.0	0	0.0	0	0.0		
Unique Binding	Bound Only	K562	SAFB2_1	0.1	0	0.0	0	0.0	0	0.0		
Unique Binding	Bound Only	K562	SAFB2_2	0.0	0	0.0	0	0.0	0	0.0		
Unique Binding	Bound Only	K562	SAFB2_2	1e-05	0	0.0	0	0.0	0	0.0		
Unique Binding	Bound Only	K562	SAFB2_2	0.0001	0	0.0	0	0.0	0	0.0		
Unique Binding	Bound Only	K562	SAFB2_2	0.001	0	0.0	0	0.0	0	0.0		
Unique Binding	Bound Only	K562	SAFB2_2	0.01	0	0.0	0	0.0	0	0.0		
Unique Binding	Bound Only	K562	SAFB2_2	0.1	0	0.0	0	0.0	0	0.0		
Unique Binding	Bound Only	K562	SAFB2_3	0.0	32	100.0	0	0.0	32	-4.294861450654048	-4.294861450654048	-1.0
Unique Binding	Bound Only	K562	SAFB2_3	1e-05	32	100.0	0	0.0	32	-4.294861450654048	-4.294861450654048	-1.0
Unique Binding	Bound Only	K562	SAFB2_3	0.0001	32	100.0	0	0.0	32	-4.294861450654048	-4.294861450654048	-1.0
Unique Binding	Bound Only	K562	SAFB2_3	0.001	32	100.0	0	0.0	32	-4.294861450654048	-4.294861450654048	-1.0
Unique Binding	Bound Only	K562	SAFB2_3	0.01	32	100.0	0	0.0	32	-4.294861450654048	-4.294861450654048	-1.0
Unique Binding	Bound Only	K562	SAFB2_3	0.1	16	50.0	0	0.0	16	-3.416081000584579	-3.416081000584579	-1.0
Unique Binding	Bound Only	K562	SAFB2_4	0.0	69	100.0	0	0.0	69	-0.01581484482650188	-0.01581484482650188	-1.0
Unique Binding	Bound Only	K562	SAFB2_4	1e-05	25	36.231884057971016	0	0.0	25	-0.015583415525372585	-0.015583415525372585	-1.0
Unique Binding	Bound Only	K562	SAFB2_4	0.0001	20	28.985507246376812	0	0.0	20	-0.015493006768035842	-0.015493006768035842	-1.0
Unique Binding	Bound Only	K562	SAFB2_4	0.001	0	0.0	0	0.0	0	0.0		
Unique Binding	Bound Only	K562	SAFB2_4	0.01	0	0.0	0	0.0	0	0.0		
Unique Binding	Bound Only	K562	SAFB2_4	0.1	0	0.0	0	0.0	0	0.0		
Unique Binding	Bound Only	K562	SAFB2_5	0.0	38	100.0	0	0.0	38	-1.5856036525009887	-1.5856036525009887	-1.0
Unique Binding	Bound Only	K562	SAFB2_5	1e-05	38	100.0	0	0.0	38	-1.5856036525009887	-1.5856036525009887	-1.0
Unique Binding	Bound Only	K562	SAFB2_5	0.0001	38	100.0	0	0.0	38	-1.5856036525009887	-1.5856036525009887	-1.0
Unique Binding	Bound Only	K562	SAFB2_5	0.001	38	100.0	0	0.0	38	-1.5856036525009887	-1.5856036525009887	-1.0
Unique Binding	Bound Only	K562	SAFB2_5	0.01	38	100.0	0	0.0	38	-1.5856036525009887	-1.5856036525009887	-1.0
Unique Binding	Bound Only	K562	SAFB2_5	0.1	0	0.0	0	0.0	0	0.0		
Unique Binding	Bound Only	K562	SAFB2_6	0.0	65	100.0	64	0.2057620172641225	1	-0.002928130402471138	0.20283388686165135	0.9719380101532233
Unique Binding	Bound Only	K562	SAFB2_6	1e-05	65	100.0	64	0.2057620172641225	1	-0.002928130402471138	0.20283388686165135	0.9719380101532233
Unique Binding	Bound Only	K562	SAFB2_6	0.0001	65	100.0	64	0.2057620172641225	1	-0.002928130402471138	0.20283388686165135	0.9719380101532233
Unique Binding	Bound Only	K562	SAFB2_6	0.001	60	92.3076923076923	59	0.2024499210006941	1	-0.002928130402471138	0.19952179059822295	0.9714854593033108
Unique Binding	Bound Only	K562	SAFB2_6	0.01	2	3.076923076923077	2	0.030309533828376145	0	0.0	0.030309533828376145	1.0
Unique Binding	Bound Only	K562	SAFB2_6	0.1	0	0.0	0	0.0	0	0.0		
Unique Binding	Bound Only	K562	SAFB_1	0.0	0	0.0	0	0.0	0	0.0		
Unique Binding	Bound Only	K562	SAFB_1	1e-05	0	0.0	0	0.0	0	0.0		
Unique Binding	Bound Only	K562	SAFB_1	0.0001	0	0.0	0	0.0	0	0.0		
Unique Binding	Bound Only	K562	SAFB_1	0.001	0	0.0	0	0.0	0	0.0		
Unique Binding	Bound Only	K562	SAFB_1	0.01	0	0.0	0	0.0	0	0.0		
Unique Binding	Bound Only	K562	SAFB_1	0.1	0	0.0	0	0.0	0	0.0		
Unique Binding	Bound Only	K562	SAFB_2	0.0	19	100.0	0	0.0	19	-0.08662473860416231	-0.08662473860416231	-1.0
Unique Binding	Bound Only	K562	SAFB_2	1e-05	19	100.0	0	0.0	19	-0.08662473860416231	-0.08662473860416231	-1.0
Unique Binding	Bound Only	K562	SAFB_2	0.0001	19	100.0	0	0.0	19	-0.08662473860416231	-0.08662473860416231	-1.0
Unique Binding	Bound Only	K562	SAFB_2	0.001	16	84.21052631578947	0	0.0	16	-0.08453666915355346	-0.08453666915355346	-1.0
Unique Binding	Bound Only	K562	SAFB_2	0.01	3	15.789473684210526	0	0.0	3	-0.04355117872860674	-0.04355117872860674	-1.0
Unique Binding	Bound Only	K562	SAFB_2	0.1	0	0.0	0	0.0	0	0.0		
Unique Binding	Bound Only	K562	SAFB_3	0.0	38	100.0	0	0.0	38	-8.247692228254936	-8.247692228254936	-1.0
Unique Binding	Bound Only	K562	SAFB_3	1e-05	38	100.0	0	0.0	38	-8.247692228254936	-8.247692228254936	-1.0
Unique Binding	Bound Only	K562	SAFB_3	0.0001	38	100.0	0	0.0	38	-8.247692228254936	-8.247692228254936	-1.0
Unique Binding	Bound Only	K562	SAFB_3	0.001	38	100.0	0	0.0	38	-8.247692228254936	-8.247692228254936	-1.0
Unique Binding	Bound Only	K562	SAFB_3	0.01	38	100.0	0	0.0	38	-8.247692228254936	-8.247692228254936	-1.0
Unique Binding	Bound Only	K562	SAFB_3	0.1	16	42.10526315789473	0	0.0	16	-6.9248231867747085	-6.9248231867747085	-1.0
Unique Binding	Bound Only	K562	SAFB_4	0.0	12	54.54545454545454	12	0.019445926967025042	0	0.0	0.019445926967025042	1.0
Unique Binding	Bound Only	K562	SAFB_4	1e-05	12	54.54545454545454	12	0.019445926967025042	0	0.0	0.019445926967025042	1.0
Unique Binding	Bound Only	K562	SAFB_4	0.0001	12	54.54545454545454	12	0.019445926967025042	0	0.0	0.019445926967025042	1.0
Unique Binding	Bound Only	K562	SAFB_4	0.001	12	54.54545454545454	12	0.019445926967025042	0	0.0	0.019445926967025042	1.0
Unique Binding	Bound Only	K562	SAFB_4	0.01	0	0.0	0	0.0	0	0.0		
Unique Binding	Bound Only	K562	SAFB_4	0.1	0	0.0	0	0.0	0	0.0		
Unique Binding	Bound Only	K562	SAFB_5	0.0	11	45.83333333333333	11	0.0042858927199861925	0	0.0	0.0042858927199861925	1.0
Unique Binding	Bound Only	K562	SAFB_5	1e-05	10	41.66666666666667	10	0.004279815680931095	0	0.0	0.004279815680931095	1.0
Unique Binding	Bound Only	K562	SAFB_5	0.0001	10	41.66666666666667	10	0.004279815680931095	0	0.0	0.004279815680931095	1.0
Unique Binding	Bound Only	K562	SAFB_5	0.001	0	0.0	0	0.0	0	0.0		
Unique Binding	Bound Only	K562	SAFB_5	0.01	0	0.0	0	0.0	0	0.0		
Unique Binding	Bound Only	K562	SAFB_5	0.1	0	0.0	0	0.0	0	0.0		
Unique Binding	Bound Only	K562	SAFB_6	0.0	51	100.0	42	0.007396465714964215	9	-0.015780402495875454	-0.00838393678091124	-0.3617372590913784
Unique Binding	Bound Only	K562	SAFB_6	1e-05	51	100.0	42	0.007396465714964215	9	-0.015780402495875454	-0.00838393678091124	-0.3617372590913784
Unique Binding	Bound Only	K562	SAFB_6	0.0001	45	88.23529411764706	36	0.0069711490751176615	9	-0.015780402495875454	-0.008809253420757793	-0.38719352362715653
Unique Binding	Bound Only	K562	SAFB_6	0.001	3	5.88235294117647	0	0.0	3	-0.013523730002390178	-0.013523730002390178	-1.0
Unique Binding	Bound Only	K562	SAFB_6	0.01	0	0.0	0	0.0	0	0.0		
Unique Binding	Bound Only	K562	SAFB_6	0.1	0	0.0	0	0.0	0	0.0		
Unique Binding	Bound Only	K562	SBDS_1	0.0	0		0	0.0	0	0.0		
Unique Binding	Bound Only	K562	SBDS_1	1e-05	0		0	0.0	0	0.0		
Unique Binding	Bound Only	K562	SBDS_1	0.0001	0		0	0.0	0	0.0		
Unique Binding	Bound Only	K562	SBDS_1	0.001	0		0	0.0	0	0.0		
Unique Binding	Bound Only	K562	SBDS_1	0.01	0		0	0.0	0	0.0		
Unique Binding	Bound Only	K562	SBDS_1	0.1	0		0	0.0	0	0.0		
Unique Binding	Bound Only	K562	SBDS_2	0.0	0		0	0.0	0	0.0		
Unique Binding	Bound Only	K562	SBDS_2	1e-05	0		0	0.0	0	0.0		
Unique Binding	Bound Only	K562	SBDS_2	0.0001	0		0	0.0	0	0.0		
Unique Binding	Bound Only	K562	SBDS_2	0.001	0		0	0.0	0	0.0		
Unique Binding	Bound Only	K562	SBDS_2	0.01	0		0	0.0	0	0.0		
Unique Binding	Bound Only	K562	SBDS_2	0.1	0		0	0.0	0	0.0		
Unique Binding	Bound Only	K562	SBDS_3	0.0	0		0	0.0	0	0.0		
Unique Binding	Bound Only	K562	SBDS_3	1e-05	0		0	0.0	0	0.0		
Unique Binding	Bound Only	K562	SBDS_3	0.0001	0		0	0.0	0	0.0		
Unique Binding	Bound Only	K562	SBDS_3	0.001	0		0	0.0	0	0.0		
Unique Binding	Bound Only	K562	SBDS_3	0.01	0		0	0.0	0	0.0		
Unique Binding	Bound Only	K562	SBDS_3	0.1	0		0	0.0	0	0.0		
Unique Binding	Bound Only	K562	SBDS_4	0.0	0		0	0.0	0	0.0		
Unique Binding	Bound Only	K562	SBDS_4	1e-05	0		0	0.0	0	0.0		
Unique Binding	Bound Only	K562	SBDS_4	0.0001	0		0	0.0	0	0.0		
Unique Binding	Bound Only	K562	SBDS_4	0.001	0		0	0.0	0	0.0		
Unique Binding	Bound Only	K562	SBDS_4	0.01	0		0	0.0	0	0.0		
Unique Binding	Bound Only	K562	SBDS_4	0.1	0		0	0.0	0	0.0		
Unique Binding	Bound Only	K562	SBDS_5	0.0	0		0	0.0	0	0.0		
Unique Binding	Bound Only	K562	SBDS_5	1e-05	0		0	0.0	0	0.0		
Unique Binding	Bound Only	K562	SBDS_5	0.0001	0		0	0.0	0	0.0		
Unique Binding	Bound Only	K562	SBDS_5	0.001	0		0	0.0	0	0.0		
Unique Binding	Bound Only	K562	SBDS_5	0.01	0		0	0.0	0	0.0		
Unique Binding	Bound Only	K562	SBDS_5	0.1	0		0	0.0	0	0.0		
Unique Binding	Bound Only	K562	SBDS_6	0.0	0		0	0.0	0	0.0		
Unique Binding	Bound Only	K562	SBDS_6	1e-05	0		0	0.0	0	0.0		
Unique Binding	Bound Only	K562	SBDS_6	0.0001	0		0	0.0	0	0.0		
Unique Binding	Bound Only	K562	SBDS_6	0.001	0		0	0.0	0	0.0		
Unique Binding	Bound Only	K562	SBDS_6	0.01	0		0	0.0	0	0.0		
Unique Binding	Bound Only	K562	SBDS_6	0.1	0		0	0.0	0	0.0		
Unique Binding	Bound Only	K562	SDAD1_1	0.0	0	0.0	0	0.0	0	0.0		
Unique Binding	Bound Only	K562	SDAD1_1	1e-05	0	0.0	0	0.0	0	0.0		
Unique Binding	Bound Only	K562	SDAD1_1	0.0001	0	0.0	0	0.0	0	0.0		
Unique Binding	Bound Only	K562	SDAD1_1	0.001	0	0.0	0	0.0	0	0.0		
Unique Binding	Bound Only	K562	SDAD1_1	0.01	0	0.0	0	0.0	0	0.0		
Unique Binding	Bound Only	K562	SDAD1_1	0.1	0	0.0	0	0.0	0	0.0		
Unique Binding	Bound Only	K562	SDAD1_2	0.0	0	0.0	0	0.0	0	0.0		
Unique Binding	Bound Only	K562	SDAD1_2	1e-05	0	0.0	0	0.0	0	0.0		
Unique Binding	Bound Only	K562	SDAD1_2	0.0001	0	0.0	0	0.0	0	0.0		
Unique Binding	Bound Only	K562	SDAD1_2	0.001	0	0.0	0	0.0	0	0.0		
Unique Binding	Bound Only	K562	SDAD1_2	0.01	0	0.0	0	0.0	0	0.0		
Unique Binding	Bound Only	K562	SDAD1_2	0.1	0	0.0	0	0.0	0	0.0		
Unique Binding	Bound Only	K562	SDAD1_3	0.0	0	0.0	0	0.0	0	0.0		
Unique Binding	Bound Only	K562	SDAD1_3	1e-05	0	0.0	0	0.0	0	0.0		
Unique Binding	Bound Only	K562	SDAD1_3	0.0001	0	0.0	0	0.0	0	0.0		
Unique Binding	Bound Only	K562	SDAD1_3	0.001	0	0.0	0	0.0	0	0.0		
Unique Binding	Bound Only	K562	SDAD1_3	0.01	0	0.0	0	0.0	0	0.0		
Unique Binding	Bound Only	K562	SDAD1_3	0.1	0	0.0	0	0.0	0	0.0		
Unique Binding	Bound Only	K562	SDAD1_4	0.0	0	0.0	0	0.0	0	0.0		
Unique Binding	Bound Only	K562	SDAD1_4	1e-05	0	0.0	0	0.0	0	0.0		
Unique Binding	Bound Only	K562	SDAD1_4	0.0001	0	0.0	0	0.0	0	0.0		
Unique Binding	Bound Only	K562	SDAD1_4	0.001	0	0.0	0	0.0	0	0.0		
Unique Binding	Bound Only	K562	SDAD1_4	0.01	0	0.0	0	0.0	0	0.0		
Unique Binding	Bound Only	K562	SDAD1_4	0.1	0	0.0	0	0.0	0	0.0		
Unique Binding	Bound Only	K562	SDAD1_5	0.0	0	0.0	0	0.0	0	0.0		
Unique Binding	Bound Only	K562	SDAD1_5	1e-05	0	0.0	0	0.0	0	0.0		
Unique Binding	Bound Only	K562	SDAD1_5	0.0001	0	0.0	0	0.0	0	0.0		
Unique Binding	Bound Only	K562	SDAD1_5	0.001	0	0.0	0	0.0	0	0.0		
Unique Binding	Bound Only	K562	SDAD1_5	0.01	0	0.0	0	0.0	0	0.0		
Unique Binding	Bound Only	K562	SDAD1_5	0.1	0	0.0	0	0.0	0	0.0		
Unique Binding	Bound Only	K562	SDAD1_6	0.0	0	0.0	0	0.0	0	0.0		
Unique Binding	Bound Only	K562	SDAD1_6	1e-05	0	0.0	0	0.0	0	0.0		
Unique Binding	Bound Only	K562	SDAD1_6	0.0001	0	0.0	0	0.0	0	0.0		
Unique Binding	Bound Only	K562	SDAD1_6	0.001	0	0.0	0	0.0	0	0.0		
Unique Binding	Bound Only	K562	SDAD1_6	0.01	0	0.0	0	0.0	0	0.0		
Unique Binding	Bound Only	K562	SDAD1_6	0.1	0	0.0	0	0.0	0	0.0		
Unique Binding	Bound Only	K562	SERBP1_1	0.0	95	49.47916666666667	0	0.0	95	-0.0023380774804961472	-0.0023380774804961472	-1.0
Unique Binding	Bound Only	K562	SERBP1_1	1e-05	13	6.770833333333333	0	0.0	13	-0.0022769332097850883	-0.0022769332097850883	-1.0
Unique Binding	Bound Only	K562	SERBP1_1	0.0001	13	6.770833333333333	0	0.0	13	-0.0022769332097850883	-0.0022769332097850883	-1.0
Unique Binding	Bound Only	K562	SERBP1_1	0.001	0	0.0	0	0.0	0	0.0		
Unique Binding	Bound Only	K562	SERBP1_1	0.01	0	0.0	0	0.0	0	0.0		
Unique Binding	Bound Only	K562	SERBP1_1	0.1	0	0.0	0	0.0	0	0.0		
Unique Binding	Bound Only	K562	SERBP1_2	0.0	148	100.0	128	1.7463237166823675	20	-0.08506524151336158	1.661258475169006	0.9071030311363599
Unique Binding	Bound Only	K562	SERBP1_2	1e-05	148	100.0	128	1.7463237166823675	20	-0.08506524151336158	1.661258475169006	0.9071030311363599
Unique Binding	Bound Only	K562	SERBP1_2	0.0001	140	94.5945945945946	128	1.7463237166823675	12	-0.08455120793033964	1.6617725087520279	0.9076384664034599
Unique Binding	Bound Only	K562	SERBP1_2	0.001	130	87.83783783783784	120	1.7401754518335468	10	-0.0839484783499574	1.6562269734835895	0.9079574836326912
Unique Binding	Bound Only	K562	SERBP1_2	0.01	64	43.24324324324324	59	1.3855173012837245	5	-0.05446219659100756	1.331055104692717	0.9243569833162371
Unique Binding	Bound Only	K562	SERBP1_2	0.1	0	0.0	0	0.0	0	0.0		
Unique Binding	Bound Only	K562	SERBP1_3	0.0	171	100.0	7	2.4832847882347674e-05	164	-0.232631296741398	-0.23260646389351566	-0.9997865274564123
Unique Binding	Bound Only	K562	SERBP1_3	1e-05	98	57.30994152046783	0	0.0	98	-0.23225153596248058	-0.23225153596248058	-1.0
Unique Binding	Bound Only	K562	SERBP1_3	0.0001	50	29.239766081871345	0	0.0	50	-0.23118762575935564	-0.23118762575935564	-1.0
Unique Binding	Bound Only	K562	SERBP1_3	0.001	38	22.22222222222222	0	0.0	38	-0.2243805628281905	-0.2243805628281905	-1.0
Unique Binding	Bound Only	K562	SERBP1_3	0.01	11	6.432748538011696	0	0.0	11	-0.16240994534215716	-0.16240994534215716	-1.0
Unique Binding	Bound Only	K562	SERBP1_3	0.1	0	0.0	0	0.0	0	0.0		
Unique Binding	Bound Only	K562	SERBP1_4	0.0	0	0.0	0	0.0	0	0.0		
Unique Binding	Bound Only	K562	SERBP1_4	1e-05	0	0.0	0	0.0	0	0.0		
Unique Binding	Bound Only	K562	SERBP1_4	0.0001	0	0.0	0	0.0	0	0.0		
Unique Binding	Bound Only	K562	SERBP1_4	0.001	0	0.0	0	0.0	0	0.0		
Unique Binding	Bound Only	K562	SERBP1_4	0.01	0	0.0	0	0.0	0	0.0		
Unique Binding	Bound Only	K562	SERBP1_4	0.1	0	0.0	0	0.0	0	0.0		
Unique Binding	Bound Only	K562	SERBP1_5	0.0	116	100.0	0	0.0	116	-1.3836163915643027	-1.3836163915643027	-1.0
Unique Binding	Bound Only	K562	SERBP1_5	1e-05	116	100.0	0	0.0	116	-1.3836163915643027	-1.3836163915643027	-1.0
Unique Binding	Bound Only	K562	SERBP1_5	0.0001	97	83.62068965517241	0	0.0	97	-1.3821451718940805	-1.3821451718940805	-1.0
Unique Binding	Bound Only	K562	SERBP1_5	0.001	65	56.03448275862068	0	0.0	65	-1.3766294650375375	-1.3766294650375375	-1.0
Unique Binding	Bound Only	K562	SERBP1_5	0.01	24	20.689655172413794	0	0.0	24	-1.2381552052536675	-1.2381552052536675	-1.0
Unique Binding	Bound Only	K562	SERBP1_5	0.1	0	0.0	0	0.0	0	0.0		
Unique Binding	Bound Only	K562	SERBP1_6	0.0	99	100.0	0	0.0	99	-0.004889121228680349	-0.004889121228680349	-1.0
Unique Binding	Bound Only	K562	SERBP1_6	1e-05	41	41.41414141414141	0	0.0	41	-0.004485871001148855	-0.004485871001148855	-1.0
Unique Binding	Bound Only	K562	SERBP1_6	0.0001	18	18.181818181818183	0	0.0	18	-0.004211687272712736	-0.004211687272712736	-1.0
Unique Binding	Bound Only	K562	SERBP1_6	0.001	0	0.0	0	0.0	0	0.0		
Unique Binding	Bound Only	K562	SERBP1_6	0.01	0	0.0	0	0.0	0	0.0		
Unique Binding	Bound Only	K562	SERBP1_6	0.1	0	0.0	0	0.0	0	0.0		
Unique Binding	Bound Only	K562	SF3B1_1	0.0	0	0.0	0	0.0	0	0.0		
Unique Binding	Bound Only	K562	SF3B1_1	1e-05	0	0.0	0	0.0	0	0.0		
Unique Binding	Bound Only	K562	SF3B1_1	0.0001	0	0.0	0	0.0	0	0.0		
Unique Binding	Bound Only	K562	SF3B1_1	0.001	0	0.0	0	0.0	0	0.0		
Unique Binding	Bound Only	K562	SF3B1_1	0.01	0	0.0	0	0.0	0	0.0		
Unique Binding	Bound Only	K562	SF3B1_1	0.1	0	0.0	0	0.0	0	0.0		
Unique Binding	Bound Only	K562	SF3B1_2	0.0	0	0.0	0	0.0	0	0.0		
Unique Binding	Bound Only	K562	SF3B1_2	1e-05	0	0.0	0	0.0	0	0.0		
Unique Binding	Bound Only	K562	SF3B1_2	0.0001	0	0.0	0	0.0	0	0.0		
Unique Binding	Bound Only	K562	SF3B1_2	0.001	0	0.0	0	0.0	0	0.0		
Unique Binding	Bound Only	K562	SF3B1_2	0.01	0	0.0	0	0.0	0	0.0		
Unique Binding	Bound Only	K562	SF3B1_2	0.1	0	0.0	0	0.0	0	0.0		
Unique Binding	Bound Only	K562	SF3B1_3	0.0	0	0.0	0	0.0	0	0.0		
Unique Binding	Bound Only	K562	SF3B1_3	1e-05	0	0.0	0	0.0	0	0.0		
Unique Binding	Bound Only	K562	SF3B1_3	0.0001	0	0.0	0	0.0	0	0.0		
Unique Binding	Bound Only	K562	SF3B1_3	0.001	0	0.0	0	0.0	0	0.0		
Unique Binding	Bound Only	K562	SF3B1_3	0.01	0	0.0	0	0.0	0	0.0		
Unique Binding	Bound Only	K562	SF3B1_3	0.1	0	0.0	0	0.0	0	0.0		
Unique Binding	Bound Only	K562	SF3B1_4	0.0	0		0	0.0	0	0.0		
Unique Binding	Bound Only	K562	SF3B1_4	1e-05	0		0	0.0	0	0.0		
Unique Binding	Bound Only	K562	SF3B1_4	0.0001	0		0	0.0	0	0.0		
Unique Binding	Bound Only	K562	SF3B1_4	0.001	0		0	0.0	0	0.0		
Unique Binding	Bound Only	K562	SF3B1_4	0.01	0		0	0.0	0	0.0		
Unique Binding	Bound Only	K562	SF3B1_4	0.1	0		0	0.0	0	0.0		
Unique Binding	Bound Only	K562	SF3B1_5	0.0	193	100.0	0	0.0	193	-2.5198795513489687	-2.5198795513489687	-1.0
Unique Binding	Bound Only	K562	SF3B1_5	1e-05	193	100.0	0	0.0	193	-2.5198795513489687	-2.5198795513489687	-1.0
Unique Binding	Bound Only	K562	SF3B1_5	0.0001	193	100.0	0	0.0	193	-2.5198795513489687	-2.5198795513489687	-1.0
Unique Binding	Bound Only	K562	SF3B1_5	0.001	112	58.03108808290155	0	0.0	112	-2.4826201509846886	-2.4826201509846886	-1.0
Unique Binding	Bound Only	K562	SF3B1_5	0.01	60	31.088082901554404	0	0.0	60	-2.391023383926465	-2.391023383926465	-1.0
Unique Binding	Bound Only	K562	SF3B1_5	0.1	0	0.0	0	0.0	0	0.0		
Unique Binding	Bound Only	K562	SF3B1_6	0.0	0		0	0.0	0	0.0		
Unique Binding	Bound Only	K562	SF3B1_6	1e-05	0		0	0.0	0	0.0		
Unique Binding	Bound Only	K562	SF3B1_6	0.0001	0		0	0.0	0	0.0		
Unique Binding	Bound Only	K562	SF3B1_6	0.001	0		0	0.0	0	0.0		
Unique Binding	Bound Only	K562	SF3B1_6	0.01	0		0	0.0	0	0.0		
Unique Binding	Bound Only	K562	SF3B1_6	0.1	0		0	0.0	0	0.0		
Unique Binding	Bound Only	K562	SF3B4_1	0.0	18548	100.0	16661	27.720188440558502	1887	-5.907813235166277	21.812375205392225	0.6486372700860795
Unique Binding	Bound Only	K562	SF3B4_1	1e-05	18491	99.69268923873193	16627	27.72003984716568	1864	-5.9077261462695585	21.81231370089612	0.6486399871211869
Unique Binding	Bound Only	K562	SF3B4_1	0.0001	18088	97.5199482423981	16420	27.709497404924168	1668	-5.8970216925334515	21.812475712390714	0.6490548946511053
Unique Binding	Bound Only	K562	SF3B4_1	0.001	11015	59.38645676083675	10067	23.65302834123306	948	-5.571251394103728	18.081776947129335	0.6187244685201121
Unique Binding	Bound Only	K562	SF3B4_1	0.01	232	1.2508087125296528	114	2.1079144225500035	118	-2.6390652204573266	-0.5311507979073231	-0.11189236901189359
Unique Binding	Bound Only	K562	SF3B4_1	0.1	0	0.0	0	0.0	0	0.0		
Unique Binding	Bound Only	K562	SF3B4_2	0.0	3426	100.0	0	0.0	3426	-67.57351875600115	-67.57351875600115	-1.0
Unique Binding	Bound Only	K562	SF3B4_2	1e-05	3426	100.0	0	0.0	3426	-67.57351875600115	-67.57351875600115	-1.0
Unique Binding	Bound Only	K562	SF3B4_2	0.0001	3426	100.0	0	0.0	3426	-67.57351875600115	-67.57351875600115	-1.0
Unique Binding	Bound Only	K562	SF3B4_2	0.001	3426	100.0	0	0.0	3426	-67.57351875600115	-67.57351875600115	-1.0
Unique Binding	Bound Only	K562	SF3B4_2	0.01	2196	64.09807355516638	0	0.0	2196	-58.59679992491155	-58.59679992491155	-1.0
Unique Binding	Bound Only	K562	SF3B4_2	0.1	15	0.43782837127845886	0	0.0	15	-1.7390462731472391	-1.7390462731472391	-1.0
Unique Binding	Bound Only	K562	SF3B4_3	0.0	23842	100.0	23842	1254.0394262896668	0	0.0	1254.0394262896668	1.0
Unique Binding	Bound Only	K562	SF3B4_3	1e-05	23842	100.0	23842	1254.0394262896668	0	0.0	1254.0394262896668	1.0
Unique Binding	Bound Only	K562	SF3B4_3	0.0001	23842	100.0	23842	1254.0394262896668	0	0.0	1254.0394262896668	1.0
Unique Binding	Bound Only	K562	SF3B4_3	0.001	23842	100.0	23842	1254.0394262896668	0	0.0	1254.0394262896668	1.0
Unique Binding	Bound Only	K562	SF3B4_3	0.01	23751	99.61832061068702	23751	1253.258202591458	0	0.0	1253.258202591458	1.0
Unique Binding	Bound Only	K562	SF3B4_3	0.1	1808	7.583256438218271	1808	217.11262178840212	0	0.0	217.11262178840212	1.0
Unique Binding	Bound Only	K562	SF3B4_4	0.0	3228	100.0	66	0.0764953326174135	3162	-11.666772611314894	-11.59027727869748	-0.9869720536084781
Unique Binding	Bound Only	K562	SF3B4_4	1e-05	3228	100.0	66	0.0764953326174135	3162	-11.666772611314894	-11.59027727869748	-0.9869720536084781
Unique Binding	Bound Only	K562	SF3B4_4	0.0001	3221	99.78314745972739	61	0.07631205703924436	3160	-11.666620809663126	-11.590308752623882	-0.9870028964815714
Unique Binding	Bound Only	K562	SF3B4_4	0.001	2546	78.8723667905824	26	0.06308745920491282	2520	-11.270954852050457	-11.207867392845543	-0.9888676153710377
Unique Binding	Bound Only	K562	SF3B4_4	0.01	182	5.63816604708798	0	0.0	182	-3.453273780942882	-3.453273780942882	-1.0
Unique Binding	Bound Only	K562	SF3B4_4	0.1	1	0.030978934324659233	0	0.0	1	-0.11138899680721745	-0.11138899680721745	-1.0
Unique Binding	Bound Only	K562	SF3B4_5	0.0	36063	100.0	185	0.5791274740985299	35878	-412.48164243763796	-411.90251496353943	-0.9971959211995742
Unique Binding	Bound Only	K562	SF3B4_5	1e-05	36063	100.0	185	0.5791274740985299	35878	-412.48164243763796	-411.90251496353943	-0.9971959211995742
Unique Binding	Bound Only	K562	SF3B4_5	0.0001	36052	99.96949782325375	181	0.5789479102536599	35871	-412.4813612061797	-411.90241329592607	-0.9971967875030546
Unique Binding	Bound Only	K562	SF3B4_5	0.001	35837	99.3733189141225	142	0.5615713003258247	35695	-412.3578039239983	-411.79623262367244	-0.9972799953985169
Unique Binding	Bound Only	K562	SF3B4_5	0.01	16055	44.519313423730694	11	0.17261935784755822	16044	-292.1274973903959	-291.9548780325483	-0.9988188895730327
Unique Binding	Bound Only	K562	SF3B4_5	0.1	0	0.0	0	0.0	0	0.0		
Unique Binding	Bound Only	K562	SF3B4_6	0.0	2692	100.0	132	0.07600379538159881	2560	-3.6548229513850843	-3.5788191560034854	-0.9592563254525461
Unique Binding	Bound Only	K562	SF3B4_6	1e-05	2690	99.92570579494799	132	0.07600379538159881	2558	-3.654817544024721	-3.578813748643122	-0.9592562663996699
Unique Binding	Bound Only	K562	SF3B4_6	0.0001	2629	97.65973254086181	110	0.07494494376809412	2519	-3.65230310188629	-3.5773581581181957	-0.9597853736321773
Unique Binding	Bound Only	K562	SF3B4_6	0.001	887	32.949479940564636	12	0.03229265076355789	875	-2.9586801832882133	-2.9263875325246556	-0.9784065903936601
Unique Binding	Bound Only	K562	SF3B4_6	0.01	54	2.0059435364041605	0	0.0	54	-0.8131582528872817	-0.8131582528872817	-1.0
Unique Binding	Bound Only	K562	SF3B4_6	0.1	0	0.0	0	0.0	0	0.0		
Unique Binding	Bound Only	K562	SLBP_1	0.0	0	0.0	0	0.0	0	0.0		
Unique Binding	Bound Only	K562	SLBP_1	1e-05	0	0.0	0	0.0	0	0.0		
Unique Binding	Bound Only	K562	SLBP_1	0.0001	0	0.0	0	0.0	0	0.0		
Unique Binding	Bound Only	K562	SLBP_1	0.001	0	0.0	0	0.0	0	0.0		
Unique Binding	Bound Only	K562	SLBP_1	0.01	0	0.0	0	0.0	0	0.0		
Unique Binding	Bound Only	K562	SLBP_1	0.1	0	0.0	0	0.0	0	0.0		
Unique Binding	Bound Only	K562	SLBP_2	0.0	0	0.0	0	0.0	0	0.0		
Unique Binding	Bound Only	K562	SLBP_2	1e-05	0	0.0	0	0.0	0	0.0		
Unique Binding	Bound Only	K562	SLBP_2	0.0001	0	0.0	0	0.0	0	0.0		
Unique Binding	Bound Only	K562	SLBP_2	0.001	0	0.0	0	0.0	0	0.0		
Unique Binding	Bound Only	K562	SLBP_2	0.01	0	0.0	0	0.0	0	0.0		
Unique Binding	Bound Only	K562	SLBP_2	0.1	0	0.0	0	0.0	0	0.0		
Unique Binding	Bound Only	K562	SLBP_3	0.0	0		0	0.0	0	0.0		
Unique Binding	Bound Only	K562	SLBP_3	1e-05	0		0	0.0	0	0.0		
Unique Binding	Bound Only	K562	SLBP_3	0.0001	0		0	0.0	0	0.0		
Unique Binding	Bound Only	K562	SLBP_3	0.001	0		0	0.0	0	0.0		
Unique Binding	Bound Only	K562	SLBP_3	0.01	0		0	0.0	0	0.0		
Unique Binding	Bound Only	K562	SLBP_3	0.1	0		0	0.0	0	0.0		
Unique Binding	Bound Only	K562	SLBP_4	0.0	0		0	0.0	0	0.0		
Unique Binding	Bound Only	K562	SLBP_4	1e-05	0		0	0.0	0	0.0		
Unique Binding	Bound Only	K562	SLBP_4	0.0001	0		0	0.0	0	0.0		
Unique Binding	Bound Only	K562	SLBP_4	0.001	0		0	0.0	0	0.0		
Unique Binding	Bound Only	K562	SLBP_4	0.01	0		0	0.0	0	0.0		
Unique Binding	Bound Only	K562	SLBP_4	0.1	0		0	0.0	0	0.0		
Unique Binding	Bound Only	K562	SLBP_5	0.0	0		0	0.0	0	0.0		
Unique Binding	Bound Only	K562	SLBP_5	1e-05	0		0	0.0	0	0.0		
Unique Binding	Bound Only	K562	SLBP_5	0.0001	0		0	0.0	0	0.0		
Unique Binding	Bound Only	K562	SLBP_5	0.001	0		0	0.0	0	0.0		
Unique Binding	Bound Only	K562	SLBP_5	0.01	0		0	0.0	0	0.0		
Unique Binding	Bound Only	K562	SLBP_5	0.1	0		0	0.0	0	0.0		
Unique Binding	Bound Only	K562	SLBP_6	0.0	0	0.0	0	0.0	0	0.0		
Unique Binding	Bound Only	K562	SLBP_6	1e-05	0	0.0	0	0.0	0	0.0		
Unique Binding	Bound Only	K562	SLBP_6	0.0001	0	0.0	0	0.0	0	0.0		
Unique Binding	Bound Only	K562	SLBP_6	0.001	0	0.0	0	0.0	0	0.0		
Unique Binding	Bound Only	K562	SLBP_6	0.01	0	0.0	0	0.0	0	0.0		
Unique Binding	Bound Only	K562	SLBP_6	0.1	0	0.0	0	0.0	0	0.0		
Unique Binding	Bound Only	K562	SLTM_1	0.0	333	100.0	333	6.040034854014945	0	0.0	6.040034854014945	1.0
Unique Binding	Bound Only	K562	SLTM_1	1e-05	333	100.0	333	6.040034854014945	0	0.0	6.040034854014945	1.0
Unique Binding	Bound Only	K562	SLTM_1	0.0001	333	100.0	333	6.040034854014945	0	0.0	6.040034854014945	1.0
Unique Binding	Bound Only	K562	SLTM_1	0.001	333	100.0	333	6.040034854014945	0	0.0	6.040034854014945	1.0
Unique Binding	Bound Only	K562	SLTM_1	0.01	227	68.16816816816817	227	5.125555176560349	0	0.0	5.125555176560349	1.0
Unique Binding	Bound Only	K562	SLTM_1	0.1	0	0.0	0	0.0	0	0.0		
Unique Binding	Bound Only	K562	SLTM_2	0.0	483	100.0	0	0.0	483	-0.22971570997490065	-0.22971570997490065	-1.0
Unique Binding	Bound Only	K562	SLTM_2	1e-05	315	65.21739130434783	0	0.0	315	-0.22902345665632104	-0.22902345665632104	-1.0
Unique Binding	Bound Only	K562	SLTM_2	0.0001	149	30.848861283643892	0	0.0	149	-0.2249764522236072	-0.2249764522236072	-1.0
Unique Binding	Bound Only	K562	SLTM_2	0.001	69	14.285714285714285	0	0.0	69	-0.18513664461769716	-0.18513664461769716	-1.0
Unique Binding	Bound Only	K562	SLTM_2	0.01	0	0.0	0	0.0	0	0.0		
Unique Binding	Bound Only	K562	SLTM_2	0.1	0	0.0	0	0.0	0	0.0		
Unique Binding	Bound Only	K562	SLTM_3	0.0	274	100.0	0	0.0	274	-10.875263349360047	-10.875263349360047	-1.0
Unique Binding	Bound Only	K562	SLTM_3	1e-05	274	100.0	0	0.0	274	-10.875263349360047	-10.875263349360047	-1.0
Unique Binding	Bound Only	K562	SLTM_3	0.0001	274	100.0	0	0.0	274	-10.875263349360047	-10.875263349360047	-1.0
Unique Binding	Bound Only	K562	SLTM_3	0.001	274	100.0	0	0.0	274	-10.875263349360047	-10.875263349360047	-1.0
Unique Binding	Bound Only	K562	SLTM_3	0.01	242	88.32116788321169	0	0.0	242	-10.586924693102864	-10.586924693102864	-1.0
Unique Binding	Bound Only	K562	SLTM_3	0.1	20	7.2992700729927	0	0.0	20	-2.527402544877927	-2.527402544877927	-1.0
Unique Binding	Bound Only	K562	SLTM_4	0.0	227	100.0	0	0.0	227	-0.1571619046030006	-0.1571619046030006	-1.0
Unique Binding	Bound Only	K562	SLTM_4	1e-05	205	90.30837004405286	0	0.0	205	-0.1570139576237571	-0.1570139576237571	-1.0
Unique Binding	Bound Only	K562	SLTM_4	0.0001	44	19.383259911894275	0	0.0	44	-0.15332987803439	-0.15332987803439	-1.0
Unique Binding	Bound Only	K562	SLTM_4	0.001	26	11.45374449339207	0	0.0	26	-0.1400094680350446	-0.1400094680350446	-1.0
Unique Binding	Bound Only	K562	SLTM_4	0.01	6	2.643171806167401	0	0.0	6	-0.10679791015278273	-0.10679791015278273	-1.0
Unique Binding	Bound Only	K562	SLTM_4	0.1	0	0.0	0	0.0	0	0.0		
Unique Binding	Bound Only	K562	SLTM_5	0.0	106	100.0	106	0.9243506743518958	0	0.0	0.9243506743518958	1.0
Unique Binding	Bound Only	K562	SLTM_5	1e-05	106	100.0	106	0.9243506743518958	0	0.0	0.9243506743518958	1.0
Unique Binding	Bound Only	K562	SLTM_5	0.0001	106	100.0	106	0.9243506743518958	0	0.0	0.9243506743518958	1.0
Unique Binding	Bound Only	K562	SLTM_5	0.001	106	100.0	106	0.9243506743518958	0	0.0	0.9243506743518958	1.0
Unique Binding	Bound Only	K562	SLTM_5	0.01	42	39.62264150943396	42	0.6364867572528905	0	0.0	0.6364867572528905	1.0
Unique Binding	Bound Only	K562	SLTM_5	0.1	0	0.0	0	0.0	0	0.0		
Unique Binding	Bound Only	K562	SLTM_6	0.0	105	100.0	0	0.0	105	-0.03970690449392282	-0.03970690449392282	-1.0
Unique Binding	Bound Only	K562	SLTM_6	1e-05	105	100.0	0	0.0	105	-0.03970690449392282	-0.03970690449392282	-1.0
Unique Binding	Bound Only	K562	SLTM_6	0.0001	27	25.71428571428571	0	0.0	27	-0.036055568690293714	-0.036055568690293714	-1.0
Unique Binding	Bound Only	K562	SLTM_6	0.001	21	20.0	0	0.0	21	-0.030693783327692598	-0.030693783327692598	-1.0
Unique Binding	Bound Only	K562	SLTM_6	0.01	0	0.0	0	0.0	0	0.0		
Unique Binding	Bound Only	K562	SLTM_6	0.1	0	0.0	0	0.0	0	0.0		
Unique Binding	Bound Only	K562	SMNDC1_1	0.0	2391	100.0	35	0.043018950549566816	2356	-1.3261513628118395	-1.2831324122622727	-0.9371605560977255
Unique Binding	Bound Only	K562	SMNDC1_1	1e-05	2391	100.0	35	0.043018950549566816	2356	-1.3261513628118395	-1.2831324122622727	-0.9371605560977255
Unique Binding	Bound Only	K562	SMNDC1_1	0.0001	1831	76.5788373065663	35	0.043018950549566816	1796	-1.2894480355827063	-1.2464290850331394	-0.935429618898946
Unique Binding	Bound Only	K562	SMNDC1_1	0.001	349	14.596403178586364	14	0.030501566978679777	335	-0.8598354758794643	-0.8293339089007845	-0.9314831001959344
Unique Binding	Bound Only	K562	SMNDC1_1	0.01	3	0.12547051442910914	0	0.0	3	-0.03420766748426393	-0.03420766748426393	-1.0
Unique Binding	Bound Only	K562	SMNDC1_1	0.1	0	0.0	0	0.0	0	0.0		
Unique Binding	Bound Only	K562	SMNDC1_2	0.0	1387	100.0	1381	18.229842631348127	6	-0.05196384065087927	18.17787879069725	0.9943152400469323
Unique Binding	Bound Only	K562	SMNDC1_2	1e-05	1387	100.0	1381	18.229842631348127	6	-0.05196384065087927	18.17787879069725	0.9943152400469323
Unique Binding	Bound Only	K562	SMNDC1_2	0.0001	1387	100.0	1381	18.229842631348127	6	-0.05196384065087927	18.17787879069725	0.9943152400469323
Unique Binding	Bound Only	K562	SMNDC1_2	0.001	1387	100.0	1381	18.229842631348127	6	-0.05196384065087927	18.17787879069725	0.9943152400469323
Unique Binding	Bound Only	K562	SMNDC1_2	0.01	783	56.45277577505408	782	13.798206482257648	1	-0.010066173430028072	13.78814030882762	0.9985420083045823
Unique Binding	Bound Only	K562	SMNDC1_2	0.1	0	0.0	0	0.0	0	0.0		
Unique Binding	Bound Only	K562	SMNDC1_3	0.0	2999	100.0	1926	3.4371923906347757	1073	-1.0484107346520488	2.3887816559827266	0.5325441393859337
Unique Binding	Bound Only	K562	SMNDC1_3	1e-05	2943	98.13271090363455	1892	3.437004783929514	1051	-1.0483140276306382	2.388690756298876	0.5325576300490455
Unique Binding	Bound Only	K562	SMNDC1_3	0.0001	1845	61.52050683561187	965	3.3898124643216523	880	-1.0380540160379137	2.3517584482837384	0.5311267760026863
Unique Binding	Bound Only	K562	SMNDC1_3	0.001	851	28.376125375125046	560	3.265644192397789	291	-0.7593561782753937	2.5062880141223953	0.6226801946115642
Unique Binding	Bound Only	K562	SMNDC1_3	0.01	79	2.6342114038012667	74	0.9900874137975593	5	-0.05938250564486647	0.9307049081526928	0.8868333345344174
Unique Binding	Bound Only	K562	SMNDC1_3	0.1	0	0.0	0	0.0	0	0.0		
Unique Binding	Bound Only	K562	SMNDC1_4	0.0	919	100.0	0	0.0	919	-27.318389339479197	-27.318389339479197	-1.0
Unique Binding	Bound Only	K562	SMNDC1_4	1e-05	919	100.0	0	0.0	919	-27.318389339479197	-27.318389339479197	-1.0
Unique Binding	Bound Only	K562	SMNDC1_4	0.0001	919	100.0	0	0.0	919	-27.318389339479197	-27.318389339479197	-1.0
Unique Binding	Bound Only	K562	SMNDC1_4	0.001	919	100.0	0	0.0	919	-27.318389339479197	-27.318389339479197	-1.0
Unique Binding	Bound Only	K562	SMNDC1_4	0.01	845	91.94776931447225	0	0.0	845	-26.705437670507184	-26.705437670507184	-1.0
Unique Binding	Bound Only	K562	SMNDC1_4	0.1	0	0.0	0	0.0	0	0.0		
Unique Binding	Bound Only	K562	SMNDC1_5	0.0	4261	100.0	2243	5.35949689160441	2018	-1.517356757374725	3.842140134229685	0.5587061075234673
Unique Binding	Bound Only	K562	SMNDC1_5	1e-05	4155	97.51232105139638	2193	5.35922926825023	1962	-1.517010098544853	3.842219169705377	0.5587675129896155
Unique Binding	Bound Only	K562	SMNDC1_5	0.0001	2774	65.10208871157005	1382	5.304231564605091	1392	-1.487216278391949	3.8170152862131426	0.5620326290437516
Unique Binding	Bound Only	K562	SMNDC1_5	0.001	933	21.896268481577096	654	5.13134710932172	279	-1.1429365197748462	3.9884105895468736	0.6356758516702831
Unique Binding	Bound Only	K562	SMNDC1_5	0.01	223	5.233513259798169	186	3.410376801878583	37	-0.4998871959462198	2.910489605932363	0.7443204877091181
Unique Binding	Bound Only	K562	SMNDC1_5	0.1	0	0.0	0	0.0	0	0.0		
Unique Binding	Bound Only	K562	SMNDC1_6	0.0	704	100.0	199	0.08151534870889678	505	-0.05774370359287469	0.02377164511602209	0.17070089680424816
Unique Binding	Bound Only	K562	SMNDC1_6	1e-05	428	60.79545454545454	92	0.08122834395429969	336	-0.05687148350313331	0.024356860451166376	0.17637140393005907
Unique Binding	Bound Only	K562	SMNDC1_6	0.0001	116	16.477272727272727	49	0.08033066066817783	67	-0.04911059000085307	0.03122007066732476	0.24119104617701467
Unique Binding	Bound Only	K562	SMNDC1_6	0.001	33	4.6875	25	0.06043738141631449	8	-0.013042060150943363	0.047395321265371125	0.6450147177831886
Unique Binding	Bound Only	K562	SMNDC1_6	0.01	0	0.0	0	0.0	0	0.0		
Unique Binding	Bound Only	K562	SMNDC1_6	0.1	0	0.0	0	0.0	0	0.0		
Unique Binding	Bound Only	K562	SND1_1	0.0	2924	100.0	9	0.01178923455939811	2915	-28.279829365475138	-28.26804013091574	-0.9991665917227243
Unique Binding	Bound Only	K562	SND1_1	1e-05	2924	100.0	9	0.01178923455939811	2915	-28.279829365475138	-28.26804013091574	-0.9991665917227243
Unique Binding	Bound Only	K562	SND1_1	0.0001	2924	100.0	9	0.01178923455939811	2915	-28.279829365475138	-28.26804013091574	-0.9991665917227243
Unique Binding	Bound Only	K562	SND1_1	0.001	2921	99.89740082079344	8	0.011028550410103016	2913	-28.278453976893864	-28.26742542648376	-0.9992203073775239
Unique Binding	Bound Only	K562	SND1_1	0.01	808	27.63337893296854	0	0.0	808	-16.51874209169496	-16.51874209169496	-1.0
Unique Binding	Bound Only	K562	SND1_1	0.1	0	0.0	0	0.0	0	0.0		
Unique Binding	Bound Only	K562	SND1_2	0.0	3892	100.0	35	0.06388457513811129	3857	-39.358153259527285	-39.29426868438917	-0.9967589410062442
Unique Binding	Bound Only	K562	SND1_2	1e-05	3892	100.0	35	0.06388457513811129	3857	-39.358153259527285	-39.29426868438917	-0.9967589410062442
Unique Binding	Bound Only	K562	SND1_2	0.0001	3884	99.79445015416239	29	0.06345284647529864	3855	-39.35807894014786	-39.29462609367256	-0.9967808025919058
Unique Binding	Bound Only	K562	SND1_2	0.001	3826	98.30421377183967	17	0.059428547478575504	3809	-39.3289793622552	-39.26955081477662	-0.9969824346485511
Unique Binding	Bound Only	K562	SND1_2	0.01	1123	28.85405960945529	0	0.0	1123	-26.1838415929127	-26.1838415929127	-1.0
Unique Binding	Bound Only	K562	SND1_2	0.1	0	0.0	0	0.0	0	0.0		
Unique Binding	Bound Only	K562	SND1_3	0.0	3738	100.0	3738	197.63407828602678	0	0.0	197.63407828602678	1.0
Unique Binding	Bound Only	K562	SND1_3	1e-05	3738	100.0	3738	197.63407828602678	0	0.0	197.63407828602678	1.0
Unique Binding	Bound Only	K562	SND1_3	0.0001	3738	100.0	3738	197.63407828602678	0	0.0	197.63407828602678	1.0
Unique Binding	Bound Only	K562	SND1_3	0.001	3738	100.0	3738	197.63407828602678	0	0.0	197.63407828602678	1.0
Unique Binding	Bound Only	K562	SND1_3	0.01	3736	99.94649545211342	3736	197.61520256653915	0	0.0	197.61520256653915	1.0
Unique Binding	Bound Only	K562	SND1_3	0.1	395	10.567148207597645	395	46.83411244495407	0	0.0	46.83411244495407	1.0
Unique Binding	Bound Only	K562	SND1_4	0.0	4720	100.0	4720	237.033179335561	0	0.0	237.033179335561	1.0
Unique Binding	Bound Only	K562	SND1_4	1e-05	4720	100.0	4720	237.033179335561	0	0.0	237.033179335561	1.0
Unique Binding	Bound Only	K562	SND1_4	0.0001	4720	100.0	4720	237.033179335561	0	0.0	237.033179335561	1.0
Unique Binding	Bound Only	K562	SND1_4	0.001	4720	100.0	4720	237.033179335561	0	0.0	237.033179335561	1.0
Unique Binding	Bound Only	K562	SND1_4	0.01	4720	100.0	4720	237.033179335561	0	0.0	237.033179335561	1.0
Unique Binding	Bound Only	K562	SND1_4	0.1	392	8.305084745762711	392	47.339656338443866	0	0.0	47.339656338443866	1.0
Unique Binding	Bound Only	K562	SND1_5	0.0	4857	100.0	4018	12.896786760507581	839	-1.7545921006920513	11.14219465981553	0.7604877851683118
Unique Binding	Bound Only	K562	SND1_5	1e-05	4838	99.60881202388305	4009	12.89672880686906	829	-1.7545538182862068	11.142174988582854	0.7604914377566159
Unique Binding	Bound Only	K562	SND1_5	0.0001	4593	94.5645460160593	3834	12.886067800915693	759	-1.750491755201304	11.135576045714389	0.7608055706684528
Unique Binding	Bound Only	K562	SND1_5	0.001	3352	69.01379452336833	2973	12.47975539081834	379	-1.5732575975615397	10.9064977932568	0.776096756067552
Unique Binding	Bound Only	K562	SND1_5	0.01	266	5.476631665637225	253	3.236555469667074	13	-0.162823967286034	3.0737315023810403	0.9042037111150061
Unique Binding	Bound Only	K562	SND1_5	0.1	0	0.0	0	0.0	0	0.0		
Unique Binding	Bound Only	K562	SND1_6	0.0	4537	100.0	3380	3.604734231573283	1157	-2.7986062939356016	0.8061279376376813	0.12589178014605384
Unique Binding	Bound Only	K562	SND1_6	1e-05	4518	99.58122107119242	3372	3.6046968130444856	1146	-2.7985483980136165	0.8061484150308691	0.1258968520584982
Unique Binding	Bound Only	K562	SND1_6	0.0001	4380	96.53956358827419	3321	3.601528668714983	1059	-2.793541547408842	0.8079871213061409	0.12634530880817715
Unique Binding	Bound Only	K562	SND1_6	0.001	1603	35.33171699360811	962	2.1527695553715676	641	-2.5752274592134192	-0.42245790384185167	-0.08935240494836355
Unique Binding	Bound Only	K562	SND1_6	0.01	70	1.5428697377121445	28	0.44105824930445886	42	-0.6273714558220699	-0.18631320651761102	-0.1743804067068192
Unique Binding	Bound Only	K562	SND1_6	0.1	0	0.0	0	0.0	0	0.0		
Unique Binding	Bound Only	K562	SRSF1_1	0.0	3362	100.0	0	0.0	3362	-43.51599693706521	-43.51599693706521	-1.0
Unique Binding	Bound Only	K562	SRSF1_1	1e-05	3362	100.0	0	0.0	3362	-43.51599693706521	-43.51599693706521	-1.0
Unique Binding	Bound Only	K562	SRSF1_1	0.0001	3362	100.0	0	0.0	3362	-43.51599693706521	-43.51599693706521	-1.0
Unique Binding	Bound Only	K562	SRSF1_1	0.001	3351	99.67281380130875	0	0.0	3351	-43.509356669587525	-43.509356669587525	-1.0
Unique Binding	Bound Only	K562	SRSF1_1	0.01	1633	48.57227840571088	0	0.0	1633	-33.28095755305419	-33.28095755305419	-1.0
Unique Binding	Bound Only	K562	SRSF1_1	0.1	0	0.0	0	0.0	0	0.0		
Unique Binding	Bound Only	K562	SRSF1_2	0.0	4435	100.0	47	0.07620232568389114	4388	-87.060280407081	-86.9840780813971	-0.9982509662246158
Unique Binding	Bound Only	K562	SRSF1_2	1e-05	4435	100.0	47	0.07620232568389114	4388	-87.060280407081	-86.9840780813971	-0.9982509662246158
Unique Binding	Bound Only	K562	SRSF1_2	0.0001	4434	99.97745208568207	46	0.07611461442906392	4388	-87.060280407081	-86.98416579265194	-0.9982529776585256
Unique Binding	Bound Only	K562	SRSF1_2	0.001	4381	98.78241262683201	35	0.06981944126508881	4346	-87.0404086909952	-86.97058924973012	-0.9983969863754902
Unique Binding	Bound Only	K562	SRSF1_2	0.01	2614	58.94024802705749	0	0.0	2614	-77.4422235300835	-77.4422235300835	-1.0
Unique Binding	Bound Only	K562	SRSF1_2	0.1	9	0.2029312288613303	0	0.0	9	-0.9745623313002909	-0.9745623313002909	-1.0
Unique Binding	Bound Only	K562	SRSF1_3	0.0	3180	100.0	3177	69.3134343977986	3	-0.013012656516194786	69.3004217412824	0.9996245976227225
Unique Binding	Bound Only	K562	SRSF1_3	1e-05	3180	100.0	3177	69.3134343977986	3	-0.013012656516194786	69.3004217412824	0.9996245976227225
Unique Binding	Bound Only	K562	SRSF1_3	0.0001	3180	100.0	3177	69.3134343977986	3	-0.013012656516194786	69.3004217412824	0.9996245976227225
Unique Binding	Bound Only	K562	SRSF1_3	0.001	3180	100.0	3177	69.3134343977986	3	-0.013012656516194786	69.3004217412824	0.9996245976227225
Unique Binding	Bound Only	K562	SRSF1_3	0.01	2562	80.56603773584906	2562	64.76572890601933	0	0.0	64.76572890601933	1.0
Unique Binding	Bound Only	K562	SRSF1_3	0.1	2	0.06289308176100629	2	0.2126199435263157	0	0.0	0.2126199435263157	1.0
Unique Binding	Bound Only	K562	SRSF1_4	0.0	3546	100.0	3529	150.25654074855163	17	-0.13268860446600952	150.12385214408562	0.998235397507696
Unique Binding	Bound Only	K562	SRSF1_4	1e-05	3546	100.0	3529	150.25654074855163	17	-0.13268860446600952	150.12385214408562	0.998235397507696
Unique Binding	Bound Only	K562	SRSF1_4	0.0001	3546	100.0	3529	150.25654074855163	17	-0.13268860446600952	150.12385214408562	0.998235397507696
Unique Binding	Bound Only	K562	SRSF1_4	0.001	3540	99.83079526226734	3528	150.25556809221888	12	-0.12997751246358022	150.1255905797553	0.9982714095036069
Unique Binding	Bound Only	K562	SRSF1_4	0.01	3446	97.17992103778906	3440	149.5512001207307	6	-0.08278651636665821	149.46841360436403	0.9988934797738505
Unique Binding	Bound Only	K562	SRSF1_4	0.1	230	6.486181613085167	230	27.308961363318982	0	0.0	27.308961363318982	1.0
Unique Binding	Bound Only	K562	SRSF1_5	0.0	4256	100.0	312	0.7487624222928574	3944	-20.591085079109785	-19.84232265681693	-0.9298249509755269
Unique Binding	Bound Only	K562	SRSF1_5	1e-05	4250	99.85902255639097	308	0.7487436579415997	3942	-20.59107767778182	-19.84233401984022	-0.9298266235539486
Unique Binding	Bound Only	K562	SRSF1_5	0.0001	4186	98.35526315789474	276	0.7471861546952661	3910	-20.58933340790107	-19.842147253205802	-0.9299617585236244
Unique Binding	Bound Only	K562	SRSF1_5	0.001	3690	86.70112781954887	142	0.6958269655311812	3548	-20.367069137539588	-19.671242172008405	-0.9339286523442769
Unique Binding	Bound Only	K562	SRSF1_5	0.01	490	11.513157894736842	27	0.399962942420401	463	-8.794516092333845	-8.394553149913444	-0.9129993247233301
Unique Binding	Bound Only	K562	SRSF1_5	0.1	0	0.0	0	0.0	0	0.0		
Unique Binding	Bound Only	K562	SRSF1_6	0.0	4000	100.0	1085	1.1986553979609924	2915	-5.505667018929557	-4.307011620968565	-0.6424231045508321
Unique Binding	Bound Only	K562	SRSF1_6	1e-05	3983	99.575	1077	1.1986176474017358	2906	-5.505631842869247	-4.307014195467511	-0.6424304766279549
Unique Binding	Bound Only	K562	SRSF1_6	0.0001	3610	90.25	945	1.190651115556811	2665	-5.489032391141234	-4.298381275584423	-0.6435007394099175
Unique Binding	Bound Only	K562	SRSF1_6	0.001	1328	33.2	351	0.9044085622051494	977	-4.785157000417845	-3.880748438212696	-0.6820816801386149
Unique Binding	Bound Only	K562	SRSF1_6	0.01	115	2.875	1	0.011496157046469457	114	-2.038742412059944	-2.0272462550134747	-0.9887855421123212
Unique Binding	Bound Only	K562	SRSF1_6	0.1	0	0.0	0	0.0	0	0.0		
Unique Binding	Bound Only	K562	SRSF7_1	0.0	700	100.0	8	0.0255719765153707	692	-0.29067750855467106	-0.2651055320393004	-0.8382797270976925
Unique Binding	Bound Only	K562	SRSF7_1	1e-05	693	99.0	8	0.0255719765153707	685	-0.29061579648816516	-0.26504381997279447	-0.8382481632831215
Unique Binding	Bound Only	K562	SRSF7_1	0.0001	354	50.57142857142857	8	0.0255719765153707	346	-0.27630244264211756	-0.2507304661267469	-0.8305787115931161
Unique Binding	Bound Only	K562	SRSF7_1	0.001	63	9.0	7	0.024722811836790592	56	-0.20240146849030083	-0.17767865665351024	-0.782297059555357
Unique Binding	Bound Only	K562	SRSF7_1	0.01	0	0.0	0	0.0	0	0.0		
Unique Binding	Bound Only	K562	SRSF7_1	0.1	0	0.0	0	0.0	0	0.0		
Unique Binding	Bound Only	K562	SRSF7_2	0.0	1126	100.0	0	0.0	1126	-25.215516136173655	-25.215516136173655	-1.0
Unique Binding	Bound Only	K562	SRSF7_2	1e-05	1126	100.0	0	0.0	1126	-25.215516136173655	-25.215516136173655	-1.0
Unique Binding	Bound Only	K562	SRSF7_2	0.0001	1126	100.0	0	0.0	1126	-25.215516136173655	-25.215516136173655	-1.0
Unique Binding	Bound Only	K562	SRSF7_2	0.001	1126	100.0	0	0.0	1126	-25.215516136173655	-25.215516136173655	-1.0
Unique Binding	Bound Only	K562	SRSF7_2	0.01	840	74.60035523978685	0	0.0	840	-23.157756485985832	-23.157756485985832	-1.0
Unique Binding	Bound Only	K562	SRSF7_2	0.1	0	0.0	0	0.0	0	0.0		
Unique Binding	Bound Only	K562	SRSF7_3	0.0	587	100.0	36	0.0016478089231449842	551	-0.04990009509230579	-0.04825228616916081	-0.9360668894451625
Unique Binding	Bound Only	K562	SRSF7_3	1e-05	302	51.4480408858603	28	0.0015919182823609839	274	-0.04847840555601187	-0.046886487273650884	-0.9364127027618314
Unique Binding	Bound Only	K562	SRSF7_3	0.0001	88	14.991482112436117	0	0.0	88	-0.04324294482736354	-0.04324294482736354	-1.0
Unique Binding	Bound Only	K562	SRSF7_3	0.001	5	0.8517887563884157	0	0.0	5	-0.018081087182745884	-0.018081087182745884	-1.0
Unique Binding	Bound Only	K562	SRSF7_3	0.01	0	0.0	0	0.0	0	0.0		
Unique Binding	Bound Only	K562	SRSF7_3	0.1	0	0.0	0	0.0	0	0.0		
Unique Binding	Bound Only	K562	SRSF7_4	0.0	900	100.0	4	0.0034850113628586794	896	-5.182540807228079	-5.179055795865221	-0.9986559992237735
Unique Binding	Bound Only	K562	SRSF7_4	1e-05	900	100.0	4	0.0034850113628586794	896	-5.182540807228079	-5.179055795865221	-0.9986559992237735
Unique Binding	Bound Only	K562	SRSF7_4	0.0001	898	99.77777777777777	4	0.0034850113628586794	894	-5.182425443029852	-5.178940431666994	-0.9986559693255379
Unique Binding	Bound Only	K562	SRSF7_4	0.001	725	80.55555555555556	1	0.0012825254896002148	724	-5.062471776977833	-5.061189251488233	-0.9994934487682489
Unique Binding	Bound Only	K562	SRSF7_4	0.01	103	11.444444444444445	0	0.0	103	-2.787636838690295	-2.787636838690295	-1.0
Unique Binding	Bound Only	K562	SRSF7_4	0.1	5	0.5555555555555556	0	0.0	5	-0.8458918684878335	-0.8458918684878335	-1.0
Unique Binding	Bound Only	K562	SRSF7_5	0.0	654	100.0	0	0.0	654	-1.6015919442303521	-1.6015919442303521	-1.0
Unique Binding	Bound Only	K562	SRSF7_5	1e-05	654	100.0	0	0.0	654	-1.6015919442303521	-1.6015919442303521	-1.0
Unique Binding	Bound Only	K562	SRSF7_5	0.0001	654	100.0	0	0.0	654	-1.6015919442303521	-1.6015919442303521	-1.0
Unique Binding	Bound Only	K562	SRSF7_5	0.001	232	35.47400611620795	0	0.0	232	-1.3746260221977724	-1.3746260221977724	-1.0
Unique Binding	Bound Only	K562	SRSF7_5	0.01	33	5.045871559633028	0	0.0	33	-0.8924702661846821	-0.8924702661846821	-1.0
Unique Binding	Bound Only	K562	SRSF7_5	0.1	0	0.0	0	0.0	0	0.0		
Unique Binding	Bound Only	K562	SRSF7_6	0.0	960	100.0	83	0.18430941632039663	877	-2.5348180007899037	-2.350508584469507	-0.8644348807190008
Unique Binding	Bound Only	K562	SRSF7_6	1e-05	959	99.89583333333333	83	0.18430941632039663	876	-2.5348132076997265	-2.35050379137933	-0.864434641753742
Unique Binding	Bound Only	K562	SRSF7_6	0.0001	942	98.125	70	0.1832821743152519	872	-2.5345160503249478	-2.351233876009696	-0.8651245168581153
Unique Binding	Bound Only	K562	SRSF7_6	0.001	650	67.70833333333334	59	0.17909426143664425	591	-2.3568344831091377	-2.1777402216724933	-0.8587545002422988
Unique Binding	Bound Only	K562	SRSF7_6	0.01	39	4.0625	0	0.0	39	-1.0955409898697708	-1.0955409898697708	-1.0
Unique Binding	Bound Only	K562	SRSF7_6	0.1	0	0.0	0	0.0	0	0.0		
Unique Binding	Bound Only	K562	SRSF9_1	0.0	419	100.0	0	0.0	419	-19.434234394721805	-19.434234394721805	-1.0
Unique Binding	Bound Only	K562	SRSF9_1	1e-05	419	100.0	0	0.0	419	-19.434234394721805	-19.434234394721805	-1.0
Unique Binding	Bound Only	K562	SRSF9_1	0.0001	419	100.0	0	0.0	419	-19.434234394721805	-19.434234394721805	-1.0
Unique Binding	Bound Only	K562	SRSF9_1	0.001	419	100.0	0	0.0	419	-19.434234394721805	-19.434234394721805	-1.0
Unique Binding	Bound Only	K562	SRSF9_1	0.01	392	93.55608591885442	0	0.0	392	-19.231277859038254	-19.231277859038254	-1.0
Unique Binding	Bound Only	K562	SRSF9_1	0.1	54	12.887828162291171	0	0.0	54	-6.752805042823843	-6.752805042823843	-1.0
Unique Binding	Bound Only	K562	SRSF9_2	0.0	278	100.0	57	0.3548971429527394	221	-0.03898049011972732	0.31591665283301207	0.8020680188633327
Unique Binding	Bound Only	K562	SRSF9_2	1e-05	187	67.26618705035972	56	0.3548939630765715	131	-0.038480277025459815	0.3164136860511117	0.8043579212737519
Unique Binding	Bound Only	K562	SRSF9_2	0.0001	93	33.45323741007194	56	0.3548939630765715	37	-0.03689919019391868	0.3179947728826528	0.8116394332779785
Unique Binding	Bound Only	K562	SRSF9_2	0.001	77	27.697841726618705	54	0.35438940644674993	23	-0.033330269755487946	0.32105913669126196	0.8280702693143558
Unique Binding	Bound Only	K562	SRSF9_2	0.01	0	0.0	0	0.0	0	0.0		
Unique Binding	Bound Only	K562	SRSF9_2	0.1	0	0.0	0	0.0	0	0.0		
Unique Binding	Bound Only	K562	SRSF9_3	0.0	11	25.0	0	0.0	11	-0.0011280697427747714	-0.0011280697427747714	-1.0
Unique Binding	Bound Only	K562	SRSF9_3	1e-05	11	25.0	0	0.0	11	-0.0011280697427747714	-0.0011280697427747714	-1.0
Unique Binding	Bound Only	K562	SRSF9_3	0.0001	10	22.727272727272727	0	0.0	10	-0.0011161042319131381	-0.0011161042319131381	-1.0
Unique Binding	Bound Only	K562	SRSF9_3	0.001	0	0.0	0	0.0	0	0.0		
Unique Binding	Bound Only	K562	SRSF9_3	0.01	0	0.0	0	0.0	0	0.0		
Unique Binding	Bound Only	K562	SRSF9_3	0.1	0	0.0	0	0.0	0	0.0		
Unique Binding	Bound Only	K562	SRSF9_4	0.0	56	100.0	0	0.0	56	-0.9628989248693973	-0.9628989248693973	-1.0
Unique Binding	Bound Only	K562	SRSF9_4	1e-05	56	100.0	0	0.0	56	-0.9628989248693973	-0.9628989248693973	-1.0
Unique Binding	Bound Only	K562	SRSF9_4	0.0001	56	100.0	0	0.0	56	-0.9628989248693973	-0.9628989248693973	-1.0
Unique Binding	Bound Only	K562	SRSF9_4	0.001	56	100.0	0	0.0	56	-0.9628989248693973	-0.9628989248693973	-1.0
Unique Binding	Bound Only	K562	SRSF9_4	0.01	18	32.142857142857146	0	0.0	18	-0.8483787700206118	-0.8483787700206118	-1.0
Unique Binding	Bound Only	K562	SRSF9_4	0.1	0	0.0	0	0.0	0	0.0		
Unique Binding	Bound Only	K562	SRSF9_5	0.0	0	0.0	0	0.0	0	0.0		
Unique Binding	Bound Only	K562	SRSF9_5	1e-05	0	0.0	0	0.0	0	0.0		
Unique Binding	Bound Only	K562	SRSF9_5	0.0001	0	0.0	0	0.0	0	0.0		
Unique Binding	Bound Only	K562	SRSF9_5	0.001	0	0.0	0	0.0	0	0.0		
Unique Binding	Bound Only	K562	SRSF9_5	0.01	0	0.0	0	0.0	0	0.0		
Unique Binding	Bound Only	K562	SRSF9_5	0.1	0	0.0	0	0.0	0	0.0		
Unique Binding	Bound Only	K562	SRSF9_6	0.0	0	0.0	0	0.0	0	0.0		
Unique Binding	Bound Only	K562	SRSF9_6	1e-05	0	0.0	0	0.0	0	0.0		
Unique Binding	Bound Only	K562	SRSF9_6	0.0001	0	0.0	0	0.0	0	0.0		
Unique Binding	Bound Only	K562	SRSF9_6	0.001	0	0.0	0	0.0	0	0.0		
Unique Binding	Bound Only	K562	SRSF9_6	0.01	0	0.0	0	0.0	0	0.0		
Unique Binding	Bound Only	K562	SRSF9_6	0.1	0	0.0	0	0.0	0	0.0		
Unique Binding	Bound Only	K562	SSB_1	0.0	0	0.0	0	0.0	0	0.0		
Unique Binding	Bound Only	K562	SSB_1	1e-05	0	0.0	0	0.0	0	0.0		
Unique Binding	Bound Only	K562	SSB_1	0.0001	0	0.0	0	0.0	0	0.0		
Unique Binding	Bound Only	K562	SSB_1	0.001	0	0.0	0	0.0	0	0.0		
Unique Binding	Bound Only	K562	SSB_1	0.01	0	0.0	0	0.0	0	0.0		
Unique Binding	Bound Only	K562	SSB_1	0.1	0	0.0	0	0.0	0	0.0		
Unique Binding	Bound Only	K562	SSB_2	0.0	62	100.0	62	0.3352337345649058	0	0.0	0.3352337345649058	1.0
Unique Binding	Bound Only	K562	SSB_2	1e-05	62	100.0	62	0.3352337345649058	0	0.0	0.3352337345649058	1.0
Unique Binding	Bound Only	K562	SSB_2	0.0001	62	100.0	62	0.3352337345649058	0	0.0	0.3352337345649058	1.0
Unique Binding	Bound Only	K562	SSB_2	0.001	62	100.0	62	0.3352337345649058	0	0.0	0.3352337345649058	1.0
Unique Binding	Bound Only	K562	SSB_2	0.01	5	8.064516129032258	5	0.05554212269159557	0	0.0	0.05554212269159557	1.0
Unique Binding	Bound Only	K562	SSB_2	0.1	0	0.0	0	0.0	0	0.0		
Unique Binding	Bound Only	K562	SSB_3	0.0	0	0.0	0	0.0	0	0.0		
Unique Binding	Bound Only	K562	SSB_3	1e-05	0	0.0	0	0.0	0	0.0		
Unique Binding	Bound Only	K562	SSB_3	0.0001	0	0.0	0	0.0	0	0.0		
Unique Binding	Bound Only	K562	SSB_3	0.001	0	0.0	0	0.0	0	0.0		
Unique Binding	Bound Only	K562	SSB_3	0.01	0	0.0	0	0.0	0	0.0		
Unique Binding	Bound Only	K562	SSB_3	0.1	0	0.0	0	0.0	0	0.0		
Unique Binding	Bound Only	K562	SSB_4	0.0	19	59.375	0	0.0	19	-0.004827945262455151	-0.004827945262455151	-1.0
Unique Binding	Bound Only	K562	SSB_4	1e-05	19	59.375	0	0.0	19	-0.004827945262455151	-0.004827945262455151	-1.0
Unique Binding	Bound Only	K562	SSB_4	0.0001	15	46.875	0	0.0	15	-0.004748758887590164	-0.004748758887590164	-1.0
Unique Binding	Bound Only	K562	SSB_4	0.001	0	0.0	0	0.0	0	0.0		
Unique Binding	Bound Only	K562	SSB_4	0.01	0	0.0	0	0.0	0	0.0		
Unique Binding	Bound Only	K562	SSB_4	0.1	0	0.0	0	0.0	0	0.0		
Unique Binding	Bound Only	K562	SSB_5	0.0	0	0.0	0	0.0	0	0.0		
Unique Binding	Bound Only	K562	SSB_5	1e-05	0	0.0	0	0.0	0	0.0		
Unique Binding	Bound Only	K562	SSB_5	0.0001	0	0.0	0	0.0	0	0.0		
Unique Binding	Bound Only	K562	SSB_5	0.001	0	0.0	0	0.0	0	0.0		
Unique Binding	Bound Only	K562	SSB_5	0.01	0	0.0	0	0.0	0	0.0		
Unique Binding	Bound Only	K562	SSB_5	0.1	0	0.0	0	0.0	0	0.0		
Unique Binding	Bound Only	K562	SSB_6	0.0	0	0.0	0	0.0	0	0.0		
Unique Binding	Bound Only	K562	SSB_6	1e-05	0	0.0	0	0.0	0	0.0		
Unique Binding	Bound Only	K562	SSB_6	0.0001	0	0.0	0	0.0	0	0.0		
Unique Binding	Bound Only	K562	SSB_6	0.001	0	0.0	0	0.0	0	0.0		
Unique Binding	Bound Only	K562	SSB_6	0.01	0	0.0	0	0.0	0	0.0		
Unique Binding	Bound Only	K562	SSB_6	0.1	0	0.0	0	0.0	0	0.0		
Unique Binding	Bound Only	K562	SUPV3L1_1	0.0	0		0	0.0	0	0.0		
Unique Binding	Bound Only	K562	SUPV3L1_1	1e-05	0		0	0.0	0	0.0		
Unique Binding	Bound Only	K562	SUPV3L1_1	0.0001	0		0	0.0	0	0.0		
Unique Binding	Bound Only	K562	SUPV3L1_1	0.001	0		0	0.0	0	0.0		
Unique Binding	Bound Only	K562	SUPV3L1_1	0.01	0		0	0.0	0	0.0		
Unique Binding	Bound Only	K562	SUPV3L1_1	0.1	0		0	0.0	0	0.0		
Unique Binding	Bound Only	K562	SUPV3L1_2	0.0	0	0.0	0	0.0	0	0.0		
Unique Binding	Bound Only	K562	SUPV3L1_2	1e-05	0	0.0	0	0.0	0	0.0		
Unique Binding	Bound Only	K562	SUPV3L1_2	0.0001	0	0.0	0	0.0	0	0.0		
Unique Binding	Bound Only	K562	SUPV3L1_2	0.001	0	0.0	0	0.0	0	0.0		
Unique Binding	Bound Only	K562	SUPV3L1_2	0.01	0	0.0	0	0.0	0	0.0		
Unique Binding	Bound Only	K562	SUPV3L1_2	0.1	0	0.0	0	0.0	0	0.0		
Unique Binding	Bound Only	K562	SUPV3L1_3	0.0	41	100.0	0	0.0	41	-0.28392575765943995	-0.28392575765943995	-1.0
Unique Binding	Bound Only	K562	SUPV3L1_3	1e-05	41	100.0	0	0.0	41	-0.28392575765943995	-0.28392575765943995	-1.0
Unique Binding	Bound Only	K562	SUPV3L1_3	0.0001	41	100.0	0	0.0	41	-0.28392575765943995	-0.28392575765943995	-1.0
Unique Binding	Bound Only	K562	SUPV3L1_3	0.001	17	41.46341463414634	0	0.0	17	-0.2760171358806082	-0.2760171358806082	-1.0
Unique Binding	Bound Only	K562	SUPV3L1_3	0.01	15	36.58536585365854	0	0.0	15	-0.2587509061891282	-0.2587509061891282	-1.0
Unique Binding	Bound Only	K562	SUPV3L1_3	0.1	0	0.0	0	0.0	0	0.0		
Unique Binding	Bound Only	K562	SUPV3L1_4	0.0	0		0	0.0	0	0.0		
Unique Binding	Bound Only	K562	SUPV3L1_4	1e-05	0		0	0.0	0	0.0		
Unique Binding	Bound Only	K562	SUPV3L1_4	0.0001	0		0	0.0	0	0.0		
Unique Binding	Bound Only	K562	SUPV3L1_4	0.001	0		0	0.0	0	0.0		
Unique Binding	Bound Only	K562	SUPV3L1_4	0.01	0		0	0.0	0	0.0		
Unique Binding	Bound Only	K562	SUPV3L1_4	0.1	0		0	0.0	0	0.0		
Unique Binding	Bound Only	K562	SUPV3L1_5	0.0	0	0.0	0	0.0	0	0.0		
Unique Binding	Bound Only	K562	SUPV3L1_5	1e-05	0	0.0	0	0.0	0	0.0		
Unique Binding	Bound Only	K562	SUPV3L1_5	0.0001	0	0.0	0	0.0	0	0.0		
Unique Binding	Bound Only	K562	SUPV3L1_5	0.001	0	0.0	0	0.0	0	0.0		
Unique Binding	Bound Only	K562	SUPV3L1_5	0.01	0	0.0	0	0.0	0	0.0		
Unique Binding	Bound Only	K562	SUPV3L1_5	0.1	0	0.0	0	0.0	0	0.0		
Unique Binding	Bound Only	K562	SUPV3L1_6	0.0	0	0.0	0	0.0	0	0.0		
Unique Binding	Bound Only	K562	SUPV3L1_6	1e-05	0	0.0	0	0.0	0	0.0		
Unique Binding	Bound Only	K562	SUPV3L1_6	0.0001	0	0.0	0	0.0	0	0.0		
Unique Binding	Bound Only	K562	SUPV3L1_6	0.001	0	0.0	0	0.0	0	0.0		
Unique Binding	Bound Only	K562	SUPV3L1_6	0.01	0	0.0	0	0.0	0	0.0		
Unique Binding	Bound Only	K562	SUPV3L1_6	0.1	0	0.0	0	0.0	0	0.0		
Unique Binding	Bound Only	K562	TAF15_1	0.0	88	100.0	0	0.0	88	-0.02920610588393257	-0.02920610588393257	-1.0
Unique Binding	Bound Only	K562	TAF15_1	1e-05	72	81.81818181818183	0	0.0	72	-0.02909349585023733	-0.02909349585023733	-1.0
Unique Binding	Bound Only	K562	TAF15_1	0.0001	41	46.590909090909086	0	0.0	41	-0.028378465231463333	-0.028378465231463333	-1.0
Unique Binding	Bound Only	K562	TAF15_1	0.001	16	18.181818181818183	0	0.0	16	-0.016533867565197057	-0.016533867565197057	-1.0
Unique Binding	Bound Only	K562	TAF15_1	0.01	0	0.0	0	0.0	0	0.0		
Unique Binding	Bound Only	K562	TAF15_1	0.1	0	0.0	0	0.0	0	0.0		
Unique Binding	Bound Only	K562	TAF15_2	0.0	42	100.0	0	0.0	42	-2.583460161799425	-2.583460161799425	-1.0
Unique Binding	Bound Only	K562	TAF15_2	1e-05	42	100.0	0	0.0	42	-2.583460161799425	-2.583460161799425	-1.0
Unique Binding	Bound Only	K562	TAF15_2	0.0001	42	100.0	0	0.0	42	-2.583460161799425	-2.583460161799425	-1.0
Unique Binding	Bound Only	K562	TAF15_2	0.001	42	100.0	0	0.0	42	-2.583460161799425	-2.583460161799425	-1.0
Unique Binding	Bound Only	K562	TAF15_2	0.01	42	100.0	0	0.0	42	-2.583460161799425	-2.583460161799425	-1.0
Unique Binding	Bound Only	K562	TAF15_2	0.1	9	21.428571428571427	0	0.0	9	-1.265162972887849	-1.265162972887849	-1.0
Unique Binding	Bound Only	K562	TAF15_3	0.0	55	65.47619047619048	35	0.017546288224304145	20	-0.029067059902751696	-0.01152077167844755	-0.24715606454711062
Unique Binding	Bound Only	K562	TAF15_3	1e-05	53	63.095238095238095	35	0.017546288224304145	18	-0.029066412782715215	-0.01152012455841107	-0.24714561288083833
Unique Binding	Bound Only	K562	TAF15_3	0.0001	53	63.095238095238095	35	0.017546288224304145	18	-0.029066412782715215	-0.01152012455841107	-0.24714561288083833
Unique Binding	Bound Only	K562	TAF15_3	0.001	16	19.047619047619047	1	0.0014082005756360478	15	-0.027443016102897885	-0.026034815527261838	-0.9023818931917844
Unique Binding	Bound Only	K562	TAF15_3	0.01	0	0.0	0	0.0	0	0.0		
Unique Binding	Bound Only	K562	TAF15_3	0.1	0	0.0	0	0.0	0	0.0		
Unique Binding	Bound Only	K562	TAF15_4	0.0	71	100.0	0	0.0	71	-1.8165952722274987	-1.8165952722274987	-1.0
Unique Binding	Bound Only	K562	TAF15_4	1e-05	71	100.0	0	0.0	71	-1.8165952722274987	-1.8165952722274987	-1.0
Unique Binding	Bound Only	K562	TAF15_4	0.0001	71	100.0	0	0.0	71	-1.8165952722274987	-1.8165952722274987	-1.0
Unique Binding	Bound Only	K562	TAF15_4	0.001	71	100.0	0	0.0	71	-1.8165952722274987	-1.8165952722274987	-1.0
Unique Binding	Bound Only	K562	TAF15_4	0.01	66	92.95774647887323	0	0.0	66	-1.76858309808131	-1.76858309808131	-1.0
Unique Binding	Bound Only	K562	TAF15_4	0.1	1	1.4084507042253522	0	0.0	1	-0.10688086594126736	-0.10688086594126736	-1.0
Unique Binding	Bound Only	K562	TAF15_5	0.0	0	0.0	0	0.0	0	0.0		
Unique Binding	Bound Only	K562	TAF15_5	1e-05	0	0.0	0	0.0	0	0.0		
Unique Binding	Bound Only	K562	TAF15_5	0.0001	0	0.0	0	0.0	0	0.0		
Unique Binding	Bound Only	K562	TAF15_5	0.001	0	0.0	0	0.0	0	0.0		
Unique Binding	Bound Only	K562	TAF15_5	0.01	0	0.0	0	0.0	0	0.0		
Unique Binding	Bound Only	K562	TAF15_5	0.1	0	0.0	0	0.0	0	0.0		
Unique Binding	Bound Only	K562	TAF15_6	0.0	0	0.0	0	0.0	0	0.0		
Unique Binding	Bound Only	K562	TAF15_6	1e-05	0	0.0	0	0.0	0	0.0		
Unique Binding	Bound Only	K562	TAF15_6	0.0001	0	0.0	0	0.0	0	0.0		
Unique Binding	Bound Only	K562	TAF15_6	0.001	0	0.0	0	0.0	0	0.0		
Unique Binding	Bound Only	K562	TAF15_6	0.01	0	0.0	0	0.0	0	0.0		
Unique Binding	Bound Only	K562	TAF15_6	0.1	0	0.0	0	0.0	0	0.0		
Unique Binding	Bound Only	K562	TARDBP_1	0.0	300	100.0	294	8.145420255776635	6	-0.11390183357000673	8.031518422206629	0.9724185998952811
Unique Binding	Bound Only	K562	TARDBP_1	1e-05	300	100.0	294	8.145420255776635	6	-0.11390183357000673	8.031518422206629	0.9724185998952811
Unique Binding	Bound Only	K562	TARDBP_1	0.0001	300	100.0	294	8.145420255776635	6	-0.11390183357000673	8.031518422206629	0.9724185998952811
Unique Binding	Bound Only	K562	TARDBP_1	0.001	300	100.0	294	8.145420255776635	6	-0.11390183357000673	8.031518422206629	0.9724185998952811
Unique Binding	Bound Only	K562	TARDBP_1	0.01	262	87.33333333333333	256	7.908439525477698	6	-0.11390183357000673	7.794537691907691	0.9716038427007231
Unique Binding	Bound Only	K562	TARDBP_1	0.1	0	0.0	0	0.0	0	0.0		
Unique Binding	Bound Only	K562	TARDBP_2	0.0	382	100.0	246	0.2878470214295406	136	-0.489042565862315	-0.20119554443277438	-0.25897572541050273
Unique Binding	Bound Only	K562	TARDBP_2	1e-05	380	99.47643979057592	245	0.28784563263455226	135	-0.4890396236549036	-0.20119399102035135	-0.2589751696167979
Unique Binding	Bound Only	K562	TARDBP_2	0.0001	339	88.7434554973822	227	0.2870606576625645	112	-0.4875764227494239	-0.20051576508685942	-0.25885123518772907
Unique Binding	Bound Only	K562	TARDBP_2	0.001	79	20.680628272251308	8	0.20225795943252153	71	-0.47091931787705427	-0.26866135844453276	-0.3990945141794838
Unique Binding	Bound Only	K562	TARDBP_2	0.01	25	6.544502617801047	6	0.19980544082111434	19	-0.3403713561055055	-0.14056591528439116	-0.26022205337984244
Unique Binding	Bound Only	K562	TARDBP_2	0.1	0	0.0	0	0.0	0	0.0		
Unique Binding	Bound Only	K562	TARDBP_3	0.0	360	100.0	348	1.890861955499369	12	-0.1514726646738477	1.7393892908255213	0.8516671429082461
Unique Binding	Bound Only	K562	TARDBP_3	1e-05	360	100.0	348	1.890861955499369	12	-0.1514726646738477	1.7393892908255213	0.8516671429082461
Unique Binding	Bound Only	K562	TARDBP_3	0.0001	360	100.0	348	1.890861955499369	12	-0.1514726646738477	1.7393892908255213	0.8516671429082461
Unique Binding	Bound Only	K562	TARDBP_3	0.001	359	99.72222222222223	347	1.890025227216379	12	-0.1514726646738477	1.738552562542531	0.8516063472065611
Unique Binding	Bound Only	K562	TARDBP_3	0.01	38	10.555555555555555	30	0.6036748998178793	8	-0.14456746137395807	0.4591074384439212	0.6135811900740721
Unique Binding	Bound Only	K562	TARDBP_3	0.1	0	0.0	0	0.0	0	0.0		
Unique Binding	Bound Only	K562	TARDBP_4	0.0	312	100.0	21	0.004775326181371006	291	-0.24141206626923084	-0.23663674008785984	-0.9612057617261681
Unique Binding	Bound Only	K562	TARDBP_4	1e-05	311	99.67948717948718	21	0.004775326181371006	290	-0.24141158988311617	-0.23663626370174518	-0.9612056866570429
Unique Binding	Bound Only	K562	TARDBP_4	0.0001	224	71.7948717948718	21	0.004775326181371006	203	-0.23438509013508904	-0.22960976395371804	-0.9600659151299333
Unique Binding	Bound Only	K562	TARDBP_4	0.001	18	5.769230769230769	0	0.0	18	-0.1856336517392724	-0.1856336517392724	-1.0
Unique Binding	Bound Only	K562	TARDBP_4	0.01	13	4.166666666666666	0	0.0	13	-0.1752454788073965	-0.1752454788073965	-1.0
Unique Binding	Bound Only	K562	TARDBP_4	0.1	0	0.0	0	0.0	0	0.0		
Unique Binding	Bound Only	K562	TARDBP_5	0.0	451	100.0	35	0.1239572106638098	416	-3.1874620392501902	-3.0635048285863804	-0.9251334842804764
Unique Binding	Bound Only	K562	TARDBP_5	1e-05	451	100.0	35	0.1239572106638098	416	-3.1874620392501902	-3.0635048285863804	-0.9251334842804764
Unique Binding	Bound Only	K562	TARDBP_5	0.0001	451	100.0	35	0.1239572106638098	416	-3.1874620392501902	-3.0635048285863804	-0.9251334842804764
Unique Binding	Bound Only	K562	TARDBP_5	0.001	367	81.37472283813747	34	0.123315558840984	333	-3.1301622194683447	-3.0068466606273607	-0.9241946204992585
Unique Binding	Bound Only	K562	TARDBP_5	0.01	79	17.516629711751662	0	0.0	79	-2.4100694081898815	-2.4100694081898815	-1.0
Unique Binding	Bound Only	K562	TARDBP_5	0.1	0	0.0	0	0.0	0	0.0		
Unique Binding	Bound Only	K562	TARDBP_6	0.0	310	100.0	0	0.0	310	-1.3302033111537583	-1.3302033111537583	-1.0
Unique Binding	Bound Only	K562	TARDBP_6	1e-05	310	100.0	0	0.0	310	-1.3302033111537583	-1.3302033111537583	-1.0
Unique Binding	Bound Only	K562	TARDBP_6	0.0001	310	100.0	0	0.0	310	-1.3302033111537583	-1.3302033111537583	-1.0
Unique Binding	Bound Only	K562	TARDBP_6	0.001	222	71.61290322580646	0	0.0	222	-1.2774632980936174	-1.2774632980936174	-1.0
Unique Binding	Bound Only	K562	TARDBP_6	0.01	23	7.419354838709677	0	0.0	23	-0.5686748566430385	-0.5686748566430385	-1.0
Unique Binding	Bound Only	K562	TARDBP_6	0.1	0	0.0	0	0.0	0	0.0		
Unique Binding	Bound Only	K562	TBRG4_1	0.0	42	26.25	0	0.0	42	-0.006725800013495801	-0.006725800013495801	-1.0
Unique Binding	Bound Only	K562	TBRG4_1	1e-05	22	13.750000000000002	0	0.0	22	-0.006714095063316903	-0.006714095063316903	-1.0
Unique Binding	Bound Only	K562	TBRG4_1	0.0001	22	13.750000000000002	0	0.0	22	-0.006714095063316903	-0.006714095063316903	-1.0
Unique Binding	Bound Only	K562	TBRG4_1	0.001	0	0.0	0	0.0	0	0.0		
Unique Binding	Bound Only	K562	TBRG4_1	0.01	0	0.0	0	0.0	0	0.0		
Unique Binding	Bound Only	K562	TBRG4_1	0.1	0	0.0	0	0.0	0	0.0		
Unique Binding	Bound Only	K562	TBRG4_2	0.0	393	100.0	0	0.0	393	-2.306243177307302	-2.306243177307302	-1.0
Unique Binding	Bound Only	K562	TBRG4_2	1e-05	393	100.0	0	0.0	393	-2.306243177307302	-2.306243177307302	-1.0
Unique Binding	Bound Only	K562	TBRG4_2	0.0001	393	100.0	0	0.0	393	-2.306243177307302	-2.306243177307302	-1.0
Unique Binding	Bound Only	K562	TBRG4_2	0.001	359	91.34860050890585	0	0.0	359	-2.2831478622422825	-2.2831478622422825	-1.0
Unique Binding	Bound Only	K562	TBRG4_2	0.01	41	10.432569974554708	0	0.0	41	-1.190205302070475	-1.190205302070475	-1.0
Unique Binding	Bound Only	K562	TBRG4_2	0.1	0	0.0	0	0.0	0	0.0		
Unique Binding	Bound Only	K562	TBRG4_3	0.0	138	100.0	38	0.011543680039926221	100	-0.08909025527300704	-0.07754657523308083	-0.7705807687231994
Unique Binding	Bound Only	K562	TBRG4_3	1e-05	138	100.0	38	0.011543680039926221	100	-0.08909025527300704	-0.07754657523308083	-0.7705807687231994
Unique Binding	Bound Only	K562	TBRG4_3	0.0001	55	39.85507246376812	38	0.011543680039926221	17	-0.08661213582573768	-0.07506845578581146	-0.7647886691558877
Unique Binding	Bound Only	K562	TBRG4_3	0.001	16	11.594202898550725	0	0.0	16	-0.08650193231128807	-0.08650193231128807	-1.0
Unique Binding	Bound Only	K562	TBRG4_3	0.01	0	0.0	0	0.0	0	0.0		
Unique Binding	Bound Only	K562	TBRG4_3	0.1	0	0.0	0	0.0	0	0.0		
Unique Binding	Bound Only	K562	TBRG4_4	0.0	0	0.0	0	0.0	0	0.0		
Unique Binding	Bound Only	K562	TBRG4_4	1e-05	0	0.0	0	0.0	0	0.0		
Unique Binding	Bound Only	K562	TBRG4_4	0.0001	0	0.0	0	0.0	0	0.0		
Unique Binding	Bound Only	K562	TBRG4_4	0.001	0	0.0	0	0.0	0	0.0		
Unique Binding	Bound Only	K562	TBRG4_4	0.01	0	0.0	0	0.0	0	0.0		
Unique Binding	Bound Only	K562	TBRG4_4	0.1	0	0.0	0	0.0	0	0.0		
Unique Binding	Bound Only	K562	TBRG4_5	0.0	28	23.931623931623932	0	0.0	28	-0.001888425237410138	-0.001888425237410138	-1.0
Unique Binding	Bound Only	K562	TBRG4_5	1e-05	22	18.803418803418804	0	0.0	22	-0.0018836447362120395	-0.0018836447362120395	-1.0
Unique Binding	Bound Only	K562	TBRG4_5	0.0001	1	0.8547008547008548	0	0.0	1	-0.00010028408353895824	-0.00010028408353895824	-1.0
Unique Binding	Bound Only	K562	TBRG4_5	0.001	0	0.0	0	0.0	0	0.0		
Unique Binding	Bound Only	K562	TBRG4_5	0.01	0	0.0	0	0.0	0	0.0		
Unique Binding	Bound Only	K562	TBRG4_5	0.1	0	0.0	0	0.0	0	0.0		
Unique Binding	Bound Only	K562	TBRG4_6	0.0	0	0.0	0	0.0	0	0.0		
Unique Binding	Bound Only	K562	TBRG4_6	1e-05	0	0.0	0	0.0	0	0.0		
Unique Binding	Bound Only	K562	TBRG4_6	0.0001	0	0.0	0	0.0	0	0.0		
Unique Binding	Bound Only	K562	TBRG4_6	0.001	0	0.0	0	0.0	0	0.0		
Unique Binding	Bound Only	K562	TBRG4_6	0.01	0	0.0	0	0.0	0	0.0		
Unique Binding	Bound Only	K562	TBRG4_6	0.1	0	0.0	0	0.0	0	0.0		
Unique Binding	Bound Only	K562	TIA1_1	0.0	722	100.0	95	0.2618224333877464	627	-0.48540902679265546	-0.22358659340490905	-0.29921999449933384
Unique Binding	Bound Only	K562	TIA1_1	1e-05	722	100.0	95	0.2618224333877464	627	-0.48540902679265546	-0.22358659340490905	-0.29921999449933384
Unique Binding	Bound Only	K562	TIA1_1	0.0001	480	66.4819944598338	95	0.2618224333877464	385	-0.4710837983013711	-0.20926136491362468	-0.2855226983557546
Unique Binding	Bound Only	K562	TIA1_1	0.001	140	19.390581717451525	78	0.2528180405180339	62	-0.3824357105652504	-0.12961767004721647	-0.20404077870643392
Unique Binding	Bound Only	K562	TIA1_1	0.01	14	1.9390581717451523	1	0.01032203772098346	13	-0.2391666581949557	-0.22884462047397225	-0.9172544657136589
Unique Binding	Bound Only	K562	TIA1_1	0.1	0	0.0	0	0.0	0	0.0		
Unique Binding	Bound Only	K562	TIA1_2	0.0	6041	100.0	0	0.0	6041	-119.26650469797812	-119.26650469797812	-1.0
Unique Binding	Bound Only	K562	TIA1_2	1e-05	6041	100.0	0	0.0	6041	-119.26650469797812	-119.26650469797812	-1.0
Unique Binding	Bound Only	K562	TIA1_2	0.0001	6041	100.0	0	0.0	6041	-119.26650469797812	-119.26650469797812	-1.0
Unique Binding	Bound Only	K562	TIA1_2	0.001	6041	100.0	0	0.0	6041	-119.26650469797812	-119.26650469797812	-1.0
Unique Binding	Bound Only	K562	TIA1_2	0.01	4437	73.44810461844065	0	0.0	4437	-107.34059716901223	-107.34059716901223	-1.0
Unique Binding	Bound Only	K562	TIA1_2	0.1	4	0.06621420294653203	0	0.0	4	-0.48492071859275737	-0.48492071859275737	-1.0
Unique Binding	Bound Only	K562	TIA1_3	0.0	902	100.0	11	0.004128308618708233	891	-10.08415521273144	-10.080026904112732	-0.9991815637199387
Unique Binding	Bound Only	K562	TIA1_3	1e-05	902	100.0	11	0.004128308618708233	891	-10.08415521273144	-10.080026904112732	-0.9991815637199387
Unique Binding	Bound Only	K562	TIA1_3	0.0001	901	99.88913525498891	11	0.004128308618708233	890	-10.084122447504424	-10.079994138885715	-0.9991815610617721
Unique Binding	Bound Only	K562	TIA1_3	0.001	855	94.78935698447893	0	0.0	855	-10.064244156909558	-10.064244156909558	-1.0
Unique Binding	Bound Only	K562	TIA1_3	0.01	278	30.820399113082043	0	0.0	278	-6.9693231256048875	-6.9693231256048875	-1.0
Unique Binding	Bound Only	K562	TIA1_3	0.1	8	0.8869179600886918	0	0.0	8	-0.8886433644843559	-0.8886433644843559	-1.0
Unique Binding	Bound Only	K562	TIA1_4	0.0	4866	100.0	33	0.07539345338846079	4833	-26.012401183498206	-25.937007730109745	-0.9942200209379248
Unique Binding	Bound Only	K562	TIA1_4	1e-05	4863	99.9383477188656	32	0.07538440421317177	4831	-26.012386502023595	-25.937002097810424	-0.994220709428635
Unique Binding	Bound Only	K562	TIA1_4	0.0001	4803	98.70530209617756	26	0.07516269791838744	4777	-26.008436359803113	-25.933273661884726	-0.994236784751057
Unique Binding	Bound Only	K562	TIA1_4	0.001	3736	76.7776407727086	16	0.0723418965810318	3720	-25.409583430838026	-25.337241534256993	-0.9943221012029894
Unique Binding	Bound Only	K562	TIA1_4	0.01	765	15.721331689272503	2	0.024420466037383144	763	-13.638535022656985	-13.614114556619601	-0.996425302555133
Unique Binding	Bound Only	K562	TIA1_4	0.1	2	0.04110152075626798	0	0.0	2	-0.2164411785010466	-0.2164411785010466	-1.0
Unique Binding	Bound Only	K562	TIA1_5	0.0	1087	100.0	0	0.0	1087	-1.5477015834939092	-1.5477015834939092	-1.0
Unique Binding	Bound Only	K562	TIA1_5	1e-05	1087	100.0	0	0.0	1087	-1.5477015834939092	-1.5477015834939092	-1.0
Unique Binding	Bound Only	K562	TIA1_5	0.0001	1055	97.05611775528979	0	0.0	1055	-1.545012374873044	-1.545012374873044	-1.0
Unique Binding	Bound Only	K562	TIA1_5	0.001	327	30.082796688132476	0	0.0	327	-1.217610833080128	-1.217610833080128	-1.0
Unique Binding	Bound Only	K562	TIA1_5	0.01	16	1.4719411223551058	0	0.0	16	-0.21471378048166145	-0.21471378048166145	-1.0
Unique Binding	Bound Only	K562	TIA1_5	0.1	0	0.0	0	0.0	0	0.0		
Unique Binding	Bound Only	K562	TIA1_6	0.0	4284	100.0	88	0.124626819335099	4196	-39.044104057140245	-38.91947723780515	-0.9936364126921483
Unique Binding	Bound Only	K562	TIA1_6	1e-05	4281	99.92997198879551	88	0.124626819335099	4193	-39.04408162237095	-38.919454803035855	-0.9936364090472588
Unique Binding	Bound Only	K562	TIA1_6	0.0001	4267	99.60317460317461	82	0.12430252345820322	4185	-39.0437775110136	-38.9194749875554	-0.9936528661425933
Unique Binding	Bound Only	K562	TIA1_6	0.001	4181	97.59570494864612	40	0.10358113381814105	4141	-39.02783684022713	-38.92425570640899	-0.9947059861778155
Unique Binding	Bound Only	K562	TIA1_6	0.01	1388	32.399626517273575	1	0.01183748917007264	1387	-24.006339813137714	-23.99450232396764	-0.9990142891343436
Unique Binding	Bound Only	K562	TIA1_6	0.1	0	0.0	0	0.0	0	0.0		
Unique Binding	Bound Only	K562	TRA2A_1	0.0	1684	100.0	132	0.2920198078919741	1552	-1.8250944808011464	-1.5330746729091724	-0.7241341108020808
Unique Binding	Bound Only	K562	TRA2A_1	1e-05	1676	99.5249406175772	129	0.29200664412467814	1547	-1.8250610180439806	-1.5330543739193025	-0.7241404709516412
Unique Binding	Bound Only	K562	TRA2A_1	0.0001	1586	94.18052256532067	112	0.29138531178808524	1474	-1.8203549767311604	-1.5289696649430753	-0.7240330040846028
Unique Binding	Bound Only	K562	TRA2A_1	0.001	666	39.548693586698334	78	0.2716560730658715	588	-1.37764318057435	-1.1059871075084786	-0.67058000848992
Unique Binding	Bound Only	K562	TRA2A_1	0.01	9	0.5344418052256532	1	0.011074435352825412	8	-0.14872692938520016	-0.13765249403237476	-0.8613974871743986
Unique Binding	Bound Only	K562	TRA2A_1	0.1	0	0.0	0	0.0	0	0.0		
Unique Binding	Bound Only	K562	TRA2A_2	0.0	2279	100.0	0	0.0	2279	-46.70909025078545	-46.70909025078545	-1.0
Unique Binding	Bound Only	K562	TRA2A_2	1e-05	2279	100.0	0	0.0	2279	-46.70909025078545	-46.70909025078545	-1.0
Unique Binding	Bound Only	K562	TRA2A_2	0.0001	2279	100.0	0	0.0	2279	-46.70909025078545	-46.70909025078545	-1.0
Unique Binding	Bound Only	K562	TRA2A_2	0.001	2278	99.95612110574812	0	0.0	2278	-46.708603713756105	-46.708603713756105	-1.0
Unique Binding	Bound Only	K562	TRA2A_2	0.01	1472	64.58973233874507	0	0.0	1472	-41.860198213115666	-41.860198213115666	-1.0
Unique Binding	Bound Only	K562	TRA2A_2	0.1	4	0.17551557700745943	0	0.0	4	-0.4153877978810917	-0.4153877978810917	-1.0
Unique Binding	Bound Only	K562	TRA2A_3	0.0	1425	100.0	1408	22.06053219213051	17	-0.04182097577371763	22.01871121635679	0.9962156992555483
Unique Binding	Bound Only	K562	TRA2A_3	1e-05	1425	100.0	1408	22.06053219213051	17	-0.04182097577371763	22.01871121635679	0.9962156992555483
Unique Binding	Bound Only	K562	TRA2A_3	0.0001	1425	100.0	1408	22.06053219213051	17	-0.04182097577371763	22.01871121635679	0.9962156992555483
Unique Binding	Bound Only	K562	TRA2A_3	0.001	1414	99.2280701754386	1403	22.056894915707257	11	-0.03702195213915187	22.019872963568105	0.9966486746229202
Unique Binding	Bound Only	K562	TRA2A_3	0.01	897	62.94736842105263	897	18.219580317783322	0	0.0	18.219580317783322	1.0
Unique Binding	Bound Only	K562	TRA2A_3	0.1	0	0.0	0	0.0	0	0.0		
Unique Binding	Bound Only	K562	TRA2A_4	0.0	1743	100.0	962	0.8621783502604725	781	-0.6998614018145376	0.16231694844593492	0.10391345561488652
Unique Binding	Bound Only	K562	TRA2A_4	1e-05	1727	99.08204245553644	958	0.8621667887077362	769	-0.6997836812221236	0.16238310748561258	0.10396175206048913
Unique Binding	Bound Only	K562	TRA2A_4	0.0001	1244	71.37119908204245	747	0.8514336040733066	497	-0.6863018840355622	0.16513172003774435	0.10738629713282218
Unique Binding	Bound Only	K562	TRA2A_4	0.001	552	31.669535283993117	345	0.6729938652463796	207	-0.579940591822816	0.09305327342356362	0.07426826910102656
Unique Binding	Bound Only	K562	TRA2A_4	0.01	0	0.0	0	0.0	0	0.0		
Unique Binding	Bound Only	K562	TRA2A_4	0.1	0	0.0	0	0.0	0	0.0		
Unique Binding	Bound Only	K562	TRA2A_5	0.0	1896	100.0	766	0.9977231055869364	1130	-0.3284673981053948	0.6692557074815416	0.5046452267741506
Unique Binding	Bound Only	K562	TRA2A_5	1e-05	1887	99.5253164556962	765	0.9977157736004861	1122	-0.32843536598210915	0.6692804076183769	0.5046788315764915
Unique Binding	Bound Only	K562	TRA2A_5	0.0001	1611	84.96835443037975	718	0.9952577343868854	893	-0.31318312714094626	0.6820746072459392	0.5212880668137334
Unique Binding	Bound Only	K562	TRA2A_5	0.001	493	26.002109704641352	475	0.8480763900310373	18	-0.033052496110721544	0.8150238939203157	0.9249769321365683
Unique Binding	Bound Only	K562	TRA2A_5	0.01	0	0.0	0	0.0	0	0.0		
Unique Binding	Bound Only	K562	TRA2A_5	0.1	0	0.0	0	0.0	0	0.0		
Unique Binding	Bound Only	K562	TRA2A_6	0.0	2192	100.0	0	0.0	2192	-50.9701742682831	-50.9701742682831	-1.0
Unique Binding	Bound Only	K562	TRA2A_6	1e-05	2192	100.0	0	0.0	2192	-50.9701742682831	-50.9701742682831	-1.0
Unique Binding	Bound Only	K562	TRA2A_6	0.0001	2192	100.0	0	0.0	2192	-50.9701742682831	-50.9701742682831	-1.0
Unique Binding	Bound Only	K562	TRA2A_6	0.001	2164	98.72262773722628	0	0.0	2164	-50.95163292092661	-50.95163292092661	-1.0
Unique Binding	Bound Only	K562	TRA2A_6	0.01	1577	71.94343065693431	0	0.0	1577	-46.94621291306791	-46.94621291306791	-1.0
Unique Binding	Bound Only	K562	TRA2A_6	0.1	22	1.0036496350364963	0	0.0	22	-2.677707691755654	-2.677707691755654	-1.0
Unique Binding	Bound Only	K562	TROVE2_1	0.0	48	100.0	48	0.7521929559236091	0	0.0	0.7521929559236091	1.0
Unique Binding	Bound Only	K562	TROVE2_1	1e-05	48	100.0	48	0.7521929559236091	0	0.0	0.7521929559236091	1.0
Unique Binding	Bound Only	K562	TROVE2_1	0.0001	48	100.0	48	0.7521929559236091	0	0.0	0.7521929559236091	1.0
Unique Binding	Bound Only	K562	TROVE2_1	0.001	48	100.0	48	0.7521929559236091	0	0.0	0.7521929559236091	1.0
Unique Binding	Bound Only	K562	TROVE2_1	0.01	33	68.75	33	0.6265252704962412	0	0.0	0.6265252704962412	1.0
Unique Binding	Bound Only	K562	TROVE2_1	0.1	0	0.0	0	0.0	0	0.0		
Unique Binding	Bound Only	K562	TROVE2_2	0.0	118	100.0	0	0.0	118	-6.741387208986002	-6.741387208986002	-1.0
Unique Binding	Bound Only	K562	TROVE2_2	1e-05	118	100.0	0	0.0	118	-6.741387208986002	-6.741387208986002	-1.0
Unique Binding	Bound Only	K562	TROVE2_2	0.0001	118	100.0	0	0.0	118	-6.741387208986002	-6.741387208986002	-1.0
Unique Binding	Bound Only	K562	TROVE2_2	0.001	118	100.0	0	0.0	118	-6.741387208986002	-6.741387208986002	-1.0
Unique Binding	Bound Only	K562	TROVE2_2	0.01	115	97.45762711864407	0	0.0	115	-6.719411879148861	-6.719411879148861	-1.0
Unique Binding	Bound Only	K562	TROVE2_2	0.1	25	21.1864406779661	0	0.0	25	-3.2273796519255273	-3.2273796519255273	-1.0
Unique Binding	Bound Only	K562	TROVE2_3	0.0	39	100.0	39	0.30297783196663347	0	0.0	0.30297783196663347	1.0
Unique Binding	Bound Only	K562	TROVE2_3	1e-05	39	100.0	39	0.30297783196663347	0	0.0	0.30297783196663347	1.0
Unique Binding	Bound Only	K562	TROVE2_3	0.0001	39	100.0	39	0.30297783196663347	0	0.0	0.30297783196663347	1.0
Unique Binding	Bound Only	K562	TROVE2_3	0.001	39	100.0	39	0.30297783196663347	0	0.0	0.30297783196663347	1.0
Unique Binding	Bound Only	K562	TROVE2_3	0.01	10	25.64102564102564	10	0.13875236015545905	0	0.0	0.13875236015545905	1.0
Unique Binding	Bound Only	K562	TROVE2_3	0.1	0	0.0	0	0.0	0	0.0		
Unique Binding	Bound Only	K562	TROVE2_4	0.0	100	100.0	100	5.641198609558203	0	0.0	5.641198609558203	1.0
Unique Binding	Bound Only	K562	TROVE2_4	1e-05	100	100.0	100	5.641198609558203	0	0.0	5.641198609558203	1.0
Unique Binding	Bound Only	K562	TROVE2_4	0.0001	100	100.0	100	5.641198609558203	0	0.0	5.641198609558203	1.0
Unique Binding	Bound Only	K562	TROVE2_4	0.001	100	100.0	100	5.641198609558203	0	0.0	5.641198609558203	1.0
Unique Binding	Bound Only	K562	TROVE2_4	0.01	100	100.0	100	5.641198609558203	0	0.0	5.641198609558203	1.0
Unique Binding	Bound Only	K562	TROVE2_4	0.1	19	19.0	19	2.2657938488871663	0	0.0	2.2657938488871663	1.0
Unique Binding	Bound Only	K562	TROVE2_5	0.0	90	100.0	90	0.38892062131990207	0	0.0	0.38892062131990207	1.0
Unique Binding	Bound Only	K562	TROVE2_5	1e-05	90	100.0	90	0.38892062131990207	0	0.0	0.38892062131990207	1.0
Unique Binding	Bound Only	K562	TROVE2_5	0.0001	90	100.0	90	0.38892062131990207	0	0.0	0.38892062131990207	1.0
Unique Binding	Bound Only	K562	TROVE2_5	0.001	82	91.11111111111111	82	0.3815882435640914	0	0.0	0.3815882435640914	1.0
Unique Binding	Bound Only	K562	TROVE2_5	0.01	1	1.1111111111111112	1	0.01031994374664425	0	0.0	0.01031994374664425	1.0
Unique Binding	Bound Only	K562	TROVE2_5	0.1	0	0.0	0	0.0	0	0.0		
Unique Binding	Bound Only	K562	TROVE2_6	0.0	90	100.0	86	0.11247888100711077	4	-0.06261494699504305	0.04986393401206772	0.28478407594957794
Unique Binding	Bound Only	K562	TROVE2_6	1e-05	90	100.0	86	0.11247888100711077	4	-0.06261494699504305	0.04986393401206772	0.28478407594957794
Unique Binding	Bound Only	K562	TROVE2_6	0.0001	90	100.0	86	0.11247888100711077	4	-0.06261494699504305	0.04986393401206772	0.28478407594957794
Unique Binding	Bound Only	K562	TROVE2_6	0.001	58	64.44444444444444	54	0.0908220763404176	4	-0.06261494699504305	0.028207129345374546	0.18383522263531574
Unique Binding	Bound Only	K562	TROVE2_6	0.01	4	4.444444444444445	0	0.0	4	-0.06261494699504305	-0.06261494699504305	-1.0
Unique Binding	Bound Only	K562	TROVE2_6	0.1	0	0.0	0	0.0	0	0.0		
Unique Binding	Bound Only	K562	U2AF1_1	0.0	2314	100.0	1382	1.3962813882693235	932	-4.043523223961441	-2.6472418356921175	-0.48664281612984844
Unique Binding	Bound Only	K562	U2AF1_1	1e-05	2303	99.52463267070009	1374	1.3962510746639913	929	-4.043505664469671	-2.6472545898056796	-0.48664944348729877
Unique Binding	Bound Only	K562	U2AF1_1	0.0001	2225	96.15384615384616	1324	1.393259853007042	901	-4.041697807922297	-2.6484379549152552	-0.4872968880612018
Unique Binding	Bound Only	K562	U2AF1_1	0.001	1009	43.604148660328434	451	0.8768849625969569	558	-3.877930058634852	-3.0010450960378954	-0.6311591686821137
Unique Binding	Bound Only	K562	U2AF1_1	0.01	119	5.142610198789974	9	0.11343697067589094	110	-2.264765546512462	-2.151328575836571	-0.9046027662858565
Unique Binding	Bound Only	K562	U2AF1_1	0.1	0	0.0	0	0.0	0	0.0		
Unique Binding	Bound Only	K562	U2AF1_2	0.0	684	100.0	0	0.0	684	-1.7736746016945557	-1.7736746016945557	-1.0
Unique Binding	Bound Only	K562	U2AF1_2	1e-05	684	100.0	0	0.0	684	-1.7736746016945557	-1.7736746016945557	-1.0
Unique Binding	Bound Only	K562	U2AF1_2	0.0001	684	100.0	0	0.0	684	-1.7736746016945557	-1.7736746016945557	-1.0
Unique Binding	Bound Only	K562	U2AF1_2	0.001	393	57.45614035087719	0	0.0	393	-1.5891455704787707	-1.5891455704787707	-1.0
Unique Binding	Bound Only	K562	U2AF1_2	0.01	25	3.654970760233918	0	0.0	25	-0.5255739995533646	-0.5255739995533646	-1.0
Unique Binding	Bound Only	K562	U2AF1_2	0.1	0	0.0	0	0.0	0	0.0		
Unique Binding	Bound Only	K562	U2AF1_3	0.0	2808	100.0	2802	38.03528524173544	6	-0.05000189047774441	37.98528335125769	0.9973742148612842
Unique Binding	Bound Only	K562	U2AF1_3	1e-05	2808	100.0	2802	38.03528524173544	6	-0.05000189047774441	37.98528335125769	0.9973742148612842
Unique Binding	Bound Only	K562	U2AF1_3	0.0001	2808	100.0	2802	38.03528524173544	6	-0.05000189047774441	37.98528335125769	0.9973742148612842
Unique Binding	Bound Only	K562	U2AF1_3	0.001	2802	99.78632478632478	2796	38.03214802685675	6	-0.05000189047774441	37.98214613637901	0.9973739985485964
Unique Binding	Bound Only	K562	U2AF1_3	0.01	1644	58.54700854700855	1641	30.058102818122165	3	-0.033431343775380026	30.024671474346786	0.9977780233074516
Unique Binding	Bound Only	K562	U2AF1_3	0.1	0	0.0	0	0.0	0	0.0		
Unique Binding	Bound Only	K562	U2AF1_4	0.0	578	100.0	382	0.6393056699527255	196	-2.549165945236262	-1.9098602752835365	-0.5989892668905993
Unique Binding	Bound Only	K562	U2AF1_4	1e-05	578	100.0	382	0.6393056699527255	196	-2.549165945236262	-1.9098602752835365	-0.5989892668905993
Unique Binding	Bound Only	K562	U2AF1_4	0.0001	575	99.48096885813149	382	0.6393056699527255	193	-2.5489378684963353	-1.9096321985436098	-0.5989605798660416
Unique Binding	Bound Only	K562	U2AF1_4	0.001	424	73.35640138408304	255	0.5372653094982863	169	-2.5390503293468276	-2.0017850198485414	-0.6507085926332435
Unique Binding	Bound Only	K562	U2AF1_4	0.01	55	9.515570934256056	0	0.0	55	-1.9166532966409016	-1.9166532966409016	-1.0
Unique Binding	Bound Only	K562	U2AF1_4	0.1	4	0.6920415224913495	0	0.0	4	-0.4689127526506585	-0.4689127526506585	-1.0
Unique Binding	Bound Only	K562	U2AF1_5	0.0	3928	100.0	0	0.0	3928	-73.60196990977451	-73.60196990977451	-1.0
Unique Binding	Bound Only	K562	U2AF1_5	1e-05	3928	100.0	0	0.0	3928	-73.60196990977451	-73.60196990977451	-1.0
Unique Binding	Bound Only	K562	U2AF1_5	0.0001	3928	100.0	0	0.0	3928	-73.60196990977451	-73.60196990977451	-1.0
Unique Binding	Bound Only	K562	U2AF1_5	0.001	3928	100.0	0	0.0	3928	-73.60196990977451	-73.60196990977451	-1.0
Unique Binding	Bound Only	K562	U2AF1_5	0.01	2699	68.71181262729125	0	0.0	2699	-64.75913387421028	-64.75913387421028	-1.0
Unique Binding	Bound Only	K562	U2AF1_5	0.1	6	0.15274949083503053	0	0.0	6	-0.9528649000595515	-0.9528649000595515	-1.0
Unique Binding	Bound Only	K562	U2AF1_6	0.0	339	100.0	281	0.16849306112957066	58	-0.08977182650359064	0.07872123462598002	0.30480811908816435
Unique Binding	Bound Only	K562	U2AF1_6	1e-05	336	99.11504424778761	278	0.16847168805946486	58	-0.08977182650359064	0.07869986155587422	0.3047505827553242
Unique Binding	Bound Only	K562	U2AF1_6	0.0001	305	89.97050147492625	247	0.16607228250333345	58	-0.08977182650359064	0.0763004559997428	0.2982302633267895
Unique Binding	Bound Only	K562	U2AF1_6	0.001	83	24.48377581120944	55	0.09248340114201997	28	-0.07552896019788158	0.016954440944138394	0.10091186629916053
Unique Binding	Bound Only	K562	U2AF1_6	0.01	1	0.2949852507374631	0	0.0	1	-0.012013330488972858	-0.012013330488972858	-1.0
Unique Binding	Bound Only	K562	U2AF1_6	0.1	0	0.0	0	0.0	0	0.0		
Unique Binding	Bound Only	K562	U2AF2_1	0.0	5620	100.0	5252	43.27132031619847	368	-2.1996351554912836	41.07168516070718	0.9032509815255243
Unique Binding	Bound Only	K562	U2AF2_1	1e-05	5618	99.9644128113879	5251	43.27131988943071	367	-2.1996305902711164	41.07168929915959	0.9032511717012367
Unique Binding	Bound Only	K562	U2AF2_1	0.0001	5607	99.76868327402136	5245	43.27098872215227	362	-2.1992375103275257	41.07175121182474	0.903266920244325
Unique Binding	Bound Only	K562	U2AF2_1	0.001	5465	97.24199288256227	5170	43.22975439826156	295	-2.1627901912359917	41.06696420702557	0.9047072504617247
Unique Binding	Bound Only	K562	U2AF2_1	0.01	1694	30.1423487544484	1615	23.507007265185905	79	-1.3504618499337322	22.15654541525217	0.8913435761557631
Unique Binding	Bound Only	K562	U2AF2_1	0.1	0	0.0	0	0.0	0	0.0		
Unique Binding	Bound Only	K562	U2AF2_2	0.0	1005	100.0	5	0.0006622721862906437	1000	-1.1194318854297722	-1.1187696132434817	-0.9988174705103362
Unique Binding	Bound Only	K562	U2AF2_2	1e-05	1005	100.0	5	0.0006622721862906437	1000	-1.1194318854297722	-1.1187696132434817	-0.9988174705103362
Unique Binding	Bound Only	K562	U2AF2_2	0.0001	987	98.2089552238806	4	0.0006338172980718874	983	-1.1179603599687429	-1.1173265426706709	-0.9988667609559337
Unique Binding	Bound Only	K562	U2AF2_2	0.001	331	32.93532338308457	0	0.0	331	-0.8283270805823443	-0.8283270805823443	-1.0
Unique Binding	Bound Only	K562	U2AF2_2	0.01	6	0.5970149253731344	0	0.0	6	-0.08388586357454444	-0.08388586357454444	-1.0
Unique Binding	Bound Only	K562	U2AF2_2	0.1	0	0.0	0	0.0	0	0.0		
Unique Binding	Bound Only	K562	U2AF2_3	0.0	7081	100.0	6903	82.40059827424312	178	-0.6504047207714527	81.75019355347168	0.984337221771771
Unique Binding	Bound Only	K562	U2AF2_3	1e-05	7081	100.0	6903	82.40059827424312	178	-0.6504047207714527	81.75019355347168	0.984337221771771
Unique Binding	Bound Only	K562	U2AF2_3	0.0001	7071	99.85877700889705	6894	82.40012217008228	177	-0.6503558075334368	81.74976636254885	0.9843383006727856
Unique Binding	Bound Only	K562	U2AF2_3	0.001	6955	98.2205903121028	6839	82.36886049133892	116	-0.6192810896901857	81.74957940164873	0.9850754317932152
Unique Binding	Bound Only	K562	U2AF2_3	0.01	3207	45.29021324671657	3188	61.13272571142177	19	-0.29368094135265405	60.839044770069115	0.9904379579612154
Unique Binding	Bound Only	K562	U2AF2_3	0.1	0	0.0	0	0.0	0	0.0		
Unique Binding	Bound Only	K562	U2AF2_4	0.0	1320	100.0	100	0.13701156121497002	1220	-1.9208653094923718	-1.7838537482774017	-0.8668418279390294
Unique Binding	Bound Only	K562	U2AF2_4	1e-05	1317	99.77272727272727	97	0.13698903174312513	1220	-1.9208653094923718	-1.7838762777492467	-0.8668622661982194
Unique Binding	Bound Only	K562	U2AF2_4	0.0001	1300	98.48484848484848	84	0.13604337926071142	1216	-1.9205295364765949	-1.7844861572158834	-0.8676989488486594
Unique Binding	Bound Only	K562	U2AF2_4	0.001	576	43.63636363636363	36	0.1155690540632884	540	-1.5511490056961246	-1.4355799516328362	-0.8613214113969936
Unique Binding	Bound Only	K562	U2AF2_4	0.01	17	1.2878787878787878	0	0.0	17	-0.1999321062558308	-0.1999321062558308	-1.0
Unique Binding	Bound Only	K562	U2AF2_4	0.1	0	0.0	0	0.0	0	0.0		
Unique Binding	Bound Only	K562	U2AF2_5	0.0	9755	100.0	975	5.136293366210664	8780	-64.66434795321486	-59.52805458700419	-0.8528296225043068
Unique Binding	Bound Only	K562	U2AF2_5	1e-05	9751	99.95899538698103	972	5.136273746398899	8779	-64.66433853502002	-59.52806478862112	-0.8528301234467485
Unique Binding	Bound Only	K562	U2AF2_5	0.0001	9718	99.62070732957457	954	5.135310719009556	8764	-64.66345668229174	-59.528145963282185	-0.8528538279341072
Unique Binding	Bound Only	K562	U2AF2_5	0.001	9190	94.20809841107125	829	5.073415756878864	8361	-64.4247472152907	-59.35133145841183	-0.8539985651445059
Unique Binding	Bound Only	K562	U2AF2_5	0.01	2263	23.198359815479243	169	2.388753835468675	2094	-34.919100045174815	-32.53034620970614	-0.8719436479455046
Unique Binding	Bound Only	K562	U2AF2_5	0.1	0	0.0	0	0.0	0	0.0		
Unique Binding	Bound Only	K562	U2AF2_6	0.0	1061	100.0	0	0.0	1061	-9.19206874929305	-9.19206874929305	-1.0
Unique Binding	Bound Only	K562	U2AF2_6	1e-05	1061	100.0	0	0.0	1061	-9.19206874929305	-9.19206874929305	-1.0
Unique Binding	Bound Only	K562	U2AF2_6	0.0001	1061	100.0	0	0.0	1061	-9.19206874929305	-9.19206874929305	-1.0
Unique Binding	Bound Only	K562	U2AF2_6	0.001	1035	97.54948162111215	0	0.0	1035	-9.169289381075073	-9.169289381075073	-1.0
Unique Binding	Bound Only	K562	U2AF2_6	0.01	265	24.976437323279924	0	0.0	265	-5.989619329905247	-5.989619329905247	-1.0
Unique Binding	Bound Only	K562	U2AF2_6	0.1	6	0.5655042412818096	0	0.0	6	-0.8748932044116824	-0.8748932044116824	-1.0
Unique Binding	Bound Only	K562	UCHL5_1	0.0	13516	100.0	425	0.4941611988558426	13091	-48.642710582555665	-48.14854938369982	-0.9798863386723458
Unique Binding	Bound Only	K562	UCHL5_1	1e-05	13510	99.95560816809707	420	0.49414211792783674	13090	-48.64270433300619	-48.14856221507836	-0.9798871049479634
Unique Binding	Bound Only	K562	UCHL5_1	0.0001	13422	99.3045279668541	380	0.49229008288370535	13042	-48.63962683279249	-48.14733674990878	-0.9799604772706666
Unique Binding	Bound Only	K562	UCHL5_1	0.001	12192	90.20420242675348	176	0.3823596324236833	12016	-47.965460382102165	-47.58310074967848	-0.9841829628591813
Unique Binding	Bound Only	K562	UCHL5_1	0.01	561	4.150636282923942	0	0.0	561	-8.928470427805134	-8.928470427805134	-1.0
Unique Binding	Bound Only	K562	UCHL5_1	0.1	0	0.0	0	0.0	0	0.0		
Unique Binding	Bound Only	K562	UCHL5_2	0.0	18538	100.0	7	0.00589130160381431	18531	-270.3286275263643	-270.3227362247605	-0.9999564147292077
Unique Binding	Bound Only	K562	UCHL5_2	1e-05	18538	100.0	7	0.00589130160381431	18531	-270.3286275263643	-270.3227362247605	-0.9999564147292077
Unique Binding	Bound Only	K562	UCHL5_2	0.0001	18538	100.0	7	0.00589130160381431	18531	-270.3286275263643	-270.3227362247605	-0.9999564147292077
Unique Binding	Bound Only	K562	UCHL5_2	0.001	18505	99.8219872693926	2	0.003782273542815117	18503	-270.3140017894128	-270.31021951587	-0.9999720160953826
Unique Binding	Bound Only	K562	UCHL5_2	0.01	9222	49.7464667170137	0	0.0	9222	-216.04888139129238	-216.04888139129238	-1.0
Unique Binding	Bound Only	K562	UCHL5_2	0.1	0	0.0	0	0.0	0	0.0		
Unique Binding	Bound Only	K562	UCHL5_3	0.0	12742	100.0	12727	564.2990621840762	15	-0.09701995636776048	564.2020422277085	0.9996561990437646
Unique Binding	Bound Only	K562	UCHL5_3	1e-05	12742	100.0	12727	564.2990621840762	15	-0.09701995636776048	564.2020422277085	0.9996561990437646
Unique Binding	Bound Only	K562	UCHL5_3	0.0001	12739	99.97645581541359	12726	564.2990400518134	13	-0.09696107088384982	564.2020789809296	0.999656407661674
Unique Binding	Bound Only	K562	UCHL5_3	0.001	12729	99.89797520012557	12720	564.2958760472536	9	-0.0949890930967345	564.2008869541569	0.9996633925211631
Unique Binding	Bound Only	K562	UCHL5_3	0.01	12648	99.26228221629258	12646	563.8342787622869	2	-0.05102425455795141	563.7832545077289	0.9998190261236283
Unique Binding	Bound Only	K562	UCHL5_3	0.1	577	4.528331502118976	577	67.41879020738267	0	0.0	67.41879020738267	1.0
Unique Binding	Bound Only	K562	UCHL5_4	0.0	14741	100.0	14667	679.2857968559258	74	-0.6853129326313209	678.6004839232945	0.9979842880888149
Unique Binding	Bound Only	K562	UCHL5_4	1e-05	14741	100.0	14667	679.2857968559258	74	-0.6853129326313209	678.6004839232945	0.9979842880888149
Unique Binding	Bound Only	K562	UCHL5_4	0.0001	14741	100.0	14667	679.2857968559258	74	-0.6853129326313209	678.6004839232945	0.9979842880888149
Unique Binding	Bound Only	K562	UCHL5_4	0.001	14731	99.9321619971508	14662	679.2836998962239	69	-0.6834018702818414	678.600298025942	0.9979898972508923
Unique Binding	Bound Only	K562	UCHL5_4	0.01	14122	95.80082762363476	14093	675.2342561053022	29	-0.4549468267109258	674.7793092785912	0.9986533843526378
Unique Binding	Bound Only	K562	UCHL5_4	0.1	1174	7.964181534495625	1174	137.9694940848934	0	0.0	137.9694940848934	1.0
Unique Binding	Bound Only	K562	UCHL5_5	0.0	15416	100.0	163	0.2065337762856127	15253	-198.2874109171549	-198.08087714086926	-0.9979189916689438
Unique Binding	Bound Only	K562	UCHL5_5	1e-05	15414	99.98702646600934	161	0.20652397888318724	15253	-198.2874109171549	-198.0808869382717	-0.9979190902836266
Unique Binding	Bound Only	K562	UCHL5_5	0.0001	15393	99.85080435910743	151	0.20601612229079885	15242	-198.28685124483445	-198.08083512254365	-0.997924196219003
Unique Binding	Bound Only	K562	UCHL5_5	0.001	15118	98.06694343539179	59	0.16025680235008977	15059	-198.1761154487723	-198.0158586464222	-0.9983839897792707
Unique Binding	Bound Only	K562	UCHL5_5	0.01	6342	41.13907628437987	5	0.06996081769737487	6337	-151.01746383870037	-150.947503021003	-0.9990739028366329
Unique Binding	Bound Only	K562	UCHL5_5	0.1	0	0.0	0	0.0	0	0.0		
Unique Binding	Bound Only	K562	UCHL5_6	0.0	17008	100.0	1461	3.6491195137834573	15547	-120.57730757937713	-116.92818806559367	-0.9412505116798233
Unique Binding	Bound Only	K562	UCHL5_6	1e-05	16989	99.88828786453435	1452	3.64907640539042	15537	-120.5772700592584	-116.92819365386798	-0.9412511675785484
Unique Binding	Bound Only	K562	UCHL5_6	0.0001	16831	98.95931326434619	1385	3.645236988699415	15446	-120.57241593517571	-116.9271789464763	-0.9413088735313114
Unique Binding	Bound Only	K562	UCHL5_6	0.001	15194	89.33443085606774	695	3.301483413263261	14499	-120.03781042116626	-116.736327007903	-0.9464650183955948
Unique Binding	Bound Only	K562	UCHL5_6	0.01	4544	26.71683913452493	65	0.8416604610563537	4479	-72.6360661863393	-71.79440572528296	-0.9770907321317845
Unique Binding	Bound Only	K562	UCHL5_6	0.1	6	0.03527751646284102	0	0.0	6	-0.605347343660151	-0.605347343660151	-1.0
Unique Binding	Bound Only	K562	UPF1_1	0.0	238	100.0	12	0.00935116078302808	226	-0.37953836352848463	-0.3701872027454566	-0.9519083945519834
Unique Binding	Bound Only	K562	UPF1_1	1e-05	235	98.73949579831933	11	0.009351148750721443	224	-0.37953790997974196	-0.3701867612290205	-0.9519083988567408
Unique Binding	Bound Only	K562	UPF1_1	0.0001	230	96.63865546218487	11	0.009351148750721443	219	-0.3790713535632979	-0.36972020481257645	-0.9518506332922929
Unique Binding	Bound Only	K562	UPF1_1	0.001	68	28.57142857142857	1	0.0011689680616455676	67	-0.2974554344557532	-0.2962864663941076	-0.9921709809929049
Unique Binding	Bound Only	K562	UPF1_1	0.01	7	2.941176470588235	0	0.0	7	-0.07767033633284856	-0.07767033633284856	-1.0
Unique Binding	Bound Only	K562	UPF1_1	0.1	0	0.0	0	0.0	0	0.0		
Unique Binding	Bound Only	K562	UPF1_2	0.0	457	100.0	0	0.0	457	-1.4426846436910918	-1.4426846436910918	-1.0
Unique Binding	Bound Only	K562	UPF1_2	1e-05	457	100.0	0	0.0	457	-1.4426846436910918	-1.4426846436910918	-1.0
Unique Binding	Bound Only	K562	UPF1_2	0.0001	457	100.0	0	0.0	457	-1.4426846436910918	-1.4426846436910918	-1.0
Unique Binding	Bound Only	K562	UPF1_2	0.001	335	73.30415754923413	0	0.0	335	-1.3669725893616105	-1.3669725893616105	-1.0
Unique Binding	Bound Only	K562	UPF1_2	0.01	20	4.3763676148796495	0	0.0	20	-0.5087366390888205	-0.5087366390888205	-1.0
Unique Binding	Bound Only	K562	UPF1_2	0.1	0	0.0	0	0.0	0	0.0		
Unique Binding	Bound Only	K562	UPF1_3	0.0	316	100.0	316	10.937323091445595	0	0.0	10.937323091445595	1.0
Unique Binding	Bound Only	K562	UPF1_3	1e-05	316	100.0	316	10.937323091445595	0	0.0	10.937323091445595	1.0
Unique Binding	Bound Only	K562	UPF1_3	0.0001	316	100.0	316	10.937323091445595	0	0.0	10.937323091445595	1.0
Unique Binding	Bound Only	K562	UPF1_3	0.001	316	100.0	316	10.937323091445595	0	0.0	10.937323091445595	1.0
Unique Binding	Bound Only	K562	UPF1_3	0.01	296	93.67088607594937	296	10.768067285460974	0	0.0	10.768067285460974	1.0
Unique Binding	Bound Only	K562	UPF1_3	0.1	1	0.31645569620253167	1	0.10203893145038379	0	0.0	0.10203893145038379	1.0
Unique Binding	Bound Only	K562	UPF1_4	0.0	659	100.0	0	0.0	659	-0.8301099505888435	-0.8301099505888435	-1.0
Unique Binding	Bound Only	K562	UPF1_4	1e-05	659	100.0	0	0.0	659	-0.8301099505888435	-0.8301099505888435	-1.0
Unique Binding	Bound Only	K562	UPF1_4	0.0001	487	73.89984825493171	0	0.0	487	-0.8204161595614596	-0.8204161595614596	-1.0
Unique Binding	Bound Only	K562	UPF1_4	0.001	138	20.94081942336874	0	0.0	138	-0.7042909974086384	-0.7042909974086384	-1.0
Unique Binding	Bound Only	K562	UPF1_4	0.01	21	3.1866464339908953	0	0.0	21	-0.402461782267496	-0.402461782267496	-1.0
Unique Binding	Bound Only	K562	UPF1_4	0.1	0	0.0	0	0.0	0	0.0		
Unique Binding	Bound Only	K562	UPF1_5	0.0	705	100.0	33	0.09073979048583156	672	-1.0852978286123833	-0.9945580381265517	-0.8456855647944139
Unique Binding	Bound Only	K562	UPF1_5	1e-05	705	100.0	33	0.09073979048583156	672	-1.0852978286123833	-0.9945580381265517	-0.8456855647944139
Unique Binding	Bound Only	K562	UPF1_5	0.0001	684	97.02127659574468	29	0.09054006995773331	655	-1.0846606424268606	-0.9941205724691272	-0.8459155631823625
Unique Binding	Bound Only	K562	UPF1_5	0.001	327	46.38297872340426	17	0.08516634551593055	310	-0.8989651526805931	-0.8137988071646625	-0.8269208013928977
Unique Binding	Bound Only	K562	UPF1_5	0.01	14	1.9858156028368796	0	0.0	14	-0.21284068834247838	-0.21284068834247838	-1.0
Unique Binding	Bound Only	K562	UPF1_5	0.1	0	0.0	0	0.0	0	0.0		
Unique Binding	Bound Only	K562	UPF1_6	0.0	2525	100.0	1874	5.366869356037092	651	-4.683325233435106	0.6835441226019858	0.06801302367996073
Unique Binding	Bound Only	K562	UPF1_6	1e-05	2519	99.76237623762376	1873	5.366860247843212	646	-4.68331430645674	0.6835459413864715	0.06801334023537108
Unique Binding	Bound Only	K562	UPF1_6	0.0001	2455	97.22772277227722	1840	5.364906556343279	615	-4.681388739226264	0.6835178171170151	0.06803680331977194
Unique Binding	Bound Only	K562	UPF1_6	0.001	1921	76.07920792079209	1451	5.191240057890733	470	-4.6117355430726015	0.5795045148181313	0.05911516445692098
Unique Binding	Bound Only	K562	UPF1_6	0.01	180	7.128712871287128	59	0.9246128180912488	121	-3.185931037124464	-2.2613182190332153	-0.5501262846676394
Unique Binding	Bound Only	K562	UPF1_6	0.1	0	0.0	0	0.0	0	0.0		
Unique Binding	Bound Only	K562	UTP18_1	0.0	0	0.0	0	0.0	0	0.0		
Unique Binding	Bound Only	K562	UTP18_1	1e-05	0	0.0	0	0.0	0	0.0		
Unique Binding	Bound Only	K562	UTP18_1	0.0001	0	0.0	0	0.0	0	0.0		
Unique Binding	Bound Only	K562	UTP18_1	0.001	0	0.0	0	0.0	0	0.0		
Unique Binding	Bound Only	K562	UTP18_1	0.01	0	0.0	0	0.0	0	0.0		
Unique Binding	Bound Only	K562	UTP18_1	0.1	0	0.0	0	0.0	0	0.0		
Unique Binding	Bound Only	K562	UTP18_2	0.0	594	100.0	7	0.001689631604994332	587	-0.0660288804048678	-0.06433924879987347	-0.9500983835927092
Unique Binding	Bound Only	K562	UTP18_2	1e-05	293	49.32659932659932	7	0.001689631604994332	286	-0.06424065511565322	-0.06255102351065889	-0.9487449034719522
Unique Binding	Bound Only	K562	UTP18_2	0.0001	190	31.986531986531986	7	0.001689631604994332	183	-0.06255887854682568	-0.06086924694183135	-0.9474032440284853
Unique Binding	Bound Only	K562	UTP18_2	0.001	0	0.0	0	0.0	0	0.0		
Unique Binding	Bound Only	K562	UTP18_2	0.01	0	0.0	0	0.0	0	0.0		
Unique Binding	Bound Only	K562	UTP18_2	0.1	0	0.0	0	0.0	0	0.0		
Unique Binding	Bound Only	K562	UTP18_3	0.0	0	0.0	0	0.0	0	0.0		
Unique Binding	Bound Only	K562	UTP18_3	1e-05	0	0.0	0	0.0	0	0.0		
Unique Binding	Bound Only	K562	UTP18_3	0.0001	0	0.0	0	0.0	0	0.0		
Unique Binding	Bound Only	K562	UTP18_3	0.001	0	0.0	0	0.0	0	0.0		
Unique Binding	Bound Only	K562	UTP18_3	0.01	0	0.0	0	0.0	0	0.0		
Unique Binding	Bound Only	K562	UTP18_3	0.1	0	0.0	0	0.0	0	0.0		
Unique Binding	Bound Only	K562	UTP18_4	0.0	0	0.0	0	0.0	0	0.0		
Unique Binding	Bound Only	K562	UTP18_4	1e-05	0	0.0	0	0.0	0	0.0		
Unique Binding	Bound Only	K562	UTP18_4	0.0001	0	0.0	0	0.0	0	0.0		
Unique Binding	Bound Only	K562	UTP18_4	0.001	0	0.0	0	0.0	0	0.0		
Unique Binding	Bound Only	K562	UTP18_4	0.01	0	0.0	0	0.0	0	0.0		
Unique Binding	Bound Only	K562	UTP18_4	0.1	0	0.0	0	0.0	0	0.0		
Unique Binding	Bound Only	K562	UTP18_5	0.0	28	10.181818181818182	0	0.0	28	-0.007636022941126189	-0.007636022941126189	-1.0
Unique Binding	Bound Only	K562	UTP18_5	1e-05	28	10.181818181818182	0	0.0	28	-0.007636022941126189	-0.007636022941126189	-1.0
Unique Binding	Bound Only	K562	UTP18_5	0.0001	28	10.181818181818182	0	0.0	28	-0.007636022941126189	-0.007636022941126189	-1.0
Unique Binding	Bound Only	K562	UTP18_5	0.001	0	0.0	0	0.0	0	0.0		
Unique Binding	Bound Only	K562	UTP18_5	0.01	0	0.0	0	0.0	0	0.0		
Unique Binding	Bound Only	K562	UTP18_5	0.1	0	0.0	0	0.0	0	0.0		
Unique Binding	Bound Only	K562	UTP18_6	0.0	105	100.0	105	0.03393836414991718	0	0.0	0.03393836414991718	1.0
Unique Binding	Bound Only	K562	UTP18_6	1e-05	105	100.0	105	0.03393836414991718	0	0.0	0.03393836414991718	1.0
Unique Binding	Bound Only	K562	UTP18_6	0.0001	25	23.809523809523807	25	0.028060924014972063	0	0.0	0.028060924014972063	1.0
Unique Binding	Bound Only	K562	UTP18_6	0.001	14	13.333333333333334	14	0.02679343065716372	0	0.0	0.02679343065716372	1.0
Unique Binding	Bound Only	K562	UTP18_6	0.01	0	0.0	0	0.0	0	0.0		
Unique Binding	Bound Only	K562	UTP18_6	0.1	0	0.0	0	0.0	0	0.0		
Unique Binding	Bound Only	K562	UTP3_1	0.0	0		0	0.0	0	0.0		
Unique Binding	Bound Only	K562	UTP3_1	1e-05	0		0	0.0	0	0.0		
Unique Binding	Bound Only	K562	UTP3_1	0.0001	0		0	0.0	0	0.0		
Unique Binding	Bound Only	K562	UTP3_1	0.001	0		0	0.0	0	0.0		
Unique Binding	Bound Only	K562	UTP3_1	0.01	0		0	0.0	0	0.0		
Unique Binding	Bound Only	K562	UTP3_1	0.1	0		0	0.0	0	0.0		
Unique Binding	Bound Only	K562	UTP3_2	0.0	0		0	0.0	0	0.0		
Unique Binding	Bound Only	K562	UTP3_2	1e-05	0		0	0.0	0	0.0		
Unique Binding	Bound Only	K562	UTP3_2	0.0001	0		0	0.0	0	0.0		
Unique Binding	Bound Only	K562	UTP3_2	0.001	0		0	0.0	0	0.0		
Unique Binding	Bound Only	K562	UTP3_2	0.01	0		0	0.0	0	0.0		
Unique Binding	Bound Only	K562	UTP3_2	0.1	0		0	0.0	0	0.0		
Unique Binding	Bound Only	K562	UTP3_3	0.0	0	0.0	0	0.0	0	0.0		
Unique Binding	Bound Only	K562	UTP3_3	1e-05	0	0.0	0	0.0	0	0.0		
Unique Binding	Bound Only	K562	UTP3_3	0.0001	0	0.0	0	0.0	0	0.0		
Unique Binding	Bound Only	K562	UTP3_3	0.001	0	0.0	0	0.0	0	0.0		
Unique Binding	Bound Only	K562	UTP3_3	0.01	0	0.0	0	0.0	0	0.0		
Unique Binding	Bound Only	K562	UTP3_3	0.1	0	0.0	0	0.0	0	0.0		
Unique Binding	Bound Only	K562	UTP3_4	0.0	0		0	0.0	0	0.0		
Unique Binding	Bound Only	K562	UTP3_4	1e-05	0		0	0.0	0	0.0		
Unique Binding	Bound Only	K562	UTP3_4	0.0001	0		0	0.0	0	0.0		
Unique Binding	Bound Only	K562	UTP3_4	0.001	0		0	0.0	0	0.0		
Unique Binding	Bound Only	K562	UTP3_4	0.01	0		0	0.0	0	0.0		
Unique Binding	Bound Only	K562	UTP3_4	0.1	0		0	0.0	0	0.0		
Unique Binding	Bound Only	K562	UTP3_5	0.0	0		0	0.0	0	0.0		
Unique Binding	Bound Only	K562	UTP3_5	1e-05	0		0	0.0	0	0.0		
Unique Binding	Bound Only	K562	UTP3_5	0.0001	0		0	0.0	0	0.0		
Unique Binding	Bound Only	K562	UTP3_5	0.001	0		0	0.0	0	0.0		
Unique Binding	Bound Only	K562	UTP3_5	0.01	0		0	0.0	0	0.0		
Unique Binding	Bound Only	K562	UTP3_5	0.1	0		0	0.0	0	0.0		
Unique Binding	Bound Only	K562	UTP3_6	0.0	0		0	0.0	0	0.0		
Unique Binding	Bound Only	K562	UTP3_6	1e-05	0		0	0.0	0	0.0		
Unique Binding	Bound Only	K562	UTP3_6	0.0001	0		0	0.0	0	0.0		
Unique Binding	Bound Only	K562	UTP3_6	0.001	0		0	0.0	0	0.0		
Unique Binding	Bound Only	K562	UTP3_6	0.01	0		0	0.0	0	0.0		
Unique Binding	Bound Only	K562	UTP3_6	0.1	0		0	0.0	0	0.0		
Unique Binding	Bound Only	K562	WDR3_1	0.0	0	0.0	0	0.0	0	0.0		
Unique Binding	Bound Only	K562	WDR3_1	1e-05	0	0.0	0	0.0	0	0.0		
Unique Binding	Bound Only	K562	WDR3_1	0.0001	0	0.0	0	0.0	0	0.0		
Unique Binding	Bound Only	K562	WDR3_1	0.001	0	0.0	0	0.0	0	0.0		
Unique Binding	Bound Only	K562	WDR3_1	0.01	0	0.0	0	0.0	0	0.0		
Unique Binding	Bound Only	K562	WDR3_1	0.1	0	0.0	0	0.0	0	0.0		
Unique Binding	Bound Only	K562	WDR3_2	0.0	0		0	0.0	0	0.0		
Unique Binding	Bound Only	K562	WDR3_2	1e-05	0		0	0.0	0	0.0		
Unique Binding	Bound Only	K562	WDR3_2	0.0001	0		0	0.0	0	0.0		
Unique Binding	Bound Only	K562	WDR3_2	0.001	0		0	0.0	0	0.0		
Unique Binding	Bound Only	K562	WDR3_2	0.01	0		0	0.0	0	0.0		
Unique Binding	Bound Only	K562	WDR3_2	0.1	0		0	0.0	0	0.0		
Unique Binding	Bound Only	K562	WDR3_3	0.0	0	0.0	0	0.0	0	0.0		
Unique Binding	Bound Only	K562	WDR3_3	1e-05	0	0.0	0	0.0	0	0.0		
Unique Binding	Bound Only	K562	WDR3_3	0.0001	0	0.0	0	0.0	0	0.0		
Unique Binding	Bound Only	K562	WDR3_3	0.001	0	0.0	0	0.0	0	0.0		
Unique Binding	Bound Only	K562	WDR3_3	0.01	0	0.0	0	0.0	0	0.0		
Unique Binding	Bound Only	K562	WDR3_3	0.1	0	0.0	0	0.0	0	0.0		
Unique Binding	Bound Only	K562	WDR3_4	0.0	0		0	0.0	0	0.0		
Unique Binding	Bound Only	K562	WDR3_4	1e-05	0		0	0.0	0	0.0		
Unique Binding	Bound Only	K562	WDR3_4	0.0001	0		0	0.0	0	0.0		
Unique Binding	Bound Only	K562	WDR3_4	0.001	0		0	0.0	0	0.0		
Unique Binding	Bound Only	K562	WDR3_4	0.01	0		0	0.0	0	0.0		
Unique Binding	Bound Only	K562	WDR3_4	0.1	0		0	0.0	0	0.0		
Unique Binding	Bound Only	K562	WDR3_5	0.0	0		0	0.0	0	0.0		
Unique Binding	Bound Only	K562	WDR3_5	1e-05	0		0	0.0	0	0.0		
Unique Binding	Bound Only	K562	WDR3_5	0.0001	0		0	0.0	0	0.0		
Unique Binding	Bound Only	K562	WDR3_5	0.001	0		0	0.0	0	0.0		
Unique Binding	Bound Only	K562	WDR3_5	0.01	0		0	0.0	0	0.0		
Unique Binding	Bound Only	K562	WDR3_5	0.1	0		0	0.0	0	0.0		
Unique Binding	Bound Only	K562	WDR3_6	0.0	0		0	0.0	0	0.0		
Unique Binding	Bound Only	K562	WDR3_6	1e-05	0		0	0.0	0	0.0		
Unique Binding	Bound Only	K562	WDR3_6	0.0001	0		0	0.0	0	0.0		
Unique Binding	Bound Only	K562	WDR3_6	0.001	0		0	0.0	0	0.0		
Unique Binding	Bound Only	K562	WDR3_6	0.01	0		0	0.0	0	0.0		
Unique Binding	Bound Only	K562	WDR3_6	0.1	0		0	0.0	0	0.0		
Unique Binding	Bound Only	K562	WDR43_1	0.0	92	100.0	0	0.0	92	-0.6110787644445543	-0.6110787644445543	-1.0
Unique Binding	Bound Only	K562	WDR43_1	1e-05	92	100.0	0	0.0	92	-0.6110787644445543	-0.6110787644445543	-1.0
Unique Binding	Bound Only	K562	WDR43_1	0.0001	92	100.0	0	0.0	92	-0.6110787644445543	-0.6110787644445543	-1.0
Unique Binding	Bound Only	K562	WDR43_1	0.001	84	91.30434782608695	0	0.0	84	-0.6055916731175016	-0.6055916731175016	-1.0
Unique Binding	Bound Only	K562	WDR43_1	0.01	23	25.0	0	0.0	23	-0.3692518138081378	-0.3692518138081378	-1.0
Unique Binding	Bound Only	K562	WDR43_1	0.1	0	0.0	0	0.0	0	0.0		
Unique Binding	Bound Only	K562	WDR43_2	0.0	0	0.0	0	0.0	0	0.0		
Unique Binding	Bound Only	K562	WDR43_2	1e-05	0	0.0	0	0.0	0	0.0		
Unique Binding	Bound Only	K562	WDR43_2	0.0001	0	0.0	0	0.0	0	0.0		
Unique Binding	Bound Only	K562	WDR43_2	0.001	0	0.0	0	0.0	0	0.0		
Unique Binding	Bound Only	K562	WDR43_2	0.01	0	0.0	0	0.0	0	0.0		
Unique Binding	Bound Only	K562	WDR43_2	0.1	0	0.0	0	0.0	0	0.0		
Unique Binding	Bound Only	K562	WDR43_3	0.0	27	22.689075630252102	0	0.0	27	-0.037118419863490286	-0.037118419863490286	-1.0
Unique Binding	Bound Only	K562	WDR43_3	1e-05	27	22.689075630252102	0	0.0	27	-0.037118419863490286	-0.037118419863490286	-1.0
Unique Binding	Bound Only	K562	WDR43_3	0.0001	27	22.689075630252102	0	0.0	27	-0.037118419863490286	-0.037118419863490286	-1.0
Unique Binding	Bound Only	K562	WDR43_3	0.001	13	10.92436974789916	0	0.0	13	-0.025386201616841204	-0.025386201616841204	-1.0
Unique Binding	Bound Only	K562	WDR43_3	0.01	0	0.0	0	0.0	0	0.0		
Unique Binding	Bound Only	K562	WDR43_3	0.1	0	0.0	0	0.0	0	0.0		
Unique Binding	Bound Only	K562	WDR43_4	0.0	0	0.0	0	0.0	0	0.0		
Unique Binding	Bound Only	K562	WDR43_4	1e-05	0	0.0	0	0.0	0	0.0		
Unique Binding	Bound Only	K562	WDR43_4	0.0001	0	0.0	0	0.0	0	0.0		
Unique Binding	Bound Only	K562	WDR43_4	0.001	0	0.0	0	0.0	0	0.0		
Unique Binding	Bound Only	K562	WDR43_4	0.01	0	0.0	0	0.0	0	0.0		
Unique Binding	Bound Only	K562	WDR43_4	0.1	0	0.0	0	0.0	0	0.0		
Unique Binding	Bound Only	K562	WDR43_5	0.0	0	0.0	0	0.0	0	0.0		
Unique Binding	Bound Only	K562	WDR43_5	1e-05	0	0.0	0	0.0	0	0.0		
Unique Binding	Bound Only	K562	WDR43_5	0.0001	0	0.0	0	0.0	0	0.0		
Unique Binding	Bound Only	K562	WDR43_5	0.001	0	0.0	0	0.0	0	0.0		
Unique Binding	Bound Only	K562	WDR43_5	0.01	0	0.0	0	0.0	0	0.0		
Unique Binding	Bound Only	K562	WDR43_5	0.1	0	0.0	0	0.0	0	0.0		
Unique Binding	Bound Only	K562	WDR43_6	0.0	0	0.0	0	0.0	0	0.0		
Unique Binding	Bound Only	K562	WDR43_6	1e-05	0	0.0	0	0.0	0	0.0		
Unique Binding	Bound Only	K562	WDR43_6	0.0001	0	0.0	0	0.0	0	0.0		
Unique Binding	Bound Only	K562	WDR43_6	0.001	0	0.0	0	0.0	0	0.0		
Unique Binding	Bound Only	K562	WDR43_6	0.01	0	0.0	0	0.0	0	0.0		
Unique Binding	Bound Only	K562	WDR43_6	0.1	0	0.0	0	0.0	0	0.0		
Unique Binding	Bound Only	K562	WRN_1	0.0	0	0.0	0	0.0	0	0.0		
Unique Binding	Bound Only	K562	WRN_1	1e-05	0	0.0	0	0.0	0	0.0		
Unique Binding	Bound Only	K562	WRN_1	0.0001	0	0.0	0	0.0	0	0.0		
Unique Binding	Bound Only	K562	WRN_1	0.001	0	0.0	0	0.0	0	0.0		
Unique Binding	Bound Only	K562	WRN_1	0.01	0	0.0	0	0.0	0	0.0		
Unique Binding	Bound Only	K562	WRN_1	0.1	0	0.0	0	0.0	0	0.0		
Unique Binding	Bound Only	K562	WRN_2	0.0	73	78.49462365591397	0	0.0	73	-0.07083296518717357	-0.07083296518717357	-1.0
Unique Binding	Bound Only	K562	WRN_2	1e-05	64	68.81720430107528	0	0.0	64	-0.07081495659246198	-0.07081495659246198	-1.0
Unique Binding	Bound Only	K562	WRN_2	0.0001	61	65.59139784946237	0	0.0	61	-0.07076587808829791	-0.07076587808829791	-1.0
Unique Binding	Bound Only	K562	WRN_2	0.001	47	50.53763440860215	0	0.0	47	-0.059869931423136354	-0.059869931423136354	-1.0
Unique Binding	Bound Only	K562	WRN_2	0.01	0	0.0	0	0.0	0	0.0		
Unique Binding	Bound Only	K562	WRN_2	0.1	0	0.0	0	0.0	0	0.0		
Unique Binding	Bound Only	K562	WRN_3	0.0	0	0.0	0	0.0	0	0.0		
Unique Binding	Bound Only	K562	WRN_3	1e-05	0	0.0	0	0.0	0	0.0		
Unique Binding	Bound Only	K562	WRN_3	0.0001	0	0.0	0	0.0	0	0.0		
Unique Binding	Bound Only	K562	WRN_3	0.001	0	0.0	0	0.0	0	0.0		
Unique Binding	Bound Only	K562	WRN_3	0.01	0	0.0	0	0.0	0	0.0		
Unique Binding	Bound Only	K562	WRN_3	0.1	0	0.0	0	0.0	0	0.0		
Unique Binding	Bound Only	K562	WRN_4	0.0	29	100.0	29	0.0018217520144931658	0	0.0	0.0018217520144931658	1.0
Unique Binding	Bound Only	K562	WRN_4	1e-05	26	89.65517241379311	26	0.0018210586454803818	0	0.0	0.0018210586454803818	1.0
Unique Binding	Bound Only	K562	WRN_4	0.0001	1	3.4482758620689653	1	0.00010111173029746791	0	0.0	0.00010111173029746791	1.0
Unique Binding	Bound Only	K562	WRN_4	0.001	0	0.0	0	0.0	0	0.0		
Unique Binding	Bound Only	K562	WRN_4	0.01	0	0.0	0	0.0	0	0.0		
Unique Binding	Bound Only	K562	WRN_4	0.1	0	0.0	0	0.0	0	0.0		
Unique Binding	Bound Only	K562	WRN_5	0.0	76	100.0	0	0.0	76	-0.07256996500266115	-0.07256996500266115	-1.0
Unique Binding	Bound Only	K562	WRN_5	1e-05	74	97.36842105263158	0	0.0	74	-0.07256600634490436	-0.07256600634490436	-1.0
Unique Binding	Bound Only	K562	WRN_5	0.0001	57	75.0	0	0.0	57	-0.07172300584314951	-0.07172300584314951	-1.0
Unique Binding	Bound Only	K562	WRN_5	0.001	15	19.736842105263158	0	0.0	15	-0.05977379541605966	-0.05977379541605966	-1.0
Unique Binding	Bound Only	K562	WRN_5	0.01	0	0.0	0	0.0	0	0.0		
Unique Binding	Bound Only	K562	WRN_5	0.1	0	0.0	0	0.0	0	0.0		
Unique Binding	Bound Only	K562	WRN_6	0.0	37	100.0	0	0.0	37	-1.1653805232286252	-1.1653805232286252	-1.0
Unique Binding	Bound Only	K562	WRN_6	1e-05	37	100.0	0	0.0	37	-1.1653805232286252	-1.1653805232286252	-1.0
Unique Binding	Bound Only	K562	WRN_6	0.0001	37	100.0	0	0.0	37	-1.1653805232286252	-1.1653805232286252	-1.0
Unique Binding	Bound Only	K562	WRN_6	0.001	37	100.0	0	0.0	37	-1.1653805232286252	-1.1653805232286252	-1.0
Unique Binding	Bound Only	K562	WRN_6	0.01	35	94.5945945945946	0	0.0	35	-1.1554874815402414	-1.1554874815402414	-1.0
Unique Binding	Bound Only	K562	WRN_6	0.1	4	10.81081081081081	0	0.0	4	-0.45704605754934274	-0.45704605754934274	-1.0
Unique Binding	Bound Only	K562	XRCC6_1	0.0	579	100.0	0	0.0	579	-0.18913064495153517	-0.18913064495153517	-1.0
Unique Binding	Bound Only	K562	XRCC6_1	1e-05	579	100.0	0	0.0	579	-0.18913064495153517	-0.18913064495153517	-1.0
Unique Binding	Bound Only	K562	XRCC6_1	0.0001	322	55.613126079447326	0	0.0	322	-0.17119185393640374	-0.17119185393640374	-1.0
Unique Binding	Bound Only	K562	XRCC6_1	0.001	26	4.490500863557859	0	0.0	26	-0.09719756536619077	-0.09719756536619077	-1.0
Unique Binding	Bound Only	K562	XRCC6_1	0.01	0	0.0	0	0.0	0	0.0		
Unique Binding	Bound Only	K562	XRCC6_1	0.1	0	0.0	0	0.0	0	0.0		
Unique Binding	Bound Only	K562	XRCC6_2	0.0	822	100.0	254	0.035782434547042205	568	-1.4270439557110166	-1.3912615211639745	-0.9510776743086653
Unique Binding	Bound Only	K562	XRCC6_2	1e-05	795	96.71532846715328	243	0.03574880350777762	552	-1.4269636991891117	-1.3912148956813342	-0.9511198496739922
Unique Binding	Bound Only	K562	XRCC6_2	0.0001	591	71.8978102189781	205	0.033517310243234746	386	-1.4201272057015724	-1.3866098954583377	-0.9538851350855201
Unique Binding	Bound Only	K562	XRCC6_2	0.001	236	28.710462287104622	0	0.0	236	-1.3556508453551988	-1.3556508453551988	-1.0
Unique Binding	Bound Only	K562	XRCC6_2	0.01	49	5.961070559610706	0	0.0	49	-0.5686960863130417	-0.5686960863130417	-1.0
Unique Binding	Bound Only	K562	XRCC6_2	0.1	0	0.0	0	0.0	0	0.0		
Unique Binding	Bound Only	K562	XRCC6_3	0.0	496	100.0	3	0.011230851859554351	493	-4.717688122270842	-4.7064572704112875	-0.9952501398645258
Unique Binding	Bound Only	K562	XRCC6_3	1e-05	496	100.0	3	0.011230851859554351	493	-4.717688122270842	-4.7064572704112875	-0.9952501398645258
Unique Binding	Bound Only	K562	XRCC6_3	0.0001	496	100.0	3	0.011230851859554351	493	-4.717688122270842	-4.7064572704112875	-0.9952501398645258
Unique Binding	Bound Only	K562	XRCC6_3	0.001	496	100.0	3	0.011230851859554351	493	-4.717688122270842	-4.7064572704112875	-0.9952501398645258
Unique Binding	Bound Only	K562	XRCC6_3	0.01	104	20.967741935483872	0	0.0	104	-2.653797902648644	-2.653797902648644	-1.0
Unique Binding	Bound Only	K562	XRCC6_3	0.1	0	0.0	0	0.0	0	0.0		
Unique Binding	Bound Only	K562	XRCC6_4	0.0	0	0.0	0	0.0	0	0.0		
Unique Binding	Bound Only	K562	XRCC6_4	1e-05	0	0.0	0	0.0	0	0.0		
Unique Binding	Bound Only	K562	XRCC6_4	0.0001	0	0.0	0	0.0	0	0.0		
Unique Binding	Bound Only	K562	XRCC6_4	0.001	0	0.0	0	0.0	0	0.0		
Unique Binding	Bound Only	K562	XRCC6_4	0.01	0	0.0	0	0.0	0	0.0		
Unique Binding	Bound Only	K562	XRCC6_4	0.1	0	0.0	0	0.0	0	0.0		
Unique Binding	Bound Only	K562	XRCC6_5	0.0	355	100.0	0	0.0	355	-0.5161160612984483	-0.5161160612984483	-1.0
Unique Binding	Bound Only	K562	XRCC6_5	1e-05	355	100.0	0	0.0	355	-0.5161160612984483	-0.5161160612984483	-1.0
Unique Binding	Bound Only	K562	XRCC6_5	0.0001	323	90.98591549295774	0	0.0	323	-0.5136804674634796	-0.5136804674634796	-1.0
Unique Binding	Bound Only	K562	XRCC6_5	0.001	107	30.140845070422532	0	0.0	107	-0.4126101951948413	-0.4126101951948413	-1.0
Unique Binding	Bound Only	K562	XRCC6_5	0.01	6	1.6901408450704223	0	0.0	6	-0.11495878010443036	-0.11495878010443036	-1.0
Unique Binding	Bound Only	K562	XRCC6_5	0.1	0	0.0	0	0.0	0	0.0		
Unique Binding	Bound Only	K562	XRCC6_6	0.0	210	100.0	0	0.0	210	-0.09591011247541151	-0.09591011247541151	-1.0
Unique Binding	Bound Only	K562	XRCC6_6	1e-05	174	82.85714285714286	0	0.0	174	-0.0957039245687304	-0.0957039245687304	-1.0
Unique Binding	Bound Only	K562	XRCC6_6	0.0001	40	19.047619047619047	0	0.0	40	-0.09034025924436836	-0.09034025924436836	-1.0
Unique Binding	Bound Only	K562	XRCC6_6	0.001	18	8.571428571428571	0	0.0	18	-0.0828410648129488	-0.0828410648129488	-1.0
Unique Binding	Bound Only	K562	XRCC6_6	0.01	0	0.0	0	0.0	0	0.0		
Unique Binding	Bound Only	K562	XRCC6_6	0.1	0	0.0	0	0.0	0	0.0		
Unique Binding	Bound Only	K562	XRN2_1	0.0	926	100.0	0	0.0	926	-11.150256396618	-11.150256396618	-1.0
Unique Binding	Bound Only	K562	XRN2_1	1e-05	926	100.0	0	0.0	926	-11.150256396618	-11.150256396618	-1.0
Unique Binding	Bound Only	K562	XRN2_1	0.0001	926	100.0	0	0.0	926	-11.150256396618	-11.150256396618	-1.0
Unique Binding	Bound Only	K562	XRN2_1	0.001	926	100.0	0	0.0	926	-11.150256396618	-11.150256396618	-1.0
Unique Binding	Bound Only	K562	XRN2_1	0.01	362	39.09287257019439	0	0.0	362	-7.852816330440333	-7.852816330440333	-1.0
Unique Binding	Bound Only	K562	XRN2_1	0.1	0	0.0	0	0.0	0	0.0		
Unique Binding	Bound Only	K562	XRN2_2	0.0	3295	100.0	0	0.0	3295	-100.10957106758943	-100.10957106758943	-1.0
Unique Binding	Bound Only	K562	XRN2_2	1e-05	3295	100.0	0	0.0	3295	-100.10957106758943	-100.10957106758943	-1.0
Unique Binding	Bound Only	K562	XRN2_2	0.0001	3295	100.0	0	0.0	3295	-100.10957106758943	-100.10957106758943	-1.0
Unique Binding	Bound Only	K562	XRN2_2	0.001	3295	100.0	0	0.0	3295	-100.10957106758943	-100.10957106758943	-1.0
Unique Binding	Bound Only	K562	XRN2_2	0.01	2991	90.77389984825494	0	0.0	2991	-97.64586696483316	-97.64586696483316	-1.0
Unique Binding	Bound Only	K562	XRN2_2	0.1	57	1.7298937784522004	0	0.0	57	-7.265285362663022	-7.265285362663022	-1.0
Unique Binding	Bound Only	K562	XRN2_3	0.0	912	100.0	15	0.009106062460696337	897	-1.5443108500122884	-1.5352047875515922	-0.9882760868797292
Unique Binding	Bound Only	K562	XRN2_3	1e-05	912	100.0	15	0.009106062460696337	897	-1.5443108500122884	-1.5352047875515922	-0.9882760868797292
Unique Binding	Bound Only	K562	XRN2_3	0.0001	605	66.33771929824562	15	0.009106062460696337	590	-1.5254221761464022	-1.516316113685706	-0.9881317759665839
Unique Binding	Bound Only	K562	XRN2_3	0.001	310	33.99122807017544	0	0.0	310	-1.417319117058267	-1.417319117058267	-1.0
Unique Binding	Bound Only	K562	XRN2_3	0.01	34	3.7280701754385963	0	0.0	34	-0.6244237262912639	-0.6244237262912639	-1.0
Unique Binding	Bound Only	K562	XRN2_3	0.1	0	0.0	0	0.0	0	0.0		
Unique Binding	Bound Only	K562	XRN2_4	0.0	889	100.0	17	0.05375112432894076	872	-4.069173733413564	-4.015422609084623	-0.9739257317639438
Unique Binding	Bound Only	K562	XRN2_4	1e-05	889	100.0	17	0.05375112432894076	872	-4.069173733413564	-4.015422609084623	-0.9739257317639438
Unique Binding	Bound Only	K562	XRN2_4	0.0001	889	100.0	17	0.05375112432894076	872	-4.069173733413564	-4.015422609084623	-0.9739257317639438
Unique Binding	Bound Only	K562	XRN2_4	0.001	665	74.80314960629921	10	0.05160188124615467	655	-3.947725815683135	-3.8961239344369805	-0.9741947221350354
Unique Binding	Bound Only	K562	XRN2_4	0.01	78	8.773903262092238	0	0.0	78	-1.8272406512785995	-1.8272406512785995	-1.0
Unique Binding	Bound Only	K562	XRN2_4	0.1	4	0.44994375703037126	0	0.0	4	-0.4671392372644934	-0.4671392372644934	-1.0
Unique Binding	Bound Only	K562	XRN2_5	0.0	1041	100.0	745	0.39915900320977243	296	-1.529920998458474	-1.1307619952487016	-0.5861664597999209
Unique Binding	Bound Only	K562	XRN2_5	1e-05	1039	99.80787704130644	745	0.39915900320977243	294	-1.5299040437423042	-1.1307450405325317	-0.5861628225780962
Unique Binding	Bound Only	K562	XRN2_5	0.0001	965	92.69932756964458	693	0.39579432891276356	272	-1.5290303144654205	-1.1332359855526568	-0.5887476500528167
Unique Binding	Bound Only	K562	XRN2_5	0.001	235	22.574447646493756	62	0.15533559300218472	173	-1.4851628879793877	-1.329827294977203	-0.8106239112038172
Unique Binding	Bound Only	K562	XRN2_5	0.01	35	3.3621517771373677	2	0.02413892434461408	33	-0.9025576970208745	-0.8784187726762605	-0.9479032861713786
Unique Binding	Bound Only	K562	XRN2_5	0.1	0	0.0	0	0.0	0	0.0		
Unique Binding	Bound Only	K562	XRN2_6	0.0	379	100.0	66	0.3130657781291775	313	-0.852948190734775	-0.5398824126055974	-0.46301539005712333
Unique Binding	Bound Only	K562	XRN2_6	1e-05	379	100.0	66	0.3130657781291775	313	-0.852948190734775	-0.5398824126055974	-0.46301539005712333
Unique Binding	Bound Only	K562	XRN2_6	0.0001	376	99.2084432717678	64	0.3129527147796609	312	-0.8529223856080526	-0.5399696708283916	-0.4631453837969641
Unique Binding	Bound Only	K562	XRN2_6	0.001	176	46.437994722955146	55	0.3102639820635987	121	-0.7599901927130419	-0.44972621064944324	-0.4202050515180658
Unique Binding	Bound Only	K562	XRN2_6	0.01	18	4.749340369393139	0	0.0	18	-0.5513616917932465	-0.5513616917932465	-1.0
Unique Binding	Bound Only	K562	XRN2_6	0.1	0	0.0	0	0.0	0	0.0		
Unique Binding	Bound Only	K562	YBX3_1	0.0	8865	100.0	7479	21.263032839803756	1386	-4.622678478241791	16.640354361561965	0.642839370226677
Unique Binding	Bound Only	K562	YBX3_1	1e-05	8859	99.93231810490694	7473	21.26301547360029	1386	-4.622678478241791	16.6403369953585	0.642839130614628
Unique Binding	Bound Only	K562	YBX3_1	0.0001	8742	98.61252115059222	7424	21.26017210388652	1318	-4.6195067283335485	16.640665375552974	0.6430012321032141
Unique Binding	Bound Only	K562	YBX3_1	0.001	7169	80.86858432036097	6307	20.554993771685197	862	-4.393762746342849	16.16123102534235	0.6477770150053048
Unique Binding	Bound Only	K562	YBX3_1	0.01	168	1.895093062605753	46	0.5356902257698489	122	-2.116263908164445	-1.5805736823945962	-0.5960034007261444
Unique Binding	Bound Only	K562	YBX3_1	0.1	0	0.0	0	0.0	0	0.0		
Unique Binding	Bound Only	K562	YBX3_2	0.0	11497	100.0	269	0.4069004945033632	11228	-144.628832017097	-144.22193152259365	-0.9943889621204786
Unique Binding	Bound Only	K562	YBX3_2	1e-05	11492	99.95651039401582	268	0.40690009062483723	11224	-144.62881739768747	-144.22191730706263	-0.9943889671086347
Unique Binding	Bound Only	K562	YBX3_2	0.0001	11461	99.68687483691397	254	0.40620297714143494	11207	-144.6279045239251	-144.22170154678366	-0.9943985179191251
Unique Binding	Bound Only	K562	YBX3_2	0.001	11165	97.11229016265112	151	0.3512520095892536	11014	-144.5205456306031	-144.16929362101385	-0.995150857305414
Unique Binding	Bound Only	K562	YBX3_2	0.01	4744	41.26293815778029	0	0.0	4744	-109.37422785664563	-109.37422785664563	-1.0
Unique Binding	Bound Only	K562	YBX3_2	0.1	0	0.0	0	0.0	0	0.0		
Unique Binding	Bound Only	K562	YBX3_3	0.0	10505	100.0	10501	545.2172031980285	4	-0.049894632275319914	545.1673085657532	0.9998169901229181
Unique Binding	Bound Only	K562	YBX3_3	1e-05	10505	100.0	10501	545.2172031980285	4	-0.049894632275319914	545.1673085657532	0.9998169901229181
Unique Binding	Bound Only	K562	YBX3_3	0.0001	10505	100.0	10501	545.2172031980285	4	-0.049894632275319914	545.1673085657532	0.9998169901229181
Unique Binding	Bound Only	K562	YBX3_3	0.001	10504	99.99048072346501	10500	545.2170580812317	4	-0.049894632275319914	545.1671634489563	0.999816990074212
Unique Binding	Bound Only	K562	YBX3_3	0.01	10346	98.48643503093764	10343	543.9378677259585	3	-0.04200149942833796	543.8958662265302	0.9998455770082516
Unique Binding	Bound Only	K562	YBX3_3	0.1	1086	10.337934316991909	1086	128.16093192131044	0	0.0	128.16093192131044	1.0
Unique Binding	Bound Only	K562	YBX3_4	0.0	10997	100.0	10991	636.2288994500608	6	-0.07377868945617898	636.1551207606046	0.9997681019049869
Unique Binding	Bound Only	K562	YBX3_4	1e-05	10997	100.0	10991	636.2288994500608	6	-0.07377868945617898	636.1551207606046	0.9997681019049869
Unique Binding	Bound Only	K562	YBX3_4	0.0001	10997	100.0	10991	636.2288994500608	6	-0.07377868945617898	636.1551207606046	0.9997681019049869
Unique Binding	Bound Only	K562	YBX3_4	0.001	10997	100.0	10991	636.2288994500608	6	-0.07377868945617898	636.1551207606046	0.9997681019049869
Unique Binding	Bound Only	K562	YBX3_4	0.01	10982	99.8635991634082	10978	636.1533893750056	4	-0.057938859202194576	636.0954505158035	0.9998178628495566
Unique Binding	Bound Only	K562	YBX3_4	0.1	1592	14.476675456942804	1592	190.5530833388467	0	0.0	190.5530833388467	1.0
Unique Binding	Bound Only	K562	YBX3_5	0.0	12545	100.0	1325	1.7698293540793264	11220	-72.74358218783239	-70.97375283375307	-0.9524963542144668
Unique Binding	Bound Only	K562	YBX3_5	1e-05	12521	99.80868872060582	1311	1.7697541228838622	11210	-72.74355066431282	-70.97379654142895	-0.9524983054251016
Unique Binding	Bound Only	K562	YBX3_5	0.0001	12408	98.90793144679155	1257	1.7668251132755937	11151	-72.74001515882628	-70.9731900455507	-0.9525728078972864
Unique Binding	Bound Only	K562	YBX3_5	0.001	9997	79.68911917098445	574	1.4131671370272052	9423	-71.62948315575323	-70.21631601872603	-0.9613056993040988
Unique Binding	Bound Only	K562	YBX3_5	0.01	1701	13.559186927062575	1	0.012319586019522034	1700	-44.1602730795598	-44.14795349354028	-0.9994422067949331
Unique Binding	Bound Only	K562	YBX3_5	0.1	0	0.0	0	0.0	0	0.0		
Unique Binding	Bound Only	K562	YBX3_6	0.0	11640	100.0	16	0.010528511022702539	11624	-226.8910949784125	-226.8805664673898	-0.9999071975699355
Unique Binding	Bound Only	K562	YBX3_6	1e-05	11640	100.0	16	0.010528511022702539	11624	-226.8910949784125	-226.8805664673898	-0.9999071975699355
Unique Binding	Bound Only	K562	YBX3_6	0.0001	11639	99.9914089347079	15	0.01045673450902107	11624	-226.8910949784125	-226.88063824390346	-0.9999078302071529
Unique Binding	Bound Only	K562	YBX3_6	0.001	11605	99.69931271477664	0	0.0	11605	-226.88052174139568	-226.88052174139568	-1.0
Unique Binding	Bound Only	K562	YBX3_6	0.01	7206	61.907216494845365	0	0.0	7206	-199.01388087599878	-199.01388087599878	-1.0
Unique Binding	Bound Only	K562	YBX3_6	0.1	5	0.0429553264604811	0	0.0	5	-0.5137849764589284	-0.5137849764589284	-1.0
Unique Binding	Bound Only	K562	YWHAG_1	0.0	122	100.0	12	0.08091395646559513	110	-0.014965446346429295	0.06594851011916583	0.6878277104881498
Unique Binding	Bound Only	K562	YWHAG_1	1e-05	92	75.40983606557377	12	0.08091395646559513	80	-0.014743537054723182	0.06617041941087194	0.6917431868190952
Unique Binding	Bound Only	K562	YWHAG_1	0.0001	62	50.81967213114754	12	0.08091395646559513	50	-0.013929670440485351	0.06698428602510978	0.706260275046645
Unique Binding	Bound Only	K562	YWHAG_1	0.001	17	13.934426229508196	12	0.08091395646559513	5	-0.005660820594585279	0.07525313587100985	0.8692270246182605
Unique Binding	Bound Only	K562	YWHAG_1	0.01	4	3.278688524590164	4	0.04382776431369344	0	0.0	0.04382776431369344	1.0
Unique Binding	Bound Only	K562	YWHAG_1	0.1	0	0.0	0	0.0	0	0.0		
Unique Binding	Bound Only	K562	YWHAG_2	0.0	78	100.0	0	0.0	78	-0.2518229515954232	-0.2518229515954232	-1.0
Unique Binding	Bound Only	K562	YWHAG_2	1e-05	78	100.0	0	0.0	78	-0.2518229515954232	-0.2518229515954232	-1.0
Unique Binding	Bound Only	K562	YWHAG_2	0.0001	78	100.0	0	0.0	78	-0.2518229515954232	-0.2518229515954232	-1.0
Unique Binding	Bound Only	K562	YWHAG_2	0.001	63	80.76923076923077	0	0.0	63	-0.24240821736250595	-0.24240821736250595	-1.0
Unique Binding	Bound Only	K562	YWHAG_2	0.01	0	0.0	0	0.0	0	0.0		
Unique Binding	Bound Only	K562	YWHAG_2	0.1	0	0.0	0	0.0	0	0.0		
Unique Binding	Bound Only	K562	YWHAG_3	0.0	135	100.0	0	0.0	135	-7.474035020548577	-7.474035020548577	-1.0
Unique Binding	Bound Only	K562	YWHAG_3	1e-05	135	100.0	0	0.0	135	-7.474035020548577	-7.474035020548577	-1.0
Unique Binding	Bound Only	K562	YWHAG_3	0.0001	135	100.0	0	0.0	135	-7.474035020548577	-7.474035020548577	-1.0
Unique Binding	Bound Only	K562	YWHAG_3	0.001	135	100.0	0	0.0	135	-7.474035020548577	-7.474035020548577	-1.0
Unique Binding	Bound Only	K562	YWHAG_3	0.01	135	100.0	0	0.0	135	-7.474035020548577	-7.474035020548577	-1.0
Unique Binding	Bound Only	K562	YWHAG_3	0.1	32	23.703703703703706	0	0.0	32	-4.615931495074266	-4.615931495074266	-1.0
Unique Binding	Bound Only	K562	YWHAG_4	0.0	84	100.0	5	0.007753770630515744	79	-0.060974273326209895	-0.05322050269569415	-0.7743637041264299
Unique Binding	Bound Only	K562	YWHAG_4	1e-05	82	97.61904761904762	5	0.007753770630515744	77	-0.0609561545641512	-0.05320238393363546	-0.7743042039836897
Unique Binding	Bound Only	K562	YWHAG_4	0.0001	46	54.761904761904766	5	0.007753770630515744	41	-0.0593819895986592	-0.05162821896814346	-0.769012204403512
Unique Binding	Bound Only	K562	YWHAG_4	0.001	23	27.380952380952383	2	0.006996230513138581	21	-0.053836473534215244	-0.046840243021076665	-0.7699845626558858
Unique Binding	Bound Only	K562	YWHAG_4	0.01	0	0.0	0	0.0	0	0.0		
Unique Binding	Bound Only	K562	YWHAG_4	0.1	0	0.0	0	0.0	0	0.0		
Unique Binding	Bound Only	K562	YWHAG_5	0.0	29	21.48148148148148	0	0.0	29	-0.0034971664515711263	-0.0034971664515711263	-1.0
Unique Binding	Bound Only	K562	YWHAG_5	1e-05	29	21.48148148148148	0	0.0	29	-0.0034971664515711263	-0.0034971664515711263	-1.0
Unique Binding	Bound Only	K562	YWHAG_5	0.0001	23	17.037037037037038	0	0.0	23	-0.0031871901284936566	-0.0031871901284936566	-1.0
Unique Binding	Bound Only	K562	YWHAG_5	0.001	0	0.0	0	0.0	0	0.0		
Unique Binding	Bound Only	K562	YWHAG_5	0.01	0	0.0	0	0.0	0	0.0		
Unique Binding	Bound Only	K562	YWHAG_5	0.1	0	0.0	0	0.0	0	0.0		
Unique Binding	Bound Only	K562	YWHAG_6	0.0	0	0.0	0	0.0	0	0.0		
Unique Binding	Bound Only	K562	YWHAG_6	1e-05	0	0.0	0	0.0	0	0.0		
Unique Binding	Bound Only	K562	YWHAG_6	0.0001	0	0.0	0	0.0	0	0.0		
Unique Binding	Bound Only	K562	YWHAG_6	0.001	0	0.0	0	0.0	0	0.0		
Unique Binding	Bound Only	K562	YWHAG_6	0.01	0	0.0	0	0.0	0	0.0		
Unique Binding	Bound Only	K562	YWHAG_6	0.1	0	0.0	0	0.0	0	0.0		
Unique Binding	Bound Only	K562	ZC3H11A_1	0.0	0	0.0	0	0.0	0	0.0		
Unique Binding	Bound Only	K562	ZC3H11A_1	1e-05	0	0.0	0	0.0	0	0.0		
Unique Binding	Bound Only	K562	ZC3H11A_1	0.0001	0	0.0	0	0.0	0	0.0		
Unique Binding	Bound Only	K562	ZC3H11A_1	0.001	0	0.0	0	0.0	0	0.0		
Unique Binding	Bound Only	K562	ZC3H11A_1	0.01	0	0.0	0	0.0	0	0.0		
Unique Binding	Bound Only	K562	ZC3H11A_1	0.1	0	0.0	0	0.0	0	0.0		
Unique Binding	Bound Only	K562	ZC3H11A_2	0.0	0	0.0	0	0.0	0	0.0		
Unique Binding	Bound Only	K562	ZC3H11A_2	1e-05	0	0.0	0	0.0	0	0.0		
Unique Binding	Bound Only	K562	ZC3H11A_2	0.0001	0	0.0	0	0.0	0	0.0		
Unique Binding	Bound Only	K562	ZC3H11A_2	0.001	0	0.0	0	0.0	0	0.0		
Unique Binding	Bound Only	K562	ZC3H11A_2	0.01	0	0.0	0	0.0	0	0.0		
Unique Binding	Bound Only	K562	ZC3H11A_2	0.1	0	0.0	0	0.0	0	0.0		
Unique Binding	Bound Only	K562	ZC3H11A_3	0.0	100	100.0	0	0.0	100	-2.049421194505037	-2.049421194505037	-1.0
Unique Binding	Bound Only	K562	ZC3H11A_3	1e-05	100	100.0	0	0.0	100	-2.049421194505037	-2.049421194505037	-1.0
Unique Binding	Bound Only	K562	ZC3H11A_3	0.0001	86	86.0	0	0.0	86	-2.048524611283637	-2.048524611283637	-1.0
Unique Binding	Bound Only	K562	ZC3H11A_3	0.001	55	55.00000000000001	0	0.0	55	-2.0361680802155075	-2.0361680802155075	-1.0
Unique Binding	Bound Only	K562	ZC3H11A_3	0.01	48	48.0	0	0.0	48	-2.0103502056936864	-2.0103502056936864	-1.0
Unique Binding	Bound Only	K562	ZC3H11A_3	0.1	0	0.0	0	0.0	0	0.0		
Unique Binding	Bound Only	K562	ZC3H11A_4	0.0	146	100.0	126	0.2080681144558651	20	-0.013356982018839876	0.19471113243702523	0.8793543981102817
Unique Binding	Bound Only	K562	ZC3H11A_4	1e-05	145	99.31506849315068	126	0.2080681144558651	19	-0.013352278084720963	0.19471583637114412	0.8793943237881893
Unique Binding	Bound Only	K562	ZC3H11A_4	0.0001	141	96.57534246575342	123	0.20797374207063948	18	-0.01333987718301074	0.19463386488762874	0.8794482036126141
Unique Binding	Bound Only	K562	ZC3H11A_4	0.001	61	41.78082191780822	61	0.16006942260117632	0	0.0	0.16006942260117632	1.0
Unique Binding	Bound Only	K562	ZC3H11A_4	0.01	0	0.0	0	0.0	0	0.0		
Unique Binding	Bound Only	K562	ZC3H11A_4	0.1	0	0.0	0	0.0	0	0.0		
Unique Binding	Bound Only	K562	ZC3H11A_5	0.0	432	100.0	428	10.96766325937189	4	-0.05820595717636723	10.909457302195522	0.9894419286074954
Unique Binding	Bound Only	K562	ZC3H11A_5	1e-05	432	100.0	428	10.96766325937189	4	-0.05820595717636723	10.909457302195522	0.9894419286074954
Unique Binding	Bound Only	K562	ZC3H11A_5	0.0001	432	100.0	428	10.96766325937189	4	-0.05820595717636723	10.909457302195522	0.9894419286074954
Unique Binding	Bound Only	K562	ZC3H11A_5	0.001	432	100.0	428	10.96766325937189	4	-0.05820595717636723	10.909457302195522	0.9894419286074954
Unique Binding	Bound Only	K562	ZC3H11A_5	0.01	357	82.63888888888889	354	10.402482916085992	3	-0.05165568646557606	10.350827229620416	0.990117658005229
Unique Binding	Bound Only	K562	ZC3H11A_5	0.1	1	0.23148148148148145	1	0.10045147726868531	0	0.0	0.10045147726868531	1.0
Unique Binding	Bound Only	K562	ZC3H11A_6	0.0	1280	100.0	1241	15.80677627634316	39	-0.516602680929359	15.2901735954138	0.9367039529889493
Unique Binding	Bound Only	K562	ZC3H11A_6	1e-05	1279	99.921875	1241	15.80677627634316	38	-0.5165932706960719	15.290183005647087	0.9367050694763236
Unique Binding	Bound Only	K562	ZC3H11A_6	0.0001	1279	99.921875	1241	15.80677627634316	38	-0.5165932706960719	15.290183005647087	0.9367050694763236
Unique Binding	Bound Only	K562	ZC3H11A_6	0.001	1231	96.171875	1208	15.790305806595185	23	-0.5074797816449595	15.282826024950225	0.9377240817290985
Unique Binding	Bound Only	K562	ZC3H11A_6	0.01	642	50.15625	630	12.623632813382747	12	-0.4735166427092718	12.150116170673474	0.9276916485840329
Unique Binding	Bound Only	K562	ZC3H11A_6	0.1	0	0.0	0	0.0	0	0.0		
Unique Binding	Bound Only	K562	ZC3H8_1	0.0	375	100.0	0	0.0	375	-1.5126842646777738	-1.5126842646777738	-1.0
Unique Binding	Bound Only	K562	ZC3H8_1	1e-05	375	100.0	0	0.0	375	-1.5126842646777738	-1.5126842646777738	-1.0
Unique Binding	Bound Only	K562	ZC3H8_1	0.0001	368	98.13333333333333	0	0.0	368	-1.5121376213463704	-1.5121376213463704	-1.0
Unique Binding	Bound Only	K562	ZC3H8_1	0.001	224	59.73333333333334	0	0.0	224	-1.4485237131735602	-1.4485237131735602	-1.0
Unique Binding	Bound Only	K562	ZC3H8_1	0.01	41	10.933333333333334	0	0.0	41	-0.9094684608652639	-0.9094684608652639	-1.0
Unique Binding	Bound Only	K562	ZC3H8_1	0.1	0	0.0	0	0.0	0	0.0		
Unique Binding	Bound Only	K562	ZC3H8_2	0.0	26	6.914893617021277	0	0.0	26	-0.009798606322075246	-0.009798606322075246	-1.0
Unique Binding	Bound Only	K562	ZC3H8_2	1e-05	26	6.914893617021277	0	0.0	26	-0.009798606322075246	-0.009798606322075246	-1.0
Unique Binding	Bound Only	K562	ZC3H8_2	0.0001	26	6.914893617021277	0	0.0	26	-0.009798606322075246	-0.009798606322075246	-1.0
Unique Binding	Bound Only	K562	ZC3H8_2	0.001	0	0.0	0	0.0	0	0.0		
Unique Binding	Bound Only	K562	ZC3H8_2	0.01	0	0.0	0	0.0	0	0.0		
Unique Binding	Bound Only	K562	ZC3H8_2	0.1	0	0.0	0	0.0	0	0.0		
Unique Binding	Bound Only	K562	ZC3H8_3	0.0	734	100.0	1	0.00039972638426585594	733	-0.45000978764934063	-0.4496100612650748	-0.9982250535487756
Unique Binding	Bound Only	K562	ZC3H8_3	1e-05	729	99.31880108991825	1	0.00039972638426585594	728	-0.4499662806909893	-0.4495665543067235	-0.9982248820826345
Unique Binding	Bound Only	K562	ZC3H8_3	0.0001	318	43.32425068119891	1	0.00039972638426585594	317	-0.43447782760043635	-0.4340781012161705	-0.9981616600783222
Unique Binding	Bound Only	K562	ZC3H8_3	0.001	173	23.56948228882834	0	0.0	173	-0.361467892839671	-0.361467892839671	-1.0
Unique Binding	Bound Only	K562	ZC3H8_3	0.01	8	1.08991825613079	0	0.0	8	-0.10481077845281095	-0.10481077845281095	-1.0
Unique Binding	Bound Only	K562	ZC3H8_3	0.1	0	0.0	0	0.0	0	0.0		
Unique Binding	Bound Only	K562	ZC3H8_4	0.0	356	100.0	0	0.0	356	-0.20800235672900927	-0.20800235672900927	-1.0
Unique Binding	Bound Only	K562	ZC3H8_4	1e-05	353	99.15730337078652	0	0.0	353	-0.2079768095501271	-0.2079768095501271	-1.0
Unique Binding	Bound Only	K562	ZC3H8_4	0.0001	91	25.56179775280899	0	0.0	91	-0.19599763359268252	-0.19599763359268252	-1.0
Unique Binding	Bound Only	K562	ZC3H8_4	0.001	39	10.955056179775282	0	0.0	39	-0.18596023173705695	-0.18596023173705695	-1.0
Unique Binding	Bound Only	K562	ZC3H8_4	0.01	10	2.8089887640449436	0	0.0	10	-0.11173004689403417	-0.11173004689403417	-1.0
Unique Binding	Bound Only	K562	ZC3H8_4	0.1	0	0.0	0	0.0	0	0.0		
Unique Binding	Bound Only	K562	ZC3H8_5	0.0	721	100.0	0	0.0	721	-0.40089015257599075	-0.40089015257599075	-1.0
Unique Binding	Bound Only	K562	ZC3H8_5	1e-05	721	100.0	0	0.0	721	-0.40089015257599075	-0.40089015257599075	-1.0
Unique Binding	Bound Only	K562	ZC3H8_5	0.0001	297	41.19278779472954	0	0.0	297	-0.37858724197641014	-0.37858724197641014	-1.0
Unique Binding	Bound Only	K562	ZC3H8_5	0.001	80	11.095700416088766	0	0.0	80	-0.32644441005298275	-0.32644441005298275	-1.0
Unique Binding	Bound Only	K562	ZC3H8_5	0.01	9	1.248266296809986	0	0.0	9	-0.16895887298162598	-0.16895887298162598	-1.0
Unique Binding	Bound Only	K562	ZC3H8_5	0.1	0	0.0	0	0.0	0	0.0		
Unique Binding	Bound Only	K562	ZC3H8_6	0.0	55	12.331838565022421	0	0.0	55	-0.002223865228089848	-0.002223865228089848	-1.0
Unique Binding	Bound Only	K562	ZC3H8_6	1e-05	13	2.914798206278027	0	0.0	13	-0.0021222865301133848	-0.0021222865301133848	-1.0
Unique Binding	Bound Only	K562	ZC3H8_6	0.0001	10	2.242152466367713	0	0.0	10	-0.0020907972672085926	-0.0020907972672085926	-1.0
Unique Binding	Bound Only	K562	ZC3H8_6	0.001	0	0.0	0	0.0	0	0.0		
Unique Binding	Bound Only	K562	ZC3H8_6	0.01	0	0.0	0	0.0	0	0.0		
Unique Binding	Bound Only	K562	ZC3H8_6	0.1	0	0.0	0	0.0	0	0.0		
Unique Binding	Bound Only	K562	ZNF622_1	0.0	12697	100.0	4	0.043039443907570835	12693	-99.6736328259953	-99.63059338208772	-0.9991367653386772
Unique Binding	Bound Only	K562	ZNF622_1	1e-05	12697	100.0	4	0.043039443907570835	12693	-99.6736328259953	-99.63059338208772	-0.9991367653386772
Unique Binding	Bound Only	K562	ZNF622_1	0.0001	12697	100.0	4	0.043039443907570835	12693	-99.6736328259953	-99.63059338208772	-0.9991367653386772
Unique Binding	Bound Only	K562	ZNF622_1	0.001	12678	99.8503583523667	3	0.04221019722589224	12675	-99.66261115598209	-99.62040095875619	-0.9991532967683405
Unique Binding	Bound Only	K562	ZNF622_1	0.01	3367	26.518075135858865	3	0.04221019722589224	3364	-50.67273476383681	-50.630524566610916	-0.9983353941423657
Unique Binding	Bound Only	K562	ZNF622_1	0.1	4	0.0315035047649051	0	0.0	4	-0.42080757898625054	-0.42080757898625054	-1.0
Unique Binding	Bound Only	K562	ZNF622_2	0.0	17763	100.0	1087	2.721118121400908	16676	-45.13973277424612	-42.418614652845214	-0.8862904411234196
Unique Binding	Bound Only	K562	ZNF622_2	1e-05	17708	99.69036761808253	1066	2.7210108402589244	16642	-45.13955826411382	-42.418547423854896	-0.8862942546995195
Unique Binding	Bound Only	K562	ZNF622_2	0.0001	17186	96.7516748297022	898	2.712103391510582	16288	-45.1176659220433	-42.40556253053272	-0.8865934989679312
Unique Binding	Bound Only	K562	ZNF622_2	0.001	10069	56.68524460958172	519	2.547747544080107	9550	-41.592879818273495	-39.045132274193385	-0.8845622413489747
Unique Binding	Bound Only	K562	ZNF622_2	0.01	1156	6.5079096999380734	60	0.9852631237287596	1096	-18.662522455739364	-17.677259332010603	-0.8997074637501788
Unique Binding	Bound Only	K562	ZNF622_2	0.1	0	0.0	0	0.0	0	0.0		
Unique Binding	Bound Only	K562	ZNF622_3	0.0	11066	100.0	11024	456.7922290025053	42	-0.3511518228546953	456.44107717965056	0.9984637125349132
Unique Binding	Bound Only	K562	ZNF622_3	1e-05	11066	100.0	11024	456.7922290025053	42	-0.3511518228546953	456.44107717965056	0.9984637125349132
Unique Binding	Bound Only	K562	ZNF622_3	0.0001	11066	100.0	11024	456.7922290025053	42	-0.3511518228546953	456.44107717965056	0.9984637125349132
Unique Binding	Bound Only	K562	ZNF622_3	0.001	11052	99.87348635459968	11020	456.79004416307	32	-0.3474688225695715	456.4425753405004	0.998479806129669
Unique Binding	Bound Only	K562	ZNF622_3	0.01	10625	96.01482016988975	10616	454.14340566366906	9	-0.2645940999780434	453.878811563691	0.9988354337946704
Unique Binding	Bound Only	K562	ZNF622_3	0.1	471	4.25628049882523	471	53.27811018208406	0	0.0	53.27811018208406	1.0
Unique Binding	Bound Only	K562	ZNF622_4	0.0	13239	100.0	13216	585.8927478297207	23	-0.05413148460173167	585.838616345119	0.99981523415684
Unique Binding	Bound Only	K562	ZNF622_4	1e-05	13239	100.0	13216	585.8927478297207	23	-0.05413148460173167	585.838616345119	0.99981523415684
Unique Binding	Bound Only	K562	ZNF622_4	0.0001	13237	99.98489311881562	13214	585.8926254364221	23	-0.05413148460173167	585.8384939518204	0.9998152341182459
Unique Binding	Bound Only	K562	ZNF622_4	0.001	13214	99.81116398519526	13201	585.8849992149886	13	-0.04853133639380597	585.8364678785948	0.9998343452495434
Unique Binding	Bound Only	K562	ZNF622_4	0.01	12677	95.75496638718937	12677	582.1204197368379	0	0.0	582.1204197368379	1.0
Unique Binding	Bound Only	K562	ZNF622_4	0.1	890	6.722562127048872	890	103.09543675163454	0	0.0	103.09543675163454	1.0
Unique Binding	Bound Only	K562	ZNF622_5	0.0	12672	100.0	27	0.32718048439335995	12645	-139.76408706752915	-139.4369065831358	-0.9953290381319151
Unique Binding	Bound Only	K562	ZNF622_5	1e-05	12672	100.0	27	0.32718048439335995	12645	-139.76408706752915	-139.4369065831358	-0.9953290381319151
Unique Binding	Bound Only	K562	ZNF622_5	0.0001	12671	99.99210858585859	27	0.32718048439335995	12644	-139.76403695505576	-139.4368564706624	-0.9953290364610505
Unique Binding	Bound Only	K562	ZNF622_5	0.001	12632	99.68434343434343	27	0.32718048439335995	12605	-139.7338619902754	-139.40668150588203	-0.9953280301415359
Unique Binding	Bound Only	K562	ZNF622_5	0.01	4915	38.786300505050505	13	0.2363592351336331	4902	-99.12861619978617	-98.89225696465253	-0.9952426046683132
Unique Binding	Bound Only	K562	ZNF622_5	0.1	0	0.0	0	0.0	0	0.0		
Unique Binding	Bound Only	K562	ZNF622_6	0.0	15343	100.0	2373	5.461978452983997	12970	-25.99111066703065	-20.529132214046655	-0.6526904920440163
Unique Binding	Bound Only	K562	ZNF622_6	1e-05	15301	99.72625953203416	2357	5.461896734189463	12944	-25.990989995200348	-20.529093261010885	-0.65269345347015
Unique Binding	Bound Only	K562	ZNF622_6	0.0001	14879	96.97581959199636	2147	5.450974607343499	12732	-25.97878786447114	-20.52781325712764	-0.6531329428765625
Unique Binding	Bound Only	K562	ZNF622_6	0.001	9411	61.33741771491885	1087	4.966914887705196	8324	-23.37953491804947	-18.41262003034427	-0.6495564755557605
Unique Binding	Bound Only	K562	ZNF622_6	0.01	295	1.9227009059505962	86	2.004993660283547	209	-3.8210135027596763	-1.8160198424761291	-0.31170916747165966
Unique Binding	Bound Only	K562	ZNF622_6	0.1	0	0.0	0	0.0	0	0.0		
Unique Binding	Bound Only	K562	ZNF800_1	0.0	3042	100.0	433	0.2411571438151649	2609	-1.5139216424236461	-1.2727644986084812	-0.7251893810055419
Unique Binding	Bound Only	K562	ZNF800_1	1e-05	2998	98.55358316896779	423	0.24110651106646708	2575	-1.5137420359999525	-1.2726355249334853	-0.7252110314938289
Unique Binding	Bound Only	K562	ZNF800_1	0.0001	1882	61.867192636423404	374	0.23819914750423865	1508	-1.4671106433360412	-1.2289114958318026	-0.7206382690304409
Unique Binding	Bound Only	K562	ZNF800_1	0.001	426	14.003944773175542	59	0.1136471617451986	367	-1.025424449021365	-0.9117772872761665	-0.800456510949795
Unique Binding	Bound Only	K562	ZNF800_1	0.01	18	0.591715976331361	0	0.0	18	-0.25666325494146247	-0.25666325494146247	-1.0
Unique Binding	Bound Only	K562	ZNF800_1	0.1	0	0.0	0	0.0	0	0.0		
Unique Binding	Bound Only	K562	ZNF800_2	0.0	3518	100.0	24	0.022439379731031002	3494	-36.161118368649824	-36.13867898891879	-0.998759691908293
Unique Binding	Bound Only	K562	ZNF800_2	1e-05	3518	100.0	24	0.022439379731031002	3494	-36.161118368649824	-36.13867898891879	-0.998759691908293
Unique Binding	Bound Only	K562	ZNF800_2	0.0001	3517	99.97157475838546	23	0.022341857572948664	3494	-36.161118368649824	-36.13877651107688	-0.9987650789928181
Unique Binding	Bound Only	K562	ZNF800_2	0.001	3496	99.37464468447982	8	0.010024592352229637	3488	-36.15635721438384	-36.14633262203161	-0.9994456402962397
Unique Binding	Bound Only	K562	ZNF800_2	0.01	970	27.572484366117113	0	0.0	970	-22.782201335786688	-22.782201335786688	-1.0
Unique Binding	Bound Only	K562	ZNF800_2	0.1	29	0.8243320068220581	0	0.0	29	-3.333818673906556	-3.333818673906556	-1.0
Unique Binding	Bound Only	K562	ZNF800_3	0.0	3665	100.0	3665	94.2923641692378	0	0.0	94.2923641692378	1.0
Unique Binding	Bound Only	K562	ZNF800_3	1e-05	3665	100.0	3665	94.2923641692378	0	0.0	94.2923641692378	1.0
Unique Binding	Bound Only	K562	ZNF800_3	0.0001	3665	100.0	3665	94.2923641692378	0	0.0	94.2923641692378	1.0
Unique Binding	Bound Only	K562	ZNF800_3	0.001	3665	100.0	3665	94.2923641692378	0	0.0	94.2923641692378	1.0
Unique Binding	Bound Only	K562	ZNF800_3	0.01	3345	91.268758526603	3345	91.76917280375692	0	0.0	91.76917280375692	1.0
Unique Binding	Bound Only	K562	ZNF800_3	0.1	39	1.0641200545702592	39	4.281650554004352	0	0.0	4.281650554004352	1.0
Unique Binding	Bound Only	K562	ZNF800_4	0.0	3750	100.0	3750	105.66298126216499	0	0.0	105.66298126216499	1.0
Unique Binding	Bound Only	K562	ZNF800_4	1e-05	3750	100.0	3750	105.66298126216499	0	0.0	105.66298126216499	1.0
Unique Binding	Bound Only	K562	ZNF800_4	0.0001	3750	100.0	3750	105.66298126216499	0	0.0	105.66298126216499	1.0
Unique Binding	Bound Only	K562	ZNF800_4	0.001	3750	100.0	3750	105.66298126216499	0	0.0	105.66298126216499	1.0
Unique Binding	Bound Only	K562	ZNF800_4	0.01	3591	95.76	3591	104.32247114018588	0	0.0	104.32247114018588	1.0
Unique Binding	Bound Only	K562	ZNF800_4	0.1	26	0.6933333333333334	26	3.135189459092474	0	0.0	3.135189459092474	1.0
Unique Binding	Bound Only	K562	ZNF800_5	0.0	5329	100.0	1423	1.489942508101366	3906	-12.437075340359348	-10.947132832257982	-0.7860356719129153
Unique Binding	Bound Only	K562	ZNF800_5	1e-05	5315	99.73728654531807	1421	1.4899299259459955	3894	-12.437010602382225	-10.94708067643623	-0.7860362908974315
Unique Binding	Bound Only	K562	ZNF800_5	0.0001	5100	95.70275849127417	1336	1.4852371858893274	3764	-12.429838491221828	-10.944601305332501	-0.7865283351160803
Unique Binding	Bound Only	K562	ZNF800_5	0.001	2550	47.851379245637084	547	1.1001926002455766	2003	-11.606973888142377	-10.5067812878968	-0.8268390358698843
Unique Binding	Bound Only	K562	ZNF800_5	0.01	337	6.323888159129293	0	0.0	337	-6.686446723197097	-6.686446723197097	-1.0
Unique Binding	Bound Only	K562	ZNF800_5	0.1	0	0.0	0	0.0	0	0.0		
Unique Binding	Bound Only	K562	ZNF800_6	0.0	4236	100.0	32	0.025687719676543597	4204	-15.71141016285618	-15.685722443179637	-0.996735393035198
Unique Binding	Bound Only	K562	ZNF800_6	1e-05	4236	100.0	32	0.025687719676543597	4204	-15.71141016285618	-15.685722443179637	-0.996735393035198
Unique Binding	Bound Only	K562	ZNF800_6	0.0001	4234	99.95278564683665	31	0.02564376286404218	4203	-15.711392885196103	-15.68574912233206	-0.9967409667477385
Unique Binding	Bound Only	K562	ZNF800_6	0.001	3912	92.3512747875354	4	0.0074248022189446075	3908	-15.472237348145867	-15.464812545926923	-0.9990407022909387
Unique Binding	Bound Only	K562	ZNF800_6	0.01	208	4.910292728989613	0	0.0	208	-3.714390472257127	-3.714390472257127	-1.0
Unique Binding	Bound Only	K562	ZNF800_6	0.1	0	0.0	0	0.0	0	0.0		
Unique Binding	Bound Only	K562	ZRANB2_1	0.0	0	0.0	0	0.0	0	0.0		
Unique Binding	Bound Only	K562	ZRANB2_1	1e-05	0	0.0	0	0.0	0	0.0		
Unique Binding	Bound Only	K562	ZRANB2_1	0.0001	0	0.0	0	0.0	0	0.0		
Unique Binding	Bound Only	K562	ZRANB2_1	0.001	0	0.0	0	0.0	0	0.0		
Unique Binding	Bound Only	K562	ZRANB2_1	0.01	0	0.0	0	0.0	0	0.0		
Unique Binding	Bound Only	K562	ZRANB2_1	0.1	0	0.0	0	0.0	0	0.0		
Unique Binding	Bound Only	K562	ZRANB2_2	0.0	351	100.0	0	0.0	351	-0.06689930715592657	-0.06689930715592657	-1.0
Unique Binding	Bound Only	K562	ZRANB2_2	1e-05	274	78.06267806267806	0	0.0	274	-0.0664509232781593	-0.0664509232781593	-1.0
Unique Binding	Bound Only	K562	ZRANB2_2	0.0001	42	11.965811965811966	0	0.0	42	-0.05937435147498487	-0.05937435147498487	-1.0
Unique Binding	Bound Only	K562	ZRANB2_2	0.001	20	5.698005698005698	0	0.0	20	-0.05521932649715503	-0.05521932649715503	-1.0
Unique Binding	Bound Only	K562	ZRANB2_2	0.01	0	0.0	0	0.0	0	0.0		
Unique Binding	Bound Only	K562	ZRANB2_2	0.1	0	0.0	0	0.0	0	0.0		
Unique Binding	Bound Only	K562	ZRANB2_3	0.0	590	100.0	0	0.0	590	-0.9551658859378982	-0.9551658859378982	-1.0
Unique Binding	Bound Only	K562	ZRANB2_3	1e-05	590	100.0	0	0.0	590	-0.9551658859378982	-0.9551658859378982	-1.0
Unique Binding	Bound Only	K562	ZRANB2_3	0.0001	442	74.91525423728814	0	0.0	442	-0.9438951276965346	-0.9438951276965346	-1.0
Unique Binding	Bound Only	K562	ZRANB2_3	0.001	181	30.677966101694913	0	0.0	181	-0.8694672295897283	-0.8694672295897283	-1.0
Unique Binding	Bound Only	K562	ZRANB2_3	0.01	17	2.8813559322033897	0	0.0	17	-0.30160032965561745	-0.30160032965561745	-1.0
Unique Binding	Bound Only	K562	ZRANB2_3	0.1	0	0.0	0	0.0	0	0.0		
Unique Binding	Bound Only	K562	ZRANB2_4	0.0	196	100.0	7	0.0029985540042062	189	-0.16178555910218612	-0.1587870050979799	-0.9636062731087408
Unique Binding	Bound Only	K562	ZRANB2_4	1e-05	189	96.42857142857143	7	0.0029985540042062	182	-0.1617591331261976	-0.1587605791219914	-0.963600435810526
Unique Binding	Bound Only	K562	ZRANB2_4	0.0001	90	45.91836734693878	7	0.0029985540042062	83	-0.15922287030432133	-0.15622431630011513	-0.9630313441398063
Unique Binding	Bound Only	K562	ZRANB2_4	0.001	36	18.367346938775512	0	0.0	36	-0.1465588685679559	-0.1465588685679559	-1.0
Unique Binding	Bound Only	K562	ZRANB2_4	0.01	0	0.0	0	0.0	0	0.0		
Unique Binding	Bound Only	K562	ZRANB2_4	0.1	0	0.0	0	0.0	0	0.0		
Unique Binding	Bound Only	K562	ZRANB2_5	0.0	0	0.0	0	0.0	0	0.0		
Unique Binding	Bound Only	K562	ZRANB2_5	1e-05	0	0.0	0	0.0	0	0.0		
Unique Binding	Bound Only	K562	ZRANB2_5	0.0001	0	0.0	0	0.0	0	0.0		
Unique Binding	Bound Only	K562	ZRANB2_5	0.001	0	0.0	0	0.0	0	0.0		
Unique Binding	Bound Only	K562	ZRANB2_5	0.01	0	0.0	0	0.0	0	0.0		
Unique Binding	Bound Only	K562	ZRANB2_5	0.1	0	0.0	0	0.0	0	0.0		
Unique Binding	Bound Only	K562	ZRANB2_6	0.0	0	0.0	0	0.0	0	0.0		
Unique Binding	Bound Only	K562	ZRANB2_6	1e-05	0	0.0	0	0.0	0	0.0		
Unique Binding	Bound Only	K562	ZRANB2_6	0.0001	0	0.0	0	0.0	0	0.0		
Unique Binding	Bound Only	K562	ZRANB2_6	0.001	0	0.0	0	0.0	0	0.0		
Unique Binding	Bound Only	K562	ZRANB2_6	0.01	0	0.0	0	0.0	0	0.0		
Unique Binding	Bound Only	K562	ZRANB2_6	0.1	0	0.0	0	0.0	0	0.0		
