run_id	run_name	state	sweep_name	sweep_id	model.name	model.alpha	dataset.name	training.seed	dataset.window	model.l1_ratio	dataset.cell_line	platiglib_project	training.criterion	training.batch_size	training.wandb.track	dataset.target_fields	training.wandb.entity	dataset.min_read_count	training.profile.plots	training.wandb.project	dataset.fold_filter.seed	dataset.fold_filter.side	training.profile.metrics	training.wandb.save_code	dataset.three_exon_combos	training.wandb.save_model	training.wandb.save_plots	training.data_split.method	dataset.fold_filter.num_folds	training.data_split.num_folds	training.wandb.save_artifacts	dataset.fold_filter.fold_index	dataset.fold_filter.group_column	training.data_split.group_column	training.data_split.validate_frac_of_train	dataset.features.binding_matrix.in_silico_kd	dataset.features.binding_matrix.binding_format	holdout_fold_mean_r2_score	holdout_fold_mean_rmse	holdout_fold_mean_sigmoid_r2	holdout_loss	holdout_r2_score	holdout_rmse	holdout_sigmoid_r2	outer_loop_holdout_loss	outer_loop_holdout_r2_score	outer_loop_holdout_rmse	outer_loop_holdout_sigmoid_r2	model.n_jobs	training.data_split.fold_index
3hw3kt7v	neat-sweep-12	finished	ElasticNet	ha252ijh	ElasticNet	0.0001	RBPSEDataset	300	100	0.1	K562	rbpse	mean_squared_error	1024	True	['target_psi']	platiglab	40	['fancy_scatter', 'cumul_resid_dist', ['wandb_faux_pr_curve', {'thresh': 0.5}], ['wandb_faux_roc_curve', {'thresh': 0.5}]]	yogi-RBP-ML-linear-models-april-2025	17.0	train	['r2_score', 'rmse', 'sigmoid_r2']	False	all	False	False	cross_validation	5.0	5	False	1.0	ensembl_gene_id	ensembl_gene_id		True	binary	0.1752	0.3033	-0.08688	0.09198	0.1756	0.3033	-0.08628						
6fn8056a	toasty-sweep-10	finished	ElasticNet	ha252ijh	ElasticNet	0.0001	RBPSEDataset	100	100	0.1	K562	rbpse	mean_squared_error	1024	True	['target_psi']	platiglab	40	['fancy_scatter', 'cumul_resid_dist', ['wandb_faux_pr_curve', {'thresh': 0.5}], ['wandb_faux_roc_curve', {'thresh': 0.5}]]	yogi-RBP-ML-linear-models-april-2025	17.0	train	['r2_score', 'rmse', 'sigmoid_r2']	False	all	False	False	cross_validation	5.0	5	False	1.0	ensembl_gene_id	ensembl_gene_id		True	binary	0.176	0.3032	-0.08653	0.09192	0.176	0.3032	-0.08636						
92q89u14	dainty-sweep-13	finished	ElasticNet	ha252ijh	ElasticNet	0.0001	RBPSEDataset	400	100	0.1	K562	rbpse	mean_squared_error	1024	True	['target_psi']	platiglab	40	['fancy_scatter', 'cumul_resid_dist', ['wandb_faux_pr_curve', {'thresh': 0.5}], ['wandb_faux_roc_curve', {'thresh': 0.5}]]	yogi-RBP-ML-linear-models-april-2025	17.0	train	['r2_score', 'rmse', 'sigmoid_r2']	False	all	False	False	cross_validation	5.0	5	False	1.0	ensembl_gene_id	ensembl_gene_id		True	binary	0.1746	0.3034	-0.08725	0.09203	0.1751	0.3034	-0.08646						
kpysd5gh	splendid-sweep-11	finished	ElasticNet	ha252ijh	ElasticNet	0.0001	RBPSEDataset	200	100	0.1	K562	rbpse	mean_squared_error	1024	True	['target_psi']	platiglab	40	['fancy_scatter', 'cumul_resid_dist', ['wandb_faux_pr_curve', {'thresh': 0.5}], ['wandb_faux_roc_curve', {'thresh': 0.5}]]	yogi-RBP-ML-linear-models-april-2025	17.0	train	['r2_score', 'rmse', 'sigmoid_r2']	False	all	False	False	cross_validation	5.0	5	False	1.0	ensembl_gene_id	ensembl_gene_id		True	binary	0.1782	0.3026	-0.08746	0.09161	0.1788	0.3027	-0.08595						
o3g1nkq6	solar-sweep-14	finished	ElasticNet	ha252ijh	ElasticNet	0.0001	RBPSEDataset	500	100	0.1	K562	rbpse	mean_squared_error	1024	True	['target_psi']	platiglab	40	['fancy_scatter', 'cumul_resid_dist', ['wandb_faux_pr_curve', {'thresh': 0.5}], ['wandb_faux_roc_curve', {'thresh': 0.5}]]	yogi-RBP-ML-linear-models-april-2025	17.0	train	['r2_score', 'rmse', 'sigmoid_r2']	False	all	False	False	cross_validation	5.0	5	False	1.0	ensembl_gene_id	ensembl_gene_id		True	binary	0.1737	0.3035	-0.08796	0.09212	0.1743	0.3035	-0.08674						
0w7vnf21	fresh-sweep-15	finished	ElasticNet	ha252ijh	ElasticNet	0.0001	RBPSEDataset	600	100	0.1	K562	rbpse	mean_squared_error	1024	True	['target_psi']	platiglab	40	['fancy_scatter', 'cumul_resid_dist', ['wandb_faux_pr_curve', {'thresh': 0.5}], ['wandb_faux_roc_curve', {'thresh': 0.5}]]	yogi-RBP-ML-linear-models-april-2025	17.0	train	['r2_score', 'rmse', 'sigmoid_r2']	False	all	False	False	cross_validation	5.0	5	False	1.0	ensembl_gene_id	ensembl_gene_id		True	binary	0.1742	0.3034	-0.08806	0.09209	0.1746	0.3035	-0.08697						
2j6hbump	honest-sweep-17	finished	ElasticNet	ha252ijh	ElasticNet	0.0001	RBPSEDataset	800	100	0.1	K562	rbpse	mean_squared_error	1024	True	['target_psi']	platiglab	40	['fancy_scatter', 'cumul_resid_dist', ['wandb_faux_pr_curve', {'thresh': 0.5}], ['wandb_faux_roc_curve', {'thresh': 0.5}]]	yogi-RBP-ML-linear-models-april-2025	17.0	train	['r2_score', 'rmse', 'sigmoid_r2']	False	all	False	False	cross_validation	5.0	5	False	1.0	ensembl_gene_id	ensembl_gene_id		True	binary	0.1757	0.3032	-0.08695	0.09187	0.1765	0.3031	-0.08604						
4em4p2f3	woven-sweep-25	finished	ElasticNet	ha252ijh	ElasticNet	0.0001	RBPSEDataset	700	100	0.25	K562	rbpse	mean_squared_error	1024	True	['target_psi']	platiglab	40	['fancy_scatter', 'cumul_resid_dist', ['wandb_faux_pr_curve', {'thresh': 0.5}], ['wandb_faux_roc_curve', {'thresh': 0.5}]]	yogi-RBP-ML-linear-models-april-2025	17.0	train	['r2_score', 'rmse', 'sigmoid_r2']	False	all	False	False	cross_validation	5.0	5	False	1.0	ensembl_gene_id	ensembl_gene_id		True	binary	0.1795	0.3025	-0.08741	0.09148	0.18	0.3025	-0.08625						
cd7re3x8	feasible-sweep-23	finished	ElasticNet	ha252ijh	ElasticNet	0.0001	RBPSEDataset	500	100	0.25	K562	rbpse	mean_squared_error	1024	True	['target_psi']	platiglab	40	['fancy_scatter', 'cumul_resid_dist', ['wandb_faux_pr_curve', {'thresh': 0.5}], ['wandb_faux_roc_curve', {'thresh': 0.5}]]	yogi-RBP-ML-linear-models-april-2025	17.0	train	['r2_score', 'rmse', 'sigmoid_r2']	False	all	False	False	cross_validation	5.0	5	False	1.0	ensembl_gene_id	ensembl_gene_id		True	binary	0.1779	0.3027	-0.08818	0.09165	0.1785	0.3027	-0.08695						
i11c7mfe	toasty-sweep-16	finished	ElasticNet	ha252ijh	ElasticNet	0.0001	RBPSEDataset	700	100	0.1	K562	rbpse	mean_squared_error	1024	True	['target_psi']	platiglab	40	['fancy_scatter', 'cumul_resid_dist', ['wandb_faux_pr_curve', {'thresh': 0.5}], ['wandb_faux_roc_curve', {'thresh': 0.5}]]	yogi-RBP-ML-linear-models-april-2025	17.0	train	['r2_score', 'rmse', 'sigmoid_r2']	False	all	False	False	cross_validation	5.0	5	False	1.0	ensembl_gene_id	ensembl_gene_id		True	binary	0.1752	0.3032	-0.08705	0.09196	0.1758	0.3032	-0.0859						
i8mzvafx	astral-sweep-19	finished	ElasticNet	ha252ijh	ElasticNet	0.0001	RBPSEDataset	100	100	0.25	K562	rbpse	mean_squared_error	1024	True	['target_psi']	platiglab	40	['fancy_scatter', 'cumul_resid_dist', ['wandb_faux_pr_curve', {'thresh': 0.5}], ['wandb_faux_roc_curve', {'thresh': 0.5}]]	yogi-RBP-ML-linear-models-april-2025	17.0	train	['r2_score', 'rmse', 'sigmoid_r2']	False	all	False	False	cross_validation	5.0	5	False	1.0	ensembl_gene_id	ensembl_gene_id		True	binary	0.1803	0.3024	-0.08686	0.09144	0.1804	0.3024	-0.08669						
j1sm08ks	ethereal-sweep-18	finished	ElasticNet	ha252ijh	ElasticNet	0.0001	RBPSEDataset	900	100	0.1	K562	rbpse	mean_squared_error	1024	True	['target_psi']	platiglab	40	['fancy_scatter', 'cumul_resid_dist', ['wandb_faux_pr_curve', {'thresh': 0.5}], ['wandb_faux_roc_curve', {'thresh': 0.5}]]	yogi-RBP-ML-linear-models-april-2025	17.0	train	['r2_score', 'rmse', 'sigmoid_r2']	False	all	False	False	cross_validation	5.0	5	False	1.0	ensembl_gene_id	ensembl_gene_id		True	binary	0.1745	0.3033	-0.08746	0.09205	0.175	0.3034	-0.08635						
kpor31sj	solar-sweep-21	finished	ElasticNet	ha252ijh	ElasticNet	0.0001	RBPSEDataset	300	100	0.25	K562	rbpse	mean_squared_error	1024	True	['target_psi']	platiglab	40	['fancy_scatter', 'cumul_resid_dist', ['wandb_faux_pr_curve', {'thresh': 0.5}], ['wandb_faux_roc_curve', {'thresh': 0.5}]]	yogi-RBP-ML-linear-models-april-2025	17.0	train	['r2_score', 'rmse', 'sigmoid_r2']	False	all	False	False	cross_validation	5.0	5	False	1.0	ensembl_gene_id	ensembl_gene_id		True	binary	0.1797	0.3024	-0.08711	0.09148	0.18	0.3025	-0.08653						
ord878gj	curious-sweep-22	finished	ElasticNet	ha252ijh	ElasticNet	0.0001	RBPSEDataset	400	100	0.25	K562	rbpse	mean_squared_error	1024	True	['target_psi']	platiglab	40	['fancy_scatter', 'cumul_resid_dist', ['wandb_faux_pr_curve', {'thresh': 0.5}], ['wandb_faux_roc_curve', {'thresh': 0.5}]]	yogi-RBP-ML-linear-models-april-2025	17.0	train	['r2_score', 'rmse', 'sigmoid_r2']	False	all	False	False	cross_validation	5.0	5	False	1.0	ensembl_gene_id	ensembl_gene_id		True	binary	0.1789	0.3026	-0.08753	0.09155	0.1794	0.3026	-0.08675						
vwjr5civ	dry-sweep-24	finished	ElasticNet	ha252ijh	ElasticNet	0.0001	RBPSEDataset	600	100	0.25	K562	rbpse	mean_squared_error	1024	True	['target_psi']	platiglab	40	['fancy_scatter', 'cumul_resid_dist', ['wandb_faux_pr_curve', {'thresh': 0.5}], ['wandb_faux_roc_curve', {'thresh': 0.5}]]	yogi-RBP-ML-linear-models-april-2025	17.0	train	['r2_score', 'rmse', 'sigmoid_r2']	False	all	False	False	cross_validation	5.0	5	False	1.0	ensembl_gene_id	ensembl_gene_id		True	binary	0.1785	0.3026	-0.08825	0.0916	0.179	0.3027	-0.08718						
xuvwoy0i	helpful-sweep-20	finished	ElasticNet	ha252ijh	ElasticNet	0.0001	RBPSEDataset	200	100	0.25	K562	rbpse	mean_squared_error	1024	True	['target_psi']	platiglab	40	['fancy_scatter', 'cumul_resid_dist', ['wandb_faux_pr_curve', {'thresh': 0.5}], ['wandb_faux_roc_curve', {'thresh': 0.5}]]	yogi-RBP-ML-linear-models-april-2025	17.0	train	['r2_score', 'rmse', 'sigmoid_r2']	False	all	False	False	cross_validation	5.0	5	False	1.0	ensembl_gene_id	ensembl_gene_id		True	binary	0.1819	0.3019	-0.08782	0.0912	0.1825	0.302	-0.08632						
1xjxzgjz	tough-sweep-29	finished	ElasticNet	ha252ijh	ElasticNet	0.0001	RBPSEDataset	200	100	0.5	K562	rbpse	mean_squared_error	1024	True	['target_psi']	platiglab	40	['fancy_scatter', 'cumul_resid_dist', ['wandb_faux_pr_curve', {'thresh': 0.5}], ['wandb_faux_roc_curve', {'thresh': 0.5}]]	yogi-RBP-ML-linear-models-april-2025	17.0	train	['r2_score', 'rmse', 'sigmoid_r2']	False	all	False	False	cross_validation	5.0	5	False	1.0	ensembl_gene_id	ensembl_gene_id		True	binary	0.1846	0.3015	-0.08864	0.09091	0.1852	0.3015	-0.08713						
bi6u28jq	sweet-sweep-31	finished	ElasticNet	ha252ijh	ElasticNet	0.0001	RBPSEDataset	400	100	0.5	K562	rbpse	mean_squared_error	1024	True	['target_psi']	platiglab	40	['fancy_scatter', 'cumul_resid_dist', ['wandb_faux_pr_curve', {'thresh': 0.5}], ['wandb_faux_roc_curve', {'thresh': 0.5}]]	yogi-RBP-ML-linear-models-april-2025	17.0	train	['r2_score', 'rmse', 'sigmoid_r2']	False	all	False	False	cross_validation	5.0	5	False	1.0	ensembl_gene_id	ensembl_gene_id		True	binary	0.1825	0.3019	-0.0882	0.09115	0.183	0.3019	-0.08739						
fbfhtxzg	avid-sweep-30	finished	ElasticNet	ha252ijh	ElasticNet	0.0001	RBPSEDataset	300	100	0.5	K562	rbpse	mean_squared_error	1024	True	['target_psi']	platiglab	40	['fancy_scatter', 'cumul_resid_dist', ['wandb_faux_pr_curve', {'thresh': 0.5}], ['wandb_faux_roc_curve', {'thresh': 0.5}]]	yogi-RBP-ML-linear-models-april-2025	17.0	train	['r2_score', 'rmse', 'sigmoid_r2']	False	all	False	False	cross_validation	5.0	5	False	1.0	ensembl_gene_id	ensembl_gene_id		True	binary	0.1828	0.3019	-0.08785	0.09114	0.1831	0.3019	-0.08726						
ku5yroyp	still-sweep-32	finished	ElasticNet	ha252ijh	ElasticNet	0.0001	RBPSEDataset	500	100	0.5	K562	rbpse	mean_squared_error	1024	True	['target_psi']	platiglab	40	['fancy_scatter', 'cumul_resid_dist', ['wandb_faux_pr_curve', {'thresh': 0.5}], ['wandb_faux_roc_curve', {'thresh': 0.5}]]	yogi-RBP-ML-linear-models-april-2025	17.0	train	['r2_score', 'rmse', 'sigmoid_r2']	False	all	False	False	cross_validation	5.0	5	False	1.0	ensembl_gene_id	ensembl_gene_id		True	binary	0.1816	0.3021	-0.08872	0.09124	0.1822	0.3021	-0.08749						
orckduog	ethereal-sweep-27	finished	ElasticNet	ha252ijh	ElasticNet	0.0001	RBPSEDataset	900	100	0.25	K562	rbpse	mean_squared_error	1024	True	['target_psi']	platiglab	40	['fancy_scatter', 'cumul_resid_dist', ['wandb_faux_pr_curve', {'thresh': 0.5}], ['wandb_faux_roc_curve', {'thresh': 0.5}]]	yogi-RBP-ML-linear-models-april-2025	17.0	train	['r2_score', 'rmse', 'sigmoid_r2']	False	all	False	False	cross_validation	5.0	5	False	1.0	ensembl_gene_id	ensembl_gene_id		True	binary	0.1785	0.3026	-0.08776	0.09159	0.179	0.3026	-0.08664						
qm6bgk6r	colorful-sweep-28	finished	ElasticNet	ha252ijh	ElasticNet	0.0001	RBPSEDataset	100	100	0.5	K562	rbpse	mean_squared_error	1024	True	['target_psi']	platiglab	40	['fancy_scatter', 'cumul_resid_dist', ['wandb_faux_pr_curve', {'thresh': 0.5}], ['wandb_faux_roc_curve', {'thresh': 0.5}]]	yogi-RBP-ML-linear-models-april-2025	17.0	train	['r2_score', 'rmse', 'sigmoid_r2']	False	all	False	False	cross_validation	5.0	5	False	1.0	ensembl_gene_id	ensembl_gene_id		True	binary	0.1839	0.3017	-0.0875	0.09104	0.1839	0.3017	-0.08732						
xt544e87	classic-sweep-26	finished	ElasticNet	ha252ijh	ElasticNet	0.0001	RBPSEDataset	800	100	0.25	K562	rbpse	mean_squared_error	1024	True	['target_psi']	platiglab	40	['fancy_scatter', 'cumul_resid_dist', ['wandb_faux_pr_curve', {'thresh': 0.5}], ['wandb_faux_roc_curve', {'thresh': 0.5}]]	yogi-RBP-ML-linear-models-april-2025	17.0	train	['r2_score', 'rmse', 'sigmoid_r2']	False	all	False	False	cross_validation	5.0	5	False	1.0	ensembl_gene_id	ensembl_gene_id		True	binary	0.1803	0.3023	-0.08719	0.09137	0.1811	0.3023	-0.08629						
47hfxcn3	treasured-sweep-36	finished	ElasticNet	ha252ijh	ElasticNet	0.0001	RBPSEDataset	900	100	0.5	K562	rbpse	mean_squared_error	1024	True	['target_psi']	platiglab	40	['fancy_scatter', 'cumul_resid_dist', ['wandb_faux_pr_curve', {'thresh': 0.5}], ['wandb_faux_roc_curve', {'thresh': 0.5}]]	yogi-RBP-ML-linear-models-april-2025	17.0	train	['r2_score', 'rmse', 'sigmoid_r2']	False	all	False	False	cross_validation	5.0	5	False	1.0	ensembl_gene_id	ensembl_gene_id		True	binary	0.1814	0.3021	-0.08857	0.09127	0.1819	0.3021	-0.08745						
5fb1m79k	distinctive-sweep-33	finished	ElasticNet	ha252ijh	ElasticNet	0.0001	RBPSEDataset	600	100	0.5	K562	rbpse	mean_squared_error	1024	True	['target_psi']	platiglab	40	['fancy_scatter', 'cumul_resid_dist', ['wandb_faux_pr_curve', {'thresh': 0.5}], ['wandb_faux_roc_curve', {'thresh': 0.5}]]	yogi-RBP-ML-linear-models-april-2025	17.0	train	['r2_score', 'rmse', 'sigmoid_r2']	False	all	False	False	cross_validation	5.0	5	False	1.0	ensembl_gene_id	ensembl_gene_id		True	binary	0.1821	0.3019	-0.08881	0.09121	0.1825	0.302	-0.08772						
eljut1ga	absurd-sweep-39	finished	ElasticNet	ha252ijh	ElasticNet	0.0001	RBPSEDataset	300	100	0.75	K562	rbpse	mean_squared_error	1024	True	['target_psi']	platiglab	40	['fancy_scatter', 'cumul_resid_dist', ['wandb_faux_pr_curve', {'thresh': 0.5}], ['wandb_faux_roc_curve', {'thresh': 0.5}]]	yogi-RBP-ML-linear-models-april-2025	17.0	train	['r2_score', 'rmse', 'sigmoid_r2']	False	all	False	False	cross_validation	5.0	5	False	1.0	ensembl_gene_id	ensembl_gene_id		True	binary	0.1844	0.3016	-0.08854	0.09096	0.1847	0.3016	-0.08793						
kuodk8hp	spring-sweep-35	finished	ElasticNet	ha252ijh	ElasticNet	0.0001	RBPSEDataset	800	100	0.5	K562	rbpse	mean_squared_error	1024	True	['target_psi']	platiglab	40	['fancy_scatter', 'cumul_resid_dist', ['wandb_faux_pr_curve', {'thresh': 0.5}], ['wandb_faux_roc_curve', {'thresh': 0.5}]]	yogi-RBP-ML-linear-models-april-2025	17.0	train	['r2_score', 'rmse', 'sigmoid_r2']	False	all	False	False	cross_validation	5.0	5	False	1.0	ensembl_gene_id	ensembl_gene_id		True	binary	0.1839	0.3017	-0.08789	0.09097	0.1846	0.3016	-0.087						
mddl571u	smart-sweep-40	finished	ElasticNet	ha252ijh	ElasticNet	0.0001	RBPSEDataset	400	100	0.75	K562	rbpse	mean_squared_error	1024	True	['target_psi']	platiglab	40	['fancy_scatter', 'cumul_resid_dist', ['wandb_faux_pr_curve', {'thresh': 0.5}], ['wandb_faux_roc_curve', {'thresh': 0.5}]]	yogi-RBP-ML-linear-models-april-2025	17.0	train	['r2_score', 'rmse', 'sigmoid_r2']	False	all	False	False	cross_validation	5.0	5	False	1.0	ensembl_gene_id	ensembl_gene_id		True	binary	0.1841	0.3016	-0.0889	0.09097	0.1846	0.3016	-0.0881						
osgw1krr	true-sweep-41	finished	ElasticNet	ha252ijh	ElasticNet	0.0001	RBPSEDataset	500	100	0.75	K562	rbpse	mean_squared_error	1024	True	['target_psi']	platiglab	40	['fancy_scatter', 'cumul_resid_dist', ['wandb_faux_pr_curve', {'thresh': 0.5}], ['wandb_faux_roc_curve', {'thresh': 0.5}]]	yogi-RBP-ML-linear-models-april-2025	17.0	train	['r2_score', 'rmse', 'sigmoid_r2']	False	all	False	False	cross_validation	5.0	5	False	1.0	ensembl_gene_id	ensembl_gene_id		True	binary	0.1836	0.3017	-0.08933	0.09101	0.1842	0.3017	-0.0881						
se3hb5ve	morning-sweep-37	finished	ElasticNet	ha252ijh	ElasticNet	0.0001	RBPSEDataset	100	100	0.75	K562	rbpse	mean_squared_error	1024	True	['target_psi']	platiglab	40	['fancy_scatter', 'cumul_resid_dist', ['wandb_faux_pr_curve', {'thresh': 0.5}], ['wandb_faux_roc_curve', {'thresh': 0.5}]]	yogi-RBP-ML-linear-models-april-2025	17.0	train	['r2_score', 'rmse', 'sigmoid_r2']	False	all	False	False	cross_validation	5.0	5	False	1.0	ensembl_gene_id	ensembl_gene_id		True	binary	0.1858	0.3014	-0.08816	0.09084	0.1858	0.3014	-0.08798						
szh0404s	genial-sweep-34	finished	ElasticNet	ha252ijh	ElasticNet	0.0001	RBPSEDataset	700	100	0.5	K562	rbpse	mean_squared_error	1024	True	['target_psi']	platiglab	40	['fancy_scatter', 'cumul_resid_dist', ['wandb_faux_pr_curve', {'thresh': 0.5}], ['wandb_faux_roc_curve', {'thresh': 0.5}]]	yogi-RBP-ML-linear-models-april-2025	17.0	train	['r2_score', 'rmse', 'sigmoid_r2']	False	all	False	False	cross_validation	5.0	5	False	1.0	ensembl_gene_id	ensembl_gene_id		True	binary	0.1828	0.3018	-0.08815	0.0911	0.1834	0.3018	-0.08699						
up51hwno	grateful-sweep-42	finished	ElasticNet	ha252ijh	ElasticNet	0.0001	RBPSEDataset	600	100	0.75	K562	rbpse	mean_squared_error	1024	True	['target_psi']	platiglab	40	['fancy_scatter', 'cumul_resid_dist', ['wandb_faux_pr_curve', {'thresh': 0.5}], ['wandb_faux_roc_curve', {'thresh': 0.5}]]	yogi-RBP-ML-linear-models-april-2025	17.0	train	['r2_score', 'rmse', 'sigmoid_r2']	False	all	False	False	cross_validation	5.0	5	False	1.0	ensembl_gene_id	ensembl_gene_id		True	binary	0.1838	0.3016	-0.08947	0.09102	0.1842	0.3017	-0.08839						
z4ekjc2h	logical-sweep-38	finished	ElasticNet	ha252ijh	ElasticNet	0.0001	RBPSEDataset	200	100	0.75	K562	rbpse	mean_squared_error	1024	True	['target_psi']	platiglab	40	['fancy_scatter', 'cumul_resid_dist', ['wandb_faux_pr_curve', {'thresh': 0.5}], ['wandb_faux_roc_curve', {'thresh': 0.5}]]	yogi-RBP-ML-linear-models-april-2025	17.0	train	['r2_score', 'rmse', 'sigmoid_r2']	False	all	False	False	cross_validation	5.0	5	False	1.0	ensembl_gene_id	ensembl_gene_id		True	binary	0.186	0.3012	-0.08932	0.09075	0.1866	0.3012	-0.08784						
2hbqek9y	hopeful-sweep-49	finished	ElasticNet	ha252ijh	ElasticNet	0.0001	RBPSEDataset	400	100	0.9	K562	rbpse	mean_squared_error	1024	True	['target_psi']	platiglab	40	['fancy_scatter', 'cumul_resid_dist', ['wandb_faux_pr_curve', {'thresh': 0.5}], ['wandb_faux_roc_curve', {'thresh': 0.5}]]	yogi-RBP-ML-linear-models-april-2025	17.0	train	['r2_score', 'rmse', 'sigmoid_r2']	False	all	False	False	cross_validation	5.0	5	False	1.0	ensembl_gene_id	ensembl_gene_id		True	binary	0.1847	0.3015	-0.08929	0.09091	0.1852	0.3015	-0.08849						
5bhv74km	ancient-sweep-47	finished	ElasticNet	ha252ijh	ElasticNet	0.0001	RBPSEDataset	200	100	0.9	K562	rbpse	mean_squared_error	1024	True	['target_psi']	platiglab	40	['fancy_scatter', 'cumul_resid_dist', ['wandb_faux_pr_curve', {'thresh': 0.5}], ['wandb_faux_roc_curve', {'thresh': 0.5}]]	yogi-RBP-ML-linear-models-april-2025	17.0	train	['r2_score', 'rmse', 'sigmoid_r2']	False	all	False	False	cross_validation	5.0	5	False	1.0	ensembl_gene_id	ensembl_gene_id		True	binary	0.1867	0.3011	-0.0897	0.09068	0.1872	0.3011	-0.0882						
fnzmalv5	warm-sweep-43	finished	ElasticNet	ha252ijh	ElasticNet	0.0001	RBPSEDataset	700	100	0.75	K562	rbpse	mean_squared_error	1024	True	['target_psi']	platiglab	40	['fancy_scatter', 'cumul_resid_dist', ['wandb_faux_pr_curve', {'thresh': 0.5}], ['wandb_faux_roc_curve', {'thresh': 0.5}]]	yogi-RBP-ML-linear-models-april-2025	17.0	train	['r2_score', 'rmse', 'sigmoid_r2']	False	all	False	False	cross_validation	5.0	5	False	1.0	ensembl_gene_id	ensembl_gene_id		True	binary	0.1846	0.3015	-0.0889	0.09091	0.1852	0.3015	-0.08774						
lgzxl0x6	major-sweep-50	finished	ElasticNet	ha252ijh	ElasticNet	0.0001	RBPSEDataset	500	100	0.9	K562	rbpse	mean_squared_error	1024	True	['target_psi']	platiglab	40	['fancy_scatter', 'cumul_resid_dist', ['wandb_faux_pr_curve', {'thresh': 0.5}], ['wandb_faux_roc_curve', {'thresh': 0.5}]]	yogi-RBP-ML-linear-models-april-2025	17.0	train	['r2_score', 'rmse', 'sigmoid_r2']	False	all	False	False	cross_validation	5.0	5	False	1.0	ensembl_gene_id	ensembl_gene_id		True	binary	0.1844	0.3015	-0.08971	0.09093	0.185	0.3015	-0.08847						
m2g267hp	rare-sweep-46	finished	ElasticNet	ha252ijh	ElasticNet	0.0001	RBPSEDataset	100	100	0.9	K562	rbpse	mean_squared_error	1024	True	['target_psi']	platiglab	40	['fancy_scatter', 'cumul_resid_dist', ['wandb_faux_pr_curve', {'thresh': 0.5}], ['wandb_faux_roc_curve', {'thresh': 0.5}]]	yogi-RBP-ML-linear-models-april-2025	17.0	train	['r2_score', 'rmse', 'sigmoid_r2']	False	all	False	False	cross_validation	5.0	5	False	1.0	ensembl_gene_id	ensembl_gene_id		True	binary	0.1863	0.3013	-0.08853	0.09078	0.1863	0.3013	-0.08835						
r1lbpa42	polar-sweep-51	finished	ElasticNet	ha252ijh	ElasticNet	0.0001	RBPSEDataset	600	100	0.9	K562	rbpse	mean_squared_error	1024	True	['target_psi']	platiglab	40	['fancy_scatter', 'cumul_resid_dist', ['wandb_faux_pr_curve', {'thresh': 0.5}], ['wandb_faux_roc_curve', {'thresh': 0.5}]]	yogi-RBP-ML-linear-models-april-2025	17.0	train	['r2_score', 'rmse', 'sigmoid_r2']	False	all	False	False	cross_validation	5.0	5	False	1.0	ensembl_gene_id	ensembl_gene_id		True	binary	0.1845	0.3015	-0.08982	0.09094	0.1848	0.3016	-0.08874						
tatzp0sz	snowy-sweep-45	finished	ElasticNet	ha252ijh	ElasticNet	0.0001	RBPSEDataset	900	100	0.75	K562	rbpse	mean_squared_error	1024	True	['target_psi']	platiglab	40	['fancy_scatter', 'cumul_resid_dist', ['wandb_faux_pr_curve', {'thresh': 0.5}], ['wandb_faux_roc_curve', {'thresh': 0.5}]]	yogi-RBP-ML-linear-models-april-2025	17.0	train	['r2_score', 'rmse', 'sigmoid_r2']	False	all	False	False	cross_validation	5.0	5	False	1.0	ensembl_gene_id	ensembl_gene_id		True	binary	0.1827	0.3018	-0.08932	0.09112	0.1832	0.3019	-0.08821						
uexld0lu	gallant-sweep-44	finished	ElasticNet	ha252ijh	ElasticNet	0.0001	RBPSEDataset	800	100	0.75	K562	rbpse	mean_squared_error	1024	True	['target_psi']	platiglab	40	['fancy_scatter', 'cumul_resid_dist', ['wandb_faux_pr_curve', {'thresh': 0.5}], ['wandb_faux_roc_curve', {'thresh': 0.5}]]	yogi-RBP-ML-linear-models-april-2025	17.0	train	['r2_score', 'rmse', 'sigmoid_r2']	False	all	False	False	cross_validation	5.0	5	False	1.0	ensembl_gene_id	ensembl_gene_id		True	binary	0.1856	0.3014	-0.08859	0.09078	0.1863	0.3013	-0.08769						
uf3urdre	rich-sweep-52	finished	ElasticNet	ha252ijh	ElasticNet	0.0001	RBPSEDataset	700	100	0.9	K562	rbpse	mean_squared_error	1024	True	['target_psi']	platiglab	40	['fancy_scatter', 'cumul_resid_dist', ['wandb_faux_pr_curve', {'thresh': 0.5}], ['wandb_faux_roc_curve', {'thresh': 0.5}]]	yogi-RBP-ML-linear-models-april-2025	17.0	train	['r2_score', 'rmse', 'sigmoid_r2']	False	all	False	False	cross_validation	5.0	5	False	1.0	ensembl_gene_id	ensembl_gene_id		True	binary	0.1851	0.3014	-0.08934	0.09085	0.1857	0.3014	-0.08817						
v1hzdhwk	expert-sweep-48	finished	ElasticNet	ha252ijh	ElasticNet	0.0001	RBPSEDataset	300	100	0.9	K562	rbpse	mean_squared_error	1024	True	['target_psi']	platiglab	40	['fancy_scatter', 'cumul_resid_dist', ['wandb_faux_pr_curve', {'thresh': 0.5}], ['wandb_faux_roc_curve', {'thresh': 0.5}]]	yogi-RBP-ML-linear-models-april-2025	17.0	train	['r2_score', 'rmse', 'sigmoid_r2']	False	all	False	False	cross_validation	5.0	5	False	1.0	ensembl_gene_id	ensembl_gene_id		True	binary	0.1851	0.3015	-0.08893	0.09089	0.1854	0.3015	-0.08833						
2onx4kzg	autumn-sweep-57	finished	ElasticNet	ha252ijh	ElasticNet	0.0001	RBPSEDataset	300	100	1.0	K562	rbpse	mean_squared_error	1024	True	['target_psi']	platiglab	40	['fancy_scatter', 'cumul_resid_dist', ['wandb_faux_pr_curve', {'thresh': 0.5}], ['wandb_faux_roc_curve', {'thresh': 0.5}]]	yogi-RBP-ML-linear-models-april-2025	17.0	train	['r2_score', 'rmse', 'sigmoid_r2']	False	all	False	False	cross_validation	5.0	5	False	1.0	ensembl_gene_id	ensembl_gene_id		True	binary	0.1855	0.3014	-0.08917	0.09084	0.1858	0.3014	-0.08858						
3xhmi3ze	radiant-sweep-53	finished	ElasticNet	ha252ijh	ElasticNet	0.0001	RBPSEDataset	800	100	0.9	K562	rbpse	mean_squared_error	1024	True	['target_psi']	platiglab	40	['fancy_scatter', 'cumul_resid_dist', ['wandb_faux_pr_curve', {'thresh': 0.5}], ['wandb_faux_roc_curve', {'thresh': 0.5}]]	yogi-RBP-ML-linear-models-april-2025	17.0	train	['r2_score', 'rmse', 'sigmoid_r2']	False	all	False	False	cross_validation	5.0	5	False	1.0	ensembl_gene_id	ensembl_gene_id		True	binary	0.186	0.3013	-0.089	0.09073	0.1867	0.3012	-0.08811						
6nlj5ub7	deft-sweep-54	finished	ElasticNet	ha252ijh	ElasticNet	0.0001	RBPSEDataset	900	100	0.9	K562	rbpse	mean_squared_error	1024	True	['target_psi']	platiglab	40	['fancy_scatter', 'cumul_resid_dist', ['wandb_faux_pr_curve', {'thresh': 0.5}], ['wandb_faux_roc_curve', {'thresh': 0.5}]]	yogi-RBP-ML-linear-models-april-2025	17.0	train	['r2_score', 'rmse', 'sigmoid_r2']	False	all	False	False	cross_validation	5.0	5	False	1.0	ensembl_gene_id	ensembl_gene_id		True	binary	0.1834	0.3017	-0.08969	0.09105	0.1839	0.3017	-0.08859						
7pe5hsoa	neat-sweep-59	finished	ElasticNet	ha252ijh	ElasticNet	0.0001	RBPSEDataset	500	100	1.0	K562	rbpse	mean_squared_error	1024	True	['target_psi']	platiglab	40	['fancy_scatter', 'cumul_resid_dist', ['wandb_faux_pr_curve', {'thresh': 0.5}], ['wandb_faux_roc_curve', {'thresh': 0.5}]]	yogi-RBP-ML-linear-models-april-2025	17.0	train	['r2_score', 'rmse', 'sigmoid_r2']	False	all	False	False	cross_validation	5.0	5	False	1.0	ensembl_gene_id	ensembl_gene_id		True	binary	0.1848	0.3015	-0.08993	0.09088	0.1854	0.3015	-0.08871						
ckfd9qy9	dry-sweep-56	finished	ElasticNet	ha252ijh	ElasticNet	0.0001	RBPSEDataset	200	100	1.0	K562	rbpse	mean_squared_error	1024	True	['target_psi']	platiglab	40	['fancy_scatter', 'cumul_resid_dist', ['wandb_faux_pr_curve', {'thresh': 0.5}], ['wandb_faux_roc_curve', {'thresh': 0.5}]]	yogi-RBP-ML-linear-models-april-2025	17.0	train	['r2_score', 'rmse', 'sigmoid_r2']	False	all	False	False	cross_validation	5.0	5	False	1.0	ensembl_gene_id	ensembl_gene_id		True	binary	0.1869	0.301	-0.08994	0.09065	0.1874	0.3011	-0.08844						
jh1scbs1	sparkling-sweep-58	finished	ElasticNet	ha252ijh	ElasticNet	0.0001	RBPSEDataset	400	100	1.0	K562	rbpse	mean_squared_error	1024	True	['target_psi']	platiglab	40	['fancy_scatter', 'cumul_resid_dist', ['wandb_faux_pr_curve', {'thresh': 0.5}], ['wandb_faux_roc_curve', {'thresh': 0.5}]]	yogi-RBP-ML-linear-models-april-2025	17.0	train	['r2_score', 'rmse', 'sigmoid_r2']	False	all	False	False	cross_validation	5.0	5	False	1.0	ensembl_gene_id	ensembl_gene_id		True	binary	0.1849	0.3014	-0.08956	0.09088	0.1854	0.3015	-0.08876						
pxrvs1pd	scarlet-sweep-55	finished	ElasticNet	ha252ijh	ElasticNet	0.0001	RBPSEDataset	100	100	1.0	K562	rbpse	mean_squared_error	1024	True	['target_psi']	platiglab	40	['fancy_scatter', 'cumul_resid_dist', ['wandb_faux_pr_curve', {'thresh': 0.5}], ['wandb_faux_roc_curve', {'thresh': 0.5}]]	yogi-RBP-ML-linear-models-april-2025	17.0	train	['r2_score', 'rmse', 'sigmoid_r2']	False	all	False	False	cross_validation	5.0	5	False	1.0	ensembl_gene_id	ensembl_gene_id		True	binary	0.1865	0.3013	-0.08878	0.09075	0.1865	0.3013	-0.0886						
t2hh3n7u	rural-sweep-60	finished	ElasticNet	ha252ijh	ElasticNet	0.0001	RBPSEDataset	600	100	1.0	K562	rbpse	mean_squared_error	1024	True	['target_psi']	platiglab	40	['fancy_scatter', 'cumul_resid_dist', ['wandb_faux_pr_curve', {'thresh': 0.5}], ['wandb_faux_roc_curve', {'thresh': 0.5}]]	yogi-RBP-ML-linear-models-april-2025	17.0	train	['r2_score', 'rmse', 'sigmoid_r2']	False	all	False	False	cross_validation	5.0	5	False	1.0	ensembl_gene_id	ensembl_gene_id		True	binary	0.1849	0.3014	-0.09004	0.0909	0.1852	0.3015	-0.08895						
997ktkrj	robust-sweep-61	finished	ElasticNet	ha252ijh	ElasticNet	0.0001	RBPSEDataset	700	100	1.0	K562	rbpse	mean_squared_error	1024	True	['target_psi']	platiglab	40	['fancy_scatter', 'cumul_resid_dist', ['wandb_faux_pr_curve', {'thresh': 0.5}], ['wandb_faux_roc_curve', {'thresh': 0.5}]]	yogi-RBP-ML-linear-models-april-2025	17.0	train	['r2_score', 'rmse', 'sigmoid_r2']	False	all	False	False	cross_validation	5.0	5	False	1.0	ensembl_gene_id	ensembl_gene_id		True	binary	0.1853	0.3014	-0.0896	0.09083	0.1859	0.3014	-0.08845						
a7jvog6a	cerulean-sweep-63	finished	ElasticNet	ha252ijh	ElasticNet	0.0001	RBPSEDataset	900	100	1.0	K562	rbpse	mean_squared_error	1024	True	['target_psi']	platiglab	40	['fancy_scatter', 'cumul_resid_dist', ['wandb_faux_pr_curve', {'thresh': 0.5}], ['wandb_faux_roc_curve', {'thresh': 0.5}]]	yogi-RBP-ML-linear-models-april-2025	17.0	train	['r2_score', 'rmse', 'sigmoid_r2']	False	all	False	False	cross_validation	5.0	5	False	1.0	ensembl_gene_id	ensembl_gene_id		True	binary	0.1839	0.3016	-0.08993	0.091	0.1844	0.3017	-0.08882						
arhby1vr	easy-sweep-62	finished	ElasticNet	ha252ijh	ElasticNet	0.0001	RBPSEDataset	800	100	1.0	K562	rbpse	mean_squared_error	1024	True	['target_psi']	platiglab	40	['fancy_scatter', 'cumul_resid_dist', ['wandb_faux_pr_curve', {'thresh': 0.5}], ['wandb_faux_roc_curve', {'thresh': 0.5}]]	yogi-RBP-ML-linear-models-april-2025	17.0	train	['r2_score', 'rmse', 'sigmoid_r2']	False	all	False	False	cross_validation	5.0	5	False	1.0	ensembl_gene_id	ensembl_gene_id		True	binary	0.1861	0.3013	-0.08927	0.09072	0.1868	0.3012	-0.08838						
jee11r18	confused-sweep-73	finished	ElasticNet	ha252ijh	ElasticNet	0.0002894266124716752	RBPSEDataset	100	100	0.1	K562	rbpse	mean_squared_error	1024	True	['target_psi']	platiglab	40	['fancy_scatter', 'cumul_resid_dist', ['wandb_faux_pr_curve', {'thresh': 0.5}], ['wandb_faux_roc_curve', {'thresh': 0.5}]]	yogi-RBP-ML-linear-models-april-2025	17.0	train	['r2_score', 'rmse', 'sigmoid_r2']	False	all	False	False	cross_validation	5.0	5	False	1.0	ensembl_gene_id	ensembl_gene_id		True	binary	0.1832	0.3018	-0.08744	0.09112	0.1832	0.3019	-0.08726						
2w4zviod	worthy-sweep-76	finished	ElasticNet	ha252ijh	ElasticNet	0.0002894266124716752	RBPSEDataset	400	100	0.1	K562	rbpse	mean_squared_error	1024	True	['target_psi']	platiglab	40	['fancy_scatter', 'cumul_resid_dist', ['wandb_faux_pr_curve', {'thresh': 0.5}], ['wandb_faux_roc_curve', {'thresh': 0.5}]]	yogi-RBP-ML-linear-models-april-2025	17.0	train	['r2_score', 'rmse', 'sigmoid_r2']	False	all	False	False	cross_validation	5.0	5	False	1.0	ensembl_gene_id	ensembl_gene_id		True	binary	0.182	0.302	-0.08809	0.0912	0.1825	0.302	-0.08731						
8qo909z6	helpful-sweep-74	finished	ElasticNet	ha252ijh	ElasticNet	0.0002894266124716752	RBPSEDataset	200	100	0.1	K562	rbpse	mean_squared_error	1024	True	['target_psi']	platiglab	40	['fancy_scatter', 'cumul_resid_dist', ['wandb_faux_pr_curve', {'thresh': 0.5}], ['wandb_faux_roc_curve', {'thresh': 0.5}]]	yogi-RBP-ML-linear-models-april-2025	17.0	train	['r2_score', 'rmse', 'sigmoid_r2']	False	all	False	False	cross_validation	5.0	5	False	1.0	ensembl_gene_id	ensembl_gene_id		True	binary	0.1845	0.3015	-0.08845	0.09092	0.185	0.3015	-0.08695						
97xzui3m	fluent-sweep-82	finished	ElasticNet	ha252ijh	ElasticNet	0.0002894266124716752	RBPSEDataset	100	100	0.25	K562	rbpse	mean_squared_error	1024	True	['target_psi']	platiglab	40	['fancy_scatter', 'cumul_resid_dist', ['wandb_faux_pr_curve', {'thresh': 0.5}], ['wandb_faux_roc_curve', {'thresh': 0.5}]]	yogi-RBP-ML-linear-models-april-2025	17.0	train	['r2_score', 'rmse', 'sigmoid_r2']	False	all	False	False	cross_validation	5.0	5	False	1.0	ensembl_gene_id	ensembl_gene_id		True	binary	0.1861	0.3013	-0.08855	0.09079	0.1862	0.3013	-0.08837						
i8isutnw	ethereal-sweep-79	finished	ElasticNet	ha252ijh	ElasticNet	0.0002894266124716752	RBPSEDataset	700	100	0.1	K562	rbpse	mean_squared_error	1024	True	['target_psi']	platiglab	40	['fancy_scatter', 'cumul_resid_dist', ['wandb_faux_pr_curve', {'thresh': 0.5}], ['wandb_faux_roc_curve', {'thresh': 0.5}]]	yogi-RBP-ML-linear-models-april-2025	17.0	train	['r2_score', 'rmse', 'sigmoid_r2']	False	all	False	False	cross_validation	5.0	5	False	1.0	ensembl_gene_id	ensembl_gene_id		True	binary	0.1823	0.3019	-0.08804	0.09117	0.1828	0.3019	-0.0869						
j7wsafm2	charmed-sweep-81	finished	ElasticNet	ha252ijh	ElasticNet	0.0002894266124716752	RBPSEDataset	900	100	0.1	K562	rbpse	mean_squared_error	1024	True	['target_psi']	platiglab	40	['fancy_scatter', 'cumul_resid_dist', ['wandb_faux_pr_curve', {'thresh': 0.5}], ['wandb_faux_roc_curve', {'thresh': 0.5}]]	yogi-RBP-ML-linear-models-april-2025	17.0	train	['r2_score', 'rmse', 'sigmoid_r2']	False	all	False	False	cross_validation	5.0	5	False	1.0	ensembl_gene_id	ensembl_gene_id		True	binary	0.1812	0.3021	-0.0884	0.09129	0.1817	0.3021	-0.08728						
up1thzo0	swept-sweep-80	finished	ElasticNet	ha252ijh	ElasticNet	0.0002894266124716752	RBPSEDataset	800	100	0.1	K562	rbpse	mean_squared_error	1024	True	['target_psi']	platiglab	40	['fancy_scatter', 'cumul_resid_dist', ['wandb_faux_pr_curve', {'thresh': 0.5}], ['wandb_faux_roc_curve', {'thresh': 0.5}]]	yogi-RBP-ML-linear-models-april-2025	17.0	train	['r2_score', 'rmse', 'sigmoid_r2']	False	all	False	False	cross_validation	5.0	5	False	1.0	ensembl_gene_id	ensembl_gene_id		True	binary	0.1832	0.3018	-0.08783	0.09105	0.1839	0.3017	-0.08692						
xqywuzvc	polished-sweep-78	finished	ElasticNet	ha252ijh	ElasticNet	0.0002894266124716752	RBPSEDataset	600	100	0.1	K562	rbpse	mean_squared_error	1024	True	['target_psi']	platiglab	40	['fancy_scatter', 'cumul_resid_dist', ['wandb_faux_pr_curve', {'thresh': 0.5}], ['wandb_faux_roc_curve', {'thresh': 0.5}]]	yogi-RBP-ML-linear-models-april-2025	17.0	train	['r2_score', 'rmse', 'sigmoid_r2']	False	all	False	False	cross_validation	5.0	5	False	1.0	ensembl_gene_id	ensembl_gene_id		True	binary	0.1815	0.3021	-0.08878	0.09128	0.1819	0.3021	-0.08769						
zdbmb2s0	silver-sweep-77	finished	ElasticNet	ha252ijh	ElasticNet	0.0002894266124716752	RBPSEDataset	500	100	0.1	K562	rbpse	mean_squared_error	1024	True	['target_psi']	platiglab	40	['fancy_scatter', 'cumul_resid_dist', ['wandb_faux_pr_curve', {'thresh': 0.5}], ['wandb_faux_roc_curve', {'thresh': 0.5}]]	yogi-RBP-ML-linear-models-april-2025	17.0	train	['r2_score', 'rmse', 'sigmoid_r2']	False	all	False	False	cross_validation	5.0	5	False	1.0	ensembl_gene_id	ensembl_gene_id		True	binary	0.1811	0.3022	-0.08865	0.09128	0.1818	0.3021	-0.08742						
zqsdmuyz	swift-sweep-75	finished	ElasticNet	ha252ijh	ElasticNet	0.0002894266124716752	RBPSEDataset	300	100	0.1	K562	rbpse	mean_squared_error	1024	True	['target_psi']	platiglab	40	['fancy_scatter', 'cumul_resid_dist', ['wandb_faux_pr_curve', {'thresh': 0.5}], ['wandb_faux_roc_curve', {'thresh': 0.5}]]	yogi-RBP-ML-linear-models-april-2025	17.0	train	['r2_score', 'rmse', 'sigmoid_r2']	False	all	False	False	cross_validation	5.0	5	False	1.0	ensembl_gene_id	ensembl_gene_id		True	binary	0.1825	0.3019	-0.08772	0.09117	0.1828	0.3019	-0.08712						
dt05zdrv	swift-sweep-83	finished	ElasticNet	ha252ijh	ElasticNet	0.0002894266124716752	RBPSEDataset	200	100	0.25	K562	rbpse	mean_squared_error	1024	True	['target_psi']	platiglab	40	['fancy_scatter', 'cumul_resid_dist', ['wandb_faux_pr_curve', {'thresh': 0.5}], ['wandb_faux_roc_curve', {'thresh': 0.5}]]	yogi-RBP-ML-linear-models-april-2025	17.0	train	['r2_score', 'rmse', 'sigmoid_r2']	False	all	False	False	cross_validation	5.0	5	False	1.0	ensembl_gene_id	ensembl_gene_id		True	binary	0.1865	0.3011	-0.08971	0.0907	0.1871	0.3012	-0.08822						
52i598cz	summer-sweep-85	finished	ElasticNet	ha252ijh	ElasticNet	0.0002894266124716752	RBPSEDataset	400	100	0.25	K562	rbpse	mean_squared_error	1024	True	['target_psi']	platiglab	40	['fancy_scatter', 'cumul_resid_dist', ['wandb_faux_pr_curve', {'thresh': 0.5}], ['wandb_faux_roc_curve', {'thresh': 0.5}]]	yogi-RBP-ML-linear-models-april-2025	17.0	train	['r2_score', 'rmse', 'sigmoid_r2']	False	all	False	False	cross_validation	5.0	5	False	1.0	ensembl_gene_id	ensembl_gene_id		True	binary	0.1847	0.3015	-0.08928	0.09091	0.1852	0.3015	-0.08848						
u3whwghk	unique-sweep-84	finished	ElasticNet	ha252ijh	ElasticNet	0.0002894266124716752	RBPSEDataset	300	100	0.25	K562	rbpse	mean_squared_error	1024	True	['target_psi']	platiglab	40	['fancy_scatter', 'cumul_resid_dist', ['wandb_faux_pr_curve', {'thresh': 0.5}], ['wandb_faux_roc_curve', {'thresh': 0.5}]]	yogi-RBP-ML-linear-models-april-2025	17.0	train	['r2_score', 'rmse', 'sigmoid_r2']	False	all	False	False	cross_validation	5.0	5	False	1.0	ensembl_gene_id	ensembl_gene_id		True	binary	0.1851	0.3015	-0.08891	0.09089	0.1854	0.3015	-0.0883						
sh1iculb	vague-sweep-86	finished	ElasticNet	ha252ijh	ElasticNet	0.0002894266124716752	RBPSEDataset	500	100	0.25	K562	rbpse	mean_squared_error	1024	True	['target_psi']	platiglab	40	['fancy_scatter', 'cumul_resid_dist', ['wandb_faux_pr_curve', {'thresh': 0.5}], ['wandb_faux_roc_curve', {'thresh': 0.5}]]	yogi-RBP-ML-linear-models-april-2025	17.0	train	['r2_score', 'rmse', 'sigmoid_r2']	False	all	False	False	cross_validation	5.0	5	False	1.0	ensembl_gene_id	ensembl_gene_id		True	binary	0.1844	0.3015	-0.08967	0.09093	0.185	0.3015	-0.08844						
urwdqp4t	azure-sweep-87	finished	ElasticNet	ha252ijh	ElasticNet	0.0002894266124716752	RBPSEDataset	600	100	0.25	K562	rbpse	mean_squared_error	1024	True	['target_psi']	platiglab	40	['fancy_scatter', 'cumul_resid_dist', ['wandb_faux_pr_curve', {'thresh': 0.5}], ['wandb_faux_roc_curve', {'thresh': 0.5}]]	yogi-RBP-ML-linear-models-april-2025	17.0	train	['r2_score', 'rmse', 'sigmoid_r2']	False	all	False	False	cross_validation	5.0	5	False	1.0	ensembl_gene_id	ensembl_gene_id		True	binary	0.1844	0.3015	-0.08983	0.09096	0.1847	0.3016	-0.08875						
0p4umyib	hardy-sweep-88	finished	ElasticNet	ha252ijh	ElasticNet	0.0002894266124716752	RBPSEDataset	700	100	0.25	K562	rbpse	mean_squared_error	1024	True	['target_psi']	platiglab	40	['fancy_scatter', 'cumul_resid_dist', ['wandb_faux_pr_curve', {'thresh': 0.5}], ['wandb_faux_roc_curve', {'thresh': 0.5}]]	yogi-RBP-ML-linear-models-april-2025	17.0	train	['r2_score', 'rmse', 'sigmoid_r2']	False	all	False	False	cross_validation	5.0	5	False	1.0	ensembl_gene_id	ensembl_gene_id		True	binary	0.1851	0.3014	-0.0893	0.09085	0.1857	0.3014	-0.08814						
9qbx31bb	charmed-sweep-89	finished	ElasticNet	ha252ijh	ElasticNet	0.0002894266124716752	RBPSEDataset	800	100	0.25	K562	rbpse	mean_squared_error	1024	True	['target_psi']	platiglab	40	['fancy_scatter', 'cumul_resid_dist', ['wandb_faux_pr_curve', {'thresh': 0.5}], ['wandb_faux_roc_curve', {'thresh': 0.5}]]	yogi-RBP-ML-linear-models-april-2025	17.0	train	['r2_score', 'rmse', 'sigmoid_r2']	False	all	False	False	cross_validation	5.0	5	False	1.0	ensembl_gene_id	ensembl_gene_id		True	binary	0.1859	0.3013	-0.089	0.09074	0.1866	0.3012	-0.0881						
m71ux1h3	flowing-sweep-90	finished	ElasticNet	ha252ijh	ElasticNet	0.0002894266124716752	RBPSEDataset	900	100	0.25	K562	rbpse	mean_squared_error	1024	True	['target_psi']	platiglab	40	['fancy_scatter', 'cumul_resid_dist', ['wandb_faux_pr_curve', {'thresh': 0.5}], ['wandb_faux_roc_curve', {'thresh': 0.5}]]	yogi-RBP-ML-linear-models-april-2025	17.0	train	['r2_score', 'rmse', 'sigmoid_r2']	False	all	False	False	cross_validation	5.0	5	False	1.0	ensembl_gene_id	ensembl_gene_id		True	binary	0.1834	0.3017	-0.08966	0.09104	0.184	0.3017	-0.08856						
ev0871hg	glowing-sweep-91	finished	ElasticNet	ha252ijh	ElasticNet	0.0002894266124716752	RBPSEDataset	100	100	0.5	K562	rbpse	mean_squared_error	1024	True	['target_psi']	platiglab	40	['fancy_scatter', 'cumul_resid_dist', ['wandb_faux_pr_curve', {'thresh': 0.5}], ['wandb_faux_roc_curve', {'thresh': 0.5}]]	yogi-RBP-ML-linear-models-april-2025	17.0	train	['r2_score', 'rmse', 'sigmoid_r2']	False	all	False	False	cross_validation	5.0	5	False	1.0	ensembl_gene_id	ensembl_gene_id		True	binary	0.1869	0.3012	-0.09025	0.09071	0.1869	0.3012	-0.09007						
24rt4ljg	devout-sweep-92	finished	ElasticNet	ha252ijh	ElasticNet	0.0002894266124716752	RBPSEDataset	200	100	0.5	K562	rbpse	mean_squared_error	1024	True	['target_psi']	platiglab	40	['fancy_scatter', 'cumul_resid_dist', ['wandb_faux_pr_curve', {'thresh': 0.5}], ['wandb_faux_roc_curve', {'thresh': 0.5}]]	yogi-RBP-ML-linear-models-april-2025	17.0	train	['r2_score', 'rmse', 'sigmoid_r2']	False	all	False	False	cross_validation	5.0	5	False	1.0	ensembl_gene_id	ensembl_gene_id		True	binary	0.1872	0.301	-0.09145	0.09063	0.1876	0.301	-0.08996						
cge6yqba	mild-sweep-93	finished	ElasticNet	ha252ijh	ElasticNet	0.0002894266124716752	RBPSEDataset	300	100	0.5	K562	rbpse	mean_squared_error	1024	True	['target_psi']	platiglab	40	['fancy_scatter', 'cumul_resid_dist', ['wandb_faux_pr_curve', {'thresh': 0.5}], ['wandb_faux_roc_curve', {'thresh': 0.5}]]	yogi-RBP-ML-linear-models-april-2025	17.0	train	['r2_score', 'rmse', 'sigmoid_r2']	False	all	False	False	cross_validation	5.0	5	False	1.0	ensembl_gene_id	ensembl_gene_id		True	binary	0.1866	0.3012	-0.09062	0.09072	0.1869	0.3012	-0.09002						
90nivuvv	fallen-sweep-94	finished	ElasticNet	ha252ijh	ElasticNet	0.0002894266124716752	RBPSEDataset	400	100	0.5	K562	rbpse	mean_squared_error	1024	True	['target_psi']	platiglab	40	['fancy_scatter', 'cumul_resid_dist', ['wandb_faux_pr_curve', {'thresh': 0.5}], ['wandb_faux_roc_curve', {'thresh': 0.5}]]	yogi-RBP-ML-linear-models-april-2025	17.0	train	['r2_score', 'rmse', 'sigmoid_r2']	False	all	False	False	cross_validation	5.0	5	False	1.0	ensembl_gene_id	ensembl_gene_id		True	binary	0.1854	0.3014	-0.09106	0.09083	0.1859	0.3014	-0.09026						
wcbg3u2h	upbeat-sweep-95	finished	ElasticNet	ha252ijh	ElasticNet	0.0002894266124716752	RBPSEDataset	500	100	0.5	K562	rbpse	mean_squared_error	1024	True	['target_psi']	platiglab	40	['fancy_scatter', 'cumul_resid_dist', ['wandb_faux_pr_curve', {'thresh': 0.5}], ['wandb_faux_roc_curve', {'thresh': 0.5}]]	yogi-RBP-ML-linear-models-april-2025	17.0	train	['r2_score', 'rmse', 'sigmoid_r2']	False	all	False	False	cross_validation	5.0	5	False	1.0	ensembl_gene_id	ensembl_gene_id		True	binary	0.186	0.3013	-0.09134	0.09075	0.1866	0.3013	-0.09012						
eui77fae	fast-sweep-96	finished	ElasticNet	ha252ijh	ElasticNet	0.0002894266124716752	RBPSEDataset	600	100	0.5	K562	rbpse	mean_squared_error	1024	True	['target_psi']	platiglab	40	['fancy_scatter', 'cumul_resid_dist', ['wandb_faux_pr_curve', {'thresh': 0.5}], ['wandb_faux_roc_curve', {'thresh': 0.5}]]	yogi-RBP-ML-linear-models-april-2025	17.0	train	['r2_score', 'rmse', 'sigmoid_r2']	False	all	False	False	cross_validation	5.0	5	False	1.0	ensembl_gene_id	ensembl_gene_id		True	binary	0.1855	0.3013	-0.09138	0.09083	0.1858	0.3014	-0.09031						
gsd32axo	grateful-sweep-97	finished	ElasticNet	ha252ijh	ElasticNet	0.0002894266124716752	RBPSEDataset	700	100	0.5	K562	rbpse	mean_squared_error	1024	True	['target_psi']	platiglab	40	['fancy_scatter', 'cumul_resid_dist', ['wandb_faux_pr_curve', {'thresh': 0.5}], ['wandb_faux_roc_curve', {'thresh': 0.5}]]	yogi-RBP-ML-linear-models-april-2025	17.0	train	['r2_score', 'rmse', 'sigmoid_r2']	False	all	False	False	cross_validation	5.0	5	False	1.0	ensembl_gene_id	ensembl_gene_id		True	binary	0.1859	0.3013	-0.09113	0.09076	0.1865	0.3013	-0.08997						
141zatjl	trim-sweep-98	finished	ElasticNet	ha252ijh	ElasticNet	0.0002894266124716752	RBPSEDataset	800	100	0.5	K562	rbpse	mean_squared_error	1024	True	['target_psi']	platiglab	40	['fancy_scatter', 'cumul_resid_dist', ['wandb_faux_pr_curve', {'thresh': 0.5}], ['wandb_faux_roc_curve', {'thresh': 0.5}]]	yogi-RBP-ML-linear-models-april-2025	17.0	train	['r2_score', 'rmse', 'sigmoid_r2']	False	all	False	False	cross_validation	5.0	5	False	1.0	ensembl_gene_id	ensembl_gene_id		True	binary	0.1863	0.3012	-0.09086	0.09071	0.1869	0.3012	-0.08997						
1pow6bjn	dulcet-sweep-100	finished	ElasticNet	ha252ijh	ElasticNet	0.0002894266124716752	RBPSEDataset	100	100	0.75	K562	rbpse	mean_squared_error	1024	True	['target_psi']	platiglab	40	['fancy_scatter', 'cumul_resid_dist', ['wandb_faux_pr_curve', {'thresh': 0.5}], ['wandb_faux_roc_curve', {'thresh': 0.5}]]	yogi-RBP-ML-linear-models-april-2025	17.0	train	['r2_score', 'rmse', 'sigmoid_r2']	False	all	False	False	cross_validation	5.0	5	False	1.0	ensembl_gene_id	ensembl_gene_id		True	binary	0.1857	0.3014	-0.09189	0.09084	0.1858	0.3014	-0.0917						
izkl9ctz	dutiful-sweep-99	finished	ElasticNet	ha252ijh	ElasticNet	0.0002894266124716752	RBPSEDataset	900	100	0.5	K562	rbpse	mean_squared_error	1024	True	['target_psi']	platiglab	40	['fancy_scatter', 'cumul_resid_dist', ['wandb_faux_pr_curve', {'thresh': 0.5}], ['wandb_faux_roc_curve', {'thresh': 0.5}]]	yogi-RBP-ML-linear-models-april-2025	17.0	train	['r2_score', 'rmse', 'sigmoid_r2']	False	all	False	False	cross_validation	5.0	5	False	1.0	ensembl_gene_id	ensembl_gene_id		True	binary	0.1848	0.3014	-0.09134	0.0909	0.1853	0.3015	-0.09024						
570e67wn	fanciful-sweep-101	finished	ElasticNet	ha252ijh	ElasticNet	0.0002894266124716752	RBPSEDataset	200	100	0.75	K562	rbpse	mean_squared_error	1024	True	['target_psi']	platiglab	40	['fancy_scatter', 'cumul_resid_dist', ['wandb_faux_pr_curve', {'thresh': 0.5}], ['wandb_faux_roc_curve', {'thresh': 0.5}]]	yogi-RBP-ML-linear-models-april-2025	17.0	train	['r2_score', 'rmse', 'sigmoid_r2']	False	all	False	False	cross_validation	5.0	5	False	1.0	ensembl_gene_id	ensembl_gene_id		True	binary	0.1858	0.3012	-0.09316	0.09078	0.1863	0.3013	-0.09166						
igrt9z5y	fluent-sweep-103	finished	ElasticNet	ha252ijh	ElasticNet	0.0002894266124716752	RBPSEDataset	400	100	0.75	K562	rbpse	mean_squared_error	1024	True	['target_psi']	platiglab	40	['fancy_scatter', 'cumul_resid_dist', ['wandb_faux_pr_curve', {'thresh': 0.5}], ['wandb_faux_roc_curve', {'thresh': 0.5}]]	yogi-RBP-ML-linear-models-april-2025	17.0	train	['r2_score', 'rmse', 'sigmoid_r2']	False	all	False	False	cross_validation	5.0	5	False	1.0	ensembl_gene_id	ensembl_gene_id		True	binary	0.1844	0.3016	-0.09269	0.09095	0.1848	0.3016	-0.09189						
xj2zftl3	prime-sweep-102	finished	ElasticNet	ha252ijh	ElasticNet	0.0002894266124716752	RBPSEDataset	300	100	0.75	K562	rbpse	mean_squared_error	1024	True	['target_psi']	platiglab	40	['fancy_scatter', 'cumul_resid_dist', ['wandb_faux_pr_curve', {'thresh': 0.5}], ['wandb_faux_roc_curve', {'thresh': 0.5}]]	yogi-RBP-ML-linear-models-april-2025	17.0	train	['r2_score', 'rmse', 'sigmoid_r2']	False	all	False	False	cross_validation	5.0	5	False	1.0	ensembl_gene_id	ensembl_gene_id		True	binary	0.1857	0.3014	-0.09226	0.09081	0.186	0.3013	-0.09166						
14ciyw60	glad-sweep-104	finished	ElasticNet	ha252ijh	ElasticNet	0.0002894266124716752	RBPSEDataset	500	100	0.75	K562	rbpse	mean_squared_error	1024	True	['target_psi']	platiglab	40	['fancy_scatter', 'cumul_resid_dist', ['wandb_faux_pr_curve', {'thresh': 0.5}], ['wandb_faux_roc_curve', {'thresh': 0.5}]]	yogi-RBP-ML-linear-models-april-2025	17.0	train	['r2_score', 'rmse', 'sigmoid_r2']	False	all	False	False	cross_validation	5.0	5	False	1.0	ensembl_gene_id	ensembl_gene_id		True	binary	0.1855	0.3013	-0.09286	0.0908	0.1861	0.3013	-0.09164						
gwror35d	vague-sweep-105	finished	ElasticNet	ha252ijh	ElasticNet	0.0002894266124716752	RBPSEDataset	600	100	0.75	K562	rbpse	mean_squared_error	1024	True	['target_psi']	platiglab	40	['fancy_scatter', 'cumul_resid_dist', ['wandb_faux_pr_curve', {'thresh': 0.5}], ['wandb_faux_roc_curve', {'thresh': 0.5}]]	yogi-RBP-ML-linear-models-april-2025	17.0	train	['r2_score', 'rmse', 'sigmoid_r2']	False	all	False	False	cross_validation	5.0	5	False	1.0	ensembl_gene_id	ensembl_gene_id		True	binary	0.1848	0.3015	-0.09292	0.09092	0.1851	0.3015	-0.09185						
mue8q6dh	zany-sweep-106	finished	ElasticNet	ha252ijh	ElasticNet	0.0002894266124716752	RBPSEDataset	700	100	0.75	K562	rbpse	mean_squared_error	1024	True	['target_psi']	platiglab	40	['fancy_scatter', 'cumul_resid_dist', ['wandb_faux_pr_curve', {'thresh': 0.5}], ['wandb_faux_roc_curve', {'thresh': 0.5}]]	yogi-RBP-ML-linear-models-april-2025	17.0	train	['r2_score', 'rmse', 'sigmoid_r2']	False	all	False	False	cross_validation	5.0	5	False	1.0	ensembl_gene_id	ensembl_gene_id		True	binary	0.1851	0.3014	-0.09274	0.09085	0.1857	0.3014	-0.09157						
g75q3jaw	lemon-sweep-107	finished	ElasticNet	ha252ijh	ElasticNet	0.0002894266124716752	RBPSEDataset	800	100	0.75	K562	rbpse	mean_squared_error	1024	True	['target_psi']	platiglab	40	['fancy_scatter', 'cumul_resid_dist', ['wandb_faux_pr_curve', {'thresh': 0.5}], ['wandb_faux_roc_curve', {'thresh': 0.5}]]	yogi-RBP-ML-linear-models-april-2025	17.0	train	['r2_score', 'rmse', 'sigmoid_r2']	False	all	False	False	cross_validation	5.0	5	False	1.0	ensembl_gene_id	ensembl_gene_id		True	binary	0.1853	0.3014	-0.09249	0.09082	0.186	0.3014	-0.09161						
pw1qboaz	curious-sweep-108	finished	ElasticNet	ha252ijh	ElasticNet	0.0002894266124716752	RBPSEDataset	900	100	0.75	K562	rbpse	mean_squared_error	1024	True	['target_psi']	platiglab	40	['fancy_scatter', 'cumul_resid_dist', ['wandb_faux_pr_curve', {'thresh': 0.5}], ['wandb_faux_roc_curve', {'thresh': 0.5}]]	yogi-RBP-ML-linear-models-april-2025	17.0	train	['r2_score', 'rmse', 'sigmoid_r2']	False	all	False	False	cross_validation	5.0	5	False	1.0	ensembl_gene_id	ensembl_gene_id		True	binary	0.1841	0.3015	-0.09289	0.09097	0.1846	0.3016	-0.09178						
9jth5v33	fallen-sweep-109	finished	ElasticNet	ha252ijh	ElasticNet	0.0002894266124716752	RBPSEDataset	100	100	0.9	K562	rbpse	mean_squared_error	1024	True	['target_psi']	platiglab	40	['fancy_scatter', 'cumul_resid_dist', ['wandb_faux_pr_curve', {'thresh': 0.5}], ['wandb_faux_roc_curve', {'thresh': 0.5}]]	yogi-RBP-ML-linear-models-april-2025	17.0	train	['r2_score', 'rmse', 'sigmoid_r2']	False	all	False	False	cross_validation	5.0	5	False	1.0	ensembl_gene_id	ensembl_gene_id		True	binary	0.1849	0.3016	-0.09279	0.09093	0.1849	0.3015	-0.09259						
br5m5c0o	amber-sweep-110	finished	ElasticNet	ha252ijh	ElasticNet	0.0002894266124716752	RBPSEDataset	200	100	0.9	K562	rbpse	mean_squared_error	1024	True	['target_psi']	platiglab	40	['fancy_scatter', 'cumul_resid_dist', ['wandb_faux_pr_curve', {'thresh': 0.5}], ['wandb_faux_roc_curve', {'thresh': 0.5}]]	yogi-RBP-ML-linear-models-april-2025	17.0	train	['r2_score', 'rmse', 'sigmoid_r2']	False	all	False	False	cross_validation	5.0	5	False	1.0	ensembl_gene_id	ensembl_gene_id		True	binary	0.1848	0.3014	-0.09412	0.0909	0.1853	0.3015	-0.09263						
5swkynlo	ethereal-sweep-113	finished	ElasticNet	ha252ijh	ElasticNet	0.0002894266124716752	RBPSEDataset	500	100	0.9	K562	rbpse	mean_squared_error	1024	True	['target_psi']	platiglab	40	['fancy_scatter', 'cumul_resid_dist', ['wandb_faux_pr_curve', {'thresh': 0.5}], ['wandb_faux_roc_curve', {'thresh': 0.5}]]	yogi-RBP-ML-linear-models-april-2025	17.0	train	['r2_score', 'rmse', 'sigmoid_r2']	False	all	False	False	cross_validation	5.0	5	False	1.0	ensembl_gene_id	ensembl_gene_id		True	binary	0.1848	0.3015	-0.09375	0.09088	0.1854	0.3015	-0.09253						
dnnfk81f	woven-sweep-112	finished	ElasticNet	ha252ijh	ElasticNet	0.0002894266124716752	RBPSEDataset	400	100	0.9	K562	rbpse	mean_squared_error	1024	True	['target_psi']	platiglab	40	['fancy_scatter', 'cumul_resid_dist', ['wandb_faux_pr_curve', {'thresh': 0.5}], ['wandb_faux_roc_curve', {'thresh': 0.5}]]	yogi-RBP-ML-linear-models-april-2025	17.0	train	['r2_score', 'rmse', 'sigmoid_r2']	False	all	False	False	cross_validation	5.0	5	False	1.0	ensembl_gene_id	ensembl_gene_id		True	binary	0.1835	0.3018	-0.09361	0.09105	0.1839	0.3017	-0.0928						
qyl4cste	woven-sweep-111	finished	ElasticNet	ha252ijh	ElasticNet	0.0002894266124716752	RBPSEDataset	300	100	0.9	K562	rbpse	mean_squared_error	1024	True	['target_psi']	platiglab	40	['fancy_scatter', 'cumul_resid_dist', ['wandb_faux_pr_curve', {'thresh': 0.5}], ['wandb_faux_roc_curve', {'thresh': 0.5}]]	yogi-RBP-ML-linear-models-april-2025	17.0	train	['r2_score', 'rmse', 'sigmoid_r2']	False	all	False	False	cross_validation	5.0	5	False	1.0	ensembl_gene_id	ensembl_gene_id		True	binary	0.185	0.3015	-0.09316	0.0909	0.1852	0.3015	-0.09256						
h5y8zc01	dulcet-sweep-114	finished	ElasticNet	ha252ijh	ElasticNet	0.0002894266124716752	RBPSEDataset	600	100	0.9	K562	rbpse	mean_squared_error	1024	True	['target_psi']	platiglab	40	['fancy_scatter', 'cumul_resid_dist', ['wandb_faux_pr_curve', {'thresh': 0.5}], ['wandb_faux_roc_curve', {'thresh': 0.5}]]	yogi-RBP-ML-linear-models-april-2025	17.0	train	['r2_score', 'rmse', 'sigmoid_r2']	False	all	False	False	cross_validation	5.0	5	False	1.0	ensembl_gene_id	ensembl_gene_id		True	binary	0.184	0.3016	-0.09384	0.091	0.1843	0.3017	-0.09277						
68ihr6fm	frosty-sweep-116	finished	ElasticNet	ha252ijh	ElasticNet	0.0002894266124716752	RBPSEDataset	800	100	0.9	K562	rbpse	mean_squared_error	1024	True	['target_psi']	platiglab	40	['fancy_scatter', 'cumul_resid_dist', ['wandb_faux_pr_curve', {'thresh': 0.5}], ['wandb_faux_roc_curve', {'thresh': 0.5}]]	yogi-RBP-ML-linear-models-april-2025	17.0	train	['r2_score', 'rmse', 'sigmoid_r2']	False	all	False	False	cross_validation	5.0	5	False	1.0	ensembl_gene_id	ensembl_gene_id		True	binary	0.1845	0.3016	-0.09341	0.09091	0.1851	0.3015	-0.09253						
wuli0rv5	winter-sweep-115	finished	ElasticNet	ha252ijh	ElasticNet	0.0002894266124716752	RBPSEDataset	700	100	0.9	K562	rbpse	mean_squared_error	1024	True	['target_psi']	platiglab	40	['fancy_scatter', 'cumul_resid_dist', ['wandb_faux_pr_curve', {'thresh': 0.5}], ['wandb_faux_roc_curve', {'thresh': 0.5}]]	yogi-RBP-ML-linear-models-april-2025	17.0	train	['r2_score', 'rmse', 'sigmoid_r2']	False	all	False	False	cross_validation	5.0	5	False	1.0	ensembl_gene_id	ensembl_gene_id		True	binary	0.1843	0.3016	-0.09365	0.09093	0.1849	0.3016	-0.0925						
xa3mlgoe	genial-sweep-117	finished	ElasticNet	ha252ijh	ElasticNet	0.0002894266124716752	RBPSEDataset	900	100	0.9	K562	rbpse	mean_squared_error	1024	True	['target_psi']	platiglab	40	['fancy_scatter', 'cumul_resid_dist', ['wandb_faux_pr_curve', {'thresh': 0.5}], ['wandb_faux_roc_curve', {'thresh': 0.5}]]	yogi-RBP-ML-linear-models-april-2025	17.0	train	['r2_score', 'rmse', 'sigmoid_r2']	False	all	False	False	cross_validation	5.0	5	False	1.0	ensembl_gene_id	ensembl_gene_id		True	binary	0.1834	0.3017	-0.09374	0.09104	0.1839	0.3017	-0.09263						
gwo1d4zy	gallant-sweep-118	finished	ElasticNet	ha252ijh	ElasticNet	0.0002894266124716752	RBPSEDataset	100	100	1.0	K562	rbpse	mean_squared_error	1024	True	['target_psi']	platiglab	40	['fancy_scatter', 'cumul_resid_dist', ['wandb_faux_pr_curve', {'thresh': 0.5}], ['wandb_faux_roc_curve', {'thresh': 0.5}]]	yogi-RBP-ML-linear-models-april-2025	17.0	train	['r2_score', 'rmse', 'sigmoid_r2']	False	all	False	False	cross_validation	5.0	5	False	1.0	ensembl_gene_id	ensembl_gene_id		True	binary	0.1843	0.3017	-0.09336	0.091	0.1843	0.3017	-0.09317						
jy54fa3g	different-sweep-119	finished	ElasticNet	ha252ijh	ElasticNet	0.0002894266124716752	RBPSEDataset	200	100	1.0	K562	rbpse	mean_squared_error	1024	True	['target_psi']	platiglab	40	['fancy_scatter', 'cumul_resid_dist', ['wandb_faux_pr_curve', {'thresh': 0.5}], ['wandb_faux_roc_curve', {'thresh': 0.5}]]	yogi-RBP-ML-linear-models-april-2025	17.0	train	['r2_score', 'rmse', 'sigmoid_r2']	False	all	False	False	cross_validation	5.0	5	False	1.0	ensembl_gene_id	ensembl_gene_id		True	binary	0.1842	0.3015	-0.09471	0.09097	0.1846	0.3016	-0.09322						
6mqe8aqt	major-sweep-120	finished	ElasticNet	ha252ijh	ElasticNet	0.0002894266124716752	RBPSEDataset	300	100	1.0	K562	rbpse	mean_squared_error	1024	True	['target_psi']	platiglab	40	['fancy_scatter', 'cumul_resid_dist', ['wandb_faux_pr_curve', {'thresh': 0.5}], ['wandb_faux_roc_curve', {'thresh': 0.5}]]	yogi-RBP-ML-linear-models-april-2025	17.0	train	['r2_score', 'rmse', 'sigmoid_r2']	False	all	False	False	cross_validation	5.0	5	False	1.0	ensembl_gene_id	ensembl_gene_id		True	binary	0.1843	0.3016	-0.09376	0.09097	0.1846	0.3016	-0.09316						
40d1nhix	leafy-sweep-124	finished	ElasticNet	ha252ijh	ElasticNet	0.0002894266124716752	RBPSEDataset	700	100	1.0	K562	rbpse	mean_squared_error	1024	True	['target_psi']	platiglab	40	['fancy_scatter', 'cumul_resid_dist', ['wandb_faux_pr_curve', {'thresh': 0.5}], ['wandb_faux_roc_curve', {'thresh': 0.5}]]	yogi-RBP-ML-linear-models-april-2025	17.0	train	['r2_score', 'rmse', 'sigmoid_r2']	False	all	False	False	cross_validation	5.0	5	False	1.0	ensembl_gene_id	ensembl_gene_id		True	binary	0.1837	0.3017	-0.09426	0.091	0.1843	0.3017	-0.0931						
e8wweqgo	crimson-sweep-121	finished	ElasticNet	ha252ijh	ElasticNet	0.0002894266124716752	RBPSEDataset	400	100	1.0	K562	rbpse	mean_squared_error	1024	True	['target_psi']	platiglab	40	['fancy_scatter', 'cumul_resid_dist', ['wandb_faux_pr_curve', {'thresh': 0.5}], ['wandb_faux_roc_curve', {'thresh': 0.5}]]	yogi-RBP-ML-linear-models-april-2025	17.0	train	['r2_score', 'rmse', 'sigmoid_r2']	False	all	False	False	cross_validation	5.0	5	False	1.0	ensembl_gene_id	ensembl_gene_id		True	binary	0.1829	0.3018	-0.09416	0.09111	0.1833	0.3019	-0.09337						
hn6w0anb	atomic-sweep-126	finished	ElasticNet	ha252ijh	ElasticNet	0.0002894266124716752	RBPSEDataset	900	100	1.0	K562	rbpse	mean_squared_error	1024	True	['target_psi']	platiglab	40	['fancy_scatter', 'cumul_resid_dist', ['wandb_faux_pr_curve', {'thresh': 0.5}], ['wandb_faux_roc_curve', {'thresh': 0.5}]]	yogi-RBP-ML-linear-models-april-2025	17.0	train	['r2_score', 'rmse', 'sigmoid_r2']	False	all	False	False	cross_validation	5.0	5	False	1.0	ensembl_gene_id	ensembl_gene_id		True	binary	0.1829	0.3018	-0.09428	0.0911	0.1835	0.3018	-0.09318						
khvub8j8	cerulean-sweep-122	finished	ElasticNet	ha252ijh	ElasticNet	0.0002894266124716752	RBPSEDataset	500	100	1.0	K562	rbpse	mean_squared_error	1024	True	['target_psi']	platiglab	40	['fancy_scatter', 'cumul_resid_dist', ['wandb_faux_pr_curve', {'thresh': 0.5}], ['wandb_faux_roc_curve', {'thresh': 0.5}]]	yogi-RBP-ML-linear-models-april-2025	17.0	train	['r2_score', 'rmse', 'sigmoid_r2']	False	all	False	False	cross_validation	5.0	5	False	1.0	ensembl_gene_id	ensembl_gene_id		True	binary	0.1842	0.3016	-0.09433	0.09095	0.1848	0.3016	-0.09312						
vbqtwadw	dainty-sweep-123	finished	ElasticNet	ha252ijh	ElasticNet	0.0002894266124716752	RBPSEDataset	600	100	1.0	K562	rbpse	mean_squared_error	1024	True	['target_psi']	platiglab	40	['fancy_scatter', 'cumul_resid_dist', ['wandb_faux_pr_curve', {'thresh': 0.5}], ['wandb_faux_roc_curve', {'thresh': 0.5}]]	yogi-RBP-ML-linear-models-april-2025	17.0	train	['r2_score', 'rmse', 'sigmoid_r2']	False	all	False	False	cross_validation	5.0	5	False	1.0	ensembl_gene_id	ensembl_gene_id		True	binary	0.1834	0.3017	-0.09445	0.09107	0.1837	0.3018	-0.09337						
zqbmabz7	polar-sweep-125	finished	ElasticNet	ha252ijh	ElasticNet	0.0002894266124716752	RBPSEDataset	800	100	1.0	K562	rbpse	mean_squared_error	1024	True	['target_psi']	platiglab	40	['fancy_scatter', 'cumul_resid_dist', ['wandb_faux_pr_curve', {'thresh': 0.5}], ['wandb_faux_roc_curve', {'thresh': 0.5}]]	yogi-RBP-ML-linear-models-april-2025	17.0	train	['r2_score', 'rmse', 'sigmoid_r2']	False	all	False	False	cross_validation	5.0	5	False	1.0	ensembl_gene_id	ensembl_gene_id		True	binary	0.1839	0.3017	-0.094	0.09098	0.1845	0.3016	-0.09312						
jqjdabu8	robust-sweep-137	finished	ElasticNet	ha252ijh	ElasticNet	0.0008376776400682924	RBPSEDataset	200	100	0.1	K562	rbpse	mean_squared_error	1024	True	['target_psi']	platiglab	40	['fancy_scatter', 'cumul_resid_dist', ['wandb_faux_pr_curve', {'thresh': 0.5}], ['wandb_faux_roc_curve', {'thresh': 0.5}]]	yogi-RBP-ML-linear-models-april-2025	17.0	train	['r2_score', 'rmse', 'sigmoid_r2']	False	all	False	False	cross_validation	5.0	5	False	1.0	ensembl_gene_id	ensembl_gene_id		True	binary	0.1873	0.301	-0.09112	0.09061	0.1878	0.301	-0.08964						
xwv4l7kn	smooth-sweep-136	finished	ElasticNet	ha252ijh	ElasticNet	0.0008376776400682924	RBPSEDataset	100	100	0.1	K562	rbpse	mean_squared_error	1024	True	['target_psi']	platiglab	40	['fancy_scatter', 'cumul_resid_dist', ['wandb_faux_pr_curve', {'thresh': 0.5}], ['wandb_faux_roc_curve', {'thresh': 0.5}]]	yogi-RBP-ML-linear-models-april-2025	17.0	train	['r2_score', 'rmse', 'sigmoid_r2']	False	all	False	False	cross_validation	5.0	5	False	1.0	ensembl_gene_id	ensembl_gene_id		True	binary	0.1868	0.3012	-0.08998	0.09072	0.1868	0.3012	-0.0898	0.09363	0.1669	0.306	-0.0911		
4t7kpd3m	sparkling-sweep-138	finished	ElasticNet	ha252ijh	ElasticNet	0.0008376776400682924	RBPSEDataset	300	100	0.1	K562	rbpse	mean_squared_error	1024	True	['target_psi']	platiglab	40	['fancy_scatter', 'cumul_resid_dist', ['wandb_faux_pr_curve', {'thresh': 0.5}], ['wandb_faux_roc_curve', {'thresh': 0.5}]]	yogi-RBP-ML-linear-models-april-2025	17.0	train	['r2_score', 'rmse', 'sigmoid_r2']	False	all	False	False	cross_validation	5.0	5	False	1.0	ensembl_gene_id	ensembl_gene_id		True	binary	0.1864	0.3012	-0.0903	0.09074	0.1866	0.3012	-0.08971						
o8gd2ux5	legendary-sweep-139	finished	ElasticNet	ha252ijh	ElasticNet	0.0008376776400682924	RBPSEDataset	400	100	0.1	K562	rbpse	mean_squared_error	1024	True	['target_psi']	platiglab	40	['fancy_scatter', 'cumul_resid_dist', ['wandb_faux_pr_curve', {'thresh': 0.5}], ['wandb_faux_roc_curve', {'thresh': 0.5}]]	yogi-RBP-ML-linear-models-april-2025	17.0	train	['r2_score', 'rmse', 'sigmoid_r2']	False	all	False	False	cross_validation	5.0	5	False	1.0	ensembl_gene_id	ensembl_gene_id		True	binary	0.1858	0.3013	-0.09071	0.09079	0.1862	0.3013	-0.0899						
z403nrn4	spring-sweep-140	finished	ElasticNet	ha252ijh	ElasticNet	0.0008376776400682924	RBPSEDataset	500	100	0.1	K562	rbpse	mean_squared_error	1024	True	['target_psi']	platiglab	40	['fancy_scatter', 'cumul_resid_dist', ['wandb_faux_pr_curve', {'thresh': 0.5}], ['wandb_faux_roc_curve', {'thresh': 0.5}]]	yogi-RBP-ML-linear-models-april-2025	17.0	train	['r2_score', 'rmse', 'sigmoid_r2']	False	all	False	False	cross_validation	5.0	5	False	1.0	ensembl_gene_id	ensembl_gene_id		True	binary	0.1858	0.3013	-0.09103	0.09077	0.1864	0.3013	-0.08981						
4272ryna	honest-sweep-141	finished	ElasticNet	ha252ijh	ElasticNet	0.0008376776400682924	RBPSEDataset	600	100	0.1	K562	rbpse	mean_squared_error	1024	True	['target_psi']	platiglab	40	['fancy_scatter', 'cumul_resid_dist', ['wandb_faux_pr_curve', {'thresh': 0.5}], ['wandb_faux_roc_curve', {'thresh': 0.5}]]	yogi-RBP-ML-linear-models-april-2025	17.0	train	['r2_score', 'rmse', 'sigmoid_r2']	False	all	False	False	cross_validation	5.0	5	False	1.0	ensembl_gene_id	ensembl_gene_id		True	binary	0.1854	0.3013	-0.09118	0.09084	0.1858	0.3014	-0.09011						
r9gjkbt3	fancy-sweep-142	finished	ElasticNet	ha252ijh	ElasticNet	0.0008376776400682924	RBPSEDataset	700	100	0.1	K562	rbpse	mean_squared_error	1024	True	['target_psi']	platiglab	40	['fancy_scatter', 'cumul_resid_dist', ['wandb_faux_pr_curve', {'thresh': 0.5}], ['wandb_faux_roc_curve', {'thresh': 0.5}]]	yogi-RBP-ML-linear-models-april-2025	17.0	train	['r2_score', 'rmse', 'sigmoid_r2']	False	all	False	False	cross_validation	5.0	5	False	1.0	ensembl_gene_id	ensembl_gene_id		True	binary	0.1861	0.3012	-0.09077	0.09074	0.1867	0.3012	-0.08961						
kcb0cjdk	serene-sweep-143	finished	ElasticNet	ha252ijh	ElasticNet	0.0008376776400682924	RBPSEDataset	800	100	0.1	K562	rbpse	mean_squared_error	1024	True	['target_psi']	platiglab	40	['fancy_scatter', 'cumul_resid_dist', ['wandb_faux_pr_curve', {'thresh': 0.5}], ['wandb_faux_roc_curve', {'thresh': 0.5}]]	yogi-RBP-ML-linear-models-april-2025	17.0	train	['r2_score', 'rmse', 'sigmoid_r2']	False	all	False	False	cross_validation	5.0	5	False	1.0	ensembl_gene_id	ensembl_gene_id		True	binary	0.1866	0.3012	-0.09048	0.09067	0.1873	0.3011	-0.08958						
vodc7tod	usual-sweep-144	finished	ElasticNet	ha252ijh	ElasticNet	0.0008376776400682924	RBPSEDataset	900	100	0.1	K562	rbpse	mean_squared_error	1024	True	['target_psi']	platiglab	40	['fancy_scatter', 'cumul_resid_dist', ['wandb_faux_pr_curve', {'thresh': 0.5}], ['wandb_faux_roc_curve', {'thresh': 0.5}]]	yogi-RBP-ML-linear-models-april-2025	17.0	train	['r2_score', 'rmse', 'sigmoid_r2']	False	all	False	False	cross_validation	5.0	5	False	1.0	ensembl_gene_id	ensembl_gene_id		True	binary	0.1848	0.3014	-0.09106	0.09089	0.1853	0.3015	-0.08995						
j0h07fvl	easy-sweep-145	finished	ElasticNet	ha252ijh	ElasticNet	0.0008376776400682924	RBPSEDataset	100	100	0.25	K562	rbpse	mean_squared_error	1024	True	['target_psi']	platiglab	40	['fancy_scatter', 'cumul_resid_dist', ['wandb_faux_pr_curve', {'thresh': 0.5}], ['wandb_faux_roc_curve', {'thresh': 0.5}]]	yogi-RBP-ML-linear-models-april-2025	17.0	train	['r2_score', 'rmse', 'sigmoid_r2']	False	all	False	False	cross_validation	5.0	5	False	1.0	ensembl_gene_id	ensembl_gene_id		True	binary	0.1855	0.3015	-0.09273	0.09087	0.1855	0.3014	-0.09254						
sas7fk75	lyric-sweep-146	finished	ElasticNet	ha252ijh	ElasticNet	0.0008376776400682924	RBPSEDataset	200	100	0.25	K562	rbpse	mean_squared_error	1024	True	['target_psi']	platiglab	40	['fancy_scatter', 'cumul_resid_dist', ['wandb_faux_pr_curve', {'thresh': 0.5}], ['wandb_faux_roc_curve', {'thresh': 0.5}]]	yogi-RBP-ML-linear-models-april-2025	17.0	train	['r2_score', 'rmse', 'sigmoid_r2']	False	all	False	False	cross_validation	5.0	5	False	1.0	ensembl_gene_id	ensembl_gene_id		True	binary	0.1856	0.3013	-0.09396	0.09081	0.1861	0.3013	-0.0925						
59m1rg7l	expert-sweep-147	finished	ElasticNet	ha252ijh	ElasticNet	0.0008376776400682924	RBPSEDataset	300	100	0.25	K562	rbpse	mean_squared_error	1024	True	['target_psi']	platiglab	40	['fancy_scatter', 'cumul_resid_dist', ['wandb_faux_pr_curve', {'thresh': 0.5}], ['wandb_faux_roc_curve', {'thresh': 0.5}]]	yogi-RBP-ML-linear-models-april-2025	17.0	train	['r2_score', 'rmse', 'sigmoid_r2']	False	all	False	False	cross_validation	5.0	5	False	1.0	ensembl_gene_id	ensembl_gene_id		True	binary	0.1856	0.3014	-0.0931	0.09083	0.1859	0.3014	-0.09249						
jxzo95tu	dry-sweep-148	finished	ElasticNet	ha252ijh	ElasticNet	0.0008376776400682924	RBPSEDataset	400	100	0.25	K562	rbpse	mean_squared_error	1024	True	['target_psi']	platiglab	40	['fancy_scatter', 'cumul_resid_dist', ['wandb_faux_pr_curve', {'thresh': 0.5}], ['wandb_faux_roc_curve', {'thresh': 0.5}]]	yogi-RBP-ML-linear-models-april-2025	17.0	train	['r2_score', 'rmse', 'sigmoid_r2']	False	all	False	False	cross_validation	5.0	5	False	1.0	ensembl_gene_id	ensembl_gene_id		True	binary	0.1843	0.3016	-0.09349	0.09096	0.1847	0.3016	-0.09269						
anlz7zi0	olive-sweep-149	finished	ElasticNet	ha252ijh	ElasticNet	0.0008376776400682924	RBPSEDataset	500	100	0.25	K562	rbpse	mean_squared_error	1024	True	['target_psi']	platiglab	40	['fancy_scatter', 'cumul_resid_dist', ['wandb_faux_pr_curve', {'thresh': 0.5}], ['wandb_faux_roc_curve', {'thresh': 0.5}]]	yogi-RBP-ML-linear-models-april-2025	17.0	train	['r2_score', 'rmse', 'sigmoid_r2']	False	all	False	False	cross_validation	5.0	5	False	1.0	ensembl_gene_id	ensembl_gene_id		True	binary	0.1853	0.3014	-0.09371	0.09082	0.1859	0.3014	-0.09249						
jn73ae85	distinctive-sweep-150	finished	ElasticNet	ha252ijh	ElasticNet	0.0008376776400682924	RBPSEDataset	600	100	0.25	K562	rbpse	mean_squared_error	1024	True	['target_psi']	platiglab	40	['fancy_scatter', 'cumul_resid_dist', ['wandb_faux_pr_curve', {'thresh': 0.5}], ['wandb_faux_roc_curve', {'thresh': 0.5}]]	yogi-RBP-ML-linear-models-april-2025	17.0	train	['r2_score', 'rmse', 'sigmoid_r2']	False	all	False	False	cross_validation	5.0	5	False	1.0	ensembl_gene_id	ensembl_gene_id		True	binary	0.1845	0.3015	-0.09377	0.09094	0.1849	0.3016	-0.09269						
3moz122t	neat-sweep-151	finished	ElasticNet	ha252ijh	ElasticNet	0.0008376776400682924	RBPSEDataset	700	100	0.25	K562	rbpse	mean_squared_error	1024	True	['target_psi']	platiglab	40	['fancy_scatter', 'cumul_resid_dist', ['wandb_faux_pr_curve', {'thresh': 0.5}], ['wandb_faux_roc_curve', {'thresh': 0.5}]]	yogi-RBP-ML-linear-models-april-2025	17.0	train	['r2_score', 'rmse', 'sigmoid_r2']	False	all	False	False	cross_validation	5.0	5	False	1.0	ensembl_gene_id	ensembl_gene_id		True	binary	0.1849	0.3014	-0.09358	0.09086	0.1855	0.3014	-0.09242						
bor19l7b	denim-sweep-153	finished	ElasticNet	ha252ijh	ElasticNet	0.0008376776400682924	RBPSEDataset	900	100	0.25	K562	rbpse	mean_squared_error	1024	True	['target_psi']	platiglab	40	['fancy_scatter', 'cumul_resid_dist', ['wandb_faux_pr_curve', {'thresh': 0.5}], ['wandb_faux_roc_curve', {'thresh': 0.5}]]	yogi-RBP-ML-linear-models-april-2025	17.0	train	['r2_score', 'rmse', 'sigmoid_r2']	False	all	False	False	cross_validation	5.0	5	False	1.0	ensembl_gene_id	ensembl_gene_id		True	binary	0.1841	0.3015	-0.09372	0.09097	0.1846	0.3016	-0.09261						
wjqao57o	soft-sweep-152	finished	ElasticNet	ha252ijh	ElasticNet	0.0008376776400682924	RBPSEDataset	800	100	0.25	K562	rbpse	mean_squared_error	1024	True	['target_psi']	platiglab	40	['fancy_scatter', 'cumul_resid_dist', ['wandb_faux_pr_curve', {'thresh': 0.5}], ['wandb_faux_roc_curve', {'thresh': 0.5}]]	yogi-RBP-ML-linear-models-april-2025	17.0	train	['r2_score', 'rmse', 'sigmoid_r2']	False	all	False	False	cross_validation	5.0	5	False	1.0	ensembl_gene_id	ensembl_gene_id		True	binary	0.1851	0.3015	-0.09335	0.09085	0.1857	0.3014	-0.09246						
hfy7k0x3	dandy-sweep-155	finished	ElasticNet	ha252ijh	ElasticNet	0.0008376776400682924	RBPSEDataset	200	100	0.5	K562	rbpse	mean_squared_error	1024	True	['target_psi']	platiglab	40	['fancy_scatter', 'cumul_resid_dist', ['wandb_faux_pr_curve', {'thresh': 0.5}], ['wandb_faux_roc_curve', {'thresh': 0.5}]]	yogi-RBP-ML-linear-models-april-2025	17.0	train	['r2_score', 'rmse', 'sigmoid_r2']	False	all	False	False	cross_validation	5.0	5	False	1.0	ensembl_gene_id	ensembl_gene_id		True	binary	0.1802	0.3023	-0.0981	0.09142	0.1805	0.3024	-0.09663						
naru5bvg	gallant-sweep-154	finished	ElasticNet	ha252ijh	ElasticNet	0.0008376776400682924	RBPSEDataset	100	100	0.5	K562	rbpse	mean_squared_error	1024	True	['target_psi']	platiglab	40	['fancy_scatter', 'cumul_resid_dist', ['wandb_faux_pr_curve', {'thresh': 0.5}], ['wandb_faux_roc_curve', {'thresh': 0.5}]]	yogi-RBP-ML-linear-models-april-2025	17.0	train	['r2_score', 'rmse', 'sigmoid_r2']	False	all	False	False	cross_validation	5.0	5	False	1.0	ensembl_gene_id	ensembl_gene_id		True	binary	0.1801	0.3025	-0.09679	0.09147	0.1802	0.3024	-0.09659						
kkxfnkf4	charmed-sweep-157	finished	ElasticNet	ha252ijh	ElasticNet	0.0008376776400682924	RBPSEDataset	400	100	0.5	K562	rbpse	mean_squared_error	1024	True	['target_psi']	platiglab	40	['fancy_scatter', 'cumul_resid_dist', ['wandb_faux_pr_curve', {'thresh': 0.5}], ['wandb_faux_roc_curve', {'thresh': 0.5}]]	yogi-RBP-ML-linear-models-april-2025	17.0	train	['r2_score', 'rmse', 'sigmoid_r2']	False	all	False	False	cross_validation	5.0	5	False	1.0	ensembl_gene_id	ensembl_gene_id		True	binary	0.1792	0.3025	-0.09752	0.09154	0.1795	0.3025	-0.09672						
xsejg0c3	sweepy-sweep-156	finished	ElasticNet	ha252ijh	ElasticNet	0.0008376776400682924	RBPSEDataset	300	100	0.5	K562	rbpse	mean_squared_error	1024	True	['target_psi']	platiglab	40	['fancy_scatter', 'cumul_resid_dist', ['wandb_faux_pr_curve', {'thresh': 0.5}], ['wandb_faux_roc_curve', {'thresh': 0.5}]]	yogi-RBP-ML-linear-models-april-2025	17.0	train	['r2_score', 'rmse', 'sigmoid_r2']	False	all	False	False	cross_validation	5.0	5	False	1.0	ensembl_gene_id	ensembl_gene_id		True	binary	0.18	0.3024	-0.0972	0.09145	0.1803	0.3024	-0.0966						
if8p7gr7	fresh-sweep-158	finished	ElasticNet	ha252ijh	ElasticNet	0.0008376776400682924	RBPSEDataset	500	100	0.5	K562	rbpse	mean_squared_error	1024	True	['target_psi']	platiglab	40	['fancy_scatter', 'cumul_resid_dist', ['wandb_faux_pr_curve', {'thresh': 0.5}], ['wandb_faux_roc_curve', {'thresh': 0.5}]]	yogi-RBP-ML-linear-models-april-2025	17.0	train	['r2_score', 'rmse', 'sigmoid_r2']	False	all	False	False	cross_validation	5.0	5	False	1.0	ensembl_gene_id	ensembl_gene_id		True	binary	0.1799	0.3024	-0.0978	0.09143	0.1805	0.3024	-0.09658						
s85ds8tn	elated-sweep-159	finished	ElasticNet	ha252ijh	ElasticNet	0.0008376776400682924	RBPSEDataset	600	100	0.5	K562	rbpse	mean_squared_error	1024	True	['target_psi']	platiglab	40	['fancy_scatter', 'cumul_resid_dist', ['wandb_faux_pr_curve', {'thresh': 0.5}], ['wandb_faux_roc_curve', {'thresh': 0.5}]]	yogi-RBP-ML-linear-models-april-2025	17.0	train	['r2_score', 'rmse', 'sigmoid_r2']	False	all	False	False	cross_validation	5.0	5	False	1.0	ensembl_gene_id	ensembl_gene_id		True	binary	0.1795	0.3024	-0.09785	0.09151	0.1798	0.3025	-0.09677						
3xa02dqr	eternal-sweep-160	finished	ElasticNet	ha252ijh	ElasticNet	0.0008376776400682924	RBPSEDataset	700	100	0.5	K562	rbpse	mean_squared_error	1024	True	['target_psi']	platiglab	40	['fancy_scatter', 'cumul_resid_dist', ['wandb_faux_pr_curve', {'thresh': 0.5}], ['wandb_faux_roc_curve', {'thresh': 0.5}]]	yogi-RBP-ML-linear-models-april-2025	17.0	train	['r2_score', 'rmse', 'sigmoid_r2']	False	all	False	False	cross_validation	5.0	5	False	1.0	ensembl_gene_id	ensembl_gene_id		True	binary	0.1797	0.3024	-0.09768	0.09144	0.1804	0.3024	-0.09653						
ekmjz37g	leafy-sweep-161	finished	ElasticNet	ha252ijh	ElasticNet	0.0008376776400682924	RBPSEDataset	800	100	0.5	K562	rbpse	mean_squared_error	1024	True	['target_psi']	platiglab	40	['fancy_scatter', 'cumul_resid_dist', ['wandb_faux_pr_curve', {'thresh': 0.5}], ['wandb_faux_roc_curve', {'thresh': 0.5}]]	yogi-RBP-ML-linear-models-april-2025	17.0	train	['r2_score', 'rmse', 'sigmoid_r2']	False	all	False	False	cross_validation	5.0	5	False	1.0	ensembl_gene_id	ensembl_gene_id		True	binary	0.1798	0.3025	-0.09745	0.09144	0.1804	0.3024	-0.09657						
nc2pt2x6	frosty-sweep-162	finished	ElasticNet	ha252ijh	ElasticNet	0.0008376776400682924	RBPSEDataset	900	100	0.5	K562	rbpse	mean_squared_error	1024	True	['target_psi']	platiglab	40	['fancy_scatter', 'cumul_resid_dist', ['wandb_faux_pr_curve', {'thresh': 0.5}], ['wandb_faux_roc_curve', {'thresh': 0.5}]]	yogi-RBP-ML-linear-models-april-2025	17.0	train	['r2_score', 'rmse', 'sigmoid_r2']	False	all	False	False	cross_validation	5.0	5	False	1.0	ensembl_gene_id	ensembl_gene_id		True	binary	0.1794	0.3024	-0.09761	0.09149	0.18	0.3025	-0.0965						
kvssq9p8	silvery-sweep-163	finished	ElasticNet	ha252ijh	ElasticNet	0.0008376776400682924	RBPSEDataset	100	100	0.75	K562	rbpse	mean_squared_error	1024	True	['target_psi']	platiglab	40	['fancy_scatter', 'cumul_resid_dist', ['wandb_faux_pr_curve', {'thresh': 0.5}], ['wandb_faux_roc_curve', {'thresh': 0.5}]]	yogi-RBP-ML-linear-models-april-2025	17.0	train	['r2_score', 'rmse', 'sigmoid_r2']	False	all	False	False	cross_validation	5.0	5	False	1.0	ensembl_gene_id	ensembl_gene_id		True	binary	0.1732	0.3037	-0.1005	0.09223	0.1733	0.3037	-0.1003						
ce23xs9d	soft-sweep-164	finished	ElasticNet	ha252ijh	ElasticNet	0.0008376776400682924	RBPSEDataset	200	100	0.75	K562	rbpse	mean_squared_error	1024	True	['target_psi']	platiglab	40	['fancy_scatter', 'cumul_resid_dist', ['wandb_faux_pr_curve', {'thresh': 0.5}], ['wandb_faux_roc_curve', {'thresh': 0.5}]]	yogi-RBP-ML-linear-models-april-2025	17.0	train	['r2_score', 'rmse', 'sigmoid_r2']	False	all	False	False	cross_validation	5.0	5	False	1.0	ensembl_gene_id	ensembl_gene_id		True	binary	0.1733	0.3035	-0.1018	0.09218	0.1737	0.3036	-0.1003						
df89otwl	light-sweep-165	finished	ElasticNet	ha252ijh	ElasticNet	0.0008376776400682924	RBPSEDataset	300	100	0.75	K562	rbpse	mean_squared_error	1024	True	['target_psi']	platiglab	40	['fancy_scatter', 'cumul_resid_dist', ['wandb_faux_pr_curve', {'thresh': 0.5}], ['wandb_faux_roc_curve', {'thresh': 0.5}]]	yogi-RBP-ML-linear-models-april-2025	17.0	train	['r2_score', 'rmse', 'sigmoid_r2']	False	all	False	False	cross_validation	5.0	5	False	1.0	ensembl_gene_id	ensembl_gene_id		True	binary	0.1729	0.3037	-0.101	0.09224	0.1733	0.3037	-0.1004						
g9pjv7er	likely-sweep-166	finished	ElasticNet	ha252ijh	ElasticNet	0.0008376776400682924	RBPSEDataset	400	100	0.75	K562	rbpse	mean_squared_error	1024	True	['target_psi']	platiglab	40	['fancy_scatter', 'cumul_resid_dist', ['wandb_faux_pr_curve', {'thresh': 0.5}], ['wandb_faux_roc_curve', {'thresh': 0.5}]]	yogi-RBP-ML-linear-models-april-2025	17.0	train	['r2_score', 'rmse', 'sigmoid_r2']	False	all	False	False	cross_validation	5.0	5	False	1.0	ensembl_gene_id	ensembl_gene_id		True	binary	0.1727	0.3037	-0.1012	0.09226	0.173	0.3038	-0.1004						
6z5xwb9g	wise-sweep-167	finished	ElasticNet	ha252ijh	ElasticNet	0.0008376776400682924	RBPSEDataset	500	100	0.75	K562	rbpse	mean_squared_error	1024	True	['target_psi']	platiglab	40	['fancy_scatter', 'cumul_resid_dist', ['wandb_faux_pr_curve', {'thresh': 0.5}], ['wandb_faux_roc_curve', {'thresh': 0.5}]]	yogi-RBP-ML-linear-models-april-2025	17.0	train	['r2_score', 'rmse', 'sigmoid_r2']	False	all	False	False	cross_validation	5.0	5	False	1.0	ensembl_gene_id	ensembl_gene_id		True	binary	0.1729	0.3037	-0.1016	0.0922	0.1736	0.3036	-0.1003						
771u5sbb	cosmic-sweep-169	finished	ElasticNet	ha252ijh	ElasticNet	0.0008376776400682924	RBPSEDataset	700	100	0.75	K562	rbpse	mean_squared_error	1024	True	['target_psi']	platiglab	40	['fancy_scatter', 'cumul_resid_dist', ['wandb_faux_pr_curve', {'thresh': 0.5}], ['wandb_faux_roc_curve', {'thresh': 0.5}]]	yogi-RBP-ML-linear-models-april-2025	17.0	train	['r2_score', 'rmse', 'sigmoid_r2']	False	all	False	False	cross_validation	5.0	5	False	1.0	ensembl_gene_id	ensembl_gene_id		True	binary	0.1728	0.3037	-0.1014	0.09223	0.1734	0.3037	-0.1002						
dmv3d9xu	neat-sweep-168	finished	ElasticNet	ha252ijh	ElasticNet	0.0008376776400682924	RBPSEDataset	600	100	0.75	K562	rbpse	mean_squared_error	1024	True	['target_psi']	platiglab	40	['fancy_scatter', 'cumul_resid_dist', ['wandb_faux_pr_curve', {'thresh': 0.5}], ['wandb_faux_roc_curve', {'thresh': 0.5}]]	yogi-RBP-ML-linear-models-april-2025	17.0	train	['r2_score', 'rmse', 'sigmoid_r2']	False	all	False	False	cross_validation	5.0	5	False	1.0	ensembl_gene_id	ensembl_gene_id		True	binary	0.1728	0.3037	-0.1015	0.09226	0.173	0.3037	-0.1004						
wwe4eoux	laced-sweep-170	finished	ElasticNet	ha252ijh	ElasticNet	0.0008376776400682924	RBPSEDataset	800	100	0.75	K562	rbpse	mean_squared_error	1024	True	['target_psi']	platiglab	40	['fancy_scatter', 'cumul_resid_dist', ['wandb_faux_pr_curve', {'thresh': 0.5}], ['wandb_faux_roc_curve', {'thresh': 0.5}]]	yogi-RBP-ML-linear-models-april-2025	17.0	train	['r2_score', 'rmse', 'sigmoid_r2']	False	all	False	False	cross_validation	5.0	5	False	1.0	ensembl_gene_id	ensembl_gene_id		True	binary	0.1726	0.3038	-0.1012	0.09225	0.1731	0.3037	-0.1004						
up80tyzg	unique-sweep-171	finished	ElasticNet	ha252ijh	ElasticNet	0.0008376776400682924	RBPSEDataset	900	100	0.75	K562	rbpse	mean_squared_error	1024	True	['target_psi']	platiglab	40	['fancy_scatter', 'cumul_resid_dist', ['wandb_faux_pr_curve', {'thresh': 0.5}], ['wandb_faux_roc_curve', {'thresh': 0.5}]]	yogi-RBP-ML-linear-models-april-2025	17.0	train	['r2_score', 'rmse', 'sigmoid_r2']	False	all	False	False	cross_validation	5.0	5	False	1.0	ensembl_gene_id	ensembl_gene_id		True	binary	0.173	0.3036	-0.1013	0.09221	0.1735	0.3037	-0.1002						
u7qcufxi	apricot-sweep-172	finished	ElasticNet	ha252ijh	ElasticNet	0.0008376776400682924	RBPSEDataset	100	100	0.9	K562	rbpse	mean_squared_error	1024	True	['target_psi']	platiglab	40	['fancy_scatter', 'cumul_resid_dist', ['wandb_faux_pr_curve', {'thresh': 0.5}], ['wandb_faux_roc_curve', {'thresh': 0.5}]]	yogi-RBP-ML-linear-models-april-2025	17.0	train	['r2_score', 'rmse', 'sigmoid_r2']	False	all	False	False	cross_validation	5.0	5	False	1.0	ensembl_gene_id	ensembl_gene_id		True	binary	0.1695	0.3044	-0.1025	0.09264	0.1696	0.3044	-0.1023						
7fizyhyz	tough-sweep-173	finished	ElasticNet	ha252ijh	ElasticNet	0.0008376776400682924	RBPSEDataset	200	100	0.9	K562	rbpse	mean_squared_error	1024	True	['target_psi']	platiglab	40	['fancy_scatter', 'cumul_resid_dist', ['wandb_faux_pr_curve', {'thresh': 0.5}], ['wandb_faux_roc_curve', {'thresh': 0.5}]]	yogi-RBP-ML-linear-models-april-2025	17.0	train	['r2_score', 'rmse', 'sigmoid_r2']	False	all	False	False	cross_validation	5.0	5	False	1.0	ensembl_gene_id	ensembl_gene_id		True	binary	0.1695	0.3042	-0.1037	0.09261	0.1699	0.3043	-0.1022						
cet0g66j	honest-sweep-174	finished	ElasticNet	ha252ijh	ElasticNet	0.0008376776400682924	RBPSEDataset	300	100	0.9	K562	rbpse	mean_squared_error	1024	True	['target_psi']	platiglab	40	['fancy_scatter', 'cumul_resid_dist', ['wandb_faux_pr_curve', {'thresh': 0.5}], ['wandb_faux_roc_curve', {'thresh': 0.5}]]	yogi-RBP-ML-linear-models-april-2025	17.0	train	['r2_score', 'rmse', 'sigmoid_r2']	False	all	False	False	cross_validation	5.0	5	False	1.0	ensembl_gene_id	ensembl_gene_id		True	binary	0.1691	0.3044	-0.1029	0.09266	0.1695	0.3044	-0.1023						
5fx49wwo	golden-sweep-175	finished	ElasticNet	ha252ijh	ElasticNet	0.0008376776400682924	RBPSEDataset	400	100	0.9	K562	rbpse	mean_squared_error	1024	True	['target_psi']	platiglab	40	['fancy_scatter', 'cumul_resid_dist', ['wandb_faux_pr_curve', {'thresh': 0.5}], ['wandb_faux_roc_curve', {'thresh': 0.5}]]	yogi-RBP-ML-linear-models-april-2025	17.0	train	['r2_score', 'rmse', 'sigmoid_r2']	False	all	False	False	cross_validation	5.0	5	False	1.0	ensembl_gene_id	ensembl_gene_id		True	binary	0.1687	0.3044	-0.1031	0.0927	0.1691	0.3045	-0.1023						
w7z1qet6	blooming-sweep-176	finished	ElasticNet	ha252ijh	ElasticNet	0.0008376776400682924	RBPSEDataset	500	100	0.9	K562	rbpse	mean_squared_error	1024	True	['target_psi']	platiglab	40	['fancy_scatter', 'cumul_resid_dist', ['wandb_faux_pr_curve', {'thresh': 0.5}], ['wandb_faux_roc_curve', {'thresh': 0.5}]]	yogi-RBP-ML-linear-models-april-2025	17.0	train	['r2_score', 'rmse', 'sigmoid_r2']	False	all	False	False	cross_validation	5.0	5	False	1.0	ensembl_gene_id	ensembl_gene_id		True	binary	0.1689	0.3044	-0.1036	0.09265	0.1695	0.3044	-0.1023						
8xej0bgv	floral-sweep-177	finished	ElasticNet	ha252ijh	ElasticNet	0.0008376776400682924	RBPSEDataset	600	100	0.9	K562	rbpse	mean_squared_error	1024	True	['target_psi']	platiglab	40	['fancy_scatter', 'cumul_resid_dist', ['wandb_faux_pr_curve', {'thresh': 0.5}], ['wandb_faux_roc_curve', {'thresh': 0.5}]]	yogi-RBP-ML-linear-models-april-2025	17.0	train	['r2_score', 'rmse', 'sigmoid_r2']	False	all	False	False	cross_validation	5.0	5	False	1.0	ensembl_gene_id	ensembl_gene_id		True	binary	0.1691	0.3043	-0.1035	0.09268	0.1693	0.3044	-0.1024						
wgyrwfsa	upbeat-sweep-178	finished	ElasticNet	ha252ijh	ElasticNet	0.0008376776400682924	RBPSEDataset	700	100	0.9	K562	rbpse	mean_squared_error	1024	True	['target_psi']	platiglab	40	['fancy_scatter', 'cumul_resid_dist', ['wandb_faux_pr_curve', {'thresh': 0.5}], ['wandb_faux_roc_curve', {'thresh': 0.5}]]	yogi-RBP-ML-linear-models-april-2025	17.0	train	['r2_score', 'rmse', 'sigmoid_r2']	False	all	False	False	cross_validation	5.0	5	False	1.0	ensembl_gene_id	ensembl_gene_id		True	binary	0.1688	0.3044	-0.1034	0.09267	0.1694	0.3044	-0.1022						
egja2t5s	solar-sweep-179	finished	ElasticNet	ha252ijh	ElasticNet	0.0008376776400682924	RBPSEDataset	800	100	0.9	K562	rbpse	mean_squared_error	1024	True	['target_psi']	platiglab	40	['fancy_scatter', 'cumul_resid_dist', ['wandb_faux_pr_curve', {'thresh': 0.5}], ['wandb_faux_roc_curve', {'thresh': 0.5}]]	yogi-RBP-ML-linear-models-april-2025	17.0	train	['r2_score', 'rmse', 'sigmoid_r2']	False	all	False	False	cross_validation	5.0	5	False	1.0	ensembl_gene_id	ensembl_gene_id		True	binary	0.1687	0.3045	-0.1032	0.09269	0.1692	0.3045	-0.1023						
z0377pya	sweepy-sweep-180	finished	ElasticNet	ha252ijh	ElasticNet	0.0008376776400682924	RBPSEDataset	900	100	0.9	K562	rbpse	mean_squared_error	1024	True	['target_psi']	platiglab	40	['fancy_scatter', 'cumul_resid_dist', ['wandb_faux_pr_curve', {'thresh': 0.5}], ['wandb_faux_roc_curve', {'thresh': 0.5}]]	yogi-RBP-ML-linear-models-april-2025	17.0	train	['r2_score', 'rmse', 'sigmoid_r2']	False	all	False	False	cross_validation	5.0	5	False	1.0	ensembl_gene_id	ensembl_gene_id		True	binary	0.1692	0.3043	-0.1032	0.09263	0.1697	0.3043	-0.1022						
0oqh6hf8	silver-sweep-181	finished	ElasticNet	ha252ijh	ElasticNet	0.0008376776400682924	RBPSEDataset	100	100	1.0	K562	rbpse	mean_squared_error	1024	True	['target_psi']	platiglab	40	['fancy_scatter', 'cumul_resid_dist', ['wandb_faux_pr_curve', {'thresh': 0.5}], ['wandb_faux_roc_curve', {'thresh': 0.5}]]	yogi-RBP-ML-linear-models-april-2025	17.0	train	['r2_score', 'rmse', 'sigmoid_r2']	False	all	False	False	cross_validation	5.0	5	False	1.0	ensembl_gene_id	ensembl_gene_id		True	binary	0.1671	0.3049	-0.1037	0.09291	0.1672	0.3048	-0.1034						
chmt821x	toasty-sweep-182	finished	ElasticNet	ha252ijh	ElasticNet	0.0008376776400682924	RBPSEDataset	200	100	1.0	K562	rbpse	mean_squared_error	1024	True	['target_psi']	platiglab	40	['fancy_scatter', 'cumul_resid_dist', ['wandb_faux_pr_curve', {'thresh': 0.5}], ['wandb_faux_roc_curve', {'thresh': 0.5}]]	yogi-RBP-ML-linear-models-april-2025	17.0	train	['r2_score', 'rmse', 'sigmoid_r2']	False	all	False	False	cross_validation	5.0	5	False	1.0	ensembl_gene_id	ensembl_gene_id		True	binary	0.167	0.3047	-0.1049	0.09288	0.1675	0.3048	-0.1034						
eev5ya72	earthy-sweep-183	finished	ElasticNet	ha252ijh	ElasticNet	0.0008376776400682924	RBPSEDataset	300	100	1.0	K562	rbpse	mean_squared_error	1024	True	['target_psi']	platiglab	40	['fancy_scatter', 'cumul_resid_dist', ['wandb_faux_pr_curve', {'thresh': 0.5}], ['wandb_faux_roc_curve', {'thresh': 0.5}]]	yogi-RBP-ML-linear-models-april-2025	17.0	train	['r2_score', 'rmse', 'sigmoid_r2']	False	all	False	False	cross_validation	5.0	5	False	1.0	ensembl_gene_id	ensembl_gene_id		True	binary	0.1667	0.3048	-0.1041	0.09293	0.1671	0.3048	-0.1035						
68ithrtv	volcanic-sweep-184	finished	ElasticNet	ha252ijh	ElasticNet	0.0008376776400682924	RBPSEDataset	400	100	1.0	K562	rbpse	mean_squared_error	1024	True	['target_psi']	platiglab	40	['fancy_scatter', 'cumul_resid_dist', ['wandb_faux_pr_curve', {'thresh': 0.5}], ['wandb_faux_roc_curve', {'thresh': 0.5}]]	yogi-RBP-ML-linear-models-april-2025	17.0	train	['r2_score', 'rmse', 'sigmoid_r2']	False	all	False	False	cross_validation	5.0	5	False	1.0	ensembl_gene_id	ensembl_gene_id		True	binary	0.1664	0.3049	-0.1043	0.09297	0.1667	0.3049	-0.1035						
pws4hfi4	rosy-sweep-185	finished	ElasticNet	ha252ijh	ElasticNet	0.0008376776400682924	RBPSEDataset	500	100	1.0	K562	rbpse	mean_squared_error	1024	True	['target_psi']	platiglab	40	['fancy_scatter', 'cumul_resid_dist', ['wandb_faux_pr_curve', {'thresh': 0.5}], ['wandb_faux_roc_curve', {'thresh': 0.5}]]	yogi-RBP-ML-linear-models-april-2025	17.0	train	['r2_score', 'rmse', 'sigmoid_r2']	False	all	False	False	cross_validation	5.0	5	False	1.0	ensembl_gene_id	ensembl_gene_id		True	binary	0.1664	0.3049	-0.1048	0.09292	0.1671	0.3048	-0.1035						
lfevfp25	glamorous-sweep-186	finished	ElasticNet	ha252ijh	ElasticNet	0.0008376776400682924	RBPSEDataset	600	100	1.0	K562	rbpse	mean_squared_error	1024	True	['target_psi']	platiglab	40	['fancy_scatter', 'cumul_resid_dist', ['wandb_faux_pr_curve', {'thresh': 0.5}], ['wandb_faux_roc_curve', {'thresh': 0.5}]]	yogi-RBP-ML-linear-models-april-2025	17.0	train	['r2_score', 'rmse', 'sigmoid_r2']	False	all	False	False	cross_validation	5.0	5	False	1.0	ensembl_gene_id	ensembl_gene_id		True	binary	0.1667	0.3048	-0.1047	0.09295	0.1669	0.3049	-0.1036						
u3hj5ua3	usual-sweep-187	finished	ElasticNet	ha252ijh	ElasticNet	0.0008376776400682924	RBPSEDataset	700	100	1.0	K562	rbpse	mean_squared_error	1024	True	['target_psi']	platiglab	40	['fancy_scatter', 'cumul_resid_dist', ['wandb_faux_pr_curve', {'thresh': 0.5}], ['wandb_faux_roc_curve', {'thresh': 0.5}]]	yogi-RBP-ML-linear-models-april-2025	17.0	train	['r2_score', 'rmse', 'sigmoid_r2']	False	all	False	False	cross_validation	5.0	5	False	1.0	ensembl_gene_id	ensembl_gene_id		True	binary	0.1664	0.3049	-0.1045	0.09293	0.167	0.3049	-0.1034						
42a3r1v3	glorious-sweep-188	finished	ElasticNet	ha252ijh	ElasticNet	0.0008376776400682924	RBPSEDataset	800	100	1.0	K562	rbpse	mean_squared_error	1024	True	['target_psi']	platiglab	40	['fancy_scatter', 'cumul_resid_dist', ['wandb_faux_pr_curve', {'thresh': 0.5}], ['wandb_faux_roc_curve', {'thresh': 0.5}]]	yogi-RBP-ML-linear-models-april-2025	17.0	train	['r2_score', 'rmse', 'sigmoid_r2']	False	all	False	False	cross_validation	5.0	5	False	1.0	ensembl_gene_id	ensembl_gene_id		True	binary	0.1663	0.305	-0.1044	0.09296	0.1668	0.3049	-0.1035						
7ddeujrj	efficient-sweep-189	finished	ElasticNet	ha252ijh	ElasticNet	0.0008376776400682924	RBPSEDataset	900	100	1.0	K562	rbpse	mean_squared_error	1024	True	['target_psi']	platiglab	40	['fancy_scatter', 'cumul_resid_dist', ['wandb_faux_pr_curve', {'thresh': 0.5}], ['wandb_faux_roc_curve', {'thresh': 0.5}]]	yogi-RBP-ML-linear-models-april-2025	17.0	train	['r2_score', 'rmse', 'sigmoid_r2']	False	all	False	False	cross_validation	5.0	5	False	1.0	ensembl_gene_id	ensembl_gene_id		True	binary	0.1668	0.3047	-0.1044	0.09289	0.1674	0.3048	-0.1034						
7nrfc65b	lively-sweep-199	finished	ElasticNet	ha252ijh	ElasticNet	0.002424462017082328	RBPSEDataset	100	100	0.1	K562	rbpse	mean_squared_error	1024	True	['target_psi']	platiglab	40	['fancy_scatter', 'cumul_resid_dist', ['wandb_faux_pr_curve', {'thresh': 0.5}], ['wandb_faux_roc_curve', {'thresh': 0.5}]]	yogi-RBP-ML-linear-models-april-2025	17.0	train	['r2_score', 'rmse', 'sigmoid_r2']	False	all	False	False	cross_validation	5.0	5	False	1.0	ensembl_gene_id	ensembl_gene_id		True	binary	0.1831	0.3019	-0.09588	0.09113	0.1831	0.3019	-0.09569						
kmoc6ojl	denim-sweep-200	finished	ElasticNet	ha252ijh	ElasticNet	0.002424462017082328	RBPSEDataset	200	100	0.1	K562	rbpse	mean_squared_error	1024	True	['target_psi']	platiglab	40	['fancy_scatter', 'cumul_resid_dist', ['wandb_faux_pr_curve', {'thresh': 0.5}], ['wandb_faux_roc_curve', {'thresh': 0.5}]]	yogi-RBP-ML-linear-models-april-2025	17.0	train	['r2_score', 'rmse', 'sigmoid_r2']	False	all	False	False	cross_validation	5.0	5	False	1.0	ensembl_gene_id	ensembl_gene_id		True	binary	0.1831	0.3017	-0.09718	0.09109	0.1835	0.3018	-0.09569						
blpx7r58	confused-sweep-201	finished	ElasticNet	ha252ijh	ElasticNet	0.002424462017082328	RBPSEDataset	300	100	0.1	K562	rbpse	mean_squared_error	1024	True	['target_psi']	platiglab	40	['fancy_scatter', 'cumul_resid_dist', ['wandb_faux_pr_curve', {'thresh': 0.5}], ['wandb_faux_roc_curve', {'thresh': 0.5}]]	yogi-RBP-ML-linear-models-april-2025	17.0	train	['r2_score', 'rmse', 'sigmoid_r2']	False	all	False	False	cross_validation	5.0	5	False	1.0	ensembl_gene_id	ensembl_gene_id		True	binary	0.1833	0.3018	-0.09622	0.09108	0.1836	0.3018	-0.09563						
rar3yqh6	sandy-sweep-202	finished	ElasticNet	ha252ijh	ElasticNet	0.002424462017082328	RBPSEDataset	400	100	0.1	K562	rbpse	mean_squared_error	1024	True	['target_psi']	platiglab	40	['fancy_scatter', 'cumul_resid_dist', ['wandb_faux_pr_curve', {'thresh': 0.5}], ['wandb_faux_roc_curve', {'thresh': 0.5}]]	yogi-RBP-ML-linear-models-april-2025	17.0	train	['r2_score', 'rmse', 'sigmoid_r2']	False	all	False	False	cross_validation	5.0	5	False	1.0	ensembl_gene_id	ensembl_gene_id		True	binary	0.1822	0.302	-0.09661	0.0912	0.1826	0.302	-0.0958						
87r6ip35	golden-sweep-203	finished	ElasticNet	ha252ijh	ElasticNet	0.002424462017082328	RBPSEDataset	500	100	0.1	K562	rbpse	mean_squared_error	1024	True	['target_psi']	platiglab	40	['fancy_scatter', 'cumul_resid_dist', ['wandb_faux_pr_curve', {'thresh': 0.5}], ['wandb_faux_roc_curve', {'thresh': 0.5}]]	yogi-RBP-ML-linear-models-april-2025	17.0	train	['r2_score', 'rmse', 'sigmoid_r2']	False	all	False	False	cross_validation	5.0	5	False	1.0	ensembl_gene_id	ensembl_gene_id		True	binary	0.183	0.3018	-0.09688	0.09108	0.1836	0.3018	-0.09565						
jnwyau46	earthy-sweep-204	finished	ElasticNet	ha252ijh	ElasticNet	0.002424462017082328	RBPSEDataset	600	100	0.1	K562	rbpse	mean_squared_error	1024	True	['target_psi']	platiglab	40	['fancy_scatter', 'cumul_resid_dist', ['wandb_faux_pr_curve', {'thresh': 0.5}], ['wandb_faux_roc_curve', {'thresh': 0.5}]]	yogi-RBP-ML-linear-models-april-2025	17.0	train	['r2_score', 'rmse', 'sigmoid_r2']	False	all	False	False	cross_validation	5.0	5	False	1.0	ensembl_gene_id	ensembl_gene_id		True	binary	0.1824	0.3019	-0.09691	0.09118	0.1827	0.302	-0.09583						
g08qb2qq	warm-sweep-205	finished	ElasticNet	ha252ijh	ElasticNet	0.002424462017082328	RBPSEDataset	700	100	0.1	K562	rbpse	mean_squared_error	1024	True	['target_psi']	platiglab	40	['fancy_scatter', 'cumul_resid_dist', ['wandb_faux_pr_curve', {'thresh': 0.5}], ['wandb_faux_roc_curve', {'thresh': 0.5}]]	yogi-RBP-ML-linear-models-april-2025	17.0	train	['r2_score', 'rmse', 'sigmoid_r2']	False	all	False	False	cross_validation	5.0	5	False	1.0	ensembl_gene_id	ensembl_gene_id		True	binary	0.1827	0.3019	-0.09676	0.09112	0.1833	0.3019	-0.09562						
p31fywwe	vocal-sweep-206	finished	ElasticNet	ha252ijh	ElasticNet	0.002424462017082328	RBPSEDataset	800	100	0.1	K562	rbpse	mean_squared_error	1024	True	['target_psi']	platiglab	40	['fancy_scatter', 'cumul_resid_dist', ['wandb_faux_pr_curve', {'thresh': 0.5}], ['wandb_faux_roc_curve', {'thresh': 0.5}]]	yogi-RBP-ML-linear-models-april-2025	17.0	train	['r2_score', 'rmse', 'sigmoid_r2']	False	all	False	False	cross_validation	5.0	5	False	1.0	ensembl_gene_id	ensembl_gene_id		True	binary	0.1827	0.3019	-0.09651	0.09112	0.1833	0.3019	-0.09563						
28ub252s	sweepy-sweep-207	finished	ElasticNet	ha252ijh	ElasticNet	0.002424462017082328	RBPSEDataset	900	100	0.1	K562	rbpse	mean_squared_error	1024	True	['target_psi']	platiglab	40	['fancy_scatter', 'cumul_resid_dist', ['wandb_faux_pr_curve', {'thresh': 0.5}], ['wandb_faux_roc_curve', {'thresh': 0.5}]]	yogi-RBP-ML-linear-models-april-2025	17.0	train	['r2_score', 'rmse', 'sigmoid_r2']	False	all	False	False	cross_validation	5.0	5	False	1.0	ensembl_gene_id	ensembl_gene_id		True	binary	0.1821	0.3019	-0.0968	0.09119	0.1826	0.302	-0.0957						
iymar60c	curious-sweep-208	finished	ElasticNet	ha252ijh	ElasticNet	0.002424462017082328	RBPSEDataset	100	100	0.25	K562	rbpse	mean_squared_error	1024	True	['target_psi']	platiglab	40	['fancy_scatter', 'cumul_resid_dist', ['wandb_faux_pr_curve', {'thresh': 0.5}], ['wandb_faux_roc_curve', {'thresh': 0.5}]]	yogi-RBP-ML-linear-models-april-2025	17.0	train	['r2_score', 'rmse', 'sigmoid_r2']	False	all	False	False	cross_validation	5.0	5	False	1.0	ensembl_gene_id	ensembl_gene_id		True	binary	0.172	0.3039	-0.1022	0.09237	0.1721	0.3039	-0.102						
wdzz3m7j	celestial-sweep-209	finished	ElasticNet	ha252ijh	ElasticNet	0.002424462017082328	RBPSEDataset	200	100	0.25	K562	rbpse	mean_squared_error	1024	True	['target_psi']	platiglab	40	['fancy_scatter', 'cumul_resid_dist', ['wandb_faux_pr_curve', {'thresh': 0.5}], ['wandb_faux_roc_curve', {'thresh': 0.5}]]	yogi-RBP-ML-linear-models-april-2025	17.0	train	['r2_score', 'rmse', 'sigmoid_r2']	False	all	False	False	cross_validation	5.0	5	False	1.0	ensembl_gene_id	ensembl_gene_id		True	binary	0.1722	0.3038	-0.1034	0.09232	0.1725	0.3038	-0.102						
bwodp5jm	frosty-sweep-210	finished	ElasticNet	ha252ijh	ElasticNet	0.002424462017082328	RBPSEDataset	300	100	0.25	K562	rbpse	mean_squared_error	1024	True	['target_psi']	platiglab	40	['fancy_scatter', 'cumul_resid_dist', ['wandb_faux_pr_curve', {'thresh': 0.5}], ['wandb_faux_roc_curve', {'thresh': 0.5}]]	yogi-RBP-ML-linear-models-april-2025	17.0	train	['r2_score', 'rmse', 'sigmoid_r2']	False	all	False	False	cross_validation	5.0	5	False	1.0	ensembl_gene_id	ensembl_gene_id		True	binary	0.1718	0.3039	-0.1026	0.09236	0.1721	0.3039	-0.102						
plboreu5	glorious-sweep-211	finished	ElasticNet	ha252ijh	ElasticNet	0.002424462017082328	RBPSEDataset	400	100	0.25	K562	rbpse	mean_squared_error	1024	True	['target_psi']	platiglab	40	['fancy_scatter', 'cumul_resid_dist', ['wandb_faux_pr_curve', {'thresh': 0.5}], ['wandb_faux_roc_curve', {'thresh': 0.5}]]	yogi-RBP-ML-linear-models-april-2025	17.0	train	['r2_score', 'rmse', 'sigmoid_r2']	False	all	False	False	cross_validation	5.0	5	False	1.0	ensembl_gene_id	ensembl_gene_id		True	binary	0.1715	0.3039	-0.1028	0.09239	0.1719	0.304	-0.102						
54dps7ya	sweepy-sweep-212	finished	ElasticNet	ha252ijh	ElasticNet	0.002424462017082328	RBPSEDataset	500	100	0.25	K562	rbpse	mean_squared_error	1024	True	['target_psi']	platiglab	40	['fancy_scatter', 'cumul_resid_dist', ['wandb_faux_pr_curve', {'thresh': 0.5}], ['wandb_faux_roc_curve', {'thresh': 0.5}]]	yogi-RBP-ML-linear-models-april-2025	17.0	train	['r2_score', 'rmse', 'sigmoid_r2']	False	all	False	False	cross_validation	5.0	5	False	1.0	ensembl_gene_id	ensembl_gene_id		True	binary	0.1718	0.3039	-0.1032	0.09233	0.1724	0.3039	-0.102						
j851kq8n	comic-sweep-213	finished	ElasticNet	ha252ijh	ElasticNet	0.002424462017082328	RBPSEDataset	600	100	0.25	K562	rbpse	mean_squared_error	1024	True	['target_psi']	platiglab	40	['fancy_scatter', 'cumul_resid_dist', ['wandb_faux_pr_curve', {'thresh': 0.5}], ['wandb_faux_roc_curve', {'thresh': 0.5}]]	yogi-RBP-ML-linear-models-april-2025	17.0	train	['r2_score', 'rmse', 'sigmoid_r2']	False	all	False	False	cross_validation	5.0	5	False	1.0	ensembl_gene_id	ensembl_gene_id		True	binary	0.1718	0.3038	-0.1031	0.09238	0.172	0.3039	-0.1021						
5meew4zx	absurd-sweep-214	finished	ElasticNet	ha252ijh	ElasticNet	0.002424462017082328	RBPSEDataset	700	100	0.25	K562	rbpse	mean_squared_error	1024	True	['target_psi']	platiglab	40	['fancy_scatter', 'cumul_resid_dist', ['wandb_faux_pr_curve', {'thresh': 0.5}], ['wandb_faux_roc_curve', {'thresh': 0.5}]]	yogi-RBP-ML-linear-models-april-2025	17.0	train	['r2_score', 'rmse', 'sigmoid_r2']	False	all	False	False	cross_validation	5.0	5	False	1.0	ensembl_gene_id	ensembl_gene_id		True	binary	0.1716	0.3039	-0.1031	0.09235	0.1723	0.3039	-0.1019						
m9ozod9c	vital-sweep-215	finished	ElasticNet	ha252ijh	ElasticNet	0.002424462017082328	RBPSEDataset	800	100	0.25	K562	rbpse	mean_squared_error	1024	True	['target_psi']	platiglab	40	['fancy_scatter', 'cumul_resid_dist', ['wandb_faux_pr_curve', {'thresh': 0.5}], ['wandb_faux_roc_curve', {'thresh': 0.5}]]	yogi-RBP-ML-linear-models-april-2025	17.0	train	['r2_score', 'rmse', 'sigmoid_r2']	False	all	False	False	cross_validation	5.0	5	False	1.0	ensembl_gene_id	ensembl_gene_id		True	binary	0.1715	0.304	-0.1029	0.09237	0.172	0.3039	-0.102						
h1hwixpg	clean-sweep-216	finished	ElasticNet	ha252ijh	ElasticNet	0.002424462017082328	RBPSEDataset	900	100	0.25	K562	rbpse	mean_squared_error	1024	True	['target_psi']	platiglab	40	['fancy_scatter', 'cumul_resid_dist', ['wandb_faux_pr_curve', {'thresh': 0.5}], ['wandb_faux_roc_curve', {'thresh': 0.5}]]	yogi-RBP-ML-linear-models-april-2025	17.0	train	['r2_score', 'rmse', 'sigmoid_r2']	False	all	False	False	cross_validation	5.0	5	False	1.0	ensembl_gene_id	ensembl_gene_id		True	binary	0.1719	0.3038	-0.1029	0.09232	0.1725	0.3039	-0.1018						
uot8ljyz	good-sweep-217	finished	ElasticNet	ha252ijh	ElasticNet	0.002424462017082328	RBPSEDataset	100	100	0.5	K562	rbpse	mean_squared_error	1024	True	['target_psi']	platiglab	40	['fancy_scatter', 'cumul_resid_dist', ['wandb_faux_pr_curve', {'thresh': 0.5}], ['wandb_faux_roc_curve', {'thresh': 0.5}]]	yogi-RBP-ML-linear-models-april-2025	17.0	train	['r2_score', 'rmse', 'sigmoid_r2']	False	all	False	False	cross_validation	5.0	5	False	1.0	ensembl_gene_id	ensembl_gene_id		True	binary	0.1556	0.3069	-0.1099	0.0942	0.1557	0.3069	-0.1097						
l4zclan3	swept-sweep-218	finished	ElasticNet	ha252ijh	ElasticNet	0.002424462017082328	RBPSEDataset	200	100	0.5	K562	rbpse	mean_squared_error	1024	True	['target_psi']	platiglab	40	['fancy_scatter', 'cumul_resid_dist', ['wandb_faux_pr_curve', {'thresh': 0.5}], ['wandb_faux_roc_curve', {'thresh': 0.5}]]	yogi-RBP-ML-linear-models-april-2025	17.0	train	['r2_score', 'rmse', 'sigmoid_r2']	False	all	False	False	cross_validation	5.0	5	False	1.0	ensembl_gene_id	ensembl_gene_id		True	binary	0.155	0.3069	-0.1113	0.09422	0.1554	0.307	-0.1098						
9egcnzin	fragrant-sweep-219	finished	ElasticNet	ha252ijh	ElasticNet	0.002424462017082328	RBPSEDataset	300	100	0.5	K562	rbpse	mean_squared_error	1024	True	['target_psi']	platiglab	40	['fancy_scatter', 'cumul_resid_dist', ['wandb_faux_pr_curve', {'thresh': 0.5}], ['wandb_faux_roc_curve', {'thresh': 0.5}]]	yogi-RBP-ML-linear-models-april-2025	17.0	train	['r2_score', 'rmse', 'sigmoid_r2']	False	all	False	False	cross_validation	5.0	5	False	1.0	ensembl_gene_id	ensembl_gene_id		True	binary	0.1551	0.307	-0.1104	0.09423	0.1554	0.307	-0.1098						
4e2do33k	misunderstood-sweep-220	finished	ElasticNet	ha252ijh	ElasticNet	0.002424462017082328	RBPSEDataset	400	100	0.5	K562	rbpse	mean_squared_error	1024	True	['target_psi']	platiglab	40	['fancy_scatter', 'cumul_resid_dist', ['wandb_faux_pr_curve', {'thresh': 0.5}], ['wandb_faux_roc_curve', {'thresh': 0.5}]]	yogi-RBP-ML-linear-models-april-2025	17.0	train	['r2_score', 'rmse', 'sigmoid_r2']	False	all	False	False	cross_validation	5.0	5	False	1.0	ensembl_gene_id	ensembl_gene_id		True	binary	0.1549	0.307	-0.1106	0.09425	0.1552	0.307	-0.1098						
dvdvsnk0	smooth-sweep-221	finished	ElasticNet	ha252ijh	ElasticNet	0.002424462017082328	RBPSEDataset	500	100	0.5	K562	rbpse	mean_squared_error	1024	True	['target_psi']	platiglab	40	['fancy_scatter', 'cumul_resid_dist', ['wandb_faux_pr_curve', {'thresh': 0.5}], ['wandb_faux_roc_curve', {'thresh': 0.5}]]	yogi-RBP-ML-linear-models-april-2025	17.0	train	['r2_score', 'rmse', 'sigmoid_r2']	False	all	False	False	cross_validation	5.0	5	False	1.0	ensembl_gene_id	ensembl_gene_id		True	binary	0.1551	0.3069	-0.111	0.09419	0.1558	0.3069	-0.1098						
jwr4sjyv	likely-sweep-222	finished	ElasticNet	ha252ijh	ElasticNet	0.002424462017082328	RBPSEDataset	600	100	0.5	K562	rbpse	mean_squared_error	1024	True	['target_psi']	platiglab	40	['fancy_scatter', 'cumul_resid_dist', ['wandb_faux_pr_curve', {'thresh': 0.5}], ['wandb_faux_roc_curve', {'thresh': 0.5}]]	yogi-RBP-ML-linear-models-april-2025	17.0	train	['r2_score', 'rmse', 'sigmoid_r2']	False	all	False	False	cross_validation	5.0	5	False	1.0	ensembl_gene_id	ensembl_gene_id		True	binary	0.155	0.3069	-0.1109	0.09425	0.1552	0.307	-0.1099						
0keg7y6a	treasured-sweep-223	finished	ElasticNet	ha252ijh	ElasticNet	0.002424462017082328	RBPSEDataset	700	100	0.5	K562	rbpse	mean_squared_error	1024	True	['target_psi']	platiglab	40	['fancy_scatter', 'cumul_resid_dist', ['wandb_faux_pr_curve', {'thresh': 0.5}], ['wandb_faux_roc_curve', {'thresh': 0.5}]]	yogi-RBP-ML-linear-models-april-2025	17.0	train	['r2_score', 'rmse', 'sigmoid_r2']	False	all	False	False	cross_validation	5.0	5	False	1.0	ensembl_gene_id	ensembl_gene_id		True	binary	0.155	0.3069	-0.1109	0.0942	0.1556	0.3069	-0.1097						
ernh0ogd	rural-sweep-224	finished	ElasticNet	ha252ijh	ElasticNet	0.002424462017082328	RBPSEDataset	800	100	0.5	K562	rbpse	mean_squared_error	1024	True	['target_psi']	platiglab	40	['fancy_scatter', 'cumul_resid_dist', ['wandb_faux_pr_curve', {'thresh': 0.5}], ['wandb_faux_roc_curve', {'thresh': 0.5}]]	yogi-RBP-ML-linear-models-april-2025	17.0	train	['r2_score', 'rmse', 'sigmoid_r2']	False	all	False	False	cross_validation	5.0	5	False	1.0	ensembl_gene_id	ensembl_gene_id		True	binary	0.1552	0.307	-0.1105	0.0942	0.1557	0.3069	-0.1097						
t24xf47o	lyric-sweep-225	finished	ElasticNet	ha252ijh	ElasticNet	0.002424462017082328	RBPSEDataset	900	100	0.5	K562	rbpse	mean_squared_error	1024	True	['target_psi']	platiglab	40	['fancy_scatter', 'cumul_resid_dist', ['wandb_faux_pr_curve', {'thresh': 0.5}], ['wandb_faux_roc_curve', {'thresh': 0.5}]]	yogi-RBP-ML-linear-models-april-2025	17.0	train	['r2_score', 'rmse', 'sigmoid_r2']	False	all	False	False	cross_validation	5.0	5	False	1.0	ensembl_gene_id	ensembl_gene_id		True	binary	0.1552	0.3068	-0.1108	0.0942	0.1557	0.3069	-0.1097						
c0tqdze4	whole-sweep-226	finished	ElasticNet	ha252ijh	ElasticNet	0.002424462017082328	RBPSEDataset	100	100	0.75	K562	rbpse	mean_squared_error	1024	True	['target_psi']	platiglab	40	['fancy_scatter', 'cumul_resid_dist', ['wandb_faux_pr_curve', {'thresh': 0.5}], ['wandb_faux_roc_curve', {'thresh': 0.5}]]	yogi-RBP-ML-linear-models-april-2025	17.0	train	['r2_score', 'rmse', 'sigmoid_r2']	False	all	False	False	cross_validation	5.0	5	False	1.0	ensembl_gene_id	ensembl_gene_id		True	binary	0.1433	0.3092	-0.1155	0.09557	0.1434	0.3091	-0.1153						
uhsq2vip	treasured-sweep-227	finished	ElasticNet	ha252ijh	ElasticNet	0.002424462017082328	RBPSEDataset	200	100	0.75	K562	rbpse	mean_squared_error	1024	True	['target_psi']	platiglab	40	['fancy_scatter', 'cumul_resid_dist', ['wandb_faux_pr_curve', {'thresh': 0.5}], ['wandb_faux_roc_curve', {'thresh': 0.5}]]	yogi-RBP-ML-linear-models-april-2025	17.0	train	['r2_score', 'rmse', 'sigmoid_r2']	False	all	False	False	cross_validation	5.0	5	False	1.0	ensembl_gene_id	ensembl_gene_id		True	binary	0.1421	0.3092	-0.117	0.09566	0.1426	0.3093	-0.1155						
l18zzrec	copper-sweep-228	finished	ElasticNet	ha252ijh	ElasticNet	0.002424462017082328	RBPSEDataset	300	100	0.75	K562	rbpse	mean_squared_error	1024	True	['target_psi']	platiglab	40	['fancy_scatter', 'cumul_resid_dist', ['wandb_faux_pr_curve', {'thresh': 0.5}], ['wandb_faux_roc_curve', {'thresh': 0.5}]]	yogi-RBP-ML-linear-models-april-2025	17.0	train	['r2_score', 'rmse', 'sigmoid_r2']	False	all	False	False	cross_validation	5.0	5	False	1.0	ensembl_gene_id	ensembl_gene_id		True	binary	0.143	0.3092	-0.1159	0.09558	0.1433	0.3092	-0.1153						
wu2dr3nv	peachy-sweep-229	finished	ElasticNet	ha252ijh	ElasticNet	0.002424462017082328	RBPSEDataset	400	100	0.75	K562	rbpse	mean_squared_error	1024	True	['target_psi']	platiglab	40	['fancy_scatter', 'cumul_resid_dist', ['wandb_faux_pr_curve', {'thresh': 0.5}], ['wandb_faux_roc_curve', {'thresh': 0.5}]]	yogi-RBP-ML-linear-models-april-2025	17.0	train	['r2_score', 'rmse', 'sigmoid_r2']	False	all	False	False	cross_validation	5.0	5	False	1.0	ensembl_gene_id	ensembl_gene_id		True	binary	0.1426	0.3092	-0.1161	0.09562	0.1429	0.3092	-0.1153						
s4f92msb	bright-sweep-230	finished	ElasticNet	ha252ijh	ElasticNet	0.002424462017082328	RBPSEDataset	500	100	0.75	K562	rbpse	mean_squared_error	1024	True	['target_psi']	platiglab	40	['fancy_scatter', 'cumul_resid_dist', ['wandb_faux_pr_curve', {'thresh': 0.5}], ['wandb_faux_roc_curve', {'thresh': 0.5}]]	yogi-RBP-ML-linear-models-april-2025	17.0	train	['r2_score', 'rmse', 'sigmoid_r2']	False	all	False	False	cross_validation	5.0	5	False	1.0	ensembl_gene_id	ensembl_gene_id		True	binary	0.1424	0.3092	-0.1166	0.09561	0.143	0.3092	-0.1154						
l1vj0nvd	ethereal-sweep-231	finished	ElasticNet	ha252ijh	ElasticNet	0.002424462017082328	RBPSEDataset	600	100	0.75	K562	rbpse	mean_squared_error	1024	True	['target_psi']	platiglab	40	['fancy_scatter', 'cumul_resid_dist', ['wandb_faux_pr_curve', {'thresh': 0.5}], ['wandb_faux_roc_curve', {'thresh': 0.5}]]	yogi-RBP-ML-linear-models-april-2025	17.0	train	['r2_score', 'rmse', 'sigmoid_r2']	False	all	False	False	cross_validation	5.0	5	False	1.0	ensembl_gene_id	ensembl_gene_id		True	binary	0.1428	0.3091	-0.1165	0.09562	0.143	0.3092	-0.1154						
1b1pltwh	restful-sweep-232	finished	ElasticNet	ha252ijh	ElasticNet	0.002424462017082328	RBPSEDataset	700	100	0.75	K562	rbpse	mean_squared_error	1024	True	['target_psi']	platiglab	40	['fancy_scatter', 'cumul_resid_dist', ['wandb_faux_pr_curve', {'thresh': 0.5}], ['wandb_faux_roc_curve', {'thresh': 0.5}]]	yogi-RBP-ML-linear-models-april-2025	17.0	train	['r2_score', 'rmse', 'sigmoid_r2']	False	all	False	False	cross_validation	5.0	5	False	1.0	ensembl_gene_id	ensembl_gene_id		True	binary	0.1427	0.3092	-0.1164	0.09559	0.1432	0.3092	-0.1153						
pl4k8qn8	fanciful-sweep-233	finished	ElasticNet	ha252ijh	ElasticNet	0.002424462017082328	RBPSEDataset	800	100	0.75	K562	rbpse	mean_squared_error	1024	True	['target_psi']	platiglab	40	['fancy_scatter', 'cumul_resid_dist', ['wandb_faux_pr_curve', {'thresh': 0.5}], ['wandb_faux_roc_curve', {'thresh': 0.5}]]	yogi-RBP-ML-linear-models-april-2025	17.0	train	['r2_score', 'rmse', 'sigmoid_r2']	False	all	False	False	cross_validation	5.0	5	False	1.0	ensembl_gene_id	ensembl_gene_id		True	binary	0.1431	0.3092	-0.116	0.09555	0.1436	0.3091	-0.1152						
dw57k66d	dazzling-sweep-234	finished	ElasticNet	ha252ijh	ElasticNet	0.002424462017082328	RBPSEDataset	900	100	0.75	K562	rbpse	mean_squared_error	1024	True	['target_psi']	platiglab	40	['fancy_scatter', 'cumul_resid_dist', ['wandb_faux_pr_curve', {'thresh': 0.5}], ['wandb_faux_roc_curve', {'thresh': 0.5}]]	yogi-RBP-ML-linear-models-april-2025	17.0	train	['r2_score', 'rmse', 'sigmoid_r2']	False	all	False	False	cross_validation	5.0	5	False	1.0	ensembl_gene_id	ensembl_gene_id		True	binary	0.1428	0.3091	-0.1163	0.09558	0.1433	0.3092	-0.1153						
2l4lzlpo	daily-sweep-235	finished	ElasticNet	ha252ijh	ElasticNet	0.002424462017082328	RBPSEDataset	100	100	0.9	K562	rbpse	mean_squared_error	1024	True	['target_psi']	platiglab	40	['fancy_scatter', 'cumul_resid_dist', ['wandb_faux_pr_curve', {'thresh': 0.5}], ['wandb_faux_roc_curve', {'thresh': 0.5}]]	yogi-RBP-ML-linear-models-april-2025	17.0	train	['r2_score', 'rmse', 'sigmoid_r2']	False	all	False	False	cross_validation	5.0	5	False	1.0	ensembl_gene_id	ensembl_gene_id		True	binary	0.1367	0.3103	-0.1184	0.09631	0.1368	0.3103	-0.1182						
1tqk5q1d	noble-sweep-236	finished	ElasticNet	ha252ijh	ElasticNet	0.002424462017082328	RBPSEDataset	200	100	0.9	K562	rbpse	mean_squared_error	1024	True	['target_psi']	platiglab	40	['fancy_scatter', 'cumul_resid_dist', ['wandb_faux_pr_curve', {'thresh': 0.5}], ['wandb_faux_roc_curve', {'thresh': 0.5}]]	yogi-RBP-ML-linear-models-april-2025	17.0	train	['r2_score', 'rmse', 'sigmoid_r2']	False	all	False	False	cross_validation	5.0	5	False	1.0	ensembl_gene_id	ensembl_gene_id		True	binary	0.1354	0.3105	-0.1199	0.09641	0.1359	0.3105	-0.1184						
vp77kj7d	autumn-sweep-237	finished	ElasticNet	ha252ijh	ElasticNet	0.002424462017082328	RBPSEDataset	300	100	0.9	K562	rbpse	mean_squared_error	1024	True	['target_psi']	platiglab	40	['fancy_scatter', 'cumul_resid_dist', ['wandb_faux_pr_curve', {'thresh': 0.5}], ['wandb_faux_roc_curve', {'thresh': 0.5}]]	yogi-RBP-ML-linear-models-april-2025	17.0	train	['r2_score', 'rmse', 'sigmoid_r2']	False	all	False	False	cross_validation	5.0	5	False	1.0	ensembl_gene_id	ensembl_gene_id		True	binary	0.1364	0.3103	-0.1188	0.09631	0.1367	0.3103	-0.1182						
meks4m7y	stilted-sweep-238	finished	ElasticNet	ha252ijh	ElasticNet	0.002424462017082328	RBPSEDataset	400	100	0.9	K562	rbpse	mean_squared_error	1024	True	['target_psi']	platiglab	40	['fancy_scatter', 'cumul_resid_dist', ['wandb_faux_pr_curve', {'thresh': 0.5}], ['wandb_faux_roc_curve', {'thresh': 0.5}]]	yogi-RBP-ML-linear-models-april-2025	17.0	train	['r2_score', 'rmse', 'sigmoid_r2']	False	all	False	False	cross_validation	5.0	5	False	1.0	ensembl_gene_id	ensembl_gene_id		True	binary	0.136	0.3104	-0.119	0.09637	0.1362	0.3104	-0.1182						
y5g7i0l0	lyric-sweep-239	finished	ElasticNet	ha252ijh	ElasticNet	0.002424462017082328	RBPSEDataset	500	100	0.9	K562	rbpse	mean_squared_error	1024	True	['target_psi']	platiglab	40	['fancy_scatter', 'cumul_resid_dist', ['wandb_faux_pr_curve', {'thresh': 0.5}], ['wandb_faux_roc_curve', {'thresh': 0.5}]]	yogi-RBP-ML-linear-models-april-2025	17.0	train	['r2_score', 'rmse', 'sigmoid_r2']	False	all	False	False	cross_validation	5.0	5	False	1.0	ensembl_gene_id	ensembl_gene_id		True	binary	0.1357	0.3104	-0.1195	0.09636	0.1363	0.3104	-0.1183						
kx6cs7oz	brisk-sweep-240	finished	ElasticNet	ha252ijh	ElasticNet	0.002424462017082328	RBPSEDataset	600	100	0.9	K562	rbpse	mean_squared_error	1024	True	['target_psi']	platiglab	40	['fancy_scatter', 'cumul_resid_dist', ['wandb_faux_pr_curve', {'thresh': 0.5}], ['wandb_faux_roc_curve', {'thresh': 0.5}]]	yogi-RBP-ML-linear-models-april-2025	17.0	train	['r2_score', 'rmse', 'sigmoid_r2']	False	all	False	False	cross_validation	5.0	5	False	1.0	ensembl_gene_id	ensembl_gene_id		True	binary	0.1361	0.3103	-0.1194	0.09637	0.1362	0.3104	-0.1183						
nzp5nwgp	kind-sweep-241	finished	ElasticNet	ha252ijh	ElasticNet	0.002424462017082328	RBPSEDataset	700	100	0.9	K562	rbpse	mean_squared_error	1024	True	['target_psi']	platiglab	40	['fancy_scatter', 'cumul_resid_dist', ['wandb_faux_pr_curve', {'thresh': 0.5}], ['wandb_faux_roc_curve', {'thresh': 0.5}]]	yogi-RBP-ML-linear-models-april-2025	17.0	train	['r2_score', 'rmse', 'sigmoid_r2']	False	all	False	False	cross_validation	5.0	5	False	1.0	ensembl_gene_id	ensembl_gene_id		True	binary	0.1361	0.3103	-0.1193	0.09633	0.1366	0.3104	-0.1181						
3z21lofb	crimson-sweep-242	finished	ElasticNet	ha252ijh	ElasticNet	0.002424462017082328	RBPSEDataset	800	100	0.9	K562	rbpse	mean_squared_error	1024	True	['target_psi']	platiglab	40	['fancy_scatter', 'cumul_resid_dist', ['wandb_faux_pr_curve', {'thresh': 0.5}], ['wandb_faux_roc_curve', {'thresh': 0.5}]]	yogi-RBP-ML-linear-models-april-2025	17.0	train	['r2_score', 'rmse', 'sigmoid_r2']	False	all	False	False	cross_validation	5.0	5	False	1.0	ensembl_gene_id	ensembl_gene_id		True	binary	0.1364	0.3104	-0.119	0.0963	0.1368	0.3103	-0.1181						
r6cazldh	soft-sweep-243	finished	ElasticNet	ha252ijh	ElasticNet	0.002424462017082328	RBPSEDataset	900	100	0.9	K562	rbpse	mean_squared_error	1024	True	['target_psi']	platiglab	40	['fancy_scatter', 'cumul_resid_dist', ['wandb_faux_pr_curve', {'thresh': 0.5}], ['wandb_faux_roc_curve', {'thresh': 0.5}]]	yogi-RBP-ML-linear-models-april-2025	17.0	train	['r2_score', 'rmse', 'sigmoid_r2']	False	all	False	False	cross_validation	5.0	5	False	1.0	ensembl_gene_id	ensembl_gene_id		True	binary	0.1362	0.3103	-0.1193	0.09632	0.1366	0.3104	-0.1182						
hv4gewtl	dainty-sweep-244	finished	ElasticNet	ha252ijh	ElasticNet	0.002424462017082328	RBPSEDataset	100	100	1.0	K562	rbpse	mean_squared_error	1024	True	['target_psi']	platiglab	40	['fancy_scatter', 'cumul_resid_dist', ['wandb_faux_pr_curve', {'thresh': 0.5}], ['wandb_faux_roc_curve', {'thresh': 0.5}]]	yogi-RBP-ML-linear-models-april-2025	17.0	train	['r2_score', 'rmse', 'sigmoid_r2']	False	all	False	False	cross_validation	5.0	5	False	1.0	ensembl_gene_id	ensembl_gene_id		True	binary	0.1322	0.3112	-0.1202	0.09681	0.1323	0.3111	-0.12						
as49sek2	chocolate-sweep-245	finished	ElasticNet	ha252ijh	ElasticNet	0.002424462017082328	RBPSEDataset	200	100	1.0	K562	rbpse	mean_squared_error	1024	True	['target_psi']	platiglab	40	['fancy_scatter', 'cumul_resid_dist', ['wandb_faux_pr_curve', {'thresh': 0.5}], ['wandb_faux_roc_curve', {'thresh': 0.5}]]	yogi-RBP-ML-linear-models-april-2025	17.0	train	['r2_score', 'rmse', 'sigmoid_r2']	False	all	False	False	cross_validation	5.0	5	False	1.0	ensembl_gene_id	ensembl_gene_id		True	binary	0.1309	0.3113	-0.1218	0.09692	0.1313	0.3113	-0.1203						
pf89u8g9	avid-sweep-246	finished	ElasticNet	ha252ijh	ElasticNet	0.002424462017082328	RBPSEDataset	300	100	1.0	K562	rbpse	mean_squared_error	1024	True	['target_psi']	platiglab	40	['fancy_scatter', 'cumul_resid_dist', ['wandb_faux_pr_curve', {'thresh': 0.5}], ['wandb_faux_roc_curve', {'thresh': 0.5}]]	yogi-RBP-ML-linear-models-april-2025	17.0	train	['r2_score', 'rmse', 'sigmoid_r2']	False	all	False	False	cross_validation	5.0	5	False	1.0	ensembl_gene_id	ensembl_gene_id		True	binary	0.1319	0.3111	-0.1206	0.09682	0.1322	0.3112	-0.12						
exuds4pv	eager-sweep-247	finished	ElasticNet	ha252ijh	ElasticNet	0.002424462017082328	RBPSEDataset	400	100	1.0	K562	rbpse	mean_squared_error	1024	True	['target_psi']	platiglab	40	['fancy_scatter', 'cumul_resid_dist', ['wandb_faux_pr_curve', {'thresh': 0.5}], ['wandb_faux_roc_curve', {'thresh': 0.5}]]	yogi-RBP-ML-linear-models-april-2025	17.0	train	['r2_score', 'rmse', 'sigmoid_r2']	False	all	False	False	cross_validation	5.0	5	False	1.0	ensembl_gene_id	ensembl_gene_id		True	binary	0.1315	0.3112	-0.1209	0.09687	0.1318	0.3112	-0.1201						
xf72wwmw	sleek-sweep-248	finished	ElasticNet	ha252ijh	ElasticNet	0.002424462017082328	RBPSEDataset	500	100	1.0	K562	rbpse	mean_squared_error	1024	True	['target_psi']	platiglab	40	['fancy_scatter', 'cumul_resid_dist', ['wandb_faux_pr_curve', {'thresh': 0.5}], ['wandb_faux_roc_curve', {'thresh': 0.5}]]	yogi-RBP-ML-linear-models-april-2025	17.0	train	['r2_score', 'rmse', 'sigmoid_r2']	False	all	False	False	cross_validation	5.0	5	False	1.0	ensembl_gene_id	ensembl_gene_id		True	binary	0.1314	0.3112	-0.1213	0.09684	0.132	0.3112	-0.1201						
eo11g8lq	eager-sweep-249	finished	ElasticNet	ha252ijh	ElasticNet	0.002424462017082328	RBPSEDataset	600	100	1.0	K562	rbpse	mean_squared_error	1024	True	['target_psi']	platiglab	40	['fancy_scatter', 'cumul_resid_dist', ['wandb_faux_pr_curve', {'thresh': 0.5}], ['wandb_faux_roc_curve', {'thresh': 0.5}]]	yogi-RBP-ML-linear-models-april-2025	17.0	train	['r2_score', 'rmse', 'sigmoid_r2']	False	all	False	False	cross_validation	5.0	5	False	1.0	ensembl_gene_id	ensembl_gene_id		True	binary	0.1315	0.3111	-0.1213	0.09688	0.1317	0.3112	-0.1202						
7bv3dnmx	sweepy-sweep-251	finished	ElasticNet	ha252ijh	ElasticNet	0.002424462017082328	RBPSEDataset	800	100	1.0	K562	rbpse	mean_squared_error	1024	True	['target_psi']	platiglab	40	['fancy_scatter', 'cumul_resid_dist', ['wandb_faux_pr_curve', {'thresh': 0.5}], ['wandb_faux_roc_curve', {'thresh': 0.5}]]	yogi-RBP-ML-linear-models-april-2025	17.0	train	['r2_score', 'rmse', 'sigmoid_r2']	False	all	False	False	cross_validation	5.0	5	False	1.0	ensembl_gene_id	ensembl_gene_id		True	binary	0.1319	0.3112	-0.1208	0.0968	0.1323	0.3111	-0.1199						
tv5u5f6f	dark-sweep-250	finished	ElasticNet	ha252ijh	ElasticNet	0.002424462017082328	RBPSEDataset	700	100	1.0	K562	rbpse	mean_squared_error	1024	True	['target_psi']	platiglab	40	['fancy_scatter', 'cumul_resid_dist', ['wandb_faux_pr_curve', {'thresh': 0.5}], ['wandb_faux_roc_curve', {'thresh': 0.5}]]	yogi-RBP-ML-linear-models-april-2025	17.0	train	['r2_score', 'rmse', 'sigmoid_r2']	False	all	False	False	cross_validation	5.0	5	False	1.0	ensembl_gene_id	ensembl_gene_id		True	binary	0.1316	0.3112	-0.1212	0.09683	0.1321	0.3112	-0.12						
1zwy4s8s	snowy-sweep-252	finished	ElasticNet	ha252ijh	ElasticNet	0.002424462017082328	RBPSEDataset	900	100	1.0	K562	rbpse	mean_squared_error	1024	True	['target_psi']	platiglab	40	['fancy_scatter', 'cumul_resid_dist', ['wandb_faux_pr_curve', {'thresh': 0.5}], ['wandb_faux_roc_curve', {'thresh': 0.5}]]	yogi-RBP-ML-linear-models-april-2025	17.0	train	['r2_score', 'rmse', 'sigmoid_r2']	False	all	False	False	cross_validation	5.0	5	False	1.0	ensembl_gene_id	ensembl_gene_id		True	binary	0.1317	0.3111	-0.1211	0.09683	0.1321	0.3112	-0.1201						
v4advssn	frosty-sweep-262	finished	ElasticNet	ha252ijh	ElasticNet	0.00701703828670383	RBPSEDataset	100	100	0.1	K562	rbpse	mean_squared_error	1024	True	['target_psi']	platiglab	40	['fancy_scatter', 'cumul_resid_dist', ['wandb_faux_pr_curve', {'thresh': 0.5}], ['wandb_faux_roc_curve', {'thresh': 0.5}]]	yogi-RBP-ML-linear-models-april-2025	17.0	train	['r2_score', 'rmse', 'sigmoid_r2']	False	all	False	False	cross_validation	5.0	5	False	1.0	ensembl_gene_id	ensembl_gene_id		True	binary	0.1631	0.3056	-0.1081	0.09336	0.1632	0.3055	-0.1079						
7ipkpqbq	happy-sweep-263	finished	ElasticNet	ha252ijh	ElasticNet	0.00701703828670383	RBPSEDataset	200	100	0.1	K562	rbpse	mean_squared_error	1024	True	['target_psi']	platiglab	40	['fancy_scatter', 'cumul_resid_dist', ['wandb_faux_pr_curve', {'thresh': 0.5}], ['wandb_faux_roc_curve', {'thresh': 0.5}]]	yogi-RBP-ML-linear-models-april-2025	17.0	train	['r2_score', 'rmse', 'sigmoid_r2']	False	all	False	False	cross_validation	5.0	5	False	1.0	ensembl_gene_id	ensembl_gene_id		True	binary	0.163	0.3054	-0.1094	0.09333	0.1634	0.3055	-0.1079						
3ry1ggo2	robust-sweep-264	finished	ElasticNet	ha252ijh	ElasticNet	0.00701703828670383	RBPSEDataset	300	100	0.1	K562	rbpse	mean_squared_error	1024	True	['target_psi']	platiglab	40	['fancy_scatter', 'cumul_resid_dist', ['wandb_faux_pr_curve', {'thresh': 0.5}], ['wandb_faux_roc_curve', {'thresh': 0.5}]]	yogi-RBP-ML-linear-models-april-2025	17.0	train	['r2_score', 'rmse', 'sigmoid_r2']	False	all	False	False	cross_validation	5.0	5	False	1.0	ensembl_gene_id	ensembl_gene_id		True	binary	0.1631	0.3055	-0.1085	0.09334	0.1633	0.3055	-0.1079						
qsvb8f56	zesty-sweep-265	finished	ElasticNet	ha252ijh	ElasticNet	0.00701703828670383	RBPSEDataset	400	100	0.1	K562	rbpse	mean_squared_error	1024	True	['target_psi']	platiglab	40	['fancy_scatter', 'cumul_resid_dist', ['wandb_faux_pr_curve', {'thresh': 0.5}], ['wandb_faux_roc_curve', {'thresh': 0.5}]]	yogi-RBP-ML-linear-models-april-2025	17.0	train	['r2_score', 'rmse', 'sigmoid_r2']	False	all	False	False	cross_validation	5.0	5	False	1.0	ensembl_gene_id	ensembl_gene_id		True	binary	0.1627	0.3056	-0.1088	0.09338	0.163	0.3056	-0.108						
52k4ye5z	eternal-sweep-266	finished	ElasticNet	ha252ijh	ElasticNet	0.00701703828670383	RBPSEDataset	500	100	0.1	K562	rbpse	mean_squared_error	1024	True	['target_psi']	platiglab	40	['fancy_scatter', 'cumul_resid_dist', ['wandb_faux_pr_curve', {'thresh': 0.5}], ['wandb_faux_roc_curve', {'thresh': 0.5}]]	yogi-RBP-ML-linear-models-april-2025	17.0	train	['r2_score', 'rmse', 'sigmoid_r2']	False	all	False	False	cross_validation	5.0	5	False	1.0	ensembl_gene_id	ensembl_gene_id		True	binary	0.1628	0.3055	-0.1092	0.09334	0.1634	0.3055	-0.1079						
fwfhi7g4	stellar-sweep-267	finished	ElasticNet	ha252ijh	ElasticNet	0.00701703828670383	RBPSEDataset	600	100	0.1	K562	rbpse	mean_squared_error	1024	True	['target_psi']	platiglab	40	['fancy_scatter', 'cumul_resid_dist', ['wandb_faux_pr_curve', {'thresh': 0.5}], ['wandb_faux_roc_curve', {'thresh': 0.5}]]	yogi-RBP-ML-linear-models-april-2025	17.0	train	['r2_score', 'rmse', 'sigmoid_r2']	False	all	False	False	cross_validation	5.0	5	False	1.0	ensembl_gene_id	ensembl_gene_id		True	binary	0.163	0.3054	-0.1091	0.09336	0.1632	0.3055	-0.108						
64wexp3l	snowy-sweep-268	finished	ElasticNet	ha252ijh	ElasticNet	0.00701703828670383	RBPSEDataset	700	100	0.1	K562	rbpse	mean_squared_error	1024	True	['target_psi']	platiglab	40	['fancy_scatter', 'cumul_resid_dist', ['wandb_faux_pr_curve', {'thresh': 0.5}], ['wandb_faux_roc_curve', {'thresh': 0.5}]]	yogi-RBP-ML-linear-models-april-2025	17.0	train	['r2_score', 'rmse', 'sigmoid_r2']	False	all	False	False	cross_validation	5.0	5	False	1.0	ensembl_gene_id	ensembl_gene_id		True	binary	0.1628	0.3055	-0.109	0.09334	0.1634	0.3055	-0.1079						
7nlyl3zf	chocolate-sweep-270	finished	ElasticNet	ha252ijh	ElasticNet	0.00701703828670383	RBPSEDataset	900	100	0.1	K562	rbpse	mean_squared_error	1024	True	['target_psi']	platiglab	40	['fancy_scatter', 'cumul_resid_dist', ['wandb_faux_pr_curve', {'thresh': 0.5}], ['wandb_faux_roc_curve', {'thresh': 0.5}]]	yogi-RBP-ML-linear-models-april-2025	17.0	train	['r2_score', 'rmse', 'sigmoid_r2']	False	all	False	False	cross_validation	5.0	5	False	1.0	ensembl_gene_id	ensembl_gene_id		True	binary	0.163	0.3054	-0.1089	0.09332	0.1635	0.3055	-0.1078						
g9ae2ndl	brisk-sweep-269	finished	ElasticNet	ha252ijh	ElasticNet	0.00701703828670383	RBPSEDataset	800	100	0.1	K562	rbpse	mean_squared_error	1024	True	['target_psi']	platiglab	40	['fancy_scatter', 'cumul_resid_dist', ['wandb_faux_pr_curve', {'thresh': 0.5}], ['wandb_faux_roc_curve', {'thresh': 0.5}]]	yogi-RBP-ML-linear-models-april-2025	17.0	train	['r2_score', 'rmse', 'sigmoid_r2']	False	all	False	False	cross_validation	5.0	5	False	1.0	ensembl_gene_id	ensembl_gene_id		True	binary	0.1627	0.3056	-0.1088	0.09336	0.1632	0.3055	-0.1079						
30cqjbpj	exalted-sweep-271	finished	ElasticNet	ha252ijh	ElasticNet	0.00701703828670383	RBPSEDataset	100	100	0.25	K562	rbpse	mean_squared_error	1024	True	['target_psi']	platiglab	40	['fancy_scatter', 'cumul_resid_dist', ['wandb_faux_pr_curve', {'thresh': 0.5}], ['wandb_faux_roc_curve', {'thresh': 0.5}]]	yogi-RBP-ML-linear-models-april-2025	17.0	train	['r2_score', 'rmse', 'sigmoid_r2']	False	all	False	False	cross_validation	5.0	5	False	1.0	ensembl_gene_id	ensembl_gene_id		True	binary	0.1387	0.31	-0.1185	0.09608	0.1388	0.31	-0.1183						
b2thc7b3	feasible-sweep-272	finished	ElasticNet	ha252ijh	ElasticNet	0.00701703828670383	RBPSEDataset	200	100	0.25	K562	rbpse	mean_squared_error	1024	True	['target_psi']	platiglab	40	['fancy_scatter', 'cumul_resid_dist', ['wandb_faux_pr_curve', {'thresh': 0.5}], ['wandb_faux_roc_curve', {'thresh': 0.5}]]	yogi-RBP-ML-linear-models-april-2025	17.0	train	['r2_score', 'rmse', 'sigmoid_r2']	False	all	False	False	cross_validation	5.0	5	False	1.0	ensembl_gene_id	ensembl_gene_id		True	binary	0.1375	0.31	-0.12	0.09617	0.138	0.3101	-0.1185						
k6isdfrw	denim-sweep-273	finished	ElasticNet	ha252ijh	ElasticNet	0.00701703828670383	RBPSEDataset	300	100	0.25	K562	rbpse	mean_squared_error	1024	True	['target_psi']	platiglab	40	['fancy_scatter', 'cumul_resid_dist', ['wandb_faux_pr_curve', {'thresh': 0.5}], ['wandb_faux_roc_curve', {'thresh': 0.5}]]	yogi-RBP-ML-linear-models-april-2025	17.0	train	['r2_score', 'rmse', 'sigmoid_r2']	False	all	False	False	cross_validation	5.0	5	False	1.0	ensembl_gene_id	ensembl_gene_id		True	binary	0.1384	0.31	-0.1189	0.09609	0.1387	0.31	-0.1183						
v4p9gk82	ethereal-sweep-274	finished	ElasticNet	ha252ijh	ElasticNet	0.00701703828670383	RBPSEDataset	400	100	0.25	K562	rbpse	mean_squared_error	1024	True	['target_psi']	platiglab	40	['fancy_scatter', 'cumul_resid_dist', ['wandb_faux_pr_curve', {'thresh': 0.5}], ['wandb_faux_roc_curve', {'thresh': 0.5}]]	yogi-RBP-ML-linear-models-april-2025	17.0	train	['r2_score', 'rmse', 'sigmoid_r2']	False	all	False	False	cross_validation	5.0	5	False	1.0	ensembl_gene_id	ensembl_gene_id		True	binary	0.1381	0.31	-0.1191	0.09612	0.1384	0.31	-0.1183						
b8xmozd2	zesty-sweep-276	finished	ElasticNet	ha252ijh	ElasticNet	0.00701703828670383	RBPSEDataset	600	100	0.25	K562	rbpse	mean_squared_error	1024	True	['target_psi']	platiglab	40	['fancy_scatter', 'cumul_resid_dist', ['wandb_faux_pr_curve', {'thresh': 0.5}], ['wandb_faux_roc_curve', {'thresh': 0.5}]]	yogi-RBP-ML-linear-models-april-2025	17.0	train	['r2_score', 'rmse', 'sigmoid_r2']	False	all	False	False	cross_validation	5.0	5	False	1.0	ensembl_gene_id	ensembl_gene_id		True	binary	0.1383	0.3099	-0.1195	0.09611	0.1385	0.31	-0.1184						
x54vibr1	sweet-sweep-275	finished	ElasticNet	ha252ijh	ElasticNet	0.00701703828670383	RBPSEDataset	500	100	0.25	K562	rbpse	mean_squared_error	1024	True	['target_psi']	platiglab	40	['fancy_scatter', 'cumul_resid_dist', ['wandb_faux_pr_curve', {'thresh': 0.5}], ['wandb_faux_roc_curve', {'thresh': 0.5}]]	yogi-RBP-ML-linear-models-april-2025	17.0	train	['r2_score', 'rmse', 'sigmoid_r2']	False	all	False	False	cross_validation	5.0	5	False	1.0	ensembl_gene_id	ensembl_gene_id		True	binary	0.1379	0.31	-0.1196	0.09611	0.1385	0.31	-0.1184						
t596yit1	dazzling-sweep-277	finished	ElasticNet	ha252ijh	ElasticNet	0.00701703828670383	RBPSEDataset	700	100	0.25	K562	rbpse	mean_squared_error	1024	True	['target_psi']	platiglab	40	['fancy_scatter', 'cumul_resid_dist', ['wandb_faux_pr_curve', {'thresh': 0.5}], ['wandb_faux_roc_curve', {'thresh': 0.5}]]	yogi-RBP-ML-linear-models-april-2025	17.0	train	['r2_score', 'rmse', 'sigmoid_r2']	False	all	False	False	cross_validation	5.0	5	False	1.0	ensembl_gene_id	ensembl_gene_id		True	binary	0.1381	0.31	-0.1194	0.0961	0.1386	0.31	-0.1183						
pet4xacs	toasty-sweep-278	finished	ElasticNet	ha252ijh	ElasticNet	0.00701703828670383	RBPSEDataset	800	100	0.25	K562	rbpse	mean_squared_error	1024	True	['target_psi']	platiglab	40	['fancy_scatter', 'cumul_resid_dist', ['wandb_faux_pr_curve', {'thresh': 0.5}], ['wandb_faux_roc_curve', {'thresh': 0.5}]]	yogi-RBP-ML-linear-models-april-2025	17.0	train	['r2_score', 'rmse', 'sigmoid_r2']	False	all	False	False	cross_validation	5.0	5	False	1.0	ensembl_gene_id	ensembl_gene_id		True	binary	0.1386	0.31	-0.1191	0.09606	0.139	0.3099	-0.1182						
f85fccma	good-sweep-279	finished	ElasticNet	ha252ijh	ElasticNet	0.00701703828670383	RBPSEDataset	900	100	0.25	K562	rbpse	mean_squared_error	1024	True	['target_psi']	platiglab	40	['fancy_scatter', 'cumul_resid_dist', ['wandb_faux_pr_curve', {'thresh': 0.5}], ['wandb_faux_roc_curve', {'thresh': 0.5}]]	yogi-RBP-ML-linear-models-april-2025	17.0	train	['r2_score', 'rmse', 'sigmoid_r2']	False	all	False	False	cross_validation	5.0	5	False	1.0	ensembl_gene_id	ensembl_gene_id		True	binary	0.1382	0.3099	-0.1193	0.09609	0.1387	0.31	-0.1183						
oj6aidmp	swept-sweep-280	finished	ElasticNet	ha252ijh	ElasticNet	0.00701703828670383	RBPSEDataset	100	100	0.5	K562	rbpse	mean_squared_error	1024	True	['target_psi']	platiglab	40	['fancy_scatter', 'cumul_resid_dist', ['wandb_faux_pr_curve', {'thresh': 0.5}], ['wandb_faux_roc_curve', {'thresh': 0.5}]]	yogi-RBP-ML-linear-models-april-2025	17.0	train	['r2_score', 'rmse', 'sigmoid_r2']	False	all	False	False	cross_validation	5.0	5	False	1.0	ensembl_gene_id	ensembl_gene_id		True	binary	0.1064	0.3157	-0.1305	0.09969	0.1064	0.3157	-0.1303						
fu61p7k6	stellar-sweep-281	finished	ElasticNet	ha252ijh	ElasticNet	0.00701703828670383	RBPSEDataset	200	100	0.5	K562	rbpse	mean_squared_error	1024	True	['target_psi']	platiglab	40	['fancy_scatter', 'cumul_resid_dist', ['wandb_faux_pr_curve', {'thresh': 0.5}], ['wandb_faux_roc_curve', {'thresh': 0.5}]]	yogi-RBP-ML-linear-models-april-2025	17.0	train	['r2_score', 'rmse', 'sigmoid_r2']	False	all	False	False	cross_validation	5.0	5	False	1.0	ensembl_gene_id	ensembl_gene_id		True	binary	0.1047	0.3159	-0.1321	0.09984	0.1051	0.316	-0.1305						
g5kyowcy	vibrant-sweep-282	finished	ElasticNet	ha252ijh	ElasticNet	0.00701703828670383	RBPSEDataset	300	100	0.5	K562	rbpse	mean_squared_error	1024	True	['target_psi']	platiglab	40	['fancy_scatter', 'cumul_resid_dist', ['wandb_faux_pr_curve', {'thresh': 0.5}], ['wandb_faux_roc_curve', {'thresh': 0.5}]]	yogi-RBP-ML-linear-models-april-2025	17.0	train	['r2_score', 'rmse', 'sigmoid_r2']	False	all	False	False	cross_validation	5.0	5	False	1.0	ensembl_gene_id	ensembl_gene_id		True	binary	0.106	0.3157	-0.1309	0.09972	0.1062	0.3158	-0.1303						
b4rds8pj	whole-sweep-283	finished	ElasticNet	ha252ijh	ElasticNet	0.00701703828670383	RBPSEDataset	400	100	0.5	K562	rbpse	mean_squared_error	1024	True	['target_psi']	platiglab	40	['fancy_scatter', 'cumul_resid_dist', ['wandb_faux_pr_curve', {'thresh': 0.5}], ['wandb_faux_roc_curve', {'thresh': 0.5}]]	yogi-RBP-ML-linear-models-april-2025	17.0	train	['r2_score', 'rmse', 'sigmoid_r2']	False	all	False	False	cross_validation	5.0	5	False	1.0	ensembl_gene_id	ensembl_gene_id		True	binary	0.1058	0.3158	-0.1311	0.09974	0.106	0.3158	-0.1303						
3gvjnx9e	fiery-sweep-284	finished	ElasticNet	ha252ijh	ElasticNet	0.00701703828670383	RBPSEDataset	500	100	0.5	K562	rbpse	mean_squared_error	1024	True	['target_psi']	platiglab	40	['fancy_scatter', 'cumul_resid_dist', ['wandb_faux_pr_curve', {'thresh': 0.5}], ['wandb_faux_roc_curve', {'thresh': 0.5}]]	yogi-RBP-ML-linear-models-april-2025	17.0	train	['r2_score', 'rmse', 'sigmoid_r2']	False	all	False	False	cross_validation	5.0	5	False	1.0	ensembl_gene_id	ensembl_gene_id		True	binary	0.1057	0.3158	-0.1315	0.09971	0.1062	0.3158	-0.1303						
bcytp0ml	dainty-sweep-285	finished	ElasticNet	ha252ijh	ElasticNet	0.00701703828670383	RBPSEDataset	600	100	0.5	K562	rbpse	mean_squared_error	1024	True	['target_psi']	platiglab	40	['fancy_scatter', 'cumul_resid_dist', ['wandb_faux_pr_curve', {'thresh': 0.5}], ['wandb_faux_roc_curve', {'thresh': 0.5}]]	yogi-RBP-ML-linear-models-april-2025	17.0	train	['r2_score', 'rmse', 'sigmoid_r2']	False	all	False	False	cross_validation	5.0	5	False	1.0	ensembl_gene_id	ensembl_gene_id		True	binary	0.1055	0.3158	-0.1316	0.09977	0.1057	0.3159	-0.1304						
9xtdizyy	smooth-sweep-287	finished	ElasticNet	ha252ijh	ElasticNet	0.00701703828670383	RBPSEDataset	800	100	0.5	K562	rbpse	mean_squared_error	1024	True	['target_psi']	platiglab	40	['fancy_scatter', 'cumul_resid_dist', ['wandb_faux_pr_curve', {'thresh': 0.5}], ['wandb_faux_roc_curve', {'thresh': 0.5}]]	yogi-RBP-ML-linear-models-april-2025	17.0	train	['r2_score', 'rmse', 'sigmoid_r2']	False	all	False	False	cross_validation	5.0	5	False	1.0	ensembl_gene_id	ensembl_gene_id		True	binary	0.1062	0.3158	-0.131	0.09968	0.1066	0.3157	-0.1302						
ld1ip82t	misunderstood-sweep-288	finished	ElasticNet	ha252ijh	ElasticNet	0.00701703828670383	RBPSEDataset	900	100	0.5	K562	rbpse	mean_squared_error	1024	True	['target_psi']	platiglab	40	['fancy_scatter', 'cumul_resid_dist', ['wandb_faux_pr_curve', {'thresh': 0.5}], ['wandb_faux_roc_curve', {'thresh': 0.5}]]	yogi-RBP-ML-linear-models-april-2025	17.0	train	['r2_score', 'rmse', 'sigmoid_r2']	False	all	False	False	cross_validation	5.0	5	False	1.0	ensembl_gene_id	ensembl_gene_id		True	binary	0.1057	0.3157	-0.1314	0.09974	0.106	0.3158	-0.1304						
sgs00qj2	peach-sweep-286	finished	ElasticNet	ha252ijh	ElasticNet	0.00701703828670383	RBPSEDataset	700	100	0.5	K562	rbpse	mean_squared_error	1024	True	['target_psi']	platiglab	40	['fancy_scatter', 'cumul_resid_dist', ['wandb_faux_pr_curve', {'thresh': 0.5}], ['wandb_faux_roc_curve', {'thresh': 0.5}]]	yogi-RBP-ML-linear-models-april-2025	17.0	train	['r2_score', 'rmse', 'sigmoid_r2']	False	all	False	False	cross_validation	5.0	5	False	1.0	ensembl_gene_id	ensembl_gene_id		True	binary	0.1058	0.3157	-0.1314	0.09972	0.1062	0.3158	-0.1303						
z4oga7j1	young-sweep-289	finished	ElasticNet	ha252ijh	ElasticNet	0.00701703828670383	RBPSEDataset	100	100	0.75	K562	rbpse	mean_squared_error	1024	True	['target_psi']	platiglab	40	['fancy_scatter', 'cumul_resid_dist', ['wandb_faux_pr_curve', {'thresh': 0.5}], ['wandb_faux_roc_curve', {'thresh': 0.5}]]	yogi-RBP-ML-linear-models-april-2025	17.0	train	['r2_score', 'rmse', 'sigmoid_r2']	False	all	False	False	cross_validation	5.0	5	False	1.0	ensembl_gene_id	ensembl_gene_id		True	binary	0.07972	0.3204	-0.1392	0.1027	0.0798	0.3204	-0.1389						
8z2403oq	warm-sweep-290	finished	ElasticNet	ha252ijh	ElasticNet	0.00701703828670383	RBPSEDataset	200	100	0.75	K562	rbpse	mean_squared_error	1024	True	['target_psi']	platiglab	40	['fancy_scatter', 'cumul_resid_dist', ['wandb_faux_pr_curve', {'thresh': 0.5}], ['wandb_faux_roc_curve', {'thresh': 0.5}]]	yogi-RBP-ML-linear-models-april-2025	17.0	train	['r2_score', 'rmse', 'sigmoid_r2']	False	all	False	False	cross_validation	5.0	5	False	1.0	ensembl_gene_id	ensembl_gene_id		True	binary	0.07841	0.3205	-0.1406	0.1028	0.07879	0.3206	-0.1391						
dd7dn47s	fearless-sweep-291	finished	ElasticNet	ha252ijh	ElasticNet	0.00701703828670383	RBPSEDataset	300	100	0.75	K562	rbpse	mean_squared_error	1024	True	['target_psi']	platiglab	40	['fancy_scatter', 'cumul_resid_dist', ['wandb_faux_pr_curve', {'thresh': 0.5}], ['wandb_faux_roc_curve', {'thresh': 0.5}]]	yogi-RBP-ML-linear-models-april-2025	17.0	train	['r2_score', 'rmse', 'sigmoid_r2']	False	all	False	False	cross_validation	5.0	5	False	1.0	ensembl_gene_id	ensembl_gene_id		True	binary	0.07956	0.3204	-0.1395	0.1027	0.07975	0.3204	-0.139						
sllk4jnk	proud-sweep-293	finished	ElasticNet	ha252ijh	ElasticNet	0.00701703828670383	RBPSEDataset	500	100	0.75	K562	rbpse	mean_squared_error	1024	True	['target_psi']	platiglab	40	['fancy_scatter', 'cumul_resid_dist', ['wandb_faux_pr_curve', {'thresh': 0.5}], ['wandb_faux_roc_curve', {'thresh': 0.5}]]	yogi-RBP-ML-linear-models-april-2025	17.0	train	['r2_score', 'rmse', 'sigmoid_r2']	False	all	False	False	cross_validation	5.0	5	False	1.0	ensembl_gene_id	ensembl_gene_id		True	binary	0.07944	0.3204	-0.1401	0.1027	0.07989	0.3204	-0.1389						
yokc8udq	smart-sweep-292	finished	ElasticNet	ha252ijh	ElasticNet	0.00701703828670383	RBPSEDataset	400	100	0.75	K562	rbpse	mean_squared_error	1024	True	['target_psi']	platiglab	40	['fancy_scatter', 'cumul_resid_dist', ['wandb_faux_pr_curve', {'thresh': 0.5}], ['wandb_faux_roc_curve', {'thresh': 0.5}]]	yogi-RBP-ML-linear-models-april-2025	17.0	train	['r2_score', 'rmse', 'sigmoid_r2']	False	all	False	False	cross_validation	5.0	5	False	1.0	ensembl_gene_id	ensembl_gene_id		True	binary	0.07968	0.3204	-0.1397	0.1027	0.07989	0.3204	-0.1389						
emxnouaw	fallen-sweep-295	finished	ElasticNet	ha252ijh	ElasticNet	0.00701703828670383	RBPSEDataset	700	100	0.75	K562	rbpse	mean_squared_error	1024	True	['target_psi']	platiglab	40	['fancy_scatter', 'cumul_resid_dist', ['wandb_faux_pr_curve', {'thresh': 0.5}], ['wandb_faux_roc_curve', {'thresh': 0.5}]]	yogi-RBP-ML-linear-models-april-2025	17.0	train	['r2_score', 'rmse', 'sigmoid_r2']	False	all	False	False	cross_validation	5.0	5	False	1.0	ensembl_gene_id	ensembl_gene_id		True	binary	0.07949	0.3203	-0.14	0.1027	0.07989	0.3204	-0.1389						
xe094ya4	honest-sweep-294	finished	ElasticNet	ha252ijh	ElasticNet	0.00701703828670383	RBPSEDataset	600	100	0.75	K562	rbpse	mean_squared_error	1024	True	['target_psi']	platiglab	40	['fancy_scatter', 'cumul_resid_dist', ['wandb_faux_pr_curve', {'thresh': 0.5}], ['wandb_faux_roc_curve', {'thresh': 0.5}]]	yogi-RBP-ML-linear-models-april-2025	17.0	train	['r2_score', 'rmse', 'sigmoid_r2']	False	all	False	False	cross_validation	5.0	5	False	1.0	ensembl_gene_id	ensembl_gene_id		True	binary	0.07905	0.3204	-0.1402	0.1027	0.07933	0.3205	-0.139						
8qr1abfh	clean-sweep-296	finished	ElasticNet	ha252ijh	ElasticNet	0.00701703828670383	RBPSEDataset	800	100	0.75	K562	rbpse	mean_squared_error	1024	True	['target_psi']	platiglab	40	['fancy_scatter', 'cumul_resid_dist', ['wandb_faux_pr_curve', {'thresh': 0.5}], ['wandb_faux_roc_curve', {'thresh': 0.5}]]	yogi-RBP-ML-linear-models-april-2025	17.0	train	['r2_score', 'rmse', 'sigmoid_r2']	False	all	False	False	cross_validation	5.0	5	False	1.0	ensembl_gene_id	ensembl_gene_id		True	binary	0.0797	0.3204	-0.1397	0.1026	0.08008	0.3204	-0.1389						
gsujb4ru	jumping-sweep-297	finished	ElasticNet	ha252ijh	ElasticNet	0.00701703828670383	RBPSEDataset	900	100	0.75	K562	rbpse	mean_squared_error	1024	True	['target_psi']	platiglab	40	['fancy_scatter', 'cumul_resid_dist', ['wandb_faux_pr_curve', {'thresh': 0.5}], ['wandb_faux_roc_curve', {'thresh': 0.5}]]	yogi-RBP-ML-linear-models-april-2025	17.0	train	['r2_score', 'rmse', 'sigmoid_r2']	False	all	False	False	cross_validation	5.0	5	False	1.0	ensembl_gene_id	ensembl_gene_id		True	binary	0.07947	0.3203	-0.1399	0.1027	0.07967	0.3204	-0.1389						
hki8wp4v	smooth-sweep-298	finished	ElasticNet	ha252ijh	ElasticNet	0.00701703828670383	RBPSEDataset	100	100	0.9	K562	rbpse	mean_squared_error	1024	True	['target_psi']	platiglab	40	['fancy_scatter', 'cumul_resid_dist', ['wandb_faux_pr_curve', {'thresh': 0.5}], ['wandb_faux_roc_curve', {'thresh': 0.5}]]	yogi-RBP-ML-linear-models-april-2025	17.0	train	['r2_score', 'rmse', 'sigmoid_r2']	False	all	False	False	cross_validation	5.0	5	False	1.0	ensembl_gene_id	ensembl_gene_id		True	binary	0.06449	0.3231	-0.1437	0.1044	0.06457	0.3231	-0.1435						
1khiar2l	denim-sweep-299	finished	ElasticNet	ha252ijh	ElasticNet	0.00701703828670383	RBPSEDataset	200	100	0.9	K562	rbpse	mean_squared_error	1024	True	['target_psi']	platiglab	40	['fancy_scatter', 'cumul_resid_dist', ['wandb_faux_pr_curve', {'thresh': 0.5}], ['wandb_faux_roc_curve', {'thresh': 0.5}]]	yogi-RBP-ML-linear-models-april-2025	17.0	train	['r2_score', 'rmse', 'sigmoid_r2']	False	all	False	False	cross_validation	5.0	5	False	1.0	ensembl_gene_id	ensembl_gene_id		True	binary	0.06296	0.3232	-0.1452	0.1045	0.06335	0.3233	-0.1437						
srvzmw77	fiery-sweep-300	finished	ElasticNet	ha252ijh	ElasticNet	0.00701703828670383	RBPSEDataset	300	100	0.9	K562	rbpse	mean_squared_error	1024	True	['target_psi']	platiglab	40	['fancy_scatter', 'cumul_resid_dist', ['wandb_faux_pr_curve', {'thresh': 0.5}], ['wandb_faux_roc_curve', {'thresh': 0.5}]]	yogi-RBP-ML-linear-models-april-2025	17.0	train	['r2_score', 'rmse', 'sigmoid_r2']	False	all	False	False	cross_validation	5.0	5	False	1.0	ensembl_gene_id	ensembl_gene_id		True	binary	0.06445	0.323	-0.144	0.1044	0.06462	0.323	-0.1435						
3zktf5y5	fast-sweep-304	finished	ElasticNet	ha252ijh	ElasticNet	0.00701703828670383	RBPSEDataset	700	100	0.9	K562	rbpse	mean_squared_error	1024	True	['target_psi']	platiglab	40	['fancy_scatter', 'cumul_resid_dist', ['wandb_faux_pr_curve', {'thresh': 0.5}], ['wandb_faux_roc_curve', {'thresh': 0.5}]]	yogi-RBP-ML-linear-models-april-2025	17.0	train	['r2_score', 'rmse', 'sigmoid_r2']	False	all	False	False	cross_validation	5.0	5	False	1.0	ensembl_gene_id	ensembl_gene_id		True	binary	0.06432	0.323	-0.1446	0.1043	0.06469	0.323	-0.1434						
71mhacgk	spring-sweep-303	finished	ElasticNet	ha252ijh	ElasticNet	0.00701703828670383	RBPSEDataset	600	100	0.9	K562	rbpse	mean_squared_error	1024	True	['target_psi']	platiglab	40	['fancy_scatter', 'cumul_resid_dist', ['wandb_faux_pr_curve', {'thresh': 0.5}], ['wandb_faux_roc_curve', {'thresh': 0.5}]]	yogi-RBP-ML-linear-models-april-2025	17.0	train	['r2_score', 'rmse', 'sigmoid_r2']	False	all	False	False	cross_validation	5.0	5	False	1.0	ensembl_gene_id	ensembl_gene_id		True	binary	0.0638	0.3231	-0.1447	0.1044	0.06411	0.3231	-0.1436						
p0i7qlr5	celestial-sweep-301	finished	ElasticNet	ha252ijh	ElasticNet	0.00701703828670383	RBPSEDataset	400	100	0.9	K562	rbpse	mean_squared_error	1024	True	['target_psi']	platiglab	40	['fancy_scatter', 'cumul_resid_dist', ['wandb_faux_pr_curve', {'thresh': 0.5}], ['wandb_faux_roc_curve', {'thresh': 0.5}]]	yogi-RBP-ML-linear-models-april-2025	17.0	train	['r2_score', 'rmse', 'sigmoid_r2']	False	all	False	False	cross_validation	5.0	5	False	1.0	ensembl_gene_id	ensembl_gene_id		True	binary	0.06453	0.323	-0.1442	0.1043	0.06474	0.323	-0.1434						
vxmdk0fp	worldly-sweep-302	finished	ElasticNet	ha252ijh	ElasticNet	0.00701703828670383	RBPSEDataset	500	100	0.9	K562	rbpse	mean_squared_error	1024	True	['target_psi']	platiglab	40	['fancy_scatter', 'cumul_resid_dist', ['wandb_faux_pr_curve', {'thresh': 0.5}], ['wandb_faux_roc_curve', {'thresh': 0.5}]]	yogi-RBP-ML-linear-models-april-2025	17.0	train	['r2_score', 'rmse', 'sigmoid_r2']	False	all	False	False	cross_validation	5.0	5	False	1.0	ensembl_gene_id	ensembl_gene_id		True	binary	0.06437	0.323	-0.1446	0.1043	0.06478	0.323	-0.1435						
eh0j3kpn	easy-sweep-305	finished	ElasticNet	ha252ijh	ElasticNet	0.00701703828670383	RBPSEDataset	800	100	0.9	K562	rbpse	mean_squared_error	1024	True	['target_psi']	platiglab	40	['fancy_scatter', 'cumul_resid_dist', ['wandb_faux_pr_curve', {'thresh': 0.5}], ['wandb_faux_roc_curve', {'thresh': 0.5}]]	yogi-RBP-ML-linear-models-april-2025	17.0	train	['r2_score', 'rmse', 'sigmoid_r2']	False	all	False	False	cross_validation	5.0	5	False	1.0	ensembl_gene_id	ensembl_gene_id		True	binary	0.06464	0.323	-0.1442	0.1043	0.06502	0.323	-0.1434						
uryxqk1n	balmy-sweep-306	finished	ElasticNet	ha252ijh	ElasticNet	0.00701703828670383	RBPSEDataset	900	100	0.9	K562	rbpse	mean_squared_error	1024	True	['target_psi']	platiglab	40	['fancy_scatter', 'cumul_resid_dist', ['wandb_faux_pr_curve', {'thresh': 0.5}], ['wandb_faux_roc_curve', {'thresh': 0.5}]]	yogi-RBP-ML-linear-models-april-2025	17.0	train	['r2_score', 'rmse', 'sigmoid_r2']	False	all	False	False	cross_validation	5.0	5	False	1.0	ensembl_gene_id	ensembl_gene_id		True	binary	0.06428	0.3229	-0.1445	0.1044	0.06441	0.3231	-0.1435						
0x8or599	iconic-sweep-307	finished	ElasticNet	ha252ijh	ElasticNet	0.00701703828670383	RBPSEDataset	100	100	1.0	K562	rbpse	mean_squared_error	1024	True	['target_psi']	platiglab	40	['fancy_scatter', 'cumul_resid_dist', ['wandb_faux_pr_curve', {'thresh': 0.5}], ['wandb_faux_roc_curve', {'thresh': 0.5}]]	yogi-RBP-ML-linear-models-april-2025	17.0	train	['r2_score', 'rmse', 'sigmoid_r2']	False	all	False	False	cross_validation	5.0	5	False	1.0	ensembl_gene_id	ensembl_gene_id		True	binary	0.05302	0.325	-0.1468	0.1056	0.0531	0.325	-0.1466						
m7r49id4	gentle-sweep-308	finished	ElasticNet	ha252ijh	ElasticNet	0.00701703828670383	RBPSEDataset	200	100	1.0	K562	rbpse	mean_squared_error	1024	True	['target_psi']	platiglab	40	['fancy_scatter', 'cumul_resid_dist', ['wandb_faux_pr_curve', {'thresh': 0.5}], ['wandb_faux_roc_curve', {'thresh': 0.5}]]	yogi-RBP-ML-linear-models-april-2025	17.0	train	['r2_score', 'rmse', 'sigmoid_r2']	False	all	False	False	cross_validation	5.0	5	False	1.0	ensembl_gene_id	ensembl_gene_id		True	binary	0.05131	0.3252	-0.1483	0.1058	0.05173	0.3253	-0.1468						
4hoesw5y	fresh-sweep-310	finished	ElasticNet	ha252ijh	ElasticNet	0.00701703828670383	RBPSEDataset	400	100	1.0	K562	rbpse	mean_squared_error	1024	True	['target_psi']	platiglab	40	['fancy_scatter', 'cumul_resid_dist', ['wandb_faux_pr_curve', {'thresh': 0.5}], ['wandb_faux_roc_curve', {'thresh': 0.5}]]	yogi-RBP-ML-linear-models-april-2025	17.0	train	['r2_score', 'rmse', 'sigmoid_r2']	False	all	False	False	cross_validation	5.0	5	False	1.0	ensembl_gene_id	ensembl_gene_id		True	binary	0.05316	0.3249	-0.1473	0.1056	0.05338	0.325	-0.1465						
lj5opkyz	genial-sweep-309	finished	ElasticNet	ha252ijh	ElasticNet	0.00701703828670383	RBPSEDataset	300	100	1.0	K562	rbpse	mean_squared_error	1024	True	['target_psi']	platiglab	40	['fancy_scatter', 'cumul_resid_dist', ['wandb_faux_pr_curve', {'thresh': 0.5}], ['wandb_faux_roc_curve', {'thresh': 0.5}]]	yogi-RBP-ML-linear-models-april-2025	17.0	train	['r2_score', 'rmse', 'sigmoid_r2']	False	all	False	False	cross_validation	5.0	5	False	1.0	ensembl_gene_id	ensembl_gene_id		True	binary	0.05304	0.325	-0.1472	0.1056	0.05319	0.325	-0.1466						
3h6tnvo2	sparkling-sweep-313	finished	ElasticNet	ha252ijh	ElasticNet	0.00701703828670383	RBPSEDataset	700	100	1.0	K562	rbpse	mean_squared_error	1024	True	['target_psi']	platiglab	40	['fancy_scatter', 'cumul_resid_dist', ['wandb_faux_pr_curve', {'thresh': 0.5}], ['wandb_faux_roc_curve', {'thresh': 0.5}]]	yogi-RBP-ML-linear-models-april-2025	17.0	train	['r2_score', 'rmse', 'sigmoid_r2']	False	all	False	False	cross_validation	5.0	5	False	1.0	ensembl_gene_id	ensembl_gene_id		True	binary	0.05291	0.325	-0.1476	0.1056	0.05326	0.325	-0.1465						
dwgwxx37	usual-sweep-311	finished	ElasticNet	ha252ijh	ElasticNet	0.00701703828670383	RBPSEDataset	500	100	1.0	K562	rbpse	mean_squared_error	1024	True	['target_psi']	platiglab	40	['fancy_scatter', 'cumul_resid_dist', ['wandb_faux_pr_curve', {'thresh': 0.5}], ['wandb_faux_roc_curve', {'thresh': 0.5}]]	yogi-RBP-ML-linear-models-april-2025	17.0	train	['r2_score', 'rmse', 'sigmoid_r2']	False	all	False	False	cross_validation	5.0	5	False	1.0	ensembl_gene_id	ensembl_gene_id		True	binary	0.0529	0.3249	-0.1477	0.1056	0.05329	0.325	-0.1466						
e3fawk88	valiant-sweep-315	finished	ElasticNet	ha252ijh	ElasticNet	0.00701703828670383	RBPSEDataset	900	100	1.0	K562	rbpse	mean_squared_error	1024	True	['target_psi']	platiglab	40	['fancy_scatter', 'cumul_resid_dist', ['wandb_faux_pr_curve', {'thresh': 0.5}], ['wandb_faux_roc_curve', {'thresh': 0.5}]]	yogi-RBP-ML-linear-models-april-2025	17.0	train	['r2_score', 'rmse', 'sigmoid_r2']	False	all	False	False	cross_validation	5.0	5	False	1.0	ensembl_gene_id	ensembl_gene_id		True	binary	0.05293	0.3249	-0.1475	0.1056	0.05302	0.325	-0.1466						
rzvm13ne	fresh-sweep-314	finished	ElasticNet	ha252ijh	ElasticNet	0.00701703828670383	RBPSEDataset	800	100	1.0	K562	rbpse	mean_squared_error	1024	True	['target_psi']	platiglab	40	['fancy_scatter', 'cumul_resid_dist', ['wandb_faux_pr_curve', {'thresh': 0.5}], ['wandb_faux_roc_curve', {'thresh': 0.5}]]	yogi-RBP-ML-linear-models-april-2025	17.0	train	['r2_score', 'rmse', 'sigmoid_r2']	False	all	False	False	cross_validation	5.0	5	False	1.0	ensembl_gene_id	ensembl_gene_id		True	binary	0.05324	0.325	-0.1473	0.1056	0.05362	0.3249	-0.1465						
z08trfen	deep-sweep-312	finished	ElasticNet	ha252ijh	ElasticNet	0.00701703828670383	RBPSEDataset	600	100	1.0	K562	rbpse	mean_squared_error	1024	True	['target_psi']	platiglab	40	['fancy_scatter', 'cumul_resid_dist', ['wandb_faux_pr_curve', {'thresh': 0.5}], ['wandb_faux_roc_curve', {'thresh': 0.5}]]	yogi-RBP-ML-linear-models-april-2025	17.0	train	['r2_score', 'rmse', 'sigmoid_r2']	False	all	False	False	cross_validation	5.0	5	False	1.0	ensembl_gene_id	ensembl_gene_id		True	binary	0.0524	0.325	-0.1479	0.1057	0.05273	0.3251	-0.1467						
0ohwsgrt	northern-sweep-326	finished	ElasticNet	ha252ijh	ElasticNet	0.020309176209047368	RBPSEDataset	200	100	0.1	K562	rbpse	mean_squared_error	1024	True	['target_psi']	platiglab	40	['fancy_scatter', 'cumul_resid_dist', ['wandb_faux_pr_curve', {'thresh': 0.5}], ['wandb_faux_roc_curve', {'thresh': 0.5}]]	yogi-RBP-ML-linear-models-april-2025	17.0	train	['r2_score', 'rmse', 'sigmoid_r2']	False	all	False	False	cross_validation	5.0	5	False	1.0	ensembl_gene_id	ensembl_gene_id		True	binary	0.1178	0.3136	-0.1284	0.09837	0.1182	0.3136	-0.1269						
29nn4pui	visionary-sweep-325	finished	ElasticNet	ha252ijh	ElasticNet	0.020309176209047368	RBPSEDataset	100	100	0.1	K562	rbpse	mean_squared_error	1024	True	['target_psi']	platiglab	40	['fancy_scatter', 'cumul_resid_dist', ['wandb_faux_pr_curve', {'thresh': 0.5}], ['wandb_faux_roc_curve', {'thresh': 0.5}]]	yogi-RBP-ML-linear-models-april-2025	17.0	train	['r2_score', 'rmse', 'sigmoid_r2']	False	all	False	False	cross_validation	5.0	5	False	1.0	ensembl_gene_id	ensembl_gene_id		True	binary	0.1191	0.3135	-0.1269	0.09828	0.1191	0.3135	-0.1267						
aa7nt5x3	honest-sweep-327	finished	ElasticNet	ha252ijh	ElasticNet	0.020309176209047368	RBPSEDataset	300	100	0.1	K562	rbpse	mean_squared_error	1024	True	['target_psi']	platiglab	40	['fancy_scatter', 'cumul_resid_dist', ['wandb_faux_pr_curve', {'thresh': 0.5}], ['wandb_faux_roc_curve', {'thresh': 0.5}]]	yogi-RBP-ML-linear-models-april-2025	17.0	train	['r2_score', 'rmse', 'sigmoid_r2']	False	all	False	False	cross_validation	5.0	5	False	1.0	ensembl_gene_id	ensembl_gene_id		True	binary	0.119	0.3135	-0.1273	0.09827	0.1192	0.3135	-0.1267						
8rc4qi3s	elated-sweep-328	finished	ElasticNet	ha252ijh	ElasticNet	0.020309176209047368	RBPSEDataset	400	100	0.1	K562	rbpse	mean_squared_error	1024	True	['target_psi']	platiglab	40	['fancy_scatter', 'cumul_resid_dist', ['wandb_faux_pr_curve', {'thresh': 0.5}], ['wandb_faux_roc_curve', {'thresh': 0.5}]]	yogi-RBP-ML-linear-models-april-2025	17.0	train	['r2_score', 'rmse', 'sigmoid_r2']	False	all	False	False	cross_validation	5.0	5	False	1.0	ensembl_gene_id	ensembl_gene_id		True	binary	0.1185	0.3135	-0.1276	0.09832	0.1188	0.3136	-0.1268						
9p6l2db3	stilted-sweep-329	finished	ElasticNet	ha252ijh	ElasticNet	0.020309176209047368	RBPSEDataset	500	100	0.1	K562	rbpse	mean_squared_error	1024	True	['target_psi']	platiglab	40	['fancy_scatter', 'cumul_resid_dist', ['wandb_faux_pr_curve', {'thresh': 0.5}], ['wandb_faux_roc_curve', {'thresh': 0.5}]]	yogi-RBP-ML-linear-models-april-2025	17.0	train	['r2_score', 'rmse', 'sigmoid_r2']	False	all	False	False	cross_validation	5.0	5	False	1.0	ensembl_gene_id	ensembl_gene_id		True	binary	0.1183	0.3135	-0.128	0.0983	0.1189	0.3135	-0.1268						
i0oqy39h	vital-sweep-330	finished	ElasticNet	ha252ijh	ElasticNet	0.020309176209047368	RBPSEDataset	600	100	0.1	K562	rbpse	mean_squared_error	1024	True	['target_psi']	platiglab	40	['fancy_scatter', 'cumul_resid_dist', ['wandb_faux_pr_curve', {'thresh': 0.5}], ['wandb_faux_roc_curve', {'thresh': 0.5}]]	yogi-RBP-ML-linear-models-april-2025	17.0	train	['r2_score', 'rmse', 'sigmoid_r2']	False	all	False	False	cross_validation	5.0	5	False	1.0	ensembl_gene_id	ensembl_gene_id		True	binary	0.1188	0.3135	-0.1279	0.09829	0.119	0.3135	-0.1268						
j51pfv4t	resilient-sweep-332	finished	ElasticNet	ha252ijh	ElasticNet	0.020309176209047368	RBPSEDataset	800	100	0.1	K562	rbpse	mean_squared_error	1024	True	['target_psi']	platiglab	40	['fancy_scatter', 'cumul_resid_dist', ['wandb_faux_pr_curve', {'thresh': 0.5}], ['wandb_faux_roc_curve', {'thresh': 0.5}]]	yogi-RBP-ML-linear-models-april-2025	17.0	train	['r2_score', 'rmse', 'sigmoid_r2']	False	all	False	False	cross_validation	5.0	5	False	1.0	ensembl_gene_id	ensembl_gene_id		True	binary	0.1188	0.3135	-0.1275	0.09826	0.1192	0.3135	-0.1267						
o99yxjxt	grateful-sweep-331	finished	ElasticNet	ha252ijh	ElasticNet	0.020309176209047368	RBPSEDataset	700	100	0.1	K562	rbpse	mean_squared_error	1024	True	['target_psi']	platiglab	40	['fancy_scatter', 'cumul_resid_dist', ['wandb_faux_pr_curve', {'thresh': 0.5}], ['wandb_faux_roc_curve', {'thresh': 0.5}]]	yogi-RBP-ML-linear-models-april-2025	17.0	train	['r2_score', 'rmse', 'sigmoid_r2']	False	all	False	False	cross_validation	5.0	5	False	1.0	ensembl_gene_id	ensembl_gene_id		True	binary	0.1184	0.3135	-0.1279	0.0983	0.1189	0.3135	-0.1267						
yhmaw4cx	eternal-sweep-333	finished	ElasticNet	ha252ijh	ElasticNet	0.020309176209047368	RBPSEDataset	900	100	0.1	K562	rbpse	mean_squared_error	1024	True	['target_psi']	platiglab	40	['fancy_scatter', 'cumul_resid_dist', ['wandb_faux_pr_curve', {'thresh': 0.5}], ['wandb_faux_roc_curve', {'thresh': 0.5}]]	yogi-RBP-ML-linear-models-april-2025	17.0	train	['r2_score', 'rmse', 'sigmoid_r2']	False	all	False	False	cross_validation	5.0	5	False	1.0	ensembl_gene_id	ensembl_gene_id		True	binary	0.1185	0.3134	-0.1278	0.0983	0.1189	0.3135	-0.1268						
atx2drsz	devoted-sweep-334	finished	ElasticNet	ha252ijh	ElasticNet	0.020309176209047368	RBPSEDataset	100	100	0.25	K562	rbpse	mean_squared_error	1024	True	['target_psi']	platiglab	40	['fancy_scatter', 'cumul_resid_dist', ['wandb_faux_pr_curve', {'thresh': 0.5}], ['wandb_faux_roc_curve', {'thresh': 0.5}]]	yogi-RBP-ML-linear-models-april-2025	17.0	train	['r2_score', 'rmse', 'sigmoid_r2']	False	all	False	False	cross_validation	5.0	5	False	1.0	ensembl_gene_id	ensembl_gene_id		True	binary	0.07081	0.322	-0.142	0.1037	0.07088	0.322	-0.1419						
4i8lly8b	splendid-sweep-336	finished	ElasticNet	ha252ijh	ElasticNet	0.020309176209047368	RBPSEDataset	300	100	0.25	K562	rbpse	mean_squared_error	1024	True	['target_psi']	platiglab	40	['fancy_scatter', 'cumul_resid_dist', ['wandb_faux_pr_curve', {'thresh': 0.5}], ['wandb_faux_roc_curve', {'thresh': 0.5}]]	yogi-RBP-ML-linear-models-april-2025	17.0	train	['r2_score', 'rmse', 'sigmoid_r2']	False	all	False	False	cross_validation	5.0	5	False	1.0	ensembl_gene_id	ensembl_gene_id		True	binary	0.07066	0.3219	-0.1424	0.1037	0.07082	0.322	-0.1419						
yo155pav	effortless-sweep-335	finished	ElasticNet	ha252ijh	ElasticNet	0.020309176209047368	RBPSEDataset	200	100	0.25	K562	rbpse	mean_squared_error	1024	True	['target_psi']	platiglab	40	['fancy_scatter', 'cumul_resid_dist', ['wandb_faux_pr_curve', {'thresh': 0.5}], ['wandb_faux_roc_curve', {'thresh': 0.5}]]	yogi-RBP-ML-linear-models-april-2025	17.0	train	['r2_score', 'rmse', 'sigmoid_r2']	False	all	False	False	cross_validation	5.0	5	False	1.0	ensembl_gene_id	ensembl_gene_id		True	binary	0.06966	0.3221	-0.1435	0.1038	0.07005	0.3221	-0.142						
zm2oz7fp	ethereal-sweep-337	finished	ElasticNet	ha252ijh	ElasticNet	0.020309176209047368	RBPSEDataset	400	100	0.25	K562	rbpse	mean_squared_error	1024	True	['target_psi']	platiglab	40	['fancy_scatter', 'cumul_resid_dist', ['wandb_faux_pr_curve', {'thresh': 0.5}], ['wandb_faux_roc_curve', {'thresh': 0.5}]]	yogi-RBP-ML-linear-models-april-2025	17.0	train	['r2_score', 'rmse', 'sigmoid_r2']	False	all	False	False	cross_validation	5.0	5	False	1.0	ensembl_gene_id	ensembl_gene_id		True	binary	0.07058	0.3219	-0.1427	0.1037	0.0708	0.322	-0.1419						
9nhaml72	worthy-sweep-338	finished	ElasticNet	ha252ijh	ElasticNet	0.020309176209047368	RBPSEDataset	500	100	0.25	K562	rbpse	mean_squared_error	1024	True	['target_psi']	platiglab	40	['fancy_scatter', 'cumul_resid_dist', ['wandb_faux_pr_curve', {'thresh': 0.5}], ['wandb_faux_roc_curve', {'thresh': 0.5}]]	yogi-RBP-ML-linear-models-april-2025	17.0	train	['r2_score', 'rmse', 'sigmoid_r2']	False	all	False	False	cross_validation	5.0	5	False	1.0	ensembl_gene_id	ensembl_gene_id		True	binary	0.07035	0.322	-0.1431	0.1037	0.07078	0.322	-0.1419						
xmxjfalj	neat-sweep-339	finished	ElasticNet	ha252ijh	ElasticNet	0.020309176209047368	RBPSEDataset	600	100	0.25	K562	rbpse	mean_squared_error	1024	True	['target_psi']	platiglab	40	['fancy_scatter', 'cumul_resid_dist', ['wandb_faux_pr_curve', {'thresh': 0.5}], ['wandb_faux_roc_curve', {'thresh': 0.5}]]	yogi-RBP-ML-linear-models-april-2025	17.0	train	['r2_score', 'rmse', 'sigmoid_r2']	False	all	False	False	cross_validation	5.0	5	False	1.0	ensembl_gene_id	ensembl_gene_id		True	binary	0.07019	0.3219	-0.1431	0.1037	0.07051	0.322	-0.1419						
kyqo6cp2	smooth-sweep-340	finished	ElasticNet	ha252ijh	ElasticNet	0.020309176209047368	RBPSEDataset	700	100	0.25	K562	rbpse	mean_squared_error	1024	True	['target_psi']	platiglab	40	['fancy_scatter', 'cumul_resid_dist', ['wandb_faux_pr_curve', {'thresh': 0.5}], ['wandb_faux_roc_curve', {'thresh': 0.5}]]	yogi-RBP-ML-linear-models-april-2025	17.0	train	['r2_score', 'rmse', 'sigmoid_r2']	False	all	False	False	cross_validation	5.0	5	False	1.0	ensembl_gene_id	ensembl_gene_id		True	binary	0.07037	0.3219	-0.143	0.1037	0.07075	0.322	-0.1418						
77n915n3	wandering-sweep-341	finished	ElasticNet	ha252ijh	ElasticNet	0.020309176209047368	RBPSEDataset	800	100	0.25	K562	rbpse	mean_squared_error	1024	True	['target_psi']	platiglab	40	['fancy_scatter', 'cumul_resid_dist', ['wandb_faux_pr_curve', {'thresh': 0.5}], ['wandb_faux_roc_curve', {'thresh': 0.5}]]	yogi-RBP-ML-linear-models-april-2025	17.0	train	['r2_score', 'rmse', 'sigmoid_r2']	False	all	False	False	cross_validation	5.0	5	False	1.0	ensembl_gene_id	ensembl_gene_id		True	binary	0.07049	0.322	-0.1427	0.1037	0.07088	0.322	-0.1418						
70c7noij	treasured-sweep-342	finished	ElasticNet	ha252ijh	ElasticNet	0.020309176209047368	RBPSEDataset	900	100	0.25	K562	rbpse	mean_squared_error	1024	True	['target_psi']	platiglab	40	['fancy_scatter', 'cumul_resid_dist', ['wandb_faux_pr_curve', {'thresh': 0.5}], ['wandb_faux_roc_curve', {'thresh': 0.5}]]	yogi-RBP-ML-linear-models-april-2025	17.0	train	['r2_score', 'rmse', 'sigmoid_r2']	False	all	False	False	cross_validation	5.0	5	False	1.0	ensembl_gene_id	ensembl_gene_id		True	binary	0.07052	0.3219	-0.1429	0.1037	0.07069	0.322	-0.1419						
u48m1yz9	elated-sweep-343	finished	ElasticNet	ha252ijh	ElasticNet	0.020309176209047368	RBPSEDataset	100	100	0.5	K562	rbpse	mean_squared_error	1024	True	['target_psi']	platiglab	40	['fancy_scatter', 'cumul_resid_dist', ['wandb_faux_pr_curve', {'thresh': 0.5}], ['wandb_faux_roc_curve', {'thresh': 0.5}]]	yogi-RBP-ML-linear-models-april-2025	17.0	train	['r2_score', 'rmse', 'sigmoid_r2']	False	all	False	False	cross_validation	5.0	5	False	1.0	ensembl_gene_id	ensembl_gene_id		True	binary	0.02038	0.3306	-0.1552	0.1093	0.02046	0.3306	-0.155						
yuicr7ag	hopeful-sweep-344	finished	ElasticNet	ha252ijh	ElasticNet	0.020309176209047368	RBPSEDataset	200	100	0.5	K562	rbpse	mean_squared_error	1024	True	['target_psi']	platiglab	40	['fancy_scatter', 'cumul_resid_dist', ['wandb_faux_pr_curve', {'thresh': 0.5}], ['wandb_faux_roc_curve', {'thresh': 0.5}]]	yogi-RBP-ML-linear-models-april-2025	17.0	train	['r2_score', 'rmse', 'sigmoid_r2']	False	all	False	False	cross_validation	5.0	5	False	1.0	ensembl_gene_id	ensembl_gene_id		True	binary	0.01969	0.3306	-0.1566	0.1093	0.02013	0.3306	-0.1551						
5r3w93zq	misty-sweep-345	finished	ElasticNet	ha252ijh	ElasticNet	0.020309176209047368	RBPSEDataset	300	100	0.5	K562	rbpse	mean_squared_error	1024	True	['target_psi']	platiglab	40	['fancy_scatter', 'cumul_resid_dist', ['wandb_faux_pr_curve', {'thresh': 0.5}], ['wandb_faux_roc_curve', {'thresh': 0.5}]]	yogi-RBP-ML-linear-models-april-2025	17.0	train	['r2_score', 'rmse', 'sigmoid_r2']	False	all	False	False	cross_validation	5.0	5	False	1.0	ensembl_gene_id	ensembl_gene_id		True	binary	0.0202	0.3306	-0.1556	0.1093	0.02036	0.3306	-0.1551						
t2u53emg	deft-sweep-346	finished	ElasticNet	ha252ijh	ElasticNet	0.020309176209047368	RBPSEDataset	400	100	0.5	K562	rbpse	mean_squared_error	1024	True	['target_psi']	platiglab	40	['fancy_scatter', 'cumul_resid_dist', ['wandb_faux_pr_curve', {'thresh': 0.5}], ['wandb_faux_roc_curve', {'thresh': 0.5}]]	yogi-RBP-ML-linear-models-april-2025	17.0	train	['r2_score', 'rmse', 'sigmoid_r2']	False	all	False	False	cross_validation	5.0	5	False	1.0	ensembl_gene_id	ensembl_gene_id		True	binary	0.02005	0.3306	-0.1558	0.1093	0.02032	0.3306	-0.1551						
h2qcyc8d	deep-sweep-347	finished	ElasticNet	ha252ijh	ElasticNet	0.020309176209047368	RBPSEDataset	500	100	0.5	K562	rbpse	mean_squared_error	1024	True	['target_psi']	platiglab	40	['fancy_scatter', 'cumul_resid_dist', ['wandb_faux_pr_curve', {'thresh': 0.5}], ['wandb_faux_roc_curve', {'thresh': 0.5}]]	yogi-RBP-ML-linear-models-april-2025	17.0	train	['r2_score', 'rmse', 'sigmoid_r2']	False	all	False	False	cross_validation	5.0	5	False	1.0	ensembl_gene_id	ensembl_gene_id		True	binary	0.01982	0.3306	-0.1563	0.1093	0.02019	0.3306	-0.1551						
deo2gi8q	wobbly-sweep-349	finished	ElasticNet	ha252ijh	ElasticNet	0.020309176209047368	RBPSEDataset	700	100	0.5	K562	rbpse	mean_squared_error	1024	True	['target_psi']	platiglab	40	['fancy_scatter', 'cumul_resid_dist', ['wandb_faux_pr_curve', {'thresh': 0.5}], ['wandb_faux_roc_curve', {'thresh': 0.5}]]	yogi-RBP-ML-linear-models-april-2025	17.0	train	['r2_score', 'rmse', 'sigmoid_r2']	False	all	False	False	cross_validation	5.0	5	False	1.0	ensembl_gene_id	ensembl_gene_id		True	binary	0.01988	0.3305	-0.1562	0.1093	0.02026	0.3306	-0.1551						
w4q72dj3	desert-sweep-348	finished	ElasticNet	ha252ijh	ElasticNet	0.020309176209047368	RBPSEDataset	600	100	0.5	K562	rbpse	mean_squared_error	1024	True	['target_psi']	platiglab	40	['fancy_scatter', 'cumul_resid_dist', ['wandb_faux_pr_curve', {'thresh': 0.5}], ['wandb_faux_roc_curve', {'thresh': 0.5}]]	yogi-RBP-ML-linear-models-april-2025	17.0	train	['r2_score', 'rmse', 'sigmoid_r2']	False	all	False	False	cross_validation	5.0	5	False	1.0	ensembl_gene_id	ensembl_gene_id		True	binary	0.01989	0.3306	-0.1563	0.1093	0.02023	0.3306	-0.1551						
5gk32ybf	stellar-sweep-350	finished	ElasticNet	ha252ijh	ElasticNet	0.020309176209047368	RBPSEDataset	800	100	0.5	K562	rbpse	mean_squared_error	1024	True	['target_psi']	platiglab	40	['fancy_scatter', 'cumul_resid_dist', ['wandb_faux_pr_curve', {'thresh': 0.5}], ['wandb_faux_roc_curve', {'thresh': 0.5}]]	yogi-RBP-ML-linear-models-april-2025	17.0	train	['r2_score', 'rmse', 'sigmoid_r2']	False	all	False	False	cross_validation	5.0	5	False	1.0	ensembl_gene_id	ensembl_gene_id		True	binary	0.01978	0.3307	-0.1559	0.1093	0.02015	0.3306	-0.1551						
3vtd0no9	honest-sweep-351	finished	ElasticNet	ha252ijh	ElasticNet	0.020309176209047368	RBPSEDataset	900	100	0.5	K562	rbpse	mean_squared_error	1024	True	['target_psi']	platiglab	40	['fancy_scatter', 'cumul_resid_dist', ['wandb_faux_pr_curve', {'thresh': 0.5}], ['wandb_faux_roc_curve', {'thresh': 0.5}]]	yogi-RBP-ML-linear-models-april-2025	17.0	train	['r2_score', 'rmse', 'sigmoid_r2']	False	all	False	False	cross_validation	5.0	5	False	1.0	ensembl_gene_id	ensembl_gene_id		True	binary	0.02015	0.3305	-0.1561	0.1093	0.02032	0.3306	-0.1551						
g5p8vu0o	major-sweep-352	finished	ElasticNet	ha252ijh	ElasticNet	0.020309176209047368	RBPSEDataset	100	100	0.75	K562	rbpse	mean_squared_error	1024	True	['target_psi']	platiglab	40	['fancy_scatter', 'cumul_resid_dist', ['wandb_faux_pr_curve', {'thresh': 0.5}], ['wandb_faux_roc_curve', {'thresh': 0.5}]]	yogi-RBP-ML-linear-models-april-2025	17.0	train	['r2_score', 'rmse', 'sigmoid_r2']	False	all	False	False	cross_validation	5.0	5	False	1.0	ensembl_gene_id	ensembl_gene_id		True	binary	0.009953	0.3324	-0.1581	0.1104	0.01003	0.3323	-0.1579						
14yxmsrr	revived-sweep-353	finished	ElasticNet	ha252ijh	ElasticNet	0.020309176209047368	RBPSEDataset	200	100	0.75	K562	rbpse	mean_squared_error	1024	True	['target_psi']	platiglab	40	['fancy_scatter', 'cumul_resid_dist', ['wandb_faux_pr_curve', {'thresh': 0.5}], ['wandb_faux_roc_curve', {'thresh': 0.5}]]	yogi-RBP-ML-linear-models-april-2025	17.0	train	['r2_score', 'rmse', 'sigmoid_r2']	False	all	False	False	cross_validation	5.0	5	False	1.0	ensembl_gene_id	ensembl_gene_id		True	binary	0.009234	0.3323	-0.1595	0.1105	0.009728	0.3324	-0.1579						
hp5sa9tz	ruby-sweep-354	finished	ElasticNet	ha252ijh	ElasticNet	0.020309176209047368	RBPSEDataset	300	100	0.75	K562	rbpse	mean_squared_error	1024	True	['target_psi']	platiglab	40	['fancy_scatter', 'cumul_resid_dist', ['wandb_faux_pr_curve', {'thresh': 0.5}], ['wandb_faux_roc_curve', {'thresh': 0.5}]]	yogi-RBP-ML-linear-models-april-2025	17.0	train	['r2_score', 'rmse', 'sigmoid_r2']	False	all	False	False	cross_validation	5.0	5	False	1.0	ensembl_gene_id	ensembl_gene_id		True	binary	0.009808	0.3323	-0.1585	0.1105	0.009973	0.3323	-0.1579						
x6j0ka15	exalted-sweep-355	finished	ElasticNet	ha252ijh	ElasticNet	0.020309176209047368	RBPSEDataset	400	100	0.75	K562	rbpse	mean_squared_error	1024	True	['target_psi']	platiglab	40	['fancy_scatter', 'cumul_resid_dist', ['wandb_faux_pr_curve', {'thresh': 0.5}], ['wandb_faux_roc_curve', {'thresh': 0.5}]]	yogi-RBP-ML-linear-models-april-2025	17.0	train	['r2_score', 'rmse', 'sigmoid_r2']	False	all	False	False	cross_validation	5.0	5	False	1.0	ensembl_gene_id	ensembl_gene_id		True	binary	0.009616	0.3324	-0.1587	0.1105	0.009888	0.3324	-0.1579						
ggywac9k	soft-sweep-356	finished	ElasticNet	ha252ijh	ElasticNet	0.020309176209047368	RBPSEDataset	500	100	0.75	K562	rbpse	mean_squared_error	1024	True	['target_psi']	platiglab	40	['fancy_scatter', 'cumul_resid_dist', ['wandb_faux_pr_curve', {'thresh': 0.5}], ['wandb_faux_roc_curve', {'thresh': 0.5}]]	yogi-RBP-ML-linear-models-april-2025	17.0	train	['r2_score', 'rmse', 'sigmoid_r2']	False	all	False	False	cross_validation	5.0	5	False	1.0	ensembl_gene_id	ensembl_gene_id		True	binary	0.009411	0.3324	-0.1591	0.1105	0.009732	0.3324	-0.1579						
f6w0ovy0	avid-sweep-357	finished	ElasticNet	ha252ijh	ElasticNet	0.020309176209047368	RBPSEDataset	600	100	0.75	K562	rbpse	mean_squared_error	1024	True	['target_psi']	platiglab	40	['fancy_scatter', 'cumul_resid_dist', ['wandb_faux_pr_curve', {'thresh': 0.5}], ['wandb_faux_roc_curve', {'thresh': 0.5}]]	yogi-RBP-ML-linear-models-april-2025	17.0	train	['r2_score', 'rmse', 'sigmoid_r2']	False	all	False	False	cross_validation	5.0	5	False	1.0	ensembl_gene_id	ensembl_gene_id		True	binary	0.009488	0.3323	-0.1591	0.1105	0.009827	0.3324	-0.1579						
88b7de3d	driven-sweep-358	finished	ElasticNet	ha252ijh	ElasticNet	0.020309176209047368	RBPSEDataset	700	100	0.75	K562	rbpse	mean_squared_error	1024	True	['target_psi']	platiglab	40	['fancy_scatter', 'cumul_resid_dist', ['wandb_faux_pr_curve', {'thresh': 0.5}], ['wandb_faux_roc_curve', {'thresh': 0.5}]]	yogi-RBP-ML-linear-models-april-2025	17.0	train	['r2_score', 'rmse', 'sigmoid_r2']	False	all	False	False	cross_validation	5.0	5	False	1.0	ensembl_gene_id	ensembl_gene_id		True	binary	0.009458	0.3323	-0.1591	0.1105	0.009832	0.3324	-0.1579						
awxmdg4l	drawn-sweep-359	finished	ElasticNet	ha252ijh	ElasticNet	0.020309176209047368	RBPSEDataset	800	100	0.75	K562	rbpse	mean_squared_error	1024	True	['target_psi']	platiglab	40	['fancy_scatter', 'cumul_resid_dist', ['wandb_faux_pr_curve', {'thresh': 0.5}], ['wandb_faux_roc_curve', {'thresh': 0.5}]]	yogi-RBP-ML-linear-models-april-2025	17.0	train	['r2_score', 'rmse', 'sigmoid_r2']	False	all	False	False	cross_validation	5.0	5	False	1.0	ensembl_gene_id	ensembl_gene_id		True	binary	0.00942	0.3324	-0.1588	0.1105	0.009779	0.3324	-0.1579						
9e3tlj4e	cool-sweep-360	finished	ElasticNet	ha252ijh	ElasticNet	0.020309176209047368	RBPSEDataset	900	100	0.75	K562	rbpse	mean_squared_error	1024	True	['target_psi']	platiglab	40	['fancy_scatter', 'cumul_resid_dist', ['wandb_faux_pr_curve', {'thresh': 0.5}], ['wandb_faux_roc_curve', {'thresh': 0.5}]]	yogi-RBP-ML-linear-models-april-2025	17.0	train	['r2_score', 'rmse', 'sigmoid_r2']	False	all	False	False	cross_validation	5.0	5	False	1.0	ensembl_gene_id	ensembl_gene_id		True	binary	0.009729	0.3322	-0.1589	0.1105	0.009918	0.3324	-0.1579						
5kv0xtsh	fancy-sweep-361	finished	ElasticNet	ha252ijh	ElasticNet	0.020309176209047368	RBPSEDataset	100	100	0.9	K562	rbpse	mean_squared_error	1024	True	['target_psi']	platiglab	40	['fancy_scatter', 'cumul_resid_dist', ['wandb_faux_pr_curve', {'thresh': 0.5}], ['wandb_faux_roc_curve', {'thresh': 0.5}]]	yogi-RBP-ML-linear-models-april-2025	17.0	train	['r2_score', 'rmse', 'sigmoid_r2']	False	all	False	False	cross_validation	5.0	5	False	1.0	ensembl_gene_id	ensembl_gene_id		True	binary	0.003081	0.3335	-0.1597	0.1112	0.003167	0.3335	-0.1595						
4mrsro6y	crimson-sweep-362	finished	ElasticNet	ha252ijh	ElasticNet	0.020309176209047368	RBPSEDataset	200	100	0.9	K562	rbpse	mean_squared_error	1024	True	['target_psi']	platiglab	40	['fancy_scatter', 'cumul_resid_dist', ['wandb_faux_pr_curve', {'thresh': 0.5}], ['wandb_faux_roc_curve', {'thresh': 0.5}]]	yogi-RBP-ML-linear-models-april-2025	17.0	train	['r2_score', 'rmse', 'sigmoid_r2']	False	all	False	False	cross_validation	5.0	5	False	1.0	ensembl_gene_id	ensembl_gene_id		True	binary	0.00233	0.3335	-0.1611	0.1112	0.002847	0.3335	-0.1595						
dxo9wvci	leafy-sweep-363	finished	ElasticNet	ha252ijh	ElasticNet	0.020309176209047368	RBPSEDataset	300	100	0.9	K562	rbpse	mean_squared_error	1024	True	['target_psi']	platiglab	40	['fancy_scatter', 'cumul_resid_dist', ['wandb_faux_pr_curve', {'thresh': 0.5}], ['wandb_faux_roc_curve', {'thresh': 0.5}]]	yogi-RBP-ML-linear-models-april-2025	17.0	train	['r2_score', 'rmse', 'sigmoid_r2']	False	all	False	False	cross_validation	5.0	5	False	1.0	ensembl_gene_id	ensembl_gene_id		True	binary	0.00294	0.3335	-0.1601	0.1112	0.003112	0.3335	-0.1595						
q8esuxca	fluent-sweep-364	finished	ElasticNet	ha252ijh	ElasticNet	0.020309176209047368	RBPSEDataset	400	100	0.9	K562	rbpse	mean_squared_error	1024	True	['target_psi']	platiglab	40	['fancy_scatter', 'cumul_resid_dist', ['wandb_faux_pr_curve', {'thresh': 0.5}], ['wandb_faux_roc_curve', {'thresh': 0.5}]]	yogi-RBP-ML-linear-models-april-2025	17.0	train	['r2_score', 'rmse', 'sigmoid_r2']	False	all	False	False	cross_validation	5.0	5	False	1.0	ensembl_gene_id	ensembl_gene_id		True	binary	0.002738	0.3335	-0.1603	0.1112	0.003012	0.3335	-0.1595						
7q18dhss	fragrant-sweep-365	finished	ElasticNet	ha252ijh	ElasticNet	0.020309176209047368	RBPSEDataset	500	100	0.9	K562	rbpse	mean_squared_error	1024	True	['target_psi']	platiglab	40	['fancy_scatter', 'cumul_resid_dist', ['wandb_faux_pr_curve', {'thresh': 0.5}], ['wandb_faux_roc_curve', {'thresh': 0.5}]]	yogi-RBP-ML-linear-models-april-2025	17.0	train	['r2_score', 'rmse', 'sigmoid_r2']	False	all	False	False	cross_validation	5.0	5	False	1.0	ensembl_gene_id	ensembl_gene_id		True	binary	0.002553	0.3335	-0.1607	0.1112	0.002828	0.3335	-0.1596						
i05darxb	twilight-sweep-366	finished	ElasticNet	ha252ijh	ElasticNet	0.020309176209047368	RBPSEDataset	600	100	0.9	K562	rbpse	mean_squared_error	1024	True	['target_psi']	platiglab	40	['fancy_scatter', 'cumul_resid_dist', ['wandb_faux_pr_curve', {'thresh': 0.5}], ['wandb_faux_roc_curve', {'thresh': 0.5}]]	yogi-RBP-ML-linear-models-april-2025	17.0	train	['r2_score', 'rmse', 'sigmoid_r2']	False	all	False	False	cross_validation	5.0	5	False	1.0	ensembl_gene_id	ensembl_gene_id		True	binary	0.002629	0.3334	-0.1607	0.1112	0.002959	0.3335	-0.1595						
ivhryztt	different-sweep-367	finished	ElasticNet	ha252ijh	ElasticNet	0.020309176209047368	RBPSEDataset	700	100	0.9	K562	rbpse	mean_squared_error	1024	True	['target_psi']	platiglab	40	['fancy_scatter', 'cumul_resid_dist', ['wandb_faux_pr_curve', {'thresh': 0.5}], ['wandb_faux_roc_curve', {'thresh': 0.5}]]	yogi-RBP-ML-linear-models-april-2025	17.0	train	['r2_score', 'rmse', 'sigmoid_r2']	False	all	False	False	cross_validation	5.0	5	False	1.0	ensembl_gene_id	ensembl_gene_id		True	binary	0.002596	0.3335	-0.1607	0.1112	0.002966	0.3335	-0.1595						
wg402pox	vocal-sweep-368	finished	ElasticNet	ha252ijh	ElasticNet	0.020309176209047368	RBPSEDataset	800	100	0.9	K562	rbpse	mean_squared_error	1024	True	['target_psi']	platiglab	40	['fancy_scatter', 'cumul_resid_dist', ['wandb_faux_pr_curve', {'thresh': 0.5}], ['wandb_faux_roc_curve', {'thresh': 0.5}]]	yogi-RBP-ML-linear-models-april-2025	17.0	train	['r2_score', 'rmse', 'sigmoid_r2']	False	all	False	False	cross_validation	5.0	5	False	1.0	ensembl_gene_id	ensembl_gene_id		True	binary	0.002571	0.3336	-0.1604	0.1112	0.002913	0.3335	-0.1595						
pe4z4juj	devout-sweep-369	finished	ElasticNet	ha252ijh	ElasticNet	0.020309176209047368	RBPSEDataset	900	100	0.9	K562	rbpse	mean_squared_error	1024	True	['target_psi']	platiglab	40	['fancy_scatter', 'cumul_resid_dist', ['wandb_faux_pr_curve', {'thresh': 0.5}], ['wandb_faux_roc_curve', {'thresh': 0.5}]]	yogi-RBP-ML-linear-models-april-2025	17.0	train	['r2_score', 'rmse', 'sigmoid_r2']	False	all	False	False	cross_validation	5.0	5	False	1.0	ensembl_gene_id	ensembl_gene_id		True	binary	0.002849	0.3334	-0.1605	0.1112	0.003047	0.3335	-0.1595						
ku81y68o	dauntless-sweep-370	finished	ElasticNet	ha252ijh	ElasticNet	0.020309176209047368	RBPSEDataset	100	100	1.0	K562	rbpse	mean_squared_error	1024	True	['target_psi']	platiglab	40	['fancy_scatter', 'cumul_resid_dist', ['wandb_faux_pr_curve', {'thresh': 0.5}], ['wandb_faux_roc_curve', {'thresh': 0.5}]]	yogi-RBP-ML-linear-models-april-2025	17.0	train	['r2_score', 'rmse', 'sigmoid_r2']	False	all	False	False	cross_validation	5.0	5	False	1.0	ensembl_gene_id	ensembl_gene_id		True	binary	-0.000133	0.3341	-0.1604	0.1116	-4.734e-05	0.334	-0.1602						
46yzpnaz	eager-sweep-371	finished	ElasticNet	ha252ijh	ElasticNet	0.020309176209047368	RBPSEDataset	200	100	1.0	K562	rbpse	mean_squared_error	1024	True	['target_psi']	platiglab	40	['fancy_scatter', 'cumul_resid_dist', ['wandb_faux_pr_curve', {'thresh': 0.5}], ['wandb_faux_roc_curve', {'thresh': 0.5}]]	yogi-RBP-ML-linear-models-april-2025	17.0	train	['r2_score', 'rmse', 'sigmoid_r2']	False	all	False	False	cross_validation	5.0	5	False	1.0	ensembl_gene_id	ensembl_gene_id		True	binary	-0.0008187	0.334	-0.1618	0.1116	-0.0003028	0.3341	-0.1602						
3svyutwc	decent-sweep-372	finished	ElasticNet	ha252ijh	ElasticNet	0.020309176209047368	RBPSEDataset	300	100	1.0	K562	rbpse	mean_squared_error	1024	True	['target_psi']	platiglab	40	['fancy_scatter', 'cumul_resid_dist', ['wandb_faux_pr_curve', {'thresh': 0.5}], ['wandb_faux_roc_curve', {'thresh': 0.5}]]	yogi-RBP-ML-linear-models-april-2025	17.0	train	['r2_score', 'rmse', 'sigmoid_r2']	False	all	False	False	cross_validation	5.0	5	False	1.0	ensembl_gene_id	ensembl_gene_id		True	binary	-0.0002734	0.334	-0.1607	0.1116	-9.836e-05	0.334	-0.1602						
zw54zglp	unique-sweep-373	finished	ElasticNet	ha252ijh	ElasticNet	0.020309176209047368	RBPSEDataset	400	100	1.0	K562	rbpse	mean_squared_error	1024	True	['target_psi']	platiglab	40	['fancy_scatter', 'cumul_resid_dist', ['wandb_faux_pr_curve', {'thresh': 0.5}], ['wandb_faux_roc_curve', {'thresh': 0.5}]]	yogi-RBP-ML-linear-models-april-2025	17.0	train	['r2_score', 'rmse', 'sigmoid_r2']	False	all	False	False	cross_validation	5.0	5	False	1.0	ensembl_gene_id	ensembl_gene_id		True	binary	-0.0004317	0.334	-0.161	0.1116	-0.0001515	0.334	-0.1602						
f35b3lmw	swift-sweep-374	finished	ElasticNet	ha252ijh	ElasticNet	0.020309176209047368	RBPSEDataset	500	100	1.0	K562	rbpse	mean_squared_error	1024	True	['target_psi']	platiglab	40	['fancy_scatter', 'cumul_resid_dist', ['wandb_faux_pr_curve', {'thresh': 0.5}], ['wandb_faux_roc_curve', {'thresh': 0.5}]]	yogi-RBP-ML-linear-models-april-2025	17.0	train	['r2_score', 'rmse', 'sigmoid_r2']	False	all	False	False	cross_validation	5.0	5	False	1.0	ensembl_gene_id	ensembl_gene_id		True	binary	-0.000455	0.334	-0.1613	0.1116	-0.0001305	0.334	-0.1602						
8f4n7emo	zesty-sweep-375	finished	ElasticNet	ha252ijh	ElasticNet	0.020309176209047368	RBPSEDataset	600	100	1.0	K562	rbpse	mean_squared_error	1024	True	['target_psi']	platiglab	40	['fancy_scatter', 'cumul_resid_dist', ['wandb_faux_pr_curve', {'thresh': 0.5}], ['wandb_faux_roc_curve', {'thresh': 0.5}]]	yogi-RBP-ML-linear-models-april-2025	17.0	train	['r2_score', 'rmse', 'sigmoid_r2']	False	all	False	False	cross_validation	5.0	5	False	1.0	ensembl_gene_id	ensembl_gene_id		True	binary	-0.0005609	0.334	-0.1614	0.1116	-0.0002066	0.334	-0.1602						
2ctqlfj4	giddy-sweep-376	finished	ElasticNet	ha252ijh	ElasticNet	0.020309176209047368	RBPSEDataset	700	100	1.0	K562	rbpse	mean_squared_error	1024	True	['target_psi']	platiglab	40	['fancy_scatter', 'cumul_resid_dist', ['wandb_faux_pr_curve', {'thresh': 0.5}], ['wandb_faux_roc_curve', {'thresh': 0.5}]]	yogi-RBP-ML-linear-models-april-2025	17.0	train	['r2_score', 'rmse', 'sigmoid_r2']	False	all	False	False	cross_validation	5.0	5	False	1.0	ensembl_gene_id	ensembl_gene_id		True	binary	-0.0005921	0.334	-0.1614	0.1116	-0.0002029	0.334	-0.1602						
jrbyfyr2	skilled-sweep-377	finished	ElasticNet	ha252ijh	ElasticNet	0.020309176209047368	RBPSEDataset	800	100	1.0	K562	rbpse	mean_squared_error	1024	True	['target_psi']	platiglab	40	['fancy_scatter', 'cumul_resid_dist', ['wandb_faux_pr_curve', {'thresh': 0.5}], ['wandb_faux_roc_curve', {'thresh': 0.5}]]	yogi-RBP-ML-linear-models-april-2025	17.0	train	['r2_score', 'rmse', 'sigmoid_r2']	False	all	False	False	cross_validation	5.0	5	False	1.0	ensembl_gene_id	ensembl_gene_id		True	binary	-0.0005609	0.3341	-0.1611	0.1116	-0.0001966	0.334	-0.1602						
pxprjz4q	sleek-sweep-378	finished	ElasticNet	ha252ijh	ElasticNet	0.020309176209047368	RBPSEDataset	900	100	1.0	K562	rbpse	mean_squared_error	1024	True	['target_psi']	platiglab	40	['fancy_scatter', 'cumul_resid_dist', ['wandb_faux_pr_curve', {'thresh': 0.5}], ['wandb_faux_roc_curve', {'thresh': 0.5}]]	yogi-RBP-ML-linear-models-april-2025	17.0	train	['r2_score', 'rmse', 'sigmoid_r2']	False	all	False	False	cross_validation	5.0	5	False	1.0	ensembl_gene_id	ensembl_gene_id		True	binary	-0.0003228	0.3339	-0.1612	0.1116	-0.0001181	0.334	-0.1602						
f93dbxlo	pleasant-sweep-388	finished	ElasticNet	ha252ijh	ElasticNet	0.058780160722749115	RBPSEDataset	100	100	0.1	K562	rbpse	mean_squared_error	1024	True	['target_psi']	platiglab	40	['fancy_scatter', 'cumul_resid_dist', ['wandb_faux_pr_curve', {'thresh': 0.5}], ['wandb_faux_roc_curve', {'thresh': 0.5}]]	yogi-RBP-ML-linear-models-april-2025	17.0	train	['r2_score', 'rmse', 'sigmoid_r2']	False	all	False	False	cross_validation	5.0	5	False	1.0	ensembl_gene_id	ensembl_gene_id		True	binary	0.04636	0.3262	-0.149	0.1064	0.04644	0.3262	-0.1488						
iksydwzs	winter-sweep-389	finished	ElasticNet	ha252ijh	ElasticNet	0.058780160722749115	RBPSEDataset	200	100	0.1	K562	rbpse	mean_squared_error	1024	True	['target_psi']	platiglab	40	['fancy_scatter', 'cumul_resid_dist', ['wandb_faux_pr_curve', {'thresh': 0.5}], ['wandb_faux_roc_curve', {'thresh': 0.5}]]	yogi-RBP-ML-linear-models-april-2025	17.0	train	['r2_score', 'rmse', 'sigmoid_r2']	False	all	False	False	cross_validation	5.0	5	False	1.0	ensembl_gene_id	ensembl_gene_id		True	binary	0.04541	0.3262	-0.1505	0.1065	0.04583	0.3263	-0.1489						
gku1lbyl	sweet-sweep-390	finished	ElasticNet	ha252ijh	ElasticNet	0.058780160722749115	RBPSEDataset	300	100	0.1	K562	rbpse	mean_squared_error	1024	True	['target_psi']	platiglab	40	['fancy_scatter', 'cumul_resid_dist', ['wandb_faux_pr_curve', {'thresh': 0.5}], ['wandb_faux_roc_curve', {'thresh': 0.5}]]	yogi-RBP-ML-linear-models-april-2025	17.0	train	['r2_score', 'rmse', 'sigmoid_r2']	False	all	False	False	cross_validation	5.0	5	False	1.0	ensembl_gene_id	ensembl_gene_id		True	binary	0.04622	0.3262	-0.1494	0.1064	0.04637	0.3262	-0.1488						
w2t6k96v	fragrant-sweep-391	finished	ElasticNet	ha252ijh	ElasticNet	0.058780160722749115	RBPSEDataset	400	100	0.1	K562	rbpse	mean_squared_error	1024	True	['target_psi']	platiglab	40	['fancy_scatter', 'cumul_resid_dist', ['wandb_faux_pr_curve', {'thresh': 0.5}], ['wandb_faux_roc_curve', {'thresh': 0.5}]]	yogi-RBP-ML-linear-models-april-2025	17.0	train	['r2_score', 'rmse', 'sigmoid_r2']	False	all	False	False	cross_validation	5.0	5	False	1.0	ensembl_gene_id	ensembl_gene_id		True	binary	0.04611	0.3262	-0.1496	0.1064	0.04635	0.3262	-0.1488						
pl87g6y6	sunny-sweep-392	finished	ElasticNet	ha252ijh	ElasticNet	0.058780160722749115	RBPSEDataset	500	100	0.1	K562	rbpse	mean_squared_error	1024	True	['target_psi']	platiglab	40	['fancy_scatter', 'cumul_resid_dist', ['wandb_faux_pr_curve', {'thresh': 0.5}], ['wandb_faux_roc_curve', {'thresh': 0.5}]]	yogi-RBP-ML-linear-models-april-2025	17.0	train	['r2_score', 'rmse', 'sigmoid_r2']	False	all	False	False	cross_validation	5.0	5	False	1.0	ensembl_gene_id	ensembl_gene_id		True	binary	0.04586	0.3262	-0.15	0.1064	0.04625	0.3262	-0.1489						
yytrea2p	absurd-sweep-393	finished	ElasticNet	ha252ijh	ElasticNet	0.058780160722749115	RBPSEDataset	600	100	0.1	K562	rbpse	mean_squared_error	1024	True	['target_psi']	platiglab	40	['fancy_scatter', 'cumul_resid_dist', ['wandb_faux_pr_curve', {'thresh': 0.5}], ['wandb_faux_roc_curve', {'thresh': 0.5}]]	yogi-RBP-ML-linear-models-april-2025	17.0	train	['r2_score', 'rmse', 'sigmoid_r2']	False	all	False	False	cross_validation	5.0	5	False	1.0	ensembl_gene_id	ensembl_gene_id		True	binary	0.04586	0.3261	-0.15	0.1064	0.04619	0.3262	-0.1489						
2pxndbay	different-sweep-394	finished	ElasticNet	ha252ijh	ElasticNet	0.058780160722749115	RBPSEDataset	700	100	0.1	K562	rbpse	mean_squared_error	1024	True	['target_psi']	platiglab	40	['fancy_scatter', 'cumul_resid_dist', ['wandb_faux_pr_curve', {'thresh': 0.5}], ['wandb_faux_roc_curve', {'thresh': 0.5}]]	yogi-RBP-ML-linear-models-april-2025	17.0	train	['r2_score', 'rmse', 'sigmoid_r2']	False	all	False	False	cross_validation	5.0	5	False	1.0	ensembl_gene_id	ensembl_gene_id		True	binary	0.04583	0.3262	-0.15	0.1064	0.0462	0.3262	-0.1488						
5vy0a1m8	fallen-sweep-395	finished	ElasticNet	ha252ijh	ElasticNet	0.058780160722749115	RBPSEDataset	800	100	0.1	K562	rbpse	mean_squared_error	1024	True	['target_psi']	platiglab	40	['fancy_scatter', 'cumul_resid_dist', ['wandb_faux_pr_curve', {'thresh': 0.5}], ['wandb_faux_roc_curve', {'thresh': 0.5}]]	yogi-RBP-ML-linear-models-april-2025	17.0	train	['r2_score', 'rmse', 'sigmoid_r2']	False	all	False	False	cross_validation	5.0	5	False	1.0	ensembl_gene_id	ensembl_gene_id		True	binary	0.04593	0.3262	-0.1497	0.1064	0.04631	0.3262	-0.1489						
4hocnnya	chocolate-sweep-396	finished	ElasticNet	ha252ijh	ElasticNet	0.058780160722749115	RBPSEDataset	900	100	0.1	K562	rbpse	mean_squared_error	1024	True	['target_psi']	platiglab	40	['fancy_scatter', 'cumul_resid_dist', ['wandb_faux_pr_curve', {'thresh': 0.5}], ['wandb_faux_roc_curve', {'thresh': 0.5}]]	yogi-RBP-ML-linear-models-april-2025	17.0	train	['r2_score', 'rmse', 'sigmoid_r2']	False	all	False	False	cross_validation	5.0	5	False	1.0	ensembl_gene_id	ensembl_gene_id		True	binary	0.04609	0.3261	-0.1498	0.1064	0.04623	0.3262	-0.1488						
3jxu3kx6	royal-sweep-397	finished	ElasticNet	ha252ijh	ElasticNet	0.058780160722749115	RBPSEDataset	100	100	0.25	K562	rbpse	mean_squared_error	1024	True	['target_psi']	platiglab	40	['fancy_scatter', 'cumul_resid_dist', ['wandb_faux_pr_curve', {'thresh': 0.5}], ['wandb_faux_roc_curve', {'thresh': 0.5}]]	yogi-RBP-ML-linear-models-april-2025	17.0	train	['r2_score', 'rmse', 'sigmoid_r2']	False	all	False	False	cross_validation	5.0	5	False	1.0	ensembl_gene_id	ensembl_gene_id		True	binary	0.008776	0.3326	-0.1584	0.1106	0.008858	0.3325	-0.1582						
vypw8gba	rose-sweep-398	finished	ElasticNet	ha252ijh	ElasticNet	0.058780160722749115	RBPSEDataset	200	100	0.25	K562	rbpse	mean_squared_error	1024	True	['target_psi']	platiglab	40	['fancy_scatter', 'cumul_resid_dist', ['wandb_faux_pr_curve', {'thresh': 0.5}], ['wandb_faux_roc_curve', {'thresh': 0.5}]]	yogi-RBP-ML-linear-models-april-2025	17.0	train	['r2_score', 'rmse', 'sigmoid_r2']	False	all	False	False	cross_validation	5.0	5	False	1.0	ensembl_gene_id	ensembl_gene_id		True	binary	0.008069	0.3325	-0.1598	0.1106	0.008565	0.3326	-0.1582						
pmiejjwh	lucky-sweep-399	finished	ElasticNet	ha252ijh	ElasticNet	0.058780160722749115	RBPSEDataset	300	100	0.25	K562	rbpse	mean_squared_error	1024	True	['target_psi']	platiglab	40	['fancy_scatter', 'cumul_resid_dist', ['wandb_faux_pr_curve', {'thresh': 0.5}], ['wandb_faux_roc_curve', {'thresh': 0.5}]]	yogi-RBP-ML-linear-models-april-2025	17.0	train	['r2_score', 'rmse', 'sigmoid_r2']	False	all	False	False	cross_validation	5.0	5	False	1.0	ensembl_gene_id	ensembl_gene_id		True	binary	0.008633	0.3325	-0.1587	0.1106	0.008799	0.3325	-0.1582						
lqhzytq7	snowy-sweep-400	finished	ElasticNet	ha252ijh	ElasticNet	0.058780160722749115	RBPSEDataset	400	100	0.25	K562	rbpse	mean_squared_error	1024	True	['target_psi']	platiglab	40	['fancy_scatter', 'cumul_resid_dist', ['wandb_faux_pr_curve', {'thresh': 0.5}], ['wandb_faux_roc_curve', {'thresh': 0.5}]]	yogi-RBP-ML-linear-models-april-2025	17.0	train	['r2_score', 'rmse', 'sigmoid_r2']	False	all	False	False	cross_validation	5.0	5	False	1.0	ensembl_gene_id	ensembl_gene_id		True	binary	0.00845	0.3325	-0.159	0.1106	0.008722	0.3326	-0.1582						
v2eh6lgu	rich-sweep-401	finished	ElasticNet	ha252ijh	ElasticNet	0.058780160722749115	RBPSEDataset	500	100	0.25	K562	rbpse	mean_squared_error	1024	True	['target_psi']	platiglab	40	['fancy_scatter', 'cumul_resid_dist', ['wandb_faux_pr_curve', {'thresh': 0.5}], ['wandb_faux_roc_curve', {'thresh': 0.5}]]	yogi-RBP-ML-linear-models-april-2025	17.0	train	['r2_score', 'rmse', 'sigmoid_r2']	False	all	False	False	cross_validation	5.0	5	False	1.0	ensembl_gene_id	ensembl_gene_id		True	binary	0.008273	0.3325	-0.1594	0.1106	0.008598	0.3326	-0.1582						
e5avjbo6	ruby-sweep-402	finished	ElasticNet	ha252ijh	ElasticNet	0.058780160722749115	RBPSEDataset	600	100	0.25	K562	rbpse	mean_squared_error	1024	True	['target_psi']	platiglab	40	['fancy_scatter', 'cumul_resid_dist', ['wandb_faux_pr_curve', {'thresh': 0.5}], ['wandb_faux_roc_curve', {'thresh': 0.5}]]	yogi-RBP-ML-linear-models-april-2025	17.0	train	['r2_score', 'rmse', 'sigmoid_r2']	False	all	False	False	cross_validation	5.0	5	False	1.0	ensembl_gene_id	ensembl_gene_id		True	binary	0.00832	0.3325	-0.1594	0.1106	0.008663	0.3326	-0.1582						
at21w168	ethereal-sweep-403	finished	ElasticNet	ha252ijh	ElasticNet	0.058780160722749115	RBPSEDataset	700	100	0.25	K562	rbpse	mean_squared_error	1024	True	['target_psi']	platiglab	40	['fancy_scatter', 'cumul_resid_dist', ['wandb_faux_pr_curve', {'thresh': 0.5}], ['wandb_faux_roc_curve', {'thresh': 0.5}]]	yogi-RBP-ML-linear-models-april-2025	17.0	train	['r2_score', 'rmse', 'sigmoid_r2']	False	all	False	False	cross_validation	5.0	5	False	1.0	ensembl_gene_id	ensembl_gene_id		True	binary	0.008291	0.3325	-0.1593	0.1106	0.008668	0.3326	-0.1582						
4i3r2f9z	misunderstood-sweep-405	finished	ElasticNet	ha252ijh	ElasticNet	0.058780160722749115	RBPSEDataset	900	100	0.25	K562	rbpse	mean_squared_error	1024	True	['target_psi']	platiglab	40	['fancy_scatter', 'cumul_resid_dist', ['wandb_faux_pr_curve', {'thresh': 0.5}], ['wandb_faux_roc_curve', {'thresh': 0.5}]]	yogi-RBP-ML-linear-models-april-2025	17.0	train	['r2_score', 'rmse', 'sigmoid_r2']	False	all	False	False	cross_validation	5.0	5	False	1.0	ensembl_gene_id	ensembl_gene_id		True	binary	0.008562	0.3324	-0.1592	0.1106	0.008753	0.3325	-0.1582						
pumxq17c	warm-sweep-404	finished	ElasticNet	ha252ijh	ElasticNet	0.058780160722749115	RBPSEDataset	800	100	0.25	K562	rbpse	mean_squared_error	1024	True	['target_psi']	platiglab	40	['fancy_scatter', 'cumul_resid_dist', ['wandb_faux_pr_curve', {'thresh': 0.5}], ['wandb_faux_roc_curve', {'thresh': 0.5}]]	yogi-RBP-ML-linear-models-april-2025	17.0	train	['r2_score', 'rmse', 'sigmoid_r2']	False	all	False	False	cross_validation	5.0	5	False	1.0	ensembl_gene_id	ensembl_gene_id		True	binary	0.008268	0.3326	-0.1591	0.1106	0.008628	0.3326	-0.1582						
8tecp37j	smooth-sweep-406	finished	ElasticNet	ha252ijh	ElasticNet	0.058780160722749115	RBPSEDataset	100	100	0.5	K562	rbpse	mean_squared_error	1024	True	['target_psi']	platiglab	40	['fancy_scatter', 'cumul_resid_dist', ['wandb_faux_pr_curve', {'thresh': 0.5}], ['wandb_faux_roc_curve', {'thresh': 0.5}]]	yogi-RBP-ML-linear-models-april-2025	17.0	train	['r2_score', 'rmse', 'sigmoid_r2']	False	all	False	False	cross_validation	5.0	5	False	1.0	ensembl_gene_id	ensembl_gene_id		True	binary	-0.000133	0.3341	-0.1604	0.1116	-4.734e-05	0.334	-0.1602						
ea2yuey0	crisp-sweep-407	finished	ElasticNet	ha252ijh	ElasticNet	0.058780160722749115	RBPSEDataset	200	100	0.5	K562	rbpse	mean_squared_error	1024	True	['target_psi']	platiglab	40	['fancy_scatter', 'cumul_resid_dist', ['wandb_faux_pr_curve', {'thresh': 0.5}], ['wandb_faux_roc_curve', {'thresh': 0.5}]]	yogi-RBP-ML-linear-models-april-2025	17.0	train	['r2_score', 'rmse', 'sigmoid_r2']	False	all	False	False	cross_validation	5.0	5	False	1.0	ensembl_gene_id	ensembl_gene_id		True	binary	-0.0008187	0.334	-0.1618	0.1116	-0.0003028	0.3341	-0.1602						
g1n6pg9k	spring-sweep-408	finished	ElasticNet	ha252ijh	ElasticNet	0.058780160722749115	RBPSEDataset	300	100	0.5	K562	rbpse	mean_squared_error	1024	True	['target_psi']	platiglab	40	['fancy_scatter', 'cumul_resid_dist', ['wandb_faux_pr_curve', {'thresh': 0.5}], ['wandb_faux_roc_curve', {'thresh': 0.5}]]	yogi-RBP-ML-linear-models-april-2025	17.0	train	['r2_score', 'rmse', 'sigmoid_r2']	False	all	False	False	cross_validation	5.0	5	False	1.0	ensembl_gene_id	ensembl_gene_id		True	binary	-0.0002734	0.334	-0.1607	0.1116	-9.836e-05	0.334	-0.1602						
8o4kypkl	dry-sweep-409	finished	ElasticNet	ha252ijh	ElasticNet	0.058780160722749115	RBPSEDataset	400	100	0.5	K562	rbpse	mean_squared_error	1024	True	['target_psi']	platiglab	40	['fancy_scatter', 'cumul_resid_dist', ['wandb_faux_pr_curve', {'thresh': 0.5}], ['wandb_faux_roc_curve', {'thresh': 0.5}]]	yogi-RBP-ML-linear-models-april-2025	17.0	train	['r2_score', 'rmse', 'sigmoid_r2']	False	all	False	False	cross_validation	5.0	5	False	1.0	ensembl_gene_id	ensembl_gene_id		True	binary	-0.0004317	0.334	-0.161	0.1116	-0.0001515	0.334	-0.1602						
8dj9rkvc	efficient-sweep-410	finished	ElasticNet	ha252ijh	ElasticNet	0.058780160722749115	RBPSEDataset	500	100	0.5	K562	rbpse	mean_squared_error	1024	True	['target_psi']	platiglab	40	['fancy_scatter', 'cumul_resid_dist', ['wandb_faux_pr_curve', {'thresh': 0.5}], ['wandb_faux_roc_curve', {'thresh': 0.5}]]	yogi-RBP-ML-linear-models-april-2025	17.0	train	['r2_score', 'rmse', 'sigmoid_r2']	False	all	False	False	cross_validation	5.0	5	False	1.0	ensembl_gene_id	ensembl_gene_id		True	binary	-0.0004882	0.334	-0.1613	0.1116	-0.0001607	0.334	-0.1602						
u5dpa075	glad-sweep-411	finished	ElasticNet	ha252ijh	ElasticNet	0.058780160722749115	RBPSEDataset	600	100	0.5	K562	rbpse	mean_squared_error	1024	True	['target_psi']	platiglab	40	['fancy_scatter', 'cumul_resid_dist', ['wandb_faux_pr_curve', {'thresh': 0.5}], ['wandb_faux_roc_curve', {'thresh': 0.5}]]	yogi-RBP-ML-linear-models-april-2025	17.0	train	['r2_score', 'rmse', 'sigmoid_r2']	False	all	False	False	cross_validation	5.0	5	False	1.0	ensembl_gene_id	ensembl_gene_id		True	binary	-0.0005609	0.334	-0.1614	0.1116	-0.0002066	0.334	-0.1602						
jz7hpy6m	colorful-sweep-412	finished	ElasticNet	ha252ijh	ElasticNet	0.058780160722749115	RBPSEDataset	700	100	0.5	K562	rbpse	mean_squared_error	1024	True	['target_psi']	platiglab	40	['fancy_scatter', 'cumul_resid_dist', ['wandb_faux_pr_curve', {'thresh': 0.5}], ['wandb_faux_roc_curve', {'thresh': 0.5}]]	yogi-RBP-ML-linear-models-april-2025	17.0	train	['r2_score', 'rmse', 'sigmoid_r2']	False	all	False	False	cross_validation	5.0	5	False	1.0	ensembl_gene_id	ensembl_gene_id		True	binary	-0.0005921	0.334	-0.1614	0.1116	-0.0002029	0.334	-0.1602						
wvhov5f1	glorious-sweep-413	finished	ElasticNet	ha252ijh	ElasticNet	0.058780160722749115	RBPSEDataset	800	100	0.5	K562	rbpse	mean_squared_error	1024	True	['target_psi']	platiglab	40	['fancy_scatter', 'cumul_resid_dist', ['wandb_faux_pr_curve', {'thresh': 0.5}], ['wandb_faux_roc_curve', {'thresh': 0.5}]]	yogi-RBP-ML-linear-models-april-2025	17.0	train	['r2_score', 'rmse', 'sigmoid_r2']	False	all	False	False	cross_validation	5.0	5	False	1.0	ensembl_gene_id	ensembl_gene_id		True	binary	-0.0005625	0.3341	-0.1611	0.1116	-0.0001981	0.334	-0.1602						
p48t8nyx	autumn-sweep-414	finished	ElasticNet	ha252ijh	ElasticNet	0.058780160722749115	RBPSEDataset	900	100	0.5	K562	rbpse	mean_squared_error	1024	True	['target_psi']	platiglab	40	['fancy_scatter', 'cumul_resid_dist', ['wandb_faux_pr_curve', {'thresh': 0.5}], ['wandb_faux_roc_curve', {'thresh': 0.5}]]	yogi-RBP-ML-linear-models-april-2025	17.0	train	['r2_score', 'rmse', 'sigmoid_r2']	False	all	False	False	cross_validation	5.0	5	False	1.0	ensembl_gene_id	ensembl_gene_id		True	binary	-0.0003228	0.3339	-0.1612	0.1116	-0.0001181	0.334	-0.1602						
tic0cfi3	treasured-sweep-415	finished	ElasticNet	ha252ijh	ElasticNet	0.058780160722749115	RBPSEDataset	100	100	0.75	K562	rbpse	mean_squared_error	1024	True	['target_psi']	platiglab	40	['fancy_scatter', 'cumul_resid_dist', ['wandb_faux_pr_curve', {'thresh': 0.5}], ['wandb_faux_roc_curve', {'thresh': 0.5}]]	yogi-RBP-ML-linear-models-april-2025	17.0	train	['r2_score', 'rmse', 'sigmoid_r2']	False	all	False	False	cross_validation	5.0	5	False	1.0	ensembl_gene_id	ensembl_gene_id		True	binary	-0.000133	0.3341	-0.1604	0.1116	-4.734e-05	0.334	-0.1602						
eagrdy74	rare-sweep-416	finished	ElasticNet	ha252ijh	ElasticNet	0.058780160722749115	RBPSEDataset	200	100	0.75	K562	rbpse	mean_squared_error	1024	True	['target_psi']	platiglab	40	['fancy_scatter', 'cumul_resid_dist', ['wandb_faux_pr_curve', {'thresh': 0.5}], ['wandb_faux_roc_curve', {'thresh': 0.5}]]	yogi-RBP-ML-linear-models-april-2025	17.0	train	['r2_score', 'rmse', 'sigmoid_r2']	False	all	False	False	cross_validation	5.0	5	False	1.0	ensembl_gene_id	ensembl_gene_id		True	binary	-0.0008187	0.334	-0.1618	0.1116	-0.0003028	0.3341	-0.1602						
cr1oy1vx	astral-sweep-417	finished	ElasticNet	ha252ijh	ElasticNet	0.058780160722749115	RBPSEDataset	300	100	0.75	K562	rbpse	mean_squared_error	1024	True	['target_psi']	platiglab	40	['fancy_scatter', 'cumul_resid_dist', ['wandb_faux_pr_curve', {'thresh': 0.5}], ['wandb_faux_roc_curve', {'thresh': 0.5}]]	yogi-RBP-ML-linear-models-april-2025	17.0	train	['r2_score', 'rmse', 'sigmoid_r2']	False	all	False	False	cross_validation	5.0	5	False	1.0	ensembl_gene_id	ensembl_gene_id		True	binary	-0.0002734	0.334	-0.1607	0.1116	-9.836e-05	0.334	-0.1602						
xwclka6c	wise-sweep-418	finished	ElasticNet	ha252ijh	ElasticNet	0.058780160722749115	RBPSEDataset	400	100	0.75	K562	rbpse	mean_squared_error	1024	True	['target_psi']	platiglab	40	['fancy_scatter', 'cumul_resid_dist', ['wandb_faux_pr_curve', {'thresh': 0.5}], ['wandb_faux_roc_curve', {'thresh': 0.5}]]	yogi-RBP-ML-linear-models-april-2025	17.0	train	['r2_score', 'rmse', 'sigmoid_r2']	False	all	False	False	cross_validation	5.0	5	False	1.0	ensembl_gene_id	ensembl_gene_id		True	binary	-0.0004317	0.334	-0.161	0.1116	-0.0001515	0.334	-0.1602						
0drryawz	fanciful-sweep-419	finished	ElasticNet	ha252ijh	ElasticNet	0.058780160722749115	RBPSEDataset	500	100	0.75	K562	rbpse	mean_squared_error	1024	True	['target_psi']	platiglab	40	['fancy_scatter', 'cumul_resid_dist', ['wandb_faux_pr_curve', {'thresh': 0.5}], ['wandb_faux_roc_curve', {'thresh': 0.5}]]	yogi-RBP-ML-linear-models-april-2025	17.0	train	['r2_score', 'rmse', 'sigmoid_r2']	False	all	False	False	cross_validation	5.0	5	False	1.0	ensembl_gene_id	ensembl_gene_id		True	binary	-0.0004882	0.334	-0.1613	0.1116	-0.0001607	0.334	-0.1602						
ossoc2kb	jumping-sweep-420	finished	ElasticNet	ha252ijh	ElasticNet	0.058780160722749115	RBPSEDataset	600	100	0.75	K562	rbpse	mean_squared_error	1024	True	['target_psi']	platiglab	40	['fancy_scatter', 'cumul_resid_dist', ['wandb_faux_pr_curve', {'thresh': 0.5}], ['wandb_faux_roc_curve', {'thresh': 0.5}]]	yogi-RBP-ML-linear-models-april-2025	17.0	train	['r2_score', 'rmse', 'sigmoid_r2']	False	all	False	False	cross_validation	5.0	5	False	1.0	ensembl_gene_id	ensembl_gene_id		True	binary	-0.0005609	0.334	-0.1614	0.1116	-0.0002066	0.334	-0.1602						
env5vhl5	divine-sweep-421	finished	ElasticNet	ha252ijh	ElasticNet	0.058780160722749115	RBPSEDataset	700	100	0.75	K562	rbpse	mean_squared_error	1024	True	['target_psi']	platiglab	40	['fancy_scatter', 'cumul_resid_dist', ['wandb_faux_pr_curve', {'thresh': 0.5}], ['wandb_faux_roc_curve', {'thresh': 0.5}]]	yogi-RBP-ML-linear-models-april-2025	17.0	train	['r2_score', 'rmse', 'sigmoid_r2']	False	all	False	False	cross_validation	5.0	5	False	1.0	ensembl_gene_id	ensembl_gene_id		True	binary	-0.0005921	0.334	-0.1614	0.1116	-0.0002029	0.334	-0.1602						
ee4axmr9	fancy-sweep-422	finished	ElasticNet	ha252ijh	ElasticNet	0.058780160722749115	RBPSEDataset	800	100	0.75	K562	rbpse	mean_squared_error	1024	True	['target_psi']	platiglab	40	['fancy_scatter', 'cumul_resid_dist', ['wandb_faux_pr_curve', {'thresh': 0.5}], ['wandb_faux_roc_curve', {'thresh': 0.5}]]	yogi-RBP-ML-linear-models-april-2025	17.0	train	['r2_score', 'rmse', 'sigmoid_r2']	False	all	False	False	cross_validation	5.0	5	False	1.0	ensembl_gene_id	ensembl_gene_id		True	binary	-0.0005625	0.3341	-0.1611	0.1116	-0.0001981	0.334	-0.1602						
aujeafyo	warm-sweep-423	finished	ElasticNet	ha252ijh	ElasticNet	0.058780160722749115	RBPSEDataset	900	100	0.75	K562	rbpse	mean_squared_error	1024	True	['target_psi']	platiglab	40	['fancy_scatter', 'cumul_resid_dist', ['wandb_faux_pr_curve', {'thresh': 0.5}], ['wandb_faux_roc_curve', {'thresh': 0.5}]]	yogi-RBP-ML-linear-models-april-2025	17.0	train	['r2_score', 'rmse', 'sigmoid_r2']	False	all	False	False	cross_validation	5.0	5	False	1.0	ensembl_gene_id	ensembl_gene_id		True	binary	-0.0003228	0.3339	-0.1612	0.1116	-0.0001181	0.334	-0.1602						
y8vv527u	rich-sweep-424	finished	ElasticNet	ha252ijh	ElasticNet	0.058780160722749115	RBPSEDataset	100	100	0.9	K562	rbpse	mean_squared_error	1024	True	['target_psi']	platiglab	40	['fancy_scatter', 'cumul_resid_dist', ['wandb_faux_pr_curve', {'thresh': 0.5}], ['wandb_faux_roc_curve', {'thresh': 0.5}]]	yogi-RBP-ML-linear-models-april-2025	17.0	train	['r2_score', 'rmse', 'sigmoid_r2']	False	all	False	False	cross_validation	5.0	5	False	1.0	ensembl_gene_id	ensembl_gene_id		True	binary	-0.000133	0.3341	-0.1604	0.1116	-4.734e-05	0.334	-0.1602						
g9ejluzc	still-sweep-425	finished	ElasticNet	ha252ijh	ElasticNet	0.058780160722749115	RBPSEDataset	200	100	0.9	K562	rbpse	mean_squared_error	1024	True	['target_psi']	platiglab	40	['fancy_scatter', 'cumul_resid_dist', ['wandb_faux_pr_curve', {'thresh': 0.5}], ['wandb_faux_roc_curve', {'thresh': 0.5}]]	yogi-RBP-ML-linear-models-april-2025	17.0	train	['r2_score', 'rmse', 'sigmoid_r2']	False	all	False	False	cross_validation	5.0	5	False	1.0	ensembl_gene_id	ensembl_gene_id		True	binary	-0.0008187	0.334	-0.1618	0.1116	-0.0003028	0.3341	-0.1602						
tetc826a	good-sweep-426	finished	ElasticNet	ha252ijh	ElasticNet	0.058780160722749115	RBPSEDataset	300	100	0.9	K562	rbpse	mean_squared_error	1024	True	['target_psi']	platiglab	40	['fancy_scatter', 'cumul_resid_dist', ['wandb_faux_pr_curve', {'thresh': 0.5}], ['wandb_faux_roc_curve', {'thresh': 0.5}]]	yogi-RBP-ML-linear-models-april-2025	17.0	train	['r2_score', 'rmse', 'sigmoid_r2']	False	all	False	False	cross_validation	5.0	5	False	1.0	ensembl_gene_id	ensembl_gene_id		True	binary	-0.0002734	0.334	-0.1607	0.1116	-9.836e-05	0.334	-0.1602						
1snoh0fi	super-sweep-427	finished	ElasticNet	ha252ijh	ElasticNet	0.058780160722749115	RBPSEDataset	400	100	0.9	K562	rbpse	mean_squared_error	1024	True	['target_psi']	platiglab	40	['fancy_scatter', 'cumul_resid_dist', ['wandb_faux_pr_curve', {'thresh': 0.5}], ['wandb_faux_roc_curve', {'thresh': 0.5}]]	yogi-RBP-ML-linear-models-april-2025	17.0	train	['r2_score', 'rmse', 'sigmoid_r2']	False	all	False	False	cross_validation	5.0	5	False	1.0	ensembl_gene_id	ensembl_gene_id		True	binary	-0.0004317	0.334	-0.161	0.1116	-0.0001515	0.334	-0.1602						
7xp3znwx	ethereal-sweep-428	finished	ElasticNet	ha252ijh	ElasticNet	0.058780160722749115	RBPSEDataset	500	100	0.9	K562	rbpse	mean_squared_error	1024	True	['target_psi']	platiglab	40	['fancy_scatter', 'cumul_resid_dist', ['wandb_faux_pr_curve', {'thresh': 0.5}], ['wandb_faux_roc_curve', {'thresh': 0.5}]]	yogi-RBP-ML-linear-models-april-2025	17.0	train	['r2_score', 'rmse', 'sigmoid_r2']	False	all	False	False	cross_validation	5.0	5	False	1.0	ensembl_gene_id	ensembl_gene_id		True	binary	-0.0004882	0.334	-0.1613	0.1116	-0.0001607	0.334	-0.1602						
4erd90jk	wobbly-sweep-429	finished	ElasticNet	ha252ijh	ElasticNet	0.058780160722749115	RBPSEDataset	600	100	0.9	K562	rbpse	mean_squared_error	1024	True	['target_psi']	platiglab	40	['fancy_scatter', 'cumul_resid_dist', ['wandb_faux_pr_curve', {'thresh': 0.5}], ['wandb_faux_roc_curve', {'thresh': 0.5}]]	yogi-RBP-ML-linear-models-april-2025	17.0	train	['r2_score', 'rmse', 'sigmoid_r2']	False	all	False	False	cross_validation	5.0	5	False	1.0	ensembl_gene_id	ensembl_gene_id		True	binary	-0.0005609	0.334	-0.1614	0.1116	-0.0002066	0.334	-0.1602						
jp0c1xbb	magic-sweep-430	finished	ElasticNet	ha252ijh	ElasticNet	0.058780160722749115	RBPSEDataset	700	100	0.9	K562	rbpse	mean_squared_error	1024	True	['target_psi']	platiglab	40	['fancy_scatter', 'cumul_resid_dist', ['wandb_faux_pr_curve', {'thresh': 0.5}], ['wandb_faux_roc_curve', {'thresh': 0.5}]]	yogi-RBP-ML-linear-models-april-2025	17.0	train	['r2_score', 'rmse', 'sigmoid_r2']	False	all	False	False	cross_validation	5.0	5	False	1.0	ensembl_gene_id	ensembl_gene_id		True	binary	-0.0005921	0.334	-0.1614	0.1116	-0.0002029	0.334	-0.1602						
1dt1y8cj	fresh-sweep-431	finished	ElasticNet	ha252ijh	ElasticNet	0.058780160722749115	RBPSEDataset	800	100	0.9	K562	rbpse	mean_squared_error	1024	True	['target_psi']	platiglab	40	['fancy_scatter', 'cumul_resid_dist', ['wandb_faux_pr_curve', {'thresh': 0.5}], ['wandb_faux_roc_curve', {'thresh': 0.5}]]	yogi-RBP-ML-linear-models-april-2025	17.0	train	['r2_score', 'rmse', 'sigmoid_r2']	False	all	False	False	cross_validation	5.0	5	False	1.0	ensembl_gene_id	ensembl_gene_id		True	binary	-0.0005625	0.3341	-0.1611	0.1116	-0.0001981	0.334	-0.1602						
sp6xw9th	fearless-sweep-432	finished	ElasticNet	ha252ijh	ElasticNet	0.058780160722749115	RBPSEDataset	900	100	0.9	K562	rbpse	mean_squared_error	1024	True	['target_psi']	platiglab	40	['fancy_scatter', 'cumul_resid_dist', ['wandb_faux_pr_curve', {'thresh': 0.5}], ['wandb_faux_roc_curve', {'thresh': 0.5}]]	yogi-RBP-ML-linear-models-april-2025	17.0	train	['r2_score', 'rmse', 'sigmoid_r2']	False	all	False	False	cross_validation	5.0	5	False	1.0	ensembl_gene_id	ensembl_gene_id		True	binary	-0.0003228	0.3339	-0.1612	0.1116	-0.0001181	0.334	-0.1602						
h5lphtfg	lively-sweep-433	finished	ElasticNet	ha252ijh	ElasticNet	0.058780160722749115	RBPSEDataset	100	100	1.0	K562	rbpse	mean_squared_error	1024	True	['target_psi']	platiglab	40	['fancy_scatter', 'cumul_resid_dist', ['wandb_faux_pr_curve', {'thresh': 0.5}], ['wandb_faux_roc_curve', {'thresh': 0.5}]]	yogi-RBP-ML-linear-models-april-2025	17.0	train	['r2_score', 'rmse', 'sigmoid_r2']	False	all	False	False	cross_validation	5.0	5	False	1.0	ensembl_gene_id	ensembl_gene_id		True	binary	-0.000133	0.3341	-0.1604	0.1116	-4.734e-05	0.334	-0.1602						
9vgpfkuy	swift-sweep-434	finished	ElasticNet	ha252ijh	ElasticNet	0.058780160722749115	RBPSEDataset	200	100	1.0	K562	rbpse	mean_squared_error	1024	True	['target_psi']	platiglab	40	['fancy_scatter', 'cumul_resid_dist', ['wandb_faux_pr_curve', {'thresh': 0.5}], ['wandb_faux_roc_curve', {'thresh': 0.5}]]	yogi-RBP-ML-linear-models-april-2025	17.0	train	['r2_score', 'rmse', 'sigmoid_r2']	False	all	False	False	cross_validation	5.0	5	False	1.0	ensembl_gene_id	ensembl_gene_id		True	binary	-0.0008187	0.334	-0.1618	0.1116	-0.0003028	0.3341	-0.1602						
f6m90bo4	ruby-sweep-435	finished	ElasticNet	ha252ijh	ElasticNet	0.058780160722749115	RBPSEDataset	300	100	1.0	K562	rbpse	mean_squared_error	1024	True	['target_psi']	platiglab	40	['fancy_scatter', 'cumul_resid_dist', ['wandb_faux_pr_curve', {'thresh': 0.5}], ['wandb_faux_roc_curve', {'thresh': 0.5}]]	yogi-RBP-ML-linear-models-april-2025	17.0	train	['r2_score', 'rmse', 'sigmoid_r2']	False	all	False	False	cross_validation	5.0	5	False	1.0	ensembl_gene_id	ensembl_gene_id		True	binary	-0.0002734	0.334	-0.1607	0.1116	-9.836e-05	0.334	-0.1602						
gwakbf8l	visionary-sweep-436	finished	ElasticNet	ha252ijh	ElasticNet	0.058780160722749115	RBPSEDataset	400	100	1.0	K562	rbpse	mean_squared_error	1024	True	['target_psi']	platiglab	40	['fancy_scatter', 'cumul_resid_dist', ['wandb_faux_pr_curve', {'thresh': 0.5}], ['wandb_faux_roc_curve', {'thresh': 0.5}]]	yogi-RBP-ML-linear-models-april-2025	17.0	train	['r2_score', 'rmse', 'sigmoid_r2']	False	all	False	False	cross_validation	5.0	5	False	1.0	ensembl_gene_id	ensembl_gene_id		True	binary	-0.0004317	0.334	-0.161	0.1116	-0.0001515	0.334	-0.1602						
jvk8krf0	legendary-sweep-437	finished	ElasticNet	ha252ijh	ElasticNet	0.058780160722749115	RBPSEDataset	500	100	1.0	K562	rbpse	mean_squared_error	1024	True	['target_psi']	platiglab	40	['fancy_scatter', 'cumul_resid_dist', ['wandb_faux_pr_curve', {'thresh': 0.5}], ['wandb_faux_roc_curve', {'thresh': 0.5}]]	yogi-RBP-ML-linear-models-april-2025	17.0	train	['r2_score', 'rmse', 'sigmoid_r2']	False	all	False	False	cross_validation	5.0	5	False	1.0	ensembl_gene_id	ensembl_gene_id		True	binary	-0.0004882	0.334	-0.1613	0.1116	-0.0001607	0.334	-0.1602						
l0d0o2uw	colorful-sweep-438	finished	ElasticNet	ha252ijh	ElasticNet	0.058780160722749115	RBPSEDataset	600	100	1.0	K562	rbpse	mean_squared_error	1024	True	['target_psi']	platiglab	40	['fancy_scatter', 'cumul_resid_dist', ['wandb_faux_pr_curve', {'thresh': 0.5}], ['wandb_faux_roc_curve', {'thresh': 0.5}]]	yogi-RBP-ML-linear-models-april-2025	17.0	train	['r2_score', 'rmse', 'sigmoid_r2']	False	all	False	False	cross_validation	5.0	5	False	1.0	ensembl_gene_id	ensembl_gene_id		True	binary	-0.0005609	0.334	-0.1614	0.1116	-0.0002066	0.334	-0.1602						
2nxnvcqu	grateful-sweep-439	finished	ElasticNet	ha252ijh	ElasticNet	0.058780160722749115	RBPSEDataset	700	100	1.0	K562	rbpse	mean_squared_error	1024	True	['target_psi']	platiglab	40	['fancy_scatter', 'cumul_resid_dist', ['wandb_faux_pr_curve', {'thresh': 0.5}], ['wandb_faux_roc_curve', {'thresh': 0.5}]]	yogi-RBP-ML-linear-models-april-2025	17.0	train	['r2_score', 'rmse', 'sigmoid_r2']	False	all	False	False	cross_validation	5.0	5	False	1.0	ensembl_gene_id	ensembl_gene_id		True	binary	-0.0005921	0.334	-0.1614	0.1116	-0.0002029	0.334	-0.1602						
3subja56	vague-sweep-440	finished	ElasticNet	ha252ijh	ElasticNet	0.058780160722749115	RBPSEDataset	800	100	1.0	K562	rbpse	mean_squared_error	1024	True	['target_psi']	platiglab	40	['fancy_scatter', 'cumul_resid_dist', ['wandb_faux_pr_curve', {'thresh': 0.5}], ['wandb_faux_roc_curve', {'thresh': 0.5}]]	yogi-RBP-ML-linear-models-april-2025	17.0	train	['r2_score', 'rmse', 'sigmoid_r2']	False	all	False	False	cross_validation	5.0	5	False	1.0	ensembl_gene_id	ensembl_gene_id		True	binary	-0.0005625	0.3341	-0.1611	0.1116	-0.0001981	0.334	-0.1602						
zap1sibs	pretty-sweep-441	finished	ElasticNet	ha252ijh	ElasticNet	0.058780160722749115	RBPSEDataset	900	100	1.0	K562	rbpse	mean_squared_error	1024	True	['target_psi']	platiglab	40	['fancy_scatter', 'cumul_resid_dist', ['wandb_faux_pr_curve', {'thresh': 0.5}], ['wandb_faux_roc_curve', {'thresh': 0.5}]]	yogi-RBP-ML-linear-models-april-2025	17.0	train	['r2_score', 'rmse', 'sigmoid_r2']	False	all	False	False	cross_validation	5.0	5	False	1.0	ensembl_gene_id	ensembl_gene_id		True	binary	-0.0003228	0.3339	-0.1612	0.1116	-0.0001181	0.334	-0.1602						
ksdrp33z	dulcet-sweep-451	finished	ElasticNet	ha252ijh	ElasticNet	0.17012542798525893	RBPSEDataset	100	100	0.1	K562	rbpse	mean_squared_error	1024	True	['target_psi']	platiglab	40	['fancy_scatter', 'cumul_resid_dist', ['wandb_faux_pr_curve', {'thresh': 0.5}], ['wandb_faux_roc_curve', {'thresh': 0.5}]]	yogi-RBP-ML-linear-models-april-2025	17.0	train	['r2_score', 'rmse', 'sigmoid_r2']	False	all	False	False	cross_validation	5.0	5	False	1.0	ensembl_gene_id	ensembl_gene_id		True	binary	0.002888	0.3335	-0.1597	0.1112	0.002973	0.3335	-0.1595						
7ktr4eft	curious-sweep-452	finished	ElasticNet	ha252ijh	ElasticNet	0.17012542798525893	RBPSEDataset	200	100	0.1	K562	rbpse	mean_squared_error	1024	True	['target_psi']	platiglab	40	['fancy_scatter', 'cumul_resid_dist', ['wandb_faux_pr_curve', {'thresh': 0.5}], ['wandb_faux_roc_curve', {'thresh': 0.5}]]	yogi-RBP-ML-linear-models-april-2025	17.0	train	['r2_score', 'rmse', 'sigmoid_r2']	False	all	False	False	cross_validation	5.0	5	False	1.0	ensembl_gene_id	ensembl_gene_id		True	binary	0.002179	0.3335	-0.1611	0.1113	0.002691	0.3336	-0.1596						
2e4og9ne	logical-sweep-453	finished	ElasticNet	ha252ijh	ElasticNet	0.17012542798525893	RBPSEDataset	300	100	0.1	K562	rbpse	mean_squared_error	1024	True	['target_psi']	platiglab	40	['fancy_scatter', 'cumul_resid_dist', ['wandb_faux_pr_curve', {'thresh': 0.5}], ['wandb_faux_roc_curve', {'thresh': 0.5}]]	yogi-RBP-ML-linear-models-april-2025	17.0	train	['r2_score', 'rmse', 'sigmoid_r2']	False	all	False	False	cross_validation	5.0	5	False	1.0	ensembl_gene_id	ensembl_gene_id		True	binary	0.002747	0.3335	-0.1601	0.1112	0.002919	0.3335	-0.1595						
wcndzgeq	chocolate-sweep-454	finished	ElasticNet	ha252ijh	ElasticNet	0.17012542798525893	RBPSEDataset	400	100	0.1	K562	rbpse	mean_squared_error	1024	True	['target_psi']	platiglab	40	['fancy_scatter', 'cumul_resid_dist', ['wandb_faux_pr_curve', {'thresh': 0.5}], ['wandb_faux_roc_curve', {'thresh': 0.5}]]	yogi-RBP-ML-linear-models-april-2025	17.0	train	['r2_score', 'rmse', 'sigmoid_r2']	False	all	False	False	cross_validation	5.0	5	False	1.0	ensembl_gene_id	ensembl_gene_id		True	binary	0.002571	0.3335	-0.1603	0.1112	0.002847	0.3335	-0.1595						
2lj08hy3	floral-sweep-455	finished	ElasticNet	ha252ijh	ElasticNet	0.17012542798525893	RBPSEDataset	500	100	0.1	K562	rbpse	mean_squared_error	1024	True	['target_psi']	platiglab	40	['fancy_scatter', 'cumul_resid_dist', ['wandb_faux_pr_curve', {'thresh': 0.5}], ['wandb_faux_roc_curve', {'thresh': 0.5}]]	yogi-RBP-ML-linear-models-april-2025	17.0	train	['r2_score', 'rmse', 'sigmoid_r2']	False	all	False	False	cross_validation	5.0	5	False	1.0	ensembl_gene_id	ensembl_gene_id		True	binary	0.002454	0.3335	-0.1607	0.1113	0.002763	0.3336	-0.1596						
b8pbrzhs	youthful-sweep-456	finished	ElasticNet	ha252ijh	ElasticNet	0.17012542798525893	RBPSEDataset	600	100	0.1	K562	rbpse	mean_squared_error	1024	True	['target_psi']	platiglab	40	['fancy_scatter', 'cumul_resid_dist', ['wandb_faux_pr_curve', {'thresh': 0.5}], ['wandb_faux_roc_curve', {'thresh': 0.5}]]	yogi-RBP-ML-linear-models-april-2025	17.0	train	['r2_score', 'rmse', 'sigmoid_r2']	False	all	False	False	cross_validation	5.0	5	False	1.0	ensembl_gene_id	ensembl_gene_id		True	binary	0.002449	0.3335	-0.1607	0.1113	0.002792	0.3335	-0.1595						
29x5r4ti	upbeat-sweep-457	finished	ElasticNet	ha252ijh	ElasticNet	0.17012542798525893	RBPSEDataset	700	100	0.1	K562	rbpse	mean_squared_error	1024	True	['target_psi']	platiglab	40	['fancy_scatter', 'cumul_resid_dist', ['wandb_faux_pr_curve', {'thresh': 0.5}], ['wandb_faux_roc_curve', {'thresh': 0.5}]]	yogi-RBP-ML-linear-models-april-2025	17.0	train	['r2_score', 'rmse', 'sigmoid_r2']	False	all	False	False	cross_validation	5.0	5	False	1.0	ensembl_gene_id	ensembl_gene_id		True	binary	0.002417	0.3335	-0.1607	0.1113	0.002798	0.3335	-0.1595						
wpdmvrdg	earthy-sweep-458	finished	ElasticNet	ha252ijh	ElasticNet	0.17012542798525893	RBPSEDataset	800	100	0.1	K562	rbpse	mean_squared_error	1024	True	['target_psi']	platiglab	40	['fancy_scatter', 'cumul_resid_dist', ['wandb_faux_pr_curve', {'thresh': 0.5}], ['wandb_faux_roc_curve', {'thresh': 0.5}]]	yogi-RBP-ML-linear-models-april-2025	17.0	train	['r2_score', 'rmse', 'sigmoid_r2']	False	all	False	False	cross_validation	5.0	5	False	1.0	ensembl_gene_id	ensembl_gene_id		True	binary	0.002422	0.3336	-0.1604	0.1113	0.002778	0.3335	-0.1596						
ogecxwt5	spring-sweep-459	finished	ElasticNet	ha252ijh	ElasticNet	0.17012542798525893	RBPSEDataset	900	100	0.1	K562	rbpse	mean_squared_error	1024	True	['target_psi']	platiglab	40	['fancy_scatter', 'cumul_resid_dist', ['wandb_faux_pr_curve', {'thresh': 0.5}], ['wandb_faux_roc_curve', {'thresh': 0.5}]]	yogi-RBP-ML-linear-models-april-2025	17.0	train	['r2_score', 'rmse', 'sigmoid_r2']	False	all	False	False	cross_validation	5.0	5	False	1.0	ensembl_gene_id	ensembl_gene_id		True	binary	0.002681	0.3334	-0.1605	0.1112	0.002881	0.3335	-0.1595						
19z8y5cx	atomic-sweep-460	finished	ElasticNet	ha252ijh	ElasticNet	0.17012542798525893	RBPSEDataset	100	100	0.25	K562	rbpse	mean_squared_error	1024	True	['target_psi']	platiglab	40	['fancy_scatter', 'cumul_resid_dist', ['wandb_faux_pr_curve', {'thresh': 0.5}], ['wandb_faux_roc_curve', {'thresh': 0.5}]]	yogi-RBP-ML-linear-models-april-2025	17.0	train	['r2_score', 'rmse', 'sigmoid_r2']	False	all	False	False	cross_validation	5.0	5	False	1.0	ensembl_gene_id	ensembl_gene_id		True	binary	-0.000133	0.3341	-0.1604	0.1116	-4.734e-05	0.334	-0.1602						
7mpda70x	fragrant-sweep-461	finished	ElasticNet	ha252ijh	ElasticNet	0.17012542798525893	RBPSEDataset	200	100	0.25	K562	rbpse	mean_squared_error	1024	True	['target_psi']	platiglab	40	['fancy_scatter', 'cumul_resid_dist', ['wandb_faux_pr_curve', {'thresh': 0.5}], ['wandb_faux_roc_curve', {'thresh': 0.5}]]	yogi-RBP-ML-linear-models-april-2025	17.0	train	['r2_score', 'rmse', 'sigmoid_r2']	False	all	False	False	cross_validation	5.0	5	False	1.0	ensembl_gene_id	ensembl_gene_id		True	binary	-0.0008187	0.334	-0.1618	0.1116	-0.0003028	0.3341	-0.1602						
pl16vq25	treasured-sweep-462	finished	ElasticNet	ha252ijh	ElasticNet	0.17012542798525893	RBPSEDataset	300	100	0.25	K562	rbpse	mean_squared_error	1024	True	['target_psi']	platiglab	40	['fancy_scatter', 'cumul_resid_dist', ['wandb_faux_pr_curve', {'thresh': 0.5}], ['wandb_faux_roc_curve', {'thresh': 0.5}]]	yogi-RBP-ML-linear-models-april-2025	17.0	train	['r2_score', 'rmse', 'sigmoid_r2']	False	all	False	False	cross_validation	5.0	5	False	1.0	ensembl_gene_id	ensembl_gene_id		True	binary	-0.0002734	0.334	-0.1607	0.1116	-9.836e-05	0.334	-0.1602						
d6qab5xg	absurd-sweep-463	finished	ElasticNet	ha252ijh	ElasticNet	0.17012542798525893	RBPSEDataset	400	100	0.25	K562	rbpse	mean_squared_error	1024	True	['target_psi']	platiglab	40	['fancy_scatter', 'cumul_resid_dist', ['wandb_faux_pr_curve', {'thresh': 0.5}], ['wandb_faux_roc_curve', {'thresh': 0.5}]]	yogi-RBP-ML-linear-models-april-2025	17.0	train	['r2_score', 'rmse', 'sigmoid_r2']	False	all	False	False	cross_validation	5.0	5	False	1.0	ensembl_gene_id	ensembl_gene_id		True	binary	-0.0004317	0.334	-0.161	0.1116	-0.0001515	0.334	-0.1602						
uvdbpurs	solar-sweep-464	finished	ElasticNet	ha252ijh	ElasticNet	0.17012542798525893	RBPSEDataset	500	100	0.25	K562	rbpse	mean_squared_error	1024	True	['target_psi']	platiglab	40	['fancy_scatter', 'cumul_resid_dist', ['wandb_faux_pr_curve', {'thresh': 0.5}], ['wandb_faux_roc_curve', {'thresh': 0.5}]]	yogi-RBP-ML-linear-models-april-2025	17.0	train	['r2_score', 'rmse', 'sigmoid_r2']	False	all	False	False	cross_validation	5.0	5	False	1.0	ensembl_gene_id	ensembl_gene_id		True	binary	-0.0004882	0.334	-0.1613	0.1116	-0.0001607	0.334	-0.1602						
abouq4pj	curious-sweep-465	finished	ElasticNet	ha252ijh	ElasticNet	0.17012542798525893	RBPSEDataset	600	100	0.25	K562	rbpse	mean_squared_error	1024	True	['target_psi']	platiglab	40	['fancy_scatter', 'cumul_resid_dist', ['wandb_faux_pr_curve', {'thresh': 0.5}], ['wandb_faux_roc_curve', {'thresh': 0.5}]]	yogi-RBP-ML-linear-models-april-2025	17.0	train	['r2_score', 'rmse', 'sigmoid_r2']	False	all	False	False	cross_validation	5.0	5	False	1.0	ensembl_gene_id	ensembl_gene_id		True	binary	-0.0005609	0.334	-0.1614	0.1116	-0.0002066	0.334	-0.1602						
zppcq5nr	glowing-sweep-466	finished	ElasticNet	ha252ijh	ElasticNet	0.17012542798525893	RBPSEDataset	700	100	0.25	K562	rbpse	mean_squared_error	1024	True	['target_psi']	platiglab	40	['fancy_scatter', 'cumul_resid_dist', ['wandb_faux_pr_curve', {'thresh': 0.5}], ['wandb_faux_roc_curve', {'thresh': 0.5}]]	yogi-RBP-ML-linear-models-april-2025	17.0	train	['r2_score', 'rmse', 'sigmoid_r2']	False	all	False	False	cross_validation	5.0	5	False	1.0	ensembl_gene_id	ensembl_gene_id		True	binary	-0.0005921	0.334	-0.1614	0.1116	-0.0002029	0.334	-0.1602						
xt91up0j	deft-sweep-467	finished	ElasticNet	ha252ijh	ElasticNet	0.17012542798525893	RBPSEDataset	800	100	0.25	K562	rbpse	mean_squared_error	1024	True	['target_psi']	platiglab	40	['fancy_scatter', 'cumul_resid_dist', ['wandb_faux_pr_curve', {'thresh': 0.5}], ['wandb_faux_roc_curve', {'thresh': 0.5}]]	yogi-RBP-ML-linear-models-april-2025	17.0	train	['r2_score', 'rmse', 'sigmoid_r2']	False	all	False	False	cross_validation	5.0	5	False	1.0	ensembl_gene_id	ensembl_gene_id		True	binary	-0.0005625	0.3341	-0.1611	0.1116	-0.0001981	0.334	-0.1602						
lczj3mb7	proud-sweep-468	finished	ElasticNet	ha252ijh	ElasticNet	0.17012542798525893	RBPSEDataset	900	100	0.25	K562	rbpse	mean_squared_error	1024	True	['target_psi']	platiglab	40	['fancy_scatter', 'cumul_resid_dist', ['wandb_faux_pr_curve', {'thresh': 0.5}], ['wandb_faux_roc_curve', {'thresh': 0.5}]]	yogi-RBP-ML-linear-models-april-2025	17.0	train	['r2_score', 'rmse', 'sigmoid_r2']	False	all	False	False	cross_validation	5.0	5	False	1.0	ensembl_gene_id	ensembl_gene_id		True	binary	-0.0003228	0.3339	-0.1612	0.1116	-0.0001181	0.334	-0.1602						
8n2fgw55	stellar-sweep-469	finished	ElasticNet	ha252ijh	ElasticNet	0.17012542798525893	RBPSEDataset	100	100	0.5	K562	rbpse	mean_squared_error	1024	True	['target_psi']	platiglab	40	['fancy_scatter', 'cumul_resid_dist', ['wandb_faux_pr_curve', {'thresh': 0.5}], ['wandb_faux_roc_curve', {'thresh': 0.5}]]	yogi-RBP-ML-linear-models-april-2025	17.0	train	['r2_score', 'rmse', 'sigmoid_r2']	False	all	False	False	cross_validation	5.0	5	False	1.0	ensembl_gene_id	ensembl_gene_id		True	binary	-0.000133	0.3341	-0.1604	0.1116	-4.734e-05	0.334	-0.1602						
agq8l4zc	volcanic-sweep-470	finished	ElasticNet	ha252ijh	ElasticNet	0.17012542798525893	RBPSEDataset	200	100	0.5	K562	rbpse	mean_squared_error	1024	True	['target_psi']	platiglab	40	['fancy_scatter', 'cumul_resid_dist', ['wandb_faux_pr_curve', {'thresh': 0.5}], ['wandb_faux_roc_curve', {'thresh': 0.5}]]	yogi-RBP-ML-linear-models-april-2025	17.0	train	['r2_score', 'rmse', 'sigmoid_r2']	False	all	False	False	cross_validation	5.0	5	False	1.0	ensembl_gene_id	ensembl_gene_id		True	binary	-0.0008187	0.334	-0.1618	0.1116	-0.0003028	0.3341	-0.1602						
sjcbdjw3	lilac-sweep-471	finished	ElasticNet	ha252ijh	ElasticNet	0.17012542798525893	RBPSEDataset	300	100	0.5	K562	rbpse	mean_squared_error	1024	True	['target_psi']	platiglab	40	['fancy_scatter', 'cumul_resid_dist', ['wandb_faux_pr_curve', {'thresh': 0.5}], ['wandb_faux_roc_curve', {'thresh': 0.5}]]	yogi-RBP-ML-linear-models-april-2025	17.0	train	['r2_score', 'rmse', 'sigmoid_r2']	False	all	False	False	cross_validation	5.0	5	False	1.0	ensembl_gene_id	ensembl_gene_id		True	binary	-0.0002734	0.334	-0.1607	0.1116	-9.836e-05	0.334	-0.1602						
0hughg2s	eternal-sweep-472	finished	ElasticNet	ha252ijh	ElasticNet	0.17012542798525893	RBPSEDataset	400	100	0.5	K562	rbpse	mean_squared_error	1024	True	['target_psi']	platiglab	40	['fancy_scatter', 'cumul_resid_dist', ['wandb_faux_pr_curve', {'thresh': 0.5}], ['wandb_faux_roc_curve', {'thresh': 0.5}]]	yogi-RBP-ML-linear-models-april-2025	17.0	train	['r2_score', 'rmse', 'sigmoid_r2']	False	all	False	False	cross_validation	5.0	5	False	1.0	ensembl_gene_id	ensembl_gene_id		True	binary	-0.0004317	0.334	-0.161	0.1116	-0.0001515	0.334	-0.1602						
771k6012	deep-sweep-473	finished	ElasticNet	ha252ijh	ElasticNet	0.17012542798525893	RBPSEDataset	500	100	0.5	K562	rbpse	mean_squared_error	1024	True	['target_psi']	platiglab	40	['fancy_scatter', 'cumul_resid_dist', ['wandb_faux_pr_curve', {'thresh': 0.5}], ['wandb_faux_roc_curve', {'thresh': 0.5}]]	yogi-RBP-ML-linear-models-april-2025	17.0	train	['r2_score', 'rmse', 'sigmoid_r2']	False	all	False	False	cross_validation	5.0	5	False	1.0	ensembl_gene_id	ensembl_gene_id		True	binary	-0.0004882	0.334	-0.1613	0.1116	-0.0001607	0.334	-0.1602						
hf8obykl	playful-sweep-474	finished	ElasticNet	ha252ijh	ElasticNet	0.17012542798525893	RBPSEDataset	600	100	0.5	K562	rbpse	mean_squared_error	1024	True	['target_psi']	platiglab	40	['fancy_scatter', 'cumul_resid_dist', ['wandb_faux_pr_curve', {'thresh': 0.5}], ['wandb_faux_roc_curve', {'thresh': 0.5}]]	yogi-RBP-ML-linear-models-april-2025	17.0	train	['r2_score', 'rmse', 'sigmoid_r2']	False	all	False	False	cross_validation	5.0	5	False	1.0	ensembl_gene_id	ensembl_gene_id		True	binary	-0.0005609	0.334	-0.1614	0.1116	-0.0002066	0.334	-0.1602						
rpzslpa3	generous-sweep-475	finished	ElasticNet	ha252ijh	ElasticNet	0.17012542798525893	RBPSEDataset	700	100	0.5	K562	rbpse	mean_squared_error	1024	True	['target_psi']	platiglab	40	['fancy_scatter', 'cumul_resid_dist', ['wandb_faux_pr_curve', {'thresh': 0.5}], ['wandb_faux_roc_curve', {'thresh': 0.5}]]	yogi-RBP-ML-linear-models-april-2025	17.0	train	['r2_score', 'rmse', 'sigmoid_r2']	False	all	False	False	cross_validation	5.0	5	False	1.0	ensembl_gene_id	ensembl_gene_id		True	binary	-0.0005921	0.334	-0.1614	0.1116	-0.0002029	0.334	-0.1602						
a7cpvy02	ethereal-sweep-476	finished	ElasticNet	ha252ijh	ElasticNet	0.17012542798525893	RBPSEDataset	800	100	0.5	K562	rbpse	mean_squared_error	1024	True	['target_psi']	platiglab	40	['fancy_scatter', 'cumul_resid_dist', ['wandb_faux_pr_curve', {'thresh': 0.5}], ['wandb_faux_roc_curve', {'thresh': 0.5}]]	yogi-RBP-ML-linear-models-april-2025	17.0	train	['r2_score', 'rmse', 'sigmoid_r2']	False	all	False	False	cross_validation	5.0	5	False	1.0	ensembl_gene_id	ensembl_gene_id		True	binary	-0.0005625	0.3341	-0.1611	0.1116	-0.0001981	0.334	-0.1602						
71b4x68a	warm-sweep-477	finished	ElasticNet	ha252ijh	ElasticNet	0.17012542798525893	RBPSEDataset	900	100	0.5	K562	rbpse	mean_squared_error	1024	True	['target_psi']	platiglab	40	['fancy_scatter', 'cumul_resid_dist', ['wandb_faux_pr_curve', {'thresh': 0.5}], ['wandb_faux_roc_curve', {'thresh': 0.5}]]	yogi-RBP-ML-linear-models-april-2025	17.0	train	['r2_score', 'rmse', 'sigmoid_r2']	False	all	False	False	cross_validation	5.0	5	False	1.0	ensembl_gene_id	ensembl_gene_id		True	binary	-0.0003228	0.3339	-0.1612	0.1116	-0.0001181	0.334	-0.1602						
hyfb6k8m	driven-sweep-478	finished	ElasticNet	ha252ijh	ElasticNet	0.17012542798525893	RBPSEDataset	100	100	0.75	K562	rbpse	mean_squared_error	1024	True	['target_psi']	platiglab	40	['fancy_scatter', 'cumul_resid_dist', ['wandb_faux_pr_curve', {'thresh': 0.5}], ['wandb_faux_roc_curve', {'thresh': 0.5}]]	yogi-RBP-ML-linear-models-april-2025	17.0	train	['r2_score', 'rmse', 'sigmoid_r2']	False	all	False	False	cross_validation	5.0	5	False	1.0	ensembl_gene_id	ensembl_gene_id		True	binary	-0.000133	0.3341	-0.1604	0.1116	-4.734e-05	0.334	-0.1602						
m754a76n	proud-sweep-479	finished	ElasticNet	ha252ijh	ElasticNet	0.17012542798525893	RBPSEDataset	200	100	0.75	K562	rbpse	mean_squared_error	1024	True	['target_psi']	platiglab	40	['fancy_scatter', 'cumul_resid_dist', ['wandb_faux_pr_curve', {'thresh': 0.5}], ['wandb_faux_roc_curve', {'thresh': 0.5}]]	yogi-RBP-ML-linear-models-april-2025	17.0	train	['r2_score', 'rmse', 'sigmoid_r2']	False	all	False	False	cross_validation	5.0	5	False	1.0	ensembl_gene_id	ensembl_gene_id		True	binary	-0.0008187	0.334	-0.1618	0.1116	-0.0003028	0.3341	-0.1602						
52r74mol	silver-sweep-481	finished	ElasticNet	ha252ijh	ElasticNet	0.17012542798525893	RBPSEDataset	400	100	0.75	K562	rbpse	mean_squared_error	1024	True	['target_psi']	platiglab	40	['fancy_scatter', 'cumul_resid_dist', ['wandb_faux_pr_curve', {'thresh': 0.5}], ['wandb_faux_roc_curve', {'thresh': 0.5}]]	yogi-RBP-ML-linear-models-april-2025	17.0	train	['r2_score', 'rmse', 'sigmoid_r2']	False	all	False	False	cross_validation	5.0	5	False	1.0	ensembl_gene_id	ensembl_gene_id		True	binary	-0.0004317	0.334	-0.161	0.1116	-0.0001515	0.334	-0.1602						
tgdsry21	atomic-sweep-480	finished	ElasticNet	ha252ijh	ElasticNet	0.17012542798525893	RBPSEDataset	300	100	0.75	K562	rbpse	mean_squared_error	1024	True	['target_psi']	platiglab	40	['fancy_scatter', 'cumul_resid_dist', ['wandb_faux_pr_curve', {'thresh': 0.5}], ['wandb_faux_roc_curve', {'thresh': 0.5}]]	yogi-RBP-ML-linear-models-april-2025	17.0	train	['r2_score', 'rmse', 'sigmoid_r2']	False	all	False	False	cross_validation	5.0	5	False	1.0	ensembl_gene_id	ensembl_gene_id		True	binary	-0.0002734	0.334	-0.1607	0.1116	-9.836e-05	0.334	-0.1602						
tkc8zl3h	clear-sweep-482	finished	ElasticNet	ha252ijh	ElasticNet	0.17012542798525893	RBPSEDataset	500	100	0.75	K562	rbpse	mean_squared_error	1024	True	['target_psi']	platiglab	40	['fancy_scatter', 'cumul_resid_dist', ['wandb_faux_pr_curve', {'thresh': 0.5}], ['wandb_faux_roc_curve', {'thresh': 0.5}]]	yogi-RBP-ML-linear-models-april-2025	17.0	train	['r2_score', 'rmse', 'sigmoid_r2']	False	all	False	False	cross_validation	5.0	5	False	1.0	ensembl_gene_id	ensembl_gene_id		True	binary	-0.0004882	0.334	-0.1613	0.1116	-0.0001607	0.334	-0.1602						
odyaqpi7	tough-sweep-483	finished	ElasticNet	ha252ijh	ElasticNet	0.17012542798525893	RBPSEDataset	600	100	0.75	K562	rbpse	mean_squared_error	1024	True	['target_psi']	platiglab	40	['fancy_scatter', 'cumul_resid_dist', ['wandb_faux_pr_curve', {'thresh': 0.5}], ['wandb_faux_roc_curve', {'thresh': 0.5}]]	yogi-RBP-ML-linear-models-april-2025	17.0	train	['r2_score', 'rmse', 'sigmoid_r2']	False	all	False	False	cross_validation	5.0	5	False	1.0	ensembl_gene_id	ensembl_gene_id		True	binary	-0.0005609	0.334	-0.1614	0.1116	-0.0002066	0.334	-0.1602						
hskb9b9b	lemon-sweep-484	finished	ElasticNet	ha252ijh	ElasticNet	0.17012542798525893	RBPSEDataset	700	100	0.75	K562	rbpse	mean_squared_error	1024	True	['target_psi']	platiglab	40	['fancy_scatter', 'cumul_resid_dist', ['wandb_faux_pr_curve', {'thresh': 0.5}], ['wandb_faux_roc_curve', {'thresh': 0.5}]]	yogi-RBP-ML-linear-models-april-2025	17.0	train	['r2_score', 'rmse', 'sigmoid_r2']	False	all	False	False	cross_validation	5.0	5	False	1.0	ensembl_gene_id	ensembl_gene_id		True	binary	-0.0005921	0.334	-0.1614	0.1116	-0.0002029	0.334	-0.1602						
zix8wfzu	prime-sweep-485	finished	ElasticNet	ha252ijh	ElasticNet	0.17012542798525893	RBPSEDataset	800	100	0.75	K562	rbpse	mean_squared_error	1024	True	['target_psi']	platiglab	40	['fancy_scatter', 'cumul_resid_dist', ['wandb_faux_pr_curve', {'thresh': 0.5}], ['wandb_faux_roc_curve', {'thresh': 0.5}]]	yogi-RBP-ML-linear-models-april-2025	17.0	train	['r2_score', 'rmse', 'sigmoid_r2']	False	all	False	False	cross_validation	5.0	5	False	1.0	ensembl_gene_id	ensembl_gene_id		True	binary	-0.0005625	0.3341	-0.1611	0.1116	-0.0001981	0.334	-0.1602						
fiechxej	dulcet-sweep-486	finished	ElasticNet	ha252ijh	ElasticNet	0.17012542798525893	RBPSEDataset	900	100	0.75	K562	rbpse	mean_squared_error	1024	True	['target_psi']	platiglab	40	['fancy_scatter', 'cumul_resid_dist', ['wandb_faux_pr_curve', {'thresh': 0.5}], ['wandb_faux_roc_curve', {'thresh': 0.5}]]	yogi-RBP-ML-linear-models-april-2025	17.0	train	['r2_score', 'rmse', 'sigmoid_r2']	False	all	False	False	cross_validation	5.0	5	False	1.0	ensembl_gene_id	ensembl_gene_id		True	binary	-0.0003228	0.3339	-0.1612	0.1116	-0.0001181	0.334	-0.1602						
vjrbyaet	flowing-sweep-487	finished	ElasticNet	ha252ijh	ElasticNet	0.17012542798525893	RBPSEDataset	100	100	0.9	K562	rbpse	mean_squared_error	1024	True	['target_psi']	platiglab	40	['fancy_scatter', 'cumul_resid_dist', ['wandb_faux_pr_curve', {'thresh': 0.5}], ['wandb_faux_roc_curve', {'thresh': 0.5}]]	yogi-RBP-ML-linear-models-april-2025	17.0	train	['r2_score', 'rmse', 'sigmoid_r2']	False	all	False	False	cross_validation	5.0	5	False	1.0	ensembl_gene_id	ensembl_gene_id		True	binary	-0.000133	0.3341	-0.1604	0.1116	-4.734e-05	0.334	-0.1602						
ywqfodt8	fiery-sweep-488	finished	ElasticNet	ha252ijh	ElasticNet	0.17012542798525893	RBPSEDataset	200	100	0.9	K562	rbpse	mean_squared_error	1024	True	['target_psi']	platiglab	40	['fancy_scatter', 'cumul_resid_dist', ['wandb_faux_pr_curve', {'thresh': 0.5}], ['wandb_faux_roc_curve', {'thresh': 0.5}]]	yogi-RBP-ML-linear-models-april-2025	17.0	train	['r2_score', 'rmse', 'sigmoid_r2']	False	all	False	False	cross_validation	5.0	5	False	1.0	ensembl_gene_id	ensembl_gene_id		True	binary	-0.0008187	0.334	-0.1618	0.1116	-0.0003028	0.3341	-0.1602						
283nakjn	zesty-sweep-489	finished	ElasticNet	ha252ijh	ElasticNet	0.17012542798525893	RBPSEDataset	300	100	0.9	K562	rbpse	mean_squared_error	1024	True	['target_psi']	platiglab	40	['fancy_scatter', 'cumul_resid_dist', ['wandb_faux_pr_curve', {'thresh': 0.5}], ['wandb_faux_roc_curve', {'thresh': 0.5}]]	yogi-RBP-ML-linear-models-april-2025	17.0	train	['r2_score', 'rmse', 'sigmoid_r2']	False	all	False	False	cross_validation	5.0	5	False	1.0	ensembl_gene_id	ensembl_gene_id		True	binary	-0.0002734	0.334	-0.1607	0.1116	-9.836e-05	0.334	-0.1602						
9hpvjbmt	glowing-sweep-490	finished	ElasticNet	ha252ijh	ElasticNet	0.17012542798525893	RBPSEDataset	400	100	0.9	K562	rbpse	mean_squared_error	1024	True	['target_psi']	platiglab	40	['fancy_scatter', 'cumul_resid_dist', ['wandb_faux_pr_curve', {'thresh': 0.5}], ['wandb_faux_roc_curve', {'thresh': 0.5}]]	yogi-RBP-ML-linear-models-april-2025	17.0	train	['r2_score', 'rmse', 'sigmoid_r2']	False	all	False	False	cross_validation	5.0	5	False	1.0	ensembl_gene_id	ensembl_gene_id		True	binary	-0.0004317	0.334	-0.161	0.1116	-0.0001515	0.334	-0.1602						
essa0c8p	volcanic-sweep-491	finished	ElasticNet	ha252ijh	ElasticNet	0.17012542798525893	RBPSEDataset	500	100	0.9	K562	rbpse	mean_squared_error	1024	True	['target_psi']	platiglab	40	['fancy_scatter', 'cumul_resid_dist', ['wandb_faux_pr_curve', {'thresh': 0.5}], ['wandb_faux_roc_curve', {'thresh': 0.5}]]	yogi-RBP-ML-linear-models-april-2025	17.0	train	['r2_score', 'rmse', 'sigmoid_r2']	False	all	False	False	cross_validation	5.0	5	False	1.0	ensembl_gene_id	ensembl_gene_id		True	binary	-0.0004882	0.334	-0.1613	0.1116	-0.0001607	0.334	-0.1602						
v2yl4vv4	pleasant-sweep-492	finished	ElasticNet	ha252ijh	ElasticNet	0.17012542798525893	RBPSEDataset	600	100	0.9	K562	rbpse	mean_squared_error	1024	True	['target_psi']	platiglab	40	['fancy_scatter', 'cumul_resid_dist', ['wandb_faux_pr_curve', {'thresh': 0.5}], ['wandb_faux_roc_curve', {'thresh': 0.5}]]	yogi-RBP-ML-linear-models-april-2025	17.0	train	['r2_score', 'rmse', 'sigmoid_r2']	False	all	False	False	cross_validation	5.0	5	False	1.0	ensembl_gene_id	ensembl_gene_id		True	binary	-0.0005609	0.334	-0.1614	0.1116	-0.0002066	0.334	-0.1602						
fly6mavz	rosy-sweep-493	finished	ElasticNet	ha252ijh	ElasticNet	0.17012542798525893	RBPSEDataset	700	100	0.9	K562	rbpse	mean_squared_error	1024	True	['target_psi']	platiglab	40	['fancy_scatter', 'cumul_resid_dist', ['wandb_faux_pr_curve', {'thresh': 0.5}], ['wandb_faux_roc_curve', {'thresh': 0.5}]]	yogi-RBP-ML-linear-models-april-2025	17.0	train	['r2_score', 'rmse', 'sigmoid_r2']	False	all	False	False	cross_validation	5.0	5	False	1.0	ensembl_gene_id	ensembl_gene_id		True	binary	-0.0005921	0.334	-0.1614	0.1116	-0.0002029	0.334	-0.1602						
cyxt6u7w	eager-sweep-494	finished	ElasticNet	ha252ijh	ElasticNet	0.17012542798525893	RBPSEDataset	800	100	0.9	K562	rbpse	mean_squared_error	1024	True	['target_psi']	platiglab	40	['fancy_scatter', 'cumul_resid_dist', ['wandb_faux_pr_curve', {'thresh': 0.5}], ['wandb_faux_roc_curve', {'thresh': 0.5}]]	yogi-RBP-ML-linear-models-april-2025	17.0	train	['r2_score', 'rmse', 'sigmoid_r2']	False	all	False	False	cross_validation	5.0	5	False	1.0	ensembl_gene_id	ensembl_gene_id		True	binary	-0.0005625	0.3341	-0.1611	0.1116	-0.0001981	0.334	-0.1602						
mf30mb0y	gentle-sweep-495	finished	ElasticNet	ha252ijh	ElasticNet	0.17012542798525893	RBPSEDataset	900	100	0.9	K562	rbpse	mean_squared_error	1024	True	['target_psi']	platiglab	40	['fancy_scatter', 'cumul_resid_dist', ['wandb_faux_pr_curve', {'thresh': 0.5}], ['wandb_faux_roc_curve', {'thresh': 0.5}]]	yogi-RBP-ML-linear-models-april-2025	17.0	train	['r2_score', 'rmse', 'sigmoid_r2']	False	all	False	False	cross_validation	5.0	5	False	1.0	ensembl_gene_id	ensembl_gene_id		True	binary	-0.0003228	0.3339	-0.1612	0.1116	-0.0001181	0.334	-0.1602						
0fvn1y02	fallen-sweep-496	finished	ElasticNet	ha252ijh	ElasticNet	0.17012542798525893	RBPSEDataset	100	100	1.0	K562	rbpse	mean_squared_error	1024	True	['target_psi']	platiglab	40	['fancy_scatter', 'cumul_resid_dist', ['wandb_faux_pr_curve', {'thresh': 0.5}], ['wandb_faux_roc_curve', {'thresh': 0.5}]]	yogi-RBP-ML-linear-models-april-2025	17.0	train	['r2_score', 'rmse', 'sigmoid_r2']	False	all	False	False	cross_validation	5.0	5	False	1.0	ensembl_gene_id	ensembl_gene_id		True	binary	-0.000133	0.3341	-0.1604	0.1116	-4.734e-05	0.334	-0.1602						
mopyzme0	vivid-sweep-497	finished	ElasticNet	ha252ijh	ElasticNet	0.17012542798525893	RBPSEDataset	200	100	1.0	K562	rbpse	mean_squared_error	1024	True	['target_psi']	platiglab	40	['fancy_scatter', 'cumul_resid_dist', ['wandb_faux_pr_curve', {'thresh': 0.5}], ['wandb_faux_roc_curve', {'thresh': 0.5}]]	yogi-RBP-ML-linear-models-april-2025	17.0	train	['r2_score', 'rmse', 'sigmoid_r2']	False	all	False	False	cross_validation	5.0	5	False	1.0	ensembl_gene_id	ensembl_gene_id		True	binary	-0.0008187	0.334	-0.1618	0.1116	-0.0003028	0.3341	-0.1602						
w2yl2oeb	wobbly-sweep-498	finished	ElasticNet	ha252ijh	ElasticNet	0.17012542798525893	RBPSEDataset	300	100	1.0	K562	rbpse	mean_squared_error	1024	True	['target_psi']	platiglab	40	['fancy_scatter', 'cumul_resid_dist', ['wandb_faux_pr_curve', {'thresh': 0.5}], ['wandb_faux_roc_curve', {'thresh': 0.5}]]	yogi-RBP-ML-linear-models-april-2025	17.0	train	['r2_score', 'rmse', 'sigmoid_r2']	False	all	False	False	cross_validation	5.0	5	False	1.0	ensembl_gene_id	ensembl_gene_id		True	binary	-0.0002734	0.334	-0.1607	0.1116	-9.836e-05	0.334	-0.1602						
r3hjzpaq	scarlet-sweep-499	finished	ElasticNet	ha252ijh	ElasticNet	0.17012542798525893	RBPSEDataset	400	100	1.0	K562	rbpse	mean_squared_error	1024	True	['target_psi']	platiglab	40	['fancy_scatter', 'cumul_resid_dist', ['wandb_faux_pr_curve', {'thresh': 0.5}], ['wandb_faux_roc_curve', {'thresh': 0.5}]]	yogi-RBP-ML-linear-models-april-2025	17.0	train	['r2_score', 'rmse', 'sigmoid_r2']	False	all	False	False	cross_validation	5.0	5	False	1.0	ensembl_gene_id	ensembl_gene_id		True	binary	-0.0004317	0.334	-0.161	0.1116	-0.0001515	0.334	-0.1602						
fjp8kcs7	fancy-sweep-500	finished	ElasticNet	ha252ijh	ElasticNet	0.17012542798525893	RBPSEDataset	500	100	1.0	K562	rbpse	mean_squared_error	1024	True	['target_psi']	platiglab	40	['fancy_scatter', 'cumul_resid_dist', ['wandb_faux_pr_curve', {'thresh': 0.5}], ['wandb_faux_roc_curve', {'thresh': 0.5}]]	yogi-RBP-ML-linear-models-april-2025	17.0	train	['r2_score', 'rmse', 'sigmoid_r2']	False	all	False	False	cross_validation	5.0	5	False	1.0	ensembl_gene_id	ensembl_gene_id		True	binary	-0.0004882	0.334	-0.1613	0.1116	-0.0001607	0.334	-0.1602						
dwdspaqj	misty-sweep-501	finished	ElasticNet	ha252ijh	ElasticNet	0.17012542798525893	RBPSEDataset	600	100	1.0	K562	rbpse	mean_squared_error	1024	True	['target_psi']	platiglab	40	['fancy_scatter', 'cumul_resid_dist', ['wandb_faux_pr_curve', {'thresh': 0.5}], ['wandb_faux_roc_curve', {'thresh': 0.5}]]	yogi-RBP-ML-linear-models-april-2025	17.0	train	['r2_score', 'rmse', 'sigmoid_r2']	False	all	False	False	cross_validation	5.0	5	False	1.0	ensembl_gene_id	ensembl_gene_id		True	binary	-0.0005609	0.334	-0.1614	0.1116	-0.0002066	0.334	-0.1602						
uefqaipz	decent-sweep-502	finished	ElasticNet	ha252ijh	ElasticNet	0.17012542798525893	RBPSEDataset	700	100	1.0	K562	rbpse	mean_squared_error	1024	True	['target_psi']	platiglab	40	['fancy_scatter', 'cumul_resid_dist', ['wandb_faux_pr_curve', {'thresh': 0.5}], ['wandb_faux_roc_curve', {'thresh': 0.5}]]	yogi-RBP-ML-linear-models-april-2025	17.0	train	['r2_score', 'rmse', 'sigmoid_r2']	False	all	False	False	cross_validation	5.0	5	False	1.0	ensembl_gene_id	ensembl_gene_id		True	binary	-0.0005921	0.334	-0.1614	0.1116	-0.0002029	0.334	-0.1602						
2eaqmjrb	stoic-sweep-503	finished	ElasticNet	ha252ijh	ElasticNet	0.17012542798525893	RBPSEDataset	800	100	1.0	K562	rbpse	mean_squared_error	1024	True	['target_psi']	platiglab	40	['fancy_scatter', 'cumul_resid_dist', ['wandb_faux_pr_curve', {'thresh': 0.5}], ['wandb_faux_roc_curve', {'thresh': 0.5}]]	yogi-RBP-ML-linear-models-april-2025	17.0	train	['r2_score', 'rmse', 'sigmoid_r2']	False	all	False	False	cross_validation	5.0	5	False	1.0	ensembl_gene_id	ensembl_gene_id		True	binary	-0.0005625	0.3341	-0.1611	0.1116	-0.0001981	0.334	-0.1602						
qsepl2be	skilled-sweep-504	finished	ElasticNet	ha252ijh	ElasticNet	0.17012542798525893	RBPSEDataset	900	100	1.0	K562	rbpse	mean_squared_error	1024	True	['target_psi']	platiglab	40	['fancy_scatter', 'cumul_resid_dist', ['wandb_faux_pr_curve', {'thresh': 0.5}], ['wandb_faux_roc_curve', {'thresh': 0.5}]]	yogi-RBP-ML-linear-models-april-2025	17.0	train	['r2_score', 'rmse', 'sigmoid_r2']	False	all	False	False	cross_validation	5.0	5	False	1.0	ensembl_gene_id	ensembl_gene_id		True	binary	-0.0003228	0.3339	-0.1612	0.1116	-0.0001181	0.334	-0.1602						
5kocgwl9	misty-sweep-514	finished	ElasticNet	ha252ijh	ElasticNet	0.49238826317067413	RBPSEDataset	100	100	0.1	K562	rbpse	mean_squared_error	1024	True	['target_psi']	platiglab	40	['fancy_scatter', 'cumul_resid_dist', ['wandb_faux_pr_curve', {'thresh': 0.5}], ['wandb_faux_roc_curve', {'thresh': 0.5}]]	yogi-RBP-ML-linear-models-april-2025	17.0	train	['r2_score', 'rmse', 'sigmoid_r2']	False	all	False	False	cross_validation	5.0	5	False	1.0	ensembl_gene_id	ensembl_gene_id		True	binary	-0.000133	0.3341	-0.1604	0.1116	-4.734e-05	0.334	-0.1602						
7puzyikx	sunny-sweep-515	finished	ElasticNet	ha252ijh	ElasticNet	0.49238826317067413	RBPSEDataset	200	100	0.1	K562	rbpse	mean_squared_error	1024	True	['target_psi']	platiglab	40	['fancy_scatter', 'cumul_resid_dist', ['wandb_faux_pr_curve', {'thresh': 0.5}], ['wandb_faux_roc_curve', {'thresh': 0.5}]]	yogi-RBP-ML-linear-models-april-2025	17.0	train	['r2_score', 'rmse', 'sigmoid_r2']	False	all	False	False	cross_validation	5.0	5	False	1.0	ensembl_gene_id	ensembl_gene_id		True	binary	-0.0008187	0.334	-0.1618	0.1116	-0.0003028	0.3341	-0.1602						
60dclgyb	comic-sweep-516	finished	ElasticNet	ha252ijh	ElasticNet	0.49238826317067413	RBPSEDataset	300	100	0.1	K562	rbpse	mean_squared_error	1024	True	['target_psi']	platiglab	40	['fancy_scatter', 'cumul_resid_dist', ['wandb_faux_pr_curve', {'thresh': 0.5}], ['wandb_faux_roc_curve', {'thresh': 0.5}]]	yogi-RBP-ML-linear-models-april-2025	17.0	train	['r2_score', 'rmse', 'sigmoid_r2']	False	all	False	False	cross_validation	5.0	5	False	1.0	ensembl_gene_id	ensembl_gene_id		True	binary	-0.0002734	0.334	-0.1607	0.1116	-9.836e-05	0.334	-0.1602						
pu09nbj7	breezy-sweep-517	finished	ElasticNet	ha252ijh	ElasticNet	0.49238826317067413	RBPSEDataset	400	100	0.1	K562	rbpse	mean_squared_error	1024	True	['target_psi']	platiglab	40	['fancy_scatter', 'cumul_resid_dist', ['wandb_faux_pr_curve', {'thresh': 0.5}], ['wandb_faux_roc_curve', {'thresh': 0.5}]]	yogi-RBP-ML-linear-models-april-2025	17.0	train	['r2_score', 'rmse', 'sigmoid_r2']	False	all	False	False	cross_validation	5.0	5	False	1.0	ensembl_gene_id	ensembl_gene_id		True	binary	-0.0004317	0.334	-0.161	0.1116	-0.0001515	0.334	-0.1602						
9f54cass	daily-sweep-518	finished	ElasticNet	ha252ijh	ElasticNet	0.49238826317067413	RBPSEDataset	500	100	0.1	K562	rbpse	mean_squared_error	1024	True	['target_psi']	platiglab	40	['fancy_scatter', 'cumul_resid_dist', ['wandb_faux_pr_curve', {'thresh': 0.5}], ['wandb_faux_roc_curve', {'thresh': 0.5}]]	yogi-RBP-ML-linear-models-april-2025	17.0	train	['r2_score', 'rmse', 'sigmoid_r2']	False	all	False	False	cross_validation	5.0	5	False	1.0	ensembl_gene_id	ensembl_gene_id		True	binary	-0.0004882	0.334	-0.1613	0.1116	-0.0001607	0.334	-0.1602						
llw9jd3f	visionary-sweep-519	finished	ElasticNet	ha252ijh	ElasticNet	0.49238826317067413	RBPSEDataset	600	100	0.1	K562	rbpse	mean_squared_error	1024	True	['target_psi']	platiglab	40	['fancy_scatter', 'cumul_resid_dist', ['wandb_faux_pr_curve', {'thresh': 0.5}], ['wandb_faux_roc_curve', {'thresh': 0.5}]]	yogi-RBP-ML-linear-models-april-2025	17.0	train	['r2_score', 'rmse', 'sigmoid_r2']	False	all	False	False	cross_validation	5.0	5	False	1.0	ensembl_gene_id	ensembl_gene_id		True	binary	-0.0005609	0.334	-0.1614	0.1116	-0.0002066	0.334	-0.1602						
vnqn1j36	atomic-sweep-520	finished	ElasticNet	ha252ijh	ElasticNet	0.49238826317067413	RBPSEDataset	700	100	0.1	K562	rbpse	mean_squared_error	1024	True	['target_psi']	platiglab	40	['fancy_scatter', 'cumul_resid_dist', ['wandb_faux_pr_curve', {'thresh': 0.5}], ['wandb_faux_roc_curve', {'thresh': 0.5}]]	yogi-RBP-ML-linear-models-april-2025	17.0	train	['r2_score', 'rmse', 'sigmoid_r2']	False	all	False	False	cross_validation	5.0	5	False	1.0	ensembl_gene_id	ensembl_gene_id		True	binary	-0.0005921	0.334	-0.1614	0.1116	-0.0002029	0.334	-0.1602						
sxeraqww	vague-sweep-521	finished	ElasticNet	ha252ijh	ElasticNet	0.49238826317067413	RBPSEDataset	800	100	0.1	K562	rbpse	mean_squared_error	1024	True	['target_psi']	platiglab	40	['fancy_scatter', 'cumul_resid_dist', ['wandb_faux_pr_curve', {'thresh': 0.5}], ['wandb_faux_roc_curve', {'thresh': 0.5}]]	yogi-RBP-ML-linear-models-april-2025	17.0	train	['r2_score', 'rmse', 'sigmoid_r2']	False	all	False	False	cross_validation	5.0	5	False	1.0	ensembl_gene_id	ensembl_gene_id		True	binary	-0.0005625	0.3341	-0.1611	0.1116	-0.0001981	0.334	-0.1602						
5hsi5q29	smart-sweep-522	finished	ElasticNet	ha252ijh	ElasticNet	0.49238826317067413	RBPSEDataset	900	100	0.1	K562	rbpse	mean_squared_error	1024	True	['target_psi']	platiglab	40	['fancy_scatter', 'cumul_resid_dist', ['wandb_faux_pr_curve', {'thresh': 0.5}], ['wandb_faux_roc_curve', {'thresh': 0.5}]]	yogi-RBP-ML-linear-models-april-2025	17.0	train	['r2_score', 'rmse', 'sigmoid_r2']	False	all	False	False	cross_validation	5.0	5	False	1.0	ensembl_gene_id	ensembl_gene_id		True	binary	-0.0003228	0.3339	-0.1612	0.1116	-0.0001181	0.334	-0.1602						
0qr8gie3	lunar-sweep-523	finished	ElasticNet	ha252ijh	ElasticNet	0.49238826317067413	RBPSEDataset	100	100	0.25	K562	rbpse	mean_squared_error	1024	True	['target_psi']	platiglab	40	['fancy_scatter', 'cumul_resid_dist', ['wandb_faux_pr_curve', {'thresh': 0.5}], ['wandb_faux_roc_curve', {'thresh': 0.5}]]	yogi-RBP-ML-linear-models-april-2025	17.0	train	['r2_score', 'rmse', 'sigmoid_r2']	False	all	False	False	cross_validation	5.0	5	False	1.0	ensembl_gene_id	ensembl_gene_id		True	binary	-0.000133	0.3341	-0.1604	0.1116	-4.734e-05	0.334	-0.1602						
6f518nio	light-sweep-524	finished	ElasticNet	ha252ijh	ElasticNet	0.49238826317067413	RBPSEDataset	200	100	0.25	K562	rbpse	mean_squared_error	1024	True	['target_psi']	platiglab	40	['fancy_scatter', 'cumul_resid_dist', ['wandb_faux_pr_curve', {'thresh': 0.5}], ['wandb_faux_roc_curve', {'thresh': 0.5}]]	yogi-RBP-ML-linear-models-april-2025	17.0	train	['r2_score', 'rmse', 'sigmoid_r2']	False	all	False	False	cross_validation	5.0	5	False	1.0	ensembl_gene_id	ensembl_gene_id		True	binary	-0.0008187	0.334	-0.1618	0.1116	-0.0003028	0.3341	-0.1602						
0qpiwvij	dandy-sweep-525	finished	ElasticNet	ha252ijh	ElasticNet	0.49238826317067413	RBPSEDataset	300	100	0.25	K562	rbpse	mean_squared_error	1024	True	['target_psi']	platiglab	40	['fancy_scatter', 'cumul_resid_dist', ['wandb_faux_pr_curve', {'thresh': 0.5}], ['wandb_faux_roc_curve', {'thresh': 0.5}]]	yogi-RBP-ML-linear-models-april-2025	17.0	train	['r2_score', 'rmse', 'sigmoid_r2']	False	all	False	False	cross_validation	5.0	5	False	1.0	ensembl_gene_id	ensembl_gene_id		True	binary	-0.0002734	0.334	-0.1607	0.1116	-9.836e-05	0.334	-0.1602						
gl49hmz7	fearless-sweep-526	finished	ElasticNet	ha252ijh	ElasticNet	0.49238826317067413	RBPSEDataset	400	100	0.25	K562	rbpse	mean_squared_error	1024	True	['target_psi']	platiglab	40	['fancy_scatter', 'cumul_resid_dist', ['wandb_faux_pr_curve', {'thresh': 0.5}], ['wandb_faux_roc_curve', {'thresh': 0.5}]]	yogi-RBP-ML-linear-models-april-2025	17.0	train	['r2_score', 'rmse', 'sigmoid_r2']	False	all	False	False	cross_validation	5.0	5	False	1.0	ensembl_gene_id	ensembl_gene_id		True	binary	-0.0004317	0.334	-0.161	0.1116	-0.0001515	0.334	-0.1602						
dvdsyajk	apricot-sweep-527	finished	ElasticNet	ha252ijh	ElasticNet	0.49238826317067413	RBPSEDataset	500	100	0.25	K562	rbpse	mean_squared_error	1024	True	['target_psi']	platiglab	40	['fancy_scatter', 'cumul_resid_dist', ['wandb_faux_pr_curve', {'thresh': 0.5}], ['wandb_faux_roc_curve', {'thresh': 0.5}]]	yogi-RBP-ML-linear-models-april-2025	17.0	train	['r2_score', 'rmse', 'sigmoid_r2']	False	all	False	False	cross_validation	5.0	5	False	1.0	ensembl_gene_id	ensembl_gene_id		True	binary	-0.0004882	0.334	-0.1613	0.1116	-0.0001607	0.334	-0.1602						
2z84w9p5	scarlet-sweep-528	finished	ElasticNet	ha252ijh	ElasticNet	0.49238826317067413	RBPSEDataset	600	100	0.25	K562	rbpse	mean_squared_error	1024	True	['target_psi']	platiglab	40	['fancy_scatter', 'cumul_resid_dist', ['wandb_faux_pr_curve', {'thresh': 0.5}], ['wandb_faux_roc_curve', {'thresh': 0.5}]]	yogi-RBP-ML-linear-models-april-2025	17.0	train	['r2_score', 'rmse', 'sigmoid_r2']	False	all	False	False	cross_validation	5.0	5	False	1.0	ensembl_gene_id	ensembl_gene_id		True	binary	-0.0005609	0.334	-0.1614	0.1116	-0.0002066	0.334	-0.1602						
f4mclwdq	sandy-sweep-529	finished	ElasticNet	ha252ijh	ElasticNet	0.49238826317067413	RBPSEDataset	700	100	0.25	K562	rbpse	mean_squared_error	1024	True	['target_psi']	platiglab	40	['fancy_scatter', 'cumul_resid_dist', ['wandb_faux_pr_curve', {'thresh': 0.5}], ['wandb_faux_roc_curve', {'thresh': 0.5}]]	yogi-RBP-ML-linear-models-april-2025	17.0	train	['r2_score', 'rmse', 'sigmoid_r2']	False	all	False	False	cross_validation	5.0	5	False	1.0	ensembl_gene_id	ensembl_gene_id		True	binary	-0.0005921	0.334	-0.1614	0.1116	-0.0002029	0.334	-0.1602						
80tvtsrs	fresh-sweep-530	finished	ElasticNet	ha252ijh	ElasticNet	0.49238826317067413	RBPSEDataset	800	100	0.25	K562	rbpse	mean_squared_error	1024	True	['target_psi']	platiglab	40	['fancy_scatter', 'cumul_resid_dist', ['wandb_faux_pr_curve', {'thresh': 0.5}], ['wandb_faux_roc_curve', {'thresh': 0.5}]]	yogi-RBP-ML-linear-models-april-2025	17.0	train	['r2_score', 'rmse', 'sigmoid_r2']	False	all	False	False	cross_validation	5.0	5	False	1.0	ensembl_gene_id	ensembl_gene_id		True	binary	-0.0005625	0.3341	-0.1611	0.1116	-0.0001981	0.334	-0.1602						
tq7xwvia	lemon-sweep-531	finished	ElasticNet	ha252ijh	ElasticNet	0.49238826317067413	RBPSEDataset	900	100	0.25	K562	rbpse	mean_squared_error	1024	True	['target_psi']	platiglab	40	['fancy_scatter', 'cumul_resid_dist', ['wandb_faux_pr_curve', {'thresh': 0.5}], ['wandb_faux_roc_curve', {'thresh': 0.5}]]	yogi-RBP-ML-linear-models-april-2025	17.0	train	['r2_score', 'rmse', 'sigmoid_r2']	False	all	False	False	cross_validation	5.0	5	False	1.0	ensembl_gene_id	ensembl_gene_id		True	binary	-0.0003228	0.3339	-0.1612	0.1116	-0.0001181	0.334	-0.1602						
hqj4pgk0	stoic-sweep-532	finished	ElasticNet	ha252ijh	ElasticNet	0.49238826317067413	RBPSEDataset	100	100	0.5	K562	rbpse	mean_squared_error	1024	True	['target_psi']	platiglab	40	['fancy_scatter', 'cumul_resid_dist', ['wandb_faux_pr_curve', {'thresh': 0.5}], ['wandb_faux_roc_curve', {'thresh': 0.5}]]	yogi-RBP-ML-linear-models-april-2025	17.0	train	['r2_score', 'rmse', 'sigmoid_r2']	False	all	False	False	cross_validation	5.0	5	False	1.0	ensembl_gene_id	ensembl_gene_id		True	binary	-0.000133	0.3341	-0.1604	0.1116	-4.734e-05	0.334	-0.1602						
78hdtazo	serene-sweep-533	finished	ElasticNet	ha252ijh	ElasticNet	0.49238826317067413	RBPSEDataset	200	100	0.5	K562	rbpse	mean_squared_error	1024	True	['target_psi']	platiglab	40	['fancy_scatter', 'cumul_resid_dist', ['wandb_faux_pr_curve', {'thresh': 0.5}], ['wandb_faux_roc_curve', {'thresh': 0.5}]]	yogi-RBP-ML-linear-models-april-2025	17.0	train	['r2_score', 'rmse', 'sigmoid_r2']	False	all	False	False	cross_validation	5.0	5	False	1.0	ensembl_gene_id	ensembl_gene_id		True	binary	-0.0008187	0.334	-0.1618	0.1116	-0.0003028	0.3341	-0.1602						
t17hbbnk	decent-sweep-534	finished	ElasticNet	ha252ijh	ElasticNet	0.49238826317067413	RBPSEDataset	300	100	0.5	K562	rbpse	mean_squared_error	1024	True	['target_psi']	platiglab	40	['fancy_scatter', 'cumul_resid_dist', ['wandb_faux_pr_curve', {'thresh': 0.5}], ['wandb_faux_roc_curve', {'thresh': 0.5}]]	yogi-RBP-ML-linear-models-april-2025	17.0	train	['r2_score', 'rmse', 'sigmoid_r2']	False	all	False	False	cross_validation	5.0	5	False	1.0	ensembl_gene_id	ensembl_gene_id		True	binary	-0.0002734	0.334	-0.1607	0.1116	-9.836e-05	0.334	-0.1602						
wych5lg6	eager-sweep-535	finished	ElasticNet	ha252ijh	ElasticNet	0.49238826317067413	RBPSEDataset	400	100	0.5	K562	rbpse	mean_squared_error	1024	True	['target_psi']	platiglab	40	['fancy_scatter', 'cumul_resid_dist', ['wandb_faux_pr_curve', {'thresh': 0.5}], ['wandb_faux_roc_curve', {'thresh': 0.5}]]	yogi-RBP-ML-linear-models-april-2025	17.0	train	['r2_score', 'rmse', 'sigmoid_r2']	False	all	False	False	cross_validation	5.0	5	False	1.0	ensembl_gene_id	ensembl_gene_id		True	binary	-0.0004317	0.334	-0.161	0.1116	-0.0001515	0.334	-0.1602						
lakrl3cn	zany-sweep-536	finished	ElasticNet	ha252ijh	ElasticNet	0.49238826317067413	RBPSEDataset	500	100	0.5	K562	rbpse	mean_squared_error	1024	True	['target_psi']	platiglab	40	['fancy_scatter', 'cumul_resid_dist', ['wandb_faux_pr_curve', {'thresh': 0.5}], ['wandb_faux_roc_curve', {'thresh': 0.5}]]	yogi-RBP-ML-linear-models-april-2025	17.0	train	['r2_score', 'rmse', 'sigmoid_r2']	False	all	False	False	cross_validation	5.0	5	False	1.0	ensembl_gene_id	ensembl_gene_id		True	binary	-0.0004882	0.334	-0.1613	0.1116	-0.0001607	0.334	-0.1602						
2y6sxcqy	silvery-sweep-537	finished	ElasticNet	ha252ijh	ElasticNet	0.49238826317067413	RBPSEDataset	600	100	0.5	K562	rbpse	mean_squared_error	1024	True	['target_psi']	platiglab	40	['fancy_scatter', 'cumul_resid_dist', ['wandb_faux_pr_curve', {'thresh': 0.5}], ['wandb_faux_roc_curve', {'thresh': 0.5}]]	yogi-RBP-ML-linear-models-april-2025	17.0	train	['r2_score', 'rmse', 'sigmoid_r2']	False	all	False	False	cross_validation	5.0	5	False	1.0	ensembl_gene_id	ensembl_gene_id		True	binary	-0.0005609	0.334	-0.1614	0.1116	-0.0002066	0.334	-0.1602						
21hf4kok	mild-sweep-538	finished	ElasticNet	ha252ijh	ElasticNet	0.49238826317067413	RBPSEDataset	700	100	0.5	K562	rbpse	mean_squared_error	1024	True	['target_psi']	platiglab	40	['fancy_scatter', 'cumul_resid_dist', ['wandb_faux_pr_curve', {'thresh': 0.5}], ['wandb_faux_roc_curve', {'thresh': 0.5}]]	yogi-RBP-ML-linear-models-april-2025	17.0	train	['r2_score', 'rmse', 'sigmoid_r2']	False	all	False	False	cross_validation	5.0	5	False	1.0	ensembl_gene_id	ensembl_gene_id		True	binary	-0.0005921	0.334	-0.1614	0.1116	-0.0002029	0.334	-0.1602						
bhukgqyy	fresh-sweep-539	finished	ElasticNet	ha252ijh	ElasticNet	0.49238826317067413	RBPSEDataset	800	100	0.5	K562	rbpse	mean_squared_error	1024	True	['target_psi']	platiglab	40	['fancy_scatter', 'cumul_resid_dist', ['wandb_faux_pr_curve', {'thresh': 0.5}], ['wandb_faux_roc_curve', {'thresh': 0.5}]]	yogi-RBP-ML-linear-models-april-2025	17.0	train	['r2_score', 'rmse', 'sigmoid_r2']	False	all	False	False	cross_validation	5.0	5	False	1.0	ensembl_gene_id	ensembl_gene_id		True	binary	-0.0005625	0.3341	-0.1611	0.1116	-0.0001981	0.334	-0.1602						
8dbus32d	logical-sweep-540	finished	ElasticNet	ha252ijh	ElasticNet	0.49238826317067413	RBPSEDataset	900	100	0.5	K562	rbpse	mean_squared_error	1024	True	['target_psi']	platiglab	40	['fancy_scatter', 'cumul_resid_dist', ['wandb_faux_pr_curve', {'thresh': 0.5}], ['wandb_faux_roc_curve', {'thresh': 0.5}]]	yogi-RBP-ML-linear-models-april-2025	17.0	train	['r2_score', 'rmse', 'sigmoid_r2']	False	all	False	False	cross_validation	5.0	5	False	1.0	ensembl_gene_id	ensembl_gene_id		True	binary	-0.0003228	0.3339	-0.1612	0.1116	-0.0001181	0.334	-0.1602						
oaebu215	morning-sweep-541	finished	ElasticNet	ha252ijh	ElasticNet	0.49238826317067413	RBPSEDataset	100	100	0.75	K562	rbpse	mean_squared_error	1024	True	['target_psi']	platiglab	40	['fancy_scatter', 'cumul_resid_dist', ['wandb_faux_pr_curve', {'thresh': 0.5}], ['wandb_faux_roc_curve', {'thresh': 0.5}]]	yogi-RBP-ML-linear-models-april-2025	17.0	train	['r2_score', 'rmse', 'sigmoid_r2']	False	all	False	False	cross_validation	5.0	5	False	1.0	ensembl_gene_id	ensembl_gene_id		True	binary	-0.000133	0.3341	-0.1604	0.1116	-4.734e-05	0.334	-0.1602						
6jm78bxq	fluent-sweep-542	finished	ElasticNet	ha252ijh	ElasticNet	0.49238826317067413	RBPSEDataset	200	100	0.75	K562	rbpse	mean_squared_error	1024	True	['target_psi']	platiglab	40	['fancy_scatter', 'cumul_resid_dist', ['wandb_faux_pr_curve', {'thresh': 0.5}], ['wandb_faux_roc_curve', {'thresh': 0.5}]]	yogi-RBP-ML-linear-models-april-2025	17.0	train	['r2_score', 'rmse', 'sigmoid_r2']	False	all	False	False	cross_validation	5.0	5	False	1.0	ensembl_gene_id	ensembl_gene_id		True	binary	-0.0008187	0.334	-0.1618	0.1116	-0.0003028	0.3341	-0.1602						
an0q5zca	vital-sweep-543	finished	ElasticNet	ha252ijh	ElasticNet	0.49238826317067413	RBPSEDataset	300	100	0.75	K562	rbpse	mean_squared_error	1024	True	['target_psi']	platiglab	40	['fancy_scatter', 'cumul_resid_dist', ['wandb_faux_pr_curve', {'thresh': 0.5}], ['wandb_faux_roc_curve', {'thresh': 0.5}]]	yogi-RBP-ML-linear-models-april-2025	17.0	train	['r2_score', 'rmse', 'sigmoid_r2']	False	all	False	False	cross_validation	5.0	5	False	1.0	ensembl_gene_id	ensembl_gene_id		True	binary	-0.0002734	0.334	-0.1607	0.1116	-9.836e-05	0.334	-0.1602						
rxmxpwxg	wise-sweep-544	finished	ElasticNet	ha252ijh	ElasticNet	0.49238826317067413	RBPSEDataset	400	100	0.75	K562	rbpse	mean_squared_error	1024	True	['target_psi']	platiglab	40	['fancy_scatter', 'cumul_resid_dist', ['wandb_faux_pr_curve', {'thresh': 0.5}], ['wandb_faux_roc_curve', {'thresh': 0.5}]]	yogi-RBP-ML-linear-models-april-2025	17.0	train	['r2_score', 'rmse', 'sigmoid_r2']	False	all	False	False	cross_validation	5.0	5	False	1.0	ensembl_gene_id	ensembl_gene_id		True	binary	-0.0004317	0.334	-0.161	0.1116	-0.0001515	0.334	-0.1602						
kknot8ld	cerulean-sweep-545	finished	ElasticNet	ha252ijh	ElasticNet	0.49238826317067413	RBPSEDataset	500	100	0.75	K562	rbpse	mean_squared_error	1024	True	['target_psi']	platiglab	40	['fancy_scatter', 'cumul_resid_dist', ['wandb_faux_pr_curve', {'thresh': 0.5}], ['wandb_faux_roc_curve', {'thresh': 0.5}]]	yogi-RBP-ML-linear-models-april-2025	17.0	train	['r2_score', 'rmse', 'sigmoid_r2']	False	all	False	False	cross_validation	5.0	5	False	1.0	ensembl_gene_id	ensembl_gene_id		True	binary	-0.0004882	0.334	-0.1613	0.1116	-0.0001607	0.334	-0.1602						
icqn8h21	wild-sweep-546	finished	ElasticNet	ha252ijh	ElasticNet	0.49238826317067413	RBPSEDataset	600	100	0.75	K562	rbpse	mean_squared_error	1024	True	['target_psi']	platiglab	40	['fancy_scatter', 'cumul_resid_dist', ['wandb_faux_pr_curve', {'thresh': 0.5}], ['wandb_faux_roc_curve', {'thresh': 0.5}]]	yogi-RBP-ML-linear-models-april-2025	17.0	train	['r2_score', 'rmse', 'sigmoid_r2']	False	all	False	False	cross_validation	5.0	5	False	1.0	ensembl_gene_id	ensembl_gene_id		True	binary	-0.0005609	0.334	-0.1614	0.1116	-0.0002066	0.334	-0.1602						
qcltljeo	hardy-sweep-547	finished	ElasticNet	ha252ijh	ElasticNet	0.49238826317067413	RBPSEDataset	700	100	0.75	K562	rbpse	mean_squared_error	1024	True	['target_psi']	platiglab	40	['fancy_scatter', 'cumul_resid_dist', ['wandb_faux_pr_curve', {'thresh': 0.5}], ['wandb_faux_roc_curve', {'thresh': 0.5}]]	yogi-RBP-ML-linear-models-april-2025	17.0	train	['r2_score', 'rmse', 'sigmoid_r2']	False	all	False	False	cross_validation	5.0	5	False	1.0	ensembl_gene_id	ensembl_gene_id		True	binary	-0.0005921	0.334	-0.1614	0.1116	-0.0002029	0.334	-0.1602						
ybpdxvbx	scarlet-sweep-548	finished	ElasticNet	ha252ijh	ElasticNet	0.49238826317067413	RBPSEDataset	800	100	0.75	K562	rbpse	mean_squared_error	1024	True	['target_psi']	platiglab	40	['fancy_scatter', 'cumul_resid_dist', ['wandb_faux_pr_curve', {'thresh': 0.5}], ['wandb_faux_roc_curve', {'thresh': 0.5}]]	yogi-RBP-ML-linear-models-april-2025	17.0	train	['r2_score', 'rmse', 'sigmoid_r2']	False	all	False	False	cross_validation	5.0	5	False	1.0	ensembl_gene_id	ensembl_gene_id		True	binary	-0.0005625	0.3341	-0.1611	0.1116	-0.0001981	0.334	-0.1602						
x7tv4p6j	youthful-sweep-549	finished	ElasticNet	ha252ijh	ElasticNet	0.49238826317067413	RBPSEDataset	900	100	0.75	K562	rbpse	mean_squared_error	1024	True	['target_psi']	platiglab	40	['fancy_scatter', 'cumul_resid_dist', ['wandb_faux_pr_curve', {'thresh': 0.5}], ['wandb_faux_roc_curve', {'thresh': 0.5}]]	yogi-RBP-ML-linear-models-april-2025	17.0	train	['r2_score', 'rmse', 'sigmoid_r2']	False	all	False	False	cross_validation	5.0	5	False	1.0	ensembl_gene_id	ensembl_gene_id		True	binary	-0.0003228	0.3339	-0.1612	0.1116	-0.0001181	0.334	-0.1602						
9m31e95u	revived-sweep-552	finished	ElasticNet	ha252ijh	ElasticNet	0.49238826317067413	RBPSEDataset	300	100	0.9	K562	rbpse	mean_squared_error	1024	True	['target_psi']	platiglab	40	['fancy_scatter', 'cumul_resid_dist', ['wandb_faux_pr_curve', {'thresh': 0.5}], ['wandb_faux_roc_curve', {'thresh': 0.5}]]	yogi-RBP-ML-linear-models-april-2025	17.0	train	['r2_score', 'rmse', 'sigmoid_r2']	False	all	False	False	cross_validation	5.0	5	False	1.0	ensembl_gene_id	ensembl_gene_id		True	binary	-0.0002734	0.334	-0.1607	0.1116	-9.836e-05	0.334	-0.1602						
dug84r2k	rare-sweep-550	finished	ElasticNet	ha252ijh	ElasticNet	0.49238826317067413	RBPSEDataset	100	100	0.9	K562	rbpse	mean_squared_error	1024	True	['target_psi']	platiglab	40	['fancy_scatter', 'cumul_resid_dist', ['wandb_faux_pr_curve', {'thresh': 0.5}], ['wandb_faux_roc_curve', {'thresh': 0.5}]]	yogi-RBP-ML-linear-models-april-2025	17.0	train	['r2_score', 'rmse', 'sigmoid_r2']	False	all	False	False	cross_validation	5.0	5	False	1.0	ensembl_gene_id	ensembl_gene_id		True	binary	-0.000133	0.3341	-0.1604	0.1116	-4.734e-05	0.334	-0.1602						
u3046nx9	sandy-sweep-551	finished	ElasticNet	ha252ijh	ElasticNet	0.49238826317067413	RBPSEDataset	200	100	0.9	K562	rbpse	mean_squared_error	1024	True	['target_psi']	platiglab	40	['fancy_scatter', 'cumul_resid_dist', ['wandb_faux_pr_curve', {'thresh': 0.5}], ['wandb_faux_roc_curve', {'thresh': 0.5}]]	yogi-RBP-ML-linear-models-april-2025	17.0	train	['r2_score', 'rmse', 'sigmoid_r2']	False	all	False	False	cross_validation	5.0	5	False	1.0	ensembl_gene_id	ensembl_gene_id		True	binary	-0.0008187	0.334	-0.1618	0.1116	-0.0003028	0.3341	-0.1602						
wbtjfpm2	vibrant-sweep-553	finished	ElasticNet	ha252ijh	ElasticNet	0.49238826317067413	RBPSEDataset	400	100	0.9	K562	rbpse	mean_squared_error	1024	True	['target_psi']	platiglab	40	['fancy_scatter', 'cumul_resid_dist', ['wandb_faux_pr_curve', {'thresh': 0.5}], ['wandb_faux_roc_curve', {'thresh': 0.5}]]	yogi-RBP-ML-linear-models-april-2025	17.0	train	['r2_score', 'rmse', 'sigmoid_r2']	False	all	False	False	cross_validation	5.0	5	False	1.0	ensembl_gene_id	ensembl_gene_id		True	binary	-0.0004317	0.334	-0.161	0.1116	-0.0001515	0.334	-0.1602						
2fgj92du	rural-sweep-554	finished	ElasticNet	ha252ijh	ElasticNet	0.49238826317067413	RBPSEDataset	500	100	0.9	K562	rbpse	mean_squared_error	1024	True	['target_psi']	platiglab	40	['fancy_scatter', 'cumul_resid_dist', ['wandb_faux_pr_curve', {'thresh': 0.5}], ['wandb_faux_roc_curve', {'thresh': 0.5}]]	yogi-RBP-ML-linear-models-april-2025	17.0	train	['r2_score', 'rmse', 'sigmoid_r2']	False	all	False	False	cross_validation	5.0	5	False	1.0	ensembl_gene_id	ensembl_gene_id		True	binary	-0.0004882	0.334	-0.1613	0.1116	-0.0001607	0.334	-0.1602						
o82eoxcb	sage-sweep-555	finished	ElasticNet	ha252ijh	ElasticNet	0.49238826317067413	RBPSEDataset	600	100	0.9	K562	rbpse	mean_squared_error	1024	True	['target_psi']	platiglab	40	['fancy_scatter', 'cumul_resid_dist', ['wandb_faux_pr_curve', {'thresh': 0.5}], ['wandb_faux_roc_curve', {'thresh': 0.5}]]	yogi-RBP-ML-linear-models-april-2025	17.0	train	['r2_score', 'rmse', 'sigmoid_r2']	False	all	False	False	cross_validation	5.0	5	False	1.0	ensembl_gene_id	ensembl_gene_id		True	binary	-0.0005609	0.334	-0.1614	0.1116	-0.0002066	0.334	-0.1602						
vt9aa64k	exalted-sweep-556	finished	ElasticNet	ha252ijh	ElasticNet	0.49238826317067413	RBPSEDataset	700	100	0.9	K562	rbpse	mean_squared_error	1024	True	['target_psi']	platiglab	40	['fancy_scatter', 'cumul_resid_dist', ['wandb_faux_pr_curve', {'thresh': 0.5}], ['wandb_faux_roc_curve', {'thresh': 0.5}]]	yogi-RBP-ML-linear-models-april-2025	17.0	train	['r2_score', 'rmse', 'sigmoid_r2']	False	all	False	False	cross_validation	5.0	5	False	1.0	ensembl_gene_id	ensembl_gene_id		True	binary	-0.0005921	0.334	-0.1614	0.1116	-0.0002029	0.334	-0.1602						
ho247diw	glowing-sweep-557	finished	ElasticNet	ha252ijh	ElasticNet	0.49238826317067413	RBPSEDataset	800	100	0.9	K562	rbpse	mean_squared_error	1024	True	['target_psi']	platiglab	40	['fancy_scatter', 'cumul_resid_dist', ['wandb_faux_pr_curve', {'thresh': 0.5}], ['wandb_faux_roc_curve', {'thresh': 0.5}]]	yogi-RBP-ML-linear-models-april-2025	17.0	train	['r2_score', 'rmse', 'sigmoid_r2']	False	all	False	False	cross_validation	5.0	5	False	1.0	ensembl_gene_id	ensembl_gene_id		True	binary	-0.0005625	0.3341	-0.1611	0.1116	-0.0001981	0.334	-0.1602						
gcklvrz5	rural-sweep-558	finished	ElasticNet	ha252ijh	ElasticNet	0.49238826317067413	RBPSEDataset	900	100	0.9	K562	rbpse	mean_squared_error	1024	True	['target_psi']	platiglab	40	['fancy_scatter', 'cumul_resid_dist', ['wandb_faux_pr_curve', {'thresh': 0.5}], ['wandb_faux_roc_curve', {'thresh': 0.5}]]	yogi-RBP-ML-linear-models-april-2025	17.0	train	['r2_score', 'rmse', 'sigmoid_r2']	False	all	False	False	cross_validation	5.0	5	False	1.0	ensembl_gene_id	ensembl_gene_id		True	binary	-0.0003228	0.3339	-0.1612	0.1116	-0.0001181	0.334	-0.1602						
pro0q59z	dauntless-sweep-559	finished	ElasticNet	ha252ijh	ElasticNet	0.49238826317067413	RBPSEDataset	100	100	1.0	K562	rbpse	mean_squared_error	1024	True	['target_psi']	platiglab	40	['fancy_scatter', 'cumul_resid_dist', ['wandb_faux_pr_curve', {'thresh': 0.5}], ['wandb_faux_roc_curve', {'thresh': 0.5}]]	yogi-RBP-ML-linear-models-april-2025	17.0	train	['r2_score', 'rmse', 'sigmoid_r2']	False	all	False	False	cross_validation	5.0	5	False	1.0	ensembl_gene_id	ensembl_gene_id		True	binary	-0.000133	0.3341	-0.1604	0.1116	-4.734e-05	0.334	-0.1602						
3gll9p32	scarlet-sweep-560	finished	ElasticNet	ha252ijh	ElasticNet	0.49238826317067413	RBPSEDataset	200	100	1.0	K562	rbpse	mean_squared_error	1024	True	['target_psi']	platiglab	40	['fancy_scatter', 'cumul_resid_dist', ['wandb_faux_pr_curve', {'thresh': 0.5}], ['wandb_faux_roc_curve', {'thresh': 0.5}]]	yogi-RBP-ML-linear-models-april-2025	17.0	train	['r2_score', 'rmse', 'sigmoid_r2']	False	all	False	False	cross_validation	5.0	5	False	1.0	ensembl_gene_id	ensembl_gene_id		True	binary	-0.0008187	0.334	-0.1618	0.1116	-0.0003028	0.3341	-0.1602						
mt15fhlj	wild-sweep-561	finished	ElasticNet	ha252ijh	ElasticNet	0.49238826317067413	RBPSEDataset	300	100	1.0	K562	rbpse	mean_squared_error	1024	True	['target_psi']	platiglab	40	['fancy_scatter', 'cumul_resid_dist', ['wandb_faux_pr_curve', {'thresh': 0.5}], ['wandb_faux_roc_curve', {'thresh': 0.5}]]	yogi-RBP-ML-linear-models-april-2025	17.0	train	['r2_score', 'rmse', 'sigmoid_r2']	False	all	False	False	cross_validation	5.0	5	False	1.0	ensembl_gene_id	ensembl_gene_id		True	binary	-0.0002734	0.334	-0.1607	0.1116	-9.836e-05	0.334	-0.1602						
7th0jaw5	crimson-sweep-562	finished	ElasticNet	ha252ijh	ElasticNet	0.49238826317067413	RBPSEDataset	400	100	1.0	K562	rbpse	mean_squared_error	1024	True	['target_psi']	platiglab	40	['fancy_scatter', 'cumul_resid_dist', ['wandb_faux_pr_curve', {'thresh': 0.5}], ['wandb_faux_roc_curve', {'thresh': 0.5}]]	yogi-RBP-ML-linear-models-april-2025	17.0	train	['r2_score', 'rmse', 'sigmoid_r2']	False	all	False	False	cross_validation	5.0	5	False	1.0	ensembl_gene_id	ensembl_gene_id		True	binary	-0.0004317	0.334	-0.161	0.1116	-0.0001515	0.334	-0.1602						
ydgwkonf	wandering-sweep-563	finished	ElasticNet	ha252ijh	ElasticNet	0.49238826317067413	RBPSEDataset	500	100	1.0	K562	rbpse	mean_squared_error	1024	True	['target_psi']	platiglab	40	['fancy_scatter', 'cumul_resid_dist', ['wandb_faux_pr_curve', {'thresh': 0.5}], ['wandb_faux_roc_curve', {'thresh': 0.5}]]	yogi-RBP-ML-linear-models-april-2025	17.0	train	['r2_score', 'rmse', 'sigmoid_r2']	False	all	False	False	cross_validation	5.0	5	False	1.0	ensembl_gene_id	ensembl_gene_id		True	binary	-0.0004882	0.334	-0.1613	0.1116	-0.0001607	0.334	-0.1602						
hsu5vpmg	bumbling-sweep-564	finished	ElasticNet	ha252ijh	ElasticNet	0.49238826317067413	RBPSEDataset	600	100	1.0	K562	rbpse	mean_squared_error	1024	True	['target_psi']	platiglab	40	['fancy_scatter', 'cumul_resid_dist', ['wandb_faux_pr_curve', {'thresh': 0.5}], ['wandb_faux_roc_curve', {'thresh': 0.5}]]	yogi-RBP-ML-linear-models-april-2025	17.0	train	['r2_score', 'rmse', 'sigmoid_r2']	False	all	False	False	cross_validation	5.0	5	False	1.0	ensembl_gene_id	ensembl_gene_id		True	binary	-0.0005609	0.334	-0.1614	0.1116	-0.0002066	0.334	-0.1602						
8o6mjj2n	morning-sweep-565	finished	ElasticNet	ha252ijh	ElasticNet	0.49238826317067413	RBPSEDataset	700	100	1.0	K562	rbpse	mean_squared_error	1024	True	['target_psi']	platiglab	40	['fancy_scatter', 'cumul_resid_dist', ['wandb_faux_pr_curve', {'thresh': 0.5}], ['wandb_faux_roc_curve', {'thresh': 0.5}]]	yogi-RBP-ML-linear-models-april-2025	17.0	train	['r2_score', 'rmse', 'sigmoid_r2']	False	all	False	False	cross_validation	5.0	5	False	1.0	ensembl_gene_id	ensembl_gene_id		True	binary	-0.0005921	0.334	-0.1614	0.1116	-0.0002029	0.334	-0.1602						
jz973uo0	vague-sweep-566	finished	ElasticNet	ha252ijh	ElasticNet	0.49238826317067413	RBPSEDataset	800	100	1.0	K562	rbpse	mean_squared_error	1024	True	['target_psi']	platiglab	40	['fancy_scatter', 'cumul_resid_dist', ['wandb_faux_pr_curve', {'thresh': 0.5}], ['wandb_faux_roc_curve', {'thresh': 0.5}]]	yogi-RBP-ML-linear-models-april-2025	17.0	train	['r2_score', 'rmse', 'sigmoid_r2']	False	all	False	False	cross_validation	5.0	5	False	1.0	ensembl_gene_id	ensembl_gene_id		True	binary	-0.0005625	0.3341	-0.1611	0.1116	-0.0001981	0.334	-0.1602						
scxcwcbh	hardy-sweep-567	finished	ElasticNet	ha252ijh	ElasticNet	0.49238826317067413	RBPSEDataset	900	100	1.0	K562	rbpse	mean_squared_error	1024	True	['target_psi']	platiglab	40	['fancy_scatter', 'cumul_resid_dist', ['wandb_faux_pr_curve', {'thresh': 0.5}], ['wandb_faux_roc_curve', {'thresh': 0.5}]]	yogi-RBP-ML-linear-models-april-2025	17.0	train	['r2_score', 'rmse', 'sigmoid_r2']	False	all	False	False	cross_validation	5.0	5	False	1.0	ensembl_gene_id	ensembl_gene_id		True	binary	-0.0003228	0.3339	-0.1612	0.1116	-0.0001181	0.334	-0.1602						
o5jimsap	pretty-sweep-577	finished	ElasticNet	ha252ijh	ElasticNet	1.4251026703029992	RBPSEDataset	100	100	0.1	K562	rbpse	mean_squared_error	1024	True	['target_psi']	platiglab	40	['fancy_scatter', 'cumul_resid_dist', ['wandb_faux_pr_curve', {'thresh': 0.5}], ['wandb_faux_roc_curve', {'thresh': 0.5}]]	yogi-RBP-ML-linear-models-april-2025	17.0	train	['r2_score', 'rmse', 'sigmoid_r2']	False	all	False	False	cross_validation	5.0	5	False	1.0	ensembl_gene_id	ensembl_gene_id		True	binary	-0.000133	0.3341	-0.1604	0.1116	-4.734e-05	0.334	-0.1602						
elnrzwv6	glowing-sweep-578	finished	ElasticNet	ha252ijh	ElasticNet	1.4251026703029992	RBPSEDataset	200	100	0.1	K562	rbpse	mean_squared_error	1024	True	['target_psi']	platiglab	40	['fancy_scatter', 'cumul_resid_dist', ['wandb_faux_pr_curve', {'thresh': 0.5}], ['wandb_faux_roc_curve', {'thresh': 0.5}]]	yogi-RBP-ML-linear-models-april-2025	17.0	train	['r2_score', 'rmse', 'sigmoid_r2']	False	all	False	False	cross_validation	5.0	5	False	1.0	ensembl_gene_id	ensembl_gene_id		True	binary	-0.0008187	0.334	-0.1618	0.1116	-0.0003028	0.3341	-0.1602						
0sruscg4	skilled-sweep-579	finished	ElasticNet	ha252ijh	ElasticNet	1.4251026703029992	RBPSEDataset	300	100	0.1	K562	rbpse	mean_squared_error	1024	True	['target_psi']	platiglab	40	['fancy_scatter', 'cumul_resid_dist', ['wandb_faux_pr_curve', {'thresh': 0.5}], ['wandb_faux_roc_curve', {'thresh': 0.5}]]	yogi-RBP-ML-linear-models-april-2025	17.0	train	['r2_score', 'rmse', 'sigmoid_r2']	False	all	False	False	cross_validation	5.0	5	False	1.0	ensembl_gene_id	ensembl_gene_id		True	binary	-0.0002734	0.334	-0.1607	0.1116	-9.836e-05	0.334	-0.1602						
xlsvgl55	sunny-sweep-580	finished	ElasticNet	ha252ijh	ElasticNet	1.4251026703029992	RBPSEDataset	400	100	0.1	K562	rbpse	mean_squared_error	1024	True	['target_psi']	platiglab	40	['fancy_scatter', 'cumul_resid_dist', ['wandb_faux_pr_curve', {'thresh': 0.5}], ['wandb_faux_roc_curve', {'thresh': 0.5}]]	yogi-RBP-ML-linear-models-april-2025	17.0	train	['r2_score', 'rmse', 'sigmoid_r2']	False	all	False	False	cross_validation	5.0	5	False	1.0	ensembl_gene_id	ensembl_gene_id		True	binary	-0.0004317	0.334	-0.161	0.1116	-0.0001515	0.334	-0.1602						
tvqeu70a	dandy-sweep-581	finished	ElasticNet	ha252ijh	ElasticNet	1.4251026703029992	RBPSEDataset	500	100	0.1	K562	rbpse	mean_squared_error	1024	True	['target_psi']	platiglab	40	['fancy_scatter', 'cumul_resid_dist', ['wandb_faux_pr_curve', {'thresh': 0.5}], ['wandb_faux_roc_curve', {'thresh': 0.5}]]	yogi-RBP-ML-linear-models-april-2025	17.0	train	['r2_score', 'rmse', 'sigmoid_r2']	False	all	False	False	cross_validation	5.0	5	False	1.0	ensembl_gene_id	ensembl_gene_id		True	binary	-0.0004882	0.334	-0.1613	0.1116	-0.0001607	0.334	-0.1602						
488wrx3p	gentle-sweep-582	finished	ElasticNet	ha252ijh	ElasticNet	1.4251026703029992	RBPSEDataset	600	100	0.1	K562	rbpse	mean_squared_error	1024	True	['target_psi']	platiglab	40	['fancy_scatter', 'cumul_resid_dist', ['wandb_faux_pr_curve', {'thresh': 0.5}], ['wandb_faux_roc_curve', {'thresh': 0.5}]]	yogi-RBP-ML-linear-models-april-2025	17.0	train	['r2_score', 'rmse', 'sigmoid_r2']	False	all	False	False	cross_validation	5.0	5	False	1.0	ensembl_gene_id	ensembl_gene_id		True	binary	-0.0005609	0.334	-0.1614	0.1116	-0.0002066	0.334	-0.1602						
y7pjlhbm	fresh-sweep-583	finished	ElasticNet	ha252ijh	ElasticNet	1.4251026703029992	RBPSEDataset	700	100	0.1	K562	rbpse	mean_squared_error	1024	True	['target_psi']	platiglab	40	['fancy_scatter', 'cumul_resid_dist', ['wandb_faux_pr_curve', {'thresh': 0.5}], ['wandb_faux_roc_curve', {'thresh': 0.5}]]	yogi-RBP-ML-linear-models-april-2025	17.0	train	['r2_score', 'rmse', 'sigmoid_r2']	False	all	False	False	cross_validation	5.0	5	False	1.0	ensembl_gene_id	ensembl_gene_id		True	binary	-0.0005921	0.334	-0.1614	0.1116	-0.0002029	0.334	-0.1602						
tdte3ro5	zesty-sweep-584	finished	ElasticNet	ha252ijh	ElasticNet	1.4251026703029992	RBPSEDataset	800	100	0.1	K562	rbpse	mean_squared_error	1024	True	['target_psi']	platiglab	40	['fancy_scatter', 'cumul_resid_dist', ['wandb_faux_pr_curve', {'thresh': 0.5}], ['wandb_faux_roc_curve', {'thresh': 0.5}]]	yogi-RBP-ML-linear-models-april-2025	17.0	train	['r2_score', 'rmse', 'sigmoid_r2']	False	all	False	False	cross_validation	5.0	5	False	1.0	ensembl_gene_id	ensembl_gene_id		True	binary	-0.0005625	0.3341	-0.1611	0.1116	-0.0001981	0.334	-0.1602						
0wupnygz	polar-sweep-586	finished	ElasticNet	ha252ijh	ElasticNet	1.4251026703029992	RBPSEDataset	100	100	0.25	K562	rbpse	mean_squared_error	1024	True	['target_psi']	platiglab	40	['fancy_scatter', 'cumul_resid_dist', ['wandb_faux_pr_curve', {'thresh': 0.5}], ['wandb_faux_roc_curve', {'thresh': 0.5}]]	yogi-RBP-ML-linear-models-april-2025	17.0	train	['r2_score', 'rmse', 'sigmoid_r2']	False	all	False	False	cross_validation	5.0	5	False	1.0	ensembl_gene_id	ensembl_gene_id		True	binary	-0.000133	0.3341	-0.1604	0.1116	-4.734e-05	0.334	-0.1602						
jmyg2fe9	different-sweep-585	finished	ElasticNet	ha252ijh	ElasticNet	1.4251026703029992	RBPSEDataset	900	100	0.1	K562	rbpse	mean_squared_error	1024	True	['target_psi']	platiglab	40	['fancy_scatter', 'cumul_resid_dist', ['wandb_faux_pr_curve', {'thresh': 0.5}], ['wandb_faux_roc_curve', {'thresh': 0.5}]]	yogi-RBP-ML-linear-models-april-2025	17.0	train	['r2_score', 'rmse', 'sigmoid_r2']	False	all	False	False	cross_validation	5.0	5	False	1.0	ensembl_gene_id	ensembl_gene_id		True	binary	-0.0003228	0.3339	-0.1612	0.1116	-0.0001181	0.334	-0.1602						
b55mzfym	trim-sweep-587	finished	ElasticNet	ha252ijh	ElasticNet	1.4251026703029992	RBPSEDataset	200	100	0.25	K562	rbpse	mean_squared_error	1024	True	['target_psi']	platiglab	40	['fancy_scatter', 'cumul_resid_dist', ['wandb_faux_pr_curve', {'thresh': 0.5}], ['wandb_faux_roc_curve', {'thresh': 0.5}]]	yogi-RBP-ML-linear-models-april-2025	17.0	train	['r2_score', 'rmse', 'sigmoid_r2']	False	all	False	False	cross_validation	5.0	5	False	1.0	ensembl_gene_id	ensembl_gene_id		True	binary	-0.0008187	0.334	-0.1618	0.1116	-0.0003028	0.3341	-0.1602						
mm55awzr	solar-sweep-588	finished	ElasticNet	ha252ijh	ElasticNet	1.4251026703029992	RBPSEDataset	300	100	0.25	K562	rbpse	mean_squared_error	1024	True	['target_psi']	platiglab	40	['fancy_scatter', 'cumul_resid_dist', ['wandb_faux_pr_curve', {'thresh': 0.5}], ['wandb_faux_roc_curve', {'thresh': 0.5}]]	yogi-RBP-ML-linear-models-april-2025	17.0	train	['r2_score', 'rmse', 'sigmoid_r2']	False	all	False	False	cross_validation	5.0	5	False	1.0	ensembl_gene_id	ensembl_gene_id		True	binary	-0.0002734	0.334	-0.1607	0.1116	-9.836e-05	0.334	-0.1602						
1th7m2zy	winter-sweep-589	finished	ElasticNet	ha252ijh	ElasticNet	1.4251026703029992	RBPSEDataset	400	100	0.25	K562	rbpse	mean_squared_error	1024	True	['target_psi']	platiglab	40	['fancy_scatter', 'cumul_resid_dist', ['wandb_faux_pr_curve', {'thresh': 0.5}], ['wandb_faux_roc_curve', {'thresh': 0.5}]]	yogi-RBP-ML-linear-models-april-2025	17.0	train	['r2_score', 'rmse', 'sigmoid_r2']	False	all	False	False	cross_validation	5.0	5	False	1.0	ensembl_gene_id	ensembl_gene_id		True	binary	-0.0004317	0.334	-0.161	0.1116	-0.0001515	0.334	-0.1602						
u75vvxso	eager-sweep-590	finished	ElasticNet	ha252ijh	ElasticNet	1.4251026703029992	RBPSEDataset	500	100	0.25	K562	rbpse	mean_squared_error	1024	True	['target_psi']	platiglab	40	['fancy_scatter', 'cumul_resid_dist', ['wandb_faux_pr_curve', {'thresh': 0.5}], ['wandb_faux_roc_curve', {'thresh': 0.5}]]	yogi-RBP-ML-linear-models-april-2025	17.0	train	['r2_score', 'rmse', 'sigmoid_r2']	False	all	False	False	cross_validation	5.0	5	False	1.0	ensembl_gene_id	ensembl_gene_id		True	binary	-0.0004882	0.334	-0.1613	0.1116	-0.0001607	0.334	-0.1602						
ngxclvqk	summer-sweep-591	finished	ElasticNet	ha252ijh	ElasticNet	1.4251026703029992	RBPSEDataset	600	100	0.25	K562	rbpse	mean_squared_error	1024	True	['target_psi']	platiglab	40	['fancy_scatter', 'cumul_resid_dist', ['wandb_faux_pr_curve', {'thresh': 0.5}], ['wandb_faux_roc_curve', {'thresh': 0.5}]]	yogi-RBP-ML-linear-models-april-2025	17.0	train	['r2_score', 'rmse', 'sigmoid_r2']	False	all	False	False	cross_validation	5.0	5	False	1.0	ensembl_gene_id	ensembl_gene_id		True	binary	-0.0005609	0.334	-0.1614	0.1116	-0.0002066	0.334	-0.1602						
sp7eji4y	toasty-sweep-592	finished	ElasticNet	ha252ijh	ElasticNet	1.4251026703029992	RBPSEDataset	700	100	0.25	K562	rbpse	mean_squared_error	1024	True	['target_psi']	platiglab	40	['fancy_scatter', 'cumul_resid_dist', ['wandb_faux_pr_curve', {'thresh': 0.5}], ['wandb_faux_roc_curve', {'thresh': 0.5}]]	yogi-RBP-ML-linear-models-april-2025	17.0	train	['r2_score', 'rmse', 'sigmoid_r2']	False	all	False	False	cross_validation	5.0	5	False	1.0	ensembl_gene_id	ensembl_gene_id		True	binary	-0.0005921	0.334	-0.1614	0.1116	-0.0002029	0.334	-0.1602						
lz2m9cn6	wobbly-sweep-593	finished	ElasticNet	ha252ijh	ElasticNet	1.4251026703029992	RBPSEDataset	800	100	0.25	K562	rbpse	mean_squared_error	1024	True	['target_psi']	platiglab	40	['fancy_scatter', 'cumul_resid_dist', ['wandb_faux_pr_curve', {'thresh': 0.5}], ['wandb_faux_roc_curve', {'thresh': 0.5}]]	yogi-RBP-ML-linear-models-april-2025	17.0	train	['r2_score', 'rmse', 'sigmoid_r2']	False	all	False	False	cross_validation	5.0	5	False	1.0	ensembl_gene_id	ensembl_gene_id		True	binary	-0.0005625	0.3341	-0.1611	0.1116	-0.0001981	0.334	-0.1602						
zdfi8514	eager-sweep-594	finished	ElasticNet	ha252ijh	ElasticNet	1.4251026703029992	RBPSEDataset	900	100	0.25	K562	rbpse	mean_squared_error	1024	True	['target_psi']	platiglab	40	['fancy_scatter', 'cumul_resid_dist', ['wandb_faux_pr_curve', {'thresh': 0.5}], ['wandb_faux_roc_curve', {'thresh': 0.5}]]	yogi-RBP-ML-linear-models-april-2025	17.0	train	['r2_score', 'rmse', 'sigmoid_r2']	False	all	False	False	cross_validation	5.0	5	False	1.0	ensembl_gene_id	ensembl_gene_id		True	binary	-0.0003228	0.3339	-0.1612	0.1116	-0.0001181	0.334	-0.1602						
4tjt3687	lucky-sweep-595	finished	ElasticNet	ha252ijh	ElasticNet	1.4251026703029992	RBPSEDataset	100	100	0.5	K562	rbpse	mean_squared_error	1024	True	['target_psi']	platiglab	40	['fancy_scatter', 'cumul_resid_dist', ['wandb_faux_pr_curve', {'thresh': 0.5}], ['wandb_faux_roc_curve', {'thresh': 0.5}]]	yogi-RBP-ML-linear-models-april-2025	17.0	train	['r2_score', 'rmse', 'sigmoid_r2']	False	all	False	False	cross_validation	5.0	5	False	1.0	ensembl_gene_id	ensembl_gene_id		True	binary	-0.000133	0.3341	-0.1604	0.1116	-4.734e-05	0.334	-0.1602						
yiiipbph	stellar-sweep-596	finished	ElasticNet	ha252ijh	ElasticNet	1.4251026703029992	RBPSEDataset	200	100	0.5	K562	rbpse	mean_squared_error	1024	True	['target_psi']	platiglab	40	['fancy_scatter', 'cumul_resid_dist', ['wandb_faux_pr_curve', {'thresh': 0.5}], ['wandb_faux_roc_curve', {'thresh': 0.5}]]	yogi-RBP-ML-linear-models-april-2025	17.0	train	['r2_score', 'rmse', 'sigmoid_r2']	False	all	False	False	cross_validation	5.0	5	False	1.0	ensembl_gene_id	ensembl_gene_id		True	binary	-0.0008187	0.334	-0.1618	0.1116	-0.0003028	0.3341	-0.1602						
wyy8s0a1	lucky-sweep-597	finished	ElasticNet	ha252ijh	ElasticNet	1.4251026703029992	RBPSEDataset	300	100	0.5	K562	rbpse	mean_squared_error	1024	True	['target_psi']	platiglab	40	['fancy_scatter', 'cumul_resid_dist', ['wandb_faux_pr_curve', {'thresh': 0.5}], ['wandb_faux_roc_curve', {'thresh': 0.5}]]	yogi-RBP-ML-linear-models-april-2025	17.0	train	['r2_score', 'rmse', 'sigmoid_r2']	False	all	False	False	cross_validation	5.0	5	False	1.0	ensembl_gene_id	ensembl_gene_id		True	binary	-0.0002734	0.334	-0.1607	0.1116	-9.836e-05	0.334	-0.1602						
n1j7yntk	sweet-sweep-598	finished	ElasticNet	ha252ijh	ElasticNet	1.4251026703029992	RBPSEDataset	400	100	0.5	K562	rbpse	mean_squared_error	1024	True	['target_psi']	platiglab	40	['fancy_scatter', 'cumul_resid_dist', ['wandb_faux_pr_curve', {'thresh': 0.5}], ['wandb_faux_roc_curve', {'thresh': 0.5}]]	yogi-RBP-ML-linear-models-april-2025	17.0	train	['r2_score', 'rmse', 'sigmoid_r2']	False	all	False	False	cross_validation	5.0	5	False	1.0	ensembl_gene_id	ensembl_gene_id		True	binary	-0.0004317	0.334	-0.161	0.1116	-0.0001515	0.334	-0.1602						
4iz4ah4j	pretty-sweep-600	finished	ElasticNet	ha252ijh	ElasticNet	1.4251026703029992	RBPSEDataset	600	100	0.5	K562	rbpse	mean_squared_error	1024	True	['target_psi']	platiglab	40	['fancy_scatter', 'cumul_resid_dist', ['wandb_faux_pr_curve', {'thresh': 0.5}], ['wandb_faux_roc_curve', {'thresh': 0.5}]]	yogi-RBP-ML-linear-models-april-2025	17.0	train	['r2_score', 'rmse', 'sigmoid_r2']	False	all	False	False	cross_validation	5.0	5	False	1.0	ensembl_gene_id	ensembl_gene_id		True	binary	-0.0005609	0.334	-0.1614	0.1116	-0.0002066	0.334	-0.1602						
m5g7qou8	scarlet-sweep-599	finished	ElasticNet	ha252ijh	ElasticNet	1.4251026703029992	RBPSEDataset	500	100	0.5	K562	rbpse	mean_squared_error	1024	True	['target_psi']	platiglab	40	['fancy_scatter', 'cumul_resid_dist', ['wandb_faux_pr_curve', {'thresh': 0.5}], ['wandb_faux_roc_curve', {'thresh': 0.5}]]	yogi-RBP-ML-linear-models-april-2025	17.0	train	['r2_score', 'rmse', 'sigmoid_r2']	False	all	False	False	cross_validation	5.0	5	False	1.0	ensembl_gene_id	ensembl_gene_id		True	binary	-0.0004882	0.334	-0.1613	0.1116	-0.0001607	0.334	-0.1602						
41has2m9	resilient-sweep-601	finished	ElasticNet	ha252ijh	ElasticNet	1.4251026703029992	RBPSEDataset	700	100	0.5	K562	rbpse	mean_squared_error	1024	True	['target_psi']	platiglab	40	['fancy_scatter', 'cumul_resid_dist', ['wandb_faux_pr_curve', {'thresh': 0.5}], ['wandb_faux_roc_curve', {'thresh': 0.5}]]	yogi-RBP-ML-linear-models-april-2025	17.0	train	['r2_score', 'rmse', 'sigmoid_r2']	False	all	False	False	cross_validation	5.0	5	False	1.0	ensembl_gene_id	ensembl_gene_id		True	binary	-0.0005921	0.334	-0.1614	0.1116	-0.0002029	0.334	-0.1602						
wcsg0fmv	gentle-sweep-602	finished	ElasticNet	ha252ijh	ElasticNet	1.4251026703029992	RBPSEDataset	800	100	0.5	K562	rbpse	mean_squared_error	1024	True	['target_psi']	platiglab	40	['fancy_scatter', 'cumul_resid_dist', ['wandb_faux_pr_curve', {'thresh': 0.5}], ['wandb_faux_roc_curve', {'thresh': 0.5}]]	yogi-RBP-ML-linear-models-april-2025	17.0	train	['r2_score', 'rmse', 'sigmoid_r2']	False	all	False	False	cross_validation	5.0	5	False	1.0	ensembl_gene_id	ensembl_gene_id		True	binary	-0.0005625	0.3341	-0.1611	0.1116	-0.0001981	0.334	-0.1602						
sx1efk41	sweepy-sweep-603	finished	ElasticNet	ha252ijh	ElasticNet	1.4251026703029992	RBPSEDataset	900	100	0.5	K562	rbpse	mean_squared_error	1024	True	['target_psi']	platiglab	40	['fancy_scatter', 'cumul_resid_dist', ['wandb_faux_pr_curve', {'thresh': 0.5}], ['wandb_faux_roc_curve', {'thresh': 0.5}]]	yogi-RBP-ML-linear-models-april-2025	17.0	train	['r2_score', 'rmse', 'sigmoid_r2']	False	all	False	False	cross_validation	5.0	5	False	1.0	ensembl_gene_id	ensembl_gene_id		True	binary	-0.0003228	0.3339	-0.1612	0.1116	-0.0001181	0.334	-0.1602						
7qbq8f9j	winter-sweep-604	finished	ElasticNet	ha252ijh	ElasticNet	1.4251026703029992	RBPSEDataset	100	100	0.75	K562	rbpse	mean_squared_error	1024	True	['target_psi']	platiglab	40	['fancy_scatter', 'cumul_resid_dist', ['wandb_faux_pr_curve', {'thresh': 0.5}], ['wandb_faux_roc_curve', {'thresh': 0.5}]]	yogi-RBP-ML-linear-models-april-2025	17.0	train	['r2_score', 'rmse', 'sigmoid_r2']	False	all	False	False	cross_validation	5.0	5	False	1.0	ensembl_gene_id	ensembl_gene_id		True	binary	-0.000133	0.3341	-0.1604	0.1116	-4.734e-05	0.334	-0.1602						
z788exwi	dulcet-sweep-605	finished	ElasticNet	ha252ijh	ElasticNet	1.4251026703029992	RBPSEDataset	200	100	0.75	K562	rbpse	mean_squared_error	1024	True	['target_psi']	platiglab	40	['fancy_scatter', 'cumul_resid_dist', ['wandb_faux_pr_curve', {'thresh': 0.5}], ['wandb_faux_roc_curve', {'thresh': 0.5}]]	yogi-RBP-ML-linear-models-april-2025	17.0	train	['r2_score', 'rmse', 'sigmoid_r2']	False	all	False	False	cross_validation	5.0	5	False	1.0	ensembl_gene_id	ensembl_gene_id		True	binary	-0.0008187	0.334	-0.1618	0.1116	-0.0003028	0.3341	-0.1602						
2fhc576c	restful-sweep-606	finished	ElasticNet	ha252ijh	ElasticNet	1.4251026703029992	RBPSEDataset	300	100	0.75	K562	rbpse	mean_squared_error	1024	True	['target_psi']	platiglab	40	['fancy_scatter', 'cumul_resid_dist', ['wandb_faux_pr_curve', {'thresh': 0.5}], ['wandb_faux_roc_curve', {'thresh': 0.5}]]	yogi-RBP-ML-linear-models-april-2025	17.0	train	['r2_score', 'rmse', 'sigmoid_r2']	False	all	False	False	cross_validation	5.0	5	False	1.0	ensembl_gene_id	ensembl_gene_id		True	binary	-0.0002734	0.334	-0.1607	0.1116	-9.836e-05	0.334	-0.1602						
37nx1r3p	good-sweep-607	finished	ElasticNet	ha252ijh	ElasticNet	1.4251026703029992	RBPSEDataset	400	100	0.75	K562	rbpse	mean_squared_error	1024	True	['target_psi']	platiglab	40	['fancy_scatter', 'cumul_resid_dist', ['wandb_faux_pr_curve', {'thresh': 0.5}], ['wandb_faux_roc_curve', {'thresh': 0.5}]]	yogi-RBP-ML-linear-models-april-2025	17.0	train	['r2_score', 'rmse', 'sigmoid_r2']	False	all	False	False	cross_validation	5.0	5	False	1.0	ensembl_gene_id	ensembl_gene_id		True	binary	-0.0004317	0.334	-0.161	0.1116	-0.0001515	0.334	-0.1602						
owt87vvb	fearless-sweep-608	finished	ElasticNet	ha252ijh	ElasticNet	1.4251026703029992	RBPSEDataset	500	100	0.75	K562	rbpse	mean_squared_error	1024	True	['target_psi']	platiglab	40	['fancy_scatter', 'cumul_resid_dist', ['wandb_faux_pr_curve', {'thresh': 0.5}], ['wandb_faux_roc_curve', {'thresh': 0.5}]]	yogi-RBP-ML-linear-models-april-2025	17.0	train	['r2_score', 'rmse', 'sigmoid_r2']	False	all	False	False	cross_validation	5.0	5	False	1.0	ensembl_gene_id	ensembl_gene_id		True	binary	-0.0004882	0.334	-0.1613	0.1116	-0.0001607	0.334	-0.1602						
t0cdupvu	comfy-sweep-609	finished	ElasticNet	ha252ijh	ElasticNet	1.4251026703029992	RBPSEDataset	600	100	0.75	K562	rbpse	mean_squared_error	1024	True	['target_psi']	platiglab	40	['fancy_scatter', 'cumul_resid_dist', ['wandb_faux_pr_curve', {'thresh': 0.5}], ['wandb_faux_roc_curve', {'thresh': 0.5}]]	yogi-RBP-ML-linear-models-april-2025	17.0	train	['r2_score', 'rmse', 'sigmoid_r2']	False	all	False	False	cross_validation	5.0	5	False	1.0	ensembl_gene_id	ensembl_gene_id		True	binary	-0.0005609	0.334	-0.1614	0.1116	-0.0002066	0.334	-0.1602						
zdsrcnzz	brisk-sweep-610	finished	ElasticNet	ha252ijh	ElasticNet	1.4251026703029992	RBPSEDataset	700	100	0.75	K562	rbpse	mean_squared_error	1024	True	['target_psi']	platiglab	40	['fancy_scatter', 'cumul_resid_dist', ['wandb_faux_pr_curve', {'thresh': 0.5}], ['wandb_faux_roc_curve', {'thresh': 0.5}]]	yogi-RBP-ML-linear-models-april-2025	17.0	train	['r2_score', 'rmse', 'sigmoid_r2']	False	all	False	False	cross_validation	5.0	5	False	1.0	ensembl_gene_id	ensembl_gene_id		True	binary	-0.0005921	0.334	-0.1614	0.1116	-0.0002029	0.334	-0.1602						
s2znkz02	giddy-sweep-611	finished	ElasticNet	ha252ijh	ElasticNet	1.4251026703029992	RBPSEDataset	800	100	0.75	K562	rbpse	mean_squared_error	1024	True	['target_psi']	platiglab	40	['fancy_scatter', 'cumul_resid_dist', ['wandb_faux_pr_curve', {'thresh': 0.5}], ['wandb_faux_roc_curve', {'thresh': 0.5}]]	yogi-RBP-ML-linear-models-april-2025	17.0	train	['r2_score', 'rmse', 'sigmoid_r2']	False	all	False	False	cross_validation	5.0	5	False	1.0	ensembl_gene_id	ensembl_gene_id		True	binary	-0.0005625	0.3341	-0.1611	0.1116	-0.0001981	0.334	-0.1602						
lv6tgd1b	breezy-sweep-612	finished	ElasticNet	ha252ijh	ElasticNet	1.4251026703029992	RBPSEDataset	900	100	0.75	K562	rbpse	mean_squared_error	1024	True	['target_psi']	platiglab	40	['fancy_scatter', 'cumul_resid_dist', ['wandb_faux_pr_curve', {'thresh': 0.5}], ['wandb_faux_roc_curve', {'thresh': 0.5}]]	yogi-RBP-ML-linear-models-april-2025	17.0	train	['r2_score', 'rmse', 'sigmoid_r2']	False	all	False	False	cross_validation	5.0	5	False	1.0	ensembl_gene_id	ensembl_gene_id		True	binary	-0.0003228	0.3339	-0.1612	0.1116	-0.0001181	0.334	-0.1602						
aaozegg2	fragrant-sweep-613	finished	ElasticNet	ha252ijh	ElasticNet	1.4251026703029992	RBPSEDataset	100	100	0.9	K562	rbpse	mean_squared_error	1024	True	['target_psi']	platiglab	40	['fancy_scatter', 'cumul_resid_dist', ['wandb_faux_pr_curve', {'thresh': 0.5}], ['wandb_faux_roc_curve', {'thresh': 0.5}]]	yogi-RBP-ML-linear-models-april-2025	17.0	train	['r2_score', 'rmse', 'sigmoid_r2']	False	all	False	False	cross_validation	5.0	5	False	1.0	ensembl_gene_id	ensembl_gene_id		True	binary	-0.000133	0.3341	-0.1604	0.1116	-4.734e-05	0.334	-0.1602						
5jxhqk89	volcanic-sweep-614	finished	ElasticNet	ha252ijh	ElasticNet	1.4251026703029992	RBPSEDataset	200	100	0.9	K562	rbpse	mean_squared_error	1024	True	['target_psi']	platiglab	40	['fancy_scatter', 'cumul_resid_dist', ['wandb_faux_pr_curve', {'thresh': 0.5}], ['wandb_faux_roc_curve', {'thresh': 0.5}]]	yogi-RBP-ML-linear-models-april-2025	17.0	train	['r2_score', 'rmse', 'sigmoid_r2']	False	all	False	False	cross_validation	5.0	5	False	1.0	ensembl_gene_id	ensembl_gene_id		True	binary	-0.0008187	0.334	-0.1618	0.1116	-0.0003028	0.3341	-0.1602						
rsn9hug5	helpful-sweep-615	finished	ElasticNet	ha252ijh	ElasticNet	1.4251026703029992	RBPSEDataset	300	100	0.9	K562	rbpse	mean_squared_error	1024	True	['target_psi']	platiglab	40	['fancy_scatter', 'cumul_resid_dist', ['wandb_faux_pr_curve', {'thresh': 0.5}], ['wandb_faux_roc_curve', {'thresh': 0.5}]]	yogi-RBP-ML-linear-models-april-2025	17.0	train	['r2_score', 'rmse', 'sigmoid_r2']	False	all	False	False	cross_validation	5.0	5	False	1.0	ensembl_gene_id	ensembl_gene_id		True	binary	-0.0002734	0.334	-0.1607	0.1116	-9.836e-05	0.334	-0.1602						
1wzxn0nu	genial-sweep-616	finished	ElasticNet	ha252ijh	ElasticNet	1.4251026703029992	RBPSEDataset	400	100	0.9	K562	rbpse	mean_squared_error	1024	True	['target_psi']	platiglab	40	['fancy_scatter', 'cumul_resid_dist', ['wandb_faux_pr_curve', {'thresh': 0.5}], ['wandb_faux_roc_curve', {'thresh': 0.5}]]	yogi-RBP-ML-linear-models-april-2025	17.0	train	['r2_score', 'rmse', 'sigmoid_r2']	False	all	False	False	cross_validation	5.0	5	False	1.0	ensembl_gene_id	ensembl_gene_id		True	binary	-0.0004317	0.334	-0.161	0.1116	-0.0001515	0.334	-0.1602						
alw2m9tk	gentle-sweep-617	finished	ElasticNet	ha252ijh	ElasticNet	1.4251026703029992	RBPSEDataset	500	100	0.9	K562	rbpse	mean_squared_error	1024	True	['target_psi']	platiglab	40	['fancy_scatter', 'cumul_resid_dist', ['wandb_faux_pr_curve', {'thresh': 0.5}], ['wandb_faux_roc_curve', {'thresh': 0.5}]]	yogi-RBP-ML-linear-models-april-2025	17.0	train	['r2_score', 'rmse', 'sigmoid_r2']	False	all	False	False	cross_validation	5.0	5	False	1.0	ensembl_gene_id	ensembl_gene_id		True	binary	-0.0004882	0.334	-0.1613	0.1116	-0.0001607	0.334	-0.1602						
v4hw24g6	vital-sweep-618	finished	ElasticNet	ha252ijh	ElasticNet	1.4251026703029992	RBPSEDataset	600	100	0.9	K562	rbpse	mean_squared_error	1024	True	['target_psi']	platiglab	40	['fancy_scatter', 'cumul_resid_dist', ['wandb_faux_pr_curve', {'thresh': 0.5}], ['wandb_faux_roc_curve', {'thresh': 0.5}]]	yogi-RBP-ML-linear-models-april-2025	17.0	train	['r2_score', 'rmse', 'sigmoid_r2']	False	all	False	False	cross_validation	5.0	5	False	1.0	ensembl_gene_id	ensembl_gene_id		True	binary	-0.0005609	0.334	-0.1614	0.1116	-0.0002066	0.334	-0.1602						
n7x4zkhx	hopeful-sweep-619	finished	ElasticNet	ha252ijh	ElasticNet	1.4251026703029992	RBPSEDataset	700	100	0.9	K562	rbpse	mean_squared_error	1024	True	['target_psi']	platiglab	40	['fancy_scatter', 'cumul_resid_dist', ['wandb_faux_pr_curve', {'thresh': 0.5}], ['wandb_faux_roc_curve', {'thresh': 0.5}]]	yogi-RBP-ML-linear-models-april-2025	17.0	train	['r2_score', 'rmse', 'sigmoid_r2']	False	all	False	False	cross_validation	5.0	5	False	1.0	ensembl_gene_id	ensembl_gene_id		True	binary	-0.0005921	0.334	-0.1614	0.1116	-0.0002029	0.334	-0.1602						
mhfknqnd	flowing-sweep-620	finished	ElasticNet	ha252ijh	ElasticNet	1.4251026703029992	RBPSEDataset	800	100	0.9	K562	rbpse	mean_squared_error	1024	True	['target_psi']	platiglab	40	['fancy_scatter', 'cumul_resid_dist', ['wandb_faux_pr_curve', {'thresh': 0.5}], ['wandb_faux_roc_curve', {'thresh': 0.5}]]	yogi-RBP-ML-linear-models-april-2025	17.0	train	['r2_score', 'rmse', 'sigmoid_r2']	False	all	False	False	cross_validation	5.0	5	False	1.0	ensembl_gene_id	ensembl_gene_id		True	binary	-0.0005625	0.3341	-0.1611	0.1116	-0.0001981	0.334	-0.1602						
1n9zgejc	magic-sweep-621	finished	ElasticNet	ha252ijh	ElasticNet	1.4251026703029992	RBPSEDataset	900	100	0.9	K562	rbpse	mean_squared_error	1024	True	['target_psi']	platiglab	40	['fancy_scatter', 'cumul_resid_dist', ['wandb_faux_pr_curve', {'thresh': 0.5}], ['wandb_faux_roc_curve', {'thresh': 0.5}]]	yogi-RBP-ML-linear-models-april-2025	17.0	train	['r2_score', 'rmse', 'sigmoid_r2']	False	all	False	False	cross_validation	5.0	5	False	1.0	ensembl_gene_id	ensembl_gene_id		True	binary	-0.0003228	0.3339	-0.1612	0.1116	-0.0001181	0.334	-0.1602						
j7fv4xs8	deep-sweep-622	finished	ElasticNet	ha252ijh	ElasticNet	1.4251026703029992	RBPSEDataset	100	100	1.0	K562	rbpse	mean_squared_error	1024	True	['target_psi']	platiglab	40	['fancy_scatter', 'cumul_resid_dist', ['wandb_faux_pr_curve', {'thresh': 0.5}], ['wandb_faux_roc_curve', {'thresh': 0.5}]]	yogi-RBP-ML-linear-models-april-2025	17.0	train	['r2_score', 'rmse', 'sigmoid_r2']	False	all	False	False	cross_validation	5.0	5	False	1.0	ensembl_gene_id	ensembl_gene_id		True	binary	-0.000133	0.3341	-0.1604	0.1116	-4.734e-05	0.334	-0.1602						
4u0df1jy	glamorous-sweep-623	finished	ElasticNet	ha252ijh	ElasticNet	1.4251026703029992	RBPSEDataset	200	100	1.0	K562	rbpse	mean_squared_error	1024	True	['target_psi']	platiglab	40	['fancy_scatter', 'cumul_resid_dist', ['wandb_faux_pr_curve', {'thresh': 0.5}], ['wandb_faux_roc_curve', {'thresh': 0.5}]]	yogi-RBP-ML-linear-models-april-2025	17.0	train	['r2_score', 'rmse', 'sigmoid_r2']	False	all	False	False	cross_validation	5.0	5	False	1.0	ensembl_gene_id	ensembl_gene_id		True	binary	-0.0008187	0.334	-0.1618	0.1116	-0.0003028	0.3341	-0.1602						
g64istjr	confused-sweep-624	finished	ElasticNet	ha252ijh	ElasticNet	1.4251026703029992	RBPSEDataset	300	100	1.0	K562	rbpse	mean_squared_error	1024	True	['target_psi']	platiglab	40	['fancy_scatter', 'cumul_resid_dist', ['wandb_faux_pr_curve', {'thresh': 0.5}], ['wandb_faux_roc_curve', {'thresh': 0.5}]]	yogi-RBP-ML-linear-models-april-2025	17.0	train	['r2_score', 'rmse', 'sigmoid_r2']	False	all	False	False	cross_validation	5.0	5	False	1.0	ensembl_gene_id	ensembl_gene_id		True	binary	-0.0002734	0.334	-0.1607	0.1116	-9.836e-05	0.334	-0.1602						
muob42ry	avid-sweep-625	finished	ElasticNet	ha252ijh	ElasticNet	1.4251026703029992	RBPSEDataset	400	100	1.0	K562	rbpse	mean_squared_error	1024	True	['target_psi']	platiglab	40	['fancy_scatter', 'cumul_resid_dist', ['wandb_faux_pr_curve', {'thresh': 0.5}], ['wandb_faux_roc_curve', {'thresh': 0.5}]]	yogi-RBP-ML-linear-models-april-2025	17.0	train	['r2_score', 'rmse', 'sigmoid_r2']	False	all	False	False	cross_validation	5.0	5	False	1.0	ensembl_gene_id	ensembl_gene_id		True	binary	-0.0004317	0.334	-0.161	0.1116	-0.0001515	0.334	-0.1602						
7ckjuysm	fine-sweep-626	finished	ElasticNet	ha252ijh	ElasticNet	1.4251026703029992	RBPSEDataset	500	100	1.0	K562	rbpse	mean_squared_error	1024	True	['target_psi']	platiglab	40	['fancy_scatter', 'cumul_resid_dist', ['wandb_faux_pr_curve', {'thresh': 0.5}], ['wandb_faux_roc_curve', {'thresh': 0.5}]]	yogi-RBP-ML-linear-models-april-2025	17.0	train	['r2_score', 'rmse', 'sigmoid_r2']	False	all	False	False	cross_validation	5.0	5	False	1.0	ensembl_gene_id	ensembl_gene_id		True	binary	-0.0004882	0.334	-0.1613	0.1116	-0.0001607	0.334	-0.1602						
tt51rgo2	major-sweep-627	finished	ElasticNet	ha252ijh	ElasticNet	1.4251026703029992	RBPSEDataset	600	100	1.0	K562	rbpse	mean_squared_error	1024	True	['target_psi']	platiglab	40	['fancy_scatter', 'cumul_resid_dist', ['wandb_faux_pr_curve', {'thresh': 0.5}], ['wandb_faux_roc_curve', {'thresh': 0.5}]]	yogi-RBP-ML-linear-models-april-2025	17.0	train	['r2_score', 'rmse', 'sigmoid_r2']	False	all	False	False	cross_validation	5.0	5	False	1.0	ensembl_gene_id	ensembl_gene_id		True	binary	-0.0005609	0.334	-0.1614	0.1116	-0.0002066	0.334	-0.1602						
jki2hooc	misunderstood-sweep-628	finished	ElasticNet	ha252ijh	ElasticNet	1.4251026703029992	RBPSEDataset	700	100	1.0	K562	rbpse	mean_squared_error	1024	True	['target_psi']	platiglab	40	['fancy_scatter', 'cumul_resid_dist', ['wandb_faux_pr_curve', {'thresh': 0.5}], ['wandb_faux_roc_curve', {'thresh': 0.5}]]	yogi-RBP-ML-linear-models-april-2025	17.0	train	['r2_score', 'rmse', 'sigmoid_r2']	False	all	False	False	cross_validation	5.0	5	False	1.0	ensembl_gene_id	ensembl_gene_id		True	binary	-0.0005921	0.334	-0.1614	0.1116	-0.0002029	0.334	-0.1602						
kngilw19	drawn-sweep-629	finished	ElasticNet	ha252ijh	ElasticNet	1.4251026703029992	RBPSEDataset	800	100	1.0	K562	rbpse	mean_squared_error	1024	True	['target_psi']	platiglab	40	['fancy_scatter', 'cumul_resid_dist', ['wandb_faux_pr_curve', {'thresh': 0.5}], ['wandb_faux_roc_curve', {'thresh': 0.5}]]	yogi-RBP-ML-linear-models-april-2025	17.0	train	['r2_score', 'rmse', 'sigmoid_r2']	False	all	False	False	cross_validation	5.0	5	False	1.0	ensembl_gene_id	ensembl_gene_id		True	binary	-0.0005625	0.3341	-0.1611	0.1116	-0.0001981	0.334	-0.1602						
wqpml8i2	lyric-sweep-630	finished	ElasticNet	ha252ijh	ElasticNet	1.4251026703029992	RBPSEDataset	900	100	1.0	K562	rbpse	mean_squared_error	1024	True	['target_psi']	platiglab	40	['fancy_scatter', 'cumul_resid_dist', ['wandb_faux_pr_curve', {'thresh': 0.5}], ['wandb_faux_roc_curve', {'thresh': 0.5}]]	yogi-RBP-ML-linear-models-april-2025	17.0	train	['r2_score', 'rmse', 'sigmoid_r2']	False	all	False	False	cross_validation	5.0	5	False	1.0	ensembl_gene_id	ensembl_gene_id		True	binary	-0.0003228	0.3339	-0.1612	0.1116	-0.0001181	0.334	-0.1602						
i56k9zar	autumn-sweep-640	finished	ElasticNet	ha252ijh	ElasticNet	4.124626382901356	RBPSEDataset	100	100	0.1	K562	rbpse	mean_squared_error	1024	True	['target_psi']	platiglab	40	['fancy_scatter', 'cumul_resid_dist', ['wandb_faux_pr_curve', {'thresh': 0.5}], ['wandb_faux_roc_curve', {'thresh': 0.5}]]	yogi-RBP-ML-linear-models-april-2025	17.0	train	['r2_score', 'rmse', 'sigmoid_r2']	False	all	False	False	cross_validation	5.0	5	False	1.0	ensembl_gene_id	ensembl_gene_id		True	binary	-0.000133	0.3341	-0.1604	0.1116	-4.734e-05	0.334	-0.1602						
yvu192qt	sweepy-sweep-641	finished	ElasticNet	ha252ijh	ElasticNet	4.124626382901356	RBPSEDataset	200	100	0.1	K562	rbpse	mean_squared_error	1024	True	['target_psi']	platiglab	40	['fancy_scatter', 'cumul_resid_dist', ['wandb_faux_pr_curve', {'thresh': 0.5}], ['wandb_faux_roc_curve', {'thresh': 0.5}]]	yogi-RBP-ML-linear-models-april-2025	17.0	train	['r2_score', 'rmse', 'sigmoid_r2']	False	all	False	False	cross_validation	5.0	5	False	1.0	ensembl_gene_id	ensembl_gene_id		True	binary	-0.0008187	0.334	-0.1618	0.1116	-0.0003028	0.3341	-0.1602						
osd3uvky	comfy-sweep-642	finished	ElasticNet	ha252ijh	ElasticNet	4.124626382901356	RBPSEDataset	300	100	0.1	K562	rbpse	mean_squared_error	1024	True	['target_psi']	platiglab	40	['fancy_scatter', 'cumul_resid_dist', ['wandb_faux_pr_curve', {'thresh': 0.5}], ['wandb_faux_roc_curve', {'thresh': 0.5}]]	yogi-RBP-ML-linear-models-april-2025	17.0	train	['r2_score', 'rmse', 'sigmoid_r2']	False	all	False	False	cross_validation	5.0	5	False	1.0	ensembl_gene_id	ensembl_gene_id		True	binary	-0.0002734	0.334	-0.1607	0.1116	-9.836e-05	0.334	-0.1602						
xc597bta	dark-sweep-643	finished	ElasticNet	ha252ijh	ElasticNet	4.124626382901356	RBPSEDataset	400	100	0.1	K562	rbpse	mean_squared_error	1024	True	['target_psi']	platiglab	40	['fancy_scatter', 'cumul_resid_dist', ['wandb_faux_pr_curve', {'thresh': 0.5}], ['wandb_faux_roc_curve', {'thresh': 0.5}]]	yogi-RBP-ML-linear-models-april-2025	17.0	train	['r2_score', 'rmse', 'sigmoid_r2']	False	all	False	False	cross_validation	5.0	5	False	1.0	ensembl_gene_id	ensembl_gene_id		True	binary	-0.0004317	0.334	-0.161	0.1116	-0.0001515	0.334	-0.1602						
ezujueuf	major-sweep-644	finished	ElasticNet	ha252ijh	ElasticNet	4.124626382901356	RBPSEDataset	500	100	0.1	K562	rbpse	mean_squared_error	1024	True	['target_psi']	platiglab	40	['fancy_scatter', 'cumul_resid_dist', ['wandb_faux_pr_curve', {'thresh': 0.5}], ['wandb_faux_roc_curve', {'thresh': 0.5}]]	yogi-RBP-ML-linear-models-april-2025	17.0	train	['r2_score', 'rmse', 'sigmoid_r2']	False	all	False	False	cross_validation	5.0	5	False	1.0	ensembl_gene_id	ensembl_gene_id		True	binary	-0.0004882	0.334	-0.1613	0.1116	-0.0001607	0.334	-0.1602						
ogh4rz8q	sleek-sweep-645	finished	ElasticNet	ha252ijh	ElasticNet	4.124626382901356	RBPSEDataset	600	100	0.1	K562	rbpse	mean_squared_error	1024	True	['target_psi']	platiglab	40	['fancy_scatter', 'cumul_resid_dist', ['wandb_faux_pr_curve', {'thresh': 0.5}], ['wandb_faux_roc_curve', {'thresh': 0.5}]]	yogi-RBP-ML-linear-models-april-2025	17.0	train	['r2_score', 'rmse', 'sigmoid_r2']	False	all	False	False	cross_validation	5.0	5	False	1.0	ensembl_gene_id	ensembl_gene_id		True	binary	-0.0005609	0.334	-0.1614	0.1116	-0.0002066	0.334	-0.1602						
va8w973o	fast-sweep-646	finished	ElasticNet	ha252ijh	ElasticNet	4.124626382901356	RBPSEDataset	700	100	0.1	K562	rbpse	mean_squared_error	1024	True	['target_psi']	platiglab	40	['fancy_scatter', 'cumul_resid_dist', ['wandb_faux_pr_curve', {'thresh': 0.5}], ['wandb_faux_roc_curve', {'thresh': 0.5}]]	yogi-RBP-ML-linear-models-april-2025	17.0	train	['r2_score', 'rmse', 'sigmoid_r2']	False	all	False	False	cross_validation	5.0	5	False	1.0	ensembl_gene_id	ensembl_gene_id		True	binary	-0.0005921	0.334	-0.1614	0.1116	-0.0002029	0.334	-0.1602						
tqr5t701	swift-sweep-647	finished	ElasticNet	ha252ijh	ElasticNet	4.124626382901356	RBPSEDataset	800	100	0.1	K562	rbpse	mean_squared_error	1024	True	['target_psi']	platiglab	40	['fancy_scatter', 'cumul_resid_dist', ['wandb_faux_pr_curve', {'thresh': 0.5}], ['wandb_faux_roc_curve', {'thresh': 0.5}]]	yogi-RBP-ML-linear-models-april-2025	17.0	train	['r2_score', 'rmse', 'sigmoid_r2']	False	all	False	False	cross_validation	5.0	5	False	1.0	ensembl_gene_id	ensembl_gene_id		True	binary	-0.0005625	0.3341	-0.1611	0.1116	-0.0001981	0.334	-0.1602						
3hcmqu0d	legendary-sweep-648	finished	ElasticNet	ha252ijh	ElasticNet	4.124626382901356	RBPSEDataset	900	100	0.1	K562	rbpse	mean_squared_error	1024	True	['target_psi']	platiglab	40	['fancy_scatter', 'cumul_resid_dist', ['wandb_faux_pr_curve', {'thresh': 0.5}], ['wandb_faux_roc_curve', {'thresh': 0.5}]]	yogi-RBP-ML-linear-models-april-2025	17.0	train	['r2_score', 'rmse', 'sigmoid_r2']	False	all	False	False	cross_validation	5.0	5	False	1.0	ensembl_gene_id	ensembl_gene_id		True	binary	-0.0003228	0.3339	-0.1612	0.1116	-0.0001181	0.334	-0.1602						
rnzuieav	eager-sweep-649	finished	ElasticNet	ha252ijh	ElasticNet	4.124626382901356	RBPSEDataset	100	100	0.25	K562	rbpse	mean_squared_error	1024	True	['target_psi']	platiglab	40	['fancy_scatter', 'cumul_resid_dist', ['wandb_faux_pr_curve', {'thresh': 0.5}], ['wandb_faux_roc_curve', {'thresh': 0.5}]]	yogi-RBP-ML-linear-models-april-2025	17.0	train	['r2_score', 'rmse', 'sigmoid_r2']	False	all	False	False	cross_validation	5.0	5	False	1.0	ensembl_gene_id	ensembl_gene_id		True	binary	-0.000133	0.3341	-0.1604	0.1116	-4.734e-05	0.334	-0.1602						
yjpqxcsn	earnest-sweep-650	finished	ElasticNet	ha252ijh	ElasticNet	4.124626382901356	RBPSEDataset	200	100	0.25	K562	rbpse	mean_squared_error	1024	True	['target_psi']	platiglab	40	['fancy_scatter', 'cumul_resid_dist', ['wandb_faux_pr_curve', {'thresh': 0.5}], ['wandb_faux_roc_curve', {'thresh': 0.5}]]	yogi-RBP-ML-linear-models-april-2025	17.0	train	['r2_score', 'rmse', 'sigmoid_r2']	False	all	False	False	cross_validation	5.0	5	False	1.0	ensembl_gene_id	ensembl_gene_id		True	binary	-0.0008187	0.334	-0.1618	0.1116	-0.0003028	0.3341	-0.1602						
ysv3iw2t	polished-sweep-651	finished	ElasticNet	ha252ijh	ElasticNet	4.124626382901356	RBPSEDataset	300	100	0.25	K562	rbpse	mean_squared_error	1024	True	['target_psi']	platiglab	40	['fancy_scatter', 'cumul_resid_dist', ['wandb_faux_pr_curve', {'thresh': 0.5}], ['wandb_faux_roc_curve', {'thresh': 0.5}]]	yogi-RBP-ML-linear-models-april-2025	17.0	train	['r2_score', 'rmse', 'sigmoid_r2']	False	all	False	False	cross_validation	5.0	5	False	1.0	ensembl_gene_id	ensembl_gene_id		True	binary	-0.0002734	0.334	-0.1607	0.1116	-9.836e-05	0.334	-0.1602						
b57do9p2	astral-sweep-652	finished	ElasticNet	ha252ijh	ElasticNet	4.124626382901356	RBPSEDataset	400	100	0.25	K562	rbpse	mean_squared_error	1024	True	['target_psi']	platiglab	40	['fancy_scatter', 'cumul_resid_dist', ['wandb_faux_pr_curve', {'thresh': 0.5}], ['wandb_faux_roc_curve', {'thresh': 0.5}]]	yogi-RBP-ML-linear-models-april-2025	17.0	train	['r2_score', 'rmse', 'sigmoid_r2']	False	all	False	False	cross_validation	5.0	5	False	1.0	ensembl_gene_id	ensembl_gene_id		True	binary	-0.0004317	0.334	-0.161	0.1116	-0.0001515	0.334	-0.1602						
kfs4h0qr	exalted-sweep-653	finished	ElasticNet	ha252ijh	ElasticNet	4.124626382901356	RBPSEDataset	500	100	0.25	K562	rbpse	mean_squared_error	1024	True	['target_psi']	platiglab	40	['fancy_scatter', 'cumul_resid_dist', ['wandb_faux_pr_curve', {'thresh': 0.5}], ['wandb_faux_roc_curve', {'thresh': 0.5}]]	yogi-RBP-ML-linear-models-april-2025	17.0	train	['r2_score', 'rmse', 'sigmoid_r2']	False	all	False	False	cross_validation	5.0	5	False	1.0	ensembl_gene_id	ensembl_gene_id		True	binary	-0.0004882	0.334	-0.1613	0.1116	-0.0001607	0.334	-0.1602						
ulf148e5	giddy-sweep-654	finished	ElasticNet	ha252ijh	ElasticNet	4.124626382901356	RBPSEDataset	600	100	0.25	K562	rbpse	mean_squared_error	1024	True	['target_psi']	platiglab	40	['fancy_scatter', 'cumul_resid_dist', ['wandb_faux_pr_curve', {'thresh': 0.5}], ['wandb_faux_roc_curve', {'thresh': 0.5}]]	yogi-RBP-ML-linear-models-april-2025	17.0	train	['r2_score', 'rmse', 'sigmoid_r2']	False	all	False	False	cross_validation	5.0	5	False	1.0	ensembl_gene_id	ensembl_gene_id		True	binary	-0.0005609	0.334	-0.1614	0.1116	-0.0002066	0.334	-0.1602						
99qhk9ig	fancy-sweep-655	finished	ElasticNet	ha252ijh	ElasticNet	4.124626382901356	RBPSEDataset	700	100	0.25	K562	rbpse	mean_squared_error	1024	True	['target_psi']	platiglab	40	['fancy_scatter', 'cumul_resid_dist', ['wandb_faux_pr_curve', {'thresh': 0.5}], ['wandb_faux_roc_curve', {'thresh': 0.5}]]	yogi-RBP-ML-linear-models-april-2025	17.0	train	['r2_score', 'rmse', 'sigmoid_r2']	False	all	False	False	cross_validation	5.0	5	False	1.0	ensembl_gene_id	ensembl_gene_id		True	binary	-0.0005921	0.334	-0.1614	0.1116	-0.0002029	0.334	-0.1602						
culai65j	quiet-sweep-656	finished	ElasticNet	ha252ijh	ElasticNet	4.124626382901356	RBPSEDataset	800	100	0.25	K562	rbpse	mean_squared_error	1024	True	['target_psi']	platiglab	40	['fancy_scatter', 'cumul_resid_dist', ['wandb_faux_pr_curve', {'thresh': 0.5}], ['wandb_faux_roc_curve', {'thresh': 0.5}]]	yogi-RBP-ML-linear-models-april-2025	17.0	train	['r2_score', 'rmse', 'sigmoid_r2']	False	all	False	False	cross_validation	5.0	5	False	1.0	ensembl_gene_id	ensembl_gene_id		True	binary	-0.0005625	0.3341	-0.1611	0.1116	-0.0001981	0.334	-0.1602						
64jvf8uo	misty-sweep-657	finished	ElasticNet	ha252ijh	ElasticNet	4.124626382901356	RBPSEDataset	900	100	0.25	K562	rbpse	mean_squared_error	1024	True	['target_psi']	platiglab	40	['fancy_scatter', 'cumul_resid_dist', ['wandb_faux_pr_curve', {'thresh': 0.5}], ['wandb_faux_roc_curve', {'thresh': 0.5}]]	yogi-RBP-ML-linear-models-april-2025	17.0	train	['r2_score', 'rmse', 'sigmoid_r2']	False	all	False	False	cross_validation	5.0	5	False	1.0	ensembl_gene_id	ensembl_gene_id		True	binary	-0.0003228	0.3339	-0.1612	0.1116	-0.0001181	0.334	-0.1602						
wsp0my5g	likely-sweep-658	finished	ElasticNet	ha252ijh	ElasticNet	4.124626382901356	RBPSEDataset	100	100	0.5	K562	rbpse	mean_squared_error	1024	True	['target_psi']	platiglab	40	['fancy_scatter', 'cumul_resid_dist', ['wandb_faux_pr_curve', {'thresh': 0.5}], ['wandb_faux_roc_curve', {'thresh': 0.5}]]	yogi-RBP-ML-linear-models-april-2025	17.0	train	['r2_score', 'rmse', 'sigmoid_r2']	False	all	False	False	cross_validation	5.0	5	False	1.0	ensembl_gene_id	ensembl_gene_id		True	binary	-0.000133	0.3341	-0.1604	0.1116	-4.734e-05	0.334	-0.1602						
rb72t7hm	denim-sweep-659	finished	ElasticNet	ha252ijh	ElasticNet	4.124626382901356	RBPSEDataset	200	100	0.5	K562	rbpse	mean_squared_error	1024	True	['target_psi']	platiglab	40	['fancy_scatter', 'cumul_resid_dist', ['wandb_faux_pr_curve', {'thresh': 0.5}], ['wandb_faux_roc_curve', {'thresh': 0.5}]]	yogi-RBP-ML-linear-models-april-2025	17.0	train	['r2_score', 'rmse', 'sigmoid_r2']	False	all	False	False	cross_validation	5.0	5	False	1.0	ensembl_gene_id	ensembl_gene_id		True	binary	-0.0008187	0.334	-0.1618	0.1116	-0.0003028	0.3341	-0.1602						
xqa80zdz	flowing-sweep-660	finished	ElasticNet	ha252ijh	ElasticNet	4.124626382901356	RBPSEDataset	300	100	0.5	K562	rbpse	mean_squared_error	1024	True	['target_psi']	platiglab	40	['fancy_scatter', 'cumul_resid_dist', ['wandb_faux_pr_curve', {'thresh': 0.5}], ['wandb_faux_roc_curve', {'thresh': 0.5}]]	yogi-RBP-ML-linear-models-april-2025	17.0	train	['r2_score', 'rmse', 'sigmoid_r2']	False	all	False	False	cross_validation	5.0	5	False	1.0	ensembl_gene_id	ensembl_gene_id		True	binary	-0.0002734	0.334	-0.1607	0.1116	-9.836e-05	0.334	-0.1602						
asp5dj98	dry-sweep-662	finished	ElasticNet	ha252ijh	ElasticNet	4.124626382901356	RBPSEDataset	500	100	0.5	K562	rbpse	mean_squared_error	1024	True	['target_psi']	platiglab	40	['fancy_scatter', 'cumul_resid_dist', ['wandb_faux_pr_curve', {'thresh': 0.5}], ['wandb_faux_roc_curve', {'thresh': 0.5}]]	yogi-RBP-ML-linear-models-april-2025	17.0	train	['r2_score', 'rmse', 'sigmoid_r2']	False	all	False	False	cross_validation	5.0	5	False	1.0	ensembl_gene_id	ensembl_gene_id		True	binary	-0.0004882	0.334	-0.1613	0.1116	-0.0001607	0.334	-0.1602						
j8hjsstm	gentle-sweep-665	finished	ElasticNet	ha252ijh	ElasticNet	4.124626382901356	RBPSEDataset	800	100	0.5	K562	rbpse	mean_squared_error	1024	True	['target_psi']	platiglab	40	['fancy_scatter', 'cumul_resid_dist', ['wandb_faux_pr_curve', {'thresh': 0.5}], ['wandb_faux_roc_curve', {'thresh': 0.5}]]	yogi-RBP-ML-linear-models-april-2025	17.0	train	['r2_score', 'rmse', 'sigmoid_r2']	False	all	False	False	cross_validation	5.0	5	False	1.0	ensembl_gene_id	ensembl_gene_id		True	binary	-0.0005625	0.3341	-0.1611	0.1116	-0.0001981	0.334	-0.1602						
kretti2h	summer-sweep-664	finished	ElasticNet	ha252ijh	ElasticNet	4.124626382901356	RBPSEDataset	700	100	0.5	K562	rbpse	mean_squared_error	1024	True	['target_psi']	platiglab	40	['fancy_scatter', 'cumul_resid_dist', ['wandb_faux_pr_curve', {'thresh': 0.5}], ['wandb_faux_roc_curve', {'thresh': 0.5}]]	yogi-RBP-ML-linear-models-april-2025	17.0	train	['r2_score', 'rmse', 'sigmoid_r2']	False	all	False	False	cross_validation	5.0	5	False	1.0	ensembl_gene_id	ensembl_gene_id		True	binary	-0.0005921	0.334	-0.1614	0.1116	-0.0002029	0.334	-0.1602						
snu9wmo9	effortless-sweep-661	finished	ElasticNet	ha252ijh	ElasticNet	4.124626382901356	RBPSEDataset	400	100	0.5	K562	rbpse	mean_squared_error	1024	True	['target_psi']	platiglab	40	['fancy_scatter', 'cumul_resid_dist', ['wandb_faux_pr_curve', {'thresh': 0.5}], ['wandb_faux_roc_curve', {'thresh': 0.5}]]	yogi-RBP-ML-linear-models-april-2025	17.0	train	['r2_score', 'rmse', 'sigmoid_r2']	False	all	False	False	cross_validation	5.0	5	False	1.0	ensembl_gene_id	ensembl_gene_id		True	binary	-0.0004317	0.334	-0.161	0.1116	-0.0001515	0.334	-0.1602						
vb9znhki	denim-sweep-663	finished	ElasticNet	ha252ijh	ElasticNet	4.124626382901356	RBPSEDataset	600	100	0.5	K562	rbpse	mean_squared_error	1024	True	['target_psi']	platiglab	40	['fancy_scatter', 'cumul_resid_dist', ['wandb_faux_pr_curve', {'thresh': 0.5}], ['wandb_faux_roc_curve', {'thresh': 0.5}]]	yogi-RBP-ML-linear-models-april-2025	17.0	train	['r2_score', 'rmse', 'sigmoid_r2']	False	all	False	False	cross_validation	5.0	5	False	1.0	ensembl_gene_id	ensembl_gene_id		True	binary	-0.0005609	0.334	-0.1614	0.1116	-0.0002066	0.334	-0.1602						
36evmdnb	clear-sweep-670	finished	ElasticNet	ha252ijh	ElasticNet	4.124626382901356	RBPSEDataset	400	100	0.75	K562	rbpse	mean_squared_error	1024	True	['target_psi']	platiglab	40	['fancy_scatter', 'cumul_resid_dist', ['wandb_faux_pr_curve', {'thresh': 0.5}], ['wandb_faux_roc_curve', {'thresh': 0.5}]]	yogi-RBP-ML-linear-models-april-2025	17.0	train	['r2_score', 'rmse', 'sigmoid_r2']	False	all	False	False	cross_validation	5.0	5	False	1.0	ensembl_gene_id	ensembl_gene_id		True	binary	-0.0004317	0.334	-0.161	0.1116	-0.0001515	0.334	-0.1602						
ehcxuzv5	dashing-sweep-667	finished	ElasticNet	ha252ijh	ElasticNet	4.124626382901356	RBPSEDataset	100	100	0.75	K562	rbpse	mean_squared_error	1024	True	['target_psi']	platiglab	40	['fancy_scatter', 'cumul_resid_dist', ['wandb_faux_pr_curve', {'thresh': 0.5}], ['wandb_faux_roc_curve', {'thresh': 0.5}]]	yogi-RBP-ML-linear-models-april-2025	17.0	train	['r2_score', 'rmse', 'sigmoid_r2']	False	all	False	False	cross_validation	5.0	5	False	1.0	ensembl_gene_id	ensembl_gene_id		True	binary	-0.000133	0.3341	-0.1604	0.1116	-4.734e-05	0.334	-0.1602						
mmcw06hb	wobbly-sweep-668	finished	ElasticNet	ha252ijh	ElasticNet	4.124626382901356	RBPSEDataset	200	100	0.75	K562	rbpse	mean_squared_error	1024	True	['target_psi']	platiglab	40	['fancy_scatter', 'cumul_resid_dist', ['wandb_faux_pr_curve', {'thresh': 0.5}], ['wandb_faux_roc_curve', {'thresh': 0.5}]]	yogi-RBP-ML-linear-models-april-2025	17.0	train	['r2_score', 'rmse', 'sigmoid_r2']	False	all	False	False	cross_validation	5.0	5	False	1.0	ensembl_gene_id	ensembl_gene_id		True	binary	-0.0008187	0.334	-0.1618	0.1116	-0.0003028	0.3341	-0.1602						
r0ai8ob8	sunny-sweep-666	finished	ElasticNet	ha252ijh	ElasticNet	4.124626382901356	RBPSEDataset	900	100	0.5	K562	rbpse	mean_squared_error	1024	True	['target_psi']	platiglab	40	['fancy_scatter', 'cumul_resid_dist', ['wandb_faux_pr_curve', {'thresh': 0.5}], ['wandb_faux_roc_curve', {'thresh': 0.5}]]	yogi-RBP-ML-linear-models-april-2025	17.0	train	['r2_score', 'rmse', 'sigmoid_r2']	False	all	False	False	cross_validation	5.0	5	False	1.0	ensembl_gene_id	ensembl_gene_id		True	binary	-0.0003228	0.3339	-0.1612	0.1116	-0.0001181	0.334	-0.1602						
wnf1un5t	gentle-sweep-669	finished	ElasticNet	ha252ijh	ElasticNet	4.124626382901356	RBPSEDataset	300	100	0.75	K562	rbpse	mean_squared_error	1024	True	['target_psi']	platiglab	40	['fancy_scatter', 'cumul_resid_dist', ['wandb_faux_pr_curve', {'thresh': 0.5}], ['wandb_faux_roc_curve', {'thresh': 0.5}]]	yogi-RBP-ML-linear-models-april-2025	17.0	train	['r2_score', 'rmse', 'sigmoid_r2']	False	all	False	False	cross_validation	5.0	5	False	1.0	ensembl_gene_id	ensembl_gene_id		True	binary	-0.0002734	0.334	-0.1607	0.1116	-9.836e-05	0.334	-0.1602						
dkanaz1m	gentle-sweep-672	finished	ElasticNet	ha252ijh	ElasticNet	4.124626382901356	RBPSEDataset	600	100	0.75	K562	rbpse	mean_squared_error	1024	True	['target_psi']	platiglab	40	['fancy_scatter', 'cumul_resid_dist', ['wandb_faux_pr_curve', {'thresh': 0.5}], ['wandb_faux_roc_curve', {'thresh': 0.5}]]	yogi-RBP-ML-linear-models-april-2025	17.0	train	['r2_score', 'rmse', 'sigmoid_r2']	False	all	False	False	cross_validation	5.0	5	False	1.0	ensembl_gene_id	ensembl_gene_id		True	binary	-0.0005609	0.334	-0.1614	0.1116	-0.0002066	0.334	-0.1602						
jyvgbzj2	misty-sweep-673	finished	ElasticNet	ha252ijh	ElasticNet	4.124626382901356	RBPSEDataset	700	100	0.75	K562	rbpse	mean_squared_error	1024	True	['target_psi']	platiglab	40	['fancy_scatter', 'cumul_resid_dist', ['wandb_faux_pr_curve', {'thresh': 0.5}], ['wandb_faux_roc_curve', {'thresh': 0.5}]]	yogi-RBP-ML-linear-models-april-2025	17.0	train	['r2_score', 'rmse', 'sigmoid_r2']	False	all	False	False	cross_validation	5.0	5	False	1.0	ensembl_gene_id	ensembl_gene_id		True	binary	-0.0005921	0.334	-0.1614	0.1116	-0.0002029	0.334	-0.1602						
p3ozela1	silvery-sweep-674	finished	ElasticNet	ha252ijh	ElasticNet	4.124626382901356	RBPSEDataset	800	100	0.75	K562	rbpse	mean_squared_error	1024	True	['target_psi']	platiglab	40	['fancy_scatter', 'cumul_resid_dist', ['wandb_faux_pr_curve', {'thresh': 0.5}], ['wandb_faux_roc_curve', {'thresh': 0.5}]]	yogi-RBP-ML-linear-models-april-2025	17.0	train	['r2_score', 'rmse', 'sigmoid_r2']	False	all	False	False	cross_validation	5.0	5	False	1.0	ensembl_gene_id	ensembl_gene_id		True	binary	-0.0005625	0.3341	-0.1611	0.1116	-0.0001981	0.334	-0.1602						
rl6iruqh	still-sweep-671	finished	ElasticNet	ha252ijh	ElasticNet	4.124626382901356	RBPSEDataset	500	100	0.75	K562	rbpse	mean_squared_error	1024	True	['target_psi']	platiglab	40	['fancy_scatter', 'cumul_resid_dist', ['wandb_faux_pr_curve', {'thresh': 0.5}], ['wandb_faux_roc_curve', {'thresh': 0.5}]]	yogi-RBP-ML-linear-models-april-2025	17.0	train	['r2_score', 'rmse', 'sigmoid_r2']	False	all	False	False	cross_validation	5.0	5	False	1.0	ensembl_gene_id	ensembl_gene_id		True	binary	-0.0004882	0.334	-0.1613	0.1116	-0.0001607	0.334	-0.1602						
ux6kxczj	distinctive-sweep-675	finished	ElasticNet	ha252ijh	ElasticNet	4.124626382901356	RBPSEDataset	900	100	0.75	K562	rbpse	mean_squared_error	1024	True	['target_psi']	platiglab	40	['fancy_scatter', 'cumul_resid_dist', ['wandb_faux_pr_curve', {'thresh': 0.5}], ['wandb_faux_roc_curve', {'thresh': 0.5}]]	yogi-RBP-ML-linear-models-april-2025	17.0	train	['r2_score', 'rmse', 'sigmoid_r2']	False	all	False	False	cross_validation	5.0	5	False	1.0	ensembl_gene_id	ensembl_gene_id		True	binary	-0.0003228	0.3339	-0.1612	0.1116	-0.0001181	0.334	-0.1602						
ftjooedp	jumping-sweep-676	finished	ElasticNet	ha252ijh	ElasticNet	4.124626382901356	RBPSEDataset	100	100	0.9	K562	rbpse	mean_squared_error	1024	True	['target_psi']	platiglab	40	['fancy_scatter', 'cumul_resid_dist', ['wandb_faux_pr_curve', {'thresh': 0.5}], ['wandb_faux_roc_curve', {'thresh': 0.5}]]	yogi-RBP-ML-linear-models-april-2025	17.0	train	['r2_score', 'rmse', 'sigmoid_r2']	False	all	False	False	cross_validation	5.0	5	False	1.0	ensembl_gene_id	ensembl_gene_id		True	binary	-0.000133	0.3341	-0.1604	0.1116	-4.734e-05	0.334	-0.1602						
xqe8fch8	different-sweep-677	finished	ElasticNet	ha252ijh	ElasticNet	4.124626382901356	RBPSEDataset	200	100	0.9	K562	rbpse	mean_squared_error	1024	True	['target_psi']	platiglab	40	['fancy_scatter', 'cumul_resid_dist', ['wandb_faux_pr_curve', {'thresh': 0.5}], ['wandb_faux_roc_curve', {'thresh': 0.5}]]	yogi-RBP-ML-linear-models-april-2025	17.0	train	['r2_score', 'rmse', 'sigmoid_r2']	False	all	False	False	cross_validation	5.0	5	False	1.0	ensembl_gene_id	ensembl_gene_id		True	binary	-0.0008187	0.334	-0.1618	0.1116	-0.0003028	0.3341	-0.1602						
mnpwlgj5	twilight-sweep-678	finished	ElasticNet	ha252ijh	ElasticNet	4.124626382901356	RBPSEDataset	300	100	0.9	K562	rbpse	mean_squared_error	1024	True	['target_psi']	platiglab	40	['fancy_scatter', 'cumul_resid_dist', ['wandb_faux_pr_curve', {'thresh': 0.5}], ['wandb_faux_roc_curve', {'thresh': 0.5}]]	yogi-RBP-ML-linear-models-april-2025	17.0	train	['r2_score', 'rmse', 'sigmoid_r2']	False	all	False	False	cross_validation	5.0	5	False	1.0	ensembl_gene_id	ensembl_gene_id		True	binary	-0.0002734	0.334	-0.1607	0.1116	-9.836e-05	0.334	-0.1602						
2remd21p	atomic-sweep-679	finished	ElasticNet	ha252ijh	ElasticNet	4.124626382901356	RBPSEDataset	400	100	0.9	K562	rbpse	mean_squared_error	1024	True	['target_psi']	platiglab	40	['fancy_scatter', 'cumul_resid_dist', ['wandb_faux_pr_curve', {'thresh': 0.5}], ['wandb_faux_roc_curve', {'thresh': 0.5}]]	yogi-RBP-ML-linear-models-april-2025	17.0	train	['r2_score', 'rmse', 'sigmoid_r2']	False	all	False	False	cross_validation	5.0	5	False	1.0	ensembl_gene_id	ensembl_gene_id		True	binary	-0.0004317	0.334	-0.161	0.1116	-0.0001515	0.334	-0.1602						
krdapode	leafy-sweep-680	finished	ElasticNet	ha252ijh	ElasticNet	4.124626382901356	RBPSEDataset	500	100	0.9	K562	rbpse	mean_squared_error	1024	True	['target_psi']	platiglab	40	['fancy_scatter', 'cumul_resid_dist', ['wandb_faux_pr_curve', {'thresh': 0.5}], ['wandb_faux_roc_curve', {'thresh': 0.5}]]	yogi-RBP-ML-linear-models-april-2025	17.0	train	['r2_score', 'rmse', 'sigmoid_r2']	False	all	False	False	cross_validation	5.0	5	False	1.0	ensembl_gene_id	ensembl_gene_id		True	binary	-0.0004882	0.334	-0.1613	0.1116	-0.0001607	0.334	-0.1602						
ktwhbgy9	hearty-sweep-681	finished	ElasticNet	ha252ijh	ElasticNet	4.124626382901356	RBPSEDataset	600	100	0.9	K562	rbpse	mean_squared_error	1024	True	['target_psi']	platiglab	40	['fancy_scatter', 'cumul_resid_dist', ['wandb_faux_pr_curve', {'thresh': 0.5}], ['wandb_faux_roc_curve', {'thresh': 0.5}]]	yogi-RBP-ML-linear-models-april-2025	17.0	train	['r2_score', 'rmse', 'sigmoid_r2']	False	all	False	False	cross_validation	5.0	5	False	1.0	ensembl_gene_id	ensembl_gene_id		True	binary	-0.0005609	0.334	-0.1614	0.1116	-0.0002066	0.334	-0.1602						
jnf4os64	fast-sweep-682	finished	ElasticNet	ha252ijh	ElasticNet	4.124626382901356	RBPSEDataset	700	100	0.9	K562	rbpse	mean_squared_error	1024	True	['target_psi']	platiglab	40	['fancy_scatter', 'cumul_resid_dist', ['wandb_faux_pr_curve', {'thresh': 0.5}], ['wandb_faux_roc_curve', {'thresh': 0.5}]]	yogi-RBP-ML-linear-models-april-2025	17.0	train	['r2_score', 'rmse', 'sigmoid_r2']	False	all	False	False	cross_validation	5.0	5	False	1.0	ensembl_gene_id	ensembl_gene_id		True	binary	-0.0005921	0.334	-0.1614	0.1116	-0.0002029	0.334	-0.1602						
oqscbvcv	mild-sweep-683	finished	ElasticNet	ha252ijh	ElasticNet	4.124626382901356	RBPSEDataset	800	100	0.9	K562	rbpse	mean_squared_error	1024	True	['target_psi']	platiglab	40	['fancy_scatter', 'cumul_resid_dist', ['wandb_faux_pr_curve', {'thresh': 0.5}], ['wandb_faux_roc_curve', {'thresh': 0.5}]]	yogi-RBP-ML-linear-models-april-2025	17.0	train	['r2_score', 'rmse', 'sigmoid_r2']	False	all	False	False	cross_validation	5.0	5	False	1.0	ensembl_gene_id	ensembl_gene_id		True	binary	-0.0005625	0.3341	-0.1611	0.1116	-0.0001981	0.334	-0.1602						
dd7pp60y	faithful-sweep-685	finished	ElasticNet	ha252ijh	ElasticNet	4.124626382901356	RBPSEDataset	100	100	1.0	K562	rbpse	mean_squared_error	1024	True	['target_psi']	platiglab	40	['fancy_scatter', 'cumul_resid_dist', ['wandb_faux_pr_curve', {'thresh': 0.5}], ['wandb_faux_roc_curve', {'thresh': 0.5}]]	yogi-RBP-ML-linear-models-april-2025	17.0	train	['r2_score', 'rmse', 'sigmoid_r2']	False	all	False	False	cross_validation	5.0	5	False	1.0	ensembl_gene_id	ensembl_gene_id		True	binary	-0.000133	0.3341	-0.1604	0.1116	-4.734e-05	0.334	-0.1602						
u3kxmepo	driven-sweep-684	finished	ElasticNet	ha252ijh	ElasticNet	4.124626382901356	RBPSEDataset	900	100	0.9	K562	rbpse	mean_squared_error	1024	True	['target_psi']	platiglab	40	['fancy_scatter', 'cumul_resid_dist', ['wandb_faux_pr_curve', {'thresh': 0.5}], ['wandb_faux_roc_curve', {'thresh': 0.5}]]	yogi-RBP-ML-linear-models-april-2025	17.0	train	['r2_score', 'rmse', 'sigmoid_r2']	False	all	False	False	cross_validation	5.0	5	False	1.0	ensembl_gene_id	ensembl_gene_id		True	binary	-0.0003228	0.3339	-0.1612	0.1116	-0.0001181	0.334	-0.1602						
zwuqaae4	lyric-sweep-686	finished	ElasticNet	ha252ijh	ElasticNet	4.124626382901356	RBPSEDataset	200	100	1.0	K562	rbpse	mean_squared_error	1024	True	['target_psi']	platiglab	40	['fancy_scatter', 'cumul_resid_dist', ['wandb_faux_pr_curve', {'thresh': 0.5}], ['wandb_faux_roc_curve', {'thresh': 0.5}]]	yogi-RBP-ML-linear-models-april-2025	17.0	train	['r2_score', 'rmse', 'sigmoid_r2']	False	all	False	False	cross_validation	5.0	5	False	1.0	ensembl_gene_id	ensembl_gene_id		True	binary	-0.0008187	0.334	-0.1618	0.1116	-0.0003028	0.3341	-0.1602						
e6kldf9m	jolly-sweep-687	finished	ElasticNet	ha252ijh	ElasticNet	4.124626382901356	RBPSEDataset	300	100	1.0	K562	rbpse	mean_squared_error	1024	True	['target_psi']	platiglab	40	['fancy_scatter', 'cumul_resid_dist', ['wandb_faux_pr_curve', {'thresh': 0.5}], ['wandb_faux_roc_curve', {'thresh': 0.5}]]	yogi-RBP-ML-linear-models-april-2025	17.0	train	['r2_score', 'rmse', 'sigmoid_r2']	False	all	False	False	cross_validation	5.0	5	False	1.0	ensembl_gene_id	ensembl_gene_id		True	binary	-0.0002734	0.334	-0.1607	0.1116	-9.836e-05	0.334	-0.1602						
s0oou9y2	zesty-sweep-688	finished	ElasticNet	ha252ijh	ElasticNet	4.124626382901356	RBPSEDataset	400	100	1.0	K562	rbpse	mean_squared_error	1024	True	['target_psi']	platiglab	40	['fancy_scatter', 'cumul_resid_dist', ['wandb_faux_pr_curve', {'thresh': 0.5}], ['wandb_faux_roc_curve', {'thresh': 0.5}]]	yogi-RBP-ML-linear-models-april-2025	17.0	train	['r2_score', 'rmse', 'sigmoid_r2']	False	all	False	False	cross_validation	5.0	5	False	1.0	ensembl_gene_id	ensembl_gene_id		True	binary	-0.0004317	0.334	-0.161	0.1116	-0.0001515	0.334	-0.1602						
73mxkzq7	expert-sweep-689	finished	ElasticNet	ha252ijh	ElasticNet	4.124626382901356	RBPSEDataset	500	100	1.0	K562	rbpse	mean_squared_error	1024	True	['target_psi']	platiglab	40	['fancy_scatter', 'cumul_resid_dist', ['wandb_faux_pr_curve', {'thresh': 0.5}], ['wandb_faux_roc_curve', {'thresh': 0.5}]]	yogi-RBP-ML-linear-models-april-2025	17.0	train	['r2_score', 'rmse', 'sigmoid_r2']	False	all	False	False	cross_validation	5.0	5	False	1.0	ensembl_gene_id	ensembl_gene_id		True	binary	-0.0004882	0.334	-0.1613	0.1116	-0.0001607	0.334	-0.1602						
zjf2uqr7	ruby-sweep-690	finished	ElasticNet	ha252ijh	ElasticNet	4.124626382901356	RBPSEDataset	600	100	1.0	K562	rbpse	mean_squared_error	1024	True	['target_psi']	platiglab	40	['fancy_scatter', 'cumul_resid_dist', ['wandb_faux_pr_curve', {'thresh': 0.5}], ['wandb_faux_roc_curve', {'thresh': 0.5}]]	yogi-RBP-ML-linear-models-april-2025	17.0	train	['r2_score', 'rmse', 'sigmoid_r2']	False	all	False	False	cross_validation	5.0	5	False	1.0	ensembl_gene_id	ensembl_gene_id		True	binary	-0.0005609	0.334	-0.1614	0.1116	-0.0002066	0.334	-0.1602						
e0efg2wi	golden-sweep-691	finished	ElasticNet	ha252ijh	ElasticNet	4.124626382901356	RBPSEDataset	700	100	1.0	K562	rbpse	mean_squared_error	1024	True	['target_psi']	platiglab	40	['fancy_scatter', 'cumul_resid_dist', ['wandb_faux_pr_curve', {'thresh': 0.5}], ['wandb_faux_roc_curve', {'thresh': 0.5}]]	yogi-RBP-ML-linear-models-april-2025	17.0	train	['r2_score', 'rmse', 'sigmoid_r2']	False	all	False	False	cross_validation	5.0	5	False	1.0	ensembl_gene_id	ensembl_gene_id		True	binary	-0.0005921	0.334	-0.1614	0.1116	-0.0002029	0.334	-0.1602						
25q116ns	zesty-sweep-692	finished	ElasticNet	ha252ijh	ElasticNet	4.124626382901356	RBPSEDataset	800	100	1.0	K562	rbpse	mean_squared_error	1024	True	['target_psi']	platiglab	40	['fancy_scatter', 'cumul_resid_dist', ['wandb_faux_pr_curve', {'thresh': 0.5}], ['wandb_faux_roc_curve', {'thresh': 0.5}]]	yogi-RBP-ML-linear-models-april-2025	17.0	train	['r2_score', 'rmse', 'sigmoid_r2']	False	all	False	False	cross_validation	5.0	5	False	1.0	ensembl_gene_id	ensembl_gene_id		True	binary	-0.0005625	0.3341	-0.1611	0.1116	-0.0001981	0.334	-0.1602						
0jsjf1rb	royal-sweep-693	finished	ElasticNet	ha252ijh	ElasticNet	4.124626382901356	RBPSEDataset	900	100	1.0	K562	rbpse	mean_squared_error	1024	True	['target_psi']	platiglab	40	['fancy_scatter', 'cumul_resid_dist', ['wandb_faux_pr_curve', {'thresh': 0.5}], ['wandb_faux_roc_curve', {'thresh': 0.5}]]	yogi-RBP-ML-linear-models-april-2025	17.0	train	['r2_score', 'rmse', 'sigmoid_r2']	False	all	False	False	cross_validation	5.0	5	False	1.0	ensembl_gene_id	ensembl_gene_id		True	binary	-0.0003228	0.3339	-0.1612	0.1116	-0.0001181	0.334	-0.1602						
tks7nakt	earnest-sweep-703	finished	ElasticNet	ha252ijh	ElasticNet	11.93776641714438	RBPSEDataset	100	100	0.1	K562	rbpse	mean_squared_error	1024	True	['target_psi']	platiglab	40	['fancy_scatter', 'cumul_resid_dist', ['wandb_faux_pr_curve', {'thresh': 0.5}], ['wandb_faux_roc_curve', {'thresh': 0.5}]]	yogi-RBP-ML-linear-models-april-2025	17.0	train	['r2_score', 'rmse', 'sigmoid_r2']	False	all	False	False	cross_validation	5.0	5	False	1.0	ensembl_gene_id	ensembl_gene_id		True	binary	-0.000133	0.3341	-0.1604	0.1116	-4.734e-05	0.334	-0.1602						
2vipiwzx	stellar-sweep-704	finished	ElasticNet	ha252ijh	ElasticNet	11.93776641714438	RBPSEDataset	200	100	0.1	K562	rbpse	mean_squared_error	1024	True	['target_psi']	platiglab	40	['fancy_scatter', 'cumul_resid_dist', ['wandb_faux_pr_curve', {'thresh': 0.5}], ['wandb_faux_roc_curve', {'thresh': 0.5}]]	yogi-RBP-ML-linear-models-april-2025	17.0	train	['r2_score', 'rmse', 'sigmoid_r2']	False	all	False	False	cross_validation	5.0	5	False	1.0	ensembl_gene_id	ensembl_gene_id		True	binary	-0.0008187	0.334	-0.1618	0.1116	-0.0003028	0.3341	-0.1602						
ocy78qah	devout-sweep-705	finished	ElasticNet	ha252ijh	ElasticNet	11.93776641714438	RBPSEDataset	300	100	0.1	K562	rbpse	mean_squared_error	1024	True	['target_psi']	platiglab	40	['fancy_scatter', 'cumul_resid_dist', ['wandb_faux_pr_curve', {'thresh': 0.5}], ['wandb_faux_roc_curve', {'thresh': 0.5}]]	yogi-RBP-ML-linear-models-april-2025	17.0	train	['r2_score', 'rmse', 'sigmoid_r2']	False	all	False	False	cross_validation	5.0	5	False	1.0	ensembl_gene_id	ensembl_gene_id		True	binary	-0.0002734	0.334	-0.1607	0.1116	-9.836e-05	0.334	-0.1602						
sbrlb0kw	noble-sweep-706	finished	ElasticNet	ha252ijh	ElasticNet	11.93776641714438	RBPSEDataset	400	100	0.1	K562	rbpse	mean_squared_error	1024	True	['target_psi']	platiglab	40	['fancy_scatter', 'cumul_resid_dist', ['wandb_faux_pr_curve', {'thresh': 0.5}], ['wandb_faux_roc_curve', {'thresh': 0.5}]]	yogi-RBP-ML-linear-models-april-2025	17.0	train	['r2_score', 'rmse', 'sigmoid_r2']	False	all	False	False	cross_validation	5.0	5	False	1.0	ensembl_gene_id	ensembl_gene_id		True	binary	-0.0004317	0.334	-0.161	0.1116	-0.0001515	0.334	-0.1602						
r2aqt4os	volcanic-sweep-707	finished	ElasticNet	ha252ijh	ElasticNet	11.93776641714438	RBPSEDataset	500	100	0.1	K562	rbpse	mean_squared_error	1024	True	['target_psi']	platiglab	40	['fancy_scatter', 'cumul_resid_dist', ['wandb_faux_pr_curve', {'thresh': 0.5}], ['wandb_faux_roc_curve', {'thresh': 0.5}]]	yogi-RBP-ML-linear-models-april-2025	17.0	train	['r2_score', 'rmse', 'sigmoid_r2']	False	all	False	False	cross_validation	5.0	5	False	1.0	ensembl_gene_id	ensembl_gene_id		True	binary	-0.0004882	0.334	-0.1613	0.1116	-0.0001607	0.334	-0.1602						
uyg173yr	deep-sweep-708	finished	ElasticNet	ha252ijh	ElasticNet	11.93776641714438	RBPSEDataset	600	100	0.1	K562	rbpse	mean_squared_error	1024	True	['target_psi']	platiglab	40	['fancy_scatter', 'cumul_resid_dist', ['wandb_faux_pr_curve', {'thresh': 0.5}], ['wandb_faux_roc_curve', {'thresh': 0.5}]]	yogi-RBP-ML-linear-models-april-2025	17.0	train	['r2_score', 'rmse', 'sigmoid_r2']	False	all	False	False	cross_validation	5.0	5	False	1.0	ensembl_gene_id	ensembl_gene_id		True	binary	-0.0005609	0.334	-0.1614	0.1116	-0.0002066	0.334	-0.1602						
zli71dgt	decent-sweep-709	finished	ElasticNet	ha252ijh	ElasticNet	11.93776641714438	RBPSEDataset	700	100	0.1	K562	rbpse	mean_squared_error	1024	True	['target_psi']	platiglab	40	['fancy_scatter', 'cumul_resid_dist', ['wandb_faux_pr_curve', {'thresh': 0.5}], ['wandb_faux_roc_curve', {'thresh': 0.5}]]	yogi-RBP-ML-linear-models-april-2025	17.0	train	['r2_score', 'rmse', 'sigmoid_r2']	False	all	False	False	cross_validation	5.0	5	False	1.0	ensembl_gene_id	ensembl_gene_id		True	binary	-0.0005921	0.334	-0.1614	0.1116	-0.0002029	0.334	-0.1602						
k7t8p4gq	young-sweep-710	finished	ElasticNet	ha252ijh	ElasticNet	11.93776641714438	RBPSEDataset	800	100	0.1	K562	rbpse	mean_squared_error	1024	True	['target_psi']	platiglab	40	['fancy_scatter', 'cumul_resid_dist', ['wandb_faux_pr_curve', {'thresh': 0.5}], ['wandb_faux_roc_curve', {'thresh': 0.5}]]	yogi-RBP-ML-linear-models-april-2025	17.0	train	['r2_score', 'rmse', 'sigmoid_r2']	False	all	False	False	cross_validation	5.0	5	False	1.0	ensembl_gene_id	ensembl_gene_id		True	binary	-0.0005625	0.3341	-0.1611	0.1116	-0.0001981	0.334	-0.1602						
pfrh7adp	denim-sweep-712	finished	ElasticNet	ha252ijh	ElasticNet	11.93776641714438	RBPSEDataset	100	100	0.25	K562	rbpse	mean_squared_error	1024	True	['target_psi']	platiglab	40	['fancy_scatter', 'cumul_resid_dist', ['wandb_faux_pr_curve', {'thresh': 0.5}], ['wandb_faux_roc_curve', {'thresh': 0.5}]]	yogi-RBP-ML-linear-models-april-2025	17.0	train	['r2_score', 'rmse', 'sigmoid_r2']	False	all	False	False	cross_validation	5.0	5	False	1.0	ensembl_gene_id	ensembl_gene_id		True	binary	-0.000133	0.3341	-0.1604	0.1116	-4.734e-05	0.334	-0.1602						
z34mvhbi	visionary-sweep-713	finished	ElasticNet	ha252ijh	ElasticNet	11.93776641714438	RBPSEDataset	200	100	0.25	K562	rbpse	mean_squared_error	1024	True	['target_psi']	platiglab	40	['fancy_scatter', 'cumul_resid_dist', ['wandb_faux_pr_curve', {'thresh': 0.5}], ['wandb_faux_roc_curve', {'thresh': 0.5}]]	yogi-RBP-ML-linear-models-april-2025	17.0	train	['r2_score', 'rmse', 'sigmoid_r2']	False	all	False	False	cross_validation	5.0	5	False	1.0	ensembl_gene_id	ensembl_gene_id		True	binary	-0.0008187	0.334	-0.1618	0.1116	-0.0003028	0.3341	-0.1602						
iyjqy9b5	fragrant-sweep-714	finished	ElasticNet	ha252ijh	ElasticNet	11.93776641714438	RBPSEDataset	300	100	0.25	K562	rbpse	mean_squared_error	1024	True	['target_psi']	platiglab	40	['fancy_scatter', 'cumul_resid_dist', ['wandb_faux_pr_curve', {'thresh': 0.5}], ['wandb_faux_roc_curve', {'thresh': 0.5}]]	yogi-RBP-ML-linear-models-april-2025	17.0	train	['r2_score', 'rmse', 'sigmoid_r2']	False	all	False	False	cross_validation	5.0	5	False	1.0	ensembl_gene_id	ensembl_gene_id		True	binary	-0.0002734	0.334	-0.1607	0.1116	-9.836e-05	0.334	-0.1602						
q64kmutd	eager-sweep-715	finished	ElasticNet	ha252ijh	ElasticNet	11.93776641714438	RBPSEDataset	400	100	0.25	K562	rbpse	mean_squared_error	1024	True	['target_psi']	platiglab	40	['fancy_scatter', 'cumul_resid_dist', ['wandb_faux_pr_curve', {'thresh': 0.5}], ['wandb_faux_roc_curve', {'thresh': 0.5}]]	yogi-RBP-ML-linear-models-april-2025	17.0	train	['r2_score', 'rmse', 'sigmoid_r2']	False	all	False	False	cross_validation	5.0	5	False	1.0	ensembl_gene_id	ensembl_gene_id		True	binary	-0.0004317	0.334	-0.161	0.1116	-0.0001515	0.334	-0.1602						
p906ynpo	wobbly-sweep-716	finished	ElasticNet	ha252ijh	ElasticNet	11.93776641714438	RBPSEDataset	500	100	0.25	K562	rbpse	mean_squared_error	1024	True	['target_psi']	platiglab	40	['fancy_scatter', 'cumul_resid_dist', ['wandb_faux_pr_curve', {'thresh': 0.5}], ['wandb_faux_roc_curve', {'thresh': 0.5}]]	yogi-RBP-ML-linear-models-april-2025	17.0	train	['r2_score', 'rmse', 'sigmoid_r2']	False	all	False	False	cross_validation	5.0	5	False	1.0	ensembl_gene_id	ensembl_gene_id		True	binary	-0.0004882	0.334	-0.1613	0.1116	-0.0001607	0.334	-0.1602						
xxli2hkc	toasty-sweep-717	finished	ElasticNet	ha252ijh	ElasticNet	11.93776641714438	RBPSEDataset	600	100	0.25	K562	rbpse	mean_squared_error	1024	True	['target_psi']	platiglab	40	['fancy_scatter', 'cumul_resid_dist', ['wandb_faux_pr_curve', {'thresh': 0.5}], ['wandb_faux_roc_curve', {'thresh': 0.5}]]	yogi-RBP-ML-linear-models-april-2025	17.0	train	['r2_score', 'rmse', 'sigmoid_r2']	False	all	False	False	cross_validation	5.0	5	False	1.0	ensembl_gene_id	ensembl_gene_id		True	binary	-0.0005609	0.334	-0.1614	0.1116	-0.0002066	0.334	-0.1602						
3z6unenk	amber-sweep-719	finished	ElasticNet	ha252ijh	ElasticNet	11.93776641714438	RBPSEDataset	800	100	0.25	K562	rbpse	mean_squared_error	1024	True	['target_psi']	platiglab	40	['fancy_scatter', 'cumul_resid_dist', ['wandb_faux_pr_curve', {'thresh': 0.5}], ['wandb_faux_roc_curve', {'thresh': 0.5}]]	yogi-RBP-ML-linear-models-april-2025	17.0	train	['r2_score', 'rmse', 'sigmoid_r2']	False	all	False	False	cross_validation	5.0	5	False	1.0	ensembl_gene_id	ensembl_gene_id		True	binary	-0.0005625	0.3341	-0.1611	0.1116	-0.0001981	0.334	-0.1602						
kkxpsqz2	frosty-sweep-720	finished	ElasticNet	ha252ijh	ElasticNet	11.93776641714438	RBPSEDataset	900	100	0.25	K562	rbpse	mean_squared_error	1024	True	['target_psi']	platiglab	40	['fancy_scatter', 'cumul_resid_dist', ['wandb_faux_pr_curve', {'thresh': 0.5}], ['wandb_faux_roc_curve', {'thresh': 0.5}]]	yogi-RBP-ML-linear-models-april-2025	17.0	train	['r2_score', 'rmse', 'sigmoid_r2']	False	all	False	False	cross_validation	5.0	5	False	1.0	ensembl_gene_id	ensembl_gene_id		True	binary	-0.0003228	0.3339	-0.1612	0.1116	-0.0001181	0.334	-0.1602						
nyszz9ft	lunar-sweep-721	finished	ElasticNet	ha252ijh	ElasticNet	11.93776641714438	RBPSEDataset	100	100	0.5	K562	rbpse	mean_squared_error	1024	True	['target_psi']	platiglab	40	['fancy_scatter', 'cumul_resid_dist', ['wandb_faux_pr_curve', {'thresh': 0.5}], ['wandb_faux_roc_curve', {'thresh': 0.5}]]	yogi-RBP-ML-linear-models-april-2025	17.0	train	['r2_score', 'rmse', 'sigmoid_r2']	False	all	False	False	cross_validation	5.0	5	False	1.0	ensembl_gene_id	ensembl_gene_id		True	binary	-0.000133	0.3341	-0.1604	0.1116	-4.734e-05	0.334	-0.1602						
9zspj6kq	sandy-sweep-722	finished	ElasticNet	ha252ijh	ElasticNet	11.93776641714438	RBPSEDataset	200	100	0.5	K562	rbpse	mean_squared_error	1024	True	['target_psi']	platiglab	40	['fancy_scatter', 'cumul_resid_dist', ['wandb_faux_pr_curve', {'thresh': 0.5}], ['wandb_faux_roc_curve', {'thresh': 0.5}]]	yogi-RBP-ML-linear-models-april-2025	17.0	train	['r2_score', 'rmse', 'sigmoid_r2']	False	all	False	False	cross_validation	5.0	5	False	1.0	ensembl_gene_id	ensembl_gene_id		True	binary	-0.0008187	0.334	-0.1618	0.1116	-0.0003028	0.3341	-0.1602						
cr448kez	radiant-sweep-724	finished	ElasticNet	ha252ijh	ElasticNet	11.93776641714438	RBPSEDataset	400	100	0.5	K562	rbpse	mean_squared_error	1024	True	['target_psi']	platiglab	40	['fancy_scatter', 'cumul_resid_dist', ['wandb_faux_pr_curve', {'thresh': 0.5}], ['wandb_faux_roc_curve', {'thresh': 0.5}]]	yogi-RBP-ML-linear-models-april-2025	17.0	train	['r2_score', 'rmse', 'sigmoid_r2']	False	all	False	False	cross_validation	5.0	5	False	1.0	ensembl_gene_id	ensembl_gene_id		True	binary	-0.0004317	0.334	-0.161	0.1116	-0.0001515	0.334	-0.1602						
unmlu5ol	scarlet-sweep-723	finished	ElasticNet	ha252ijh	ElasticNet	11.93776641714438	RBPSEDataset	300	100	0.5	K562	rbpse	mean_squared_error	1024	True	['target_psi']	platiglab	40	['fancy_scatter', 'cumul_resid_dist', ['wandb_faux_pr_curve', {'thresh': 0.5}], ['wandb_faux_roc_curve', {'thresh': 0.5}]]	yogi-RBP-ML-linear-models-april-2025	17.0	train	['r2_score', 'rmse', 'sigmoid_r2']	False	all	False	False	cross_validation	5.0	5	False	1.0	ensembl_gene_id	ensembl_gene_id		True	binary	-0.0002734	0.334	-0.1607	0.1116	-9.836e-05	0.334	-0.1602						
d18kk3vo	fresh-sweep-725	finished	ElasticNet	ha252ijh	ElasticNet	11.93776641714438	RBPSEDataset	500	100	0.5	K562	rbpse	mean_squared_error	1024	True	['target_psi']	platiglab	40	['fancy_scatter', 'cumul_resid_dist', ['wandb_faux_pr_curve', {'thresh': 0.5}], ['wandb_faux_roc_curve', {'thresh': 0.5}]]	yogi-RBP-ML-linear-models-april-2025	17.0	train	['r2_score', 'rmse', 'sigmoid_r2']	False	all	False	False	cross_validation	5.0	5	False	1.0	ensembl_gene_id	ensembl_gene_id		True	binary	-0.0004882	0.334	-0.1613	0.1116	-0.0001607	0.334	-0.1602						
1wz8oiw4	logical-sweep-726	finished	ElasticNet	ha252ijh	ElasticNet	11.93776641714438	RBPSEDataset	600	100	0.5	K562	rbpse	mean_squared_error	1024	True	['target_psi']	platiglab	40	['fancy_scatter', 'cumul_resid_dist', ['wandb_faux_pr_curve', {'thresh': 0.5}], ['wandb_faux_roc_curve', {'thresh': 0.5}]]	yogi-RBP-ML-linear-models-april-2025	17.0	train	['r2_score', 'rmse', 'sigmoid_r2']	False	all	False	False	cross_validation	5.0	5	False	1.0	ensembl_gene_id	ensembl_gene_id		True	binary	-0.0005609	0.334	-0.1614	0.1116	-0.0002066	0.334	-0.1602						
e33vr3pr	vibrant-sweep-727	finished	ElasticNet	ha252ijh	ElasticNet	11.93776641714438	RBPSEDataset	700	100	0.5	K562	rbpse	mean_squared_error	1024	True	['target_psi']	platiglab	40	['fancy_scatter', 'cumul_resid_dist', ['wandb_faux_pr_curve', {'thresh': 0.5}], ['wandb_faux_roc_curve', {'thresh': 0.5}]]	yogi-RBP-ML-linear-models-april-2025	17.0	train	['r2_score', 'rmse', 'sigmoid_r2']	False	all	False	False	cross_validation	5.0	5	False	1.0	ensembl_gene_id	ensembl_gene_id		True	binary	-0.0005921	0.334	-0.1614	0.1116	-0.0002029	0.334	-0.1602						
8y6y7vq0	glad-sweep-728	finished	ElasticNet	ha252ijh	ElasticNet	11.93776641714438	RBPSEDataset	800	100	0.5	K562	rbpse	mean_squared_error	1024	True	['target_psi']	platiglab	40	['fancy_scatter', 'cumul_resid_dist', ['wandb_faux_pr_curve', {'thresh': 0.5}], ['wandb_faux_roc_curve', {'thresh': 0.5}]]	yogi-RBP-ML-linear-models-april-2025	17.0	train	['r2_score', 'rmse', 'sigmoid_r2']	False	all	False	False	cross_validation	5.0	5	False	1.0	ensembl_gene_id	ensembl_gene_id		True	binary	-0.0005625	0.3341	-0.1611	0.1116	-0.0001981	0.334	-0.1602						
nohd66yu	woven-sweep-729	finished	ElasticNet	ha252ijh	ElasticNet	11.93776641714438	RBPSEDataset	900	100	0.5	K562	rbpse	mean_squared_error	1024	True	['target_psi']	platiglab	40	['fancy_scatter', 'cumul_resid_dist', ['wandb_faux_pr_curve', {'thresh': 0.5}], ['wandb_faux_roc_curve', {'thresh': 0.5}]]	yogi-RBP-ML-linear-models-april-2025	17.0	train	['r2_score', 'rmse', 'sigmoid_r2']	False	all	False	False	cross_validation	5.0	5	False	1.0	ensembl_gene_id	ensembl_gene_id		True	binary	-0.0003228	0.3339	-0.1612	0.1116	-0.0001181	0.334	-0.1602						
1lb1wuzq	prime-sweep-730	finished	ElasticNet	ha252ijh	ElasticNet	11.93776641714438	RBPSEDataset	100	100	0.75	K562	rbpse	mean_squared_error	1024	True	['target_psi']	platiglab	40	['fancy_scatter', 'cumul_resid_dist', ['wandb_faux_pr_curve', {'thresh': 0.5}], ['wandb_faux_roc_curve', {'thresh': 0.5}]]	yogi-RBP-ML-linear-models-april-2025	17.0	train	['r2_score', 'rmse', 'sigmoid_r2']	False	all	False	False	cross_validation	5.0	5	False	1.0	ensembl_gene_id	ensembl_gene_id		True	binary	-0.000133	0.3341	-0.1604	0.1116	-4.734e-05	0.334	-0.1602						
542iyl72	kind-sweep-731	finished	ElasticNet	ha252ijh	ElasticNet	11.93776641714438	RBPSEDataset	200	100	0.75	K562	rbpse	mean_squared_error	1024	True	['target_psi']	platiglab	40	['fancy_scatter', 'cumul_resid_dist', ['wandb_faux_pr_curve', {'thresh': 0.5}], ['wandb_faux_roc_curve', {'thresh': 0.5}]]	yogi-RBP-ML-linear-models-april-2025	17.0	train	['r2_score', 'rmse', 'sigmoid_r2']	False	all	False	False	cross_validation	5.0	5	False	1.0	ensembl_gene_id	ensembl_gene_id		True	binary	-0.0008187	0.334	-0.1618	0.1116	-0.0003028	0.3341	-0.1602						
x4o7rp9i	colorful-sweep-732	finished	ElasticNet	ha252ijh	ElasticNet	11.93776641714438	RBPSEDataset	300	100	0.75	K562	rbpse	mean_squared_error	1024	True	['target_psi']	platiglab	40	['fancy_scatter', 'cumul_resid_dist', ['wandb_faux_pr_curve', {'thresh': 0.5}], ['wandb_faux_roc_curve', {'thresh': 0.5}]]	yogi-RBP-ML-linear-models-april-2025	17.0	train	['r2_score', 'rmse', 'sigmoid_r2']	False	all	False	False	cross_validation	5.0	5	False	1.0	ensembl_gene_id	ensembl_gene_id		True	binary	-0.0002734	0.334	-0.1607	0.1116	-9.836e-05	0.334	-0.1602						
jufiaoj9	feasible-sweep-734	finished	ElasticNet	ha252ijh	ElasticNet	11.93776641714438	RBPSEDataset	500	100	0.75	K562	rbpse	mean_squared_error	1024	True	['target_psi']	platiglab	40	['fancy_scatter', 'cumul_resid_dist', ['wandb_faux_pr_curve', {'thresh': 0.5}], ['wandb_faux_roc_curve', {'thresh': 0.5}]]	yogi-RBP-ML-linear-models-april-2025	17.0	train	['r2_score', 'rmse', 'sigmoid_r2']	False	all	False	False	cross_validation	5.0	5	False	1.0	ensembl_gene_id	ensembl_gene_id		True	binary	-0.0004882	0.334	-0.1613	0.1116	-0.0001607	0.334	-0.1602						
mdt64zkp	grateful-sweep-733	finished	ElasticNet	ha252ijh	ElasticNet	11.93776641714438	RBPSEDataset	400	100	0.75	K562	rbpse	mean_squared_error	1024	True	['target_psi']	platiglab	40	['fancy_scatter', 'cumul_resid_dist', ['wandb_faux_pr_curve', {'thresh': 0.5}], ['wandb_faux_roc_curve', {'thresh': 0.5}]]	yogi-RBP-ML-linear-models-april-2025	17.0	train	['r2_score', 'rmse', 'sigmoid_r2']	False	all	False	False	cross_validation	5.0	5	False	1.0	ensembl_gene_id	ensembl_gene_id		True	binary	-0.0004317	0.334	-0.161	0.1116	-0.0001515	0.334	-0.1602						
4wu4t4es	glowing-sweep-735	finished	ElasticNet	ha252ijh	ElasticNet	11.93776641714438	RBPSEDataset	600	100	0.75	K562	rbpse	mean_squared_error	1024	True	['target_psi']	platiglab	40	['fancy_scatter', 'cumul_resid_dist', ['wandb_faux_pr_curve', {'thresh': 0.5}], ['wandb_faux_roc_curve', {'thresh': 0.5}]]	yogi-RBP-ML-linear-models-april-2025	17.0	train	['r2_score', 'rmse', 'sigmoid_r2']	False	all	False	False	cross_validation	5.0	5	False	1.0	ensembl_gene_id	ensembl_gene_id		True	binary	-0.0005609	0.334	-0.1614	0.1116	-0.0002066	0.334	-0.1602						
uxdqkqo6	light-sweep-736	finished	ElasticNet	ha252ijh	ElasticNet	11.93776641714438	RBPSEDataset	700	100	0.75	K562	rbpse	mean_squared_error	1024	True	['target_psi']	platiglab	40	['fancy_scatter', 'cumul_resid_dist', ['wandb_faux_pr_curve', {'thresh': 0.5}], ['wandb_faux_roc_curve', {'thresh': 0.5}]]	yogi-RBP-ML-linear-models-april-2025	17.0	train	['r2_score', 'rmse', 'sigmoid_r2']	False	all	False	False	cross_validation	5.0	5	False	1.0	ensembl_gene_id	ensembl_gene_id		True	binary	-0.0005921	0.334	-0.1614	0.1116	-0.0002029	0.334	-0.1602						
wjbruf8s	drawn-sweep-737	finished	ElasticNet	ha252ijh	ElasticNet	11.93776641714438	RBPSEDataset	800	100	0.75	K562	rbpse	mean_squared_error	1024	True	['target_psi']	platiglab	40	['fancy_scatter', 'cumul_resid_dist', ['wandb_faux_pr_curve', {'thresh': 0.5}], ['wandb_faux_roc_curve', {'thresh': 0.5}]]	yogi-RBP-ML-linear-models-april-2025	17.0	train	['r2_score', 'rmse', 'sigmoid_r2']	False	all	False	False	cross_validation	5.0	5	False	1.0	ensembl_gene_id	ensembl_gene_id		True	binary	-0.0005625	0.3341	-0.1611	0.1116	-0.0001981	0.334	-0.1602						
k2vaai4w	devout-sweep-738	finished	ElasticNet	ha252ijh	ElasticNet	11.93776641714438	RBPSEDataset	900	100	0.75	K562	rbpse	mean_squared_error	1024	True	['target_psi']	platiglab	40	['fancy_scatter', 'cumul_resid_dist', ['wandb_faux_pr_curve', {'thresh': 0.5}], ['wandb_faux_roc_curve', {'thresh': 0.5}]]	yogi-RBP-ML-linear-models-april-2025	17.0	train	['r2_score', 'rmse', 'sigmoid_r2']	False	all	False	False	cross_validation	5.0	5	False	1.0	ensembl_gene_id	ensembl_gene_id		True	binary	-0.0003228	0.3339	-0.1612	0.1116	-0.0001181	0.334	-0.1602						
77o3jhxh	sparkling-sweep-739	finished	ElasticNet	ha252ijh	ElasticNet	11.93776641714438	RBPSEDataset	100	100	0.9	K562	rbpse	mean_squared_error	1024	True	['target_psi']	platiglab	40	['fancy_scatter', 'cumul_resid_dist', ['wandb_faux_pr_curve', {'thresh': 0.5}], ['wandb_faux_roc_curve', {'thresh': 0.5}]]	yogi-RBP-ML-linear-models-april-2025	17.0	train	['r2_score', 'rmse', 'sigmoid_r2']	False	all	False	False	cross_validation	5.0	5	False	1.0	ensembl_gene_id	ensembl_gene_id		True	binary	-0.000133	0.3341	-0.1604	0.1116	-4.734e-05	0.334	-0.1602						
k472ozfi	amber-sweep-740	finished	ElasticNet	ha252ijh	ElasticNet	11.93776641714438	RBPSEDataset	200	100	0.9	K562	rbpse	mean_squared_error	1024	True	['target_psi']	platiglab	40	['fancy_scatter', 'cumul_resid_dist', ['wandb_faux_pr_curve', {'thresh': 0.5}], ['wandb_faux_roc_curve', {'thresh': 0.5}]]	yogi-RBP-ML-linear-models-april-2025	17.0	train	['r2_score', 'rmse', 'sigmoid_r2']	False	all	False	False	cross_validation	5.0	5	False	1.0	ensembl_gene_id	ensembl_gene_id		True	binary	-0.0008187	0.334	-0.1618	0.1116	-0.0003028	0.3341	-0.1602						
owrx0ghn	dark-sweep-741	finished	ElasticNet	ha252ijh	ElasticNet	11.93776641714438	RBPSEDataset	300	100	0.9	K562	rbpse	mean_squared_error	1024	True	['target_psi']	platiglab	40	['fancy_scatter', 'cumul_resid_dist', ['wandb_faux_pr_curve', {'thresh': 0.5}], ['wandb_faux_roc_curve', {'thresh': 0.5}]]	yogi-RBP-ML-linear-models-april-2025	17.0	train	['r2_score', 'rmse', 'sigmoid_r2']	False	all	False	False	cross_validation	5.0	5	False	1.0	ensembl_gene_id	ensembl_gene_id		True	binary	-0.0002734	0.334	-0.1607	0.1116	-9.836e-05	0.334	-0.1602						
sprlat4b	peach-sweep-742	finished	ElasticNet	ha252ijh	ElasticNet	11.93776641714438	RBPSEDataset	400	100	0.9	K562	rbpse	mean_squared_error	1024	True	['target_psi']	platiglab	40	['fancy_scatter', 'cumul_resid_dist', ['wandb_faux_pr_curve', {'thresh': 0.5}], ['wandb_faux_roc_curve', {'thresh': 0.5}]]	yogi-RBP-ML-linear-models-april-2025	17.0	train	['r2_score', 'rmse', 'sigmoid_r2']	False	all	False	False	cross_validation	5.0	5	False	1.0	ensembl_gene_id	ensembl_gene_id		True	binary	-0.0004317	0.334	-0.161	0.1116	-0.0001515	0.334	-0.1602						
o10fnbv6	amber-sweep-743	finished	ElasticNet	ha252ijh	ElasticNet	11.93776641714438	RBPSEDataset	500	100	0.9	K562	rbpse	mean_squared_error	1024	True	['target_psi']	platiglab	40	['fancy_scatter', 'cumul_resid_dist', ['wandb_faux_pr_curve', {'thresh': 0.5}], ['wandb_faux_roc_curve', {'thresh': 0.5}]]	yogi-RBP-ML-linear-models-april-2025	17.0	train	['r2_score', 'rmse', 'sigmoid_r2']	False	all	False	False	cross_validation	5.0	5	False	1.0	ensembl_gene_id	ensembl_gene_id		True	binary	-0.0004882	0.334	-0.1613	0.1116	-0.0001607	0.334	-0.1602						
ukfxlzsg	skilled-sweep-744	finished	ElasticNet	ha252ijh	ElasticNet	11.93776641714438	RBPSEDataset	600	100	0.9	K562	rbpse	mean_squared_error	1024	True	['target_psi']	platiglab	40	['fancy_scatter', 'cumul_resid_dist', ['wandb_faux_pr_curve', {'thresh': 0.5}], ['wandb_faux_roc_curve', {'thresh': 0.5}]]	yogi-RBP-ML-linear-models-april-2025	17.0	train	['r2_score', 'rmse', 'sigmoid_r2']	False	all	False	False	cross_validation	5.0	5	False	1.0	ensembl_gene_id	ensembl_gene_id		True	binary	-0.0005609	0.334	-0.1614	0.1116	-0.0002066	0.334	-0.1602						
2cbmq7e3	comfy-sweep-745	finished	ElasticNet	ha252ijh	ElasticNet	11.93776641714438	RBPSEDataset	700	100	0.9	K562	rbpse	mean_squared_error	1024	True	['target_psi']	platiglab	40	['fancy_scatter', 'cumul_resid_dist', ['wandb_faux_pr_curve', {'thresh': 0.5}], ['wandb_faux_roc_curve', {'thresh': 0.5}]]	yogi-RBP-ML-linear-models-april-2025	17.0	train	['r2_score', 'rmse', 'sigmoid_r2']	False	all	False	False	cross_validation	5.0	5	False	1.0	ensembl_gene_id	ensembl_gene_id		True	binary	-0.0005921	0.334	-0.1614	0.1116	-0.0002029	0.334	-0.1602						
3erbkqld	woven-sweep-746	finished	ElasticNet	ha252ijh	ElasticNet	11.93776641714438	RBPSEDataset	800	100	0.9	K562	rbpse	mean_squared_error	1024	True	['target_psi']	platiglab	40	['fancy_scatter', 'cumul_resid_dist', ['wandb_faux_pr_curve', {'thresh': 0.5}], ['wandb_faux_roc_curve', {'thresh': 0.5}]]	yogi-RBP-ML-linear-models-april-2025	17.0	train	['r2_score', 'rmse', 'sigmoid_r2']	False	all	False	False	cross_validation	5.0	5	False	1.0	ensembl_gene_id	ensembl_gene_id		True	binary	-0.0005625	0.3341	-0.1611	0.1116	-0.0001981	0.334	-0.1602						
gr92a27y	woven-sweep-747	finished	ElasticNet	ha252ijh	ElasticNet	11.93776641714438	RBPSEDataset	900	100	0.9	K562	rbpse	mean_squared_error	1024	True	['target_psi']	platiglab	40	['fancy_scatter', 'cumul_resid_dist', ['wandb_faux_pr_curve', {'thresh': 0.5}], ['wandb_faux_roc_curve', {'thresh': 0.5}]]	yogi-RBP-ML-linear-models-april-2025	17.0	train	['r2_score', 'rmse', 'sigmoid_r2']	False	all	False	False	cross_validation	5.0	5	False	1.0	ensembl_gene_id	ensembl_gene_id		True	binary	-0.0003228	0.3339	-0.1612	0.1116	-0.0001181	0.334	-0.1602						
8d44gnea	warm-sweep-748	finished	ElasticNet	ha252ijh	ElasticNet	11.93776641714438	RBPSEDataset	100	100	1.0	K562	rbpse	mean_squared_error	1024	True	['target_psi']	platiglab	40	['fancy_scatter', 'cumul_resid_dist', ['wandb_faux_pr_curve', {'thresh': 0.5}], ['wandb_faux_roc_curve', {'thresh': 0.5}]]	yogi-RBP-ML-linear-models-april-2025	17.0	train	['r2_score', 'rmse', 'sigmoid_r2']	False	all	False	False	cross_validation	5.0	5	False	1.0	ensembl_gene_id	ensembl_gene_id		True	binary	-0.000133	0.3341	-0.1604	0.1116	-4.734e-05	0.334	-0.1602						
ryc1xipf	avid-sweep-749	finished	ElasticNet	ha252ijh	ElasticNet	11.93776641714438	RBPSEDataset	200	100	1.0	K562	rbpse	mean_squared_error	1024	True	['target_psi']	platiglab	40	['fancy_scatter', 'cumul_resid_dist', ['wandb_faux_pr_curve', {'thresh': 0.5}], ['wandb_faux_roc_curve', {'thresh': 0.5}]]	yogi-RBP-ML-linear-models-april-2025	17.0	train	['r2_score', 'rmse', 'sigmoid_r2']	False	all	False	False	cross_validation	5.0	5	False	1.0	ensembl_gene_id	ensembl_gene_id		True	binary	-0.0008187	0.334	-0.1618	0.1116	-0.0003028	0.3341	-0.1602						
dgqo9dng	quiet-sweep-750	finished	ElasticNet	ha252ijh	ElasticNet	11.93776641714438	RBPSEDataset	300	100	1.0	K562	rbpse	mean_squared_error	1024	True	['target_psi']	platiglab	40	['fancy_scatter', 'cumul_resid_dist', ['wandb_faux_pr_curve', {'thresh': 0.5}], ['wandb_faux_roc_curve', {'thresh': 0.5}]]	yogi-RBP-ML-linear-models-april-2025	17.0	train	['r2_score', 'rmse', 'sigmoid_r2']	False	all	False	False	cross_validation	5.0	5	False	1.0	ensembl_gene_id	ensembl_gene_id		True	binary	-0.0002734	0.334	-0.1607	0.1116	-9.836e-05	0.334	-0.1602						
y8pnodtt	serene-sweep-751	finished	ElasticNet	ha252ijh	ElasticNet	11.93776641714438	RBPSEDataset	400	100	1.0	K562	rbpse	mean_squared_error	1024	True	['target_psi']	platiglab	40	['fancy_scatter', 'cumul_resid_dist', ['wandb_faux_pr_curve', {'thresh': 0.5}], ['wandb_faux_roc_curve', {'thresh': 0.5}]]	yogi-RBP-ML-linear-models-april-2025	17.0	train	['r2_score', 'rmse', 'sigmoid_r2']	False	all	False	False	cross_validation	5.0	5	False	1.0	ensembl_gene_id	ensembl_gene_id		True	binary	-0.0004317	0.334	-0.161	0.1116	-0.0001515	0.334	-0.1602						
r8iyp2xn	efficient-sweep-752	finished	ElasticNet	ha252ijh	ElasticNet	11.93776641714438	RBPSEDataset	500	100	1.0	K562	rbpse	mean_squared_error	1024	True	['target_psi']	platiglab	40	['fancy_scatter', 'cumul_resid_dist', ['wandb_faux_pr_curve', {'thresh': 0.5}], ['wandb_faux_roc_curve', {'thresh': 0.5}]]	yogi-RBP-ML-linear-models-april-2025	17.0	train	['r2_score', 'rmse', 'sigmoid_r2']	False	all	False	False	cross_validation	5.0	5	False	1.0	ensembl_gene_id	ensembl_gene_id		True	binary	-0.0004882	0.334	-0.1613	0.1116	-0.0001607	0.334	-0.1602						
sbf70w9a	comfy-sweep-754	finished	ElasticNet	ha252ijh	ElasticNet	11.93776641714438	RBPSEDataset	700	100	1.0	K562	rbpse	mean_squared_error	1024	True	['target_psi']	platiglab	40	['fancy_scatter', 'cumul_resid_dist', ['wandb_faux_pr_curve', {'thresh': 0.5}], ['wandb_faux_roc_curve', {'thresh': 0.5}]]	yogi-RBP-ML-linear-models-april-2025	17.0	train	['r2_score', 'rmse', 'sigmoid_r2']	False	all	False	False	cross_validation	5.0	5	False	1.0	ensembl_gene_id	ensembl_gene_id		True	binary	-0.0005921	0.334	-0.1614	0.1116	-0.0002029	0.334	-0.1602						
x941qvue	glorious-sweep-753	finished	ElasticNet	ha252ijh	ElasticNet	11.93776641714438	RBPSEDataset	600	100	1.0	K562	rbpse	mean_squared_error	1024	True	['target_psi']	platiglab	40	['fancy_scatter', 'cumul_resid_dist', ['wandb_faux_pr_curve', {'thresh': 0.5}], ['wandb_faux_roc_curve', {'thresh': 0.5}]]	yogi-RBP-ML-linear-models-april-2025	17.0	train	['r2_score', 'rmse', 'sigmoid_r2']	False	all	False	False	cross_validation	5.0	5	False	1.0	ensembl_gene_id	ensembl_gene_id		True	binary	-0.0005609	0.334	-0.1614	0.1116	-0.0002066	0.334	-0.1602						
nwb6qp4w	visionary-sweep-755	finished	ElasticNet	ha252ijh	ElasticNet	11.93776641714438	RBPSEDataset	800	100	1.0	K562	rbpse	mean_squared_error	1024	True	['target_psi']	platiglab	40	['fancy_scatter', 'cumul_resid_dist', ['wandb_faux_pr_curve', {'thresh': 0.5}], ['wandb_faux_roc_curve', {'thresh': 0.5}]]	yogi-RBP-ML-linear-models-april-2025	17.0	train	['r2_score', 'rmse', 'sigmoid_r2']	False	all	False	False	cross_validation	5.0	5	False	1.0	ensembl_gene_id	ensembl_gene_id		True	binary	-0.0005625	0.3341	-0.1611	0.1116	-0.0001981	0.334	-0.1602						
bq0hz7cd	dandy-sweep-756	finished	ElasticNet	ha252ijh	ElasticNet	11.93776641714438	RBPSEDataset	900	100	1.0	K562	rbpse	mean_squared_error	1024	True	['target_psi']	platiglab	40	['fancy_scatter', 'cumul_resid_dist', ['wandb_faux_pr_curve', {'thresh': 0.5}], ['wandb_faux_roc_curve', {'thresh': 0.5}]]	yogi-RBP-ML-linear-models-april-2025	17.0	train	['r2_score', 'rmse', 'sigmoid_r2']	False	all	False	False	cross_validation	5.0	5	False	1.0	ensembl_gene_id	ensembl_gene_id		True	binary	-0.0003228	0.3339	-0.1612	0.1116	-0.0001181	0.334	-0.1602						
g4m3idwp	autumn-sweep-766	finished	ElasticNet	ha252ijh	ElasticNet	34.55107294592218	RBPSEDataset	100	100	0.1	K562	rbpse	mean_squared_error	1024	True	['target_psi']	platiglab	40	['fancy_scatter', 'cumul_resid_dist', ['wandb_faux_pr_curve', {'thresh': 0.5}], ['wandb_faux_roc_curve', {'thresh': 0.5}]]	yogi-RBP-ML-linear-models-april-2025	17.0	train	['r2_score', 'rmse', 'sigmoid_r2']	False	all	False	False	cross_validation	5.0	5	False	1.0	ensembl_gene_id	ensembl_gene_id		True	binary	-0.000133	0.3341	-0.1604	0.1116	-4.734e-05	0.334	-0.1602						
16f1siee	honest-sweep-767	finished	ElasticNet	ha252ijh	ElasticNet	34.55107294592218	RBPSEDataset	200	100	0.1	K562	rbpse	mean_squared_error	1024	True	['target_psi']	platiglab	40	['fancy_scatter', 'cumul_resid_dist', ['wandb_faux_pr_curve', {'thresh': 0.5}], ['wandb_faux_roc_curve', {'thresh': 0.5}]]	yogi-RBP-ML-linear-models-april-2025	17.0	train	['r2_score', 'rmse', 'sigmoid_r2']	False	all	False	False	cross_validation	5.0	5	False	1.0	ensembl_gene_id	ensembl_gene_id		True	binary	-0.0008187	0.334	-0.1618	0.1116	-0.0003028	0.3341	-0.1602						
8oq063um	worldly-sweep-768	finished	ElasticNet	ha252ijh	ElasticNet	34.55107294592218	RBPSEDataset	300	100	0.1	K562	rbpse	mean_squared_error	1024	True	['target_psi']	platiglab	40	['fancy_scatter', 'cumul_resid_dist', ['wandb_faux_pr_curve', {'thresh': 0.5}], ['wandb_faux_roc_curve', {'thresh': 0.5}]]	yogi-RBP-ML-linear-models-april-2025	17.0	train	['r2_score', 'rmse', 'sigmoid_r2']	False	all	False	False	cross_validation	5.0	5	False	1.0	ensembl_gene_id	ensembl_gene_id		True	binary	-0.0002734	0.334	-0.1607	0.1116	-9.836e-05	0.334	-0.1602						
8ts7i1w2	dulcet-sweep-769	finished	ElasticNet	ha252ijh	ElasticNet	34.55107294592218	RBPSEDataset	400	100	0.1	K562	rbpse	mean_squared_error	1024	True	['target_psi']	platiglab	40	['fancy_scatter', 'cumul_resid_dist', ['wandb_faux_pr_curve', {'thresh': 0.5}], ['wandb_faux_roc_curve', {'thresh': 0.5}]]	yogi-RBP-ML-linear-models-april-2025	17.0	train	['r2_score', 'rmse', 'sigmoid_r2']	False	all	False	False	cross_validation	5.0	5	False	1.0	ensembl_gene_id	ensembl_gene_id		True	binary	-0.0004317	0.334	-0.161	0.1116	-0.0001515	0.334	-0.1602						
2vrplmcf	dulcet-sweep-770	finished	ElasticNet	ha252ijh	ElasticNet	34.55107294592218	RBPSEDataset	500	100	0.1	K562	rbpse	mean_squared_error	1024	True	['target_psi']	platiglab	40	['fancy_scatter', 'cumul_resid_dist', ['wandb_faux_pr_curve', {'thresh': 0.5}], ['wandb_faux_roc_curve', {'thresh': 0.5}]]	yogi-RBP-ML-linear-models-april-2025	17.0	train	['r2_score', 'rmse', 'sigmoid_r2']	False	all	False	False	cross_validation	5.0	5	False	1.0	ensembl_gene_id	ensembl_gene_id		True	binary	-0.0004882	0.334	-0.1613	0.1116	-0.0001607	0.334	-0.1602						
vkcf04rf	spring-sweep-771	finished	ElasticNet	ha252ijh	ElasticNet	34.55107294592218	RBPSEDataset	600	100	0.1	K562	rbpse	mean_squared_error	1024	True	['target_psi']	platiglab	40	['fancy_scatter', 'cumul_resid_dist', ['wandb_faux_pr_curve', {'thresh': 0.5}], ['wandb_faux_roc_curve', {'thresh': 0.5}]]	yogi-RBP-ML-linear-models-april-2025	17.0	train	['r2_score', 'rmse', 'sigmoid_r2']	False	all	False	False	cross_validation	5.0	5	False	1.0	ensembl_gene_id	ensembl_gene_id		True	binary	-0.0005609	0.334	-0.1614	0.1116	-0.0002066	0.334	-0.1602						
ycexf7ea	fluent-sweep-772	finished	ElasticNet	ha252ijh	ElasticNet	34.55107294592218	RBPSEDataset	700	100	0.1	K562	rbpse	mean_squared_error	1024	True	['target_psi']	platiglab	40	['fancy_scatter', 'cumul_resid_dist', ['wandb_faux_pr_curve', {'thresh': 0.5}], ['wandb_faux_roc_curve', {'thresh': 0.5}]]	yogi-RBP-ML-linear-models-april-2025	17.0	train	['r2_score', 'rmse', 'sigmoid_r2']	False	all	False	False	cross_validation	5.0	5	False	1.0	ensembl_gene_id	ensembl_gene_id		True	binary	-0.0005921	0.334	-0.1614	0.1116	-0.0002029	0.334	-0.1602						
f3sed3l1	fine-sweep-773	finished	ElasticNet	ha252ijh	ElasticNet	34.55107294592218	RBPSEDataset	800	100	0.1	K562	rbpse	mean_squared_error	1024	True	['target_psi']	platiglab	40	['fancy_scatter', 'cumul_resid_dist', ['wandb_faux_pr_curve', {'thresh': 0.5}], ['wandb_faux_roc_curve', {'thresh': 0.5}]]	yogi-RBP-ML-linear-models-april-2025	17.0	train	['r2_score', 'rmse', 'sigmoid_r2']	False	all	False	False	cross_validation	5.0	5	False	1.0	ensembl_gene_id	ensembl_gene_id		True	binary	-0.0005625	0.3341	-0.1611	0.1116	-0.0001981	0.334	-0.1602						
ltf62bq6	sweepy-sweep-774	finished	ElasticNet	ha252ijh	ElasticNet	34.55107294592218	RBPSEDataset	900	100	0.1	K562	rbpse	mean_squared_error	1024	True	['target_psi']	platiglab	40	['fancy_scatter', 'cumul_resid_dist', ['wandb_faux_pr_curve', {'thresh': 0.5}], ['wandb_faux_roc_curve', {'thresh': 0.5}]]	yogi-RBP-ML-linear-models-april-2025	17.0	train	['r2_score', 'rmse', 'sigmoid_r2']	False	all	False	False	cross_validation	5.0	5	False	1.0	ensembl_gene_id	ensembl_gene_id		True	binary	-0.0003228	0.3339	-0.1612	0.1116	-0.0001181	0.334	-0.1602						
79xd6mz4	rich-sweep-775	finished	ElasticNet	ha252ijh	ElasticNet	34.55107294592218	RBPSEDataset	100	100	0.25	K562	rbpse	mean_squared_error	1024	True	['target_psi']	platiglab	40	['fancy_scatter', 'cumul_resid_dist', ['wandb_faux_pr_curve', {'thresh': 0.5}], ['wandb_faux_roc_curve', {'thresh': 0.5}]]	yogi-RBP-ML-linear-models-april-2025	17.0	train	['r2_score', 'rmse', 'sigmoid_r2']	False	all	False	False	cross_validation	5.0	5	False	1.0	ensembl_gene_id	ensembl_gene_id		True	binary	-0.000133	0.3341	-0.1604	0.1116	-4.734e-05	0.334	-0.1602						
wj5umr54	celestial-sweep-776	finished	ElasticNet	ha252ijh	ElasticNet	34.55107294592218	RBPSEDataset	200	100	0.25	K562	rbpse	mean_squared_error	1024	True	['target_psi']	platiglab	40	['fancy_scatter', 'cumul_resid_dist', ['wandb_faux_pr_curve', {'thresh': 0.5}], ['wandb_faux_roc_curve', {'thresh': 0.5}]]	yogi-RBP-ML-linear-models-april-2025	17.0	train	['r2_score', 'rmse', 'sigmoid_r2']	False	all	False	False	cross_validation	5.0	5	False	1.0	ensembl_gene_id	ensembl_gene_id		True	binary	-0.0008187	0.334	-0.1618	0.1116	-0.0003028	0.3341	-0.1602						
kq92dxfl	apricot-sweep-778	finished	ElasticNet	ha252ijh	ElasticNet	34.55107294592218	RBPSEDataset	400	100	0.25	K562	rbpse	mean_squared_error	1024	True	['target_psi']	platiglab	40	['fancy_scatter', 'cumul_resid_dist', ['wandb_faux_pr_curve', {'thresh': 0.5}], ['wandb_faux_roc_curve', {'thresh': 0.5}]]	yogi-RBP-ML-linear-models-april-2025	17.0	train	['r2_score', 'rmse', 'sigmoid_r2']	False	all	False	False	cross_validation	5.0	5	False	1.0	ensembl_gene_id	ensembl_gene_id		True	binary	-0.0004317	0.334	-0.161	0.1116	-0.0001515	0.334	-0.1602						
45we0pf4	apricot-sweep-779	finished	ElasticNet	ha252ijh	ElasticNet	34.55107294592218	RBPSEDataset	500	100	0.25	K562	rbpse	mean_squared_error	1024	True	['target_psi']	platiglab	40	['fancy_scatter', 'cumul_resid_dist', ['wandb_faux_pr_curve', {'thresh': 0.5}], ['wandb_faux_roc_curve', {'thresh': 0.5}]]	yogi-RBP-ML-linear-models-april-2025	17.0	train	['r2_score', 'rmse', 'sigmoid_r2']	False	all	False	False	cross_validation	5.0	5	False	1.0	ensembl_gene_id	ensembl_gene_id		True	binary	-0.0004882	0.334	-0.1613	0.1116	-0.0001607	0.334	-0.1602						
6s2qg1c9	vague-sweep-780	finished	ElasticNet	ha252ijh	ElasticNet	34.55107294592218	RBPSEDataset	600	100	0.25	K562	rbpse	mean_squared_error	1024	True	['target_psi']	platiglab	40	['fancy_scatter', 'cumul_resid_dist', ['wandb_faux_pr_curve', {'thresh': 0.5}], ['wandb_faux_roc_curve', {'thresh': 0.5}]]	yogi-RBP-ML-linear-models-april-2025	17.0	train	['r2_score', 'rmse', 'sigmoid_r2']	False	all	False	False	cross_validation	5.0	5	False	1.0	ensembl_gene_id	ensembl_gene_id		True	binary	-0.0005609	0.334	-0.1614	0.1116	-0.0002066	0.334	-0.1602						
b83m1jqw	royal-sweep-781	finished	ElasticNet	ha252ijh	ElasticNet	34.55107294592218	RBPSEDataset	700	100	0.25	K562	rbpse	mean_squared_error	1024	True	['target_psi']	platiglab	40	['fancy_scatter', 'cumul_resid_dist', ['wandb_faux_pr_curve', {'thresh': 0.5}], ['wandb_faux_roc_curve', {'thresh': 0.5}]]	yogi-RBP-ML-linear-models-april-2025	17.0	train	['r2_score', 'rmse', 'sigmoid_r2']	False	all	False	False	cross_validation	5.0	5	False	1.0	ensembl_gene_id	ensembl_gene_id		True	binary	-0.0005921	0.334	-0.1614	0.1116	-0.0002029	0.334	-0.1602						
akhbpr4p	devout-sweep-782	finished	ElasticNet	ha252ijh	ElasticNet	34.55107294592218	RBPSEDataset	800	100	0.25	K562	rbpse	mean_squared_error	1024	True	['target_psi']	platiglab	40	['fancy_scatter', 'cumul_resid_dist', ['wandb_faux_pr_curve', {'thresh': 0.5}], ['wandb_faux_roc_curve', {'thresh': 0.5}]]	yogi-RBP-ML-linear-models-april-2025	17.0	train	['r2_score', 'rmse', 'sigmoid_r2']	False	all	False	False	cross_validation	5.0	5	False	1.0	ensembl_gene_id	ensembl_gene_id		True	binary	-0.0005625	0.3341	-0.1611	0.1116	-0.0001981	0.334	-0.1602						
kwfiavrq	sweepy-sweep-783	finished	ElasticNet	ha252ijh	ElasticNet	34.55107294592218	RBPSEDataset	900	100	0.25	K562	rbpse	mean_squared_error	1024	True	['target_psi']	platiglab	40	['fancy_scatter', 'cumul_resid_dist', ['wandb_faux_pr_curve', {'thresh': 0.5}], ['wandb_faux_roc_curve', {'thresh': 0.5}]]	yogi-RBP-ML-linear-models-april-2025	17.0	train	['r2_score', 'rmse', 'sigmoid_r2']	False	all	False	False	cross_validation	5.0	5	False	1.0	ensembl_gene_id	ensembl_gene_id		True	binary	-0.0003228	0.3339	-0.1612	0.1116	-0.0001181	0.334	-0.1602						
i12yzr1q	feasible-sweep-784	finished	ElasticNet	ha252ijh	ElasticNet	34.55107294592218	RBPSEDataset	100	100	0.5	K562	rbpse	mean_squared_error	1024	True	['target_psi']	platiglab	40	['fancy_scatter', 'cumul_resid_dist', ['wandb_faux_pr_curve', {'thresh': 0.5}], ['wandb_faux_roc_curve', {'thresh': 0.5}]]	yogi-RBP-ML-linear-models-april-2025	17.0	train	['r2_score', 'rmse', 'sigmoid_r2']	False	all	False	False	cross_validation	5.0	5	False	1.0	ensembl_gene_id	ensembl_gene_id		True	binary	-0.000133	0.3341	-0.1604	0.1116	-4.734e-05	0.334	-0.1602						
ful83xrv	swift-sweep-785	finished	ElasticNet	ha252ijh	ElasticNet	34.55107294592218	RBPSEDataset	200	100	0.5	K562	rbpse	mean_squared_error	1024	True	['target_psi']	platiglab	40	['fancy_scatter', 'cumul_resid_dist', ['wandb_faux_pr_curve', {'thresh': 0.5}], ['wandb_faux_roc_curve', {'thresh': 0.5}]]	yogi-RBP-ML-linear-models-april-2025	17.0	train	['r2_score', 'rmse', 'sigmoid_r2']	False	all	False	False	cross_validation	5.0	5	False	1.0	ensembl_gene_id	ensembl_gene_id		True	binary	-0.0008187	0.334	-0.1618	0.1116	-0.0003028	0.3341	-0.1602						
9fy1b31z	feasible-sweep-786	finished	ElasticNet	ha252ijh	ElasticNet	34.55107294592218	RBPSEDataset	300	100	0.5	K562	rbpse	mean_squared_error	1024	True	['target_psi']	platiglab	40	['fancy_scatter', 'cumul_resid_dist', ['wandb_faux_pr_curve', {'thresh': 0.5}], ['wandb_faux_roc_curve', {'thresh': 0.5}]]	yogi-RBP-ML-linear-models-april-2025	17.0	train	['r2_score', 'rmse', 'sigmoid_r2']	False	all	False	False	cross_validation	5.0	5	False	1.0	ensembl_gene_id	ensembl_gene_id		True	binary	-0.0002734	0.334	-0.1607	0.1116	-9.836e-05	0.334	-0.1602						
yxfcpngw	vocal-sweep-787	finished	ElasticNet	ha252ijh	ElasticNet	34.55107294592218	RBPSEDataset	400	100	0.5	K562	rbpse	mean_squared_error	1024	True	['target_psi']	platiglab	40	['fancy_scatter', 'cumul_resid_dist', ['wandb_faux_pr_curve', {'thresh': 0.5}], ['wandb_faux_roc_curve', {'thresh': 0.5}]]	yogi-RBP-ML-linear-models-april-2025	17.0	train	['r2_score', 'rmse', 'sigmoid_r2']	False	all	False	False	cross_validation	5.0	5	False	1.0	ensembl_gene_id	ensembl_gene_id		True	binary	-0.0004317	0.334	-0.161	0.1116	-0.0001515	0.334	-0.1602						
nxg4c8fq	light-sweep-788	finished	ElasticNet	ha252ijh	ElasticNet	34.55107294592218	RBPSEDataset	500	100	0.5	K562	rbpse	mean_squared_error	1024	True	['target_psi']	platiglab	40	['fancy_scatter', 'cumul_resid_dist', ['wandb_faux_pr_curve', {'thresh': 0.5}], ['wandb_faux_roc_curve', {'thresh': 0.5}]]	yogi-RBP-ML-linear-models-april-2025	17.0	train	['r2_score', 'rmse', 'sigmoid_r2']	False	all	False	False	cross_validation	5.0	5	False	1.0	ensembl_gene_id	ensembl_gene_id		True	binary	-0.0004882	0.334	-0.1613	0.1116	-0.0001607	0.334	-0.1602						
zjx8ht8h	dark-sweep-790	finished	ElasticNet	ha252ijh	ElasticNet	34.55107294592218	RBPSEDataset	700	100	0.5	K562	rbpse	mean_squared_error	1024	True	['target_psi']	platiglab	40	['fancy_scatter', 'cumul_resid_dist', ['wandb_faux_pr_curve', {'thresh': 0.5}], ['wandb_faux_roc_curve', {'thresh': 0.5}]]	yogi-RBP-ML-linear-models-april-2025	17.0	train	['r2_score', 'rmse', 'sigmoid_r2']	False	all	False	False	cross_validation	5.0	5	False	1.0	ensembl_gene_id	ensembl_gene_id		True	binary	-0.0005921	0.334	-0.1614	0.1116	-0.0002029	0.334	-0.1602						
i2wjgz95	rich-sweep-791	finished	ElasticNet	ha252ijh	ElasticNet	34.55107294592218	RBPSEDataset	800	100	0.5	K562	rbpse	mean_squared_error	1024	True	['target_psi']	platiglab	40	['fancy_scatter', 'cumul_resid_dist', ['wandb_faux_pr_curve', {'thresh': 0.5}], ['wandb_faux_roc_curve', {'thresh': 0.5}]]	yogi-RBP-ML-linear-models-april-2025	17.0	train	['r2_score', 'rmse', 'sigmoid_r2']	False	all	False	False	cross_validation	5.0	5	False	1.0	ensembl_gene_id	ensembl_gene_id		True	binary	-0.0005625	0.3341	-0.1611	0.1116	-0.0001981	0.334	-0.1602						
ygvirwyx	worthy-sweep-792	finished	ElasticNet	ha252ijh	ElasticNet	34.55107294592218	RBPSEDataset	900	100	0.5	K562	rbpse	mean_squared_error	1024	True	['target_psi']	platiglab	40	['fancy_scatter', 'cumul_resid_dist', ['wandb_faux_pr_curve', {'thresh': 0.5}], ['wandb_faux_roc_curve', {'thresh': 0.5}]]	yogi-RBP-ML-linear-models-april-2025	17.0	train	['r2_score', 'rmse', 'sigmoid_r2']	False	all	False	False	cross_validation	5.0	5	False	1.0	ensembl_gene_id	ensembl_gene_id		True	binary	-0.0003228	0.3339	-0.1612	0.1116	-0.0001181	0.334	-0.1602						
9dqg1com	sparkling-sweep-794	finished	ElasticNet	ha252ijh	ElasticNet	34.55107294592218	RBPSEDataset	200	100	0.75	K562	rbpse	mean_squared_error	1024	True	['target_psi']	platiglab	40	['fancy_scatter', 'cumul_resid_dist', ['wandb_faux_pr_curve', {'thresh': 0.5}], ['wandb_faux_roc_curve', {'thresh': 0.5}]]	yogi-RBP-ML-linear-models-april-2025	17.0	train	['r2_score', 'rmse', 'sigmoid_r2']	False	all	False	False	cross_validation	5.0	5	False	1.0	ensembl_gene_id	ensembl_gene_id		True	binary	-0.0008187	0.334	-0.1618	0.1116	-0.0003028	0.3341	-0.1602						
0ow5cjle	confused-sweep-798	finished	ElasticNet	ha252ijh	ElasticNet	34.55107294592218	RBPSEDataset	600	100	0.75	K562	rbpse	mean_squared_error	1024	True	['target_psi']	platiglab	40	['fancy_scatter', 'cumul_resid_dist', ['wandb_faux_pr_curve', {'thresh': 0.5}], ['wandb_faux_roc_curve', {'thresh': 0.5}]]	yogi-RBP-ML-linear-models-april-2025	17.0	train	['r2_score', 'rmse', 'sigmoid_r2']	False	all	False	False	cross_validation	5.0	5	False	1.0	ensembl_gene_id	ensembl_gene_id		True	binary	-0.0005609	0.334	-0.1614	0.1116	-0.0002066	0.334	-0.1602						
22elicx4	fine-sweep-800	finished	ElasticNet	ha252ijh	ElasticNet	34.55107294592218	RBPSEDataset	800	100	0.75	K562	rbpse	mean_squared_error	1024	True	['target_psi']	platiglab	40	['fancy_scatter', 'cumul_resid_dist', ['wandb_faux_pr_curve', {'thresh': 0.5}], ['wandb_faux_roc_curve', {'thresh': 0.5}]]	yogi-RBP-ML-linear-models-april-2025	17.0	train	['r2_score', 'rmse', 'sigmoid_r2']	False	all	False	False	cross_validation	5.0	5	False	1.0	ensembl_gene_id	ensembl_gene_id		True	binary	-0.0005625	0.3341	-0.1611	0.1116	-0.0001981	0.334	-0.1602						
5fdyzlkw	ruby-sweep-797	finished	ElasticNet	ha252ijh	ElasticNet	34.55107294592218	RBPSEDataset	500	100	0.75	K562	rbpse	mean_squared_error	1024	True	['target_psi']	platiglab	40	['fancy_scatter', 'cumul_resid_dist', ['wandb_faux_pr_curve', {'thresh': 0.5}], ['wandb_faux_roc_curve', {'thresh': 0.5}]]	yogi-RBP-ML-linear-models-april-2025	17.0	train	['r2_score', 'rmse', 'sigmoid_r2']	False	all	False	False	cross_validation	5.0	5	False	1.0	ensembl_gene_id	ensembl_gene_id		True	binary	-0.0004882	0.334	-0.1613	0.1116	-0.0001607	0.334	-0.1602						
c0mhrhvz	dulcet-sweep-799	finished	ElasticNet	ha252ijh	ElasticNet	34.55107294592218	RBPSEDataset	700	100	0.75	K562	rbpse	mean_squared_error	1024	True	['target_psi']	platiglab	40	['fancy_scatter', 'cumul_resid_dist', ['wandb_faux_pr_curve', {'thresh': 0.5}], ['wandb_faux_roc_curve', {'thresh': 0.5}]]	yogi-RBP-ML-linear-models-april-2025	17.0	train	['r2_score', 'rmse', 'sigmoid_r2']	False	all	False	False	cross_validation	5.0	5	False	1.0	ensembl_gene_id	ensembl_gene_id		True	binary	-0.0005921	0.334	-0.1614	0.1116	-0.0002029	0.334	-0.1602						
v0xulops	fragrant-sweep-795	finished	ElasticNet	ha252ijh	ElasticNet	34.55107294592218	RBPSEDataset	300	100	0.75	K562	rbpse	mean_squared_error	1024	True	['target_psi']	platiglab	40	['fancy_scatter', 'cumul_resid_dist', ['wandb_faux_pr_curve', {'thresh': 0.5}], ['wandb_faux_roc_curve', {'thresh': 0.5}]]	yogi-RBP-ML-linear-models-april-2025	17.0	train	['r2_score', 'rmse', 'sigmoid_r2']	False	all	False	False	cross_validation	5.0	5	False	1.0	ensembl_gene_id	ensembl_gene_id		True	binary	-0.0002734	0.334	-0.1607	0.1116	-9.836e-05	0.334	-0.1602						
ygya99lw	solar-sweep-796	finished	ElasticNet	ha252ijh	ElasticNet	34.55107294592218	RBPSEDataset	400	100	0.75	K562	rbpse	mean_squared_error	1024	True	['target_psi']	platiglab	40	['fancy_scatter', 'cumul_resid_dist', ['wandb_faux_pr_curve', {'thresh': 0.5}], ['wandb_faux_roc_curve', {'thresh': 0.5}]]	yogi-RBP-ML-linear-models-april-2025	17.0	train	['r2_score', 'rmse', 'sigmoid_r2']	False	all	False	False	cross_validation	5.0	5	False	1.0	ensembl_gene_id	ensembl_gene_id		True	binary	-0.0004317	0.334	-0.161	0.1116	-0.0001515	0.334	-0.1602						
6t4eeykd	wobbly-sweep-804	finished	ElasticNet	ha252ijh	ElasticNet	34.55107294592218	RBPSEDataset	300	100	0.9	K562	rbpse	mean_squared_error	1024	True	['target_psi']	platiglab	40	['fancy_scatter', 'cumul_resid_dist', ['wandb_faux_pr_curve', {'thresh': 0.5}], ['wandb_faux_roc_curve', {'thresh': 0.5}]]	yogi-RBP-ML-linear-models-april-2025	17.0	train	['r2_score', 'rmse', 'sigmoid_r2']	False	all	False	False	cross_validation	5.0	5	False	1.0	ensembl_gene_id	ensembl_gene_id		True	binary	-0.0002734	0.334	-0.1607	0.1116	-9.836e-05	0.334	-0.1602						
8ots1i8n	neat-sweep-801	finished	ElasticNet	ha252ijh	ElasticNet	34.55107294592218	RBPSEDataset	900	100	0.75	K562	rbpse	mean_squared_error	1024	True	['target_psi']	platiglab	40	['fancy_scatter', 'cumul_resid_dist', ['wandb_faux_pr_curve', {'thresh': 0.5}], ['wandb_faux_roc_curve', {'thresh': 0.5}]]	yogi-RBP-ML-linear-models-april-2025	17.0	train	['r2_score', 'rmse', 'sigmoid_r2']	False	all	False	False	cross_validation	5.0	5	False	1.0	ensembl_gene_id	ensembl_gene_id		True	binary	-0.0003228	0.3339	-0.1612	0.1116	-0.0001181	0.334	-0.1602						
b793pvhb	worldly-sweep-805	finished	ElasticNet	ha252ijh	ElasticNet	34.55107294592218	RBPSEDataset	400	100	0.9	K562	rbpse	mean_squared_error	1024	True	['target_psi']	platiglab	40	['fancy_scatter', 'cumul_resid_dist', ['wandb_faux_pr_curve', {'thresh': 0.5}], ['wandb_faux_roc_curve', {'thresh': 0.5}]]	yogi-RBP-ML-linear-models-april-2025	17.0	train	['r2_score', 'rmse', 'sigmoid_r2']	False	all	False	False	cross_validation	5.0	5	False	1.0	ensembl_gene_id	ensembl_gene_id		True	binary	-0.0004317	0.334	-0.161	0.1116	-0.0001515	0.334	-0.1602						
fi7jrl9c	floral-sweep-802	finished	ElasticNet	ha252ijh	ElasticNet	34.55107294592218	RBPSEDataset	100	100	0.9	K562	rbpse	mean_squared_error	1024	True	['target_psi']	platiglab	40	['fancy_scatter', 'cumul_resid_dist', ['wandb_faux_pr_curve', {'thresh': 0.5}], ['wandb_faux_roc_curve', {'thresh': 0.5}]]	yogi-RBP-ML-linear-models-april-2025	17.0	train	['r2_score', 'rmse', 'sigmoid_r2']	False	all	False	False	cross_validation	5.0	5	False	1.0	ensembl_gene_id	ensembl_gene_id		True	binary	-0.000133	0.3341	-0.1604	0.1116	-4.734e-05	0.334	-0.1602						
q72pagjy	morning-sweep-803	finished	ElasticNet	ha252ijh	ElasticNet	34.55107294592218	RBPSEDataset	200	100	0.9	K562	rbpse	mean_squared_error	1024	True	['target_psi']	platiglab	40	['fancy_scatter', 'cumul_resid_dist', ['wandb_faux_pr_curve', {'thresh': 0.5}], ['wandb_faux_roc_curve', {'thresh': 0.5}]]	yogi-RBP-ML-linear-models-april-2025	17.0	train	['r2_score', 'rmse', 'sigmoid_r2']	False	all	False	False	cross_validation	5.0	5	False	1.0	ensembl_gene_id	ensembl_gene_id		True	binary	-0.0008187	0.334	-0.1618	0.1116	-0.0003028	0.3341	-0.1602						
1btgm9nn	likely-sweep-807	finished	ElasticNet	ha252ijh	ElasticNet	34.55107294592218	RBPSEDataset	600	100	0.9	K562	rbpse	mean_squared_error	1024	True	['target_psi']	platiglab	40	['fancy_scatter', 'cumul_resid_dist', ['wandb_faux_pr_curve', {'thresh': 0.5}], ['wandb_faux_roc_curve', {'thresh': 0.5}]]	yogi-RBP-ML-linear-models-april-2025	17.0	train	['r2_score', 'rmse', 'sigmoid_r2']	False	all	False	False	cross_validation	5.0	5	False	1.0	ensembl_gene_id	ensembl_gene_id		True	binary	-0.0005609	0.334	-0.1614	0.1116	-0.0002066	0.334	-0.1602						
37b03cht	resilient-sweep-809	finished	ElasticNet	ha252ijh	ElasticNet	34.55107294592218	RBPSEDataset	800	100	0.9	K562	rbpse	mean_squared_error	1024	True	['target_psi']	platiglab	40	['fancy_scatter', 'cumul_resid_dist', ['wandb_faux_pr_curve', {'thresh': 0.5}], ['wandb_faux_roc_curve', {'thresh': 0.5}]]	yogi-RBP-ML-linear-models-april-2025	17.0	train	['r2_score', 'rmse', 'sigmoid_r2']	False	all	False	False	cross_validation	5.0	5	False	1.0	ensembl_gene_id	ensembl_gene_id		True	binary	-0.0005625	0.3341	-0.1611	0.1116	-0.0001981	0.334	-0.1602						
q8i8kt64	generous-sweep-806	finished	ElasticNet	ha252ijh	ElasticNet	34.55107294592218	RBPSEDataset	500	100	0.9	K562	rbpse	mean_squared_error	1024	True	['target_psi']	platiglab	40	['fancy_scatter', 'cumul_resid_dist', ['wandb_faux_pr_curve', {'thresh': 0.5}], ['wandb_faux_roc_curve', {'thresh': 0.5}]]	yogi-RBP-ML-linear-models-april-2025	17.0	train	['r2_score', 'rmse', 'sigmoid_r2']	False	all	False	False	cross_validation	5.0	5	False	1.0	ensembl_gene_id	ensembl_gene_id		True	binary	-0.0004882	0.334	-0.1613	0.1116	-0.0001607	0.334	-0.1602						
s9o5ib0h	different-sweep-808	finished	ElasticNet	ha252ijh	ElasticNet	34.55107294592218	RBPSEDataset	700	100	0.9	K562	rbpse	mean_squared_error	1024	True	['target_psi']	platiglab	40	['fancy_scatter', 'cumul_resid_dist', ['wandb_faux_pr_curve', {'thresh': 0.5}], ['wandb_faux_roc_curve', {'thresh': 0.5}]]	yogi-RBP-ML-linear-models-april-2025	17.0	train	['r2_score', 'rmse', 'sigmoid_r2']	False	all	False	False	cross_validation	5.0	5	False	1.0	ensembl_gene_id	ensembl_gene_id		True	binary	-0.0005921	0.334	-0.1614	0.1116	-0.0002029	0.334	-0.1602						
yk0balnb	lunar-sweep-810	finished	ElasticNet	ha252ijh	ElasticNet	34.55107294592218	RBPSEDataset	900	100	0.9	K562	rbpse	mean_squared_error	1024	True	['target_psi']	platiglab	40	['fancy_scatter', 'cumul_resid_dist', ['wandb_faux_pr_curve', {'thresh': 0.5}], ['wandb_faux_roc_curve', {'thresh': 0.5}]]	yogi-RBP-ML-linear-models-april-2025	17.0	train	['r2_score', 'rmse', 'sigmoid_r2']	False	all	False	False	cross_validation	5.0	5	False	1.0	ensembl_gene_id	ensembl_gene_id		True	binary	-0.0003228	0.3339	-0.1612	0.1116	-0.0001181	0.334	-0.1602						
0gsnx3cq	drawn-sweep-817	finished	ElasticNet	ha252ijh	ElasticNet	34.55107294592218	RBPSEDataset	700	100	1.0	K562	rbpse	mean_squared_error	1024	True	['target_psi']	platiglab	40	['fancy_scatter', 'cumul_resid_dist', ['wandb_faux_pr_curve', {'thresh': 0.5}], ['wandb_faux_roc_curve', {'thresh': 0.5}]]	yogi-RBP-ML-linear-models-april-2025	17.0	train	['r2_score', 'rmse', 'sigmoid_r2']	False	all	False	False	cross_validation	5.0	5	False	1.0	ensembl_gene_id	ensembl_gene_id		True	binary	-0.0005921	0.334	-0.1614	0.1116	-0.0002029	0.334	-0.1602						
418gcqei	divine-sweep-816	finished	ElasticNet	ha252ijh	ElasticNet	34.55107294592218	RBPSEDataset	600	100	1.0	K562	rbpse	mean_squared_error	1024	True	['target_psi']	platiglab	40	['fancy_scatter', 'cumul_resid_dist', ['wandb_faux_pr_curve', {'thresh': 0.5}], ['wandb_faux_roc_curve', {'thresh': 0.5}]]	yogi-RBP-ML-linear-models-april-2025	17.0	train	['r2_score', 'rmse', 'sigmoid_r2']	False	all	False	False	cross_validation	5.0	5	False	1.0	ensembl_gene_id	ensembl_gene_id		True	binary	-0.0005609	0.334	-0.1614	0.1116	-0.0002066	0.334	-0.1602						
4un24ldj	scarlet-sweep-812	finished	ElasticNet	ha252ijh	ElasticNet	34.55107294592218	RBPSEDataset	200	100	1.0	K562	rbpse	mean_squared_error	1024	True	['target_psi']	platiglab	40	['fancy_scatter', 'cumul_resid_dist', ['wandb_faux_pr_curve', {'thresh': 0.5}], ['wandb_faux_roc_curve', {'thresh': 0.5}]]	yogi-RBP-ML-linear-models-april-2025	17.0	train	['r2_score', 'rmse', 'sigmoid_r2']	False	all	False	False	cross_validation	5.0	5	False	1.0	ensembl_gene_id	ensembl_gene_id		True	binary	-0.0008187	0.334	-0.1618	0.1116	-0.0003028	0.3341	-0.1602						
4v5p926c	rose-sweep-813	finished	ElasticNet	ha252ijh	ElasticNet	34.55107294592218	RBPSEDataset	300	100	1.0	K562	rbpse	mean_squared_error	1024	True	['target_psi']	platiglab	40	['fancy_scatter', 'cumul_resid_dist', ['wandb_faux_pr_curve', {'thresh': 0.5}], ['wandb_faux_roc_curve', {'thresh': 0.5}]]	yogi-RBP-ML-linear-models-april-2025	17.0	train	['r2_score', 'rmse', 'sigmoid_r2']	False	all	False	False	cross_validation	5.0	5	False	1.0	ensembl_gene_id	ensembl_gene_id		True	binary	-0.0002734	0.334	-0.1607	0.1116	-9.836e-05	0.334	-0.1602						
62k4hcxp	spring-sweep-814	finished	ElasticNet	ha252ijh	ElasticNet	34.55107294592218	RBPSEDataset	400	100	1.0	K562	rbpse	mean_squared_error	1024	True	['target_psi']	platiglab	40	['fancy_scatter', 'cumul_resid_dist', ['wandb_faux_pr_curve', {'thresh': 0.5}], ['wandb_faux_roc_curve', {'thresh': 0.5}]]	yogi-RBP-ML-linear-models-april-2025	17.0	train	['r2_score', 'rmse', 'sigmoid_r2']	False	all	False	False	cross_validation	5.0	5	False	1.0	ensembl_gene_id	ensembl_gene_id		True	binary	-0.0004317	0.334	-0.161	0.1116	-0.0001515	0.334	-0.1602						
jd2bz943	golden-sweep-815	finished	ElasticNet	ha252ijh	ElasticNet	34.55107294592218	RBPSEDataset	500	100	1.0	K562	rbpse	mean_squared_error	1024	True	['target_psi']	platiglab	40	['fancy_scatter', 'cumul_resid_dist', ['wandb_faux_pr_curve', {'thresh': 0.5}], ['wandb_faux_roc_curve', {'thresh': 0.5}]]	yogi-RBP-ML-linear-models-april-2025	17.0	train	['r2_score', 'rmse', 'sigmoid_r2']	False	all	False	False	cross_validation	5.0	5	False	1.0	ensembl_gene_id	ensembl_gene_id		True	binary	-0.0004882	0.334	-0.1613	0.1116	-0.0001607	0.334	-0.1602						
vyzvqjmc	pious-sweep-811	finished	ElasticNet	ha252ijh	ElasticNet	34.55107294592218	RBPSEDataset	100	100	1.0	K562	rbpse	mean_squared_error	1024	True	['target_psi']	platiglab	40	['fancy_scatter', 'cumul_resid_dist', ['wandb_faux_pr_curve', {'thresh': 0.5}], ['wandb_faux_roc_curve', {'thresh': 0.5}]]	yogi-RBP-ML-linear-models-april-2025	17.0	train	['r2_score', 'rmse', 'sigmoid_r2']	False	all	False	False	cross_validation	5.0	5	False	1.0	ensembl_gene_id	ensembl_gene_id		True	binary	-0.000133	0.3341	-0.1604	0.1116	-4.734e-05	0.334	-0.1602						
mg021eod	peach-sweep-818	finished	ElasticNet	ha252ijh	ElasticNet	34.55107294592218	RBPSEDataset	800	100	1.0	K562	rbpse	mean_squared_error	1024	True	['target_psi']	platiglab	40	['fancy_scatter', 'cumul_resid_dist', ['wandb_faux_pr_curve', {'thresh': 0.5}], ['wandb_faux_roc_curve', {'thresh': 0.5}]]	yogi-RBP-ML-linear-models-april-2025	17.0	train	['r2_score', 'rmse', 'sigmoid_r2']	False	all	False	False	cross_validation	5.0	5	False	1.0	ensembl_gene_id	ensembl_gene_id		True	binary	-0.0005625	0.3341	-0.1611	0.1116	-0.0001981	0.334	-0.1602						
rhdc9bgs	efficient-sweep-819	finished	ElasticNet	ha252ijh	ElasticNet	34.55107294592218	RBPSEDataset	900	100	1.0	K562	rbpse	mean_squared_error	1024	True	['target_psi']	platiglab	40	['fancy_scatter', 'cumul_resid_dist', ['wandb_faux_pr_curve', {'thresh': 0.5}], ['wandb_faux_roc_curve', {'thresh': 0.5}]]	yogi-RBP-ML-linear-models-april-2025	17.0	train	['r2_score', 'rmse', 'sigmoid_r2']	False	all	False	False	cross_validation	5.0	5	False	1.0	ensembl_gene_id	ensembl_gene_id		True	binary	-0.0003228	0.3339	-0.1612	0.1116	-0.0001181	0.334	-0.1602						
eajb16rk	hearty-sweep-829	finished	ElasticNet	ha252ijh	ElasticNet	100.0	RBPSEDataset	100	100	0.1	K562	rbpse	mean_squared_error	1024	True	['target_psi']	platiglab	40	['fancy_scatter', 'cumul_resid_dist', ['wandb_faux_pr_curve', {'thresh': 0.5}], ['wandb_faux_roc_curve', {'thresh': 0.5}]]	yogi-RBP-ML-linear-models-april-2025	17.0	train	['r2_score', 'rmse', 'sigmoid_r2']	False	all	False	False	cross_validation	5.0	5	False	1.0	ensembl_gene_id	ensembl_gene_id		True	binary	-0.000133	0.3341	-0.1604	0.1116	-4.734e-05	0.334	-0.1602						
djv9wzmy	divine-sweep-830	finished	ElasticNet	ha252ijh	ElasticNet	100.0	RBPSEDataset	200	100	0.1	K562	rbpse	mean_squared_error	1024	True	['target_psi']	platiglab	40	['fancy_scatter', 'cumul_resid_dist', ['wandb_faux_pr_curve', {'thresh': 0.5}], ['wandb_faux_roc_curve', {'thresh': 0.5}]]	yogi-RBP-ML-linear-models-april-2025	17.0	train	['r2_score', 'rmse', 'sigmoid_r2']	False	all	False	False	cross_validation	5.0	5	False	1.0	ensembl_gene_id	ensembl_gene_id		True	binary	-0.0008187	0.334	-0.1618	0.1116	-0.0003028	0.3341	-0.1602						
32wwwku5	deep-sweep-831	finished	ElasticNet	ha252ijh	ElasticNet	100.0	RBPSEDataset	300	100	0.1	K562	rbpse	mean_squared_error	1024	True	['target_psi']	platiglab	40	['fancy_scatter', 'cumul_resid_dist', ['wandb_faux_pr_curve', {'thresh': 0.5}], ['wandb_faux_roc_curve', {'thresh': 0.5}]]	yogi-RBP-ML-linear-models-april-2025	17.0	train	['r2_score', 'rmse', 'sigmoid_r2']	False	all	False	False	cross_validation	5.0	5	False	1.0	ensembl_gene_id	ensembl_gene_id		True	binary	-0.0002734	0.334	-0.1607	0.1116	-9.836e-05	0.334	-0.1602						
pg6fo13p	stoic-sweep-832	finished	ElasticNet	ha252ijh	ElasticNet	100.0	RBPSEDataset	400	100	0.1	K562	rbpse	mean_squared_error	1024	True	['target_psi']	platiglab	40	['fancy_scatter', 'cumul_resid_dist', ['wandb_faux_pr_curve', {'thresh': 0.5}], ['wandb_faux_roc_curve', {'thresh': 0.5}]]	yogi-RBP-ML-linear-models-april-2025	17.0	train	['r2_score', 'rmse', 'sigmoid_r2']	False	all	False	False	cross_validation	5.0	5	False	1.0	ensembl_gene_id	ensembl_gene_id		True	binary	-0.0004317	0.334	-0.161	0.1116	-0.0001515	0.334	-0.1602						
i7ms5sea	electric-sweep-833	finished	ElasticNet	ha252ijh	ElasticNet	100.0	RBPSEDataset	500	100	0.1	K562	rbpse	mean_squared_error	1024	True	['target_psi']	platiglab	40	['fancy_scatter', 'cumul_resid_dist', ['wandb_faux_pr_curve', {'thresh': 0.5}], ['wandb_faux_roc_curve', {'thresh': 0.5}]]	yogi-RBP-ML-linear-models-april-2025	17.0	train	['r2_score', 'rmse', 'sigmoid_r2']	False	all	False	False	cross_validation	5.0	5	False	1.0	ensembl_gene_id	ensembl_gene_id		True	binary	-0.0004882	0.334	-0.1613	0.1116	-0.0001607	0.334	-0.1602						
zpxffkcf	elated-sweep-835	finished	ElasticNet	ha252ijh	ElasticNet	100.0	RBPSEDataset	700	100	0.1	K562	rbpse	mean_squared_error	1024	True	['target_psi']	platiglab	40	['fancy_scatter', 'cumul_resid_dist', ['wandb_faux_pr_curve', {'thresh': 0.5}], ['wandb_faux_roc_curve', {'thresh': 0.5}]]	yogi-RBP-ML-linear-models-april-2025	17.0	train	['r2_score', 'rmse', 'sigmoid_r2']	False	all	False	False	cross_validation	5.0	5	False	1.0	ensembl_gene_id	ensembl_gene_id		True	binary	-0.0005921	0.334	-0.1614	0.1116	-0.0002029	0.334	-0.1602						
entezq1t	splendid-sweep-840	finished	ElasticNet	ha252ijh	ElasticNet	100.0	RBPSEDataset	300	100	0.25	K562	rbpse	mean_squared_error	1024	True	['target_psi']	platiglab	40	['fancy_scatter', 'cumul_resid_dist', ['wandb_faux_pr_curve', {'thresh': 0.5}], ['wandb_faux_roc_curve', {'thresh': 0.5}]]	yogi-RBP-ML-linear-models-april-2025	17.0	train	['r2_score', 'rmse', 'sigmoid_r2']	False	all	False	False	cross_validation	5.0	5	False	1.0	ensembl_gene_id	ensembl_gene_id		True	binary	-0.0002734	0.334	-0.1607	0.1116	-9.836e-05	0.334	-0.1602						
oo05v1eu	toasty-sweep-836	finished	ElasticNet	ha252ijh	ElasticNet	100.0	RBPSEDataset	800	100	0.1	K562	rbpse	mean_squared_error	1024	True	['target_psi']	platiglab	40	['fancy_scatter', 'cumul_resid_dist', ['wandb_faux_pr_curve', {'thresh': 0.5}], ['wandb_faux_roc_curve', {'thresh': 0.5}]]	yogi-RBP-ML-linear-models-april-2025	17.0	train	['r2_score', 'rmse', 'sigmoid_r2']	False	all	False	False	cross_validation	5.0	5	False	1.0	ensembl_gene_id	ensembl_gene_id		True	binary	-0.0005625	0.3341	-0.1611	0.1116	-0.0001981	0.334	-0.1602						
p4n67uuh	autumn-sweep-839	finished	ElasticNet	ha252ijh	ElasticNet	100.0	RBPSEDataset	200	100	0.25	K562	rbpse	mean_squared_error	1024	True	['target_psi']	platiglab	40	['fancy_scatter', 'cumul_resid_dist', ['wandb_faux_pr_curve', {'thresh': 0.5}], ['wandb_faux_roc_curve', {'thresh': 0.5}]]	yogi-RBP-ML-linear-models-april-2025	17.0	train	['r2_score', 'rmse', 'sigmoid_r2']	False	all	False	False	cross_validation	5.0	5	False	1.0	ensembl_gene_id	ensembl_gene_id		True	binary	-0.0008187	0.334	-0.1618	0.1116	-0.0003028	0.3341	-0.1602						
r8shh01h	genial-sweep-837	finished	ElasticNet	ha252ijh	ElasticNet	100.0	RBPSEDataset	900	100	0.1	K562	rbpse	mean_squared_error	1024	True	['target_psi']	platiglab	40	['fancy_scatter', 'cumul_resid_dist', ['wandb_faux_pr_curve', {'thresh': 0.5}], ['wandb_faux_roc_curve', {'thresh': 0.5}]]	yogi-RBP-ML-linear-models-april-2025	17.0	train	['r2_score', 'rmse', 'sigmoid_r2']	False	all	False	False	cross_validation	5.0	5	False	1.0	ensembl_gene_id	ensembl_gene_id		True	binary	-0.0003228	0.3339	-0.1612	0.1116	-0.0001181	0.334	-0.1602						
wg1syext	copper-sweep-838	finished	ElasticNet	ha252ijh	ElasticNet	100.0	RBPSEDataset	100	100	0.25	K562	rbpse	mean_squared_error	1024	True	['target_psi']	platiglab	40	['fancy_scatter', 'cumul_resid_dist', ['wandb_faux_pr_curve', {'thresh': 0.5}], ['wandb_faux_roc_curve', {'thresh': 0.5}]]	yogi-RBP-ML-linear-models-april-2025	17.0	train	['r2_score', 'rmse', 'sigmoid_r2']	False	all	False	False	cross_validation	5.0	5	False	1.0	ensembl_gene_id	ensembl_gene_id		True	binary	-0.000133	0.3341	-0.1604	0.1116	-4.734e-05	0.334	-0.1602						
7kbyd0ot	fine-sweep-843	finished	ElasticNet	ha252ijh	ElasticNet	100.0	RBPSEDataset	600	100	0.25	K562	rbpse	mean_squared_error	1024	True	['target_psi']	platiglab	40	['fancy_scatter', 'cumul_resid_dist', ['wandb_faux_pr_curve', {'thresh': 0.5}], ['wandb_faux_roc_curve', {'thresh': 0.5}]]	yogi-RBP-ML-linear-models-april-2025	17.0	train	['r2_score', 'rmse', 'sigmoid_r2']	False	all	False	False	cross_validation	5.0	5	False	1.0	ensembl_gene_id	ensembl_gene_id		True	binary	-0.0005609	0.334	-0.1614	0.1116	-0.0002066	0.334	-0.1602						
90kqe8u1	treasured-sweep-841	finished	ElasticNet	ha252ijh	ElasticNet	100.0	RBPSEDataset	400	100	0.25	K562	rbpse	mean_squared_error	1024	True	['target_psi']	platiglab	40	['fancy_scatter', 'cumul_resid_dist', ['wandb_faux_pr_curve', {'thresh': 0.5}], ['wandb_faux_roc_curve', {'thresh': 0.5}]]	yogi-RBP-ML-linear-models-april-2025	17.0	train	['r2_score', 'rmse', 'sigmoid_r2']	False	all	False	False	cross_validation	5.0	5	False	1.0	ensembl_gene_id	ensembl_gene_id		True	binary	-0.0004317	0.334	-0.161	0.1116	-0.0001515	0.334	-0.1602						
bwsazv4k	floral-sweep-842	finished	ElasticNet	ha252ijh	ElasticNet	100.0	RBPSEDataset	500	100	0.25	K562	rbpse	mean_squared_error	1024	True	['target_psi']	platiglab	40	['fancy_scatter', 'cumul_resid_dist', ['wandb_faux_pr_curve', {'thresh': 0.5}], ['wandb_faux_roc_curve', {'thresh': 0.5}]]	yogi-RBP-ML-linear-models-april-2025	17.0	train	['r2_score', 'rmse', 'sigmoid_r2']	False	all	False	False	cross_validation	5.0	5	False	1.0	ensembl_gene_id	ensembl_gene_id		True	binary	-0.0004882	0.334	-0.1613	0.1116	-0.0001607	0.334	-0.1602						
h81zgh6w	valiant-sweep-844	finished	ElasticNet	ha252ijh	ElasticNet	100.0	RBPSEDataset	700	100	0.25	K562	rbpse	mean_squared_error	1024	True	['target_psi']	platiglab	40	['fancy_scatter', 'cumul_resid_dist', ['wandb_faux_pr_curve', {'thresh': 0.5}], ['wandb_faux_roc_curve', {'thresh': 0.5}]]	yogi-RBP-ML-linear-models-april-2025	17.0	train	['r2_score', 'rmse', 'sigmoid_r2']	False	all	False	False	cross_validation	5.0	5	False	1.0	ensembl_gene_id	ensembl_gene_id		True	binary	-0.0005921	0.334	-0.1614	0.1116	-0.0002029	0.334	-0.1602						
v9cp0gob	vocal-sweep-845	finished	ElasticNet	ha252ijh	ElasticNet	100.0	RBPSEDataset	800	100	0.25	K562	rbpse	mean_squared_error	1024	True	['target_psi']	platiglab	40	['fancy_scatter', 'cumul_resid_dist', ['wandb_faux_pr_curve', {'thresh': 0.5}], ['wandb_faux_roc_curve', {'thresh': 0.5}]]	yogi-RBP-ML-linear-models-april-2025	17.0	train	['r2_score', 'rmse', 'sigmoid_r2']	False	all	False	False	cross_validation	5.0	5	False	1.0	ensembl_gene_id	ensembl_gene_id		True	binary	-0.0005625	0.3341	-0.1611	0.1116	-0.0001981	0.334	-0.1602						
9b9513il	northern-sweep-846	finished	ElasticNet	ha252ijh	ElasticNet	100.0	RBPSEDataset	900	100	0.25	K562	rbpse	mean_squared_error	1024	True	['target_psi']	platiglab	40	['fancy_scatter', 'cumul_resid_dist', ['wandb_faux_pr_curve', {'thresh': 0.5}], ['wandb_faux_roc_curve', {'thresh': 0.5}]]	yogi-RBP-ML-linear-models-april-2025	17.0	train	['r2_score', 'rmse', 'sigmoid_r2']	False	all	False	False	cross_validation	5.0	5	False	1.0	ensembl_gene_id	ensembl_gene_id		True	binary	-0.0003228	0.3339	-0.1612	0.1116	-0.0001181	0.334	-0.1602						
4ig3u5p6	copper-sweep-847	finished	ElasticNet	ha252ijh	ElasticNet	100.0	RBPSEDataset	100	100	0.5	K562	rbpse	mean_squared_error	1024	True	['target_psi']	platiglab	40	['fancy_scatter', 'cumul_resid_dist', ['wandb_faux_pr_curve', {'thresh': 0.5}], ['wandb_faux_roc_curve', {'thresh': 0.5}]]	yogi-RBP-ML-linear-models-april-2025	17.0	train	['r2_score', 'rmse', 'sigmoid_r2']	False	all	False	False	cross_validation	5.0	5	False	1.0	ensembl_gene_id	ensembl_gene_id		True	binary	-0.000133	0.3341	-0.1604	0.1116	-4.734e-05	0.334	-0.1602						
2r1f6hmv	polished-sweep-848	finished	ElasticNet	ha252ijh	ElasticNet	100.0	RBPSEDataset	200	100	0.5	K562	rbpse	mean_squared_error	1024	True	['target_psi']	platiglab	40	['fancy_scatter', 'cumul_resid_dist', ['wandb_faux_pr_curve', {'thresh': 0.5}], ['wandb_faux_roc_curve', {'thresh': 0.5}]]	yogi-RBP-ML-linear-models-april-2025	17.0	train	['r2_score', 'rmse', 'sigmoid_r2']	False	all	False	False	cross_validation	5.0	5	False	1.0	ensembl_gene_id	ensembl_gene_id		True	binary	-0.0008187	0.334	-0.1618	0.1116	-0.0003028	0.3341	-0.1602						
ruw04kg6	restful-sweep-849	finished	ElasticNet	ha252ijh	ElasticNet	100.0	RBPSEDataset	300	100	0.5	K562	rbpse	mean_squared_error	1024	True	['target_psi']	platiglab	40	['fancy_scatter', 'cumul_resid_dist', ['wandb_faux_pr_curve', {'thresh': 0.5}], ['wandb_faux_roc_curve', {'thresh': 0.5}]]	yogi-RBP-ML-linear-models-april-2025	17.0	train	['r2_score', 'rmse', 'sigmoid_r2']	False	all	False	False	cross_validation	5.0	5	False	1.0	ensembl_gene_id	ensembl_gene_id		True	binary	-0.0002734	0.334	-0.1607	0.1116	-9.836e-05	0.334	-0.1602						
785hkvme	treasured-sweep-850	finished	ElasticNet	ha252ijh	ElasticNet	100.0	RBPSEDataset	400	100	0.5	K562	rbpse	mean_squared_error	1024	True	['target_psi']	platiglab	40	['fancy_scatter', 'cumul_resid_dist', ['wandb_faux_pr_curve', {'thresh': 0.5}], ['wandb_faux_roc_curve', {'thresh': 0.5}]]	yogi-RBP-ML-linear-models-april-2025	17.0	train	['r2_score', 'rmse', 'sigmoid_r2']	False	all	False	False	cross_validation	5.0	5	False	1.0	ensembl_gene_id	ensembl_gene_id		True	binary	-0.0004317	0.334	-0.161	0.1116	-0.0001515	0.334	-0.1602						
lnitev2w	drawn-sweep-851	finished	ElasticNet	ha252ijh	ElasticNet	100.0	RBPSEDataset	500	100	0.5	K562	rbpse	mean_squared_error	1024	True	['target_psi']	platiglab	40	['fancy_scatter', 'cumul_resid_dist', ['wandb_faux_pr_curve', {'thresh': 0.5}], ['wandb_faux_roc_curve', {'thresh': 0.5}]]	yogi-RBP-ML-linear-models-april-2025	17.0	train	['r2_score', 'rmse', 'sigmoid_r2']	False	all	False	False	cross_validation	5.0	5	False	1.0	ensembl_gene_id	ensembl_gene_id		True	binary	-0.0004882	0.334	-0.1613	0.1116	-0.0001607	0.334	-0.1602						
o73hbok0	stoic-sweep-852	finished	ElasticNet	ha252ijh	ElasticNet	100.0	RBPSEDataset	600	100	0.5	K562	rbpse	mean_squared_error	1024	True	['target_psi']	platiglab	40	['fancy_scatter', 'cumul_resid_dist', ['wandb_faux_pr_curve', {'thresh': 0.5}], ['wandb_faux_roc_curve', {'thresh': 0.5}]]	yogi-RBP-ML-linear-models-april-2025	17.0	train	['r2_score', 'rmse', 'sigmoid_r2']	False	all	False	False	cross_validation	5.0	5	False	1.0	ensembl_gene_id	ensembl_gene_id		True	binary	-0.0005609	0.334	-0.1614	0.1116	-0.0002066	0.334	-0.1602						
rvul4fd1	dashing-sweep-853	finished	ElasticNet	ha252ijh	ElasticNet	100.0	RBPSEDataset	700	100	0.5	K562	rbpse	mean_squared_error	1024	True	['target_psi']	platiglab	40	['fancy_scatter', 'cumul_resid_dist', ['wandb_faux_pr_curve', {'thresh': 0.5}], ['wandb_faux_roc_curve', {'thresh': 0.5}]]	yogi-RBP-ML-linear-models-april-2025	17.0	train	['r2_score', 'rmse', 'sigmoid_r2']	False	all	False	False	cross_validation	5.0	5	False	1.0	ensembl_gene_id	ensembl_gene_id		True	binary	-0.0005921	0.334	-0.1614	0.1116	-0.0002029	0.334	-0.1602						
900lzsl8	smart-sweep-854	finished	ElasticNet	ha252ijh	ElasticNet	100.0	RBPSEDataset	800	100	0.5	K562	rbpse	mean_squared_error	1024	True	['target_psi']	platiglab	40	['fancy_scatter', 'cumul_resid_dist', ['wandb_faux_pr_curve', {'thresh': 0.5}], ['wandb_faux_roc_curve', {'thresh': 0.5}]]	yogi-RBP-ML-linear-models-april-2025	17.0	train	['r2_score', 'rmse', 'sigmoid_r2']	False	all	False	False	cross_validation	5.0	5	False	1.0	ensembl_gene_id	ensembl_gene_id		True	binary	-0.0005625	0.3341	-0.1611	0.1116	-0.0001981	0.334	-0.1602						
vv192y5n	valiant-sweep-855	finished	ElasticNet	ha252ijh	ElasticNet	100.0	RBPSEDataset	900	100	0.5	K562	rbpse	mean_squared_error	1024	True	['target_psi']	platiglab	40	['fancy_scatter', 'cumul_resid_dist', ['wandb_faux_pr_curve', {'thresh': 0.5}], ['wandb_faux_roc_curve', {'thresh': 0.5}]]	yogi-RBP-ML-linear-models-april-2025	17.0	train	['r2_score', 'rmse', 'sigmoid_r2']	False	all	False	False	cross_validation	5.0	5	False	1.0	ensembl_gene_id	ensembl_gene_id		True	binary	-0.0003228	0.3339	-0.1612	0.1116	-0.0001181	0.334	-0.1602						
926ojo2r	polar-sweep-856	finished	ElasticNet	ha252ijh	ElasticNet	100.0	RBPSEDataset	100	100	0.75	K562	rbpse	mean_squared_error	1024	True	['target_psi']	platiglab	40	['fancy_scatter', 'cumul_resid_dist', ['wandb_faux_pr_curve', {'thresh': 0.5}], ['wandb_faux_roc_curve', {'thresh': 0.5}]]	yogi-RBP-ML-linear-models-april-2025	17.0	train	['r2_score', 'rmse', 'sigmoid_r2']	False	all	False	False	cross_validation	5.0	5	False	1.0	ensembl_gene_id	ensembl_gene_id		True	binary	-0.000133	0.3341	-0.1604	0.1116	-4.734e-05	0.334	-0.1602						
mlvcmcms	sunny-sweep-857	finished	ElasticNet	ha252ijh	ElasticNet	100.0	RBPSEDataset	200	100	0.75	K562	rbpse	mean_squared_error	1024	True	['target_psi']	platiglab	40	['fancy_scatter', 'cumul_resid_dist', ['wandb_faux_pr_curve', {'thresh': 0.5}], ['wandb_faux_roc_curve', {'thresh': 0.5}]]	yogi-RBP-ML-linear-models-april-2025	17.0	train	['r2_score', 'rmse', 'sigmoid_r2']	False	all	False	False	cross_validation	5.0	5	False	1.0	ensembl_gene_id	ensembl_gene_id		True	binary	-0.0008187	0.334	-0.1618	0.1116	-0.0003028	0.3341	-0.1602						
fvfaejep	revived-sweep-858	finished	ElasticNet	ha252ijh	ElasticNet	100.0	RBPSEDataset	300	100	0.75	K562	rbpse	mean_squared_error	1024	True	['target_psi']	platiglab	40	['fancy_scatter', 'cumul_resid_dist', ['wandb_faux_pr_curve', {'thresh': 0.5}], ['wandb_faux_roc_curve', {'thresh': 0.5}]]	yogi-RBP-ML-linear-models-april-2025	17.0	train	['r2_score', 'rmse', 'sigmoid_r2']	False	all	False	False	cross_validation	5.0	5	False	1.0	ensembl_gene_id	ensembl_gene_id		True	binary	-0.0002734	0.334	-0.1607	0.1116	-9.836e-05	0.334	-0.1602						
wgpf31kn	morning-sweep-859	finished	ElasticNet	ha252ijh	ElasticNet	100.0	RBPSEDataset	400	100	0.75	K562	rbpse	mean_squared_error	1024	True	['target_psi']	platiglab	40	['fancy_scatter', 'cumul_resid_dist', ['wandb_faux_pr_curve', {'thresh': 0.5}], ['wandb_faux_roc_curve', {'thresh': 0.5}]]	yogi-RBP-ML-linear-models-april-2025	17.0	train	['r2_score', 'rmse', 'sigmoid_r2']	False	all	False	False	cross_validation	5.0	5	False	1.0	ensembl_gene_id	ensembl_gene_id		True	binary	-0.0004317	0.334	-0.161	0.1116	-0.0001515	0.334	-0.1602						
fdwyyzzy	dashing-sweep-860	finished	ElasticNet	ha252ijh	ElasticNet	100.0	RBPSEDataset	500	100	0.75	K562	rbpse	mean_squared_error	1024	True	['target_psi']	platiglab	40	['fancy_scatter', 'cumul_resid_dist', ['wandb_faux_pr_curve', {'thresh': 0.5}], ['wandb_faux_roc_curve', {'thresh': 0.5}]]	yogi-RBP-ML-linear-models-april-2025	17.0	train	['r2_score', 'rmse', 'sigmoid_r2']	False	all	False	False	cross_validation	5.0	5	False	1.0	ensembl_gene_id	ensembl_gene_id		True	binary	-0.0004882	0.334	-0.1613	0.1116	-0.0001607	0.334	-0.1602						
v25l9rac	royal-sweep-861	finished	ElasticNet	ha252ijh	ElasticNet	100.0	RBPSEDataset	600	100	0.75	K562	rbpse	mean_squared_error	1024	True	['target_psi']	platiglab	40	['fancy_scatter', 'cumul_resid_dist', ['wandb_faux_pr_curve', {'thresh': 0.5}], ['wandb_faux_roc_curve', {'thresh': 0.5}]]	yogi-RBP-ML-linear-models-april-2025	17.0	train	['r2_score', 'rmse', 'sigmoid_r2']	False	all	False	False	cross_validation	5.0	5	False	1.0	ensembl_gene_id	ensembl_gene_id		True	binary	-0.0005609	0.334	-0.1614	0.1116	-0.0002066	0.334	-0.1602						
fagepll5	stellar-sweep-862	finished	ElasticNet	ha252ijh	ElasticNet	100.0	RBPSEDataset	700	100	0.75	K562	rbpse	mean_squared_error	1024	True	['target_psi']	platiglab	40	['fancy_scatter', 'cumul_resid_dist', ['wandb_faux_pr_curve', {'thresh': 0.5}], ['wandb_faux_roc_curve', {'thresh': 0.5}]]	yogi-RBP-ML-linear-models-april-2025	17.0	train	['r2_score', 'rmse', 'sigmoid_r2']	False	all	False	False	cross_validation	5.0	5	False	1.0	ensembl_gene_id	ensembl_gene_id		True	binary	-0.0005921	0.334	-0.1614	0.1116	-0.0002029	0.334	-0.1602						
zkpj2jfw	gallant-sweep-863	finished	ElasticNet	ha252ijh	ElasticNet	100.0	RBPSEDataset	800	100	0.75	K562	rbpse	mean_squared_error	1024	True	['target_psi']	platiglab	40	['fancy_scatter', 'cumul_resid_dist', ['wandb_faux_pr_curve', {'thresh': 0.5}], ['wandb_faux_roc_curve', {'thresh': 0.5}]]	yogi-RBP-ML-linear-models-april-2025	17.0	train	['r2_score', 'rmse', 'sigmoid_r2']	False	all	False	False	cross_validation	5.0	5	False	1.0	ensembl_gene_id	ensembl_gene_id		True	binary	-0.0005625	0.3341	-0.1611	0.1116	-0.0001981	0.334	-0.1602						
bc5ya9gz	comfy-sweep-864	finished	ElasticNet	ha252ijh	ElasticNet	100.0	RBPSEDataset	900	100	0.75	K562	rbpse	mean_squared_error	1024	True	['target_psi']	platiglab	40	['fancy_scatter', 'cumul_resid_dist', ['wandb_faux_pr_curve', {'thresh': 0.5}], ['wandb_faux_roc_curve', {'thresh': 0.5}]]	yogi-RBP-ML-linear-models-april-2025	17.0	train	['r2_score', 'rmse', 'sigmoid_r2']	False	all	False	False	cross_validation	5.0	5	False	1.0	ensembl_gene_id	ensembl_gene_id		True	binary	-0.0003228	0.3339	-0.1612	0.1116	-0.0001181	0.334	-0.1602						
hf2xbnuv	worldly-sweep-865	finished	ElasticNet	ha252ijh	ElasticNet	100.0	RBPSEDataset	100	100	0.9	K562	rbpse	mean_squared_error	1024	True	['target_psi']	platiglab	40	['fancy_scatter', 'cumul_resid_dist', ['wandb_faux_pr_curve', {'thresh': 0.5}], ['wandb_faux_roc_curve', {'thresh': 0.5}]]	yogi-RBP-ML-linear-models-april-2025	17.0	train	['r2_score', 'rmse', 'sigmoid_r2']	False	all	False	False	cross_validation	5.0	5	False	1.0	ensembl_gene_id	ensembl_gene_id		True	binary	-0.000133	0.3341	-0.1604	0.1116	-4.734e-05	0.334	-0.1602						
jyl2jj0a	revived-sweep-866	finished	ElasticNet	ha252ijh	ElasticNet	100.0	RBPSEDataset	200	100	0.9	K562	rbpse	mean_squared_error	1024	True	['target_psi']	platiglab	40	['fancy_scatter', 'cumul_resid_dist', ['wandb_faux_pr_curve', {'thresh': 0.5}], ['wandb_faux_roc_curve', {'thresh': 0.5}]]	yogi-RBP-ML-linear-models-april-2025	17.0	train	['r2_score', 'rmse', 'sigmoid_r2']	False	all	False	False	cross_validation	5.0	5	False	1.0	ensembl_gene_id	ensembl_gene_id		True	binary	-0.0008187	0.334	-0.1618	0.1116	-0.0003028	0.3341	-0.1602						
c9hjnhkj	morning-sweep-867	finished	ElasticNet	ha252ijh	ElasticNet	100.0	RBPSEDataset	300	100	0.9	K562	rbpse	mean_squared_error	1024	True	['target_psi']	platiglab	40	['fancy_scatter', 'cumul_resid_dist', ['wandb_faux_pr_curve', {'thresh': 0.5}], ['wandb_faux_roc_curve', {'thresh': 0.5}]]	yogi-RBP-ML-linear-models-april-2025	17.0	train	['r2_score', 'rmse', 'sigmoid_r2']	False	all	False	False	cross_validation	5.0	5	False	1.0	ensembl_gene_id	ensembl_gene_id		True	binary	-0.0002734	0.334	-0.1607	0.1116	-9.836e-05	0.334	-0.1602						
1v9f9b0q	radiant-sweep-868	finished	ElasticNet	ha252ijh	ElasticNet	100.0	RBPSEDataset	400	100	0.9	K562	rbpse	mean_squared_error	1024	True	['target_psi']	platiglab	40	['fancy_scatter', 'cumul_resid_dist', ['wandb_faux_pr_curve', {'thresh': 0.5}], ['wandb_faux_roc_curve', {'thresh': 0.5}]]	yogi-RBP-ML-linear-models-april-2025	17.0	train	['r2_score', 'rmse', 'sigmoid_r2']	False	all	False	False	cross_validation	5.0	5	False	1.0	ensembl_gene_id	ensembl_gene_id		True	binary	-0.0004317	0.334	-0.161	0.1116	-0.0001515	0.334	-0.1602						
94zsgp87	whole-sweep-869	finished	ElasticNet	ha252ijh	ElasticNet	100.0	RBPSEDataset	500	100	0.9	K562	rbpse	mean_squared_error	1024	True	['target_psi']	platiglab	40	['fancy_scatter', 'cumul_resid_dist', ['wandb_faux_pr_curve', {'thresh': 0.5}], ['wandb_faux_roc_curve', {'thresh': 0.5}]]	yogi-RBP-ML-linear-models-april-2025	17.0	train	['r2_score', 'rmse', 'sigmoid_r2']	False	all	False	False	cross_validation	5.0	5	False	1.0	ensembl_gene_id	ensembl_gene_id		True	binary	-0.0004882	0.334	-0.1613	0.1116	-0.0001607	0.334	-0.1602						
kn97kod3	pious-sweep-870	finished	ElasticNet	ha252ijh	ElasticNet	100.0	RBPSEDataset	600	100	0.9	K562	rbpse	mean_squared_error	1024	True	['target_psi']	platiglab	40	['fancy_scatter', 'cumul_resid_dist', ['wandb_faux_pr_curve', {'thresh': 0.5}], ['wandb_faux_roc_curve', {'thresh': 0.5}]]	yogi-RBP-ML-linear-models-april-2025	17.0	train	['r2_score', 'rmse', 'sigmoid_r2']	False	all	False	False	cross_validation	5.0	5	False	1.0	ensembl_gene_id	ensembl_gene_id		True	binary	-0.0005609	0.334	-0.1614	0.1116	-0.0002066	0.334	-0.1602						
6w0vl2vg	balmy-sweep-871	finished	ElasticNet	ha252ijh	ElasticNet	100.0	RBPSEDataset	700	100	0.9	K562	rbpse	mean_squared_error	1024	True	['target_psi']	platiglab	40	['fancy_scatter', 'cumul_resid_dist', ['wandb_faux_pr_curve', {'thresh': 0.5}], ['wandb_faux_roc_curve', {'thresh': 0.5}]]	yogi-RBP-ML-linear-models-april-2025	17.0	train	['r2_score', 'rmse', 'sigmoid_r2']	False	all	False	False	cross_validation	5.0	5	False	1.0	ensembl_gene_id	ensembl_gene_id		True	binary	-0.0005921	0.334	-0.1614	0.1116	-0.0002029	0.334	-0.1602						
h3yb9su0	treasured-sweep-873	finished	ElasticNet	ha252ijh	ElasticNet	100.0	RBPSEDataset	900	100	0.9	K562	rbpse	mean_squared_error	1024	True	['target_psi']	platiglab	40	['fancy_scatter', 'cumul_resid_dist', ['wandb_faux_pr_curve', {'thresh': 0.5}], ['wandb_faux_roc_curve', {'thresh': 0.5}]]	yogi-RBP-ML-linear-models-april-2025	17.0	train	['r2_score', 'rmse', 'sigmoid_r2']	False	all	False	False	cross_validation	5.0	5	False	1.0	ensembl_gene_id	ensembl_gene_id		True	binary	-0.0003228	0.3339	-0.1612	0.1116	-0.0001181	0.334	-0.1602						
cwlrzy5p	fluent-sweep-874	finished	ElasticNet	ha252ijh	ElasticNet	100.0	RBPSEDataset	100	100	1.0	K562	rbpse	mean_squared_error	1024	True	['target_psi']	platiglab	40	['fancy_scatter', 'cumul_resid_dist', ['wandb_faux_pr_curve', {'thresh': 0.5}], ['wandb_faux_roc_curve', {'thresh': 0.5}]]	yogi-RBP-ML-linear-models-april-2025	17.0	train	['r2_score', 'rmse', 'sigmoid_r2']	False	all	False	False	cross_validation	5.0	5	False	1.0	ensembl_gene_id	ensembl_gene_id		True	binary	-0.000133	0.3341	-0.1604	0.1116	-4.734e-05	0.334	-0.1602						
wmh3qyd4	hardy-sweep-875	finished	ElasticNet	ha252ijh	ElasticNet	100.0	RBPSEDataset	200	100	1.0	K562	rbpse	mean_squared_error	1024	True	['target_psi']	platiglab	40	['fancy_scatter', 'cumul_resid_dist', ['wandb_faux_pr_curve', {'thresh': 0.5}], ['wandb_faux_roc_curve', {'thresh': 0.5}]]	yogi-RBP-ML-linear-models-april-2025	17.0	train	['r2_score', 'rmse', 'sigmoid_r2']	False	all	False	False	cross_validation	5.0	5	False	1.0	ensembl_gene_id	ensembl_gene_id		True	binary	-0.0008187	0.334	-0.1618	0.1116	-0.0003028	0.3341	-0.1602						
1cwyqzel	atomic-sweep-876	finished	ElasticNet	ha252ijh	ElasticNet	100.0	RBPSEDataset	300	100	1.0	K562	rbpse	mean_squared_error	1024	True	['target_psi']	platiglab	40	['fancy_scatter', 'cumul_resid_dist', ['wandb_faux_pr_curve', {'thresh': 0.5}], ['wandb_faux_roc_curve', {'thresh': 0.5}]]	yogi-RBP-ML-linear-models-april-2025	17.0	train	['r2_score', 'rmse', 'sigmoid_r2']	False	all	False	False	cross_validation	5.0	5	False	1.0	ensembl_gene_id	ensembl_gene_id		True	binary	-0.0002734	0.334	-0.1607	0.1116	-9.836e-05	0.334	-0.1602						
ibzivt3g	decent-sweep-877	finished	ElasticNet	ha252ijh	ElasticNet	100.0	RBPSEDataset	400	100	1.0	K562	rbpse	mean_squared_error	1024	True	['target_psi']	platiglab	40	['fancy_scatter', 'cumul_resid_dist', ['wandb_faux_pr_curve', {'thresh': 0.5}], ['wandb_faux_roc_curve', {'thresh': 0.5}]]	yogi-RBP-ML-linear-models-april-2025	17.0	train	['r2_score', 'rmse', 'sigmoid_r2']	False	all	False	False	cross_validation	5.0	5	False	1.0	ensembl_gene_id	ensembl_gene_id		True	binary	-0.0004317	0.334	-0.161	0.1116	-0.0001515	0.334	-0.1602						
7tdi45n4	devout-sweep-878	finished	ElasticNet	ha252ijh	ElasticNet	100.0	RBPSEDataset	500	100	1.0	K562	rbpse	mean_squared_error	1024	True	['target_psi']	platiglab	40	['fancy_scatter', 'cumul_resid_dist', ['wandb_faux_pr_curve', {'thresh': 0.5}], ['wandb_faux_roc_curve', {'thresh': 0.5}]]	yogi-RBP-ML-linear-models-april-2025	17.0	train	['r2_score', 'rmse', 'sigmoid_r2']	False	all	False	False	cross_validation	5.0	5	False	1.0	ensembl_gene_id	ensembl_gene_id		True	binary	-0.0004882	0.334	-0.1613	0.1116	-0.0001607	0.334	-0.1602						
6nhgoabs	stilted-sweep-879	finished	ElasticNet	ha252ijh	ElasticNet	100.0	RBPSEDataset	600	100	1.0	K562	rbpse	mean_squared_error	1024	True	['target_psi']	platiglab	40	['fancy_scatter', 'cumul_resid_dist', ['wandb_faux_pr_curve', {'thresh': 0.5}], ['wandb_faux_roc_curve', {'thresh': 0.5}]]	yogi-RBP-ML-linear-models-april-2025	17.0	train	['r2_score', 'rmse', 'sigmoid_r2']	False	all	False	False	cross_validation	5.0	5	False	1.0	ensembl_gene_id	ensembl_gene_id		True	binary	-0.0005609	0.334	-0.1614	0.1116	-0.0002066	0.334	-0.1602						
3ifopbxk	visionary-sweep-880	finished	ElasticNet	ha252ijh	ElasticNet	100.0	RBPSEDataset	700	100	1.0	K562	rbpse	mean_squared_error	1024	True	['target_psi']	platiglab	40	['fancy_scatter', 'cumul_resid_dist', ['wandb_faux_pr_curve', {'thresh': 0.5}], ['wandb_faux_roc_curve', {'thresh': 0.5}]]	yogi-RBP-ML-linear-models-april-2025	17.0	train	['r2_score', 'rmse', 'sigmoid_r2']	False	all	False	False	cross_validation	5.0	5	False	1.0	ensembl_gene_id	ensembl_gene_id		True	binary	-0.0005921	0.334	-0.1614	0.1116	-0.0002029	0.334	-0.1602						
t9pez0nt	winter-sweep-881	finished	ElasticNet	ha252ijh	ElasticNet	100.0	RBPSEDataset	800	100	1.0	K562	rbpse	mean_squared_error	1024	True	['target_psi']	platiglab	40	['fancy_scatter', 'cumul_resid_dist', ['wandb_faux_pr_curve', {'thresh': 0.5}], ['wandb_faux_roc_curve', {'thresh': 0.5}]]	yogi-RBP-ML-linear-models-april-2025	17.0	train	['r2_score', 'rmse', 'sigmoid_r2']	False	all	False	False	cross_validation	5.0	5	False	1.0	ensembl_gene_id	ensembl_gene_id		True	binary	-0.0005625	0.3341	-0.1611	0.1116	-0.0001981	0.334	-0.1602						
pyxhwk7x	iconic-sweep-882	finished	ElasticNet	ha252ijh	ElasticNet	100.0	RBPSEDataset	900	100	1.0	K562	rbpse	mean_squared_error	1024	True	['target_psi']	platiglab	40	['fancy_scatter', 'cumul_resid_dist', ['wandb_faux_pr_curve', {'thresh': 0.5}], ['wandb_faux_roc_curve', {'thresh': 0.5}]]	yogi-RBP-ML-linear-models-april-2025	17.0	train	['r2_score', 'rmse', 'sigmoid_r2']	False	all	False	False	cross_validation	5.0	5	False	1.0	ensembl_gene_id	ensembl_gene_id		True	binary	-0.0003228	0.3339	-0.1612	0.1116	-0.0001181	0.334	-0.1602						
2v7j5hg2	zany-sweep-892	finished	ElasticNet	ha252ijh	ElasticNet	0.0001	RBPSEDataset	100	100	0.1	HepG2	rbpse	mean_squared_error	1024	True	['target_psi']	platiglab	40	['fancy_scatter', 'cumul_resid_dist', ['wandb_faux_pr_curve', {'thresh': 0.5}], ['wandb_faux_roc_curve', {'thresh': 0.5}]]	yogi-RBP-ML-linear-models-april-2025	17.0	train	['r2_score', 'rmse', 'sigmoid_r2']	False	all	False	False	cross_validation	5.0	5	False	1.0	ensembl_gene_id	ensembl_gene_id		True	binary	0.1803	0.3116	-0.05699	0.09707	0.181	0.3116	-0.05576						
8y38dbn1	fancy-sweep-893	finished	ElasticNet	ha252ijh	ElasticNet	0.0001	RBPSEDataset	200	100	0.1	HepG2	rbpse	mean_squared_error	1024	True	['target_psi']	platiglab	40	['fancy_scatter', 'cumul_resid_dist', ['wandb_faux_pr_curve', {'thresh': 0.5}], ['wandb_faux_roc_curve', {'thresh': 0.5}]]	yogi-RBP-ML-linear-models-april-2025	17.0	train	['r2_score', 'rmse', 'sigmoid_r2']	False	all	False	False	cross_validation	5.0	5	False	1.0	ensembl_gene_id	ensembl_gene_id		True	binary	0.1829	0.3109	-0.05703	0.09675	0.1837	0.311	-0.0554						
kbm3cd14	rich-sweep-894	finished	ElasticNet	ha252ijh	ElasticNet	0.0001	RBPSEDataset	300	100	0.1	HepG2	rbpse	mean_squared_error	1024	True	['target_psi']	platiglab	40	['fancy_scatter', 'cumul_resid_dist', ['wandb_faux_pr_curve', {'thresh': 0.5}], ['wandb_faux_roc_curve', {'thresh': 0.5}]]	yogi-RBP-ML-linear-models-april-2025	17.0	train	['r2_score', 'rmse', 'sigmoid_r2']	False	all	False	False	cross_validation	5.0	5	False	1.0	ensembl_gene_id	ensembl_gene_id		True	binary	0.1824	0.3112	-0.05658	0.09687	0.1827	0.3112	-0.05551						
bh2chvt0	fluent-sweep-895	finished	ElasticNet	ha252ijh	ElasticNet	0.0001	RBPSEDataset	400	100	0.1	HepG2	rbpse	mean_squared_error	1024	True	['target_psi']	platiglab	40	['fancy_scatter', 'cumul_resid_dist', ['wandb_faux_pr_curve', {'thresh': 0.5}], ['wandb_faux_roc_curve', {'thresh': 0.5}]]	yogi-RBP-ML-linear-models-april-2025	17.0	train	['r2_score', 'rmse', 'sigmoid_r2']	False	all	False	False	cross_validation	5.0	5	False	1.0	ensembl_gene_id	ensembl_gene_id		True	binary	0.1838	0.3108	-0.05652	0.09664	0.1846	0.3109	-0.0551						
nu7962nt	vivid-sweep-896	finished	ElasticNet	ha252ijh	ElasticNet	0.0001	RBPSEDataset	500	100	0.1	HepG2	rbpse	mean_squared_error	1024	True	['target_psi']	platiglab	40	['fancy_scatter', 'cumul_resid_dist', ['wandb_faux_pr_curve', {'thresh': 0.5}], ['wandb_faux_roc_curve', {'thresh': 0.5}]]	yogi-RBP-ML-linear-models-april-2025	17.0	train	['r2_score', 'rmse', 'sigmoid_r2']	False	all	False	False	cross_validation	5.0	5	False	1.0	ensembl_gene_id	ensembl_gene_id		True	binary	0.1841	0.311	-0.05544	0.09669	0.1842	0.311	-0.05528						
1o07x2gt	sage-sweep-897	finished	ElasticNet	ha252ijh	ElasticNet	0.0001	RBPSEDataset	600	100	0.1	HepG2	rbpse	mean_squared_error	1024	True	['target_psi']	platiglab	40	['fancy_scatter', 'cumul_resid_dist', ['wandb_faux_pr_curve', {'thresh': 0.5}], ['wandb_faux_roc_curve', {'thresh': 0.5}]]	yogi-RBP-ML-linear-models-april-2025	17.0	train	['r2_score', 'rmse', 'sigmoid_r2']	False	all	False	False	cross_validation	5.0	5	False	1.0	ensembl_gene_id	ensembl_gene_id		True	binary	0.1815	0.3113	-0.05727	0.09693	0.1822	0.3113	-0.05545						
bwa4cu1l	blooming-sweep-898	finished	ElasticNet	ha252ijh	ElasticNet	0.0001	RBPSEDataset	700	100	0.1	HepG2	rbpse	mean_squared_error	1024	True	['target_psi']	platiglab	40	['fancy_scatter', 'cumul_resid_dist', ['wandb_faux_pr_curve', {'thresh': 0.5}], ['wandb_faux_roc_curve', {'thresh': 0.5}]]	yogi-RBP-ML-linear-models-april-2025	17.0	train	['r2_score', 'rmse', 'sigmoid_r2']	False	all	False	False	cross_validation	5.0	5	False	1.0	ensembl_gene_id	ensembl_gene_id		True	binary	0.1813	0.3115	-0.05608	0.09703	0.1814	0.3115	-0.0557						
kcb03aos	usual-sweep-899	finished	ElasticNet	ha252ijh	ElasticNet	0.0001	RBPSEDataset	800	100	0.1	HepG2	rbpse	mean_squared_error	1024	True	['target_psi']	platiglab	40	['fancy_scatter', 'cumul_resid_dist', ['wandb_faux_pr_curve', {'thresh': 0.5}], ['wandb_faux_roc_curve', {'thresh': 0.5}]]	yogi-RBP-ML-linear-models-april-2025	17.0	train	['r2_score', 'rmse', 'sigmoid_r2']	False	all	False	False	cross_validation	5.0	5	False	1.0	ensembl_gene_id	ensembl_gene_id		True	binary	0.1839	0.3109	-0.05591	0.09663	0.1847	0.3109	-0.05482						
i3gq4p5q	daily-sweep-900	finished	ElasticNet	ha252ijh	ElasticNet	0.0001	RBPSEDataset	900	100	0.1	HepG2	rbpse	mean_squared_error	1024	True	['target_psi']	platiglab	40	['fancy_scatter', 'cumul_resid_dist', ['wandb_faux_pr_curve', {'thresh': 0.5}], ['wandb_faux_roc_curve', {'thresh': 0.5}]]	yogi-RBP-ML-linear-models-april-2025	17.0	train	['r2_score', 'rmse', 'sigmoid_r2']	False	all	False	False	cross_validation	5.0	5	False	1.0	ensembl_gene_id	ensembl_gene_id		True	binary	0.1825	0.3112	-0.05609	0.09681	0.1833	0.3111	-0.05535						
vmsi4wy6	balmy-sweep-901	finished	ElasticNet	ha252ijh	ElasticNet	0.0001	RBPSEDataset	100	100	0.25	HepG2	rbpse	mean_squared_error	1024	True	['target_psi']	platiglab	40	['fancy_scatter', 'cumul_resid_dist', ['wandb_faux_pr_curve', {'thresh': 0.5}], ['wandb_faux_roc_curve', {'thresh': 0.5}]]	yogi-RBP-ML-linear-models-april-2025	17.0	train	['r2_score', 'rmse', 'sigmoid_r2']	False	all	False	False	cross_validation	5.0	5	False	1.0	ensembl_gene_id	ensembl_gene_id		True	binary	0.1838	0.311	-0.05737	0.09666	0.1844	0.3109	-0.05614						
97hr0jv7	amber-sweep-902	finished	ElasticNet	ha252ijh	ElasticNet	0.0001	RBPSEDataset	200	100	0.25	HepG2	rbpse	mean_squared_error	1024	True	['target_psi']	platiglab	40	['fancy_scatter', 'cumul_resid_dist', ['wandb_faux_pr_curve', {'thresh': 0.5}], ['wandb_faux_roc_curve', {'thresh': 0.5}]]	yogi-RBP-ML-linear-models-april-2025	17.0	train	['r2_score', 'rmse', 'sigmoid_r2']	False	all	False	False	cross_validation	5.0	5	False	1.0	ensembl_gene_id	ensembl_gene_id		True	binary	0.1864	0.3103	-0.05725	0.09634	0.1872	0.3104	-0.05563						
eh2obrz1	kind-sweep-903	finished	ElasticNet	ha252ijh	ElasticNet	0.0001	RBPSEDataset	300	100	0.25	HepG2	rbpse	mean_squared_error	1024	True	['target_psi']	platiglab	40	['fancy_scatter', 'cumul_resid_dist', ['wandb_faux_pr_curve', {'thresh': 0.5}], ['wandb_faux_roc_curve', {'thresh': 0.5}]]	yogi-RBP-ML-linear-models-april-2025	17.0	train	['r2_score', 'rmse', 'sigmoid_r2']	False	all	False	False	cross_validation	5.0	5	False	1.0	ensembl_gene_id	ensembl_gene_id		True	binary	0.1863	0.3105	-0.05679	0.09642	0.1865	0.3105	-0.0557						
pejci7sm	colorful-sweep-904	finished	ElasticNet	ha252ijh	ElasticNet	0.0001	RBPSEDataset	400	100	0.25	HepG2	rbpse	mean_squared_error	1024	True	['target_psi']	platiglab	40	['fancy_scatter', 'cumul_resid_dist', ['wandb_faux_pr_curve', {'thresh': 0.5}], ['wandb_faux_roc_curve', {'thresh': 0.5}]]	yogi-RBP-ML-linear-models-april-2025	17.0	train	['r2_score', 'rmse', 'sigmoid_r2']	False	all	False	False	cross_validation	5.0	5	False	1.0	ensembl_gene_id	ensembl_gene_id		True	binary	0.1875	0.3101	-0.05679	0.09621	0.1883	0.3102	-0.05537						
5c9x0ttg	balmy-sweep-905	finished	ElasticNet	ha252ijh	ElasticNet	0.0001	RBPSEDataset	500	100	0.25	HepG2	rbpse	mean_squared_error	1024	True	['target_psi']	platiglab	40	['fancy_scatter', 'cumul_resid_dist', ['wandb_faux_pr_curve', {'thresh': 0.5}], ['wandb_faux_roc_curve', {'thresh': 0.5}]]	yogi-RBP-ML-linear-models-april-2025	17.0	train	['r2_score', 'rmse', 'sigmoid_r2']	False	all	False	False	cross_validation	5.0	5	False	1.0	ensembl_gene_id	ensembl_gene_id		True	binary	0.1877	0.3103	-0.05565	0.09627	0.1878	0.3103	-0.0555						
mtc3hsqk	solar-sweep-906	finished	ElasticNet	ha252ijh	ElasticNet	0.0001	RBPSEDataset	600	100	0.25	HepG2	rbpse	mean_squared_error	1024	True	['target_psi']	platiglab	40	['fancy_scatter', 'cumul_resid_dist', ['wandb_faux_pr_curve', {'thresh': 0.5}], ['wandb_faux_roc_curve', {'thresh': 0.5}]]	yogi-RBP-ML-linear-models-april-2025	17.0	train	['r2_score', 'rmse', 'sigmoid_r2']	False	all	False	False	cross_validation	5.0	5	False	1.0	ensembl_gene_id	ensembl_gene_id		True	binary	0.185	0.3107	-0.05762	0.09651	0.1858	0.3107	-0.0558						
34wz10b7	golden-sweep-907	finished	ElasticNet	ha252ijh	ElasticNet	0.0001	RBPSEDataset	700	100	0.25	HepG2	rbpse	mean_squared_error	1024	True	['target_psi']	platiglab	40	['fancy_scatter', 'cumul_resid_dist', ['wandb_faux_pr_curve', {'thresh': 0.5}], ['wandb_faux_roc_curve', {'thresh': 0.5}]]	yogi-RBP-ML-linear-models-april-2025	17.0	train	['r2_score', 'rmse', 'sigmoid_r2']	False	all	False	False	cross_validation	5.0	5	False	1.0	ensembl_gene_id	ensembl_gene_id		True	binary	0.1853	0.3108	-0.05634	0.09655	0.1854	0.3107	-0.05597						
wqdp4xdi	apricot-sweep-908	finished	ElasticNet	ha252ijh	ElasticNet	0.0001	RBPSEDataset	800	100	0.25	HepG2	rbpse	mean_squared_error	1024	True	['target_psi']	platiglab	40	['fancy_scatter', 'cumul_resid_dist', ['wandb_faux_pr_curve', {'thresh': 0.5}], ['wandb_faux_roc_curve', {'thresh': 0.5}]]	yogi-RBP-ML-linear-models-april-2025	17.0	train	['r2_score', 'rmse', 'sigmoid_r2']	False	all	False	False	cross_validation	5.0	5	False	1.0	ensembl_gene_id	ensembl_gene_id		True	binary	0.1871	0.3103	-0.05629	0.09625	0.1879	0.3102	-0.05521						
40qb2lem	likely-sweep-909	finished	ElasticNet	ha252ijh	ElasticNet	0.0001	RBPSEDataset	900	100	0.25	HepG2	rbpse	mean_squared_error	1024	True	['target_psi']	platiglab	40	['fancy_scatter', 'cumul_resid_dist', ['wandb_faux_pr_curve', {'thresh': 0.5}], ['wandb_faux_roc_curve', {'thresh': 0.5}]]	yogi-RBP-ML-linear-models-april-2025	17.0	train	['r2_score', 'rmse', 'sigmoid_r2']	False	all	False	False	cross_validation	5.0	5	False	1.0	ensembl_gene_id	ensembl_gene_id		True	binary	0.1862	0.3104	-0.05632	0.09637	0.1869	0.3104	-0.05558						
ij8byxc2	rare-sweep-910	finished	ElasticNet	ha252ijh	ElasticNet	0.0001	RBPSEDataset	100	100	0.5	HepG2	rbpse	mean_squared_error	1024	True	['target_psi']	platiglab	40	['fancy_scatter', 'cumul_resid_dist', ['wandb_faux_pr_curve', {'thresh': 0.5}], ['wandb_faux_roc_curve', {'thresh': 0.5}]]	yogi-RBP-ML-linear-models-april-2025	17.0	train	['r2_score', 'rmse', 'sigmoid_r2']	False	all	False	False	cross_validation	5.0	5	False	1.0	ensembl_gene_id	ensembl_gene_id		True	binary	0.187	0.3103	-0.05805	0.09628	0.1877	0.3103	-0.05683						
f70ngajz	absurd-sweep-911	finished	ElasticNet	ha252ijh	ElasticNet	0.0001	RBPSEDataset	200	100	0.5	HepG2	rbpse	mean_squared_error	1024	True	['target_psi']	platiglab	40	['fancy_scatter', 'cumul_resid_dist', ['wandb_faux_pr_curve', {'thresh': 0.5}], ['wandb_faux_roc_curve', {'thresh': 0.5}]]	yogi-RBP-ML-linear-models-april-2025	17.0	train	['r2_score', 'rmse', 'sigmoid_r2']	False	all	False	False	cross_validation	5.0	5	False	1.0	ensembl_gene_id	ensembl_gene_id		True	binary	0.1894	0.3097	-0.05792	0.09599	0.1902	0.3098	-0.0563						
jfyijmh9	rich-sweep-912	finished	ElasticNet	ha252ijh	ElasticNet	0.0001	RBPSEDataset	300	100	0.5	HepG2	rbpse	mean_squared_error	1024	True	['target_psi']	platiglab	40	['fancy_scatter', 'cumul_resid_dist', ['wandb_faux_pr_curve', {'thresh': 0.5}], ['wandb_faux_roc_curve', {'thresh': 0.5}]]	yogi-RBP-ML-linear-models-april-2025	17.0	train	['r2_score', 'rmse', 'sigmoid_r2']	False	all	False	False	cross_validation	5.0	5	False	1.0	ensembl_gene_id	ensembl_gene_id		True	binary	0.1898	0.3098	-0.05738	0.09599	0.1901	0.3098	-0.05628						
uc8o9ikj	woven-sweep-913	finished	ElasticNet	ha252ijh	ElasticNet	0.0001	RBPSEDataset	400	100	0.5	HepG2	rbpse	mean_squared_error	1024	True	['target_psi']	platiglab	40	['fancy_scatter', 'cumul_resid_dist', ['wandb_faux_pr_curve', {'thresh': 0.5}], ['wandb_faux_roc_curve', {'thresh': 0.5}]]	yogi-RBP-ML-linear-models-april-2025	17.0	train	['r2_score', 'rmse', 'sigmoid_r2']	False	all	False	False	cross_validation	5.0	5	False	1.0	ensembl_gene_id	ensembl_gene_id		True	binary	0.1907	0.3095	-0.05738	0.09582	0.1915	0.3096	-0.05595						
ezcvjn93	feasible-sweep-914	finished	ElasticNet	ha252ijh	ElasticNet	0.0001	RBPSEDataset	500	100	0.5	HepG2	rbpse	mean_squared_error	1024	True	['target_psi']	platiglab	40	['fancy_scatter', 'cumul_resid_dist', ['wandb_faux_pr_curve', {'thresh': 0.5}], ['wandb_faux_roc_curve', {'thresh': 0.5}]]	yogi-RBP-ML-linear-models-april-2025	17.0	train	['r2_score', 'rmse', 'sigmoid_r2']	False	all	False	False	cross_validation	5.0	5	False	1.0	ensembl_gene_id	ensembl_gene_id		True	binary	0.1913	0.3096	-0.0562	0.09584	0.1914	0.3096	-0.05604						
iz3oe0kw	wandering-sweep-915	finished	ElasticNet	ha252ijh	ElasticNet	0.0001	RBPSEDataset	600	100	0.5	HepG2	rbpse	mean_squared_error	1024	True	['target_psi']	platiglab	40	['fancy_scatter', 'cumul_resid_dist', ['wandb_faux_pr_curve', {'thresh': 0.5}], ['wandb_faux_roc_curve', {'thresh': 0.5}]]	yogi-RBP-ML-linear-models-april-2025	17.0	train	['r2_score', 'rmse', 'sigmoid_r2']	False	all	False	False	cross_validation	5.0	5	False	1.0	ensembl_gene_id	ensembl_gene_id		True	binary	0.1884	0.31	-0.05829	0.09611	0.1891	0.31	-0.05647						
6380amjq	ethereal-sweep-916	finished	ElasticNet	ha252ijh	ElasticNet	0.0001	RBPSEDataset	700	100	0.5	HepG2	rbpse	mean_squared_error	1024	True	['target_psi']	platiglab	40	['fancy_scatter', 'cumul_resid_dist', ['wandb_faux_pr_curve', {'thresh': 0.5}], ['wandb_faux_roc_curve', {'thresh': 0.5}]]	yogi-RBP-ML-linear-models-april-2025	17.0	train	['r2_score', 'rmse', 'sigmoid_r2']	False	all	False	False	cross_validation	5.0	5	False	1.0	ensembl_gene_id	ensembl_gene_id		True	binary	0.189	0.3101	-0.0569	0.09611	0.1891	0.31	-0.05652						
va5amkar	azure-sweep-917	finished	ElasticNet	ha252ijh	ElasticNet	0.0001	RBPSEDataset	800	100	0.5	HepG2	rbpse	mean_squared_error	1024	True	['target_psi']	platiglab	40	['fancy_scatter', 'cumul_resid_dist', ['wandb_faux_pr_curve', {'thresh': 0.5}], ['wandb_faux_roc_curve', {'thresh': 0.5}]]	yogi-RBP-ML-linear-models-april-2025	17.0	train	['r2_score', 'rmse', 'sigmoid_r2']	False	all	False	False	cross_validation	5.0	5	False	1.0	ensembl_gene_id	ensembl_gene_id		True	binary	0.19	0.3097	-0.05701	0.09591	0.1908	0.3097	-0.05593						
o8kk87cm	skilled-sweep-919	finished	ElasticNet	ha252ijh	ElasticNet	0.0001	RBPSEDataset	100	100	0.75	HepG2	rbpse	mean_squared_error	1024	True	['target_psi']	platiglab	40	['fancy_scatter', 'cumul_resid_dist', ['wandb_faux_pr_curve', {'thresh': 0.5}], ['wandb_faux_roc_curve', {'thresh': 0.5}]]	yogi-RBP-ML-linear-models-april-2025	17.0	train	['r2_score', 'rmse', 'sigmoid_r2']	False	all	False	False	cross_validation	5.0	5	False	1.0	ensembl_gene_id	ensembl_gene_id		True	binary	0.1887	0.31	-0.05872	0.09607	0.1895	0.31	-0.05749						
oc8unwhl	kind-sweep-918	finished	ElasticNet	ha252ijh	ElasticNet	0.0001	RBPSEDataset	900	100	0.5	HepG2	rbpse	mean_squared_error	1024	True	['target_psi']	platiglab	40	['fancy_scatter', 'cumul_resid_dist', ['wandb_faux_pr_curve', {'thresh': 0.5}], ['wandb_faux_roc_curve', {'thresh': 0.5}]]	yogi-RBP-ML-linear-models-april-2025	17.0	train	['r2_score', 'rmse', 'sigmoid_r2']	False	all	False	False	cross_validation	5.0	5	False	1.0	ensembl_gene_id	ensembl_gene_id		True	binary	0.1901	0.3097	-0.05678	0.09591	0.1908	0.3097	-0.05604						
z3nbjme9	icy-sweep-920	finished	ElasticNet	ha252ijh	ElasticNet	0.0001	RBPSEDataset	200	100	0.75	HepG2	rbpse	mean_squared_error	1024	True	['target_psi']	platiglab	40	['fancy_scatter', 'cumul_resid_dist', ['wandb_faux_pr_curve', {'thresh': 0.5}], ['wandb_faux_roc_curve', {'thresh': 0.5}]]	yogi-RBP-ML-linear-models-april-2025	17.0	train	['r2_score', 'rmse', 'sigmoid_r2']	False	all	False	False	cross_validation	5.0	5	False	1.0	ensembl_gene_id	ensembl_gene_id		True	binary	0.1906	0.3094	-0.0586	0.09583	0.1915	0.3096	-0.05698						
0uq6blha	zany-sweep-921	finished	ElasticNet	ha252ijh	ElasticNet	0.0001	RBPSEDataset	300	100	0.75	HepG2	rbpse	mean_squared_error	1024	True	['target_psi']	platiglab	40	['fancy_scatter', 'cumul_resid_dist', ['wandb_faux_pr_curve', {'thresh': 0.5}], ['wandb_faux_roc_curve', {'thresh': 0.5}]]	yogi-RBP-ML-linear-models-april-2025	17.0	train	['r2_score', 'rmse', 'sigmoid_r2']	False	all	False	False	cross_validation	5.0	5	False	1.0	ensembl_gene_id	ensembl_gene_id		True	binary	0.1915	0.3095	-0.05804	0.09579	0.1918	0.3095	-0.05693						
i54eaa8x	stellar-sweep-922	finished	ElasticNet	ha252ijh	ElasticNet	0.0001	RBPSEDataset	400	100	0.75	HepG2	rbpse	mean_squared_error	1024	True	['target_psi']	platiglab	40	['fancy_scatter', 'cumul_resid_dist', ['wandb_faux_pr_curve', {'thresh': 0.5}], ['wandb_faux_roc_curve', {'thresh': 0.5}]]	yogi-RBP-ML-linear-models-april-2025	17.0	train	['r2_score', 'rmse', 'sigmoid_r2']	False	all	False	False	cross_validation	5.0	5	False	1.0	ensembl_gene_id	ensembl_gene_id		True	binary	0.1922	0.3092	-0.05806	0.09565	0.193	0.3093	-0.05662						
ezzx91t7	fearless-sweep-923	finished	ElasticNet	ha252ijh	ElasticNet	0.0001	RBPSEDataset	500	100	0.75	HepG2	rbpse	mean_squared_error	1024	True	['target_psi']	platiglab	40	['fancy_scatter', 'cumul_resid_dist', ['wandb_faux_pr_curve', {'thresh': 0.5}], ['wandb_faux_roc_curve', {'thresh': 0.5}]]	yogi-RBP-ML-linear-models-april-2025	17.0	train	['r2_score', 'rmse', 'sigmoid_r2']	False	all	False	False	cross_validation	5.0	5	False	1.0	ensembl_gene_id	ensembl_gene_id		True	binary	0.193	0.3093	-0.05683	0.09564	0.1931	0.3093	-0.05667						
bjcyhrw2	pretty-sweep-924	finished	ElasticNet	ha252ijh	ElasticNet	0.0001	RBPSEDataset	600	100	0.75	HepG2	rbpse	mean_squared_error	1024	True	['target_psi']	platiglab	40	['fancy_scatter', 'cumul_resid_dist', ['wandb_faux_pr_curve', {'thresh': 0.5}], ['wandb_faux_roc_curve', {'thresh': 0.5}]]	yogi-RBP-ML-linear-models-april-2025	17.0	train	['r2_score', 'rmse', 'sigmoid_r2']	False	all	False	False	cross_validation	5.0	5	False	1.0	ensembl_gene_id	ensembl_gene_id		True	binary	0.1901	0.3097	-0.05902	0.09592	0.1908	0.3097	-0.0572						
ii4ksusg	valiant-sweep-925	finished	ElasticNet	ha252ijh	ElasticNet	0.0001	RBPSEDataset	700	100	0.75	HepG2	rbpse	mean_squared_error	1024	True	['target_psi']	platiglab	40	['fancy_scatter', 'cumul_resid_dist', ['wandb_faux_pr_curve', {'thresh': 0.5}], ['wandb_faux_roc_curve', {'thresh': 0.5}]]	yogi-RBP-ML-linear-models-april-2025	17.0	train	['r2_score', 'rmse', 'sigmoid_r2']	False	all	False	False	cross_validation	5.0	5	False	1.0	ensembl_gene_id	ensembl_gene_id		True	binary	0.1907	0.3097	-0.05753	0.0959	0.1909	0.3097	-0.05714						
k6kdfigz	rare-sweep-926	finished	ElasticNet	ha252ijh	ElasticNet	0.0001	RBPSEDataset	800	100	0.75	HepG2	rbpse	mean_squared_error	1024	True	['target_psi']	platiglab	40	['fancy_scatter', 'cumul_resid_dist', ['wandb_faux_pr_curve', {'thresh': 0.5}], ['wandb_faux_roc_curve', {'thresh': 0.5}]]	yogi-RBP-ML-linear-models-april-2025	17.0	train	['r2_score', 'rmse', 'sigmoid_r2']	False	all	False	False	cross_validation	5.0	5	False	1.0	ensembl_gene_id	ensembl_gene_id		True	binary	0.1911	0.3095	-0.05778	0.09578	0.1919	0.3095	-0.05669						
1vxe9ftj	rosy-sweep-928	finished	ElasticNet	ha252ijh	ElasticNet	0.0001	RBPSEDataset	100	100	0.9	HepG2	rbpse	mean_squared_error	1024	True	['target_psi']	platiglab	40	['fancy_scatter', 'cumul_resid_dist', ['wandb_faux_pr_curve', {'thresh': 0.5}], ['wandb_faux_roc_curve', {'thresh': 0.5}]]	yogi-RBP-ML-linear-models-april-2025	17.0	train	['r2_score', 'rmse', 'sigmoid_r2']	False	all	False	False	cross_validation	5.0	5	False	1.0	ensembl_gene_id	ensembl_gene_id		True	binary	0.1893	0.3099	-0.0591	0.096	0.19	0.3098	-0.05787						
ncpz5wq6	pious-sweep-927	finished	ElasticNet	ha252ijh	ElasticNet	0.0001	RBPSEDataset	900	100	0.75	HepG2	rbpse	mean_squared_error	1024	True	['target_psi']	platiglab	40	['fancy_scatter', 'cumul_resid_dist', ['wandb_faux_pr_curve', {'thresh': 0.5}], ['wandb_faux_roc_curve', {'thresh': 0.5}]]	yogi-RBP-ML-linear-models-april-2025	17.0	train	['r2_score', 'rmse', 'sigmoid_r2']	False	all	False	False	cross_validation	5.0	5	False	1.0	ensembl_gene_id	ensembl_gene_id		True	binary	0.1915	0.3094	-0.05751	0.09573	0.1923	0.3094	-0.05676						
05m1xhdm	wandering-sweep-929	finished	ElasticNet	ha252ijh	ElasticNet	0.0001	RBPSEDataset	200	100	0.9	HepG2	rbpse	mean_squared_error	1024	True	['target_psi']	platiglab	40	['fancy_scatter', 'cumul_resid_dist', ['wandb_faux_pr_curve', {'thresh': 0.5}], ['wandb_faux_roc_curve', {'thresh': 0.5}]]	yogi-RBP-ML-linear-models-april-2025	17.0	train	['r2_score', 'rmse', 'sigmoid_r2']	False	all	False	False	cross_validation	5.0	5	False	1.0	ensembl_gene_id	ensembl_gene_id		True	binary	0.1912	0.3093	-0.05894	0.09576	0.192	0.3095	-0.05733						
3qncpwtn	hopeful-sweep-930	finished	ElasticNet	ha252ijh	ElasticNet	0.0001	RBPSEDataset	300	100	0.9	HepG2	rbpse	mean_squared_error	1024	True	['target_psi']	platiglab	40	['fancy_scatter', 'cumul_resid_dist', ['wandb_faux_pr_curve', {'thresh': 0.5}], ['wandb_faux_roc_curve', {'thresh': 0.5}]]	yogi-RBP-ML-linear-models-april-2025	17.0	train	['r2_score', 'rmse', 'sigmoid_r2']	False	all	False	False	cross_validation	5.0	5	False	1.0	ensembl_gene_id	ensembl_gene_id		True	binary	0.1921	0.3093	-0.0584	0.09572	0.1924	0.3094	-0.05729						
38x9lhc1	misty-sweep-931	finished	ElasticNet	ha252ijh	ElasticNet	0.0001	RBPSEDataset	400	100	0.9	HepG2	rbpse	mean_squared_error	1024	True	['target_psi']	platiglab	40	['fancy_scatter', 'cumul_resid_dist', ['wandb_faux_pr_curve', {'thresh': 0.5}], ['wandb_faux_roc_curve', {'thresh': 0.5}]]	yogi-RBP-ML-linear-models-april-2025	17.0	train	['r2_score', 'rmse', 'sigmoid_r2']	False	all	False	False	cross_validation	5.0	5	False	1.0	ensembl_gene_id	ensembl_gene_id		True	binary	0.1926	0.3091	-0.05846	0.0956	0.1935	0.3092	-0.05702						
9k3mlh3m	azure-sweep-932	finished	ElasticNet	ha252ijh	ElasticNet	0.0001	RBPSEDataset	500	100	0.9	HepG2	rbpse	mean_squared_error	1024	True	['target_psi']	platiglab	40	['fancy_scatter', 'cumul_resid_dist', ['wandb_faux_pr_curve', {'thresh': 0.5}], ['wandb_faux_roc_curve', {'thresh': 0.5}]]	yogi-RBP-ML-linear-models-april-2025	17.0	train	['r2_score', 'rmse', 'sigmoid_r2']	False	all	False	False	cross_validation	5.0	5	False	1.0	ensembl_gene_id	ensembl_gene_id		True	binary	0.1934	0.3092	-0.05725	0.09558	0.1936	0.3092	-0.05709						
xs3av471	balmy-sweep-933	finished	ElasticNet	ha252ijh	ElasticNet	0.0001	RBPSEDataset	600	100	0.9	HepG2	rbpse	mean_squared_error	1024	True	['target_psi']	platiglab	40	['fancy_scatter', 'cumul_resid_dist', ['wandb_faux_pr_curve', {'thresh': 0.5}], ['wandb_faux_roc_curve', {'thresh': 0.5}]]	yogi-RBP-ML-linear-models-april-2025	17.0	train	['r2_score', 'rmse', 'sigmoid_r2']	False	all	False	False	cross_validation	5.0	5	False	1.0	ensembl_gene_id	ensembl_gene_id		True	binary	0.1905	0.3096	-0.05947	0.09587	0.1912	0.3096	-0.05765						
zz5e0ypp	laced-sweep-934	finished	ElasticNet	ha252ijh	ElasticNet	0.0001	RBPSEDataset	700	100	0.9	HepG2	rbpse	mean_squared_error	1024	True	['target_psi']	platiglab	40	['fancy_scatter', 'cumul_resid_dist', ['wandb_faux_pr_curve', {'thresh': 0.5}], ['wandb_faux_roc_curve', {'thresh': 0.5}]]	yogi-RBP-ML-linear-models-april-2025	17.0	train	['r2_score', 'rmse', 'sigmoid_r2']	False	all	False	False	cross_validation	5.0	5	False	1.0	ensembl_gene_id	ensembl_gene_id		True	binary	0.1911	0.3096	-0.05795	0.09586	0.1912	0.3096	-0.05757						
gcs3l72w	bumbling-sweep-935	finished	ElasticNet	ha252ijh	ElasticNet	0.0001	RBPSEDataset	800	100	0.9	HepG2	rbpse	mean_squared_error	1024	True	['target_psi']	platiglab	40	['fancy_scatter', 'cumul_resid_dist', ['wandb_faux_pr_curve', {'thresh': 0.5}], ['wandb_faux_roc_curve', {'thresh': 0.5}]]	yogi-RBP-ML-linear-models-april-2025	17.0	train	['r2_score', 'rmse', 'sigmoid_r2']	False	all	False	False	cross_validation	5.0	5	False	1.0	ensembl_gene_id	ensembl_gene_id		True	binary	0.1914	0.3095	-0.05824	0.09575	0.1922	0.3094	-0.05715						
163pm5qu	hardy-sweep-936	finished	ElasticNet	ha252ijh	ElasticNet	0.0001	RBPSEDataset	900	100	0.9	HepG2	rbpse	mean_squared_error	1024	True	['target_psi']	platiglab	40	['fancy_scatter', 'cumul_resid_dist', ['wandb_faux_pr_curve', {'thresh': 0.5}], ['wandb_faux_roc_curve', {'thresh': 0.5}]]	yogi-RBP-ML-linear-models-april-2025	17.0	train	['r2_score', 'rmse', 'sigmoid_r2']	False	all	False	False	cross_validation	5.0	5	False	1.0	ensembl_gene_id	ensembl_gene_id		True	binary	0.1918	0.3094	-0.05799	0.0957	0.1926	0.3093	-0.05724						
9mgartut	iconic-sweep-937	finished	ElasticNet	ha252ijh	ElasticNet	0.0001	RBPSEDataset	100	100	1.0	HepG2	rbpse	mean_squared_error	1024	True	['target_psi']	platiglab	40	['fancy_scatter', 'cumul_resid_dist', ['wandb_faux_pr_curve', {'thresh': 0.5}], ['wandb_faux_roc_curve', {'thresh': 0.5}]]	yogi-RBP-ML-linear-models-april-2025	17.0	train	['r2_score', 'rmse', 'sigmoid_r2']	False	all	False	False	cross_validation	5.0	5	False	1.0	ensembl_gene_id	ensembl_gene_id		True	binary	0.1895	0.3099	-0.05935	0.09598	0.1902	0.3098	-0.05812	0.09537	0.1863	0.3088	-0.06803		
eq8fyj3j	devoted-sweep-938	finished	ElasticNet	ha252ijh	ElasticNet	0.0001	RBPSEDataset	200	100	1.0	HepG2	rbpse	mean_squared_error	1024	True	['target_psi']	platiglab	40	['fancy_scatter', 'cumul_resid_dist', ['wandb_faux_pr_curve', {'thresh': 0.5}], ['wandb_faux_roc_curve', {'thresh': 0.5}]]	yogi-RBP-ML-linear-models-april-2025	17.0	train	['r2_score', 'rmse', 'sigmoid_r2']	False	all	False	False	cross_validation	5.0	5	False	1.0	ensembl_gene_id	ensembl_gene_id		True	binary	0.1914	0.3093	-0.05919	0.09574	0.1922	0.3094	-0.05758						
bul2rq69	ancient-sweep-939	finished	ElasticNet	ha252ijh	ElasticNet	0.0001	RBPSEDataset	300	100	1.0	HepG2	rbpse	mean_squared_error	1024	True	['target_psi']	platiglab	40	['fancy_scatter', 'cumul_resid_dist', ['wandb_faux_pr_curve', {'thresh': 0.5}], ['wandb_faux_roc_curve', {'thresh': 0.5}]]	yogi-RBP-ML-linear-models-april-2025	17.0	train	['r2_score', 'rmse', 'sigmoid_r2']	False	all	False	False	cross_validation	5.0	5	False	1.0	ensembl_gene_id	ensembl_gene_id		True	binary	0.1923	0.3093	-0.05866	0.09569	0.1927	0.3093	-0.05755						
tquim5o6	jumping-sweep-940	finished	ElasticNet	ha252ijh	ElasticNet	0.0001	RBPSEDataset	400	100	1.0	HepG2	rbpse	mean_squared_error	1024	True	['target_psi']	platiglab	40	['fancy_scatter', 'cumul_resid_dist', ['wandb_faux_pr_curve', {'thresh': 0.5}], ['wandb_faux_roc_curve', {'thresh': 0.5}]]	yogi-RBP-ML-linear-models-april-2025	17.0	train	['r2_score', 'rmse', 'sigmoid_r2']	False	all	False	False	cross_validation	5.0	5	False	1.0	ensembl_gene_id	ensembl_gene_id		True	binary	0.1927	0.3091	-0.05873	0.09558	0.1936	0.3092	-0.05729						
1ftbbv20	silver-sweep-941	finished	ElasticNet	ha252ijh	ElasticNet	0.0001	RBPSEDataset	500	100	1.0	HepG2	rbpse	mean_squared_error	1024	True	['target_psi']	platiglab	40	['fancy_scatter', 'cumul_resid_dist', ['wandb_faux_pr_curve', {'thresh': 0.5}], ['wandb_faux_roc_curve', {'thresh': 0.5}]]	yogi-RBP-ML-linear-models-april-2025	17.0	train	['r2_score', 'rmse', 'sigmoid_r2']	False	all	False	False	cross_validation	5.0	5	False	1.0	ensembl_gene_id	ensembl_gene_id		True	binary	0.1936	0.3092	-0.05754	0.09557	0.1937	0.3091	-0.05738						
oqa8ayf7	deft-sweep-942	finished	ElasticNet	ha252ijh	ElasticNet	0.0001	RBPSEDataset	600	100	1.0	HepG2	rbpse	mean_squared_error	1024	True	['target_psi']	platiglab	40	['fancy_scatter', 'cumul_resid_dist', ['wandb_faux_pr_curve', {'thresh': 0.5}], ['wandb_faux_roc_curve', {'thresh': 0.5}]]	yogi-RBP-ML-linear-models-april-2025	17.0	train	['r2_score', 'rmse', 'sigmoid_r2']	False	all	False	False	cross_validation	5.0	5	False	1.0	ensembl_gene_id	ensembl_gene_id		True	binary	0.1906	0.3096	-0.05976	0.09585	0.1913	0.3096	-0.05794						
zeirrp6s	devoted-sweep-943	finished	ElasticNet	ha252ijh	ElasticNet	0.0001	RBPSEDataset	700	100	1.0	HepG2	rbpse	mean_squared_error	1024	True	['target_psi']	platiglab	40	['fancy_scatter', 'cumul_resid_dist', ['wandb_faux_pr_curve', {'thresh': 0.5}], ['wandb_faux_roc_curve', {'thresh': 0.5}]]	yogi-RBP-ML-linear-models-april-2025	17.0	train	['r2_score', 'rmse', 'sigmoid_r2']	False	all	False	False	cross_validation	5.0	5	False	1.0	ensembl_gene_id	ensembl_gene_id		True	binary	0.1912	0.3096	-0.05824	0.09585	0.1913	0.3096	-0.05785						
c55w7z7k	sage-sweep-944	finished	ElasticNet	ha252ijh	ElasticNet	0.0001	RBPSEDataset	800	100	1.0	HepG2	rbpse	mean_squared_error	1024	True	['target_psi']	platiglab	40	['fancy_scatter', 'cumul_resid_dist', ['wandb_faux_pr_curve', {'thresh': 0.5}], ['wandb_faux_roc_curve', {'thresh': 0.5}]]	yogi-RBP-ML-linear-models-april-2025	17.0	train	['r2_score', 'rmse', 'sigmoid_r2']	False	all	False	False	cross_validation	5.0	5	False	1.0	ensembl_gene_id	ensembl_gene_id		True	binary	0.1914	0.3094	-0.05854	0.09574	0.1922	0.3094	-0.05745						
1icvf1kh	blooming-sweep-945	finished	ElasticNet	ha252ijh	ElasticNet	0.0001	RBPSEDataset	900	100	1.0	HepG2	rbpse	mean_squared_error	1024	True	['target_psi']	platiglab	40	['fancy_scatter', 'cumul_resid_dist', ['wandb_faux_pr_curve', {'thresh': 0.5}], ['wandb_faux_roc_curve', {'thresh': 0.5}]]	yogi-RBP-ML-linear-models-april-2025	17.0	train	['r2_score', 'rmse', 'sigmoid_r2']	False	all	False	False	cross_validation	5.0	5	False	1.0	ensembl_gene_id	ensembl_gene_id		True	binary	0.192	0.3094	-0.05829	0.09568	0.1928	0.3093	-0.05754						
dpw6h07y	wise-sweep-955	finished	ElasticNet	ha252ijh	ElasticNet	0.0002894266124716752	RBPSEDataset	100	100	0.1	HepG2	rbpse	mean_squared_error	1024	True	['target_psi']	platiglab	40	['fancy_scatter', 'cumul_resid_dist', ['wandb_faux_pr_curve', {'thresh': 0.5}], ['wandb_faux_roc_curve', {'thresh': 0.5}]]	yogi-RBP-ML-linear-models-april-2025	17.0	train	['r2_score', 'rmse', 'sigmoid_r2']	False	all	False	False	cross_validation	5.0	5	False	1.0	ensembl_gene_id	ensembl_gene_id		True	binary	0.186	0.3106	-0.05822	0.0964	0.1867	0.3105	-0.057						
nmf128o7	wild-sweep-956	finished	ElasticNet	ha252ijh	ElasticNet	0.0002894266124716752	RBPSEDataset	200	100	0.1	HepG2	rbpse	mean_squared_error	1024	True	['target_psi']	platiglab	40	['fancy_scatter', 'cumul_resid_dist', ['wandb_faux_pr_curve', {'thresh': 0.5}], ['wandb_faux_roc_curve', {'thresh': 0.5}]]	yogi-RBP-ML-linear-models-april-2025	17.0	train	['r2_score', 'rmse', 'sigmoid_r2']	False	all	False	False	cross_validation	5.0	5	False	1.0	ensembl_gene_id	ensembl_gene_id		True	binary	0.1883	0.3099	-0.0581	0.09611	0.1891	0.31	-0.05648						
pv5w1vym	fresh-sweep-959	finished	ElasticNet	ha252ijh	ElasticNet	0.0002894266124716752	RBPSEDataset	500	100	0.1	HepG2	rbpse	mean_squared_error	1024	True	['target_psi']	platiglab	40	['fancy_scatter', 'cumul_resid_dist', ['wandb_faux_pr_curve', {'thresh': 0.5}], ['wandb_faux_roc_curve', {'thresh': 0.5}]]	yogi-RBP-ML-linear-models-april-2025	17.0	train	['r2_score', 'rmse', 'sigmoid_r2']	False	all	False	False	cross_validation	5.0	5	False	1.0	ensembl_gene_id	ensembl_gene_id		True	binary	0.1902	0.3098	-0.05647	0.09597	0.1903	0.3098	-0.05631						
v0mpfssp	honest-sweep-958	finished	ElasticNet	ha252ijh	ElasticNet	0.0002894266124716752	RBPSEDataset	400	100	0.1	HepG2	rbpse	mean_squared_error	1024	True	['target_psi']	platiglab	40	['fancy_scatter', 'cumul_resid_dist', ['wandb_faux_pr_curve', {'thresh': 0.5}], ['wandb_faux_roc_curve', {'thresh': 0.5}]]	yogi-RBP-ML-linear-models-april-2025	17.0	train	['r2_score', 'rmse', 'sigmoid_r2']	False	all	False	False	cross_validation	5.0	5	False	1.0	ensembl_gene_id	ensembl_gene_id		True	binary	0.1896	0.3097	-0.05764	0.09596	0.1904	0.3098	-0.05621						
m3ant3dc	solar-sweep-960	finished	ElasticNet	ha252ijh	ElasticNet	0.0002894266124716752	RBPSEDataset	600	100	0.1	HepG2	rbpse	mean_squared_error	1024	True	['target_psi']	platiglab	40	['fancy_scatter', 'cumul_resid_dist', ['wandb_faux_pr_curve', {'thresh': 0.5}], ['wandb_faux_roc_curve', {'thresh': 0.5}]]	yogi-RBP-ML-linear-models-april-2025	17.0	train	['r2_score', 'rmse', 'sigmoid_r2']	False	all	False	False	cross_validation	5.0	5	False	1.0	ensembl_gene_id	ensembl_gene_id		True	binary	0.1874	0.3102	-0.05846	0.09623	0.1881	0.3102	-0.05665						
1jx1eey4	radiant-sweep-961	finished	ElasticNet	ha252ijh	ElasticNet	0.0002894266124716752	RBPSEDataset	700	100	0.1	HepG2	rbpse	mean_squared_error	1024	True	['target_psi']	platiglab	40	['fancy_scatter', 'cumul_resid_dist', ['wandb_faux_pr_curve', {'thresh': 0.5}], ['wandb_faux_roc_curve', {'thresh': 0.5}]]	yogi-RBP-ML-linear-models-april-2025	17.0	train	['r2_score', 'rmse', 'sigmoid_r2']	False	all	False	False	cross_validation	5.0	5	False	1.0	ensembl_gene_id	ensembl_gene_id		True	binary	0.1876	0.3103	-0.05712	0.09627	0.1878	0.3103	-0.05675						
syzd52q2	breezy-sweep-963	finished	ElasticNet	ha252ijh	ElasticNet	0.0002894266124716752	RBPSEDataset	900	100	0.1	HepG2	rbpse	mean_squared_error	1024	True	['target_psi']	platiglab	40	['fancy_scatter', 'cumul_resid_dist', ['wandb_faux_pr_curve', {'thresh': 0.5}], ['wandb_faux_roc_curve', {'thresh': 0.5}]]	yogi-RBP-ML-linear-models-april-2025	17.0	train	['r2_score', 'rmse', 'sigmoid_r2']	False	all	False	False	cross_validation	5.0	5	False	1.0	ensembl_gene_id	ensembl_gene_id		True	binary	0.1886	0.31	-0.05716	0.09608	0.1894	0.31	-0.05642						
2gz3ao30	silvery-sweep-964	finished	ElasticNet	ha252ijh	ElasticNet	0.0002894266124716752	RBPSEDataset	100	100	0.25	HepG2	rbpse	mean_squared_error	1024	True	['target_psi']	platiglab	40	['fancy_scatter', 'cumul_resid_dist', ['wandb_faux_pr_curve', {'thresh': 0.5}], ['wandb_faux_roc_curve', {'thresh': 0.5}]]	yogi-RBP-ML-linear-models-april-2025	17.0	train	['r2_score', 'rmse', 'sigmoid_r2']	False	all	False	False	cross_validation	5.0	5	False	1.0	ensembl_gene_id	ensembl_gene_id		True	binary	0.1889	0.31	-0.05931	0.09606	0.1896	0.3099	-0.05808						
tdx400yg	stoic-sweep-965	finished	ElasticNet	ha252ijh	ElasticNet	0.0002894266124716752	RBPSEDataset	200	100	0.25	HepG2	rbpse	mean_squared_error	1024	True	['target_psi']	platiglab	40	['fancy_scatter', 'cumul_resid_dist', ['wandb_faux_pr_curve', {'thresh': 0.5}], ['wandb_faux_roc_curve', {'thresh': 0.5}]]	yogi-RBP-ML-linear-models-april-2025	17.0	train	['r2_score', 'rmse', 'sigmoid_r2']	False	all	False	False	cross_validation	5.0	5	False	1.0	ensembl_gene_id	ensembl_gene_id		True	binary	0.1906	0.3095	-0.05922	0.09584	0.1914	0.3096	-0.05761						
dpsj1z2c	curious-sweep-966	finished	ElasticNet	ha252ijh	ElasticNet	0.0002894266124716752	RBPSEDataset	300	100	0.25	HepG2	rbpse	mean_squared_error	1024	True	['target_psi']	platiglab	40	['fancy_scatter', 'cumul_resid_dist', ['wandb_faux_pr_curve', {'thresh': 0.5}], ['wandb_faux_roc_curve', {'thresh': 0.5}]]	yogi-RBP-ML-linear-models-april-2025	17.0	train	['r2_score', 'rmse', 'sigmoid_r2']	False	all	False	False	cross_validation	5.0	5	False	1.0	ensembl_gene_id	ensembl_gene_id		True	binary	0.1915	0.3094	-0.05869	0.09579	0.1918	0.3095	-0.05758						
nc7psp7z	good-sweep-968	finished	ElasticNet	ha252ijh	ElasticNet	0.0002894266124716752	RBPSEDataset	500	100	0.25	HepG2	rbpse	mean_squared_error	1024	True	['target_psi']	platiglab	40	['fancy_scatter', 'cumul_resid_dist', ['wandb_faux_pr_curve', {'thresh': 0.5}], ['wandb_faux_roc_curve', {'thresh': 0.5}]]	yogi-RBP-ML-linear-models-april-2025	17.0	train	['r2_score', 'rmse', 'sigmoid_r2']	False	all	False	False	cross_validation	5.0	5	False	1.0	ensembl_gene_id	ensembl_gene_id		True	binary	0.1929	0.3093	-0.05751	0.09564	0.1931	0.3093	-0.05735						
65kzvuvu	dulcet-sweep-969	finished	ElasticNet	ha252ijh	ElasticNet	0.0002894266124716752	RBPSEDataset	600	100	0.25	HepG2	rbpse	mean_squared_error	1024	True	['target_psi']	platiglab	40	['fancy_scatter', 'cumul_resid_dist', ['wandb_faux_pr_curve', {'thresh': 0.5}], ['wandb_faux_roc_curve', {'thresh': 0.5}]]	yogi-RBP-ML-linear-models-april-2025	17.0	train	['r2_score', 'rmse', 'sigmoid_r2']	False	all	False	False	cross_validation	5.0	5	False	1.0	ensembl_gene_id	ensembl_gene_id		True	binary	0.1901	0.3097	-0.05966	0.09592	0.1908	0.3097	-0.05784						
jreowya5	exalted-sweep-970	finished	ElasticNet	ha252ijh	ElasticNet	0.0002894266124716752	RBPSEDataset	700	100	0.25	HepG2	rbpse	mean_squared_error	1024	True	['target_psi']	platiglab	40	['fancy_scatter', 'cumul_resid_dist', ['wandb_faux_pr_curve', {'thresh': 0.5}], ['wandb_faux_roc_curve', {'thresh': 0.5}]]	yogi-RBP-ML-linear-models-april-2025	17.0	train	['r2_score', 'rmse', 'sigmoid_r2']	False	all	False	False	cross_validation	5.0	5	False	1.0	ensembl_gene_id	ensembl_gene_id		True	binary	0.1908	0.3097	-0.05814	0.09589	0.1909	0.3097	-0.05775						
nyc52c1f	valiant-sweep-971	finished	ElasticNet	ha252ijh	ElasticNet	0.0002894266124716752	RBPSEDataset	800	100	0.25	HepG2	rbpse	mean_squared_error	1024	True	['target_psi']	platiglab	40	['fancy_scatter', 'cumul_resid_dist', ['wandb_faux_pr_curve', {'thresh': 0.5}], ['wandb_faux_roc_curve', {'thresh': 0.5}]]	yogi-RBP-ML-linear-models-april-2025	17.0	train	['r2_score', 'rmse', 'sigmoid_r2']	False	all	False	False	cross_validation	5.0	5	False	1.0	ensembl_gene_id	ensembl_gene_id		True	binary	0.191	0.3095	-0.05846	0.09579	0.1919	0.3095	-0.05737						
d59f3bl3	northern-sweep-972	finished	ElasticNet	ha252ijh	ElasticNet	0.0002894266124716752	RBPSEDataset	900	100	0.25	HepG2	rbpse	mean_squared_error	1024	True	['target_psi']	platiglab	40	['fancy_scatter', 'cumul_resid_dist', ['wandb_faux_pr_curve', {'thresh': 0.5}], ['wandb_faux_roc_curve', {'thresh': 0.5}]]	yogi-RBP-ML-linear-models-april-2025	17.0	train	['r2_score', 'rmse', 'sigmoid_r2']	False	all	False	False	cross_validation	5.0	5	False	1.0	ensembl_gene_id	ensembl_gene_id		True	binary	0.1915	0.3094	-0.05823	0.09574	0.1922	0.3094	-0.05748						
2lexa3ty	avid-sweep-973	finished	ElasticNet	ha252ijh	ElasticNet	0.0002894266124716752	RBPSEDataset	100	100	0.5	HepG2	rbpse	mean_squared_error	1024	True	['target_psi']	platiglab	40	['fancy_scatter', 'cumul_resid_dist', ['wandb_faux_pr_curve', {'thresh': 0.5}], ['wandb_faux_roc_curve', {'thresh': 0.5}]]	yogi-RBP-ML-linear-models-april-2025	17.0	train	['r2_score', 'rmse', 'sigmoid_r2']	False	all	False	False	cross_validation	5.0	5	False	1.0	ensembl_gene_id	ensembl_gene_id		True	binary	0.1893	0.3099	-0.06111	0.09601	0.19	0.3098	-0.05988						
d4ebiwcr	pleasant-sweep-975	finished	ElasticNet	ha252ijh	ElasticNet	0.0002894266124716752	RBPSEDataset	300	100	0.5	HepG2	rbpse	mean_squared_error	1024	True	['target_psi']	platiglab	40	['fancy_scatter', 'cumul_resid_dist', ['wandb_faux_pr_curve', {'thresh': 0.5}], ['wandb_faux_roc_curve', {'thresh': 0.5}]]	yogi-RBP-ML-linear-models-april-2025	17.0	train	['r2_score', 'rmse', 'sigmoid_r2']	False	all	False	False	cross_validation	5.0	5	False	1.0	ensembl_gene_id	ensembl_gene_id		True	binary	0.1913	0.3095	-0.06058	0.09582	0.1916	0.3095	-0.05948						
7efq270h	absurd-sweep-976	finished	ElasticNet	ha252ijh	ElasticNet	0.0002894266124716752	RBPSEDataset	400	100	0.5	HepG2	rbpse	mean_squared_error	1024	True	['target_psi']	platiglab	40	['fancy_scatter', 'cumul_resid_dist', ['wandb_faux_pr_curve', {'thresh': 0.5}], ['wandb_faux_roc_curve', {'thresh': 0.5}]]	yogi-RBP-ML-linear-models-april-2025	17.0	train	['r2_score', 'rmse', 'sigmoid_r2']	False	all	False	False	cross_validation	5.0	5	False	1.0	ensembl_gene_id	ensembl_gene_id		True	binary	0.1916	0.3093	-0.06072	0.09571	0.1925	0.3094	-0.05926						
2mhpdfex	feasible-sweep-977	finished	ElasticNet	ha252ijh	ElasticNet	0.0002894266124716752	RBPSEDataset	500	100	0.5	HepG2	rbpse	mean_squared_error	1024	True	['target_psi']	platiglab	40	['fancy_scatter', 'cumul_resid_dist', ['wandb_faux_pr_curve', {'thresh': 0.5}], ['wandb_faux_roc_curve', {'thresh': 0.5}]]	yogi-RBP-ML-linear-models-april-2025	17.0	train	['r2_score', 'rmse', 'sigmoid_r2']	False	all	False	False	cross_validation	5.0	5	False	1.0	ensembl_gene_id	ensembl_gene_id		True	binary	0.1925	0.3094	-0.05952	0.09569	0.1927	0.3093	-0.05935						
cjryib33	lemon-sweep-978	finished	ElasticNet	ha252ijh	ElasticNet	0.0002894266124716752	RBPSEDataset	600	100	0.5	HepG2	rbpse	mean_squared_error	1024	True	['target_psi']	platiglab	40	['fancy_scatter', 'cumul_resid_dist', ['wandb_faux_pr_curve', {'thresh': 0.5}], ['wandb_faux_roc_curve', {'thresh': 0.5}]]	yogi-RBP-ML-linear-models-april-2025	17.0	train	['r2_score', 'rmse', 'sigmoid_r2']	False	all	False	False	cross_validation	5.0	5	False	1.0	ensembl_gene_id	ensembl_gene_id		True	binary	0.19	0.3097	-0.06156	0.09593	0.1907	0.3097	-0.05974						
nx8x5j50	laced-sweep-979	finished	ElasticNet	ha252ijh	ElasticNet	0.0002894266124716752	RBPSEDataset	700	100	0.5	HepG2	rbpse	mean_squared_error	1024	True	['target_psi']	platiglab	40	['fancy_scatter', 'cumul_resid_dist', ['wandb_faux_pr_curve', {'thresh': 0.5}], ['wandb_faux_roc_curve', {'thresh': 0.5}]]	yogi-RBP-ML-linear-models-april-2025	17.0	train	['r2_score', 'rmse', 'sigmoid_r2']	False	all	False	False	cross_validation	5.0	5	False	1.0	ensembl_gene_id	ensembl_gene_id		True	binary	0.1906	0.3097	-0.06008	0.09592	0.1908	0.3097	-0.05969						
yyu3966p	gentle-sweep-980	finished	ElasticNet	ha252ijh	ElasticNet	0.0002894266124716752	RBPSEDataset	800	100	0.5	HepG2	rbpse	mean_squared_error	1024	True	['target_psi']	platiglab	40	['fancy_scatter', 'cumul_resid_dist', ['wandb_faux_pr_curve', {'thresh': 0.5}], ['wandb_faux_roc_curve', {'thresh': 0.5}]]	yogi-RBP-ML-linear-models-april-2025	17.0	train	['r2_score', 'rmse', 'sigmoid_r2']	False	all	False	False	cross_validation	5.0	5	False	1.0	ensembl_gene_id	ensembl_gene_id		True	binary	0.1903	0.3097	-0.06051	0.09588	0.1911	0.3096	-0.05942						
cn9cxead	woven-sweep-981	finished	ElasticNet	ha252ijh	ElasticNet	0.0002894266124716752	RBPSEDataset	900	100	0.5	HepG2	rbpse	mean_squared_error	1024	True	['target_psi']	platiglab	40	['fancy_scatter', 'cumul_resid_dist', ['wandb_faux_pr_curve', {'thresh': 0.5}], ['wandb_faux_roc_curve', {'thresh': 0.5}]]	yogi-RBP-ML-linear-models-april-2025	17.0	train	['r2_score', 'rmse', 'sigmoid_r2']	False	all	False	False	cross_validation	5.0	5	False	1.0	ensembl_gene_id	ensembl_gene_id		True	binary	0.1912	0.3095	-0.06025	0.09578	0.1919	0.3095	-0.0595						
344nnaz1	silver-sweep-982	finished	ElasticNet	ha252ijh	ElasticNet	0.0002894266124716752	RBPSEDataset	100	100	0.75	HepG2	rbpse	mean_squared_error	1024	True	['target_psi']	platiglab	40	['fancy_scatter', 'cumul_resid_dist', ['wandb_faux_pr_curve', {'thresh': 0.5}], ['wandb_faux_roc_curve', {'thresh': 0.5}]]	yogi-RBP-ML-linear-models-april-2025	17.0	train	['r2_score', 'rmse', 'sigmoid_r2']	False	all	False	False	cross_validation	5.0	5	False	1.0	ensembl_gene_id	ensembl_gene_id		True	binary	0.1872	0.3103	-0.063	0.09626	0.1879	0.3103	-0.06177						
g2ioodq6	splendid-sweep-983	finished	ElasticNet	ha252ijh	ElasticNet	0.0002894266124716752	RBPSEDataset	200	100	0.75	HepG2	rbpse	mean_squared_error	1024	True	['target_psi']	platiglab	40	['fancy_scatter', 'cumul_resid_dist', ['wandb_faux_pr_curve', {'thresh': 0.5}], ['wandb_faux_roc_curve', {'thresh': 0.5}]]	yogi-RBP-ML-linear-models-april-2025	17.0	train	['r2_score', 'rmse', 'sigmoid_r2']	False	all	False	False	cross_validation	5.0	5	False	1.0	ensembl_gene_id	ensembl_gene_id		True	binary	0.1879	0.31	-0.06301	0.09617	0.1887	0.3101	-0.06141						
v0hxrobv	easy-sweep-984	finished	ElasticNet	ha252ijh	ElasticNet	0.0002894266124716752	RBPSEDataset	300	100	0.75	HepG2	rbpse	mean_squared_error	1024	True	['target_psi']	platiglab	40	['fancy_scatter', 'cumul_resid_dist', ['wandb_faux_pr_curve', {'thresh': 0.5}], ['wandb_faux_roc_curve', {'thresh': 0.5}]]	yogi-RBP-ML-linear-models-april-2025	17.0	train	['r2_score', 'rmse', 'sigmoid_r2']	False	all	False	False	cross_validation	5.0	5	False	1.0	ensembl_gene_id	ensembl_gene_id		True	binary	0.1885	0.31	-0.06258	0.09615	0.1888	0.3101	-0.06149						
ylv5uwkg	fiery-sweep-985	finished	ElasticNet	ha252ijh	ElasticNet	0.0002894266124716752	RBPSEDataset	400	100	0.75	HepG2	rbpse	mean_squared_error	1024	True	['target_psi']	platiglab	40	['fancy_scatter', 'cumul_resid_dist', ['wandb_faux_pr_curve', {'thresh': 0.5}], ['wandb_faux_roc_curve', {'thresh': 0.5}]]	yogi-RBP-ML-linear-models-april-2025	17.0	train	['r2_score', 'rmse', 'sigmoid_r2']	False	all	False	False	cross_validation	5.0	5	False	1.0	ensembl_gene_id	ensembl_gene_id		True	binary	0.1888	0.3098	-0.06274	0.09604	0.1897	0.3099	-0.06128						
ybj9mt1g	feasible-sweep-986	finished	ElasticNet	ha252ijh	ElasticNet	0.0002894266124716752	RBPSEDataset	500	100	0.75	HepG2	rbpse	mean_squared_error	1024	True	['target_psi']	platiglab	40	['fancy_scatter', 'cumul_resid_dist', ['wandb_faux_pr_curve', {'thresh': 0.5}], ['wandb_faux_roc_curve', {'thresh': 0.5}]]	yogi-RBP-ML-linear-models-april-2025	17.0	train	['r2_score', 'rmse', 'sigmoid_r2']	False	all	False	False	cross_validation	5.0	5	False	1.0	ensembl_gene_id	ensembl_gene_id		True	binary	0.1899	0.3099	-0.06152	0.096	0.1901	0.3098	-0.06135						
pa07z8rp	fanciful-sweep-987	finished	ElasticNet	ha252ijh	ElasticNet	0.0002894266124716752	RBPSEDataset	600	100	0.75	HepG2	rbpse	mean_squared_error	1024	True	['target_psi']	platiglab	40	['fancy_scatter', 'cumul_resid_dist', ['wandb_faux_pr_curve', {'thresh': 0.5}], ['wandb_faux_roc_curve', {'thresh': 0.5}]]	yogi-RBP-ML-linear-models-april-2025	17.0	train	['r2_score', 'rmse', 'sigmoid_r2']	False	all	False	False	cross_validation	5.0	5	False	1.0	ensembl_gene_id	ensembl_gene_id		True	binary	0.1876	0.3102	-0.06346	0.09621	0.1883	0.3102	-0.06164						
scqoguy8	hopeful-sweep-988	finished	ElasticNet	ha252ijh	ElasticNet	0.0002894266124716752	RBPSEDataset	700	100	0.75	HepG2	rbpse	mean_squared_error	1024	True	['target_psi']	platiglab	40	['fancy_scatter', 'cumul_resid_dist', ['wandb_faux_pr_curve', {'thresh': 0.5}], ['wandb_faux_roc_curve', {'thresh': 0.5}]]	yogi-RBP-ML-linear-models-april-2025	17.0	train	['r2_score', 'rmse', 'sigmoid_r2']	False	all	False	False	cross_validation	5.0	5	False	1.0	ensembl_gene_id	ensembl_gene_id		True	binary	0.1888	0.3101	-0.06187	0.09612	0.189	0.31	-0.06147						
v31bj7qo	firm-sweep-990	finished	ElasticNet	ha252ijh	ElasticNet	0.0002894266124716752	RBPSEDataset	900	100	0.75	HepG2	rbpse	mean_squared_error	1024	True	['target_psi']	platiglab	40	['fancy_scatter', 'cumul_resid_dist', ['wandb_faux_pr_curve', {'thresh': 0.5}], ['wandb_faux_roc_curve', {'thresh': 0.5}]]	yogi-RBP-ML-linear-models-april-2025	17.0	train	['r2_score', 'rmse', 'sigmoid_r2']	False	all	False	False	cross_validation	5.0	5	False	1.0	ensembl_gene_id	ensembl_gene_id		True	binary	0.1884	0.31	-0.06227	0.09611	0.1892	0.31	-0.06152						
u8ki93wl	bumbling-sweep-991	finished	ElasticNet	ha252ijh	ElasticNet	0.0002894266124716752	RBPSEDataset	100	100	0.9	HepG2	rbpse	mean_squared_error	1024	True	['target_psi']	platiglab	40	['fancy_scatter', 'cumul_resid_dist', ['wandb_faux_pr_curve', {'thresh': 0.5}], ['wandb_faux_roc_curve', {'thresh': 0.5}]]	yogi-RBP-ML-linear-models-april-2025	17.0	train	['r2_score', 'rmse', 'sigmoid_r2']	False	all	False	False	cross_validation	5.0	5	False	1.0	ensembl_gene_id	ensembl_gene_id		True	binary	0.1856	0.3106	-0.06404	0.09645	0.1863	0.3106	-0.06281						
kdv9c4fr	swept-sweep-992	finished	ElasticNet	ha252ijh	ElasticNet	0.0002894266124716752	RBPSEDataset	200	100	0.9	HepG2	rbpse	mean_squared_error	1024	True	['target_psi']	platiglab	40	['fancy_scatter', 'cumul_resid_dist', ['wandb_faux_pr_curve', {'thresh': 0.5}], ['wandb_faux_roc_curve', {'thresh': 0.5}]]	yogi-RBP-ML-linear-models-april-2025	17.0	train	['r2_score', 'rmse', 'sigmoid_r2']	False	all	False	False	cross_validation	5.0	5	False	1.0	ensembl_gene_id	ensembl_gene_id		True	binary	0.1861	0.3103	-0.06414	0.09638	0.1869	0.3104	-0.06254						
bk6584gj	robust-sweep-994	finished	ElasticNet	ha252ijh	ElasticNet	0.0002894266124716752	RBPSEDataset	400	100	0.9	HepG2	rbpse	mean_squared_error	1024	True	['target_psi']	platiglab	40	['fancy_scatter', 'cumul_resid_dist', ['wandb_faux_pr_curve', {'thresh': 0.5}], ['wandb_faux_roc_curve', {'thresh': 0.5}]]	yogi-RBP-ML-linear-models-april-2025	17.0	train	['r2_score', 'rmse', 'sigmoid_r2']	False	all	False	False	cross_validation	5.0	5	False	1.0	ensembl_gene_id	ensembl_gene_id		True	binary	0.1866	0.3103	-0.06394	0.0963	0.1875	0.3103	-0.06248						
lpcf9t2s	happy-sweep-993	finished	ElasticNet	ha252ijh	ElasticNet	0.0002894266124716752	RBPSEDataset	300	100	0.9	HepG2	rbpse	mean_squared_error	1024	True	['target_psi']	platiglab	40	['fancy_scatter', 'cumul_resid_dist', ['wandb_faux_pr_curve', {'thresh': 0.5}], ['wandb_faux_roc_curve', {'thresh': 0.5}]]	yogi-RBP-ML-linear-models-april-2025	17.0	train	['r2_score', 'rmse', 'sigmoid_r2']	False	all	False	False	cross_validation	5.0	5	False	1.0	ensembl_gene_id	ensembl_gene_id		True	binary	0.1867	0.3104	-0.0637	0.09637	0.1869	0.3104	-0.06261						
g1xdv82e	royal-sweep-995	finished	ElasticNet	ha252ijh	ElasticNet	0.0002894266124716752	RBPSEDataset	500	100	0.9	HepG2	rbpse	mean_squared_error	1024	True	['target_psi']	platiglab	40	['fancy_scatter', 'cumul_resid_dist', ['wandb_faux_pr_curve', {'thresh': 0.5}], ['wandb_faux_roc_curve', {'thresh': 0.5}]]	yogi-RBP-ML-linear-models-april-2025	17.0	train	['r2_score', 'rmse', 'sigmoid_r2']	False	all	False	False	cross_validation	5.0	5	False	1.0	ensembl_gene_id	ensembl_gene_id		True	binary	0.1881	0.3102	-0.06263	0.09621	0.1883	0.3102	-0.06246						
dlcdrlp8	rosy-sweep-996	finished	ElasticNet	ha252ijh	ElasticNet	0.0002894266124716752	RBPSEDataset	600	100	0.9	HepG2	rbpse	mean_squared_error	1024	True	['target_psi']	platiglab	40	['fancy_scatter', 'cumul_resid_dist', ['wandb_faux_pr_curve', {'thresh': 0.5}], ['wandb_faux_roc_curve', {'thresh': 0.5}]]	yogi-RBP-ML-linear-models-april-2025	17.0	train	['r2_score', 'rmse', 'sigmoid_r2']	False	all	False	False	cross_validation	5.0	5	False	1.0	ensembl_gene_id	ensembl_gene_id		True	binary	0.1861	0.3105	-0.06452	0.09639	0.1867	0.3105	-0.06269						
6y687s6x	vibrant-sweep-997	finished	ElasticNet	ha252ijh	ElasticNet	0.0002894266124716752	RBPSEDataset	700	100	0.9	HepG2	rbpse	mean_squared_error	1024	True	['target_psi']	platiglab	40	['fancy_scatter', 'cumul_resid_dist', ['wandb_faux_pr_curve', {'thresh': 0.5}], ['wandb_faux_roc_curve', {'thresh': 0.5}]]	yogi-RBP-ML-linear-models-april-2025	17.0	train	['r2_score', 'rmse', 'sigmoid_r2']	False	all	False	False	cross_validation	5.0	5	False	1.0	ensembl_gene_id	ensembl_gene_id		True	binary	0.1874	0.3104	-0.06289	0.09629	0.1876	0.3103	-0.06249						
3zo6fpoj	sage-sweep-998	finished	ElasticNet	ha252ijh	ElasticNet	0.0002894266124716752	RBPSEDataset	800	100	0.9	HepG2	rbpse	mean_squared_error	1024	True	['target_psi']	platiglab	40	['fancy_scatter', 'cumul_resid_dist', ['wandb_faux_pr_curve', {'thresh': 0.5}], ['wandb_faux_roc_curve', {'thresh': 0.5}]]	yogi-RBP-ML-linear-models-april-2025	17.0	train	['r2_score', 'rmse', 'sigmoid_r2']	False	all	False	False	cross_validation	5.0	5	False	1.0	ensembl_gene_id	ensembl_gene_id		True	binary	0.1866	0.3104	-0.06354	0.09633	0.1873	0.3104	-0.06245						
lmbvyzg6	azure-sweep-999	finished	ElasticNet	ha252ijh	ElasticNet	0.0002894266124716752	RBPSEDataset	900	100	0.9	HepG2	rbpse	mean_squared_error	1024	True	['target_psi']	platiglab	40	['fancy_scatter', 'cumul_resid_dist', ['wandb_faux_pr_curve', {'thresh': 0.5}], ['wandb_faux_roc_curve', {'thresh': 0.5}]]	yogi-RBP-ML-linear-models-april-2025	17.0	train	['r2_score', 'rmse', 'sigmoid_r2']	False	all	False	False	cross_validation	5.0	5	False	1.0	ensembl_gene_id	ensembl_gene_id		True	binary	0.1863	0.3104	-0.06343	0.09635	0.1871	0.3104	-0.06269						
3tr3fkww	glowing-sweep-1000	finished	ElasticNet	ha252ijh	ElasticNet	0.0002894266124716752	RBPSEDataset	100	100	1.0	HepG2	rbpse	mean_squared_error	1024	True	['target_psi']	platiglab	40	['fancy_scatter', 'cumul_resid_dist', ['wandb_faux_pr_curve', {'thresh': 0.5}], ['wandb_faux_roc_curve', {'thresh': 0.5}]]	yogi-RBP-ML-linear-models-april-2025	17.0	train	['r2_score', 'rmse', 'sigmoid_r2']	False	all	False	False	cross_validation	5.0	5	False	1.0	ensembl_gene_id	ensembl_gene_id		True	binary	0.1846	0.3108	-0.06466	0.09656	0.1853	0.3107	-0.06343						
034fstmm	decent-sweep-1001	finished	ElasticNet	ha252ijh	ElasticNet	0.0002894266124716752	RBPSEDataset	200	100	1.0	HepG2	rbpse	mean_squared_error	1024	True	['target_psi']	platiglab	40	['fancy_scatter', 'cumul_resid_dist', ['wandb_faux_pr_curve', {'thresh': 0.5}], ['wandb_faux_roc_curve', {'thresh': 0.5}]]	yogi-RBP-ML-linear-models-april-2025	17.0	train	['r2_score', 'rmse', 'sigmoid_r2']	False	all	False	False	cross_validation	5.0	5	False	1.0	ensembl_gene_id	ensembl_gene_id		True	binary	0.185	0.3105	-0.06483	0.0965	0.1858	0.3106	-0.06322						
g1yw3g07	swept-sweep-1002	finished	ElasticNet	ha252ijh	ElasticNet	0.0002894266124716752	RBPSEDataset	300	100	1.0	HepG2	rbpse	mean_squared_error	1024	True	['target_psi']	platiglab	40	['fancy_scatter', 'cumul_resid_dist', ['wandb_faux_pr_curve', {'thresh': 0.5}], ['wandb_faux_roc_curve', {'thresh': 0.5}]]	yogi-RBP-ML-linear-models-april-2025	17.0	train	['r2_score', 'rmse', 'sigmoid_r2']	False	all	False	False	cross_validation	5.0	5	False	1.0	ensembl_gene_id	ensembl_gene_id		True	binary	0.1855	0.3106	-0.06439	0.09651	0.1857	0.3107	-0.06329						
4yeiw2a9	ancient-sweep-1003	finished	ElasticNet	ha252ijh	ElasticNet	0.0002894266124716752	RBPSEDataset	400	100	1.0	HepG2	rbpse	mean_squared_error	1024	True	['target_psi']	platiglab	40	['fancy_scatter', 'cumul_resid_dist', ['wandb_faux_pr_curve', {'thresh': 0.5}], ['wandb_faux_roc_curve', {'thresh': 0.5}]]	yogi-RBP-ML-linear-models-april-2025	17.0	train	['r2_score', 'rmse', 'sigmoid_r2']	False	all	False	False	cross_validation	5.0	5	False	1.0	ensembl_gene_id	ensembl_gene_id		True	binary	0.1854	0.3105	-0.06464	0.09645	0.1862	0.3106	-0.06319						
3o83a4lf	dainty-sweep-1004	finished	ElasticNet	ha252ijh	ElasticNet	0.0002894266124716752	RBPSEDataset	500	100	1.0	HepG2	rbpse	mean_squared_error	1024	True	['target_psi']	platiglab	40	['fancy_scatter', 'cumul_resid_dist', ['wandb_faux_pr_curve', {'thresh': 0.5}], ['wandb_faux_roc_curve', {'thresh': 0.5}]]	yogi-RBP-ML-linear-models-april-2025	17.0	train	['r2_score', 'rmse', 'sigmoid_r2']	False	all	False	False	cross_validation	5.0	5	False	1.0	ensembl_gene_id	ensembl_gene_id		True	binary	0.187	0.3104	-0.06331	0.09634	0.1872	0.3104	-0.06313						
iol2vhi8	rose-sweep-1005	finished	ElasticNet	ha252ijh	ElasticNet	0.0002894266124716752	RBPSEDataset	600	100	1.0	HepG2	rbpse	mean_squared_error	1024	True	['target_psi']	platiglab	40	['fancy_scatter', 'cumul_resid_dist', ['wandb_faux_pr_curve', {'thresh': 0.5}], ['wandb_faux_roc_curve', {'thresh': 0.5}]]	yogi-RBP-ML-linear-models-april-2025	17.0	train	['r2_score', 'rmse', 'sigmoid_r2']	False	all	False	False	cross_validation	5.0	5	False	1.0	ensembl_gene_id	ensembl_gene_id		True	binary	0.1849	0.3107	-0.0652	0.09652	0.1857	0.3107	-0.06336						
1kfp7gwe	dutiful-sweep-1006	finished	ElasticNet	ha252ijh	ElasticNet	0.0002894266124716752	RBPSEDataset	700	100	1.0	HepG2	rbpse	mean_squared_error	1024	True	['target_psi']	platiglab	40	['fancy_scatter', 'cumul_resid_dist', ['wandb_faux_pr_curve', {'thresh': 0.5}], ['wandb_faux_roc_curve', {'thresh': 0.5}]]	yogi-RBP-ML-linear-models-april-2025	17.0	train	['r2_score', 'rmse', 'sigmoid_r2']	False	all	False	False	cross_validation	5.0	5	False	1.0	ensembl_gene_id	ensembl_gene_id		True	binary	0.1862	0.3106	-0.06359	0.09643	0.1865	0.3105	-0.06318						
jv09ajko	fanciful-sweep-1007	finished	ElasticNet	ha252ijh	ElasticNet	0.0002894266124716752	RBPSEDataset	800	100	1.0	HepG2	rbpse	mean_squared_error	1024	True	['target_psi']	platiglab	40	['fancy_scatter', 'cumul_resid_dist', ['wandb_faux_pr_curve', {'thresh': 0.5}], ['wandb_faux_roc_curve', {'thresh': 0.5}]]	yogi-RBP-ML-linear-models-april-2025	17.0	train	['r2_score', 'rmse', 'sigmoid_r2']	False	all	False	False	cross_validation	5.0	5	False	1.0	ensembl_gene_id	ensembl_gene_id		True	binary	0.1855	0.3106	-0.06423	0.09645	0.1862	0.3106	-0.06313						
eovfofqp	solar-sweep-1008	finished	ElasticNet	ha252ijh	ElasticNet	0.0002894266124716752	RBPSEDataset	900	100	1.0	HepG2	rbpse	mean_squared_error	1024	True	['target_psi']	platiglab	40	['fancy_scatter', 'cumul_resid_dist', ['wandb_faux_pr_curve', {'thresh': 0.5}], ['wandb_faux_roc_curve', {'thresh': 0.5}]]	yogi-RBP-ML-linear-models-april-2025	17.0	train	['r2_score', 'rmse', 'sigmoid_r2']	False	all	False	False	cross_validation	5.0	5	False	1.0	ensembl_gene_id	ensembl_gene_id		True	binary	0.1851	0.3106	-0.06412	0.0965	0.1859	0.3106	-0.06338						
k0igmjrh	vital-sweep-1018	finished	ElasticNet	ha252ijh	ElasticNet	0.0008376776400682924	RBPSEDataset	100	100	0.1	HepG2	rbpse	mean_squared_error	1024	True	['target_psi']	platiglab	40	['fancy_scatter', 'cumul_resid_dist', ['wandb_faux_pr_curve', {'thresh': 0.5}], ['wandb_faux_roc_curve', {'thresh': 0.5}]]	yogi-RBP-ML-linear-models-april-2025	17.0	train	['r2_score', 'rmse', 'sigmoid_r2']	False	all	False	False	cross_validation	5.0	5	False	1.0	ensembl_gene_id	ensembl_gene_id		True	binary	0.1888	0.31	-0.06094	0.09606	0.1895	0.3099	-0.05972						
rrbac77e	warm-sweep-1019	finished	ElasticNet	ha252ijh	ElasticNet	0.0008376776400682924	RBPSEDataset	200	100	0.1	HepG2	rbpse	mean_squared_error	1024	True	['target_psi']	platiglab	40	['fancy_scatter', 'cumul_resid_dist', ['wandb_faux_pr_curve', {'thresh': 0.5}], ['wandb_faux_roc_curve', {'thresh': 0.5}]]	yogi-RBP-ML-linear-models-april-2025	17.0	train	['r2_score', 'rmse', 'sigmoid_r2']	False	all	False	False	cross_validation	5.0	5	False	1.0	ensembl_gene_id	ensembl_gene_id		True	binary	0.1902	0.3095	-0.06093	0.09589	0.191	0.3097	-0.05933						
90ynfd88	copper-sweep-1020	finished	ElasticNet	ha252ijh	ElasticNet	0.0008376776400682924	RBPSEDataset	300	100	0.1	HepG2	rbpse	mean_squared_error	1024	True	['target_psi']	platiglab	40	['fancy_scatter', 'cumul_resid_dist', ['wandb_faux_pr_curve', {'thresh': 0.5}], ['wandb_faux_roc_curve', {'thresh': 0.5}]]	yogi-RBP-ML-linear-models-april-2025	17.0	train	['r2_score', 'rmse', 'sigmoid_r2']	False	all	False	False	cross_validation	5.0	5	False	1.0	ensembl_gene_id	ensembl_gene_id		True	binary	0.1911	0.3095	-0.0604	0.09584	0.1914	0.3096	-0.05929						
k3bsy37v	vocal-sweep-1021	finished	ElasticNet	ha252ijh	ElasticNet	0.0008376776400682924	RBPSEDataset	400	100	0.1	HepG2	rbpse	mean_squared_error	1024	True	['target_psi']	platiglab	40	['fancy_scatter', 'cumul_resid_dist', ['wandb_faux_pr_curve', {'thresh': 0.5}], ['wandb_faux_roc_curve', {'thresh': 0.5}]]	yogi-RBP-ML-linear-models-april-2025	17.0	train	['r2_score', 'rmse', 'sigmoid_r2']	False	all	False	False	cross_validation	5.0	5	False	1.0	ensembl_gene_id	ensembl_gene_id		True	binary	0.1913	0.3094	-0.06053	0.09575	0.1922	0.3094	-0.05908						
rggxhpq0	copper-sweep-1022	finished	ElasticNet	ha252ijh	ElasticNet	0.0008376776400682924	RBPSEDataset	500	100	0.1	HepG2	rbpse	mean_squared_error	1024	True	['target_psi']	platiglab	40	['fancy_scatter', 'cumul_resid_dist', ['wandb_faux_pr_curve', {'thresh': 0.5}], ['wandb_faux_roc_curve', {'thresh': 0.5}]]	yogi-RBP-ML-linear-models-april-2025	17.0	train	['r2_score', 'rmse', 'sigmoid_r2']	False	all	False	False	cross_validation	5.0	5	False	1.0	ensembl_gene_id	ensembl_gene_id		True	binary	0.1924	0.3094	-0.05931	0.09571	0.1925	0.3094	-0.05914						
1wzz5d6m	glorious-sweep-1023	finished	ElasticNet	ha252ijh	ElasticNet	0.0008376776400682924	RBPSEDataset	600	100	0.1	HepG2	rbpse	mean_squared_error	1024	True	['target_psi']	platiglab	40	['fancy_scatter', 'cumul_resid_dist', ['wandb_faux_pr_curve', {'thresh': 0.5}], ['wandb_faux_roc_curve', {'thresh': 0.5}]]	yogi-RBP-ML-linear-models-april-2025	17.0	train	['r2_score', 'rmse', 'sigmoid_r2']	False	all	False	False	cross_validation	5.0	5	False	1.0	ensembl_gene_id	ensembl_gene_id		True	binary	0.1898	0.3098	-0.06137	0.09595	0.1905	0.3098	-0.05955						
x3mnmzer	young-sweep-1024	finished	ElasticNet	ha252ijh	ElasticNet	0.0008376776400682924	RBPSEDataset	700	100	0.1	HepG2	rbpse	mean_squared_error	1024	True	['target_psi']	platiglab	40	['fancy_scatter', 'cumul_resid_dist', ['wandb_faux_pr_curve', {'thresh': 0.5}], ['wandb_faux_roc_curve', {'thresh': 0.5}]]	yogi-RBP-ML-linear-models-april-2025	17.0	train	['r2_score', 'rmse', 'sigmoid_r2']	False	all	False	False	cross_validation	5.0	5	False	1.0	ensembl_gene_id	ensembl_gene_id		True	binary	0.1906	0.3098	-0.05982	0.09592	0.1908	0.3097	-0.05943						
vxo5fw4v	glowing-sweep-1025	finished	ElasticNet	ha252ijh	ElasticNet	0.0008376776400682924	RBPSEDataset	800	100	0.1	HepG2	rbpse	mean_squared_error	1024	True	['target_psi']	platiglab	40	['fancy_scatter', 'cumul_resid_dist', ['wandb_faux_pr_curve', {'thresh': 0.5}], ['wandb_faux_roc_curve', {'thresh': 0.5}]]	yogi-RBP-ML-linear-models-april-2025	17.0	train	['r2_score', 'rmse', 'sigmoid_r2']	False	all	False	False	cross_validation	5.0	5	False	1.0	ensembl_gene_id	ensembl_gene_id		True	binary	0.1904	0.3096	-0.06026	0.09586	0.1912	0.3096	-0.05917						
3w8hivm1	light-sweep-1026	finished	ElasticNet	ha252ijh	ElasticNet	0.0008376776400682924	RBPSEDataset	900	100	0.1	HepG2	rbpse	mean_squared_error	1024	True	['target_psi']	platiglab	40	['fancy_scatter', 'cumul_resid_dist', ['wandb_faux_pr_curve', {'thresh': 0.5}], ['wandb_faux_roc_curve', {'thresh': 0.5}]]	yogi-RBP-ML-linear-models-april-2025	17.0	train	['r2_score', 'rmse', 'sigmoid_r2']	False	all	False	False	cross_validation	5.0	5	False	1.0	ensembl_gene_id	ensembl_gene_id		True	binary	0.1909	0.3095	-0.06007	0.09581	0.1917	0.3095	-0.05932						
mbklxxzj	blooming-sweep-1027	finished	ElasticNet	ha252ijh	ElasticNet	0.0008376776400682924	RBPSEDataset	100	100	0.25	HepG2	rbpse	mean_squared_error	1024	True	['target_psi']	platiglab	40	['fancy_scatter', 'cumul_resid_dist', ['wandb_faux_pr_curve', {'thresh': 0.5}], ['wandb_faux_roc_curve', {'thresh': 0.5}]]	yogi-RBP-ML-linear-models-april-2025	17.0	train	['r2_score', 'rmse', 'sigmoid_r2']	False	all	False	False	cross_validation	5.0	5	False	1.0	ensembl_gene_id	ensembl_gene_id		True	binary	0.1865	0.3105	-0.06382	0.09633	0.1872	0.3104	-0.0626						
ix7gbitr	resilient-sweep-1029	finished	ElasticNet	ha252ijh	ElasticNet	0.0008376776400682924	RBPSEDataset	300	100	0.25	HepG2	rbpse	mean_squared_error	1024	True	['target_psi']	platiglab	40	['fancy_scatter', 'cumul_resid_dist', ['wandb_faux_pr_curve', {'thresh': 0.5}], ['wandb_faux_roc_curve', {'thresh': 0.5}]]	yogi-RBP-ML-linear-models-april-2025	17.0	train	['r2_score', 'rmse', 'sigmoid_r2']	False	all	False	False	cross_validation	5.0	5	False	1.0	ensembl_gene_id	ensembl_gene_id		True	binary	0.1878	0.3102	-0.06344	0.09623	0.1881	0.3102	-0.06234						
i9dlyew8	effortless-sweep-1030	finished	ElasticNet	ha252ijh	ElasticNet	0.0008376776400682924	RBPSEDataset	400	100	0.25	HepG2	rbpse	mean_squared_error	1024	True	['target_psi']	platiglab	40	['fancy_scatter', 'cumul_resid_dist', ['wandb_faux_pr_curve', {'thresh': 0.5}], ['wandb_faux_roc_curve', {'thresh': 0.5}]]	yogi-RBP-ML-linear-models-april-2025	17.0	train	['r2_score', 'rmse', 'sigmoid_r2']	False	all	False	False	cross_validation	5.0	5	False	1.0	ensembl_gene_id	ensembl_gene_id		True	binary	0.188	0.31	-0.06362	0.09615	0.1888	0.3101	-0.06216						
874lmxhv	brisk-sweep-1031	finished	ElasticNet	ha252ijh	ElasticNet	0.0008376776400682924	RBPSEDataset	500	100	0.25	HepG2	rbpse	mean_squared_error	1024	True	['target_psi']	platiglab	40	['fancy_scatter', 'cumul_resid_dist', ['wandb_faux_pr_curve', {'thresh': 0.5}], ['wandb_faux_roc_curve', {'thresh': 0.5}]]	yogi-RBP-ML-linear-models-april-2025	17.0	train	['r2_score', 'rmse', 'sigmoid_r2']	False	all	False	False	cross_validation	5.0	5	False	1.0	ensembl_gene_id	ensembl_gene_id		True	binary	0.189	0.3101	-0.06241	0.0961	0.1892	0.31	-0.06224						
1e2hqwda	firm-sweep-1032	finished	ElasticNet	ha252ijh	ElasticNet	0.0008376776400682924	RBPSEDataset	600	100	0.25	HepG2	rbpse	mean_squared_error	1024	True	['target_psi']	platiglab	40	['fancy_scatter', 'cumul_resid_dist', ['wandb_faux_pr_curve', {'thresh': 0.5}], ['wandb_faux_roc_curve', {'thresh': 0.5}]]	yogi-RBP-ML-linear-models-april-2025	17.0	train	['r2_score', 'rmse', 'sigmoid_r2']	False	all	False	False	cross_validation	5.0	5	False	1.0	ensembl_gene_id	ensembl_gene_id		True	binary	0.187	0.3103	-0.06432	0.09628	0.1877	0.3103	-0.0625						
zdrazszy	golden-sweep-1033	finished	ElasticNet	ha252ijh	ElasticNet	0.0008376776400682924	RBPSEDataset	700	100	0.25	HepG2	rbpse	mean_squared_error	1024	True	['target_psi']	platiglab	40	['fancy_scatter', 'cumul_resid_dist', ['wandb_faux_pr_curve', {'thresh': 0.5}], ['wandb_faux_roc_curve', {'thresh': 0.5}]]	yogi-RBP-ML-linear-models-april-2025	17.0	train	['r2_score', 'rmse', 'sigmoid_r2']	False	all	False	False	cross_validation	5.0	5	False	1.0	ensembl_gene_id	ensembl_gene_id		True	binary	0.188	0.3102	-0.06276	0.09622	0.1882	0.3102	-0.06235						
uf6q8p0b	fearless-sweep-1034	finished	ElasticNet	ha252ijh	ElasticNet	0.0008376776400682924	RBPSEDataset	800	100	0.25	HepG2	rbpse	mean_squared_error	1024	True	['target_psi']	platiglab	40	['fancy_scatter', 'cumul_resid_dist', ['wandb_faux_pr_curve', {'thresh': 0.5}], ['wandb_faux_roc_curve', {'thresh': 0.5}]]	yogi-RBP-ML-linear-models-april-2025	17.0	train	['r2_score', 'rmse', 'sigmoid_r2']	False	all	False	False	cross_validation	5.0	5	False	1.0	ensembl_gene_id	ensembl_gene_id		True	binary	0.1875	0.3102	-0.0633	0.09622	0.1882	0.3102	-0.0622						
8f6rc5bk	eager-sweep-1035	finished	ElasticNet	ha252ijh	ElasticNet	0.0008376776400682924	RBPSEDataset	900	100	0.25	HepG2	rbpse	mean_squared_error	1024	True	['target_psi']	platiglab	40	['fancy_scatter', 'cumul_resid_dist', ['wandb_faux_pr_curve', {'thresh': 0.5}], ['wandb_faux_roc_curve', {'thresh': 0.5}]]	yogi-RBP-ML-linear-models-april-2025	17.0	train	['r2_score', 'rmse', 'sigmoid_r2']	False	all	False	False	cross_validation	5.0	5	False	1.0	ensembl_gene_id	ensembl_gene_id		True	binary	0.1875	0.3102	-0.06316	0.09621	0.1883	0.3102	-0.06241						
svfylbfk	logical-sweep-1036	finished	ElasticNet	ha252ijh	ElasticNet	0.0008376776400682924	RBPSEDataset	100	100	0.5	HepG2	rbpse	mean_squared_error	1024	True	['target_psi']	platiglab	40	['fancy_scatter', 'cumul_resid_dist', ['wandb_faux_pr_curve', {'thresh': 0.5}], ['wandb_faux_roc_curve', {'thresh': 0.5}]]	yogi-RBP-ML-linear-models-april-2025	17.0	train	['r2_score', 'rmse', 'sigmoid_r2']	False	all	False	False	cross_validation	5.0	5	False	1.0	ensembl_gene_id	ensembl_gene_id		True	binary	0.1803	0.3116	-0.06771	0.09706	0.1811	0.3115	-0.06648						
c0nlk234	stilted-sweep-1037	finished	ElasticNet	ha252ijh	ElasticNet	0.0008376776400682924	RBPSEDataset	200	100	0.5	HepG2	rbpse	mean_squared_error	1024	True	['target_psi']	platiglab	40	['fancy_scatter', 'cumul_resid_dist', ['wandb_faux_pr_curve', {'thresh': 0.5}], ['wandb_faux_roc_curve', {'thresh': 0.5}]]	yogi-RBP-ML-linear-models-april-2025	17.0	train	['r2_score', 'rmse', 'sigmoid_r2']	False	all	False	False	cross_validation	5.0	5	False	1.0	ensembl_gene_id	ensembl_gene_id		True	binary	0.1804	0.3114	-0.06809	0.09705	0.1812	0.3115	-0.06648						
ghsu20vd	efficient-sweep-1038	finished	ElasticNet	ha252ijh	ElasticNet	0.0008376776400682924	RBPSEDataset	300	100	0.5	HepG2	rbpse	mean_squared_error	1024	True	['target_psi']	platiglab	40	['fancy_scatter', 'cumul_resid_dist', ['wandb_faux_pr_curve', {'thresh': 0.5}], ['wandb_faux_roc_curve', {'thresh': 0.5}]]	yogi-RBP-ML-linear-models-april-2025	17.0	train	['r2_score', 'rmse', 'sigmoid_r2']	False	all	False	False	cross_validation	5.0	5	False	1.0	ensembl_gene_id	ensembl_gene_id		True	binary	0.1812	0.3114	-0.06754	0.09702	0.1814	0.3115	-0.06644						
xoj424v7	electric-sweep-1039	finished	ElasticNet	ha252ijh	ElasticNet	0.0008376776400682924	RBPSEDataset	400	100	0.5	HepG2	rbpse	mean_squared_error	1024	True	['target_psi']	platiglab	40	['fancy_scatter', 'cumul_resid_dist', ['wandb_faux_pr_curve', {'thresh': 0.5}], ['wandb_faux_roc_curve', {'thresh': 0.5}]]	yogi-RBP-ML-linear-models-april-2025	17.0	train	['r2_score', 'rmse', 'sigmoid_r2']	False	all	False	False	cross_validation	5.0	5	False	1.0	ensembl_gene_id	ensembl_gene_id		True	binary	0.1809	0.3113	-0.06782	0.09699	0.1817	0.3114	-0.06637						
pz2s8586	fiery-sweep-1040	finished	ElasticNet	ha252ijh	ElasticNet	0.0008376776400682924	RBPSEDataset	500	100	0.5	HepG2	rbpse	mean_squared_error	1024	True	['target_psi']	platiglab	40	['fancy_scatter', 'cumul_resid_dist', ['wandb_faux_pr_curve', {'thresh': 0.5}], ['wandb_faux_roc_curve', {'thresh': 0.5}]]	yogi-RBP-ML-linear-models-april-2025	17.0	train	['r2_score', 'rmse', 'sigmoid_r2']	False	all	False	False	cross_validation	5.0	5	False	1.0	ensembl_gene_id	ensembl_gene_id		True	binary	0.182	0.3114	-0.06657	0.09694	0.1821	0.3114	-0.06639						
xzy61vzv	worthy-sweep-1041	finished	ElasticNet	ha252ijh	ElasticNet	0.0008376776400682924	RBPSEDataset	600	100	0.5	HepG2	rbpse	mean_squared_error	1024	True	['target_psi']	platiglab	40	['fancy_scatter', 'cumul_resid_dist', ['wandb_faux_pr_curve', {'thresh': 0.5}], ['wandb_faux_roc_curve', {'thresh': 0.5}]]	yogi-RBP-ML-linear-models-april-2025	17.0	train	['r2_score', 'rmse', 'sigmoid_r2']	False	all	False	False	cross_validation	5.0	5	False	1.0	ensembl_gene_id	ensembl_gene_id		True	binary	0.18	0.3116	-0.06846	0.0971	0.1808	0.3116	-0.06661						
xwwab839	glad-sweep-1042	finished	ElasticNet	ha252ijh	ElasticNet	0.0008376776400682924	RBPSEDataset	700	100	0.5	HepG2	rbpse	mean_squared_error	1024	True	['target_psi']	platiglab	40	['fancy_scatter', 'cumul_resid_dist', ['wandb_faux_pr_curve', {'thresh': 0.5}], ['wandb_faux_roc_curve', {'thresh': 0.5}]]	yogi-RBP-ML-linear-models-april-2025	17.0	train	['r2_score', 'rmse', 'sigmoid_r2']	False	all	False	False	cross_validation	5.0	5	False	1.0	ensembl_gene_id	ensembl_gene_id		True	binary	0.1812	0.3115	-0.06687	0.09702	0.1815	0.3115	-0.06646						
vk4bmx85	dandy-sweep-1043	finished	ElasticNet	ha252ijh	ElasticNet	0.0008376776400682924	RBPSEDataset	800	100	0.5	HepG2	rbpse	mean_squared_error	1024	True	['target_psi']	platiglab	40	['fancy_scatter', 'cumul_resid_dist', ['wandb_faux_pr_curve', {'thresh': 0.5}], ['wandb_faux_roc_curve', {'thresh': 0.5}]]	yogi-RBP-ML-linear-models-april-2025	17.0	train	['r2_score', 'rmse', 'sigmoid_r2']	False	all	False	False	cross_validation	5.0	5	False	1.0	ensembl_gene_id	ensembl_gene_id		True	binary	0.181	0.3115	-0.0675	0.09699	0.1817	0.3114	-0.0664						
w6qpoh0x	genial-sweep-1044	finished	ElasticNet	ha252ijh	ElasticNet	0.0008376776400682924	RBPSEDataset	900	100	0.5	HepG2	rbpse	mean_squared_error	1024	True	['target_psi']	platiglab	40	['fancy_scatter', 'cumul_resid_dist', ['wandb_faux_pr_curve', {'thresh': 0.5}], ['wandb_faux_roc_curve', {'thresh': 0.5}]]	yogi-RBP-ML-linear-models-april-2025	17.0	train	['r2_score', 'rmse', 'sigmoid_r2']	False	all	False	False	cross_validation	5.0	5	False	1.0	ensembl_gene_id	ensembl_gene_id		True	binary	0.1805	0.3116	-0.06731	0.09705	0.1812	0.3115	-0.06658						
3s9cd6cn	pleasant-sweep-1045	finished	ElasticNet	ha252ijh	ElasticNet	0.0008376776400682924	RBPSEDataset	100	100	0.75	HepG2	rbpse	mean_squared_error	1024	True	['target_psi']	platiglab	40	['fancy_scatter', 'cumul_resid_dist', ['wandb_faux_pr_curve', {'thresh': 0.5}], ['wandb_faux_roc_curve', {'thresh': 0.5}]]	yogi-RBP-ML-linear-models-april-2025	17.0	train	['r2_score', 'rmse', 'sigmoid_r2']	False	all	False	False	cross_validation	5.0	5	False	1.0	ensembl_gene_id	ensembl_gene_id		True	binary	0.1754	0.3126	-0.0707	0.09765	0.1762	0.3125	-0.06947						
08z96iqk	fluent-sweep-1046	finished	ElasticNet	ha252ijh	ElasticNet	0.0008376776400682924	RBPSEDataset	200	100	0.75	HepG2	rbpse	mean_squared_error	1024	True	['target_psi']	platiglab	40	['fancy_scatter', 'cumul_resid_dist', ['wandb_faux_pr_curve', {'thresh': 0.5}], ['wandb_faux_roc_curve', {'thresh': 0.5}]]	yogi-RBP-ML-linear-models-april-2025	17.0	train	['r2_score', 'rmse', 'sigmoid_r2']	False	all	False	False	cross_validation	5.0	5	False	1.0	ensembl_gene_id	ensembl_gene_id		True	binary	0.1753	0.3124	-0.07114	0.09765	0.1761	0.3125	-0.06953						
5v70yatv	desert-sweep-1047	finished	ElasticNet	ha252ijh	ElasticNet	0.0008376776400682924	RBPSEDataset	300	100	0.75	HepG2	rbpse	mean_squared_error	1024	True	['target_psi']	platiglab	40	['fancy_scatter', 'cumul_resid_dist', ['wandb_faux_pr_curve', {'thresh': 0.5}], ['wandb_faux_roc_curve', {'thresh': 0.5}]]	yogi-RBP-ML-linear-models-april-2025	17.0	train	['r2_score', 'rmse', 'sigmoid_r2']	False	all	False	False	cross_validation	5.0	5	False	1.0	ensembl_gene_id	ensembl_gene_id		True	binary	0.1762	0.3124	-0.07056	0.09762	0.1764	0.3124	-0.06946						
0b0lww3m	fluent-sweep-1048	finished	ElasticNet	ha252ijh	ElasticNet	0.0008376776400682924	RBPSEDataset	400	100	0.75	HepG2	rbpse	mean_squared_error	1024	True	['target_psi']	platiglab	40	['fancy_scatter', 'cumul_resid_dist', ['wandb_faux_pr_curve', {'thresh': 0.5}], ['wandb_faux_roc_curve', {'thresh': 0.5}]]	yogi-RBP-ML-linear-models-april-2025	17.0	train	['r2_score', 'rmse', 'sigmoid_r2']	False	all	False	False	cross_validation	5.0	5	False	1.0	ensembl_gene_id	ensembl_gene_id		True	binary	0.1758	0.3123	-0.07084	0.09759	0.1766	0.3124	-0.06938						
hgg5qbg8	exalted-sweep-1049	finished	ElasticNet	ha252ijh	ElasticNet	0.0008376776400682924	RBPSEDataset	500	100	0.75	HepG2	rbpse	mean_squared_error	1024	True	['target_psi']	platiglab	40	['fancy_scatter', 'cumul_resid_dist', ['wandb_faux_pr_curve', {'thresh': 0.5}], ['wandb_faux_roc_curve', {'thresh': 0.5}]]	yogi-RBP-ML-linear-models-april-2025	17.0	train	['r2_score', 'rmse', 'sigmoid_r2']	False	all	False	False	cross_validation	5.0	5	False	1.0	ensembl_gene_id	ensembl_gene_id		True	binary	0.1769	0.3124	-0.06956	0.09754	0.1771	0.3123	-0.06938						
uwim4mqe	legendary-sweep-1050	finished	ElasticNet	ha252ijh	ElasticNet	0.0008376776400682924	RBPSEDataset	600	100	0.75	HepG2	rbpse	mean_squared_error	1024	True	['target_psi']	platiglab	40	['fancy_scatter', 'cumul_resid_dist', ['wandb_faux_pr_curve', {'thresh': 0.5}], ['wandb_faux_roc_curve', {'thresh': 0.5}]]	yogi-RBP-ML-linear-models-april-2025	17.0	train	['r2_score', 'rmse', 'sigmoid_r2']	False	all	False	False	cross_validation	5.0	5	False	1.0	ensembl_gene_id	ensembl_gene_id		True	binary	0.1748	0.3126	-0.07149	0.09771	0.1756	0.3126	-0.06963						
m9kqhy9a	cosmic-sweep-1051	finished	ElasticNet	ha252ijh	ElasticNet	0.0008376776400682924	RBPSEDataset	700	100	0.75	HepG2	rbpse	mean_squared_error	1024	True	['target_psi']	platiglab	40	['fancy_scatter', 'cumul_resid_dist', ['wandb_faux_pr_curve', {'thresh': 0.5}], ['wandb_faux_roc_curve', {'thresh': 0.5}]]	yogi-RBP-ML-linear-models-april-2025	17.0	train	['r2_score', 'rmse', 'sigmoid_r2']	False	all	False	False	cross_validation	5.0	5	False	1.0	ensembl_gene_id	ensembl_gene_id		True	binary	0.1761	0.3125	-0.06988	0.09762	0.1764	0.3124	-0.06947						
dxbyolts	silvery-sweep-1052	finished	ElasticNet	ha252ijh	ElasticNet	0.0008376776400682924	RBPSEDataset	800	100	0.75	HepG2	rbpse	mean_squared_error	1024	True	['target_psi']	platiglab	40	['fancy_scatter', 'cumul_resid_dist', ['wandb_faux_pr_curve', {'thresh': 0.5}], ['wandb_faux_roc_curve', {'thresh': 0.5}]]	yogi-RBP-ML-linear-models-april-2025	17.0	train	['r2_score', 'rmse', 'sigmoid_r2']	False	all	False	False	cross_validation	5.0	5	False	1.0	ensembl_gene_id	ensembl_gene_id		True	binary	0.1758	0.3124	-0.07057	0.0976	0.1765	0.3124	-0.06947						
2a28fha5	still-sweep-1053	finished	ElasticNet	ha252ijh	ElasticNet	0.0008376776400682924	RBPSEDataset	900	100	0.75	HepG2	rbpse	mean_squared_error	1024	True	['target_psi']	platiglab	40	['fancy_scatter', 'cumul_resid_dist', ['wandb_faux_pr_curve', {'thresh': 0.5}], ['wandb_faux_roc_curve', {'thresh': 0.5}]]	yogi-RBP-ML-linear-models-april-2025	17.0	train	['r2_score', 'rmse', 'sigmoid_r2']	False	all	False	False	cross_validation	5.0	5	False	1.0	ensembl_gene_id	ensembl_gene_id		True	binary	0.1756	0.3125	-0.07027	0.09764	0.1762	0.3125	-0.06954						
t6d5unn1	crimson-sweep-1054	finished	ElasticNet	ha252ijh	ElasticNet	0.0008376776400682924	RBPSEDataset	100	100	0.9	HepG2	rbpse	mean_squared_error	1024	True	['target_psi']	platiglab	40	['fancy_scatter', 'cumul_resid_dist', ['wandb_faux_pr_curve', {'thresh': 0.5}], ['wandb_faux_roc_curve', {'thresh': 0.5}]]	yogi-RBP-ML-linear-models-april-2025	17.0	train	['r2_score', 'rmse', 'sigmoid_r2']	False	all	False	False	cross_validation	5.0	5	False	1.0	ensembl_gene_id	ensembl_gene_id		True	binary	0.1728	0.3131	-0.07227	0.09796	0.1735	0.313	-0.07103						
1yk4uu0y	light-sweep-1056	finished	ElasticNet	ha252ijh	ElasticNet	0.0008376776400682924	RBPSEDataset	300	100	0.9	HepG2	rbpse	mean_squared_error	1024	True	['target_psi']	platiglab	40	['fancy_scatter', 'cumul_resid_dist', ['wandb_faux_pr_curve', {'thresh': 0.5}], ['wandb_faux_roc_curve', {'thresh': 0.5}]]	yogi-RBP-ML-linear-models-april-2025	17.0	train	['r2_score', 'rmse', 'sigmoid_r2']	False	all	False	False	cross_validation	5.0	5	False	1.0	ensembl_gene_id	ensembl_gene_id		True	binary	0.1733	0.3129	-0.07214	0.09796	0.1735	0.313	-0.07103						
6nrcrwf2	classic-sweep-1055	finished	ElasticNet	ha252ijh	ElasticNet	0.0008376776400682924	RBPSEDataset	200	100	0.9	HepG2	rbpse	mean_squared_error	1024	True	['target_psi']	platiglab	40	['fancy_scatter', 'cumul_resid_dist', ['wandb_faux_pr_curve', {'thresh': 0.5}], ['wandb_faux_roc_curve', {'thresh': 0.5}]]	yogi-RBP-ML-linear-models-april-2025	17.0	train	['r2_score', 'rmse', 'sigmoid_r2']	False	all	False	False	cross_validation	5.0	5	False	1.0	ensembl_gene_id	ensembl_gene_id		True	binary	0.1725	0.3129	-0.07272	0.09798	0.1734	0.313	-0.07109						
6ggfhhwn	silver-sweep-1057	finished	ElasticNet	ha252ijh	ElasticNet	0.0008376776400682924	RBPSEDataset	400	100	0.9	HepG2	rbpse	mean_squared_error	1024	True	['target_psi']	platiglab	40	['fancy_scatter', 'cumul_resid_dist', ['wandb_faux_pr_curve', {'thresh': 0.5}], ['wandb_faux_roc_curve', {'thresh': 0.5}]]	yogi-RBP-ML-linear-models-april-2025	17.0	train	['r2_score', 'rmse', 'sigmoid_r2']	False	all	False	False	cross_validation	5.0	5	False	1.0	ensembl_gene_id	ensembl_gene_id		True	binary	0.173	0.3129	-0.07242	0.09793	0.1738	0.3129	-0.07097						
x5ogsg3j	peach-sweep-1058	finished	ElasticNet	ha252ijh	ElasticNet	0.0008376776400682924	RBPSEDataset	500	100	0.9	HepG2	rbpse	mean_squared_error	1024	True	['target_psi']	platiglab	40	['fancy_scatter', 'cumul_resid_dist', ['wandb_faux_pr_curve', {'thresh': 0.5}], ['wandb_faux_roc_curve', {'thresh': 0.5}]]	yogi-RBP-ML-linear-models-april-2025	17.0	train	['r2_score', 'rmse', 'sigmoid_r2']	False	all	False	False	cross_validation	5.0	5	False	1.0	ensembl_gene_id	ensembl_gene_id		True	binary	0.1741	0.3129	-0.07112	0.09787	0.1742	0.3128	-0.07095						
00jpw8mo	resilient-sweep-1059	finished	ElasticNet	ha252ijh	ElasticNet	0.0008376776400682924	RBPSEDataset	600	100	0.9	HepG2	rbpse	mean_squared_error	1024	True	['target_psi']	platiglab	40	['fancy_scatter', 'cumul_resid_dist', ['wandb_faux_pr_curve', {'thresh': 0.5}], ['wandb_faux_roc_curve', {'thresh': 0.5}]]	yogi-RBP-ML-linear-models-april-2025	17.0	train	['r2_score', 'rmse', 'sigmoid_r2']	False	all	False	False	cross_validation	5.0	5	False	1.0	ensembl_gene_id	ensembl_gene_id		True	binary	0.1722	0.3131	-0.07302	0.09802	0.173	0.3131	-0.07115						
p5ftfnz0	dandy-sweep-1061	finished	ElasticNet	ha252ijh	ElasticNet	0.0008376776400682924	RBPSEDataset	800	100	0.9	HepG2	rbpse	mean_squared_error	1024	True	['target_psi']	platiglab	40	['fancy_scatter', 'cumul_resid_dist', ['wandb_faux_pr_curve', {'thresh': 0.5}], ['wandb_faux_roc_curve', {'thresh': 0.5}]]	yogi-RBP-ML-linear-models-april-2025	17.0	train	['r2_score', 'rmse', 'sigmoid_r2']	False	all	False	False	cross_validation	5.0	5	False	1.0	ensembl_gene_id	ensembl_gene_id		True	binary	0.1731	0.313	-0.07212	0.09792	0.1738	0.3129	-0.071						
r6y20zhx	stellar-sweep-1062	finished	ElasticNet	ha252ijh	ElasticNet	0.0008376776400682924	RBPSEDataset	900	100	0.9	HepG2	rbpse	mean_squared_error	1024	True	['target_psi']	platiglab	40	['fancy_scatter', 'cumul_resid_dist', ['wandb_faux_pr_curve', {'thresh': 0.5}], ['wandb_faux_roc_curve', {'thresh': 0.5}]]	yogi-RBP-ML-linear-models-april-2025	17.0	train	['r2_score', 'rmse', 'sigmoid_r2']	False	all	False	False	cross_validation	5.0	5	False	1.0	ensembl_gene_id	ensembl_gene_id		True	binary	0.1728	0.313	-0.07183	0.09797	0.1734	0.313	-0.0711						
lr64juqp	rosy-sweep-1063	finished	ElasticNet	ha252ijh	ElasticNet	0.0008376776400682924	RBPSEDataset	100	100	1.0	HepG2	rbpse	mean_squared_error	1024	True	['target_psi']	platiglab	40	['fancy_scatter', 'cumul_resid_dist', ['wandb_faux_pr_curve', {'thresh': 0.5}], ['wandb_faux_roc_curve', {'thresh': 0.5}]]	yogi-RBP-ML-linear-models-april-2025	17.0	train	['r2_score', 'rmse', 'sigmoid_r2']	False	all	False	False	cross_validation	5.0	5	False	1.0	ensembl_gene_id	ensembl_gene_id		True	binary	0.1713	0.3133	-0.07319	0.09814	0.172	0.3133	-0.07194						
frcmz08m	visionary-sweep-1064	finished	ElasticNet	ha252ijh	ElasticNet	0.0008376776400682924	RBPSEDataset	200	100	1.0	HepG2	rbpse	mean_squared_error	1024	True	['target_psi']	platiglab	40	['fancy_scatter', 'cumul_resid_dist', ['wandb_faux_pr_curve', {'thresh': 0.5}], ['wandb_faux_roc_curve', {'thresh': 0.5}]]	yogi-RBP-ML-linear-models-april-2025	17.0	train	['r2_score', 'rmse', 'sigmoid_r2']	False	all	False	False	cross_validation	5.0	5	False	1.0	ensembl_gene_id	ensembl_gene_id		True	binary	0.1711	0.3132	-0.07359	0.09815	0.1719	0.3133	-0.07198						
a3qalu4z	visionary-sweep-1065	finished	ElasticNet	ha252ijh	ElasticNet	0.0008376776400682924	RBPSEDataset	300	100	1.0	HepG2	rbpse	mean_squared_error	1024	True	['target_psi']	platiglab	40	['fancy_scatter', 'cumul_resid_dist', ['wandb_faux_pr_curve', {'thresh': 0.5}], ['wandb_faux_roc_curve', {'thresh': 0.5}]]	yogi-RBP-ML-linear-models-april-2025	17.0	train	['r2_score', 'rmse', 'sigmoid_r2']	False	all	False	False	cross_validation	5.0	5	False	1.0	ensembl_gene_id	ensembl_gene_id		True	binary	0.1717	0.3132	-0.07307	0.09815	0.1719	0.3133	-0.07196						
kxr9nntz	true-sweep-1066	finished	ElasticNet	ha252ijh	ElasticNet	0.0008376776400682924	RBPSEDataset	400	100	1.0	HepG2	rbpse	mean_squared_error	1024	True	['target_psi']	platiglab	40	['fancy_scatter', 'cumul_resid_dist', ['wandb_faux_pr_curve', {'thresh': 0.5}], ['wandb_faux_roc_curve', {'thresh': 0.5}]]	yogi-RBP-ML-linear-models-april-2025	17.0	train	['r2_score', 'rmse', 'sigmoid_r2']	False	all	False	False	cross_validation	5.0	5	False	1.0	ensembl_gene_id	ensembl_gene_id		True	binary	0.1713	0.3132	-0.07339	0.09813	0.1721	0.3133	-0.07193						
9q2mggg9	blooming-sweep-1067	finished	ElasticNet	ha252ijh	ElasticNet	0.0008376776400682924	RBPSEDataset	500	100	1.0	HepG2	rbpse	mean_squared_error	1024	True	['target_psi']	platiglab	40	['fancy_scatter', 'cumul_resid_dist', ['wandb_faux_pr_curve', {'thresh': 0.5}], ['wandb_faux_roc_curve', {'thresh': 0.5}]]	yogi-RBP-ML-linear-models-april-2025	17.0	train	['r2_score', 'rmse', 'sigmoid_r2']	False	all	False	False	cross_validation	5.0	5	False	1.0	ensembl_gene_id	ensembl_gene_id		True	binary	0.1723	0.3133	-0.07208	0.09808	0.1725	0.3132	-0.07191						
7rglkkpv	rosy-sweep-1068	finished	ElasticNet	ha252ijh	ElasticNet	0.0008376776400682924	RBPSEDataset	600	100	1.0	HepG2	rbpse	mean_squared_error	1024	True	['target_psi']	platiglab	40	['fancy_scatter', 'cumul_resid_dist', ['wandb_faux_pr_curve', {'thresh': 0.5}], ['wandb_faux_roc_curve', {'thresh': 0.5}]]	yogi-RBP-ML-linear-models-april-2025	17.0	train	['r2_score', 'rmse', 'sigmoid_r2']	False	all	False	False	cross_validation	5.0	5	False	1.0	ensembl_gene_id	ensembl_gene_id		True	binary	0.1707	0.3134	-0.07391	0.09819	0.1716	0.3134	-0.07204						
3cow72cs	graceful-sweep-1069	finished	ElasticNet	ha252ijh	ElasticNet	0.0008376776400682924	RBPSEDataset	700	100	1.0	HepG2	rbpse	mean_squared_error	1024	True	['target_psi']	platiglab	40	['fancy_scatter', 'cumul_resid_dist', ['wandb_faux_pr_curve', {'thresh': 0.5}], ['wandb_faux_roc_curve', {'thresh': 0.5}]]	yogi-RBP-ML-linear-models-april-2025	17.0	train	['r2_score', 'rmse', 'sigmoid_r2']	False	all	False	False	cross_validation	5.0	5	False	1.0	ensembl_gene_id	ensembl_gene_id		True	binary	0.1721	0.3133	-0.0723	0.0981	0.1723	0.3132	-0.07188						
ylae743f	decent-sweep-1070	finished	ElasticNet	ha252ijh	ElasticNet	0.0008376776400682924	RBPSEDataset	800	100	1.0	HepG2	rbpse	mean_squared_error	1024	True	['target_psi']	platiglab	40	['fancy_scatter', 'cumul_resid_dist', ['wandb_faux_pr_curve', {'thresh': 0.5}], ['wandb_faux_roc_curve', {'thresh': 0.5}]]	yogi-RBP-ML-linear-models-april-2025	17.0	train	['r2_score', 'rmse', 'sigmoid_r2']	False	all	False	False	cross_validation	5.0	5	False	1.0	ensembl_gene_id	ensembl_gene_id		True	binary	0.1714	0.3133	-0.07307	0.09813	0.1721	0.3133	-0.07196						
kcx4h1op	stoic-sweep-1071	finished	ElasticNet	ha252ijh	ElasticNet	0.0008376776400682924	RBPSEDataset	900	100	1.0	HepG2	rbpse	mean_squared_error	1024	True	['target_psi']	platiglab	40	['fancy_scatter', 'cumul_resid_dist', ['wandb_faux_pr_curve', {'thresh': 0.5}], ['wandb_faux_roc_curve', {'thresh': 0.5}]]	yogi-RBP-ML-linear-models-april-2025	17.0	train	['r2_score', 'rmse', 'sigmoid_r2']	False	all	False	False	cross_validation	5.0	5	False	1.0	ensembl_gene_id	ensembl_gene_id		True	binary	0.1711	0.3133	-0.07277	0.09817	0.1717	0.3133	-0.07205						
qayh2fdq	ethereal-sweep-1081	finished	ElasticNet	ha252ijh	ElasticNet	0.002424462017082328	RBPSEDataset	100	100	0.1	HepG2	rbpse	mean_squared_error	1024	True	['target_psi']	platiglab	40	['fancy_scatter', 'cumul_resid_dist', ['wandb_faux_pr_curve', {'thresh': 0.5}], ['wandb_faux_roc_curve', {'thresh': 0.5}]]	yogi-RBP-ML-linear-models-april-2025	17.0	train	['r2_score', 'rmse', 'sigmoid_r2']	False	all	False	False	cross_validation	5.0	5	False	1.0	ensembl_gene_id	ensembl_gene_id		True	binary	0.1835	0.311	-0.06662	0.09668	0.1843	0.3109	-0.06539						
lltok0cm	swept-sweep-1082	finished	ElasticNet	ha252ijh	ElasticNet	0.002424462017082328	RBPSEDataset	200	100	0.1	HepG2	rbpse	mean_squared_error	1024	True	['target_psi']	platiglab	40	['fancy_scatter', 'cumul_resid_dist', ['wandb_faux_pr_curve', {'thresh': 0.5}], ['wandb_faux_roc_curve', {'thresh': 0.5}]]	yogi-RBP-ML-linear-models-april-2025	17.0	train	['r2_score', 'rmse', 'sigmoid_r2']	False	all	False	False	cross_validation	5.0	5	False	1.0	ensembl_gene_id	ensembl_gene_id		True	binary	0.1839	0.3108	-0.06681	0.09663	0.1847	0.3109	-0.06521						
h73z7z9n	vital-sweep-1083	finished	ElasticNet	ha252ijh	ElasticNet	0.002424462017082328	RBPSEDataset	300	100	0.1	HepG2	rbpse	mean_squared_error	1024	True	['target_psi']	platiglab	40	['fancy_scatter', 'cumul_resid_dist', ['wandb_faux_pr_curve', {'thresh': 0.5}], ['wandb_faux_roc_curve', {'thresh': 0.5}]]	yogi-RBP-ML-linear-models-april-2025	17.0	train	['r2_score', 'rmse', 'sigmoid_r2']	False	all	False	False	cross_validation	5.0	5	False	1.0	ensembl_gene_id	ensembl_gene_id		True	binary	0.1847	0.3108	-0.06629	0.0966	0.185	0.3108	-0.06519						
cp0t7qap	likely-sweep-1084	finished	ElasticNet	ha252ijh	ElasticNet	0.002424462017082328	RBPSEDataset	400	100	0.1	HepG2	rbpse	mean_squared_error	1024	True	['target_psi']	platiglab	40	['fancy_scatter', 'cumul_resid_dist', ['wandb_faux_pr_curve', {'thresh': 0.5}], ['wandb_faux_roc_curve', {'thresh': 0.5}]]	yogi-RBP-ML-linear-models-april-2025	17.0	train	['r2_score', 'rmse', 'sigmoid_r2']	False	all	False	False	cross_validation	5.0	5	False	1.0	ensembl_gene_id	ensembl_gene_id		True	binary	0.1847	0.3106	-0.0665	0.09654	0.1855	0.3107	-0.06504						
fytwvqct	deep-sweep-1085	finished	ElasticNet	ha252ijh	ElasticNet	0.002424462017082328	RBPSEDataset	500	100	0.1	HepG2	rbpse	mean_squared_error	1024	True	['target_psi']	platiglab	40	['fancy_scatter', 'cumul_resid_dist', ['wandb_faux_pr_curve', {'thresh': 0.5}], ['wandb_faux_roc_curve', {'thresh': 0.5}]]	yogi-RBP-ML-linear-models-april-2025	17.0	train	['r2_score', 'rmse', 'sigmoid_r2']	False	all	False	False	cross_validation	5.0	5	False	1.0	ensembl_gene_id	ensembl_gene_id		True	binary	0.1857	0.3107	-0.06529	0.09649	0.1859	0.3106	-0.06512						
tg219z72	dashing-sweep-1086	finished	ElasticNet	ha252ijh	ElasticNet	0.002424462017082328	RBPSEDataset	600	100	0.1	HepG2	rbpse	mean_squared_error	1024	True	['target_psi']	platiglab	40	['fancy_scatter', 'cumul_resid_dist', ['wandb_faux_pr_curve', {'thresh': 0.5}], ['wandb_faux_roc_curve', {'thresh': 0.5}]]	yogi-RBP-ML-linear-models-april-2025	17.0	train	['r2_score', 'rmse', 'sigmoid_r2']	False	all	False	False	cross_validation	5.0	5	False	1.0	ensembl_gene_id	ensembl_gene_id		True	binary	0.184	0.3109	-0.06714	0.09663	0.1848	0.3109	-0.0653						
si5zhkiv	soft-sweep-1087	finished	ElasticNet	ha252ijh	ElasticNet	0.002424462017082328	RBPSEDataset	700	100	0.1	HepG2	rbpse	mean_squared_error	1024	True	['target_psi']	platiglab	40	['fancy_scatter', 'cumul_resid_dist', ['wandb_faux_pr_curve', {'thresh': 0.5}], ['wandb_faux_roc_curve', {'thresh': 0.5}]]	yogi-RBP-ML-linear-models-april-2025	17.0	train	['r2_score', 'rmse', 'sigmoid_r2']	False	all	False	False	cross_validation	5.0	5	False	1.0	ensembl_gene_id	ensembl_gene_id		True	binary	0.1849	0.3108	-0.06558	0.09658	0.1852	0.3108	-0.06517						
dyo9u0k0	tough-sweep-1089	finished	ElasticNet	ha252ijh	ElasticNet	0.002424462017082328	RBPSEDataset	900	100	0.1	HepG2	rbpse	mean_squared_error	1024	True	['target_psi']	platiglab	40	['fancy_scatter', 'cumul_resid_dist', ['wandb_faux_pr_curve', {'thresh': 0.5}], ['wandb_faux_roc_curve', {'thresh': 0.5}]]	yogi-RBP-ML-linear-models-april-2025	17.0	train	['r2_score', 'rmse', 'sigmoid_r2']	False	all	False	False	cross_validation	5.0	5	False	1.0	ensembl_gene_id	ensembl_gene_id		True	binary	0.1842	0.3108	-0.06604	0.0966	0.185	0.3108	-0.0653						
gzh5gxqm	dutiful-sweep-1088	finished	ElasticNet	ha252ijh	ElasticNet	0.002424462017082328	RBPSEDataset	800	100	0.1	HepG2	rbpse	mean_squared_error	1024	True	['target_psi']	platiglab	40	['fancy_scatter', 'cumul_resid_dist', ['wandb_faux_pr_curve', {'thresh': 0.5}], ['wandb_faux_roc_curve', {'thresh': 0.5}]]	yogi-RBP-ML-linear-models-april-2025	17.0	train	['r2_score', 'rmse', 'sigmoid_r2']	False	all	False	False	cross_validation	5.0	5	False	1.0	ensembl_gene_id	ensembl_gene_id		True	binary	0.1846	0.3108	-0.06617	0.09656	0.1853	0.3107	-0.06507						
jhte0a2j	twilight-sweep-1090	finished	ElasticNet	ha252ijh	ElasticNet	0.002424462017082328	RBPSEDataset	100	100	0.25	HepG2	rbpse	mean_squared_error	1024	True	['target_psi']	platiglab	40	['fancy_scatter', 'cumul_resid_dist', ['wandb_faux_pr_curve', {'thresh': 0.5}], ['wandb_faux_roc_curve', {'thresh': 0.5}]]	yogi-RBP-ML-linear-models-april-2025	17.0	train	['r2_score', 'rmse', 'sigmoid_r2']	False	all	False	False	cross_validation	5.0	5	False	1.0	ensembl_gene_id	ensembl_gene_id		True	binary	0.1745	0.3127	-0.07188	0.09775	0.1753	0.3127	-0.07065						
pjfm6cjj	grateful-sweep-1091	finished	ElasticNet	ha252ijh	ElasticNet	0.002424462017082328	RBPSEDataset	200	100	0.25	HepG2	rbpse	mean_squared_error	1024	True	['target_psi']	platiglab	40	['fancy_scatter', 'cumul_resid_dist', ['wandb_faux_pr_curve', {'thresh': 0.5}], ['wandb_faux_roc_curve', {'thresh': 0.5}]]	yogi-RBP-ML-linear-models-april-2025	17.0	train	['r2_score', 'rmse', 'sigmoid_r2']	False	all	False	False	cross_validation	5.0	5	False	1.0	ensembl_gene_id	ensembl_gene_id		True	binary	0.1745	0.3125	-0.0723	0.09775	0.1753	0.3126	-0.07068						
t62icg33	colorful-sweep-1093	finished	ElasticNet	ha252ijh	ElasticNet	0.002424462017082328	RBPSEDataset	400	100	0.25	HepG2	rbpse	mean_squared_error	1024	True	['target_psi']	platiglab	40	['fancy_scatter', 'cumul_resid_dist', ['wandb_faux_pr_curve', {'thresh': 0.5}], ['wandb_faux_roc_curve', {'thresh': 0.5}]]	yogi-RBP-ML-linear-models-april-2025	17.0	train	['r2_score', 'rmse', 'sigmoid_r2']	False	all	False	False	cross_validation	5.0	5	False	1.0	ensembl_gene_id	ensembl_gene_id		True	binary	0.175	0.3125	-0.07201	0.0977	0.1757	0.3126	-0.07056						
7upc48b8	devoted-sweep-1094	finished	ElasticNet	ha252ijh	ElasticNet	0.002424462017082328	RBPSEDataset	500	100	0.25	HepG2	rbpse	mean_squared_error	1024	True	['target_psi']	platiglab	40	['fancy_scatter', 'cumul_resid_dist', ['wandb_faux_pr_curve', {'thresh': 0.5}], ['wandb_faux_roc_curve', {'thresh': 0.5}]]	yogi-RBP-ML-linear-models-april-2025	17.0	train	['r2_score', 'rmse', 'sigmoid_r2']	False	all	False	False	cross_validation	5.0	5	False	1.0	ensembl_gene_id	ensembl_gene_id		True	binary	0.1759	0.3126	-0.07074	0.09766	0.176	0.3125	-0.07057						
sqicbkci	polished-sweep-1095	finished	ElasticNet	ha252ijh	ElasticNet	0.002424462017082328	RBPSEDataset	600	100	0.25	HepG2	rbpse	mean_squared_error	1024	True	['target_psi']	platiglab	40	['fancy_scatter', 'cumul_resid_dist', ['wandb_faux_pr_curve', {'thresh': 0.5}], ['wandb_faux_roc_curve', {'thresh': 0.5}]]	yogi-RBP-ML-linear-models-april-2025	17.0	train	['r2_score', 'rmse', 'sigmoid_r2']	False	all	False	False	cross_validation	5.0	5	False	1.0	ensembl_gene_id	ensembl_gene_id		True	binary	0.174	0.3127	-0.07266	0.0978	0.1748	0.3127	-0.07079						
nbczpf7c	lilac-sweep-1096	finished	ElasticNet	ha252ijh	ElasticNet	0.002424462017082328	RBPSEDataset	700	100	0.25	HepG2	rbpse	mean_squared_error	1024	True	['target_psi']	platiglab	40	['fancy_scatter', 'cumul_resid_dist', ['wandb_faux_pr_curve', {'thresh': 0.5}], ['wandb_faux_roc_curve', {'thresh': 0.5}]]	yogi-RBP-ML-linear-models-april-2025	17.0	train	['r2_score', 'rmse', 'sigmoid_r2']	False	all	False	False	cross_validation	5.0	5	False	1.0	ensembl_gene_id	ensembl_gene_id		True	binary	0.1752	0.3127	-0.07105	0.09773	0.1755	0.3126	-0.07064						
nc74g8k6	noble-sweep-1097	finished	ElasticNet	ha252ijh	ElasticNet	0.002424462017082328	RBPSEDataset	800	100	0.25	HepG2	rbpse	mean_squared_error	1024	True	['target_psi']	platiglab	40	['fancy_scatter', 'cumul_resid_dist', ['wandb_faux_pr_curve', {'thresh': 0.5}], ['wandb_faux_roc_curve', {'thresh': 0.5}]]	yogi-RBP-ML-linear-models-april-2025	17.0	train	['r2_score', 'rmse', 'sigmoid_r2']	False	all	False	False	cross_validation	5.0	5	False	1.0	ensembl_gene_id	ensembl_gene_id		True	binary	0.1749	0.3126	-0.07176	0.09771	0.1757	0.3126	-0.07065						
lsf0bz1v	misty-sweep-1098	finished	ElasticNet	ha252ijh	ElasticNet	0.002424462017082328	RBPSEDataset	900	100	0.25	HepG2	rbpse	mean_squared_error	1024	True	['target_psi']	platiglab	40	['fancy_scatter', 'cumul_resid_dist', ['wandb_faux_pr_curve', {'thresh': 0.5}], ['wandb_faux_roc_curve', {'thresh': 0.5}]]	yogi-RBP-ML-linear-models-april-2025	17.0	train	['r2_score', 'rmse', 'sigmoid_r2']	False	all	False	False	cross_validation	5.0	5	False	1.0	ensembl_gene_id	ensembl_gene_id		True	binary	0.1746	0.3127	-0.07145	0.09776	0.1752	0.3127	-0.07073						
f793ywa1	classic-sweep-1099	finished	ElasticNet	ha252ijh	ElasticNet	0.002424462017082328	RBPSEDataset	100	100	0.5	HepG2	rbpse	mean_squared_error	1024	True	['target_psi']	platiglab	40	['fancy_scatter', 'cumul_resid_dist', ['wandb_faux_pr_curve', {'thresh': 0.5}], ['wandb_faux_roc_curve', {'thresh': 0.5}]]	yogi-RBP-ML-linear-models-april-2025	17.0	train	['r2_score', 'rmse', 'sigmoid_r2']	False	all	False	False	cross_validation	5.0	5	False	1.0	ensembl_gene_id	ensembl_gene_id		True	binary	0.1636	0.3148	-0.07803	0.09906	0.1643	0.3147	-0.0768						
xee3t5ki	faithful-sweep-1101	finished	ElasticNet	ha252ijh	ElasticNet	0.002424462017082328	RBPSEDataset	300	100	0.5	HepG2	rbpse	mean_squared_error	1024	True	['target_psi']	platiglab	40	['fancy_scatter', 'cumul_resid_dist', ['wandb_faux_pr_curve', {'thresh': 0.5}], ['wandb_faux_roc_curve', {'thresh': 0.5}]]	yogi-RBP-ML-linear-models-april-2025	17.0	train	['r2_score', 'rmse', 'sigmoid_r2']	False	all	False	False	cross_validation	5.0	5	False	1.0	ensembl_gene_id	ensembl_gene_id		True	binary	0.1636	0.3147	-0.07795	0.0991	0.1639	0.3148	-0.07684						
b7wt5eh3	dazzling-sweep-1102	finished	ElasticNet	ha252ijh	ElasticNet	0.002424462017082328	RBPSEDataset	400	100	0.5	HepG2	rbpse	mean_squared_error	1024	True	['target_psi']	platiglab	40	['fancy_scatter', 'cumul_resid_dist', ['wandb_faux_pr_curve', {'thresh': 0.5}], ['wandb_faux_roc_curve', {'thresh': 0.5}]]	yogi-RBP-ML-linear-models-april-2025	17.0	train	['r2_score', 'rmse', 'sigmoid_r2']	False	all	False	False	cross_validation	5.0	5	False	1.0	ensembl_gene_id	ensembl_gene_id		True	binary	0.1634	0.3147	-0.07828	0.09908	0.164	0.3148	-0.07682						
jn9zmwl7	sunny-sweep-1103	finished	ElasticNet	ha252ijh	ElasticNet	0.002424462017082328	RBPSEDataset	500	100	0.5	HepG2	rbpse	mean_squared_error	1024	True	['target_psi']	platiglab	40	['fancy_scatter', 'cumul_resid_dist', ['wandb_faux_pr_curve', {'thresh': 0.5}], ['wandb_faux_roc_curve', {'thresh': 0.5}]]	yogi-RBP-ML-linear-models-april-2025	17.0	train	['r2_score', 'rmse', 'sigmoid_r2']	False	all	False	False	cross_validation	5.0	5	False	1.0	ensembl_gene_id	ensembl_gene_id		True	binary	0.1638	0.3148	-0.07705	0.09909	0.164	0.3148	-0.07687						
vfg438x0	genial-sweep-1104	finished	ElasticNet	ha252ijh	ElasticNet	0.002424462017082328	RBPSEDataset	600	100	0.5	HepG2	rbpse	mean_squared_error	1024	True	['target_psi']	platiglab	40	['fancy_scatter', 'cumul_resid_dist', ['wandb_faux_pr_curve', {'thresh': 0.5}], ['wandb_faux_roc_curve', {'thresh': 0.5}]]	yogi-RBP-ML-linear-models-april-2025	17.0	train	['r2_score', 'rmse', 'sigmoid_r2']	False	all	False	False	cross_validation	5.0	5	False	1.0	ensembl_gene_id	ensembl_gene_id		True	binary	0.1629	0.3149	-0.0788	0.09912	0.1638	0.3148	-0.07694						
btb7klud	fanciful-sweep-1105	finished	ElasticNet	ha252ijh	ElasticNet	0.002424462017082328	RBPSEDataset	700	100	0.5	HepG2	rbpse	mean_squared_error	1024	True	['target_psi']	platiglab	40	['fancy_scatter', 'cumul_resid_dist', ['wandb_faux_pr_curve', {'thresh': 0.5}], ['wandb_faux_roc_curve', {'thresh': 0.5}]]	yogi-RBP-ML-linear-models-april-2025	17.0	train	['r2_score', 'rmse', 'sigmoid_r2']	False	all	False	False	cross_validation	5.0	5	False	1.0	ensembl_gene_id	ensembl_gene_id		True	binary	0.1639	0.3148	-0.07719	0.09907	0.1642	0.3147	-0.07678						
fzi4jz9p	fine-sweep-1106	finished	ElasticNet	ha252ijh	ElasticNet	0.002424462017082328	RBPSEDataset	800	100	0.5	HepG2	rbpse	mean_squared_error	1024	True	['target_psi']	platiglab	40	['fancy_scatter', 'cumul_resid_dist', ['wandb_faux_pr_curve', {'thresh': 0.5}], ['wandb_faux_roc_curve', {'thresh': 0.5}]]	yogi-RBP-ML-linear-models-april-2025	17.0	train	['r2_score', 'rmse', 'sigmoid_r2']	False	all	False	False	cross_validation	5.0	5	False	1.0	ensembl_gene_id	ensembl_gene_id		True	binary	0.1632	0.3148	-0.07802	0.0991	0.1639	0.3148	-0.07691						
c1g02vd4	vocal-sweep-1107	finished	ElasticNet	ha252ijh	ElasticNet	0.002424462017082328	RBPSEDataset	900	100	0.5	HepG2	rbpse	mean_squared_error	1024	True	['target_psi']	platiglab	40	['fancy_scatter', 'cumul_resid_dist', ['wandb_faux_pr_curve', {'thresh': 0.5}], ['wandb_faux_roc_curve', {'thresh': 0.5}]]	yogi-RBP-ML-linear-models-april-2025	17.0	train	['r2_score', 'rmse', 'sigmoid_r2']	False	all	False	False	cross_validation	5.0	5	False	1.0	ensembl_gene_id	ensembl_gene_id		True	binary	0.1632	0.3148	-0.07763	0.09912	0.1637	0.3148	-0.07692						
z9m4kdkl	still-sweep-1108	finished	ElasticNet	ha252ijh	ElasticNet	0.002424462017082328	RBPSEDataset	100	100	0.75	HepG2	rbpse	mean_squared_error	1024	True	['target_psi']	platiglab	40	['fancy_scatter', 'cumul_resid_dist', ['wandb_faux_pr_curve', {'thresh': 0.5}], ['wandb_faux_roc_curve', {'thresh': 0.5}]]	yogi-RBP-ML-linear-models-april-2025	17.0	train	['r2_score', 'rmse', 'sigmoid_r2']	False	all	False	False	cross_validation	5.0	5	False	1.0	ensembl_gene_id	ensembl_gene_id		True	binary	0.1541	0.3166	-0.08296	0.1002	0.1548	0.3165	-0.08172						
kadkgc9v	denim-sweep-1109	finished	ElasticNet	ha252ijh	ElasticNet	0.002424462017082328	RBPSEDataset	200	100	0.75	HepG2	rbpse	mean_squared_error	1024	True	['target_psi']	platiglab	40	['fancy_scatter', 'cumul_resid_dist', ['wandb_faux_pr_curve', {'thresh': 0.5}], ['wandb_faux_roc_curve', {'thresh': 0.5}]]	yogi-RBP-ML-linear-models-april-2025	17.0	train	['r2_score', 'rmse', 'sigmoid_r2']	False	all	False	False	cross_validation	5.0	5	False	1.0	ensembl_gene_id	ensembl_gene_id		True	binary	0.1538	0.3164	-0.0833	0.1002	0.1547	0.3165	-0.08169						
4im9kjry	laced-sweep-1111	finished	ElasticNet	ha252ijh	ElasticNet	0.002424462017082328	RBPSEDataset	400	100	0.75	HepG2	rbpse	mean_squared_error	1024	True	['target_psi']	platiglab	40	['fancy_scatter', 'cumul_resid_dist', ['wandb_faux_pr_curve', {'thresh': 0.5}], ['wandb_faux_roc_curve', {'thresh': 0.5}]]	yogi-RBP-ML-linear-models-april-2025	17.0	train	['r2_score', 'rmse', 'sigmoid_r2']	False	all	False	False	cross_validation	5.0	5	False	1.0	ensembl_gene_id	ensembl_gene_id		True	binary	0.1534	0.3166	-0.08326	0.1003	0.1541	0.3166	-0.0818						
ald81wo4	dazzling-sweep-1110	finished	ElasticNet	ha252ijh	ElasticNet	0.002424462017082328	RBPSEDataset	300	100	0.75	HepG2	rbpse	mean_squared_error	1024	True	['target_psi']	platiglab	40	['fancy_scatter', 'cumul_resid_dist', ['wandb_faux_pr_curve', {'thresh': 0.5}], ['wandb_faux_roc_curve', {'thresh': 0.5}]]	yogi-RBP-ML-linear-models-april-2025	17.0	train	['r2_score', 'rmse', 'sigmoid_r2']	False	all	False	False	cross_validation	5.0	5	False	1.0	ensembl_gene_id	ensembl_gene_id		True	binary	0.154	0.3165	-0.08287	0.1002	0.1542	0.3166	-0.08176						
tzrrsma6	valiant-sweep-1112	finished	ElasticNet	ha252ijh	ElasticNet	0.002424462017082328	RBPSEDataset	500	100	0.75	HepG2	rbpse	mean_squared_error	1024	True	['target_psi']	platiglab	40	['fancy_scatter', 'cumul_resid_dist', ['wandb_faux_pr_curve', {'thresh': 0.5}], ['wandb_faux_roc_curve', {'thresh': 0.5}]]	yogi-RBP-ML-linear-models-april-2025	17.0	train	['r2_score', 'rmse', 'sigmoid_r2']	False	all	False	False	cross_validation	5.0	5	False	1.0	ensembl_gene_id	ensembl_gene_id		True	binary	0.1538	0.3167	-0.08201	0.1003	0.154	0.3167	-0.08183						
rncaukcg	likely-sweep-1113	finished	ElasticNet	ha252ijh	ElasticNet	0.002424462017082328	RBPSEDataset	600	100	0.75	HepG2	rbpse	mean_squared_error	1024	True	['target_psi']	platiglab	40	['fancy_scatter', 'cumul_resid_dist', ['wandb_faux_pr_curve', {'thresh': 0.5}], ['wandb_faux_roc_curve', {'thresh': 0.5}]]	yogi-RBP-ML-linear-models-april-2025	17.0	train	['r2_score', 'rmse', 'sigmoid_r2']	False	all	False	False	cross_validation	5.0	5	False	1.0	ensembl_gene_id	ensembl_gene_id		True	binary	0.1531	0.3167	-0.08377	0.1003	0.1539	0.3167	-0.0819						
pzj5yjrc	scarlet-sweep-1114	finished	ElasticNet	ha252ijh	ElasticNet	0.002424462017082328	RBPSEDataset	700	100	0.75	HepG2	rbpse	mean_squared_error	1024	True	['target_psi']	platiglab	40	['fancy_scatter', 'cumul_resid_dist', ['wandb_faux_pr_curve', {'thresh': 0.5}], ['wandb_faux_roc_curve', {'thresh': 0.5}]]	yogi-RBP-ML-linear-models-april-2025	17.0	train	['r2_score', 'rmse', 'sigmoid_r2']	False	all	False	False	cross_validation	5.0	5	False	1.0	ensembl_gene_id	ensembl_gene_id		True	binary	0.1542	0.3167	-0.08211	0.1002	0.1544	0.3166	-0.08171						
0kfzxq4e	deep-sweep-1115	finished	ElasticNet	ha252ijh	ElasticNet	0.002424462017082328	RBPSEDataset	800	100	0.75	HepG2	rbpse	mean_squared_error	1024	True	['target_psi']	platiglab	40	['fancy_scatter', 'cumul_resid_dist', ['wandb_faux_pr_curve', {'thresh': 0.5}], ['wandb_faux_roc_curve', {'thresh': 0.5}]]	yogi-RBP-ML-linear-models-april-2025	17.0	train	['r2_score', 'rmse', 'sigmoid_r2']	False	all	False	False	cross_validation	5.0	5	False	1.0	ensembl_gene_id	ensembl_gene_id		True	binary	0.1536	0.3167	-0.08295	0.1002	0.1543	0.3166	-0.08184						
950wsrlz	revived-sweep-1116	finished	ElasticNet	ha252ijh	ElasticNet	0.002424462017082328	RBPSEDataset	900	100	0.75	HepG2	rbpse	mean_squared_error	1024	True	['target_psi']	platiglab	40	['fancy_scatter', 'cumul_resid_dist', ['wandb_faux_pr_curve', {'thresh': 0.5}], ['wandb_faux_roc_curve', {'thresh': 0.5}]]	yogi-RBP-ML-linear-models-april-2025	17.0	train	['r2_score', 'rmse', 'sigmoid_r2']	False	all	False	False	cross_validation	5.0	5	False	1.0	ensembl_gene_id	ensembl_gene_id		True	binary	0.1536	0.3166	-0.0825	0.1003	0.154	0.3167	-0.08182						
klq9l9bj	scarlet-sweep-1117	finished	ElasticNet	ha252ijh	ElasticNet	0.002424462017082328	RBPSEDataset	100	100	0.9	HepG2	rbpse	mean_squared_error	1024	True	['target_psi']	platiglab	40	['fancy_scatter', 'cumul_resid_dist', ['wandb_faux_pr_curve', {'thresh': 0.5}], ['wandb_faux_roc_curve', {'thresh': 0.5}]]	yogi-RBP-ML-linear-models-april-2025	17.0	train	['r2_score', 'rmse', 'sigmoid_r2']	False	all	False	False	cross_validation	5.0	5	False	1.0	ensembl_gene_id	ensembl_gene_id		True	binary	0.1476	0.3178	-0.08584	0.101	0.1483	0.3177	-0.08459						
aybbkhkc	skilled-sweep-1118	finished	ElasticNet	ha252ijh	ElasticNet	0.002424462017082328	RBPSEDataset	200	100	0.9	HepG2	rbpse	mean_squared_error	1024	True	['target_psi']	platiglab	40	['fancy_scatter', 'cumul_resid_dist', ['wandb_faux_pr_curve', {'thresh': 0.5}], ['wandb_faux_roc_curve', {'thresh': 0.5}]]	yogi-RBP-ML-linear-models-april-2025	17.0	train	['r2_score', 'rmse', 'sigmoid_r2']	False	all	False	False	cross_validation	5.0	5	False	1.0	ensembl_gene_id	ensembl_gene_id		True	binary	0.1473	0.3176	-0.08617	0.101	0.1482	0.3177	-0.08457						
r0f7hady	breezy-sweep-1119	finished	ElasticNet	ha252ijh	ElasticNet	0.002424462017082328	RBPSEDataset	300	100	0.9	HepG2	rbpse	mean_squared_error	1024	True	['target_psi']	platiglab	40	['fancy_scatter', 'cumul_resid_dist', ['wandb_faux_pr_curve', {'thresh': 0.5}], ['wandb_faux_roc_curve', {'thresh': 0.5}]]	yogi-RBP-ML-linear-models-april-2025	17.0	train	['r2_score', 'rmse', 'sigmoid_r2']	False	all	False	False	cross_validation	5.0	5	False	1.0	ensembl_gene_id	ensembl_gene_id		True	binary	0.1475	0.3178	-0.08572	0.101	0.1478	0.3178	-0.08459						
uwn8sm6t	bright-sweep-1120	finished	ElasticNet	ha252ijh	ElasticNet	0.002424462017082328	RBPSEDataset	400	100	0.9	HepG2	rbpse	mean_squared_error	1024	True	['target_psi']	platiglab	40	['fancy_scatter', 'cumul_resid_dist', ['wandb_faux_pr_curve', {'thresh': 0.5}], ['wandb_faux_roc_curve', {'thresh': 0.5}]]	yogi-RBP-ML-linear-models-april-2025	17.0	train	['r2_score', 'rmse', 'sigmoid_r2']	False	all	False	False	cross_validation	5.0	5	False	1.0	ensembl_gene_id	ensembl_gene_id		True	binary	0.147	0.3178	-0.08613	0.101	0.1476	0.3179	-0.08466						
av0h9h7m	worthy-sweep-1121	finished	ElasticNet	ha252ijh	ElasticNet	0.002424462017082328	RBPSEDataset	500	100	0.9	HepG2	rbpse	mean_squared_error	1024	True	['target_psi']	platiglab	40	['fancy_scatter', 'cumul_resid_dist', ['wandb_faux_pr_curve', {'thresh': 0.5}], ['wandb_faux_roc_curve', {'thresh': 0.5}]]	yogi-RBP-ML-linear-models-april-2025	17.0	train	['r2_score', 'rmse', 'sigmoid_r2']	False	all	False	False	cross_validation	5.0	5	False	1.0	ensembl_gene_id	ensembl_gene_id		True	binary	0.1471	0.318	-0.08491	0.1011	0.1473	0.3179	-0.08473						
0nz77qt2	likely-sweep-1122	finished	ElasticNet	ha252ijh	ElasticNet	0.002424462017082328	RBPSEDataset	600	100	0.9	HepG2	rbpse	mean_squared_error	1024	True	['target_psi']	platiglab	40	['fancy_scatter', 'cumul_resid_dist', ['wandb_faux_pr_curve', {'thresh': 0.5}], ['wandb_faux_roc_curve', {'thresh': 0.5}]]	yogi-RBP-ML-linear-models-april-2025	17.0	train	['r2_score', 'rmse', 'sigmoid_r2']	False	all	False	False	cross_validation	5.0	5	False	1.0	ensembl_gene_id	ensembl_gene_id		True	binary	0.1468	0.3179	-0.08659	0.101	0.1476	0.3179	-0.08473						
w70toy27	lyric-sweep-1123	finished	ElasticNet	ha252ijh	ElasticNet	0.002424462017082328	RBPSEDataset	700	100	0.9	HepG2	rbpse	mean_squared_error	1024	True	['target_psi']	platiglab	40	['fancy_scatter', 'cumul_resid_dist', ['wandb_faux_pr_curve', {'thresh': 0.5}], ['wandb_faux_roc_curve', {'thresh': 0.5}]]	yogi-RBP-ML-linear-models-april-2025	17.0	train	['r2_score', 'rmse', 'sigmoid_r2']	False	all	False	False	cross_validation	5.0	5	False	1.0	ensembl_gene_id	ensembl_gene_id		True	binary	0.1476	0.3179	-0.085	0.101	0.1479	0.3178	-0.0846						
fx5l30au	hopeful-sweep-1124	finished	ElasticNet	ha252ijh	ElasticNet	0.002424462017082328	RBPSEDataset	800	100	0.9	HepG2	rbpse	mean_squared_error	1024	True	['target_psi']	platiglab	40	['fancy_scatter', 'cumul_resid_dist', ['wandb_faux_pr_curve', {'thresh': 0.5}], ['wandb_faux_roc_curve', {'thresh': 0.5}]]	yogi-RBP-ML-linear-models-april-2025	17.0	train	['r2_score', 'rmse', 'sigmoid_r2']	False	all	False	False	cross_validation	5.0	5	False	1.0	ensembl_gene_id	ensembl_gene_id		True	binary	0.1472	0.3178	-0.08582	0.101	0.1479	0.3178	-0.0847						
kpnlexp9	worldly-sweep-1125	finished	ElasticNet	ha252ijh	ElasticNet	0.002424462017082328	RBPSEDataset	900	100	0.9	HepG2	rbpse	mean_squared_error	1024	True	['target_psi']	platiglab	40	['fancy_scatter', 'cumul_resid_dist', ['wandb_faux_pr_curve', {'thresh': 0.5}], ['wandb_faux_roc_curve', {'thresh': 0.5}]]	yogi-RBP-ML-linear-models-april-2025	17.0	train	['r2_score', 'rmse', 'sigmoid_r2']	False	all	False	False	cross_validation	5.0	5	False	1.0	ensembl_gene_id	ensembl_gene_id		True	binary	0.147	0.3179	-0.08539	0.1011	0.1474	0.3179	-0.08472						
hqb3cc8u	visionary-sweep-1126	finished	ElasticNet	ha252ijh	ElasticNet	0.002424462017082328	RBPSEDataset	100	100	1.0	HepG2	rbpse	mean_squared_error	1024	True	['target_psi']	platiglab	40	['fancy_scatter', 'cumul_resid_dist', ['wandb_faux_pr_curve', {'thresh': 0.5}], ['wandb_faux_roc_curve', {'thresh': 0.5}]]	yogi-RBP-ML-linear-models-april-2025	17.0	train	['r2_score', 'rmse', 'sigmoid_r2']	False	all	False	False	cross_validation	5.0	5	False	1.0	ensembl_gene_id	ensembl_gene_id		True	binary	0.1428	0.3187	-0.08778	0.1015	0.1434	0.3186	-0.08653						
oi7f33q6	glad-sweep-1127	finished	ElasticNet	ha252ijh	ElasticNet	0.002424462017082328	RBPSEDataset	200	100	1.0	HepG2	rbpse	mean_squared_error	1024	True	['target_psi']	platiglab	40	['fancy_scatter', 'cumul_resid_dist', ['wandb_faux_pr_curve', {'thresh': 0.5}], ['wandb_faux_roc_curve', {'thresh': 0.5}]]	yogi-RBP-ML-linear-models-april-2025	17.0	train	['r2_score', 'rmse', 'sigmoid_r2']	False	all	False	False	cross_validation	5.0	5	False	1.0	ensembl_gene_id	ensembl_gene_id		True	binary	0.1425	0.3185	-0.08808	0.1015	0.1434	0.3186	-0.08649						
87xlh4hx	dulcet-sweep-1128	finished	ElasticNet	ha252ijh	ElasticNet	0.002424462017082328	RBPSEDataset	300	100	1.0	HepG2	rbpse	mean_squared_error	1024	True	['target_psi']	platiglab	40	['fancy_scatter', 'cumul_resid_dist', ['wandb_faux_pr_curve', {'thresh': 0.5}], ['wandb_faux_roc_curve', {'thresh': 0.5}]]	yogi-RBP-ML-linear-models-april-2025	17.0	train	['r2_score', 'rmse', 'sigmoid_r2']	False	all	False	False	cross_validation	5.0	5	False	1.0	ensembl_gene_id	ensembl_gene_id		True	binary	0.1428	0.3186	-0.08763	0.1016	0.143	0.3187	-0.0865						
ii73q0vw	feasible-sweep-1130	finished	ElasticNet	ha252ijh	ElasticNet	0.002424462017082328	RBPSEDataset	500	100	1.0	HepG2	rbpse	mean_squared_error	1024	True	['target_psi']	platiglab	40	['fancy_scatter', 'cumul_resid_dist', ['wandb_faux_pr_curve', {'thresh': 0.5}], ['wandb_faux_roc_curve', {'thresh': 0.5}]]	yogi-RBP-ML-linear-models-april-2025	17.0	train	['r2_score', 'rmse', 'sigmoid_r2']	False	all	False	False	cross_validation	5.0	5	False	1.0	ensembl_gene_id	ensembl_gene_id		True	binary	0.1422	0.3189	-0.08685	0.1016	0.1424	0.3188	-0.08667						
zbu397ch	sweet-sweep-1131	finished	ElasticNet	ha252ijh	ElasticNet	0.002424462017082328	RBPSEDataset	600	100	1.0	HepG2	rbpse	mean_squared_error	1024	True	['target_psi']	platiglab	40	['fancy_scatter', 'cumul_resid_dist', ['wandb_faux_pr_curve', {'thresh': 0.5}], ['wandb_faux_roc_curve', {'thresh': 0.5}]]	yogi-RBP-ML-linear-models-april-2025	17.0	train	['r2_score', 'rmse', 'sigmoid_r2']	False	all	False	False	cross_validation	5.0	5	False	1.0	ensembl_gene_id	ensembl_gene_id		True	binary	0.1422	0.3187	-0.08849	0.1016	0.143	0.3187	-0.0866						
f1vwhde6	giddy-sweep-1132	finished	ElasticNet	ha252ijh	ElasticNet	0.002424462017082328	RBPSEDataset	700	100	1.0	HepG2	rbpse	mean_squared_error	1024	True	['target_psi']	platiglab	40	['fancy_scatter', 'cumul_resid_dist', ['wandb_faux_pr_curve', {'thresh': 0.5}], ['wandb_faux_roc_curve', {'thresh': 0.5}]]	yogi-RBP-ML-linear-models-april-2025	17.0	train	['r2_score', 'rmse', 'sigmoid_r2']	False	all	False	False	cross_validation	5.0	5	False	1.0	ensembl_gene_id	ensembl_gene_id		True	binary	0.1428	0.3188	-0.08693	0.1016	0.1431	0.3187	-0.08653						
c620lblp	trim-sweep-1133	finished	ElasticNet	ha252ijh	ElasticNet	0.002424462017082328	RBPSEDataset	800	100	1.0	HepG2	rbpse	mean_squared_error	1024	True	['target_psi']	platiglab	40	['fancy_scatter', 'cumul_resid_dist', ['wandb_faux_pr_curve', {'thresh': 0.5}], ['wandb_faux_roc_curve', {'thresh': 0.5}]]	yogi-RBP-ML-linear-models-april-2025	17.0	train	['r2_score', 'rmse', 'sigmoid_r2']	False	all	False	False	cross_validation	5.0	5	False	1.0	ensembl_gene_id	ensembl_gene_id		True	binary	0.1424	0.3187	-0.08773	0.1016	0.1431	0.3187	-0.08661						
jg6pxx5a	wobbly-sweep-1134	finished	ElasticNet	ha252ijh	ElasticNet	0.002424462017082328	RBPSEDataset	900	100	1.0	HepG2	rbpse	mean_squared_error	1024	True	['target_psi']	platiglab	40	['fancy_scatter', 'cumul_resid_dist', ['wandb_faux_pr_curve', {'thresh': 0.5}], ['wandb_faux_roc_curve', {'thresh': 0.5}]]	yogi-RBP-ML-linear-models-april-2025	17.0	train	['r2_score', 'rmse', 'sigmoid_r2']	False	all	False	False	cross_validation	5.0	5	False	1.0	ensembl_gene_id	ensembl_gene_id		True	binary	0.1421	0.3188	-0.08732	0.1016	0.1425	0.3188	-0.08665						
cd9fxr9a	jolly-sweep-1144	finished	ElasticNet	ha252ijh	ElasticNet	0.00701703828670383	RBPSEDataset	100	100	0.1	HepG2	rbpse	mean_squared_error	1024	True	['target_psi']	platiglab	40	['fancy_scatter', 'cumul_resid_dist', ['wandb_faux_pr_curve', {'thresh': 0.5}], ['wandb_faux_roc_curve', {'thresh': 0.5}]]	yogi-RBP-ML-linear-models-april-2025	17.0	train	['r2_score', 'rmse', 'sigmoid_r2']	False	all	False	False	cross_validation	5.0	5	False	1.0	ensembl_gene_id	ensembl_gene_id		True	binary	0.1684	0.3139	-0.0763	0.09849	0.1691	0.3138	-0.07506						
gnks296z	radiant-sweep-1145	finished	ElasticNet	ha252ijh	ElasticNet	0.00701703828670383	RBPSEDataset	200	100	0.1	HepG2	rbpse	mean_squared_error	1024	True	['target_psi']	platiglab	40	['fancy_scatter', 'cumul_resid_dist', ['wandb_faux_pr_curve', {'thresh': 0.5}], ['wandb_faux_roc_curve', {'thresh': 0.5}]]	yogi-RBP-ML-linear-models-april-2025	17.0	train	['r2_score', 'rmse', 'sigmoid_r2']	False	all	False	False	cross_validation	5.0	5	False	1.0	ensembl_gene_id	ensembl_gene_id		True	binary	0.1683	0.3137	-0.07666	0.09848	0.1691	0.3138	-0.07506						
os1yjv55	super-sweep-1146	finished	ElasticNet	ha252ijh	ElasticNet	0.00701703828670383	RBPSEDataset	300	100	0.1	HepG2	rbpse	mean_squared_error	1024	True	['target_psi']	platiglab	40	['fancy_scatter', 'cumul_resid_dist', ['wandb_faux_pr_curve', {'thresh': 0.5}], ['wandb_faux_roc_curve', {'thresh': 0.5}]]	yogi-RBP-ML-linear-models-april-2025	17.0	train	['r2_score', 'rmse', 'sigmoid_r2']	False	all	False	False	cross_validation	5.0	5	False	1.0	ensembl_gene_id	ensembl_gene_id		True	binary	0.1689	0.3138	-0.07614	0.09848	0.1691	0.3138	-0.07503						
ogllyi42	smart-sweep-1147	finished	ElasticNet	ha252ijh	ElasticNet	0.00701703828670383	RBPSEDataset	400	100	0.1	HepG2	rbpse	mean_squared_error	1024	True	['target_psi']	platiglab	40	['fancy_scatter', 'cumul_resid_dist', ['wandb_faux_pr_curve', {'thresh': 0.5}], ['wandb_faux_roc_curve', {'thresh': 0.5}]]	yogi-RBP-ML-linear-models-april-2025	17.0	train	['r2_score', 'rmse', 'sigmoid_r2']	False	all	False	False	cross_validation	5.0	5	False	1.0	ensembl_gene_id	ensembl_gene_id		True	binary	0.1687	0.3137	-0.07643	0.09845	0.1694	0.3138	-0.07497						
0hoykjoo	misty-sweep-1148	finished	ElasticNet	ha252ijh	ElasticNet	0.00701703828670383	RBPSEDataset	500	100	0.1	HepG2	rbpse	mean_squared_error	1024	True	['target_psi']	platiglab	40	['fancy_scatter', 'cumul_resid_dist', ['wandb_faux_pr_curve', {'thresh': 0.5}], ['wandb_faux_roc_curve', {'thresh': 0.5}]]	yogi-RBP-ML-linear-models-april-2025	17.0	train	['r2_score', 'rmse', 'sigmoid_r2']	False	all	False	False	cross_validation	5.0	5	False	1.0	ensembl_gene_id	ensembl_gene_id		True	binary	0.1693	0.3138	-0.07516	0.09843	0.1695	0.3137	-0.07498						
drzzhptg	neat-sweep-1149	finished	ElasticNet	ha252ijh	ElasticNet	0.00701703828670383	RBPSEDataset	600	100	0.1	HepG2	rbpse	mean_squared_error	1024	True	['target_psi']	platiglab	40	['fancy_scatter', 'cumul_resid_dist', ['wandb_faux_pr_curve', {'thresh': 0.5}], ['wandb_faux_roc_curve', {'thresh': 0.5}]]	yogi-RBP-ML-linear-models-april-2025	17.0	train	['r2_score', 'rmse', 'sigmoid_r2']	False	all	False	False	cross_validation	5.0	5	False	1.0	ensembl_gene_id	ensembl_gene_id		True	binary	0.168	0.3139	-0.077	0.09852	0.1688	0.3139	-0.07514						
jkytzibf	visionary-sweep-1150	finished	ElasticNet	ha252ijh	ElasticNet	0.00701703828670383	RBPSEDataset	700	100	0.1	HepG2	rbpse	mean_squared_error	1024	True	['target_psi']	platiglab	40	['fancy_scatter', 'cumul_resid_dist', ['wandb_faux_pr_curve', {'thresh': 0.5}], ['wandb_faux_roc_curve', {'thresh': 0.5}]]	yogi-RBP-ML-linear-models-april-2025	17.0	train	['r2_score', 'rmse', 'sigmoid_r2']	False	all	False	False	cross_validation	5.0	5	False	1.0	ensembl_gene_id	ensembl_gene_id		True	binary	0.1691	0.3138	-0.07538	0.09845	0.1694	0.3138	-0.07497						
wnaqtlci	swift-sweep-1151	finished	ElasticNet	ha252ijh	ElasticNet	0.00701703828670383	RBPSEDataset	800	100	0.1	HepG2	rbpse	mean_squared_error	1024	True	['target_psi']	platiglab	40	['fancy_scatter', 'cumul_resid_dist', ['wandb_faux_pr_curve', {'thresh': 0.5}], ['wandb_faux_roc_curve', {'thresh': 0.5}]]	yogi-RBP-ML-linear-models-april-2025	17.0	train	['r2_score', 'rmse', 'sigmoid_r2']	False	all	False	False	cross_validation	5.0	5	False	1.0	ensembl_gene_id	ensembl_gene_id		True	binary	0.1688	0.3138	-0.07614	0.09844	0.1695	0.3138	-0.07504						
r11ozg0e	golden-sweep-1152	finished	ElasticNet	ha252ijh	ElasticNet	0.00701703828670383	RBPSEDataset	900	100	0.1	HepG2	rbpse	mean_squared_error	1024	True	['target_psi']	platiglab	40	['fancy_scatter', 'cumul_resid_dist', ['wandb_faux_pr_curve', {'thresh': 0.5}], ['wandb_faux_roc_curve', {'thresh': 0.5}]]	yogi-RBP-ML-linear-models-april-2025	17.0	train	['r2_score', 'rmse', 'sigmoid_r2']	False	all	False	False	cross_validation	5.0	5	False	1.0	ensembl_gene_id	ensembl_gene_id		True	binary	0.1684	0.3139	-0.07582	0.0985	0.1689	0.3139	-0.07511						
3e309jbp	cerulean-sweep-1153	finished	ElasticNet	ha252ijh	ElasticNet	0.00701703828670383	RBPSEDataset	100	100	0.25	HepG2	rbpse	mean_squared_error	1024	True	['target_psi']	platiglab	40	['fancy_scatter', 'cumul_resid_dist', ['wandb_faux_pr_curve', {'thresh': 0.5}], ['wandb_faux_roc_curve', {'thresh': 0.5}]]	yogi-RBP-ML-linear-models-april-2025	17.0	train	['r2_score', 'rmse', 'sigmoid_r2']	False	all	False	False	cross_validation	5.0	5	False	1.0	ensembl_gene_id	ensembl_gene_id		True	binary	0.1507	0.3172	-0.08495	0.1006	0.1514	0.3171	-0.08371						
putvnvjv	noble-sweep-1154	finished	ElasticNet	ha252ijh	ElasticNet	0.00701703828670383	RBPSEDataset	200	100	0.25	HepG2	rbpse	mean_squared_error	1024	True	['target_psi']	platiglab	40	['fancy_scatter', 'cumul_resid_dist', ['wandb_faux_pr_curve', {'thresh': 0.5}], ['wandb_faux_roc_curve', {'thresh': 0.5}]]	yogi-RBP-ML-linear-models-april-2025	17.0	train	['r2_score', 'rmse', 'sigmoid_r2']	False	all	False	False	cross_validation	5.0	5	False	1.0	ensembl_gene_id	ensembl_gene_id		True	binary	0.1506	0.317	-0.08526	0.1006	0.1514	0.3172	-0.08367						
dewgi78u	soft-sweep-1156	finished	ElasticNet	ha252ijh	ElasticNet	0.00701703828670383	RBPSEDataset	400	100	0.25	HepG2	rbpse	mean_squared_error	1024	True	['target_psi']	platiglab	40	['fancy_scatter', 'cumul_resid_dist', ['wandb_faux_pr_curve', {'thresh': 0.5}], ['wandb_faux_roc_curve', {'thresh': 0.5}]]	yogi-RBP-ML-linear-models-april-2025	17.0	train	['r2_score', 'rmse', 'sigmoid_r2']	False	all	False	False	cross_validation	5.0	5	False	1.0	ensembl_gene_id	ensembl_gene_id		True	binary	0.1502	0.3172	-0.08522	0.1006	0.1508	0.3173	-0.08376						
uxcwtx3q	valiant-sweep-1155	finished	ElasticNet	ha252ijh	ElasticNet	0.00701703828670383	RBPSEDataset	300	100	0.25	HepG2	rbpse	mean_squared_error	1024	True	['target_psi']	platiglab	40	['fancy_scatter', 'cumul_resid_dist', ['wandb_faux_pr_curve', {'thresh': 0.5}], ['wandb_faux_roc_curve', {'thresh': 0.5}]]	yogi-RBP-ML-linear-models-april-2025	17.0	train	['r2_score', 'rmse', 'sigmoid_r2']	False	all	False	False	cross_validation	5.0	5	False	1.0	ensembl_gene_id	ensembl_gene_id		True	binary	0.1506	0.3172	-0.08487	0.1006	0.1509	0.3172	-0.08374						
yd7rftpw	silvery-sweep-1157	finished	ElasticNet	ha252ijh	ElasticNet	0.00701703828670383	RBPSEDataset	500	100	0.25	HepG2	rbpse	mean_squared_error	1024	True	['target_psi']	platiglab	40	['fancy_scatter', 'cumul_resid_dist', ['wandb_faux_pr_curve', {'thresh': 0.5}], ['wandb_faux_roc_curve', {'thresh': 0.5}]]	yogi-RBP-ML-linear-models-april-2025	17.0	train	['r2_score', 'rmse', 'sigmoid_r2']	False	all	False	False	cross_validation	5.0	5	False	1.0	ensembl_gene_id	ensembl_gene_id		True	binary	0.1505	0.3173	-0.08397	0.1007	0.1507	0.3173	-0.08379						
ytrk1reh	young-sweep-1158	finished	ElasticNet	ha252ijh	ElasticNet	0.00701703828670383	RBPSEDataset	600	100	0.25	HepG2	rbpse	mean_squared_error	1024	True	['target_psi']	platiglab	40	['fancy_scatter', 'cumul_resid_dist', ['wandb_faux_pr_curve', {'thresh': 0.5}], ['wandb_faux_roc_curve', {'thresh': 0.5}]]	yogi-RBP-ML-linear-models-april-2025	17.0	train	['r2_score', 'rmse', 'sigmoid_r2']	False	all	False	False	cross_validation	5.0	5	False	1.0	ensembl_gene_id	ensembl_gene_id		True	binary	0.1497	0.3173	-0.08578	0.1007	0.1506	0.3173	-0.08388						
7yxuioao	classic-sweep-1159	finished	ElasticNet	ha252ijh	ElasticNet	0.00701703828670383	RBPSEDataset	700	100	0.25	HepG2	rbpse	mean_squared_error	1024	True	['target_psi']	platiglab	40	['fancy_scatter', 'cumul_resid_dist', ['wandb_faux_pr_curve', {'thresh': 0.5}], ['wandb_faux_roc_curve', {'thresh': 0.5}]]	yogi-RBP-ML-linear-models-april-2025	17.0	train	['r2_score', 'rmse', 'sigmoid_r2']	False	all	False	False	cross_validation	5.0	5	False	1.0	ensembl_gene_id	ensembl_gene_id		True	binary	0.1508	0.3173	-0.0841	0.1006	0.1511	0.3172	-0.08369						
4zxwskl3	legendary-sweep-1160	finished	ElasticNet	ha252ijh	ElasticNet	0.00701703828670383	RBPSEDataset	800	100	0.25	HepG2	rbpse	mean_squared_error	1024	True	['target_psi']	platiglab	40	['fancy_scatter', 'cumul_resid_dist', ['wandb_faux_pr_curve', {'thresh': 0.5}], ['wandb_faux_roc_curve', {'thresh': 0.5}]]	yogi-RBP-ML-linear-models-april-2025	17.0	train	['r2_score', 'rmse', 'sigmoid_r2']	False	all	False	False	cross_validation	5.0	5	False	1.0	ensembl_gene_id	ensembl_gene_id		True	binary	0.1503	0.3173	-0.08495	0.1006	0.151	0.3172	-0.08382						
jpbnviww	polished-sweep-1161	finished	ElasticNet	ha252ijh	ElasticNet	0.00701703828670383	RBPSEDataset	900	100	0.25	HepG2	rbpse	mean_squared_error	1024	True	['target_psi']	platiglab	40	['fancy_scatter', 'cumul_resid_dist', ['wandb_faux_pr_curve', {'thresh': 0.5}], ['wandb_faux_roc_curve', {'thresh': 0.5}]]	yogi-RBP-ML-linear-models-april-2025	17.0	train	['r2_score', 'rmse', 'sigmoid_r2']	False	all	False	False	cross_validation	5.0	5	False	1.0	ensembl_gene_id	ensembl_gene_id		True	binary	0.1502	0.3173	-0.08448	0.1007	0.1506	0.3173	-0.0838						
oa76cx99	smart-sweep-1162	finished	ElasticNet	ha252ijh	ElasticNet	0.00701703828670383	RBPSEDataset	100	100	0.5	HepG2	rbpse	mean_squared_error	1024	True	['target_psi']	platiglab	40	['fancy_scatter', 'cumul_resid_dist', ['wandb_faux_pr_curve', {'thresh': 0.5}], ['wandb_faux_roc_curve', {'thresh': 0.5}]]	yogi-RBP-ML-linear-models-april-2025	17.0	train	['r2_score', 'rmse', 'sigmoid_r2']	False	all	False	False	cross_validation	5.0	5	False	1.0	ensembl_gene_id	ensembl_gene_id		True	binary	0.1192	0.323	-0.09678	0.1043	0.1199	0.323	-0.0955						
vgm6whja	daily-sweep-1163	finished	ElasticNet	ha252ijh	ElasticNet	0.00701703828670383	RBPSEDataset	200	100	0.5	HepG2	rbpse	mean_squared_error	1024	True	['target_psi']	platiglab	40	['fancy_scatter', 'cumul_resid_dist', ['wandb_faux_pr_curve', {'thresh': 0.5}], ['wandb_faux_roc_curve', {'thresh': 0.5}]]	yogi-RBP-ML-linear-models-april-2025	17.0	train	['r2_score', 'rmse', 'sigmoid_r2']	False	all	False	False	cross_validation	5.0	5	False	1.0	ensembl_gene_id	ensembl_gene_id		True	binary	0.1185	0.3229	-0.09714	0.1044	0.1193	0.3231	-0.09557						
s72z1zzb	desert-sweep-1164	finished	ElasticNet	ha252ijh	ElasticNet	0.00701703828670383	RBPSEDataset	300	100	0.5	HepG2	rbpse	mean_squared_error	1024	True	['target_psi']	platiglab	40	['fancy_scatter', 'cumul_resid_dist', ['wandb_faux_pr_curve', {'thresh': 0.5}], ['wandb_faux_roc_curve', {'thresh': 0.5}]]	yogi-RBP-ML-linear-models-april-2025	17.0	train	['r2_score', 'rmse', 'sigmoid_r2']	False	all	False	False	cross_validation	5.0	5	False	1.0	ensembl_gene_id	ensembl_gene_id		True	binary	0.1193	0.3229	-0.09659	0.1043	0.1196	0.323	-0.09548						
ryreetrp	curious-sweep-1165	finished	ElasticNet	ha252ijh	ElasticNet	0.00701703828670383	RBPSEDataset	400	100	0.5	HepG2	rbpse	mean_squared_error	1024	True	['target_psi']	platiglab	40	['fancy_scatter', 'cumul_resid_dist', ['wandb_faux_pr_curve', {'thresh': 0.5}], ['wandb_faux_roc_curve', {'thresh': 0.5}]]	yogi-RBP-ML-linear-models-april-2025	17.0	train	['r2_score', 'rmse', 'sigmoid_r2']	False	all	False	False	cross_validation	5.0	5	False	1.0	ensembl_gene_id	ensembl_gene_id		True	binary	0.119	0.323	-0.097	0.1044	0.1196	0.323	-0.09551						
fchj8xxc	sandy-sweep-1167	finished	ElasticNet	ha252ijh	ElasticNet	0.00701703828670383	RBPSEDataset	600	100	0.5	HepG2	rbpse	mean_squared_error	1024	True	['target_psi']	platiglab	40	['fancy_scatter', 'cumul_resid_dist', ['wandb_faux_pr_curve', {'thresh': 0.5}], ['wandb_faux_roc_curve', {'thresh': 0.5}]]	yogi-RBP-ML-linear-models-april-2025	17.0	train	['r2_score', 'rmse', 'sigmoid_r2']	False	all	False	False	cross_validation	5.0	5	False	1.0	ensembl_gene_id	ensembl_gene_id		True	binary	0.1189	0.323	-0.0974	0.1043	0.1196	0.323	-0.09553						
86b7rgbp	unique-sweep-1169	finished	ElasticNet	ha252ijh	ElasticNet	0.00701703828670383	RBPSEDataset	800	100	0.5	HepG2	rbpse	mean_squared_error	1024	True	['target_psi']	platiglab	40	['fancy_scatter', 'cumul_resid_dist', ['wandb_faux_pr_curve', {'thresh': 0.5}], ['wandb_faux_roc_curve', {'thresh': 0.5}]]	yogi-RBP-ML-linear-models-april-2025	17.0	train	['r2_score', 'rmse', 'sigmoid_r2']	False	all	False	False	cross_validation	5.0	5	False	1.0	ensembl_gene_id	ensembl_gene_id		True	binary	0.1192	0.323	-0.09663	0.1043	0.1197	0.323	-0.09552						
odmepqlq	absurd-sweep-1168	finished	ElasticNet	ha252ijh	ElasticNet	0.00701703828670383	RBPSEDataset	700	100	0.5	HepG2	rbpse	mean_squared_error	1024	True	['target_psi']	platiglab	40	['fancy_scatter', 'cumul_resid_dist', ['wandb_faux_pr_curve', {'thresh': 0.5}], ['wandb_faux_roc_curve', {'thresh': 0.5}]]	yogi-RBP-ML-linear-models-april-2025	17.0	train	['r2_score', 'rmse', 'sigmoid_r2']	False	all	False	False	cross_validation	5.0	5	False	1.0	ensembl_gene_id	ensembl_gene_id		True	binary	0.1199	0.323	-0.09578	0.1043	0.1202	0.3229	-0.09538						
3ur2kc72	lucky-sweep-1170	finished	ElasticNet	ha252ijh	ElasticNet	0.00701703828670383	RBPSEDataset	900	100	0.5	HepG2	rbpse	mean_squared_error	1024	True	['target_psi']	platiglab	40	['fancy_scatter', 'cumul_resid_dist', ['wandb_faux_pr_curve', {'thresh': 0.5}], ['wandb_faux_roc_curve', {'thresh': 0.5}]]	yogi-RBP-ML-linear-models-april-2025	17.0	train	['r2_score', 'rmse', 'sigmoid_r2']	False	all	False	False	cross_validation	5.0	5	False	1.0	ensembl_gene_id	ensembl_gene_id		True	binary	0.1189	0.3231	-0.09625	0.1044	0.119	0.3231	-0.09558						
cldkfqdk	drawn-sweep-1171	finished	ElasticNet	ha252ijh	ElasticNet	0.00701703828670383	RBPSEDataset	100	100	0.75	HepG2	rbpse	mean_squared_error	1024	True	['target_psi']	platiglab	40	['fancy_scatter', 'cumul_resid_dist', ['wandb_faux_pr_curve', {'thresh': 0.5}], ['wandb_faux_roc_curve', {'thresh': 0.5}]]	yogi-RBP-ML-linear-models-april-2025	17.0	train	['r2_score', 'rmse', 'sigmoid_r2']	False	all	False	False	cross_validation	5.0	5	False	1.0	ensembl_gene_id	ensembl_gene_id		True	binary	0.09469	0.3275	-0.1049	0.1072	0.09532	0.3275	-0.1037						
fsaj5s83	northern-sweep-1172	finished	ElasticNet	ha252ijh	ElasticNet	0.00701703828670383	RBPSEDataset	200	100	0.75	HepG2	rbpse	mean_squared_error	1024	True	['target_psi']	platiglab	40	['fancy_scatter', 'cumul_resid_dist', ['wandb_faux_pr_curve', {'thresh': 0.5}], ['wandb_faux_roc_curve', {'thresh': 0.5}]]	yogi-RBP-ML-linear-models-april-2025	17.0	train	['r2_score', 'rmse', 'sigmoid_r2']	False	all	False	False	cross_validation	5.0	5	False	1.0	ensembl_gene_id	ensembl_gene_id		True	binary	0.09462	0.3273	-0.1052	0.1072	0.09529	0.3275	-0.1036						
zpip5t9o	gallant-sweep-1173	finished	ElasticNet	ha252ijh	ElasticNet	0.00701703828670383	RBPSEDataset	300	100	0.75	HepG2	rbpse	mean_squared_error	1024	True	['target_psi']	platiglab	40	['fancy_scatter', 'cumul_resid_dist', ['wandb_faux_pr_curve', {'thresh': 0.5}], ['wandb_faux_roc_curve', {'thresh': 0.5}]]	yogi-RBP-ML-linear-models-april-2025	17.0	train	['r2_score', 'rmse', 'sigmoid_r2']	False	all	False	False	cross_validation	5.0	5	False	1.0	ensembl_gene_id	ensembl_gene_id		True	binary	0.09499	0.3274	-0.1047	0.1072	0.09528	0.3275	-0.1036						
t3zpdt2f	silvery-sweep-1174	finished	ElasticNet	ha252ijh	ElasticNet	0.00701703828670383	RBPSEDataset	400	100	0.75	HepG2	rbpse	mean_squared_error	1024	True	['target_psi']	platiglab	40	['fancy_scatter', 'cumul_resid_dist', ['wandb_faux_pr_curve', {'thresh': 0.5}], ['wandb_faux_roc_curve', {'thresh': 0.5}]]	yogi-RBP-ML-linear-models-april-2025	17.0	train	['r2_score', 'rmse', 'sigmoid_r2']	False	all	False	False	cross_validation	5.0	5	False	1.0	ensembl_gene_id	ensembl_gene_id		True	binary	0.09486	0.3274	-0.1051	0.1072	0.09539	0.3274	-0.1036						
c74xke7w	flowing-sweep-1175	finished	ElasticNet	ha252ijh	ElasticNet	0.00701703828670383	RBPSEDataset	500	100	0.75	HepG2	rbpse	mean_squared_error	1024	True	['target_psi']	platiglab	40	['fancy_scatter', 'cumul_resid_dist', ['wandb_faux_pr_curve', {'thresh': 0.5}], ['wandb_faux_roc_curve', {'thresh': 0.5}]]	yogi-RBP-ML-linear-models-april-2025	17.0	train	['r2_score', 'rmse', 'sigmoid_r2']	False	all	False	False	cross_validation	5.0	5	False	1.0	ensembl_gene_id	ensembl_gene_id		True	binary	0.0952	0.3275	-0.1038	0.1072	0.09533	0.3275	-0.1036						
laxpwry9	sparkling-sweep-1176	finished	ElasticNet	ha252ijh	ElasticNet	0.00701703828670383	RBPSEDataset	600	100	0.75	HepG2	rbpse	mean_squared_error	1024	True	['target_psi']	platiglab	40	['fancy_scatter', 'cumul_resid_dist', ['wandb_faux_pr_curve', {'thresh': 0.5}], ['wandb_faux_roc_curve', {'thresh': 0.5}]]	yogi-RBP-ML-linear-models-april-2025	17.0	train	['r2_score', 'rmse', 'sigmoid_r2']	False	all	False	False	cross_validation	5.0	5	False	1.0	ensembl_gene_id	ensembl_gene_id		True	binary	0.09429	0.3275	-0.1056	0.1073	0.09498	0.3275	-0.1037						
zr4hzxgv	ancient-sweep-1177	finished	ElasticNet	ha252ijh	ElasticNet	0.00701703828670383	RBPSEDataset	700	100	0.75	HepG2	rbpse	mean_squared_error	1024	True	['target_psi']	platiglab	40	['fancy_scatter', 'cumul_resid_dist', ['wandb_faux_pr_curve', {'thresh': 0.5}], ['wandb_faux_roc_curve', {'thresh': 0.5}]]	yogi-RBP-ML-linear-models-april-2025	17.0	train	['r2_score', 'rmse', 'sigmoid_r2']	False	all	False	False	cross_validation	5.0	5	False	1.0	ensembl_gene_id	ensembl_gene_id		True	binary	0.09527	0.3275	-0.104	0.1072	0.09549	0.3274	-0.1036						
safcu4wv	woven-sweep-1178	finished	ElasticNet	ha252ijh	ElasticNet	0.00701703828670383	RBPSEDataset	800	100	0.75	HepG2	rbpse	mean_squared_error	1024	True	['target_psi']	platiglab	40	['fancy_scatter', 'cumul_resid_dist', ['wandb_faux_pr_curve', {'thresh': 0.5}], ['wandb_faux_roc_curve', {'thresh': 0.5}]]	yogi-RBP-ML-linear-models-april-2025	17.0	train	['r2_score', 'rmse', 'sigmoid_r2']	False	all	False	False	cross_validation	5.0	5	False	1.0	ensembl_gene_id	ensembl_gene_id		True	binary	0.09476	0.3275	-0.1048	0.1072	0.09528	0.3275	-0.1037						
ci7rvj8j	summer-sweep-1179	finished	ElasticNet	ha252ijh	ElasticNet	0.00701703828670383	RBPSEDataset	900	100	0.75	HepG2	rbpse	mean_squared_error	1024	True	['target_psi']	platiglab	40	['fancy_scatter', 'cumul_resid_dist', ['wandb_faux_pr_curve', {'thresh': 0.5}], ['wandb_faux_roc_curve', {'thresh': 0.5}]]	yogi-RBP-ML-linear-models-april-2025	17.0	train	['r2_score', 'rmse', 'sigmoid_r2']	False	all	False	False	cross_validation	5.0	5	False	1.0	ensembl_gene_id	ensembl_gene_id		True	binary	0.09499	0.3274	-0.1044	0.1072	0.09515	0.3275	-0.1037						
6vvf7hda	rare-sweep-1180	finished	ElasticNet	ha252ijh	ElasticNet	0.00701703828670383	RBPSEDataset	100	100	0.9	HepG2	rbpse	mean_squared_error	1024	True	['target_psi']	platiglab	40	['fancy_scatter', 'cumul_resid_dist', ['wandb_faux_pr_curve', {'thresh': 0.5}], ['wandb_faux_roc_curve', {'thresh': 0.5}]]	yogi-RBP-ML-linear-models-april-2025	17.0	train	['r2_score', 'rmse', 'sigmoid_r2']	False	all	False	False	cross_validation	5.0	5	False	1.0	ensembl_gene_id	ensembl_gene_id		True	binary	0.08431	0.3294	-0.1084	0.1085	0.08495	0.3293	-0.1071						
sesql6wx	playful-sweep-1181	finished	ElasticNet	ha252ijh	ElasticNet	0.00701703828670383	RBPSEDataset	200	100	0.9	HepG2	rbpse	mean_squared_error	1024	True	['target_psi']	platiglab	40	['fancy_scatter', 'cumul_resid_dist', ['wandb_faux_pr_curve', {'thresh': 0.5}], ['wandb_faux_roc_curve', {'thresh': 0.5}]]	yogi-RBP-ML-linear-models-april-2025	17.0	train	['r2_score', 'rmse', 'sigmoid_r2']	False	all	False	False	cross_validation	5.0	5	False	1.0	ensembl_gene_id	ensembl_gene_id		True	binary	0.08443	0.3291	-0.1086	0.1084	0.08506	0.3293	-0.107						
xyih4hk9	copper-sweep-1182	finished	ElasticNet	ha252ijh	ElasticNet	0.00701703828670383	RBPSEDataset	300	100	0.9	HepG2	rbpse	mean_squared_error	1024	True	['target_psi']	platiglab	40	['fancy_scatter', 'cumul_resid_dist', ['wandb_faux_pr_curve', {'thresh': 0.5}], ['wandb_faux_roc_curve', {'thresh': 0.5}]]	yogi-RBP-ML-linear-models-april-2025	17.0	train	['r2_score', 'rmse', 'sigmoid_r2']	False	all	False	False	cross_validation	5.0	5	False	1.0	ensembl_gene_id	ensembl_gene_id		True	binary	0.08474	0.3292	-0.1081	0.1084	0.08506	0.3293	-0.107						
z5ord8f7	serene-sweep-1183	finished	ElasticNet	ha252ijh	ElasticNet	0.00701703828670383	RBPSEDataset	400	100	0.9	HepG2	rbpse	mean_squared_error	1024	True	['target_psi']	platiglab	40	['fancy_scatter', 'cumul_resid_dist', ['wandb_faux_pr_curve', {'thresh': 0.5}], ['wandb_faux_roc_curve', {'thresh': 0.5}]]	yogi-RBP-ML-linear-models-april-2025	17.0	train	['r2_score', 'rmse', 'sigmoid_r2']	False	all	False	False	cross_validation	5.0	5	False	1.0	ensembl_gene_id	ensembl_gene_id		True	binary	0.08459	0.3292	-0.1085	0.1084	0.08509	0.3293	-0.107						
2gclb4fs	zesty-sweep-1184	finished	ElasticNet	ha252ijh	ElasticNet	0.00701703828670383	RBPSEDataset	500	100	0.9	HepG2	rbpse	mean_squared_error	1024	True	['target_psi']	platiglab	40	['fancy_scatter', 'cumul_resid_dist', ['wandb_faux_pr_curve', {'thresh': 0.5}], ['wandb_faux_roc_curve', {'thresh': 0.5}]]	yogi-RBP-ML-linear-models-april-2025	17.0	train	['r2_score', 'rmse', 'sigmoid_r2']	False	all	False	False	cross_validation	5.0	5	False	1.0	ensembl_gene_id	ensembl_gene_id		True	binary	0.0852	0.3293	-0.1071	0.1084	0.08534	0.3293	-0.107						
p480nw64	faithful-sweep-1185	finished	ElasticNet	ha252ijh	ElasticNet	0.00701703828670383	RBPSEDataset	600	100	0.9	HepG2	rbpse	mean_squared_error	1024	True	['target_psi']	platiglab	40	['fancy_scatter', 'cumul_resid_dist', ['wandb_faux_pr_curve', {'thresh': 0.5}], ['wandb_faux_roc_curve', {'thresh': 0.5}]]	yogi-RBP-ML-linear-models-april-2025	17.0	train	['r2_score', 'rmse', 'sigmoid_r2']	False	all	False	False	cross_validation	5.0	5	False	1.0	ensembl_gene_id	ensembl_gene_id		True	binary	0.08427	0.3293	-0.1089	0.1085	0.08497	0.3293	-0.1071						
ixpzkgw3	distinctive-sweep-1186	finished	ElasticNet	ha252ijh	ElasticNet	0.00701703828670383	RBPSEDataset	700	100	0.9	HepG2	rbpse	mean_squared_error	1024	True	['target_psi']	platiglab	40	['fancy_scatter', 'cumul_resid_dist', ['wandb_faux_pr_curve', {'thresh': 0.5}], ['wandb_faux_roc_curve', {'thresh': 0.5}]]	yogi-RBP-ML-linear-models-april-2025	17.0	train	['r2_score', 'rmse', 'sigmoid_r2']	False	all	False	False	cross_validation	5.0	5	False	1.0	ensembl_gene_id	ensembl_gene_id		True	binary	0.08513	0.3293	-0.1074	0.1084	0.08535	0.3293	-0.107						
b4583ash	peach-sweep-1187	finished	ElasticNet	ha252ijh	ElasticNet	0.00701703828670383	RBPSEDataset	800	100	0.9	HepG2	rbpse	mean_squared_error	1024	True	['target_psi']	platiglab	40	['fancy_scatter', 'cumul_resid_dist', ['wandb_faux_pr_curve', {'thresh': 0.5}], ['wandb_faux_roc_curve', {'thresh': 0.5}]]	yogi-RBP-ML-linear-models-april-2025	17.0	train	['r2_score', 'rmse', 'sigmoid_r2']	False	all	False	False	cross_validation	5.0	5	False	1.0	ensembl_gene_id	ensembl_gene_id		True	binary	0.08451	0.3293	-0.1082	0.1084	0.08503	0.3293	-0.1071						
sh9ien1m	worthy-sweep-1188	finished	ElasticNet	ha252ijh	ElasticNet	0.00701703828670383	RBPSEDataset	900	100	0.9	HepG2	rbpse	mean_squared_error	1024	True	['target_psi']	platiglab	40	['fancy_scatter', 'cumul_resid_dist', ['wandb_faux_pr_curve', {'thresh': 0.5}], ['wandb_faux_roc_curve', {'thresh': 0.5}]]	yogi-RBP-ML-linear-models-april-2025	17.0	train	['r2_score', 'rmse', 'sigmoid_r2']	False	all	False	False	cross_validation	5.0	5	False	1.0	ensembl_gene_id	ensembl_gene_id		True	binary	0.08481	0.3292	-0.1078	0.1085	0.08498	0.3293	-0.107						
km1r9bgg	sunny-sweep-1189	finished	ElasticNet	ha252ijh	ElasticNet	0.00701703828670383	RBPSEDataset	100	100	1.0	HepG2	rbpse	mean_squared_error	1024	True	['target_psi']	platiglab	40	['fancy_scatter', 'cumul_resid_dist', ['wandb_faux_pr_curve', {'thresh': 0.5}], ['wandb_faux_roc_curve', {'thresh': 0.5}]]	yogi-RBP-ML-linear-models-april-2025	17.0	train	['r2_score', 'rmse', 'sigmoid_r2']	False	all	False	False	cross_validation	5.0	5	False	1.0	ensembl_gene_id	ensembl_gene_id		True	binary	0.07852	0.3304	-0.1103	0.1091	0.07915	0.3304	-0.109						
cds7rjrc	silvery-sweep-1190	finished	ElasticNet	ha252ijh	ElasticNet	0.00701703828670383	RBPSEDataset	200	100	1.0	HepG2	rbpse	mean_squared_error	1024	True	['target_psi']	platiglab	40	['fancy_scatter', 'cumul_resid_dist', ['wandb_faux_pr_curve', {'thresh': 0.5}], ['wandb_faux_roc_curve', {'thresh': 0.5}]]	yogi-RBP-ML-linear-models-april-2025	17.0	train	['r2_score', 'rmse', 'sigmoid_r2']	False	all	False	False	cross_validation	5.0	5	False	1.0	ensembl_gene_id	ensembl_gene_id		True	binary	0.07865	0.3302	-0.1105	0.1091	0.07924	0.3304	-0.1089						
ruuapr1q	feasible-sweep-1191	finished	ElasticNet	ha252ijh	ElasticNet	0.00701703828670383	RBPSEDataset	300	100	1.0	HepG2	rbpse	mean_squared_error	1024	True	['target_psi']	platiglab	40	['fancy_scatter', 'cumul_resid_dist', ['wandb_faux_pr_curve', {'thresh': 0.5}], ['wandb_faux_roc_curve', {'thresh': 0.5}]]	yogi-RBP-ML-linear-models-april-2025	17.0	train	['r2_score', 'rmse', 'sigmoid_r2']	False	all	False	False	cross_validation	5.0	5	False	1.0	ensembl_gene_id	ensembl_gene_id		True	binary	0.07903	0.3303	-0.11	0.1091	0.07933	0.3303	-0.1089						
3gl5yuv9	drawn-sweep-1192	finished	ElasticNet	ha252ijh	ElasticNet	0.00701703828670383	RBPSEDataset	400	100	1.0	HepG2	rbpse	mean_squared_error	1024	True	['target_psi']	platiglab	40	['fancy_scatter', 'cumul_resid_dist', ['wandb_faux_pr_curve', {'thresh': 0.5}], ['wandb_faux_roc_curve', {'thresh': 0.5}]]	yogi-RBP-ML-linear-models-april-2025	17.0	train	['r2_score', 'rmse', 'sigmoid_r2']	False	all	False	False	cross_validation	5.0	5	False	1.0	ensembl_gene_id	ensembl_gene_id		True	binary	0.07873	0.3303	-0.1104	0.1091	0.07923	0.3304	-0.109						
k801km9u	honest-sweep-1193	finished	ElasticNet	ha252ijh	ElasticNet	0.00701703828670383	RBPSEDataset	500	100	1.0	HepG2	rbpse	mean_squared_error	1024	True	['target_psi']	platiglab	40	['fancy_scatter', 'cumul_resid_dist', ['wandb_faux_pr_curve', {'thresh': 0.5}], ['wandb_faux_roc_curve', {'thresh': 0.5}]]	yogi-RBP-ML-linear-models-april-2025	17.0	train	['r2_score', 'rmse', 'sigmoid_r2']	False	all	False	False	cross_validation	5.0	5	False	1.0	ensembl_gene_id	ensembl_gene_id		True	binary	0.07931	0.3304	-0.1091	0.1091	0.07945	0.3303	-0.1089						
rkty6ukc	pretty-sweep-1194	finished	ElasticNet	ha252ijh	ElasticNet	0.00701703828670383	RBPSEDataset	600	100	1.0	HepG2	rbpse	mean_squared_error	1024	True	['target_psi']	platiglab	40	['fancy_scatter', 'cumul_resid_dist', ['wandb_faux_pr_curve', {'thresh': 0.5}], ['wandb_faux_roc_curve', {'thresh': 0.5}]]	yogi-RBP-ML-linear-models-april-2025	17.0	train	['r2_score', 'rmse', 'sigmoid_r2']	False	all	False	False	cross_validation	5.0	5	False	1.0	ensembl_gene_id	ensembl_gene_id		True	binary	0.07842	0.3304	-0.1109	0.1091	0.07913	0.3304	-0.109						
lb2kawp8	rosy-sweep-1195	finished	ElasticNet	ha252ijh	ElasticNet	0.00701703828670383	RBPSEDataset	700	100	1.0	HepG2	rbpse	mean_squared_error	1024	True	['target_psi']	platiglab	40	['fancy_scatter', 'cumul_resid_dist', ['wandb_faux_pr_curve', {'thresh': 0.5}], ['wandb_faux_roc_curve', {'thresh': 0.5}]]	yogi-RBP-ML-linear-models-april-2025	17.0	train	['r2_score', 'rmse', 'sigmoid_r2']	False	all	False	False	cross_validation	5.0	5	False	1.0	ensembl_gene_id	ensembl_gene_id		True	binary	0.07937	0.3303	-0.1093	0.1091	0.07959	0.3303	-0.1089						
mi4ay1s5	firm-sweep-1196	finished	ElasticNet	ha252ijh	ElasticNet	0.00701703828670383	RBPSEDataset	800	100	1.0	HepG2	rbpse	mean_squared_error	1024	True	['target_psi']	platiglab	40	['fancy_scatter', 'cumul_resid_dist', ['wandb_faux_pr_curve', {'thresh': 0.5}], ['wandb_faux_roc_curve', {'thresh': 0.5}]]	yogi-RBP-ML-linear-models-april-2025	17.0	train	['r2_score', 'rmse', 'sigmoid_r2']	False	all	False	False	cross_validation	5.0	5	False	1.0	ensembl_gene_id	ensembl_gene_id		True	binary	0.07862	0.3304	-0.1101	0.1091	0.07913	0.3304	-0.109						
jh3kiaqn	floral-sweep-1197	finished	ElasticNet	ha252ijh	ElasticNet	0.00701703828670383	RBPSEDataset	900	100	1.0	HepG2	rbpse	mean_squared_error	1024	True	['target_psi']	platiglab	40	['fancy_scatter', 'cumul_resid_dist', ['wandb_faux_pr_curve', {'thresh': 0.5}], ['wandb_faux_roc_curve', {'thresh': 0.5}]]	yogi-RBP-ML-linear-models-april-2025	17.0	train	['r2_score', 'rmse', 'sigmoid_r2']	False	all	False	False	cross_validation	5.0	5	False	1.0	ensembl_gene_id	ensembl_gene_id		True	binary	0.07897	0.3303	-0.1096	0.1091	0.07915	0.3304	-0.109						
niv7a0uk	deft-sweep-1207	finished	ElasticNet	ha252ijh	ElasticNet	0.020309176209047368	RBPSEDataset	100	100	0.1	HepG2	rbpse	mean_squared_error	1024	True	['target_psi']	platiglab	40	['fancy_scatter', 'cumul_resid_dist', ['wandb_faux_pr_curve', {'thresh': 0.5}], ['wandb_faux_roc_curve', {'thresh': 0.5}]]	yogi-RBP-ML-linear-models-april-2025	17.0	train	['r2_score', 'rmse', 'sigmoid_r2']	False	all	False	False	cross_validation	5.0	5	False	1.0	ensembl_gene_id	ensembl_gene_id		True	binary	0.1363	0.3199	-0.09176	0.1023	0.137	0.3198	-0.09051						
fqj3d8e9	cerulean-sweep-1208	finished	ElasticNet	ha252ijh	ElasticNet	0.020309176209047368	RBPSEDataset	200	100	0.1	HepG2	rbpse	mean_squared_error	1024	True	['target_psi']	platiglab	40	['fancy_scatter', 'cumul_resid_dist', ['wandb_faux_pr_curve', {'thresh': 0.5}], ['wandb_faux_roc_curve', {'thresh': 0.5}]]	yogi-RBP-ML-linear-models-april-2025	17.0	train	['r2_score', 'rmse', 'sigmoid_r2']	False	all	False	False	cross_validation	5.0	5	False	1.0	ensembl_gene_id	ensembl_gene_id		True	binary	0.1362	0.3197	-0.09202	0.1023	0.137	0.3198	-0.09045						
12a8darw	wobbly-sweep-1209	finished	ElasticNet	ha252ijh	ElasticNet	0.020309176209047368	RBPSEDataset	300	100	0.1	HepG2	rbpse	mean_squared_error	1024	True	['target_psi']	platiglab	40	['fancy_scatter', 'cumul_resid_dist', ['wandb_faux_pr_curve', {'thresh': 0.5}], ['wandb_faux_roc_curve', {'thresh': 0.5}]]	yogi-RBP-ML-linear-models-april-2025	17.0	train	['r2_score', 'rmse', 'sigmoid_r2']	False	all	False	False	cross_validation	5.0	5	False	1.0	ensembl_gene_id	ensembl_gene_id		True	binary	0.1364	0.3198	-0.09161	0.1023	0.1366	0.3199	-0.09049						
bmy39wty	vibrant-sweep-1210	finished	ElasticNet	ha252ijh	ElasticNet	0.020309176209047368	RBPSEDataset	400	100	0.1	HepG2	rbpse	mean_squared_error	1024	True	['target_psi']	platiglab	40	['fancy_scatter', 'cumul_resid_dist', ['wandb_faux_pr_curve', {'thresh': 0.5}], ['wandb_faux_roc_curve', {'thresh': 0.5}]]	yogi-RBP-ML-linear-models-april-2025	17.0	train	['r2_score', 'rmse', 'sigmoid_r2']	False	all	False	False	cross_validation	5.0	5	False	1.0	ensembl_gene_id	ensembl_gene_id		True	binary	0.136	0.3198	-0.09198	0.1023	0.1366	0.3199	-0.09053						
zcdzu8rx	legendary-sweep-1211	finished	ElasticNet	ha252ijh	ElasticNet	0.020309176209047368	RBPSEDataset	500	100	0.1	HepG2	rbpse	mean_squared_error	1024	True	['target_psi']	platiglab	40	['fancy_scatter', 'cumul_resid_dist', ['wandb_faux_pr_curve', {'thresh': 0.5}], ['wandb_faux_roc_curve', {'thresh': 0.5}]]	yogi-RBP-ML-linear-models-april-2025	17.0	train	['r2_score', 'rmse', 'sigmoid_r2']	False	all	False	False	cross_validation	5.0	5	False	1.0	ensembl_gene_id	ensembl_gene_id		True	binary	0.1362	0.32	-0.09074	0.1024	0.1363	0.3199	-0.09056						
w51mr30v	glamorous-sweep-1212	finished	ElasticNet	ha252ijh	ElasticNet	0.020309176209047368	RBPSEDataset	600	100	0.1	HepG2	rbpse	mean_squared_error	1024	True	['target_psi']	platiglab	40	['fancy_scatter', 'cumul_resid_dist', ['wandb_faux_pr_curve', {'thresh': 0.5}], ['wandb_faux_roc_curve', {'thresh': 0.5}]]	yogi-RBP-ML-linear-models-april-2025	17.0	train	['r2_score', 'rmse', 'sigmoid_r2']	False	all	False	False	cross_validation	5.0	5	False	1.0	ensembl_gene_id	ensembl_gene_id		True	binary	0.1356	0.32	-0.09249	0.1024	0.1364	0.3199	-0.09061						
0atoyh1c	clear-sweep-1213	finished	ElasticNet	ha252ijh	ElasticNet	0.020309176209047368	RBPSEDataset	700	100	0.1	HepG2	rbpse	mean_squared_error	1024	True	['target_psi']	platiglab	40	['fancy_scatter', 'cumul_resid_dist', ['wandb_faux_pr_curve', {'thresh': 0.5}], ['wandb_faux_roc_curve', {'thresh': 0.5}]]	yogi-RBP-ML-linear-models-april-2025	17.0	train	['r2_score', 'rmse', 'sigmoid_r2']	False	all	False	False	cross_validation	5.0	5	False	1.0	ensembl_gene_id	ensembl_gene_id		True	binary	0.1365	0.3199	-0.0909	0.1023	0.1368	0.3199	-0.09049						
xrqi2aon	mild-sweep-1215	finished	ElasticNet	ha252ijh	ElasticNet	0.020309176209047368	RBPSEDataset	900	100	0.1	HepG2	rbpse	mean_squared_error	1024	True	['target_psi']	platiglab	40	['fancy_scatter', 'cumul_resid_dist', ['wandb_faux_pr_curve', {'thresh': 0.5}], ['wandb_faux_roc_curve', {'thresh': 0.5}]]	yogi-RBP-ML-linear-models-april-2025	17.0	train	['r2_score', 'rmse', 'sigmoid_r2']	False	all	False	False	cross_validation	5.0	5	False	1.0	ensembl_gene_id	ensembl_gene_id		True	binary	0.1362	0.3199	-0.09121	0.1024	0.1364	0.3199	-0.09054						
webn2ytg	cosmic-sweep-1216	finished	ElasticNet	ha252ijh	ElasticNet	0.020309176209047368	RBPSEDataset	100	100	0.25	HepG2	rbpse	mean_squared_error	1024	True	['target_psi']	platiglab	40	['fancy_scatter', 'cumul_resid_dist', ['wandb_faux_pr_curve', {'thresh': 0.5}], ['wandb_faux_roc_curve', {'thresh': 0.5}]]	yogi-RBP-ML-linear-models-april-2025	17.0	train	['r2_score', 'rmse', 'sigmoid_r2']	False	all	False	False	cross_validation	5.0	5	False	1.0	ensembl_gene_id	ensembl_gene_id		True	binary	0.09213	0.328	-0.1065	0.1075	0.09276	0.3279	-0.1052						
2u3n14mz	pious-sweep-1218	finished	ElasticNet	ha252ijh	ElasticNet	0.020309176209047368	RBPSEDataset	300	100	0.25	HepG2	rbpse	mean_squared_error	1024	True	['target_psi']	platiglab	40	['fancy_scatter', 'cumul_resid_dist', ['wandb_faux_pr_curve', {'thresh': 0.5}], ['wandb_faux_roc_curve', {'thresh': 0.5}]]	yogi-RBP-ML-linear-models-april-2025	17.0	train	['r2_score', 'rmse', 'sigmoid_r2']	False	all	False	False	cross_validation	5.0	5	False	1.0	ensembl_gene_id	ensembl_gene_id		True	binary	0.09246	0.3279	-0.1062	0.1075	0.09275	0.3279	-0.1051						
823erf5w	solar-sweep-1219	finished	ElasticNet	ha252ijh	ElasticNet	0.020309176209047368	RBPSEDataset	400	100	0.25	HepG2	rbpse	mean_squared_error	1024	True	['target_psi']	platiglab	40	['fancy_scatter', 'cumul_resid_dist', ['wandb_faux_pr_curve', {'thresh': 0.5}], ['wandb_faux_roc_curve', {'thresh': 0.5}]]	yogi-RBP-ML-linear-models-april-2025	17.0	train	['r2_score', 'rmse', 'sigmoid_r2']	False	all	False	False	cross_validation	5.0	5	False	1.0	ensembl_gene_id	ensembl_gene_id		True	binary	0.09229	0.3278	-0.1066	0.1075	0.09281	0.3279	-0.1051						
1a3z7kmn	graceful-sweep-1220	finished	ElasticNet	ha252ijh	ElasticNet	0.020309176209047368	RBPSEDataset	500	100	0.25	HepG2	rbpse	mean_squared_error	1024	True	['target_psi']	platiglab	40	['fancy_scatter', 'cumul_resid_dist', ['wandb_faux_pr_curve', {'thresh': 0.5}], ['wandb_faux_roc_curve', {'thresh': 0.5}]]	yogi-RBP-ML-linear-models-april-2025	17.0	train	['r2_score', 'rmse', 'sigmoid_r2']	False	all	False	False	cross_validation	5.0	5	False	1.0	ensembl_gene_id	ensembl_gene_id		True	binary	0.0927	0.328	-0.1053	0.1075	0.09284	0.3279	-0.1051						
7lzux6q9	firm-sweep-1221	finished	ElasticNet	ha252ijh	ElasticNet	0.020309176209047368	RBPSEDataset	600	100	0.25	HepG2	rbpse	mean_squared_error	1024	True	['target_psi']	platiglab	40	['fancy_scatter', 'cumul_resid_dist', ['wandb_faux_pr_curve', {'thresh': 0.5}], ['wandb_faux_roc_curve', {'thresh': 0.5}]]	yogi-RBP-ML-linear-models-april-2025	17.0	train	['r2_score', 'rmse', 'sigmoid_r2']	False	all	False	False	cross_validation	5.0	5	False	1.0	ensembl_gene_id	ensembl_gene_id		True	binary	0.09179	0.328	-0.1071	0.1076	0.09248	0.328	-0.1052						
afjsryhs	whole-sweep-1222	finished	ElasticNet	ha252ijh	ElasticNet	0.020309176209047368	RBPSEDataset	700	100	0.25	HepG2	rbpse	mean_squared_error	1024	True	['target_psi']	platiglab	40	['fancy_scatter', 'cumul_resid_dist', ['wandb_faux_pr_curve', {'thresh': 0.5}], ['wandb_faux_roc_curve', {'thresh': 0.5}]]	yogi-RBP-ML-linear-models-april-2025	17.0	train	['r2_score', 'rmse', 'sigmoid_r2']	False	all	False	False	cross_validation	5.0	5	False	1.0	ensembl_gene_id	ensembl_gene_id		True	binary	0.09274	0.3279	-0.1055	0.1075	0.09296	0.3279	-0.1051						
mtonw2in	magic-sweep-1223	finished	ElasticNet	ha252ijh	ElasticNet	0.020309176209047368	RBPSEDataset	800	100	0.25	HepG2	rbpse	mean_squared_error	1024	True	['target_psi']	platiglab	40	['fancy_scatter', 'cumul_resid_dist', ['wandb_faux_pr_curve', {'thresh': 0.5}], ['wandb_faux_roc_curve', {'thresh': 0.5}]]	yogi-RBP-ML-linear-models-april-2025	17.0	train	['r2_score', 'rmse', 'sigmoid_r2']	False	all	False	False	cross_validation	5.0	5	False	1.0	ensembl_gene_id	ensembl_gene_id		True	binary	0.09222	0.3279	-0.1063	0.1075	0.09273	0.3279	-0.1052						
c1so7wz8	colorful-sweep-1224	finished	ElasticNet	ha252ijh	ElasticNet	0.020309176209047368	RBPSEDataset	900	100	0.25	HepG2	rbpse	mean_squared_error	1024	True	['target_psi']	platiglab	40	['fancy_scatter', 'cumul_resid_dist', ['wandb_faux_pr_curve', {'thresh': 0.5}], ['wandb_faux_roc_curve', {'thresh': 0.5}]]	yogi-RBP-ML-linear-models-april-2025	17.0	train	['r2_score', 'rmse', 'sigmoid_r2']	False	all	False	False	cross_validation	5.0	5	False	1.0	ensembl_gene_id	ensembl_gene_id		True	binary	0.09248	0.3279	-0.1059	0.1075	0.09264	0.3279	-0.1052						
ywk4r804	playful-sweep-1225	finished	ElasticNet	ha252ijh	ElasticNet	0.020309176209047368	RBPSEDataset	100	100	0.5	HepG2	rbpse	mean_squared_error	1024	True	['target_psi']	platiglab	40	['fancy_scatter', 'cumul_resid_dist', ['wandb_faux_pr_curve', {'thresh': 0.5}], ['wandb_faux_roc_curve', {'thresh': 0.5}]]	yogi-RBP-ML-linear-models-april-2025	17.0	train	['r2_score', 'rmse', 'sigmoid_r2']	False	all	False	False	cross_validation	5.0	5	False	1.0	ensembl_gene_id	ensembl_gene_id		True	binary	0.05592	0.3345	-0.1179	0.1118	0.05654	0.3344	-0.1166						
kvuor125	deft-sweep-1226	finished	ElasticNet	ha252ijh	ElasticNet	0.020309176209047368	RBPSEDataset	200	100	0.5	HepG2	rbpse	mean_squared_error	1024	True	['target_psi']	platiglab	40	['fancy_scatter', 'cumul_resid_dist', ['wandb_faux_pr_curve', {'thresh': 0.5}], ['wandb_faux_roc_curve', {'thresh': 0.5}]]	yogi-RBP-ML-linear-models-april-2025	17.0	train	['r2_score', 'rmse', 'sigmoid_r2']	False	all	False	False	cross_validation	5.0	5	False	1.0	ensembl_gene_id	ensembl_gene_id		True	binary	0.05607	0.3342	-0.1181	0.1118	0.05651	0.3344	-0.1166						
n2tmg2yl	fluent-sweep-1228	finished	ElasticNet	ha252ijh	ElasticNet	0.020309176209047368	RBPSEDataset	400	100	0.5	HepG2	rbpse	mean_squared_error	1024	True	['target_psi']	platiglab	40	['fancy_scatter', 'cumul_resid_dist', ['wandb_faux_pr_curve', {'thresh': 0.5}], ['wandb_faux_roc_curve', {'thresh': 0.5}]]	yogi-RBP-ML-linear-models-april-2025	17.0	train	['r2_score', 'rmse', 'sigmoid_r2']	False	all	False	False	cross_validation	5.0	5	False	1.0	ensembl_gene_id	ensembl_gene_id		True	binary	0.05613	0.3343	-0.118	0.1118	0.05657	0.3344	-0.1166						
tckgxxeo	ancient-sweep-1231	finished	ElasticNet	ha252ijh	ElasticNet	0.020309176209047368	RBPSEDataset	700	100	0.5	HepG2	rbpse	mean_squared_error	1024	True	['target_psi']	platiglab	40	['fancy_scatter', 'cumul_resid_dist', ['wandb_faux_pr_curve', {'thresh': 0.5}], ['wandb_faux_roc_curve', {'thresh': 0.5}]]	yogi-RBP-ML-linear-models-april-2025	17.0	train	['r2_score', 'rmse', 'sigmoid_r2']	False	all	False	False	cross_validation	5.0	5	False	1.0	ensembl_gene_id	ensembl_gene_id		True	binary	0.05664	0.3344	-0.1169	0.1118	0.05684	0.3343	-0.1165						
trizuh4n	generous-sweep-1232	finished	ElasticNet	ha252ijh	ElasticNet	0.020309176209047368	RBPSEDataset	800	100	0.5	HepG2	rbpse	mean_squared_error	1024	True	['target_psi']	platiglab	40	['fancy_scatter', 'cumul_resid_dist', ['wandb_faux_pr_curve', {'thresh': 0.5}], ['wandb_faux_roc_curve', {'thresh': 0.5}]]	yogi-RBP-ML-linear-models-april-2025	17.0	train	['r2_score', 'rmse', 'sigmoid_r2']	False	all	False	False	cross_validation	5.0	5	False	1.0	ensembl_gene_id	ensembl_gene_id		True	binary	0.05614	0.3344	-0.1177	0.1118	0.05663	0.3344	-0.1166						
0k39phrc	crimson-sweep-1233	finished	ElasticNet	ha252ijh	ElasticNet	0.020309176209047368	RBPSEDataset	900	100	0.5	HepG2	rbpse	mean_squared_error	1024	True	['target_psi']	platiglab	40	['fancy_scatter', 'cumul_resid_dist', ['wandb_faux_pr_curve', {'thresh': 0.5}], ['wandb_faux_roc_curve', {'thresh': 0.5}]]	yogi-RBP-ML-linear-models-april-2025	17.0	train	['r2_score', 'rmse', 'sigmoid_r2']	False	all	False	False	cross_validation	5.0	5	False	1.0	ensembl_gene_id	ensembl_gene_id		True	binary	0.05676	0.3343	-0.1172	0.1118	0.05694	0.3343	-0.1165						
6yilcu1m	crimson-sweep-1234	finished	ElasticNet	ha252ijh	ElasticNet	0.020309176209047368	RBPSEDataset	100	100	0.75	HepG2	rbpse	mean_squared_error	1024	True	['target_psi']	platiglab	40	['fancy_scatter', 'cumul_resid_dist', ['wandb_faux_pr_curve', {'thresh': 0.5}], ['wandb_faux_roc_curve', {'thresh': 0.5}]]	yogi-RBP-ML-linear-models-april-2025	17.0	train	['r2_score', 'rmse', 'sigmoid_r2']	False	all	False	False	cross_validation	5.0	5	False	1.0	ensembl_gene_id	ensembl_gene_id		True	binary	0.03036	0.339	-0.125	0.1149	0.031	0.3389	-0.1237						
bkulmlgh	lively-sweep-1235	finished	ElasticNet	ha252ijh	ElasticNet	0.020309176209047368	RBPSEDataset	200	100	0.75	HepG2	rbpse	mean_squared_error	1024	True	['target_psi']	platiglab	40	['fancy_scatter', 'cumul_resid_dist', ['wandb_faux_pr_curve', {'thresh': 0.5}], ['wandb_faux_roc_curve', {'thresh': 0.5}]]	yogi-RBP-ML-linear-models-april-2025	17.0	train	['r2_score', 'rmse', 'sigmoid_r2']	False	all	False	False	cross_validation	5.0	5	False	1.0	ensembl_gene_id	ensembl_gene_id		True	binary	0.03071	0.3387	-0.1252	0.1149	0.03102	0.3389	-0.1237						
190rw186	good-sweep-1236	finished	ElasticNet	ha252ijh	ElasticNet	0.020309176209047368	RBPSEDataset	300	100	0.75	HepG2	rbpse	mean_squared_error	1024	True	['target_psi']	platiglab	40	['fancy_scatter', 'cumul_resid_dist', ['wandb_faux_pr_curve', {'thresh': 0.5}], ['wandb_faux_roc_curve', {'thresh': 0.5}]]	yogi-RBP-ML-linear-models-april-2025	17.0	train	['r2_score', 'rmse', 'sigmoid_r2']	False	all	False	False	cross_validation	5.0	5	False	1.0	ensembl_gene_id	ensembl_gene_id		True	binary	0.03095	0.3388	-0.1248	0.1148	0.03124	0.3389	-0.1237						
tdrtb91v	wise-sweep-1237	finished	ElasticNet	ha252ijh	ElasticNet	0.020309176209047368	RBPSEDataset	400	100	0.75	HepG2	rbpse	mean_squared_error	1024	True	['target_psi']	platiglab	40	['fancy_scatter', 'cumul_resid_dist', ['wandb_faux_pr_curve', {'thresh': 0.5}], ['wandb_faux_roc_curve', {'thresh': 0.5}]]	yogi-RBP-ML-linear-models-april-2025	17.0	train	['r2_score', 'rmse', 'sigmoid_r2']	False	all	False	False	cross_validation	5.0	5	False	1.0	ensembl_gene_id	ensembl_gene_id		True	binary	0.03069	0.3388	-0.1252	0.1148	0.0311	0.3389	-0.1237						
o6a8ov41	jumping-sweep-1238	finished	ElasticNet	ha252ijh	ElasticNet	0.020309176209047368	RBPSEDataset	500	100	0.75	HepG2	rbpse	mean_squared_error	1024	True	['target_psi']	platiglab	40	['fancy_scatter', 'cumul_resid_dist', ['wandb_faux_pr_curve', {'thresh': 0.5}], ['wandb_faux_roc_curve', {'thresh': 0.5}]]	yogi-RBP-ML-linear-models-april-2025	17.0	train	['r2_score', 'rmse', 'sigmoid_r2']	False	all	False	False	cross_validation	5.0	5	False	1.0	ensembl_gene_id	ensembl_gene_id		True	binary	0.03127	0.3389	-0.1238	0.1148	0.0314	0.3388	-0.1236						
nztv5mch	dutiful-sweep-1239	finished	ElasticNet	ha252ijh	ElasticNet	0.020309176209047368	RBPSEDataset	600	100	0.75	HepG2	rbpse	mean_squared_error	1024	True	['target_psi']	platiglab	40	['fancy_scatter', 'cumul_resid_dist', ['wandb_faux_pr_curve', {'thresh': 0.5}], ['wandb_faux_roc_curve', {'thresh': 0.5}]]	yogi-RBP-ML-linear-models-april-2025	17.0	train	['r2_score', 'rmse', 'sigmoid_r2']	False	all	False	False	cross_validation	5.0	5	False	1.0	ensembl_gene_id	ensembl_gene_id		True	binary	0.03023	0.3389	-0.1257	0.1149	0.03097	0.3389	-0.1237						
zhpl2o8g	fiery-sweep-1240	finished	ElasticNet	ha252ijh	ElasticNet	0.020309176209047368	RBPSEDataset	700	100	0.75	HepG2	rbpse	mean_squared_error	1024	True	['target_psi']	platiglab	40	['fancy_scatter', 'cumul_resid_dist', ['wandb_faux_pr_curve', {'thresh': 0.5}], ['wandb_faux_roc_curve', {'thresh': 0.5}]]	yogi-RBP-ML-linear-models-april-2025	17.0	train	['r2_score', 'rmse', 'sigmoid_r2']	False	all	False	False	cross_validation	5.0	5	False	1.0	ensembl_gene_id	ensembl_gene_id		True	binary	0.03111	0.3389	-0.1241	0.1148	0.0313	0.3388	-0.1237						
52nocrbd	twilight-sweep-1242	finished	ElasticNet	ha252ijh	ElasticNet	0.020309176209047368	RBPSEDataset	900	100	0.75	HepG2	rbpse	mean_squared_error	1024	True	['target_psi']	platiglab	40	['fancy_scatter', 'cumul_resid_dist', ['wandb_faux_pr_curve', {'thresh': 0.5}], ['wandb_faux_roc_curve', {'thresh': 0.5}]]	yogi-RBP-ML-linear-models-april-2025	17.0	train	['r2_score', 'rmse', 'sigmoid_r2']	False	all	False	False	cross_validation	5.0	5	False	1.0	ensembl_gene_id	ensembl_gene_id		True	binary	0.03116	0.3388	-0.1244	0.1148	0.03133	0.3388	-0.1236						
mpu6wh05	frosty-sweep-1243	finished	ElasticNet	ha252ijh	ElasticNet	0.020309176209047368	RBPSEDataset	100	100	0.9	HepG2	rbpse	mean_squared_error	1024	True	['target_psi']	platiglab	40	['fancy_scatter', 'cumul_resid_dist', ['wandb_faux_pr_curve', {'thresh': 0.5}], ['wandb_faux_roc_curve', {'thresh': 0.5}]]	yogi-RBP-ML-linear-models-april-2025	17.0	train	['r2_score', 'rmse', 'sigmoid_r2']	False	all	False	False	cross_validation	5.0	5	False	1.0	ensembl_gene_id	ensembl_gene_id		True	binary	0.01661	0.3414	-0.1285	0.1165	0.01724	0.3413	-0.1272						
tntudvhc	eternal-sweep-1241	finished	ElasticNet	ha252ijh	ElasticNet	0.020309176209047368	RBPSEDataset	800	100	0.75	HepG2	rbpse	mean_squared_error	1024	True	['target_psi']	platiglab	40	['fancy_scatter', 'cumul_resid_dist', ['wandb_faux_pr_curve', {'thresh': 0.5}], ['wandb_faux_roc_curve', {'thresh': 0.5}]]	yogi-RBP-ML-linear-models-april-2025	17.0	train	['r2_score', 'rmse', 'sigmoid_r2']	False	all	False	False	cross_validation	5.0	5	False	1.0	ensembl_gene_id	ensembl_gene_id		True	binary	0.03063	0.3389	-0.1248	0.1148	0.0311	0.3389	-0.1237						
jo07ahr8	stoic-sweep-1245	finished	ElasticNet	ha252ijh	ElasticNet	0.020309176209047368	RBPSEDataset	300	100	0.9	HepG2	rbpse	mean_squared_error	1024	True	['target_psi']	platiglab	40	['fancy_scatter', 'cumul_resid_dist', ['wandb_faux_pr_curve', {'thresh': 0.5}], ['wandb_faux_roc_curve', {'thresh': 0.5}]]	yogi-RBP-ML-linear-models-april-2025	17.0	train	['r2_score', 'rmse', 'sigmoid_r2']	False	all	False	False	cross_validation	5.0	5	False	1.0	ensembl_gene_id	ensembl_gene_id		True	binary	0.01722	0.3412	-0.1282	0.1165	0.01749	0.3413	-0.1271						
uwn6l7bz	sweepy-sweep-1246	finished	ElasticNet	ha252ijh	ElasticNet	0.020309176209047368	RBPSEDataset	400	100	0.9	HepG2	rbpse	mean_squared_error	1024	True	['target_psi']	platiglab	40	['fancy_scatter', 'cumul_resid_dist', ['wandb_faux_pr_curve', {'thresh': 0.5}], ['wandb_faux_roc_curve', {'thresh': 0.5}]]	yogi-RBP-ML-linear-models-april-2025	17.0	train	['r2_score', 'rmse', 'sigmoid_r2']	False	all	False	False	cross_validation	5.0	5	False	1.0	ensembl_gene_id	ensembl_gene_id		True	binary	0.01696	0.3412	-0.1286	0.1165	0.01733	0.3413	-0.1271						
11vq66tm	fragrant-sweep-1247	finished	ElasticNet	ha252ijh	ElasticNet	0.020309176209047368	RBPSEDataset	500	100	0.9	HepG2	rbpse	mean_squared_error	1024	True	['target_psi']	platiglab	40	['fancy_scatter', 'cumul_resid_dist', ['wandb_faux_pr_curve', {'thresh': 0.5}], ['wandb_faux_roc_curve', {'thresh': 0.5}]]	yogi-RBP-ML-linear-models-april-2025	17.0	train	['r2_score', 'rmse', 'sigmoid_r2']	False	all	False	False	cross_validation	5.0	5	False	1.0	ensembl_gene_id	ensembl_gene_id		True	binary	0.01754	0.3413	-0.1272	0.1164	0.01766	0.3412	-0.1271						
cy5x8xgg	mild-sweep-1248	finished	ElasticNet	ha252ijh	ElasticNet	0.020309176209047368	RBPSEDataset	600	100	0.9	HepG2	rbpse	mean_squared_error	1024	True	['target_psi']	platiglab	40	['fancy_scatter', 'cumul_resid_dist', ['wandb_faux_pr_curve', {'thresh': 0.5}], ['wandb_faux_roc_curve', {'thresh': 0.5}]]	yogi-RBP-ML-linear-models-april-2025	17.0	train	['r2_score', 'rmse', 'sigmoid_r2']	False	all	False	False	cross_validation	5.0	5	False	1.0	ensembl_gene_id	ensembl_gene_id		True	binary	0.01649	0.3413	-0.1291	0.1165	0.01724	0.3413	-0.1272						
6tgv8knk	sandy-sweep-1249	finished	ElasticNet	ha252ijh	ElasticNet	0.020309176209047368	RBPSEDataset	700	100	0.9	HepG2	rbpse	mean_squared_error	1024	True	['target_psi']	platiglab	40	['fancy_scatter', 'cumul_resid_dist', ['wandb_faux_pr_curve', {'thresh': 0.5}], ['wandb_faux_roc_curve', {'thresh': 0.5}]]	yogi-RBP-ML-linear-models-april-2025	17.0	train	['r2_score', 'rmse', 'sigmoid_r2']	False	all	False	False	cross_validation	5.0	5	False	1.0	ensembl_gene_id	ensembl_gene_id		True	binary	0.01737	0.3413	-0.1275	0.1164	0.01755	0.3412	-0.1271						
e5o36riu	expert-sweep-1250	finished	ElasticNet	ha252ijh	ElasticNet	0.020309176209047368	RBPSEDataset	800	100	0.9	HepG2	rbpse	mean_squared_error	1024	True	['target_psi']	platiglab	40	['fancy_scatter', 'cumul_resid_dist', ['wandb_faux_pr_curve', {'thresh': 0.5}], ['wandb_faux_roc_curve', {'thresh': 0.5}]]	yogi-RBP-ML-linear-models-april-2025	17.0	train	['r2_score', 'rmse', 'sigmoid_r2']	False	all	False	False	cross_validation	5.0	5	False	1.0	ensembl_gene_id	ensembl_gene_id		True	binary	0.0169	0.3413	-0.1283	0.1165	0.01736	0.3413	-0.1272						
yyzfx78t	leafy-sweep-1251	finished	ElasticNet	ha252ijh	ElasticNet	0.020309176209047368	RBPSEDataset	900	100	0.9	HepG2	rbpse	mean_squared_error	1024	True	['target_psi']	platiglab	40	['fancy_scatter', 'cumul_resid_dist', ['wandb_faux_pr_curve', {'thresh': 0.5}], ['wandb_faux_roc_curve', {'thresh': 0.5}]]	yogi-RBP-ML-linear-models-april-2025	17.0	train	['r2_score', 'rmse', 'sigmoid_r2']	False	all	False	False	cross_validation	5.0	5	False	1.0	ensembl_gene_id	ensembl_gene_id		True	binary	0.01741	0.3412	-0.1278	0.1164	0.01758	0.3412	-0.1271						
33kome58	crimson-sweep-1252	finished	ElasticNet	ha252ijh	ElasticNet	0.020309176209047368	RBPSEDataset	100	100	1.0	HepG2	rbpse	mean_squared_error	1024	True	['target_psi']	platiglab	40	['fancy_scatter', 'cumul_resid_dist', ['wandb_faux_pr_curve', {'thresh': 0.5}], ['wandb_faux_roc_curve', {'thresh': 0.5}]]	yogi-RBP-ML-linear-models-april-2025	17.0	train	['r2_score', 'rmse', 'sigmoid_r2']	False	all	False	False	cross_validation	5.0	5	False	1.0	ensembl_gene_id	ensembl_gene_id		True	binary	0.009499	0.3426	-0.1302	0.1173	0.01014	0.3425	-0.1289						
o5l1oo3e	efficient-sweep-1253	finished	ElasticNet	ha252ijh	ElasticNet	0.020309176209047368	RBPSEDataset	200	100	1.0	HepG2	rbpse	mean_squared_error	1024	True	['target_psi']	platiglab	40	['fancy_scatter', 'cumul_resid_dist', ['wandb_faux_pr_curve', {'thresh': 0.5}], ['wandb_faux_roc_curve', {'thresh': 0.5}]]	yogi-RBP-ML-linear-models-april-2025	17.0	train	['r2_score', 'rmse', 'sigmoid_r2']	False	all	False	False	cross_validation	5.0	5	False	1.0	ensembl_gene_id	ensembl_gene_id		True	binary	0.01005	0.3423	-0.1303	0.1173	0.0103	0.3425	-0.1288						
xus1v6sh	noble-sweep-1254	finished	ElasticNet	ha252ijh	ElasticNet	0.020309176209047368	RBPSEDataset	300	100	1.0	HepG2	rbpse	mean_squared_error	1024	True	['target_psi']	platiglab	40	['fancy_scatter', 'cumul_resid_dist', ['wandb_faux_pr_curve', {'thresh': 0.5}], ['wandb_faux_roc_curve', {'thresh': 0.5}]]	yogi-RBP-ML-linear-models-april-2025	17.0	train	['r2_score', 'rmse', 'sigmoid_r2']	False	all	False	False	cross_validation	5.0	5	False	1.0	ensembl_gene_id	ensembl_gene_id		True	binary	0.01007	0.3424	-0.1299	0.1173	0.01036	0.3425	-0.1288						
0moqr4xy	treasured-sweep-1255	finished	ElasticNet	ha252ijh	ElasticNet	0.020309176209047368	RBPSEDataset	400	100	1.0	HepG2	rbpse	mean_squared_error	1024	True	['target_psi']	platiglab	40	['fancy_scatter', 'cumul_resid_dist', ['wandb_faux_pr_curve', {'thresh': 0.5}], ['wandb_faux_roc_curve', {'thresh': 0.5}]]	yogi-RBP-ML-linear-models-april-2025	17.0	train	['r2_score', 'rmse', 'sigmoid_r2']	False	all	False	False	cross_validation	5.0	5	False	1.0	ensembl_gene_id	ensembl_gene_id		True	binary	0.009885	0.3424	-0.1303	0.1173	0.0103	0.3425	-0.1288						
u0qyko5h	light-sweep-1257	finished	ElasticNet	ha252ijh	ElasticNet	0.020309176209047368	RBPSEDataset	600	100	1.0	HepG2	rbpse	mean_squared_error	1024	True	['target_psi']	platiglab	40	['fancy_scatter', 'cumul_resid_dist', ['wandb_faux_pr_curve', {'thresh': 0.5}], ['wandb_faux_roc_curve', {'thresh': 0.5}]]	yogi-RBP-ML-linear-models-april-2025	17.0	train	['r2_score', 'rmse', 'sigmoid_r2']	False	all	False	False	cross_validation	5.0	5	False	1.0	ensembl_gene_id	ensembl_gene_id		True	binary	0.009316	0.3425	-0.1308	0.1173	0.01008	0.3425	-0.1289						
ywbjgtv6	upbeat-sweep-1256	finished	ElasticNet	ha252ijh	ElasticNet	0.020309176209047368	RBPSEDataset	500	100	1.0	HepG2	rbpse	mean_squared_error	1024	True	['target_psi']	platiglab	40	['fancy_scatter', 'cumul_resid_dist', ['wandb_faux_pr_curve', {'thresh': 0.5}], ['wandb_faux_roc_curve', {'thresh': 0.5}]]	yogi-RBP-ML-linear-models-april-2025	17.0	train	['r2_score', 'rmse', 'sigmoid_r2']	False	all	False	False	cross_validation	5.0	5	False	1.0	ensembl_gene_id	ensembl_gene_id		True	binary	0.01037	0.3425	-0.1289	0.1173	0.01049	0.3425	-0.1288						
dk1w4lb3	solar-sweep-1258	finished	ElasticNet	ha252ijh	ElasticNet	0.020309176209047368	RBPSEDataset	700	100	1.0	HepG2	rbpse	mean_squared_error	1024	True	['target_psi']	platiglab	40	['fancy_scatter', 'cumul_resid_dist', ['wandb_faux_pr_curve', {'thresh': 0.5}], ['wandb_faux_roc_curve', {'thresh': 0.5}]]	yogi-RBP-ML-linear-models-april-2025	17.0	train	['r2_score', 'rmse', 'sigmoid_r2']	False	all	False	False	cross_validation	5.0	5	False	1.0	ensembl_gene_id	ensembl_gene_id		True	binary	0.01024	0.3425	-0.1292	0.1173	0.01043	0.3425	-0.1288						
wdk0ncu6	cool-sweep-1259	finished	ElasticNet	ha252ijh	ElasticNet	0.020309176209047368	RBPSEDataset	800	100	1.0	HepG2	rbpse	mean_squared_error	1024	True	['target_psi']	platiglab	40	['fancy_scatter', 'cumul_resid_dist', ['wandb_faux_pr_curve', {'thresh': 0.5}], ['wandb_faux_roc_curve', {'thresh': 0.5}]]	yogi-RBP-ML-linear-models-april-2025	17.0	train	['r2_score', 'rmse', 'sigmoid_r2']	False	all	False	False	cross_validation	5.0	5	False	1.0	ensembl_gene_id	ensembl_gene_id		True	binary	0.009825	0.3425	-0.13	0.1173	0.01031	0.3425	-0.1288						
qdssah9m	vague-sweep-1260	finished	ElasticNet	ha252ijh	ElasticNet	0.020309176209047368	RBPSEDataset	900	100	1.0	HepG2	rbpse	mean_squared_error	1024	True	['target_psi']	platiglab	40	['fancy_scatter', 'cumul_resid_dist', ['wandb_faux_pr_curve', {'thresh': 0.5}], ['wandb_faux_roc_curve', {'thresh': 0.5}]]	yogi-RBP-ML-linear-models-april-2025	17.0	train	['r2_score', 'rmse', 'sigmoid_r2']	False	all	False	False	cross_validation	5.0	5	False	1.0	ensembl_gene_id	ensembl_gene_id		True	binary	0.01027	0.3424	-0.1295	0.1173	0.01047	0.3425	-0.1288						
pe298ofn	pretty-sweep-1270	finished	ElasticNet	ha252ijh	ElasticNet	0.058780160722749115	RBPSEDataset	100	100	0.1	HepG2	rbpse	mean_squared_error	1024	True	['target_psi']	platiglab	40	['fancy_scatter', 'cumul_resid_dist', ['wandb_faux_pr_curve', {'thresh': 0.5}], ['wandb_faux_roc_curve', {'thresh': 0.5}]]	yogi-RBP-ML-linear-models-april-2025	17.0	train	['r2_score', 'rmse', 'sigmoid_r2']	False	all	False	False	cross_validation	5.0	5	False	1.0	ensembl_gene_id	ensembl_gene_id		True	binary	0.07337	0.3314	-0.1132	0.1098	0.07399	0.3313	-0.1119						
8ng2xbcg	toasty-sweep-1271	finished	ElasticNet	ha252ijh	ElasticNet	0.058780160722749115	RBPSEDataset	200	100	0.1	HepG2	rbpse	mean_squared_error	1024	True	['target_psi']	platiglab	40	['fancy_scatter', 'cumul_resid_dist', ['wandb_faux_pr_curve', {'thresh': 0.5}], ['wandb_faux_roc_curve', {'thresh': 0.5}]]	yogi-RBP-ML-linear-models-april-2025	17.0	train	['r2_score', 'rmse', 'sigmoid_r2']	False	all	False	False	cross_validation	5.0	5	False	1.0	ensembl_gene_id	ensembl_gene_id		True	binary	0.07354	0.3311	-0.1134	0.1097	0.07405	0.3313	-0.1118						
r8q0zozg	silvery-sweep-1272	finished	ElasticNet	ha252ijh	ElasticNet	0.058780160722749115	RBPSEDataset	300	100	0.1	HepG2	rbpse	mean_squared_error	1024	True	['target_psi']	platiglab	40	['fancy_scatter', 'cumul_resid_dist', ['wandb_faux_pr_curve', {'thresh': 0.5}], ['wandb_faux_roc_curve', {'thresh': 0.5}]]	yogi-RBP-ML-linear-models-april-2025	17.0	train	['r2_score', 'rmse', 'sigmoid_r2']	False	all	False	False	cross_validation	5.0	5	False	1.0	ensembl_gene_id	ensembl_gene_id		True	binary	0.07379	0.3312	-0.1129	0.1097	0.07409	0.3313	-0.1118						
4eb939oe	electric-sweep-1275	finished	ElasticNet	ha252ijh	ElasticNet	0.058780160722749115	RBPSEDataset	600	100	0.1	HepG2	rbpse	mean_squared_error	1024	True	['target_psi']	platiglab	40	['fancy_scatter', 'cumul_resid_dist', ['wandb_faux_pr_curve', {'thresh': 0.5}], ['wandb_faux_roc_curve', {'thresh': 0.5}]]	yogi-RBP-ML-linear-models-april-2025	17.0	train	['r2_score', 'rmse', 'sigmoid_r2']	False	all	False	False	cross_validation	5.0	5	False	1.0	ensembl_gene_id	ensembl_gene_id		True	binary	0.0733	0.3313	-0.1138	0.1098	0.07399	0.3313	-0.1119						
m70ms1a1	sandy-sweep-1274	finished	ElasticNet	ha252ijh	ElasticNet	0.058780160722749115	RBPSEDataset	500	100	0.1	HepG2	rbpse	mean_squared_error	1024	True	['target_psi']	platiglab	40	['fancy_scatter', 'cumul_resid_dist', ['wandb_faux_pr_curve', {'thresh': 0.5}], ['wandb_faux_roc_curve', {'thresh': 0.5}]]	yogi-RBP-ML-linear-models-april-2025	17.0	train	['r2_score', 'rmse', 'sigmoid_r2']	False	all	False	False	cross_validation	5.0	5	False	1.0	ensembl_gene_id	ensembl_gene_id		True	binary	0.07415	0.3313	-0.112	0.1097	0.07429	0.3312	-0.1118						
n1jhrk3z	graceful-sweep-1273	finished	ElasticNet	ha252ijh	ElasticNet	0.058780160722749115	RBPSEDataset	400	100	0.1	HepG2	rbpse	mean_squared_error	1024	True	['target_psi']	platiglab	40	['fancy_scatter', 'cumul_resid_dist', ['wandb_faux_pr_curve', {'thresh': 0.5}], ['wandb_faux_roc_curve', {'thresh': 0.5}]]	yogi-RBP-ML-linear-models-april-2025	17.0	train	['r2_score', 'rmse', 'sigmoid_r2']	False	all	False	False	cross_validation	5.0	5	False	1.0	ensembl_gene_id	ensembl_gene_id		True	binary	0.07361	0.3312	-0.1133	0.1097	0.07408	0.3313	-0.1119						
672qjw4u	vibrant-sweep-1276	finished	ElasticNet	ha252ijh	ElasticNet	0.058780160722749115	RBPSEDataset	700	100	0.1	HepG2	rbpse	mean_squared_error	1024	True	['target_psi']	platiglab	40	['fancy_scatter', 'cumul_resid_dist', ['wandb_faux_pr_curve', {'thresh': 0.5}], ['wandb_faux_roc_curve', {'thresh': 0.5}]]	yogi-RBP-ML-linear-models-april-2025	17.0	train	['r2_score', 'rmse', 'sigmoid_r2']	False	all	False	False	cross_validation	5.0	5	False	1.0	ensembl_gene_id	ensembl_gene_id		True	binary	0.07408	0.3313	-0.1122	0.1097	0.07428	0.3312	-0.1118						
gpn7bzw1	copper-sweep-1278	finished	ElasticNet	ha252ijh	ElasticNet	0.058780160722749115	RBPSEDataset	900	100	0.1	HepG2	rbpse	mean_squared_error	1024	True	['target_psi']	platiglab	40	['fancy_scatter', 'cumul_resid_dist', ['wandb_faux_pr_curve', {'thresh': 0.5}], ['wandb_faux_roc_curve', {'thresh': 0.5}]]	yogi-RBP-ML-linear-models-april-2025	17.0	train	['r2_score', 'rmse', 'sigmoid_r2']	False	all	False	False	cross_validation	5.0	5	False	1.0	ensembl_gene_id	ensembl_gene_id		True	binary	0.07385	0.3312	-0.1126	0.1098	0.07401	0.3313	-0.1119						
hnwud10b	treasured-sweep-1277	finished	ElasticNet	ha252ijh	ElasticNet	0.058780160722749115	RBPSEDataset	800	100	0.1	HepG2	rbpse	mean_squared_error	1024	True	['target_psi']	platiglab	40	['fancy_scatter', 'cumul_resid_dist', ['wandb_faux_pr_curve', {'thresh': 0.5}], ['wandb_faux_roc_curve', {'thresh': 0.5}]]	yogi-RBP-ML-linear-models-april-2025	17.0	train	['r2_score', 'rmse', 'sigmoid_r2']	False	all	False	False	cross_validation	5.0	5	False	1.0	ensembl_gene_id	ensembl_gene_id		True	binary	0.07356	0.3313	-0.113	0.1097	0.07405	0.3313	-0.1119						
g11ccba4	misty-sweep-1281	finished	ElasticNet	ha252ijh	ElasticNet	0.058780160722749115	RBPSEDataset	300	100	0.25	HepG2	rbpse	mean_squared_error	1024	True	['target_psi']	platiglab	40	['fancy_scatter', 'cumul_resid_dist', ['wandb_faux_pr_curve', {'thresh': 0.5}], ['wandb_faux_roc_curve', {'thresh': 0.5}]]	yogi-RBP-ML-linear-models-april-2025	17.0	train	['r2_score', 'rmse', 'sigmoid_r2']	False	all	False	False	cross_validation	5.0	5	False	1.0	ensembl_gene_id	ensembl_gene_id		True	binary	0.0265	0.3396	-0.126	0.1154	0.02679	0.3396	-0.1249						
j15ox7k8	stellar-sweep-1282	finished	ElasticNet	ha252ijh	ElasticNet	0.058780160722749115	RBPSEDataset	400	100	0.25	HepG2	rbpse	mean_squared_error	1024	True	['target_psi']	platiglab	40	['fancy_scatter', 'cumul_resid_dist', ['wandb_faux_pr_curve', {'thresh': 0.5}], ['wandb_faux_roc_curve', {'thresh': 0.5}]]	yogi-RBP-ML-linear-models-april-2025	17.0	train	['r2_score', 'rmse', 'sigmoid_r2']	False	all	False	False	cross_validation	5.0	5	False	1.0	ensembl_gene_id	ensembl_gene_id		True	binary	0.02625	0.3395	-0.1264	0.1154	0.02667	0.3397	-0.1249						
ph073yfw	genial-sweep-1283	finished	ElasticNet	ha252ijh	ElasticNet	0.058780160722749115	RBPSEDataset	500	100	0.25	HepG2	rbpse	mean_squared_error	1024	True	['target_psi']	platiglab	40	['fancy_scatter', 'cumul_resid_dist', ['wandb_faux_pr_curve', {'thresh': 0.5}], ['wandb_faux_roc_curve', {'thresh': 0.5}]]	yogi-RBP-ML-linear-models-april-2025	17.0	train	['r2_score', 'rmse', 'sigmoid_r2']	False	all	False	False	cross_validation	5.0	5	False	1.0	ensembl_gene_id	ensembl_gene_id		True	binary	0.02682	0.3397	-0.125	0.1153	0.02695	0.3396	-0.1249						
crzmr6o2	smooth-sweep-1284	finished	ElasticNet	ha252ijh	ElasticNet	0.058780160722749115	RBPSEDataset	600	100	0.25	HepG2	rbpse	mean_squared_error	1024	True	['target_psi']	platiglab	40	['fancy_scatter', 'cumul_resid_dist', ['wandb_faux_pr_curve', {'thresh': 0.5}], ['wandb_faux_roc_curve', {'thresh': 0.5}]]	yogi-RBP-ML-linear-models-april-2025	17.0	train	['r2_score', 'rmse', 'sigmoid_r2']	False	all	False	False	cross_validation	5.0	5	False	1.0	ensembl_gene_id	ensembl_gene_id		True	binary	0.02579	0.3397	-0.1269	0.1154	0.02653	0.3397	-0.1249						
cdf8cdvp	ruby-sweep-1285	finished	ElasticNet	ha252ijh	ElasticNet	0.058780160722749115	RBPSEDataset	700	100	0.25	HepG2	rbpse	mean_squared_error	1024	True	['target_psi']	platiglab	40	['fancy_scatter', 'cumul_resid_dist', ['wandb_faux_pr_curve', {'thresh': 0.5}], ['wandb_faux_roc_curve', {'thresh': 0.5}]]	yogi-RBP-ML-linear-models-april-2025	17.0	train	['r2_score', 'rmse', 'sigmoid_r2']	False	all	False	False	cross_validation	5.0	5	False	1.0	ensembl_gene_id	ensembl_gene_id		True	binary	0.02667	0.3396	-0.1253	0.1153	0.02686	0.3396	-0.1249						
mxk49s1h	desert-sweep-1286	finished	ElasticNet	ha252ijh	ElasticNet	0.058780160722749115	RBPSEDataset	800	100	0.25	HepG2	rbpse	mean_squared_error	1024	True	['target_psi']	platiglab	40	['fancy_scatter', 'cumul_resid_dist', ['wandb_faux_pr_curve', {'thresh': 0.5}], ['wandb_faux_roc_curve', {'thresh': 0.5}]]	yogi-RBP-ML-linear-models-april-2025	17.0	train	['r2_score', 'rmse', 'sigmoid_r2']	False	all	False	False	cross_validation	5.0	5	False	1.0	ensembl_gene_id	ensembl_gene_id		True	binary	0.0262	0.3397	-0.126	0.1154	0.02668	0.3397	-0.1249						
27rehvpl	feasible-sweep-1287	finished	ElasticNet	ha252ijh	ElasticNet	0.058780160722749115	RBPSEDataset	900	100	0.25	HepG2	rbpse	mean_squared_error	1024	True	['target_psi']	platiglab	40	['fancy_scatter', 'cumul_resid_dist', ['wandb_faux_pr_curve', {'thresh': 0.5}], ['wandb_faux_roc_curve', {'thresh': 0.5}]]	yogi-RBP-ML-linear-models-april-2025	17.0	train	['r2_score', 'rmse', 'sigmoid_r2']	False	all	False	False	cross_validation	5.0	5	False	1.0	ensembl_gene_id	ensembl_gene_id		True	binary	0.02671	0.3396	-0.1256	0.1153	0.02689	0.3396	-0.1248						
7zceibvg	scarlet-sweep-1288	finished	ElasticNet	ha252ijh	ElasticNet	0.058780160722749115	RBPSEDataset	100	100	0.5	HepG2	rbpse	mean_squared_error	1024	True	['target_psi']	platiglab	40	['fancy_scatter', 'cumul_resid_dist', ['wandb_faux_pr_curve', {'thresh': 0.5}], ['wandb_faux_roc_curve', {'thresh': 0.5}]]	yogi-RBP-ML-linear-models-april-2025	17.0	train	['r2_score', 'rmse', 'sigmoid_r2']	False	all	False	False	cross_validation	5.0	5	False	1.0	ensembl_gene_id	ensembl_gene_id		True	binary	-0.001029	0.3444	-0.1325	0.1186	-0.0003646	0.3443	-0.1312						
29cea8x9	ancient-sweep-1289	finished	ElasticNet	ha252ijh	ElasticNet	0.058780160722749115	RBPSEDataset	200	100	0.5	HepG2	rbpse	mean_squared_error	1024	True	['target_psi']	platiglab	40	['fancy_scatter', 'cumul_resid_dist', ['wandb_faux_pr_curve', {'thresh': 0.5}], ['wandb_faux_roc_curve', {'thresh': 0.5}]]	yogi-RBP-ML-linear-models-april-2025	17.0	train	['r2_score', 'rmse', 'sigmoid_r2']	False	all	False	False	cross_validation	5.0	5	False	1.0	ensembl_gene_id	ensembl_gene_id		True	binary	-0.00045	0.3441	-0.1326	0.1185	-0.0001579	0.3443	-0.1311						
pk1mq4km	dulcet-sweep-1290	finished	ElasticNet	ha252ijh	ElasticNet	0.058780160722749115	RBPSEDataset	300	100	0.5	HepG2	rbpse	mean_squared_error	1024	True	['target_psi']	platiglab	40	['fancy_scatter', 'cumul_resid_dist', ['wandb_faux_pr_curve', {'thresh': 0.5}], ['wandb_faux_roc_curve', {'thresh': 0.5}]]	yogi-RBP-ML-linear-models-april-2025	17.0	train	['r2_score', 'rmse', 'sigmoid_r2']	False	all	False	False	cross_validation	5.0	5	False	1.0	ensembl_gene_id	ensembl_gene_id		True	binary	-0.0004882	0.3442	-0.1323	0.1185	-0.0001759	0.3443	-0.1312						
i4bia77e	golden-sweep-1291	finished	ElasticNet	ha252ijh	ElasticNet	0.058780160722749115	RBPSEDataset	400	100	0.5	HepG2	rbpse	mean_squared_error	1024	True	['target_psi']	platiglab	40	['fancy_scatter', 'cumul_resid_dist', ['wandb_faux_pr_curve', {'thresh': 0.5}], ['wandb_faux_roc_curve', {'thresh': 0.5}]]	yogi-RBP-ML-linear-models-april-2025	17.0	train	['r2_score', 'rmse', 'sigmoid_r2']	False	all	False	False	cross_validation	5.0	5	False	1.0	ensembl_gene_id	ensembl_gene_id		True	binary	-0.0007205	0.3442	-0.1327	0.1186	-0.0002707	0.3443	-0.1312						
d0h4gyz6	polar-sweep-1292	finished	ElasticNet	ha252ijh	ElasticNet	0.058780160722749115	RBPSEDataset	500	100	0.5	HepG2	rbpse	mean_squared_error	1024	True	['target_psi']	platiglab	40	['fancy_scatter', 'cumul_resid_dist', ['wandb_faux_pr_curve', {'thresh': 0.5}], ['wandb_faux_roc_curve', {'thresh': 0.5}]]	yogi-RBP-ML-linear-models-april-2025	17.0	train	['r2_score', 'rmse', 'sigmoid_r2']	False	all	False	False	cross_validation	5.0	5	False	1.0	ensembl_gene_id	ensembl_gene_id		True	binary	-0.0001909	0.3443	-0.1313	0.1185	-6.727e-05	0.3443	-0.1312						
ewfqt71u	robust-sweep-1293	finished	ElasticNet	ha252ijh	ElasticNet	0.058780160722749115	RBPSEDataset	600	100	0.5	HepG2	rbpse	mean_squared_error	1024	True	['target_psi']	platiglab	40	['fancy_scatter', 'cumul_resid_dist', ['wandb_faux_pr_curve', {'thresh': 0.5}], ['wandb_faux_roc_curve', {'thresh': 0.5}]]	yogi-RBP-ML-linear-models-april-2025	17.0	train	['r2_score', 'rmse', 'sigmoid_r2']	False	all	False	False	cross_validation	5.0	5	False	1.0	ensembl_gene_id	ensembl_gene_id		True	binary	-0.001264	0.3444	-0.1332	0.1186	-0.0004687	0.3444	-0.1313						
83t9tc79	dazzling-sweep-1294	finished	ElasticNet	ha252ijh	ElasticNet	0.058780160722749115	RBPSEDataset	700	100	0.5	HepG2	rbpse	mean_squared_error	1024	True	['target_psi']	platiglab	40	['fancy_scatter', 'cumul_resid_dist', ['wandb_faux_pr_curve', {'thresh': 0.5}], ['wandb_faux_roc_curve', {'thresh': 0.5}]]	yogi-RBP-ML-linear-models-april-2025	17.0	train	['r2_score', 'rmse', 'sigmoid_r2']	False	all	False	False	cross_validation	5.0	5	False	1.0	ensembl_gene_id	ensembl_gene_id		True	binary	-0.000296	0.3443	-0.1315	0.1185	-0.0001033	0.3443	-0.1312						
alkrpod1	young-sweep-1295	finished	ElasticNet	ha252ijh	ElasticNet	0.058780160722749115	RBPSEDataset	800	100	0.5	HepG2	rbpse	mean_squared_error	1024	True	['target_psi']	platiglab	40	['fancy_scatter', 'cumul_resid_dist', ['wandb_faux_pr_curve', {'thresh': 0.5}], ['wandb_faux_roc_curve', {'thresh': 0.5}]]	yogi-RBP-ML-linear-models-april-2025	17.0	train	['r2_score', 'rmse', 'sigmoid_r2']	False	all	False	False	cross_validation	5.0	5	False	1.0	ensembl_gene_id	ensembl_gene_id		True	binary	-0.0007777	0.3443	-0.1323	0.1186	-0.0002734	0.3443	-0.1312						
i7l6g2b6	earthy-sweep-1296	finished	ElasticNet	ha252ijh	ElasticNet	0.058780160722749115	RBPSEDataset	900	100	0.5	HepG2	rbpse	mean_squared_error	1024	True	['target_psi']	platiglab	40	['fancy_scatter', 'cumul_resid_dist', ['wandb_faux_pr_curve', {'thresh': 0.5}], ['wandb_faux_roc_curve', {'thresh': 0.5}]]	yogi-RBP-ML-linear-models-april-2025	17.0	train	['r2_score', 'rmse', 'sigmoid_r2']	False	all	False	False	cross_validation	5.0	5	False	1.0	ensembl_gene_id	ensembl_gene_id		True	binary	-0.0003239	0.3442	-0.1319	0.1185	-0.0001132	0.3443	-0.1312						
oziuuree	deep-sweep-1297	finished	ElasticNet	ha252ijh	ElasticNet	0.058780160722749115	RBPSEDataset	100	100	0.75	HepG2	rbpse	mean_squared_error	1024	True	['target_psi']	platiglab	40	['fancy_scatter', 'cumul_resid_dist', ['wandb_faux_pr_curve', {'thresh': 0.5}], ['wandb_faux_roc_curve', {'thresh': 0.5}]]	yogi-RBP-ML-linear-models-april-2025	17.0	train	['r2_score', 'rmse', 'sigmoid_r2']	False	all	False	False	cross_validation	5.0	5	False	1.0	ensembl_gene_id	ensembl_gene_id		True	binary	-0.001029	0.3444	-0.1325	0.1186	-0.0003646	0.3443	-0.1312						
l7u8zvc6	faithful-sweep-1298	finished	ElasticNet	ha252ijh	ElasticNet	0.058780160722749115	RBPSEDataset	200	100	0.75	HepG2	rbpse	mean_squared_error	1024	True	['target_psi']	platiglab	40	['fancy_scatter', 'cumul_resid_dist', ['wandb_faux_pr_curve', {'thresh': 0.5}], ['wandb_faux_roc_curve', {'thresh': 0.5}]]	yogi-RBP-ML-linear-models-april-2025	17.0	train	['r2_score', 'rmse', 'sigmoid_r2']	False	all	False	False	cross_validation	5.0	5	False	1.0	ensembl_gene_id	ensembl_gene_id		True	binary	-0.00045	0.3441	-0.1326	0.1185	-0.0001579	0.3443	-0.1311						
w6i9y48i	dark-sweep-1299	finished	ElasticNet	ha252ijh	ElasticNet	0.058780160722749115	RBPSEDataset	300	100	0.75	HepG2	rbpse	mean_squared_error	1024	True	['target_psi']	platiglab	40	['fancy_scatter', 'cumul_resid_dist', ['wandb_faux_pr_curve', {'thresh': 0.5}], ['wandb_faux_roc_curve', {'thresh': 0.5}]]	yogi-RBP-ML-linear-models-april-2025	17.0	train	['r2_score', 'rmse', 'sigmoid_r2']	False	all	False	False	cross_validation	5.0	5	False	1.0	ensembl_gene_id	ensembl_gene_id		True	binary	-0.0004882	0.3442	-0.1323	0.1185	-0.0001759	0.3443	-0.1312						
mjcugzui	distinctive-sweep-1300	finished	ElasticNet	ha252ijh	ElasticNet	0.058780160722749115	RBPSEDataset	400	100	0.75	HepG2	rbpse	mean_squared_error	1024	True	['target_psi']	platiglab	40	['fancy_scatter', 'cumul_resid_dist', ['wandb_faux_pr_curve', {'thresh': 0.5}], ['wandb_faux_roc_curve', {'thresh': 0.5}]]	yogi-RBP-ML-linear-models-april-2025	17.0	train	['r2_score', 'rmse', 'sigmoid_r2']	False	all	False	False	cross_validation	5.0	5	False	1.0	ensembl_gene_id	ensembl_gene_id		True	binary	-0.0007205	0.3442	-0.1327	0.1186	-0.0002707	0.3443	-0.1312						
rwsr1b8p	wandering-sweep-1301	finished	ElasticNet	ha252ijh	ElasticNet	0.058780160722749115	RBPSEDataset	500	100	0.75	HepG2	rbpse	mean_squared_error	1024	True	['target_psi']	platiglab	40	['fancy_scatter', 'cumul_resid_dist', ['wandb_faux_pr_curve', {'thresh': 0.5}], ['wandb_faux_roc_curve', {'thresh': 0.5}]]	yogi-RBP-ML-linear-models-april-2025	17.0	train	['r2_score', 'rmse', 'sigmoid_r2']	False	all	False	False	cross_validation	5.0	5	False	1.0	ensembl_gene_id	ensembl_gene_id		True	binary	-0.0001909	0.3443	-0.1313	0.1185	-6.727e-05	0.3443	-0.1312						
d2ecbyzy	eager-sweep-1303	finished	ElasticNet	ha252ijh	ElasticNet	0.058780160722749115	RBPSEDataset	700	100	0.75	HepG2	rbpse	mean_squared_error	1024	True	['target_psi']	platiglab	40	['fancy_scatter', 'cumul_resid_dist', ['wandb_faux_pr_curve', {'thresh': 0.5}], ['wandb_faux_roc_curve', {'thresh': 0.5}]]	yogi-RBP-ML-linear-models-april-2025	17.0	train	['r2_score', 'rmse', 'sigmoid_r2']	False	all	False	False	cross_validation	5.0	5	False	1.0	ensembl_gene_id	ensembl_gene_id		True	binary	-0.000296	0.3443	-0.1315	0.1185	-0.0001033	0.3443	-0.1312						
2zyf8ebb	sweet-sweep-1304	finished	ElasticNet	ha252ijh	ElasticNet	0.058780160722749115	RBPSEDataset	800	100	0.75	HepG2	rbpse	mean_squared_error	1024	True	['target_psi']	platiglab	40	['fancy_scatter', 'cumul_resid_dist', ['wandb_faux_pr_curve', {'thresh': 0.5}], ['wandb_faux_roc_curve', {'thresh': 0.5}]]	yogi-RBP-ML-linear-models-april-2025	17.0	train	['r2_score', 'rmse', 'sigmoid_r2']	False	all	False	False	cross_validation	5.0	5	False	1.0	ensembl_gene_id	ensembl_gene_id		True	binary	-0.0007777	0.3443	-0.1323	0.1186	-0.0002734	0.3443	-0.1312						
rsn73imi	astral-sweep-1305	finished	ElasticNet	ha252ijh	ElasticNet	0.058780160722749115	RBPSEDataset	900	100	0.75	HepG2	rbpse	mean_squared_error	1024	True	['target_psi']	platiglab	40	['fancy_scatter', 'cumul_resid_dist', ['wandb_faux_pr_curve', {'thresh': 0.5}], ['wandb_faux_roc_curve', {'thresh': 0.5}]]	yogi-RBP-ML-linear-models-april-2025	17.0	train	['r2_score', 'rmse', 'sigmoid_r2']	False	all	False	False	cross_validation	5.0	5	False	1.0	ensembl_gene_id	ensembl_gene_id		True	binary	-0.0003239	0.3442	-0.1319	0.1185	-0.0001132	0.3443	-0.1312						
0lbvrn42	trim-sweep-1306	finished	ElasticNet	ha252ijh	ElasticNet	0.058780160722749115	RBPSEDataset	100	100	0.9	HepG2	rbpse	mean_squared_error	1024	True	['target_psi']	platiglab	40	['fancy_scatter', 'cumul_resid_dist', ['wandb_faux_pr_curve', {'thresh': 0.5}], ['wandb_faux_roc_curve', {'thresh': 0.5}]]	yogi-RBP-ML-linear-models-april-2025	17.0	train	['r2_score', 'rmse', 'sigmoid_r2']	False	all	False	False	cross_validation	5.0	5	False	1.0	ensembl_gene_id	ensembl_gene_id		True	binary	-0.001029	0.3444	-0.1325	0.1186	-0.0003646	0.3443	-0.1312						
8mto1ny8	avid-sweep-1307	finished	ElasticNet	ha252ijh	ElasticNet	0.058780160722749115	RBPSEDataset	200	100	0.9	HepG2	rbpse	mean_squared_error	1024	True	['target_psi']	platiglab	40	['fancy_scatter', 'cumul_resid_dist', ['wandb_faux_pr_curve', {'thresh': 0.5}], ['wandb_faux_roc_curve', {'thresh': 0.5}]]	yogi-RBP-ML-linear-models-april-2025	17.0	train	['r2_score', 'rmse', 'sigmoid_r2']	False	all	False	False	cross_validation	5.0	5	False	1.0	ensembl_gene_id	ensembl_gene_id		True	binary	-0.00045	0.3441	-0.1326	0.1185	-0.0001579	0.3443	-0.1311						
fpi88mu2	misunderstood-sweep-1308	finished	ElasticNet	ha252ijh	ElasticNet	0.058780160722749115	RBPSEDataset	300	100	0.9	HepG2	rbpse	mean_squared_error	1024	True	['target_psi']	platiglab	40	['fancy_scatter', 'cumul_resid_dist', ['wandb_faux_pr_curve', {'thresh': 0.5}], ['wandb_faux_roc_curve', {'thresh': 0.5}]]	yogi-RBP-ML-linear-models-april-2025	17.0	train	['r2_score', 'rmse', 'sigmoid_r2']	False	all	False	False	cross_validation	5.0	5	False	1.0	ensembl_gene_id	ensembl_gene_id		True	binary	-0.0004882	0.3442	-0.1323	0.1185	-0.0001759	0.3443	-0.1312						
peu2qzym	golden-sweep-1309	finished	ElasticNet	ha252ijh	ElasticNet	0.058780160722749115	RBPSEDataset	400	100	0.9	HepG2	rbpse	mean_squared_error	1024	True	['target_psi']	platiglab	40	['fancy_scatter', 'cumul_resid_dist', ['wandb_faux_pr_curve', {'thresh': 0.5}], ['wandb_faux_roc_curve', {'thresh': 0.5}]]	yogi-RBP-ML-linear-models-april-2025	17.0	train	['r2_score', 'rmse', 'sigmoid_r2']	False	all	False	False	cross_validation	5.0	5	False	1.0	ensembl_gene_id	ensembl_gene_id		True	binary	-0.0007205	0.3442	-0.1327	0.1186	-0.0002707	0.3443	-0.1312						
gju7w1ek	likely-sweep-1310	finished	ElasticNet	ha252ijh	ElasticNet	0.058780160722749115	RBPSEDataset	500	100	0.9	HepG2	rbpse	mean_squared_error	1024	True	['target_psi']	platiglab	40	['fancy_scatter', 'cumul_resid_dist', ['wandb_faux_pr_curve', {'thresh': 0.5}], ['wandb_faux_roc_curve', {'thresh': 0.5}]]	yogi-RBP-ML-linear-models-april-2025	17.0	train	['r2_score', 'rmse', 'sigmoid_r2']	False	all	False	False	cross_validation	5.0	5	False	1.0	ensembl_gene_id	ensembl_gene_id		True	binary	-0.0001909	0.3443	-0.1313	0.1185	-6.727e-05	0.3443	-0.1312						
ez9hb2fg	clear-sweep-1311	finished	ElasticNet	ha252ijh	ElasticNet	0.058780160722749115	RBPSEDataset	600	100	0.9	HepG2	rbpse	mean_squared_error	1024	True	['target_psi']	platiglab	40	['fancy_scatter', 'cumul_resid_dist', ['wandb_faux_pr_curve', {'thresh': 0.5}], ['wandb_faux_roc_curve', {'thresh': 0.5}]]	yogi-RBP-ML-linear-models-april-2025	17.0	train	['r2_score', 'rmse', 'sigmoid_r2']	False	all	False	False	cross_validation	5.0	5	False	1.0	ensembl_gene_id	ensembl_gene_id		True	binary	-0.001264	0.3444	-0.1332	0.1186	-0.0004687	0.3444	-0.1313						
no87i09m	lyric-sweep-1312	finished	ElasticNet	ha252ijh	ElasticNet	0.058780160722749115	RBPSEDataset	700	100	0.9	HepG2	rbpse	mean_squared_error	1024	True	['target_psi']	platiglab	40	['fancy_scatter', 'cumul_resid_dist', ['wandb_faux_pr_curve', {'thresh': 0.5}], ['wandb_faux_roc_curve', {'thresh': 0.5}]]	yogi-RBP-ML-linear-models-april-2025	17.0	train	['r2_score', 'rmse', 'sigmoid_r2']	False	all	False	False	cross_validation	5.0	5	False	1.0	ensembl_gene_id	ensembl_gene_id		True	binary	-0.000296	0.3443	-0.1315	0.1185	-0.0001033	0.3443	-0.1312						
gyhbakzu	expert-sweep-1313	finished	ElasticNet	ha252ijh	ElasticNet	0.058780160722749115	RBPSEDataset	800	100	0.9	HepG2	rbpse	mean_squared_error	1024	True	['target_psi']	platiglab	40	['fancy_scatter', 'cumul_resid_dist', ['wandb_faux_pr_curve', {'thresh': 0.5}], ['wandb_faux_roc_curve', {'thresh': 0.5}]]	yogi-RBP-ML-linear-models-april-2025	17.0	train	['r2_score', 'rmse', 'sigmoid_r2']	False	all	False	False	cross_validation	5.0	5	False	1.0	ensembl_gene_id	ensembl_gene_id		True	binary	-0.0007777	0.3443	-0.1323	0.1186	-0.0002734	0.3443	-0.1312						
psz8dx1t	mild-sweep-1314	finished	ElasticNet	ha252ijh	ElasticNet	0.058780160722749115	RBPSEDataset	900	100	0.9	HepG2	rbpse	mean_squared_error	1024	True	['target_psi']	platiglab	40	['fancy_scatter', 'cumul_resid_dist', ['wandb_faux_pr_curve', {'thresh': 0.5}], ['wandb_faux_roc_curve', {'thresh': 0.5}]]	yogi-RBP-ML-linear-models-april-2025	17.0	train	['r2_score', 'rmse', 'sigmoid_r2']	False	all	False	False	cross_validation	5.0	5	False	1.0	ensembl_gene_id	ensembl_gene_id		True	binary	-0.0003239	0.3442	-0.1319	0.1185	-0.0001132	0.3443	-0.1312						
l4nufkfl	misty-sweep-1315	finished	ElasticNet	ha252ijh	ElasticNet	0.058780160722749115	RBPSEDataset	100	100	1.0	HepG2	rbpse	mean_squared_error	1024	True	['target_psi']	platiglab	40	['fancy_scatter', 'cumul_resid_dist', ['wandb_faux_pr_curve', {'thresh': 0.5}], ['wandb_faux_roc_curve', {'thresh': 0.5}]]	yogi-RBP-ML-linear-models-april-2025	17.0	train	['r2_score', 'rmse', 'sigmoid_r2']	False	all	False	False	cross_validation	5.0	5	False	1.0	ensembl_gene_id	ensembl_gene_id		True	binary	-0.001029	0.3444	-0.1325	0.1186	-0.0003646	0.3443	-0.1312						
3wgf0v1a	rosy-sweep-1317	finished	ElasticNet	ha252ijh	ElasticNet	0.058780160722749115	RBPSEDataset	300	100	1.0	HepG2	rbpse	mean_squared_error	1024	True	['target_psi']	platiglab	40	['fancy_scatter', 'cumul_resid_dist', ['wandb_faux_pr_curve', {'thresh': 0.5}], ['wandb_faux_roc_curve', {'thresh': 0.5}]]	yogi-RBP-ML-linear-models-april-2025	17.0	train	['r2_score', 'rmse', 'sigmoid_r2']	False	all	False	False	cross_validation	5.0	5	False	1.0	ensembl_gene_id	ensembl_gene_id		True	binary	-0.0004882	0.3442	-0.1323	0.1185	-0.0001759	0.3443	-0.1312						
cm16qr75	light-sweep-1316	finished	ElasticNet	ha252ijh	ElasticNet	0.058780160722749115	RBPSEDataset	200	100	1.0	HepG2	rbpse	mean_squared_error	1024	True	['target_psi']	platiglab	40	['fancy_scatter', 'cumul_resid_dist', ['wandb_faux_pr_curve', {'thresh': 0.5}], ['wandb_faux_roc_curve', {'thresh': 0.5}]]	yogi-RBP-ML-linear-models-april-2025	17.0	train	['r2_score', 'rmse', 'sigmoid_r2']	False	all	False	False	cross_validation	5.0	5	False	1.0	ensembl_gene_id	ensembl_gene_id		True	binary	-0.00045	0.3441	-0.1326	0.1185	-0.0001579	0.3443	-0.1311						
vynumt7z	glowing-sweep-1318	finished	ElasticNet	ha252ijh	ElasticNet	0.058780160722749115	RBPSEDataset	400	100	1.0	HepG2	rbpse	mean_squared_error	1024	True	['target_psi']	platiglab	40	['fancy_scatter', 'cumul_resid_dist', ['wandb_faux_pr_curve', {'thresh': 0.5}], ['wandb_faux_roc_curve', {'thresh': 0.5}]]	yogi-RBP-ML-linear-models-april-2025	17.0	train	['r2_score', 'rmse', 'sigmoid_r2']	False	all	False	False	cross_validation	5.0	5	False	1.0	ensembl_gene_id	ensembl_gene_id		True	binary	-0.0007205	0.3442	-0.1327	0.1186	-0.0002707	0.3443	-0.1312						
vuhh33uv	bright-sweep-1320	finished	ElasticNet	ha252ijh	ElasticNet	0.058780160722749115	RBPSEDataset	600	100	1.0	HepG2	rbpse	mean_squared_error	1024	True	['target_psi']	platiglab	40	['fancy_scatter', 'cumul_resid_dist', ['wandb_faux_pr_curve', {'thresh': 0.5}], ['wandb_faux_roc_curve', {'thresh': 0.5}]]	yogi-RBP-ML-linear-models-april-2025	17.0	train	['r2_score', 'rmse', 'sigmoid_r2']	False	all	False	False	cross_validation	5.0	5	False	1.0	ensembl_gene_id	ensembl_gene_id		True	binary	-0.001264	0.3444	-0.1332	0.1186	-0.0004687	0.3444	-0.1313						
eig985sf	rosy-sweep-1321	finished	ElasticNet	ha252ijh	ElasticNet	0.058780160722749115	RBPSEDataset	700	100	1.0	HepG2	rbpse	mean_squared_error	1024	True	['target_psi']	platiglab	40	['fancy_scatter', 'cumul_resid_dist', ['wandb_faux_pr_curve', {'thresh': 0.5}], ['wandb_faux_roc_curve', {'thresh': 0.5}]]	yogi-RBP-ML-linear-models-april-2025	17.0	train	['r2_score', 'rmse', 'sigmoid_r2']	False	all	False	False	cross_validation	5.0	5	False	1.0	ensembl_gene_id	ensembl_gene_id		True	binary	-0.000296	0.3443	-0.1315	0.1185	-0.0001033	0.3443	-0.1312						
y7t6v7e5	devoted-sweep-1322	finished	ElasticNet	ha252ijh	ElasticNet	0.058780160722749115	RBPSEDataset	800	100	1.0	HepG2	rbpse	mean_squared_error	1024	True	['target_psi']	platiglab	40	['fancy_scatter', 'cumul_resid_dist', ['wandb_faux_pr_curve', {'thresh': 0.5}], ['wandb_faux_roc_curve', {'thresh': 0.5}]]	yogi-RBP-ML-linear-models-april-2025	17.0	train	['r2_score', 'rmse', 'sigmoid_r2']	False	all	False	False	cross_validation	5.0	5	False	1.0	ensembl_gene_id	ensembl_gene_id		True	binary	-0.0007777	0.3443	-0.1323	0.1186	-0.0002734	0.3443	-0.1312						
eq21strr	honest-sweep-1323	finished	ElasticNet	ha252ijh	ElasticNet	0.058780160722749115	RBPSEDataset	900	100	1.0	HepG2	rbpse	mean_squared_error	1024	True	['target_psi']	platiglab	40	['fancy_scatter', 'cumul_resid_dist', ['wandb_faux_pr_curve', {'thresh': 0.5}], ['wandb_faux_roc_curve', {'thresh': 0.5}]]	yogi-RBP-ML-linear-models-april-2025	17.0	train	['r2_score', 'rmse', 'sigmoid_r2']	False	all	False	False	cross_validation	5.0	5	False	1.0	ensembl_gene_id	ensembl_gene_id		True	binary	-0.0003239	0.3442	-0.1319	0.1185	-0.0001132	0.3443	-0.1312						
b2ah6a48	generous-sweep-1333	finished	ElasticNet	ha252ijh	ElasticNet	0.17012542798525893	RBPSEDataset	100	100	0.1	HepG2	rbpse	mean_squared_error	1024	True	['target_psi']	platiglab	40	['fancy_scatter', 'cumul_resid_dist', ['wandb_faux_pr_curve', {'thresh': 0.5}], ['wandb_faux_roc_curve', {'thresh': 0.5}]]	yogi-RBP-ML-linear-models-april-2025	17.0	train	['r2_score', 'rmse', 'sigmoid_r2']	False	all	False	False	cross_validation	5.0	5	False	1.0	ensembl_gene_id	ensembl_gene_id		True	binary	0.01084	0.3424	-0.1299	0.1172	0.01149	0.3423	-0.1286						
dlycycdo	usual-sweep-1335	finished	ElasticNet	ha252ijh	ElasticNet	0.17012542798525893	RBPSEDataset	300	100	0.1	HepG2	rbpse	mean_squared_error	1024	True	['target_psi']	platiglab	40	['fancy_scatter', 'cumul_resid_dist', ['wandb_faux_pr_curve', {'thresh': 0.5}], ['wandb_faux_roc_curve', {'thresh': 0.5}]]	yogi-RBP-ML-linear-models-april-2025	17.0	train	['r2_score', 'rmse', 'sigmoid_r2']	False	all	False	False	cross_validation	5.0	5	False	1.0	ensembl_gene_id	ensembl_gene_id		True	binary	0.01141	0.3422	-0.1297	0.1171	0.0117	0.3423	-0.1285						
2rpapywf	atomic-sweep-1337	finished	ElasticNet	ha252ijh	ElasticNet	0.17012542798525893	RBPSEDataset	500	100	0.1	HepG2	rbpse	mean_squared_error	1024	True	['target_psi']	platiglab	40	['fancy_scatter', 'cumul_resid_dist', ['wandb_faux_pr_curve', {'thresh': 0.5}], ['wandb_faux_roc_curve', {'thresh': 0.5}]]	yogi-RBP-ML-linear-models-april-2025	17.0	train	['r2_score', 'rmse', 'sigmoid_r2']	False	all	False	False	cross_validation	5.0	5	False	1.0	ensembl_gene_id	ensembl_gene_id		True	binary	0.01171	0.3423	-0.1287	0.1171	0.01184	0.3422	-0.1285						
5kfgxvxw	balmy-sweep-1338	finished	ElasticNet	ha252ijh	ElasticNet	0.17012542798525893	RBPSEDataset	600	100	0.1	HepG2	rbpse	mean_squared_error	1024	True	['target_psi']	platiglab	40	['fancy_scatter', 'cumul_resid_dist', ['wandb_faux_pr_curve', {'thresh': 0.5}], ['wandb_faux_roc_curve', {'thresh': 0.5}]]	yogi-RBP-ML-linear-models-april-2025	17.0	train	['r2_score', 'rmse', 'sigmoid_r2']	False	all	False	False	cross_validation	5.0	5	False	1.0	ensembl_gene_id	ensembl_gene_id		True	binary	0.01066	0.3423	-0.1306	0.1172	0.01143	0.3423	-0.1286						
u8xr5tl0	splendid-sweep-1339	finished	ElasticNet	ha252ijh	ElasticNet	0.17012542798525893	RBPSEDataset	700	100	0.1	HepG2	rbpse	mean_squared_error	1024	True	['target_psi']	platiglab	40	['fancy_scatter', 'cumul_resid_dist', ['wandb_faux_pr_curve', {'thresh': 0.5}], ['wandb_faux_roc_curve', {'thresh': 0.5}]]	yogi-RBP-ML-linear-models-april-2025	17.0	train	['r2_score', 'rmse', 'sigmoid_r2']	False	all	False	False	cross_validation	5.0	5	False	1.0	ensembl_gene_id	ensembl_gene_id		True	binary	0.01158	0.3423	-0.1289	0.1171	0.01177	0.3422	-0.1285						
qoj51ozb	dashing-sweep-1340	finished	ElasticNet	ha252ijh	ElasticNet	0.17012542798525893	RBPSEDataset	800	100	0.1	HepG2	rbpse	mean_squared_error	1024	True	['target_psi']	platiglab	40	['fancy_scatter', 'cumul_resid_dist', ['wandb_faux_pr_curve', {'thresh': 0.5}], ['wandb_faux_roc_curve', {'thresh': 0.5}]]	yogi-RBP-ML-linear-models-april-2025	17.0	train	['r2_score', 'rmse', 'sigmoid_r2']	False	all	False	False	cross_validation	5.0	5	False	1.0	ensembl_gene_id	ensembl_gene_id		True	binary	0.01112	0.3423	-0.1297	0.1172	0.0116	0.3423	-0.1286						
n2x90k0z	resilient-sweep-1341	finished	ElasticNet	ha252ijh	ElasticNet	0.17012542798525893	RBPSEDataset	900	100	0.1	HepG2	rbpse	mean_squared_error	1024	True	['target_psi']	platiglab	40	['fancy_scatter', 'cumul_resid_dist', ['wandb_faux_pr_curve', {'thresh': 0.5}], ['wandb_faux_roc_curve', {'thresh': 0.5}]]	yogi-RBP-ML-linear-models-april-2025	17.0	train	['r2_score', 'rmse', 'sigmoid_r2']	False	all	False	False	cross_validation	5.0	5	False	1.0	ensembl_gene_id	ensembl_gene_id		True	binary	0.01159	0.3422	-0.1293	0.1171	0.01178	0.3422	-0.1285						
3czdsgji	clean-sweep-1343	finished	ElasticNet	ha252ijh	ElasticNet	0.17012542798525893	RBPSEDataset	200	100	0.25	HepG2	rbpse	mean_squared_error	1024	True	['target_psi']	platiglab	40	['fancy_scatter', 'cumul_resid_dist', ['wandb_faux_pr_curve', {'thresh': 0.5}], ['wandb_faux_roc_curve', {'thresh': 0.5}]]	yogi-RBP-ML-linear-models-april-2025	17.0	train	['r2_score', 'rmse', 'sigmoid_r2']	False	all	False	False	cross_validation	5.0	5	False	1.0	ensembl_gene_id	ensembl_gene_id		True	binary	-0.00045	0.3441	-0.1326	0.1185	-0.0001579	0.3443	-0.1311						
9cgqw0ef	smart-sweep-1345	finished	ElasticNet	ha252ijh	ElasticNet	0.17012542798525893	RBPSEDataset	400	100	0.25	HepG2	rbpse	mean_squared_error	1024	True	['target_psi']	platiglab	40	['fancy_scatter', 'cumul_resid_dist', ['wandb_faux_pr_curve', {'thresh': 0.5}], ['wandb_faux_roc_curve', {'thresh': 0.5}]]	yogi-RBP-ML-linear-models-april-2025	17.0	train	['r2_score', 'rmse', 'sigmoid_r2']	False	all	False	False	cross_validation	5.0	5	False	1.0	ensembl_gene_id	ensembl_gene_id		True	binary	-0.0007205	0.3442	-0.1327	0.1186	-0.0002707	0.3443	-0.1312						
f0jzfexc	lucky-sweep-1346	finished	ElasticNet	ha252ijh	ElasticNet	0.17012542798525893	RBPSEDataset	500	100	0.25	HepG2	rbpse	mean_squared_error	1024	True	['target_psi']	platiglab	40	['fancy_scatter', 'cumul_resid_dist', ['wandb_faux_pr_curve', {'thresh': 0.5}], ['wandb_faux_roc_curve', {'thresh': 0.5}]]	yogi-RBP-ML-linear-models-april-2025	17.0	train	['r2_score', 'rmse', 'sigmoid_r2']	False	all	False	False	cross_validation	5.0	5	False	1.0	ensembl_gene_id	ensembl_gene_id		True	binary	-0.0001909	0.3443	-0.1313	0.1185	-6.727e-05	0.3443	-0.1312						
k7sht54m	glowing-sweep-1347	finished	ElasticNet	ha252ijh	ElasticNet	0.17012542798525893	RBPSEDataset	600	100	0.25	HepG2	rbpse	mean_squared_error	1024	True	['target_psi']	platiglab	40	['fancy_scatter', 'cumul_resid_dist', ['wandb_faux_pr_curve', {'thresh': 0.5}], ['wandb_faux_roc_curve', {'thresh': 0.5}]]	yogi-RBP-ML-linear-models-april-2025	17.0	train	['r2_score', 'rmse', 'sigmoid_r2']	False	all	False	False	cross_validation	5.0	5	False	1.0	ensembl_gene_id	ensembl_gene_id		True	binary	-0.001264	0.3444	-0.1332	0.1186	-0.0004687	0.3444	-0.1313						
6v470u1i	confused-sweep-1348	finished	ElasticNet	ha252ijh	ElasticNet	0.17012542798525893	RBPSEDataset	700	100	0.25	HepG2	rbpse	mean_squared_error	1024	True	['target_psi']	platiglab	40	['fancy_scatter', 'cumul_resid_dist', ['wandb_faux_pr_curve', {'thresh': 0.5}], ['wandb_faux_roc_curve', {'thresh': 0.5}]]	yogi-RBP-ML-linear-models-april-2025	17.0	train	['r2_score', 'rmse', 'sigmoid_r2']	False	all	False	False	cross_validation	5.0	5	False	1.0	ensembl_gene_id	ensembl_gene_id		True	binary	-0.000296	0.3443	-0.1315	0.1185	-0.0001033	0.3443	-0.1312						
gx2dwbhk	atomic-sweep-1350	finished	ElasticNet	ha252ijh	ElasticNet	0.17012542798525893	RBPSEDataset	900	100	0.25	HepG2	rbpse	mean_squared_error	1024	True	['target_psi']	platiglab	40	['fancy_scatter', 'cumul_resid_dist', ['wandb_faux_pr_curve', {'thresh': 0.5}], ['wandb_faux_roc_curve', {'thresh': 0.5}]]	yogi-RBP-ML-linear-models-april-2025	17.0	train	['r2_score', 'rmse', 'sigmoid_r2']	False	all	False	False	cross_validation	5.0	5	False	1.0	ensembl_gene_id	ensembl_gene_id		True	binary	-0.0003239	0.3442	-0.1319	0.1185	-0.0001132	0.3443	-0.1312						
ooibe0d6	radiant-sweep-1351	finished	ElasticNet	ha252ijh	ElasticNet	0.17012542798525893	RBPSEDataset	100	100	0.5	HepG2	rbpse	mean_squared_error	1024	True	['target_psi']	platiglab	40	['fancy_scatter', 'cumul_resid_dist', ['wandb_faux_pr_curve', {'thresh': 0.5}], ['wandb_faux_roc_curve', {'thresh': 0.5}]]	yogi-RBP-ML-linear-models-april-2025	17.0	train	['r2_score', 'rmse', 'sigmoid_r2']	False	all	False	False	cross_validation	5.0	5	False	1.0	ensembl_gene_id	ensembl_gene_id		True	binary	-0.001029	0.3444	-0.1325	0.1186	-0.0003646	0.3443	-0.1312						
b6ft3lrs	dazzling-sweep-1352	finished	ElasticNet	ha252ijh	ElasticNet	0.17012542798525893	RBPSEDataset	200	100	0.5	HepG2	rbpse	mean_squared_error	1024	True	['target_psi']	platiglab	40	['fancy_scatter', 'cumul_resid_dist', ['wandb_faux_pr_curve', {'thresh': 0.5}], ['wandb_faux_roc_curve', {'thresh': 0.5}]]	yogi-RBP-ML-linear-models-april-2025	17.0	train	['r2_score', 'rmse', 'sigmoid_r2']	False	all	False	False	cross_validation	5.0	5	False	1.0	ensembl_gene_id	ensembl_gene_id		True	binary	-0.00045	0.3441	-0.1326	0.1185	-0.0001579	0.3443	-0.1311						
ikq1dfwi	frosty-sweep-1353	finished	ElasticNet	ha252ijh	ElasticNet	0.17012542798525893	RBPSEDataset	300	100	0.5	HepG2	rbpse	mean_squared_error	1024	True	['target_psi']	platiglab	40	['fancy_scatter', 'cumul_resid_dist', ['wandb_faux_pr_curve', {'thresh': 0.5}], ['wandb_faux_roc_curve', {'thresh': 0.5}]]	yogi-RBP-ML-linear-models-april-2025	17.0	train	['r2_score', 'rmse', 'sigmoid_r2']	False	all	False	False	cross_validation	5.0	5	False	1.0	ensembl_gene_id	ensembl_gene_id		True	binary	-0.0004882	0.3442	-0.1323	0.1185	-0.0001759	0.3443	-0.1312						
i2thgioy	mild-sweep-1354	finished	ElasticNet	ha252ijh	ElasticNet	0.17012542798525893	RBPSEDataset	400	100	0.5	HepG2	rbpse	mean_squared_error	1024	True	['target_psi']	platiglab	40	['fancy_scatter', 'cumul_resid_dist', ['wandb_faux_pr_curve', {'thresh': 0.5}], ['wandb_faux_roc_curve', {'thresh': 0.5}]]	yogi-RBP-ML-linear-models-april-2025	17.0	train	['r2_score', 'rmse', 'sigmoid_r2']	False	all	False	False	cross_validation	5.0	5	False	1.0	ensembl_gene_id	ensembl_gene_id		True	binary	-0.0007205	0.3442	-0.1327	0.1186	-0.0002707	0.3443	-0.1312						
ajhetf0z	rare-sweep-1355	finished	ElasticNet	ha252ijh	ElasticNet	0.17012542798525893	RBPSEDataset	500	100	0.5	HepG2	rbpse	mean_squared_error	1024	True	['target_psi']	platiglab	40	['fancy_scatter', 'cumul_resid_dist', ['wandb_faux_pr_curve', {'thresh': 0.5}], ['wandb_faux_roc_curve', {'thresh': 0.5}]]	yogi-RBP-ML-linear-models-april-2025	17.0	train	['r2_score', 'rmse', 'sigmoid_r2']	False	all	False	False	cross_validation	5.0	5	False	1.0	ensembl_gene_id	ensembl_gene_id		True	binary	-0.0001909	0.3443	-0.1313	0.1185	-6.727e-05	0.3443	-0.1312						
ubra93b4	summer-sweep-1356	finished	ElasticNet	ha252ijh	ElasticNet	0.17012542798525893	RBPSEDataset	600	100	0.5	HepG2	rbpse	mean_squared_error	1024	True	['target_psi']	platiglab	40	['fancy_scatter', 'cumul_resid_dist', ['wandb_faux_pr_curve', {'thresh': 0.5}], ['wandb_faux_roc_curve', {'thresh': 0.5}]]	yogi-RBP-ML-linear-models-april-2025	17.0	train	['r2_score', 'rmse', 'sigmoid_r2']	False	all	False	False	cross_validation	5.0	5	False	1.0	ensembl_gene_id	ensembl_gene_id		True	binary	-0.001264	0.3444	-0.1332	0.1186	-0.0004687	0.3444	-0.1313						
1pa1jtd5	balmy-sweep-1358	finished	ElasticNet	ha252ijh	ElasticNet	0.17012542798525893	RBPSEDataset	800	100	0.5	HepG2	rbpse	mean_squared_error	1024	True	['target_psi']	platiglab	40	['fancy_scatter', 'cumul_resid_dist', ['wandb_faux_pr_curve', {'thresh': 0.5}], ['wandb_faux_roc_curve', {'thresh': 0.5}]]	yogi-RBP-ML-linear-models-april-2025	17.0	train	['r2_score', 'rmse', 'sigmoid_r2']	False	all	False	False	cross_validation	5.0	5	False	1.0	ensembl_gene_id	ensembl_gene_id		True	binary	-0.0007777	0.3443	-0.1323	0.1186	-0.0002734	0.3443	-0.1312						
p4q1a43j	warm-sweep-1359	finished	ElasticNet	ha252ijh	ElasticNet	0.17012542798525893	RBPSEDataset	900	100	0.5	HepG2	rbpse	mean_squared_error	1024	True	['target_psi']	platiglab	40	['fancy_scatter', 'cumul_resid_dist', ['wandb_faux_pr_curve', {'thresh': 0.5}], ['wandb_faux_roc_curve', {'thresh': 0.5}]]	yogi-RBP-ML-linear-models-april-2025	17.0	train	['r2_score', 'rmse', 'sigmoid_r2']	False	all	False	False	cross_validation	5.0	5	False	1.0	ensembl_gene_id	ensembl_gene_id		True	binary	-0.0003239	0.3442	-0.1319	0.1185	-0.0001132	0.3443	-0.1312						
4k0cjujh	pious-sweep-1360	finished	ElasticNet	ha252ijh	ElasticNet	0.17012542798525893	RBPSEDataset	100	100	0.75	HepG2	rbpse	mean_squared_error	1024	True	['target_psi']	platiglab	40	['fancy_scatter', 'cumul_resid_dist', ['wandb_faux_pr_curve', {'thresh': 0.5}], ['wandb_faux_roc_curve', {'thresh': 0.5}]]	yogi-RBP-ML-linear-models-april-2025	17.0	train	['r2_score', 'rmse', 'sigmoid_r2']	False	all	False	False	cross_validation	5.0	5	False	1.0	ensembl_gene_id	ensembl_gene_id		True	binary	-0.001029	0.3444	-0.1325	0.1186	-0.0003646	0.3443	-0.1312						
oxsfqgl3	dauntless-sweep-1362	finished	ElasticNet	ha252ijh	ElasticNet	0.17012542798525893	RBPSEDataset	300	100	0.75	HepG2	rbpse	mean_squared_error	1024	True	['target_psi']	platiglab	40	['fancy_scatter', 'cumul_resid_dist', ['wandb_faux_pr_curve', {'thresh': 0.5}], ['wandb_faux_roc_curve', {'thresh': 0.5}]]	yogi-RBP-ML-linear-models-april-2025	17.0	train	['r2_score', 'rmse', 'sigmoid_r2']	False	all	False	False	cross_validation	5.0	5	False	1.0	ensembl_gene_id	ensembl_gene_id		True	binary	-0.0004882	0.3442	-0.1323	0.1185	-0.0001759	0.3443	-0.1312						
iygsbr3s	earnest-sweep-1363	finished	ElasticNet	ha252ijh	ElasticNet	0.17012542798525893	RBPSEDataset	400	100	0.75	HepG2	rbpse	mean_squared_error	1024	True	['target_psi']	platiglab	40	['fancy_scatter', 'cumul_resid_dist', ['wandb_faux_pr_curve', {'thresh': 0.5}], ['wandb_faux_roc_curve', {'thresh': 0.5}]]	yogi-RBP-ML-linear-models-april-2025	17.0	train	['r2_score', 'rmse', 'sigmoid_r2']	False	all	False	False	cross_validation	5.0	5	False	1.0	ensembl_gene_id	ensembl_gene_id		True	binary	-0.0007205	0.3442	-0.1327	0.1186	-0.0002707	0.3443	-0.1312						
0tvcyi0w	wise-sweep-1364	finished	ElasticNet	ha252ijh	ElasticNet	0.17012542798525893	RBPSEDataset	500	100	0.75	HepG2	rbpse	mean_squared_error	1024	True	['target_psi']	platiglab	40	['fancy_scatter', 'cumul_resid_dist', ['wandb_faux_pr_curve', {'thresh': 0.5}], ['wandb_faux_roc_curve', {'thresh': 0.5}]]	yogi-RBP-ML-linear-models-april-2025	17.0	train	['r2_score', 'rmse', 'sigmoid_r2']	False	all	False	False	cross_validation	5.0	5	False	1.0	ensembl_gene_id	ensembl_gene_id		True	binary	-0.0001909	0.3443	-0.1313	0.1185	-6.727e-05	0.3443	-0.1312						
fsggqjj3	vital-sweep-1365	finished	ElasticNet	ha252ijh	ElasticNet	0.17012542798525893	RBPSEDataset	600	100	0.75	HepG2	rbpse	mean_squared_error	1024	True	['target_psi']	platiglab	40	['fancy_scatter', 'cumul_resid_dist', ['wandb_faux_pr_curve', {'thresh': 0.5}], ['wandb_faux_roc_curve', {'thresh': 0.5}]]	yogi-RBP-ML-linear-models-april-2025	17.0	train	['r2_score', 'rmse', 'sigmoid_r2']	False	all	False	False	cross_validation	5.0	5	False	1.0	ensembl_gene_id	ensembl_gene_id		True	binary	-0.001264	0.3444	-0.1332	0.1186	-0.0004687	0.3444	-0.1313						
hrgrcaej	dandy-sweep-1367	finished	ElasticNet	ha252ijh	ElasticNet	0.17012542798525893	RBPSEDataset	800	100	0.75	HepG2	rbpse	mean_squared_error	1024	True	['target_psi']	platiglab	40	['fancy_scatter', 'cumul_resid_dist', ['wandb_faux_pr_curve', {'thresh': 0.5}], ['wandb_faux_roc_curve', {'thresh': 0.5}]]	yogi-RBP-ML-linear-models-april-2025	17.0	train	['r2_score', 'rmse', 'sigmoid_r2']	False	all	False	False	cross_validation	5.0	5	False	1.0	ensembl_gene_id	ensembl_gene_id		True	binary	-0.0007777	0.3443	-0.1323	0.1186	-0.0002734	0.3443	-0.1312						
vo3ndkmv	apricot-sweep-1369	finished	ElasticNet	ha252ijh	ElasticNet	0.17012542798525893	RBPSEDataset	100	100	0.9	HepG2	rbpse	mean_squared_error	1024	True	['target_psi']	platiglab	40	['fancy_scatter', 'cumul_resid_dist', ['wandb_faux_pr_curve', {'thresh': 0.5}], ['wandb_faux_roc_curve', {'thresh': 0.5}]]	yogi-RBP-ML-linear-models-april-2025	17.0	train	['r2_score', 'rmse', 'sigmoid_r2']	False	all	False	False	cross_validation	5.0	5	False	1.0	ensembl_gene_id	ensembl_gene_id		True	binary	-0.001029	0.3444	-0.1325	0.1186	-0.0003646	0.3443	-0.1312						
nmlqtfn6	fallen-sweep-1370	finished	ElasticNet	ha252ijh	ElasticNet	0.17012542798525893	RBPSEDataset	200	100	0.9	HepG2	rbpse	mean_squared_error	1024	True	['target_psi']	platiglab	40	['fancy_scatter', 'cumul_resid_dist', ['wandb_faux_pr_curve', {'thresh': 0.5}], ['wandb_faux_roc_curve', {'thresh': 0.5}]]	yogi-RBP-ML-linear-models-april-2025	17.0	train	['r2_score', 'rmse', 'sigmoid_r2']	False	all	False	False	cross_validation	5.0	5	False	1.0	ensembl_gene_id	ensembl_gene_id		True	binary	-0.00045	0.3441	-0.1326	0.1185	-0.0001579	0.3443	-0.1311						
a03kfgws	serene-sweep-1371	finished	ElasticNet	ha252ijh	ElasticNet	0.17012542798525893	RBPSEDataset	300	100	0.9	HepG2	rbpse	mean_squared_error	1024	True	['target_psi']	platiglab	40	['fancy_scatter', 'cumul_resid_dist', ['wandb_faux_pr_curve', {'thresh': 0.5}], ['wandb_faux_roc_curve', {'thresh': 0.5}]]	yogi-RBP-ML-linear-models-april-2025	17.0	train	['r2_score', 'rmse', 'sigmoid_r2']	False	all	False	False	cross_validation	5.0	5	False	1.0	ensembl_gene_id	ensembl_gene_id		True	binary	-0.0004882	0.3442	-0.1323	0.1185	-0.0001759	0.3443	-0.1312						
spj6w9rx	robust-sweep-1372	finished	ElasticNet	ha252ijh	ElasticNet	0.17012542798525893	RBPSEDataset	400	100	0.9	HepG2	rbpse	mean_squared_error	1024	True	['target_psi']	platiglab	40	['fancy_scatter', 'cumul_resid_dist', ['wandb_faux_pr_curve', {'thresh': 0.5}], ['wandb_faux_roc_curve', {'thresh': 0.5}]]	yogi-RBP-ML-linear-models-april-2025	17.0	train	['r2_score', 'rmse', 'sigmoid_r2']	False	all	False	False	cross_validation	5.0	5	False	1.0	ensembl_gene_id	ensembl_gene_id		True	binary	-0.0007205	0.3442	-0.1327	0.1186	-0.0002707	0.3443	-0.1312						
najk75p7	skilled-sweep-1373	finished	ElasticNet	ha252ijh	ElasticNet	0.17012542798525893	RBPSEDataset	500	100	0.9	HepG2	rbpse	mean_squared_error	1024	True	['target_psi']	platiglab	40	['fancy_scatter', 'cumul_resid_dist', ['wandb_faux_pr_curve', {'thresh': 0.5}], ['wandb_faux_roc_curve', {'thresh': 0.5}]]	yogi-RBP-ML-linear-models-april-2025	17.0	train	['r2_score', 'rmse', 'sigmoid_r2']	False	all	False	False	cross_validation	5.0	5	False	1.0	ensembl_gene_id	ensembl_gene_id		True	binary	-0.0001909	0.3443	-0.1313	0.1185	-6.727e-05	0.3443	-0.1312						
d47yqwqj	sparkling-sweep-1375	finished	ElasticNet	ha252ijh	ElasticNet	0.17012542798525893	RBPSEDataset	700	100	0.9	HepG2	rbpse	mean_squared_error	1024	True	['target_psi']	platiglab	40	['fancy_scatter', 'cumul_resid_dist', ['wandb_faux_pr_curve', {'thresh': 0.5}], ['wandb_faux_roc_curve', {'thresh': 0.5}]]	yogi-RBP-ML-linear-models-april-2025	17.0	train	['r2_score', 'rmse', 'sigmoid_r2']	False	all	False	False	cross_validation	5.0	5	False	1.0	ensembl_gene_id	ensembl_gene_id		True	binary	-0.000296	0.3443	-0.1315	0.1185	-0.0001033	0.3443	-0.1312						
e7mi9n7n	polar-sweep-1374	finished	ElasticNet	ha252ijh	ElasticNet	0.17012542798525893	RBPSEDataset	600	100	0.9	HepG2	rbpse	mean_squared_error	1024	True	['target_psi']	platiglab	40	['fancy_scatter', 'cumul_resid_dist', ['wandb_faux_pr_curve', {'thresh': 0.5}], ['wandb_faux_roc_curve', {'thresh': 0.5}]]	yogi-RBP-ML-linear-models-april-2025	17.0	train	['r2_score', 'rmse', 'sigmoid_r2']	False	all	False	False	cross_validation	5.0	5	False	1.0	ensembl_gene_id	ensembl_gene_id		True	binary	-0.001264	0.3444	-0.1332	0.1186	-0.0004687	0.3444	-0.1313						
3uxp9ikf	divine-sweep-1376	finished	ElasticNet	ha252ijh	ElasticNet	0.17012542798525893	RBPSEDataset	800	100	0.9	HepG2	rbpse	mean_squared_error	1024	True	['target_psi']	platiglab	40	['fancy_scatter', 'cumul_resid_dist', ['wandb_faux_pr_curve', {'thresh': 0.5}], ['wandb_faux_roc_curve', {'thresh': 0.5}]]	yogi-RBP-ML-linear-models-april-2025	17.0	train	['r2_score', 'rmse', 'sigmoid_r2']	False	all	False	False	cross_validation	5.0	5	False	1.0	ensembl_gene_id	ensembl_gene_id		True	binary	-0.0007777	0.3443	-0.1323	0.1186	-0.0002734	0.3443	-0.1312						
mcs0utmj	fanciful-sweep-1377	finished	ElasticNet	ha252ijh	ElasticNet	0.17012542798525893	RBPSEDataset	900	100	0.9	HepG2	rbpse	mean_squared_error	1024	True	['target_psi']	platiglab	40	['fancy_scatter', 'cumul_resid_dist', ['wandb_faux_pr_curve', {'thresh': 0.5}], ['wandb_faux_roc_curve', {'thresh': 0.5}]]	yogi-RBP-ML-linear-models-april-2025	17.0	train	['r2_score', 'rmse', 'sigmoid_r2']	False	all	False	False	cross_validation	5.0	5	False	1.0	ensembl_gene_id	ensembl_gene_id		True	binary	-0.0003239	0.3442	-0.1319	0.1185	-0.0001132	0.3443	-0.1312						
pdt8jpxx	rosy-sweep-1378	finished	ElasticNet	ha252ijh	ElasticNet	0.17012542798525893	RBPSEDataset	100	100	1.0	HepG2	rbpse	mean_squared_error	1024	True	['target_psi']	platiglab	40	['fancy_scatter', 'cumul_resid_dist', ['wandb_faux_pr_curve', {'thresh': 0.5}], ['wandb_faux_roc_curve', {'thresh': 0.5}]]	yogi-RBP-ML-linear-models-april-2025	17.0	train	['r2_score', 'rmse', 'sigmoid_r2']	False	all	False	False	cross_validation	5.0	5	False	1.0	ensembl_gene_id	ensembl_gene_id		True	binary	-0.001029	0.3444	-0.1325	0.1186	-0.0003646	0.3443	-0.1312						
gdoz8ko9	cerulean-sweep-1379	finished	ElasticNet	ha252ijh	ElasticNet	0.17012542798525893	RBPSEDataset	200	100	1.0	HepG2	rbpse	mean_squared_error	1024	True	['target_psi']	platiglab	40	['fancy_scatter', 'cumul_resid_dist', ['wandb_faux_pr_curve', {'thresh': 0.5}], ['wandb_faux_roc_curve', {'thresh': 0.5}]]	yogi-RBP-ML-linear-models-april-2025	17.0	train	['r2_score', 'rmse', 'sigmoid_r2']	False	all	False	False	cross_validation	5.0	5	False	1.0	ensembl_gene_id	ensembl_gene_id		True	binary	-0.00045	0.3441	-0.1326	0.1185	-0.0001579	0.3443	-0.1311						
pgybxjo1	rosy-sweep-1380	finished	ElasticNet	ha252ijh	ElasticNet	0.17012542798525893	RBPSEDataset	300	100	1.0	HepG2	rbpse	mean_squared_error	1024	True	['target_psi']	platiglab	40	['fancy_scatter', 'cumul_resid_dist', ['wandb_faux_pr_curve', {'thresh': 0.5}], ['wandb_faux_roc_curve', {'thresh': 0.5}]]	yogi-RBP-ML-linear-models-april-2025	17.0	train	['r2_score', 'rmse', 'sigmoid_r2']	False	all	False	False	cross_validation	5.0	5	False	1.0	ensembl_gene_id	ensembl_gene_id		True	binary	-0.0004882	0.3442	-0.1323	0.1185	-0.0001759	0.3443	-0.1312						
4pfr7bkf	northern-sweep-1381	finished	ElasticNet	ha252ijh	ElasticNet	0.17012542798525893	RBPSEDataset	400	100	1.0	HepG2	rbpse	mean_squared_error	1024	True	['target_psi']	platiglab	40	['fancy_scatter', 'cumul_resid_dist', ['wandb_faux_pr_curve', {'thresh': 0.5}], ['wandb_faux_roc_curve', {'thresh': 0.5}]]	yogi-RBP-ML-linear-models-april-2025	17.0	train	['r2_score', 'rmse', 'sigmoid_r2']	False	all	False	False	cross_validation	5.0	5	False	1.0	ensembl_gene_id	ensembl_gene_id		True	binary	-0.0007205	0.3442	-0.1327	0.1186	-0.0002707	0.3443	-0.1312						
77gxe4hb	peach-sweep-1382	finished	ElasticNet	ha252ijh	ElasticNet	0.17012542798525893	RBPSEDataset	500	100	1.0	HepG2	rbpse	mean_squared_error	1024	True	['target_psi']	platiglab	40	['fancy_scatter', 'cumul_resid_dist', ['wandb_faux_pr_curve', {'thresh': 0.5}], ['wandb_faux_roc_curve', {'thresh': 0.5}]]	yogi-RBP-ML-linear-models-april-2025	17.0	train	['r2_score', 'rmse', 'sigmoid_r2']	False	all	False	False	cross_validation	5.0	5	False	1.0	ensembl_gene_id	ensembl_gene_id		True	binary	-0.0001909	0.3443	-0.1313	0.1185	-6.727e-05	0.3443	-0.1312						
lbifb7wu	giddy-sweep-1383	finished	ElasticNet	ha252ijh	ElasticNet	0.17012542798525893	RBPSEDataset	600	100	1.0	HepG2	rbpse	mean_squared_error	1024	True	['target_psi']	platiglab	40	['fancy_scatter', 'cumul_resid_dist', ['wandb_faux_pr_curve', {'thresh': 0.5}], ['wandb_faux_roc_curve', {'thresh': 0.5}]]	yogi-RBP-ML-linear-models-april-2025	17.0	train	['r2_score', 'rmse', 'sigmoid_r2']	False	all	False	False	cross_validation	5.0	5	False	1.0	ensembl_gene_id	ensembl_gene_id		True	binary	-0.001264	0.3444	-0.1332	0.1186	-0.0004687	0.3444	-0.1313						
vkmmyw4y	peachy-sweep-1385	finished	ElasticNet	ha252ijh	ElasticNet	0.17012542798525893	RBPSEDataset	800	100	1.0	HepG2	rbpse	mean_squared_error	1024	True	['target_psi']	platiglab	40	['fancy_scatter', 'cumul_resid_dist', ['wandb_faux_pr_curve', {'thresh': 0.5}], ['wandb_faux_roc_curve', {'thresh': 0.5}]]	yogi-RBP-ML-linear-models-april-2025	17.0	train	['r2_score', 'rmse', 'sigmoid_r2']	False	all	False	False	cross_validation	5.0	5	False	1.0	ensembl_gene_id	ensembl_gene_id		True	binary	-0.0007777	0.3443	-0.1323	0.1186	-0.0002734	0.3443	-0.1312						
x2oqhkuz	deft-sweep-1384	finished	ElasticNet	ha252ijh	ElasticNet	0.17012542798525893	RBPSEDataset	700	100	1.0	HepG2	rbpse	mean_squared_error	1024	True	['target_psi']	platiglab	40	['fancy_scatter', 'cumul_resid_dist', ['wandb_faux_pr_curve', {'thresh': 0.5}], ['wandb_faux_roc_curve', {'thresh': 0.5}]]	yogi-RBP-ML-linear-models-april-2025	17.0	train	['r2_score', 'rmse', 'sigmoid_r2']	False	all	False	False	cross_validation	5.0	5	False	1.0	ensembl_gene_id	ensembl_gene_id		True	binary	-0.000296	0.3443	-0.1315	0.1185	-0.0001033	0.3443	-0.1312						
haxplv1v	rich-sweep-1386	finished	ElasticNet	ha252ijh	ElasticNet	0.17012542798525893	RBPSEDataset	900	100	1.0	HepG2	rbpse	mean_squared_error	1024	True	['target_psi']	platiglab	40	['fancy_scatter', 'cumul_resid_dist', ['wandb_faux_pr_curve', {'thresh': 0.5}], ['wandb_faux_roc_curve', {'thresh': 0.5}]]	yogi-RBP-ML-linear-models-april-2025	17.0	train	['r2_score', 'rmse', 'sigmoid_r2']	False	all	False	False	cross_validation	5.0	5	False	1.0	ensembl_gene_id	ensembl_gene_id		True	binary	-0.0003239	0.3442	-0.1319	0.1185	-0.0001132	0.3443	-0.1312						
2wnmx3gz	neat-sweep-1396	finished	ElasticNet	ha252ijh	ElasticNet	0.49238826317067413	RBPSEDataset	100	100	0.1	HepG2	rbpse	mean_squared_error	1024	True	['target_psi']	platiglab	40	['fancy_scatter', 'cumul_resid_dist', ['wandb_faux_pr_curve', {'thresh': 0.5}], ['wandb_faux_roc_curve', {'thresh': 0.5}]]	yogi-RBP-ML-linear-models-april-2025	17.0	train	['r2_score', 'rmse', 'sigmoid_r2']	False	all	False	False	cross_validation	5.0	5	False	1.0	ensembl_gene_id	ensembl_gene_id		True	binary	-0.001029	0.3444	-0.1325	0.1186	-0.0003646	0.3443	-0.1312						
5zz8ytxu	dutiful-sweep-1398	finished	ElasticNet	ha252ijh	ElasticNet	0.49238826317067413	RBPSEDataset	300	100	0.1	HepG2	rbpse	mean_squared_error	1024	True	['target_psi']	platiglab	40	['fancy_scatter', 'cumul_resid_dist', ['wandb_faux_pr_curve', {'thresh': 0.5}], ['wandb_faux_roc_curve', {'thresh': 0.5}]]	yogi-RBP-ML-linear-models-april-2025	17.0	train	['r2_score', 'rmse', 'sigmoid_r2']	False	all	False	False	cross_validation	5.0	5	False	1.0	ensembl_gene_id	ensembl_gene_id		True	binary	-0.0004882	0.3442	-0.1323	0.1185	-0.0001759	0.3443	-0.1312						
uly5okw1	fresh-sweep-1399	finished	ElasticNet	ha252ijh	ElasticNet	0.49238826317067413	RBPSEDataset	400	100	0.1	HepG2	rbpse	mean_squared_error	1024	True	['target_psi']	platiglab	40	['fancy_scatter', 'cumul_resid_dist', ['wandb_faux_pr_curve', {'thresh': 0.5}], ['wandb_faux_roc_curve', {'thresh': 0.5}]]	yogi-RBP-ML-linear-models-april-2025	17.0	train	['r2_score', 'rmse', 'sigmoid_r2']	False	all	False	False	cross_validation	5.0	5	False	1.0	ensembl_gene_id	ensembl_gene_id		True	binary	-0.0007205	0.3442	-0.1327	0.1186	-0.0002707	0.3443	-0.1312						
pkzn7uz1	solar-sweep-1400	finished	ElasticNet	ha252ijh	ElasticNet	0.49238826317067413	RBPSEDataset	500	100	0.1	HepG2	rbpse	mean_squared_error	1024	True	['target_psi']	platiglab	40	['fancy_scatter', 'cumul_resid_dist', ['wandb_faux_pr_curve', {'thresh': 0.5}], ['wandb_faux_roc_curve', {'thresh': 0.5}]]	yogi-RBP-ML-linear-models-april-2025	17.0	train	['r2_score', 'rmse', 'sigmoid_r2']	False	all	False	False	cross_validation	5.0	5	False	1.0	ensembl_gene_id	ensembl_gene_id		True	binary	-0.0001909	0.3443	-0.1313	0.1185	-6.727e-05	0.3443	-0.1312						
9bj6ekjz	kind-sweep-1401	finished	ElasticNet	ha252ijh	ElasticNet	0.49238826317067413	RBPSEDataset	600	100	0.1	HepG2	rbpse	mean_squared_error	1024	True	['target_psi']	platiglab	40	['fancy_scatter', 'cumul_resid_dist', ['wandb_faux_pr_curve', {'thresh': 0.5}], ['wandb_faux_roc_curve', {'thresh': 0.5}]]	yogi-RBP-ML-linear-models-april-2025	17.0	train	['r2_score', 'rmse', 'sigmoid_r2']	False	all	False	False	cross_validation	5.0	5	False	1.0	ensembl_gene_id	ensembl_gene_id		True	binary	-0.001264	0.3444	-0.1332	0.1186	-0.0004687	0.3444	-0.1313						
byxbguwe	glorious-sweep-1403	finished	ElasticNet	ha252ijh	ElasticNet	0.49238826317067413	RBPSEDataset	800	100	0.1	HepG2	rbpse	mean_squared_error	1024	True	['target_psi']	platiglab	40	['fancy_scatter', 'cumul_resid_dist', ['wandb_faux_pr_curve', {'thresh': 0.5}], ['wandb_faux_roc_curve', {'thresh': 0.5}]]	yogi-RBP-ML-linear-models-april-2025	17.0	train	['r2_score', 'rmse', 'sigmoid_r2']	False	all	False	False	cross_validation	5.0	5	False	1.0	ensembl_gene_id	ensembl_gene_id		True	binary	-0.0007777	0.3443	-0.1323	0.1186	-0.0002734	0.3443	-0.1312						
zqz0u0oo	comic-sweep-1402	finished	ElasticNet	ha252ijh	ElasticNet	0.49238826317067413	RBPSEDataset	700	100	0.1	HepG2	rbpse	mean_squared_error	1024	True	['target_psi']	platiglab	40	['fancy_scatter', 'cumul_resid_dist', ['wandb_faux_pr_curve', {'thresh': 0.5}], ['wandb_faux_roc_curve', {'thresh': 0.5}]]	yogi-RBP-ML-linear-models-april-2025	17.0	train	['r2_score', 'rmse', 'sigmoid_r2']	False	all	False	False	cross_validation	5.0	5	False	1.0	ensembl_gene_id	ensembl_gene_id		True	binary	-0.000296	0.3443	-0.1315	0.1185	-0.0001033	0.3443	-0.1312						
u9hajhmk	twilight-sweep-1404	finished	ElasticNet	ha252ijh	ElasticNet	0.49238826317067413	RBPSEDataset	900	100	0.1	HepG2	rbpse	mean_squared_error	1024	True	['target_psi']	platiglab	40	['fancy_scatter', 'cumul_resid_dist', ['wandb_faux_pr_curve', {'thresh': 0.5}], ['wandb_faux_roc_curve', {'thresh': 0.5}]]	yogi-RBP-ML-linear-models-april-2025	17.0	train	['r2_score', 'rmse', 'sigmoid_r2']	False	all	False	False	cross_validation	5.0	5	False	1.0	ensembl_gene_id	ensembl_gene_id		True	binary	-0.0003239	0.3442	-0.1319	0.1185	-0.0001132	0.3443	-0.1312						
zhheuniw	rare-sweep-1405	finished	ElasticNet	ha252ijh	ElasticNet	0.49238826317067413	RBPSEDataset	100	100	0.25	HepG2	rbpse	mean_squared_error	1024	True	['target_psi']	platiglab	40	['fancy_scatter', 'cumul_resid_dist', ['wandb_faux_pr_curve', {'thresh': 0.5}], ['wandb_faux_roc_curve', {'thresh': 0.5}]]	yogi-RBP-ML-linear-models-april-2025	17.0	train	['r2_score', 'rmse', 'sigmoid_r2']	False	all	False	False	cross_validation	5.0	5	False	1.0	ensembl_gene_id	ensembl_gene_id		True	binary	-0.001029	0.3444	-0.1325	0.1186	-0.0003646	0.3443	-0.1312						
rv9p01n0	super-sweep-1406	finished	ElasticNet	ha252ijh	ElasticNet	0.49238826317067413	RBPSEDataset	200	100	0.25	HepG2	rbpse	mean_squared_error	1024	True	['target_psi']	platiglab	40	['fancy_scatter', 'cumul_resid_dist', ['wandb_faux_pr_curve', {'thresh': 0.5}], ['wandb_faux_roc_curve', {'thresh': 0.5}]]	yogi-RBP-ML-linear-models-april-2025	17.0	train	['r2_score', 'rmse', 'sigmoid_r2']	False	all	False	False	cross_validation	5.0	5	False	1.0	ensembl_gene_id	ensembl_gene_id		True	binary	-0.00045	0.3441	-0.1326	0.1185	-0.0001579	0.3443	-0.1311						
394jbczd	polar-sweep-1407	finished	ElasticNet	ha252ijh	ElasticNet	0.49238826317067413	RBPSEDataset	300	100	0.25	HepG2	rbpse	mean_squared_error	1024	True	['target_psi']	platiglab	40	['fancy_scatter', 'cumul_resid_dist', ['wandb_faux_pr_curve', {'thresh': 0.5}], ['wandb_faux_roc_curve', {'thresh': 0.5}]]	yogi-RBP-ML-linear-models-april-2025	17.0	train	['r2_score', 'rmse', 'sigmoid_r2']	False	all	False	False	cross_validation	5.0	5	False	1.0	ensembl_gene_id	ensembl_gene_id		True	binary	-0.0004882	0.3442	-0.1323	0.1185	-0.0001759	0.3443	-0.1312						
9m2dt1vc	dark-sweep-1408	finished	ElasticNet	ha252ijh	ElasticNet	0.49238826317067413	RBPSEDataset	400	100	0.25	HepG2	rbpse	mean_squared_error	1024	True	['target_psi']	platiglab	40	['fancy_scatter', 'cumul_resid_dist', ['wandb_faux_pr_curve', {'thresh': 0.5}], ['wandb_faux_roc_curve', {'thresh': 0.5}]]	yogi-RBP-ML-linear-models-april-2025	17.0	train	['r2_score', 'rmse', 'sigmoid_r2']	False	all	False	False	cross_validation	5.0	5	False	1.0	ensembl_gene_id	ensembl_gene_id		True	binary	-0.0007205	0.3442	-0.1327	0.1186	-0.0002707	0.3443	-0.1312						
zbni4hhs	azure-sweep-1409	finished	ElasticNet	ha252ijh	ElasticNet	0.49238826317067413	RBPSEDataset	500	100	0.25	HepG2	rbpse	mean_squared_error	1024	True	['target_psi']	platiglab	40	['fancy_scatter', 'cumul_resid_dist', ['wandb_faux_pr_curve', {'thresh': 0.5}], ['wandb_faux_roc_curve', {'thresh': 0.5}]]	yogi-RBP-ML-linear-models-april-2025	17.0	train	['r2_score', 'rmse', 'sigmoid_r2']	False	all	False	False	cross_validation	5.0	5	False	1.0	ensembl_gene_id	ensembl_gene_id		True	binary	-0.0001909	0.3443	-0.1313	0.1185	-6.727e-05	0.3443	-0.1312						
vzy21t4u	glorious-sweep-1410	finished	ElasticNet	ha252ijh	ElasticNet	0.49238826317067413	RBPSEDataset	600	100	0.25	HepG2	rbpse	mean_squared_error	1024	True	['target_psi']	platiglab	40	['fancy_scatter', 'cumul_resid_dist', ['wandb_faux_pr_curve', {'thresh': 0.5}], ['wandb_faux_roc_curve', {'thresh': 0.5}]]	yogi-RBP-ML-linear-models-april-2025	17.0	train	['r2_score', 'rmse', 'sigmoid_r2']	False	all	False	False	cross_validation	5.0	5	False	1.0	ensembl_gene_id	ensembl_gene_id		True	binary	-0.001264	0.3444	-0.1332	0.1186	-0.0004687	0.3444	-0.1313						
sbz5i6hn	silvery-sweep-1411	finished	ElasticNet	ha252ijh	ElasticNet	0.49238826317067413	RBPSEDataset	700	100	0.25	HepG2	rbpse	mean_squared_error	1024	True	['target_psi']	platiglab	40	['fancy_scatter', 'cumul_resid_dist', ['wandb_faux_pr_curve', {'thresh': 0.5}], ['wandb_faux_roc_curve', {'thresh': 0.5}]]	yogi-RBP-ML-linear-models-april-2025	17.0	train	['r2_score', 'rmse', 'sigmoid_r2']	False	all	False	False	cross_validation	5.0	5	False	1.0	ensembl_gene_id	ensembl_gene_id		True	binary	-0.000296	0.3443	-0.1315	0.1185	-0.0001033	0.3443	-0.1312						
m4msgpqv	trim-sweep-1412	finished	ElasticNet	ha252ijh	ElasticNet	0.49238826317067413	RBPSEDataset	800	100	0.25	HepG2	rbpse	mean_squared_error	1024	True	['target_psi']	platiglab	40	['fancy_scatter', 'cumul_resid_dist', ['wandb_faux_pr_curve', {'thresh': 0.5}], ['wandb_faux_roc_curve', {'thresh': 0.5}]]	yogi-RBP-ML-linear-models-april-2025	17.0	train	['r2_score', 'rmse', 'sigmoid_r2']	False	all	False	False	cross_validation	5.0	5	False	1.0	ensembl_gene_id	ensembl_gene_id		True	binary	-0.0007777	0.3443	-0.1323	0.1186	-0.0002734	0.3443	-0.1312						
ke1ovphe	revived-sweep-1413	finished	ElasticNet	ha252ijh	ElasticNet	0.49238826317067413	RBPSEDataset	900	100	0.25	HepG2	rbpse	mean_squared_error	1024	True	['target_psi']	platiglab	40	['fancy_scatter', 'cumul_resid_dist', ['wandb_faux_pr_curve', {'thresh': 0.5}], ['wandb_faux_roc_curve', {'thresh': 0.5}]]	yogi-RBP-ML-linear-models-april-2025	17.0	train	['r2_score', 'rmse', 'sigmoid_r2']	False	all	False	False	cross_validation	5.0	5	False	1.0	ensembl_gene_id	ensembl_gene_id		True	binary	-0.0003239	0.3442	-0.1319	0.1185	-0.0001132	0.3443	-0.1312						
rbgca2se	dashing-sweep-1415	finished	ElasticNet	ha252ijh	ElasticNet	0.49238826317067413	RBPSEDataset	200	100	0.5	HepG2	rbpse	mean_squared_error	1024	True	['target_psi']	platiglab	40	['fancy_scatter', 'cumul_resid_dist', ['wandb_faux_pr_curve', {'thresh': 0.5}], ['wandb_faux_roc_curve', {'thresh': 0.5}]]	yogi-RBP-ML-linear-models-april-2025	17.0	train	['r2_score', 'rmse', 'sigmoid_r2']	False	all	False	False	cross_validation	5.0	5	False	1.0	ensembl_gene_id	ensembl_gene_id		True	binary	-0.00045	0.3441	-0.1326	0.1185	-0.0001579	0.3443	-0.1311						
wtutm99j	exalted-sweep-1414	finished	ElasticNet	ha252ijh	ElasticNet	0.49238826317067413	RBPSEDataset	100	100	0.5	HepG2	rbpse	mean_squared_error	1024	True	['target_psi']	platiglab	40	['fancy_scatter', 'cumul_resid_dist', ['wandb_faux_pr_curve', {'thresh': 0.5}], ['wandb_faux_roc_curve', {'thresh': 0.5}]]	yogi-RBP-ML-linear-models-april-2025	17.0	train	['r2_score', 'rmse', 'sigmoid_r2']	False	all	False	False	cross_validation	5.0	5	False	1.0	ensembl_gene_id	ensembl_gene_id		True	binary	-0.001029	0.3444	-0.1325	0.1186	-0.0003646	0.3443	-0.1312						
nsszbw4n	earnest-sweep-1416	finished	ElasticNet	ha252ijh	ElasticNet	0.49238826317067413	RBPSEDataset	300	100	0.5	HepG2	rbpse	mean_squared_error	1024	True	['target_psi']	platiglab	40	['fancy_scatter', 'cumul_resid_dist', ['wandb_faux_pr_curve', {'thresh': 0.5}], ['wandb_faux_roc_curve', {'thresh': 0.5}]]	yogi-RBP-ML-linear-models-april-2025	17.0	train	['r2_score', 'rmse', 'sigmoid_r2']	False	all	False	False	cross_validation	5.0	5	False	1.0	ensembl_gene_id	ensembl_gene_id		True	binary	-0.0004882	0.3442	-0.1323	0.1185	-0.0001759	0.3443	-0.1312						
w0p06tk0	visionary-sweep-1417	finished	ElasticNet	ha252ijh	ElasticNet	0.49238826317067413	RBPSEDataset	400	100	0.5	HepG2	rbpse	mean_squared_error	1024	True	['target_psi']	platiglab	40	['fancy_scatter', 'cumul_resid_dist', ['wandb_faux_pr_curve', {'thresh': 0.5}], ['wandb_faux_roc_curve', {'thresh': 0.5}]]	yogi-RBP-ML-linear-models-april-2025	17.0	train	['r2_score', 'rmse', 'sigmoid_r2']	False	all	False	False	cross_validation	5.0	5	False	1.0	ensembl_gene_id	ensembl_gene_id		True	binary	-0.0007205	0.3442	-0.1327	0.1186	-0.0002707	0.3443	-0.1312						
hzg6y9m9	mild-sweep-1418	finished	ElasticNet	ha252ijh	ElasticNet	0.49238826317067413	RBPSEDataset	500	100	0.5	HepG2	rbpse	mean_squared_error	1024	True	['target_psi']	platiglab	40	['fancy_scatter', 'cumul_resid_dist', ['wandb_faux_pr_curve', {'thresh': 0.5}], ['wandb_faux_roc_curve', {'thresh': 0.5}]]	yogi-RBP-ML-linear-models-april-2025	17.0	train	['r2_score', 'rmse', 'sigmoid_r2']	False	all	False	False	cross_validation	5.0	5	False	1.0	ensembl_gene_id	ensembl_gene_id		True	binary	-0.0001909	0.3443	-0.1313	0.1185	-6.727e-05	0.3443	-0.1312						
294g5qdb	twilight-sweep-1419	finished	ElasticNet	ha252ijh	ElasticNet	0.49238826317067413	RBPSEDataset	600	100	0.5	HepG2	rbpse	mean_squared_error	1024	True	['target_psi']	platiglab	40	['fancy_scatter', 'cumul_resid_dist', ['wandb_faux_pr_curve', {'thresh': 0.5}], ['wandb_faux_roc_curve', {'thresh': 0.5}]]	yogi-RBP-ML-linear-models-april-2025	17.0	train	['r2_score', 'rmse', 'sigmoid_r2']	False	all	False	False	cross_validation	5.0	5	False	1.0	ensembl_gene_id	ensembl_gene_id		True	binary	-0.001264	0.3444	-0.1332	0.1186	-0.0004687	0.3444	-0.1313						
o2a6zz3l	icy-sweep-1420	finished	ElasticNet	ha252ijh	ElasticNet	0.49238826317067413	RBPSEDataset	700	100	0.5	HepG2	rbpse	mean_squared_error	1024	True	['target_psi']	platiglab	40	['fancy_scatter', 'cumul_resid_dist', ['wandb_faux_pr_curve', {'thresh': 0.5}], ['wandb_faux_roc_curve', {'thresh': 0.5}]]	yogi-RBP-ML-linear-models-april-2025	17.0	train	['r2_score', 'rmse', 'sigmoid_r2']	False	all	False	False	cross_validation	5.0	5	False	1.0	ensembl_gene_id	ensembl_gene_id		True	binary	-0.000296	0.3443	-0.1315	0.1185	-0.0001033	0.3443	-0.1312						
dwbcron5	generous-sweep-1421	finished	ElasticNet	ha252ijh	ElasticNet	0.49238826317067413	RBPSEDataset	800	100	0.5	HepG2	rbpse	mean_squared_error	1024	True	['target_psi']	platiglab	40	['fancy_scatter', 'cumul_resid_dist', ['wandb_faux_pr_curve', {'thresh': 0.5}], ['wandb_faux_roc_curve', {'thresh': 0.5}]]	yogi-RBP-ML-linear-models-april-2025	17.0	train	['r2_score', 'rmse', 'sigmoid_r2']	False	all	False	False	cross_validation	5.0	5	False	1.0	ensembl_gene_id	ensembl_gene_id		True	binary	-0.0007777	0.3443	-0.1323	0.1186	-0.0002734	0.3443	-0.1312						
5mtrluul	jolly-sweep-1422	finished	ElasticNet	ha252ijh	ElasticNet	0.49238826317067413	RBPSEDataset	900	100	0.5	HepG2	rbpse	mean_squared_error	1024	True	['target_psi']	platiglab	40	['fancy_scatter', 'cumul_resid_dist', ['wandb_faux_pr_curve', {'thresh': 0.5}], ['wandb_faux_roc_curve', {'thresh': 0.5}]]	yogi-RBP-ML-linear-models-april-2025	17.0	train	['r2_score', 'rmse', 'sigmoid_r2']	False	all	False	False	cross_validation	5.0	5	False	1.0	ensembl_gene_id	ensembl_gene_id		True	binary	-0.0003239	0.3442	-0.1319	0.1185	-0.0001132	0.3443	-0.1312						
hjm96367	treasured-sweep-1423	finished	ElasticNet	ha252ijh	ElasticNet	0.49238826317067413	RBPSEDataset	100	100	0.75	HepG2	rbpse	mean_squared_error	1024	True	['target_psi']	platiglab	40	['fancy_scatter', 'cumul_resid_dist', ['wandb_faux_pr_curve', {'thresh': 0.5}], ['wandb_faux_roc_curve', {'thresh': 0.5}]]	yogi-RBP-ML-linear-models-april-2025	17.0	train	['r2_score', 'rmse', 'sigmoid_r2']	False	all	False	False	cross_validation	5.0	5	False	1.0	ensembl_gene_id	ensembl_gene_id		True	binary	-0.001029	0.3444	-0.1325	0.1186	-0.0003646	0.3443	-0.1312						
oz1t5704	magic-sweep-1424	finished	ElasticNet	ha252ijh	ElasticNet	0.49238826317067413	RBPSEDataset	200	100	0.75	HepG2	rbpse	mean_squared_error	1024	True	['target_psi']	platiglab	40	['fancy_scatter', 'cumul_resid_dist', ['wandb_faux_pr_curve', {'thresh': 0.5}], ['wandb_faux_roc_curve', {'thresh': 0.5}]]	yogi-RBP-ML-linear-models-april-2025	17.0	train	['r2_score', 'rmse', 'sigmoid_r2']	False	all	False	False	cross_validation	5.0	5	False	1.0	ensembl_gene_id	ensembl_gene_id		True	binary	-0.00045	0.3441	-0.1326	0.1185	-0.0001579	0.3443	-0.1311						
si4k50sg	avid-sweep-1425	finished	ElasticNet	ha252ijh	ElasticNet	0.49238826317067413	RBPSEDataset	300	100	0.75	HepG2	rbpse	mean_squared_error	1024	True	['target_psi']	platiglab	40	['fancy_scatter', 'cumul_resid_dist', ['wandb_faux_pr_curve', {'thresh': 0.5}], ['wandb_faux_roc_curve', {'thresh': 0.5}]]	yogi-RBP-ML-linear-models-april-2025	17.0	train	['r2_score', 'rmse', 'sigmoid_r2']	False	all	False	False	cross_validation	5.0	5	False	1.0	ensembl_gene_id	ensembl_gene_id		True	binary	-0.0004882	0.3442	-0.1323	0.1185	-0.0001759	0.3443	-0.1312						
slf51yop	still-sweep-1426	finished	ElasticNet	ha252ijh	ElasticNet	0.49238826317067413	RBPSEDataset	400	100	0.75	HepG2	rbpse	mean_squared_error	1024	True	['target_psi']	platiglab	40	['fancy_scatter', 'cumul_resid_dist', ['wandb_faux_pr_curve', {'thresh': 0.5}], ['wandb_faux_roc_curve', {'thresh': 0.5}]]	yogi-RBP-ML-linear-models-april-2025	17.0	train	['r2_score', 'rmse', 'sigmoid_r2']	False	all	False	False	cross_validation	5.0	5	False	1.0	ensembl_gene_id	ensembl_gene_id		True	binary	-0.0007205	0.3442	-0.1327	0.1186	-0.0002707	0.3443	-0.1312						
sknqxrn5	gentle-sweep-1427	finished	ElasticNet	ha252ijh	ElasticNet	0.49238826317067413	RBPSEDataset	500	100	0.75	HepG2	rbpse	mean_squared_error	1024	True	['target_psi']	platiglab	40	['fancy_scatter', 'cumul_resid_dist', ['wandb_faux_pr_curve', {'thresh': 0.5}], ['wandb_faux_roc_curve', {'thresh': 0.5}]]	yogi-RBP-ML-linear-models-april-2025	17.0	train	['r2_score', 'rmse', 'sigmoid_r2']	False	all	False	False	cross_validation	5.0	5	False	1.0	ensembl_gene_id	ensembl_gene_id		True	binary	-0.0001909	0.3443	-0.1313	0.1185	-6.727e-05	0.3443	-0.1312						
vs37w8wv	soft-sweep-1428	finished	ElasticNet	ha252ijh	ElasticNet	0.49238826317067413	RBPSEDataset	600	100	0.75	HepG2	rbpse	mean_squared_error	1024	True	['target_psi']	platiglab	40	['fancy_scatter', 'cumul_resid_dist', ['wandb_faux_pr_curve', {'thresh': 0.5}], ['wandb_faux_roc_curve', {'thresh': 0.5}]]	yogi-RBP-ML-linear-models-april-2025	17.0	train	['r2_score', 'rmse', 'sigmoid_r2']	False	all	False	False	cross_validation	5.0	5	False	1.0	ensembl_gene_id	ensembl_gene_id		True	binary	-0.001264	0.3444	-0.1332	0.1186	-0.0004687	0.3444	-0.1313						
3md6e7xf	dashing-sweep-1429	finished	ElasticNet	ha252ijh	ElasticNet	0.49238826317067413	RBPSEDataset	700	100	0.75	HepG2	rbpse	mean_squared_error	1024	True	['target_psi']	platiglab	40	['fancy_scatter', 'cumul_resid_dist', ['wandb_faux_pr_curve', {'thresh': 0.5}], ['wandb_faux_roc_curve', {'thresh': 0.5}]]	yogi-RBP-ML-linear-models-april-2025	17.0	train	['r2_score', 'rmse', 'sigmoid_r2']	False	all	False	False	cross_validation	5.0	5	False	1.0	ensembl_gene_id	ensembl_gene_id		True	binary	-0.000296	0.3443	-0.1315	0.1185	-0.0001033	0.3443	-0.1312						
b7mhvklb	sleek-sweep-1430	finished	ElasticNet	ha252ijh	ElasticNet	0.49238826317067413	RBPSEDataset	800	100	0.75	HepG2	rbpse	mean_squared_error	1024	True	['target_psi']	platiglab	40	['fancy_scatter', 'cumul_resid_dist', ['wandb_faux_pr_curve', {'thresh': 0.5}], ['wandb_faux_roc_curve', {'thresh': 0.5}]]	yogi-RBP-ML-linear-models-april-2025	17.0	train	['r2_score', 'rmse', 'sigmoid_r2']	False	all	False	False	cross_validation	5.0	5	False	1.0	ensembl_gene_id	ensembl_gene_id		True	binary	-0.0007777	0.3443	-0.1323	0.1186	-0.0002734	0.3443	-0.1312						
0ph7cj99	astral-sweep-1431	finished	ElasticNet	ha252ijh	ElasticNet	0.49238826317067413	RBPSEDataset	900	100	0.75	HepG2	rbpse	mean_squared_error	1024	True	['target_psi']	platiglab	40	['fancy_scatter', 'cumul_resid_dist', ['wandb_faux_pr_curve', {'thresh': 0.5}], ['wandb_faux_roc_curve', {'thresh': 0.5}]]	yogi-RBP-ML-linear-models-april-2025	17.0	train	['r2_score', 'rmse', 'sigmoid_r2']	False	all	False	False	cross_validation	5.0	5	False	1.0	ensembl_gene_id	ensembl_gene_id		True	binary	-0.0003239	0.3442	-0.1319	0.1185	-0.0001132	0.3443	-0.1312						
eswx96wv	cool-sweep-1432	finished	ElasticNet	ha252ijh	ElasticNet	0.49238826317067413	RBPSEDataset	100	100	0.9	HepG2	rbpse	mean_squared_error	1024	True	['target_psi']	platiglab	40	['fancy_scatter', 'cumul_resid_dist', ['wandb_faux_pr_curve', {'thresh': 0.5}], ['wandb_faux_roc_curve', {'thresh': 0.5}]]	yogi-RBP-ML-linear-models-april-2025	17.0	train	['r2_score', 'rmse', 'sigmoid_r2']	False	all	False	False	cross_validation	5.0	5	False	1.0	ensembl_gene_id	ensembl_gene_id		True	binary	-0.001029	0.3444	-0.1325	0.1186	-0.0003646	0.3443	-0.1312						
um751k5x	lunar-sweep-1433	finished	ElasticNet	ha252ijh	ElasticNet	0.49238826317067413	RBPSEDataset	200	100	0.9	HepG2	rbpse	mean_squared_error	1024	True	['target_psi']	platiglab	40	['fancy_scatter', 'cumul_resid_dist', ['wandb_faux_pr_curve', {'thresh': 0.5}], ['wandb_faux_roc_curve', {'thresh': 0.5}]]	yogi-RBP-ML-linear-models-april-2025	17.0	train	['r2_score', 'rmse', 'sigmoid_r2']	False	all	False	False	cross_validation	5.0	5	False	1.0	ensembl_gene_id	ensembl_gene_id		True	binary	-0.00045	0.3441	-0.1326	0.1185	-0.0001579	0.3443	-0.1311						
9wvib3mf	sunny-sweep-1434	finished	ElasticNet	ha252ijh	ElasticNet	0.49238826317067413	RBPSEDataset	300	100	0.9	HepG2	rbpse	mean_squared_error	1024	True	['target_psi']	platiglab	40	['fancy_scatter', 'cumul_resid_dist', ['wandb_faux_pr_curve', {'thresh': 0.5}], ['wandb_faux_roc_curve', {'thresh': 0.5}]]	yogi-RBP-ML-linear-models-april-2025	17.0	train	['r2_score', 'rmse', 'sigmoid_r2']	False	all	False	False	cross_validation	5.0	5	False	1.0	ensembl_gene_id	ensembl_gene_id		True	binary	-0.0004882	0.3442	-0.1323	0.1185	-0.0001759	0.3443	-0.1312						
m5l2qknc	genial-sweep-1435	finished	ElasticNet	ha252ijh	ElasticNet	0.49238826317067413	RBPSEDataset	400	100	0.9	HepG2	rbpse	mean_squared_error	1024	True	['target_psi']	platiglab	40	['fancy_scatter', 'cumul_resid_dist', ['wandb_faux_pr_curve', {'thresh': 0.5}], ['wandb_faux_roc_curve', {'thresh': 0.5}]]	yogi-RBP-ML-linear-models-april-2025	17.0	train	['r2_score', 'rmse', 'sigmoid_r2']	False	all	False	False	cross_validation	5.0	5	False	1.0	ensembl_gene_id	ensembl_gene_id		True	binary	-0.0007205	0.3442	-0.1327	0.1186	-0.0002707	0.3443	-0.1312						
96pgy3bx	cosmic-sweep-1436	finished	ElasticNet	ha252ijh	ElasticNet	0.49238826317067413	RBPSEDataset	500	100	0.9	HepG2	rbpse	mean_squared_error	1024	True	['target_psi']	platiglab	40	['fancy_scatter', 'cumul_resid_dist', ['wandb_faux_pr_curve', {'thresh': 0.5}], ['wandb_faux_roc_curve', {'thresh': 0.5}]]	yogi-RBP-ML-linear-models-april-2025	17.0	train	['r2_score', 'rmse', 'sigmoid_r2']	False	all	False	False	cross_validation	5.0	5	False	1.0	ensembl_gene_id	ensembl_gene_id		True	binary	-0.0001909	0.3443	-0.1313	0.1185	-6.727e-05	0.3443	-0.1312						
928kk0fz	kind-sweep-1437	finished	ElasticNet	ha252ijh	ElasticNet	0.49238826317067413	RBPSEDataset	600	100	0.9	HepG2	rbpse	mean_squared_error	1024	True	['target_psi']	platiglab	40	['fancy_scatter', 'cumul_resid_dist', ['wandb_faux_pr_curve', {'thresh': 0.5}], ['wandb_faux_roc_curve', {'thresh': 0.5}]]	yogi-RBP-ML-linear-models-april-2025	17.0	train	['r2_score', 'rmse', 'sigmoid_r2']	False	all	False	False	cross_validation	5.0	5	False	1.0	ensembl_gene_id	ensembl_gene_id		True	binary	-0.001264	0.3444	-0.1332	0.1186	-0.0004687	0.3444	-0.1313						
51u1tr8r	divine-sweep-1438	finished	ElasticNet	ha252ijh	ElasticNet	0.49238826317067413	RBPSEDataset	700	100	0.9	HepG2	rbpse	mean_squared_error	1024	True	['target_psi']	platiglab	40	['fancy_scatter', 'cumul_resid_dist', ['wandb_faux_pr_curve', {'thresh': 0.5}], ['wandb_faux_roc_curve', {'thresh': 0.5}]]	yogi-RBP-ML-linear-models-april-2025	17.0	train	['r2_score', 'rmse', 'sigmoid_r2']	False	all	False	False	cross_validation	5.0	5	False	1.0	ensembl_gene_id	ensembl_gene_id		True	binary	-0.000296	0.3443	-0.1315	0.1185	-0.0001033	0.3443	-0.1312						
bzdoxjn1	silvery-sweep-1439	finished	ElasticNet	ha252ijh	ElasticNet	0.49238826317067413	RBPSEDataset	800	100	0.9	HepG2	rbpse	mean_squared_error	1024	True	['target_psi']	platiglab	40	['fancy_scatter', 'cumul_resid_dist', ['wandb_faux_pr_curve', {'thresh': 0.5}], ['wandb_faux_roc_curve', {'thresh': 0.5}]]	yogi-RBP-ML-linear-models-april-2025	17.0	train	['r2_score', 'rmse', 'sigmoid_r2']	False	all	False	False	cross_validation	5.0	5	False	1.0	ensembl_gene_id	ensembl_gene_id		True	binary	-0.0007777	0.3443	-0.1323	0.1186	-0.0002734	0.3443	-0.1312						
qefojuje	earthy-sweep-1440	finished	ElasticNet	ha252ijh	ElasticNet	0.49238826317067413	RBPSEDataset	900	100	0.9	HepG2	rbpse	mean_squared_error	1024	True	['target_psi']	platiglab	40	['fancy_scatter', 'cumul_resid_dist', ['wandb_faux_pr_curve', {'thresh': 0.5}], ['wandb_faux_roc_curve', {'thresh': 0.5}]]	yogi-RBP-ML-linear-models-april-2025	17.0	train	['r2_score', 'rmse', 'sigmoid_r2']	False	all	False	False	cross_validation	5.0	5	False	1.0	ensembl_gene_id	ensembl_gene_id		True	binary	-0.0003239	0.3442	-0.1319	0.1185	-0.0001132	0.3443	-0.1312						
25gzn4if	stilted-sweep-1441	finished	ElasticNet	ha252ijh	ElasticNet	0.49238826317067413	RBPSEDataset	100	100	1.0	HepG2	rbpse	mean_squared_error	1024	True	['target_psi']	platiglab	40	['fancy_scatter', 'cumul_resid_dist', ['wandb_faux_pr_curve', {'thresh': 0.5}], ['wandb_faux_roc_curve', {'thresh': 0.5}]]	yogi-RBP-ML-linear-models-april-2025	17.0	train	['r2_score', 'rmse', 'sigmoid_r2']	False	all	False	False	cross_validation	5.0	5	False	1.0	ensembl_gene_id	ensembl_gene_id		True	binary	-0.001029	0.3444	-0.1325	0.1186	-0.0003646	0.3443	-0.1312						
2pl3us4y	drawn-sweep-1442	finished	ElasticNet	ha252ijh	ElasticNet	0.49238826317067413	RBPSEDataset	200	100	1.0	HepG2	rbpse	mean_squared_error	1024	True	['target_psi']	platiglab	40	['fancy_scatter', 'cumul_resid_dist', ['wandb_faux_pr_curve', {'thresh': 0.5}], ['wandb_faux_roc_curve', {'thresh': 0.5}]]	yogi-RBP-ML-linear-models-april-2025	17.0	train	['r2_score', 'rmse', 'sigmoid_r2']	False	all	False	False	cross_validation	5.0	5	False	1.0	ensembl_gene_id	ensembl_gene_id		True	binary	-0.00045	0.3441	-0.1326	0.1185	-0.0001579	0.3443	-0.1311						
0y3j321d	restful-sweep-1443	finished	ElasticNet	ha252ijh	ElasticNet	0.49238826317067413	RBPSEDataset	300	100	1.0	HepG2	rbpse	mean_squared_error	1024	True	['target_psi']	platiglab	40	['fancy_scatter', 'cumul_resid_dist', ['wandb_faux_pr_curve', {'thresh': 0.5}], ['wandb_faux_roc_curve', {'thresh': 0.5}]]	yogi-RBP-ML-linear-models-april-2025	17.0	train	['r2_score', 'rmse', 'sigmoid_r2']	False	all	False	False	cross_validation	5.0	5	False	1.0	ensembl_gene_id	ensembl_gene_id		True	binary	-0.0004882	0.3442	-0.1323	0.1185	-0.0001759	0.3443	-0.1312						
fdfp98s3	proud-sweep-1444	finished	ElasticNet	ha252ijh	ElasticNet	0.49238826317067413	RBPSEDataset	400	100	1.0	HepG2	rbpse	mean_squared_error	1024	True	['target_psi']	platiglab	40	['fancy_scatter', 'cumul_resid_dist', ['wandb_faux_pr_curve', {'thresh': 0.5}], ['wandb_faux_roc_curve', {'thresh': 0.5}]]	yogi-RBP-ML-linear-models-april-2025	17.0	train	['r2_score', 'rmse', 'sigmoid_r2']	False	all	False	False	cross_validation	5.0	5	False	1.0	ensembl_gene_id	ensembl_gene_id		True	binary	-0.0007205	0.3442	-0.1327	0.1186	-0.0002707	0.3443	-0.1312						
rhe5ai4x	wandering-sweep-1445	finished	ElasticNet	ha252ijh	ElasticNet	0.49238826317067413	RBPSEDataset	500	100	1.0	HepG2	rbpse	mean_squared_error	1024	True	['target_psi']	platiglab	40	['fancy_scatter', 'cumul_resid_dist', ['wandb_faux_pr_curve', {'thresh': 0.5}], ['wandb_faux_roc_curve', {'thresh': 0.5}]]	yogi-RBP-ML-linear-models-april-2025	17.0	train	['r2_score', 'rmse', 'sigmoid_r2']	False	all	False	False	cross_validation	5.0	5	False	1.0	ensembl_gene_id	ensembl_gene_id		True	binary	-0.0001909	0.3443	-0.1313	0.1185	-6.727e-05	0.3443	-0.1312						
46q5etck	sleek-sweep-1446	finished	ElasticNet	ha252ijh	ElasticNet	0.49238826317067413	RBPSEDataset	600	100	1.0	HepG2	rbpse	mean_squared_error	1024	True	['target_psi']	platiglab	40	['fancy_scatter', 'cumul_resid_dist', ['wandb_faux_pr_curve', {'thresh': 0.5}], ['wandb_faux_roc_curve', {'thresh': 0.5}]]	yogi-RBP-ML-linear-models-april-2025	17.0	train	['r2_score', 'rmse', 'sigmoid_r2']	False	all	False	False	cross_validation	5.0	5	False	1.0	ensembl_gene_id	ensembl_gene_id		True	binary	-0.001264	0.3444	-0.1332	0.1186	-0.0004687	0.3444	-0.1313						
ro87ybyj	driven-sweep-1447	finished	ElasticNet	ha252ijh	ElasticNet	0.49238826317067413	RBPSEDataset	700	100	1.0	HepG2	rbpse	mean_squared_error	1024	True	['target_psi']	platiglab	40	['fancy_scatter', 'cumul_resid_dist', ['wandb_faux_pr_curve', {'thresh': 0.5}], ['wandb_faux_roc_curve', {'thresh': 0.5}]]	yogi-RBP-ML-linear-models-april-2025	17.0	train	['r2_score', 'rmse', 'sigmoid_r2']	False	all	False	False	cross_validation	5.0	5	False	1.0	ensembl_gene_id	ensembl_gene_id		True	binary	-0.000296	0.3443	-0.1315	0.1185	-0.0001033	0.3443	-0.1312						
e3kfxa3y	easy-sweep-1448	finished	ElasticNet	ha252ijh	ElasticNet	0.49238826317067413	RBPSEDataset	800	100	1.0	HepG2	rbpse	mean_squared_error	1024	True	['target_psi']	platiglab	40	['fancy_scatter', 'cumul_resid_dist', ['wandb_faux_pr_curve', {'thresh': 0.5}], ['wandb_faux_roc_curve', {'thresh': 0.5}]]	yogi-RBP-ML-linear-models-april-2025	17.0	train	['r2_score', 'rmse', 'sigmoid_r2']	False	all	False	False	cross_validation	5.0	5	False	1.0	ensembl_gene_id	ensembl_gene_id		True	binary	-0.0007777	0.3443	-0.1323	0.1186	-0.0002734	0.3443	-0.1312						
a890but7	twilight-sweep-1449	finished	ElasticNet	ha252ijh	ElasticNet	0.49238826317067413	RBPSEDataset	900	100	1.0	HepG2	rbpse	mean_squared_error	1024	True	['target_psi']	platiglab	40	['fancy_scatter', 'cumul_resid_dist', ['wandb_faux_pr_curve', {'thresh': 0.5}], ['wandb_faux_roc_curve', {'thresh': 0.5}]]	yogi-RBP-ML-linear-models-april-2025	17.0	train	['r2_score', 'rmse', 'sigmoid_r2']	False	all	False	False	cross_validation	5.0	5	False	1.0	ensembl_gene_id	ensembl_gene_id		True	binary	-0.0003239	0.3442	-0.1319	0.1185	-0.0001132	0.3443	-0.1312						
91mq0mkh	fallen-sweep-1459	finished	ElasticNet	ha252ijh	ElasticNet	1.4251026703029992	RBPSEDataset	100	100	0.1	HepG2	rbpse	mean_squared_error	1024	True	['target_psi']	platiglab	40	['fancy_scatter', 'cumul_resid_dist', ['wandb_faux_pr_curve', {'thresh': 0.5}], ['wandb_faux_roc_curve', {'thresh': 0.5}]]	yogi-RBP-ML-linear-models-april-2025	17.0	train	['r2_score', 'rmse', 'sigmoid_r2']	False	all	False	False	cross_validation	5.0	5	False	1.0	ensembl_gene_id	ensembl_gene_id		True	binary	-0.001029	0.3444	-0.1325	0.1186	-0.0003646	0.3443	-0.1312						
a2u7cj8s	serene-sweep-1460	finished	ElasticNet	ha252ijh	ElasticNet	1.4251026703029992	RBPSEDataset	200	100	0.1	HepG2	rbpse	mean_squared_error	1024	True	['target_psi']	platiglab	40	['fancy_scatter', 'cumul_resid_dist', ['wandb_faux_pr_curve', {'thresh': 0.5}], ['wandb_faux_roc_curve', {'thresh': 0.5}]]	yogi-RBP-ML-linear-models-april-2025	17.0	train	['r2_score', 'rmse', 'sigmoid_r2']	False	all	False	False	cross_validation	5.0	5	False	1.0	ensembl_gene_id	ensembl_gene_id		True	binary	-0.00045	0.3441	-0.1326	0.1185	-0.0001579	0.3443	-0.1311						
e3vdhfko	vocal-sweep-1461	finished	ElasticNet	ha252ijh	ElasticNet	1.4251026703029992	RBPSEDataset	300	100	0.1	HepG2	rbpse	mean_squared_error	1024	True	['target_psi']	platiglab	40	['fancy_scatter', 'cumul_resid_dist', ['wandb_faux_pr_curve', {'thresh': 0.5}], ['wandb_faux_roc_curve', {'thresh': 0.5}]]	yogi-RBP-ML-linear-models-april-2025	17.0	train	['r2_score', 'rmse', 'sigmoid_r2']	False	all	False	False	cross_validation	5.0	5	False	1.0	ensembl_gene_id	ensembl_gene_id		True	binary	-0.0004882	0.3442	-0.1323	0.1185	-0.0001759	0.3443	-0.1312						
2lx87lcp	major-sweep-1462	finished	ElasticNet	ha252ijh	ElasticNet	1.4251026703029992	RBPSEDataset	400	100	0.1	HepG2	rbpse	mean_squared_error	1024	True	['target_psi']	platiglab	40	['fancy_scatter', 'cumul_resid_dist', ['wandb_faux_pr_curve', {'thresh': 0.5}], ['wandb_faux_roc_curve', {'thresh': 0.5}]]	yogi-RBP-ML-linear-models-april-2025	17.0	train	['r2_score', 'rmse', 'sigmoid_r2']	False	all	False	False	cross_validation	5.0	5	False	1.0	ensembl_gene_id	ensembl_gene_id		True	binary	-0.0007205	0.3442	-0.1327	0.1186	-0.0002707	0.3443	-0.1312						
kzpzmer2	gentle-sweep-1463	finished	ElasticNet	ha252ijh	ElasticNet	1.4251026703029992	RBPSEDataset	500	100	0.1	HepG2	rbpse	mean_squared_error	1024	True	['target_psi']	platiglab	40	['fancy_scatter', 'cumul_resid_dist', ['wandb_faux_pr_curve', {'thresh': 0.5}], ['wandb_faux_roc_curve', {'thresh': 0.5}]]	yogi-RBP-ML-linear-models-april-2025	17.0	train	['r2_score', 'rmse', 'sigmoid_r2']	False	all	False	False	cross_validation	5.0	5	False	1.0	ensembl_gene_id	ensembl_gene_id		True	binary	-0.0001909	0.3443	-0.1313	0.1185	-6.727e-05	0.3443	-0.1312						
243ymcpp	peach-sweep-1464	finished	ElasticNet	ha252ijh	ElasticNet	1.4251026703029992	RBPSEDataset	600	100	0.1	HepG2	rbpse	mean_squared_error	1024	True	['target_psi']	platiglab	40	['fancy_scatter', 'cumul_resid_dist', ['wandb_faux_pr_curve', {'thresh': 0.5}], ['wandb_faux_roc_curve', {'thresh': 0.5}]]	yogi-RBP-ML-linear-models-april-2025	17.0	train	['r2_score', 'rmse', 'sigmoid_r2']	False	all	False	False	cross_validation	5.0	5	False	1.0	ensembl_gene_id	ensembl_gene_id		True	binary	-0.001264	0.3444	-0.1332	0.1186	-0.0004687	0.3444	-0.1313						
auu71hre	vague-sweep-1465	finished	ElasticNet	ha252ijh	ElasticNet	1.4251026703029992	RBPSEDataset	700	100	0.1	HepG2	rbpse	mean_squared_error	1024	True	['target_psi']	platiglab	40	['fancy_scatter', 'cumul_resid_dist', ['wandb_faux_pr_curve', {'thresh': 0.5}], ['wandb_faux_roc_curve', {'thresh': 0.5}]]	yogi-RBP-ML-linear-models-april-2025	17.0	train	['r2_score', 'rmse', 'sigmoid_r2']	False	all	False	False	cross_validation	5.0	5	False	1.0	ensembl_gene_id	ensembl_gene_id		True	binary	-0.000296	0.3443	-0.1315	0.1185	-0.0001033	0.3443	-0.1312						
468boa08	soft-sweep-1466	finished	ElasticNet	ha252ijh	ElasticNet	1.4251026703029992	RBPSEDataset	800	100	0.1	HepG2	rbpse	mean_squared_error	1024	True	['target_psi']	platiglab	40	['fancy_scatter', 'cumul_resid_dist', ['wandb_faux_pr_curve', {'thresh': 0.5}], ['wandb_faux_roc_curve', {'thresh': 0.5}]]	yogi-RBP-ML-linear-models-april-2025	17.0	train	['r2_score', 'rmse', 'sigmoid_r2']	False	all	False	False	cross_validation	5.0	5	False	1.0	ensembl_gene_id	ensembl_gene_id		True	binary	-0.0007777	0.3443	-0.1323	0.1186	-0.0002734	0.3443	-0.1312						
0kx3qjmg	legendary-sweep-1467	finished	ElasticNet	ha252ijh	ElasticNet	1.4251026703029992	RBPSEDataset	900	100	0.1	HepG2	rbpse	mean_squared_error	1024	True	['target_psi']	platiglab	40	['fancy_scatter', 'cumul_resid_dist', ['wandb_faux_pr_curve', {'thresh': 0.5}], ['wandb_faux_roc_curve', {'thresh': 0.5}]]	yogi-RBP-ML-linear-models-april-2025	17.0	train	['r2_score', 'rmse', 'sigmoid_r2']	False	all	False	False	cross_validation	5.0	5	False	1.0	ensembl_gene_id	ensembl_gene_id		True	binary	-0.0003239	0.3442	-0.1319	0.1185	-0.0001132	0.3443	-0.1312						
2ge9vbjv	likely-sweep-1468	finished	ElasticNet	ha252ijh	ElasticNet	1.4251026703029992	RBPSEDataset	100	100	0.25	HepG2	rbpse	mean_squared_error	1024	True	['target_psi']	platiglab	40	['fancy_scatter', 'cumul_resid_dist', ['wandb_faux_pr_curve', {'thresh': 0.5}], ['wandb_faux_roc_curve', {'thresh': 0.5}]]	yogi-RBP-ML-linear-models-april-2025	17.0	train	['r2_score', 'rmse', 'sigmoid_r2']	False	all	False	False	cross_validation	5.0	5	False	1.0	ensembl_gene_id	ensembl_gene_id		True	binary	-0.001029	0.3444	-0.1325	0.1186	-0.0003646	0.3443	-0.1312						
yzxcy1ox	ancient-sweep-1470	finished	ElasticNet	ha252ijh	ElasticNet	1.4251026703029992	RBPSEDataset	300	100	0.25	HepG2	rbpse	mean_squared_error	1024	True	['target_psi']	platiglab	40	['fancy_scatter', 'cumul_resid_dist', ['wandb_faux_pr_curve', {'thresh': 0.5}], ['wandb_faux_roc_curve', {'thresh': 0.5}]]	yogi-RBP-ML-linear-models-april-2025	17.0	train	['r2_score', 'rmse', 'sigmoid_r2']	False	all	False	False	cross_validation	5.0	5	False	1.0	ensembl_gene_id	ensembl_gene_id		True	binary	-0.0004882	0.3442	-0.1323	0.1185	-0.0001759	0.3443	-0.1312						
zkaw7ixa	drawn-sweep-1469	finished	ElasticNet	ha252ijh	ElasticNet	1.4251026703029992	RBPSEDataset	200	100	0.25	HepG2	rbpse	mean_squared_error	1024	True	['target_psi']	platiglab	40	['fancy_scatter', 'cumul_resid_dist', ['wandb_faux_pr_curve', {'thresh': 0.5}], ['wandb_faux_roc_curve', {'thresh': 0.5}]]	yogi-RBP-ML-linear-models-april-2025	17.0	train	['r2_score', 'rmse', 'sigmoid_r2']	False	all	False	False	cross_validation	5.0	5	False	1.0	ensembl_gene_id	ensembl_gene_id		True	binary	-0.00045	0.3441	-0.1326	0.1185	-0.0001579	0.3443	-0.1311						
bsqnf9la	fast-sweep-1471	finished	ElasticNet	ha252ijh	ElasticNet	1.4251026703029992	RBPSEDataset	400	100	0.25	HepG2	rbpse	mean_squared_error	1024	True	['target_psi']	platiglab	40	['fancy_scatter', 'cumul_resid_dist', ['wandb_faux_pr_curve', {'thresh': 0.5}], ['wandb_faux_roc_curve', {'thresh': 0.5}]]	yogi-RBP-ML-linear-models-april-2025	17.0	train	['r2_score', 'rmse', 'sigmoid_r2']	False	all	False	False	cross_validation	5.0	5	False	1.0	ensembl_gene_id	ensembl_gene_id		True	binary	-0.0007205	0.3442	-0.1327	0.1186	-0.0002707	0.3443	-0.1312						
kx8gapxo	giddy-sweep-1472	finished	ElasticNet	ha252ijh	ElasticNet	1.4251026703029992	RBPSEDataset	500	100	0.25	HepG2	rbpse	mean_squared_error	1024	True	['target_psi']	platiglab	40	['fancy_scatter', 'cumul_resid_dist', ['wandb_faux_pr_curve', {'thresh': 0.5}], ['wandb_faux_roc_curve', {'thresh': 0.5}]]	yogi-RBP-ML-linear-models-april-2025	17.0	train	['r2_score', 'rmse', 'sigmoid_r2']	False	all	False	False	cross_validation	5.0	5	False	1.0	ensembl_gene_id	ensembl_gene_id		True	binary	-0.0001909	0.3443	-0.1313	0.1185	-6.727e-05	0.3443	-0.1312						
c26s8i44	graceful-sweep-1473	finished	ElasticNet	ha252ijh	ElasticNet	1.4251026703029992	RBPSEDataset	600	100	0.25	HepG2	rbpse	mean_squared_error	1024	True	['target_psi']	platiglab	40	['fancy_scatter', 'cumul_resid_dist', ['wandb_faux_pr_curve', {'thresh': 0.5}], ['wandb_faux_roc_curve', {'thresh': 0.5}]]	yogi-RBP-ML-linear-models-april-2025	17.0	train	['r2_score', 'rmse', 'sigmoid_r2']	False	all	False	False	cross_validation	5.0	5	False	1.0	ensembl_gene_id	ensembl_gene_id		True	binary	-0.001264	0.3444	-0.1332	0.1186	-0.0004687	0.3444	-0.1313						
8sam51wi	golden-sweep-1474	finished	ElasticNet	ha252ijh	ElasticNet	1.4251026703029992	RBPSEDataset	700	100	0.25	HepG2	rbpse	mean_squared_error	1024	True	['target_psi']	platiglab	40	['fancy_scatter', 'cumul_resid_dist', ['wandb_faux_pr_curve', {'thresh': 0.5}], ['wandb_faux_roc_curve', {'thresh': 0.5}]]	yogi-RBP-ML-linear-models-april-2025	17.0	train	['r2_score', 'rmse', 'sigmoid_r2']	False	all	False	False	cross_validation	5.0	5	False	1.0	ensembl_gene_id	ensembl_gene_id		True	binary	-0.000296	0.3443	-0.1315	0.1185	-0.0001033	0.3443	-0.1312						
b7z2w7g4	whole-sweep-1476	finished	ElasticNet	ha252ijh	ElasticNet	1.4251026703029992	RBPSEDataset	900	100	0.25	HepG2	rbpse	mean_squared_error	1024	True	['target_psi']	platiglab	40	['fancy_scatter', 'cumul_resid_dist', ['wandb_faux_pr_curve', {'thresh': 0.5}], ['wandb_faux_roc_curve', {'thresh': 0.5}]]	yogi-RBP-ML-linear-models-april-2025	17.0	train	['r2_score', 'rmse', 'sigmoid_r2']	False	all	False	False	cross_validation	5.0	5	False	1.0	ensembl_gene_id	ensembl_gene_id		True	binary	-0.0003239	0.3442	-0.1319	0.1185	-0.0001132	0.3443	-0.1312						
pxvb2ua4	silvery-sweep-1475	finished	ElasticNet	ha252ijh	ElasticNet	1.4251026703029992	RBPSEDataset	800	100	0.25	HepG2	rbpse	mean_squared_error	1024	True	['target_psi']	platiglab	40	['fancy_scatter', 'cumul_resid_dist', ['wandb_faux_pr_curve', {'thresh': 0.5}], ['wandb_faux_roc_curve', {'thresh': 0.5}]]	yogi-RBP-ML-linear-models-april-2025	17.0	train	['r2_score', 'rmse', 'sigmoid_r2']	False	all	False	False	cross_validation	5.0	5	False	1.0	ensembl_gene_id	ensembl_gene_id		True	binary	-0.0007777	0.3443	-0.1323	0.1186	-0.0002734	0.3443	-0.1312						
crw2754s	azure-sweep-1477	finished	ElasticNet	ha252ijh	ElasticNet	1.4251026703029992	RBPSEDataset	100	100	0.5	HepG2	rbpse	mean_squared_error	1024	True	['target_psi']	platiglab	40	['fancy_scatter', 'cumul_resid_dist', ['wandb_faux_pr_curve', {'thresh': 0.5}], ['wandb_faux_roc_curve', {'thresh': 0.5}]]	yogi-RBP-ML-linear-models-april-2025	17.0	train	['r2_score', 'rmse', 'sigmoid_r2']	False	all	False	False	cross_validation	5.0	5	False	1.0	ensembl_gene_id	ensembl_gene_id		True	binary	-0.001029	0.3444	-0.1325	0.1186	-0.0003646	0.3443	-0.1312						
l83ulwfw	sweepy-sweep-1478	finished	ElasticNet	ha252ijh	ElasticNet	1.4251026703029992	RBPSEDataset	200	100	0.5	HepG2	rbpse	mean_squared_error	1024	True	['target_psi']	platiglab	40	['fancy_scatter', 'cumul_resid_dist', ['wandb_faux_pr_curve', {'thresh': 0.5}], ['wandb_faux_roc_curve', {'thresh': 0.5}]]	yogi-RBP-ML-linear-models-april-2025	17.0	train	['r2_score', 'rmse', 'sigmoid_r2']	False	all	False	False	cross_validation	5.0	5	False	1.0	ensembl_gene_id	ensembl_gene_id		True	binary	-0.00045	0.3441	-0.1326	0.1185	-0.0001579	0.3443	-0.1311						
3kx2l1ja	eternal-sweep-1479	finished	ElasticNet	ha252ijh	ElasticNet	1.4251026703029992	RBPSEDataset	300	100	0.5	HepG2	rbpse	mean_squared_error	1024	True	['target_psi']	platiglab	40	['fancy_scatter', 'cumul_resid_dist', ['wandb_faux_pr_curve', {'thresh': 0.5}], ['wandb_faux_roc_curve', {'thresh': 0.5}]]	yogi-RBP-ML-linear-models-april-2025	17.0	train	['r2_score', 'rmse', 'sigmoid_r2']	False	all	False	False	cross_validation	5.0	5	False	1.0	ensembl_gene_id	ensembl_gene_id		True	binary	-0.0004882	0.3442	-0.1323	0.1185	-0.0001759	0.3443	-0.1312						
u1200xk8	proud-sweep-1480	finished	ElasticNet	ha252ijh	ElasticNet	1.4251026703029992	RBPSEDataset	400	100	0.5	HepG2	rbpse	mean_squared_error	1024	True	['target_psi']	platiglab	40	['fancy_scatter', 'cumul_resid_dist', ['wandb_faux_pr_curve', {'thresh': 0.5}], ['wandb_faux_roc_curve', {'thresh': 0.5}]]	yogi-RBP-ML-linear-models-april-2025	17.0	train	['r2_score', 'rmse', 'sigmoid_r2']	False	all	False	False	cross_validation	5.0	5	False	1.0	ensembl_gene_id	ensembl_gene_id		True	binary	-0.0007205	0.3442	-0.1327	0.1186	-0.0002707	0.3443	-0.1312						
zcl7ras8	robust-sweep-1481	finished	ElasticNet	ha252ijh	ElasticNet	1.4251026703029992	RBPSEDataset	500	100	0.5	HepG2	rbpse	mean_squared_error	1024	True	['target_psi']	platiglab	40	['fancy_scatter', 'cumul_resid_dist', ['wandb_faux_pr_curve', {'thresh': 0.5}], ['wandb_faux_roc_curve', {'thresh': 0.5}]]	yogi-RBP-ML-linear-models-april-2025	17.0	train	['r2_score', 'rmse', 'sigmoid_r2']	False	all	False	False	cross_validation	5.0	5	False	1.0	ensembl_gene_id	ensembl_gene_id		True	binary	-0.0001909	0.3443	-0.1313	0.1185	-6.727e-05	0.3443	-0.1312						
3vd5f444	exalted-sweep-1482	finished	ElasticNet	ha252ijh	ElasticNet	1.4251026703029992	RBPSEDataset	600	100	0.5	HepG2	rbpse	mean_squared_error	1024	True	['target_psi']	platiglab	40	['fancy_scatter', 'cumul_resid_dist', ['wandb_faux_pr_curve', {'thresh': 0.5}], ['wandb_faux_roc_curve', {'thresh': 0.5}]]	yogi-RBP-ML-linear-models-april-2025	17.0	train	['r2_score', 'rmse', 'sigmoid_r2']	False	all	False	False	cross_validation	5.0	5	False	1.0	ensembl_gene_id	ensembl_gene_id		True	binary	-0.001264	0.3444	-0.1332	0.1186	-0.0004687	0.3444	-0.1313						
todi41hv	chocolate-sweep-1483	finished	ElasticNet	ha252ijh	ElasticNet	1.4251026703029992	RBPSEDataset	700	100	0.5	HepG2	rbpse	mean_squared_error	1024	True	['target_psi']	platiglab	40	['fancy_scatter', 'cumul_resid_dist', ['wandb_faux_pr_curve', {'thresh': 0.5}], ['wandb_faux_roc_curve', {'thresh': 0.5}]]	yogi-RBP-ML-linear-models-april-2025	17.0	train	['r2_score', 'rmse', 'sigmoid_r2']	False	all	False	False	cross_validation	5.0	5	False	1.0	ensembl_gene_id	ensembl_gene_id		True	binary	-0.000296	0.3443	-0.1315	0.1185	-0.0001033	0.3443	-0.1312						
yjtvwvd1	blooming-sweep-1484	finished	ElasticNet	ha252ijh	ElasticNet	1.4251026703029992	RBPSEDataset	800	100	0.5	HepG2	rbpse	mean_squared_error	1024	True	['target_psi']	platiglab	40	['fancy_scatter', 'cumul_resid_dist', ['wandb_faux_pr_curve', {'thresh': 0.5}], ['wandb_faux_roc_curve', {'thresh': 0.5}]]	yogi-RBP-ML-linear-models-april-2025	17.0	train	['r2_score', 'rmse', 'sigmoid_r2']	False	all	False	False	cross_validation	5.0	5	False	1.0	ensembl_gene_id	ensembl_gene_id		True	binary	-0.0007777	0.3443	-0.1323	0.1186	-0.0002734	0.3443	-0.1312						
bnbc6vwr	fast-sweep-1485	finished	ElasticNet	ha252ijh	ElasticNet	1.4251026703029992	RBPSEDataset	900	100	0.5	HepG2	rbpse	mean_squared_error	1024	True	['target_psi']	platiglab	40	['fancy_scatter', 'cumul_resid_dist', ['wandb_faux_pr_curve', {'thresh': 0.5}], ['wandb_faux_roc_curve', {'thresh': 0.5}]]	yogi-RBP-ML-linear-models-april-2025	17.0	train	['r2_score', 'rmse', 'sigmoid_r2']	False	all	False	False	cross_validation	5.0	5	False	1.0	ensembl_gene_id	ensembl_gene_id		True	binary	-0.0003239	0.3442	-0.1319	0.1185	-0.0001132	0.3443	-0.1312						
6jmy6sx1	skilled-sweep-1486	finished	ElasticNet	ha252ijh	ElasticNet	1.4251026703029992	RBPSEDataset	100	100	0.75	HepG2	rbpse	mean_squared_error	1024	True	['target_psi']	platiglab	40	['fancy_scatter', 'cumul_resid_dist', ['wandb_faux_pr_curve', {'thresh': 0.5}], ['wandb_faux_roc_curve', {'thresh': 0.5}]]	yogi-RBP-ML-linear-models-april-2025	17.0	train	['r2_score', 'rmse', 'sigmoid_r2']	False	all	False	False	cross_validation	5.0	5	False	1.0	ensembl_gene_id	ensembl_gene_id		True	binary	-0.001029	0.3444	-0.1325	0.1186	-0.0003646	0.3443	-0.1312						
bds7jhvs	deft-sweep-1487	finished	ElasticNet	ha252ijh	ElasticNet	1.4251026703029992	RBPSEDataset	200	100	0.75	HepG2	rbpse	mean_squared_error	1024	True	['target_psi']	platiglab	40	['fancy_scatter', 'cumul_resid_dist', ['wandb_faux_pr_curve', {'thresh': 0.5}], ['wandb_faux_roc_curve', {'thresh': 0.5}]]	yogi-RBP-ML-linear-models-april-2025	17.0	train	['r2_score', 'rmse', 'sigmoid_r2']	False	all	False	False	cross_validation	5.0	5	False	1.0	ensembl_gene_id	ensembl_gene_id		True	binary	-0.00045	0.3441	-0.1326	0.1185	-0.0001579	0.3443	-0.1311						
i9px9wb7	worthy-sweep-1489	finished	ElasticNet	ha252ijh	ElasticNet	1.4251026703029992	RBPSEDataset	400	100	0.75	HepG2	rbpse	mean_squared_error	1024	True	['target_psi']	platiglab	40	['fancy_scatter', 'cumul_resid_dist', ['wandb_faux_pr_curve', {'thresh': 0.5}], ['wandb_faux_roc_curve', {'thresh': 0.5}]]	yogi-RBP-ML-linear-models-april-2025	17.0	train	['r2_score', 'rmse', 'sigmoid_r2']	False	all	False	False	cross_validation	5.0	5	False	1.0	ensembl_gene_id	ensembl_gene_id		True	binary	-0.0007205	0.3442	-0.1327	0.1186	-0.0002707	0.3443	-0.1312						
idjypdz7	apricot-sweep-1488	finished	ElasticNet	ha252ijh	ElasticNet	1.4251026703029992	RBPSEDataset	300	100	0.75	HepG2	rbpse	mean_squared_error	1024	True	['target_psi']	platiglab	40	['fancy_scatter', 'cumul_resid_dist', ['wandb_faux_pr_curve', {'thresh': 0.5}], ['wandb_faux_roc_curve', {'thresh': 0.5}]]	yogi-RBP-ML-linear-models-april-2025	17.0	train	['r2_score', 'rmse', 'sigmoid_r2']	False	all	False	False	cross_validation	5.0	5	False	1.0	ensembl_gene_id	ensembl_gene_id		True	binary	-0.0004882	0.3442	-0.1323	0.1185	-0.0001759	0.3443	-0.1312						
mgp8sq7h	graceful-sweep-1490	finished	ElasticNet	ha252ijh	ElasticNet	1.4251026703029992	RBPSEDataset	500	100	0.75	HepG2	rbpse	mean_squared_error	1024	True	['target_psi']	platiglab	40	['fancy_scatter', 'cumul_resid_dist', ['wandb_faux_pr_curve', {'thresh': 0.5}], ['wandb_faux_roc_curve', {'thresh': 0.5}]]	yogi-RBP-ML-linear-models-april-2025	17.0	train	['r2_score', 'rmse', 'sigmoid_r2']	False	all	False	False	cross_validation	5.0	5	False	1.0	ensembl_gene_id	ensembl_gene_id		True	binary	-0.0001909	0.3443	-0.1313	0.1185	-6.727e-05	0.3443	-0.1312						
5dmdxl06	vague-sweep-1495	finished	ElasticNet	ha252ijh	ElasticNet	1.4251026703029992	RBPSEDataset	100	100	0.9	HepG2	rbpse	mean_squared_error	1024	True	['target_psi']	platiglab	40	['fancy_scatter', 'cumul_resid_dist', ['wandb_faux_pr_curve', {'thresh': 0.5}], ['wandb_faux_roc_curve', {'thresh': 0.5}]]	yogi-RBP-ML-linear-models-april-2025	17.0	train	['r2_score', 'rmse', 'sigmoid_r2']	False	all	False	False	cross_validation	5.0	5	False	1.0	ensembl_gene_id	ensembl_gene_id		True	binary	-0.001029	0.3444	-0.1325	0.1186	-0.0003646	0.3443	-0.1312						
5nwgufje	wise-sweep-1497	finished	ElasticNet	ha252ijh	ElasticNet	1.4251026703029992	RBPSEDataset	300	100	0.9	HepG2	rbpse	mean_squared_error	1024	True	['target_psi']	platiglab	40	['fancy_scatter', 'cumul_resid_dist', ['wandb_faux_pr_curve', {'thresh': 0.5}], ['wandb_faux_roc_curve', {'thresh': 0.5}]]	yogi-RBP-ML-linear-models-april-2025	17.0	train	['r2_score', 'rmse', 'sigmoid_r2']	False	all	False	False	cross_validation	5.0	5	False	1.0	ensembl_gene_id	ensembl_gene_id		True	binary	-0.0004882	0.3442	-0.1323	0.1185	-0.0001759	0.3443	-0.1312						
f8dmnry3	worldly-sweep-1496	finished	ElasticNet	ha252ijh	ElasticNet	1.4251026703029992	RBPSEDataset	200	100	0.9	HepG2	rbpse	mean_squared_error	1024	True	['target_psi']	platiglab	40	['fancy_scatter', 'cumul_resid_dist', ['wandb_faux_pr_curve', {'thresh': 0.5}], ['wandb_faux_roc_curve', {'thresh': 0.5}]]	yogi-RBP-ML-linear-models-april-2025	17.0	train	['r2_score', 'rmse', 'sigmoid_r2']	False	all	False	False	cross_validation	5.0	5	False	1.0	ensembl_gene_id	ensembl_gene_id		True	binary	-0.00045	0.3441	-0.1326	0.1185	-0.0001579	0.3443	-0.1311						
g0e6ycs7	polished-sweep-1493	finished	ElasticNet	ha252ijh	ElasticNet	1.4251026703029992	RBPSEDataset	800	100	0.75	HepG2	rbpse	mean_squared_error	1024	True	['target_psi']	platiglab	40	['fancy_scatter', 'cumul_resid_dist', ['wandb_faux_pr_curve', {'thresh': 0.5}], ['wandb_faux_roc_curve', {'thresh': 0.5}]]	yogi-RBP-ML-linear-models-april-2025	17.0	train	['r2_score', 'rmse', 'sigmoid_r2']	False	all	False	False	cross_validation	5.0	5	False	1.0	ensembl_gene_id	ensembl_gene_id		True	binary	-0.0007777	0.3443	-0.1323	0.1186	-0.0002734	0.3443	-0.1312						
qyy5wzyg	floral-sweep-1492	finished	ElasticNet	ha252ijh	ElasticNet	1.4251026703029992	RBPSEDataset	700	100	0.75	HepG2	rbpse	mean_squared_error	1024	True	['target_psi']	platiglab	40	['fancy_scatter', 'cumul_resid_dist', ['wandb_faux_pr_curve', {'thresh': 0.5}], ['wandb_faux_roc_curve', {'thresh': 0.5}]]	yogi-RBP-ML-linear-models-april-2025	17.0	train	['r2_score', 'rmse', 'sigmoid_r2']	False	all	False	False	cross_validation	5.0	5	False	1.0	ensembl_gene_id	ensembl_gene_id		True	binary	-0.000296	0.3443	-0.1315	0.1185	-0.0001033	0.3443	-0.1312						
u0tsi3hd	swept-sweep-1494	finished	ElasticNet	ha252ijh	ElasticNet	1.4251026703029992	RBPSEDataset	900	100	0.75	HepG2	rbpse	mean_squared_error	1024	True	['target_psi']	platiglab	40	['fancy_scatter', 'cumul_resid_dist', ['wandb_faux_pr_curve', {'thresh': 0.5}], ['wandb_faux_roc_curve', {'thresh': 0.5}]]	yogi-RBP-ML-linear-models-april-2025	17.0	train	['r2_score', 'rmse', 'sigmoid_r2']	False	all	False	False	cross_validation	5.0	5	False	1.0	ensembl_gene_id	ensembl_gene_id		True	binary	-0.0003239	0.3442	-0.1319	0.1185	-0.0001132	0.3443	-0.1312						
vhftiv73	vocal-sweep-1498	finished	ElasticNet	ha252ijh	ElasticNet	1.4251026703029992	RBPSEDataset	400	100	0.9	HepG2	rbpse	mean_squared_error	1024	True	['target_psi']	platiglab	40	['fancy_scatter', 'cumul_resid_dist', ['wandb_faux_pr_curve', {'thresh': 0.5}], ['wandb_faux_roc_curve', {'thresh': 0.5}]]	yogi-RBP-ML-linear-models-april-2025	17.0	train	['r2_score', 'rmse', 'sigmoid_r2']	False	all	False	False	cross_validation	5.0	5	False	1.0	ensembl_gene_id	ensembl_gene_id		True	binary	-0.0007205	0.3442	-0.1327	0.1186	-0.0002707	0.3443	-0.1312						
vvnu5w3v	lyric-sweep-1491	finished	ElasticNet	ha252ijh	ElasticNet	1.4251026703029992	RBPSEDataset	600	100	0.75	HepG2	rbpse	mean_squared_error	1024	True	['target_psi']	platiglab	40	['fancy_scatter', 'cumul_resid_dist', ['wandb_faux_pr_curve', {'thresh': 0.5}], ['wandb_faux_roc_curve', {'thresh': 0.5}]]	yogi-RBP-ML-linear-models-april-2025	17.0	train	['r2_score', 'rmse', 'sigmoid_r2']	False	all	False	False	cross_validation	5.0	5	False	1.0	ensembl_gene_id	ensembl_gene_id		True	binary	-0.001264	0.3444	-0.1332	0.1186	-0.0004687	0.3444	-0.1313						
e9g2pnva	hearty-sweep-1499	finished	ElasticNet	ha252ijh	ElasticNet	1.4251026703029992	RBPSEDataset	500	100	0.9	HepG2	rbpse	mean_squared_error	1024	True	['target_psi']	platiglab	40	['fancy_scatter', 'cumul_resid_dist', ['wandb_faux_pr_curve', {'thresh': 0.5}], ['wandb_faux_roc_curve', {'thresh': 0.5}]]	yogi-RBP-ML-linear-models-april-2025	17.0	train	['r2_score', 'rmse', 'sigmoid_r2']	False	all	False	False	cross_validation	5.0	5	False	1.0	ensembl_gene_id	ensembl_gene_id		True	binary	-0.0001909	0.3443	-0.1313	0.1185	-6.727e-05	0.3443	-0.1312						
tgef7aso	avid-sweep-1500	finished	ElasticNet	ha252ijh	ElasticNet	1.4251026703029992	RBPSEDataset	600	100	0.9	HepG2	rbpse	mean_squared_error	1024	True	['target_psi']	platiglab	40	['fancy_scatter', 'cumul_resid_dist', ['wandb_faux_pr_curve', {'thresh': 0.5}], ['wandb_faux_roc_curve', {'thresh': 0.5}]]	yogi-RBP-ML-linear-models-april-2025	17.0	train	['r2_score', 'rmse', 'sigmoid_r2']	False	all	False	False	cross_validation	5.0	5	False	1.0	ensembl_gene_id	ensembl_gene_id		True	binary	-0.001264	0.3444	-0.1332	0.1186	-0.0004687	0.3444	-0.1313						
xqieya6q	feasible-sweep-1501	finished	ElasticNet	ha252ijh	ElasticNet	1.4251026703029992	RBPSEDataset	700	100	0.9	HepG2	rbpse	mean_squared_error	1024	True	['target_psi']	platiglab	40	['fancy_scatter', 'cumul_resid_dist', ['wandb_faux_pr_curve', {'thresh': 0.5}], ['wandb_faux_roc_curve', {'thresh': 0.5}]]	yogi-RBP-ML-linear-models-april-2025	17.0	train	['r2_score', 'rmse', 'sigmoid_r2']	False	all	False	False	cross_validation	5.0	5	False	1.0	ensembl_gene_id	ensembl_gene_id		True	binary	-0.000296	0.3443	-0.1315	0.1185	-0.0001033	0.3443	-0.1312						
hmdzn0n3	gallant-sweep-1502	finished	ElasticNet	ha252ijh	ElasticNet	1.4251026703029992	RBPSEDataset	800	100	0.9	HepG2	rbpse	mean_squared_error	1024	True	['target_psi']	platiglab	40	['fancy_scatter', 'cumul_resid_dist', ['wandb_faux_pr_curve', {'thresh': 0.5}], ['wandb_faux_roc_curve', {'thresh': 0.5}]]	yogi-RBP-ML-linear-models-april-2025	17.0	train	['r2_score', 'rmse', 'sigmoid_r2']	False	all	False	False	cross_validation	5.0	5	False	1.0	ensembl_gene_id	ensembl_gene_id		True	binary	-0.0007777	0.3443	-0.1323	0.1186	-0.0002734	0.3443	-0.1312						
pklbueeh	revived-sweep-1503	finished	ElasticNet	ha252ijh	ElasticNet	1.4251026703029992	RBPSEDataset	900	100	0.9	HepG2	rbpse	mean_squared_error	1024	True	['target_psi']	platiglab	40	['fancy_scatter', 'cumul_resid_dist', ['wandb_faux_pr_curve', {'thresh': 0.5}], ['wandb_faux_roc_curve', {'thresh': 0.5}]]	yogi-RBP-ML-linear-models-april-2025	17.0	train	['r2_score', 'rmse', 'sigmoid_r2']	False	all	False	False	cross_validation	5.0	5	False	1.0	ensembl_gene_id	ensembl_gene_id		True	binary	-0.0003239	0.3442	-0.1319	0.1185	-0.0001132	0.3443	-0.1312						
0hzmka32	desert-sweep-1504	finished	ElasticNet	ha252ijh	ElasticNet	1.4251026703029992	RBPSEDataset	100	100	1.0	HepG2	rbpse	mean_squared_error	1024	True	['target_psi']	platiglab	40	['fancy_scatter', 'cumul_resid_dist', ['wandb_faux_pr_curve', {'thresh': 0.5}], ['wandb_faux_roc_curve', {'thresh': 0.5}]]	yogi-RBP-ML-linear-models-april-2025	17.0	train	['r2_score', 'rmse', 'sigmoid_r2']	False	all	False	False	cross_validation	5.0	5	False	1.0	ensembl_gene_id	ensembl_gene_id		True	binary	-0.001029	0.3444	-0.1325	0.1186	-0.0003646	0.3443	-0.1312						
mcw9853r	northern-sweep-1505	finished	ElasticNet	ha252ijh	ElasticNet	1.4251026703029992	RBPSEDataset	200	100	1.0	HepG2	rbpse	mean_squared_error	1024	True	['target_psi']	platiglab	40	['fancy_scatter', 'cumul_resid_dist', ['wandb_faux_pr_curve', {'thresh': 0.5}], ['wandb_faux_roc_curve', {'thresh': 0.5}]]	yogi-RBP-ML-linear-models-april-2025	17.0	train	['r2_score', 'rmse', 'sigmoid_r2']	False	all	False	False	cross_validation	5.0	5	False	1.0	ensembl_gene_id	ensembl_gene_id		True	binary	-0.00045	0.3441	-0.1326	0.1185	-0.0001579	0.3443	-0.1311						
kx4iozzd	dutiful-sweep-1506	finished	ElasticNet	ha252ijh	ElasticNet	1.4251026703029992	RBPSEDataset	300	100	1.0	HepG2	rbpse	mean_squared_error	1024	True	['target_psi']	platiglab	40	['fancy_scatter', 'cumul_resid_dist', ['wandb_faux_pr_curve', {'thresh': 0.5}], ['wandb_faux_roc_curve', {'thresh': 0.5}]]	yogi-RBP-ML-linear-models-april-2025	17.0	train	['r2_score', 'rmse', 'sigmoid_r2']	False	all	False	False	cross_validation	5.0	5	False	1.0	ensembl_gene_id	ensembl_gene_id		True	binary	-0.0004882	0.3442	-0.1323	0.1185	-0.0001759	0.3443	-0.1312						
s5etlmp3	glorious-sweep-1507	finished	ElasticNet	ha252ijh	ElasticNet	1.4251026703029992	RBPSEDataset	400	100	1.0	HepG2	rbpse	mean_squared_error	1024	True	['target_psi']	platiglab	40	['fancy_scatter', 'cumul_resid_dist', ['wandb_faux_pr_curve', {'thresh': 0.5}], ['wandb_faux_roc_curve', {'thresh': 0.5}]]	yogi-RBP-ML-linear-models-april-2025	17.0	train	['r2_score', 'rmse', 'sigmoid_r2']	False	all	False	False	cross_validation	5.0	5	False	1.0	ensembl_gene_id	ensembl_gene_id		True	binary	-0.0007205	0.3442	-0.1327	0.1186	-0.0002707	0.3443	-0.1312						
0pos57ff	peach-sweep-1508	finished	ElasticNet	ha252ijh	ElasticNet	1.4251026703029992	RBPSEDataset	500	100	1.0	HepG2	rbpse	mean_squared_error	1024	True	['target_psi']	platiglab	40	['fancy_scatter', 'cumul_resid_dist', ['wandb_faux_pr_curve', {'thresh': 0.5}], ['wandb_faux_roc_curve', {'thresh': 0.5}]]	yogi-RBP-ML-linear-models-april-2025	17.0	train	['r2_score', 'rmse', 'sigmoid_r2']	False	all	False	False	cross_validation	5.0	5	False	1.0	ensembl_gene_id	ensembl_gene_id		True	binary	-0.0001909	0.3443	-0.1313	0.1185	-6.727e-05	0.3443	-0.1312						
6ncfqv8i	deft-sweep-1509	finished	ElasticNet	ha252ijh	ElasticNet	1.4251026703029992	RBPSEDataset	600	100	1.0	HepG2	rbpse	mean_squared_error	1024	True	['target_psi']	platiglab	40	['fancy_scatter', 'cumul_resid_dist', ['wandb_faux_pr_curve', {'thresh': 0.5}], ['wandb_faux_roc_curve', {'thresh': 0.5}]]	yogi-RBP-ML-linear-models-april-2025	17.0	train	['r2_score', 'rmse', 'sigmoid_r2']	False	all	False	False	cross_validation	5.0	5	False	1.0	ensembl_gene_id	ensembl_gene_id		True	binary	-0.001264	0.3444	-0.1332	0.1186	-0.0004687	0.3444	-0.1313						
ahhrjq6a	ancient-sweep-1510	finished	ElasticNet	ha252ijh	ElasticNet	1.4251026703029992	RBPSEDataset	700	100	1.0	HepG2	rbpse	mean_squared_error	1024	True	['target_psi']	platiglab	40	['fancy_scatter', 'cumul_resid_dist', ['wandb_faux_pr_curve', {'thresh': 0.5}], ['wandb_faux_roc_curve', {'thresh': 0.5}]]	yogi-RBP-ML-linear-models-april-2025	17.0	train	['r2_score', 'rmse', 'sigmoid_r2']	False	all	False	False	cross_validation	5.0	5	False	1.0	ensembl_gene_id	ensembl_gene_id		True	binary	-0.000296	0.3443	-0.1315	0.1185	-0.0001033	0.3443	-0.1312						
e37u8euz	frosty-sweep-1512	finished	ElasticNet	ha252ijh	ElasticNet	1.4251026703029992	RBPSEDataset	900	100	1.0	HepG2	rbpse	mean_squared_error	1024	True	['target_psi']	platiglab	40	['fancy_scatter', 'cumul_resid_dist', ['wandb_faux_pr_curve', {'thresh': 0.5}], ['wandb_faux_roc_curve', {'thresh': 0.5}]]	yogi-RBP-ML-linear-models-april-2025	17.0	train	['r2_score', 'rmse', 'sigmoid_r2']	False	all	False	False	cross_validation	5.0	5	False	1.0	ensembl_gene_id	ensembl_gene_id		True	binary	-0.0003239	0.3442	-0.1319	0.1185	-0.0001132	0.3443	-0.1312						
oivdub1x	effortless-sweep-1511	finished	ElasticNet	ha252ijh	ElasticNet	1.4251026703029992	RBPSEDataset	800	100	1.0	HepG2	rbpse	mean_squared_error	1024	True	['target_psi']	platiglab	40	['fancy_scatter', 'cumul_resid_dist', ['wandb_faux_pr_curve', {'thresh': 0.5}], ['wandb_faux_roc_curve', {'thresh': 0.5}]]	yogi-RBP-ML-linear-models-april-2025	17.0	train	['r2_score', 'rmse', 'sigmoid_r2']	False	all	False	False	cross_validation	5.0	5	False	1.0	ensembl_gene_id	ensembl_gene_id		True	binary	-0.0007777	0.3443	-0.1323	0.1186	-0.0002734	0.3443	-0.1312						
icynp4tc	fluent-sweep-1522	finished	ElasticNet	ha252ijh	ElasticNet	4.124626382901356	RBPSEDataset	100	100	0.1	HepG2	rbpse	mean_squared_error	1024	True	['target_psi']	platiglab	40	['fancy_scatter', 'cumul_resid_dist', ['wandb_faux_pr_curve', {'thresh': 0.5}], ['wandb_faux_roc_curve', {'thresh': 0.5}]]	yogi-RBP-ML-linear-models-april-2025	17.0	train	['r2_score', 'rmse', 'sigmoid_r2']	False	all	False	False	cross_validation	5.0	5	False	1.0	ensembl_gene_id	ensembl_gene_id		True	binary	-0.001029	0.3444	-0.1325	0.1186	-0.0003646	0.3443	-0.1312						
8dy4nf2m	stellar-sweep-1524	finished	ElasticNet	ha252ijh	ElasticNet	4.124626382901356	RBPSEDataset	300	100	0.1	HepG2	rbpse	mean_squared_error	1024	True	['target_psi']	platiglab	40	['fancy_scatter', 'cumul_resid_dist', ['wandb_faux_pr_curve', {'thresh': 0.5}], ['wandb_faux_roc_curve', {'thresh': 0.5}]]	yogi-RBP-ML-linear-models-april-2025	17.0	train	['r2_score', 'rmse', 'sigmoid_r2']	False	all	False	False	cross_validation	5.0	5	False	1.0	ensembl_gene_id	ensembl_gene_id		True	binary	-0.0004882	0.3442	-0.1323	0.1185	-0.0001759	0.3443	-0.1312						
ui3u5xg6	lunar-sweep-1523	finished	ElasticNet	ha252ijh	ElasticNet	4.124626382901356	RBPSEDataset	200	100	0.1	HepG2	rbpse	mean_squared_error	1024	True	['target_psi']	platiglab	40	['fancy_scatter', 'cumul_resid_dist', ['wandb_faux_pr_curve', {'thresh': 0.5}], ['wandb_faux_roc_curve', {'thresh': 0.5}]]	yogi-RBP-ML-linear-models-april-2025	17.0	train	['r2_score', 'rmse', 'sigmoid_r2']	False	all	False	False	cross_validation	5.0	5	False	1.0	ensembl_gene_id	ensembl_gene_id		True	binary	-0.00045	0.3441	-0.1326	0.1185	-0.0001579	0.3443	-0.1311						
1qtubfeh	clear-sweep-1525	finished	ElasticNet	ha252ijh	ElasticNet	4.124626382901356	RBPSEDataset	400	100	0.1	HepG2	rbpse	mean_squared_error	1024	True	['target_psi']	platiglab	40	['fancy_scatter', 'cumul_resid_dist', ['wandb_faux_pr_curve', {'thresh': 0.5}], ['wandb_faux_roc_curve', {'thresh': 0.5}]]	yogi-RBP-ML-linear-models-april-2025	17.0	train	['r2_score', 'rmse', 'sigmoid_r2']	False	all	False	False	cross_validation	5.0	5	False	1.0	ensembl_gene_id	ensembl_gene_id		True	binary	-0.0007205	0.3442	-0.1327	0.1186	-0.0002707	0.3443	-0.1312						
a1c31043	unique-sweep-1526	finished	ElasticNet	ha252ijh	ElasticNet	4.124626382901356	RBPSEDataset	500	100	0.1	HepG2	rbpse	mean_squared_error	1024	True	['target_psi']	platiglab	40	['fancy_scatter', 'cumul_resid_dist', ['wandb_faux_pr_curve', {'thresh': 0.5}], ['wandb_faux_roc_curve', {'thresh': 0.5}]]	yogi-RBP-ML-linear-models-april-2025	17.0	train	['r2_score', 'rmse', 'sigmoid_r2']	False	all	False	False	cross_validation	5.0	5	False	1.0	ensembl_gene_id	ensembl_gene_id		True	binary	-0.0001909	0.3443	-0.1313	0.1185	-6.727e-05	0.3443	-0.1312						
40bappk0	splendid-sweep-1529	finished	ElasticNet	ha252ijh	ElasticNet	4.124626382901356	RBPSEDataset	800	100	0.1	HepG2	rbpse	mean_squared_error	1024	True	['target_psi']	platiglab	40	['fancy_scatter', 'cumul_resid_dist', ['wandb_faux_pr_curve', {'thresh': 0.5}], ['wandb_faux_roc_curve', {'thresh': 0.5}]]	yogi-RBP-ML-linear-models-april-2025	17.0	train	['r2_score', 'rmse', 'sigmoid_r2']	False	all	False	False	cross_validation	5.0	5	False	1.0	ensembl_gene_id	ensembl_gene_id		True	binary	-0.0007777	0.3443	-0.1323	0.1186	-0.0002734	0.3443	-0.1312						
g7v0eryg	laced-sweep-1527	finished	ElasticNet	ha252ijh	ElasticNet	4.124626382901356	RBPSEDataset	600	100	0.1	HepG2	rbpse	mean_squared_error	1024	True	['target_psi']	platiglab	40	['fancy_scatter', 'cumul_resid_dist', ['wandb_faux_pr_curve', {'thresh': 0.5}], ['wandb_faux_roc_curve', {'thresh': 0.5}]]	yogi-RBP-ML-linear-models-april-2025	17.0	train	['r2_score', 'rmse', 'sigmoid_r2']	False	all	False	False	cross_validation	5.0	5	False	1.0	ensembl_gene_id	ensembl_gene_id		True	binary	-0.001264	0.3444	-0.1332	0.1186	-0.0004687	0.3444	-0.1313						
y3lyymuf	misty-sweep-1528	finished	ElasticNet	ha252ijh	ElasticNet	4.124626382901356	RBPSEDataset	700	100	0.1	HepG2	rbpse	mean_squared_error	1024	True	['target_psi']	platiglab	40	['fancy_scatter', 'cumul_resid_dist', ['wandb_faux_pr_curve', {'thresh': 0.5}], ['wandb_faux_roc_curve', {'thresh': 0.5}]]	yogi-RBP-ML-linear-models-april-2025	17.0	train	['r2_score', 'rmse', 'sigmoid_r2']	False	all	False	False	cross_validation	5.0	5	False	1.0	ensembl_gene_id	ensembl_gene_id		True	binary	-0.000296	0.3443	-0.1315	0.1185	-0.0001033	0.3443	-0.1312						
68jdwr7e	robust-sweep-1530	finished	ElasticNet	ha252ijh	ElasticNet	4.124626382901356	RBPSEDataset	900	100	0.1	HepG2	rbpse	mean_squared_error	1024	True	['target_psi']	platiglab	40	['fancy_scatter', 'cumul_resid_dist', ['wandb_faux_pr_curve', {'thresh': 0.5}], ['wandb_faux_roc_curve', {'thresh': 0.5}]]	yogi-RBP-ML-linear-models-april-2025	17.0	train	['r2_score', 'rmse', 'sigmoid_r2']	False	all	False	False	cross_validation	5.0	5	False	1.0	ensembl_gene_id	ensembl_gene_id		True	binary	-0.0003239	0.3442	-0.1319	0.1185	-0.0001132	0.3443	-0.1312						
lqodojb0	jumping-sweep-1532	finished	ElasticNet	ha252ijh	ElasticNet	4.124626382901356	RBPSEDataset	200	100	0.25	HepG2	rbpse	mean_squared_error	1024	True	['target_psi']	platiglab	40	['fancy_scatter', 'cumul_resid_dist', ['wandb_faux_pr_curve', {'thresh': 0.5}], ['wandb_faux_roc_curve', {'thresh': 0.5}]]	yogi-RBP-ML-linear-models-april-2025	17.0	train	['r2_score', 'rmse', 'sigmoid_r2']	False	all	False	False	cross_validation	5.0	5	False	1.0	ensembl_gene_id	ensembl_gene_id		True	binary	-0.00045	0.3441	-0.1326	0.1185	-0.0001579	0.3443	-0.1311						
mg3dehse	expert-sweep-1531	finished	ElasticNet	ha252ijh	ElasticNet	4.124626382901356	RBPSEDataset	100	100	0.25	HepG2	rbpse	mean_squared_error	1024	True	['target_psi']	platiglab	40	['fancy_scatter', 'cumul_resid_dist', ['wandb_faux_pr_curve', {'thresh': 0.5}], ['wandb_faux_roc_curve', {'thresh': 0.5}]]	yogi-RBP-ML-linear-models-april-2025	17.0	train	['r2_score', 'rmse', 'sigmoid_r2']	False	all	False	False	cross_validation	5.0	5	False	1.0	ensembl_gene_id	ensembl_gene_id		True	binary	-0.001029	0.3444	-0.1325	0.1186	-0.0003646	0.3443	-0.1312						
50xsegf1	dry-sweep-1534	finished	ElasticNet	ha252ijh	ElasticNet	4.124626382901356	RBPSEDataset	400	100	0.25	HepG2	rbpse	mean_squared_error	1024	True	['target_psi']	platiglab	40	['fancy_scatter', 'cumul_resid_dist', ['wandb_faux_pr_curve', {'thresh': 0.5}], ['wandb_faux_roc_curve', {'thresh': 0.5}]]	yogi-RBP-ML-linear-models-april-2025	17.0	train	['r2_score', 'rmse', 'sigmoid_r2']	False	all	False	False	cross_validation	5.0	5	False	1.0	ensembl_gene_id	ensembl_gene_id		True	binary	-0.0007205	0.3442	-0.1327	0.1186	-0.0002707	0.3443	-0.1312						
m6pkrey0	divine-sweep-1535	finished	ElasticNet	ha252ijh	ElasticNet	4.124626382901356	RBPSEDataset	500	100	0.25	HepG2	rbpse	mean_squared_error	1024	True	['target_psi']	platiglab	40	['fancy_scatter', 'cumul_resid_dist', ['wandb_faux_pr_curve', {'thresh': 0.5}], ['wandb_faux_roc_curve', {'thresh': 0.5}]]	yogi-RBP-ML-linear-models-april-2025	17.0	train	['r2_score', 'rmse', 'sigmoid_r2']	False	all	False	False	cross_validation	5.0	5	False	1.0	ensembl_gene_id	ensembl_gene_id		True	binary	-0.0001909	0.3443	-0.1313	0.1185	-6.727e-05	0.3443	-0.1312						
sh06ni5z	gallant-sweep-1533	finished	ElasticNet	ha252ijh	ElasticNet	4.124626382901356	RBPSEDataset	300	100	0.25	HepG2	rbpse	mean_squared_error	1024	True	['target_psi']	platiglab	40	['fancy_scatter', 'cumul_resid_dist', ['wandb_faux_pr_curve', {'thresh': 0.5}], ['wandb_faux_roc_curve', {'thresh': 0.5}]]	yogi-RBP-ML-linear-models-april-2025	17.0	train	['r2_score', 'rmse', 'sigmoid_r2']	False	all	False	False	cross_validation	5.0	5	False	1.0	ensembl_gene_id	ensembl_gene_id		True	binary	-0.0004882	0.3442	-0.1323	0.1185	-0.0001759	0.3443	-0.1312						
5uigylry	dazzling-sweep-1536	finished	ElasticNet	ha252ijh	ElasticNet	4.124626382901356	RBPSEDataset	600	100	0.25	HepG2	rbpse	mean_squared_error	1024	True	['target_psi']	platiglab	40	['fancy_scatter', 'cumul_resid_dist', ['wandb_faux_pr_curve', {'thresh': 0.5}], ['wandb_faux_roc_curve', {'thresh': 0.5}]]	yogi-RBP-ML-linear-models-april-2025	17.0	train	['r2_score', 'rmse', 'sigmoid_r2']	False	all	False	False	cross_validation	5.0	5	False	1.0	ensembl_gene_id	ensembl_gene_id		True	binary	-0.001264	0.3444	-0.1332	0.1186	-0.0004687	0.3444	-0.1313						
eupv1yya	likely-sweep-1537	finished	ElasticNet	ha252ijh	ElasticNet	4.124626382901356	RBPSEDataset	700	100	0.25	HepG2	rbpse	mean_squared_error	1024	True	['target_psi']	platiglab	40	['fancy_scatter', 'cumul_resid_dist', ['wandb_faux_pr_curve', {'thresh': 0.5}], ['wandb_faux_roc_curve', {'thresh': 0.5}]]	yogi-RBP-ML-linear-models-april-2025	17.0	train	['r2_score', 'rmse', 'sigmoid_r2']	False	all	False	False	cross_validation	5.0	5	False	1.0	ensembl_gene_id	ensembl_gene_id		True	binary	-0.000296	0.3443	-0.1315	0.1185	-0.0001033	0.3443	-0.1312						
22aox0cy	spring-sweep-1538	finished	ElasticNet	ha252ijh	ElasticNet	4.124626382901356	RBPSEDataset	800	100	0.25	HepG2	rbpse	mean_squared_error	1024	True	['target_psi']	platiglab	40	['fancy_scatter', 'cumul_resid_dist', ['wandb_faux_pr_curve', {'thresh': 0.5}], ['wandb_faux_roc_curve', {'thresh': 0.5}]]	yogi-RBP-ML-linear-models-april-2025	17.0	train	['r2_score', 'rmse', 'sigmoid_r2']	False	all	False	False	cross_validation	5.0	5	False	1.0	ensembl_gene_id	ensembl_gene_id		True	binary	-0.0007777	0.3443	-0.1323	0.1186	-0.0002734	0.3443	-0.1312						
db8xnvmz	snowy-sweep-1539	finished	ElasticNet	ha252ijh	ElasticNet	4.124626382901356	RBPSEDataset	900	100	0.25	HepG2	rbpse	mean_squared_error	1024	True	['target_psi']	platiglab	40	['fancy_scatter', 'cumul_resid_dist', ['wandb_faux_pr_curve', {'thresh': 0.5}], ['wandb_faux_roc_curve', {'thresh': 0.5}]]	yogi-RBP-ML-linear-models-april-2025	17.0	train	['r2_score', 'rmse', 'sigmoid_r2']	False	all	False	False	cross_validation	5.0	5	False	1.0	ensembl_gene_id	ensembl_gene_id		True	binary	-0.0003239	0.3442	-0.1319	0.1185	-0.0001132	0.3443	-0.1312						
x2f1l4df	comfy-sweep-1540	finished	ElasticNet	ha252ijh	ElasticNet	4.124626382901356	RBPSEDataset	100	100	0.5	HepG2	rbpse	mean_squared_error	1024	True	['target_psi']	platiglab	40	['fancy_scatter', 'cumul_resid_dist', ['wandb_faux_pr_curve', {'thresh': 0.5}], ['wandb_faux_roc_curve', {'thresh': 0.5}]]	yogi-RBP-ML-linear-models-april-2025	17.0	train	['r2_score', 'rmse', 'sigmoid_r2']	False	all	False	False	cross_validation	5.0	5	False	1.0	ensembl_gene_id	ensembl_gene_id		True	binary	-0.001029	0.3444	-0.1325	0.1186	-0.0003646	0.3443	-0.1312						
5m0w8vcc	wandering-sweep-1543	finished	ElasticNet	ha252ijh	ElasticNet	4.124626382901356	RBPSEDataset	400	100	0.5	HepG2	rbpse	mean_squared_error	1024	True	['target_psi']	platiglab	40	['fancy_scatter', 'cumul_resid_dist', ['wandb_faux_pr_curve', {'thresh': 0.5}], ['wandb_faux_roc_curve', {'thresh': 0.5}]]	yogi-RBP-ML-linear-models-april-2025	17.0	train	['r2_score', 'rmse', 'sigmoid_r2']	False	all	False	False	cross_validation	5.0	5	False	1.0	ensembl_gene_id	ensembl_gene_id		True	binary	-0.0007205	0.3442	-0.1327	0.1186	-0.0002707	0.3443	-0.1312						
c93pn4xp	quiet-sweep-1542	finished	ElasticNet	ha252ijh	ElasticNet	4.124626382901356	RBPSEDataset	300	100	0.5	HepG2	rbpse	mean_squared_error	1024	True	['target_psi']	platiglab	40	['fancy_scatter', 'cumul_resid_dist', ['wandb_faux_pr_curve', {'thresh': 0.5}], ['wandb_faux_roc_curve', {'thresh': 0.5}]]	yogi-RBP-ML-linear-models-april-2025	17.0	train	['r2_score', 'rmse', 'sigmoid_r2']	False	all	False	False	cross_validation	5.0	5	False	1.0	ensembl_gene_id	ensembl_gene_id		True	binary	-0.0004882	0.3442	-0.1323	0.1185	-0.0001759	0.3443	-0.1312						
xgqz7ox1	true-sweep-1541	finished	ElasticNet	ha252ijh	ElasticNet	4.124626382901356	RBPSEDataset	200	100	0.5	HepG2	rbpse	mean_squared_error	1024	True	['target_psi']	platiglab	40	['fancy_scatter', 'cumul_resid_dist', ['wandb_faux_pr_curve', {'thresh': 0.5}], ['wandb_faux_roc_curve', {'thresh': 0.5}]]	yogi-RBP-ML-linear-models-april-2025	17.0	train	['r2_score', 'rmse', 'sigmoid_r2']	False	all	False	False	cross_validation	5.0	5	False	1.0	ensembl_gene_id	ensembl_gene_id		True	binary	-0.00045	0.3441	-0.1326	0.1185	-0.0001579	0.3443	-0.1311						
psjq1m0m	curious-sweep-1544	finished	ElasticNet	ha252ijh	ElasticNet	4.124626382901356	RBPSEDataset	500	100	0.5	HepG2	rbpse	mean_squared_error	1024	True	['target_psi']	platiglab	40	['fancy_scatter', 'cumul_resid_dist', ['wandb_faux_pr_curve', {'thresh': 0.5}], ['wandb_faux_roc_curve', {'thresh': 0.5}]]	yogi-RBP-ML-linear-models-april-2025	17.0	train	['r2_score', 'rmse', 'sigmoid_r2']	False	all	False	False	cross_validation	5.0	5	False	1.0	ensembl_gene_id	ensembl_gene_id		True	binary	-0.0001909	0.3443	-0.1313	0.1185	-6.727e-05	0.3443	-0.1312						
tczsj95m	silver-sweep-1545	finished	ElasticNet	ha252ijh	ElasticNet	4.124626382901356	RBPSEDataset	600	100	0.5	HepG2	rbpse	mean_squared_error	1024	True	['target_psi']	platiglab	40	['fancy_scatter', 'cumul_resid_dist', ['wandb_faux_pr_curve', {'thresh': 0.5}], ['wandb_faux_roc_curve', {'thresh': 0.5}]]	yogi-RBP-ML-linear-models-april-2025	17.0	train	['r2_score', 'rmse', 'sigmoid_r2']	False	all	False	False	cross_validation	5.0	5	False	1.0	ensembl_gene_id	ensembl_gene_id		True	binary	-0.001264	0.3444	-0.1332	0.1186	-0.0004687	0.3444	-0.1313						
o97sf9ee	expert-sweep-1547	finished	ElasticNet	ha252ijh	ElasticNet	4.124626382901356	RBPSEDataset	800	100	0.5	HepG2	rbpse	mean_squared_error	1024	True	['target_psi']	platiglab	40	['fancy_scatter', 'cumul_resid_dist', ['wandb_faux_pr_curve', {'thresh': 0.5}], ['wandb_faux_roc_curve', {'thresh': 0.5}]]	yogi-RBP-ML-linear-models-april-2025	17.0	train	['r2_score', 'rmse', 'sigmoid_r2']	False	all	False	False	cross_validation	5.0	5	False	1.0	ensembl_gene_id	ensembl_gene_id		True	binary	-0.0007777	0.3443	-0.1323	0.1186	-0.0002734	0.3443	-0.1312						
qw7f1plx	chocolate-sweep-1546	finished	ElasticNet	ha252ijh	ElasticNet	4.124626382901356	RBPSEDataset	700	100	0.5	HepG2	rbpse	mean_squared_error	1024	True	['target_psi']	platiglab	40	['fancy_scatter', 'cumul_resid_dist', ['wandb_faux_pr_curve', {'thresh': 0.5}], ['wandb_faux_roc_curve', {'thresh': 0.5}]]	yogi-RBP-ML-linear-models-april-2025	17.0	train	['r2_score', 'rmse', 'sigmoid_r2']	False	all	False	False	cross_validation	5.0	5	False	1.0	ensembl_gene_id	ensembl_gene_id		True	binary	-0.000296	0.3443	-0.1315	0.1185	-0.0001033	0.3443	-0.1312						
rt9ywrnm	rare-sweep-1548	finished	ElasticNet	ha252ijh	ElasticNet	4.124626382901356	RBPSEDataset	900	100	0.5	HepG2	rbpse	mean_squared_error	1024	True	['target_psi']	platiglab	40	['fancy_scatter', 'cumul_resid_dist', ['wandb_faux_pr_curve', {'thresh': 0.5}], ['wandb_faux_roc_curve', {'thresh': 0.5}]]	yogi-RBP-ML-linear-models-april-2025	17.0	train	['r2_score', 'rmse', 'sigmoid_r2']	False	all	False	False	cross_validation	5.0	5	False	1.0	ensembl_gene_id	ensembl_gene_id		True	binary	-0.0003239	0.3442	-0.1319	0.1185	-0.0001132	0.3443	-0.1312						
1enkoq8m	charmed-sweep-1549	finished	ElasticNet	ha252ijh	ElasticNet	4.124626382901356	RBPSEDataset	100	100	0.75	HepG2	rbpse	mean_squared_error	1024	True	['target_psi']	platiglab	40	['fancy_scatter', 'cumul_resid_dist', ['wandb_faux_pr_curve', {'thresh': 0.5}], ['wandb_faux_roc_curve', {'thresh': 0.5}]]	yogi-RBP-ML-linear-models-april-2025	17.0	train	['r2_score', 'rmse', 'sigmoid_r2']	False	all	False	False	cross_validation	5.0	5	False	1.0	ensembl_gene_id	ensembl_gene_id		True	binary	-0.001029	0.3444	-0.1325	0.1186	-0.0003646	0.3443	-0.1312						
8wlweyzw	ethereal-sweep-1550	finished	ElasticNet	ha252ijh	ElasticNet	4.124626382901356	RBPSEDataset	200	100	0.75	HepG2	rbpse	mean_squared_error	1024	True	['target_psi']	platiglab	40	['fancy_scatter', 'cumul_resid_dist', ['wandb_faux_pr_curve', {'thresh': 0.5}], ['wandb_faux_roc_curve', {'thresh': 0.5}]]	yogi-RBP-ML-linear-models-april-2025	17.0	train	['r2_score', 'rmse', 'sigmoid_r2']	False	all	False	False	cross_validation	5.0	5	False	1.0	ensembl_gene_id	ensembl_gene_id		True	binary	-0.00045	0.3441	-0.1326	0.1185	-0.0001579	0.3443	-0.1311						
yso5q6c1	fresh-sweep-1551	finished	ElasticNet	ha252ijh	ElasticNet	4.124626382901356	RBPSEDataset	300	100	0.75	HepG2	rbpse	mean_squared_error	1024	True	['target_psi']	platiglab	40	['fancy_scatter', 'cumul_resid_dist', ['wandb_faux_pr_curve', {'thresh': 0.5}], ['wandb_faux_roc_curve', {'thresh': 0.5}]]	yogi-RBP-ML-linear-models-april-2025	17.0	train	['r2_score', 'rmse', 'sigmoid_r2']	False	all	False	False	cross_validation	5.0	5	False	1.0	ensembl_gene_id	ensembl_gene_id		True	binary	-0.0004882	0.3442	-0.1323	0.1185	-0.0001759	0.3443	-0.1312						
x6olzzdw	floral-sweep-1552	finished	ElasticNet	ha252ijh	ElasticNet	4.124626382901356	RBPSEDataset	400	100	0.75	HepG2	rbpse	mean_squared_error	1024	True	['target_psi']	platiglab	40	['fancy_scatter', 'cumul_resid_dist', ['wandb_faux_pr_curve', {'thresh': 0.5}], ['wandb_faux_roc_curve', {'thresh': 0.5}]]	yogi-RBP-ML-linear-models-april-2025	17.0	train	['r2_score', 'rmse', 'sigmoid_r2']	False	all	False	False	cross_validation	5.0	5	False	1.0	ensembl_gene_id	ensembl_gene_id		True	binary	-0.0007205	0.3442	-0.1327	0.1186	-0.0002707	0.3443	-0.1312						
7ndeozem	crimson-sweep-1553	finished	ElasticNet	ha252ijh	ElasticNet	4.124626382901356	RBPSEDataset	500	100	0.75	HepG2	rbpse	mean_squared_error	1024	True	['target_psi']	platiglab	40	['fancy_scatter', 'cumul_resid_dist', ['wandb_faux_pr_curve', {'thresh': 0.5}], ['wandb_faux_roc_curve', {'thresh': 0.5}]]	yogi-RBP-ML-linear-models-april-2025	17.0	train	['r2_score', 'rmse', 'sigmoid_r2']	False	all	False	False	cross_validation	5.0	5	False	1.0	ensembl_gene_id	ensembl_gene_id		True	binary	-0.0001909	0.3443	-0.1313	0.1185	-6.727e-05	0.3443	-0.1312						
9cuezxe4	drawn-sweep-1555	finished	ElasticNet	ha252ijh	ElasticNet	4.124626382901356	RBPSEDataset	700	100	0.75	HepG2	rbpse	mean_squared_error	1024	True	['target_psi']	platiglab	40	['fancy_scatter', 'cumul_resid_dist', ['wandb_faux_pr_curve', {'thresh': 0.5}], ['wandb_faux_roc_curve', {'thresh': 0.5}]]	yogi-RBP-ML-linear-models-april-2025	17.0	train	['r2_score', 'rmse', 'sigmoid_r2']	False	all	False	False	cross_validation	5.0	5	False	1.0	ensembl_gene_id	ensembl_gene_id		True	binary	-0.000296	0.3443	-0.1315	0.1185	-0.0001033	0.3443	-0.1312						
c4p2npbl	swept-sweep-1554	finished	ElasticNet	ha252ijh	ElasticNet	4.124626382901356	RBPSEDataset	600	100	0.75	HepG2	rbpse	mean_squared_error	1024	True	['target_psi']	platiglab	40	['fancy_scatter', 'cumul_resid_dist', ['wandb_faux_pr_curve', {'thresh': 0.5}], ['wandb_faux_roc_curve', {'thresh': 0.5}]]	yogi-RBP-ML-linear-models-april-2025	17.0	train	['r2_score', 'rmse', 'sigmoid_r2']	False	all	False	False	cross_validation	5.0	5	False	1.0	ensembl_gene_id	ensembl_gene_id		True	binary	-0.001264	0.3444	-0.1332	0.1186	-0.0004687	0.3444	-0.1313						
kwuwilpg	vibrant-sweep-1556	finished	ElasticNet	ha252ijh	ElasticNet	4.124626382901356	RBPSEDataset	800	100	0.75	HepG2	rbpse	mean_squared_error	1024	True	['target_psi']	platiglab	40	['fancy_scatter', 'cumul_resid_dist', ['wandb_faux_pr_curve', {'thresh': 0.5}], ['wandb_faux_roc_curve', {'thresh': 0.5}]]	yogi-RBP-ML-linear-models-april-2025	17.0	train	['r2_score', 'rmse', 'sigmoid_r2']	False	all	False	False	cross_validation	5.0	5	False	1.0	ensembl_gene_id	ensembl_gene_id		True	binary	-0.0007777	0.3443	-0.1323	0.1186	-0.0002734	0.3443	-0.1312						
k6c803dt	curious-sweep-1557	finished	ElasticNet	ha252ijh	ElasticNet	4.124626382901356	RBPSEDataset	900	100	0.75	HepG2	rbpse	mean_squared_error	1024	True	['target_psi']	platiglab	40	['fancy_scatter', 'cumul_resid_dist', ['wandb_faux_pr_curve', {'thresh': 0.5}], ['wandb_faux_roc_curve', {'thresh': 0.5}]]	yogi-RBP-ML-linear-models-april-2025	17.0	train	['r2_score', 'rmse', 'sigmoid_r2']	False	all	False	False	cross_validation	5.0	5	False	1.0	ensembl_gene_id	ensembl_gene_id		True	binary	-0.0003239	0.3442	-0.1319	0.1185	-0.0001132	0.3443	-0.1312						
lfw6ug4d	solar-sweep-1558	finished	ElasticNet	ha252ijh	ElasticNet	4.124626382901356	RBPSEDataset	100	100	0.9	HepG2	rbpse	mean_squared_error	1024	True	['target_psi']	platiglab	40	['fancy_scatter', 'cumul_resid_dist', ['wandb_faux_pr_curve', {'thresh': 0.5}], ['wandb_faux_roc_curve', {'thresh': 0.5}]]	yogi-RBP-ML-linear-models-april-2025	17.0	train	['r2_score', 'rmse', 'sigmoid_r2']	False	all	False	False	cross_validation	5.0	5	False	1.0	ensembl_gene_id	ensembl_gene_id		True	binary	-0.001029	0.3444	-0.1325	0.1186	-0.0003646	0.3443	-0.1312						
tq66npti	cosmic-sweep-1559	finished	ElasticNet	ha252ijh	ElasticNet	4.124626382901356	RBPSEDataset	200	100	0.9	HepG2	rbpse	mean_squared_error	1024	True	['target_psi']	platiglab	40	['fancy_scatter', 'cumul_resid_dist', ['wandb_faux_pr_curve', {'thresh': 0.5}], ['wandb_faux_roc_curve', {'thresh': 0.5}]]	yogi-RBP-ML-linear-models-april-2025	17.0	train	['r2_score', 'rmse', 'sigmoid_r2']	False	all	False	False	cross_validation	5.0	5	False	1.0	ensembl_gene_id	ensembl_gene_id		True	binary	-0.00045	0.3441	-0.1326	0.1185	-0.0001579	0.3443	-0.1311						
2sh1csy8	clear-sweep-1560	finished	ElasticNet	ha252ijh	ElasticNet	4.124626382901356	RBPSEDataset	300	100	0.9	HepG2	rbpse	mean_squared_error	1024	True	['target_psi']	platiglab	40	['fancy_scatter', 'cumul_resid_dist', ['wandb_faux_pr_curve', {'thresh': 0.5}], ['wandb_faux_roc_curve', {'thresh': 0.5}]]	yogi-RBP-ML-linear-models-april-2025	17.0	train	['r2_score', 'rmse', 'sigmoid_r2']	False	all	False	False	cross_validation	5.0	5	False	1.0	ensembl_gene_id	ensembl_gene_id		True	binary	-0.0004882	0.3442	-0.1323	0.1185	-0.0001759	0.3443	-0.1312						
aw44crbv	dashing-sweep-1561	finished	ElasticNet	ha252ijh	ElasticNet	4.124626382901356	RBPSEDataset	400	100	0.9	HepG2	rbpse	mean_squared_error	1024	True	['target_psi']	platiglab	40	['fancy_scatter', 'cumul_resid_dist', ['wandb_faux_pr_curve', {'thresh': 0.5}], ['wandb_faux_roc_curve', {'thresh': 0.5}]]	yogi-RBP-ML-linear-models-april-2025	17.0	train	['r2_score', 'rmse', 'sigmoid_r2']	False	all	False	False	cross_validation	5.0	5	False	1.0	ensembl_gene_id	ensembl_gene_id		True	binary	-0.0007205	0.3442	-0.1327	0.1186	-0.0002707	0.3443	-0.1312						
lou2alz4	smart-sweep-1562	finished	ElasticNet	ha252ijh	ElasticNet	4.124626382901356	RBPSEDataset	500	100	0.9	HepG2	rbpse	mean_squared_error	1024	True	['target_psi']	platiglab	40	['fancy_scatter', 'cumul_resid_dist', ['wandb_faux_pr_curve', {'thresh': 0.5}], ['wandb_faux_roc_curve', {'thresh': 0.5}]]	yogi-RBP-ML-linear-models-april-2025	17.0	train	['r2_score', 'rmse', 'sigmoid_r2']	False	all	False	False	cross_validation	5.0	5	False	1.0	ensembl_gene_id	ensembl_gene_id		True	binary	-0.0001909	0.3443	-0.1313	0.1185	-6.727e-05	0.3443	-0.1312						
8jpaiiz8	spring-sweep-1563	finished	ElasticNet	ha252ijh	ElasticNet	4.124626382901356	RBPSEDataset	600	100	0.9	HepG2	rbpse	mean_squared_error	1024	True	['target_psi']	platiglab	40	['fancy_scatter', 'cumul_resid_dist', ['wandb_faux_pr_curve', {'thresh': 0.5}], ['wandb_faux_roc_curve', {'thresh': 0.5}]]	yogi-RBP-ML-linear-models-april-2025	17.0	train	['r2_score', 'rmse', 'sigmoid_r2']	False	all	False	False	cross_validation	5.0	5	False	1.0	ensembl_gene_id	ensembl_gene_id		True	binary	-0.001264	0.3444	-0.1332	0.1186	-0.0004687	0.3444	-0.1313						
m9wvu9w1	twilight-sweep-1564	finished	ElasticNet	ha252ijh	ElasticNet	4.124626382901356	RBPSEDataset	700	100	0.9	HepG2	rbpse	mean_squared_error	1024	True	['target_psi']	platiglab	40	['fancy_scatter', 'cumul_resid_dist', ['wandb_faux_pr_curve', {'thresh': 0.5}], ['wandb_faux_roc_curve', {'thresh': 0.5}]]	yogi-RBP-ML-linear-models-april-2025	17.0	train	['r2_score', 'rmse', 'sigmoid_r2']	False	all	False	False	cross_validation	5.0	5	False	1.0	ensembl_gene_id	ensembl_gene_id		True	binary	-0.000296	0.3443	-0.1315	0.1185	-0.0001033	0.3443	-0.1312						
a1w67gtw	celestial-sweep-1565	finished	ElasticNet	ha252ijh	ElasticNet	4.124626382901356	RBPSEDataset	800	100	0.9	HepG2	rbpse	mean_squared_error	1024	True	['target_psi']	platiglab	40	['fancy_scatter', 'cumul_resid_dist', ['wandb_faux_pr_curve', {'thresh': 0.5}], ['wandb_faux_roc_curve', {'thresh': 0.5}]]	yogi-RBP-ML-linear-models-april-2025	17.0	train	['r2_score', 'rmse', 'sigmoid_r2']	False	all	False	False	cross_validation	5.0	5	False	1.0	ensembl_gene_id	ensembl_gene_id		True	binary	-0.0007777	0.3443	-0.1323	0.1186	-0.0002734	0.3443	-0.1312						
e9ftfy2d	hearty-sweep-1566	finished	ElasticNet	ha252ijh	ElasticNet	4.124626382901356	RBPSEDataset	900	100	0.9	HepG2	rbpse	mean_squared_error	1024	True	['target_psi']	platiglab	40	['fancy_scatter', 'cumul_resid_dist', ['wandb_faux_pr_curve', {'thresh': 0.5}], ['wandb_faux_roc_curve', {'thresh': 0.5}]]	yogi-RBP-ML-linear-models-april-2025	17.0	train	['r2_score', 'rmse', 'sigmoid_r2']	False	all	False	False	cross_validation	5.0	5	False	1.0	ensembl_gene_id	ensembl_gene_id		True	binary	-0.0003239	0.3442	-0.1319	0.1185	-0.0001132	0.3443	-0.1312						
a48zmt38	devout-sweep-1568	finished	ElasticNet	ha252ijh	ElasticNet	4.124626382901356	RBPSEDataset	200	100	1.0	HepG2	rbpse	mean_squared_error	1024	True	['target_psi']	platiglab	40	['fancy_scatter', 'cumul_resid_dist', ['wandb_faux_pr_curve', {'thresh': 0.5}], ['wandb_faux_roc_curve', {'thresh': 0.5}]]	yogi-RBP-ML-linear-models-april-2025	17.0	train	['r2_score', 'rmse', 'sigmoid_r2']	False	all	False	False	cross_validation	5.0	5	False	1.0	ensembl_gene_id	ensembl_gene_id		True	binary	-0.00045	0.3441	-0.1326	0.1185	-0.0001579	0.3443	-0.1311						
jy7d5peu	tough-sweep-1567	finished	ElasticNet	ha252ijh	ElasticNet	4.124626382901356	RBPSEDataset	100	100	1.0	HepG2	rbpse	mean_squared_error	1024	True	['target_psi']	platiglab	40	['fancy_scatter', 'cumul_resid_dist', ['wandb_faux_pr_curve', {'thresh': 0.5}], ['wandb_faux_roc_curve', {'thresh': 0.5}]]	yogi-RBP-ML-linear-models-april-2025	17.0	train	['r2_score', 'rmse', 'sigmoid_r2']	False	all	False	False	cross_validation	5.0	5	False	1.0	ensembl_gene_id	ensembl_gene_id		True	binary	-0.001029	0.3444	-0.1325	0.1186	-0.0003646	0.3443	-0.1312						
z0o24fm6	legendary-sweep-1569	finished	ElasticNet	ha252ijh	ElasticNet	4.124626382901356	RBPSEDataset	300	100	1.0	HepG2	rbpse	mean_squared_error	1024	True	['target_psi']	platiglab	40	['fancy_scatter', 'cumul_resid_dist', ['wandb_faux_pr_curve', {'thresh': 0.5}], ['wandb_faux_roc_curve', {'thresh': 0.5}]]	yogi-RBP-ML-linear-models-april-2025	17.0	train	['r2_score', 'rmse', 'sigmoid_r2']	False	all	False	False	cross_validation	5.0	5	False	1.0	ensembl_gene_id	ensembl_gene_id		True	binary	-0.0004882	0.3442	-0.1323	0.1185	-0.0001759	0.3443	-0.1312						
3qpjtp28	sweepy-sweep-1570	finished	ElasticNet	ha252ijh	ElasticNet	4.124626382901356	RBPSEDataset	400	100	1.0	HepG2	rbpse	mean_squared_error	1024	True	['target_psi']	platiglab	40	['fancy_scatter', 'cumul_resid_dist', ['wandb_faux_pr_curve', {'thresh': 0.5}], ['wandb_faux_roc_curve', {'thresh': 0.5}]]	yogi-RBP-ML-linear-models-april-2025	17.0	train	['r2_score', 'rmse', 'sigmoid_r2']	False	all	False	False	cross_validation	5.0	5	False	1.0	ensembl_gene_id	ensembl_gene_id		True	binary	-0.0007205	0.3442	-0.1327	0.1186	-0.0002707	0.3443	-0.1312						
woybk7k1	colorful-sweep-1571	finished	ElasticNet	ha252ijh	ElasticNet	4.124626382901356	RBPSEDataset	500	100	1.0	HepG2	rbpse	mean_squared_error	1024	True	['target_psi']	platiglab	40	['fancy_scatter', 'cumul_resid_dist', ['wandb_faux_pr_curve', {'thresh': 0.5}], ['wandb_faux_roc_curve', {'thresh': 0.5}]]	yogi-RBP-ML-linear-models-april-2025	17.0	train	['r2_score', 'rmse', 'sigmoid_r2']	False	all	False	False	cross_validation	5.0	5	False	1.0	ensembl_gene_id	ensembl_gene_id		True	binary	-0.0001909	0.3443	-0.1313	0.1185	-6.727e-05	0.3443	-0.1312						
j9gcbghy	earthy-sweep-1572	finished	ElasticNet	ha252ijh	ElasticNet	4.124626382901356	RBPSEDataset	600	100	1.0	HepG2	rbpse	mean_squared_error	1024	True	['target_psi']	platiglab	40	['fancy_scatter', 'cumul_resid_dist', ['wandb_faux_pr_curve', {'thresh': 0.5}], ['wandb_faux_roc_curve', {'thresh': 0.5}]]	yogi-RBP-ML-linear-models-april-2025	17.0	train	['r2_score', 'rmse', 'sigmoid_r2']	False	all	False	False	cross_validation	5.0	5	False	1.0	ensembl_gene_id	ensembl_gene_id		True	binary	-0.001264	0.3444	-0.1332	0.1186	-0.0004687	0.3444	-0.1313						
bd9ya6g9	clean-sweep-1574	finished	ElasticNet	ha252ijh	ElasticNet	4.124626382901356	RBPSEDataset	800	100	1.0	HepG2	rbpse	mean_squared_error	1024	True	['target_psi']	platiglab	40	['fancy_scatter', 'cumul_resid_dist', ['wandb_faux_pr_curve', {'thresh': 0.5}], ['wandb_faux_roc_curve', {'thresh': 0.5}]]	yogi-RBP-ML-linear-models-april-2025	17.0	train	['r2_score', 'rmse', 'sigmoid_r2']	False	all	False	False	cross_validation	5.0	5	False	1.0	ensembl_gene_id	ensembl_gene_id		True	binary	-0.0007777	0.3443	-0.1323	0.1186	-0.0002734	0.3443	-0.1312						
oliaemwg	rare-sweep-1573	finished	ElasticNet	ha252ijh	ElasticNet	4.124626382901356	RBPSEDataset	700	100	1.0	HepG2	rbpse	mean_squared_error	1024	True	['target_psi']	platiglab	40	['fancy_scatter', 'cumul_resid_dist', ['wandb_faux_pr_curve', {'thresh': 0.5}], ['wandb_faux_roc_curve', {'thresh': 0.5}]]	yogi-RBP-ML-linear-models-april-2025	17.0	train	['r2_score', 'rmse', 'sigmoid_r2']	False	all	False	False	cross_validation	5.0	5	False	1.0	ensembl_gene_id	ensembl_gene_id		True	binary	-0.000296	0.3443	-0.1315	0.1185	-0.0001033	0.3443	-0.1312						
xdv1bww8	logical-sweep-1575	finished	ElasticNet	ha252ijh	ElasticNet	4.124626382901356	RBPSEDataset	900	100	1.0	HepG2	rbpse	mean_squared_error	1024	True	['target_psi']	platiglab	40	['fancy_scatter', 'cumul_resid_dist', ['wandb_faux_pr_curve', {'thresh': 0.5}], ['wandb_faux_roc_curve', {'thresh': 0.5}]]	yogi-RBP-ML-linear-models-april-2025	17.0	train	['r2_score', 'rmse', 'sigmoid_r2']	False	all	False	False	cross_validation	5.0	5	False	1.0	ensembl_gene_id	ensembl_gene_id		True	binary	-0.0003239	0.3442	-0.1319	0.1185	-0.0001132	0.3443	-0.1312						
q8whys5v	fancy-sweep-1585	finished	ElasticNet	ha252ijh	ElasticNet	11.93776641714438	RBPSEDataset	100	100	0.1	HepG2	rbpse	mean_squared_error	1024	True	['target_psi']	platiglab	40	['fancy_scatter', 'cumul_resid_dist', ['wandb_faux_pr_curve', {'thresh': 0.5}], ['wandb_faux_roc_curve', {'thresh': 0.5}]]	yogi-RBP-ML-linear-models-april-2025	17.0	train	['r2_score', 'rmse', 'sigmoid_r2']	False	all	False	False	cross_validation	5.0	5	False	1.0	ensembl_gene_id	ensembl_gene_id		True	binary	-0.001029	0.3444	-0.1325	0.1186	-0.0003646	0.3443	-0.1312						
6dbrxfyl	eager-sweep-1586	finished	ElasticNet	ha252ijh	ElasticNet	11.93776641714438	RBPSEDataset	200	100	0.1	HepG2	rbpse	mean_squared_error	1024	True	['target_psi']	platiglab	40	['fancy_scatter', 'cumul_resid_dist', ['wandb_faux_pr_curve', {'thresh': 0.5}], ['wandb_faux_roc_curve', {'thresh': 0.5}]]	yogi-RBP-ML-linear-models-april-2025	17.0	train	['r2_score', 'rmse', 'sigmoid_r2']	False	all	False	False	cross_validation	5.0	5	False	1.0	ensembl_gene_id	ensembl_gene_id		True	binary	-0.00045	0.3441	-0.1326	0.1185	-0.0001579	0.3443	-0.1311						
gwcry9k2	dashing-sweep-1587	finished	ElasticNet	ha252ijh	ElasticNet	11.93776641714438	RBPSEDataset	300	100	0.1	HepG2	rbpse	mean_squared_error	1024	True	['target_psi']	platiglab	40	['fancy_scatter', 'cumul_resid_dist', ['wandb_faux_pr_curve', {'thresh': 0.5}], ['wandb_faux_roc_curve', {'thresh': 0.5}]]	yogi-RBP-ML-linear-models-april-2025	17.0	train	['r2_score', 'rmse', 'sigmoid_r2']	False	all	False	False	cross_validation	5.0	5	False	1.0	ensembl_gene_id	ensembl_gene_id		True	binary	-0.0004882	0.3442	-0.1323	0.1185	-0.0001759	0.3443	-0.1312						
6ocqan1v	polished-sweep-1588	finished	ElasticNet	ha252ijh	ElasticNet	11.93776641714438	RBPSEDataset	400	100	0.1	HepG2	rbpse	mean_squared_error	1024	True	['target_psi']	platiglab	40	['fancy_scatter', 'cumul_resid_dist', ['wandb_faux_pr_curve', {'thresh': 0.5}], ['wandb_faux_roc_curve', {'thresh': 0.5}]]	yogi-RBP-ML-linear-models-april-2025	17.0	train	['r2_score', 'rmse', 'sigmoid_r2']	False	all	False	False	cross_validation	5.0	5	False	1.0	ensembl_gene_id	ensembl_gene_id		True	binary	-0.0007205	0.3442	-0.1327	0.1186	-0.0002707	0.3443	-0.1312						
kk9t0l4n	sunny-sweep-1589	finished	ElasticNet	ha252ijh	ElasticNet	11.93776641714438	RBPSEDataset	500	100	0.1	HepG2	rbpse	mean_squared_error	1024	True	['target_psi']	platiglab	40	['fancy_scatter', 'cumul_resid_dist', ['wandb_faux_pr_curve', {'thresh': 0.5}], ['wandb_faux_roc_curve', {'thresh': 0.5}]]	yogi-RBP-ML-linear-models-april-2025	17.0	train	['r2_score', 'rmse', 'sigmoid_r2']	False	all	False	False	cross_validation	5.0	5	False	1.0	ensembl_gene_id	ensembl_gene_id		True	binary	-0.0001909	0.3443	-0.1313	0.1185	-6.727e-05	0.3443	-0.1312						
jxg6vrxk	stilted-sweep-1590	finished	ElasticNet	ha252ijh	ElasticNet	11.93776641714438	RBPSEDataset	600	100	0.1	HepG2	rbpse	mean_squared_error	1024	True	['target_psi']	platiglab	40	['fancy_scatter', 'cumul_resid_dist', ['wandb_faux_pr_curve', {'thresh': 0.5}], ['wandb_faux_roc_curve', {'thresh': 0.5}]]	yogi-RBP-ML-linear-models-april-2025	17.0	train	['r2_score', 'rmse', 'sigmoid_r2']	False	all	False	False	cross_validation	5.0	5	False	1.0	ensembl_gene_id	ensembl_gene_id		True	binary	-0.001264	0.3444	-0.1332	0.1186	-0.0004687	0.3444	-0.1313						
hzrxl712	sparkling-sweep-1591	finished	ElasticNet	ha252ijh	ElasticNet	11.93776641714438	RBPSEDataset	700	100	0.1	HepG2	rbpse	mean_squared_error	1024	True	['target_psi']	platiglab	40	['fancy_scatter', 'cumul_resid_dist', ['wandb_faux_pr_curve', {'thresh': 0.5}], ['wandb_faux_roc_curve', {'thresh': 0.5}]]	yogi-RBP-ML-linear-models-april-2025	17.0	train	['r2_score', 'rmse', 'sigmoid_r2']	False	all	False	False	cross_validation	5.0	5	False	1.0	ensembl_gene_id	ensembl_gene_id		True	binary	-0.000296	0.3443	-0.1315	0.1185	-0.0001033	0.3443	-0.1312						
b0dzzgno	scarlet-sweep-1592	finished	ElasticNet	ha252ijh	ElasticNet	11.93776641714438	RBPSEDataset	800	100	0.1	HepG2	rbpse	mean_squared_error	1024	True	['target_psi']	platiglab	40	['fancy_scatter', 'cumul_resid_dist', ['wandb_faux_pr_curve', {'thresh': 0.5}], ['wandb_faux_roc_curve', {'thresh': 0.5}]]	yogi-RBP-ML-linear-models-april-2025	17.0	train	['r2_score', 'rmse', 'sigmoid_r2']	False	all	False	False	cross_validation	5.0	5	False	1.0	ensembl_gene_id	ensembl_gene_id		True	binary	-0.0007777	0.3443	-0.1323	0.1186	-0.0002734	0.3443	-0.1312						
1r8uxxpg	logical-sweep-1593	finished	ElasticNet	ha252ijh	ElasticNet	11.93776641714438	RBPSEDataset	900	100	0.1	HepG2	rbpse	mean_squared_error	1024	True	['target_psi']	platiglab	40	['fancy_scatter', 'cumul_resid_dist', ['wandb_faux_pr_curve', {'thresh': 0.5}], ['wandb_faux_roc_curve', {'thresh': 0.5}]]	yogi-RBP-ML-linear-models-april-2025	17.0	train	['r2_score', 'rmse', 'sigmoid_r2']	False	all	False	False	cross_validation	5.0	5	False	1.0	ensembl_gene_id	ensembl_gene_id		True	binary	-0.0003239	0.3442	-0.1319	0.1185	-0.0001132	0.3443	-0.1312						
2md0ttqq	ancient-sweep-1596	finished	ElasticNet	ha252ijh	ElasticNet	11.93776641714438	RBPSEDataset	300	100	0.25	HepG2	rbpse	mean_squared_error	1024	True	['target_psi']	platiglab	40	['fancy_scatter', 'cumul_resid_dist', ['wandb_faux_pr_curve', {'thresh': 0.5}], ['wandb_faux_roc_curve', {'thresh': 0.5}]]	yogi-RBP-ML-linear-models-april-2025	17.0	train	['r2_score', 'rmse', 'sigmoid_r2']	False	all	False	False	cross_validation	5.0	5	False	1.0	ensembl_gene_id	ensembl_gene_id		True	binary	-0.0004882	0.3442	-0.1323	0.1185	-0.0001759	0.3443	-0.1312						
3pxb9c7j	rural-sweep-1594	finished	ElasticNet	ha252ijh	ElasticNet	11.93776641714438	RBPSEDataset	100	100	0.25	HepG2	rbpse	mean_squared_error	1024	True	['target_psi']	platiglab	40	['fancy_scatter', 'cumul_resid_dist', ['wandb_faux_pr_curve', {'thresh': 0.5}], ['wandb_faux_roc_curve', {'thresh': 0.5}]]	yogi-RBP-ML-linear-models-april-2025	17.0	train	['r2_score', 'rmse', 'sigmoid_r2']	False	all	False	False	cross_validation	5.0	5	False	1.0	ensembl_gene_id	ensembl_gene_id		True	binary	-0.001029	0.3444	-0.1325	0.1186	-0.0003646	0.3443	-0.1312						
w0v4047w	fiery-sweep-1595	finished	ElasticNet	ha252ijh	ElasticNet	11.93776641714438	RBPSEDataset	200	100	0.25	HepG2	rbpse	mean_squared_error	1024	True	['target_psi']	platiglab	40	['fancy_scatter', 'cumul_resid_dist', ['wandb_faux_pr_curve', {'thresh': 0.5}], ['wandb_faux_roc_curve', {'thresh': 0.5}]]	yogi-RBP-ML-linear-models-april-2025	17.0	train	['r2_score', 'rmse', 'sigmoid_r2']	False	all	False	False	cross_validation	5.0	5	False	1.0	ensembl_gene_id	ensembl_gene_id		True	binary	-0.00045	0.3441	-0.1326	0.1185	-0.0001579	0.3443	-0.1311						
b3epzws4	autumn-sweep-1597	finished	ElasticNet	ha252ijh	ElasticNet	11.93776641714438	RBPSEDataset	400	100	0.25	HepG2	rbpse	mean_squared_error	1024	True	['target_psi']	platiglab	40	['fancy_scatter', 'cumul_resid_dist', ['wandb_faux_pr_curve', {'thresh': 0.5}], ['wandb_faux_roc_curve', {'thresh': 0.5}]]	yogi-RBP-ML-linear-models-april-2025	17.0	train	['r2_score', 'rmse', 'sigmoid_r2']	False	all	False	False	cross_validation	5.0	5	False	1.0	ensembl_gene_id	ensembl_gene_id		True	binary	-0.0007205	0.3442	-0.1327	0.1186	-0.0002707	0.3443	-0.1312						
cbu16h5t	silvery-sweep-1598	finished	ElasticNet	ha252ijh	ElasticNet	11.93776641714438	RBPSEDataset	500	100	0.25	HepG2	rbpse	mean_squared_error	1024	True	['target_psi']	platiglab	40	['fancy_scatter', 'cumul_resid_dist', ['wandb_faux_pr_curve', {'thresh': 0.5}], ['wandb_faux_roc_curve', {'thresh': 0.5}]]	yogi-RBP-ML-linear-models-april-2025	17.0	train	['r2_score', 'rmse', 'sigmoid_r2']	False	all	False	False	cross_validation	5.0	5	False	1.0	ensembl_gene_id	ensembl_gene_id		True	binary	-0.0001909	0.3443	-0.1313	0.1185	-6.727e-05	0.3443	-0.1312						
yj51vwgx	clear-sweep-1599	finished	ElasticNet	ha252ijh	ElasticNet	11.93776641714438	RBPSEDataset	600	100	0.25	HepG2	rbpse	mean_squared_error	1024	True	['target_psi']	platiglab	40	['fancy_scatter', 'cumul_resid_dist', ['wandb_faux_pr_curve', {'thresh': 0.5}], ['wandb_faux_roc_curve', {'thresh': 0.5}]]	yogi-RBP-ML-linear-models-april-2025	17.0	train	['r2_score', 'rmse', 'sigmoid_r2']	False	all	False	False	cross_validation	5.0	5	False	1.0	ensembl_gene_id	ensembl_gene_id		True	binary	-0.001264	0.3444	-0.1332	0.1186	-0.0004687	0.3444	-0.1313						
92w83c4i	wise-sweep-1600	finished	ElasticNet	ha252ijh	ElasticNet	11.93776641714438	RBPSEDataset	700	100	0.25	HepG2	rbpse	mean_squared_error	1024	True	['target_psi']	platiglab	40	['fancy_scatter', 'cumul_resid_dist', ['wandb_faux_pr_curve', {'thresh': 0.5}], ['wandb_faux_roc_curve', {'thresh': 0.5}]]	yogi-RBP-ML-linear-models-april-2025	17.0	train	['r2_score', 'rmse', 'sigmoid_r2']	False	all	False	False	cross_validation	5.0	5	False	1.0	ensembl_gene_id	ensembl_gene_id		True	binary	-0.000296	0.3443	-0.1315	0.1185	-0.0001033	0.3443	-0.1312						
2l4occbc	spring-sweep-1601	finished	ElasticNet	ha252ijh	ElasticNet	11.93776641714438	RBPSEDataset	800	100	0.25	HepG2	rbpse	mean_squared_error	1024	True	['target_psi']	platiglab	40	['fancy_scatter', 'cumul_resid_dist', ['wandb_faux_pr_curve', {'thresh': 0.5}], ['wandb_faux_roc_curve', {'thresh': 0.5}]]	yogi-RBP-ML-linear-models-april-2025	17.0	train	['r2_score', 'rmse', 'sigmoid_r2']	False	all	False	False	cross_validation	5.0	5	False	1.0	ensembl_gene_id	ensembl_gene_id		True	binary	-0.0007777	0.3443	-0.1323	0.1186	-0.0002734	0.3443	-0.1312						
1v2yule2	ancient-sweep-1602	finished	ElasticNet	ha252ijh	ElasticNet	11.93776641714438	RBPSEDataset	900	100	0.25	HepG2	rbpse	mean_squared_error	1024	True	['target_psi']	platiglab	40	['fancy_scatter', 'cumul_resid_dist', ['wandb_faux_pr_curve', {'thresh': 0.5}], ['wandb_faux_roc_curve', {'thresh': 0.5}]]	yogi-RBP-ML-linear-models-april-2025	17.0	train	['r2_score', 'rmse', 'sigmoid_r2']	False	all	False	False	cross_validation	5.0	5	False	1.0	ensembl_gene_id	ensembl_gene_id		True	binary	-0.0003239	0.3442	-0.1319	0.1185	-0.0001132	0.3443	-0.1312						
6pq73c7u	glowing-sweep-1604	finished	ElasticNet	ha252ijh	ElasticNet	11.93776641714438	RBPSEDataset	200	100	0.5	HepG2	rbpse	mean_squared_error	1024	True	['target_psi']	platiglab	40	['fancy_scatter', 'cumul_resid_dist', ['wandb_faux_pr_curve', {'thresh': 0.5}], ['wandb_faux_roc_curve', {'thresh': 0.5}]]	yogi-RBP-ML-linear-models-april-2025	17.0	train	['r2_score', 'rmse', 'sigmoid_r2']	False	all	False	False	cross_validation	5.0	5	False	1.0	ensembl_gene_id	ensembl_gene_id		True	binary	-0.00045	0.3441	-0.1326	0.1185	-0.0001579	0.3443	-0.1311						
tqompvgt	true-sweep-1603	finished	ElasticNet	ha252ijh	ElasticNet	11.93776641714438	RBPSEDataset	100	100	0.5	HepG2	rbpse	mean_squared_error	1024	True	['target_psi']	platiglab	40	['fancy_scatter', 'cumul_resid_dist', ['wandb_faux_pr_curve', {'thresh': 0.5}], ['wandb_faux_roc_curve', {'thresh': 0.5}]]	yogi-RBP-ML-linear-models-april-2025	17.0	train	['r2_score', 'rmse', 'sigmoid_r2']	False	all	False	False	cross_validation	5.0	5	False	1.0	ensembl_gene_id	ensembl_gene_id		True	binary	-0.001029	0.3444	-0.1325	0.1186	-0.0003646	0.3443	-0.1312						
atcolwec	summer-sweep-1605	finished	ElasticNet	ha252ijh	ElasticNet	11.93776641714438	RBPSEDataset	300	100	0.5	HepG2	rbpse	mean_squared_error	1024	True	['target_psi']	platiglab	40	['fancy_scatter', 'cumul_resid_dist', ['wandb_faux_pr_curve', {'thresh': 0.5}], ['wandb_faux_roc_curve', {'thresh': 0.5}]]	yogi-RBP-ML-linear-models-april-2025	17.0	train	['r2_score', 'rmse', 'sigmoid_r2']	False	all	False	False	cross_validation	5.0	5	False	1.0	ensembl_gene_id	ensembl_gene_id		True	binary	-0.0004882	0.3442	-0.1323	0.1185	-0.0001759	0.3443	-0.1312						
10nsnzoc	daily-sweep-1606	finished	ElasticNet	ha252ijh	ElasticNet	11.93776641714438	RBPSEDataset	400	100	0.5	HepG2	rbpse	mean_squared_error	1024	True	['target_psi']	platiglab	40	['fancy_scatter', 'cumul_resid_dist', ['wandb_faux_pr_curve', {'thresh': 0.5}], ['wandb_faux_roc_curve', {'thresh': 0.5}]]	yogi-RBP-ML-linear-models-april-2025	17.0	train	['r2_score', 'rmse', 'sigmoid_r2']	False	all	False	False	cross_validation	5.0	5	False	1.0	ensembl_gene_id	ensembl_gene_id		True	binary	-0.0007205	0.3442	-0.1327	0.1186	-0.0002707	0.3443	-0.1312						
jsdifyfm	warm-sweep-1608	finished	ElasticNet	ha252ijh	ElasticNet	11.93776641714438	RBPSEDataset	600	100	0.5	HepG2	rbpse	mean_squared_error	1024	True	['target_psi']	platiglab	40	['fancy_scatter', 'cumul_resid_dist', ['wandb_faux_pr_curve', {'thresh': 0.5}], ['wandb_faux_roc_curve', {'thresh': 0.5}]]	yogi-RBP-ML-linear-models-april-2025	17.0	train	['r2_score', 'rmse', 'sigmoid_r2']	False	all	False	False	cross_validation	5.0	5	False	1.0	ensembl_gene_id	ensembl_gene_id		True	binary	-0.001264	0.3444	-0.1332	0.1186	-0.0004687	0.3444	-0.1313						
p66gp0v1	stilted-sweep-1607	finished	ElasticNet	ha252ijh	ElasticNet	11.93776641714438	RBPSEDataset	500	100	0.5	HepG2	rbpse	mean_squared_error	1024	True	['target_psi']	platiglab	40	['fancy_scatter', 'cumul_resid_dist', ['wandb_faux_pr_curve', {'thresh': 0.5}], ['wandb_faux_roc_curve', {'thresh': 0.5}]]	yogi-RBP-ML-linear-models-april-2025	17.0	train	['r2_score', 'rmse', 'sigmoid_r2']	False	all	False	False	cross_validation	5.0	5	False	1.0	ensembl_gene_id	ensembl_gene_id		True	binary	-0.0001909	0.3443	-0.1313	0.1185	-6.727e-05	0.3443	-0.1312						
1zf1nx5h	misty-sweep-1609	finished	ElasticNet	ha252ijh	ElasticNet	11.93776641714438	RBPSEDataset	700	100	0.5	HepG2	rbpse	mean_squared_error	1024	True	['target_psi']	platiglab	40	['fancy_scatter', 'cumul_resid_dist', ['wandb_faux_pr_curve', {'thresh': 0.5}], ['wandb_faux_roc_curve', {'thresh': 0.5}]]	yogi-RBP-ML-linear-models-april-2025	17.0	train	['r2_score', 'rmse', 'sigmoid_r2']	False	all	False	False	cross_validation	5.0	5	False	1.0	ensembl_gene_id	ensembl_gene_id		True	binary	-0.000296	0.3443	-0.1315	0.1185	-0.0001033	0.3443	-0.1312						
2zftdgno	likely-sweep-1610	finished	ElasticNet	ha252ijh	ElasticNet	11.93776641714438	RBPSEDataset	800	100	0.5	HepG2	rbpse	mean_squared_error	1024	True	['target_psi']	platiglab	40	['fancy_scatter', 'cumul_resid_dist', ['wandb_faux_pr_curve', {'thresh': 0.5}], ['wandb_faux_roc_curve', {'thresh': 0.5}]]	yogi-RBP-ML-linear-models-april-2025	17.0	train	['r2_score', 'rmse', 'sigmoid_r2']	False	all	False	False	cross_validation	5.0	5	False	1.0	ensembl_gene_id	ensembl_gene_id		True	binary	-0.0007777	0.3443	-0.1323	0.1186	-0.0002734	0.3443	-0.1312						
lklk35bq	cosmic-sweep-1611	finished	ElasticNet	ha252ijh	ElasticNet	11.93776641714438	RBPSEDataset	900	100	0.5	HepG2	rbpse	mean_squared_error	1024	True	['target_psi']	platiglab	40	['fancy_scatter', 'cumul_resid_dist', ['wandb_faux_pr_curve', {'thresh': 0.5}], ['wandb_faux_roc_curve', {'thresh': 0.5}]]	yogi-RBP-ML-linear-models-april-2025	17.0	train	['r2_score', 'rmse', 'sigmoid_r2']	False	all	False	False	cross_validation	5.0	5	False	1.0	ensembl_gene_id	ensembl_gene_id		True	binary	-0.0003239	0.3442	-0.1319	0.1185	-0.0001132	0.3443	-0.1312						
es6mjfoi	feasible-sweep-1612	finished	ElasticNet	ha252ijh	ElasticNet	11.93776641714438	RBPSEDataset	100	100	0.75	HepG2	rbpse	mean_squared_error	1024	True	['target_psi']	platiglab	40	['fancy_scatter', 'cumul_resid_dist', ['wandb_faux_pr_curve', {'thresh': 0.5}], ['wandb_faux_roc_curve', {'thresh': 0.5}]]	yogi-RBP-ML-linear-models-april-2025	17.0	train	['r2_score', 'rmse', 'sigmoid_r2']	False	all	False	False	cross_validation	5.0	5	False	1.0	ensembl_gene_id	ensembl_gene_id		True	binary	-0.001029	0.3444	-0.1325	0.1186	-0.0003646	0.3443	-0.1312						
uap8htfh	balmy-sweep-1613	finished	ElasticNet	ha252ijh	ElasticNet	11.93776641714438	RBPSEDataset	200	100	0.75	HepG2	rbpse	mean_squared_error	1024	True	['target_psi']	platiglab	40	['fancy_scatter', 'cumul_resid_dist', ['wandb_faux_pr_curve', {'thresh': 0.5}], ['wandb_faux_roc_curve', {'thresh': 0.5}]]	yogi-RBP-ML-linear-models-april-2025	17.0	train	['r2_score', 'rmse', 'sigmoid_r2']	False	all	False	False	cross_validation	5.0	5	False	1.0	ensembl_gene_id	ensembl_gene_id		True	binary	-0.00045	0.3441	-0.1326	0.1185	-0.0001579	0.3443	-0.1311						
a97qhea7	scarlet-sweep-1615	finished	ElasticNet	ha252ijh	ElasticNet	11.93776641714438	RBPSEDataset	400	100	0.75	HepG2	rbpse	mean_squared_error	1024	True	['target_psi']	platiglab	40	['fancy_scatter', 'cumul_resid_dist', ['wandb_faux_pr_curve', {'thresh': 0.5}], ['wandb_faux_roc_curve', {'thresh': 0.5}]]	yogi-RBP-ML-linear-models-april-2025	17.0	train	['r2_score', 'rmse', 'sigmoid_r2']	False	all	False	False	cross_validation	5.0	5	False	1.0	ensembl_gene_id	ensembl_gene_id		True	binary	-0.0007205	0.3442	-0.1327	0.1186	-0.0002707	0.3443	-0.1312						
u15a9mdn	legendary-sweep-1614	finished	ElasticNet	ha252ijh	ElasticNet	11.93776641714438	RBPSEDataset	300	100	0.75	HepG2	rbpse	mean_squared_error	1024	True	['target_psi']	platiglab	40	['fancy_scatter', 'cumul_resid_dist', ['wandb_faux_pr_curve', {'thresh': 0.5}], ['wandb_faux_roc_curve', {'thresh': 0.5}]]	yogi-RBP-ML-linear-models-april-2025	17.0	train	['r2_score', 'rmse', 'sigmoid_r2']	False	all	False	False	cross_validation	5.0	5	False	1.0	ensembl_gene_id	ensembl_gene_id		True	binary	-0.0004882	0.3442	-0.1323	0.1185	-0.0001759	0.3443	-0.1312						
i4k5gwcb	different-sweep-1616	finished	ElasticNet	ha252ijh	ElasticNet	11.93776641714438	RBPSEDataset	500	100	0.75	HepG2	rbpse	mean_squared_error	1024	True	['target_psi']	platiglab	40	['fancy_scatter', 'cumul_resid_dist', ['wandb_faux_pr_curve', {'thresh': 0.5}], ['wandb_faux_roc_curve', {'thresh': 0.5}]]	yogi-RBP-ML-linear-models-april-2025	17.0	train	['r2_score', 'rmse', 'sigmoid_r2']	False	all	False	False	cross_validation	5.0	5	False	1.0	ensembl_gene_id	ensembl_gene_id		True	binary	-0.0001909	0.3443	-0.1313	0.1185	-6.727e-05	0.3443	-0.1312						
al2sta6m	peach-sweep-1617	finished	ElasticNet	ha252ijh	ElasticNet	11.93776641714438	RBPSEDataset	600	100	0.75	HepG2	rbpse	mean_squared_error	1024	True	['target_psi']	platiglab	40	['fancy_scatter', 'cumul_resid_dist', ['wandb_faux_pr_curve', {'thresh': 0.5}], ['wandb_faux_roc_curve', {'thresh': 0.5}]]	yogi-RBP-ML-linear-models-april-2025	17.0	train	['r2_score', 'rmse', 'sigmoid_r2']	False	all	False	False	cross_validation	5.0	5	False	1.0	ensembl_gene_id	ensembl_gene_id		True	binary	-0.001264	0.3444	-0.1332	0.1186	-0.0004687	0.3444	-0.1313						
3rm1lmpm	wobbly-sweep-1618	finished	ElasticNet	ha252ijh	ElasticNet	11.93776641714438	RBPSEDataset	700	100	0.75	HepG2	rbpse	mean_squared_error	1024	True	['target_psi']	platiglab	40	['fancy_scatter', 'cumul_resid_dist', ['wandb_faux_pr_curve', {'thresh': 0.5}], ['wandb_faux_roc_curve', {'thresh': 0.5}]]	yogi-RBP-ML-linear-models-april-2025	17.0	train	['r2_score', 'rmse', 'sigmoid_r2']	False	all	False	False	cross_validation	5.0	5	False	1.0	ensembl_gene_id	ensembl_gene_id		True	binary	-0.000296	0.3443	-0.1315	0.1185	-0.0001033	0.3443	-0.1312						
fldqtug5	crimson-sweep-1619	finished	ElasticNet	ha252ijh	ElasticNet	11.93776641714438	RBPSEDataset	800	100	0.75	HepG2	rbpse	mean_squared_error	1024	True	['target_psi']	platiglab	40	['fancy_scatter', 'cumul_resid_dist', ['wandb_faux_pr_curve', {'thresh': 0.5}], ['wandb_faux_roc_curve', {'thresh': 0.5}]]	yogi-RBP-ML-linear-models-april-2025	17.0	train	['r2_score', 'rmse', 'sigmoid_r2']	False	all	False	False	cross_validation	5.0	5	False	1.0	ensembl_gene_id	ensembl_gene_id		True	binary	-0.0007777	0.3443	-0.1323	0.1186	-0.0002734	0.3443	-0.1312						
dkww0mb7	royal-sweep-1620	finished	ElasticNet	ha252ijh	ElasticNet	11.93776641714438	RBPSEDataset	900	100	0.75	HepG2	rbpse	mean_squared_error	1024	True	['target_psi']	platiglab	40	['fancy_scatter', 'cumul_resid_dist', ['wandb_faux_pr_curve', {'thresh': 0.5}], ['wandb_faux_roc_curve', {'thresh': 0.5}]]	yogi-RBP-ML-linear-models-april-2025	17.0	train	['r2_score', 'rmse', 'sigmoid_r2']	False	all	False	False	cross_validation	5.0	5	False	1.0	ensembl_gene_id	ensembl_gene_id		True	binary	-0.0003239	0.3442	-0.1319	0.1185	-0.0001132	0.3443	-0.1312						
joynsamn	quiet-sweep-1621	finished	ElasticNet	ha252ijh	ElasticNet	11.93776641714438	RBPSEDataset	100	100	0.9	HepG2	rbpse	mean_squared_error	1024	True	['target_psi']	platiglab	40	['fancy_scatter', 'cumul_resid_dist', ['wandb_faux_pr_curve', {'thresh': 0.5}], ['wandb_faux_roc_curve', {'thresh': 0.5}]]	yogi-RBP-ML-linear-models-april-2025	17.0	train	['r2_score', 'rmse', 'sigmoid_r2']	False	all	False	False	cross_validation	5.0	5	False	1.0	ensembl_gene_id	ensembl_gene_id		True	binary	-0.001029	0.3444	-0.1325	0.1186	-0.0003646	0.3443	-0.1312						
17e6bvvn	woven-sweep-1622	finished	ElasticNet	ha252ijh	ElasticNet	11.93776641714438	RBPSEDataset	200	100	0.9	HepG2	rbpse	mean_squared_error	1024	True	['target_psi']	platiglab	40	['fancy_scatter', 'cumul_resid_dist', ['wandb_faux_pr_curve', {'thresh': 0.5}], ['wandb_faux_roc_curve', {'thresh': 0.5}]]	yogi-RBP-ML-linear-models-april-2025	17.0	train	['r2_score', 'rmse', 'sigmoid_r2']	False	all	False	False	cross_validation	5.0	5	False	1.0	ensembl_gene_id	ensembl_gene_id		True	binary	-0.00045	0.3441	-0.1326	0.1185	-0.0001579	0.3443	-0.1311						
igskfymq	mild-sweep-1623	finished	ElasticNet	ha252ijh	ElasticNet	11.93776641714438	RBPSEDataset	300	100	0.9	HepG2	rbpse	mean_squared_error	1024	True	['target_psi']	platiglab	40	['fancy_scatter', 'cumul_resid_dist', ['wandb_faux_pr_curve', {'thresh': 0.5}], ['wandb_faux_roc_curve', {'thresh': 0.5}]]	yogi-RBP-ML-linear-models-april-2025	17.0	train	['r2_score', 'rmse', 'sigmoid_r2']	False	all	False	False	cross_validation	5.0	5	False	1.0	ensembl_gene_id	ensembl_gene_id		True	binary	-0.0004882	0.3442	-0.1323	0.1185	-0.0001759	0.3443	-0.1312						
3sp3erhu	blooming-sweep-1625	finished	ElasticNet	ha252ijh	ElasticNet	11.93776641714438	RBPSEDataset	500	100	0.9	HepG2	rbpse	mean_squared_error	1024	True	['target_psi']	platiglab	40	['fancy_scatter', 'cumul_resid_dist', ['wandb_faux_pr_curve', {'thresh': 0.5}], ['wandb_faux_roc_curve', {'thresh': 0.5}]]	yogi-RBP-ML-linear-models-april-2025	17.0	train	['r2_score', 'rmse', 'sigmoid_r2']	False	all	False	False	cross_validation	5.0	5	False	1.0	ensembl_gene_id	ensembl_gene_id		True	binary	-0.0001909	0.3443	-0.1313	0.1185	-6.727e-05	0.3443	-0.1312						
hzn1igr6	deep-sweep-1624	finished	ElasticNet	ha252ijh	ElasticNet	11.93776641714438	RBPSEDataset	400	100	0.9	HepG2	rbpse	mean_squared_error	1024	True	['target_psi']	platiglab	40	['fancy_scatter', 'cumul_resid_dist', ['wandb_faux_pr_curve', {'thresh': 0.5}], ['wandb_faux_roc_curve', {'thresh': 0.5}]]	yogi-RBP-ML-linear-models-april-2025	17.0	train	['r2_score', 'rmse', 'sigmoid_r2']	False	all	False	False	cross_validation	5.0	5	False	1.0	ensembl_gene_id	ensembl_gene_id		True	binary	-0.0007205	0.3442	-0.1327	0.1186	-0.0002707	0.3443	-0.1312						
p0jq4ad9	stilted-sweep-1626	finished	ElasticNet	ha252ijh	ElasticNet	11.93776641714438	RBPSEDataset	600	100	0.9	HepG2	rbpse	mean_squared_error	1024	True	['target_psi']	platiglab	40	['fancy_scatter', 'cumul_resid_dist', ['wandb_faux_pr_curve', {'thresh': 0.5}], ['wandb_faux_roc_curve', {'thresh': 0.5}]]	yogi-RBP-ML-linear-models-april-2025	17.0	train	['r2_score', 'rmse', 'sigmoid_r2']	False	all	False	False	cross_validation	5.0	5	False	1.0	ensembl_gene_id	ensembl_gene_id		True	binary	-0.001264	0.3444	-0.1332	0.1186	-0.0004687	0.3444	-0.1313						
otgyrsgk	wobbly-sweep-1627	finished	ElasticNet	ha252ijh	ElasticNet	11.93776641714438	RBPSEDataset	700	100	0.9	HepG2	rbpse	mean_squared_error	1024	True	['target_psi']	platiglab	40	['fancy_scatter', 'cumul_resid_dist', ['wandb_faux_pr_curve', {'thresh': 0.5}], ['wandb_faux_roc_curve', {'thresh': 0.5}]]	yogi-RBP-ML-linear-models-april-2025	17.0	train	['r2_score', 'rmse', 'sigmoid_r2']	False	all	False	False	cross_validation	5.0	5	False	1.0	ensembl_gene_id	ensembl_gene_id		True	binary	-0.000296	0.3443	-0.1315	0.1185	-0.0001033	0.3443	-0.1312						
8jud1sk7	blooming-sweep-1628	finished	ElasticNet	ha252ijh	ElasticNet	11.93776641714438	RBPSEDataset	800	100	0.9	HepG2	rbpse	mean_squared_error	1024	True	['target_psi']	platiglab	40	['fancy_scatter', 'cumul_resid_dist', ['wandb_faux_pr_curve', {'thresh': 0.5}], ['wandb_faux_roc_curve', {'thresh': 0.5}]]	yogi-RBP-ML-linear-models-april-2025	17.0	train	['r2_score', 'rmse', 'sigmoid_r2']	False	all	False	False	cross_validation	5.0	5	False	1.0	ensembl_gene_id	ensembl_gene_id		True	binary	-0.0007777	0.3443	-0.1323	0.1186	-0.0002734	0.3443	-0.1312						
6apdzdlg	fanciful-sweep-1629	finished	ElasticNet	ha252ijh	ElasticNet	11.93776641714438	RBPSEDataset	900	100	0.9	HepG2	rbpse	mean_squared_error	1024	True	['target_psi']	platiglab	40	['fancy_scatter', 'cumul_resid_dist', ['wandb_faux_pr_curve', {'thresh': 0.5}], ['wandb_faux_roc_curve', {'thresh': 0.5}]]	yogi-RBP-ML-linear-models-april-2025	17.0	train	['r2_score', 'rmse', 'sigmoid_r2']	False	all	False	False	cross_validation	5.0	5	False	1.0	ensembl_gene_id	ensembl_gene_id		True	binary	-0.0003239	0.3442	-0.1319	0.1185	-0.0001132	0.3443	-0.1312						
xd451npu	glamorous-sweep-1630	finished	ElasticNet	ha252ijh	ElasticNet	11.93776641714438	RBPSEDataset	100	100	1.0	HepG2	rbpse	mean_squared_error	1024	True	['target_psi']	platiglab	40	['fancy_scatter', 'cumul_resid_dist', ['wandb_faux_pr_curve', {'thresh': 0.5}], ['wandb_faux_roc_curve', {'thresh': 0.5}]]	yogi-RBP-ML-linear-models-april-2025	17.0	train	['r2_score', 'rmse', 'sigmoid_r2']	False	all	False	False	cross_validation	5.0	5	False	1.0	ensembl_gene_id	ensembl_gene_id		True	binary	-0.001029	0.3444	-0.1325	0.1186	-0.0003646	0.3443	-0.1312						
054jgf1q	confused-sweep-1631	finished	ElasticNet	ha252ijh	ElasticNet	11.93776641714438	RBPSEDataset	200	100	1.0	HepG2	rbpse	mean_squared_error	1024	True	['target_psi']	platiglab	40	['fancy_scatter', 'cumul_resid_dist', ['wandb_faux_pr_curve', {'thresh': 0.5}], ['wandb_faux_roc_curve', {'thresh': 0.5}]]	yogi-RBP-ML-linear-models-april-2025	17.0	train	['r2_score', 'rmse', 'sigmoid_r2']	False	all	False	False	cross_validation	5.0	5	False	1.0	ensembl_gene_id	ensembl_gene_id		True	binary	-0.00045	0.3441	-0.1326	0.1185	-0.0001579	0.3443	-0.1311						
851t6vd1	youthful-sweep-1632	finished	ElasticNet	ha252ijh	ElasticNet	11.93776641714438	RBPSEDataset	300	100	1.0	HepG2	rbpse	mean_squared_error	1024	True	['target_psi']	platiglab	40	['fancy_scatter', 'cumul_resid_dist', ['wandb_faux_pr_curve', {'thresh': 0.5}], ['wandb_faux_roc_curve', {'thresh': 0.5}]]	yogi-RBP-ML-linear-models-april-2025	17.0	train	['r2_score', 'rmse', 'sigmoid_r2']	False	all	False	False	cross_validation	5.0	5	False	1.0	ensembl_gene_id	ensembl_gene_id		True	binary	-0.0004882	0.3442	-0.1323	0.1185	-0.0001759	0.3443	-0.1312						
yjz7dp9z	hopeful-sweep-1633	finished	ElasticNet	ha252ijh	ElasticNet	11.93776641714438	RBPSEDataset	400	100	1.0	HepG2	rbpse	mean_squared_error	1024	True	['target_psi']	platiglab	40	['fancy_scatter', 'cumul_resid_dist', ['wandb_faux_pr_curve', {'thresh': 0.5}], ['wandb_faux_roc_curve', {'thresh': 0.5}]]	yogi-RBP-ML-linear-models-april-2025	17.0	train	['r2_score', 'rmse', 'sigmoid_r2']	False	all	False	False	cross_validation	5.0	5	False	1.0	ensembl_gene_id	ensembl_gene_id		True	binary	-0.0007205	0.3442	-0.1327	0.1186	-0.0002707	0.3443	-0.1312						
od9z3zox	vibrant-sweep-1634	finished	ElasticNet	ha252ijh	ElasticNet	11.93776641714438	RBPSEDataset	500	100	1.0	HepG2	rbpse	mean_squared_error	1024	True	['target_psi']	platiglab	40	['fancy_scatter', 'cumul_resid_dist', ['wandb_faux_pr_curve', {'thresh': 0.5}], ['wandb_faux_roc_curve', {'thresh': 0.5}]]	yogi-RBP-ML-linear-models-april-2025	17.0	train	['r2_score', 'rmse', 'sigmoid_r2']	False	all	False	False	cross_validation	5.0	5	False	1.0	ensembl_gene_id	ensembl_gene_id		True	binary	-0.0001909	0.3443	-0.1313	0.1185	-6.727e-05	0.3443	-0.1312						
tdr3l4e2	light-sweep-1635	finished	ElasticNet	ha252ijh	ElasticNet	11.93776641714438	RBPSEDataset	600	100	1.0	HepG2	rbpse	mean_squared_error	1024	True	['target_psi']	platiglab	40	['fancy_scatter', 'cumul_resid_dist', ['wandb_faux_pr_curve', {'thresh': 0.5}], ['wandb_faux_roc_curve', {'thresh': 0.5}]]	yogi-RBP-ML-linear-models-april-2025	17.0	train	['r2_score', 'rmse', 'sigmoid_r2']	False	all	False	False	cross_validation	5.0	5	False	1.0	ensembl_gene_id	ensembl_gene_id		True	binary	-0.001264	0.3444	-0.1332	0.1186	-0.0004687	0.3444	-0.1313						
9idqnvhi	dark-sweep-1636	finished	ElasticNet	ha252ijh	ElasticNet	11.93776641714438	RBPSEDataset	700	100	1.0	HepG2	rbpse	mean_squared_error	1024	True	['target_psi']	platiglab	40	['fancy_scatter', 'cumul_resid_dist', ['wandb_faux_pr_curve', {'thresh': 0.5}], ['wandb_faux_roc_curve', {'thresh': 0.5}]]	yogi-RBP-ML-linear-models-april-2025	17.0	train	['r2_score', 'rmse', 'sigmoid_r2']	False	all	False	False	cross_validation	5.0	5	False	1.0	ensembl_gene_id	ensembl_gene_id		True	binary	-0.000296	0.3443	-0.1315	0.1185	-0.0001033	0.3443	-0.1312						
njvtg60r	dashing-sweep-1637	finished	ElasticNet	ha252ijh	ElasticNet	11.93776641714438	RBPSEDataset	800	100	1.0	HepG2	rbpse	mean_squared_error	1024	True	['target_psi']	platiglab	40	['fancy_scatter', 'cumul_resid_dist', ['wandb_faux_pr_curve', {'thresh': 0.5}], ['wandb_faux_roc_curve', {'thresh': 0.5}]]	yogi-RBP-ML-linear-models-april-2025	17.0	train	['r2_score', 'rmse', 'sigmoid_r2']	False	all	False	False	cross_validation	5.0	5	False	1.0	ensembl_gene_id	ensembl_gene_id		True	binary	-0.0007777	0.3443	-0.1323	0.1186	-0.0002734	0.3443	-0.1312						
5i8txr37	happy-sweep-1638	finished	ElasticNet	ha252ijh	ElasticNet	11.93776641714438	RBPSEDataset	900	100	1.0	HepG2	rbpse	mean_squared_error	1024	True	['target_psi']	platiglab	40	['fancy_scatter', 'cumul_resid_dist', ['wandb_faux_pr_curve', {'thresh': 0.5}], ['wandb_faux_roc_curve', {'thresh': 0.5}]]	yogi-RBP-ML-linear-models-april-2025	17.0	train	['r2_score', 'rmse', 'sigmoid_r2']	False	all	False	False	cross_validation	5.0	5	False	1.0	ensembl_gene_id	ensembl_gene_id		True	binary	-0.0003239	0.3442	-0.1319	0.1185	-0.0001132	0.3443	-0.1312						
6tjyh6zo	wobbly-sweep-1648	finished	ElasticNet	ha252ijh	ElasticNet	34.55107294592218	RBPSEDataset	100	100	0.1	HepG2	rbpse	mean_squared_error	1024	True	['target_psi']	platiglab	40	['fancy_scatter', 'cumul_resid_dist', ['wandb_faux_pr_curve', {'thresh': 0.5}], ['wandb_faux_roc_curve', {'thresh': 0.5}]]	yogi-RBP-ML-linear-models-april-2025	17.0	train	['r2_score', 'rmse', 'sigmoid_r2']	False	all	False	False	cross_validation	5.0	5	False	1.0	ensembl_gene_id	ensembl_gene_id		True	binary	-0.001029	0.3444	-0.1325	0.1186	-0.0003646	0.3443	-0.1312						
omkgvam6	zany-sweep-1649	finished	ElasticNet	ha252ijh	ElasticNet	34.55107294592218	RBPSEDataset	200	100	0.1	HepG2	rbpse	mean_squared_error	1024	True	['target_psi']	platiglab	40	['fancy_scatter', 'cumul_resid_dist', ['wandb_faux_pr_curve', {'thresh': 0.5}], ['wandb_faux_roc_curve', {'thresh': 0.5}]]	yogi-RBP-ML-linear-models-april-2025	17.0	train	['r2_score', 'rmse', 'sigmoid_r2']	False	all	False	False	cross_validation	5.0	5	False	1.0	ensembl_gene_id	ensembl_gene_id		True	binary	-0.00045	0.3441	-0.1326	0.1185	-0.0001579	0.3443	-0.1311						
3yrh1t4l	lively-sweep-1650	finished	ElasticNet	ha252ijh	ElasticNet	34.55107294592218	RBPSEDataset	300	100	0.1	HepG2	rbpse	mean_squared_error	1024	True	['target_psi']	platiglab	40	['fancy_scatter', 'cumul_resid_dist', ['wandb_faux_pr_curve', {'thresh': 0.5}], ['wandb_faux_roc_curve', {'thresh': 0.5}]]	yogi-RBP-ML-linear-models-april-2025	17.0	train	['r2_score', 'rmse', 'sigmoid_r2']	False	all	False	False	cross_validation	5.0	5	False	1.0	ensembl_gene_id	ensembl_gene_id		True	binary	-0.0004882	0.3442	-0.1323	0.1185	-0.0001759	0.3443	-0.1312						
oaj939su	kind-sweep-1652	finished	ElasticNet	ha252ijh	ElasticNet	34.55107294592218	RBPSEDataset	500	100	0.1	HepG2	rbpse	mean_squared_error	1024	True	['target_psi']	platiglab	40	['fancy_scatter', 'cumul_resid_dist', ['wandb_faux_pr_curve', {'thresh': 0.5}], ['wandb_faux_roc_curve', {'thresh': 0.5}]]	yogi-RBP-ML-linear-models-april-2025	17.0	train	['r2_score', 'rmse', 'sigmoid_r2']	False	all	False	False	cross_validation	5.0	5	False	1.0	ensembl_gene_id	ensembl_gene_id		True	binary	-0.0001909	0.3443	-0.1313	0.1185	-6.727e-05	0.3443	-0.1312						
zb7zpdlh	icy-sweep-1651	finished	ElasticNet	ha252ijh	ElasticNet	34.55107294592218	RBPSEDataset	400	100	0.1	HepG2	rbpse	mean_squared_error	1024	True	['target_psi']	platiglab	40	['fancy_scatter', 'cumul_resid_dist', ['wandb_faux_pr_curve', {'thresh': 0.5}], ['wandb_faux_roc_curve', {'thresh': 0.5}]]	yogi-RBP-ML-linear-models-april-2025	17.0	train	['r2_score', 'rmse', 'sigmoid_r2']	False	all	False	False	cross_validation	5.0	5	False	1.0	ensembl_gene_id	ensembl_gene_id		True	binary	-0.0007205	0.3442	-0.1327	0.1186	-0.0002707	0.3443	-0.1312						
gp9rmybn	sage-sweep-1653	finished	ElasticNet	ha252ijh	ElasticNet	34.55107294592218	RBPSEDataset	600	100	0.1	HepG2	rbpse	mean_squared_error	1024	True	['target_psi']	platiglab	40	['fancy_scatter', 'cumul_resid_dist', ['wandb_faux_pr_curve', {'thresh': 0.5}], ['wandb_faux_roc_curve', {'thresh': 0.5}]]	yogi-RBP-ML-linear-models-april-2025	17.0	train	['r2_score', 'rmse', 'sigmoid_r2']	False	all	False	False	cross_validation	5.0	5	False	1.0	ensembl_gene_id	ensembl_gene_id		True	binary	-0.001264	0.3444	-0.1332	0.1186	-0.0004687	0.3444	-0.1313						
1e3o6jue	dark-sweep-1654	finished	ElasticNet	ha252ijh	ElasticNet	34.55107294592218	RBPSEDataset	700	100	0.1	HepG2	rbpse	mean_squared_error	1024	True	['target_psi']	platiglab	40	['fancy_scatter', 'cumul_resid_dist', ['wandb_faux_pr_curve', {'thresh': 0.5}], ['wandb_faux_roc_curve', {'thresh': 0.5}]]	yogi-RBP-ML-linear-models-april-2025	17.0	train	['r2_score', 'rmse', 'sigmoid_r2']	False	all	False	False	cross_validation	5.0	5	False	1.0	ensembl_gene_id	ensembl_gene_id		True	binary	-0.000296	0.3443	-0.1315	0.1185	-0.0001033	0.3443	-0.1312						
s20es8xi	rural-sweep-1655	finished	ElasticNet	ha252ijh	ElasticNet	34.55107294592218	RBPSEDataset	800	100	0.1	HepG2	rbpse	mean_squared_error	1024	True	['target_psi']	platiglab	40	['fancy_scatter', 'cumul_resid_dist', ['wandb_faux_pr_curve', {'thresh': 0.5}], ['wandb_faux_roc_curve', {'thresh': 0.5}]]	yogi-RBP-ML-linear-models-april-2025	17.0	train	['r2_score', 'rmse', 'sigmoid_r2']	False	all	False	False	cross_validation	5.0	5	False	1.0	ensembl_gene_id	ensembl_gene_id		True	binary	-0.0007777	0.3443	-0.1323	0.1186	-0.0002734	0.3443	-0.1312						
imbmnqpe	driven-sweep-1656	finished	ElasticNet	ha252ijh	ElasticNet	34.55107294592218	RBPSEDataset	900	100	0.1	HepG2	rbpse	mean_squared_error	1024	True	['target_psi']	platiglab	40	['fancy_scatter', 'cumul_resid_dist', ['wandb_faux_pr_curve', {'thresh': 0.5}], ['wandb_faux_roc_curve', {'thresh': 0.5}]]	yogi-RBP-ML-linear-models-april-2025	17.0	train	['r2_score', 'rmse', 'sigmoid_r2']	False	all	False	False	cross_validation	5.0	5	False	1.0	ensembl_gene_id	ensembl_gene_id		True	binary	-0.0003239	0.3442	-0.1319	0.1185	-0.0001132	0.3443	-0.1312						
5v0pmapi	fine-sweep-1657	finished	ElasticNet	ha252ijh	ElasticNet	34.55107294592218	RBPSEDataset	100	100	0.25	HepG2	rbpse	mean_squared_error	1024	True	['target_psi']	platiglab	40	['fancy_scatter', 'cumul_resid_dist', ['wandb_faux_pr_curve', {'thresh': 0.5}], ['wandb_faux_roc_curve', {'thresh': 0.5}]]	yogi-RBP-ML-linear-models-april-2025	17.0	train	['r2_score', 'rmse', 'sigmoid_r2']	False	all	False	False	cross_validation	5.0	5	False	1.0	ensembl_gene_id	ensembl_gene_id		True	binary	-0.001029	0.3444	-0.1325	0.1186	-0.0003646	0.3443	-0.1312						
m67l7hb3	frosty-sweep-1658	finished	ElasticNet	ha252ijh	ElasticNet	34.55107294592218	RBPSEDataset	200	100	0.25	HepG2	rbpse	mean_squared_error	1024	True	['target_psi']	platiglab	40	['fancy_scatter', 'cumul_resid_dist', ['wandb_faux_pr_curve', {'thresh': 0.5}], ['wandb_faux_roc_curve', {'thresh': 0.5}]]	yogi-RBP-ML-linear-models-april-2025	17.0	train	['r2_score', 'rmse', 'sigmoid_r2']	False	all	False	False	cross_validation	5.0	5	False	1.0	ensembl_gene_id	ensembl_gene_id		True	binary	-0.00045	0.3441	-0.1326	0.1185	-0.0001579	0.3443	-0.1311						
xws9nr7h	solar-sweep-1659	finished	ElasticNet	ha252ijh	ElasticNet	34.55107294592218	RBPSEDataset	300	100	0.25	HepG2	rbpse	mean_squared_error	1024	True	['target_psi']	platiglab	40	['fancy_scatter', 'cumul_resid_dist', ['wandb_faux_pr_curve', {'thresh': 0.5}], ['wandb_faux_roc_curve', {'thresh': 0.5}]]	yogi-RBP-ML-linear-models-april-2025	17.0	train	['r2_score', 'rmse', 'sigmoid_r2']	False	all	False	False	cross_validation	5.0	5	False	1.0	ensembl_gene_id	ensembl_gene_id		True	binary	-0.0004882	0.3442	-0.1323	0.1185	-0.0001759	0.3443	-0.1312						
79o206fi	pleasant-sweep-1660	finished	ElasticNet	ha252ijh	ElasticNet	34.55107294592218	RBPSEDataset	400	100	0.25	HepG2	rbpse	mean_squared_error	1024	True	['target_psi']	platiglab	40	['fancy_scatter', 'cumul_resid_dist', ['wandb_faux_pr_curve', {'thresh': 0.5}], ['wandb_faux_roc_curve', {'thresh': 0.5}]]	yogi-RBP-ML-linear-models-april-2025	17.0	train	['r2_score', 'rmse', 'sigmoid_r2']	False	all	False	False	cross_validation	5.0	5	False	1.0	ensembl_gene_id	ensembl_gene_id		True	binary	-0.0007205	0.3442	-0.1327	0.1186	-0.0002707	0.3443	-0.1312						
5kfe0rs6	colorful-sweep-1661	finished	ElasticNet	ha252ijh	ElasticNet	34.55107294592218	RBPSEDataset	500	100	0.25	HepG2	rbpse	mean_squared_error	1024	True	['target_psi']	platiglab	40	['fancy_scatter', 'cumul_resid_dist', ['wandb_faux_pr_curve', {'thresh': 0.5}], ['wandb_faux_roc_curve', {'thresh': 0.5}]]	yogi-RBP-ML-linear-models-april-2025	17.0	train	['r2_score', 'rmse', 'sigmoid_r2']	False	all	False	False	cross_validation	5.0	5	False	1.0	ensembl_gene_id	ensembl_gene_id		True	binary	-0.0001909	0.3443	-0.1313	0.1185	-6.727e-05	0.3443	-0.1312						
vj4fnhse	generous-sweep-1662	finished	ElasticNet	ha252ijh	ElasticNet	34.55107294592218	RBPSEDataset	600	100	0.25	HepG2	rbpse	mean_squared_error	1024	True	['target_psi']	platiglab	40	['fancy_scatter', 'cumul_resid_dist', ['wandb_faux_pr_curve', {'thresh': 0.5}], ['wandb_faux_roc_curve', {'thresh': 0.5}]]	yogi-RBP-ML-linear-models-april-2025	17.0	train	['r2_score', 'rmse', 'sigmoid_r2']	False	all	False	False	cross_validation	5.0	5	False	1.0	ensembl_gene_id	ensembl_gene_id		True	binary	-0.001264	0.3444	-0.1332	0.1186	-0.0004687	0.3444	-0.1313						
qycwnm69	morning-sweep-1663	finished	ElasticNet	ha252ijh	ElasticNet	34.55107294592218	RBPSEDataset	700	100	0.25	HepG2	rbpse	mean_squared_error	1024	True	['target_psi']	platiglab	40	['fancy_scatter', 'cumul_resid_dist', ['wandb_faux_pr_curve', {'thresh': 0.5}], ['wandb_faux_roc_curve', {'thresh': 0.5}]]	yogi-RBP-ML-linear-models-april-2025	17.0	train	['r2_score', 'rmse', 'sigmoid_r2']	False	all	False	False	cross_validation	5.0	5	False	1.0	ensembl_gene_id	ensembl_gene_id		True	binary	-0.000296	0.3443	-0.1315	0.1185	-0.0001033	0.3443	-0.1312						
d17uooj2	dandy-sweep-1664	finished	ElasticNet	ha252ijh	ElasticNet	34.55107294592218	RBPSEDataset	800	100	0.25	HepG2	rbpse	mean_squared_error	1024	True	['target_psi']	platiglab	40	['fancy_scatter', 'cumul_resid_dist', ['wandb_faux_pr_curve', {'thresh': 0.5}], ['wandb_faux_roc_curve', {'thresh': 0.5}]]	yogi-RBP-ML-linear-models-april-2025	17.0	train	['r2_score', 'rmse', 'sigmoid_r2']	False	all	False	False	cross_validation	5.0	5	False	1.0	ensembl_gene_id	ensembl_gene_id		True	binary	-0.0007777	0.3443	-0.1323	0.1186	-0.0002734	0.3443	-0.1312						
6p6do4u0	restful-sweep-1665	finished	ElasticNet	ha252ijh	ElasticNet	34.55107294592218	RBPSEDataset	900	100	0.25	HepG2	rbpse	mean_squared_error	1024	True	['target_psi']	platiglab	40	['fancy_scatter', 'cumul_resid_dist', ['wandb_faux_pr_curve', {'thresh': 0.5}], ['wandb_faux_roc_curve', {'thresh': 0.5}]]	yogi-RBP-ML-linear-models-april-2025	17.0	train	['r2_score', 'rmse', 'sigmoid_r2']	False	all	False	False	cross_validation	5.0	5	False	1.0	ensembl_gene_id	ensembl_gene_id		True	binary	-0.0003239	0.3442	-0.1319	0.1185	-0.0001132	0.3443	-0.1312						
sd9sebs8	glowing-sweep-1666	finished	ElasticNet	ha252ijh	ElasticNet	34.55107294592218	RBPSEDataset	100	100	0.5	HepG2	rbpse	mean_squared_error	1024	True	['target_psi']	platiglab	40	['fancy_scatter', 'cumul_resid_dist', ['wandb_faux_pr_curve', {'thresh': 0.5}], ['wandb_faux_roc_curve', {'thresh': 0.5}]]	yogi-RBP-ML-linear-models-april-2025	17.0	train	['r2_score', 'rmse', 'sigmoid_r2']	False	all	False	False	cross_validation	5.0	5	False	1.0	ensembl_gene_id	ensembl_gene_id		True	binary	-0.001029	0.3444	-0.1325	0.1186	-0.0003646	0.3443	-0.1312						
je39bqdd	lunar-sweep-1667	finished	ElasticNet	ha252ijh	ElasticNet	34.55107294592218	RBPSEDataset	200	100	0.5	HepG2	rbpse	mean_squared_error	1024	True	['target_psi']	platiglab	40	['fancy_scatter', 'cumul_resid_dist', ['wandb_faux_pr_curve', {'thresh': 0.5}], ['wandb_faux_roc_curve', {'thresh': 0.5}]]	yogi-RBP-ML-linear-models-april-2025	17.0	train	['r2_score', 'rmse', 'sigmoid_r2']	False	all	False	False	cross_validation	5.0	5	False	1.0	ensembl_gene_id	ensembl_gene_id		True	binary	-0.00045	0.3441	-0.1326	0.1185	-0.0001579	0.3443	-0.1311						
6mpot500	ethereal-sweep-1668	finished	ElasticNet	ha252ijh	ElasticNet	34.55107294592218	RBPSEDataset	300	100	0.5	HepG2	rbpse	mean_squared_error	1024	True	['target_psi']	platiglab	40	['fancy_scatter', 'cumul_resid_dist', ['wandb_faux_pr_curve', {'thresh': 0.5}], ['wandb_faux_roc_curve', {'thresh': 0.5}]]	yogi-RBP-ML-linear-models-april-2025	17.0	train	['r2_score', 'rmse', 'sigmoid_r2']	False	all	False	False	cross_validation	5.0	5	False	1.0	ensembl_gene_id	ensembl_gene_id		True	binary	-0.0004882	0.3442	-0.1323	0.1185	-0.0001759	0.3443	-0.1312						
fssa4b20	glowing-sweep-1669	finished	ElasticNet	ha252ijh	ElasticNet	34.55107294592218	RBPSEDataset	400	100	0.5	HepG2	rbpse	mean_squared_error	1024	True	['target_psi']	platiglab	40	['fancy_scatter', 'cumul_resid_dist', ['wandb_faux_pr_curve', {'thresh': 0.5}], ['wandb_faux_roc_curve', {'thresh': 0.5}]]	yogi-RBP-ML-linear-models-april-2025	17.0	train	['r2_score', 'rmse', 'sigmoid_r2']	False	all	False	False	cross_validation	5.0	5	False	1.0	ensembl_gene_id	ensembl_gene_id		True	binary	-0.0007205	0.3442	-0.1327	0.1186	-0.0002707	0.3443	-0.1312						
ojimfe9i	floral-sweep-1670	finished	ElasticNet	ha252ijh	ElasticNet	34.55107294592218	RBPSEDataset	500	100	0.5	HepG2	rbpse	mean_squared_error	1024	True	['target_psi']	platiglab	40	['fancy_scatter', 'cumul_resid_dist', ['wandb_faux_pr_curve', {'thresh': 0.5}], ['wandb_faux_roc_curve', {'thresh': 0.5}]]	yogi-RBP-ML-linear-models-april-2025	17.0	train	['r2_score', 'rmse', 'sigmoid_r2']	False	all	False	False	cross_validation	5.0	5	False	1.0	ensembl_gene_id	ensembl_gene_id		True	binary	-0.0001909	0.3443	-0.1313	0.1185	-6.727e-05	0.3443	-0.1312						
n3hb3e1m	peach-sweep-1673	finished	ElasticNet	ha252ijh	ElasticNet	34.55107294592218	RBPSEDataset	800	100	0.5	HepG2	rbpse	mean_squared_error	1024	True	['target_psi']	platiglab	40	['fancy_scatter', 'cumul_resid_dist', ['wandb_faux_pr_curve', {'thresh': 0.5}], ['wandb_faux_roc_curve', {'thresh': 0.5}]]	yogi-RBP-ML-linear-models-april-2025	17.0	train	['r2_score', 'rmse', 'sigmoid_r2']	False	all	False	False	cross_validation	5.0	5	False	1.0	ensembl_gene_id	ensembl_gene_id		True	binary	-0.0007777	0.3443	-0.1323	0.1186	-0.0002734	0.3443	-0.1312						
ulg5bmyp	still-sweep-1672	finished	ElasticNet	ha252ijh	ElasticNet	34.55107294592218	RBPSEDataset	700	100	0.5	HepG2	rbpse	mean_squared_error	1024	True	['target_psi']	platiglab	40	['fancy_scatter', 'cumul_resid_dist', ['wandb_faux_pr_curve', {'thresh': 0.5}], ['wandb_faux_roc_curve', {'thresh': 0.5}]]	yogi-RBP-ML-linear-models-april-2025	17.0	train	['r2_score', 'rmse', 'sigmoid_r2']	False	all	False	False	cross_validation	5.0	5	False	1.0	ensembl_gene_id	ensembl_gene_id		True	binary	-0.000296	0.3443	-0.1315	0.1185	-0.0001033	0.3443	-0.1312						
zkxzpgx2	royal-sweep-1671	finished	ElasticNet	ha252ijh	ElasticNet	34.55107294592218	RBPSEDataset	600	100	0.5	HepG2	rbpse	mean_squared_error	1024	True	['target_psi']	platiglab	40	['fancy_scatter', 'cumul_resid_dist', ['wandb_faux_pr_curve', {'thresh': 0.5}], ['wandb_faux_roc_curve', {'thresh': 0.5}]]	yogi-RBP-ML-linear-models-april-2025	17.0	train	['r2_score', 'rmse', 'sigmoid_r2']	False	all	False	False	cross_validation	5.0	5	False	1.0	ensembl_gene_id	ensembl_gene_id		True	binary	-0.001264	0.3444	-0.1332	0.1186	-0.0004687	0.3444	-0.1313						
pln1g7wj	winter-sweep-1674	finished	ElasticNet	ha252ijh	ElasticNet	34.55107294592218	RBPSEDataset	900	100	0.5	HepG2	rbpse	mean_squared_error	1024	True	['target_psi']	platiglab	40	['fancy_scatter', 'cumul_resid_dist', ['wandb_faux_pr_curve', {'thresh': 0.5}], ['wandb_faux_roc_curve', {'thresh': 0.5}]]	yogi-RBP-ML-linear-models-april-2025	17.0	train	['r2_score', 'rmse', 'sigmoid_r2']	False	all	False	False	cross_validation	5.0	5	False	1.0	ensembl_gene_id	ensembl_gene_id		True	binary	-0.0003239	0.3442	-0.1319	0.1185	-0.0001132	0.3443	-0.1312						
507qnc2s	daily-sweep-1675	finished	ElasticNet	ha252ijh	ElasticNet	34.55107294592218	RBPSEDataset	100	100	0.75	HepG2	rbpse	mean_squared_error	1024	True	['target_psi']	platiglab	40	['fancy_scatter', 'cumul_resid_dist', ['wandb_faux_pr_curve', {'thresh': 0.5}], ['wandb_faux_roc_curve', {'thresh': 0.5}]]	yogi-RBP-ML-linear-models-april-2025	17.0	train	['r2_score', 'rmse', 'sigmoid_r2']	False	all	False	False	cross_validation	5.0	5	False	1.0	ensembl_gene_id	ensembl_gene_id		True	binary	-0.001029	0.3444	-0.1325	0.1186	-0.0003646	0.3443	-0.1312						
wj8ys0y1	driven-sweep-1676	finished	ElasticNet	ha252ijh	ElasticNet	34.55107294592218	RBPSEDataset	200	100	0.75	HepG2	rbpse	mean_squared_error	1024	True	['target_psi']	platiglab	40	['fancy_scatter', 'cumul_resid_dist', ['wandb_faux_pr_curve', {'thresh': 0.5}], ['wandb_faux_roc_curve', {'thresh': 0.5}]]	yogi-RBP-ML-linear-models-april-2025	17.0	train	['r2_score', 'rmse', 'sigmoid_r2']	False	all	False	False	cross_validation	5.0	5	False	1.0	ensembl_gene_id	ensembl_gene_id		True	binary	-0.00045	0.3441	-0.1326	0.1185	-0.0001579	0.3443	-0.1311						
yhg7snli	lucky-sweep-1677	finished	ElasticNet	ha252ijh	ElasticNet	34.55107294592218	RBPSEDataset	300	100	0.75	HepG2	rbpse	mean_squared_error	1024	True	['target_psi']	platiglab	40	['fancy_scatter', 'cumul_resid_dist', ['wandb_faux_pr_curve', {'thresh': 0.5}], ['wandb_faux_roc_curve', {'thresh': 0.5}]]	yogi-RBP-ML-linear-models-april-2025	17.0	train	['r2_score', 'rmse', 'sigmoid_r2']	False	all	False	False	cross_validation	5.0	5	False	1.0	ensembl_gene_id	ensembl_gene_id		True	binary	-0.0004882	0.3442	-0.1323	0.1185	-0.0001759	0.3443	-0.1312						
05p4ist2	dutiful-sweep-1678	finished	ElasticNet	ha252ijh	ElasticNet	34.55107294592218	RBPSEDataset	400	100	0.75	HepG2	rbpse	mean_squared_error	1024	True	['target_psi']	platiglab	40	['fancy_scatter', 'cumul_resid_dist', ['wandb_faux_pr_curve', {'thresh': 0.5}], ['wandb_faux_roc_curve', {'thresh': 0.5}]]	yogi-RBP-ML-linear-models-april-2025	17.0	train	['r2_score', 'rmse', 'sigmoid_r2']	False	all	False	False	cross_validation	5.0	5	False	1.0	ensembl_gene_id	ensembl_gene_id		True	binary	-0.0007205	0.3442	-0.1327	0.1186	-0.0002707	0.3443	-0.1312						
yrub1bh3	clean-sweep-1679	finished	ElasticNet	ha252ijh	ElasticNet	34.55107294592218	RBPSEDataset	500	100	0.75	HepG2	rbpse	mean_squared_error	1024	True	['target_psi']	platiglab	40	['fancy_scatter', 'cumul_resid_dist', ['wandb_faux_pr_curve', {'thresh': 0.5}], ['wandb_faux_roc_curve', {'thresh': 0.5}]]	yogi-RBP-ML-linear-models-april-2025	17.0	train	['r2_score', 'rmse', 'sigmoid_r2']	False	all	False	False	cross_validation	5.0	5	False	1.0	ensembl_gene_id	ensembl_gene_id		True	binary	-0.0001909	0.3443	-0.1313	0.1185	-6.727e-05	0.3443	-0.1312						
8su52bwd	zany-sweep-1680	finished	ElasticNet	ha252ijh	ElasticNet	34.55107294592218	RBPSEDataset	600	100	0.75	HepG2	rbpse	mean_squared_error	1024	True	['target_psi']	platiglab	40	['fancy_scatter', 'cumul_resid_dist', ['wandb_faux_pr_curve', {'thresh': 0.5}], ['wandb_faux_roc_curve', {'thresh': 0.5}]]	yogi-RBP-ML-linear-models-april-2025	17.0	train	['r2_score', 'rmse', 'sigmoid_r2']	False	all	False	False	cross_validation	5.0	5	False	1.0	ensembl_gene_id	ensembl_gene_id		True	binary	-0.001264	0.3444	-0.1332	0.1186	-0.0004687	0.3444	-0.1313						
m9fraj8b	sandy-sweep-1681	finished	ElasticNet	ha252ijh	ElasticNet	34.55107294592218	RBPSEDataset	700	100	0.75	HepG2	rbpse	mean_squared_error	1024	True	['target_psi']	platiglab	40	['fancy_scatter', 'cumul_resid_dist', ['wandb_faux_pr_curve', {'thresh': 0.5}], ['wandb_faux_roc_curve', {'thresh': 0.5}]]	yogi-RBP-ML-linear-models-april-2025	17.0	train	['r2_score', 'rmse', 'sigmoid_r2']	False	all	False	False	cross_validation	5.0	5	False	1.0	ensembl_gene_id	ensembl_gene_id		True	binary	-0.000296	0.3443	-0.1315	0.1185	-0.0001033	0.3443	-0.1312						
fx2cxspf	scarlet-sweep-1682	finished	ElasticNet	ha252ijh	ElasticNet	34.55107294592218	RBPSEDataset	800	100	0.75	HepG2	rbpse	mean_squared_error	1024	True	['target_psi']	platiglab	40	['fancy_scatter', 'cumul_resid_dist', ['wandb_faux_pr_curve', {'thresh': 0.5}], ['wandb_faux_roc_curve', {'thresh': 0.5}]]	yogi-RBP-ML-linear-models-april-2025	17.0	train	['r2_score', 'rmse', 'sigmoid_r2']	False	all	False	False	cross_validation	5.0	5	False	1.0	ensembl_gene_id	ensembl_gene_id		True	binary	-0.0007777	0.3443	-0.1323	0.1186	-0.0002734	0.3443	-0.1312						
jpxqjnuz	wise-sweep-1683	finished	ElasticNet	ha252ijh	ElasticNet	34.55107294592218	RBPSEDataset	900	100	0.75	HepG2	rbpse	mean_squared_error	1024	True	['target_psi']	platiglab	40	['fancy_scatter', 'cumul_resid_dist', ['wandb_faux_pr_curve', {'thresh': 0.5}], ['wandb_faux_roc_curve', {'thresh': 0.5}]]	yogi-RBP-ML-linear-models-april-2025	17.0	train	['r2_score', 'rmse', 'sigmoid_r2']	False	all	False	False	cross_validation	5.0	5	False	1.0	ensembl_gene_id	ensembl_gene_id		True	binary	-0.0003239	0.3442	-0.1319	0.1185	-0.0001132	0.3443	-0.1312						
9majt0gt	usual-sweep-1684	finished	ElasticNet	ha252ijh	ElasticNet	34.55107294592218	RBPSEDataset	100	100	0.9	HepG2	rbpse	mean_squared_error	1024	True	['target_psi']	platiglab	40	['fancy_scatter', 'cumul_resid_dist', ['wandb_faux_pr_curve', {'thresh': 0.5}], ['wandb_faux_roc_curve', {'thresh': 0.5}]]	yogi-RBP-ML-linear-models-april-2025	17.0	train	['r2_score', 'rmse', 'sigmoid_r2']	False	all	False	False	cross_validation	5.0	5	False	1.0	ensembl_gene_id	ensembl_gene_id		True	binary	-0.001029	0.3444	-0.1325	0.1186	-0.0003646	0.3443	-0.1312						
tv2o514j	glorious-sweep-1685	finished	ElasticNet	ha252ijh	ElasticNet	34.55107294592218	RBPSEDataset	200	100	0.9	HepG2	rbpse	mean_squared_error	1024	True	['target_psi']	platiglab	40	['fancy_scatter', 'cumul_resid_dist', ['wandb_faux_pr_curve', {'thresh': 0.5}], ['wandb_faux_roc_curve', {'thresh': 0.5}]]	yogi-RBP-ML-linear-models-april-2025	17.0	train	['r2_score', 'rmse', 'sigmoid_r2']	False	all	False	False	cross_validation	5.0	5	False	1.0	ensembl_gene_id	ensembl_gene_id		True	binary	-0.00045	0.3441	-0.1326	0.1185	-0.0001579	0.3443	-0.1311						
z8swllgn	fanciful-sweep-1686	finished	ElasticNet	ha252ijh	ElasticNet	34.55107294592218	RBPSEDataset	300	100	0.9	HepG2	rbpse	mean_squared_error	1024	True	['target_psi']	platiglab	40	['fancy_scatter', 'cumul_resid_dist', ['wandb_faux_pr_curve', {'thresh': 0.5}], ['wandb_faux_roc_curve', {'thresh': 0.5}]]	yogi-RBP-ML-linear-models-april-2025	17.0	train	['r2_score', 'rmse', 'sigmoid_r2']	False	all	False	False	cross_validation	5.0	5	False	1.0	ensembl_gene_id	ensembl_gene_id		True	binary	-0.0004882	0.3442	-0.1323	0.1185	-0.0001759	0.3443	-0.1312						
47iz9zyy	crisp-sweep-1687	finished	ElasticNet	ha252ijh	ElasticNet	34.55107294592218	RBPSEDataset	400	100	0.9	HepG2	rbpse	mean_squared_error	1024	True	['target_psi']	platiglab	40	['fancy_scatter', 'cumul_resid_dist', ['wandb_faux_pr_curve', {'thresh': 0.5}], ['wandb_faux_roc_curve', {'thresh': 0.5}]]	yogi-RBP-ML-linear-models-april-2025	17.0	train	['r2_score', 'rmse', 'sigmoid_r2']	False	all	False	False	cross_validation	5.0	5	False	1.0	ensembl_gene_id	ensembl_gene_id		True	binary	-0.0007205	0.3442	-0.1327	0.1186	-0.0002707	0.3443	-0.1312						
tt643fjj	lunar-sweep-1689	finished	ElasticNet	ha252ijh	ElasticNet	34.55107294592218	RBPSEDataset	600	100	0.9	HepG2	rbpse	mean_squared_error	1024	True	['target_psi']	platiglab	40	['fancy_scatter', 'cumul_resid_dist', ['wandb_faux_pr_curve', {'thresh': 0.5}], ['wandb_faux_roc_curve', {'thresh': 0.5}]]	yogi-RBP-ML-linear-models-april-2025	17.0	train	['r2_score', 'rmse', 'sigmoid_r2']	False	all	False	False	cross_validation	5.0	5	False	1.0	ensembl_gene_id	ensembl_gene_id		True	binary	-0.001264	0.3444	-0.1332	0.1186	-0.0004687	0.3444	-0.1313						
gka9m1ha	smart-sweep-1690	finished	ElasticNet	ha252ijh	ElasticNet	34.55107294592218	RBPSEDataset	700	100	0.9	HepG2	rbpse	mean_squared_error	1024	True	['target_psi']	platiglab	40	['fancy_scatter', 'cumul_resid_dist', ['wandb_faux_pr_curve', {'thresh': 0.5}], ['wandb_faux_roc_curve', {'thresh': 0.5}]]	yogi-RBP-ML-linear-models-april-2025	17.0	train	['r2_score', 'rmse', 'sigmoid_r2']	False	all	False	False	cross_validation	5.0	5	False	1.0	ensembl_gene_id	ensembl_gene_id		True	binary	-0.000296	0.3443	-0.1315	0.1185	-0.0001033	0.3443	-0.1312						
ddu80dyb	upbeat-sweep-1691	finished	ElasticNet	ha252ijh	ElasticNet	34.55107294592218	RBPSEDataset	800	100	0.9	HepG2	rbpse	mean_squared_error	1024	True	['target_psi']	platiglab	40	['fancy_scatter', 'cumul_resid_dist', ['wandb_faux_pr_curve', {'thresh': 0.5}], ['wandb_faux_roc_curve', {'thresh': 0.5}]]	yogi-RBP-ML-linear-models-april-2025	17.0	train	['r2_score', 'rmse', 'sigmoid_r2']	False	all	False	False	cross_validation	5.0	5	False	1.0	ensembl_gene_id	ensembl_gene_id		True	binary	-0.0007777	0.3443	-0.1323	0.1186	-0.0002734	0.3443	-0.1312						
r2jpb81e	fancy-sweep-1692	finished	ElasticNet	ha252ijh	ElasticNet	34.55107294592218	RBPSEDataset	900	100	0.9	HepG2	rbpse	mean_squared_error	1024	True	['target_psi']	platiglab	40	['fancy_scatter', 'cumul_resid_dist', ['wandb_faux_pr_curve', {'thresh': 0.5}], ['wandb_faux_roc_curve', {'thresh': 0.5}]]	yogi-RBP-ML-linear-models-april-2025	17.0	train	['r2_score', 'rmse', 'sigmoid_r2']	False	all	False	False	cross_validation	5.0	5	False	1.0	ensembl_gene_id	ensembl_gene_id		True	binary	-0.0003239	0.3442	-0.1319	0.1185	-0.0001132	0.3443	-0.1312						
cla1c5mm	earnest-sweep-1693	finished	ElasticNet	ha252ijh	ElasticNet	34.55107294592218	RBPSEDataset	100	100	1.0	HepG2	rbpse	mean_squared_error	1024	True	['target_psi']	platiglab	40	['fancy_scatter', 'cumul_resid_dist', ['wandb_faux_pr_curve', {'thresh': 0.5}], ['wandb_faux_roc_curve', {'thresh': 0.5}]]	yogi-RBP-ML-linear-models-april-2025	17.0	train	['r2_score', 'rmse', 'sigmoid_r2']	False	all	False	False	cross_validation	5.0	5	False	1.0	ensembl_gene_id	ensembl_gene_id		True	binary	-0.001029	0.3444	-0.1325	0.1186	-0.0003646	0.3443	-0.1312						
9onmya0w	major-sweep-1695	finished	ElasticNet	ha252ijh	ElasticNet	34.55107294592218	RBPSEDataset	300	100	1.0	HepG2	rbpse	mean_squared_error	1024	True	['target_psi']	platiglab	40	['fancy_scatter', 'cumul_resid_dist', ['wandb_faux_pr_curve', {'thresh': 0.5}], ['wandb_faux_roc_curve', {'thresh': 0.5}]]	yogi-RBP-ML-linear-models-april-2025	17.0	train	['r2_score', 'rmse', 'sigmoid_r2']	False	all	False	False	cross_validation	5.0	5	False	1.0	ensembl_gene_id	ensembl_gene_id		True	binary	-0.0004882	0.3442	-0.1323	0.1185	-0.0001759	0.3443	-0.1312						
xlw92pkt	genial-sweep-1694	finished	ElasticNet	ha252ijh	ElasticNet	34.55107294592218	RBPSEDataset	200	100	1.0	HepG2	rbpse	mean_squared_error	1024	True	['target_psi']	platiglab	40	['fancy_scatter', 'cumul_resid_dist', ['wandb_faux_pr_curve', {'thresh': 0.5}], ['wandb_faux_roc_curve', {'thresh': 0.5}]]	yogi-RBP-ML-linear-models-april-2025	17.0	train	['r2_score', 'rmse', 'sigmoid_r2']	False	all	False	False	cross_validation	5.0	5	False	1.0	ensembl_gene_id	ensembl_gene_id		True	binary	-0.00045	0.3441	-0.1326	0.1185	-0.0001579	0.3443	-0.1311						
3r2vohrq	polished-sweep-1696	finished	ElasticNet	ha252ijh	ElasticNet	34.55107294592218	RBPSEDataset	400	100	1.0	HepG2	rbpse	mean_squared_error	1024	True	['target_psi']	platiglab	40	['fancy_scatter', 'cumul_resid_dist', ['wandb_faux_pr_curve', {'thresh': 0.5}], ['wandb_faux_roc_curve', {'thresh': 0.5}]]	yogi-RBP-ML-linear-models-april-2025	17.0	train	['r2_score', 'rmse', 'sigmoid_r2']	False	all	False	False	cross_validation	5.0	5	False	1.0	ensembl_gene_id	ensembl_gene_id		True	binary	-0.0007205	0.3442	-0.1327	0.1186	-0.0002707	0.3443	-0.1312						
xbruvsr2	eager-sweep-1697	finished	ElasticNet	ha252ijh	ElasticNet	34.55107294592218	RBPSEDataset	500	100	1.0	HepG2	rbpse	mean_squared_error	1024	True	['target_psi']	platiglab	40	['fancy_scatter', 'cumul_resid_dist', ['wandb_faux_pr_curve', {'thresh': 0.5}], ['wandb_faux_roc_curve', {'thresh': 0.5}]]	yogi-RBP-ML-linear-models-april-2025	17.0	train	['r2_score', 'rmse', 'sigmoid_r2']	False	all	False	False	cross_validation	5.0	5	False	1.0	ensembl_gene_id	ensembl_gene_id		True	binary	-0.0001909	0.3443	-0.1313	0.1185	-6.727e-05	0.3443	-0.1312						
6farjrkl	lucky-sweep-1698	finished	ElasticNet	ha252ijh	ElasticNet	34.55107294592218	RBPSEDataset	600	100	1.0	HepG2	rbpse	mean_squared_error	1024	True	['target_psi']	platiglab	40	['fancy_scatter', 'cumul_resid_dist', ['wandb_faux_pr_curve', {'thresh': 0.5}], ['wandb_faux_roc_curve', {'thresh': 0.5}]]	yogi-RBP-ML-linear-models-april-2025	17.0	train	['r2_score', 'rmse', 'sigmoid_r2']	False	all	False	False	cross_validation	5.0	5	False	1.0	ensembl_gene_id	ensembl_gene_id		True	binary	-0.001264	0.3444	-0.1332	0.1186	-0.0004687	0.3444	-0.1313						
0temci9j	stellar-sweep-1699	finished	ElasticNet	ha252ijh	ElasticNet	34.55107294592218	RBPSEDataset	700	100	1.0	HepG2	rbpse	mean_squared_error	1024	True	['target_psi']	platiglab	40	['fancy_scatter', 'cumul_resid_dist', ['wandb_faux_pr_curve', {'thresh': 0.5}], ['wandb_faux_roc_curve', {'thresh': 0.5}]]	yogi-RBP-ML-linear-models-april-2025	17.0	train	['r2_score', 'rmse', 'sigmoid_r2']	False	all	False	False	cross_validation	5.0	5	False	1.0	ensembl_gene_id	ensembl_gene_id		True	binary	-0.000296	0.3443	-0.1315	0.1185	-0.0001033	0.3443	-0.1312						
lkm4sgs3	silvery-sweep-1700	finished	ElasticNet	ha252ijh	ElasticNet	34.55107294592218	RBPSEDataset	800	100	1.0	HepG2	rbpse	mean_squared_error	1024	True	['target_psi']	platiglab	40	['fancy_scatter', 'cumul_resid_dist', ['wandb_faux_pr_curve', {'thresh': 0.5}], ['wandb_faux_roc_curve', {'thresh': 0.5}]]	yogi-RBP-ML-linear-models-april-2025	17.0	train	['r2_score', 'rmse', 'sigmoid_r2']	False	all	False	False	cross_validation	5.0	5	False	1.0	ensembl_gene_id	ensembl_gene_id		True	binary	-0.0007777	0.3443	-0.1323	0.1186	-0.0002734	0.3443	-0.1312						
ettqz97e	legendary-sweep-1701	finished	ElasticNet	ha252ijh	ElasticNet	34.55107294592218	RBPSEDataset	900	100	1.0	HepG2	rbpse	mean_squared_error	1024	True	['target_psi']	platiglab	40	['fancy_scatter', 'cumul_resid_dist', ['wandb_faux_pr_curve', {'thresh': 0.5}], ['wandb_faux_roc_curve', {'thresh': 0.5}]]	yogi-RBP-ML-linear-models-april-2025	17.0	train	['r2_score', 'rmse', 'sigmoid_r2']	False	all	False	False	cross_validation	5.0	5	False	1.0	ensembl_gene_id	ensembl_gene_id		True	binary	-0.0003239	0.3442	-0.1319	0.1185	-0.0001132	0.3443	-0.1312						
e6u6rcvw	feasible-sweep-1711	finished	ElasticNet	ha252ijh	ElasticNet	100.0	RBPSEDataset	100	100	0.1	HepG2	rbpse	mean_squared_error	1024	True	['target_psi']	platiglab	40	['fancy_scatter', 'cumul_resid_dist', ['wandb_faux_pr_curve', {'thresh': 0.5}], ['wandb_faux_roc_curve', {'thresh': 0.5}]]	yogi-RBP-ML-linear-models-april-2025	17.0	train	['r2_score', 'rmse', 'sigmoid_r2']	False	all	False	False	cross_validation	5.0	5	False	1.0	ensembl_gene_id	ensembl_gene_id		True	binary	-0.001029	0.3444	-0.1325	0.1186	-0.0003646	0.3443	-0.1312						
ny0wepjz	vague-sweep-1712	finished	ElasticNet	ha252ijh	ElasticNet	100.0	RBPSEDataset	200	100	0.1	HepG2	rbpse	mean_squared_error	1024	True	['target_psi']	platiglab	40	['fancy_scatter', 'cumul_resid_dist', ['wandb_faux_pr_curve', {'thresh': 0.5}], ['wandb_faux_roc_curve', {'thresh': 0.5}]]	yogi-RBP-ML-linear-models-april-2025	17.0	train	['r2_score', 'rmse', 'sigmoid_r2']	False	all	False	False	cross_validation	5.0	5	False	1.0	ensembl_gene_id	ensembl_gene_id		True	binary	-0.00045	0.3441	-0.1326	0.1185	-0.0001579	0.3443	-0.1311						
ijdzraoj	dainty-sweep-1713	finished	ElasticNet	ha252ijh	ElasticNet	100.0	RBPSEDataset	300	100	0.1	HepG2	rbpse	mean_squared_error	1024	True	['target_psi']	platiglab	40	['fancy_scatter', 'cumul_resid_dist', ['wandb_faux_pr_curve', {'thresh': 0.5}], ['wandb_faux_roc_curve', {'thresh': 0.5}]]	yogi-RBP-ML-linear-models-april-2025	17.0	train	['r2_score', 'rmse', 'sigmoid_r2']	False	all	False	False	cross_validation	5.0	5	False	1.0	ensembl_gene_id	ensembl_gene_id		True	binary	-0.0004882	0.3442	-0.1323	0.1185	-0.0001759	0.3443	-0.1312						
x3y3dl3o	iconic-sweep-1714	finished	ElasticNet	ha252ijh	ElasticNet	100.0	RBPSEDataset	400	100	0.1	HepG2	rbpse	mean_squared_error	1024	True	['target_psi']	platiglab	40	['fancy_scatter', 'cumul_resid_dist', ['wandb_faux_pr_curve', {'thresh': 0.5}], ['wandb_faux_roc_curve', {'thresh': 0.5}]]	yogi-RBP-ML-linear-models-april-2025	17.0	train	['r2_score', 'rmse', 'sigmoid_r2']	False	all	False	False	cross_validation	5.0	5	False	1.0	ensembl_gene_id	ensembl_gene_id		True	binary	-0.0007205	0.3442	-0.1327	0.1186	-0.0002707	0.3443	-0.1312						
sfnvi7s6	glorious-sweep-1715	finished	ElasticNet	ha252ijh	ElasticNet	100.0	RBPSEDataset	500	100	0.1	HepG2	rbpse	mean_squared_error	1024	True	['target_psi']	platiglab	40	['fancy_scatter', 'cumul_resid_dist', ['wandb_faux_pr_curve', {'thresh': 0.5}], ['wandb_faux_roc_curve', {'thresh': 0.5}]]	yogi-RBP-ML-linear-models-april-2025	17.0	train	['r2_score', 'rmse', 'sigmoid_r2']	False	all	False	False	cross_validation	5.0	5	False	1.0	ensembl_gene_id	ensembl_gene_id		True	binary	-0.0001909	0.3443	-0.1313	0.1185	-6.727e-05	0.3443	-0.1312						
o5h5q5dm	glowing-sweep-1716	finished	ElasticNet	ha252ijh	ElasticNet	100.0	RBPSEDataset	600	100	0.1	HepG2	rbpse	mean_squared_error	1024	True	['target_psi']	platiglab	40	['fancy_scatter', 'cumul_resid_dist', ['wandb_faux_pr_curve', {'thresh': 0.5}], ['wandb_faux_roc_curve', {'thresh': 0.5}]]	yogi-RBP-ML-linear-models-april-2025	17.0	train	['r2_score', 'rmse', 'sigmoid_r2']	False	all	False	False	cross_validation	5.0	5	False	1.0	ensembl_gene_id	ensembl_gene_id		True	binary	-0.001264	0.3444	-0.1332	0.1186	-0.0004687	0.3444	-0.1313						
mh9w5d1e	treasured-sweep-1717	finished	ElasticNet	ha252ijh	ElasticNet	100.0	RBPSEDataset	700	100	0.1	HepG2	rbpse	mean_squared_error	1024	True	['target_psi']	platiglab	40	['fancy_scatter', 'cumul_resid_dist', ['wandb_faux_pr_curve', {'thresh': 0.5}], ['wandb_faux_roc_curve', {'thresh': 0.5}]]	yogi-RBP-ML-linear-models-april-2025	17.0	train	['r2_score', 'rmse', 'sigmoid_r2']	False	all	False	False	cross_validation	5.0	5	False	1.0	ensembl_gene_id	ensembl_gene_id		True	binary	-0.000296	0.3443	-0.1315	0.1185	-0.0001033	0.3443	-0.1312						
tix7ij9p	fanciful-sweep-1718	finished	ElasticNet	ha252ijh	ElasticNet	100.0	RBPSEDataset	800	100	0.1	HepG2	rbpse	mean_squared_error	1024	True	['target_psi']	platiglab	40	['fancy_scatter', 'cumul_resid_dist', ['wandb_faux_pr_curve', {'thresh': 0.5}], ['wandb_faux_roc_curve', {'thresh': 0.5}]]	yogi-RBP-ML-linear-models-april-2025	17.0	train	['r2_score', 'rmse', 'sigmoid_r2']	False	all	False	False	cross_validation	5.0	5	False	1.0	ensembl_gene_id	ensembl_gene_id		True	binary	-0.0007777	0.3443	-0.1323	0.1186	-0.0002734	0.3443	-0.1312						
ajm9wyn0	ethereal-sweep-1719	finished	ElasticNet	ha252ijh	ElasticNet	100.0	RBPSEDataset	900	100	0.1	HepG2	rbpse	mean_squared_error	1024	True	['target_psi']	platiglab	40	['fancy_scatter', 'cumul_resid_dist', ['wandb_faux_pr_curve', {'thresh': 0.5}], ['wandb_faux_roc_curve', {'thresh': 0.5}]]	yogi-RBP-ML-linear-models-april-2025	17.0	train	['r2_score', 'rmse', 'sigmoid_r2']	False	all	False	False	cross_validation	5.0	5	False	1.0	ensembl_gene_id	ensembl_gene_id		True	binary	-0.0003239	0.3442	-0.1319	0.1185	-0.0001132	0.3443	-0.1312						
u0fad9uq	giddy-sweep-1720	finished	ElasticNet	ha252ijh	ElasticNet	100.0	RBPSEDataset	100	100	0.25	HepG2	rbpse	mean_squared_error	1024	True	['target_psi']	platiglab	40	['fancy_scatter', 'cumul_resid_dist', ['wandb_faux_pr_curve', {'thresh': 0.5}], ['wandb_faux_roc_curve', {'thresh': 0.5}]]	yogi-RBP-ML-linear-models-april-2025	17.0	train	['r2_score', 'rmse', 'sigmoid_r2']	False	all	False	False	cross_validation	5.0	5	False	1.0	ensembl_gene_id	ensembl_gene_id		True	binary	-0.001029	0.3444	-0.1325	0.1186	-0.0003646	0.3443	-0.1312						
p83lybpz	avid-sweep-1721	finished	ElasticNet	ha252ijh	ElasticNet	100.0	RBPSEDataset	200	100	0.25	HepG2	rbpse	mean_squared_error	1024	True	['target_psi']	platiglab	40	['fancy_scatter', 'cumul_resid_dist', ['wandb_faux_pr_curve', {'thresh': 0.5}], ['wandb_faux_roc_curve', {'thresh': 0.5}]]	yogi-RBP-ML-linear-models-april-2025	17.0	train	['r2_score', 'rmse', 'sigmoid_r2']	False	all	False	False	cross_validation	5.0	5	False	1.0	ensembl_gene_id	ensembl_gene_id		True	binary	-0.00045	0.3441	-0.1326	0.1185	-0.0001579	0.3443	-0.1311						
1q9bkgbr	quiet-sweep-1722	finished	ElasticNet	ha252ijh	ElasticNet	100.0	RBPSEDataset	300	100	0.25	HepG2	rbpse	mean_squared_error	1024	True	['target_psi']	platiglab	40	['fancy_scatter', 'cumul_resid_dist', ['wandb_faux_pr_curve', {'thresh': 0.5}], ['wandb_faux_roc_curve', {'thresh': 0.5}]]	yogi-RBP-ML-linear-models-april-2025	17.0	train	['r2_score', 'rmse', 'sigmoid_r2']	False	all	False	False	cross_validation	5.0	5	False	1.0	ensembl_gene_id	ensembl_gene_id		True	binary	-0.0004882	0.3442	-0.1323	0.1185	-0.0001759	0.3443	-0.1312						
4kw8pmmf	glorious-sweep-1723	finished	ElasticNet	ha252ijh	ElasticNet	100.0	RBPSEDataset	400	100	0.25	HepG2	rbpse	mean_squared_error	1024	True	['target_psi']	platiglab	40	['fancy_scatter', 'cumul_resid_dist', ['wandb_faux_pr_curve', {'thresh': 0.5}], ['wandb_faux_roc_curve', {'thresh': 0.5}]]	yogi-RBP-ML-linear-models-april-2025	17.0	train	['r2_score', 'rmse', 'sigmoid_r2']	False	all	False	False	cross_validation	5.0	5	False	1.0	ensembl_gene_id	ensembl_gene_id		True	binary	-0.0007205	0.3442	-0.1327	0.1186	-0.0002707	0.3443	-0.1312						
gebwl6tl	spring-sweep-1724	finished	ElasticNet	ha252ijh	ElasticNet	100.0	RBPSEDataset	500	100	0.25	HepG2	rbpse	mean_squared_error	1024	True	['target_psi']	platiglab	40	['fancy_scatter', 'cumul_resid_dist', ['wandb_faux_pr_curve', {'thresh': 0.5}], ['wandb_faux_roc_curve', {'thresh': 0.5}]]	yogi-RBP-ML-linear-models-april-2025	17.0	train	['r2_score', 'rmse', 'sigmoid_r2']	False	all	False	False	cross_validation	5.0	5	False	1.0	ensembl_gene_id	ensembl_gene_id		True	binary	-0.0001909	0.3443	-0.1313	0.1185	-6.727e-05	0.3443	-0.1312						
8zygrv04	vibrant-sweep-1725	finished	ElasticNet	ha252ijh	ElasticNet	100.0	RBPSEDataset	600	100	0.25	HepG2	rbpse	mean_squared_error	1024	True	['target_psi']	platiglab	40	['fancy_scatter', 'cumul_resid_dist', ['wandb_faux_pr_curve', {'thresh': 0.5}], ['wandb_faux_roc_curve', {'thresh': 0.5}]]	yogi-RBP-ML-linear-models-april-2025	17.0	train	['r2_score', 'rmse', 'sigmoid_r2']	False	all	False	False	cross_validation	5.0	5	False	1.0	ensembl_gene_id	ensembl_gene_id		True	binary	-0.001264	0.3444	-0.1332	0.1186	-0.0004687	0.3444	-0.1313						
szvdfvup	wobbly-sweep-1726	finished	ElasticNet	ha252ijh	ElasticNet	100.0	RBPSEDataset	700	100	0.25	HepG2	rbpse	mean_squared_error	1024	True	['target_psi']	platiglab	40	['fancy_scatter', 'cumul_resid_dist', ['wandb_faux_pr_curve', {'thresh': 0.5}], ['wandb_faux_roc_curve', {'thresh': 0.5}]]	yogi-RBP-ML-linear-models-april-2025	17.0	train	['r2_score', 'rmse', 'sigmoid_r2']	False	all	False	False	cross_validation	5.0	5	False	1.0	ensembl_gene_id	ensembl_gene_id		True	binary	-0.000296	0.3443	-0.1315	0.1185	-0.0001033	0.3443	-0.1312						
my08ouzn	youthful-sweep-1727	finished	ElasticNet	ha252ijh	ElasticNet	100.0	RBPSEDataset	800	100	0.25	HepG2	rbpse	mean_squared_error	1024	True	['target_psi']	platiglab	40	['fancy_scatter', 'cumul_resid_dist', ['wandb_faux_pr_curve', {'thresh': 0.5}], ['wandb_faux_roc_curve', {'thresh': 0.5}]]	yogi-RBP-ML-linear-models-april-2025	17.0	train	['r2_score', 'rmse', 'sigmoid_r2']	False	all	False	False	cross_validation	5.0	5	False	1.0	ensembl_gene_id	ensembl_gene_id		True	binary	-0.0007777	0.3443	-0.1323	0.1186	-0.0002734	0.3443	-0.1312						
xc04xw04	toasty-sweep-1728	finished	ElasticNet	ha252ijh	ElasticNet	100.0	RBPSEDataset	900	100	0.25	HepG2	rbpse	mean_squared_error	1024	True	['target_psi']	platiglab	40	['fancy_scatter', 'cumul_resid_dist', ['wandb_faux_pr_curve', {'thresh': 0.5}], ['wandb_faux_roc_curve', {'thresh': 0.5}]]	yogi-RBP-ML-linear-models-april-2025	17.0	train	['r2_score', 'rmse', 'sigmoid_r2']	False	all	False	False	cross_validation	5.0	5	False	1.0	ensembl_gene_id	ensembl_gene_id		True	binary	-0.0003239	0.3442	-0.1319	0.1185	-0.0001132	0.3443	-0.1312						
itoqjb9g	kind-sweep-1729	finished	ElasticNet	ha252ijh	ElasticNet	100.0	RBPSEDataset	100	100	0.5	HepG2	rbpse	mean_squared_error	1024	True	['target_psi']	platiglab	40	['fancy_scatter', 'cumul_resid_dist', ['wandb_faux_pr_curve', {'thresh': 0.5}], ['wandb_faux_roc_curve', {'thresh': 0.5}]]	yogi-RBP-ML-linear-models-april-2025	17.0	train	['r2_score', 'rmse', 'sigmoid_r2']	False	all	False	False	cross_validation	5.0	5	False	1.0	ensembl_gene_id	ensembl_gene_id		True	binary	-0.001029	0.3444	-0.1325	0.1186	-0.0003646	0.3443	-0.1312						
k65j5joi	lively-sweep-1730	finished	ElasticNet	ha252ijh	ElasticNet	100.0	RBPSEDataset	200	100	0.5	HepG2	rbpse	mean_squared_error	1024	True	['target_psi']	platiglab	40	['fancy_scatter', 'cumul_resid_dist', ['wandb_faux_pr_curve', {'thresh': 0.5}], ['wandb_faux_roc_curve', {'thresh': 0.5}]]	yogi-RBP-ML-linear-models-april-2025	17.0	train	['r2_score', 'rmse', 'sigmoid_r2']	False	all	False	False	cross_validation	5.0	5	False	1.0	ensembl_gene_id	ensembl_gene_id		True	binary	-0.00045	0.3441	-0.1326	0.1185	-0.0001579	0.3443	-0.1311						
udet83wm	hearty-sweep-1731	finished	ElasticNet	ha252ijh	ElasticNet	100.0	RBPSEDataset	300	100	0.5	HepG2	rbpse	mean_squared_error	1024	True	['target_psi']	platiglab	40	['fancy_scatter', 'cumul_resid_dist', ['wandb_faux_pr_curve', {'thresh': 0.5}], ['wandb_faux_roc_curve', {'thresh': 0.5}]]	yogi-RBP-ML-linear-models-april-2025	17.0	train	['r2_score', 'rmse', 'sigmoid_r2']	False	all	False	False	cross_validation	5.0	5	False	1.0	ensembl_gene_id	ensembl_gene_id		True	binary	-0.0004882	0.3442	-0.1323	0.1185	-0.0001759	0.3443	-0.1312						
nxuttsmx	glad-sweep-1732	finished	ElasticNet	ha252ijh	ElasticNet	100.0	RBPSEDataset	400	100	0.5	HepG2	rbpse	mean_squared_error	1024	True	['target_psi']	platiglab	40	['fancy_scatter', 'cumul_resid_dist', ['wandb_faux_pr_curve', {'thresh': 0.5}], ['wandb_faux_roc_curve', {'thresh': 0.5}]]	yogi-RBP-ML-linear-models-april-2025	17.0	train	['r2_score', 'rmse', 'sigmoid_r2']	False	all	False	False	cross_validation	5.0	5	False	1.0	ensembl_gene_id	ensembl_gene_id		True	binary	-0.0007205	0.3442	-0.1327	0.1186	-0.0002707	0.3443	-0.1312						
rkl9jbpc	snowy-sweep-1733	finished	ElasticNet	ha252ijh	ElasticNet	100.0	RBPSEDataset	500	100	0.5	HepG2	rbpse	mean_squared_error	1024	True	['target_psi']	platiglab	40	['fancy_scatter', 'cumul_resid_dist', ['wandb_faux_pr_curve', {'thresh': 0.5}], ['wandb_faux_roc_curve', {'thresh': 0.5}]]	yogi-RBP-ML-linear-models-april-2025	17.0	train	['r2_score', 'rmse', 'sigmoid_r2']	False	all	False	False	cross_validation	5.0	5	False	1.0	ensembl_gene_id	ensembl_gene_id		True	binary	-0.0001909	0.3443	-0.1313	0.1185	-6.727e-05	0.3443	-0.1312						
6xzpf5wu	mild-sweep-1734	finished	ElasticNet	ha252ijh	ElasticNet	100.0	RBPSEDataset	600	100	0.5	HepG2	rbpse	mean_squared_error	1024	True	['target_psi']	platiglab	40	['fancy_scatter', 'cumul_resid_dist', ['wandb_faux_pr_curve', {'thresh': 0.5}], ['wandb_faux_roc_curve', {'thresh': 0.5}]]	yogi-RBP-ML-linear-models-april-2025	17.0	train	['r2_score', 'rmse', 'sigmoid_r2']	False	all	False	False	cross_validation	5.0	5	False	1.0	ensembl_gene_id	ensembl_gene_id		True	binary	-0.001264	0.3444	-0.1332	0.1186	-0.0004687	0.3444	-0.1313						
r2v25tx0	valiant-sweep-1735	finished	ElasticNet	ha252ijh	ElasticNet	100.0	RBPSEDataset	700	100	0.5	HepG2	rbpse	mean_squared_error	1024	True	['target_psi']	platiglab	40	['fancy_scatter', 'cumul_resid_dist', ['wandb_faux_pr_curve', {'thresh': 0.5}], ['wandb_faux_roc_curve', {'thresh': 0.5}]]	yogi-RBP-ML-linear-models-april-2025	17.0	train	['r2_score', 'rmse', 'sigmoid_r2']	False	all	False	False	cross_validation	5.0	5	False	1.0	ensembl_gene_id	ensembl_gene_id		True	binary	-0.000296	0.3443	-0.1315	0.1185	-0.0001033	0.3443	-0.1312						
vnq9lcpy	vital-sweep-1736	finished	ElasticNet	ha252ijh	ElasticNet	100.0	RBPSEDataset	800	100	0.5	HepG2	rbpse	mean_squared_error	1024	True	['target_psi']	platiglab	40	['fancy_scatter', 'cumul_resid_dist', ['wandb_faux_pr_curve', {'thresh': 0.5}], ['wandb_faux_roc_curve', {'thresh': 0.5}]]	yogi-RBP-ML-linear-models-april-2025	17.0	train	['r2_score', 'rmse', 'sigmoid_r2']	False	all	False	False	cross_validation	5.0	5	False	1.0	ensembl_gene_id	ensembl_gene_id		True	binary	-0.0007777	0.3443	-0.1323	0.1186	-0.0002734	0.3443	-0.1312						
mylowhn9	helpful-sweep-1737	finished	ElasticNet	ha252ijh	ElasticNet	100.0	RBPSEDataset	900	100	0.5	HepG2	rbpse	mean_squared_error	1024	True	['target_psi']	platiglab	40	['fancy_scatter', 'cumul_resid_dist', ['wandb_faux_pr_curve', {'thresh': 0.5}], ['wandb_faux_roc_curve', {'thresh': 0.5}]]	yogi-RBP-ML-linear-models-april-2025	17.0	train	['r2_score', 'rmse', 'sigmoid_r2']	False	all	False	False	cross_validation	5.0	5	False	1.0	ensembl_gene_id	ensembl_gene_id		True	binary	-0.0003239	0.3442	-0.1319	0.1185	-0.0001132	0.3443	-0.1312						
02w5j47v	winter-sweep-1738	finished	ElasticNet	ha252ijh	ElasticNet	100.0	RBPSEDataset	100	100	0.75	HepG2	rbpse	mean_squared_error	1024	True	['target_psi']	platiglab	40	['fancy_scatter', 'cumul_resid_dist', ['wandb_faux_pr_curve', {'thresh': 0.5}], ['wandb_faux_roc_curve', {'thresh': 0.5}]]	yogi-RBP-ML-linear-models-april-2025	17.0	train	['r2_score', 'rmse', 'sigmoid_r2']	False	all	False	False	cross_validation	5.0	5	False	1.0	ensembl_gene_id	ensembl_gene_id		True	binary	-0.001029	0.3444	-0.1325	0.1186	-0.0003646	0.3443	-0.1312						
o4387lmk	easy-sweep-1739	finished	ElasticNet	ha252ijh	ElasticNet	100.0	RBPSEDataset	200	100	0.75	HepG2	rbpse	mean_squared_error	1024	True	['target_psi']	platiglab	40	['fancy_scatter', 'cumul_resid_dist', ['wandb_faux_pr_curve', {'thresh': 0.5}], ['wandb_faux_roc_curve', {'thresh': 0.5}]]	yogi-RBP-ML-linear-models-april-2025	17.0	train	['r2_score', 'rmse', 'sigmoid_r2']	False	all	False	False	cross_validation	5.0	5	False	1.0	ensembl_gene_id	ensembl_gene_id		True	binary	-0.00045	0.3441	-0.1326	0.1185	-0.0001579	0.3443	-0.1311						
8w1mugg8	firm-sweep-1740	finished	ElasticNet	ha252ijh	ElasticNet	100.0	RBPSEDataset	300	100	0.75	HepG2	rbpse	mean_squared_error	1024	True	['target_psi']	platiglab	40	['fancy_scatter', 'cumul_resid_dist', ['wandb_faux_pr_curve', {'thresh': 0.5}], ['wandb_faux_roc_curve', {'thresh': 0.5}]]	yogi-RBP-ML-linear-models-april-2025	17.0	train	['r2_score', 'rmse', 'sigmoid_r2']	False	all	False	False	cross_validation	5.0	5	False	1.0	ensembl_gene_id	ensembl_gene_id		True	binary	-0.0004882	0.3442	-0.1323	0.1185	-0.0001759	0.3443	-0.1312						
cxpt3ck2	apricot-sweep-1743	finished	ElasticNet	ha252ijh	ElasticNet	100.0	RBPSEDataset	600	100	0.75	HepG2	rbpse	mean_squared_error	1024	True	['target_psi']	platiglab	40	['fancy_scatter', 'cumul_resid_dist', ['wandb_faux_pr_curve', {'thresh': 0.5}], ['wandb_faux_roc_curve', {'thresh': 0.5}]]	yogi-RBP-ML-linear-models-april-2025	17.0	train	['r2_score', 'rmse', 'sigmoid_r2']	False	all	False	False	cross_validation	5.0	5	False	1.0	ensembl_gene_id	ensembl_gene_id		True	binary	-0.001264	0.3444	-0.1332	0.1186	-0.0004687	0.3444	-0.1313						
pryqebze	solar-sweep-1741	finished	ElasticNet	ha252ijh	ElasticNet	100.0	RBPSEDataset	400	100	0.75	HepG2	rbpse	mean_squared_error	1024	True	['target_psi']	platiglab	40	['fancy_scatter', 'cumul_resid_dist', ['wandb_faux_pr_curve', {'thresh': 0.5}], ['wandb_faux_roc_curve', {'thresh': 0.5}]]	yogi-RBP-ML-linear-models-april-2025	17.0	train	['r2_score', 'rmse', 'sigmoid_r2']	False	all	False	False	cross_validation	5.0	5	False	1.0	ensembl_gene_id	ensembl_gene_id		True	binary	-0.0007205	0.3442	-0.1327	0.1186	-0.0002707	0.3443	-0.1312						
zbtoxtgp	fallen-sweep-1742	finished	ElasticNet	ha252ijh	ElasticNet	100.0	RBPSEDataset	500	100	0.75	HepG2	rbpse	mean_squared_error	1024	True	['target_psi']	platiglab	40	['fancy_scatter', 'cumul_resid_dist', ['wandb_faux_pr_curve', {'thresh': 0.5}], ['wandb_faux_roc_curve', {'thresh': 0.5}]]	yogi-RBP-ML-linear-models-april-2025	17.0	train	['r2_score', 'rmse', 'sigmoid_r2']	False	all	False	False	cross_validation	5.0	5	False	1.0	ensembl_gene_id	ensembl_gene_id		True	binary	-0.0001909	0.3443	-0.1313	0.1185	-6.727e-05	0.3443	-0.1312						
vlqh8hvo	cerulean-sweep-1744	finished	ElasticNet	ha252ijh	ElasticNet	100.0	RBPSEDataset	700	100	0.75	HepG2	rbpse	mean_squared_error	1024	True	['target_psi']	platiglab	40	['fancy_scatter', 'cumul_resid_dist', ['wandb_faux_pr_curve', {'thresh': 0.5}], ['wandb_faux_roc_curve', {'thresh': 0.5}]]	yogi-RBP-ML-linear-models-april-2025	17.0	train	['r2_score', 'rmse', 'sigmoid_r2']	False	all	False	False	cross_validation	5.0	5	False	1.0	ensembl_gene_id	ensembl_gene_id		True	binary	-0.000296	0.3443	-0.1315	0.1185	-0.0001033	0.3443	-0.1312						
okvdlwe5	iconic-sweep-1746	finished	ElasticNet	ha252ijh	ElasticNet	100.0	RBPSEDataset	900	100	0.75	HepG2	rbpse	mean_squared_error	1024	True	['target_psi']	platiglab	40	['fancy_scatter', 'cumul_resid_dist', ['wandb_faux_pr_curve', {'thresh': 0.5}], ['wandb_faux_roc_curve', {'thresh': 0.5}]]	yogi-RBP-ML-linear-models-april-2025	17.0	train	['r2_score', 'rmse', 'sigmoid_r2']	False	all	False	False	cross_validation	5.0	5	False	1.0	ensembl_gene_id	ensembl_gene_id		True	binary	-0.0003239	0.3442	-0.1319	0.1185	-0.0001132	0.3443	-0.1312						
uohjq6l6	warm-sweep-1745	finished	ElasticNet	ha252ijh	ElasticNet	100.0	RBPSEDataset	800	100	0.75	HepG2	rbpse	mean_squared_error	1024	True	['target_psi']	platiglab	40	['fancy_scatter', 'cumul_resid_dist', ['wandb_faux_pr_curve', {'thresh': 0.5}], ['wandb_faux_roc_curve', {'thresh': 0.5}]]	yogi-RBP-ML-linear-models-april-2025	17.0	train	['r2_score', 'rmse', 'sigmoid_r2']	False	all	False	False	cross_validation	5.0	5	False	1.0	ensembl_gene_id	ensembl_gene_id		True	binary	-0.0007777	0.3443	-0.1323	0.1186	-0.0002734	0.3443	-0.1312						
io3ks0r2	lilac-sweep-1747	finished	ElasticNet	ha252ijh	ElasticNet	100.0	RBPSEDataset	100	100	0.9	HepG2	rbpse	mean_squared_error	1024	True	['target_psi']	platiglab	40	['fancy_scatter', 'cumul_resid_dist', ['wandb_faux_pr_curve', {'thresh': 0.5}], ['wandb_faux_roc_curve', {'thresh': 0.5}]]	yogi-RBP-ML-linear-models-april-2025	17.0	train	['r2_score', 'rmse', 'sigmoid_r2']	False	all	False	False	cross_validation	5.0	5	False	1.0	ensembl_gene_id	ensembl_gene_id		True	binary	-0.001029	0.3444	-0.1325	0.1186	-0.0003646	0.3443	-0.1312						
t7bwgnjd	cerulean-sweep-1748	finished	ElasticNet	ha252ijh	ElasticNet	100.0	RBPSEDataset	200	100	0.9	HepG2	rbpse	mean_squared_error	1024	True	['target_psi']	platiglab	40	['fancy_scatter', 'cumul_resid_dist', ['wandb_faux_pr_curve', {'thresh': 0.5}], ['wandb_faux_roc_curve', {'thresh': 0.5}]]	yogi-RBP-ML-linear-models-april-2025	17.0	train	['r2_score', 'rmse', 'sigmoid_r2']	False	all	False	False	cross_validation	5.0	5	False	1.0	ensembl_gene_id	ensembl_gene_id		True	binary	-0.00045	0.3441	-0.1326	0.1185	-0.0001579	0.3443	-0.1311						
ke1nkojs	silver-sweep-1749	finished	ElasticNet	ha252ijh	ElasticNet	100.0	RBPSEDataset	300	100	0.9	HepG2	rbpse	mean_squared_error	1024	True	['target_psi']	platiglab	40	['fancy_scatter', 'cumul_resid_dist', ['wandb_faux_pr_curve', {'thresh': 0.5}], ['wandb_faux_roc_curve', {'thresh': 0.5}]]	yogi-RBP-ML-linear-models-april-2025	17.0	train	['r2_score', 'rmse', 'sigmoid_r2']	False	all	False	False	cross_validation	5.0	5	False	1.0	ensembl_gene_id	ensembl_gene_id		True	binary	-0.0004882	0.3442	-0.1323	0.1185	-0.0001759	0.3443	-0.1312						
42n97r09	sparkling-sweep-1750	finished	ElasticNet	ha252ijh	ElasticNet	100.0	RBPSEDataset	400	100	0.9	HepG2	rbpse	mean_squared_error	1024	True	['target_psi']	platiglab	40	['fancy_scatter', 'cumul_resid_dist', ['wandb_faux_pr_curve', {'thresh': 0.5}], ['wandb_faux_roc_curve', {'thresh': 0.5}]]	yogi-RBP-ML-linear-models-april-2025	17.0	train	['r2_score', 'rmse', 'sigmoid_r2']	False	all	False	False	cross_validation	5.0	5	False	1.0	ensembl_gene_id	ensembl_gene_id		True	binary	-0.0007205	0.3442	-0.1327	0.1186	-0.0002707	0.3443	-0.1312						
icd93onb	honest-sweep-1751	finished	ElasticNet	ha252ijh	ElasticNet	100.0	RBPSEDataset	500	100	0.9	HepG2	rbpse	mean_squared_error	1024	True	['target_psi']	platiglab	40	['fancy_scatter', 'cumul_resid_dist', ['wandb_faux_pr_curve', {'thresh': 0.5}], ['wandb_faux_roc_curve', {'thresh': 0.5}]]	yogi-RBP-ML-linear-models-april-2025	17.0	train	['r2_score', 'rmse', 'sigmoid_r2']	False	all	False	False	cross_validation	5.0	5	False	1.0	ensembl_gene_id	ensembl_gene_id		True	binary	-0.0001909	0.3443	-0.1313	0.1185	-6.727e-05	0.3443	-0.1312						
xhb3b4p5	pleasant-sweep-1752	finished	ElasticNet	ha252ijh	ElasticNet	100.0	RBPSEDataset	600	100	0.9	HepG2	rbpse	mean_squared_error	1024	True	['target_psi']	platiglab	40	['fancy_scatter', 'cumul_resid_dist', ['wandb_faux_pr_curve', {'thresh': 0.5}], ['wandb_faux_roc_curve', {'thresh': 0.5}]]	yogi-RBP-ML-linear-models-april-2025	17.0	train	['r2_score', 'rmse', 'sigmoid_r2']	False	all	False	False	cross_validation	5.0	5	False	1.0	ensembl_gene_id	ensembl_gene_id		True	binary	-0.001264	0.3444	-0.1332	0.1186	-0.0004687	0.3444	-0.1313						
nnzm9vc0	floral-sweep-1754	finished	ElasticNet	ha252ijh	ElasticNet	100.0	RBPSEDataset	800	100	0.9	HepG2	rbpse	mean_squared_error	1024	True	['target_psi']	platiglab	40	['fancy_scatter', 'cumul_resid_dist', ['wandb_faux_pr_curve', {'thresh': 0.5}], ['wandb_faux_roc_curve', {'thresh': 0.5}]]	yogi-RBP-ML-linear-models-april-2025	17.0	train	['r2_score', 'rmse', 'sigmoid_r2']	False	all	False	False	cross_validation	5.0	5	False	1.0	ensembl_gene_id	ensembl_gene_id		True	binary	-0.0007777	0.3443	-0.1323	0.1186	-0.0002734	0.3443	-0.1312						
xeyltidu	vivid-sweep-1753	finished	ElasticNet	ha252ijh	ElasticNet	100.0	RBPSEDataset	700	100	0.9	HepG2	rbpse	mean_squared_error	1024	True	['target_psi']	platiglab	40	['fancy_scatter', 'cumul_resid_dist', ['wandb_faux_pr_curve', {'thresh': 0.5}], ['wandb_faux_roc_curve', {'thresh': 0.5}]]	yogi-RBP-ML-linear-models-april-2025	17.0	train	['r2_score', 'rmse', 'sigmoid_r2']	False	all	False	False	cross_validation	5.0	5	False	1.0	ensembl_gene_id	ensembl_gene_id		True	binary	-0.000296	0.3443	-0.1315	0.1185	-0.0001033	0.3443	-0.1312						
870wc9fn	still-sweep-1755	finished	ElasticNet	ha252ijh	ElasticNet	100.0	RBPSEDataset	900	100	0.9	HepG2	rbpse	mean_squared_error	1024	True	['target_psi']	platiglab	40	['fancy_scatter', 'cumul_resid_dist', ['wandb_faux_pr_curve', {'thresh': 0.5}], ['wandb_faux_roc_curve', {'thresh': 0.5}]]	yogi-RBP-ML-linear-models-april-2025	17.0	train	['r2_score', 'rmse', 'sigmoid_r2']	False	all	False	False	cross_validation	5.0	5	False	1.0	ensembl_gene_id	ensembl_gene_id		True	binary	-0.0003239	0.3442	-0.1319	0.1185	-0.0001132	0.3443	-0.1312						
1x7nojn2	northern-sweep-1756	finished	ElasticNet	ha252ijh	ElasticNet	100.0	RBPSEDataset	100	100	1.0	HepG2	rbpse	mean_squared_error	1024	True	['target_psi']	platiglab	40	['fancy_scatter', 'cumul_resid_dist', ['wandb_faux_pr_curve', {'thresh': 0.5}], ['wandb_faux_roc_curve', {'thresh': 0.5}]]	yogi-RBP-ML-linear-models-april-2025	17.0	train	['r2_score', 'rmse', 'sigmoid_r2']	False	all	False	False	cross_validation	5.0	5	False	1.0	ensembl_gene_id	ensembl_gene_id		True	binary	-0.001029	0.3444	-0.1325	0.1186	-0.0003646	0.3443	-0.1312						
mcz94o91	lunar-sweep-1757	finished	ElasticNet	ha252ijh	ElasticNet	100.0	RBPSEDataset	200	100	1.0	HepG2	rbpse	mean_squared_error	1024	True	['target_psi']	platiglab	40	['fancy_scatter', 'cumul_resid_dist', ['wandb_faux_pr_curve', {'thresh': 0.5}], ['wandb_faux_roc_curve', {'thresh': 0.5}]]	yogi-RBP-ML-linear-models-april-2025	17.0	train	['r2_score', 'rmse', 'sigmoid_r2']	False	all	False	False	cross_validation	5.0	5	False	1.0	ensembl_gene_id	ensembl_gene_id		True	binary	-0.00045	0.3441	-0.1326	0.1185	-0.0001579	0.3443	-0.1311						
y8tvmxku	lyric-sweep-1758	finished	ElasticNet	ha252ijh	ElasticNet	100.0	RBPSEDataset	300	100	1.0	HepG2	rbpse	mean_squared_error	1024	True	['target_psi']	platiglab	40	['fancy_scatter', 'cumul_resid_dist', ['wandb_faux_pr_curve', {'thresh': 0.5}], ['wandb_faux_roc_curve', {'thresh': 0.5}]]	yogi-RBP-ML-linear-models-april-2025	17.0	train	['r2_score', 'rmse', 'sigmoid_r2']	False	all	False	False	cross_validation	5.0	5	False	1.0	ensembl_gene_id	ensembl_gene_id		True	binary	-0.0004882	0.3442	-0.1323	0.1185	-0.0001759	0.3443	-0.1312						
xxk7gjwt	feasible-sweep-1759	finished	ElasticNet	ha252ijh	ElasticNet	100.0	RBPSEDataset	400	100	1.0	HepG2	rbpse	mean_squared_error	1024	True	['target_psi']	platiglab	40	['fancy_scatter', 'cumul_resid_dist', ['wandb_faux_pr_curve', {'thresh': 0.5}], ['wandb_faux_roc_curve', {'thresh': 0.5}]]	yogi-RBP-ML-linear-models-april-2025	17.0	train	['r2_score', 'rmse', 'sigmoid_r2']	False	all	False	False	cross_validation	5.0	5	False	1.0	ensembl_gene_id	ensembl_gene_id		True	binary	-0.0007205	0.3442	-0.1327	0.1186	-0.0002707	0.3443	-0.1312						
few1zquk	resilient-sweep-1760	finished	ElasticNet	ha252ijh	ElasticNet	100.0	RBPSEDataset	500	100	1.0	HepG2	rbpse	mean_squared_error	1024	True	['target_psi']	platiglab	40	['fancy_scatter', 'cumul_resid_dist', ['wandb_faux_pr_curve', {'thresh': 0.5}], ['wandb_faux_roc_curve', {'thresh': 0.5}]]	yogi-RBP-ML-linear-models-april-2025	17.0	train	['r2_score', 'rmse', 'sigmoid_r2']	False	all	False	False	cross_validation	5.0	5	False	1.0	ensembl_gene_id	ensembl_gene_id		True	binary	-0.0001909	0.3443	-0.1313	0.1185	-6.727e-05	0.3443	-0.1312						
y7gnzeky	flowing-sweep-1761	finished	ElasticNet	ha252ijh	ElasticNet	100.0	RBPSEDataset	600	100	1.0	HepG2	rbpse	mean_squared_error	1024	True	['target_psi']	platiglab	40	['fancy_scatter', 'cumul_resid_dist', ['wandb_faux_pr_curve', {'thresh': 0.5}], ['wandb_faux_roc_curve', {'thresh': 0.5}]]	yogi-RBP-ML-linear-models-april-2025	17.0	train	['r2_score', 'rmse', 'sigmoid_r2']	False	all	False	False	cross_validation	5.0	5	False	1.0	ensembl_gene_id	ensembl_gene_id		True	binary	-0.001264	0.3444	-0.1332	0.1186	-0.0004687	0.3444	-0.1313						
fkakb6zs	pious-sweep-1762	finished	ElasticNet	ha252ijh	ElasticNet	100.0	RBPSEDataset	700	100	1.0	HepG2	rbpse	mean_squared_error	1024	True	['target_psi']	platiglab	40	['fancy_scatter', 'cumul_resid_dist', ['wandb_faux_pr_curve', {'thresh': 0.5}], ['wandb_faux_roc_curve', {'thresh': 0.5}]]	yogi-RBP-ML-linear-models-april-2025	17.0	train	['r2_score', 'rmse', 'sigmoid_r2']	False	all	False	False	cross_validation	5.0	5	False	1.0	ensembl_gene_id	ensembl_gene_id		True	binary	-0.000296	0.3443	-0.1315	0.1185	-0.0001033	0.3443	-0.1312						
vym8mqr2	expert-sweep-1763	finished	ElasticNet	ha252ijh	ElasticNet	100.0	RBPSEDataset	800	100	1.0	HepG2	rbpse	mean_squared_error	1024	True	['target_psi']	platiglab	40	['fancy_scatter', 'cumul_resid_dist', ['wandb_faux_pr_curve', {'thresh': 0.5}], ['wandb_faux_roc_curve', {'thresh': 0.5}]]	yogi-RBP-ML-linear-models-april-2025	17.0	train	['r2_score', 'rmse', 'sigmoid_r2']	False	all	False	False	cross_validation	5.0	5	False	1.0	ensembl_gene_id	ensembl_gene_id		True	binary	-0.0007777	0.3443	-0.1323	0.1186	-0.0002734	0.3443	-0.1312						
cba7p0ut	classic-sweep-1764	finished	ElasticNet	ha252ijh	ElasticNet	100.0	RBPSEDataset	900	100	1.0	HepG2	rbpse	mean_squared_error	1024	True	['target_psi']	platiglab	40	['fancy_scatter', 'cumul_resid_dist', ['wandb_faux_pr_curve', {'thresh': 0.5}], ['wandb_faux_roc_curve', {'thresh': 0.5}]]	yogi-RBP-ML-linear-models-april-2025	17.0	train	['r2_score', 'rmse', 'sigmoid_r2']	False	all	False	False	cross_validation	5.0	5	False	1.0	ensembl_gene_id	ensembl_gene_id		True	binary	-0.0003239	0.3442	-0.1319	0.1185	-0.0001132	0.3443	-0.1312						
aculj22n	floral-sweep-1686	finished	ElasticNet	ha252ijh	ElasticNet	11.93776641714438	RBPSEDataset	900	100	0.1	K562	rbpse	mean_squared_error	1024	True	['target_psi']	platiglab	40	['fancy_scatter', 'cumul_resid_dist', ['wandb_faux_pr_curve', {'thresh': 0.5}], ['wandb_faux_roc_curve', {'thresh': 0.5}]]	yogi-RBP-ML-linear-models-april-2025	17.0	train	['r2_score', 'rmse', 'sigmoid_r2']	False	all	False	False	cross_validation	5.0	5	False	1.0	ensembl_gene_id	ensembl_gene_id		True	binary	-0.0003228	0.3339	-0.1612	0.1116	-0.0001181	0.334	-0.1602						
mmnpv3er	charmed-sweep-1687	finished	ElasticNet	ha252ijh	ElasticNet	11.93776641714438	RBPSEDataset	700	100	0.25	K562	rbpse	mean_squared_error	1024	True	['target_psi']	platiglab	40	['fancy_scatter', 'cumul_resid_dist', ['wandb_faux_pr_curve', {'thresh': 0.5}], ['wandb_faux_roc_curve', {'thresh': 0.5}]]	yogi-RBP-ML-linear-models-april-2025	17.0	train	['r2_score', 'rmse', 'sigmoid_r2']	False	all	False	False	cross_validation	5.0	5	False	1.0	ensembl_gene_id	ensembl_gene_id		True	binary	-0.0005921	0.334	-0.1614	0.1116	-0.0002029	0.334	-0.1602						
94j3kqi8	dulcet-sweep-1693	finished	ElasticNet	ha252ijh	ElasticNet	34.55107294592218	RBPSEDataset	100	100	0.75	K562	rbpse	mean_squared_error	1024	True	['target_psi']	platiglab	40	['fancy_scatter', 'cumul_resid_dist', ['wandb_faux_pr_curve', {'thresh': 0.5}], ['wandb_faux_roc_curve', {'thresh': 0.5}]]	yogi-RBP-ML-linear-models-april-2025	17.0	train	['r2_score', 'rmse', 'sigmoid_r2']	False	all	False	False	cross_validation	5.0	5	False	1.0	ensembl_gene_id	ensembl_gene_id		True	binary	-0.000133	0.3341	-0.1604	0.1116	-4.734e-05	0.334	-0.1602						
kj6o4qje	sweepy-sweep-1692	finished	ElasticNet	ha252ijh	ElasticNet	34.55107294592218	RBPSEDataset	600	100	0.5	K562	rbpse	mean_squared_error	1024	True	['target_psi']	platiglab	40	['fancy_scatter', 'cumul_resid_dist', ['wandb_faux_pr_curve', {'thresh': 0.5}], ['wandb_faux_roc_curve', {'thresh': 0.5}]]	yogi-RBP-ML-linear-models-april-2025	17.0	train	['r2_score', 'rmse', 'sigmoid_r2']	False	all	False	False	cross_validation	5.0	5	False	1.0	ensembl_gene_id	ensembl_gene_id		True	binary	-0.0005609	0.334	-0.1614	0.1116	-0.0002066	0.334	-0.1602						
tk5neg1g	major-sweep-1691	finished	ElasticNet	ha252ijh	ElasticNet	34.55107294592218	RBPSEDataset	300	100	0.25	K562	rbpse	mean_squared_error	1024	True	['target_psi']	platiglab	40	['fancy_scatter', 'cumul_resid_dist', ['wandb_faux_pr_curve', {'thresh': 0.5}], ['wandb_faux_roc_curve', {'thresh': 0.5}]]	yogi-RBP-ML-linear-models-april-2025	17.0	train	['r2_score', 'rmse', 'sigmoid_r2']	False	all	False	False	cross_validation	5.0	5	False	1.0	ensembl_gene_id	ensembl_gene_id		True	binary	-0.0002734	0.334	-0.1607	0.1116	-9.836e-05	0.334	-0.1602						
6z4tifbw	daily-sweep-1698	finished	ElasticNet	ha252ijh	ElasticNet	100.0	RBPSEDataset	600	100	0.1	K562	rbpse	mean_squared_error	1024	True	['target_psi']	platiglab	40	['fancy_scatter', 'cumul_resid_dist', ['wandb_faux_pr_curve', {'thresh': 0.5}], ['wandb_faux_roc_curve', {'thresh': 0.5}]]	yogi-RBP-ML-linear-models-april-2025	17.0	train	['r2_score', 'rmse', 'sigmoid_r2']	False	all	False	False	cross_validation	5.0	5	False	1.0	ensembl_gene_id	ensembl_gene_id		True	binary	-0.0005609	0.334	-0.1614	0.1116	-0.0002066	0.334	-0.1602						
q82q3ss4	usual-sweep-1699	finished	ElasticNet	ha252ijh	ElasticNet	100.0	RBPSEDataset	800	100	0.9	K562	rbpse	mean_squared_error	1024	True	['target_psi']	platiglab	40	['fancy_scatter', 'cumul_resid_dist', ['wandb_faux_pr_curve', {'thresh': 0.5}], ['wandb_faux_roc_curve', {'thresh': 0.5}]]	yogi-RBP-ML-linear-models-april-2025	17.0	train	['r2_score', 'rmse', 'sigmoid_r2']	False	all	False	False	cross_validation	5.0	5	False	1.0	ensembl_gene_id	ensembl_gene_id		True	binary	-0.0005625	0.3341	-0.1611	0.1116	-0.0001981	0.334	-0.1602						
l9nl3tla	iconic-sweep-1705	finished	ElasticNet	ha252ijh	ElasticNet	0.0002894266124716752	RBPSEDataset	300	100	0.1	HepG2	rbpse	mean_squared_error	1024	True	['target_psi']	platiglab	40	['fancy_scatter', 'cumul_resid_dist', ['wandb_faux_pr_curve', {'thresh': 0.5}], ['wandb_faux_roc_curve', {'thresh': 0.5}]]	yogi-RBP-ML-linear-models-april-2025	17.0	train	['r2_score', 'rmse', 'sigmoid_r2']	False	all	False	False	cross_validation	5.0	5	False	1.0	ensembl_gene_id	ensembl_gene_id		True	binary	0.1888	0.31	-0.05758	0.09612	0.1891	0.31	-0.05648						
1vh4q65o	floral-sweep-1707	finished	ElasticNet	ha252ijh	ElasticNet	0.0002894266124716752	RBPSEDataset	400	100	0.25	HepG2	rbpse	mean_squared_error	1024	True	['target_psi']	platiglab	40	['fancy_scatter', 'cumul_resid_dist', ['wandb_faux_pr_curve', {'thresh': 0.5}], ['wandb_faux_roc_curve', {'thresh': 0.5}]]	yogi-RBP-ML-linear-models-april-2025	17.0	train	['r2_score', 'rmse', 'sigmoid_r2']	False	all	False	False	cross_validation	5.0	5	False	1.0	ensembl_gene_id	ensembl_gene_id		True	binary	0.192	0.3092	-0.05875	0.09567	0.1929	0.3093	-0.05731						
wfnu93fc	dry-sweep-1706	finished	ElasticNet	ha252ijh	ElasticNet	0.0002894266124716752	RBPSEDataset	800	100	0.1	HepG2	rbpse	mean_squared_error	1024	True	['target_psi']	platiglab	40	['fancy_scatter', 'cumul_resid_dist', ['wandb_faux_pr_curve', {'thresh': 0.5}], ['wandb_faux_roc_curve', {'thresh': 0.5}]]	yogi-RBP-ML-linear-models-april-2025	17.0	train	['r2_score', 'rmse', 'sigmoid_r2']	False	all	False	False	cross_validation	5.0	5	False	1.0	ensembl_gene_id	ensembl_gene_id		True	binary	0.189	0.3099	-0.05723	0.09602	0.1898	0.3099	-0.05615						
3yw2f94q	charmed-sweep-1708	finished	ElasticNet	ha252ijh	ElasticNet	0.0002894266124716752	RBPSEDataset	200	100	0.5	HepG2	rbpse	mean_squared_error	1024	True	['target_psi']	platiglab	40	['fancy_scatter', 'cumul_resid_dist', ['wandb_faux_pr_curve', {'thresh': 0.5}], ['wandb_faux_roc_curve', {'thresh': 0.5}]]	yogi-RBP-ML-linear-models-april-2025	17.0	train	['r2_score', 'rmse', 'sigmoid_r2']	False	all	False	False	cross_validation	5.0	5	False	1.0	ensembl_gene_id	ensembl_gene_id		True	binary	0.1905	0.3095	-0.06104	0.09585	0.1913	0.3096	-0.05943						
esuj8ku4	crimson-sweep-1709	finished	ElasticNet	ha252ijh	ElasticNet	0.0002894266124716752	RBPSEDataset	800	100	0.75	HepG2	rbpse	mean_squared_error	1024	True	['target_psi']	platiglab	40	['fancy_scatter', 'cumul_resid_dist', ['wandb_faux_pr_curve', {'thresh': 0.5}], ['wandb_faux_roc_curve', {'thresh': 0.5}]]	yogi-RBP-ML-linear-models-april-2025	17.0	train	['r2_score', 'rmse', 'sigmoid_r2']	False	all	False	False	cross_validation	5.0	5	False	1.0	ensembl_gene_id	ensembl_gene_id		True	binary	0.1882	0.3101	-0.06243	0.09613	0.189	0.31	-0.06133						
re31sgq8	comfy-sweep-1713	finished	ElasticNet	ha252ijh	ElasticNet	0.0008376776400682924	RBPSEDataset	200	100	0.25	HepG2	rbpse	mean_squared_error	1024	True	['target_psi']	platiglab	40	['fancy_scatter', 'cumul_resid_dist', ['wandb_faux_pr_curve', {'thresh': 0.5}], ['wandb_faux_roc_curve', {'thresh': 0.5}]]	yogi-RBP-ML-linear-models-april-2025	17.0	train	['r2_score', 'rmse', 'sigmoid_r2']	False	all	False	False	cross_validation	5.0	5	False	1.0	ensembl_gene_id	ensembl_gene_id		True	binary	0.1871	0.3101	-0.06391	0.09626	0.1879	0.3103	-0.06231						
rpmyiuzx	dainty-sweep-1714	finished	ElasticNet	ha252ijh	ElasticNet	0.0008376776400682924	RBPSEDataset	700	100	0.9	HepG2	rbpse	mean_squared_error	1024	True	['target_psi']	platiglab	40	['fancy_scatter', 'cumul_resid_dist', ['wandb_faux_pr_curve', {'thresh': 0.5}], ['wandb_faux_roc_curve', {'thresh': 0.5}]]	yogi-RBP-ML-linear-models-april-2025	17.0	train	['r2_score', 'rmse', 'sigmoid_r2']	False	all	False	False	cross_validation	5.0	5	False	1.0	ensembl_gene_id	ensembl_gene_id		True	binary	0.1736	0.313	-0.07137	0.09791	0.1739	0.3129	-0.07096						
s8yd7oai	eager-sweep-1717	finished	ElasticNet	ha252ijh	ElasticNet	0.002424462017082328	RBPSEDataset	200	100	0.5	HepG2	rbpse	mean_squared_error	1024	True	['target_psi']	platiglab	40	['fancy_scatter', 'cumul_resid_dist', ['wandb_faux_pr_curve', {'thresh': 0.5}], ['wandb_faux_roc_curve', {'thresh': 0.5}]]	yogi-RBP-ML-linear-models-april-2025	17.0	train	['r2_score', 'rmse', 'sigmoid_r2']	False	all	False	False	cross_validation	5.0	5	False	1.0	ensembl_gene_id	ensembl_gene_id		True	binary	0.1637	0.3146	-0.07835	0.09903	0.1645	0.3147	-0.07675						
sx3tycln	fragrant-sweep-1716	finished	ElasticNet	ha252ijh	ElasticNet	0.002424462017082328	RBPSEDataset	300	100	0.25	HepG2	rbpse	mean_squared_error	1024	True	['target_psi']	platiglab	40	['fancy_scatter', 'cumul_resid_dist', ['wandb_faux_pr_curve', {'thresh': 0.5}], ['wandb_faux_roc_curve', {'thresh': 0.5}]]	yogi-RBP-ML-linear-models-april-2025	17.0	train	['r2_score', 'rmse', 'sigmoid_r2']	False	all	False	False	cross_validation	5.0	5	False	1.0	ensembl_gene_id	ensembl_gene_id		True	binary	0.1753	0.3126	-0.07173	0.09772	0.1755	0.3126	-0.07062						
flu20nuc	clean-sweep-1718	finished	ElasticNet	ha252ijh	ElasticNet	0.002424462017082328	RBPSEDataset	400	100	1.0	HepG2	rbpse	mean_squared_error	1024	True	['target_psi']	platiglab	40	['fancy_scatter', 'cumul_resid_dist', ['wandb_faux_pr_curve', {'thresh': 0.5}], ['wandb_faux_roc_curve', {'thresh': 0.5}]]	yogi-RBP-ML-linear-models-april-2025	17.0	train	['r2_score', 'rmse', 'sigmoid_r2']	False	all	False	False	cross_validation	5.0	5	False	1.0	ensembl_gene_id	ensembl_gene_id		True	binary	0.1421	0.3187	-0.08806	0.1016	0.1427	0.3188	-0.08659						
l2cqxoon	lyric-sweep-1723	finished	ElasticNet	ha252ijh	ElasticNet	0.00701703828670383	RBPSEDataset	500	100	0.5	HepG2	rbpse	mean_squared_error	1024	True	['target_psi']	platiglab	40	['fancy_scatter', 'cumul_resid_dist', ['wandb_faux_pr_curve', {'thresh': 0.5}], ['wandb_faux_roc_curve', {'thresh': 0.5}]]	yogi-RBP-ML-linear-models-april-2025	17.0	train	['r2_score', 'rmse', 'sigmoid_r2']	False	all	False	False	cross_validation	5.0	5	False	1.0	ensembl_gene_id	ensembl_gene_id		True	binary	0.1188	0.3232	-0.09578	0.1044	0.119	0.3231	-0.0956						
dpxvuu3s	worthy-sweep-1732	finished	ElasticNet	ha252ijh	ElasticNet	0.020309176209047368	RBPSEDataset	300	100	0.5	HepG2	rbpse	mean_squared_error	1024	True	['target_psi']	platiglab	40	['fancy_scatter', 'cumul_resid_dist', ['wandb_faux_pr_curve', {'thresh': 0.5}], ['wandb_faux_roc_curve', {'thresh': 0.5}]]	yogi-RBP-ML-linear-models-april-2025	17.0	train	['r2_score', 'rmse', 'sigmoid_r2']	False	all	False	False	cross_validation	5.0	5	False	1.0	ensembl_gene_id	ensembl_gene_id		True	binary	0.05638	0.3343	-0.1177	0.1118	0.05669	0.3344	-0.1165						
phdbqtwu	giddy-sweep-1730	finished	ElasticNet	ha252ijh	ElasticNet	0.020309176209047368	RBPSEDataset	800	100	0.1	HepG2	rbpse	mean_squared_error	1024	True	['target_psi']	platiglab	40	['fancy_scatter', 'cumul_resid_dist', ['wandb_faux_pr_curve', {'thresh': 0.5}], ['wandb_faux_roc_curve', {'thresh': 0.5}]]	yogi-RBP-ML-linear-models-april-2025	17.0	train	['r2_score', 'rmse', 'sigmoid_r2']	False	all	False	False	cross_validation	5.0	5	False	1.0	ensembl_gene_id	ensembl_gene_id		True	binary	0.136	0.3199	-0.0917	0.1023	0.1366	0.3199	-0.09059						
pvgvm33o	whole-sweep-1731	finished	ElasticNet	ha252ijh	ElasticNet	0.020309176209047368	RBPSEDataset	200	100	0.25	HepG2	rbpse	mean_squared_error	1024	True	['target_psi']	platiglab	40	['fancy_scatter', 'cumul_resid_dist', ['wandb_faux_pr_curve', {'thresh': 0.5}], ['wandb_faux_roc_curve', {'thresh': 0.5}]]	yogi-RBP-ML-linear-models-april-2025	17.0	train	['r2_score', 'rmse', 'sigmoid_r2']	False	all	False	False	cross_validation	5.0	5	False	1.0	ensembl_gene_id	ensembl_gene_id		True	binary	0.09214	0.3278	-0.1067	0.1075	0.09277	0.3279	-0.1051						
tkwzuuhx	solar-sweep-1733	finished	ElasticNet	ha252ijh	ElasticNet	0.020309176209047368	RBPSEDataset	500	100	0.5	HepG2	rbpse	mean_squared_error	1024	True	['target_psi']	platiglab	40	['fancy_scatter', 'cumul_resid_dist', ['wandb_faux_pr_curve', {'thresh': 0.5}], ['wandb_faux_roc_curve', {'thresh': 0.5}]]	yogi-RBP-ML-linear-models-april-2025	17.0	train	['r2_score', 'rmse', 'sigmoid_r2']	False	all	False	False	cross_validation	5.0	5	False	1.0	ensembl_gene_id	ensembl_gene_id		True	binary	0.05681	0.3344	-0.1167	0.1118	0.05694	0.3343	-0.1165						
n2l1cn8k	dry-sweep-1734	finished	ElasticNet	ha252ijh	ElasticNet	0.020309176209047368	RBPSEDataset	600	100	0.5	HepG2	rbpse	mean_squared_error	1024	True	['target_psi']	platiglab	40	['fancy_scatter', 'cumul_resid_dist', ['wandb_faux_pr_curve', {'thresh': 0.5}], ['wandb_faux_roc_curve', {'thresh': 0.5}]]	yogi-RBP-ML-linear-models-april-2025	17.0	train	['r2_score', 'rmse', 'sigmoid_r2']	False	all	False	False	cross_validation	5.0	5	False	1.0	ensembl_gene_id	ensembl_gene_id		True	binary	0.05576	0.3344	-0.1185	0.1118	0.05647	0.3344	-0.1166						
pstgmi2j	kind-sweep-1735	finished	ElasticNet	ha252ijh	ElasticNet	0.020309176209047368	RBPSEDataset	200	100	0.9	HepG2	rbpse	mean_squared_error	1024	True	['target_psi']	platiglab	40	['fancy_scatter', 'cumul_resid_dist', ['wandb_faux_pr_curve', {'thresh': 0.5}], ['wandb_faux_roc_curve', {'thresh': 0.5}]]	yogi-RBP-ML-linear-models-april-2025	17.0	train	['r2_score', 'rmse', 'sigmoid_r2']	False	all	False	False	cross_validation	5.0	5	False	1.0	ensembl_gene_id	ensembl_gene_id		True	binary	0.01704	0.3411	-0.1286	0.1165	0.01725	0.3413	-0.1272						
0yksfbxi	divine-sweep-1740	finished	ElasticNet	ha252ijh	ElasticNet	0.058780160722749115	RBPSEDataset	200	100	0.25	HepG2	rbpse	mean_squared_error	1024	True	['target_psi']	platiglab	40	['fancy_scatter', 'cumul_resid_dist', ['wandb_faux_pr_curve', {'thresh': 0.5}], ['wandb_faux_roc_curve', {'thresh': 0.5}]]	yogi-RBP-ML-linear-models-april-2025	17.0	train	['r2_score', 'rmse', 'sigmoid_r2']	False	all	False	False	cross_validation	5.0	5	False	1.0	ensembl_gene_id	ensembl_gene_id		True	binary	0.02633	0.3394	-0.1264	0.1154	0.02663	0.3397	-0.1249						
b5b2d4lu	dainty-sweep-1739	finished	ElasticNet	ha252ijh	ElasticNet	0.058780160722749115	RBPSEDataset	100	100	0.25	HepG2	rbpse	mean_squared_error	1024	True	['target_psi']	platiglab	40	['fancy_scatter', 'cumul_resid_dist', ['wandb_faux_pr_curve', {'thresh': 0.5}], ['wandb_faux_roc_curve', {'thresh': 0.5}]]	yogi-RBP-ML-linear-models-april-2025	17.0	train	['r2_score', 'rmse', 'sigmoid_r2']	False	all	False	False	cross_validation	5.0	5	False	1.0	ensembl_gene_id	ensembl_gene_id		True	binary	0.02593	0.3398	-0.1262	0.1154	0.02657	0.3397	-0.1249						
0ogtckgy	glad-sweep-1741	finished	ElasticNet	ha252ijh	ElasticNet	0.058780160722749115	RBPSEDataset	600	100	0.75	HepG2	rbpse	mean_squared_error	1024	True	['target_psi']	platiglab	40	['fancy_scatter', 'cumul_resid_dist', ['wandb_faux_pr_curve', {'thresh': 0.5}], ['wandb_faux_roc_curve', {'thresh': 0.5}]]	yogi-RBP-ML-linear-models-april-2025	17.0	train	['r2_score', 'rmse', 'sigmoid_r2']	False	all	False	False	cross_validation	5.0	5	False	1.0	ensembl_gene_id	ensembl_gene_id		True	binary	-0.001264	0.3444	-0.1332	0.1186	-0.0004687	0.3444	-0.1313						
zth4o9xk	floral-sweep-1742	finished	ElasticNet	ha252ijh	ElasticNet	0.058780160722749115	RBPSEDataset	500	100	1.0	HepG2	rbpse	mean_squared_error	1024	True	['target_psi']	platiglab	40	['fancy_scatter', 'cumul_resid_dist', ['wandb_faux_pr_curve', {'thresh': 0.5}], ['wandb_faux_roc_curve', {'thresh': 0.5}]]	yogi-RBP-ML-linear-models-april-2025	17.0	train	['r2_score', 'rmse', 'sigmoid_r2']	False	all	False	False	cross_validation	5.0	5	False	1.0	ensembl_gene_id	ensembl_gene_id		True	binary	-0.0001909	0.3443	-0.1313	0.1185	-6.727e-05	0.3443	-0.1312						
6oq8qs5f	crisp-sweep-1746	finished	ElasticNet	ha252ijh	ElasticNet	0.17012542798525893	RBPSEDataset	200	100	0.1	HepG2	rbpse	mean_squared_error	1024	True	['target_psi']	platiglab	40	['fancy_scatter', 'cumul_resid_dist', ['wandb_faux_pr_curve', {'thresh': 0.5}], ['wandb_faux_roc_curve', {'thresh': 0.5}]]	yogi-RBP-ML-linear-models-april-2025	17.0	train	['r2_score', 'rmse', 'sigmoid_r2']	False	all	False	False	cross_validation	5.0	5	False	1.0	ensembl_gene_id	ensembl_gene_id		True	binary	0.01135	0.342	-0.13	0.1172	0.01161	0.3423	-0.1285						
n4l3ra1s	glowing-sweep-1747	finished	ElasticNet	ha252ijh	ElasticNet	0.17012542798525893	RBPSEDataset	400	100	0.1	HepG2	rbpse	mean_squared_error	1024	True	['target_psi']	platiglab	40	['fancy_scatter', 'cumul_resid_dist', ['wandb_faux_pr_curve', {'thresh': 0.5}], ['wandb_faux_roc_curve', {'thresh': 0.5}]]	yogi-RBP-ML-linear-models-april-2025	17.0	train	['r2_score', 'rmse', 'sigmoid_r2']	False	all	False	False	cross_validation	5.0	5	False	1.0	ensembl_gene_id	ensembl_gene_id		True	binary	0.01117	0.3422	-0.1301	0.1172	0.01158	0.3423	-0.1286						
qs525gdr	smooth-sweep-1748	finished	ElasticNet	ha252ijh	ElasticNet	0.17012542798525893	RBPSEDataset	100	100	0.25	HepG2	rbpse	mean_squared_error	1024	True	['target_psi']	platiglab	40	['fancy_scatter', 'cumul_resid_dist', ['wandb_faux_pr_curve', {'thresh': 0.5}], ['wandb_faux_roc_curve', {'thresh': 0.5}]]	yogi-RBP-ML-linear-models-april-2025	17.0	train	['r2_score', 'rmse', 'sigmoid_r2']	False	all	False	False	cross_validation	5.0	5	False	1.0	ensembl_gene_id	ensembl_gene_id		True	binary	-0.001029	0.3444	-0.1325	0.1186	-0.0003646	0.3443	-0.1312						
g1df0qpt	hardy-sweep-1749	finished	ElasticNet	ha252ijh	ElasticNet	0.17012542798525893	RBPSEDataset	300	100	0.25	HepG2	rbpse	mean_squared_error	1024	True	['target_psi']	platiglab	40	['fancy_scatter', 'cumul_resid_dist', ['wandb_faux_pr_curve', {'thresh': 0.5}], ['wandb_faux_roc_curve', {'thresh': 0.5}]]	yogi-RBP-ML-linear-models-april-2025	17.0	train	['r2_score', 'rmse', 'sigmoid_r2']	False	all	False	False	cross_validation	5.0	5	False	1.0	ensembl_gene_id	ensembl_gene_id		True	binary	-0.0004882	0.3442	-0.1323	0.1185	-0.0001759	0.3443	-0.1312						
w47h1mvz	unique-sweep-1750	finished	ElasticNet	ha252ijh	ElasticNet	0.17012542798525893	RBPSEDataset	800	100	0.25	HepG2	rbpse	mean_squared_error	1024	True	['target_psi']	platiglab	40	['fancy_scatter', 'cumul_resid_dist', ['wandb_faux_pr_curve', {'thresh': 0.5}], ['wandb_faux_roc_curve', {'thresh': 0.5}]]	yogi-RBP-ML-linear-models-april-2025	17.0	train	['r2_score', 'rmse', 'sigmoid_r2']	False	all	False	False	cross_validation	5.0	5	False	1.0	ensembl_gene_id	ensembl_gene_id		True	binary	-0.0007777	0.3443	-0.1323	0.1186	-0.0002734	0.3443	-0.1312						
vslsob8w	sweet-sweep-1751	finished	ElasticNet	ha252ijh	ElasticNet	0.17012542798525893	RBPSEDataset	700	100	0.5	HepG2	rbpse	mean_squared_error	1024	True	['target_psi']	platiglab	40	['fancy_scatter', 'cumul_resid_dist', ['wandb_faux_pr_curve', {'thresh': 0.5}], ['wandb_faux_roc_curve', {'thresh': 0.5}]]	yogi-RBP-ML-linear-models-april-2025	17.0	train	['r2_score', 'rmse', 'sigmoid_r2']	False	all	False	False	cross_validation	5.0	5	False	1.0	ensembl_gene_id	ensembl_gene_id		True	binary	-0.000296	0.3443	-0.1315	0.1185	-0.0001033	0.3443	-0.1312						
x5sib8kq	ruby-sweep-1752	finished	ElasticNet	ha252ijh	ElasticNet	0.17012542798525893	RBPSEDataset	200	100	0.75	HepG2	rbpse	mean_squared_error	1024	True	['target_psi']	platiglab	40	['fancy_scatter', 'cumul_resid_dist', ['wandb_faux_pr_curve', {'thresh': 0.5}], ['wandb_faux_roc_curve', {'thresh': 0.5}]]	yogi-RBP-ML-linear-models-april-2025	17.0	train	['r2_score', 'rmse', 'sigmoid_r2']	False	all	False	False	cross_validation	5.0	5	False	1.0	ensembl_gene_id	ensembl_gene_id		True	binary	-0.00045	0.3441	-0.1326	0.1185	-0.0001579	0.3443	-0.1311						
cghojfpb	royal-sweep-1753	finished	ElasticNet	ha252ijh	ElasticNet	0.17012542798525893	RBPSEDataset	700	100	0.75	HepG2	rbpse	mean_squared_error	1024	True	['target_psi']	platiglab	40	['fancy_scatter', 'cumul_resid_dist', ['wandb_faux_pr_curve', {'thresh': 0.5}], ['wandb_faux_roc_curve', {'thresh': 0.5}]]	yogi-RBP-ML-linear-models-april-2025	17.0	train	['r2_score', 'rmse', 'sigmoid_r2']	False	all	False	False	cross_validation	5.0	5	False	1.0	ensembl_gene_id	ensembl_gene_id		True	binary	-0.000296	0.3443	-0.1315	0.1185	-0.0001033	0.3443	-0.1312						
2uiygrg8	good-sweep-1754	finished	ElasticNet	ha252ijh	ElasticNet	0.17012542798525893	RBPSEDataset	900	100	0.75	HepG2	rbpse	mean_squared_error	1024	True	['target_psi']	platiglab	40	['fancy_scatter', 'cumul_resid_dist', ['wandb_faux_pr_curve', {'thresh': 0.5}], ['wandb_faux_roc_curve', {'thresh': 0.5}]]	yogi-RBP-ML-linear-models-april-2025	17.0	train	['r2_score', 'rmse', 'sigmoid_r2']	False	all	False	False	cross_validation	5.0	5	False	1.0	ensembl_gene_id	ensembl_gene_id		True	binary	-0.0003239	0.3442	-0.1319	0.1185	-0.0001132	0.3443	-0.1312						
o0xp7hrb	misunderstood-sweep-1756	finished	ElasticNet	ha252ijh	ElasticNet	0.49238826317067413	RBPSEDataset	200	100	0.1	HepG2	rbpse	mean_squared_error	1024	True	['target_psi']	platiglab	40	['fancy_scatter', 'cumul_resid_dist', ['wandb_faux_pr_curve', {'thresh': 0.5}], ['wandb_faux_roc_curve', {'thresh': 0.5}]]	yogi-RBP-ML-linear-models-april-2025	17.0	train	['r2_score', 'rmse', 'sigmoid_r2']	False	all	False	False	cross_validation	5.0	5	False	1.0	ensembl_gene_id	ensembl_gene_id		True	binary	-0.00045	0.3441	-0.1326	0.1185	-0.0001579	0.3443	-0.1311						
w4ikg5zk	ethereal-sweep-1762	finished	ElasticNet	ha252ijh	ElasticNet	34.55107294592218	RBPSEDataset	500	100	0.9	HepG2	rbpse	mean_squared_error	1024	True	['target_psi']	platiglab	40	['fancy_scatter', 'cumul_resid_dist', ['wandb_faux_pr_curve', {'thresh': 0.5}], ['wandb_faux_roc_curve', {'thresh': 0.5}]]	yogi-RBP-ML-linear-models-april-2025	17.0	train	['r2_score', 'rmse', 'sigmoid_r2']	False	all	False	False	cross_validation	5.0	5	False	1.0	ensembl_gene_id	ensembl_gene_id		True	binary	-0.0001909	0.3443	-0.1313	0.1185	-6.727e-05	0.3443	-0.1312						
iw765iky	misunderstood-sweep-2	finished	OLS	4c2cwnps	LinearRegression		RBPSEDataset	17	100		HepG2	rbpse	mean_squared_error	1024	True	['target_psi']	platiglab	40	['fancy_scatter', 'cumul_resid_dist', ['wandb_faux_pr_curve', {'thresh': 0.5}], ['wandb_faux_roc_curve', {'thresh': 0.5}]]	yogi-RBP-ML-linear-models-april-2025			['r2_score', 'rmse', 'sigmoid_r2']	False	all	False	False	cross_validation		5	False			ensembl_gene_id		True	binary				0.1012	0.1364	0.3181	-0.08967					-1.0	1.0
zv6sc338	dainty-sweep-1	finished	OLS	4c2cwnps	LinearRegression		RBPSEDataset	17	100		K562	rbpse	mean_squared_error	1024	True	['target_psi']	platiglab	40	['fancy_scatter', 'cumul_resid_dist', ['wandb_faux_pr_curve', {'thresh': 0.5}], ['wandb_faux_roc_curve', {'thresh': 0.5}]]	yogi-RBP-ML-linear-models-april-2025			['r2_score', 'rmse', 'sigmoid_r2']	False	all	False	False	cross_validation		5	False			ensembl_gene_id		True	binary				0.1058	0.05901	0.3252	-0.1359					-1.0	1.0
